# Blender 4.4.0
# www.blender.org
mtllib Meshy_AI_A_Low_Poly_fish_that__0527002632_texture.mtl
o Meshy_AI_A_Low_Poly_fish_that__0527002632_texture
v 0.126639 -0.412162 -0.999850
v 0.027488 -0.414106 -0.997887
v 0.023729 -0.410294 -1.000000
v -0.035601 -0.408246 -0.991361
v 0.234954 -0.404568 -0.985463
v 0.205513 -0.412970 -0.996124
v 0.014373 -0.390387 -0.964571
v -0.102704 -0.408300 -0.991460
v -0.114599 -0.412715 -0.992667
v -0.035373 -0.414050 -0.989634
v 0.243014 -0.414856 -0.989575
v 0.235082 -0.411127 -0.993702
v -0.172162 -0.408288 -0.986283
v -0.143948 -0.414542 -0.989741
v -0.175993 -0.413462 -0.985294
v 0.266964 -0.413330 -0.984071
v 0.297437 -0.414914 -0.968889
v 0.284259 -0.408429 -0.975058
v -0.164548 -0.380130 -0.944379
v -0.212589 -0.409975 -0.961791
v -0.260190 -0.404075 -0.932536
v 0.064448 -0.391956 -0.913350
v 0.389108 -0.408440 -0.941175
v 0.013335 -0.398925 -0.917162
v -0.188956 -0.380825 -0.938216
v -0.246787 -0.413923 -0.939757
v -0.044272 -0.410076 -0.912584
v -0.247016 -0.409829 -0.942433
v -0.019277 -0.349455 -0.881431
v 0.447173 -0.414338 -0.923179
v 0.215185 -0.398980 -0.904794
v -0.254648 -0.409175 -0.935350
v 0.235373 -0.381875 -0.931347
v -0.268705 -0.409812 -0.933751
v 0.430572 -0.412244 -0.931268
v 0.443214 -0.408341 -0.925811
v -0.197423 -0.363609 -0.902206
v -0.322687 -0.413888 -0.906805
v -0.326456 -0.404059 -0.906967
v 0.252287 -0.407543 -0.916687
v -0.164510 -0.350347 -0.881519
v -0.330668 -0.409102 -0.907312
v 0.465533 -0.408054 -0.908799
v 0.502754 -0.400263 -0.808899
v -0.272768 -0.366350 -0.868718
v -0.298019 -0.414883 -0.870891
v -0.371542 -0.409995 -0.899889
v -0.364089 -0.404501 -0.899776
v 0.148088 -0.363808 -0.830206
v -0.376616 -0.414188 -0.894021
v 0.440088 -0.406848 -0.883591
v 0.488295 -0.413757 -0.882031
v -0.347533 -0.381646 -0.876571
v -0.404949 -0.409672 -0.882424
v 0.494688 -0.408692 -0.876728
v -0.052557 -0.406160 -0.887953
v 0.064567 -0.341237 -0.784141
v 0.533802 -0.412419 -0.827410
v 0.398483 -0.390478 -0.804031
v 0.388463 -0.332133 -0.781094
v -0.430457 -0.411220 -0.868474
v 0.030492 -0.361085 -0.825714
v -0.102667 -0.383931 -0.809094
v -0.418111 -0.379870 -0.839330
v -0.028043 -0.390055 -0.846393
v -0.177772 -0.406436 -0.854603
v -0.577663 -0.414846 -0.724581
v -0.538681 -0.407397 -0.805229
v 0.269427 -0.385691 -0.838740
v 0.009862 -0.331352 -0.823190
v -0.106074 -0.318942 -0.806854
v -0.467934 -0.413160 -0.847455
v -0.368552 -0.365891 -0.835564
v 0.244144 -0.362004 -0.810183
v 0.305918 -0.325723 -0.797523
v -0.277709 -0.401316 -0.804987
v 0.629839 -0.404419 -0.730780
v -0.285318 -0.350570 -0.827398
v -0.526132 -0.412885 -0.814204
v 0.607230 -0.410458 -0.742017
v -0.015867 -0.376670 -0.813297
v 0.252419 -0.325599 -0.793695
v 0.515486 -0.386837 -0.759328
v -0.218649 -0.334072 -0.786163
v -0.559427 -0.371253 -0.747379
v -0.572006 -0.412818 -0.781276
v -0.148902 -0.375882 -0.754864
v 0.313182 -0.365950 -0.793716
v -0.418627 -0.331470 -0.706645
v 0.000691 -0.356660 -0.789419
v 0.346849 -0.317071 -0.778101
v -0.043932 -0.296747 -0.719002
v 0.377985 -0.376129 -0.780781
v 0.297738 -0.317721 -0.792306
v 0.260860 -0.348345 -0.790330
v 0.363511 -0.312800 -0.764373
v -0.543288 -0.362334 -0.743434
v 0.302511 -0.333930 -0.772808
v 0.177012 -0.339118 -0.767326
v 0.071866 -0.309914 -0.731383
v -0.240148 -0.385105 -0.758904
v -0.036185 -0.358927 -0.763360
v 0.013018 -0.338887 -0.758966
v 0.218139 -0.333880 -0.754941
v 0.367572 -0.272390 -0.709895
v -0.621009 -0.407379 -0.740269
v 0.341534 -0.341136 -0.756416
v 0.234898 -0.322819 -0.738235
v -0.023321 -0.298285 -0.718592
v 0.496968 -0.338971 -0.717252
v -0.130798 -0.305824 -0.718754
v -0.625750 -0.412962 -0.736278
v 0.448725 -0.338387 -0.710317
v 0.328318 -0.317928 -0.742574
v 0.383462 -0.300576 -0.719230
v -0.523843 -0.406315 -0.704554
v 0.322543 -0.315613 -0.727989
v 0.059610 -0.311153 -0.743822
v -0.303035 -0.367216 -0.671589
v 0.332973 -0.312915 -0.733098
v -0.539339 -0.350180 -0.718861
v -0.012291 -0.333022 -0.715738
v 0.335944 -0.314842 -0.741642
v 0.345957 -0.309437 -0.744969
v 0.325977 -0.309639 -0.744515
v 0.336025 -0.305738 -0.741676
v 0.211663 -0.286553 -0.677224
v -0.169188 -0.358964 -0.696513
v 0.040338 -0.299518 -0.705110
v 0.052933 -0.312428 -0.722226
v 0.077486 -0.323572 -0.725524
v 0.324749 -0.306824 -0.736151
v 0.164830 -0.308109 -0.702896
v 0.338105 -0.310436 -0.736119
v 0.343686 -0.310692 -0.732823
v 0.331483 -0.304937 -0.735451
v -0.646766 -0.375929 -0.680119
v -0.065832 -0.337974 -0.688940
v 0.004105 -0.327986 -0.726562
v 0.285265 -0.302821 -0.693076
v -0.159839 -0.304403 -0.689782
v 0.033522 -0.279564 -0.698787
v 0.664283 -0.412688 -0.714342
v -0.613672 -0.367648 -0.697901
v 0.334887 -0.315098 -0.728289
v 0.399772 -0.288127 -0.688697
v -0.651342 -0.412916 -0.714095
v 0.164197 -0.321532 -0.696117
v -0.414733 -0.307386 -0.618683
v 0.498850 -0.349984 -0.710238
v 0.348032 -0.312526 -0.713727
v 0.257016 -0.274400 -0.676704
v 0.661506 -0.406231 -0.697042
v 0.688327 -0.409321 -0.708251
v -0.398710 -0.378115 -0.658923
v -0.029323 -0.313405 -0.696804
v 0.697197 -0.412859 -0.705628
v -0.173518 -0.352328 -0.681438
v 0.213617 -0.305606 -0.679903
v 0.369012 -0.303636 -0.700026
v -0.669938 -0.414815 -0.637509
v 0.402376 -0.278483 -0.656402
v 0.019868 -0.278840 -0.680753
v 0.654926 -0.366949 -0.660415
v 0.086583 -0.308465 -0.608324
v 0.725588 -0.412422 -0.695245
v 0.734339 -0.414562 -0.685764
v 0.657953 -0.381791 -0.659007
v 0.734403 -0.404963 -0.681441
v -0.622295 -0.354861 -0.652325
v 0.467633 -0.243520 -0.634229
v -0.038638 -0.246721 -0.664326
v 0.009214 -0.248156 -0.672307
v -0.692056 -0.412786 -0.682133
v -0.218112 -0.308807 -0.661383
v 0.280802 -0.278620 -0.655986
v 0.132257 -0.295146 -0.611132
v -0.014255 -0.238139 -0.653851
v 0.366738 -0.288183 -0.686274
v 0.369798 -0.282709 -0.685635
v 0.232402 -0.271905 -0.660134
v 0.368915 -0.246234 -0.663897
v -0.522571 -0.322532 -0.643885
v 0.006042 -0.266377 -0.667825
v -0.063372 -0.275682 -0.674078
v -0.494589 -0.375904 -0.634462
v -0.599343 -0.398657 -0.634673
v 0.083870 -0.295679 -0.619517
v 0.376587 -0.265101 -0.651971
v 0.378563 -0.270337 -0.663753
v -0.708892 -0.407602 -0.668946
v -0.440126 -0.310478 -0.631325
v -0.041783 -0.288859 -0.678551
v 0.400752 -0.266562 -0.664108
v 0.750126 -0.404941 -0.656346
v -0.244660 -0.343786 -0.608872
v -0.145360 -0.304292 -0.626294
v -0.095385 -0.304103 -0.640951
v -0.054480 -0.308704 -0.668488
v 0.608658 -0.304080 -0.614113
v -0.018793 -0.270024 -0.664371
v -0.743360 -0.413971 -0.644122
v 0.633105 -0.364232 -0.651524
v 0.139253 -0.312960 -0.633224
v -0.054920 -0.277408 -0.651792
v -0.179895 -0.287952 -0.648069
v -0.048168 -0.270446 -0.662878
v -0.040405 -0.265361 -0.663895
v 0.202827 -0.271477 -0.631156
v 0.238480 -0.281198 -0.647540
v 0.249316 -0.238036 -0.626190
v 0.004378 -0.236422 -0.647927
v 0.757701 -0.410272 -0.651423
v 0.393643 -0.187162 -0.583198
v -0.028334 -0.261327 -0.650599
v -0.734642 -0.379577 -0.618133
v -0.564073 -0.333125 -0.639057
v -0.161547 -0.323848 -0.647322
v 0.422523 -0.225395 -0.628393
v 0.377412 -0.202641 -0.613292
v -0.749430 -0.410873 -0.642138
v 0.671766 -0.371699 -0.644205
v -0.361126 -0.355448 -0.621897
v 0.796587 -0.412590 -0.589040
v -0.659515 -0.360927 -0.639568
v -0.117070 -0.240318 -0.618415
v -0.044556 -0.182949 -0.584634
v 0.749527 -0.403418 -0.591866
v -0.083232 -0.284582 -0.642296
v 0.465723 -0.236288 -0.611179
v 0.525150 -0.249634 -0.605812
v -0.203902 -0.332471 -0.608808
v -0.622077 -0.340902 -0.626672
v -0.091356 -0.296577 -0.638815
v -0.108494 -0.279911 -0.630454
v -0.766944 -0.412769 -0.619212
v -0.523662 -0.361943 -0.608155
v 0.512981 -0.257419 -0.601699
v -0.235847 -0.303916 -0.589601
v 0.012501 -0.208663 -0.593837
v 0.057624 -0.262240 -0.594046
v -0.419103 -0.349547 -0.599407
v -0.514680 -0.288324 -0.604523
v 0.112334 -0.293681 -0.590401
v 0.196152 -0.289301 -0.626106
v -0.620728 -0.355916 -0.627988
v -0.610513 -0.360019 -0.626692
v -0.610450 -0.354612 -0.628619
v -0.606225 -0.356999 -0.627251
v -0.485950 -0.279491 -0.593646
v -0.104111 -0.246186 -0.610193
v 0.364087 -0.224726 -0.609873
v -0.042794 -0.190505 -0.572258
v -0.080166 -0.195636 -0.590587
v -0.486203 -0.361850 -0.614037
v -0.620128 -0.361627 -0.621286
v -0.604570 -0.354957 -0.621401
v -0.610077 -0.349937 -0.621324
v -0.248067 -0.334884 -0.589608
v 0.126361 -0.311056 -0.591252
v 0.166607 -0.288233 -0.583809
v 0.212825 -0.235189 -0.593650
v -0.599962 -0.382525 -0.614657
v -0.582880 -0.368048 -0.613073
v -0.543597 -0.350322 -0.600374
v -0.632051 -0.363493 -0.593693
v -0.734765 -0.350394 -0.572865
v -0.659481 -0.340044 -0.585270
v -0.604963 -0.316628 -0.605577
v -0.436173 -0.292397 -0.597388
v -0.205588 -0.298868 -0.581452
v -0.138691 -0.282947 -0.604903
v 0.166325 -0.276091 -0.594108
v 0.012004 -0.220154 -0.588125
v 0.003569 -0.214103 -0.588133
v 0.483937 -0.210394 -0.601007
v -0.781672 -0.417149 -0.549267
v -0.642279 -0.357550 -0.604449
v -0.593740 -0.353057 -0.615286
v -0.585123 -0.346718 -0.614041
v -0.352484 -0.283908 -0.592009
v -0.121331 -0.266839 -0.615000
v 0.254485 -0.177834 -0.548179
v -0.649841 -0.399785 -0.596611
v -0.716018 -0.408931 -0.570974
v -0.621193 -0.384927 -0.601491
v -0.762801 -0.367413 -0.572776
v -0.635323 -0.353732 -0.610382
v -0.611641 -0.364833 -0.600481
v -0.628635 -0.349541 -0.594087
v -0.410775 -0.338339 -0.592555
v -0.207507 -0.326007 -0.580272
v 0.241005 -0.216960 -0.601368
v 0.286972 -0.156346 -0.555221
v -0.609627 -0.368576 -0.598685
v -0.639852 -0.353693 -0.605679
v -0.599505 -0.328690 -0.601665
v 0.583693 -0.252425 -0.565714
v 0.600192 -0.271384 -0.580854
v 0.108112 -0.287606 -0.589732
v -0.120367 -0.210693 -0.552254
v -0.047867 -0.195079 -0.579354
v -0.658062 -0.355691 -0.594684
v -0.510815 -0.337639 -0.590658
v -0.627057 -0.343525 -0.588210
v -0.522271 -0.295650 -0.582125
v -0.079836 -0.208019 -0.580673
v 0.432323 -0.193309 -0.581380
v 0.465724 -0.199370 -0.578853
v 0.460195 -0.170922 -0.572820
v -0.618585 -0.364222 -0.591561
v -0.644631 -0.363063 -0.583835
v -0.692977 -0.331841 -0.543802
v -0.149086 -0.282593 -0.579948
v 0.592078 -0.277375 -0.562680
v -0.285744 -0.287252 -0.583814
v 0.132820 -0.291373 -0.577943
v -0.515262 -0.267330 -0.587659
v 0.212143 -0.252418 -0.592781
v 0.538516 -0.233819 -0.560665
v 0.555383 -0.244623 -0.565092
v -0.622782 -0.364194 -0.580105
v -0.637487 -0.359841 -0.582903
v -0.632272 -0.355458 -0.588562
v -0.622718 -0.358351 -0.585452
v -0.638158 -0.352175 -0.581967
v -0.652723 -0.352179 -0.591182
v -0.625372 -0.334177 -0.576226
v -0.240585 -0.295761 -0.580005
v -0.298625 -0.278585 -0.583962
v -0.351484 -0.270245 -0.584815
v -0.166628 -0.271578 -0.577526
v -0.071473 -0.171550 -0.579982
v 0.400245 -0.128984 -0.556087
v -0.803976 -0.403849 -0.556125
v -0.804094 -0.412986 -0.560108
v -0.656510 -0.360653 -0.586885
v -0.666416 -0.353445 -0.589291
v -0.654162 -0.355544 -0.583390
v -0.656687 -0.352110 -0.586885
v 0.658949 -0.340600 -0.566662
v 0.700020 -0.376749 -0.579585
v -0.490513 -0.283767 -0.574464
v -0.473795 -0.301216 -0.585514
v -0.419031 -0.317321 -0.589358
v 0.118687 -0.305660 -0.554230
v -0.580516 -0.266189 -0.573353
v -0.398405 -0.245437 -0.551330
v -0.109113 -0.223876 -0.563535
v -0.065538 -0.163577 -0.571513
v 0.828686 -0.411273 -0.547419
v -0.670224 -0.359006 -0.586121
v -0.679926 -0.355655 -0.581618
v -0.682325 -0.360232 -0.575320
v -0.666213 -0.353597 -0.571785
v -0.654706 -0.354146 -0.575958
v -0.514699 -0.321907 -0.584795
v -0.335694 -0.283462 -0.571365
v -0.653350 -0.292828 -0.527633
v -0.523719 -0.262195 -0.557631
v 0.046731 -0.257711 -0.566596
v 0.533451 -0.249182 -0.562980
v 0.466723 -0.170025 -0.542882
v 0.399024 -0.141113 -0.548198
v 0.462536 -0.142527 -0.535101
v 0.361998 -0.063468 -0.509803
v 0.385552 -0.141576 -0.568627
v -0.683299 -0.393780 -0.559349
v 0.767504 -0.368658 -0.494218
v -0.663436 -0.358919 -0.574137
v -0.633128 -0.343466 -0.579970
v 0.685273 -0.346459 -0.569554
v -0.192371 -0.287851 -0.572248
v 0.117387 -0.286994 -0.536396
v 0.249444 -0.170807 -0.556028
v -0.665091 -0.363406 -0.554871
v -0.636244 -0.363051 -0.571366
v -0.686349 -0.355683 -0.578215
v -0.633736 -0.352189 -0.577608
v -0.682077 -0.352222 -0.574904
v -0.628005 -0.352498 -0.573066
v -0.234872 -0.308424 -0.568832
v -0.572684 -0.152908 -0.513379
v -0.697797 -0.355790 -0.571808
v -0.685312 -0.360574 -0.569212
v -0.680019 -0.355423 -0.566818
v -0.669017 -0.356823 -0.569992
v -0.754889 -0.351135 -0.544304
v -0.685615 -0.352099 -0.569680
v -0.643822 -0.341098 -0.572444
v -0.579300 -0.270675 -0.559566
v -0.227603 -0.258137 -0.550409
v -0.159289 -0.247120 -0.547051
v 0.079462 -0.269086 -0.524379
v 0.167156 -0.258825 -0.536953
v -0.071193 -0.171309 -0.554874
v -0.676623 -0.382040 -0.547100
v -0.634896 -0.367032 -0.568854
v -0.665209 -0.360451 -0.567123
v -0.688495 -0.355391 -0.562588
v -0.198849 -0.308586 -0.555735
v -0.381867 -0.279211 -0.560220
v -0.149455 -0.241389 -0.514354
v -0.000296 -0.183706 -0.532625
v -0.064646 -0.146773 -0.539865
v -0.665135 -0.355050 -0.559226
v 0.639397 -0.315963 -0.545276
v 0.074483 -0.282954 -0.528370
v -0.357466 -0.270475 -0.561213
v -0.228196 -0.195648 -0.502370
v -0.440482 -0.187355 -0.511132
v -0.592247 -0.207070 -0.535068
v 0.506434 -0.183628 -0.532068
v -0.064702 -0.169078 -0.556004
v 0.847266 -0.415052 -0.515190
v -0.166998 -0.275155 -0.534434
v -0.564997 -0.266310 -0.551809
v -0.327376 -0.228650 -0.525023
v -0.298852 -0.199922 -0.517542
v -0.016433 -0.183912 -0.529402
v -0.669728 -0.342078 -0.546806
v 0.660540 -0.321463 -0.519996
v -0.385971 -0.245520 -0.529863
v 0.178473 -0.264616 -0.533361
v 0.398294 -0.049049 -0.509581
v -0.809486 -0.415014 -0.540711
v -0.666079 -0.365824 -0.542767
v -0.663678 -0.327110 -0.533657
v -0.502927 -0.144247 -0.496070
v 0.390278 -0.072760 -0.501861
v -0.671288 -0.348741 -0.541713
v 0.547532 -0.248975 -0.503917
v -0.562105 -0.167681 -0.493765
v -0.599368 -0.236765 -0.526826
v 0.526741 -0.224710 -0.491397
v -0.104222 -0.177903 -0.514429
v 0.496685 -0.194582 -0.529133
v 0.313130 -0.125780 -0.522833
v -0.679264 -0.338429 -0.533739
v 0.094705 -0.289163 -0.520493
v 0.650897 -0.308870 -0.473932
v 0.054673 -0.264771 -0.523725
v -0.049370 -0.140705 -0.511304
v 0.270392 -0.108080 -0.486818
v 0.416305 -0.087056 -0.509505
v -0.821139 -0.411196 -0.526411
v 0.791283 -0.377665 -0.429180
v -0.774535 -0.408535 -0.458191
v -0.829416 -0.380152 -0.476887
v -0.664587 -0.347663 -0.523062
v -0.679375 -0.343981 -0.539551
v -0.596146 -0.243131 -0.513700
v 0.104768 -0.274250 -0.511950
v -0.574904 -0.249617 -0.535574
v -0.536079 -0.203984 -0.520055
v -0.079593 -0.170634 -0.508864
v 0.625133 -0.305012 -0.445323
v -0.688183 -0.344074 -0.535844
v -0.677241 -0.348502 -0.527865
v -0.669582 -0.345475 -0.528284
v -0.670791 -0.335404 -0.531775
v 0.107644 -0.297245 -0.503321
v 0.133764 -0.278657 -0.437978
v -0.323607 -0.174939 -0.506848
v -0.061139 -0.158549 -0.529522
v 0.482751 -0.158195 -0.523661
v -0.683682 -0.368130 -0.445645
v -0.691771 -0.346767 -0.518069
v -0.693843 -0.344149 -0.518883
v -0.686556 -0.339279 -0.528878
v -0.677729 -0.338040 -0.527474
v -0.222293 -0.249997 -0.512658
v -0.166031 -0.264364 -0.522997
v -0.576106 -0.221569 -0.516648
v 0.258592 -0.153259 -0.516922
v -0.675792 -0.370124 -0.512152
v -0.674988 -0.344218 -0.521508
v -0.693037 -0.326731 -0.519351
v -0.671405 -0.309439 -0.494517
v 0.114614 -0.282583 -0.491229
v -0.588224 -0.234396 -0.504975
v -0.234150 -0.237574 -0.511214
v -0.116818 -0.191541 -0.497482
v -0.113912 -0.133279 -0.467066
v 0.239218 -0.157890 -0.483604
v 0.420690 -0.120348 -0.518660
v -0.835405 -0.413357 -0.505332
v -0.680731 -0.344357 -0.516488
v -0.692642 -0.340857 -0.518035
v -0.596658 -0.238844 -0.504097
v -0.645932 -0.287038 -0.473967
v 0.114161 -0.298696 -0.491220
v 0.146035 -0.261810 -0.469146
v 0.174732 -0.246138 -0.462643
v 0.226386 -0.154881 -0.485695
v 0.328816 -0.069009 -0.493343
v -0.661537 -0.325123 -0.515600
v 0.575046 -0.250809 -0.495096
v 0.545090 -0.225299 -0.490695
v -0.547894 -0.132559 -0.492472
v -0.052097 -0.153355 -0.512437
v 0.865855 -0.408774 -0.481069
v -0.771817 -0.345129 -0.477577
v -0.607187 -0.229369 -0.499259
v 0.054392 -0.276550 -0.486466
v -0.369413 -0.115759 -0.462984
v -0.071666 -0.146882 -0.497843
v -0.046223 -0.155265 -0.507361
v 0.442592 -0.107939 -0.483810
v 0.457875 -0.113677 -0.501798
v -0.845536 -0.411712 -0.489578
v -0.647635 -0.330468 -0.485936
v 0.062563 -0.265036 -0.483091
v -0.447736 -0.183227 -0.491162
v -0.722095 -0.322406 -0.477472
v 0.045263 -0.248329 -0.462463
v -0.571298 -0.179667 -0.491997
v -0.597065 -0.162223 -0.487041
v -0.322450 -0.112272 -0.475269
v -0.065271 -0.156387 -0.491985
v 0.512103 -0.170325 -0.457221
v -0.647667 -0.317706 -0.489120
v 0.037642 -0.265304 -0.440906
v -0.078925 -0.161449 -0.492879
v -0.052664 -0.139505 -0.493753
v -0.084587 -0.141864 -0.486749
v 0.326259 -0.083174 -0.479639
v 0.402289 -0.045766 -0.489551
v 0.408369 -0.049116 -0.488690
v -0.593624 -0.246292 -0.465734
v -0.360901 -0.128615 -0.454541
v 0.484437 -0.158522 -0.441310
v -0.038718 -0.183478 -0.447993
v -0.049225 -0.161175 -0.478569
v 0.270671 -0.124056 -0.481398
v 0.397956 -0.060876 -0.480189
v 0.388550 -0.066556 -0.492085
v 0.375860 -0.071059 -0.482944
v 0.319886 -0.067323 -0.477542
v 0.370222 -0.055354 -0.481654
v -0.865269 -0.417338 -0.395085
v 0.101724 -0.284232 -0.457488
v -0.239428 -0.099384 -0.452659
v 0.436287 -0.067152 -0.464733
v 0.180913 -0.207801 -0.446965
v -0.122248 -0.116179 -0.431405
v -0.226593 -0.158553 -0.465599
v -0.570159 -0.143061 -0.482959
v 0.292086 -0.088819 -0.458947
v -0.712491 -0.377022 -0.416775
v -0.638909 -0.329345 -0.452822
v -0.619458 -0.287519 -0.456835
v -0.564107 -0.160243 -0.479026
v -0.547011 -0.136786 -0.467301
v -0.069403 -0.137158 -0.471647
v 0.257618 -0.107737 -0.480725
v 0.270437 -0.091928 -0.479789
v 0.332135 -0.063430 -0.469105
v 0.914161 -0.414921 -0.386624
v 0.109580 -0.297678 -0.437694
v -0.618639 -0.262935 -0.453661
v 0.123888 -0.270807 -0.469295
v -0.032717 -0.162057 -0.474005
v -0.009103 -0.195775 -0.452700
v -0.053736 -0.150573 -0.474277
v -0.140207 -0.087668 -0.434281
v -0.113224 -0.086075 -0.439066
v -0.088407 -0.079009 -0.446001
v 0.425492 -0.075350 -0.457509
v -0.636114 -0.321150 -0.462087
v 0.573904 -0.251628 -0.436808
v 0.546065 -0.224997 -0.448897
v -0.201691 -0.162793 -0.461121
v -0.314889 -0.104095 -0.455236
v -0.078755 -0.120161 -0.458293
v -0.544983 -0.113519 -0.468651
v 0.401960 -0.072205 -0.452726
v 0.413686 -0.020381 -0.461714
v 0.621041 -0.285886 -0.415781
v 0.559035 -0.255193 -0.432794
v -0.582024 -0.166690 -0.445154
v -0.033807 -0.128013 -0.461040
v 0.283324 -0.099132 -0.467108
v 0.472980 -0.120965 -0.448949
v -0.351409 -0.104164 -0.450751
v 0.334626 -0.083606 -0.461537
v 0.397784 -0.058553 -0.474049
v 0.398461 -0.061777 -0.468366
v 0.341241 -0.053111 -0.460146
v 0.428199 -0.036813 -0.468496
v 0.407226 -0.020851 -0.461545
v 0.107652 -0.283146 -0.461650
v 0.049697 -0.271888 -0.429952
v -0.569787 -0.175328 -0.428422
v -0.047011 -0.156030 -0.456749
v -0.049320 -0.133989 -0.465934
v -0.054796 -0.125053 -0.464823
v 0.222838 -0.153785 -0.451643
v -0.046729 -0.107747 -0.467799
v -0.518434 -0.068891 -0.446394
v -0.053553 -0.078928 -0.451550
v 0.269747 -0.079475 -0.430913
v 0.437153 -0.057016 -0.453701
v -0.871578 -0.413466 -0.443627
v 0.645657 -0.314478 -0.432979
v -0.026387 -0.171382 -0.448357
v -0.115286 -0.122331 -0.439198
v 0.261697 -0.116239 -0.437997
v 0.368187 -0.074406 -0.461647
v 0.286719 -0.068721 -0.456689
v -0.870563 -0.403937 -0.441659
v -0.635364 -0.316446 -0.457719
v 0.108601 -0.278028 -0.435164
v 0.530675 -0.224539 -0.445874
v -0.028388 -0.200031 -0.445695
v -0.033121 -0.157032 -0.445133
v -0.043879 -0.139240 -0.458043
v -0.418717 -0.099416 -0.438309
v -0.533887 -0.112794 -0.451491
v -0.477213 -0.091083 -0.440315
v -0.061135 -0.113880 -0.453297
v -0.051331 -0.075771 -0.440419
v 0.324308 -0.063745 -0.452590
v 0.420473 -0.029572 -0.446356
v 0.932924 -0.408178 -0.348545
v -0.638015 -0.270682 -0.410909
v -0.603878 -0.266553 -0.437264
v 0.071393 -0.265809 -0.430592
v 0.174829 -0.171375 -0.425602
v -0.045087 -0.144096 -0.452097
v -0.049259 -0.122478 -0.448219
v -0.190953 -0.003326 -0.401244
v 0.288026 -0.082306 -0.429601
v -0.333836 -0.028880 -0.401002
v -0.305921 -0.012169 -0.414826
v 0.344729 -0.050956 -0.444948
v 0.101383 -0.282780 -0.440175
v -0.612248 -0.254087 -0.444436
v 0.036773 -0.249399 -0.444844
v -0.051612 -0.162384 -0.439026
v -0.053883 -0.155229 -0.443070
v 0.451694 -0.115413 -0.436741
v -0.055329 -0.117647 -0.447352
v -0.498256 -0.046967 -0.410546
v -0.866236 -0.380273 -0.414731
v -0.620078 -0.304916 -0.432250
v -0.619356 -0.292559 -0.428197
v 0.011176 -0.241070 -0.437905
v 0.007391 -0.216673 -0.443741
v 0.166186 -0.244181 -0.438707
v -0.070779 -0.136180 -0.434429
v -0.054751 -0.131461 -0.438232
v -0.352920 -0.099605 -0.429694
v -0.072830 -0.121944 -0.438715
v -0.277334 -0.033467 -0.405537
v -0.532318 -0.053971 -0.415202
v -0.069723 -0.065676 -0.440008
v 0.287085 -0.067673 -0.435567
v 0.438230 -0.078792 -0.429170
v 0.414275 -0.029861 -0.438493
v -0.655577 -0.344616 -0.424998
v -0.097657 -0.119605 -0.436598
v -0.523932 -0.076153 -0.411636
v -0.325276 -0.039698 -0.397775
v -0.227643 -0.054494 -0.421614
v 0.416630 -0.074613 -0.431448
v -0.081960 -0.063722 -0.436101
v -0.079973 -0.129789 -0.433814
v -0.517034 -0.070371 -0.421069
v -0.118333 -0.089200 -0.423546
v -0.519132 -0.053007 -0.430431
v -0.219875 -0.028462 -0.423938
v -0.730477 -0.311478 -0.403160
v 0.587957 -0.278794 -0.424359
v 0.103289 -0.275448 -0.425735
v -0.066421 -0.140530 -0.431506
v -0.096844 -0.121294 -0.428757
v 0.331744 -0.074572 -0.407259
v -0.046115 -0.083209 -0.415948
v 0.314569 -0.047369 -0.406939
v 0.397441 -0.059586 -0.397790
v 0.413685 -0.045750 -0.418374
v -0.893388 -0.410709 -0.406033
v 0.083386 -0.269891 -0.425951
v 0.109631 -0.278971 -0.413048
v 0.051113 -0.186362 -0.391937
v -0.050425 -0.137508 -0.422981
v -0.120834 -0.105747 -0.421798
v -0.308112 -0.028935 -0.404180
v -0.377025 -0.015955 -0.375861
v -0.629972 -0.304514 -0.392350
v 0.629372 -0.304532 -0.374354
v -0.612392 -0.270883 -0.412896
v 0.221166 -0.108503 -0.397014
v 0.524555 -0.188388 -0.345407
v 0.224443 -0.087231 -0.405664
v -0.456276 -0.070420 -0.414382
v -0.049057 -0.083922 -0.400231
v -0.168967 -0.037576 -0.405426
v -0.789059 -0.317765 -0.319612
v 0.074098 -0.273837 -0.415202
v 0.129610 -0.191424 -0.396819
v -0.595055 -0.203159 -0.407464
v -0.112556 -0.115775 -0.416508
v 0.302893 -0.069681 -0.392814
v -0.105839 -0.080684 -0.398677
v -0.522707 -0.048401 -0.419456
v 0.376722 -0.051503 -0.408381
v -0.244578 0.058811 -0.379090
v 0.915365 -0.412395 -0.389259
v 0.075447 -0.187408 -0.377114
v 0.107956 -0.228916 -0.396436
v -0.056027 -0.119927 -0.408498
v 0.275516 -0.085489 -0.413308
v -0.474021 -0.056505 -0.396847
v 0.287809 -0.025249 -0.376105
v 0.359987 -0.047992 -0.403590
v -0.863448 -0.355030 -0.352495
v -0.670279 -0.280758 -0.369874
v 0.063312 -0.202173 -0.400348
v -0.119927 -0.092958 -0.395910
v -0.112776 -0.118159 -0.382062
v 0.199846 -0.095197 -0.400524
v -0.184178 -0.054298 -0.408883
v -0.517163 -0.058422 -0.396018
v -0.133440 -0.068261 -0.401573
v 0.418561 -0.074995 -0.401350
v 0.049397 -0.204114 -0.386734
v 0.509221 -0.190970 -0.353277
v -0.035155 -0.099490 -0.393931
v 0.242366 -0.075098 -0.385077
v 0.403117 -0.077642 -0.410194
v -0.522975 -0.073575 -0.386840
v -0.239495 0.004157 -0.391371
v -0.571046 -0.187907 -0.391129
v 0.008103 -0.116785 -0.368229
v -0.519219 -0.082927 -0.400729
v -0.533084 -0.103948 -0.390685
v -0.517812 -0.045797 -0.361941
v -0.209775 -0.031055 -0.406602
v 0.775953 -0.345620 -0.344795
v 0.098249 -0.228076 -0.378027
v -0.649799 -0.259046 -0.351963
v 0.030674 -0.145181 -0.351339
v -0.029580 -0.122689 -0.386628
v -0.166844 -0.045772 -0.381051
v -0.112963 -0.077098 -0.390653
v -0.373949 -0.012312 -0.359788
v 0.256565 -0.041352 -0.386564
v 0.404604 -0.073762 -0.380595
v -0.329953 0.042603 -0.361617
v -0.302002 0.063246 -0.370599
v -0.925177 -0.413203 -0.340274
v -0.676233 -0.331395 -0.363574
v 0.591347 -0.255082 -0.307585
v 0.025450 -0.132507 -0.363701
v -0.034681 -0.120220 -0.385897
v -0.525560 -0.096790 -0.378166
v 0.419807 -0.108547 -0.372362
v -0.508957 -0.083289 -0.392153
v -0.500294 -0.086146 -0.381742
v 0.263436 -0.074340 -0.397832
v 0.354642 -0.093112 -0.360895
v -0.129912 -0.050204 -0.380803
v 0.408959 -0.097835 -0.359737
v -0.407163 -0.016223 -0.359451
v -0.480197 -0.040623 -0.374260
v -0.438484 -0.017976 -0.372545
v -0.227653 0.041752 -0.383273
v 0.125171 -0.190832 -0.360784
v 0.172988 -0.086828 -0.363931
v -0.065049 -0.131802 -0.373444
v 0.442276 -0.105241 -0.366416
v -0.492755 -0.070962 -0.384495
v -0.514741 -0.080771 -0.386870
v -0.140514 -0.061834 -0.375422
v 0.294731 -0.057853 -0.392765
v -0.158086 0.030226 -0.347502
v -0.044622 -0.124635 -0.380995
v -0.099268 -0.085849 -0.362994
v -0.504723 -0.074853 -0.385234
v 0.286709 -0.049796 -0.378524
v 0.290032 -0.053839 -0.388410
v -0.428804 -0.024458 -0.363387
v -0.366277 0.012768 -0.346237
v 0.367233 -0.053290 -0.375391
v -0.192305 -0.003935 -0.374668
v 0.316481 -0.054970 -0.357015
v -0.299293 0.061963 -0.357592
v -0.638946 -0.304509 -0.376773
v -0.704979 -0.304009 -0.361388
v 0.150408 -0.111933 -0.348628
v 0.444988 -0.130068 -0.343469
v 0.212496 -0.071445 -0.372931
v -0.032318 -0.097653 -0.366464
v 0.341521 -0.082607 -0.374938
v -0.496339 -0.066591 -0.377793
v -0.458422 -0.043890 -0.379246
v -0.470786 -0.054567 -0.369749
v -0.147006 -0.000436 -0.355834
v -0.248263 0.113702 -0.355666
v -0.692459 -0.345542 -0.354102
v 0.114592 -0.162194 -0.353146
v -0.031615 -0.132188 -0.372182
v -0.109195 -0.132340 -0.340110
v -0.522944 -0.077735 -0.349757
v 0.311471 -0.069590 -0.374064
v -0.482289 -0.056584 -0.364672
v -0.532530 -0.062208 -0.378810
v -0.525231 -0.053102 -0.332411
v 0.006402 -0.132662 -0.363529
v -0.557436 -0.112000 -0.357056
v -0.484433 -0.071818 -0.353133
v 0.208713 0.029613 -0.344233
v 0.328659 -0.090613 -0.343078
v -0.512460 -0.057770 -0.346697
v 0.375118 -0.078685 -0.354990
v -0.401470 -0.000430 -0.361021
v 0.283591 0.013402 -0.359021
v -0.297633 0.142039 -0.345190
v -0.194593 0.108442 -0.362485
v -0.754526 -0.369504 -0.308013
v 0.563190 -0.246589 -0.315651
v -0.574378 -0.136926 -0.327444
v -0.540484 -0.108052 -0.349570
v -0.117339 -0.079495 -0.354022
v -0.485233 -0.065873 -0.364822
v 0.236074 0.042439 -0.350717
v -0.354909 0.034333 -0.354350
v -0.251970 0.054132 -0.363236
v -0.182558 0.112464 -0.351638
v -0.925972 -0.407444 -0.335443
v -0.658225 -0.291826 -0.350753
v 0.499976 -0.171860 -0.316733
v -0.006172 -0.129482 -0.365622
v 0.341160 -0.074058 -0.366997
v -0.491105 -0.082936 -0.353320
v -0.514091 -0.081545 -0.361955
v 0.327200 -0.076290 -0.364779
v -0.509242 -0.074039 -0.362420
v 0.282940 -0.041340 -0.365732
v 0.362695 -0.062396 -0.355473
v 0.278103 -0.029090 -0.361052
v -0.372230 0.017601 -0.355098
v -0.870361 -0.410336 -0.257687
v -0.692385 -0.335077 -0.349027
v 0.659001 -0.305141 -0.295113
v 0.043238 -0.127372 -0.342200
v -0.003569 -0.092207 -0.343265
v 0.339853 -0.075654 -0.359728
v -0.141669 -0.071878 -0.299087
v -0.504100 -0.064075 -0.347814
v -0.487743 -0.065510 -0.353363
v -0.536029 -0.066618 -0.344433
v 0.321313 -0.058069 -0.357790
v 0.896917 -0.384591 -0.294649
v -0.617559 -0.207825 -0.299997
v 0.032145 -0.136942 -0.338888
v 0.450955 -0.122063 -0.334499
v 0.001532 -0.127757 -0.348631
v -0.120868 -0.104260 -0.352719
v 0.394401 -0.140898 -0.321860
v -0.099309 -0.111445 -0.295813
v -0.516884 -0.066320 -0.344002
v -0.483259 -0.056855 -0.354580
v -0.478748 -0.054478 -0.337007
v -0.167335 0.004043 -0.347001
v -0.212710 0.082032 -0.341845
v -0.247924 0.083237 -0.348578
v -0.342080 0.105515 -0.345886
v -0.711336 -0.350060 -0.338796
v 0.128298 -0.088643 -0.316876
v 0.010863 -0.129235 -0.341327
v 0.020624 -0.107679 -0.326292
v 0.141943 -0.083402 -0.297579
v 0.350511 -0.117942 -0.327527
v -0.506513 -0.078470 -0.354556
v 0.341657 -0.070197 -0.337784
v 0.331331 -0.063133 -0.345682
v -0.412376 -0.011607 -0.351036
v -0.446367 -0.012189 -0.324579
v -0.187524 0.050038 -0.341788
v 0.267177 0.054337 -0.340041
v -0.169867 0.104588 -0.336116
v -0.199529 0.127824 -0.343115
v -0.920839 -0.380264 -0.298377
v -0.896294 -0.366836 -0.323267
v 0.761642 -0.347609 -0.224523
v 0.658134 -0.319194 -0.265854
v 0.122048 -0.128234 -0.315572
v -0.052606 -0.143910 -0.318694
v -0.556160 -0.091083 -0.332171
v -0.503716 -0.064392 -0.333289
v -0.503570 -0.056035 -0.333209
v -0.149972 -0.033577 -0.358464
v 0.337273 -0.066408 -0.335847
v 0.242312 0.021733 -0.339542
v -0.392565 0.029776 -0.335365
v -0.295076 0.091985 -0.347976
v 0.972236 -0.414822 -0.236104
v -0.700624 -0.322891 -0.346365
v -0.696119 -0.310245 -0.343573
v 0.488235 -0.169289 -0.300889
v -0.533332 -0.098377 -0.341072
v 0.363617 -0.108513 -0.318051
v -0.135556 -0.113403 -0.274692
v -0.507891 -0.073048 -0.340057
v -0.522228 -0.070814 -0.340679
v -0.509947 -0.063359 -0.342849
v 0.219033 0.000166 -0.343098
v 0.247884 0.108142 -0.304645
v -0.314040 0.072195 -0.341870
v -0.218059 0.079289 -0.348098
v -0.712862 -0.333305 -0.329982
v -0.719947 -0.327522 -0.332560
v -0.641845 -0.211110 -0.298340
v 0.145957 -0.045298 -0.305506
v -0.492769 -0.086705 -0.278867
v 0.339092 -0.096005 -0.316631
v -0.508315 -0.080277 -0.323876
v -0.514618 -0.068846 -0.336711
v 0.344757 -0.074889 -0.329253
v -0.506390 -0.060118 -0.336916
v 0.171174 -0.028578 -0.313944
v -0.458348 -0.036174 -0.324255
v 0.279520 0.007676 -0.342896
v 0.269925 0.018551 -0.343880
v -0.379726 0.024474 -0.330524
v -0.303676 0.087529 -0.341652
v -0.226266 0.084735 -0.342844
v -0.240061 0.096492 -0.342594
v -0.300454 0.096736 -0.337196
v -0.251986 0.089274 -0.342979
v -0.290320 0.098572 -0.341526
v -0.345751 0.109957 -0.339253
v -0.747676 -0.307569 -0.303033
v -0.570200 -0.141867 -0.294961
v 0.448303 -0.153844 -0.313006
v 0.015823 -0.086795 -0.306202
v 0.207657 -0.012260 -0.328851
v -0.178454 0.079544 -0.300295
v 0.225358 0.008024 -0.337758
v 0.213251 0.000206 -0.327227
v 0.229397 0.020245 -0.333465
v 0.261346 0.038326 -0.333720
v -0.355376 0.055285 -0.329047
v -0.234509 0.096402 -0.336491
v -0.289880 0.096234 -0.326321
v -0.256225 0.088521 -0.331549
v -0.328708 0.135934 -0.328610
v -0.301602 0.157781 -0.331089
v -0.791559 -0.386203 -0.299562
v -0.720024 -0.346028 -0.308138
v 0.475095 -0.171831 -0.310241
v 0.013510 -0.125291 -0.321464
v -0.513842 -0.083185 -0.320226
v -0.528698 -0.076117 -0.333814
v -0.513509 -0.037715 -0.307015
v 0.240571 0.025711 -0.332733
v 0.245841 0.033249 -0.335793
v -0.336933 0.063597 -0.333148
v -0.183489 0.075246 -0.312439
v -0.300332 0.087380 -0.326141
v -0.751736 -0.329358 -0.329164
v -0.752628 -0.322812 -0.324918
v -0.734114 -0.302914 -0.302697
v 0.504221 -0.194629 -0.293463
v 0.565961 -0.234474 -0.294722
v 0.056127 -0.079060 -0.294611
v 0.375343 -0.125066 -0.313593
v -0.533547 -0.081656 -0.312798
v -0.484448 -0.069152 -0.316314
v -0.524670 -0.070810 -0.324698
v -0.487083 -0.064685 -0.324339
v -0.492834 -0.054059 -0.311127
v -0.475180 -0.054401 -0.321074
v -0.128995 -0.044722 -0.257343
v 0.226906 0.007315 -0.326531
v 0.230733 0.013258 -0.315020
v 0.237045 0.031839 -0.330630
v 0.235009 0.036535 -0.326012
v -0.365556 0.051043 -0.320695
v -0.345518 0.059264 -0.327255
v -0.344773 0.053456 -0.322174
v -0.308604 0.071047 -0.294857
v -0.196537 0.079382 -0.321130
v -0.384703 0.054760 -0.282577
v -0.876198 -0.349372 -0.294822
v -0.764110 -0.326584 -0.321982
v -0.756664 -0.327061 -0.332305
v -0.727239 -0.322700 -0.305606
v 0.564426 -0.249380 -0.276991
v -0.680407 -0.269163 -0.304314
v 0.625559 -0.275612 -0.257981
v -0.108675 -0.145512 -0.306259
v -0.105355 -0.107421 -0.295370
v -0.513767 -0.070916 -0.320374
v -0.512068 -0.066369 -0.317119
v -0.515456 -0.059106 -0.325721
v -0.140522 -0.076078 -0.262188
v 0.312866 0.000358 -0.306873
v -0.446085 -0.030387 -0.319049
v 0.213110 -0.010142 -0.322240
v 0.238483 0.005842 -0.321851
v 0.235012 0.014637 -0.309435
v 0.221989 0.030251 -0.326703
v 0.226132 0.036680 -0.326238
v 0.253773 0.045610 -0.322633
v 0.217534 0.088345 -0.276408
v -0.285720 0.088664 -0.321116
v -0.938812 -0.414989 -0.294459
v -0.727347 -0.331363 -0.306117
v -0.630852 -0.219325 -0.295214
v -0.040724 -0.148016 -0.261809
v -0.517211 -0.060497 -0.317227
v -0.498062 -0.066318 -0.315512
v -0.486315 -0.053356 -0.318682
v -0.541746 -0.050253 -0.298229
v 0.301634 -0.004192 -0.303729
v -0.465874 -0.042802 -0.311207
v 0.230607 -0.007784 -0.314840
v 0.253234 0.003568 -0.313217
v 0.246365 0.014758 -0.314737
v -0.396515 0.008728 -0.290347
v 0.247251 0.022595 -0.319265
v 0.221079 0.036642 -0.316682
v 0.230110 0.045610 -0.316183
v 0.244025 0.045007 -0.324981
v 0.248557 0.051543 -0.327997
v 0.237861 0.053533 -0.325690
v 0.258266 0.053039 -0.322314
v 0.248619 0.062491 -0.322194
v -0.943321 -0.411936 -0.293304
v -0.764953 -0.326367 -0.315884
v -0.745394 -0.331291 -0.297260
v 0.525373 -0.191537 -0.299445
v -0.005642 -0.086073 -0.299315
v -0.536610 -0.076495 -0.313520
v 0.201215 -0.007166 -0.312676
v 0.242386 -0.008150 -0.312195
v 0.249677 -0.003524 -0.312374
v 0.250709 0.037595 -0.294564
v 0.262224 0.049509 -0.317279
v -0.367105 0.045999 -0.302209
v 0.229888 0.053662 -0.317104
v 0.263357 0.048284 -0.317328
v 0.254985 0.059451 -0.311129
v -0.166135 0.101044 -0.278466
v -0.184803 0.082114 -0.304681
v -0.228666 0.167392 -0.294159
v -0.745852 -0.323136 -0.296589
v 0.553388 -0.241331 -0.281840
v 0.366727 -0.141085 -0.306791
v -0.013590 -0.132311 -0.279731
v -0.545196 -0.095249 -0.275192
v -0.504320 -0.078837 -0.308544
v -0.534449 -0.068283 -0.299930
v -0.500935 -0.052479 -0.311713
v -0.498309 -0.059845 -0.306276
v -0.490627 -0.045898 -0.311450
v -0.482421 -0.046404 -0.317718
v -0.482155 -0.040813 -0.312302
v -0.438187 -0.038493 -0.289292
v 0.216919 -0.016373 -0.290383
v 0.217897 0.027581 -0.307170
v 0.214380 0.031444 -0.312509
v 0.226564 0.036740 -0.306120
v 0.251947 0.041557 -0.302756
v 0.262699 0.053893 -0.303042
v 0.228494 0.052091 -0.306935
v 0.242359 0.073703 -0.308341
v -0.295321 0.081596 -0.294921
v -0.721205 -0.328440 -0.302723
v -0.580610 -0.128506 -0.295038
v 0.036943 -0.044404 -0.288004
v -0.485864 -0.061427 -0.301796
v 0.317986 -0.028405 -0.270605
v -0.483476 -0.050949 -0.301368
v 0.238026 -0.003924 -0.303871
v 0.243914 0.014313 -0.311425
v 0.272133 0.050333 -0.286493
v 0.239031 0.014947 -0.314946
v 0.230923 0.015800 -0.303776
v 0.238806 0.005794 -0.303110
v 0.246158 0.019032 -0.309313
v 0.254281 0.023907 -0.294128
v 0.215684 0.032480 -0.303569
v 0.234717 0.027349 -0.290634
v 0.233797 0.045020 -0.305946
v 0.232605 0.061889 -0.307200
v 0.249329 0.074207 -0.307571
v -0.737539 -0.327832 -0.294678
v 0.414233 -0.209088 -0.238590
v 0.339978 -0.096203 -0.303107
v -0.047252 -0.104915 -0.261395
v 0.010716 -0.087800 -0.294868
v -0.538991 -0.077229 -0.290357
v -0.506200 -0.049235 -0.298648
v -0.510642 -0.042341 -0.279567
v -0.446463 -0.033001 -0.280269
v 0.201498 -0.004394 -0.302519
v 0.226044 -0.012186 -0.294479
v 0.249600 0.000984 -0.302374
v 0.250030 0.007762 -0.301785
v -0.401810 0.020905 -0.287467
v 0.250003 0.019842 -0.297111
v 0.230906 0.031025 -0.297507
v 0.243895 0.052359 -0.301849
v 0.234017 0.051501 -0.300801
v 0.235662 0.060094 -0.300985
v 0.255949 0.054802 -0.298256
v -0.329583 0.057631 -0.294988
v 0.249306 0.063908 -0.299402
v 0.234817 0.065510 -0.301656
v 0.241407 0.072488 -0.301610
v 0.249606 0.071142 -0.300616
v -0.329072 0.126728 -0.308649
v -0.719772 -0.313303 -0.293859
v -0.101484 -0.152564 -0.293638
v 0.451664 -0.205051 -0.245215
v 0.029037 -0.093830 -0.297519
v -0.544106 -0.098013 -0.271416
v 0.007158 -0.088369 -0.299333
v -0.536765 -0.082262 -0.283217
v -0.504910 -0.082560 -0.278729
v -0.547157 -0.045831 -0.266318
v -0.499159 -0.059167 -0.295465
v 0.188853 0.005380 -0.285213
v 0.163119 0.008332 -0.263720
v 0.145450 -0.028662 -0.289959
v 0.199500 -0.009711 -0.292419
v 0.193199 -0.010044 -0.296856
v 0.255595 0.000022 -0.297463
v 0.258007 0.009997 -0.293535
v 0.232598 0.016017 -0.295313
v 0.250515 0.013789 -0.294108
v 0.247213 0.047981 -0.296566
v 0.248131 0.141531 -0.270260
v 0.878711 -0.382794 -0.211897
v 0.621020 -0.289771 -0.256786
v -0.098093 -0.166929 -0.266191
v -0.485457 -0.063543 -0.291029
v -0.532455 -0.058806 -0.291962
v -0.532754 -0.055751 -0.273557
v -0.505669 -0.052698 -0.290397
v 0.139710 -0.008405 -0.278542
v 0.246535 -0.014316 -0.289339
v 0.256913 0.025696 -0.277856
v 0.233761 0.035728 -0.290502
v -0.353682 0.050929 -0.265919
v 0.265826 0.101806 -0.264914
v -0.947984 -0.412757 -0.276914
v -0.718681 -0.322262 -0.281722
v -0.690223 -0.309167 -0.226633
v 0.439902 -0.214984 -0.250255
v 0.509011 -0.184333 -0.284836
v -0.116001 -0.153572 -0.265969
v 0.051016 -0.039971 -0.273326
v -0.002066 -0.089972 -0.287414
v -0.113237 -0.083180 -0.242744
v -0.529743 -0.070592 -0.280701
v -0.488187 -0.059312 -0.283140
v -0.366312 0.045916 -0.282383
v 0.258598 0.042175 -0.280345
v 0.244211 0.048067 -0.278644
v -0.195442 0.073077 -0.186668
v -0.180597 0.084747 -0.279512
v -0.350451 0.100313 -0.270802
v 0.983974 -0.406175 -0.194793
v -0.726307 -0.350070 -0.282409
v 0.805117 -0.336188 -0.144536
v -0.718556 -0.338130 -0.277220
v 0.567836 -0.231780 -0.275592
v -0.104274 -0.164889 -0.269693
v 0.150004 -0.029512 -0.270495
v -0.516231 -0.083357 -0.273697
v -0.536884 -0.071428 -0.283016
v -0.529892 -0.066665 -0.285698
v -0.514437 -0.056495 -0.272606
v 0.114848 -0.011642 -0.279581
v 0.230859 -0.014697 -0.281938
v 0.262581 0.002640 -0.274211
v 0.257801 0.013488 -0.278363
v 0.191801 0.063065 -0.269755
v -0.175035 0.079228 -0.279000
v -0.713398 -0.296815 -0.253546
v 0.554818 -0.232891 -0.267566
v -0.549424 -0.098315 -0.274930
v -0.017090 -0.094842 -0.274051
v 0.003957 -0.085501 -0.280597
v -0.504399 -0.082461 -0.257839
v -0.491730 -0.065975 -0.282634
v -0.489068 -0.070639 -0.273654
v 0.017008 -0.045225 -0.259322
v -0.536723 -0.061529 -0.273017
v -0.485551 -0.058753 -0.283829
v 0.212849 -0.016808 -0.278602
v 0.246787 -0.011354 -0.282278
v 0.198825 0.005326 -0.286096
v 0.205153 -0.000612 -0.284542
v 0.280179 0.024711 -0.279629
v 0.232790 0.032392 -0.276905
v 0.234437 0.027005 -0.282266
v 0.271296 0.037404 -0.273683
v 0.182276 0.075886 -0.254106
v 0.233405 0.036339 -0.282326
v 0.266737 0.054505 -0.279333
v -0.180756 0.080475 -0.228602
v 0.505578 -0.204189 -0.263860
v -0.104820 -0.108126 -0.260372
v -0.568786 -0.082495 -0.257837
v -0.029104 -0.101928 -0.261134
v -0.540910 -0.082870 -0.277008
v -0.545628 -0.076789 -0.277770
v -0.540592 -0.076249 -0.272795
v -0.521648 -0.076909 -0.272053
v -0.541519 -0.071064 -0.278208
v -0.500204 -0.077083 -0.268347
v -0.488280 -0.060387 -0.278246
v -0.401038 -0.053954 -0.218674
v 0.254416 -0.015112 -0.273767
v 0.057496 0.055120 -0.244660
v -0.155671 -0.004899 -0.249518
v 0.205654 0.004241 -0.270905
v -0.391564 -0.024823 -0.208282
v 0.246482 0.030106 -0.275041
v 0.271642 0.026621 -0.272076
v 0.264066 0.041769 -0.276442
v 0.257263 0.047828 -0.270480
v -0.300719 0.112157 -0.250527
v -0.768303 -0.312745 -0.215772
v 0.563456 -0.257409 -0.265216
v 0.586856 -0.274547 -0.265297
v -0.649061 -0.263197 -0.192040
v 0.524569 -0.236285 -0.255474
v -0.100164 -0.113577 -0.265224
v -0.061787 -0.109801 -0.257063
v -0.520093 -0.069048 -0.273823
v -0.499556 -0.072405 -0.272568
v -0.501555 -0.063220 -0.271452
v -0.434185 -0.103657 -0.196963
v 0.139879 0.013620 -0.247990
v 0.219980 -0.017922 -0.267738
v 0.199522 0.019879 -0.271296
v 0.280958 0.017580 -0.265888
v 0.245651 0.029269 -0.269586
v 0.248675 0.036644 -0.273860
v -0.359423 0.044285 -0.256160
v -0.945391 -0.380311 -0.219524
v 0.633036 -0.311061 -0.186332
v -0.696597 -0.313016 -0.244890
v -0.016709 -0.104881 -0.250463
v -0.025389 -0.132386 -0.250862
v -0.547369 -0.092952 -0.271793
v -0.516769 -0.071474 -0.269765
v -0.505830 -0.070211 -0.266341
v -0.533260 -0.058423 -0.268946
v 0.314781 -0.091725 -0.189557
v 0.239009 -0.016611 -0.262029
v 0.038161 -0.003265 -0.255336
v 0.209028 -0.000593 -0.264325
v 0.260715 0.006831 -0.261323
v 0.184567 0.019596 -0.272141
v 0.253857 0.012932 -0.271219
v 0.251429 0.038589 -0.264860
v -0.324708 0.068030 -0.241395
v -0.303540 0.082864 -0.241422
v 0.224403 0.129965 -0.259943
v 0.408080 -0.244471 -0.217714
v -0.552108 -0.113963 -0.244083
v 0.007837 -0.085043 -0.268240
v -0.549523 -0.092390 -0.263057
v -0.505628 -0.086671 -0.254907
v -0.521065 -0.082669 -0.261543
v -0.494793 -0.070241 -0.262322
v 0.303542 -0.015828 -0.216801
v 0.204160 0.017361 -0.262458
v 0.181444 0.021113 -0.261665
v 0.256287 0.022259 -0.260456
v 0.244300 0.030224 -0.263539
v -0.962515 -0.412992 -0.248499
v 0.976463 -0.412697 -0.231666
v 0.591591 -0.276663 -0.248721
v -0.559547 -0.175965 -0.205702
v 0.375266 -0.191808 -0.227734
v -0.112275 -0.146324 -0.233510
v -0.525459 -0.076456 -0.261448
v -0.515661 -0.070848 -0.255547
v 0.158234 0.008703 -0.255477
v 0.212909 0.003907 -0.260616
v -0.367556 -0.005158 -0.218726
v 0.262762 0.010892 -0.250502
v 0.193013 0.016611 -0.257722
v 0.270574 0.036955 -0.253823
v 0.265149 0.039489 -0.251715
v -0.349799 0.091086 -0.251312
v 0.200170 0.096655 -0.251068
v 0.257912 0.158974 -0.254882
v -0.577072 -0.178349 -0.204727
v -0.049837 -0.149070 -0.233488
v 0.358557 -0.124172 -0.231861
v -0.068417 -0.108950 -0.250054
v -0.548284 -0.090194 -0.254471
v -0.521278 -0.076420 -0.253900
v 0.231929 -0.003557 -0.259507
v 0.246371 -0.005448 -0.259405
v 0.250606 -0.001871 -0.250807
v 0.180789 0.023777 -0.248828
v 0.280372 0.015566 -0.226418
v 0.261686 0.032240 -0.243775
v 0.235575 0.176761 -0.240517
v -0.903131 -0.417616 -0.174225
v -0.700950 -0.329359 -0.223880
v -0.503677 -0.076555 -0.251467
v -0.547295 -0.066550 -0.242459
v 0.114479 0.027529 -0.242198
v 0.218838 0.001132 -0.250257
v 0.215747 0.013245 -0.242442
v 0.203367 0.019228 -0.251344
v 0.192362 0.021923 -0.248537
v -0.337629 0.059480 -0.244516
v 0.057797 0.105013 -0.228290
v 0.195672 0.126494 -0.234467
v 0.249986 0.166133 -0.249287
v 0.452421 -0.215745 -0.217744
v -0.097605 -0.160675 -0.225064
v 0.408141 -0.229924 -0.208479
v -0.551936 -0.105401 -0.243652
v -0.536755 -0.090012 -0.243722
v -0.503927 -0.082597 -0.248349
v -0.503578 -0.085924 -0.234992
v -0.121866 -0.053492 -0.226333
v -0.025449 -0.061421 -0.225503
v 0.261601 0.019456 -0.249354
v -0.175533 0.079463 -0.236142
v 0.269793 0.142080 -0.232813
v -0.897195 -0.354310 -0.177809
v 0.562131 -0.263154 -0.239714
v 0.171846 0.017945 -0.241503
v 0.254222 0.008240 -0.243063
v 0.197902 0.027357 -0.247133
v 0.269485 0.045066 -0.242596
v 0.273930 0.042029 -0.241528
v 0.273986 0.084779 -0.244523
v 0.212611 0.157840 -0.233861
v -0.956693 -0.418498 -0.136665
v -0.833138 -0.400399 -0.178405
v -0.620813 -0.214751 -0.238082
v 0.503068 -0.260357 -0.190983
v 0.456501 -0.232036 -0.222084
v 0.508509 -0.243094 -0.194544
v -0.567262 -0.115928 -0.223036
v -0.023383 -0.113058 -0.229265
v -0.541439 -0.095643 -0.240300
v -0.010994 -0.030118 -0.197201
v -0.134863 0.017384 -0.185644
v 0.239970 0.005272 -0.243425
v 0.068363 0.087689 -0.220241
v 0.198754 0.025884 -0.233039
v 0.267719 0.033173 -0.235156
v 0.290587 0.034499 -0.225622
v 0.241215 0.174235 -0.237788
v -0.701436 -0.320505 -0.226669
v -0.703888 -0.316775 -0.236006
v -0.695795 -0.307842 -0.237769
v -0.692729 -0.291100 -0.199913
v -0.555375 -0.146031 -0.222175
v -0.013581 -0.063380 -0.216684
v -0.016907 -0.032863 -0.212909
v 0.277740 -0.008698 -0.209980
v 0.246717 0.008278 -0.233399
v 0.219672 0.013570 -0.234020
v 0.148648 0.021230 -0.226450
v 0.134825 0.025757 -0.235037
v 0.122986 0.036799 -0.243967
v 0.118673 0.054260 -0.237756
v 0.136516 0.030569 -0.238182
v 0.130161 0.041462 -0.234125
v 0.273519 0.037949 -0.234464
v 0.268120 0.039841 -0.231966
v -0.348559 0.037520 -0.227155
v 0.266477 0.046393 -0.234614
v -0.290342 0.085390 -0.194783
v -0.713306 -0.317258 -0.233967
v -0.715235 -0.308397 -0.233503
v 0.404580 -0.258046 -0.190119
v -0.438334 -0.092165 -0.193482
v 0.167240 0.026511 -0.221922
v 0.176215 0.031964 -0.229055
v 0.125875 0.054607 -0.233418
v -0.180829 0.073785 -0.202000
v 0.274150 0.097796 -0.225319
v 0.195549 0.141240 -0.221566
v 0.249596 0.158206 -0.234155
v 0.233747 0.170727 -0.226564
v -0.707132 -0.305984 -0.219492
v -0.638441 -0.269475 -0.197995
v -0.686822 -0.308525 -0.204045
v 0.579863 -0.261325 -0.220982
v 0.414366 -0.229966 -0.213643
v -0.015958 -0.067348 -0.205041
v -0.081426 -0.062639 -0.206946
v 0.202033 0.029960 -0.217183
v 0.261006 0.026504 -0.229385
v 0.194258 0.030089 -0.229805
v 0.264750 0.026756 -0.222697
v 0.137966 0.029536 -0.226868
v 0.126090 0.053678 -0.226176
v 0.119850 0.066837 -0.229745
v 0.278653 0.055745 -0.221512
v 0.148220 0.171501 -0.204698
v 0.203348 0.145324 -0.223083
v -0.754383 -0.368404 -0.153374
v -0.696257 -0.320681 -0.219857
v -0.702082 -0.317526 -0.221782
v -0.696934 -0.308506 -0.223002
v 0.642615 -0.302840 -0.190344
v 0.357608 -0.158601 -0.207158
v 0.357170 -0.137008 -0.179862
v 0.239219 0.026501 -0.222466
v 0.176202 0.032369 -0.221071
v 0.190488 0.030797 -0.216378
v -0.348457 0.062760 -0.212538
v 0.132751 0.066171 -0.217825
v 0.267272 0.138620 -0.226184
v 0.220923 0.141771 -0.206834
v 0.990660 -0.412155 -0.186962
v -0.687938 -0.311661 -0.219421
v -0.714110 -0.311159 -0.217907
v -0.700983 -0.310071 -0.215405
v -0.571047 -0.212113 -0.183238
v -0.109733 -0.113040 -0.196693
v -0.152894 0.025333 -0.166772
v 0.147926 0.054629 -0.214008
v 0.198064 0.040694 -0.226693
v 0.184688 0.039782 -0.224262
v 0.086039 0.084218 -0.219198
v -0.181140 0.081251 -0.219018
v 0.274615 0.047446 -0.205038
v 0.254513 0.130509 -0.221039
v 0.100786 0.200555 -0.175875
v -0.188550 0.141498 -0.171283
v -0.978859 -0.412755 -0.194748
v -0.698647 -0.319552 -0.206464
v 0.431146 -0.251633 -0.212648
v 0.157179 0.050418 -0.209788
v 0.248086 0.031038 -0.215557
v 0.256901 0.033073 -0.208611
v 0.208407 0.039592 -0.218601
v 0.011362 0.041068 -0.185619
v 0.185641 0.046620 -0.213153
v 0.044812 0.113313 -0.188518
v 0.222396 0.057738 -0.220801
v 0.219870 0.067028 -0.217150
v 0.215323 0.059361 -0.217233
v 0.226822 0.066132 -0.224235
v 0.227833 0.057259 -0.216441
v 0.230830 0.065419 -0.222381
v 0.129168 0.074803 -0.204354
v -0.203408 0.153281 -0.199424
v 0.175919 0.164873 -0.205266
v -0.698120 -0.312761 -0.213632
v 0.738993 -0.326220 -0.194418
v 0.544862 -0.272189 -0.182827
v -0.078503 -0.146538 -0.184610
v -0.172267 0.067114 -0.162055
v 0.177217 0.052589 -0.209978
v 0.215325 0.041244 -0.212417
v 0.222110 0.057638 -0.211109
v 0.232576 0.057386 -0.209080
v 0.220968 0.057812 -0.211572
v 0.240747 0.064558 -0.204372
v 0.223147 0.074722 -0.213370
v 0.226342 0.084444 -0.205764
v 0.094118 0.087435 -0.210412
v 0.090809 0.096164 -0.205602
v 0.254118 0.105646 -0.214300
v -0.198105 0.146074 -0.150088
v -0.696519 -0.325791 -0.202971
v 0.413361 -0.233259 -0.203055
v -0.604776 -0.241140 -0.163485
v 0.436889 -0.227014 -0.203519
v 0.382444 -0.178583 -0.191252
v -0.549816 -0.175671 -0.196511
v -0.570973 -0.170243 -0.197601
v -0.090562 -0.034201 -0.183052
v 0.284594 0.004837 -0.200712
v 0.248804 0.046510 -0.209714
v 0.255158 0.043261 -0.208027
v 0.194679 0.060104 -0.196843
v -0.317609 0.062651 -0.173079
v 0.149180 0.054751 -0.203276
v 0.227223 0.057344 -0.206599
v 0.221621 0.064620 -0.206043
v 0.025466 0.138503 -0.182127
v 0.082326 0.109798 -0.196975
v -0.171576 0.108441 -0.142680
v 0.245342 0.108682 -0.202864
v 0.207839 0.155371 -0.195264
v -0.696386 -0.313064 -0.194153
v -0.696471 -0.307148 -0.203039
v 0.411829 -0.263391 -0.191355
v 0.424097 -0.233419 -0.202621
v 0.475811 -0.226382 -0.202125
v 0.395119 -0.210675 -0.178895
v -0.053579 -0.096243 -0.180786
v -0.371643 0.000625 -0.188480
v 0.262457 -0.012812 -0.172870
v 0.254285 0.019796 -0.172669
v -0.362789 -0.008426 -0.193612
v 0.236176 0.049830 -0.199797
v 0.218925 0.047688 -0.201392
v 0.168101 0.059913 -0.197764
v 0.231294 0.054549 -0.200389
v 0.234269 0.083953 -0.199236
v 0.098928 0.095526 -0.204646
v 0.256847 0.075155 -0.200933
v -0.022691 0.113549 -0.134261
v 0.059719 0.109831 -0.202190
v 0.236780 0.114772 -0.201016
v 0.769809 -0.346122 -0.187092
v -0.735551 -0.309691 -0.158039
v 0.579060 -0.284028 -0.174578
v 0.439742 -0.264054 -0.195175
v 0.410874 -0.226564 -0.188464
v 0.403920 -0.223450 -0.189706
v 0.397548 -0.213998 -0.168885
v -0.087344 -0.133654 -0.179167
v -0.538853 -0.162140 -0.187958
v -0.407993 -0.074813 -0.189229
v -0.125601 -0.003525 -0.189045
v 0.250368 0.044329 -0.194215
v 0.177262 0.063586 -0.196691
v 0.224574 0.056204 -0.199476
v 0.238581 0.059861 -0.193605
v 0.233981 0.072690 -0.194721
v 0.214569 0.078526 -0.198983
v 0.224726 0.066768 -0.194860
v 0.111620 0.091673 -0.196447
v 0.220162 0.084637 -0.199192
v 0.227044 0.084734 -0.192279
v -0.814269 -0.318435 -0.094729
v -0.702068 -0.332133 -0.185845
v 0.717821 -0.309262 -0.152268
v 0.527989 -0.251258 -0.186290
v 0.419318 -0.203851 -0.167605
v -0.446848 -0.108099 -0.185661
v 0.253506 -0.000636 -0.155867
v 0.240004 0.053440 -0.195136
v 0.219496 0.055465 -0.195202
v 0.157481 0.066722 -0.193448
v 0.223516 0.059456 -0.193793
v 0.231342 0.066862 -0.191355
v -0.180819 0.075378 -0.187000
v 0.137037 0.083622 -0.196271
v 0.230236 0.078323 -0.188276
v -0.279545 0.107602 -0.136931
v 0.087155 0.105997 -0.184186
v 0.082749 0.111093 -0.190103
v 0.060939 0.115538 -0.191941
v 0.179477 0.165882 -0.191161
v -0.684488 -0.301894 -0.162668
v -0.617434 -0.255999 -0.154568
v 0.544886 -0.254691 -0.172037
v 0.374388 -0.212661 -0.173051
v 0.305348 -0.096541 -0.157614
v 0.288416 -0.028723 -0.166269
v 0.235733 0.049255 -0.189341
v 0.227825 0.047826 -0.186725
v 0.215477 0.052507 -0.185475
v 0.169401 0.067239 -0.187091
v 0.226419 0.079424 -0.187451
v 0.128213 0.102921 -0.178837
v 0.106971 0.102621 -0.184789
v 0.240868 0.104477 -0.166498
v 0.196157 0.152136 -0.171184
v 0.987281 -0.411635 -0.157570
v -0.697250 -0.323558 -0.184974
v -0.333050 0.067268 -0.179442
v 0.144735 0.079982 -0.188271
v -0.184954 0.081721 -0.187343
v 0.056225 0.121628 -0.186050
v 0.065728 0.114096 -0.185217
v 0.073996 0.122325 -0.189766
v 0.074328 0.129773 -0.189685
v 0.064726 0.128281 -0.189986
v 0.126568 0.216663 -0.142251
v 0.422791 -0.257704 -0.175977
v 0.494372 -0.245199 -0.172837
v -0.603764 -0.257698 -0.165628
v -0.490919 -0.225662 -0.161089
v -0.501699 -0.214555 -0.150868
v -0.441153 -0.133578 -0.180498
v 0.344379 -0.133212 -0.157453
v -0.377800 -0.062680 -0.167731
v -0.116818 0.016812 -0.163000
v 0.273774 0.007610 -0.165093
v -0.151630 0.062288 -0.160196
v 0.159059 0.085023 -0.180337
v -0.301173 0.071894 -0.135597
v -0.185871 0.072299 -0.177251
v 0.061992 0.110628 -0.180963
v 0.051100 0.117159 -0.182089
v 0.047489 0.123095 -0.183479
v 0.055317 0.115993 -0.183127
v 0.055175 0.123161 -0.188911
v 0.069215 0.119567 -0.183722
v 0.080041 0.121584 -0.182726
v 0.079753 0.127853 -0.179543
v 0.057144 0.136966 -0.176082
v 0.069464 0.134285 -0.180286
v 0.169645 0.183633 -0.147957
v -0.988048 -0.415533 -0.128264
v -0.616590 -0.278800 -0.131187
v 0.570207 -0.271872 -0.155673
v 0.583884 -0.272161 -0.168575
v 0.459924 -0.244043 -0.168291
v -0.445801 -0.188275 -0.155772
v -0.087774 -0.104731 -0.163701
v -0.405017 -0.162768 -0.131269
v -0.118392 -0.050462 -0.168050
v -0.054669 0.074891 -0.124791
v 0.242208 0.052772 -0.169696
v 0.263082 0.029364 -0.153215
v 0.237562 0.050421 -0.180952
v 0.061225 0.114617 -0.168871
v 0.044082 0.117256 -0.177217
v 0.045932 0.122649 -0.177538
v 0.080007 0.121916 -0.175210
v 0.044337 0.127997 -0.177794
v 0.183509 0.158200 -0.157468
v 0.987397 -0.408744 -0.094839
v -0.909645 -0.350437 -0.123721
v -0.692137 -0.321502 -0.166154
v 0.520372 -0.249604 -0.166269
v 0.375555 -0.216637 -0.149849
v 0.517480 -0.175333 -0.127014
v 0.353090 -0.183304 -0.149534
v -0.476116 -0.210389 -0.147562
v 0.228856 0.063689 -0.175263
v 0.218542 0.059460 -0.175312
v 0.236560 0.066767 -0.169965
v 0.199664 0.068824 -0.166707
v 0.162114 0.086171 -0.172092
v 0.119491 0.105902 -0.172775
v 0.058119 0.123455 -0.168882
v 0.079514 0.132677 -0.173256
v 0.060361 0.142089 -0.177076
v 0.049728 0.205074 -0.145648
v -0.994509 -0.411253 -0.102617
v 0.707731 -0.309544 -0.125496
v -0.103079 0.034112 -0.148493
v -0.037638 0.019800 -0.147190
v 0.225632 0.062086 -0.166173
v 0.236546 0.064922 -0.164017
v -0.264224 0.078988 -0.129429
v 0.037965 0.141787 -0.162834
v 0.043801 0.130189 -0.172696
v 0.045586 0.129629 -0.169502
v 0.057579 0.130713 -0.168629
v 0.079502 0.127847 -0.168198
v 0.066715 0.133214 -0.164297
v 0.055531 0.139895 -0.171752
v 0.065068 0.147336 -0.170179
v 0.058862 0.145766 -0.171281
v -0.903825 -0.406345 -0.032821
v -0.954529 -0.376099 -0.152817
v 0.642598 -0.260098 -0.121803
v 0.395461 -0.222563 -0.126023
v 0.476527 -0.232698 -0.163528
v 0.554570 -0.211899 -0.134786
v 0.393029 -0.208049 -0.159809
v -0.447971 -0.191782 -0.137153
v -0.074173 -0.067539 -0.148418
v -0.399568 -0.154025 -0.104864
v -0.198794 0.071516 -0.149442
v 0.162080 0.100038 -0.163992
v 0.125306 0.117613 -0.156007
v 0.058962 0.121962 -0.163889
v 0.052367 0.125264 -0.164534
v 0.044765 0.142511 -0.163446
v 0.069700 0.141417 -0.165692
v 0.070574 0.143755 -0.161748
v 0.123972 0.169973 -0.168020
v 0.124328 0.176368 -0.167808
v 0.108583 0.172600 -0.169285
v 0.102701 0.180305 -0.164167
v 0.932911 -0.402566 -0.136730
v 0.774733 -0.329587 -0.096067
v -0.482689 -0.257903 -0.146704
v 0.503057 -0.225947 -0.156070
v 0.419692 -0.159033 -0.108892
v 0.281000 0.009350 -0.152578
v -0.184999 0.075416 -0.149183
v -0.281707 0.081779 -0.144906
v 0.245346 0.045265 -0.120365
v 0.064471 0.122695 -0.155985
v 0.050753 0.137735 -0.160077
v 0.071224 0.138723 -0.157699
v 0.055276 0.141232 -0.156890
v 0.088269 0.171565 -0.165645
v 0.080701 0.168066 -0.159027
v 0.114118 0.178953 -0.157793
v 0.084917 0.239054 -0.159146
v 0.784124 -0.320643 -0.098260
v 0.655046 -0.265630 -0.101637
v 0.571365 -0.250179 -0.150744
v 0.272133 -0.036211 -0.154229
v 0.232303 0.007724 -0.139742
v -0.129292 -0.004633 -0.151320
v 0.275089 0.021150 -0.151184
v 0.270655 0.016759 -0.155240
v 0.238567 0.031528 -0.146899
v 0.229495 0.056793 -0.148210
v 0.196991 0.071654 -0.127922
v -0.175098 0.068885 -0.141186
v 0.188358 0.081033 -0.153250
v 0.021056 0.142090 -0.147046
v -0.182785 0.125804 -0.130808
v 0.046527 0.136964 -0.153835
v 0.049044 0.140957 -0.156607
v 0.108268 0.157043 -0.169062
v 0.111089 0.162974 -0.158726
v 0.093093 0.162442 -0.154510
v 0.074942 0.172837 -0.160786
v 0.127080 0.168287 -0.144638
v 0.143415 0.174239 -0.149152
v 0.079551 0.179559 -0.159096
v 0.094150 0.184182 -0.157899
v 0.127743 0.179931 -0.158330
v 0.150690 0.208423 -0.138259
v -0.774867 -0.373454 -0.108030
v -0.696938 -0.332309 -0.143706
v 0.696372 -0.277481 -0.101222
v -0.523562 -0.269349 -0.143244
v -0.466322 -0.245974 -0.148068
v -0.572284 -0.244380 -0.151849
v 0.398387 -0.179811 -0.125392
v 0.371677 -0.174766 -0.147442
v -0.420484 -0.158358 -0.134294
v 0.284450 0.001032 -0.140398
v -0.163784 0.066830 -0.132720
v 0.242002 0.020039 -0.144689
v -0.297233 0.057575 -0.111722
v -0.359552 -0.076188 -0.131092
v 0.170659 0.095570 -0.155669
v 0.040527 0.142584 -0.151985
v 0.050358 0.156047 -0.154236
v 0.059685 0.150900 -0.155024
v 0.065109 0.156469 -0.161003
v 0.075794 0.157497 -0.155606
v 0.084205 0.151903 -0.156031
v 0.125747 0.151660 -0.149751
v 0.051639 0.162570 -0.151189
v 0.069870 0.162144 -0.155268
v 0.127260 0.157366 -0.149157
v 0.114679 0.175078 -0.137957
v 0.126860 0.176764 -0.138751
v -0.419606 -0.188079 -0.139581
v 0.313757 -0.007941 -0.084694
v -0.096350 0.011149 -0.130312
v -0.064864 0.071368 -0.123927
v 0.179987 0.096418 -0.145837
v 0.166048 0.114966 -0.149715
v 0.114789 0.131445 -0.147411
v 0.073545 0.132729 -0.147400
v 0.028255 0.148167 -0.143306
v 0.042962 0.155368 -0.154892
v 0.036776 0.155713 -0.147677
v 0.042842 0.151472 -0.150238
v 0.080959 0.149366 -0.153404
v 0.042529 0.161704 -0.151194
v 0.085260 0.160159 -0.134746
v 0.058278 0.172731 -0.148272
v 0.046777 0.166964 -0.126278
v 0.142393 0.170283 -0.149626
v -0.682435 -0.324035 -0.131514
v -0.671087 -0.319278 -0.131690
v -0.462783 -0.255909 -0.138861
v -0.572069 -0.248553 -0.145766
v -0.446514 -0.235083 -0.142408
v -0.534333 -0.234305 -0.146659
v 0.443220 -0.222646 -0.134843
v -0.476641 -0.214078 -0.140493
v -0.046152 0.024084 -0.124881
v 0.267231 0.033892 -0.135766
v 0.258350 0.035131 -0.140355
v 0.220526 0.058567 -0.123531
v 0.173167 0.100909 -0.140727
v 0.157552 0.120091 -0.142196
v 0.072539 0.152388 -0.134540
v 0.111337 0.155977 -0.134477
v 0.043335 0.163044 -0.140903
v 0.115831 0.160206 -0.138968
v 0.086626 0.169276 -0.125127
v 0.094298 0.168752 -0.139507
v 0.137137 0.170026 -0.140411
v 0.152826 0.169253 -0.141146
v 0.145751 0.173781 -0.152391
v 0.054661 0.178451 -0.142370
v -0.004031 0.242226 -0.087736
v 0.841685 -0.339248 -0.069418
v -0.683658 -0.337989 -0.106991
v -0.482349 -0.273055 -0.119096
v 0.612976 -0.248638 -0.125855
v -0.592295 -0.240328 -0.111375
v 0.515340 -0.204596 -0.126553
v -0.430298 -0.238044 -0.109980
v 0.468887 -0.154667 -0.102245
v -0.084692 -0.021677 -0.133305
v 0.215514 0.055005 -0.112986
v -0.279530 0.084474 -0.115677
v 0.185893 0.087261 -0.095476
v 0.180835 0.096646 -0.132613
v -0.214576 0.133951 -0.099060
v -0.202167 0.133559 -0.116505
v 0.040281 0.146592 -0.132180
v 0.049619 0.152321 -0.133602
v 0.093511 0.154832 -0.134269
v 0.035204 0.163646 -0.143548
v 0.068288 0.162028 -0.139715
v 0.041884 0.172316 -0.136287
v 0.106491 0.171436 -0.137930
v 0.132545 0.173336 -0.137174
v 0.137344 0.176391 -0.141793
v 0.094486 0.177686 -0.139800
v 0.155291 0.174801 -0.144392
v 0.157449 0.229922 -0.114217
v -0.663670 -0.306073 -0.102711
v 0.674647 -0.297185 -0.126020
v -0.522091 -0.224676 -0.115808
v -0.501456 -0.214811 -0.120560
v 0.388694 -0.148734 -0.096371
v 0.284985 -0.012286 -0.104975
v 0.261850 -0.004463 -0.122189
v -0.319722 0.042467 -0.112270
v 0.278669 0.012814 -0.132802
v 0.024994 0.167562 -0.135707
v 0.016732 0.177294 -0.121735
v 0.053111 0.156732 -0.133556
v 0.072439 0.157318 -0.132015
v 0.102458 0.158612 -0.134072
v 0.081269 0.157178 -0.133184
v 0.095849 0.173131 -0.136085
v 0.144885 0.172866 -0.134145
v 0.039778 0.180369 -0.129438
v 0.151604 0.178194 -0.132419
v 0.158013 0.174373 -0.138178
v -0.756534 -0.310167 -0.094486
v 0.563798 -0.191455 -0.101769
v -0.418503 -0.184935 -0.124084
v -0.414998 -0.194306 -0.119012
v 0.298670 -0.000136 -0.097718
v 0.259048 0.036447 -0.131054
v -0.139562 0.191908 -0.094358
v -0.177859 0.076118 -0.126069
v 0.166502 0.128673 -0.130042
v 0.165993 0.145101 -0.125759
v 0.068583 0.150593 -0.124042
v 0.097659 0.158203 -0.123501
v 0.041275 0.167701 -0.132682
v 0.152932 0.167966 -0.121651
v 0.063659 0.308233 -0.110909
v -0.953236 -0.411598 0.021646
v -0.676603 -0.310029 -0.102758
v -0.580894 -0.234987 -0.110721
v -0.406464 -0.172912 -0.109986
v -0.471279 -0.204318 -0.108254
v -0.080658 0.053566 -0.116782
v 0.210932 0.038085 -0.101209
v 0.221234 0.048806 -0.112899
v 0.257622 0.040888 -0.124135
v -0.273242 0.084198 -0.121412
v -0.296514 0.087655 -0.111810
v 0.171005 0.108180 -0.124288
v 0.089033 0.175281 -0.122041
v 0.146920 0.172755 -0.126979
v 0.158449 0.172769 -0.121141
v 0.158310 0.177070 -0.128294
v 0.133339 0.188803 -0.137096
v 0.138286 0.182656 -0.122706
v 0.144482 0.188875 -0.135456
v -0.561002 -0.276920 -0.095592
v 0.558494 -0.146078 -0.051105
v 0.209752 0.049767 -0.109042
v -0.280579 0.112313 -0.089513
v 0.057686 0.158838 -0.122726
v 0.074953 0.169741 -0.118411
v 0.072772 0.178033 -0.123051
v 0.096923 0.213500 -0.132637
v 0.092680 0.212623 -0.124960
v 0.097730 0.211185 -0.122388
v 0.089168 0.219175 -0.127703
v 0.105141 0.214408 -0.125052
v 0.104749 0.220074 -0.127873
v 0.097856 0.226648 -0.126079
v 0.989133 -0.414963 0.022260
v 0.545703 -0.187067 -0.093799
v -0.421727 -0.182770 -0.121415
v -0.404224 -0.180141 -0.106383
v 0.383574 -0.075000 -0.026499
v -0.370092 -0.094926 -0.086462
v 0.261986 0.028679 -0.102600
v -0.219303 0.086643 -0.101761
v 0.219042 0.096292 -0.073347
v -0.193436 0.133610 -0.118682
v 0.097245 0.179245 -0.115891
v 0.052779 0.174023 -0.119645
v 0.071850 0.173362 -0.118644
v 0.142423 0.173146 -0.121818
v 0.024838 0.183056 -0.112895
v 0.041795 0.176866 -0.111832
v 0.155294 0.182612 -0.112688
v 0.116841 0.185012 -0.119162
v 0.125197 0.199115 -0.122888
v 0.140397 0.205646 -0.119383
v 0.190550 0.191106 -0.024886
v 0.083407 0.211665 -0.118561
v 0.069450 0.218841 -0.113619
v 0.110797 0.218769 -0.118590
v 0.079466 0.222961 -0.121713
v 0.833097 -0.349038 -0.062031
v -0.603659 -0.283470 -0.096273
v -0.421472 -0.186455 -0.114250
v 0.234804 0.022194 -0.113458
v 0.234925 0.054727 -0.099047
v -0.055529 0.134317 -0.098356
v 0.176771 0.111685 -0.100105
v 0.167280 0.140288 -0.103960
v 0.159923 0.155391 -0.116355
v 0.153716 0.157487 -0.121920
v 0.068329 0.159311 -0.118968
v 0.080093 0.164548 -0.122029
v 0.049842 0.170429 -0.115172
v 0.074706 0.165237 -0.118169
v 0.078971 0.178168 -0.108928
v 0.151236 0.195732 -0.121816
v 0.145864 0.212459 -0.109352
v 0.117401 0.214227 -0.117687
v 0.056324 0.218968 -0.122953
v 0.038661 0.219129 -0.106928
v 0.055469 0.211277 -0.116964
v 0.066718 0.215772 -0.113311
v 0.062176 0.222512 -0.117962
v 0.085323 0.215520 -0.105134
v 0.056231 0.224802 -0.117343
v 0.109081 0.226947 -0.112580
v 0.107894 0.224264 -0.117022
v 0.988720 -0.414956 -0.090113
v -0.474737 -0.278583 -0.091070
v -0.413122 -0.190180 -0.109718
v -0.417128 -0.173087 -0.082940
v 0.367715 -0.144508 -0.079946
v 0.517662 -0.134370 -0.088121
v -0.053615 0.099621 -0.092991
v -0.253874 0.088136 -0.110565
v -0.264911 0.097719 -0.114170
v -0.174264 0.111647 -0.114525
v 0.173434 0.133545 -0.108499
v 0.049890 0.167596 -0.108604
v 0.059822 0.170638 -0.109066
v 0.068456 0.166332 -0.109199
v 0.018497 0.183739 -0.114382
v 0.031306 0.189374 -0.114438
v 0.040769 0.199951 -0.113436
v 0.026521 0.194787 -0.113147
v 0.043100 0.214147 -0.104787
v 0.070938 0.215414 -0.111457
v 0.105145 0.213726 -0.111259
v 0.113239 0.209721 -0.108647
v 0.084983 0.219468 -0.103252
v 0.145296 0.292221 -0.073075
v 0.662842 -0.254303 -0.075542
v -0.620809 -0.277638 -0.098584
v 0.390617 -0.193307 -0.093423
v 0.379771 -0.167455 -0.088267
v 0.447368 -0.180607 -0.088965
v 0.515032 -0.164703 -0.089644
v -0.400185 -0.191954 -0.084670
v -0.392875 -0.174969 -0.082389
v -0.399457 -0.163176 -0.086863
v 0.232548 0.035916 -0.080632
v 0.200869 0.058074 -0.102791
v -0.199350 0.096898 -0.092802
v -0.254556 0.096109 -0.105929
v -0.182030 0.102462 -0.110067
v -0.184296 0.110762 -0.109205
v 0.101014 0.194881 -0.110259
v 0.016794 0.196343 -0.108692
v 0.209957 0.113708 -0.068822
v 0.043635 0.185358 -0.104803
v 0.137395 0.237990 -0.097414
v 0.103746 0.217904 -0.105209
v 0.044527 0.225713 -0.099798
v 0.056680 0.223960 -0.097636
v 0.071032 0.220070 -0.107304
v 0.123637 0.226127 -0.110459
v 0.115364 0.232072 -0.101838
v 0.062496 0.235546 -0.110817
v 0.061391 0.239329 -0.109581
v 0.047477 0.236914 -0.105678
v 0.051445 0.322588 -0.096874
v -0.676209 -0.331043 -0.096035
v -0.446629 -0.257874 -0.098608
v -0.580418 -0.237650 -0.081803
v 0.584055 -0.158963 -0.050873
v -0.403929 -0.183975 -0.093295
v -0.329427 -0.013043 -0.091109
v -0.293178 0.096003 -0.071497
v -0.135506 0.182479 -0.081078
v 0.049302 0.200850 -0.102275
v 0.155242 0.199190 -0.074958
v 0.029088 0.184754 -0.105260
v 0.072204 0.199806 -0.109307
v 0.035142 0.215066 -0.104881
v 0.100695 0.212372 -0.101220
v 0.056827 0.214281 -0.097774
v 0.062990 0.218034 -0.098090
v 0.113127 0.237478 -0.100215
v 0.051156 0.231443 -0.104327
v 0.065189 0.232006 -0.093477
v 0.051299 0.240222 -0.104760
v -0.917845 -0.350888 -0.045058
v -0.429893 -0.239909 -0.084360
v 0.653517 -0.225290 -0.065180
v -0.514689 -0.235014 -0.082597
v 0.554169 -0.164432 -0.055394
v -0.442026 -0.197847 -0.083012
v -0.211972 0.091896 -0.101835
v -0.242722 0.096452 -0.102111
v -0.300891 0.108916 -0.072562
v -0.175443 0.141587 -0.097270
v -0.157236 0.158770 -0.093584
v -0.134436 0.203559 -0.085320
v 0.013785 0.212722 -0.093339
v 0.020209 0.212794 -0.097514
v 0.026117 0.221132 -0.100748
v 0.039504 0.236868 -0.093481
v 0.052345 0.231289 -0.093729
v 0.072485 0.235559 -0.099670
v 0.991808 -0.411570 -0.086337
v 0.741824 -0.298450 -0.066597
v -0.722839 -0.302908 -0.077075
v 0.704444 -0.263739 -0.065125
v -0.608489 -0.258851 -0.085173
v 0.633850 -0.205880 -0.071759
v -0.484529 -0.221641 -0.076730
v 0.284202 0.021740 -0.088317
v 0.220590 0.039883 -0.084343
v 0.201710 0.058390 -0.087610
v -0.248342 0.109710 -0.095009
v -0.082073 0.186027 -0.068165
v -0.202235 0.128771 -0.072289
v 0.175613 0.137250 -0.096083
v 0.062948 0.210783 -0.093081
v 0.023725 0.217766 -0.094019
v 0.049915 0.219758 -0.093140
v 0.111895 0.225528 -0.088441
v 0.028842 0.225120 -0.093624
v 0.040133 0.227898 -0.093814
v 0.065022 0.239559 -0.093481
v 0.122060 0.242006 -0.096454
v 0.116914 0.317496 -0.045924
v -0.822008 -0.318988 -0.040240
v -0.560914 -0.274182 -0.088724
v 0.554342 -0.153800 -0.077043
v -0.318791 0.024298 -0.079208
v -0.242553 0.112299 -0.082721
v -0.045649 0.191237 -0.065075
v -0.213556 0.138196 -0.077008
v -0.102165 0.204029 -0.082162
v 0.053389 0.210007 -0.087840
v 0.024900 0.208689 -0.086781
v 0.037159 0.208804 -0.086103
v 0.030876 0.205145 -0.086553
v 0.019875 0.216884 -0.090334
v 0.101324 0.216468 -0.092435
v 0.044188 0.220110 -0.085760
v 0.039794 0.228965 -0.083619
v 0.045843 0.239339 -0.085915
v 0.042205 0.241023 -0.091817
v 0.120083 0.245107 -0.087892
v -0.688743 -0.328890 -0.063629
v -0.684840 -0.284015 -0.059190
v -0.374461 -0.138002 -0.079185
v -0.226745 0.102728 -0.075852
v -0.204398 0.104314 -0.078397
v -0.276112 0.124403 -0.071959
v -0.047616 0.213893 -0.073813
v 0.052286 0.213150 -0.076473
v 0.079826 0.230255 -0.084798
v 0.021757 0.233821 -0.089941
v 0.115602 0.239590 -0.078510
v 0.038415 0.255800 -0.091076
v 0.040769 0.251099 -0.088321
v 0.116289 0.252418 -0.089704
v 0.042551 0.262095 -0.091462
v 0.049589 0.261589 -0.091763
v -0.996283 -0.412974 0.004414
v -0.696192 -0.335274 -0.063428
v -0.776623 -0.305427 -0.051714
v 0.620941 -0.206023 -0.059413
v -0.576921 -0.232994 -0.072001
v -0.496980 -0.231590 -0.082980
v -0.399810 -0.160577 -0.080289
v -0.333761 0.026163 -0.073109
v 0.196295 0.084055 -0.067211
v -0.243090 0.113209 -0.071716
v 0.172548 0.135212 -0.069888
v 0.174443 0.144542 -0.074334
v -0.150292 0.177368 -0.079202
v -0.064064 0.229227 -0.071565
v -0.127097 0.205474 -0.079330
v -0.096553 0.207795 -0.077933
v 0.028730 0.226589 -0.081124
v 0.062749 0.223303 -0.084044
v 0.093730 0.234174 -0.084549
v 0.105728 0.232678 -0.080655
v 0.043262 0.242249 -0.077916
v 0.111243 0.253494 -0.075987
v 0.116809 0.261310 -0.080194
v 0.044232 0.277072 -0.079024
v 0.992618 -0.412352 -0.048663
v 0.958157 -0.405017 -0.020097
v -0.481917 -0.258387 -0.071742
v -0.510386 -0.232420 -0.076049
v -0.454994 -0.201438 -0.075895
v -0.396521 -0.175285 -0.076870
v -0.383847 -0.124179 -0.072277
v 0.383155 -0.054280 -0.001041
v 0.270535 0.025389 -0.076011
v -0.309321 0.074807 -0.050441
v -0.200721 0.157060 -0.053470
v 0.027939 0.210670 -0.080000
v 0.084641 0.234919 -0.076864
v 0.050044 0.251251 -0.075152
v 0.113667 0.238364 -0.068566
v 0.035203 0.273971 -0.075775
v 0.055816 0.261949 -0.072557
v 0.076737 0.276854 -0.079362
v 0.082391 0.280569 -0.085981
v 0.070021 0.281316 -0.081097
v 0.076819 0.288872 -0.081079
v 0.026355 0.350186 -0.060688
v -0.680585 -0.295336 -0.047256
v -0.445121 -0.209365 -0.068476
v 0.386417 -0.116339 -0.035244
v 0.515912 -0.132484 -0.058197
v -0.391586 -0.086048 -0.039142
v 0.456032 -0.095771 -0.055289
v -0.372758 -0.049581 -0.007480
v -0.288858 0.109360 -0.058807
v -0.265767 0.114515 -0.067701
v -0.136499 0.184668 -0.074094
v 0.097627 0.244053 -0.073535
v 0.135231 0.275618 -0.060540
v 0.013721 0.279838 -0.062429
v 0.032369 0.245119 -0.072214
v 0.127627 0.271542 -0.077104
v 0.131941 0.279938 -0.067033
v 0.050178 0.267989 -0.073211
v 0.113493 0.270953 -0.076099
v 0.101949 0.264657 -0.069656
v 0.037034 0.281086 -0.071443
v 0.047725 0.277562 -0.080606
v 0.048875 0.281445 -0.082506
v 0.060207 0.280836 -0.073753
v 0.099717 0.281425 -0.074544
v 0.041070 0.289974 -0.062010
v 0.070851 0.290035 -0.076477
v 0.094265 0.288532 -0.074363
v 0.085979 0.287714 -0.072657
v 0.052227 0.301863 -0.080434
v 0.037793 0.297857 -0.066778
v 0.051666 0.293591 -0.081079
v 0.046173 0.291066 -0.069694
v 0.059939 0.290871 -0.069270
v 0.060353 0.299617 -0.074329
v 0.073314 0.302445 -0.076549
v -0.975351 -0.380105 -0.053084
v -0.561275 -0.216959 -0.047929
v 0.455681 -0.149695 -0.069626
v 0.503984 -0.052165 0.010763
v 0.206559 0.090662 -0.043279
v -0.291886 0.138831 -0.051042
v 0.162913 0.207721 -0.039644
v -0.094638 0.183138 -0.065576
v -0.053743 0.246651 -0.055677
v 0.053248 0.233719 -0.071703
v 0.043211 0.245506 -0.073571
v 0.097845 0.248133 -0.075046
v 0.105996 0.248269 -0.073202
v 0.106904 0.258713 -0.060548
v 0.105697 0.271440 -0.062604
v 0.020482 0.282716 -0.068010
v 0.064326 0.275948 -0.066342
v 0.086958 0.298656 -0.074315
v 0.040487 0.309159 -0.062578
v 0.063357 0.305319 -0.072446
v 0.060612 0.318310 -0.056268
v -0.880151 -0.338848 -0.023926
v 0.783531 -0.304026 0.005077
v 0.692832 -0.261026 -0.003170
v 0.750288 -0.279721 -0.019666
v 0.642658 -0.216026 0.000699
v -0.572520 -0.225129 -0.065054
v 0.373239 -0.071225 -0.000669
v 0.279571 0.062036 -0.043096
v 0.289411 0.096742 -0.038389
v 0.250624 0.104711 -0.050150
v -0.224155 0.125521 -0.059977
v 0.216802 0.137471 -0.046728
v -0.064687 0.190356 -0.064768
v 0.066627 0.250175 -0.064783
v 0.053909 0.238972 -0.064294
v 0.083608 0.250418 -0.058301
v 0.091929 0.254906 -0.068889
v 0.098637 0.260012 -0.066729
v 0.096011 0.265257 -0.069389
v 0.036676 0.271369 -0.059681
v 0.120424 0.275717 -0.066581
v 0.038219 0.284077 -0.065005
v 0.126477 0.283550 -0.066342
v 0.031777 0.286652 -0.065489
v 0.045236 0.278555 -0.057194
v 0.096677 0.274616 -0.060060
v 0.118819 0.285046 -0.067054
v 0.102436 0.287804 -0.072020
v 0.096496 0.292457 -0.059489
v 0.114435 0.291839 -0.067704
v 0.099137 0.297783 -0.062112
v 0.086418 0.304219 -0.066796
v 0.051352 0.322065 -0.060137
v 0.137065 0.304011 -0.061427
v -0.963341 -0.374271 -0.020407
v 0.994126 -0.408787 0.001141
v -0.709860 -0.282342 -0.046936
v -0.502776 -0.243711 -0.065223
v -0.400406 -0.107262 -0.031397
v -0.387801 -0.020099 0.006161
v 0.226949 0.091877 -0.052432
v 0.176064 0.142963 -0.048218
v -0.103435 0.164495 -0.031044
v -0.074393 0.190393 -0.063152
v -0.067546 0.217090 -0.053564
v 0.064290 0.263297 -0.063270
v 0.082646 0.262620 -0.055671
v 0.069916 0.262273 -0.050172
v 0.126371 0.275564 -0.055806
v 0.022545 0.282842 -0.059021
v 0.107013 0.281089 -0.052294
v 0.116389 0.284575 -0.059610
v 0.104968 0.291872 -0.058050
v 0.118582 0.290917 -0.060668
v 0.110058 0.297183 -0.060183
v 0.164396 0.238082 -0.038319
v 0.078426 0.308224 -0.063330
v 0.040993 0.317076 -0.055784
v -0.803986 -0.362396 -0.034376
v -0.612646 -0.199891 -0.012525
v -0.484759 -0.153299 -0.029820
v 0.372506 -0.104054 -0.030265
v -0.203988 0.139898 -0.053660
v -0.248026 0.159172 -0.039837
v -0.223318 0.155770 -0.044278
v 0.021819 0.271178 -0.052457
v 0.031570 0.267927 -0.049389
v 0.116158 0.271348 -0.037908
v 0.016171 0.282262 -0.059378
v 0.040750 0.298692 -0.049600
v 0.100554 0.292838 -0.048752
v 0.110818 0.291249 -0.054692
v 0.106812 0.293458 -0.059851
v 0.106842 0.299432 -0.062092
v 0.069353 0.318026 -0.059465
v -0.696319 -0.320823 -0.047173
v -0.760891 -0.280346 -0.008536
v 0.716928 -0.261206 -0.007555
v 0.674764 -0.231771 -0.007408
v 0.577615 -0.165758 -0.043023
v -0.378475 -0.079289 -0.030019
v -0.284117 0.141638 -0.030112
v 0.217441 0.146477 -0.033816
v -0.252921 0.137229 -0.042489
v 0.205853 0.158776 -0.031059
v -0.193423 0.137645 0.000036
v -0.063036 0.197054 -0.049757
v 0.104161 0.274590 -0.044702
v 0.090917 0.275056 -0.043287
v 0.016200 0.290013 -0.055510
v 0.112156 0.292593 -0.052909
v 0.115981 0.299029 -0.053232
v 0.092203 0.305918 -0.040127
v 0.083430 0.305405 -0.047794
v 0.099230 0.303909 -0.053486
v 0.082751 0.317404 -0.040391
v 0.032838 0.321840 -0.058798
v 0.037118 0.314061 -0.049015
v 0.041083 0.326173 -0.060326
v 0.052309 0.326767 -0.050031
v 0.040028 0.330604 -0.047955
v 0.034754 0.329808 -0.057586
v 0.787568 -0.321953 0.000879
v -0.692837 -0.259426 -0.029311
v -0.490909 -0.179240 -0.031255
v 0.607279 -0.155225 -0.018998
v -0.264042 0.141315 -0.033921
v -0.214991 0.139279 -0.045604
v -0.203029 0.139401 -0.043847
v 0.177810 0.157267 -0.043341
v 0.173056 0.173999 -0.045850
v -0.087326 0.191179 -0.037402
v -0.024839 0.316317 -0.026744
v 0.043277 0.267002 -0.016679
v 0.086437 0.266404 -0.044180
v 0.023751 0.281097 -0.046252
v 0.073607 0.276436 -0.039913
v 0.106882 0.281786 -0.043213
v 0.132531 0.292324 -0.034777
v 0.028200 0.294845 -0.042014
v 0.019507 0.307357 -0.046237
v 0.104006 0.298289 -0.045770
v 0.084762 0.309637 -0.039467
v 0.041973 0.306856 -0.044873
v -0.017206 0.371696 -0.024998
v 0.025550 0.328265 -0.048505
v 0.029847 0.333047 -0.049016
v -0.451024 -0.092031 -0.002997
v 0.451698 -0.058723 -0.017562
v -0.310267 0.138071 -0.018546
v 0.221745 0.113035 -0.034223
v 0.185594 0.103569 -0.028729
v 0.271612 0.164348 -0.021445
v 0.173629 0.140731 -0.040135
v 0.171324 0.157016 -0.037813
v -0.095327 0.182108 -0.024794
v -0.044441 0.253498 -0.038201
v 0.137879 0.254546 -0.038680
v 0.067606 0.253303 -0.039351
v 0.073880 0.246686 -0.038019
v 0.083013 0.250141 -0.039241
v -0.024951 0.371572 -0.018632
v 0.037116 0.281056 -0.045218
v 0.042256 0.276589 -0.044569
v 0.012928 0.337099 -0.042123
v 0.019727 0.324318 -0.044105
v 0.034888 0.322461 -0.043331
v 0.065939 0.326060 -0.032480
v 0.035384 0.329053 -0.041364
v 0.042024 0.327244 -0.034355
v 0.995380 -0.412826 -0.023798
v -0.751893 -0.314731 -0.036130
v -0.742606 -0.309883 -0.039418
v -0.749880 -0.309481 -0.048453
v -0.747945 -0.305916 -0.040335
v -0.801648 -0.296696 -0.026547
v -0.567713 -0.153743 -0.025150
v 0.336322 0.046855 0.009817
v -0.353173 0.020286 -0.008369
v 0.228040 0.108686 -0.039205
v -0.252242 0.139245 -0.036708
v -0.202762 0.126827 -0.018515
v 0.024376 0.269896 -0.029697
v 0.020405 0.274177 -0.035502
v 0.098371 0.276627 -0.038435
v 0.022744 0.288654 -0.040709
v 0.076322 0.280704 -0.034335
v 0.074585 0.290692 -0.035678
v 0.099032 0.286256 -0.035944
v 0.044822 0.289832 -0.025576
v 0.095682 0.299144 -0.038364
v 0.036323 0.299376 -0.041769
v -0.995615 -0.407600 0.004194
v -0.979577 -0.388017 -0.008138
v -0.720071 -0.309140 -0.022607
v -0.749017 -0.309913 -0.026883
v -0.766088 -0.308509 -0.035724
v 0.443654 -0.082003 -0.014941
v -0.400159 -0.076918 -0.017625
v 0.169211 0.166065 -0.036028
v -0.274698 0.173931 -0.016943
v 0.176059 0.177083 -0.036749
v 0.167232 0.191974 -0.032756
v -0.086884 0.190161 -0.028198
v 0.076204 0.246720 -0.031911
v 0.124056 0.255906 -0.030174
v 0.061524 0.265062 -0.029347
v 0.118175 0.259118 -0.034676
v 0.082927 0.266199 -0.031519
v 0.106796 0.257978 -0.035497
v 0.099079 0.271954 -0.030059
v 0.021613 0.293922 -0.027123
v 0.039520 0.297727 -0.030669
v 0.030769 0.298826 -0.036057
v 0.042060 0.306519 -0.031763
v 0.021060 0.306287 -0.028835
v 0.022174 0.322030 -0.033302
v 0.024974 0.331303 -0.043202
v 0.014864 0.349861 -0.035070
v 0.007179 0.418498 -0.001554
v -0.741267 -0.333499 -0.030470
v -0.769229 -0.315295 -0.028395
v 0.736887 -0.286470 -0.011503
v 0.596141 -0.162626 -0.020785
v -0.613117 -0.178785 -0.012924
v 0.193418 0.101551 -0.011928
v -0.262358 0.163504 -0.027982
v -0.241170 0.143587 -0.016797
v 0.137850 0.236532 -0.024460
v 0.120136 0.242417 -0.023800
v 0.116789 0.253360 -0.021074
v 0.087655 0.271293 -0.031678
v 0.049170 0.276911 -0.006481
v 0.062064 0.274821 -0.013822
v 0.079323 0.296310 -0.029035
v 0.078401 0.303656 -0.026335
v 0.035249 0.330544 -0.035556
v -0.774819 -0.310774 -0.032681
v -0.773973 -0.306194 -0.029138
v -0.547229 -0.107627 -0.009264
v 0.249684 0.107358 -0.018670
v 0.231744 0.112800 -0.018601
v -0.304350 0.112513 -0.016087
v 0.176829 0.132572 -0.024008
v -0.239180 0.127427 -0.015175
v -0.272328 0.147739 -0.025015
v 0.172878 0.149326 -0.027817
v 0.175210 0.157903 -0.027888
v 0.170513 0.161979 -0.027149
v 0.171032 0.178194 -0.021076
v 0.076729 0.240890 -0.016429
v 0.067229 0.252908 -0.023682
v 0.111097 0.257732 -0.022822
v 0.086856 0.258164 -0.025826
v 0.093652 0.267904 -0.024962
v 0.094946 0.261484 -0.024650
v 0.020550 0.282493 -0.025372
v 0.044300 0.282083 -0.011768
v 0.076102 0.279634 -0.023561
v 0.076405 0.291881 -0.023280
v 0.062395 0.322875 -0.021583
v 0.035575 0.326422 -0.028409
v 0.044299 0.330788 -0.024732
v 0.039965 0.332102 -0.026893
v 0.037724 0.331441 -0.029008
v 0.032385 0.338060 -0.028653
v 0.047516 0.345761 -0.007714
v 0.011008 0.416240 0.001260
v -0.867583 -0.381781 -0.005037
v -0.930174 -0.365081 0.029807
v -0.766994 -0.309617 -0.022790
v -0.763360 -0.310795 -0.020617
v -0.780783 -0.268951 -0.001941
v -0.634032 -0.205148 -0.000856
v 0.281723 0.097636 0.002179
v 0.257248 0.100977 -0.019242
v -0.258998 0.134147 -0.008728
v -0.153631 0.137393 0.002145
v 0.178649 0.140562 -0.019334
v -0.286564 0.150123 -0.012843
v 0.163860 0.173917 -0.017017
v 0.068910 0.266423 -0.013704
v 0.024729 0.274533 -0.024941
v 0.021527 0.286312 -0.013196
v 0.055325 0.297080 -0.013408
v 0.048015 0.306559 -0.021170
v 0.060694 0.308386 -0.018746
v 0.045523 0.318924 -0.014952
v 0.026335 0.321893 -0.024913
v -0.773305 -0.321644 -0.013302
v -0.787154 -0.309320 -0.022036
v -0.786432 -0.315971 -0.017880
v -0.786197 -0.305476 -0.016279
v -0.719826 -0.292020 -0.018817
v -0.724586 -0.287144 -0.013436
v -0.549230 -0.137169 -0.005896
v -0.445766 -0.108051 -0.003546
v 0.596068 -0.141364 0.001509
v 0.382272 -0.038441 0.048407
v -0.380568 -0.074639 -0.016276
v 0.385188 -0.040909 0.015950
v 0.175440 0.132325 -0.014162
v -0.270725 0.147453 -0.012291
v -0.250903 0.149231 -0.016143
v 0.214549 0.159994 -0.017434
v -0.279329 0.190346 -0.001036
v 0.210122 0.167861 0.008358
v 0.139921 0.216329 -0.017411
v 0.124198 0.228698 -0.017457
v 0.099243 0.254687 -0.014762
v 0.149109 0.244442 -0.017731
v 0.024340 0.271617 -0.016309
v -0.046358 0.275644 0.018030
v 0.064721 0.291406 -0.017103
v 0.021561 0.302552 -0.012871
v 0.047097 0.325559 -0.015243
v 0.025682 0.325975 -0.016221
v 0.034312 0.336721 -0.007775
v -0.008426 0.362333 -0.018724
v 0.006766 0.374899 -0.018626
v -0.900863 -0.351276 0.021461
v -0.798753 -0.308854 -0.017538
v -0.775897 -0.314506 -0.014300
v -0.774658 -0.308556 -0.013172
v -0.797818 -0.279796 0.017774
v -0.731748 -0.291888 -0.017402
v 0.592174 -0.158421 -0.007822
v 0.460117 -0.047919 -0.000737
v 0.287944 0.107725 0.012018
v 0.185015 0.098618 0.002377
v 0.233607 0.101511 -0.006554
v -0.289968 0.137222 -0.010937
v 0.162359 0.148074 -0.004443
v 0.270281 0.213349 0.006250
v 0.264088 0.218671 0.007790
v 0.196179 0.178366 -0.008804
v 0.158070 0.184079 0.009480
v 0.116537 0.238242 -0.011198
v 0.099354 0.242518 -0.014789
v 0.071475 0.281133 -0.012950
v -0.033436 0.315598 0.017318
v -0.016621 0.362604 -0.008386
v 0.052958 0.319757 -0.013041
v -0.745485 -0.305369 -0.005957
v -0.791651 -0.321059 -0.009960
v -0.775677 -0.314412 -0.017142
v -0.768262 -0.312974 -0.010241
v -0.785935 -0.305162 -0.009069
v -0.735108 -0.296960 -0.009814
v 0.746523 -0.294088 0.014028
v 0.754021 -0.284491 0.012947
v -0.683723 -0.261956 -0.013796
v -0.721512 -0.251874 0.006889
v -0.399547 -0.071172 0.011766
v 0.199326 0.109287 0.000414
v 0.210327 0.114904 -0.007852
v 0.290309 0.167573 0.006105
v -0.242526 0.144977 0.008780
v -0.116982 0.142949 0.060313
v -0.272026 0.186794 0.000791
v 0.080718 0.255138 -0.009121
v 0.086608 0.253306 -0.006103
v -0.842149 -0.345176 0.004318
v -0.799176 -0.307797 -0.004288
v -0.798087 -0.315896 -0.009168
v -0.791374 -0.303441 -0.004729
v -0.751741 -0.261884 0.015054
v -0.368075 -0.066779 0.005905
v 0.484858 -0.010868 0.037138
v -0.340661 0.079399 0.009444
v 0.266479 0.099876 0.016132
v -0.283237 0.159553 -0.006683
v 0.141320 0.157364 0.009981
v -0.283409 0.188506 0.000226
v 0.125048 0.156185 0.016252
v 0.066790 0.278159 -0.006236
v 0.037534 0.273688 -0.008913
v 0.029626 0.284019 -0.009270
v 0.062277 0.286017 -0.005663
v 0.025221 0.290863 -0.008595
v 0.055709 0.282992 0.000385
v 0.029253 0.306019 0.004258
v 0.033582 0.320990 -0.005144
v 0.001205 0.389537 -0.004742
v -0.000281 0.417215 0.000744
v -0.806657 -0.321357 -0.001733
v -0.641873 -0.194532 -0.001334
v -0.507454 -0.107910 0.018752
v 0.500013 -0.071367 0.011683
v -0.506365 -0.091694 0.013924
v -0.417592 -0.070064 -0.001120
v -0.365427 -0.034622 -0.002359
v 0.256130 0.095630 0.001894
v 0.228983 0.106357 -0.000696
v 0.211755 0.111818 0.002413
v 0.166801 0.120266 0.000983
v -0.287181 0.133264 0.014674
v -0.271502 0.161053 0.005149
v 0.217039 0.170900 0.008598
v -0.298439 0.167270 -0.002936
v 0.246802 0.207737 0.005994
v 0.172762 0.166217 0.012624
v -0.101394 0.158279 0.067289
v 0.047257 0.272192 0.009594
v 0.036516 0.273644 0.000276
v 0.025672 0.288521 -0.000821
v 0.012187 0.387915 0.005333
v 0.006719 0.392996 0.005727
v -0.745103 -0.291921 -0.001192
v -0.783090 -0.290711 -0.002315
v 0.704311 -0.258104 0.017143
v -0.556092 -0.080166 0.016727
v 0.405679 -0.062751 0.010844
v -0.421139 -0.041908 0.037045
v 0.477931 -0.061664 0.010747
v -0.390537 -0.020287 0.019597
v -0.377733 0.012208 0.029411
v -0.312851 0.092277 0.010098
v 0.236052 0.093210 0.006980
v 0.215933 0.100442 0.006232
v -0.318006 0.121546 0.024289
v 0.206876 0.113305 0.005068
v 0.146120 0.136052 0.008389
v -0.283663 0.160477 0.001277
v 0.066481 0.267174 0.005685
v 0.056772 0.272084 0.005796
v 0.055545 0.317837 0.007357
v 0.059307 0.292661 0.020028
v 0.036002 0.319280 0.009056
v -0.025657 0.348527 0.029684
v -0.005375 0.383889 0.005775
v -0.867328 -0.353992 0.016929
v 0.991822 -0.406464 0.105207
v -0.783564 -0.286954 0.003227
v -0.708861 -0.228286 0.039616
v 0.622210 -0.195040 0.022049
v -0.347559 0.033124 0.018277
v 0.162558 0.110349 0.012281
v -0.184825 0.127673 0.053568
v 0.141263 0.144512 0.014192
v -0.278123 0.159635 0.010847
v -0.029700 0.367045 0.005014
v -0.012424 0.362288 0.015754
v 0.021010 0.347106 0.048152
v 0.005936 0.417592 0.011952
v -0.867485 -0.364406 0.011305
v -0.745111 -0.278134 0.015982
v -0.784113 -0.266494 0.025846
v -0.717116 -0.263708 0.024687
v -0.599700 -0.124706 0.026901
v -0.493793 -0.053029 0.053376
v 0.164824 0.090777 0.022931
v 0.191751 0.100825 0.014211
v 0.210585 0.105809 0.018979
v -0.250329 0.132735 0.018243
v 0.122992 0.151620 0.016037
v -0.272330 0.158113 0.012282
v 0.201430 0.170472 0.016662
v -0.108753 0.171487 0.064020
v 0.063224 0.237786 0.023703
v 0.038775 0.294669 0.012282
v -0.904559 -0.398471 0.038500
v -0.991668 -0.410353 0.038128
v -0.884331 -0.385898 0.025687
v -0.836873 -0.336359 0.017073
v 0.712811 -0.279949 0.030488
v 0.692227 -0.264454 0.051289
v 0.641680 -0.196486 0.030110
v -0.597180 -0.153455 0.015799
v -0.558314 -0.100888 0.023502
v -0.412550 -0.064894 0.038029
v -0.468468 -0.054621 0.044720
v -0.366773 -0.063762 0.021444
v -0.359861 -0.055205 0.038816
v 0.375230 -0.016184 0.066111
v 0.231939 0.088556 0.025593
v 0.282232 0.114168 0.016103
v 0.196783 0.106233 0.021063
v 0.305579 0.113331 0.025236
v 0.206523 0.115625 0.017097
v 0.212982 0.111580 0.016209
v 0.120050 0.136420 0.023623
v -0.279413 0.149773 0.014776
v 0.159781 0.149279 0.030781
v -0.280579 0.174408 0.018647
v 0.265988 0.196423 0.041817
v 0.253270 0.207536 0.025588
v -0.006542 0.334499 0.015228
v -0.001960 0.331643 0.012065
v 0.001646 0.315502 0.015365
v 0.006678 0.321877 0.018975
v 0.003353 0.337468 0.017022
v -0.008757 0.365964 0.026945
v 0.920658 -0.388445 0.105241
v -0.626429 -0.172910 0.084056
v -0.398083 -0.063468 0.028938
v 0.247124 0.088284 0.030493
v 0.149135 0.099736 0.020408
v 0.200984 0.102822 0.021324
v 0.270757 0.112310 0.019958
v -0.268381 0.146684 0.019803
v -0.133857 0.150110 0.059049
v 0.241268 0.200638 0.030533
v -0.030032 0.279809 0.023856
v -0.025758 0.290331 0.022690
v 0.014755 0.290321 0.018140
v 0.019496 0.280865 0.023631
v 0.008309 0.284477 0.023261
v 0.024887 0.292016 0.022760
v -0.030544 0.300347 0.023568
v 0.002807 0.303939 0.023956
v 0.013003 0.310287 0.019212
v -0.004534 0.315873 0.021957
v 0.038543 0.291692 0.027918
v -0.016326 0.352438 0.022953
v -0.007190 0.353924 0.015762
v 0.006038 0.384316 0.032132
v -0.750695 -0.249076 0.050936
v 0.579232 -0.108325 0.051583
v 0.379458 0.000107 0.056372
v 0.305060 0.084018 0.040718
v 0.195986 0.110928 0.016911
v 0.221166 0.113802 0.027107
v -0.174295 0.111063 0.088253
v -0.136937 0.132123 0.087295
v 0.207792 0.154980 0.032826
v 0.018641 0.301048 0.024083
v -0.003389 0.315501 0.028051
v 0.030222 0.315169 0.056001
v 0.002474 0.353432 0.028012
v 0.015393 0.356035 0.038158
v 0.013255 0.364731 0.040933
v 0.005705 0.369747 0.043329
v 0.005745 0.389510 0.065319
v 0.995498 -0.413121 0.030245
v 0.783167 -0.325743 0.076443
v -0.640876 -0.167089 0.080791
v 0.535346 -0.062456 0.060262
v -0.575374 -0.066771 0.043797
v -0.524918 -0.069353 0.062295
v -0.402666 -0.061319 0.033245
v 0.359554 0.004369 0.054571
v -0.326079 0.053335 0.040226
v -0.329029 0.088155 0.036567
v 0.133043 0.092980 0.042993
v 0.173061 0.086579 0.046753
v 0.192866 0.097427 0.030849
v 0.264995 0.103368 0.042258
v 0.190912 0.108763 0.020975
v 0.221532 0.107050 0.025969
v 0.187282 0.114004 0.030677
v 0.202069 0.116443 0.038930
v -0.260235 0.130913 0.041205
v 0.038901 0.280035 0.043200
v 0.005460 0.289868 0.030604
v -0.008681 0.334540 0.031617
v 0.003488 0.328354 0.032027
v -0.030323 0.334099 0.040972
v 0.000644 0.349184 0.031963
v -0.783869 -0.298286 0.068638
v -0.745550 -0.271738 0.042353
v -0.683542 -0.236798 0.046644
v 0.703874 -0.256754 0.054665
v 0.571636 -0.116467 0.054802
v -0.563653 -0.085402 0.046088
v 0.483129 -0.018657 0.052868
v 0.140701 0.090554 0.039422
v 0.206519 0.099118 0.031413
v 0.268262 0.117133 0.038550
v 0.186036 0.109508 0.028346
v 0.202652 0.106001 0.045559
v -0.241923 0.109545 0.081515
v 0.277849 0.128685 0.038220
v 0.267852 0.124181 0.022977
v 0.268633 0.131240 0.023745
v 0.269229 0.133574 0.038440
v -0.270243 0.155925 0.036166
v 0.146975 0.120484 0.056618
v -0.041917 0.283837 0.029019
v 0.015803 0.281532 0.029914
v -0.028237 0.291195 0.031092
v 0.029751 0.291369 0.032753
v 0.032447 0.293218 0.032880
v 0.023454 0.290959 0.034266
v 0.030944 0.290485 0.030037
v -0.034989 0.295319 0.030148
v 0.029900 0.295986 0.039460
v -0.033848 0.311503 0.034899
v 0.029898 0.312335 0.036934
v -0.031089 0.324495 0.037436
v -0.024519 0.326572 0.035412
v -0.002726 0.326775 0.037140
v 0.006592 0.336250 0.038723
v 0.001175 0.342501 0.035981
v -0.004960 0.358835 0.032446
v 0.784250 -0.311275 0.075483
v -0.771132 -0.280585 0.047765
v -0.567511 -0.061573 0.040284
v -0.355322 -0.038421 0.076386
v 0.483993 0.019472 0.069074
v -0.385131 -0.004551 0.041926
v 0.202026 0.111495 0.046989
v 0.272265 0.118183 0.033281
v 0.277780 0.119792 0.039287
v 0.251892 0.128119 0.038342
v 0.253335 0.123162 0.039281
v 0.173360 0.124115 0.056754
v 0.096353 0.158195 0.048513
v -0.046020 0.271922 0.036000
v -0.020120 0.274854 0.039617
v -0.035204 0.270250 0.040162
v 0.017741 0.271457 0.036743
v 0.026930 0.284586 0.039868
v -0.000722 0.288167 0.037378
v -0.016582 0.292130 0.039582
v -0.021058 0.298399 0.039709
v 0.010563 0.292963 0.032456
v -0.023276 0.309254 0.035675
v -0.013382 0.306481 0.040457
v 0.025847 0.309055 0.039075
v -0.012705 0.332804 0.036201
v -0.015585 0.321227 0.036295
v -0.009049 0.329508 0.034926
v 0.027272 0.363481 0.058164
v -0.008203 0.344773 0.038731
v 0.010367 0.356909 0.037481
v -0.989022 -0.414526 0.042645
v -0.864666 -0.366726 0.056136
v -0.859738 -0.354260 0.056248
v -0.675287 -0.195590 0.080551
v 0.624120 -0.179197 0.060595
v 0.623551 -0.199657 0.059679
v 0.611063 -0.158811 0.075686
v 0.534233 -0.082574 0.063537
v 0.385374 0.001578 0.061258
v -0.343395 -0.007909 0.077249
v 0.219176 0.085336 0.040348
v 0.195204 0.141471 0.044881
v 0.240025 0.198660 0.083443
v 0.094732 0.184017 0.061840
v 0.022127 0.274763 0.042365
v 0.031935 0.286102 0.042376
v 0.019898 0.291415 0.044323
v 0.030610 0.303751 0.042262
v -0.022760 0.316418 0.042450
v -0.033035 0.321574 0.032672
v -0.036737 0.318535 0.044425
v -0.026976 0.328865 0.042457
v 0.012561 0.348261 0.047716
v -0.008902 0.345680 0.049314
v 0.996283 -0.412209 0.104989
v -0.557213 -0.080283 0.045199
v -0.548491 -0.079622 0.050032
v -0.362794 -0.059742 0.050855
v -0.414443 -0.015547 0.080303
v 0.491977 0.008710 0.060450
v -0.377005 -0.009315 0.066514
v 0.275542 0.127306 0.043479
v 0.271871 0.117874 0.043620
v 0.258688 0.130291 0.045195
v 0.192112 0.132920 0.058491
v 0.039936 0.266656 0.064003
v 0.017154 0.265203 0.056255
v -0.019033 0.296285 0.047316
v -0.017254 0.308253 0.042620
v -0.030998 0.318857 0.047608
v -0.032097 0.325811 0.044365
v 0.009190 0.336440 0.045911
v -0.032677 0.336860 0.046218
v -0.016244 0.350384 0.070907
v -0.539185 -0.038919 0.069748
v 0.143982 0.085095 0.068516
v 0.273652 0.115633 0.059889
v 0.234058 0.103566 0.049535
v 0.238606 0.110647 0.051245
v 0.227175 0.110828 0.037928
v 0.207347 0.110325 0.056267
v 0.227056 0.118273 0.044874
v 0.216493 0.107319 0.049372
v 0.234154 0.117848 0.049825
v -0.242414 0.122753 0.086919
v 0.269875 0.126506 0.048615
v 0.233445 0.191700 0.100452
v 0.020748 0.280806 0.044168
v -0.002960 0.287276 0.044074
v 0.007523 0.285859 0.046474
v 0.012441 0.290372 0.051472
v 0.031045 0.290563 0.049916
v -0.020654 0.316898 0.054877
v -0.007095 0.333589 0.050200
v -0.032090 0.329939 0.045302
v -0.853326 -0.366338 0.093213
v -0.559012 -0.080488 0.051988
v 0.388608 -0.017099 0.065326
v 0.239101 0.085499 0.062944
v 0.226786 0.100878 0.050784
v 0.256121 0.100689 0.071861
v -0.027775 0.266590 0.063861
v 0.013822 0.280435 0.047302
v -0.011589 0.279028 0.050661
v -0.021605 0.322680 0.070119
v -0.009110 0.329748 0.055572
v -0.034981 0.330239 0.058632
v 0.010830 0.352191 0.055215
v -0.867273 -0.338776 0.108937
v -0.846315 -0.321862 0.108872
v 0.641367 -0.212690 0.108568
v -0.401600 -0.055628 0.088110
v -0.393128 -0.005798 0.071325
v -0.381708 -0.006577 0.059111
v 0.338436 0.033230 0.088728
v 0.154837 0.091246 0.067137
v 0.232747 0.104513 0.059032
v 0.233022 0.111128 0.062698
v 0.269243 0.116626 0.067046
v 0.228056 0.117287 0.064229
v 0.233110 0.119510 0.056962
v 0.236273 0.126713 0.051392
v 0.230270 0.130828 0.053083
v 0.229083 0.126768 0.051940
v 0.020487 0.271950 0.058362
v 0.032129 0.274636 0.060788
v -0.019073 0.280084 0.057930
v -0.064226 0.329709 0.117776
v 0.002940 0.343762 0.055136
v -0.001175 0.346358 0.052876
v -0.000099 0.343933 0.057842
v 0.015821 0.335923 0.065829
v 0.003560 0.351287 0.055195
v 0.630029 -0.220475 0.105133
v -0.477865 -0.056503 0.074844
v 0.133005 0.095696 0.084743
v 0.215450 0.103788 0.061749
v 0.109715 0.126308 0.075880
v 0.231532 0.118226 0.057477
v 0.244243 0.126261 0.066610
v 0.208587 0.130131 0.073573
v 0.115911 0.146016 0.065994
v 0.298654 0.099624 0.079510
v 0.062002 0.208747 0.136589
v 0.025513 0.307619 0.068249
v -0.002359 0.330066 0.065305
v -0.003036 0.332119 0.059654
v -0.010848 0.328177 0.064593
v -0.009277 0.334580 0.063091
v 0.009066 0.337741 0.063692
v -0.013644 0.348781 0.063183
v 0.010187 0.345492 0.061198
v -0.625063 -0.141525 0.170964
v -0.511156 -0.058086 0.075641
v -0.575062 -0.070835 0.096530
v 0.292861 0.084449 0.080345
v 0.336626 0.058999 0.067262
v -0.232546 0.110272 0.093105
v 0.216210 0.119567 0.072706
v 0.233475 0.119597 0.063094
v 0.212017 0.124224 0.069310
v 0.241489 0.132661 0.069544
v -0.119652 0.166380 0.090359
v 0.063689 0.174742 0.118847
v 0.016218 0.266724 0.064137
v 0.017483 0.259574 0.071910
v -0.015683 0.276562 0.074831
v 0.001818 0.273037 0.067561
v -0.009146 0.345943 0.065769
v 0.986437 -0.414569 0.109258
v 0.659222 -0.253899 0.093041
v 0.662057 -0.235375 0.092775
v -0.520799 -0.058917 0.076441
v -0.384840 -0.062910 0.101041
v 0.459630 -0.008809 0.065768
v 0.359876 0.004801 0.072018
v 0.150837 0.084488 0.080834
v 0.206642 0.090399 0.078820
v 0.218513 0.101133 0.071295
v 0.258034 0.108255 0.071501
v 0.187397 0.107212 0.078201
v 0.228846 0.100669 0.071200
v 0.148668 0.116603 0.066915
v 0.140646 0.116012 0.080266
v 0.176127 0.124257 0.077657
v -0.120332 0.130665 0.076530
v 0.241775 0.192457 0.099800
v -0.063720 0.266814 0.096374
v -0.053154 0.268177 0.075520
v 0.018504 0.275522 0.081342
v 0.008640 0.328347 0.078795
v 0.006350 0.341196 0.072253
v -0.035593 0.332747 0.079800
v 0.551116 -0.105143 0.097388
v 0.564915 -0.099980 0.096146
v -0.562614 -0.095030 0.122188
v -0.456663 -0.052681 0.088741
v 0.503250 -0.018529 0.108529
v 0.468098 0.000794 0.073860
v 0.469902 0.004934 0.080097
v 0.476712 0.023302 0.087934
v -0.317704 0.017714 0.094920
v 0.327688 0.074118 0.113727
v 0.230375 0.089119 0.071113
v 0.137731 0.080335 0.089238
v 0.138290 0.075955 0.106778
v 0.212742 0.096725 0.074417
v 0.187690 0.114487 0.078287
v 0.202375 0.124920 0.074141
v 0.240309 0.120561 0.086443
v 0.229347 0.139009 0.066015
v 0.247093 0.140263 0.069473
v 0.240526 0.147483 0.069339
v 0.222041 0.147141 0.079718
v 0.194423 0.141201 0.089715
v 0.003397 0.262532 0.092425
v -0.020293 0.302916 0.085878
v 0.020262 0.305529 0.076720
v 0.007781 0.323959 0.077830
v -0.004889 0.336952 0.070970
v -0.015844 0.350360 0.081019
v -0.009845 0.351046 0.067909
v -0.003329 0.344489 0.075951
v -0.721541 -0.262961 0.080251
v -0.582285 -0.115847 0.139473
v 0.500375 -0.045821 0.114878
v -0.382473 -0.034260 0.094197
v -0.371233 -0.025300 0.087124
v 0.365987 -0.015300 0.109609
v 0.461522 -0.001542 0.079531
v 0.188887 0.075313 0.175438
v 0.254788 0.098896 0.083622
v 0.264582 0.108250 0.098690
v 0.216307 0.102325 0.079902
v 0.269605 0.113410 0.085560
v 0.263023 0.113040 0.084445
v 0.148951 0.112451 0.080769
v 0.198597 0.120325 0.090997
v -0.184915 0.123483 0.097434
v -0.171385 0.127881 0.093699
v 0.222215 0.133683 0.074203
v 0.220490 0.139874 0.074305
v 0.246282 0.151607 0.079500
v 0.251290 0.145445 0.078445
v 0.237444 0.155658 0.079867
v 0.090335 0.170422 0.104916
v 0.016401 0.261104 0.080932
v 0.029108 0.279995 0.093047
v 0.002817 0.270479 0.085149
v 0.028037 0.300514 0.081805
v 0.042794 0.301254 0.078970
v 0.002299 0.334646 0.077027
v -0.009967 0.352604 0.077338
v 0.000077 0.350650 0.104002
v 0.024252 0.309613 0.103179
v -0.030790 0.349997 0.120057
v 0.527813 -0.058792 0.117109
v -0.516580 -0.065808 0.085487
v -0.361895 -0.057468 0.101357
v 0.468890 -0.007991 0.094070
v 0.228845 0.103043 0.083813
v 0.235336 0.103954 0.092179
v 0.161978 0.124480 0.086320
v 0.201399 0.131833 0.096346
v 0.252571 0.132271 0.087192
v 0.237811 0.150836 0.083033
v -0.034893 0.265237 0.095435
v 0.008116 0.275936 0.086115
v -0.024240 0.280925 0.079699
v 0.029498 0.283344 0.089018
v -0.023145 0.313937 0.085083
v 0.015797 0.307386 0.088312
v -0.023488 0.321642 0.086068
v -0.028316 0.325311 0.094855
v -0.003909 0.338315 0.085977
v -0.808908 -0.313624 0.167495
v -0.513943 -0.021058 0.102115
v -0.398866 -0.016971 0.086694
v 0.468250 0.001189 0.087409
v 0.191785 0.102083 0.088084
v 0.191186 0.092483 0.097984
v 0.223469 0.100852 0.093289
v 0.143576 0.120015 0.106640
v 0.215318 0.145704 0.095850
v 0.014932 0.254656 0.095418
v -0.057524 0.270018 0.091298
v -0.015269 0.273092 0.084833
v -0.019003 0.281194 0.091146
v 0.020043 0.299989 0.087050
v -0.016324 0.304234 0.090343
v -0.000658 0.327811 0.090586
v -0.024309 0.341157 0.097938
v -0.013427 0.344019 0.090748
v 0.696503 -0.285675 0.118131
v 0.683219 -0.278080 0.105718
v 0.398728 0.009538 0.104839
v 0.371146 -0.001059 0.116746
v 0.317196 0.066984 0.121952
v 0.173883 0.110507 0.089948
v 0.179222 0.104118 0.090310
v 0.180220 0.118227 0.092415
v 0.121296 0.112469 0.109377
v 0.245461 0.117520 0.089925
v 0.217130 0.134341 0.101094
v -0.137708 0.149634 0.094401
v 0.240488 0.147920 0.095751
v -0.105150 0.183362 0.107367
v 0.046498 0.208365 0.127934
v -0.088595 0.237043 0.137956
v 0.020236 0.255593 0.092355
v -0.009725 0.276952 0.098603
v -0.000839 0.279886 0.099998
v -0.005976 0.292908 0.094024
v -0.017086 0.295372 0.091633
v -0.001901 0.307175 0.089133
v 0.007313 0.315537 0.092133
v -0.019473 0.325618 0.094837
v -0.018136 0.339797 0.099109
v -0.938134 -0.375549 0.113122
v 0.695122 -0.263537 0.100470
v -0.512004 -0.066561 0.126769
v -0.494821 -0.060359 0.122917
v 0.470826 -0.012255 0.114690
v -0.332758 0.008197 0.120502
v -0.237310 0.119480 0.108704
v 0.241011 0.093745 0.108414
v 0.214337 0.091618 0.097472
v 0.191686 0.103800 0.100834
v 0.258925 0.109276 0.093369
v 0.184250 0.118548 0.102635
v 0.260799 0.127679 0.097050
v 0.251431 0.134273 0.101727
v 0.247250 0.144180 0.102077
v 0.194209 0.156305 0.110988
v 0.025476 0.277971 0.095794
v -0.046863 0.283739 0.087483
v -0.048425 0.299221 0.083500
v -0.055988 0.278205 0.098306
v -0.009481 0.297774 0.099237
v -0.033086 0.331391 0.097458
v -0.867512 -0.395452 0.189045
v 0.679367 -0.245966 0.101573
v -0.397258 -0.056914 0.105762
v -0.377893 -0.046412 0.116803
v 0.352911 -0.008170 0.146935
v 0.191612 0.098110 0.099810
v 0.216898 0.103766 0.101465
v 0.245778 0.108826 0.094570
v 0.120113 0.116727 0.122510
v 0.251950 0.120527 0.096665
v 0.188051 0.128562 0.097285
v 0.164052 0.170451 0.127147
v 0.050485 0.183637 0.139551
v -0.108222 0.233625 0.142972
v 0.011038 0.262685 0.098568
v 0.001911 0.265728 0.109088
v -0.009884 0.264621 0.111673
v -0.052001 0.274366 0.096335
v -0.022206 0.281174 0.096800
v -0.014878 0.274449 0.098315
v -0.006127 0.281830 0.100171
v -0.016185 0.288049 0.097160
v -0.040493 0.273246 0.101596
v -0.037017 0.303126 0.100244
v -0.043056 0.307333 0.095872
v -0.014211 0.328995 0.100011
v -0.963394 -0.408495 0.220621
v -0.833894 -0.353906 0.172521
v 0.545301 -0.099948 0.114348
v -0.347746 -0.036620 0.118248
v -0.400657 -0.021602 0.109162
v -0.501929 -0.017149 0.106171
v 0.262518 0.106501 0.133097
v 0.212458 0.090572 0.113540
v 0.129398 0.095250 0.119141
v 0.245539 0.105531 0.104884
v 0.171292 0.116140 0.103981
v 0.242438 0.117337 0.114679
v 0.213972 0.144827 0.109028
v 0.235701 0.150834 0.096794
v -0.175092 0.148053 0.131149
v 0.180369 0.158534 0.114009
v 0.243180 0.158022 0.100565
v 0.236245 0.163082 0.097990
v 0.227964 0.153385 0.099092
v -0.111788 0.212647 0.119275
v 0.006368 0.271782 0.100102
v 0.023805 0.268749 0.099183
v 0.025559 0.267940 0.106803
v -0.014811 0.282378 0.103609
v -0.056904 0.290879 0.104115
v -0.050641 0.308449 0.098126
v -0.038298 0.316526 0.099427
v -0.043471 0.320159 0.099550
v -0.033150 0.321591 0.100027
v -0.028144 0.318702 0.104151
v -0.022939 0.318544 0.097138
v -0.015897 0.322326 0.101368
v -0.028562 0.327625 0.106665
v -0.015302 0.333510 0.099996
v -0.022910 0.337765 0.102879
v 0.983395 -0.405124 0.255034
v -0.656356 -0.175591 0.187723
v 0.557912 -0.129045 0.118669
v -0.533580 -0.077099 0.130794
v -0.305359 0.008966 0.143166
v 0.436028 0.002862 0.149046
v 0.128722 0.086125 0.118904
v 0.227378 0.087980 0.134751
v 0.188901 0.090050 0.104340
v 0.161982 0.109798 0.109022
v 0.159312 0.105326 0.117315
v 0.233370 0.103718 0.119271
v -0.150076 0.140507 0.120217
v 0.258183 0.128489 0.106198
v 0.175881 0.133197 0.112761
v 0.270127 0.120523 0.158966
v 0.235317 0.154070 0.109415
v 0.241553 0.155193 0.105039
v -0.141346 0.185813 0.123753
v 0.241285 0.155714 0.106774
v 0.225285 0.162289 0.103723
v 0.241951 0.162074 0.104178
v 0.235511 0.168842 0.108206
v -0.030923 0.266611 0.112838
v 0.018445 0.272480 0.105337
v -0.040014 0.274042 0.111935
v -0.041153 0.311619 0.109343
v -0.044055 0.319594 0.106414
v -0.055014 0.313323 0.116076
v -0.017473 0.326912 0.105511
v 0.909414 -0.374077 0.225833
v 0.448195 -0.013986 0.139263
v 0.150286 0.079358 0.130938
v 0.178885 0.092559 0.106289
v 0.206943 0.088868 0.138238
v 0.184717 0.098306 0.108451
v 0.220413 0.100808 0.113529
v 0.187923 0.102345 0.117545
v -0.224621 0.110967 0.122435
v 0.246656 0.110386 0.113885
v 0.176153 0.120048 0.107371
v -0.183191 0.125205 0.130812
v 0.174421 0.128246 0.106573
v 0.242650 0.136162 0.113981
v 0.246211 0.144232 0.113606
v 0.140468 0.137509 0.131634
v 0.222783 0.162216 0.117866
v 0.241642 0.160996 0.113300
v 0.029457 0.249810 0.119221
v 0.018978 0.262751 0.112240
v -0.068260 0.283573 0.126110
v -0.057867 0.337739 0.125425
v 0.733429 -0.322583 0.172247
v 0.737889 -0.310799 0.175585
v 0.641087 -0.257547 0.210121
v 0.596382 -0.208337 0.155853
v -0.481689 -0.013159 0.142094
v 0.468517 0.018310 0.116506
v 0.305614 0.096893 0.157248
v 0.237898 0.116559 0.122885
v -0.187746 0.117057 0.120596
v 0.174962 0.119523 0.114578
v -0.209355 0.125975 0.125901
v 0.169075 0.126714 0.117031
v 0.251541 0.127082 0.118996
v 0.079654 0.159504 0.139245
v 0.172568 0.131716 0.134610
v 0.230103 0.134013 0.135377
v -0.036078 0.286004 0.116393
v -0.047055 0.317965 0.117581
v 0.993924 -0.411581 0.121819
v -0.900522 -0.374018 0.238035
v 0.708328 -0.282422 0.154705
v 0.678824 -0.263061 0.141844
v 0.607831 -0.200430 0.154437
v -0.534045 -0.021561 0.166608
v 0.369814 -0.002993 0.139226
v 0.384139 -0.011617 0.154274
v 0.296299 0.083278 0.156656
v 0.233620 0.098724 0.128053
v 0.167207 0.090628 0.115554
v 0.250121 0.104035 0.124597
v 0.152977 0.111975 0.116980
v 0.159086 0.116181 0.116846
v 0.248291 0.121305 0.130393
v 0.210742 0.144882 0.117754
v 0.217907 0.145658 0.125848
v 0.223033 0.152597 0.117377
v 0.087386 0.179182 0.145466
v 0.230633 0.163745 0.128397
v 0.002312 0.271547 0.115648
v -0.015003 0.277214 0.114973
v -0.013615 0.282734 0.115355
v -0.018535 0.286688 0.116450
v -0.059118 0.295411 0.127966
v -0.047353 0.311371 0.121578
v 0.664050 -0.266131 0.122712
v 0.545100 -0.099667 0.140607
v 0.370737 -0.033825 0.155996
v 0.449653 -0.019092 0.148854
v 0.135607 0.068617 0.124468
v 0.243172 0.099822 0.128234
v 0.149460 0.097640 0.133890
v 0.149479 0.090395 0.134775
v 0.213077 0.102253 0.126670
v 0.231279 0.104648 0.128078
v 0.166610 0.124221 0.135230
v 0.201435 0.132004 0.143782
v 0.246118 0.143757 0.131769
v 0.236490 0.158422 0.132632
v 0.203290 0.147178 0.173948
v 0.002738 0.272791 0.122878
v -0.008731 0.276270 0.121441
v -0.016991 0.284273 0.123952
v 0.008706 0.295602 0.130713
v -0.726967 -0.277598 0.214224
v -0.676227 -0.220098 0.159493
v -0.406910 -0.069570 0.132134
v -0.473245 -0.069672 0.140224
v -0.541592 -0.030318 0.170267
v -0.399888 -0.025206 0.145781
v 0.188039 0.100153 0.142895
v -0.233756 0.100970 0.138285
v -0.151149 0.149622 0.144721
v 0.228451 0.143138 0.136905
v 0.237053 0.137013 0.132652
v -0.138856 0.175999 0.138674
v -0.183467 0.141767 0.137781
v -0.125658 0.191181 0.137564
v -0.009614 0.266981 0.131843
v -0.041669 0.288533 0.128296
v -0.053126 0.300164 0.129029
v 0.992344 -0.414889 0.142632
v -0.771561 -0.287882 0.188383
v 0.612959 -0.220347 0.167881
v 0.559248 -0.145456 0.156486
v -0.254463 0.100609 0.147878
v 0.214047 0.093998 0.137198
v 0.188055 0.103491 0.135398
v -0.237493 0.114515 0.143145
v 0.154480 0.108530 0.143911
v 0.159622 0.115591 0.143282
v -0.177272 0.109802 0.146908
v 0.240168 0.114781 0.132533
v 0.165151 0.127944 0.128636
v 0.250399 0.128030 0.135040
v 0.241559 0.134866 0.147294
v 0.171557 0.136572 0.156543
v 0.182415 0.137896 0.153734
v 0.223026 0.164452 0.148794
v 0.242390 0.172422 0.140438
v -0.149199 0.187310 0.143220
v 0.007185 0.229509 0.146065
v -0.052225 0.288860 0.133725
v -0.051214 0.338733 0.131586
v -0.604370 -0.132387 0.182597
v -0.524264 -0.078218 0.144755
v 0.414281 -0.020319 0.153107
v 0.333796 0.071115 0.147680
v 0.124558 0.045671 0.146430
v 0.317368 0.088934 0.148943
v 0.211044 0.100134 0.138262
v -0.194131 0.112992 0.143008
v 0.214673 0.102896 0.145996
v 0.191225 0.106316 0.143479
v 0.247641 0.116336 0.132360
v 0.191987 0.121943 0.136297
v 0.193056 0.112331 0.144373
v 0.242204 0.119303 0.139187
v 0.185515 0.125921 0.143508
v 0.225715 0.131732 0.143715
v -0.153440 0.150188 0.138916
v 0.235137 0.143334 0.141298
v 0.153420 0.163050 0.141343
v -0.541562 -0.092710 0.157034
v -0.379457 -0.046586 0.147332
v -0.371239 -0.050962 0.158010
v 0.384415 -0.022481 0.144089
v 0.468272 -0.020253 0.148571
v 0.308893 0.063251 0.165994
v 0.157846 0.078279 0.160301
v 0.217332 0.079636 0.164616
v 0.119726 0.099091 0.139115
v 0.219867 0.090030 0.167041
v 0.229198 0.097096 0.156056
v 0.224799 0.096285 0.145946
v 0.253759 0.115762 0.152094
v -0.205791 0.124653 0.142925
v 0.180532 0.129096 0.142716
v 0.191670 0.126746 0.141039
v 0.245969 0.127007 0.143456
v 0.100255 0.137789 0.141168
v 0.134920 0.136374 0.139829
v 0.162064 0.171300 0.137879
v 0.036395 0.163192 0.171259
v -0.109506 0.204890 0.148215
v 0.903828 -0.385107 0.201268
v -0.854878 -0.337770 0.175255
v 0.699405 -0.294709 0.176600
v 0.449567 -0.049632 0.170640
v -0.325623 0.008509 0.171996
v 0.228856 0.085461 0.164385
v 0.169365 0.111608 0.146398
v 0.261785 0.104949 0.152761
v 0.200688 0.120270 0.150404
v -0.171402 0.128850 0.166712
v -0.070934 0.262981 0.145549
v 0.724485 -0.339700 0.302198
v -0.755242 -0.306928 0.210045
v 0.619392 -0.213377 0.200107
v 0.594889 -0.192781 0.191757
v -0.374764 -0.080849 0.160614
v 0.453219 -0.016105 0.165037
v 0.382273 -0.008860 0.164040
v 0.142081 0.016170 0.164874
v 0.108840 0.099270 0.158291
v 0.197378 0.087427 0.163444
v 0.218371 0.092645 0.146044
v 0.211753 0.100135 0.152237
v 0.160516 0.111450 0.149214
v 0.218204 0.116096 0.152690
v 0.225192 0.124069 0.150383
v 0.236310 0.122061 0.151694
v -0.506673 -0.094424 0.166666
v -0.423509 -0.098963 0.170443
v 0.440309 -0.024254 0.158165
v 0.447608 -0.006578 0.160675
v -0.282685 0.069410 0.160417
v -0.255388 0.091922 0.166334
v -0.307882 0.008456 0.184488
v 0.197130 0.100450 0.156657
v -0.228286 0.114432 0.162273
v 0.198463 0.110481 0.157913
v 0.200689 0.104949 0.154160
v 0.205914 0.115476 0.155455
v 0.232111 0.126386 0.157867
v 0.241313 0.127179 0.158647
v 0.062158 0.141470 0.171562
v 0.250642 0.142736 0.169707
v 0.243009 0.148803 0.169038
v 0.026850 0.189998 0.176601
v -0.854901 -0.347012 0.196284
v -0.563036 -0.114397 0.169480
v -0.350833 -0.065635 0.217627
v 0.506051 -0.104214 0.190860
v 0.384738 -0.040682 0.168051
v 0.116511 0.007960 0.174276
v 0.197648 0.098454 0.178074
v 0.220251 0.093971 0.162039
v 0.235425 0.100650 0.158289
v 0.256311 0.100367 0.156627
v -0.153069 0.110343 0.176415
v 0.248803 0.110530 0.161240
v -0.226409 0.127486 0.160819
v 0.149393 0.129238 0.164358
v 0.990517 -0.410765 0.217551
v 0.649736 -0.250578 0.212520
v -0.669670 -0.219955 0.189470
v -0.415791 -0.029592 0.164406
v 0.131759 -0.004510 0.173693
v 0.293724 0.070572 0.165938
v 0.214338 0.071533 0.176716
v 0.287099 0.082457 0.164963
v 0.245755 0.106249 0.161006
v 0.308484 0.142399 0.192425
v 0.218950 0.115702 0.168537
v 0.240796 0.116393 0.168132
v 0.282858 0.112129 0.169551
v 0.135010 0.113310 0.155674
v 0.140439 0.118151 0.157096
v 0.161327 0.120482 0.172913
v 0.059139 0.150645 0.191727
v -0.091159 0.201861 0.174815
v -0.086862 0.234374 0.178765
v 0.589240 -0.202666 0.184741
v 0.488107 -0.107847 0.195122
v -0.390127 -0.074193 0.198811
v 0.454837 -0.045830 0.180787
v 0.153518 0.026273 0.195015
v 0.163295 0.079765 0.164746
v 0.192470 0.090665 0.177961
v 0.190938 0.094194 0.178968
v 0.298035 0.105317 0.169990
v 0.214983 0.106312 0.172915
v -0.250332 0.130107 0.201601
v 0.228427 0.143059 0.175627
v -0.132113 0.158701 0.187079
v -0.407603 -0.099138 0.173849
v -0.379839 -0.071479 0.195559
v 0.406024 -0.041429 0.174159
v 0.386482 -0.016107 0.171768
v 0.393816 -0.017482 0.166693
v 0.313320 0.069897 0.178714
v 0.281095 0.064531 0.169921
v 0.167259 0.075937 0.173615
v 0.345473 0.113341 0.209661
v 0.237197 0.086635 0.173452
v 0.211699 0.090580 0.178016
v 0.247280 0.098617 0.176787
v 0.270469 0.092430 0.177327
v 0.269372 0.087939 0.171870
v 0.128426 0.088912 0.169259
v 0.136639 0.092556 0.162167
v 0.215185 0.098884 0.173426
v 0.269673 0.099024 0.173545
v 0.197559 0.108924 0.178322
v 0.246789 0.110485 0.168818
v -0.210237 0.140458 0.206603
v 0.263652 0.142395 0.171504
v -0.950367 -0.411891 0.232300
v 0.608563 -0.218469 0.198214
v 0.394353 -0.050748 0.178105
v 0.378880 -0.045155 0.177233
v -0.440112 -0.045385 0.177973
v 0.422171 -0.037667 0.187394
v 0.139924 -0.021242 0.188950
v 0.087453 0.053363 0.184571
v 0.265228 0.070014 0.172193
v 0.265608 0.062112 0.180561
v 0.297035 0.069433 0.171306
v 0.260932 0.088358 0.171233
v 0.138165 0.080241 0.173674
v 0.247263 0.090095 0.178354
v 0.226477 0.095313 0.172643
v -0.241888 0.116266 0.187701
v -0.168179 0.116491 0.182975
v 0.240019 0.106204 0.181489
v 0.233789 0.113712 0.182417
v 0.292619 0.117439 0.179378
v 0.262536 0.193005 0.183453
v 0.248223 0.154793 0.175076
v 0.516342 -0.117295 0.194926
v -0.431973 -0.116364 0.194458
v 0.462451 -0.078975 0.194475
v 0.470820 -0.071114 0.196430
v 0.394634 -0.029525 0.187626
v 0.385558 0.005155 0.208405
v -0.295282 0.059442 0.197223
v 0.268434 0.062341 0.192320
v 0.307665 0.078845 0.172706
v 0.248030 0.079328 0.178667
v 0.221764 0.076221 0.189346
v 0.218652 0.094750 0.180078
v 0.260521 0.093652 0.176085
v 0.247476 0.094131 0.181253
v 0.201713 0.110262 0.180487
v 0.221627 0.109979 0.174804
v 0.239826 0.109680 0.184911
v 0.116503 0.101192 0.181905
v -0.087137 0.133947 0.219686
v 0.988364 -0.414082 0.217361
v 0.637741 -0.259546 0.223210
v 0.419742 -0.053163 0.185117
v 0.400694 -0.033051 0.186325
v 0.126849 0.043709 0.185007
v 0.132166 0.059443 0.175869
v 0.133179 0.045737 0.185900
v 0.187675 0.076620 0.180766
v 0.210356 0.072021 0.185579
v 0.203478 0.077722 0.181003
v 0.300057 0.078827 0.174515
v 0.313105 0.080581 0.179276
v 0.240849 0.081849 0.186296
v 0.306804 0.084167 0.179240
v 0.166373 0.114634 0.181839
v 0.207372 0.133223 0.188921
v -0.533158 -0.154082 0.252700
v -0.405218 -0.115362 0.214455
v 0.117359 -0.064786 0.199964
v 0.129618 -0.037535 0.186724
v -0.353893 -0.047707 0.229468
v 0.347295 0.022416 0.221785
v 0.253361 0.069609 0.190397
v 0.303725 0.085635 0.195505
v -0.155558 0.134151 0.185049
v -0.138166 0.145615 0.193200
v 0.224680 0.143093 0.181116
v 0.250935 0.175486 0.185848
v 0.294660 0.202275 0.213244
v 0.521414 -0.143300 0.206426
v -0.534620 -0.153554 0.286512
v 0.383042 -0.049921 0.209068
v 0.393767 -0.049499 0.197130
v -0.334906 -0.049635 0.218560
v 0.107304 -0.075189 0.205522
v 0.140561 -0.022561 0.203000
v 0.133585 0.004074 0.218690
v 0.287401 0.083207 0.195335
v 0.239849 0.070242 0.193938
v 0.032444 0.087062 0.204141
v 0.170257 0.105433 0.189309
v -0.116930 0.133569 0.198548
v 0.225264 0.158727 0.201529
v -0.105517 0.174767 0.206217
v 0.762596 -0.352565 0.305309
v -0.767581 -0.283589 0.225859
v -0.633736 -0.226352 0.264833
v -0.414072 -0.092977 0.214926
v 0.124027 -0.066519 0.215024
v 0.398228 -0.037525 0.204416
v 0.367040 -0.012685 0.209421
v 0.128407 0.028530 0.194124
v 0.121973 0.025836 0.194649
v 0.204088 0.053092 0.199544
v 0.215906 0.071822 0.203222
v 0.271775 0.071284 0.205923
v -0.076313 0.091663 0.222748
v 0.186139 0.118289 0.193913
v 0.211868 0.125739 0.194937
v -0.124717 0.164093 0.197234
v 0.246436 0.174158 0.202261
v 0.265179 0.219518 0.203242
v 0.553833 -0.158692 0.207082
v 0.396485 -0.061158 0.230644
v 0.102448 0.030742 0.214588
v 0.231750 0.069185 0.200388
v -0.286601 0.049873 0.226401
v 0.302155 0.100248 0.212973
v 0.192091 0.079595 0.202401
v -0.144346 0.110993 0.197673
v -0.153324 0.114148 0.196115
v -0.121201 0.116212 0.205741
v -0.190327 0.139582 0.227354
v -0.116000 0.130362 0.208666
v -0.167524 0.153269 0.220648
v -0.106881 0.133907 0.203898
v 0.255657 0.197592 0.206900
v -0.890980 -0.410552 0.263719
v -0.396621 -0.082306 0.208317
v -0.324023 -0.024862 0.243202
v 0.223661 0.075650 0.202572
v 0.294772 0.100211 0.215484
v -0.146377 0.108719 0.209458
v -0.233190 0.133364 0.237008
v -0.102935 0.120844 0.212766
v -0.126217 0.164857 0.202573
v -0.117424 0.167922 0.206280
v -0.969353 -0.411656 0.196120
v -0.963644 -0.414115 0.220395
v -0.775992 -0.351717 0.268978
v -0.476795 -0.141144 0.240912
v 0.467028 -0.097345 0.223484
v 0.190805 0.021042 0.210978
v 0.287301 0.088205 0.211629
v 0.308732 0.091824 0.211253
v 0.200930 0.095113 0.203669
v -0.268083 0.120889 0.242764
v -0.243195 0.129398 0.251154
v -0.154664 0.130287 0.207517
v 0.030556 0.063442 0.232432
v 0.239006 0.183734 0.218213
v 0.271617 0.227437 0.215021
v -0.444730 -0.140735 0.232094
v -0.493076 -0.142887 0.274673
v 0.407737 -0.049181 0.225893
v 0.392839 -0.028529 0.221583
v 0.251436 0.076789 0.210634
v 0.270364 0.078507 0.211277
v 0.215260 0.129908 0.245525
v -0.127498 0.213016 0.225565
v -0.115739 0.170590 0.211319
v -0.108319 0.170703 0.212544
v 0.453293 -0.092329 0.259797
v 0.118860 0.004597 0.205975
v 0.112969 0.001394 0.209521
v 0.211762 0.078812 0.216587
v 0.170174 0.021639 0.219089
v 0.184095 0.047174 0.216282
v 0.222816 0.087273 0.216033
v -0.315420 0.029511 0.226127
v -0.111259 0.099109 0.226919
v 0.276743 0.128724 0.209899
v 0.291276 0.123484 0.211556
v 0.291455 0.131160 0.211765
v -0.096112 0.150679 0.214968
v 0.271490 0.228943 0.221507
v 0.265837 0.229145 0.221707
v 0.475592 -0.091553 0.229022
v -0.542491 -0.120864 0.244238
v -0.425874 -0.102170 0.229430
v -0.368062 -0.077480 0.230492
v 0.091783 -0.007130 0.232682
v 0.024268 0.003610 0.240357
v 0.236172 0.085982 0.221478
v 0.248154 0.079978 0.219932
v 0.268957 0.084544 0.223215
v 0.307761 0.112889 0.219930
v -0.092633 0.100226 0.224527
v 0.267002 0.131217 0.216267
v 0.267165 0.123561 0.215891
v 0.303983 0.122100 0.229800
v -0.168605 0.150773 0.244577
v 0.302639 0.132080 0.235438
v 0.295340 0.128566 0.220677
v 0.335939 0.133937 0.217428
v -0.105634 0.167227 0.218447
v -0.417062 -0.130386 0.242952
v -0.443863 -0.113429 0.236978
v 0.121573 -0.083053 0.227735
v 0.098428 -0.094859 0.220523
v 0.091616 -0.099902 0.229443
v 0.186041 0.016849 0.238675
v 0.120165 -0.028786 0.230461
v 0.104949 -0.036429 0.226725
v 0.369359 0.009083 0.233510
v 0.221042 0.096614 0.222133
v 0.274164 0.095660 0.226462
v 0.313422 0.112915 0.229186
v -0.130664 0.104477 0.225453
v 0.295939 0.111574 0.220043
v -0.142993 0.113024 0.242047
v 0.262495 0.126968 0.221415
v -0.153293 0.133719 0.227951
v -0.238182 0.150855 0.244873
v 0.979597 -0.405367 0.325738
v -0.808803 -0.324377 0.250280
v -0.721852 -0.290028 0.264684
v 0.086169 -0.124319 0.257511
v 0.074961 -0.051645 0.237096
v 0.167468 0.008447 0.228458
v 0.250673 0.096611 0.223481
v 0.266163 0.099084 0.221736
v 0.230270 0.104869 0.224547
v 0.243131 0.100986 0.224511
v 0.259199 0.111336 0.225440
v -0.127565 0.103687 0.242175
v 0.267073 0.104390 0.226033
v 0.311807 0.116248 0.238705
v 0.269045 0.127503 0.229769
v 0.280377 0.122691 0.233124
v 0.275988 0.131535 0.239342
v 0.303769 0.124583 0.223598
v 0.303546 0.130559 0.224061
v -0.110404 0.192219 0.227200
v -0.142261 0.208559 0.235221
v -0.129654 0.220259 0.235855
v -0.923930 -0.407813 0.283326
v -0.663135 -0.224829 0.291638
v -0.464943 -0.153673 0.252708
v 0.437415 -0.099455 0.260336
v -0.421722 -0.088823 0.262614
v -0.359595 -0.058496 0.271517
v 0.362486 -0.013150 0.255350
v 0.220284 0.098598 0.238841
v 0.251121 0.095815 0.235967
v 0.293208 0.114011 0.235373
v 0.277009 0.118624 0.240088
v 0.230988 0.101229 0.235638
v 0.259716 0.108959 0.229869
v 0.295308 0.121131 0.236499
v 0.307568 0.129067 0.236286
v 0.246684 0.179075 0.253057
v 0.280296 0.179355 0.260336
v 0.596484 -0.261378 0.268991
v 0.557904 -0.211412 0.271510
v 0.476167 -0.128004 0.252186
v 0.158679 -0.004489 0.232989
v 0.345208 0.072017 0.237816
v -0.105847 0.101059 0.233680
v -0.119918 0.108853 0.233010
v 0.264198 0.108232 0.235600
v -0.155266 0.146112 0.232164
v -0.146826 0.140398 0.238069
v -0.171615 0.179378 0.248582
v -0.133463 0.218688 0.237149
v -0.925989 -0.412947 0.275194
v -0.837557 -0.393087 0.284644
v -0.855991 -0.350674 0.288030
v -0.442612 -0.113787 0.242228
v -0.404565 -0.107887 0.267366
v 0.096256 -0.066071 0.247969
v 0.102642 -0.062205 0.244574
v -0.006826 -0.066104 0.287061
v -0.054872 -0.053911 0.289579
v 0.025572 -0.007318 0.261235
v -0.104453 0.099658 0.244049
v -0.071375 0.054882 0.258912
v 0.231434 0.114864 0.236925
v 0.226839 0.111366 0.236921
v 0.234799 0.109858 0.236016
v 0.276502 0.128878 0.243648
v 0.297901 0.128326 0.240060
v 0.329052 0.125726 0.249542
v -0.181207 0.158850 0.255988
v -0.154250 0.150967 0.245103
v -0.184726 0.173021 0.249050
v 0.595435 -0.245172 0.271051
v 0.542372 -0.211892 0.264805
v 0.116995 -0.099884 0.260617
v 0.488617 -0.125146 0.258933
v -0.370288 -0.068213 0.271394
v 0.416548 -0.059692 0.258732
v 0.133032 -0.040747 0.249201
v 0.384444 -0.016373 0.255380
v -0.293526 0.038171 0.275502
v 0.356701 0.058295 0.266819
v -0.276354 0.033063 0.286101
v 0.332012 0.058450 0.255442
v 0.251556 0.104464 0.239351
v -0.107237 0.109116 0.242793
v -0.114088 0.111934 0.249136
v 0.225403 0.112478 0.242817
v 0.236162 0.116557 0.241063
v 0.296175 0.120364 0.242825
v -0.148750 0.132968 0.254554
v 0.295378 0.113082 0.282081
v -0.167559 0.180096 0.253129
v 0.258219 0.200880 0.244484
v -0.127458 0.199522 0.251750
v -0.121596 0.180514 0.257684
v -0.446242 -0.147096 0.258319
v -0.468320 -0.126432 0.257184
v 0.070857 -0.109230 0.261082
v 0.083876 -0.078959 0.263878
v 0.201682 0.088385 0.254160
v -0.118064 0.107210 0.252856
v 0.248861 0.107023 0.249435
v 0.270825 0.117031 0.249202
v -0.134805 0.109584 0.249525
v -0.122579 0.108543 0.250174
v 0.234825 0.119544 0.246342
v 0.312400 0.110725 0.248898
v 0.281971 0.130083 0.252152
v 0.286073 0.128602 0.254911
v -0.250995 0.150293 0.260365
v -0.106869 0.096873 0.273847
v 0.715809 -0.342929 0.318677
v 0.730427 -0.328004 0.300435
v 0.679901 -0.290876 0.266025
v -0.528453 -0.169699 0.286146
v 0.139076 -0.066592 0.252443
v -0.421442 -0.098897 0.288462
v 0.173529 -0.021064 0.281602
v 0.354977 0.008113 0.268854
v 0.168739 -0.012005 0.295943
v -0.130133 0.112856 0.253499
v 0.242998 0.116500 0.254212
v 0.287917 0.115072 0.260668
v 0.287030 0.118191 0.252826
v -0.149688 0.145212 0.258274
v -0.159735 0.157324 0.251539
v -0.125288 0.129264 0.285683
v -0.350897 -0.075735 0.272313
v 0.412402 -0.092321 0.265235
v 0.098442 -0.080847 0.262710
v 0.125458 -0.072160 0.271209
v -0.105190 0.057832 0.277870
v 0.278886 0.131884 0.259591
v -0.206333 0.159074 0.263407
v -0.194565 0.155835 0.253482
v -0.199134 0.175010 0.262629
v 0.984236 -0.410472 0.280185
v -0.781349 -0.365774 0.293716
v 0.645718 -0.295433 0.273304
v -0.425217 -0.122658 0.274826
v -0.484557 -0.137804 0.276742
v -0.449513 -0.105226 0.275724
v 0.411954 -0.055765 0.318028
v -0.308674 0.004768 0.291238
v -0.076736 0.016193 0.269834
v -0.124360 0.108785 0.261475
v 0.237951 0.117503 0.259079
v 0.260014 0.121276 0.256228
v 0.246706 0.125435 0.258082
v -0.141849 0.126222 0.258128
v 0.272101 0.132803 0.257988
v -0.236242 0.153707 0.275462
v -0.152788 0.133924 0.265442
v -0.147846 0.167904 0.265000
v -0.746819 -0.287821 0.279180
v 0.638237 -0.277580 0.274399
v -0.542369 -0.167842 0.313110
v 0.091500 -0.131999 0.269539
v 0.074060 -0.132162 0.277458
v -0.496949 -0.145858 0.278826
v 0.466772 -0.120489 0.296542
v 0.104313 -0.132629 0.289414
v 0.453382 -0.087588 0.268639
v 0.089447 -0.082575 0.265578
v 0.332430 0.041223 0.269879
v 0.374201 0.013605 0.275589
v -0.243207 0.108898 0.272759
v -0.134003 0.117396 0.277781
v 0.246298 0.121739 0.265885
v 0.259606 0.125052 0.263854
v 0.272302 0.130392 0.265968
v -0.235112 0.181794 0.281226
v -0.753383 -0.336910 0.289501
v -0.512044 -0.170591 0.297153
v 0.408353 -0.093333 0.280634
v 0.099693 -0.077622 0.280672
v 0.393715 -0.033496 0.330512
v 0.355736 -0.021351 0.286853
v -0.054073 -0.024286 0.289693
v 0.233275 0.095993 0.277847
v -0.239563 0.119375 0.284695
v -0.218603 0.161954 0.271510
v 0.523034 -0.179382 0.292553
v 0.089733 -0.140292 0.288954
v -0.416954 -0.116795 0.292584
v 0.350515 -0.000885 0.289660
v 0.309697 0.076031 0.281871
v 0.286479 0.079062 0.294841
v 0.224662 0.087449 0.298607
v -0.171856 0.104871 0.302640
v 0.608371 -0.288152 0.314386
v -0.667067 -0.239460 0.338269
v 0.580622 -0.229487 0.296557
v -0.441241 -0.125693 0.279667
v 0.499066 -0.137383 0.301982
v 0.086471 -0.091804 0.273869
v 0.079620 -0.092199 0.274273
v 0.233957 0.073633 0.298920
v -0.274155 0.088761 0.287238
v 0.317111 0.092535 0.282061
v 0.288650 0.099314 0.303640
v -0.222465 0.163320 0.275968
v -0.243342 0.175319 0.283923
v -0.228734 0.179404 0.287014
v 0.521180 -0.195295 0.297203
v 0.136746 -0.101835 0.297318
v -0.372378 -0.063078 0.305652
v 0.133070 -0.067200 0.289452
v -0.346040 -0.050839 0.316533
v 0.366363 -0.049886 0.314204
v -0.323990 -0.025078 0.299581
v -0.228495 0.162264 0.281193
v 0.979962 -0.414455 0.292767
v -0.514252 -0.154144 0.287464
v 0.157101 -0.069270 0.293882
v 0.032237 -0.070852 0.285902
v 0.000311 -0.057200 0.294190
v 0.378964 -0.012113 0.296470
v -0.081712 -0.007353 0.311557
v 0.281275 0.077966 0.301532
v -0.130579 0.080352 0.331105
v -0.232483 0.154180 0.286858
v -0.722611 -0.311378 0.335298
v -0.759932 -0.312945 0.350239
v -0.656119 -0.257172 0.334615
v 0.021030 -0.105527 0.302202
v -0.366137 -0.081268 0.296044
v -0.047372 -0.062386 0.294929
v -0.302741 -0.029118 0.299296
v 0.308806 0.061155 0.310160
v 0.347489 0.037711 0.313489
v 0.316061 0.071674 0.317198
v -0.238093 0.179674 0.288035
v -0.867239 -0.364911 0.325429
v 0.616223 -0.280872 0.325565
v -0.526435 -0.159582 0.300728
v 0.066239 -0.131804 0.293114
v 0.466968 -0.095902 0.297499
v -0.361703 -0.078537 0.318215
v -0.333661 -0.059379 0.306233
v -0.270821 -0.008975 0.315846
v -0.112276 0.007187 0.328636
v -0.909273 -0.414500 0.359169
v -0.907688 -0.411043 0.375606
v 0.700693 -0.322126 0.312258
v 0.528792 -0.203691 0.321974
v -0.495298 -0.138622 0.305191
v 0.077117 -0.103379 0.371933
v 0.100225 -0.076534 0.334619
v -0.004259 -0.082514 0.322824
v -0.091306 -0.054648 0.330294
v -0.049455 -0.050679 0.302639
v -0.242108 0.078659 0.306266
v -0.232290 0.132611 0.299307
v -0.141746 0.079098 0.320776
v -0.165045 0.116173 0.311283
v -0.262809 0.026297 0.326567
v 0.983053 -0.412735 0.333209
v 0.765993 -0.351878 0.335035
v 0.532188 -0.188175 0.306047
v 0.506154 -0.174895 0.304551
v -0.408329 -0.075450 0.330256
v -0.043640 -0.099444 0.345440
v -0.368795 -0.067435 0.328679
v -0.219408 0.133581 0.307440
v -0.196968 0.114677 0.315851
v -0.233287 0.146641 0.317915
v 0.902204 -0.414465 0.463530
v -0.750656 -0.349986 0.343777
v 0.674936 -0.325425 0.318649
v 0.572057 -0.257738 0.338950
v 0.061402 -0.126682 0.371864
v 0.005319 -0.069429 0.333262
v 0.356586 -0.029840 0.342304
v -0.295821 -0.045429 0.316767
v 0.374792 0.000173 0.355103
v -0.199057 0.103808 0.326418
v -0.210910 0.120949 0.311457
v -0.157135 0.088841 0.346383
v 0.788370 -0.348392 0.330063
v 0.776346 -0.343012 0.346409
v 0.524142 -0.165860 0.318173
v -0.476460 -0.130071 0.318437
v -0.390602 -0.077580 0.330915
v -0.382199 -0.075605 0.321602
v 0.087623 -0.100851 0.347235
v 0.145854 -0.067012 0.354678
v 0.384192 -0.082677 0.343337
v -0.292363 -0.024363 0.325736
v 0.353229 0.003760 0.351024
v 0.286282 0.078434 0.310086
v 0.217018 0.067074 0.316993
v 0.224860 0.078472 0.312213
v -0.223382 0.137970 0.327084
v 0.582574 -0.250797 0.346952
v 0.545426 -0.204011 0.343296
v -0.517028 -0.162634 0.320581
v -0.450555 -0.109244 0.339791
v 0.479041 -0.087622 0.347596
v 0.004152 -0.099860 0.335585
v -0.075279 -0.065811 0.324228
v -0.327077 -0.076899 0.344115
v -0.137158 0.093411 0.327963
v -0.737894 -0.374437 0.497487
v -0.575624 -0.207117 0.334346
v 0.521251 -0.187625 0.325521
v -0.557200 -0.163060 0.356826
v -0.467053 -0.122951 0.366324
v -0.345254 -0.073477 0.320355
v -0.194821 0.027747 0.333267
v -0.915543 -0.412269 0.342470
v -0.825881 -0.360957 0.408559
v 0.108248 -0.129918 0.360038
v 0.002158 -0.107055 0.352426
v -0.423260 -0.107445 0.333252
v -0.277848 -0.091647 0.349476
v 0.170838 -0.070667 0.388877
v -0.083502 -0.057771 0.343030
v -0.108629 0.014119 0.340288
v 0.252774 0.051103 0.372148
v 0.228466 0.048607 0.377580
v -0.195387 0.061020 0.331745
v -0.194821 0.099351 0.329731
v -0.175844 0.086855 0.329677
v 0.229653 0.069459 0.362985
v 0.333541 0.058550 0.375645
v -0.234017 0.080983 0.325108
v 0.756097 -0.346029 0.362607
v 0.471090 -0.100789 0.366761
v 0.130650 -0.107646 0.321982
v 0.447701 -0.086759 0.416825
v -0.160183 0.078344 0.327727
v 0.288479 0.090065 0.329064
v -0.868676 -0.414572 0.476147
v 0.641972 -0.315944 0.393157
v -0.695862 -0.270387 0.354413
v -0.517276 -0.133485 0.364730
v -0.104655 -0.075665 0.351297
v -0.194335 0.007545 0.336657
v -0.198147 0.109535 0.345482
v 0.608734 -0.293914 0.355437
v -0.416408 -0.083471 0.357309
v 0.390735 -0.086368 0.388679
v -0.411288 -0.064431 0.355795
v -0.122599 -0.046681 0.351478
v -0.205727 0.001435 0.352625
v -0.588131 -0.196081 0.352300
v 0.479442 -0.082692 0.380541
v 0.442032 -0.068424 0.368500
v -0.031432 -0.090846 0.352893
v -0.268370 -0.086878 0.363403
v 0.417181 -0.049949 0.377339
v 0.328750 0.037576 0.364559
v 0.299305 0.060894 0.344339
v 0.959318 -0.414953 0.375236
v 0.974437 -0.412465 0.349832
v -0.687580 -0.273734 0.416729
v 0.090304 -0.135945 0.380182
v -0.112033 -0.073752 0.371084
v -0.250926 -0.027987 0.348747
v -0.710352 -0.335978 0.418718
v -0.027644 -0.116827 0.353306
v -0.314793 -0.108020 0.358232
v 0.081099 -0.083497 0.422958
v 0.642413 -0.301109 0.388367
v 0.545294 -0.220675 0.367230
v -0.596662 -0.207024 0.380082
v 0.522585 -0.145566 0.405328
v -0.570003 -0.182280 0.376327
v -0.521526 -0.145061 0.392487
v -0.479805 -0.115750 0.365209
v -0.446066 -0.090925 0.365418
v -0.359013 -0.114159 0.373643
v -0.430033 -0.055340 0.376897
v 0.019304 -0.083677 0.360826
v -0.118001 -0.071723 0.356332
v 0.380695 -0.078432 0.388806
v 0.319712 0.044895 0.365907
v 0.958308 -0.408581 0.378417
v 0.674640 -0.345471 0.439588
v 0.556206 -0.212376 0.372663
v -0.055749 -0.141885 0.369606
v -0.400772 -0.083564 0.368273
v 0.015243 -0.108674 0.383284
v 0.198436 -0.012296 0.376359
v -0.140531 -0.002454 0.356904
v 0.221931 0.055778 0.396975
v -0.028154 -0.166757 0.372879
v 0.000176 -0.121174 0.370116
v -0.420761 -0.078089 0.365833
v -0.219643 -0.212976 0.406290
v -0.404078 -0.067573 0.367754
v -0.251579 -0.099314 0.373872
v 0.217145 0.013045 0.398907
v 0.321873 0.065559 0.374704
v -0.663502 -0.276964 0.415075
v -0.620662 -0.205211 0.380851
v 0.487559 -0.116669 0.400712
v 0.147692 -0.099239 0.380556
v -0.414581 -0.077399 0.366509
v -0.346329 -0.112886 0.386570
v -0.306475 -0.108080 0.374125
v -0.424157 -0.054424 0.376646
v -0.152810 -0.044825 0.367421
v 0.354406 -0.008995 0.382178
v 0.224130 0.062660 0.395975
v 0.654412 -0.333081 0.435679
v -0.558236 -0.155483 0.372335
v -0.329246 -0.165672 0.382959
v -0.314901 -0.154959 0.377740
v -0.343104 -0.120873 0.373079
v 0.019227 -0.115013 0.369230
v -0.189994 -0.125542 0.378955
v -0.008984 -0.124230 0.386545
v 0.470461 -0.091202 0.403852
v -0.025936 -0.149100 0.385632
v 0.341666 0.015187 0.374782
v 0.327963 0.035168 0.370573
v 0.256033 0.067237 0.382209
v 0.629094 -0.287911 0.421377
v 0.082246 -0.131108 0.388620
v -0.537552 -0.141869 0.393299
v -0.442356 -0.075053 0.404433
v 0.052143 -0.102667 0.378860
v -0.413177 -0.082933 0.390961
v 0.220560 0.066428 0.383739
v 0.938341 -0.414285 0.416675
v -0.884221 -0.411056 0.446253
v 0.803107 -0.381577 0.410557
v 0.621579 -0.299279 0.404477
v -0.043945 -0.192079 0.382352
v -0.024642 -0.170981 0.378122
v -0.047446 -0.163364 0.379972
v -0.309866 -0.192122 0.384656
v -0.126888 -0.175507 0.396399
v -0.349668 -0.129517 0.385442
v 0.013655 -0.123497 0.385670
v -0.453319 -0.078876 0.383326
v -0.416029 -0.073803 0.384607
v -0.400489 -0.067586 0.392736
v -0.131950 -0.065973 0.372463
v 0.359348 -0.034933 0.394717
v 0.236114 0.041753 0.386398
v -0.803826 -0.397746 0.455491
v 0.956800 -0.411015 0.382125
v -0.054347 -0.219272 0.398847
v -0.240133 -0.221433 0.410273
v 0.075471 -0.096837 0.414777
v -0.422693 -0.069583 0.384398
v -0.226585 -0.161732 0.399234
v -0.197071 -0.157437 0.408932
v 0.425618 -0.043035 0.408136
v 0.403868 -0.027230 0.392712
v 0.232131 -0.005492 0.404127
v 0.382608 -0.008283 0.396414
v 0.228802 0.037685 0.387084
v 0.588428 -0.237635 0.413735
v 0.539243 -0.191241 0.408831
v -0.336351 -0.161914 0.390255
v -0.375254 -0.102389 0.426743
v -0.429649 -0.071532 0.383484
v 0.363732 -0.030324 0.388758
v 0.352720 -0.012856 0.387018
v -0.750970 -0.340201 0.466746
v -0.304412 -0.203877 0.390000
v -0.281540 -0.225138 0.397845
v -0.243783 -0.258042 0.419672
v 0.101029 -0.133075 0.400927
v 0.060516 -0.132970 0.430589
v -0.320610 -0.166540 0.398250
v -0.072174 -0.221866 0.431545
v 0.074587 -0.101168 0.405727
v 0.360738 -0.030630 0.395059
v -0.704562 -0.302048 0.433184
v -0.082411 -0.250147 0.415575
v -0.547053 -0.174475 0.414583
v -0.024790 -0.159985 0.394910
v -0.268377 -0.157674 0.399576
v -0.423518 -0.084686 0.396239
v -0.420910 -0.076919 0.397604
v -0.421525 -0.072350 0.394054
v -0.367432 -0.092368 0.413441
v 0.370587 -0.071065 0.402226
v -0.438997 -0.056116 0.405649
v 0.294320 -0.042672 0.412585
v 0.231566 0.016625 0.400230
v 0.223159 0.011618 0.403629
v 0.366953 0.012277 0.408191
v -0.303413 -0.203138 0.400998
v -0.564846 -0.183398 0.437366
v 0.016435 -0.130620 0.427039
v 0.012435 -0.120271 0.434019
v 0.480180 -0.085442 0.429484
v 0.236894 -0.024781 0.411712
v 0.667430 -0.327797 0.437711
v 0.609468 -0.282646 0.418402
v -0.058107 -0.232581 0.443783
v -0.160451 -0.267429 0.437796
v -0.326059 -0.170619 0.412891
v 0.074000 -0.132970 0.422967
v 0.026274 -0.129326 0.438731
v -0.494915 -0.102692 0.438837
v 0.152922 -0.102710 0.439163
v 0.490917 -0.081167 0.418718
v -0.375077 -0.095663 0.458532
v 0.358712 -0.054356 0.409835
v 0.383776 -0.020883 0.416866
v 0.213747 0.013972 0.407597
v 0.263032 0.027603 0.407741
v 0.223895 0.062082 0.402166
v -0.294590 -0.187150 0.404096
v -0.332972 -0.183468 0.418628
v -0.135538 -0.195293 0.429346
v -0.480684 -0.095744 0.435487
v -0.504281 -0.082370 0.443035
v -0.427535 -0.075386 0.407506
v -0.435484 -0.073556 0.410262
v 0.348713 -0.064117 0.423866
v 0.307624 -0.057763 0.423225
v 0.182789 0.000838 0.447486
v 0.222466 -0.005901 0.413988
v 0.221264 0.010539 0.409608
v 0.297354 0.000114 0.433651
v 0.241515 0.040999 0.411389
v 0.212101 0.051061 0.419253
v 0.217078 0.069896 0.419276
v 0.224532 0.067342 0.417345
v 0.935026 -0.411018 0.424019
v -0.055195 -0.202643 0.419748
v -0.118932 -0.228518 0.447933
v 0.491301 -0.075085 0.439039
v 0.434037 -0.102953 0.452523
v 0.450308 -0.080168 0.420692
v 0.261207 -0.032308 0.414891
v 0.244368 -0.031149 0.415640
v -0.259420 -0.249326 0.414668
v -0.555149 -0.214244 0.469367
v 0.518778 -0.141444 0.421388
v -0.317571 -0.188321 0.433105
v 0.495075 -0.133544 0.434596
v -0.360423 -0.104068 0.433526
v -0.449155 -0.074614 0.421238
v 0.358700 -0.077917 0.440604
v 0.203106 0.007157 0.434445
v 0.259949 0.024904 0.420074
v -0.258775 -0.249084 0.426250
v -0.195023 -0.267018 0.435834
v -0.256665 -0.229478 0.431169
v -0.013456 -0.191719 0.455050
v -0.518193 -0.137857 0.452227
v -0.397676 -0.099630 0.468372
v 0.459075 -0.058876 0.430328
v 0.220383 0.021326 0.415179
v 0.904577 -0.407709 0.466541
v 0.672011 -0.343184 0.487947
v -0.319887 -0.206680 0.447808
v -0.193120 -0.249484 0.446585
v 0.129855 -0.126525 0.463823
v -0.500063 -0.105453 0.443660
v 0.394091 -0.101513 0.439696
v -0.415772 -0.099396 0.444202
v 0.235965 -0.032783 0.434751
v 0.226256 -0.013326 0.427601
v 0.195496 -0.012875 0.439219
v 0.225580 0.001697 0.424736
v 0.220852 0.024686 0.421440
v 0.251209 0.021368 0.421459
v 0.217371 0.065871 0.437334
v 0.571240 -0.295340 0.489968
v -0.213312 -0.282409 0.437002
v -0.107019 -0.273558 0.433254
v -0.021613 -0.179213 0.446856
v 0.446512 -0.081428 0.426723
v -0.458053 -0.075088 0.434300
v 0.457508 -0.073697 0.425838
v 0.446171 -0.077228 0.420011
v 0.442203 -0.078399 0.429349
v 0.447661 -0.071934 0.426258
v 0.340779 -0.066928 0.440443
v 0.259389 -0.032979 0.461947
v 0.224414 -0.023533 0.432023
v 0.222160 -0.004630 0.430655
v 0.223941 0.008523 0.429085
v 0.209001 0.029246 0.450725
v 0.195330 0.037817 0.450771
v 0.213602 0.026295 0.426133
v 0.928702 -0.412883 0.438988
v 0.552277 -0.220811 0.431841
v -0.355273 -0.160606 0.500502
v 0.517588 -0.175599 0.452199
v -0.386428 -0.112427 0.473863
v 0.053721 -0.101115 0.447786
v 0.067193 -0.094752 0.440063
v 0.452692 -0.075111 0.431165
v 0.464565 -0.074606 0.434946
v 0.363507 -0.022737 0.431538
v 0.236675 0.001048 0.428976
v 0.232192 0.003368 0.425229
v 0.334827 -0.025573 0.443721
v 0.258169 -0.000616 0.440579
v -0.862751 -0.405407 0.491854
v -0.671641 -0.314329 0.460622
v 0.585074 -0.270721 0.462053
v -0.235810 -0.245647 0.439494
v -0.532129 -0.133618 0.454235
v 0.519757 -0.151887 0.450158
v 0.020844 -0.114746 0.459601
v -0.432704 -0.087199 0.443700
v 0.481951 -0.087856 0.452079
v 0.478582 -0.084419 0.452731
v -0.443470 -0.081590 0.449620
v -0.459851 -0.058599 0.438158
v -0.399258 -0.091426 0.491260
v 0.323412 -0.065347 0.440178
v 0.431207 -0.092368 0.479865
v 0.228346 -0.019627 0.433023
v 0.234443 -0.014959 0.431602
v 0.227635 -0.009413 0.433272
v 0.204831 -0.003729 0.438094
v 0.236058 0.003655 0.435645
v 0.230402 0.033608 0.437525
v -0.182544 -0.297272 0.462168
v -0.188892 -0.302763 0.468971
v -0.475673 -0.090435 0.440194
v 0.366866 -0.101580 0.460869
v -0.430930 -0.095494 0.444771
v -0.462954 -0.078584 0.439435
v 0.067242 -0.083741 0.452723
v 0.200978 -0.020136 0.445648
v 0.242932 -0.013522 0.441800
v 0.204629 0.000880 0.439732
v 0.230578 0.000700 0.451493
v 0.208319 0.058786 0.441504
v 0.658095 -0.350067 0.477039
v -0.609064 -0.282743 0.494581
v -0.197925 -0.294469 0.451480
v -0.629614 -0.279775 0.495314
v -0.245956 -0.254323 0.458266
v -0.172666 -0.249668 0.454695
v 0.069431 -0.122557 0.458601
v 0.500702 -0.111244 0.450226
v 0.483344 -0.114223 0.456298
v -0.460720 -0.103464 0.444369
v -0.477300 -0.108765 0.448736
v -0.440154 -0.102443 0.442072
v -0.444243 -0.106343 0.445263
v 0.381450 -0.111617 0.473587
v -0.462247 -0.088767 0.449890
v 0.350036 -0.082331 0.457731
v 0.474033 -0.091301 0.461648
v 0.149320 -0.069896 0.529367
v 0.491055 -0.076106 0.454491
v 0.198583 -0.026568 0.448775
v 0.310182 -0.033320 0.451087
v 0.215044 0.028706 0.442786
v 0.221172 0.034903 0.495397
v 0.626271 -0.319447 0.448712
v -0.136913 -0.298845 0.454104
v -0.254468 -0.266328 0.464785
v -0.097232 -0.250073 0.452765
v -0.362302 -0.149410 0.499654
v -0.453760 -0.095678 0.450004
v -0.431993 -0.087897 0.451592
v 0.248217 -0.031209 0.453822
v 0.199053 -0.013426 0.452391
v 0.241260 -0.020254 0.451007
v 0.205768 -0.010054 0.467252
v 0.241095 -0.008459 0.451380
v 0.851179 -0.408322 0.545884
v 0.583041 -0.287927 0.487275
v -0.164762 -0.310923 0.477164
v -0.087362 -0.265639 0.467612
v -0.053743 -0.214333 0.464354
v -0.051482 -0.235846 0.460102
v -0.333281 -0.207575 0.496075
v -0.486910 -0.115141 0.469620
v -0.412017 -0.101102 0.468449
v -0.444445 -0.095424 0.456171
v -0.434042 -0.096249 0.454371
v -0.444874 -0.088039 0.456669
v 0.493644 -0.082249 0.458379
v 0.332666 -0.096536 0.474319
v 0.165705 -0.071247 0.504396
v 0.203089 -0.029927 0.455103
v 0.192672 -0.027276 0.455395
v 0.218685 -0.019855 0.451920
v 0.246324 -0.014356 0.451180
v 0.218795 -0.009576 0.451555
v -0.198834 -0.277531 0.461170
v -0.330922 -0.188582 0.484160
v 0.000844 -0.162286 0.462792
v -0.372345 -0.162182 0.494818
v 0.146658 -0.115853 0.468254
v 0.055372 -0.090832 0.473217
v 0.101115 -0.074053 0.523547
v 0.175388 -0.050531 0.488480
v 0.318085 -0.044107 0.461130
v 0.220717 -0.013230 0.458109
v 0.240978 -0.015002 0.459561
v 0.235134 -0.009511 0.457246
v 0.196130 0.006703 0.463552
v 0.231313 0.001929 0.463903
v 0.637613 -0.319609 0.462562
v -0.110564 -0.258507 0.458843
v -0.113567 -0.266025 0.466300
v -0.100396 -0.257506 0.462296
v -0.025785 -0.178810 0.468950
v 0.496732 -0.145245 0.482448
v -0.492065 -0.121043 0.474112
v 0.427057 -0.109770 0.473836
v 0.163618 -0.084828 0.476442
v 0.274939 -0.027960 0.474638
v 0.201830 -0.013912 0.464552
v 0.205737 -0.018804 0.466882
v 0.200874 -0.003924 0.472561
v 0.228178 -0.002797 0.478115
v 0.230140 -0.001752 0.485216
v 0.216440 0.025858 0.464747
v 0.904087 -0.412680 0.472576
v -0.871224 -0.412832 0.483535
v -0.188514 -0.313322 0.493771
v -0.420306 -0.113374 0.486417
v -0.496311 -0.108077 0.484302
v 0.470343 -0.104128 0.469719
v -0.426737 -0.100066 0.504693
v 0.483671 -0.078776 0.470070
v 0.476419 -0.083405 0.478163
v 0.162349 -0.041269 0.511732
v 0.181566 -0.029589 0.493317
v 0.244075 -0.025461 0.471404
v 0.216502 -0.013796 0.474153
v 0.258124 -0.019711 0.491388
v 0.209507 0.027292 0.464599
v -0.807990 -0.399282 0.488851
v 0.848863 -0.414119 0.530666
v -0.147817 -0.286559 0.474136
v 0.504466 -0.212348 0.519928
v -0.557171 -0.204365 0.483061
v -0.012947 -0.145297 0.490384
v 0.012851 -0.149111 0.492507
v 0.024045 -0.127664 0.480336
v 0.037748 -0.117199 0.491572
v 0.024420 -0.109119 0.482129
v 0.258997 -0.053372 0.487363
v 0.335758 -0.065581 0.473356
v 0.192134 -0.024199 0.470765
v 0.214914 0.029126 0.507544
v 0.596044 -0.330870 0.539488
v -0.233819 -0.289084 0.485736
v -0.172496 -0.296484 0.481910
v -0.053118 -0.196291 0.498093
v -0.042959 -0.203906 0.495564
v 0.474772 -0.170040 0.507879
v 0.069399 -0.118136 0.483182
v 0.057960 -0.067891 0.494969
v 0.352029 -0.057898 0.474729
v 0.242502 -0.020245 0.481068
v 0.197833 -0.021827 0.471596
v 0.197908 0.002447 0.475721
v -0.704805 -0.345269 0.537064
v -0.177552 -0.300531 0.487267
v -0.099680 -0.254227 0.484501
v -0.300639 -0.213033 0.496324
v 0.000851 -0.151856 0.491401
v 0.388865 -0.124694 0.486976
v -0.400865 -0.107849 0.488416
v -0.374281 -0.108299 0.482717
v 0.235629 -0.024454 0.474046
v 0.195693 -0.006625 0.473745
v 0.179699 -0.006504 0.499392
v 0.201087 0.008185 0.490143
v 0.214864 0.020073 0.489909
v 0.582901 -0.300895 0.520729
v -0.212740 -0.287680 0.496219
v -0.103969 -0.264200 0.504200
v -0.271388 -0.246812 0.508408
v 0.562332 -0.262149 0.491266
v 0.342662 -0.099458 0.489233
v 0.177964 -0.041080 0.498565
v 0.222991 -0.018100 0.476726
v 0.236756 -0.012788 0.476715
v 0.231375 -0.009210 0.478356
v 0.238470 -0.011892 0.480366
v -0.750879 -0.358569 0.499480
v -0.704951 -0.351402 0.510331
v -0.512655 -0.188080 0.498895
v 0.410339 -0.178574 0.525264
v 0.081918 -0.115955 0.499738
v 0.357120 -0.175006 0.514303
v -0.411190 -0.129142 0.504545
v 0.223857 -0.030810 0.493757
v 0.234053 -0.011332 0.486120
v 0.634100 -0.351834 0.596496
v -0.295884 -0.249129 0.506604
v -0.513273 -0.177052 0.510982
v 0.461903 -0.153005 0.500689
v 0.051145 -0.111132 0.489353
v 0.003906 -0.120432 0.494789
v 0.166157 -0.088592 0.498748
v 0.084412 -0.073473 0.519316
v 0.279935 -0.053854 0.499876
v 0.204838 0.024489 0.503305
v -0.165099 -0.319221 0.522686
v -0.168509 -0.308540 0.530113
v -0.100579 -0.273043 0.497702
v -0.354391 -0.186892 0.503330
v 0.384406 -0.167146 0.508625
v 0.032971 -0.122140 0.521708
v 0.315743 -0.133625 0.512139
v -0.392402 -0.099889 0.494914
v 0.047938 -0.062948 0.505037
v 0.214539 -0.067754 0.500836
v 0.198767 -0.035490 0.500803
v 0.208863 0.012317 0.496189
v 0.188015 -0.025583 0.497881
v 0.872599 -0.412432 0.507824
v -0.042732 -0.196416 0.518198
v 0.013247 -0.146293 0.508239
v -0.008140 -0.116796 0.499611
v 0.047066 -0.105326 0.508081
v 0.069637 -0.109661 0.499905
v 0.012680 -0.102480 0.499689
v 0.011930 -0.090604 0.504502
v 0.159621 -0.107772 0.515297
v 0.168080 -0.103845 0.510124
v 0.378916 -0.116346 0.502079
v 0.244435 -0.098803 0.521182
v -0.411505 -0.100114 0.506536
v 0.239530 -0.087337 0.510943
v 0.227583 -0.063001 0.504059
v 0.175800 -0.058650 0.504543
v 0.194654 -0.052222 0.501209
v 0.194594 -0.043684 0.504535
v -0.405361 -0.166656 0.524250
v -0.017823 -0.156466 0.509007
v -0.023645 -0.141962 0.507747
v 0.131232 -0.120873 0.541519
v 0.369441 -0.132646 0.504865
v 0.171415 -0.082880 0.504064
v 0.002953 -0.091693 0.508981
v 0.039042 -0.046762 0.519092
v 0.217812 -0.087308 0.508227
v 0.184680 -0.051677 0.502118
v 0.224595 0.021597 0.507321
v -0.842735 -0.413563 0.528600
v 0.812967 -0.408882 0.608047
v 0.559196 -0.306745 0.564814
v 0.533971 -0.266530 0.536529
v -0.187149 -0.305263 0.522060
v -0.086821 -0.262255 0.506318
v -0.056959 -0.196139 0.513708
v -0.428700 -0.158195 0.516031
v -0.002927 -0.143941 0.509206
v 0.467509 -0.149612 0.517025
v 0.329419 -0.120445 0.517077
v 0.018700 -0.070309 0.514126
v 0.172282 -0.071717 0.507972
v -0.263040 -0.280034 0.531890
v -0.249761 -0.269125 0.532947
v 0.400647 -0.183451 0.526332
v 0.003863 -0.141118 0.520482
v 0.156129 -0.115506 0.528781
v -0.391476 -0.124286 0.511429
v 0.341891 -0.132950 0.511569
v 0.169212 -0.119703 0.516388
v 0.201215 -0.103557 0.515960
v 0.288304 -0.100000 0.521133
v -0.788959 -0.412736 0.587909
v 0.866827 -0.411609 0.525003
v -0.616804 -0.328135 0.574050
v 0.540574 -0.262378 0.543974
v -0.332549 -0.192005 0.520419
v 0.008427 -0.099581 0.529320
v 0.040711 -0.107669 0.513976
v 0.060231 -0.100919 0.525598
v 0.246124 -0.073715 0.523481
v 0.237536 -0.040532 0.513407
v -0.800449 -0.409059 0.578034
v -0.721750 -0.373682 0.531617
v -0.104404 -0.288925 0.523118
v -0.125546 -0.286098 0.516453
v -0.087550 -0.279443 0.535301
v -0.099852 -0.274692 0.538160
v -0.414445 -0.141358 0.527037
v -0.018416 -0.145566 0.520834
v 0.287384 -0.124572 0.528878
v 0.157151 -0.117482 0.524408
v 0.210165 -0.108026 0.532055
v 0.854423 -0.412706 0.541085
v 0.320195 -0.187769 0.541323
v -0.407118 -0.166950 0.546115
v 0.398960 -0.175631 0.539000
v 0.169042 -0.125544 0.526233
v 0.045692 -0.116287 0.531061
v -0.691926 -0.351134 0.531788
v -0.172984 -0.323534 0.564165
v -0.529461 -0.238021 0.545191
v -0.534352 -0.238611 0.568808
v 0.377489 -0.254173 0.565341
v 0.463265 -0.169884 0.527995
v 0.454709 -0.170011 0.532993
v 0.016217 -0.121317 0.529969
v 0.269618 -0.115905 0.530163
v 0.063036 -0.098535 0.546877
v 0.136593 -0.076400 0.542707
v 0.164831 -0.075255 0.536626
v 0.071546 -0.053337 0.536219
v 0.193970 -0.066042 0.539372
v -0.612788 -0.290454 0.537074
v -0.346831 -0.236601 0.561237
v -0.406423 -0.184890 0.541640
v 0.341447 -0.233521 0.551549
v 0.345602 -0.216030 0.556654
v 0.173066 -0.123443 0.532206
v 0.194126 -0.111657 0.542542
v 0.086833 -0.101069 0.546298
v 0.284083 -0.108194 0.542301
v 0.234162 -0.074298 0.528517
v 0.095406 -0.056343 0.539692
v 0.112381 -0.071790 0.539153
v 0.019885 -0.087552 0.574450
v -0.831432 -0.411135 0.544704
v -0.195479 -0.299535 0.538598
v 0.377212 -0.258381 0.552867
v 0.387433 -0.258225 0.557310
v 0.478043 -0.244820 0.563127
v 0.405216 -0.249891 0.568872
v 0.382916 -0.232564 0.555555
v 0.487294 -0.254982 0.582056
v 0.245087 -0.136742 0.552794
v 0.029686 -0.115758 0.541770
v 0.144404 -0.070814 0.551028
v 0.079751 -0.045568 0.539760
v 0.060796 -0.044242 0.540406
v -0.192907 -0.313551 0.538616
v -0.250906 -0.296201 0.544315
v -0.168847 -0.305516 0.555594
v -0.012224 -0.176112 0.628730
v -0.445170 -0.221503 0.566297
v -0.447559 -0.197217 0.565135
v -0.024018 -0.166483 0.550497
v 0.054709 -0.104628 0.551139
v 0.016246 -0.082548 0.554724
v 0.847163 -0.414673 0.554979
v -0.316680 -0.245558 0.569741
v 0.026836 -0.113314 0.550038
v 0.143170 -0.104563 0.549784
v 0.043422 -0.111616 0.545745
v 0.164676 -0.106249 0.537073
v 0.180732 -0.082303 0.549312
v 0.092089 -0.054326 0.545776
v 0.797510 -0.414571 0.621386
v 0.628572 -0.371214 0.652140
v -0.254749 -0.280100 0.549376
v -0.275861 -0.298741 0.589233
v 0.182427 -0.107495 0.547292
v 0.029377 -0.105788 0.541560
v 0.028754 -0.100372 0.547938
v 0.036406 -0.106066 0.543884
v 0.077612 -0.096054 0.543402
v 0.267954 -0.116530 0.551820
v 0.221765 -0.096102 0.544320
v 0.155188 -0.076320 0.566799
v 0.072702 -0.045703 0.545771
v -0.813177 -0.413156 0.566123
v 0.678473 -0.387527 0.631036
v 0.345684 -0.258107 0.565749
v -0.047303 -0.233106 0.572785
v 0.118605 -0.105353 0.549045
v 0.152540 -0.102754 0.572793
v 0.067442 -0.093687 0.550722
v 0.034946 -0.097480 0.544395
v 0.044183 -0.092425 0.548560
v 0.082271 -0.098836 0.553063
v 0.028051 -0.091380 0.550225
v 0.035233 -0.088248 0.549524
v 0.078700 -0.087168 0.552206
v 0.070753 -0.087327 0.549935
v 0.118011 -0.080095 0.550495
v 0.101130 -0.071324 0.558830
v 0.581240 -0.323751 0.576538
v -0.574784 -0.337215 0.627678
v 0.464223 -0.246142 0.582028
v 0.346721 -0.258542 0.587160
v -0.009218 -0.191290 0.627613
v 0.295944 -0.162194 0.567682
v 0.042275 -0.101311 0.556265
v 0.086017 -0.109300 0.570143
v 0.034620 -0.089592 0.557438
v 0.042245 -0.092649 0.557945
v 0.071248 -0.093379 0.557630
v 0.078816 -0.093301 0.556978
v 0.495195 -0.286647 0.595197
v -0.270333 -0.294944 0.603668
v 0.341300 -0.266280 0.578077
v 0.109895 -0.111943 0.564434
v 0.034850 -0.099980 0.561141
v 0.114011 -0.079816 0.566693
v 0.048565 -0.078992 0.578247
v 0.833070 -0.411455 0.578500
v -0.244607 -0.311830 0.633628
v -0.172507 -0.311239 0.584170
v 0.562699 -0.294930 0.566608
v 0.400394 -0.262235 0.574318
v 0.382906 -0.255734 0.569889
v 0.357991 -0.249982 0.569085
v -0.388356 -0.224679 0.587651
v 0.399543 -0.258932 0.590109
v 0.029695 -0.103484 0.573518
v 0.052109 -0.095707 0.567584
v -0.391132 -0.208318 0.591416
v 0.245944 -0.133333 0.578394
v 0.121220 -0.106811 0.568795
v 0.621524 -0.353512 0.646078
v -0.243467 -0.325313 0.631439
v -0.499529 -0.299654 0.620454
v 0.246131 -0.170197 0.594571
v 0.029948 -0.120467 0.589111
v 0.019927 -0.120959 0.607679
v 0.051794 -0.096891 0.573887
v -0.124547 -0.316595 0.622187
v 0.493245 -0.299124 0.632478
v -0.342349 -0.262666 0.586131
v 0.431515 -0.300626 0.620158
v 0.427122 -0.288174 0.624256
v -0.497120 -0.241760 0.582503
v 0.284312 -0.220811 0.607123
v 0.213389 -0.121061 0.595594
v 0.165710 -0.115410 0.598145
v 0.077244 -0.128399 0.619595
v 0.824548 -0.412974 0.593157
v 0.385898 -0.298798 0.623777
v 0.393677 -0.286771 0.598170
v -0.616595 -0.377992 0.665332
v -0.157135 -0.319273 0.589169
v -0.125614 -0.304637 0.617522
v 0.325454 -0.262913 0.590608
v 0.337172 -0.258960 0.594824
v 0.178495 -0.128369 0.619401
v 0.279654 -0.174937 0.590500
v 0.077043 -0.137058 0.603787
v 0.181005 -0.115266 0.640629
v -0.613883 -0.370927 0.678598
v 0.503283 -0.316093 0.631615
v -0.084065 -0.284411 0.630679
v 0.303257 -0.224455 0.608380
v 0.142852 -0.136608 0.616801
v 0.149095 -0.129744 0.633398
v -0.783202 -0.411097 0.598984
v -0.767351 -0.408247 0.616095
v -0.292843 -0.308600 0.615812
v 0.043131 -0.140929 0.609354
v -0.125374 -0.304036 0.634564
v -0.407306 -0.276263 0.664691
v -0.316273 -0.276340 0.606496
v 0.321173 -0.286750 0.636486
v -0.488574 -0.275647 0.619583
v 0.020385 -0.144784 0.603509
v 0.237247 -0.162227 0.637267
v 0.287056 -0.218372 0.632978
v -0.563613 -0.312951 0.626057
v -0.189322 -0.321149 0.671351
v -0.371747 -0.274234 0.623733
v 0.328898 -0.275592 0.633234
v 0.036105 -0.139437 0.627616
v -0.082823 -0.267429 0.629897
v -0.047963 -0.241781 0.653748
v 0.800433 -0.411420 0.624283
v 0.228899 -0.172349 0.632033
v 0.208070 -0.153876 0.657154
v 0.016226 -0.145510 0.620820
v 0.182074 -0.136699 0.633566
v 0.757470 -0.408521 0.682059
v -0.165685 -0.327464 0.672844
v 0.295550 -0.249879 0.640084
v 0.312370 -0.249440 0.641869
v 0.332945 -0.333333 0.723772
v -0.387091 -0.296168 0.674904
v 0.012565 -0.215459 0.675040
v 0.139427 -0.196803 0.683299
v -0.303157 -0.309638 0.649662
v -0.406131 -0.300220 0.670232
v -0.045721 -0.267874 0.694619
v -0.676540 -0.411230 0.715913
v -0.330645 -0.327411 0.670597
v 0.248211 -0.199488 0.649096
v 0.050891 -0.178441 0.656819
v 0.167931 -0.158012 0.647908
v 0.747365 -0.414618 0.692522
v -0.636912 -0.397713 0.690192
v -0.186345 -0.337544 0.685641
v -0.034865 -0.244624 0.652805
v 0.271222 -0.208451 0.654216
v 0.291761 -0.249388 0.674730
v 0.451590 -0.319335 0.678743
v 0.401729 -0.304829 0.662169
v -0.024514 -0.225694 0.666356
v 0.003688 -0.229354 0.707592
v 0.212485 -0.174321 0.645280
v 0.768059 -0.413108 0.670282
v 0.221107 -0.166632 0.653322
v 0.177036 -0.138087 0.664377
v 0.187668 -0.133359 0.655306
v 0.674105 -0.398428 0.710637
v -0.434589 -0.313775 0.695120
v 0.275441 -0.250713 0.669995
v -0.046307 -0.253911 0.695447
v -0.664149 -0.413007 0.717154
v 0.538801 -0.349651 0.695504
v -0.132784 -0.326386 0.702146
v 0.085524 -0.175620 0.686148
v 0.557245 -0.369726 0.698616
v 0.329833 -0.334726 0.758014
v 0.249833 -0.236795 0.678704
v 0.199283 -0.195570 0.672873
v 0.245353 -0.221662 0.686340
v 0.143342 -0.174871 0.687489
v -0.406076 -0.349737 0.741015
v -0.062608 -0.287744 0.710850
v 0.213463 -0.216203 0.678506
v 0.045374 -0.187336 0.690160
v 0.701608 -0.414591 0.751017
v -0.536897 -0.390658 0.728132
v -0.319256 -0.320958 0.687534
v 0.055394 -0.203571 0.680250
v -0.306704 -0.351276 0.735825
v -0.133866 -0.314014 0.704620
v -0.089813 -0.292719 0.713003
v 0.291687 -0.295972 0.719933
v 0.153140 -0.224374 0.703709
v 0.036406 -0.212228 0.699096
v -0.277145 -0.350228 0.796145
v 0.291300 -0.255188 0.678458
v 0.054441 -0.255844 0.724677
v 0.084994 -0.207493 0.684978
v 0.217013 -0.214809 0.694656
v -0.407102 -0.335131 0.740747
v 0.333053 -0.296494 0.679247
v 0.480701 -0.385008 0.811796
v 0.127413 -0.220106 0.711772
v 0.155392 -0.191615 0.691982
v -0.163988 -0.338583 0.750160
v 0.289797 -0.275417 0.716174
v 0.063041 -0.244766 0.720655
v 0.234015 -0.227509 0.702982
v 0.208731 -0.212557 0.700236
v -0.492845 -0.365495 0.736761
v -0.419615 -0.372067 0.778048
v 0.013773 -0.241052 0.708029
v 0.194538 -0.269232 0.737394
v 0.737119 -0.412652 0.712890
v 0.130836 -0.192778 0.701860
v 0.061490 -0.247016 0.739609
v -0.648282 -0.413992 0.721032
v 0.336506 -0.362973 0.782016
v -0.422422 -0.350715 0.762911
v -0.032090 -0.311597 0.749647
v 0.159478 -0.216808 0.711375
v 0.461023 -0.383151 0.782032
v -0.048376 -0.287900 0.719931
v 0.240761 -0.297416 0.749529
v 0.701136 -0.403501 0.746072
v -0.060534 -0.276396 0.731923
v 0.130659 -0.263975 0.766066
v 0.044906 -0.262751 0.744713
v -0.659630 -0.411154 0.721147
v -0.149230 -0.350726 0.757005
v -0.116365 -0.332075 0.743668
v 0.022006 -0.311419 0.770461
v -0.066212 -0.298855 0.736797
v 0.250535 -0.273629 0.736409
v 0.721909 -0.414142 0.733690
v -0.583514 -0.404608 0.748292
v -0.177674 -0.352769 0.743951
v 0.312061 -0.346374 0.769902
v -0.001015 -0.258589 0.736829
v 0.196716 -0.267187 0.752332
v -0.622359 -0.411494 0.732589
v -0.598108 -0.414278 0.742528
v -0.478856 -0.390758 0.765592
v -0.104958 -0.317932 0.753659
v -0.517557 -0.408228 0.788701
v 0.078267 -0.287504 0.794989
v 0.695880 -0.411571 0.764370
v -0.608072 -0.409880 0.739891
v -0.478223 -0.413429 0.810707
v -0.582722 -0.409551 0.752329
v 0.006725 -0.308896 0.781962
v 0.639671 -0.414581 0.788843
v 0.368016 -0.376427 0.829135
v -0.094658 -0.359186 0.798868
v -0.022442 -0.321769 0.784406
v 0.680091 -0.412717 0.774722
v 0.276079 -0.346988 0.815942
v -0.015558 -0.340892 0.794765
v 0.211427 -0.342941 0.816061
v -0.426166 -0.371524 0.804245
v 0.149947 -0.290995 0.792840
v 0.131195 -0.271110 0.782539
v 0.134843 -0.263632 0.794942
v -0.106072 -0.349355 0.804482
v 0.055259 -0.323892 0.804048
v 0.145193 -0.267161 0.786822
v 0.265574 -0.358312 0.815825
v 0.136489 -0.278458 0.790841
v 0.646860 -0.411651 0.791792
v 0.551863 -0.414694 0.830025
v -0.483675 -0.408905 0.811501
v -0.001189 -0.326229 0.799722
v 0.143730 -0.304195 0.815868
v 0.048883 -0.316126 0.811694
v 0.196376 -0.334068 0.832933
v 0.621583 -0.412844 0.803437
v 0.568294 -0.404345 0.820730
v -0.022733 -0.369818 0.908307
v -0.467853 -0.407950 0.832841
v -0.039974 -0.397920 0.940249
v 0.369501 -0.390517 0.827646
v 0.477582 -0.413710 0.851972
v -0.298421 -0.409334 0.939880
v 0.592927 -0.411420 0.814578
v 0.015184 -0.333274 0.833255
v 0.575582 -0.412818 0.823632
v -0.445282 -0.412762 0.886629
v 0.043384 -0.342214 0.828362
v -0.453028 -0.414226 0.855676
v 0.521835 -0.408332 0.847218
v -0.231430 -0.368352 0.858400
v 0.546967 -0.411358 0.835588
v 0.109705 -0.359897 0.862161
v 0.085442 -0.387730 0.903169
v 0.513936 -0.414388 0.850252
v -0.442624 -0.403982 0.879161
v 0.437960 -0.407970 0.875391
v 0.189320 -0.358000 0.887010
v -0.457428 -0.412901 0.857377
v -0.326559 -0.409078 0.969763
v 0.102292 -0.355256 0.874228
v 0.430346 -0.413504 0.879180
v 0.392941 -0.408353 0.903383
v 0.022988 -0.369054 0.878170
v 0.161078 -0.357605 0.866168
v 0.160134 -0.351433 0.877380
v 0.497432 -0.410137 0.856289
v 0.475948 -0.411501 0.859584
v 0.389100 -0.414723 0.904924
v 0.351646 -0.414675 0.921449
v 0.198091 -0.399988 0.940513
v 0.288979 -0.404771 0.941338
v -0.206286 -0.403820 0.975068
v 0.289781 -0.414479 0.939406
v 0.404922 -0.413409 0.896355
v 0.193052 -0.409095 0.986399
v 0.093470 -0.385210 0.928043
v 0.376153 -0.412847 0.915176
v -0.354903 -0.415731 0.953791
v 0.014459 -0.414669 0.985260
v 0.351049 -0.411749 0.924455
v 0.305287 -0.411905 0.941173
v 0.114438 -0.411450 0.960965
v -0.023051 -0.404500 0.991579
v 0.197150 -0.414944 0.984275
v 0.263273 -0.412998 0.957567
v 0.068131 -0.414398 0.984211
v -0.230554 -0.414167 0.982987
v -0.326924 -0.414942 0.970211
v -0.310795 -0.412294 0.970784
v -0.123115 -0.415794 0.992441
v 0.221185 -0.412125 0.975271
v -0.219244 -0.412412 0.983407
v -0.197612 -0.414865 0.986621
v -0.077568 -0.412897 0.996350
v 0.051743 -0.414752 0.988376
v 0.063689 -0.412153 0.990340
v 0.185419 -0.412092 0.989361
v 0.022418 -0.412023 0.994323
v -0.189917 -0.412364 0.988835
v -0.105783 -0.412385 0.998535
v 0.001457 -0.412454 1.000000
vn 0.0291 -0.1073 -0.9938
vn -0.0279 -0.8567 -0.5151
vn -0.0753 0.2155 -0.9736
vn -0.0632 0.3099 -0.9487
vn 0.0941 0.8523 -0.5145
vn 0.0433 -0.2235 -0.9737
vn 0.0161 0.8940 -0.4477
vn -0.0109 0.6036 -0.7972
vn -0.0718 -0.2360 -0.9691
vn 0.0072 -0.8478 -0.5303
vn 0.0953 -0.8909 -0.4440
vn 0.1466 0.1318 -0.9804
vn -0.2256 0.4444 -0.8670
vn -0.0544 -0.6393 -0.7670
vn -0.3436 -0.5757 -0.7419
vn 0.3256 -0.2990 -0.8970
vn 0.1855 -0.8341 -0.5195
vn 0.3244 0.5619 -0.7609
vn -0.0750 0.8689 -0.4893
vn -0.5288 0.0184 -0.8486
vn -0.2841 0.6146 -0.7359
vn 0.0189 -0.9524 0.3044
vn 0.2477 0.5080 -0.8250
vn 0.1706 -0.9639 0.2043
vn -0.2184 0.8342 -0.5063
vn -0.3165 -0.8343 -0.4515
vn 0.1114 -0.9844 0.1365
vn -0.5445 -0.1088 -0.8317
vn 0.0781 0.9209 -0.3818
vn 0.3884 -0.7406 -0.5482
vn -0.1076 -0.9572 0.2686
vn -0.5100 -0.0929 -0.8551
vn 0.0706 0.9154 -0.3962
vn -0.2323 -0.4180 -0.8782
vn 0.1831 -0.4854 -0.8549
vn 0.4086 0.4989 -0.7643
vn -0.1744 0.8972 -0.4057
vn -0.1557 -0.8928 -0.4226
vn -0.2317 0.5903 -0.7732
vn -0.1080 -0.9765 0.1866
vn -0.0943 0.9298 -0.3557
vn -0.2317 -0.0796 -0.9695
vn 0.5712 0.5933 -0.5672
vn -0.1654 -0.9524 0.2561
vn -0.1602 0.8884 -0.4303
vn 0.0286 -0.9969 0.0734
vn -0.3430 -0.1280 -0.9306
vn -0.2374 0.5578 -0.7953
vn -0.0484 -0.9228 0.3823
vn -0.2029 -0.8780 -0.4335
vn -0.0627 -0.9891 0.1329
vn 0.4085 -0.8401 -0.3568
vn -0.1710 0.8246 -0.5393
vn -0.4760 0.2426 -0.8453
vn 0.6844 0.3713 -0.6275
vn -0.0898 -0.9833 0.1583
vn 0.0191 -0.9287 0.3704
vn 0.1924 -0.9699 -0.1490
vn -0.1113 -0.9334 0.3411
vn 0.2528 0.8592 -0.4447
vn -0.4751 -0.3638 -0.8012
vn 0.2142 -0.9117 0.3506
vn 0.1196 -0.9484 0.2935
vn -0.2690 0.8306 -0.4876
vn 0.1290 -0.9332 0.3353
vn 0.0734 -0.9720 0.2233
vn 0.0332 -0.9985 0.0427
vn -0.5094 0.4064 -0.7586
vn -0.1935 -0.8933 0.4057
vn 0.0406 0.9468 -0.3191
vn -0.0604 0.9633 -0.2617
vn -0.3455 -0.6591 -0.6681
vn -0.1818 0.9094 -0.3742
vn -0.1585 -0.8208 0.5488
vn 0.1133 0.7913 -0.6008
vn 0.0864 -0.9716 0.2203
vn 0.4483 0.4452 -0.7752
vn -0.0829 0.9410 -0.3281
vn -0.4133 -0.5826 -0.6998
vn 0.0277 -0.9978 0.0607
vn 0.2637 -0.9004 0.3461
vn -0.0604 0.9277 -0.3684
vn -0.2362 -0.8734 0.4259
vn -0.1188 0.9613 -0.2484
vn -0.3872 0.7542 -0.5303
vn -0.5106 -0.5629 -0.6499
vn 0.1311 -0.9478 0.2908
vn -0.2410 -0.7203 0.6504
vn -0.1115 0.9482 -0.2973
vn 0.3479 -0.8505 0.3945
vn 0.2002 0.7484 -0.6323
vn -0.0594 0.9013 -0.4291
vn -0.1934 -0.8169 0.5434
vn -0.0264 0.7547 -0.6556
vn -0.0609 -0.8085 0.5853
vn 0.3415 0.7850 -0.5169
vn -0.2505 0.8583 -0.4479
vn -0.1398 -0.7585 0.6365
vn -0.0027 -0.9497 0.3130
vn 0.1867 0.9496 -0.2520
vn 0.0958 -0.9603 0.2620
vn 0.2329 -0.9025 0.3622
vn 0.3115 -0.8627 0.3984
vn 0.0776 -0.9286 0.3630
vn 0.2840 0.7997 -0.5289
vn -0.6042 0.3694 -0.7060
vn -0.3294 -0.6908 0.6437
vn 0.6796 -0.6510 -0.3381
vn 0.0363 0.8598 -0.5093
vn 0.3199 0.7918 -0.5203
vn -0.1144 0.9709 -0.2105
vn -0.4754 -0.6850 -0.5521
vn -0.1918 -0.7594 0.6217
vn -0.2132 -0.7171 0.6636
vn 0.4501 0.7473 -0.4888
vn 0.1229 -0.9633 0.2387
vn 0.1531 -0.9820 0.1109
vn 0.2406 0.8727 -0.4249
vn 0.1188 -0.9438 0.3085
vn -0.7322 -0.4473 -0.5136
vn -0.2002 0.9111 -0.3603
vn 0.4811 -0.6410 0.5980
vn -0.0152 0.9620 0.2727
vn -0.8243 -0.0817 0.5602
vn 0.6213 -0.0967 0.7776
vn -0.1335 -0.9567 0.2586
vn -0.2612 0.8946 -0.3625
vn 0.1395 -0.9179 0.3716
vn -0.1757 -0.8869 0.4272
vn -0.3856 -0.8539 0.3495
vn -0.2133 -0.9435 0.2535
vn 0.7548 -0.6530 -0.0625
vn -0.0968 0.9705 -0.2206
vn -0.0164 -0.0092 -0.9998
vn -0.4883 0.0533 -0.8711
vn -0.1155 -0.8976 -0.4253
vn -0.4237 0.7547 -0.5009
vn 0.2721 -0.8015 0.5325
vn 0.4229 -0.7553 0.5006
vn 0.0646 -0.8867 0.4578
vn -0.1593 0.9356 -0.3152
vn 0.3133 0.8256 -0.4693
vn 0.0674 -0.9413 -0.3309
vn -0.3996 0.8037 -0.4409
vn -0.3361 -0.9220 0.1922
vn 0.3813 0.7110 -0.5909
vn -0.6115 -0.4446 -0.6545
vn 0.0806 -0.9694 0.2317
vn 0.0078 0.9027 -0.4301
vn -0.2585 -0.7618 0.5940
vn -0.0500 -0.8690 0.4923
vn -0.2049 0.7860 -0.5833
vn -0.2220 -0.8756 0.4291
vn 0.2997 0.4126 -0.8602
vn 0.1142 -0.9268 0.3577
vn 0.5518 -0.3321 0.7650
vn 0.2579 -0.5890 -0.7659
vn 0.1990 -0.8728 0.4456
vn 0.2111 -0.9037 0.3726
vn -0.1199 -0.7504 0.6500
vn 0.0963 -0.9896 0.1069
vn -0.2029 -0.6854 0.6993
vn -0.2215 -0.8191 0.5291
vn 0.4025 0.7920 -0.4590
vn -0.3618 -0.9162 0.1722
vn 0.4703 -0.1586 -0.8682
vn 0.5659 -0.7132 -0.4138
vn -0.3609 -0.8366 0.4120
vn 0.5866 0.6406 -0.4956
vn -0.2897 0.8964 -0.3355
vn 0.2512 0.6452 -0.7216
vn -0.5306 0.8240 0.1988
vn 0.2779 0.8171 -0.5051
vn -0.4706 -0.4624 -0.7515
vn -0.1032 0.9935 0.0480
vn 0.1151 -0.8866 0.4480
vn -0.1794 0.9714 -0.1558
vn -0.0863 0.8017 -0.5915
vn 0.4505 -0.6564 0.6051
vn 0.2893 -0.7749 0.5619
vn -0.3304 0.8123 -0.4807
vn 0.1545 0.7897 -0.5938
vn -0.1668 0.8678 -0.4681
vn -0.1881 -0.7822 0.5940
vn -0.3321 0.7619 -0.5560
vn 0.1110 -0.8810 0.4600
vn 0.2531 -0.8549 0.4528
vn 0.3421 0.9160 -0.2096
vn -0.0432 -0.7766 0.6285
vn -0.0490 -0.8748 0.4821
vn -0.5329 0.4068 -0.7420
vn 0.0224 0.9126 -0.4083
vn 0.6272 -0.2576 0.7351
vn 0.2685 0.7123 -0.6485
vn 0.5580 0.7388 -0.3779
vn 0.0816 -0.9328 0.3510
vn 0.3888 -0.7124 0.5842
vn 0.3219 -0.5536 0.7680
vn 0.5210 -0.4855 0.7021
vn 0.4809 0.6946 -0.5351
vn 0.1008 -0.7493 0.6546
vn -0.3081 -0.8369 -0.4524
vn -0.4224 -0.7490 0.5105
vn 0.1407 -0.9740 0.1776
vn 0.5585 -0.4899 0.6694
vn -0.3954 0.8663 -0.3052
vn 0.7189 -0.6102 0.3329
vn 0.2805 -0.8580 0.4304
vn -0.4442 0.7870 -0.4281
vn 0.2544 -0.7901 0.5577
vn -0.3086 0.7220 -0.6193
vn 0.3917 0.8122 -0.4322
vn 0.8306 0.1803 -0.5268
vn 0.0050 -0.6230 0.7822
vn 0.2054 -0.7922 0.5747
vn -0.4490 0.7204 -0.5286
vn -0.2554 0.8374 -0.4832
vn 0.3662 -0.7877 0.4954
vn 0.1197 0.6256 -0.7709
vn -0.0199 0.6600 -0.7510
vn -0.6984 -0.0232 -0.7153
vn 0.4778 0.8359 -0.2701
vn 0.0819 -0.8872 0.4541
vn 0.3512 -0.8925 -0.2830
vn -0.2985 0.8636 -0.4064
vn -0.4505 0.7380 -0.5024
vn 0.0908 0.6899 -0.7182
vn -0.3082 -0.9311 0.1950
vn 0.3893 -0.1941 0.9004
vn -0.2893 -0.6532 0.6997
vn 0.4470 0.6932 -0.5654
vn 0.3955 -0.8588 0.3257
vn -0.3166 0.7944 -0.5184
vn 0.6267 -0.3707 0.6855
vn 0.3947 -0.3825 0.8354
vn -0.7564 -0.3947 -0.5215
vn 0.0784 -0.6823 0.7268
vn -0.4548 -0.6920 0.5606
vn 0.0122 0.9290 -0.3700
vn 0.5635 0.7550 -0.3353
vn 0.7054 0.6695 -0.2328
vn 0.0868 -0.7241 0.6842
vn -0.0781 0.6988 -0.7111
vn 0.3198 0.9165 -0.2405
vn 0.5172 -0.7268 0.4519
vn 0.5066 -0.0648 0.8597
vn -0.1966 0.7779 0.5969
vn -0.1807 -0.3857 0.9048
vn -0.7918 0.1824 0.5830
vn 0.0894 0.6912 -0.7171
vn 0.4928 -0.6380 0.5917
vn 0.1553 -0.6775 0.7190
vn -0.3042 -0.7994 0.5180
vn -0.4008 0.6399 -0.6556
vn 0.0386 -0.7727 0.6336
vn 0.2354 0.9126 0.3341
vn -0.5101 -0.4283 0.7458
vn -0.2228 -0.6475 0.7287
vn -0.0176 -0.7715 0.6360
vn 0.1717 -0.9769 0.1270
vn 0.5193 -0.8173 0.2498
vn -0.6031 0.6566 -0.4529
vn 0.4704 -0.6567 0.5894
vn 0.1129 -0.3022 0.9465
vn -0.1630 -0.3854 0.9082
vn 0.0902 0.9797 -0.1790
vn -0.3480 0.8665 -0.3578
vn -0.3581 0.8284 -0.4307
vn -0.3721 0.7012 -0.6081
vn 0.0923 0.7732 -0.6275
vn -0.2444 0.8714 -0.4253
vn 0.6228 -0.6601 0.4201
vn -0.5045 0.8230 -0.2611
vn -0.6624 -0.6983 0.2713
vn -0.4862 -0.8702 0.0798
vn 0.4037 0.6421 -0.6517
vn -0.0016 -0.9999 0.0106
vn 0.5344 0.5359 0.6537
vn -0.1792 0.3387 0.9237
vn -0.1918 -0.2627 0.9456
vn 0.0208 0.5827 -0.8124
vn 0.6480 -0.5191 0.5574
vn 0.4761 -0.6680 0.5720
vn 0.3389 -0.8545 0.3936
vn 0.2449 -0.9452 0.2158
vn 0.5043 -0.6110 0.6102
vn -0.5823 0.6967 -0.4190
vn 0.5121 -0.5894 0.6249
vn 0.2492 0.8581 0.4490
vn 0.6495 -0.7500 -0.1250
vn 0.0375 -0.4491 0.8927
vn 0.2532 -0.8448 0.4714
vn -0.4196 0.6493 -0.6343
vn -0.2596 0.6785 -0.6872
vn 0.5201 0.0008 0.8541
vn 0.4912 -0.7261 0.4811
vn 0.2759 -0.6812 0.6781
vn 0.4855 0.8416 -0.2367
vn 0.4917 0.7428 -0.4545
vn 0.4780 0.8013 -0.3599
vn -0.6706 0.6647 -0.3294
vn -0.0123 -0.7109 0.7032
vn 0.7857 0.0018 0.6186
vn 0.0088 -0.4616 0.8871
vn 0.9214 -0.2521 0.2958
vn -0.0793 -0.4140 0.9068
vn 0.4222 -0.6474 0.6345
vn -0.1872 -0.6541 0.7329
vn -0.3438 -0.6830 0.6445
vn 0.3514 0.6780 -0.6456
vn 0.7866 0.5623 0.2551
vn 0.1584 0.9811 0.1112
vn -0.3773 0.8790 -0.2914
vn 0.6444 -0.6932 0.3228
vn -0.5398 -0.8044 0.2481
vn 0.1270 0.4074 -0.9044
vn -0.2883 0.9462 -0.1466
vn -0.0304 0.5801 -0.8140
vn 0.7028 -0.6364 0.3178
vn 0.5779 0.7603 -0.2966
vn 0.2435 0.7708 -0.5887
vn 0.8532 -0.1355 0.5036
vn -0.8089 0.5329 -0.2484
vn -0.4966 -0.0186 -0.8678
vn 0.8932 0.4282 -0.1374
vn -0.5202 -0.6974 0.4929
vn 0.0047 -0.8188 0.5741
vn 0.5520 -0.6489 0.5236
vn 0.1379 0.6879 -0.7125
vn 0.1439 0.4294 -0.8916
vn -0.0999 0.5476 -0.8307
vn -0.5977 0.7580 -0.2612
vn -0.3308 0.6519 -0.6823
vn 0.3146 0.5709 -0.7583
vn -0.7869 0.4100 -0.4612
vn -0.7192 -0.5374 -0.4405
vn -0.0988 0.9869 0.1272
vn 0.7855 0.0018 0.6189
vn 0.3261 -0.5070 0.7979
vn 0.7701 0.3813 -0.5114
vn -0.1288 -0.9916 -0.0068
vn -0.6464 -0.7351 0.2045
vn -0.4733 -0.8434 0.2543
vn -0.0203 -0.5131 0.8581
vn 0.0156 -0.4102 0.9119
vn -0.0452 -0.3588 0.9323
vn -0.2786 -0.9512 0.1327
vn -0.3938 0.5496 -0.7368
vn -0.0169 0.6416 -0.7669
vn 0.6802 -0.6239 0.3847
vn -0.0140 0.8524 -0.5227
vn 0.8141 0.1365 -0.5644
vn 0.3010 0.6591 0.6892
vn 0.5707 -0.1021 0.8148
vn 0.4787 0.8746 -0.0769
vn -0.3535 -0.6566 -0.6663
vn 0.7701 0.3812 -0.5114
vn 0.7313 -0.4111 0.5442
vn -0.1105 -0.2678 0.9571
vn -0.0423 -0.5216 0.8522
vn -0.6645 0.6940 -0.2771
vn 0.0912 -0.5619 0.8221
vn -0.7294 -0.6670 0.1519
vn -0.5573 -0.7722 0.3052
vn -0.5602 -0.6842 0.4670
vn -0.2934 -0.5931 0.7497
vn 0.5402 0.6696 -0.5097
vn -0.3117 0.7786 -0.5446
vn 0.0814 0.5735 -0.8152
vn 0.4071 -0.8460 0.3442
vn 0.4042 0.8729 -0.2734
vn -0.4749 0.6264 -0.6181
vn 0.5293 -0.3863 0.7554
vn 0.5621 0.7790 -0.2780
vn -0.3147 0.7673 -0.5587
vn 0.3213 0.9412 -0.1047
vn -0.4981 0.6875 -0.5285
vn 0.6916 0.6978 0.1862
vn -0.2272 0.7536 0.6168
vn 0.5461 0.2065 0.8119
vn -0.4521 0.5562 0.6973
vn 0.0954 -0.9902 0.1019
vn 0.3406 0.5390 0.7704
vn -0.1800 -0.6280 0.7571
vn -0.3606 0.6786 -0.6399
vn 0.9884 -0.0182 0.1509
vn -0.2207 0.9739 -0.0533
vn -0.4586 0.1630 -0.8736
vn -0.1595 0.2196 -0.9625
vn -0.4401 0.8621 -0.2513
vn 0.1010 -0.9813 -0.1638
vn 0.4656 -0.6344 0.6171
vn 0.2805 -0.6889 0.6684
vn 0.0931 0.6093 -0.7874
vn -0.4015 0.6700 -0.6245
vn 0.4867 0.8715 -0.0602
vn -0.6661 0.7113 -0.2246
vn 0.5125 -0.7540 0.4108
vn 0.6943 -0.6345 0.3397
vn 0.5826 -0.1513 0.7985
vn 0.8537 0.2678 0.4467
vn 0.2141 -0.0921 -0.9725
vn 0.1642 -0.7776 0.6069
vn 0.1440 -0.6409 0.7540
vn 0.5763 -0.5931 0.5622
vn 0.6410 0.7638 -0.0749
vn -0.1474 0.9219 -0.3583
vn 0.9076 -0.2261 0.3538
vn -0.7163 -0.6953 0.0590
vn -0.5267 -0.8487 0.0473
vn 0.1330 -0.5750 0.8073
vn 0.0563 0.5502 -0.8332
vn 0.1096 0.5607 -0.8207
vn -0.7251 0.3371 -0.6006
vn 0.7111 0.6472 -0.2747
vn 0.0571 -0.8472 0.5282
vn 0.5392 -0.7938 -0.2814
vn 0.5240 -0.6911 0.4979
vn 0.1007 -0.7911 0.6034
vn -0.0338 -0.5832 0.8116
vn 0.1709 0.5557 -0.8136
vn -0.6354 -0.7632 0.1174
vn 0.7212 -0.3275 0.6105
vn 0.6549 0.7532 -0.0612
vn 0.0321 -0.6176 0.7858
vn 0.7008 -0.6760 0.2278
vn 0.2326 0.8110 -0.5368
vn -0.2696 -0.9628 -0.0159
vn 0.9310 -0.1467 0.3342
vn 0.7613 -0.6267 0.1664
vn 0.1200 0.5683 -0.8140
vn -0.1182 -0.7466 0.6547
vn 0.7727 0.5501 0.3167
vn -0.6354 -0.7686 0.0742
vn 0.4216 -0.6079 0.6728
vn -0.8215 0.3658 -0.4374
vn -0.7564 -0.6443 0.1127
vn -0.5404 0.6922 -0.4783
vn -0.6753 -0.7348 0.0633
vn 0.3295 -0.6771 0.6580
vn 0.4985 -0.8370 0.2256
vn -0.4113 -0.9105 0.0436
vn 0.5222 0.8476 -0.0938
vn -0.7224 -0.6850 -0.0947
vn 0.3075 0.9417 -0.1366
vn -0.4368 0.5430 -0.7172
vn 0.6412 0.5163 -0.5677
vn -0.6255 -0.6491 -0.4328
vn -0.3576 -0.9212 0.1535
vn 0.2298 -0.9666 0.1131
vn -0.6261 0.6927 -0.3579
vn 0.9475 -0.1711 -0.2701
vn 0.6296 0.1743 0.7571
vn 0.4984 -0.7231 0.4783
vn 0.4462 0.8949 -0.0001
vn 0.4572 -0.5909 0.6647
vn 0.0166 -0.5551 0.8316
vn 0.5731 -0.7659 0.2914
vn -0.5361 -0.8430 0.0447
vn 0.6928 0.1244 0.7103
vn -0.0730 0.9916 -0.1067
vn 0.2274 0.5426 -0.8086
vn 0.2483 -0.5327 -0.8091
vn -0.3850 -0.9229 0.0098
vn 0.6244 -0.6779 0.3881
vn 0.0095 0.5264 -0.8502
vn 0.1613 -0.9401 0.3003
vn 0.7123 0.6560 -0.2496
vn 0.5085 -0.8443 0.1687
vn 0.4440 0.7200 -0.5334
vn 0.9669 0.1121 -0.2294
vn 0.3636 -0.8857 0.2887
vn -0.0862 -0.9352 -0.3434
vn -0.2431 -0.5537 0.7965
vn 0.2982 -0.6238 0.7225
vn 0.7108 -0.3923 0.5838
vn 0.5909 -0.6855 0.4254
vn 0.8694 -0.4879 0.0787
vn -0.7112 0.0583 -0.7006
vn -0.3673 0.8997 -0.2357
vn -0.5203 0.8389 -0.1599
vn -0.0611 0.9973 -0.0397
vn 0.7428 -0.6095 0.2771
vn -0.2885 -0.5159 0.8066
vn 0.5304 -0.6331 0.5638
vn -0.2093 0.5528 -0.8066
vn 0.7656 -0.5974 0.2386
vn -0.4625 -0.6201 0.6337
vn -0.6273 -0.6657 -0.4042
vn -0.3669 0.0822 -0.9266
vn 0.5957 -0.6258 -0.5036
vn 0.6333 -0.7720 0.0537
vn -0.6869 0.7266 -0.0157
vn 0.0234 -0.9990 0.0387
vn -0.6248 0.7107 -0.3232
vn 0.7480 -0.6176 0.2430
vn -0.7637 0.5929 -0.2555
vn -0.4143 0.7661 -0.4914
vn 0.9225 -0.3077 -0.2331
vn 0.6013 0.7990 -0.0054
vn 0.7359 0.6700 -0.0973
vn -0.0391 0.6985 -0.7145
vn -0.0561 -0.9830 0.1751
vn 0.7761 0.4734 -0.4165
vn -0.4480 0.8681 -0.2137
vn -0.9122 0.4015 -0.0817
vn -0.6210 -0.7779 -0.0960
vn -0.0528 0.6528 -0.7557
vn -0.3734 0.8410 -0.3914
vn -0.4836 -0.8742 -0.0444
vn -0.7251 -0.6054 0.3282
vn 0.6857 0.6307 -0.3632
vn -0.8386 -0.3144 -0.4449
vn 0.9116 -0.2494 -0.3268
vn 0.6315 0.7632 0.1369
vn -0.0918 -0.5497 0.8303
vn -0.3599 0.9035 -0.2328
vn 0.6442 0.7471 0.1639
vn 0.8571 -0.4102 0.3116
vn -0.8640 0.5035 -0.0079
vn -0.1021 0.5326 -0.8402
vn 0.0614 -0.9217 0.3830
vn 0.8029 0.5906 -0.0804
vn 0.8728 -0.3416 -0.3486
vn -0.6469 -0.7614 0.0430
vn 0.3925 -0.7475 0.5358
vn 0.3447 0.8269 -0.4442
vn -0.2761 0.6225 -0.7323
vn 0.3114 -0.9023 0.2982
vn 0.0704 0.8832 -0.4637
vn 0.6355 0.5235 -0.5675
vn 0.8919 -0.4504 -0.0403
vn 0.1132 -0.5745 0.8106
vn -0.7981 -0.5966 0.0841
vn -0.8251 -0.5494 -0.1320
vn -0.7822 -0.6147 0.1012
vn 0.5600 -0.6616 0.4986
vn -0.0187 -0.9952 0.0965
vn 0.2762 -0.8586 0.4318
vn 0.3014 -0.9517 0.0588
vn -0.3190 0.8914 -0.3219
vn -0.3436 0.8623 -0.3720
vn 0.0074 -0.9999 -0.0106
vn 0.1041 0.9935 -0.0452
vn 0.1230 0.4557 -0.8816
vn 0.8688 0.3850 -0.3115
vn -0.5715 0.5543 -0.6051
vn -0.0786 -0.7465 0.6608
vn -0.1945 -0.4430 0.8752
vn -0.6959 0.7181 -0.0074
vn 0.4131 -0.8439 0.3423
vn 0.4267 -0.8825 0.1976
vn 0.8167 -0.5751 -0.0468
vn 0.8575 -0.4826 -0.1781
vn 0.8123 -0.5549 0.1795
vn 0.8194 -0.5505 0.1599
vn 0.0253 -0.5736 0.8187
vn -0.6699 0.5198 -0.5301
vn -0.5097 0.6069 -0.6099
vn -0.3012 0.9292 -0.2141
vn 0.2634 -0.9577 -0.1158
vn 0.1135 -0.9430 0.3128
vn -0.7485 0.6622 0.0354
vn -0.4679 0.8715 -0.1468
vn 0.8671 0.4917 -0.0800
vn 0.7679 0.6340 0.0914
vn -0.3396 -0.5054 0.7932
vn 0.1076 0.6583 -0.7450
vn -0.3534 0.8004 -0.4842
vn -0.2751 0.5613 -0.7806
vn -0.6119 -0.7907 0.0183
vn 0.9125 -0.3805 -0.1506
vn 0.6537 0.7562 -0.0274
vn 0.7681 0.6397 -0.0270
vn -0.1388 -0.4512 0.8816
vn 0.0947 -0.5493 0.8303
vn 0.2144 -0.8485 0.4838
vn -0.7341 0.5936 -0.3297
vn -0.0194 -0.9861 -0.1647
vn 0.2935 0.9384 -0.1822
vn 0.5273 0.8479 -0.0540
vn -0.6897 -0.7222 0.0520
vn -0.9038 0.4174 0.0943
vn 0.9579 0.2469 -0.1463
vn 0.1703 -0.6323 0.7558
vn 0.7920 0.6092 -0.0417
vn -0.1924 0.6974 -0.6903
vn 0.2134 -0.9681 0.1310
vn -0.0186 -0.9952 0.0964
vn 0.9877 0.1534 -0.0305
vn -0.5810 0.7884 -0.2022
vn 0.7662 0.4875 -0.4187
vn -0.2214 0.9647 -0.1428
vn -0.4236 0.9003 -0.1000
vn -0.5027 -0.7592 0.4134
vn 0.9196 -0.3911 -0.0369
vn -0.9937 -0.0864 -0.0708
vn -0.7322 -0.3538 0.5820
vn -0.4054 -0.6062 0.6842
vn -0.7279 0.5676 -0.3847
vn 0.6770 0.4570 -0.5769
vn -0.1853 0.6949 -0.6948
vn 0.4545 0.6381 -0.6215
vn -0.6142 0.6770 -0.4054
vn 0.9625 0.2684 0.0402
vn -0.6809 -0.6055 -0.4120
vn -0.4047 -0.9144 0.0032
vn 0.8094 0.5121 -0.2873
vn 0.1601 -0.7919 0.5893
vn 0.6845 -0.6057 0.4057
vn 0.1447 -0.9895 0.0035
vn -0.4221 0.8771 -0.2294
vn -0.7910 0.4094 -0.4547
vn 0.8981 -0.4325 -0.0794
vn -0.5530 0.7365 -0.3897
vn -0.7770 -0.5994 0.1921
vn -0.7063 -0.6530 -0.2733
vn 0.8980 0.3523 -0.2636
vn -0.9785 -0.0829 0.1889
vn -0.0757 -0.6062 0.7917
vn 0.3864 -0.6567 0.6476
vn -0.0556 -0.6381 0.7679
vn -0.1210 -0.9827 0.1402
vn 0.7366 0.6673 -0.1098
vn -0.2893 0.9339 -0.2101
vn 0.6800 0.6670 0.3043
vn 0.8818 0.3182 -0.3481
vn -0.6049 0.7660 -0.2176
vn 0.8783 -0.4751 0.0536
vn 0.5209 0.7347 -0.4346
vn -0.5609 0.4410 -0.7007
vn -0.9020 0.0592 -0.4276
vn -0.8319 -0.5039 -0.2323
vn 0.4127 0.4380 -0.7986
vn 0.4500 -0.8530 0.2643
vn -0.4522 0.5073 -0.7336
vn -0.2234 0.5099 -0.8307
vn -0.3461 0.9357 -0.0679
vn -0.0080 0.9781 -0.2078
vn -0.8486 0.5231 -0.0792
vn 0.6235 0.7629 -0.1707
vn -0.8088 -0.5400 0.2329
vn -0.8139 -0.3172 -0.4867
vn -0.7910 -0.6116 -0.0142
vn -0.4402 -0.7960 -0.4154
vn -0.0033 0.9358 -0.3526
vn -0.6374 0.6886 -0.3457
vn 0.9047 -0.4260 0.0077
vn 0.9567 -0.1227 -0.2639
vn -0.7020 -0.6583 0.2718
vn 0.7168 0.6297 -0.2994
vn 0.6789 -0.5579 0.4774
vn -0.5360 -0.4772 -0.6964
vn -0.5250 -0.0102 -0.8511
vn 0.1691 -0.6343 0.7543
vn -0.0790 -0.7548 -0.6512
vn -0.0043 -0.4650 0.8853
vn -0.7375 0.6522 -0.1752
vn 0.1626 0.9269 -0.3383
vn -0.3997 0.8711 -0.2853
vn 0.7892 0.5616 0.2487
vn 0.1393 0.8456 0.5153
vn 0.6565 -0.7285 0.1959
vn -0.0212 -0.9917 -0.1266
vn 0.9011 -0.4304 0.0530
vn 0.4349 -0.5065 0.7445
vn 0.0931 -0.4069 0.9087
vn -0.4022 -0.8951 -0.1925
vn -0.1584 0.9567 -0.2441
vn -0.3566 -0.6178 -0.7009
vn 0.4001 -0.7401 0.5405
vn -0.0277 0.9798 -0.1982
vn -0.1454 0.7655 -0.6267
vn 0.1731 0.3601 -0.9167
vn -0.3568 0.9267 -0.1183
vn -0.6106 -0.7919 0.0026
vn -0.2454 0.7020 -0.6685
vn -0.5561 -0.7087 0.4340
vn -0.2259 -0.9616 0.1560
vn -0.1873 -0.9655 -0.1811
vn 0.7888 0.6146 -0.0072
vn 0.0436 0.9719 -0.2312
vn 0.1945 0.8373 0.5110
vn 0.4928 0.6509 0.5775
vn -0.8904 -0.0328 -0.4540
vn 0.3408 0.7118 -0.6142
vn 0.2249 -0.6771 0.7007
vn 0.4194 0.5717 -0.7052
vn -0.4442 -0.5692 0.6919
vn -0.5521 -0.5706 0.6080
vn 0.2723 -0.5032 0.8201
vn -0.1722 0.5955 -0.7847
vn 0.8135 -0.4504 0.3679
vn -0.5479 -0.8356 0.0394
vn 0.8623 -0.4219 0.2800
vn 0.5451 -0.4547 0.7043
vn 0.7242 0.6867 0.0634
vn -0.3905 0.5291 -0.7534
vn -0.0516 -0.7401 0.6705
vn 0.4600 0.8628 0.2096
vn 0.7193 0.5638 -0.4059
vn -0.3106 0.9465 -0.0876
vn -0.3172 -0.6795 0.6615
vn -0.7108 0.4522 -0.5389
vn -0.9333 0.3579 -0.0282
vn -0.5189 -0.8318 0.1971
vn -0.2638 -0.8994 0.3486
vn -0.6078 0.5836 -0.5385
vn -0.3102 0.9089 -0.2786
vn 0.0836 0.9685 0.2345
vn 0.0454 0.4073 -0.9122
vn 0.8908 -0.0900 -0.4453
vn 0.3187 0.5585 -0.7658
vn -0.3238 0.5348 -0.7805
vn -0.2681 -0.9181 0.2919
vn 0.3895 -0.7755 0.4968
vn 0.1126 -0.9129 0.3923
vn 0.3768 0.6146 -0.6931
vn 0.1135 0.9930 0.0315
vn -0.4608 0.8550 -0.2378
vn -0.5332 0.8274 -0.1764
vn 0.3398 0.4860 -0.8052
vn -0.8308 -0.5395 0.1369
vn -0.6566 -0.7365 -0.1626
vn -0.4924 0.4138 -0.7657
vn -0.3958 -0.5558 0.7311
vn 0.5427 -0.8258 0.1537
vn 0.4174 0.7452 -0.5201
vn 0.7123 0.5656 0.4155
vn -0.4737 -0.5281 0.7048
vn -0.7213 -0.6894 -0.0670
vn 0.7442 0.6145 -0.2618
vn 0.3319 -0.5967 0.7306
vn -0.2483 -0.9015 -0.3546
vn 0.9846 0.1633 -0.0629
vn -0.1245 -0.5015 0.8561
vn 0.8875 -0.4484 0.1061
vn 0.5905 0.6378 -0.4944
vn 0.8548 -0.1494 -0.4969
vn 0.8530 -0.5160 -0.0784
vn 0.1724 0.9544 0.2438
vn -0.2865 -0.5040 0.8148
vn 0.3469 0.9343 -0.0821
vn -0.0767 -0.5445 0.8353
vn -0.6329 0.6667 -0.3937
vn -0.6573 -0.5512 0.5140
vn -0.4654 -0.8773 0.1172
vn -0.5504 -0.5694 0.6106
vn 0.4383 0.8950 -0.0836
vn 0.1858 -0.5649 0.8040
vn 0.0411 0.3461 -0.9373
vn 0.4321 0.6884 0.5826
vn -0.4383 0.3224 -0.8390
vn -0.2589 0.3393 -0.9043
vn -0.7563 -0.5527 -0.3501
vn 0.6622 -0.5903 0.4615
vn 0.6275 0.7768 -0.0527
vn 0.5510 0.6138 -0.5654
vn -0.1967 -0.9576 -0.2106
vn 0.5632 -0.8218 -0.0867
vn -0.2179 -0.8176 -0.5330
vn 0.4241 0.0309 -0.9051
vn 0.5983 -0.7209 -0.3498
vn 0.3185 -0.6574 0.6829
vn -0.4785 -0.7638 -0.4331
vn 0.7813 0.5358 -0.3202
vn 0.3492 0.7413 0.5732
vn 0.1691 -0.7253 0.6673
vn -0.4204 0.9048 -0.0679
vn -0.2654 0.8908 -0.3688
vn 0.2573 0.5238 -0.8121
vn 0.4596 -0.5090 0.7279
vn -0.7490 0.3893 -0.5361
vn -0.0927 -0.9424 -0.3215
vn 0.3736 0.8477 0.3767
vn 0.6026 0.3055 -0.7372
vn 0.1845 0.9550 -0.2320
vn -0.7665 -0.5800 0.2757
vn -0.4846 -0.6206 0.6165
vn 0.8318 0.3297 -0.4465
vn 0.0346 -0.7728 -0.6337
vn 0.2720 0.9225 0.2740
vn -0.4087 0.7864 -0.4632
vn -0.2968 -0.8344 0.4645
vn -0.0794 -0.8779 0.4723
vn 0.3930 -0.8466 0.3589
vn 0.3632 -0.5140 0.7771
vn 0.3143 0.8765 0.3646
vn -0.4931 -0.4879 0.7203
vn 0.6526 0.7468 -0.1286
vn 0.2862 -0.4096 0.8662
vn 0.7533 -0.3757 0.5398
vn -0.4635 0.8793 -0.1093
vn -0.6721 0.4589 -0.5811
vn -0.3629 -0.8082 -0.4638
vn 0.4866 -0.4423 0.7534
vn 0.2326 0.9725 -0.0110
vn -0.5340 -0.8219 0.1984
vn -0.1225 0.9310 -0.3438
vn 0.5464 -0.8359 0.0530
vn 0.4314 -0.9009 0.0480
vn 0.8525 0.3877 -0.3506
vn -0.0451 0.2893 -0.9562
vn 0.6116 -0.6229 0.4877
vn -0.3820 0.5109 -0.7701
vn 0.0800 -0.9105 -0.4056
vn -0.5556 -0.7899 -0.2596
vn 0.9223 0.3659 0.1240
vn -0.5003 -0.8657 -0.0152
vn 0.1069 -0.9928 0.0540
vn -0.8996 0.4323 0.0623
vn -0.5837 0.7883 -0.1945
vn -0.4791 -0.7316 0.4849
vn -0.9032 0.4112 -0.1231
vn 0.9702 -0.2231 -0.0945
vn -0.6684 0.4616 -0.5832
vn -0.5722 -0.7759 -0.2657
vn 0.5411 -0.7696 -0.3389
vn 0.5346 0.5957 0.5995
vn -0.2923 0.6928 -0.6593
vn 0.5239 0.4817 -0.7025
vn -0.1629 0.5374 -0.8275
vn 0.2609 0.4731 -0.8415
vn 0.4832 -0.8673 0.1195
vn -0.6756 -0.7372 -0.0102
vn -0.8506 0.4709 -0.2338
vn 0.8174 -0.5574 0.1457
vn 0.7456 0.6545 0.1252
vn 0.8832 0.4395 -0.1639
vn -0.1714 0.5059 -0.8454
vn -0.4088 0.3474 -0.8439
vn -0.1051 -0.4434 0.8901
vn 0.6485 0.5650 -0.5101
vn -0.8443 0.3987 -0.3580
vn 0.5957 -0.4901 0.6363
vn 0.6225 0.7546 0.2075
vn -0.0478 -0.9945 -0.0931
vn -0.3441 -0.8983 0.2733
vn 0.6977 -0.7123 -0.0763
vn -0.1674 0.9827 0.0795
vn -0.0605 -0.9656 -0.2530
vn -0.8576 0.5120 0.0490
vn -0.8642 -0.4353 0.2521
vn 0.4032 0.7544 0.5179
vn -0.0961 -0.4563 0.8846
vn -0.3777 0.5474 -0.7468
vn 0.3134 -0.9485 0.0465
vn 0.5864 -0.2477 0.7712
vn 0.4318 0.9019 0.0130
vn 0.2201 0.6448 -0.7320
vn 0.1890 0.9312 -0.3118
vn -0.2708 -0.8449 -0.4613
vn -0.9719 -0.2295 -0.0517
vn -0.4049 0.8557 -0.3222
vn 0.6173 0.7867 0.0026
vn 0.8833 0.4394 -0.1637
vn 0.1070 -0.9928 0.0539
vn 0.6176 0.7865 0.0027
vn -0.8180 0.5730 -0.0511
vn 0.4054 0.7579 0.5111
vn 0.3599 0.9244 -0.1264
vn 0.7456 -0.6578 0.1066
vn -0.3070 -0.7085 0.6354
vn 0.3945 0.7867 0.4749
vn 0.6713 -0.3908 -0.6297
vn -0.8004 -0.5757 -0.1668
vn -0.2196 -0.7478 -0.6265
vn 0.2668 0.9509 0.1566
vn 0.6164 -0.6958 -0.3687
vn 0.8265 -0.5592 0.0644
vn 0.3372 -0.9398 0.0551
vn -0.6326 -0.4429 0.6354
vn -0.3681 -0.7638 0.5301
vn -0.0796 -0.4838 0.8716
vn -0.4736 0.3755 -0.7967
vn 0.6648 -0.6169 0.4212
vn -0.3002 0.4738 -0.8279
vn -0.0877 -0.9898 0.1120
vn 0.4854 0.6823 -0.5467
vn 0.5104 -0.4605 0.7262
vn -0.6590 -0.6956 -0.2861
vn -0.8314 0.5281 0.1728
vn 0.3685 0.8727 0.3203
vn 0.3366 0.9199 0.2013
vn 0.4545 -0.7880 0.4152
vn -0.5038 0.8638 -0.0044
vn -0.6688 -0.4279 0.6079
vn 0.5496 0.5596 -0.6203
vn 0.8642 0.4342 -0.2541
vn 0.3908 0.7847 -0.4811
vn -0.7083 0.6573 -0.2574
vn -0.5903 0.7689 -0.2459
vn -0.2925 -0.9532 0.0769
vn -0.4098 -0.9120 -0.0150
vn 0.1890 -0.5143 0.8365
vn 0.0876 -0.9750 -0.2041
vn -0.8638 0.4426 -0.2406
vn 0.3394 0.9277 0.1553
vn 0.5872 -0.7775 -0.2254
vn -0.9084 -0.3804 0.1735
vn 0.7559 0.6116 -0.2337
vn 0.3143 -0.4720 0.8237
vn -0.6608 0.6043 -0.4453
vn 0.2953 -0.5572 0.7761
vn 0.2171 -0.9693 -0.1156
vn 0.4281 -0.0775 0.9004
vn 0.4876 -0.4665 0.7380
vn 0.4063 0.7773 0.4803
vn 0.5094 -0.8560 0.0888
vn 0.7307 0.5449 0.4113
vn -0.9446 -0.3264 0.0357
vn -0.8964 -0.3222 -0.3045
vn 0.6431 -0.7498 0.1557
vn -0.1869 -0.4676 -0.8640
vn 0.6057 -0.5064 0.6137
vn 0.0771 0.7581 -0.6475
vn 0.6451 -0.6443 0.4107
vn -0.4824 0.5150 0.7086
vn 0.6839 0.4134 0.6012
vn 0.4422 -0.1416 0.8857
vn -0.7575 0.6511 -0.0468
vn -0.6403 0.4651 -0.6113
vn 0.6932 -0.6987 0.1768
vn -0.8600 -0.4842 0.1613
vn -0.9150 0.3985 0.0634
vn -0.2044 -0.9703 -0.1292
vn 0.7528 0.6134 0.2389
vn 0.9631 0.2243 -0.1486
vn -0.7132 0.4163 -0.5640
vn 0.5691 -0.8223 0.0020
vn -0.7032 -0.4479 0.5521
vn -0.3207 -0.4808 0.8161
vn 0.6356 -0.6250 0.4532
vn 0.8170 -0.5043 0.2795
vn -0.2494 -0.8934 0.3737
vn 0.0107 -0.8746 0.4846
vn 0.6607 -0.7506 0.0052
vn 0.1341 -0.8730 0.4690
vn 0.0028 -0.9473 0.3204
vn -0.7320 0.5514 -0.4003
vn -0.2443 0.9667 -0.0763
vn 0.8731 -0.4874 0.0120
vn -0.2367 -0.7513 -0.6160
vn -0.1995 0.8439 -0.4981
vn 0.7802 -0.5231 0.3431
vn -0.7707 -0.5862 0.2498
vn 0.7017 -0.6773 0.2213
vn 0.7090 -0.6173 -0.3409
vn 0.7125 -0.6637 0.2278
vn -0.3207 -0.6880 0.6510
vn 0.4660 -0.8381 0.2836
vn -0.5171 -0.6792 -0.5209
vn 0.0934 -0.8154 -0.5713
vn -0.0568 -0.9780 -0.2008
vn -0.6642 0.7267 -0.1753
vn -0.3257 0.9098 -0.2574
vn 0.3859 -0.9177 0.0941
vn 0.8639 -0.4737 0.1710
vn -0.5802 -0.7842 -0.2199
vn 0.3584 -0.8451 0.3968
vn -0.1511 0.9869 0.0558
vn 0.9306 -0.2315 0.2835
vn -0.3621 0.9261 -0.1058
vn 0.7676 -0.3687 0.5242
vn 0.3112 -0.5520 0.7736
vn 0.2845 -0.9433 -0.1709
vn -0.6806 -0.5462 0.4883
vn 0.6193 -0.7049 -0.3457
vn 0.4051 0.6073 0.6834
vn 0.3116 -0.8404 0.4434
vn -0.4675 0.8810 -0.0730
vn -0.4900 -0.7755 -0.3980
vn 0.6739 0.7377 -0.0407
vn 0.0183 -0.5135 0.8579
vn 0.4781 0.6667 0.5718
vn 0.5212 0.8417 0.1408
vn 0.9566 0.2914 -0.0060
vn 0.3692 -0.9139 0.1689
vn 0.4849 0.8683 0.1043
vn 0.5096 -0.8024 -0.3106
vn 0.3466 -0.9040 0.2504
vn 0.9498 0.3023 -0.0801
vn 0.7312 -0.4184 -0.5387
vn 0.8216 0.0795 -0.5646
vn 0.3665 -0.3264 0.8713
vn 0.1637 -0.9115 0.3773
vn 0.5836 -0.8064 0.0956
vn 0.2049 -0.8223 -0.5309
vn 0.2634 -0.9019 -0.3425
vn 0.5929 -0.8050 -0.0226
vn -0.4521 -0.8230 0.3439
vn -0.8601 0.4886 0.1466
vn -0.4225 0.9009 -0.0993
vn 0.7170 -0.4437 0.5377
vn 0.4050 0.6075 0.6833
vn 0.7507 0.4036 0.5231
vn 0.3117 -0.8405 0.4432
vn 0.3949 -0.7765 -0.4911
vn -0.5063 -0.8046 -0.3102
vn 0.7182 -0.6957 -0.0166
vn 0.4341 -0.1577 0.8870
vn -0.5125 -0.7861 -0.3456
vn 0.7538 0.6508 0.0903
vn -0.4319 -0.7033 0.5646
vn 0.1321 0.3200 0.9382
vn 0.8128 -0.2524 0.5250
vn -0.9602 -0.2331 0.1541
vn 0.8972 0.4301 -0.1002
vn 0.5336 -0.8314 -0.1547
vn 0.2922 -0.8789 -0.3770
vn 0.3470 0.0792 -0.9345
vn 0.2273 -0.0875 -0.9699
vn 0.6826 0.2843 0.6732
vn 0.3168 -0.7757 0.5459
vn 0.0046 -0.2487 0.9686
vn -0.6738 0.4597 -0.5785
vn -0.0205 -0.8526 -0.5222
vn -0.3284 -0.9373 -0.1167
vn -0.1588 0.8671 -0.4721
vn 0.7054 -0.7087 0.0096
vn 0.4479 -0.8917 0.0655
vn 0.8739 -0.1937 0.4459
vn -0.2075 0.9766 0.0558
vn 0.3115 -0.8100 0.4969
vn -0.6692 0.6964 -0.2591
vn -0.8889 -0.4519 0.0747
vn 0.3976 -0.9155 -0.0608
vn 0.3247 -0.8321 -0.4495
vn 0.9186 -0.0287 -0.3942
vn 0.9283 -0.0603 -0.3670
vn 0.7438 -0.6281 -0.2286
vn 0.9393 0.0845 -0.3327
vn 0.4376 -0.8852 0.1576
vn 0.6958 0.6473 0.3113
vn 0.2214 0.7453 0.6289
vn -0.1217 0.0200 0.9924
vn 0.4558 -0.0606 0.8880
vn -0.6968 -0.2923 0.6550
vn -0.2415 -0.6751 0.6971
vn -0.9204 -0.1868 -0.3436
vn 1.0000 -0.0037 0.0031
vn 0.3249 0.7197 -0.6135
vn 0.6676 0.7444 0.0132
vn -0.1862 0.9812 0.0506
vn 0.9514 -0.0889 0.2948
vn 0.2374 -0.9178 0.3184
vn 0.3281 -0.9099 -0.2540
vn 0.5883 -0.6883 -0.4244
vn 0.4613 -0.8851 -0.0620
vn -0.6187 -0.7197 0.3150
vn 0.5693 -0.8185 -0.0775
vn 0.8631 -0.2540 0.4364
vn -0.8828 0.4489 0.1387
vn -0.7719 -0.6348 -0.0342
vn 0.8865 0.4592 -0.0568
vn -0.3666 -0.8931 0.2605
vn 0.1705 0.9835 -0.0602
vn 0.3307 -0.6256 -0.7065
vn -0.5782 -0.7741 -0.2577
vn -0.6224 -0.6586 -0.4229
vn 0.6750 -0.6629 0.3240
vn -0.0265 -0.9857 -0.1665
vn -0.8036 0.5619 0.1961
vn 0.8386 -0.5086 0.1950
vn -0.2550 -0.9527 0.1652
vn -0.7763 -0.0058 -0.6303
vn 0.7843 -0.6190 0.0407
vn 0.1696 -0.3896 0.9052
vn 0.2019 -0.9766 0.0744
vn 0.5443 -0.7136 -0.4411
vn -0.0310 -0.9857 -0.1657
vn 0.4898 0.8446 -0.2163
vn 0.9824 0.0146 0.1860
vn 0.2072 -0.9498 -0.2346
vn 0.9294 0.3547 -0.1020
vn -0.5952 -0.7973 0.1000
vn 0.9504 0.0475 -0.3074
vn 0.3482 -0.9067 0.2382
vn 0.3094 -0.9450 -0.1063
vn 0.8562 0.3316 -0.3963
vn -0.8871 0.4551 -0.0773
vn -0.4329 0.5078 -0.7448
vn 0.9264 0.1024 -0.3623
vn 0.9080 0.3951 0.1390
vn 0.5627 -0.6252 -0.5408
vn 0.3587 -0.9312 0.0649
vn 0.1299 0.4254 0.8956
vn -0.7893 -0.6122 -0.0476
vn 0.2250 -0.1206 0.9669
vn 0.9318 -0.2992 0.2056
vn 0.2731 0.9620 0.0077
vn 0.7204 -0.6934 0.0172
vn 0.8318 0.4314 -0.3492
vn 0.7562 -0.2018 -0.6225
vn 0.6775 0.7028 -0.2170
vn 0.4199 0.7778 -0.4677
vn 0.8838 -0.4652 -0.0497
vn -0.4976 -0.8659 0.0508
vn -0.3192 0.0972 -0.9427
vn 0.1759 0.7710 0.6121
vn -0.8934 -0.4433 -0.0733
vn -0.2360 0.9375 0.2559
vn -0.5015 0.8467 -0.1778
vn 0.9739 0.0727 0.2149
vn -0.2263 -0.9739 -0.0162
vn -0.1051 0.9306 0.3506
vn -0.4178 0.7826 0.4615
vn -0.0460 -0.9989 0.0079
vn 0.1500 -0.8719 -0.4662
vn 0.7581 -0.5787 -0.3006
vn 0.6180 0.6927 -0.3717
vn -0.7961 0.5703 0.2024
vn 0.6003 -0.6399 -0.4798
vn 0.7623 -0.2386 -0.6016
vn 0.1443 0.0768 -0.9865
vn 0.3392 0.2621 -0.9035
vn 0.4588 -0.0600 -0.8865
vn 0.1392 -0.9653 -0.2210
vn 0.4424 -0.8967 -0.0128
vn -0.5241 0.0292 -0.8511
vn 0.7172 -0.3672 -0.5923
vn 0.3216 -0.7256 -0.6084
vn -0.6252 -0.4617 -0.6293
vn -0.7101 0.6825 0.1731
vn 0.8763 -0.4526 -0.1651
vn -0.0665 -0.8866 -0.4577
vn 0.0881 0.8516 0.5168
vn 0.4866 -0.5917 0.6427
vn -0.2372 -0.9636 0.1234
vn -0.4629 0.1416 0.8750
vn 0.2426 0.9697 -0.0303
vn -0.4823 0.8713 0.0910
vn -0.4742 0.8373 0.2723
vn -0.9472 -0.2217 0.2317
vn 0.2239 -0.6523 0.7241
vn 0.6301 -0.5849 0.5108
vn -0.4698 0.4030 -0.7854
vn -0.4890 -0.8363 0.2482
vn -0.6181 -0.7841 -0.0563
vn 0.7623 -0.3417 -0.5496
vn 0.8418 0.3054 -0.4450
vn 0.6858 -0.2298 -0.6906
vn 0.0590 0.1118 -0.9920
vn 0.9941 -0.0276 -0.1048
vn 0.1027 0.5092 -0.8545
vn -0.3110 -0.9492 0.0485
vn -0.5610 -0.6052 -0.5648
vn -0.0330 -0.9965 -0.0765
vn 0.9862 -0.0728 0.1489
vn 0.7601 -0.6288 0.1637
vn 0.4588 -0.8695 -0.1830
vn -0.4260 -0.8839 -0.1929
vn -0.2391 0.3859 -0.8910
vn 0.3758 -0.9020 -0.2124
vn 0.7930 0.6084 -0.0308
vn 0.4038 -0.5068 -0.7616
vn 0.4990 -0.8642 -0.0639
vn 0.9104 0.3091 -0.2749
vn -0.6698 -0.6586 -0.3428
vn 0.9348 -0.1854 -0.3030
vn 0.4402 -0.8062 -0.3953
vn -0.0986 -0.7661 -0.6351
vn 0.3434 0.7998 0.4924
vn -0.8018 -0.5974 0.0131
vn 0.3324 -0.4706 0.8173
vn -0.1888 0.9815 0.0331
vn 0.7394 0.5247 -0.4219
vn 0.7200 -0.3605 -0.5929
vn 0.7522 -0.6456 -0.1323
vn 0.6289 -0.7702 -0.1064
vn 0.8272 -0.0541 -0.5593
vn 0.8662 -0.0694 -0.4949
vn 0.0566 -0.9970 -0.0534
vn 0.0094 -0.9999 0.0053
vn -0.6831 0.6949 0.2246
vn 0.6030 0.7874 -0.1279
vn 0.6607 -0.7496 0.0400
vn 0.3334 0.9350 -0.1208
vn 0.9280 -0.3255 -0.1815
vn 0.5450 0.7904 0.2799
vn -0.4374 -0.8816 -0.1775
vn 0.4956 -0.4342 0.7522
vn 0.1899 0.9810 -0.0388
vn 0.3435 -0.9388 -0.0255
vn 0.6124 -0.4784 -0.6294
vn -0.0559 -0.6013 -0.7970
vn -0.0633 0.3896 -0.9188
vn 0.0884 -0.9866 -0.1373
vn 0.9929 -0.1142 -0.0343
vn 0.9411 0.3305 0.0712
vn -0.5779 0.4593 -0.6746
vn -0.8836 -0.4627 0.0713
vn -0.4218 0.9042 0.0679
vn 0.4010 0.7625 0.5078
vn 0.7135 -0.5844 0.3864
vn -0.5277 0.8387 -0.1346
vn -0.5577 0.6726 -0.4864
vn 0.8344 0.5503 -0.0321
vn -0.7455 0.6571 0.1120
vn 0.9237 -0.0721 0.3763
vn -0.6871 0.4620 -0.5608
vn 0.8778 0.1982 -0.4360
vn -0.9520 -0.2778 0.1285
vn -0.4876 -0.8594 0.1538
vn 0.4306 -0.8963 -0.1061
vn -0.2906 -0.8248 0.4851
vn -0.7625 -0.4114 0.4993
vn -0.8087 -0.4547 -0.3731
vn 0.6693 -0.1076 -0.7351
vn 0.5847 0.7854 -0.2030
vn -0.7621 -0.5521 -0.3382
vn -0.3162 0.4603 -0.8295
vn 0.7071 -0.7064 -0.0324
vn -0.3201 -0.8229 -0.4695
vn 0.0108 -0.9992 -0.0396
vn 0.3224 0.6993 0.6380
vn 0.6681 0.6488 -0.3643
vn -0.8987 0.4169 0.1360
vn -0.4206 0.8756 -0.2376
vn 0.0863 0.9187 -0.3855
vn 0.9925 0.0134 -0.1211
vn 0.2184 -0.0680 -0.9735
vn 0.8298 0.0421 -0.5565
vn 0.2606 -0.9389 -0.2247
vn -0.8174 0.4360 0.3765
vn -0.7216 -0.1255 -0.6808
vn 0.7331 -0.5840 -0.3486
vn 0.6273 -0.7738 -0.0885
vn -0.4510 0.3330 -0.8281
vn -0.9684 -0.2355 0.0817
vn -0.8123 -0.4102 0.4147
vn -0.7885 0.5488 0.2775
vn 0.7704 0.3729 -0.5171
vn -0.9439 -0.3059 0.1243
vn -0.0701 -0.5700 -0.8186
vn 0.1598 -0.0866 -0.9833
vn -0.4500 0.8257 0.3402
vn -0.2752 0.9614 0.0077
vn -0.5086 -0.7984 -0.3224
vn -0.3219 -0.7776 -0.5402
vn -0.5979 0.7417 0.3038
vn -0.3983 -0.7921 -0.4626
vn 0.3634 0.9140 -0.1805
vn -0.2009 0.9706 -0.1326
vn 0.3751 -0.1045 -0.9211
vn -0.6282 -0.3638 -0.6877
vn -0.3632 -0.3255 -0.8730
vn 0.5256 -0.5852 -0.6175
vn -0.0411 -0.6631 0.7474
vn -0.2750 -0.8468 0.4554
vn -0.4617 -0.7994 0.3845
vn -0.8793 -0.4586 -0.1282
vn 0.9293 0.3395 0.1456
vn 0.7714 -0.5816 0.2583
vn 0.7202 -0.6213 -0.3086
vn -0.6252 0.7646 -0.1564
vn -0.3824 -0.9070 0.1761
vn 0.9850 -0.0099 -0.1724
vn 0.8469 -0.3695 0.3824
vn 0.7701 -0.5564 0.3120
vn -0.0902 -0.8935 0.4399
vn 0.5229 -0.7446 -0.4150
vn -0.1560 -0.9429 -0.2943
vn 0.3099 -0.0347 -0.9501
vn -0.8550 -0.4520 -0.2542
vn 0.0991 -0.7826 0.6146
vn -0.7591 0.3709 -0.5349
vn -0.7324 -0.2547 0.6315
vn 0.9944 -0.0870 0.0592
vn 0.2637 -0.8185 0.5105
vn 0.9002 0.4150 0.1322
vn 0.5395 -0.8161 -0.2072
vn 0.5517 -0.8339 -0.0171
vn 0.2967 -0.9549 0.0151
vn -0.6349 0.4083 -0.6559
vn -0.3578 -0.7308 -0.5814
vn 0.9896 -0.1428 -0.0155
vn 0.6723 -0.4554 0.5837
vn 0.7447 -0.6673 -0.0120
vn 0.6442 -0.7477 0.1611
vn 0.4902 0.8500 -0.1926
vn 0.1607 -0.9774 -0.1375
vn 0.8709 0.4119 0.2682
vn -0.5316 -0.8184 0.2183
vn 0.2074 -0.9611 0.1823
vn 0.8525 0.4158 -0.3168
vn 0.9749 0.0696 -0.2115
vn -0.8862 -0.3660 -0.2841
vn 0.9395 -0.1398 -0.3128
vn -0.4879 -0.8656 -0.1125
vn 0.7317 -0.4817 -0.4823
vn -0.8662 -0.4759 -0.1522
vn -0.8300 -0.4703 0.2999
vn 0.9794 -0.1996 -0.0298
vn 0.2491 -0.8437 -0.4755
vn 0.3957 -0.6975 0.5975
vn -0.6583 -0.5131 0.5507
vn 0.8157 -0.4893 -0.3087
vn 0.9544 -0.1890 0.2312
vn -0.2023 -0.9721 0.1183
vn -0.6685 -0.7430 0.0309
vn -0.1062 -0.8792 -0.4644
vn -0.6044 0.6630 0.4417
vn -0.5855 0.4432 -0.6789
vn 0.6236 0.6260 -0.4682
vn -0.8435 0.4562 0.2837
vn 0.5178 -0.8118 0.2700
vn 0.8878 0.4421 0.1276
vn -0.0772 0.8342 -0.5460
vn 0.4981 -0.8671 0.0049
vn 0.5765 0.0419 -0.8160
vn -0.2066 -0.7041 0.6793
vn 0.3337 -0.7161 0.6130
vn 0.3408 -0.8194 0.4610
vn 0.2458 -0.9676 0.0570
vn -0.8873 -0.2591 -0.3815
vn 0.8785 -0.1484 -0.4541
vn -0.2002 0.9465 -0.2529
vn 0.1292 -0.9913 0.0248
vn 0.8318 -0.5491 -0.0813
vn 0.3614 -0.5767 -0.7327
vn -0.4006 0.6467 0.6491
vn -0.0211 -0.3040 0.9524
vn -0.4492 -0.7754 0.4438
vn -0.5245 -0.7750 0.3526
vn -0.3464 -0.8503 0.3962
vn -0.0176 -0.9023 0.4308
vn 0.6397 -0.7471 -0.1804
vn -0.4098 0.3914 -0.8239
vn -0.6879 0.3843 -0.6157
vn 0.4673 0.8202 -0.3299
vn 0.0311 0.8805 0.4731
vn -0.3257 -0.8900 0.3190
vn 0.6302 0.7429 0.2258
vn 0.8942 -0.3107 -0.3223
vn 0.3018 -0.9035 -0.3044
vn 0.9836 -0.1535 -0.0945
vn 0.2526 -0.8130 -0.5247
vn 0.7764 0.4478 -0.4436
vn -0.3073 0.4977 -0.8110
vn 0.9968 -0.0629 -0.0496
vn -0.7325 -0.6789 -0.0505
vn 0.8819 0.4400 0.1691
vn -0.3508 0.9318 -0.0935
vn -0.4172 -0.8647 -0.2798
vn 0.3046 -0.9059 0.2940
vn 0.5780 -0.5286 0.6217
vn 0.0630 -0.9258 0.3727
vn 0.0330 -0.9667 0.2539
vn -0.8132 -0.5807 -0.0372
vn 0.9749 0.1745 -0.1380
vn -0.7002 0.6707 -0.2445
vn -0.0324 -0.9995 0.0026
vn 0.3011 -0.9526 0.0434
vn -0.7059 0.6358 0.3121
vn -0.2356 -0.9698 0.0625
vn -0.0303 -0.7938 -0.6074
vn 0.4723 0.8638 -0.1756
vn -0.6916 0.3742 0.6178
vn 0.8330 -0.4025 0.3796
vn 0.5424 -0.6290 -0.5569
vn 0.7331 -0.3249 0.5975
vn 0.9221 0.3617 -0.1378
vn 0.0436 -0.9775 0.2063
vn 0.2311 -0.5099 0.8286
vn -0.3128 -0.9023 0.2968
vn 0.7701 -0.4171 -0.4826
vn 0.9464 0.2836 0.1546
vn 0.5672 0.7849 0.2494
vn 0.8071 0.5808 -0.1063
vn 0.2030 0.6031 0.7714
vn -0.2597 -0.8168 0.5152
vn -0.4162 0.8908 0.1822
vn 0.8487 -0.3390 -0.4060
vn 0.9097 -0.2740 0.3119
vn -0.5319 0.4638 -0.7085
vn -0.8420 -0.4155 -0.3441
vn 0.2550 -0.7684 0.5869
vn -0.2562 -0.8447 0.4700
vn -0.1579 -0.7703 0.6179
vn -0.6491 -0.2756 0.7090
vn -0.1566 -0.1031 0.9823
vn 0.3752 -0.5673 0.7331
vn -0.7582 0.0617 0.6491
vn -0.8030 -0.4344 0.4079
vn -0.2284 -0.8000 -0.5548
vn -0.0782 -0.0365 -0.9963
vn 0.8034 -0.5089 -0.3091
vn 0.1757 -0.8550 -0.4879
vn 0.2165 -0.9756 -0.0378
vn 0.7913 0.5730 0.2133
vn 0.8269 -0.3660 0.4270
vn -0.6807 -0.7326 -0.0032
vn -0.4658 0.5758 0.6719
vn 0.2612 -0.7039 0.6605
vn 0.2585 -0.8798 0.3988
vn -0.5391 -0.8006 0.2615
vn -0.1151 -0.9808 -0.1575
vn 0.8942 0.1936 0.4037
vn -0.2320 0.7621 -0.6045
vn 0.6169 0.5633 0.5497
vn 0.0224 0.7596 0.6500
vn 0.1346 -0.9086 -0.3955
vn 0.6386 -0.7066 -0.3049
vn 0.4052 -0.9038 -0.1377
vn 0.4575 0.8696 0.1857
vn 0.1024 0.8449 0.5251
vn 0.8523 -0.2618 0.4527
vn 0.0532 0.6317 -0.7733
vn -0.1769 -0.5448 0.8197
vn 0.4855 -0.8439 0.2282
vn -0.2001 -0.8781 0.4345
vn -0.4625 -0.8074 -0.3663
vn -0.6455 -0.4380 0.6257
vn -0.7448 -0.3708 0.5547
vn -0.3663 -0.5624 0.7413
vn 0.9098 0.2633 0.3208
vn -0.0535 0.6208 -0.7821
vn -0.3078 0.7595 0.5731
vn 0.4379 -0.8990 -0.0002
vn 0.8830 -0.4223 -0.2048
vn 0.1044 0.6259 -0.7729
vn -0.5694 -0.3854 -0.7261
vn 0.3673 0.9140 -0.1724
vn -0.8519 -0.5226 -0.0338
vn 0.8456 0.4545 0.2799
vn 0.0517 -0.7279 0.6837
vn -0.4892 -0.1759 0.8543
vn -0.2044 -0.3864 0.8994
vn -0.7573 0.5651 0.3274
vn -0.5695 -0.6147 0.5457
vn 0.5501 0.3587 0.7541
vn 0.4425 0.7954 0.4142
vn 0.9569 -0.2904 0.0070
vn 0.9409 -0.3361 -0.0423
vn 0.7938 0.0870 -0.6020
vn -0.4346 -0.0949 -0.8956
vn 0.4590 -0.5473 -0.6998
vn -0.8377 -0.3374 0.4295
vn -0.8550 -0.4467 0.2635
vn -0.5604 -0.6138 0.5561
vn -0.2221 -0.0754 0.9721
vn 0.1364 -0.1817 0.9738
vn -0.2486 -0.7353 0.6305
vn 0.3503 -0.8873 -0.2999
vn 0.7415 0.2362 0.6280
vn 0.4606 0.2963 0.8367
vn -0.0516 0.6033 -0.7959
vn 0.7392 0.6725 0.0379
vn -0.9339 -0.2790 -0.2235
vn 0.9932 0.0094 -0.1157
vn 0.0112 -0.6872 -0.7264
vn -0.1703 -0.6792 0.7139
vn -0.0749 -0.7298 0.6795
vn -0.8408 -0.5183 0.1562
vn -0.5956 0.2024 0.7774
vn 0.6823 -0.3281 0.6534
vn -0.0841 -0.8073 0.5841
vn 0.5068 -0.5783 0.6392
vn 0.1867 0.6702 0.7183
vn 0.8802 -0.3643 0.3042
vn 0.9671 0.2308 0.1066
vn 0.0333 -0.1518 0.9879
vn -0.3415 0.8789 0.3330
vn -0.6319 0.0388 0.7741
vn -0.4150 -0.6477 0.6390
vn 0.4010 0.9154 0.0356
vn 0.2992 0.7913 -0.5332
vn 0.7736 -0.5292 0.3485
vn 0.1366 0.9906 0.0088
vn -0.2988 -0.9532 0.0450
vn 0.1082 -0.7499 0.6526
vn -0.7244 -0.6892 -0.0146
vn 0.0085 -0.7002 0.7139
vn -0.2117 -0.5988 0.7724
vn -0.0376 0.3880 -0.9209
vn -0.4481 0.8484 0.2817
vn 0.7221 0.6918 0.0045
vn -0.9837 0.1023 0.1480
vn 0.7125 -0.4722 0.5190
vn 0.0178 -0.8680 0.4962
vn -0.3707 -0.5933 0.7145
vn -0.3359 -0.7280 0.5976
vn 0.6883 0.2462 0.6824
vn 0.1989 0.9595 0.1996
vn 0.9373 -0.3430 -0.0617
vn 0.2551 0.9652 -0.0578
vn -0.4518 0.6490 0.6121
vn -0.2279 0.9717 -0.0624
vn 0.8810 0.4440 0.1636
vn 0.4020 -0.4649 -0.7889
vn -0.6321 0.4567 0.6260
vn 0.1793 0.6268 -0.7583
vn 0.8457 0.3615 0.3925
vn -0.2971 -0.7556 0.5837
vn -0.7756 -0.5404 0.3262
vn -0.2669 -0.8460 0.4616
vn 0.7584 -0.6127 -0.2225
vn -0.3890 -0.7579 0.5236
vn 0.3622 0.9258 0.1077
vn 0.9603 0.2604 -0.1002
vn -0.6206 0.3892 -0.6807
vn -0.4146 -0.8184 0.3980
vn 0.8123 0.5572 -0.1722
vn 0.7671 0.4384 0.4684
vn 0.5520 0.8323 -0.0514
vn 0.4527 -0.6565 -0.6034
vn 0.4929 -0.8653 -0.0905
vn -0.3200 -0.9457 -0.0567
vn -0.3030 0.9492 -0.0849
vn 0.3097 0.8980 -0.3125
vn 0.8558 0.5123 0.0718
vn 0.6684 -0.3663 0.6473
vn -0.8139 0.4343 0.3859
vn -0.8411 -0.4154 -0.3463
vn -0.9185 -0.2362 -0.3171
vn 0.8210 -0.4686 -0.3262
vn -0.0185 -0.7287 0.6846
vn -0.0925 -0.7619 0.6410
vn 0.0629 -0.7798 0.6229
vn -0.0915 0.7203 0.6876
vn -0.7004 -0.7136 -0.0161
vn -0.2222 -0.9185 0.3270
vn 0.8404 0.3382 0.4235
vn -0.6739 0.3296 -0.6612
vn 0.2074 -0.6903 0.6931
vn 0.6889 0.5983 0.4092
vn -0.3071 -0.9411 0.1415
vn -0.1370 0.9875 0.0781
vn -0.3903 -0.9098 0.1412
vn 0.0707 -0.9932 -0.0922
vn 0.0110 0.8422 -0.5391
vn 0.6548 0.7416 -0.1459
vn 0.3258 0.8613 -0.3899
vn -0.5068 -0.4913 0.7084
vn -0.2988 0.4546 0.8391
vn 0.7102 -0.5221 -0.4724
vn 0.6715 0.4954 -0.5510
vn -0.7563 -0.6284 -0.1819
vn -0.0085 -0.8813 0.4726
vn 0.6005 0.7972 -0.0628
vn -0.9147 -0.0804 -0.3959
vn -0.6985 -0.0949 -0.7093
vn 0.9812 -0.1517 -0.1190
vn 0.6711 0.0919 -0.7356
vn -0.3201 -0.7730 0.5477
vn 0.5260 -0.8505 -0.0067
vn -0.0007 -0.8692 -0.4944
vn -0.2513 0.9657 -0.0657
vn 0.7056 -0.6987 -0.1179
vn 0.3050 0.8994 -0.3131
vn 0.4166 0.9023 -0.1107
vn -0.1727 0.7845 -0.5955
vn -0.2246 0.4863 0.8444
vn -0.6826 0.1858 -0.7068
vn -0.7371 -0.6758 -0.0065
vn 0.0683 -0.9638 0.2577
vn -0.3206 -0.6051 0.7287
vn 0.8525 -0.2489 -0.4597
vn 0.0166 -0.3828 -0.9237
vn -0.5359 -0.8408 0.0768
vn -0.4567 -0.6068 0.6506
vn -0.4654 0.1219 -0.8767
vn -0.5594 0.8262 0.0672
vn -0.3430 -0.9227 0.1760
vn -0.4689 -0.8795 -0.0816
vn -0.1373 -0.8820 0.4507
vn 0.5317 0.8444 -0.0655
vn -0.3478 0.8986 0.2675
vn -0.5182 0.8004 0.3015
vn 0.4650 0.7199 -0.5153
vn -0.8482 -0.4989 -0.1779
vn -0.8746 -0.4832 0.0401
vn 0.8963 0.4434 0.0063
vn -0.3256 -0.8069 -0.4928
vn -0.1042 -0.9808 -0.1648
vn -0.2893 -0.9301 0.2263
vn 0.0291 -0.5742 0.8182
vn 0.1862 -0.1195 -0.9752
vn -0.3454 -0.8882 0.3031
vn -0.1258 -0.8410 0.5262
vn 0.8473 0.4839 0.2188
vn 0.5852 0.7662 0.2654
vn 0.9451 -0.3239 -0.0439
vn 0.7797 -0.5567 -0.2867
vn -0.7833 0.5512 0.2875
vn -0.5006 -0.6447 0.5776
vn -0.1311 -0.9340 0.3324
vn -0.0396 -0.9987 -0.0316
vn -0.3755 -0.8022 -0.4641
vn -0.3020 0.5152 0.8021
vn -0.4688 -0.4989 0.7289
vn 0.1741 -0.2542 0.9514
vn 0.4236 0.6556 -0.6251
vn 0.0071 -0.8725 0.4886
vn -0.1090 -0.7049 0.7008
vn 0.3921 -0.7482 -0.5353
vn 0.2464 -0.3464 -0.9052
vn -0.2884 0.7656 0.5751
vn 0.6197 -0.4445 -0.6469
vn 0.8755 0.4825 -0.0272
vn 0.7046 -0.4213 -0.5710
vn 0.4605 0.4904 -0.7399
vn 0.8995 0.4252 -0.1001
vn 0.7394 0.4938 -0.4576
vn -0.3606 -0.7212 0.5915
vn 0.7356 -0.6336 -0.2398
vn -0.0379 -0.9688 -0.2450
vn -0.3032 -0.9154 -0.2649
vn 0.0481 -0.9241 -0.3792
vn 0.7445 0.1074 0.6589
vn 0.1853 0.9763 0.1118
vn 0.3226 0.0399 0.9457
vn -0.1119 0.9195 0.3768
vn -0.8009 0.4903 0.3437
vn -0.8851 -0.3761 0.2741
vn 0.6681 -0.5278 0.5245
vn -0.2985 -0.7955 0.5273
vn 0.6542 0.6492 -0.3881
vn -0.5408 -0.8374 -0.0799
vn 0.3926 -0.8658 -0.3102
vn -0.3746 -0.7611 0.5296
vn 0.3872 0.8741 -0.2932
vn 0.1632 -0.7686 0.6186
vn 0.4933 -0.3211 -0.8084
vn -0.3347 -0.4188 0.8441
vn 0.8007 -0.4217 -0.4255
vn -0.8321 -0.3448 0.4344
vn -0.4125 0.4373 -0.7991
vn -0.9008 -0.4188 -0.1143
vn 0.8272 0.5595 -0.0513
vn -0.0005 -0.9192 0.3938
vn -0.3683 -0.7719 0.5182
vn -0.8285 -0.5415 0.1426
vn 0.5834 0.7564 0.2958
vn -0.6808 0.6505 -0.3368
vn 0.8959 -0.3321 0.2951
vn 0.7963 0.6036 0.0394
vn 0.5039 0.8632 -0.0315
vn -0.3741 0.9237 -0.0821
vn 0.6558 -0.7340 -0.1767
vn -0.3838 -0.6501 0.6558
vn -0.7594 -0.6109 0.2239
vn 0.2655 0.6896 -0.6738
vn -0.8576 -0.4982 0.1277
vn -0.3826 0.6551 0.6515
vn -0.0880 -0.7974 0.5970
vn -0.0546 -0.8719 0.4866
vn -0.3317 -0.9308 0.1533
vn -0.3758 -0.9213 -0.1001
vn -0.4004 -0.7171 0.5705
vn -0.1597 -0.8734 0.4601
vn -0.7513 0.0830 -0.6547
vn -0.8581 -0.5077 0.0765
vn 0.2790 -0.5152 0.8104
vn -0.4779 0.4427 -0.7587
vn -0.9912 -0.0911 -0.0956
vn -0.3479 -0.8607 0.3716
vn 0.2124 0.4380 -0.8735
vn 0.8517 -0.0922 0.5158
vn 0.0133 -0.9987 -0.0488
vn -0.4452 -0.8037 -0.3948
vn -0.1618 -0.9623 0.2186
vn 0.5834 0.7564 0.2960
vn 0.2778 -0.8277 0.4875
vn 0.1981 -0.5206 0.8305
vn 0.7136 -0.2122 -0.6676
vn 0.3310 0.2819 -0.9005
vn -0.6521 0.2858 -0.7022
vn -0.1653 0.6600 -0.7328
vn 0.9227 -0.2079 0.3247
vn -0.1502 -0.9767 -0.1535
vn 0.4737 -0.8638 0.1717
vn 0.2979 -0.9458 0.1291
vn -0.6001 0.7918 -0.1136
vn 0.3986 0.7315 -0.5532
vn -0.3350 -0.7520 0.5677
vn 0.1299 -0.7061 0.6961
vn 0.5464 0.5485 -0.6330
vn 0.4266 0.8072 -0.4080
vn -0.7219 0.6511 0.2343
vn 0.2575 -0.3742 0.8909
vn -0.7495 0.5712 0.3346
vn -0.0114 -0.9988 0.0477
vn -0.3922 -0.5929 0.7033
vn -0.1163 -0.6755 0.7281
vn -0.6532 -0.7066 0.2722
vn -0.7513 0.0828 -0.6547
vn -0.5876 -0.7850 0.1962
vn -0.3904 -0.8607 0.3267
vn -0.8753 -0.4792 -0.0648
vn -0.6844 -0.7130 -0.1521
vn -0.3139 0.6081 0.7292
vn -0.3372 -0.5240 0.7821
vn 0.1012 0.1790 0.9786
vn -0.0112 -0.7791 0.6268
vn -0.3280 -0.9438 0.0410
vn -0.4318 -0.8781 0.2059
vn 0.2279 -0.6477 -0.7270
vn -0.1774 -0.7055 0.6861
vn -0.0611 0.7106 -0.7009
vn 0.8876 0.3871 -0.2497
vn -0.1012 -0.9580 -0.2682
vn 0.1451 -0.9890 -0.0292
vn 0.6861 0.7275 0.0074
vn -0.2699 -0.6928 0.6687
vn 0.9034 0.1169 -0.4124
vn -0.7145 0.1869 -0.6742
vn 0.4286 -0.3438 -0.8355
vn 0.2066 0.2669 0.9413
vn 0.1919 0.9062 0.3769
vn -0.1040 -0.9946 -0.0044
vn -0.0166 0.4955 -0.8685
vn 0.4055 0.8928 -0.1961
vn -0.4699 -0.7087 0.5262
vn 0.4262 0.6367 -0.6426
vn -0.8247 -0.5528 0.1196
vn -0.8764 -0.4452 -0.1839
vn -0.6446 -0.3783 0.6644
vn 0.7085 0.5818 -0.3994
vn 0.4466 0.6501 -0.6147
vn -0.8469 -0.2203 -0.4840
vn -0.7141 -0.6242 -0.3170
vn -0.7250 -0.6781 -0.1209
vn -0.4954 -0.8333 0.2452
vn -0.7072 -0.6910 0.1493
vn 0.5939 -0.4713 0.6520
vn 0.4905 0.7647 -0.4180
vn -0.7211 -0.6778 0.1434
vn -0.9626 -0.2693 0.0306
vn -0.1495 0.0531 0.9873
vn -0.2147 -0.9337 0.2865
vn 0.0916 -0.9715 0.2187
vn 0.5296 0.1299 0.8382
vn -0.0717 0.9558 -0.2852
vn -0.9274 -0.3724 -0.0349
vn 0.2599 -0.8404 0.4756
vn 0.1478 -0.9887 0.0234
vn -0.2255 -0.9565 0.1854
vn 0.3681 0.5958 -0.7138
vn 0.3421 -0.9277 0.1497
vn 0.6086 -0.7603 -0.2271
vn 0.3885 0.8114 -0.4366
vn 0.1021 -0.8426 -0.5288
vn 0.3534 -0.4014 -0.8450
vn -0.2517 0.6800 0.6887
vn 0.0281 0.7543 -0.6559
vn 0.7793 0.5528 -0.2951
vn -0.6698 0.5631 0.4840
vn 0.9055 0.3894 -0.1685
vn -0.3387 -0.5439 0.7678
vn -0.7049 -0.0018 -0.7093
vn 0.9031 -0.4286 -0.0277
vn 0.8537 -0.3927 -0.3421
vn -0.7078 -0.4593 0.5367
vn -0.3801 -0.8827 -0.2765
vn 0.2225 -0.0029 0.9749
vn 0.1247 0.8302 0.5433
vn -0.0759 0.0814 0.9938
vn -0.0268 0.0396 0.9989
vn 0.1626 0.6476 0.7445
vn -0.7148 0.6989 0.0253
vn 0.1093 -0.8727 0.4759
vn -0.1043 -0.8795 0.4643
vn -0.9390 -0.3410 -0.0451
vn -0.0940 -0.3935 -0.9145
vn -0.0786 -0.8196 -0.5675
vn 0.7556 -0.2505 -0.6052
vn 0.7540 0.4807 -0.4477
vn -0.4141 -0.1719 0.8938
vn -0.0753 0.5402 -0.8382
vn -0.7494 -0.6158 0.2432
vn -0.4868 -0.8093 0.3288
vn -0.0868 -0.6216 0.7785
vn -0.0994 -0.6763 0.7299
vn -0.0666 -0.4219 0.9042
vn 0.3071 0.1777 0.9349
vn 0.6011 0.0951 0.7935
vn 0.2820 0.8678 0.4092
vn 0.0616 0.9037 0.4237
vn 0.4231 -0.7476 0.5120
vn -0.0251 -0.7822 -0.6226
vn 0.5549 0.3104 0.7718
vn -0.8247 0.2282 0.5175
vn -0.7601 0.6474 0.0556
vn 0.4933 -0.8091 -0.3194
vn 0.5048 -0.8162 -0.2812
vn 0.4842 -0.7059 -0.5169
vn -0.2547 0.9621 0.0978
vn 0.5901 -0.3895 -0.7072
vn -0.3885 0.8573 0.3378
vn 0.1437 -0.7833 0.6049
vn -0.3662 0.9244 0.1062
vn 0.5794 -0.2157 0.7860
vn 0.6332 0.7739 -0.0089
vn 0.2474 0.9267 -0.2827
vn -0.2422 -0.9372 -0.2509
vn -0.7238 -0.6900 0.0053
vn -0.4369 -0.6112 0.6599
vn -0.0117 0.8032 -0.5956
vn -0.2752 0.2370 -0.9317
vn -0.1900 -0.9333 0.3046
vn -0.4369 -0.6992 -0.5659
vn -0.4326 0.8457 -0.3126
vn -0.1606 0.9445 -0.2864
vn 0.7834 0.6020 -0.1545
vn -0.3430 0.9099 0.2334
vn 0.0372 -0.0684 0.9970
vn 0.3170 -0.8141 0.4866
vn -0.5341 0.3573 -0.7662
vn 0.4068 0.9058 -0.1181
vn 0.4941 -0.8686 -0.0381
vn 0.2275 -0.9247 -0.3052
vn 0.3540 0.6756 -0.6468
vn -0.5245 0.8498 -0.0523
vn -0.1030 -0.7461 0.6578
vn 0.7898 -0.5587 -0.2533
vn 0.0315 0.6203 -0.7837
vn -0.2253 -0.2815 0.9328
vn -0.3304 -0.6571 -0.6775
vn 0.6143 -0.7504 0.2439
vn -0.8786 -0.4614 0.1233
vn -0.8279 -0.5582 0.0544
vn -0.2609 0.9625 -0.0743
vn 0.1298 0.9902 -0.0508
vn -0.4957 -0.1240 0.8596
vn -0.3288 0.8910 0.3130
vn -0.0557 0.5339 -0.8437
vn 0.0669 -0.6931 0.7178
vn -0.2920 -0.9221 -0.2540
vn 0.1542 -0.1440 0.9775
vn 0.0580 0.1786 -0.9822
vn -0.4055 0.0642 -0.9118
vn 0.7831 -0.6204 0.0425
vn -0.1924 -0.9523 -0.2366
vn -0.7129 -0.3368 0.6151
vn 0.7059 0.5180 -0.4831
vn -0.4392 0.8831 -0.1648
vn -0.3834 -0.7752 0.5021
vn -0.3283 0.9372 0.1176
vn -0.3328 0.9381 0.0955
vn 0.3411 0.6577 -0.6717
vn -0.6727 -0.5669 0.4756
vn -0.5644 -0.7060 0.4278
vn -0.9179 0.3911 0.0673
vn 0.8221 0.5689 -0.0211
vn 0.4105 -0.5426 0.7328
vn 0.4180 -0.5888 0.6918
vn -0.6087 -0.7543 -0.2461
vn -0.0270 -0.3285 -0.9441
vn -0.2428 -0.9402 -0.2391
vn -0.0944 -0.0046 -0.9955
vn -0.6269 0.0669 -0.7762
vn 0.7241 0.2876 -0.6269
vn 0.1247 -0.9356 0.3302
vn 0.0261 -0.9833 0.1803
vn -0.9569 -0.1429 0.2530
vn -0.1018 0.9882 -0.1143
vn 0.8883 0.3566 -0.2895
vn 0.9054 -0.2599 0.3358
vn 0.9617 0.0547 -0.2686
vn 0.6831 0.6406 -0.3506
vn 0.1949 0.9149 -0.3534
vn -0.0970 0.5600 -0.8228
vn 0.1009 -0.7354 0.6701
vn -0.8419 -0.2111 0.4966
vn -0.7409 -0.4563 0.4928
vn -0.0631 -0.6324 0.7721
vn -0.0133 -0.5007 0.8655
vn -0.9214 -0.0948 0.3769
vn -0.7077 0.4125 0.5735
vn 0.0511 0.6565 -0.7526
vn 0.1285 -0.9914 0.0232
vn -0.1961 0.9629 -0.1856
vn -0.2782 0.9516 -0.1305
vn 0.8469 -0.3913 -0.3601
vn -0.5025 0.8571 0.1133
vn -0.1813 -0.3216 0.9293
vn -0.7655 -0.6426 -0.0338
vn -0.7463 -0.2459 -0.6186
vn 0.5195 0.8424 -0.1432
vn 0.0089 -0.8966 0.4428
vn -0.8037 0.5895 -0.0815
vn -0.9270 -0.3620 -0.0981
vn -0.8195 -0.5362 0.2021
vn 0.8244 0.4973 0.2704
vn -0.9635 0.2493 -0.0978
vn -0.6291 -0.7498 -0.2053
vn 0.2404 0.1600 0.9574
vn 0.1215 0.5102 0.8514
vn -0.4514 0.1648 0.8770
vn 0.0568 -0.9863 0.1548
vn 0.5979 0.6574 -0.4586
vn -0.4909 -0.5580 -0.6691
vn -0.4617 0.8255 -0.3246
vn -0.4539 -0.7310 0.5095
vn 0.0466 0.8140 -0.5790
vn 0.0257 -0.9966 0.0782
vn 0.0361 0.4419 0.8964
vn 0.7013 0.6034 -0.3795
vn -0.1961 0.9732 -0.1204
vn 0.4768 0.0158 0.8789
vn -0.5876 0.7007 0.4046
vn -0.6471 -0.2971 0.7021
vn -0.0552 -0.8598 0.5077
vn 0.0847 -0.9952 -0.0483
vn -0.5400 -0.6090 0.5809
vn 0.8304 -0.4129 0.3740
vn 0.9236 -0.0821 -0.3743
vn 0.4055 0.6763 -0.6150
vn -0.9373 0.3420 -0.0662
vn 0.6822 0.7025 -0.2027
vn -0.0173 -0.8214 0.5701
vn 0.7417 0.5549 -0.3767
vn -0.2309 0.6499 -0.7241
vn 0.1437 -0.3962 0.9069
vn -0.3422 -0.2908 -0.8935
vn 0.4148 -0.2339 -0.8793
vn 0.3500 0.6664 -0.6583
vn -0.3111 -0.5471 0.7771
vn -0.5174 -0.8241 0.2304
vn -0.8955 -0.3584 0.2637
vn 0.3675 -0.0419 0.9291
vn 0.4605 -0.3866 0.7991
vn -0.2057 -0.6389 0.7413
vn 0.8006 0.5631 0.2049
vn 0.2804 0.9164 0.2857
vn 0.9247 -0.1615 0.3448
vn -0.6827 -0.1624 0.7125
vn 0.5422 -0.6454 0.5381
vn -0.4017 -0.9082 0.1172
vn 0.3704 -0.8886 0.2706
vn 0.9002 0.0166 -0.4352
vn -0.4800 -0.7887 0.3841
vn 0.8220 0.5502 -0.1469
vn -0.1883 0.3559 -0.9154
vn -0.9642 -0.2081 0.1641
vn -0.8272 -0.4979 0.2603
vn -0.8482 -0.4444 0.2883
vn -0.9313 -0.3042 -0.2002
vn 0.1129 -0.6394 0.7605
vn 0.2235 -0.2394 0.9448
vn -0.8682 -0.4133 -0.2747
vn 0.5370 -0.5820 0.6107
vn 0.3510 -0.4502 0.8210
vn -0.8422 -0.3466 0.4131
vn -0.7840 -0.4582 0.4188
vn 0.2392 -0.0555 0.9694
vn 0.0594 -0.0126 0.9982
vn 0.4571 -0.2209 0.8615
vn 0.0344 0.9329 0.3584
vn -0.6975 0.6250 0.3504
vn -0.5776 -0.6007 0.5528
vn 0.0949 0.7417 -0.6639
vn 0.0604 -0.9059 0.4192
vn -0.2553 -0.4829 -0.8376
vn 0.0181 -0.9686 0.2479
vn -0.6526 -0.5400 0.5316
vn 0.4187 -0.9078 -0.0240
vn 0.2892 -0.9181 0.2711
vn 0.7456 0.2276 -0.6263
vn -0.5749 0.8040 0.1519
vn -0.7246 -0.4807 0.4939
vn 0.2775 0.6960 -0.6622
vn 0.2382 -0.3618 0.9013
vn -0.3083 -0.6448 0.6994
vn 0.0047 -0.6930 0.7210
vn 0.2624 -0.3579 0.8961
vn -0.6171 -0.4793 0.6241
vn -0.3962 -0.7012 0.5928
vn -0.0285 -0.4727 0.8808
vn 0.1341 -0.6051 0.7847
vn -0.4608 -0.4359 0.7731
vn -0.1517 0.3667 0.9179
vn -0.4236 -0.1907 0.8855
vn 0.2245 -0.3002 0.9271
vn 0.1553 0.9454 0.2866
vn 0.6442 0.7545 -0.1255
vn 0.2896 0.9379 -0.1909
vn 0.5925 0.2621 0.7617
vn 0.1857 -0.3449 -0.9201
vn 0.7282 0.6147 -0.3031
vn -0.5731 -0.7460 0.3392
vn -0.6125 0.7723 -0.1683
vn -0.4514 -0.6505 0.6108
vn -0.7176 -0.4873 0.4976
vn 0.1202 -0.6458 0.7540
vn -0.1352 -0.6626 0.7366
vn 0.9107 -0.4042 0.0848
vn 0.8844 -0.4650 0.0399
vn -0.6923 0.7191 0.0607
vn -0.3500 -0.6847 0.6393
vn -0.8704 -0.4860 -0.0790
vn 0.3986 -0.7063 0.5850
vn -0.4673 -0.4337 0.7705
vn 0.7322 -0.1784 0.6573
vn 0.7375 -0.0964 0.6684
vn 0.2421 -0.3666 0.8983
vn 0.4882 -0.4950 0.7188
vn 0.8020 0.4702 -0.3684
vn -0.2570 -0.0837 0.9628
vn -0.4887 -0.5681 0.6622
vn 0.7804 -0.1288 -0.6118
vn -0.0187 -0.9971 0.0731
vn -0.3025 -0.7902 -0.5330
vn -0.2555 -0.4830 -0.8375
vn -0.3350 -0.4681 0.8177
vn 0.8561 -0.2649 0.4437
vn -0.3139 0.3264 0.8916
vn -0.1597 -0.7268 0.6680
vn 0.6740 -0.0986 0.7321
vn -0.1562 0.6984 -0.6985
vn 0.5420 -0.7886 0.2905
vn 0.6429 -0.7644 -0.0499
vn -0.3649 0.9272 -0.0847
vn 0.4269 0.7329 -0.5297
vn 0.9723 0.0647 -0.2246
vn 0.9280 -0.3649 0.0757
vn 0.7452 -0.5717 0.3433
vn 0.0496 -0.7424 0.6681
vn -0.3404 -0.4548 0.8230
vn -0.9519 -0.2120 0.2212
vn -0.5308 0.0731 0.8444
vn 0.1778 -0.3569 0.9170
vn 0.0560 -0.1115 0.9922
vn 0.4362 -0.6261 0.6463
vn -0.1669 0.8503 -0.4991
vn -0.6583 0.2081 -0.7235
vn 0.7181 -0.4519 0.5293
vn 0.2784 0.8531 0.4413
vn -0.3638 0.6835 -0.6328
vn 0.2334 -0.8917 0.3877
vn -0.3952 0.9185 0.0158
vn 0.6721 -0.5598 0.4847
vn 0.6484 0.6865 -0.3290
vn -0.1898 0.9815 0.0242
vn -0.4803 -0.5804 0.6576
vn -0.6537 0.7522 -0.0828
vn -0.2652 -0.1124 0.9576
vn -0.3068 -0.5977 0.7407
vn -0.7638 0.5503 -0.3374
vn 0.5348 -0.5483 0.6429
vn 0.1901 -0.5375 0.8215
vn -0.2974 0.8946 -0.3335
vn 0.4096 -0.4989 0.7638
vn 0.6150 -0.5439 0.5709
vn 0.5722 -0.6330 0.5214
vn 0.3765 0.2564 0.8902
vn -0.0529 0.9214 -0.3849
vn -0.9961 0.0671 0.0569
vn 0.9886 0.1478 -0.0271
vn -0.5209 -0.8182 0.2433
vn -0.1471 0.9105 -0.3865
vn 0.5176 0.8121 -0.2694
vn -0.5835 0.7111 -0.3922
vn 0.6015 0.7166 -0.3531
vn -0.4411 0.8384 -0.3203
vn 0.5361 0.5484 -0.6418
vn -0.4981 -0.7256 0.4747
vn -0.8483 -0.4568 0.2678
vn -0.2091 -0.8403 0.5002
vn 0.0334 -0.7074 0.7060
vn 0.6097 -0.3738 0.6990
vn -0.8829 -0.4473 0.1431
vn 0.2895 -0.7238 0.6264
vn 0.7378 -0.6011 0.3070
vn -0.6647 -0.4362 -0.6066
vn 0.6637 -0.6031 0.4425
vn 0.4280 -0.8797 -0.2072
vn -0.1167 -0.9768 -0.1797
vn -0.3956 -0.6580 -0.6407
vn 0.1130 -0.6467 0.7543
vn 0.5460 0.8321 0.0979
vn -0.3665 0.8750 -0.3164
vn 0.0013 -0.7738 0.6335
vn 0.7115 0.5561 -0.4296
vn 0.8924 -0.3295 0.3083
vn -0.2285 -0.9460 0.2301
vn 0.4020 -0.4267 0.8101
vn -0.3854 0.8497 -0.3598
vn 0.0454 0.5701 -0.8203
vn -0.3141 -0.8757 0.3666
vn -0.7160 -0.6372 -0.2853
vn 0.7064 -0.6795 -0.1981
vn 0.0829 -0.9334 -0.3491
vn -0.2521 -0.5904 0.7667
vn 0.2599 -0.7174 0.6463
vn -0.5180 -0.8551 0.0213
vn -0.3817 0.3887 0.8386
vn -0.8797 -0.2669 -0.3935
vn 0.5048 -0.8519 -0.1391
vn 0.9488 -0.0002 0.3159
vn 0.6778 -0.6372 0.3668
vn -0.3126 0.7455 -0.5887
vn 0.8809 -0.4300 0.1976
vn -0.1894 -0.7859 0.5886
vn 0.4641 -0.5698 0.6782
vn -0.2924 0.7548 -0.5872
vn -0.1919 0.3452 -0.9187
vn -0.1506 -0.7225 0.6747
vn 0.2364 -0.7197 0.6528
vn 0.2247 -0.0415 0.9735
vn 0.9233 -0.2876 0.2548
vn 0.0846 -0.1557 0.9842
vn -0.7817 0.1554 0.6039
vn 0.5561 -0.3285 0.7634
vn 0.2637 -0.2845 0.9217
vn -0.5786 -0.0510 0.8140
vn -0.7628 -0.6445 0.0521
vn 0.5624 -0.8176 0.1234
vn -0.2229 0.9212 -0.3188
vn -0.5817 -0.6901 0.4306
vn -0.2374 0.8052 -0.5433
vn -0.5049 0.4906 0.7102
vn -0.6570 0.5699 -0.4935
vn -0.8948 0.3374 -0.2925
vn -0.8950 -0.2186 0.3888
vn -0.1058 -0.8784 0.4661
vn -0.9994 -0.0260 0.0223
vn -0.9871 -0.0989 0.1262
vn 0.4701 -0.8658 0.1714
vn -0.3103 0.7322 -0.6063
vn -0.1555 0.9745 0.1616
vn -0.4444 0.8806 0.1644
vn -0.2759 0.3256 0.9044
vn 0.5834 -0.7517 0.3075
vn 0.0416 -0.6703 0.7409
vn -0.0566 -0.8130 0.5795
vn -0.9760 -0.1152 0.1850
vn 0.8616 -0.1717 0.4776
vn 0.4794 -0.3785 0.7918
vn -0.1706 -0.9839 0.0527
vn 0.9728 -0.2275 -0.0437
vn -0.3974 -0.9166 0.0433
vn 0.1658 -0.4852 0.8585
vn -0.1582 0.7854 -0.5985
vn -0.4408 0.6081 -0.6602
vn 0.6278 -0.4269 0.6508
vn -0.8345 0.3988 -0.3803
vn 0.5214 0.6490 -0.5540
vn -0.2385 -0.6101 0.7556
vn 0.8606 -0.3979 0.3179
vn -0.3857 0.9225 -0.0143
vn -0.3378 -0.3379 0.8785
vn 0.2841 -0.7501 0.5972
vn -0.6603 0.4241 0.6198
vn 0.4761 -0.3446 0.8090
vn 0.0099 -0.8225 0.5687
vn -0.8016 -0.2821 0.5271
vn 0.1079 0.9162 0.3859
vn -0.1717 0.2532 0.9520
vn 0.5285 0.2194 0.8201
vn 0.0417 -0.5068 0.8610
vn -0.0235 0.7234 -0.6900
vn 0.5547 -0.5399 0.6331
vn 0.3546 -0.3543 0.8653
vn -0.1651 -0.6771 0.7171
vn -0.3068 -0.7068 0.6374
vn -0.5139 0.5358 -0.6700
vn 0.0338 0.7113 -0.7021
vn 0.9545 -0.2721 -0.1220
vn 0.6653 -0.5898 0.4578
vn 0.2147 -0.8500 0.4811
vn 0.3306 -0.9228 -0.1977
vn -0.3252 -0.0598 0.9438
vn -0.7526 -0.6297 -0.1928
vn 0.3144 -0.5465 0.7762
vn -0.9661 -0.0446 0.2544
vn -0.0884 -0.6428 0.7609
vn -0.6705 -0.6907 0.2709
vn -0.5153 -0.8274 -0.2233
vn 0.3184 -0.7208 0.6157
vn 0.3041 0.0523 0.9512
vn 0.9480 0.1794 0.2627
vn 0.1817 0.7443 0.6427
vn -0.0193 -0.2106 0.9774
vn -0.0653 0.2007 0.9775
vn -0.4242 0.4341 0.7947
vn 0.9846 0.1750 0.0052
vn 0.5053 -0.1901 0.8417
vn -0.2078 -0.8012 0.5611
vn -0.3458 -0.7791 0.5229
vn -0.0274 -0.3347 0.9419
vn 0.9390 0.0817 0.3342
vn -0.0241 0.4541 0.8906
vn 0.6546 0.2070 0.7271
vn 0.1387 0.1422 0.9801
vn -0.1098 -0.0709 0.9914
vn -0.0597 -0.5434 0.8373
vn -0.6437 0.7650 -0.0214
vn 0.1476 -0.5585 0.8163
vn 0.1235 -0.5812 0.8043
vn 0.4988 0.6734 -0.5456
vn -0.0354 -0.7966 0.6034
vn -0.5388 0.6168 -0.5738
vn -0.9104 -0.3712 -0.1824
vn 0.1691 -0.8816 -0.4406
vn -0.6442 0.4051 -0.6488
vn -0.3032 -0.3361 0.8917
vn -0.0561 -0.2373 0.9698
vn 0.0229 -0.2512 0.9677
vn 0.0776 -0.1155 0.9903
vn 0.2421 0.0622 0.9683
vn 0.0980 -0.9447 0.3130
vn 0.5306 -0.5654 0.6315
vn 0.0363 0.9866 0.1591
vn -0.4605 -0.2788 0.8427
vn 0.8598 -0.3508 0.3711
vn 0.3003 -0.6426 0.7049
vn -0.2812 -0.8420 0.4603
vn -0.4134 0.9103 -0.0211
vn 0.5112 0.8594 -0.0069
vn -0.5913 -0.8055 0.0389
vn 0.5407 0.8377 -0.0764
vn -0.6992 -0.7060 0.1125
vn -0.1683 0.6080 -0.7759
vn -0.9413 -0.2331 0.2440
vn -0.7110 -0.4795 0.5143
vn 0.6340 0.4030 -0.6601
vn 0.3461 0.4663 -0.8141
vn 0.2267 -0.6703 0.7066
vn 0.4071 0.6370 -0.6546
vn 0.0137 -0.7167 0.6973
vn -0.3651 -0.4052 0.8381
vn -0.3108 -0.3870 0.8681
vn 0.3515 -0.5091 0.7856
vn 0.5707 -0.1791 0.8014
vn -0.3798 0.0966 0.9200
vn 0.2635 -0.3005 0.9167
vn -0.6268 -0.5752 -0.5257
vn 0.5235 -0.8196 0.2329
vn -0.7913 -0.6005 -0.1147
vn 0.1727 -0.9811 0.0876
vn -0.1287 -0.9889 0.0747
vn 0.6149 0.7829 0.0947
vn -0.0288 0.4217 0.9063
vn -0.9191 0.2083 0.3343
vn -0.2130 -0.6406 0.7378
vn -0.5634 -0.2202 0.7963
vn -0.4080 -0.6313 0.6595
vn -0.3043 0.3812 0.8730
vn -0.3510 -0.8573 0.3765
vn 0.0413 -0.8142 0.5791
vn 0.4989 0.8189 -0.2838
vn -0.5081 0.8566 0.0896
vn 0.9315 0.3623 0.0326
vn -0.2948 0.7896 -0.5381
vn 0.2155 -0.2386 0.9469
vn 0.5435 -0.5450 0.6384
vn -0.8967 0.3433 -0.2793
vn 0.0012 -0.5378 0.8431
vn -0.9466 0.2965 -0.1266
vn 0.3991 -0.8738 -0.2778
vn 0.2920 -0.9254 0.2417
vn -0.8243 0.5644 0.0448
vn -0.3846 -0.8843 0.2646
vn 0.6050 -0.5431 0.5822
vn -0.2785 -0.9599 0.0313
vn 0.0485 -0.9411 -0.3347
vn 0.1364 -0.7625 -0.6325
vn -0.8822 0.4133 -0.2257
vn -0.7721 0.4865 -0.4089
vn 0.0148 -0.9971 -0.0753
vn -0.9672 -0.2237 -0.1204
vn 0.1729 -0.9849 0.0044
vn 0.7550 0.4726 0.4546
vn -0.4461 -0.8012 0.3989
vn 0.4924 -0.0127 0.8703
vn 0.3800 -0.7855 0.4885
vn 0.4446 -0.5747 0.6871
vn -0.2200 0.5170 -0.8273
vn -0.7176 -0.5001 0.4847
vn 0.4682 -0.8822 0.0495
vn 0.1140 0.9767 -0.1818
vn 0.0174 0.9997 -0.0184
vn -0.7030 -0.6531 -0.2815
vn -0.1899 -0.9716 -0.1414
vn -0.2568 -0.7375 -0.6247
vn -0.7376 -0.2165 0.6396
vn 0.9989 0.0420 0.0218
vn -0.8110 0.1117 -0.5743
vn 0.0203 -0.0011 -0.9998
vn -0.3026 0.7261 0.6174
vn -0.4407 -0.3450 0.8287
vn -0.1794 -0.8793 0.4412
vn 0.5253 -0.5513 0.6481
vn -0.1304 0.8015 -0.5836
vn 0.5128 0.8585 0.0084
vn 0.6730 0.7352 -0.0806
vn -0.4583 -0.7019 0.5453
vn 0.5276 -0.6032 0.5981
vn 0.5484 -0.6822 0.4836
vn 0.3639 0.6747 -0.6422
vn 0.1279 -0.8306 0.5420
vn 0.6969 0.5809 -0.4206
vn -0.1300 0.9513 0.2794
vn 0.6449 -0.6830 0.3430
vn -0.8336 -0.5488 -0.0626
vn 0.7919 0.0565 -0.6081
vn -0.8682 -0.0920 0.4875
vn -0.5950 0.7878 -0.1590
vn -0.9523 -0.2908 -0.0926
vn -0.4798 -0.7953 -0.3706
vn -0.5853 -0.7758 0.2356
vn -0.2980 -0.9545 0.0077
vn -0.7690 -0.6370 -0.0539
vn 0.5134 0.2592 0.8181
vn 0.8503 0.5118 -0.1224
vn -0.1400 -0.3996 0.9059
vn -0.3009 -0.9025 0.3081
vn -0.2161 -0.9754 -0.0439
vn -0.2178 -0.4914 0.8432
vn -0.4994 -0.8661 0.0220
vn -0.4354 0.6752 -0.5955
vn 0.2093 -0.5037 0.8381
vn 0.6583 0.7007 -0.2751
vn -0.1327 -0.9303 0.3419
vn 0.1285 -0.9557 0.2647
vn 0.2083 -0.9347 -0.2880
vn -0.9218 -0.0481 -0.3846
vn -0.9713 -0.1968 0.1340
vn -0.5620 0.7747 0.2899
vn 0.7668 -0.3300 0.5505
vn -0.0358 -0.9555 0.2929
vn 0.8321 -0.5494 -0.0755
vn -0.9877 0.0843 0.1321
vn -0.1467 0.9801 -0.1335
vn -0.9164 -0.0608 -0.3956
vn 0.6723 0.5040 0.5422
vn -0.9429 0.1801 0.2802
vn -0.9133 -0.1916 0.3595
vn -0.5982 -0.1334 -0.7901
vn -0.7946 -0.5903 -0.1422
vn 0.9991 -0.0427 -0.0001
vn -0.4865 0.4687 -0.7373
vn 0.9868 -0.0909 -0.1341
vn 0.3917 -0.9196 -0.0306
vn -0.3497 0.6355 -0.6883
vn 0.0718 0.7666 -0.6381
vn -0.8534 0.4514 -0.2607
vn 0.1379 -0.8858 0.4430
vn -0.7622 -0.6450 0.0550
vn 0.4087 0.4359 -0.8018
vn -0.9901 -0.1402 -0.0068
vn -0.9530 -0.1315 -0.2731
vn -0.5063 0.8382 0.2028
vn 0.8098 -0.3520 0.4694
vn -0.6559 -0.5110 -0.5555
vn -0.7983 -0.5616 -0.2177
vn -0.2563 -0.9074 -0.3330
vn 0.6133 -0.5380 -0.5783
vn -0.7817 0.4570 -0.4243
vn 0.8663 0.1565 -0.4744
vn 0.5959 0.7962 -0.1046
vn 0.2142 -0.4123 0.8855
vn -0.6728 -0.0079 0.7397
vn 0.5582 0.3361 -0.7586
vn -0.3901 -0.9182 -0.0693
vn -0.1748 -0.2886 -0.9414
vn 0.3972 -0.8669 0.3011
vn 0.9291 -0.3580 -0.0933
vn -0.1983 0.9792 0.0432
vn -0.9924 0.0776 0.0960
vn -0.1146 -0.0043 0.9934
vn -0.2785 -0.9516 0.1300
vn -0.3583 0.8043 -0.4740
vn -0.2905 0.4628 -0.8375
vn 0.8437 0.4176 -0.3374
vn 0.9312 -0.3265 0.1623
vn -0.2148 -0.7512 0.6242
vn -0.1107 -0.9938 0.0080
vn 0.0989 -0.9462 -0.3081
vn -0.5818 -0.7652 0.2756
vn -0.9617 -0.2726 0.0274
vn 0.0388 -0.4849 -0.8737
vn -0.8544 0.3411 -0.3919
vn -0.8719 0.2660 -0.4112
vn -0.7732 0.3145 -0.5507
vn -0.4276 -0.0449 -0.9028
vn 0.9108 -0.0652 -0.4077
vn -0.5646 -0.2347 -0.7913
vn 0.9505 0.2827 0.1288
vn -0.8859 0.4551 0.0902
vn -0.6762 0.7195 0.1583
vn 0.4688 -0.3909 0.7921
vn -0.6048 -0.0827 -0.7921
vn 0.4721 -0.2176 0.8543
vn 0.0141 -0.6953 0.7186
vn -0.5821 0.5929 -0.5564
vn -0.9700 0.0252 -0.2419
vn 0.2892 0.7437 -0.6027
vn -0.9993 -0.0314 0.0226
vn -0.8152 -0.4540 -0.3597
vn -0.8151 0.5778 -0.0415
vn -0.3002 -0.9344 -0.1917
vn -0.4218 -0.5183 -0.7439
vn -0.4707 -0.8525 0.2272
vn 0.2171 -0.5895 -0.7780
vn 0.8987 -0.3178 -0.3022
vn -0.2939 -0.6707 -0.6811
vn -0.2643 -0.6260 -0.7337
vn -0.9737 0.1173 -0.1952
vn 0.9252 0.1530 -0.3472
vn -0.9893 -0.0565 -0.1342
vn 0.9412 0.0149 -0.3375
vn -0.9962 -0.0818 -0.0310
vn -0.8131 0.4538 0.3645
vn -0.4736 -0.0131 0.8806
vn -0.1823 -0.6283 0.7563
vn 0.1475 0.8931 -0.4250
vn 0.3264 -0.6543 0.6821
vn 0.0001 0.9897 0.1431
vn -0.5300 -0.8464 0.0518
vn -0.5236 -0.8196 0.2324
vn -0.4973 0.5615 -0.6613
vn 0.3020 -0.9485 0.0952
vn 0.7226 0.3998 0.5640
vn 0.2797 0.9323 0.2293
vn -0.5380 -0.4457 -0.7155
vn -0.4211 -0.5625 -0.7115
vn -0.5176 -0.3554 -0.7783
vn 0.4787 -0.7889 -0.3852
vn 0.9408 -0.2280 -0.2507
vn -0.6166 0.3634 0.6983
vn -0.7871 0.4202 -0.4515
vn -0.6506 -0.1746 -0.7391
vn -0.7854 0.1770 0.5931
vn 0.4728 0.1533 0.8678
vn 0.2166 -0.9309 0.2940
vn -0.1510 0.5588 -0.8155
vn -0.5475 -0.8175 -0.1786
vn -0.3046 -0.9440 -0.1272
vn 0.8731 -0.4747 0.1114
vn -0.9957 -0.0913 0.0130
vn -0.0898 -0.9705 0.2238
vn -0.1714 -0.9315 0.3208
vn -0.9571 -0.2667 -0.1137
vn -0.8827 -0.2487 -0.3987
vn -0.9015 -0.3587 -0.2421
vn -0.7017 -0.0290 -0.7118
vn -0.0042 -0.9135 0.4068
vn -0.8706 -0.4859 0.0777
vn -0.2704 -0.8772 -0.3967
vn 0.7395 -0.4979 -0.4530
vn -0.0567 -0.4315 -0.9003
vn -0.1254 -0.5659 -0.8149
vn -0.9928 -0.1023 0.0624
vn 0.8917 -0.1980 -0.4071
vn -0.8500 0.4925 -0.1868
vn -0.8662 -0.0363 -0.4983
vn -0.5139 -0.5855 -0.6270
vn 0.9780 -0.1961 -0.0715
vn 0.0831 -0.9681 -0.2366
vn -0.9774 -0.0653 -0.2010
vn 0.5377 -0.8419 0.0449
vn -0.7126 -0.6966 0.0832
vn 0.7656 0.6176 0.1802
vn 0.7352 0.6757 -0.0543
vn 0.5510 -0.7423 0.3813
vn -0.4770 0.8741 0.0913
vn -0.1954 -0.4665 -0.8627
vn -0.0826 -0.0067 -0.9966
vn -0.2503 0.8500 -0.4635
vn 0.6056 -0.6520 0.4561
vn -0.0758 -0.8083 0.5838
vn -0.4410 -0.8643 0.2420
vn -0.5470 -0.8350 0.0599
vn 0.3431 -0.9037 -0.2562
vn -0.9433 -0.2427 -0.2267
vn 0.7123 -0.6214 0.3264
vn -0.7205 -0.2349 -0.6524
vn -0.7192 -0.4330 0.5434
vn -0.7498 -0.6273 0.2103
vn -0.8658 -0.1628 0.4732
vn 0.1906 0.1135 -0.9751
vn 0.6610 0.2655 -0.7018
vn -0.2864 -0.0931 -0.9536
vn 0.5649 0.1899 -0.8030
vn -0.8484 0.5258 0.0609
vn 0.0400 -0.2242 0.9737
vn 0.5053 -0.2477 0.8266
vn 0.2852 0.7097 0.6441
vn 0.0800 -0.9780 0.1927
vn 0.3898 -0.3394 0.8561
vn 0.4145 -0.7190 0.5580
vn 0.2020 -0.5527 0.8085
vn 0.3327 -0.6340 0.6981
vn 0.7411 0.6663 -0.0823
vn -0.0646 -0.7069 0.7044
vn 0.7659 -0.5873 0.2618
vn 0.3943 0.6900 -0.6070
vn -0.8698 -0.2029 -0.4498
vn -0.5616 -0.7758 0.2878
vn 0.6385 0.7616 0.1112
vn 0.0246 0.8626 -0.5052
vn 0.0088 0.9954 -0.0953
vn 0.1357 0.9817 0.1337
vn -0.5774 -0.3401 -0.7423
vn -0.7285 -0.5328 -0.4306
vn -0.2928 -0.5521 -0.7807
vn 0.6880 0.4195 0.5922
vn -0.6355 -0.7195 0.2802
vn 0.9636 -0.2644 -0.0401
vn -0.2896 -0.4554 -0.8419
vn -0.9745 0.0889 0.2060
vn 0.1908 -0.6079 -0.7708
vn -0.9220 0.3791 0.0786
vn -0.9706 -0.1744 0.1657
vn 0.5539 -0.4256 0.7156
vn -0.2172 -0.6248 0.7500
vn -0.4687 0.8816 0.0564
vn 0.7403 -0.2445 0.6262
vn -0.2098 0.6399 -0.7393
vn -0.5404 -0.8181 -0.1966
vn -0.5817 0.7730 -0.2532
vn 0.6946 -0.4520 0.5597
vn -0.6764 -0.7118 0.1895
vn 0.0915 0.7589 -0.6448
vn -0.6045 -0.6742 0.4242
vn -0.1537 -0.9311 -0.3308
vn -0.4539 -0.7000 -0.5514
vn 0.9267 -0.3757 0.0095
vn -0.6986 -0.2645 -0.6648
vn 0.7000 0.6461 -0.3042
vn 0.1112 0.9730 -0.2021
vn -0.0783 0.8173 0.5709
vn 0.5819 0.4601 0.6706
vn -0.4764 -0.6522 -0.5896
vn -0.5867 -0.7233 -0.3641
vn -0.8131 0.1682 -0.5573
vn 0.9785 -0.2027 0.0392
vn 0.8515 -0.4429 0.2807
vn -0.2020 -0.0799 -0.9761
vn 0.2463 -0.4885 0.8371
vn 0.3231 0.4092 0.8533
vn -0.3137 -0.0971 0.9445
vn -0.2627 -0.3300 0.9067
vn 0.0483 -0.8420 0.5373
vn 0.6373 -0.2367 0.7334
vn -0.5192 -0.8481 -0.1056
vn 0.5181 0.8498 0.0975
vn 0.5135 -0.6458 0.5650
vn -0.4634 0.7770 -0.4261
vn 0.3441 -0.8409 0.4177
vn 0.5872 -0.8036 0.0973
vn 0.2398 -0.9708 0.0040
vn 0.9171 0.3709 -0.1462
vn 0.4582 0.8761 0.1498
vn 0.4815 -0.8459 -0.2294
vn 0.5892 0.8023 0.0951
vn -0.3154 -0.8770 0.3626
vn -0.3689 -0.9256 0.0848
vn 0.4962 -0.6629 0.5606
vn 0.8336 -0.5486 0.0641
vn 0.7519 0.2985 0.5879
vn 0.3678 -0.6999 0.6123
vn -0.2656 0.8859 -0.3802
vn 0.7327 -0.6711 -0.1131
vn 0.2087 0.6826 -0.7003
vn -0.8879 0.4577 0.0471
vn 0.5470 -0.8097 0.2125
vn 0.3658 -0.7933 0.4867
vn -0.3799 -0.4913 -0.7838
vn -0.5680 0.8186 0.0849
vn -0.5635 -0.0819 -0.8221
vn -0.8691 -0.2910 -0.4000
vn -0.5264 -0.7705 0.3593
vn -0.7328 -0.5096 0.4510
vn -0.3934 -0.6859 -0.6122
vn -0.8895 -0.3277 0.3184
vn 0.1717 -0.6153 -0.7694
vn -0.8028 0.1413 0.5793
vn -0.8294 0.3276 0.4525
vn 0.2148 -0.8592 0.4643
vn -0.5733 0.7936 -0.2037
vn 0.5943 -0.4420 0.6719
vn -0.6106 0.7032 -0.3642
vn 0.1195 -0.6468 0.7532
vn -0.4768 -0.6915 0.5427
vn -0.0009 0.6641 -0.7476
vn -0.4554 0.6291 -0.6299
vn 0.9171 -0.2033 -0.3430
vn 0.2786 -0.9316 -0.2335
vn -0.6324 -0.3367 -0.6976
vn -0.3333 -0.9055 -0.2628
vn -0.5827 -0.4259 -0.6922
vn 0.7975 -0.4225 -0.4307
vn -0.4593 -0.8874 0.0403
vn -0.6736 0.7385 -0.0304
vn -0.8232 0.5547 -0.1211
vn -0.5501 0.7628 -0.3399
vn 0.1642 0.7315 0.6618
vn 0.8368 -0.5263 0.1509
vn -0.6604 -0.7359 -0.1493
vn -0.5711 -0.7725 0.2779
vn -0.8671 -0.3337 0.3698
vn -0.7910 -0.6030 0.1038
vn -0.1202 -0.9925 0.0217
vn 0.2642 -0.5753 0.7741
vn 0.3016 -0.6454 0.7018
vn 0.5908 0.8042 0.0651
vn -0.2593 0.6596 -0.7055
vn 0.1959 -0.7149 0.6713
vn -0.4992 0.7193 -0.4831
vn -0.2303 -0.6303 0.7414
vn -0.8172 0.5019 -0.2835
vn -0.8804 0.4721 0.0443
vn 0.8526 -0.4935 -0.1717
vn -0.1208 -0.9223 -0.3671
vn -0.5662 -0.6192 -0.5441
vn -0.7818 0.4849 0.3920
vn 0.0286 -0.9587 0.2830
vn -0.5510 -0.1150 -0.8266
vn 0.6381 -0.7617 -0.1127
vn -0.4962 -0.5638 -0.6603
vn -0.2114 -0.6512 -0.7288
vn 0.8777 -0.0504 -0.4766
vn 0.7826 0.4063 0.4717
vn -0.9963 -0.0319 0.0795
vn 0.7683 -0.6396 -0.0259
vn 0.7825 -0.6161 -0.0900
vn 0.7313 -0.6414 0.2321
vn 0.6346 0.7725 0.0239
vn 0.4276 -0.8463 0.3177
vn -0.5226 0.8011 -0.2918
vn -0.7727 -0.6335 -0.0398
vn 0.8973 -0.4127 -0.1567
vn -0.4396 -0.4482 -0.7784
vn -0.2017 0.9664 0.1595
vn -0.4810 -0.0543 -0.8750
vn 0.3462 -0.7279 -0.5919
vn -0.8764 0.4813 -0.0167
vn 0.8029 -0.4060 -0.4364
vn -0.7161 -0.6009 -0.3553
vn 0.0787 0.9201 0.3837
vn 0.9411 -0.1976 0.2742
vn 0.2343 -0.8857 0.4008
vn -0.4711 0.8802 -0.0572
vn 0.4632 -0.8173 0.3427
vn -0.7535 0.5152 -0.4085
vn -0.0773 0.7783 -0.6232
vn -0.1526 -0.8669 -0.4745
vn 0.6308 -0.7529 -0.1877
vn -0.5363 0.8399 -0.0836
vn -0.4786 -0.8577 -0.1879
vn -0.5426 -0.0412 -0.8390
vn -0.2547 -0.7088 -0.6578
vn 0.1881 0.8590 0.4761
vn -0.6886 0.7192 -0.0927
vn -0.7296 -0.4420 -0.5218
vn -0.9048 -0.2203 0.3644
vn 0.4093 -0.9124 0.0089
vn -0.9645 0.2008 0.1714
vn 0.6791 -0.7308 0.0689
vn 0.5821 -0.8010 0.1396
vn -0.5426 -0.8356 -0.0855
vn -0.5984 -0.7865 -0.1525
vn 0.7416 0.6661 0.0797
vn 0.6784 -0.5715 0.4617
vn 0.3084 -0.6557 0.6892
vn 0.2773 -0.8936 0.3530
vn -0.2102 0.7583 -0.6171
vn 0.4108 -0.8991 0.1510
vn 0.9492 -0.3043 -0.0803
vn -0.5178 -0.7947 0.3167
vn -0.1959 -0.9745 0.1095
vn -0.2125 -0.8654 0.4538
vn 0.6267 0.7703 -0.1180
vn 0.8809 0.4225 0.2134
vn 0.0235 -0.9703 0.2408
vn -0.8366 -0.2898 0.4649
vn -0.6740 -0.3188 -0.6664
vn 0.5301 -0.4202 -0.7365
vn 0.1803 0.6190 0.7644
vn -0.1040 0.6931 0.7133
vn 0.7029 0.6292 0.3317
vn -0.2049 0.9315 0.3007
vn -0.7343 0.4049 -0.5448
vn -0.0569 0.1057 -0.9928
vn -0.1527 -0.3037 -0.9405
vn 0.8381 0.2211 -0.4987
vn 0.5106 0.6812 -0.5246
vn 0.8884 -0.1889 -0.4185
vn -0.3951 -0.9183 -0.0233
vn 0.7641 -0.6394 0.0858
vn 0.2065 -0.8513 0.4824
vn 0.2957 -0.9538 -0.0527
vn -0.4025 -0.5523 -0.7300
vn 0.1026 -0.4954 -0.8626
vn 0.6090 -0.6247 0.4887
vn -0.2377 -0.7239 -0.6477
vn -0.5613 0.8268 0.0364
vn -0.6655 0.7454 0.0393
vn 0.6078 -0.7885 -0.0943
vn 0.8902 -0.0759 -0.4493
vn -0.0290 -0.1908 -0.9812
vn 0.4808 -0.8373 -0.2603
vn -0.6446 -0.6523 -0.3987
vn 0.8987 0.0363 -0.4370
vn 0.7069 0.4209 0.5684
vn -0.8553 -0.5103 0.0899
vn 0.5949 0.2141 -0.7747
vn -0.9169 -0.3379 -0.2124
vn -0.9080 -0.2498 -0.3365
vn -0.2610 -0.7734 -0.5776
vn 0.2821 -0.3754 -0.8829
vn -0.0564 -0.8165 -0.5746
vn -0.5141 0.8549 -0.0698
vn 0.7650 0.6420 -0.0510
vn 0.6174 0.7198 -0.3174
vn -0.7915 -0.6047 -0.0891
vn 0.2733 -0.0713 0.9593
vn -0.8293 -0.5523 -0.0854
vn 0.3020 -0.9513 0.0624
vn 0.2671 -0.9591 0.0935
vn -0.5287 0.7652 0.3672
vn 0.6374 0.6004 0.4830
vn -0.6447 -0.4417 0.6239
vn -0.9369 -0.1648 -0.3084
vn 0.7581 0.0664 -0.6487
vn -0.1099 -0.5986 -0.7935
vn -0.6530 -0.0345 -0.7565
vn 0.1544 -0.2098 -0.9655
vn 0.1121 0.8738 0.4732
vn 0.8945 -0.4469 -0.0104
vn -0.4395 -0.8902 -0.1198
vn -0.7480 0.6530 -0.1191
vn 0.7723 0.6244 -0.1170
vn -0.7204 0.6291 -0.2921
vn 0.3080 -0.8734 0.3774
vn 0.3194 -0.8392 0.4401
vn -0.8343 -0.5132 0.2015
vn 0.7477 -0.5184 -0.4149
vn -0.7390 0.4742 0.4785
vn -0.6133 -0.7524 -0.2406
vn 0.0008 -0.9832 -0.1823
vn 0.2324 -0.9304 -0.2836
vn 0.8070 -0.5781 0.1204
vn 0.7404 0.3675 0.5628
vn -0.8441 0.5347 0.0401
vn 0.7796 -0.6013 -0.1749
vn 0.0027 -0.9444 -0.3289
vn 0.0255 -0.8518 -0.5232
vn -0.8546 -0.4812 -0.1950
vn -0.9934 -0.0375 -0.1087
vn -0.8662 0.2172 -0.4501
vn 0.6350 -0.5073 0.5827
vn 0.9436 0.1827 0.2760
vn -0.1823 -0.7093 -0.6810
vn 0.5340 -0.8204 -0.2043
vn 0.4069 -0.9134 0.0107
vn 0.6208 -0.7799 0.0802
vn 0.5999 0.7922 0.1116
vn -0.7452 -0.6665 0.0236
vn 0.6907 -0.6976 0.1905
vn -0.4753 -0.7521 0.4566
vn -0.3807 -0.8240 -0.4197
vn -0.1487 -0.8811 -0.4489
vn 0.9526 0.2623 -0.1540
vn 0.9228 0.3758 0.0845
vn -0.0210 0.6792 -0.7336
vn 0.4088 -0.8229 -0.3946
vn -0.9132 -0.4003 0.0765
vn -0.0848 0.4275 0.9000
vn -0.1469 -0.5907 0.7934
vn -0.1443 -0.9797 -0.1389
vn 0.0330 0.7796 0.6254
vn 0.2947 0.7703 0.5655
vn 0.5201 -0.8471 -0.1091
vn 0.1646 -0.8480 -0.5037
vn 0.8925 0.1355 -0.4302
vn 0.2797 -0.7782 -0.5623
vn -0.3469 0.7355 -0.5820
vn 0.0158 0.9998 0.0085
vn -0.6702 0.7015 0.2423
vn 0.8279 0.5524 -0.0965
vn -0.7273 0.6358 -0.2585
vn 0.9533 0.2173 -0.2098
vn -0.0354 0.9211 -0.3877
vn 0.4459 -0.8819 0.1530
vn 0.1698 0.2483 -0.9537
vn -0.0252 -0.8718 0.4893
vn 0.9477 -0.1738 -0.2678
vn 0.4081 0.2946 -0.8641
vn 0.6756 0.4998 -0.5420
vn 0.4394 0.8901 0.1210
vn 0.4340 -0.8583 -0.2739
vn -0.4106 0.7719 -0.4853
vn 0.9528 -0.2959 -0.0685
vn 0.3994 0.8743 -0.2758
vn -0.7280 0.6854 0.0143
vn 0.0376 -0.2772 -0.9601
vn 0.2378 -0.8361 0.4944
vn -0.8548 -0.5147 -0.0662
vn 0.9409 -0.3347 0.0518
vn 0.7711 0.6171 -0.1566
vn -0.2644 0.8804 0.3936
vn -0.8067 -0.4489 -0.3843
vn 0.6106 -0.7690 -0.1893
vn 0.1201 -0.6560 -0.7451
vn 0.1017 -0.9007 -0.4223
vn 0.3548 -0.7406 -0.5706
vn 0.5909 -0.7336 -0.3357
vn -0.2425 0.8056 -0.5406
vn 0.4119 0.4823 -0.7731
vn 0.7831 0.0754 -0.6173
vn -0.1918 0.8241 0.5330
vn 0.4327 0.1584 -0.8875
vn 0.9963 -0.0848 -0.0106
vn -0.9211 0.3261 0.2125
vn -0.5636 0.3190 -0.7620
vn 0.4216 -0.6332 -0.6491
vn -0.0584 -0.7118 -0.7000
vn 0.8351 0.4290 0.3445
vn -0.7996 -0.3186 -0.5090
vn 0.4230 0.0164 -0.9060
vn -0.4903 -0.8676 0.0831
vn 0.8735 -0.4246 -0.2381
vn 0.7828 -0.6008 -0.1622
vn -0.6188 0.7799 -0.0944
vn 0.8142 0.5780 0.0543
vn -0.9002 -0.4325 -0.0501
vn 0.8246 0.5501 0.1323
vn -0.7229 -0.6850 0.0910
vn -0.1194 0.9329 -0.3397
vn 0.8433 -0.4429 -0.3044
vn -0.0586 -0.9139 -0.4017
vn -0.4057 0.7916 0.4570
vn -0.1914 0.9668 0.1694
vn 0.7561 0.4495 0.4756
vn 0.9407 -0.3251 0.0971
vn -0.3489 -0.9285 0.1271
vn 0.0255 0.7490 0.6621
vn -0.9889 -0.1334 0.0652
vn 0.7584 -0.0660 -0.6484
vn 0.9211 -0.3313 0.2045
vn 0.8879 0.1399 -0.4383
vn 0.7583 -0.0657 -0.6486
vn 0.4459 -0.8819 0.1533
vn 0.4460 -0.8818 0.1531
vn 0.2086 0.9572 0.2007
vn 0.4846 -0.8747 -0.0025
vn -0.7268 -0.5577 0.4010
vn 0.9459 -0.3190 0.0587
vn 0.1857 -0.8812 0.4346
vn 0.1696 -0.9487 0.2667
vn 0.5226 -0.8524 0.0187
vn -0.2155 0.9723 -0.0904
vn 0.6471 0.6772 -0.3501
vn -0.3172 0.7926 0.5208
vn -0.6592 -0.2706 -0.7016
vn 0.6060 -0.6705 -0.4280
vn 0.4483 -0.5032 -0.7388
vn -0.6127 0.7813 0.1196
vn -0.8523 -0.4730 -0.2234
vn 0.4874 -0.8655 -0.1156
vn 0.9461 0.2929 0.1384
vn 0.8424 0.1284 0.5233
vn 0.0617 0.4913 -0.8688
vn -0.0832 -0.9316 -0.3540
vn 0.7765 -0.5783 0.2502
vn 0.9389 -0.3134 0.1421
vn 0.3886 -0.9170 0.0895
vn -0.3133 0.8818 -0.3526
vn -0.2149 -0.9726 -0.0883
vn -0.5819 -0.7870 -0.2048
vn -0.6113 0.7360 0.2907
vn -0.9951 -0.0250 0.0952
vn -0.0153 0.0311 0.9994
vn 0.6140 -0.0828 0.7849
vn 0.0963 -0.8708 0.4820
vn 0.5096 0.7073 0.4900
vn -0.6693 -0.6949 0.2630
vn -0.2981 0.8866 0.3537
vn -0.2410 0.0085 -0.9705
vn -0.4385 0.8693 0.2282
vn 0.4469 -0.1311 0.8849
vn 0.2779 0.7475 0.6033
vn -0.4834 -0.0305 0.8749
vn -0.0269 0.4594 0.8878
vn -0.9582 -0.2641 0.1100
vn 0.9498 -0.3065 0.0621
vn 0.0999 -0.4185 0.9027
vn 0.7346 0.5744 0.3612
vn 0.8556 -0.4846 -0.1818
vn 0.3823 -0.2618 -0.8862
vn 0.0659 -0.5305 0.8451
vn 0.2239 -0.9682 0.1116
vn 0.1895 0.9819 0.0078
vn 0.7849 -0.6152 0.0738
vn -0.0519 -0.9874 -0.1492
vn 0.3071 0.3845 0.8705
vn 0.3574 0.7221 0.5923
vn 0.8422 0.5111 0.1720
vn 0.7078 0.4735 -0.5241
vn 0.9008 0.4293 0.0647
vn -0.1955 -0.9566 -0.2162
vn -0.5524 0.8261 0.1115
vn -0.5571 0.8186 0.1398
vn 0.7235 0.6679 0.1746
vn -0.2225 -0.9722 0.0728
vn -0.0290 0.9471 0.3195
vn 0.3350 0.9395 0.0712
vn -0.8269 -0.5585 -0.0652
vn -0.0647 -0.9975 -0.0282
vn -0.6096 0.7649 -0.2079
vn -0.9916 0.0308 -0.1259
vn 0.1981 -0.9788 -0.0528
vn 0.5114 -0.1961 0.8367
vn -0.5372 -0.8168 -0.2103
vn -0.5601 -0.0717 0.8253
vn 0.0981 -0.7776 0.6210
vn 0.4143 0.1091 0.9036
vn 0.9141 0.3193 0.2501
vn -0.7459 -0.5274 -0.4067
vn 0.7658 0.5821 0.2731
vn -0.8248 0.5593 0.0833
vn 0.5326 -0.8462 0.0153
vn -0.5043 -0.7136 0.4863
vn -0.5615 -0.4441 -0.6982
vn -0.6571 -0.5114 -0.5538
vn 0.7585 -0.6504 -0.0394
vn -0.7573 -0.6289 -0.1759
vn 0.0659 -0.9850 0.1598
vn -0.8556 -0.5067 -0.1060
vn 0.0666 0.9045 0.4212
vn -0.8128 -0.5780 -0.0723
vn -0.0800 0.8800 0.4683
vn -0.8910 0.1982 0.4084
vn 0.4526 -0.7637 0.4603
vn 0.7111 0.5739 0.4061
vn 0.7881 0.5992 0.1407
vn 0.7211 0.5115 0.4672
vn -0.8600 -0.3479 -0.3733
vn 0.3836 -0.8933 0.2342
vn 0.2745 -0.4415 -0.8542
vn -0.5269 -0.1323 0.8396
vn -0.9444 0.2480 -0.2159
vn 0.3727 -0.8336 -0.4076
vn -0.8420 0.3493 -0.4112
vn 0.1145 -0.5087 -0.8533
vn -0.6707 0.7009 0.2427
vn 0.1891 -0.9709 0.1470
vn -0.7527 0.6570 0.0430
vn -0.6959 -0.7102 -0.1067
vn 0.7922 0.6076 0.0575
vn 0.3731 -0.9106 -0.1779
vn 0.3407 -0.1315 0.9309
vn -0.6401 0.7341 0.2268
vn 0.5892 0.3586 0.7241
vn -0.6007 -0.2760 0.7503
vn -0.7424 0.5647 -0.3605
vn -0.8395 -0.4544 -0.2980
vn 0.9860 -0.1479 0.0769
vn 0.4784 -0.8505 -0.2185
vn 0.3678 0.9130 0.1763
vn 0.1073 0.9883 0.1085
vn -0.6833 -0.3591 0.6358
vn -0.0480 -0.9988 0.0113
vn -0.6972 -0.7089 -0.1069
vn 0.6723 0.7402 -0.0021
vn 0.6503 -0.7440 -0.1533
vn -0.0581 -0.9961 -0.0661
vn 0.2157 -0.8457 0.4881
vn -0.8118 -0.5806 -0.0621
vn -0.3171 -0.8890 -0.3304
vn -0.0370 0.9228 0.3835
vn -0.2394 0.9653 0.1048
vn 0.8108 -0.4421 0.3835
vn 0.6714 0.4002 0.6237
vn -0.4941 0.8694 0.0072
vn 0.0146 0.9738 0.2268
vn 0.6022 0.7978 0.0302
vn -0.3853 0.8880 -0.2511
vn 0.3072 -0.9433 -0.1260
vn 0.4158 0.8180 0.3975
vn 0.8233 -0.4636 0.3274
vn -0.0871 -0.9943 -0.0608
vn 0.6181 0.3383 -0.7096
vn -0.6606 -0.2253 -0.7161
vn 0.0637 -0.9580 -0.2797
vn 0.9990 0.0139 -0.0422
vn -0.7860 -0.5954 -0.1667
vn 0.7777 0.5899 0.2171
vn 0.5899 -0.7915 -0.1601
vn 0.0161 -0.9984 0.0539
vn 0.7664 0.5506 0.3308
vn 0.1961 -0.8204 0.5371
vn -0.1346 -0.9907 0.0192
vn 0.3156 0.9453 0.0819
vn 0.7309 -0.5750 -0.3676
vn 0.7705 0.6354 -0.0505
vn 0.0488 -0.9940 0.0976
vn -0.5798 -0.7644 -0.2819
vn -0.2181 -0.9517 -0.2161
vn -0.6605 0.7475 0.0706
vn 0.6401 -0.5275 0.5586
vn 0.5572 -0.6590 0.5052
vn -0.6756 0.5385 0.5035
vn 0.3208 0.0094 0.9471
vn -0.7407 0.1195 0.6611
vn -0.1057 -0.6457 0.7562
vn 0.4519 -0.8545 0.2562
vn -0.5925 0.7263 -0.3486
vn -0.1768 -0.9719 0.1557
vn 0.9455 0.0130 -0.3253
vn -0.6036 -0.6747 -0.4248
vn -0.6899 -0.0955 -0.7176
vn -0.7871 -0.3735 0.4909
vn 0.2203 -0.9145 -0.3395
vn -0.2360 -0.7283 0.6433
vn -0.9528 -0.3014 0.0376
vn 0.5293 -0.8418 -0.1059
vn 0.6862 -0.6954 -0.2135
vn -0.7407 -0.6120 -0.2771
vn 0.2111 0.8445 0.4922
vn -0.5553 0.6485 0.5207
vn -0.4573 -0.8723 -0.1734
vn 0.9229 -0.3631 -0.1284
vn -0.0039 -0.9972 0.0746
vn 0.7323 -0.6702 0.1207
vn -0.2179 -0.9391 -0.2658
vn -0.4961 0.8651 0.0742
vn -0.8100 -0.5280 -0.2553
vn 0.4059 -0.9128 0.0448
vn -0.1855 0.9825 0.0137
vn 0.6294 -0.6729 0.3886
vn -0.2421 0.9610 -0.1336
vn -0.4279 0.8886 -0.1654
vn 0.5975 -0.3773 0.7076
vn 0.8433 -0.1383 0.5194
vn -0.5363 -0.8377 0.1030
vn -0.9119 -0.2999 0.2802
vn 0.5178 -0.8481 -0.1123
vn 0.7779 0.6268 0.0439
vn 0.6238 -0.7738 -0.1101
vn -0.3920 -0.8130 -0.4306
vn -0.1774 0.9567 -0.2309
vn -0.7373 -0.5348 -0.4128
vn 0.8716 0.3590 0.3339
vn -0.2992 -0.8765 -0.3771
vn -0.2979 -0.9212 -0.2503
vn 0.5358 0.5088 0.6738
vn 0.7354 0.4126 0.5375
vn -0.0664 0.7884 0.6116
vn 0.7873 0.5620 0.2536
vn 0.6303 -0.7538 -0.1860
vn 0.6388 -0.7618 -0.1073
vn 0.6552 -0.7229 -0.2194
vn -0.3120 0.9448 0.1004
vn -0.4279 0.8764 0.2210
vn -0.4407 0.7946 -0.4176
vn 0.2914 -0.9181 0.2688
vn -0.9398 0.0568 0.3369
vn 0.3037 -0.9386 -0.1636
vn -0.2531 -0.9541 0.1599
vn -0.4826 0.3212 -0.8148
vn 0.9447 0.3274 -0.0183
vn -0.5650 -0.2801 -0.7761
vn 0.8832 0.2124 -0.4180
vn -0.5961 -0.2530 -0.7620
vn 0.8773 0.4625 -0.1279
vn 0.4663 0.8467 0.2562
vn -0.7293 -0.5390 -0.4215
vn -0.5156 0.8553 0.0522
vn -0.2657 0.9168 -0.2982
vn 0.2296 0.8654 0.4454
vn -0.0524 -0.7232 -0.6887
vn 0.8899 0.2657 -0.3709
vn 0.7256 0.6587 0.1991
vn -0.4604 0.8684 -0.1840
vn 0.0180 0.8840 -0.4671
vn 0.8452 -0.5002 0.1882
vn -0.1087 -0.9141 0.3906
vn 0.3099 -0.8421 0.4414
vn 0.4368 0.8961 -0.0783
vn 0.9404 0.2736 -0.2020
vn -0.3805 -0.2696 -0.8846
vn 0.4671 -0.3498 -0.8121
vn -0.5370 -0.2000 -0.8196
vn 0.3986 -0.8141 -0.4223
vn -0.4442 -0.7337 -0.5142
vn -0.4553 -0.8716 -0.1819
vn -0.5048 -0.8385 -0.2050
vn -0.2413 0.9657 0.0961
vn 0.4293 0.8862 0.1744
vn -0.7716 -0.6352 -0.0332
vn 0.8050 -0.0466 0.5915
vn 0.4045 0.8567 0.3201
vn 0.3714 -0.8809 0.2935
vn -0.8683 -0.4953 0.0275
vn -0.5162 0.4002 0.7572
vn 0.8312 -0.5554 0.0265
vn -0.6219 0.7001 -0.3510
vn -0.3276 -0.9168 0.2285
vn 0.7398 -0.5097 0.4392
vn -0.7713 -0.4213 -0.4771
vn 0.8740 -0.4742 0.1059
vn 0.6294 -0.7762 -0.0367
vn -0.0389 0.7644 -0.6435
vn -0.5233 0.1164 -0.8442
vn 0.4593 0.3319 -0.8239
vn 0.6875 -0.0568 -0.7240
vn -0.0616 -0.1030 -0.9928
vn -0.3275 -0.1518 -0.9326
vn -0.2416 0.9522 -0.1869
vn -0.3681 -0.5006 -0.7835
vn -0.5364 0.8386 0.0949
vn 0.5902 0.7827 0.1979
vn 0.2940 -0.9073 -0.3005
vn 0.1403 -0.9296 -0.3407
vn -0.4566 -0.8103 -0.3673
vn -0.7514 0.6206 0.2242
vn -0.4313 0.8936 0.1243
vn 0.4658 -0.8783 0.1077
vn -0.6292 0.7760 -0.0447
vn 0.7203 0.6870 0.0956
vn 0.5354 -0.8334 -0.1374
vn 0.4030 -0.6342 0.6599
vn -0.9886 0.0098 0.1504
vn -0.7418 -0.6465 -0.1783
vn -0.8938 -0.4334 -0.1153
vn -0.4412 0.8779 -0.1863
vn 0.5155 -0.7062 -0.4853
vn -0.2084 0.3472 0.9143
vn 0.0936 -0.2599 0.9611
vn 0.5460 -0.2452 0.8011
vn 0.0706 0.0111 -0.9974
vn 0.9583 -0.2031 -0.2011
vn 0.5036 -0.8512 -0.1476
vn 0.7257 0.6622 0.1866
vn -0.3121 -0.9071 -0.2824
vn -0.0288 0.9680 0.2493
vn -0.8415 -0.5403 0.0024
vn 0.9920 -0.1086 0.0646
vn -0.6246 0.7638 -0.1625
vn -0.6575 0.5800 0.4809
vn -0.8602 -0.4819 -0.1667
vn -0.7668 0.6350 0.0944
vn 0.4526 -0.4144 0.7895
vn 0.0295 0.9754 -0.2184
vn -0.7306 -0.4861 -0.4795
vn -0.8368 0.5421 0.0770
vn -0.2448 -0.6306 0.7364
vn 0.0724 -0.9537 0.2919
vn -0.0100 -0.8934 0.4492
vn -0.0716 -0.1667 0.9834
vn 0.9936 0.0550 -0.0983
vn 0.0585 0.9934 -0.0991
vn -0.1033 -0.1820 -0.9779
vn 0.0781 -0.9922 0.0968
vn -0.8218 -0.3459 0.4528
vn -0.9810 -0.0616 0.1840
vn -0.3384 -0.4424 0.8305
vn -0.0871 0.3585 -0.9295
vn -0.9624 -0.0783 0.2602
vn 0.6601 -0.7191 -0.2172
vn -0.7977 -0.5611 -0.2209
vn 0.8386 -0.5161 -0.1744
vn 0.4646 0.8751 0.1353
vn -0.1605 0.9633 -0.2154
vn -0.4752 -0.8685 0.1409
vn -0.5198 0.8541 -0.0173
vn -0.7974 -0.1151 -0.5924
vn -0.6287 0.7770 -0.0304
vn 0.5662 -0.7701 0.2938
vn -0.8954 0.2281 -0.3824
vn 0.7935 -0.5860 0.1640
vn 0.1126 -0.3178 0.9414
vn -0.6242 0.6708 -0.4005
vn 0.1860 0.9391 -0.2889
vn -0.8955 -0.3956 0.2038
vn -0.1558 -0.5611 0.8129
vn 0.6642 0.5471 0.5095
vn -0.5885 0.6285 -0.5086
vn -0.1124 -0.9925 0.0480
vn -0.5533 -0.5407 0.6336
vn -0.3372 -0.7000 -0.6295
vn 0.1309 -0.1302 -0.9828
vn 0.9083 -0.2680 0.3212
vn 0.7051 -0.4913 0.5114
vn -0.8051 -0.4605 0.3739
vn 0.1329 -0.8806 0.4548
vn -0.6211 -0.6441 -0.4465
vn 0.0056 0.5644 -0.8255
vn -0.7493 0.6616 -0.0288
vn 0.9599 0.1101 -0.2578
vn 0.4191 -0.1248 -0.8993
vn -0.7730 -0.5995 0.2073
vn -0.0262 -0.6113 -0.7909
vn 0.7209 0.6918 0.0420
vn -0.6295 0.7530 0.1917
vn -0.8354 -0.4873 -0.2543
vn 0.4809 -0.8549 -0.1947
vn 0.7595 -0.6428 -0.0992
vn -0.0643 0.8723 0.4847
vn -0.9607 -0.2721 -0.0551
vn 0.8270 -0.5553 0.0877
vn 0.0881 0.8780 0.4704
vn 0.7697 0.0340 0.6376
vn 0.4647 0.8687 0.1718
vn -0.4384 0.8657 -0.2418
vn 0.5920 -0.6831 0.4277
vn -0.9295 -0.0913 -0.3573
vn 0.3664 -0.9138 0.1754
vn 0.7224 0.6914 -0.0020
vn 0.1169 -0.4894 0.8642
vn -0.2966 -0.9488 0.1084
vn 0.1167 -0.4894 0.8642
vn -0.6535 0.5719 -0.4958
vn -0.8301 0.4532 -0.3248
vn 0.7948 -0.4253 0.4329
vn -0.8982 -0.2401 0.3683
vn -0.1631 -0.9824 0.0909
vn -0.2778 -0.7158 0.6406
vn 0.0271 -0.9945 -0.1010
vn -0.8024 -0.3537 0.4807
vn -0.8983 -0.2612 -0.3534
vn -0.0902 -0.9853 -0.1449
vn 0.7863 -0.5945 -0.1682
vn -0.5515 0.0514 -0.8326
vn 0.3419 0.9363 0.0801
vn -0.1164 -0.9424 -0.3135
vn 0.3447 -0.9273 -0.1458
vn 0.5856 0.0615 0.8082
vn -0.1885 0.9818 0.0244
vn 0.4292 -0.8379 0.3371
vn -0.5084 0.8589 0.0622
vn 0.9099 0.4145 -0.0150
vn 0.3442 -0.9287 -0.1380
vn -0.8321 0.2384 -0.5007
vn 0.7726 -0.4160 0.4796
vn 0.8024 -0.5751 -0.1596
vn 0.7134 -0.2852 0.6401
vn -0.9427 -0.2454 -0.2261
vn -1.0000 -0.0010 -0.0028
vn -0.2086 0.8953 -0.3935
vn 0.9060 -0.4221 -0.0313
vn -0.9174 -0.3936 -0.0593
vn -0.6906 -0.4652 -0.5538
vn -0.3540 -0.7379 -0.5746
vn 0.8314 -0.5371 -0.1424
vn -0.7813 0.5510 0.2931
vn -0.4813 -0.8614 -0.1623
vn 0.4635 0.8715 0.1603
vn -0.8861 -0.3915 -0.2479
vn -0.7163 -0.6756 -0.1744
vn 0.0112 0.9697 0.2440
vn 0.2222 0.9111 0.3470
vn 0.2385 0.8536 -0.4630
vn -0.7273 0.6486 -0.2242
vn 0.4104 -0.9049 0.1130
vn 0.9707 -0.2356 0.0467
vn -0.3209 0.9469 -0.0203
vn 0.9620 -0.0857 0.2591
vn -0.9830 -0.0262 -0.1819
vn -0.6394 -0.7168 -0.2782
vn 0.3738 -0.8611 -0.3446
vn 0.4446 -0.7370 -0.5091
vn -0.6605 -0.5251 0.5366
vn -0.1815 -0.8223 -0.5394
vn 0.9680 -0.2509 -0.0049
vn -0.5284 0.8356 0.1505
vn 0.5953 0.7921 0.1351
vn 0.6422 0.7396 0.2012
vn 0.6789 0.7066 0.1998
vn -0.3711 0.8577 0.3559
vn 0.6612 0.7487 -0.0476
vn 0.3364 0.9172 0.2134
vn -0.6446 -0.6859 -0.3376
vn 0.5150 -0.2742 0.8122
vn 0.5429 0.4710 0.6953
vn -0.0012 -0.6918 0.7221
vn 0.9287 -0.1171 0.3518
vn 0.3582 -0.9008 0.2453
vn -0.7196 0.6833 -0.1234
vn 0.9032 -0.2245 -0.3658
vn 0.8238 -0.2333 -0.5166
vn 0.8338 -0.5420 0.1052
vn 0.6418 0.6806 0.3534
vn 0.2157 -0.7874 -0.5775
vn -0.1825 -0.8564 0.4829
vn -0.4695 -0.2921 0.8332
vn -0.8467 -0.2571 0.4657
vn -0.2119 -0.8803 0.4245
vn 0.7458 -0.4370 -0.5028
vn -0.3338 -0.5350 -0.7761
vn -0.5340 0.4585 -0.7104
vn 0.7074 0.5589 0.4327
vn -0.4734 -0.8346 -0.2817
vn -0.4100 -0.7084 -0.5746
vn -0.0784 -0.7396 -0.6684
vn 0.2813 -0.2363 0.9301
vn 0.8232 -0.5650 0.0552
vn 0.8230 0.5668 -0.0379
vn -0.7399 0.6600 -0.1302
vn -0.2752 0.8056 0.5247
vn 0.7388 0.4055 -0.5383
vn 0.1355 -0.8271 -0.5454
vn -0.8894 0.1491 -0.4322
vn -0.3405 -0.6162 -0.7102
vn -0.2930 0.8079 0.5113
vn -0.4212 -0.8265 -0.3735
vn -0.5379 -0.8420 0.0415
vn -0.4840 -0.7657 -0.4236
vn 0.4709 0.4191 0.7763
vn 0.6929 -0.7045 -0.1536
vn 0.6849 -0.7271 -0.0474
vn -0.0125 -0.8783 -0.4779
vn -0.0030 -0.8242 -0.5664
vn -0.6381 0.6526 0.4086
vn 0.4592 0.8468 0.2683
vn 0.5102 -0.8413 -0.1785
vn 0.6225 -0.7780 0.0849
vn 0.7717 -0.4844 -0.4121
vn 0.5641 0.0100 -0.8256
vn -0.5626 -0.3390 -0.7540
vn 0.8103 -0.5852 -0.0311
vn -0.6652 0.6863 0.2941
vn 0.6648 -0.7182 0.2056
vn -0.2916 -0.4923 -0.8201
vn -0.4696 -0.7574 -0.4538
vn 0.0994 -0.4893 -0.8664
vn 0.5833 -0.8120 0.0208
vn -0.6232 0.7817 0.0251
vn -0.6278 -0.7705 -0.1103
vn -0.7311 -0.5631 -0.3853
vn -0.7340 0.6641 -0.1423
vn -0.9518 0.2542 0.1719
vn 0.8884 -0.4590 -0.0083
vn -0.5040 0.8560 -0.1151
vn 0.7953 0.3767 -0.4750
vn 0.3674 -0.8646 -0.3428
vn 0.2735 -0.9226 -0.2722
vn -0.5980 -0.1665 0.7840
vn 0.9515 -0.2918 0.0974
vn -0.9589 -0.1561 -0.2368
vn -0.3703 -0.8521 -0.3698
vn 0.2930 0.6649 0.6871
vn -0.3078 0.8648 0.3967
vn -0.1058 0.8410 0.5306
vn 0.3701 0.8076 0.4592
vn -0.7755 0.6205 0.1166
vn -0.3480 -0.4330 -0.8315
vn 0.0123 -0.4360 -0.8999
vn -0.2537 0.6447 0.7211
vn -0.6313 0.6359 0.4439
vn 0.2513 -0.8308 -0.4966
vn 0.0970 -0.8680 -0.4870
vn 0.7970 0.5296 -0.2903
vn -0.6097 -0.4017 -0.6833
vn 0.5172 0.7592 -0.3952
vn -0.9915 0.1292 0.0115
vn 0.0182 -0.9998 -0.0108
vn -0.1610 0.9856 -0.0506
vn 0.6917 0.0704 -0.7187
vn -0.1866 -0.7912 0.5824
vn 0.6940 0.3193 -0.6453
vn 0.6423 -0.4231 -0.6391
vn -0.9539 -0.2565 -0.1557
vn -0.0553 0.1060 -0.9928
vn 0.2508 -0.8794 -0.4046
vn 0.9971 0.0095 -0.0758
vn -0.0245 0.1678 -0.9855
vn -0.6659 0.6763 0.3150
vn 0.3775 -0.7988 -0.4684
vn 0.5227 0.8239 0.2192
vn -0.5186 0.8046 0.2892
vn 0.2379 -0.8759 -0.4197
vn 0.7002 0.3232 0.6367
vn -0.7381 -0.6422 0.2069
vn 0.5062 -0.8133 -0.2869
vn 0.2651 -0.9223 -0.2813
vn -0.9118 -0.2281 -0.3414
vn -0.4940 0.8691 0.0251
vn 0.8127 -0.1579 -0.5609
vn 0.1049 0.9833 0.1486
vn -0.5620 -0.7924 -0.2373
vn -0.1836 0.9815 -0.0542
vn -0.1076 -0.6655 -0.7386
vn 0.3192 0.1030 -0.9421
vn -0.8765 0.2062 -0.4349
vn -0.7214 -0.5850 -0.3706
vn -0.0194 0.7729 0.6342
vn 0.1348 0.9496 0.2831
vn -0.3277 -0.4721 -0.8184
vn 0.7838 -0.5966 -0.1725
vn -0.3330 -0.9394 -0.0810
vn -0.7350 0.6555 0.1733
vn -0.6022 -0.7802 -0.1695
vn -0.3968 -0.6117 -0.6844
vn -0.8186 0.5694 0.0750
vn 0.6412 -0.6932 -0.3292
vn -0.0510 -0.0755 -0.9958
vn -0.4889 -0.7865 -0.3773
vn 0.4164 -0.5169 -0.7479
vn -0.3948 0.9033 0.1679
vn 0.3895 -0.5181 -0.7615
vn -0.3478 -0.9115 -0.2197
vn 0.6590 -0.7251 -0.1997
vn 0.6391 0.7109 0.2935
vn 0.6918 0.7124 0.1182
vn 0.4872 -0.8260 -0.2835
vn 0.5069 0.4785 0.7170
vn 0.8612 0.4876 -0.1434
vn 0.6304 -0.4078 -0.6605
vn -0.7010 -0.2843 -0.6540
vn -0.0117 0.9992 -0.0381
vn -0.9459 0.1961 0.2585
vn -0.5804 -0.7902 -0.1970
vn 0.1399 0.0563 -0.9886
vn 0.0801 -0.8439 -0.5304
vn 0.4527 -0.3835 -0.8050
vn -0.5459 -0.0283 -0.8374
vn 0.1439 -0.5895 -0.7948
vn 0.0361 -0.8012 -0.5973
vn -0.1877 -0.6854 -0.7036
vn 0.2212 0.6891 0.6901
vn -0.7775 0.4795 -0.4069
vn 0.7991 -0.5194 0.3028
vn 0.8398 -0.5429 0.0021
vn 0.1814 -0.9248 -0.3345
vn 0.2736 -0.9041 0.3283
vn 0.9237 -0.2492 -0.2909
vn 0.4680 0.3291 -0.8202
vn 0.1356 -0.8855 -0.4444
vn 0.3873 0.0113 -0.9219
vn -0.4904 0.0185 -0.8713
vn -0.4616 -0.4426 -0.7688
vn 0.6217 0.6675 -0.4098
vn 0.1139 0.9889 0.0958
vn 0.3012 0.4680 0.8308
vn -0.5391 0.8256 0.1669
vn 0.6335 -0.6216 -0.4608
vn 0.6992 -0.7031 -0.1292
vn 0.6361 0.6137 0.4677
vn 0.3718 -0.5386 -0.7561
vn -0.5319 -0.3143 -0.7864
vn 0.0542 -0.7217 -0.6901
vn -0.9220 -0.3329 0.1977
vn 0.3796 0.2737 -0.8838
vn 0.0824 -0.8558 -0.5106
vn 0.2727 -0.9338 -0.2315
vn -0.7712 -0.0461 -0.6349
vn -0.2697 0.9105 -0.3136
vn -0.5254 0.4669 0.7113
vn 0.9891 0.0974 0.1104
vn 0.6008 0.7484 0.2810
vn 0.6430 -0.7333 -0.2208
vn 0.1803 0.7907 0.5851
vn -0.1748 -0.3799 -0.9084
vn -0.2059 -0.6856 -0.6983
vn 0.1527 -0.9702 -0.1883
vn -0.4997 -0.1591 -0.8515
vn -0.4999 0.7279 -0.4693
vn 0.3996 0.4511 -0.7980
vn 0.0885 -0.9558 -0.2803
vn -0.3352 -0.9013 -0.2745
vn 0.5399 0.7144 -0.4451
vn 0.1156 0.4234 0.8985
vn -0.6938 0.3115 0.6493
vn 0.1487 0.8146 0.5606
vn 0.3325 0.4662 0.8198
vn 0.3134 -0.4938 -0.8111
vn -0.3153 0.5105 0.8000
vn -0.7075 -0.7029 -0.0730
vn -0.6488 -0.6242 -0.4353
vn 0.0480 0.7532 0.6561
vn 0.4283 0.5618 0.7077
vn 0.6761 -0.3377 -0.6548
vn 0.1004 -0.9924 0.0705
vn 0.2274 0.7132 -0.6631
vn 0.4558 -0.1601 -0.8756
vn -0.0249 0.7707 -0.6368
vn 0.0437 0.8902 -0.4535
vn -0.5706 0.7795 -0.2584
vn -0.2671 0.9451 0.1883
vn -0.7142 0.5273 0.4603
vn 0.2319 -0.8436 -0.4843
vn -0.4852 0.8404 0.2413
vn 0.0119 -0.5234 -0.8520
vn 0.7649 0.6409 0.0651
vn 0.1057 0.8661 0.4886
vn -0.8651 -0.4246 0.2669
vn 0.0128 -0.8017 -0.5976
vn 0.3619 -0.7012 -0.6144
vn 0.8994 0.4289 -0.0846
vn 0.5293 -0.5935 -0.6063
vn -0.1302 0.5548 -0.8217
vn -0.0336 -0.7513 -0.6591
vn -0.2198 0.1098 -0.9693
vn -0.0321 0.4691 -0.8825
vn 0.5827 0.3211 0.7466
vn -0.2184 0.4735 0.8533
vn -0.1545 -0.9329 -0.3254
vn -0.2896 -0.8015 -0.5231
vn 0.8032 0.1209 -0.5833
vn -0.9469 -0.0953 -0.3070
vn -0.1291 0.9350 -0.3304
vn 0.2445 0.2361 -0.9405
vn -0.2632 -0.9532 0.1487
vn -0.6563 -0.7139 -0.2442
vn -0.0803 -0.9042 -0.4196
vn -0.5837 -0.8000 -0.1388
vn 0.0444 0.6813 0.7307
vn 0.2508 0.7481 0.6143
vn 0.8816 -0.3586 -0.3070
vn -0.5346 -0.2520 -0.8066
vn -0.3866 -0.4009 -0.8306
vn -0.3028 -0.9185 -0.2542
vn 0.2405 -0.8627 0.4449
vn -0.1713 0.2939 -0.9404
vn -0.6525 0.3340 0.6803
vn 0.1849 0.1313 -0.9740
vn -0.9749 -0.1381 -0.1744
vn 0.6084 -0.7610 0.2250
vn -0.2150 -0.9156 0.3397
vn -0.3818 0.7702 -0.5109
vn 0.1825 -0.5991 -0.7796
vn 0.2078 0.5046 -0.8379
vn -0.1002 0.4935 -0.8639
vn -0.2718 0.5490 -0.7904
vn 0.6540 0.6615 0.3669
vn 0.0738 -0.8438 -0.5316
vn -0.5705 -0.7045 -0.4221
vn 0.5863 0.7041 0.4005
vn 0.7717 0.6172 0.1533
vn 0.9262 0.3466 0.1483
vn -0.8517 0.5101 -0.1199
vn 0.1279 -0.9494 0.2867
vn -0.2980 -0.5199 0.8006
vn -0.4795 -0.5281 -0.7009
vn 0.2299 -0.9487 -0.2171
vn -0.2566 -0.0600 -0.9647
vn -0.2066 0.3860 -0.8991
vn 0.4265 -0.1600 -0.8902
vn 0.2366 -0.1654 -0.9574
vn 0.3341 -0.4167 -0.8454
vn -0.3762 -0.0391 -0.9257
vn 0.6145 0.3148 0.7234
vn 0.3137 0.4346 0.8442
vn 0.3636 -0.9290 0.0687
vn -0.5750 -0.7396 -0.3498
vn -0.2046 -0.9203 -0.3335
vn 0.2980 0.8286 0.4739
vn 0.2772 0.3968 0.8751
vn -0.1742 0.3836 0.9069
vn -0.6683 0.4190 0.6146
vn 0.1551 -0.8936 -0.4211
vn 0.1742 -0.9128 -0.3694
vn -0.1530 -0.9822 -0.1086
vn 0.4257 -0.6160 0.6628
vn -0.8173 -0.4411 -0.3708
vn -0.1890 -0.8271 -0.5293
vn -0.2190 -0.9612 0.1678
vn -0.4115 0.5944 0.6909
vn -0.1402 0.6608 0.7374
vn 0.3109 -0.8216 -0.4778
vn 0.5553 -0.8055 -0.2070
vn 0.3332 -0.5793 -0.7439
vn 0.3825 -0.5008 -0.7765
vn -0.7631 0.6433 0.0615
vn -0.8915 -0.4472 0.0722
vn -0.4285 -0.7453 -0.5108
vn -0.6812 -0.6483 0.3400
vn -0.3909 0.9140 -0.1083
vn -0.6682 0.7282 -0.1528
vn -0.6279 0.6965 -0.3474
vn -0.8474 0.3589 -0.3912
vn 0.8083 0.5585 -0.1864
vn -0.6583 -0.6742 -0.3350
vn -0.2475 0.8391 0.4845
vn -0.6938 -0.7181 0.0542
vn -0.0969 -0.9909 -0.0939
vn 0.7904 -0.5689 -0.2273
vn -0.1258 -0.5542 -0.8228
vn 0.7782 -0.3857 -0.4957
vn -0.4274 0.4611 0.7776
vn 0.5853 -0.7030 0.4040
vn -0.1943 -0.7431 -0.6403
vn -0.3130 -0.3440 -0.8852
vn -0.3838 0.3385 0.8591
vn 0.5601 -0.6385 -0.5279
vn -0.7796 0.5700 -0.2595
vn -0.1822 0.6367 0.7493
vn -0.3273 -0.9434 -0.0535
vn -0.6205 0.7672 0.1624
vn 0.5434 -0.7859 -0.2951
vn -0.2043 0.8258 0.5257
vn 0.6662 -0.5492 -0.5046
vn 0.7436 0.6534 0.1419
vn -0.8712 -0.4877 0.0565
vn -0.3940 0.5418 0.7424
vn 0.2728 0.4391 0.8560
vn 0.6090 -0.5158 -0.6026
vn 0.6964 -0.6986 0.1646
vn 0.3369 -0.7439 0.5771
vn -0.2360 -0.4339 -0.8695
vn -0.2379 0.1713 0.9561
vn -0.6975 0.5194 0.4936
vn -0.5506 0.8215 -0.1482
vn -0.7106 0.5288 -0.4641
vn -0.2907 0.6981 -0.6543
vn 0.6542 0.6643 0.3616
vn -0.6423 -0.7234 -0.2533
vn 0.5665 0.2296 0.7914
vn -0.2976 -0.9375 0.1805
vn 0.8755 -0.4764 -0.0807
vn -0.0495 -0.6321 0.7733
vn -0.5087 0.3794 0.7729
vn 0.0156 -0.9958 -0.0904
vn -0.5895 -0.7597 0.2746
vn 0.4536 -0.4941 -0.7417
vn 0.0904 -0.8835 0.4595
vn 0.3657 -0.5429 -0.7560
vn -0.3610 0.7128 -0.6013
vn 0.2730 -0.5758 -0.7707
vn -0.8416 0.4155 -0.3450
vn 0.2008 -0.9782 -0.0520
vn -0.4785 0.8616 0.1694
vn 0.8687 -0.4756 -0.1382
vn -0.0589 -0.9246 0.3764
vn 0.4418 -0.6325 0.6362
vn -0.4039 -0.9125 -0.0656
vn 0.4440 -0.8329 0.3304
vn 0.0681 -0.4569 -0.8869
vn -0.1795 0.6885 -0.7026
vn -0.0878 0.9055 -0.4151
vn -0.9721 0.0339 0.2321
vn -0.9624 -0.0780 0.2602
vn 0.6522 -0.6999 -0.2914
vn -0.0588 -0.8190 -0.5707
vn -0.6154 -0.6800 -0.3987
vn 0.7665 -0.4863 -0.4196
vn 0.6494 -0.6200 0.4403
vn -0.7115 -0.4795 0.5136
vn -0.8866 0.3861 0.2545
vn -0.8523 0.5230 -0.0060
vn 0.8718 -0.4872 0.0507
vn -0.5832 -0.6939 0.4224
vn 0.2343 0.3519 0.9063
vn -0.8344 0.5321 -0.1437
vn 0.3101 0.8470 -0.4318
vn 0.1625 -0.8917 -0.4225
vn -0.2789 0.8582 0.4310
vn 0.6524 0.7403 0.1620
vn 0.8754 0.4749 0.0903
vn -0.0275 -0.8298 0.5574
vn 0.2099 -0.7156 0.6662
vn -0.8775 0.4050 0.2570
vn 0.1165 0.7061 -0.6985
vn 0.5238 0.6602 -0.5383
vn 0.1942 0.8736 0.4461
vn 0.6407 0.7678 -0.0048
vn -0.2173 0.4786 0.8507
vn 0.5392 0.2585 0.8015
vn 0.8021 -0.4984 0.3290
vn -0.4954 0.4603 0.7367
vn -0.8554 0.4263 0.2944
vn 0.1123 -0.5599 0.8209
vn -0.9129 0.4040 -0.0586
vn -0.0618 -0.9873 -0.1465
vn 0.1988 -0.1908 0.9613
vn -0.4196 0.5890 0.6907
vn -0.4643 -0.6052 0.6466
vn 0.7476 0.4508 0.4877
vn 0.3828 0.8782 0.2868
vn -0.4276 0.8812 0.2015
vn 0.6114 0.6890 0.3892
vn -0.4341 0.6143 0.6590
vn -0.5766 0.8167 -0.0221
vn 0.5070 -0.8484 -0.1520
vn 0.5465 0.2571 0.7970
vn -0.3517 -0.3884 -0.8517
vn -0.2703 -0.3004 0.9147
vn -0.1385 -0.7334 0.6655
vn 0.1251 -0.5276 0.8402
vn -0.3301 -0.7252 0.6042
vn -0.3852 -0.6335 -0.6710
vn 0.5664 -0.7024 0.4311
vn 0.5489 0.6936 0.4666
vn -0.5649 0.8251 -0.0083
vn 0.0042 -0.8395 0.5433
vn -0.3065 -0.9143 -0.2647
vn -0.8065 -0.1276 0.5773
vn 0.8940 0.4445 0.0566
vn 0.6077 0.5362 -0.5858
vn 0.5958 -0.8028 0.0227
vn -0.1506 0.8518 0.5017
vn 0.6755 -0.6246 -0.3919
vn -0.1386 -0.6281 -0.7657
vn -0.6120 -0.4379 -0.6586
vn 0.8949 -0.4456 -0.0243
vn -0.4155 0.5102 0.7530
vn 0.2001 0.4636 0.8631
vn 0.9061 0.3871 0.1706
vn 0.6115 -0.6164 0.4961
vn 0.0130 -0.5363 0.8439
vn -0.7645 -0.5962 0.2452
vn -0.1925 -0.9784 0.0749
vn 0.5327 -0.6449 0.5480
vn -0.7687 -0.5791 0.2716
vn 0.9798 0.0753 -0.1854
vn -0.7798 -0.4780 0.4043
vn -0.4424 0.7707 -0.4586
vn 0.6340 0.7621 0.1313
vn -0.5341 0.8312 0.1543
vn 0.6659 -0.7078 -0.2359
vn -0.0454 -0.7702 -0.6362
vn -0.6145 -0.2756 -0.7392
vn -0.7528 0.5267 0.3948
vn 0.1418 -0.5903 0.7946
vn -0.2948 -0.2447 0.9237
vn 0.0794 -0.9263 0.3682
vn -0.2994 -0.8638 0.4052
vn 0.1718 -0.9468 0.2722
vn 0.0262 -0.9806 0.1945
vn -0.6591 -0.6497 0.3788
vn -0.5929 -0.8044 -0.0378
vn 0.9116 0.1373 -0.3876
vn 0.1055 0.9555 0.2756
vn 0.4464 -0.8590 -0.2508
vn -0.4824 0.5643 0.6699
vn -0.5011 -0.6667 0.5517
vn 0.8747 0.4581 -0.1581
vn -0.7176 0.5224 -0.4605
vn 0.1708 0.9844 0.0428
vn -0.8687 0.4399 0.2277
vn -0.5327 0.8006 0.2745
vn 0.1201 -0.9248 -0.3610
vn -0.4508 -0.8327 -0.3216
vn -0.5242 0.8501 0.0507
vn -0.7347 0.6692 0.1116
vn -0.9012 -0.4036 -0.1577
vn 0.8267 -0.5401 0.1578
vn 0.2296 -0.8808 0.4142
vn 0.1723 -0.7958 0.5805
vn 0.6638 -0.1088 0.7400
vn 0.0522 -0.8783 0.4752
vn 0.2644 -0.9089 -0.3225
vn -0.3665 0.9301 0.0236
vn -0.8594 -0.1065 -0.5000
vn -0.5816 0.5203 0.6254
vn 0.3989 0.5069 0.7642
vn -0.5958 -0.7189 -0.3580
vn 0.6665 0.7089 0.2305
vn -0.6928 -0.6689 -0.2695
vn -0.5973 0.5875 0.5460
vn 0.9383 0.3244 0.1198
vn -0.3063 -0.9171 0.2553
vn 0.0207 -0.9085 0.4173
vn 0.2160 -0.8924 0.3962
vn -0.0565 -0.6080 0.7919
vn -0.9059 -0.3610 0.2215
vn -0.4800 0.8263 -0.2948
vn -0.4552 0.8825 0.1184
vn -0.4696 -0.8577 0.2093
vn 0.3859 -0.9177 -0.0944
vn -0.4958 0.8612 0.1123
vn -0.5348 0.8434 -0.0517
vn 0.6164 -0.7834 0.0798
vn 0.3410 0.5228 0.7813
vn -0.2099 0.6240 0.7527
vn -0.3902 -0.6162 -0.6841
vn -0.4343 -0.5530 -0.7110
vn 0.3027 0.3798 0.8741
vn -0.7748 -0.4699 -0.4230
vn 0.5169 0.4285 0.7411
vn 0.1154 -0.7307 0.6729
vn 0.7298 -0.1871 0.6575
vn -0.7524 0.1253 0.6467
vn 0.8683 -0.3748 -0.3250
vn -0.7490 0.2365 -0.6189
vn 0.7453 0.4550 0.4873
vn -0.0730 -0.9973 0.0051
vn -0.5776 -0.7771 0.2500
vn -0.3100 0.7447 -0.5910
vn 0.6312 0.7072 0.3185
vn -0.6656 -0.6852 -0.2958
vn 0.6747 -0.6465 -0.3561
vn 0.7329 0.6442 0.2190
vn -0.5274 0.8448 0.0908
vn 0.7071 0.7070 0.0107
vn -0.4657 0.6063 0.6446
vn 0.8672 0.4980 -0.0047
vn -0.8947 0.4283 0.1268
vn 0.8599 0.4141 0.2986
vn 0.8068 -0.3947 -0.4397
vn -0.8878 -0.3888 -0.2463
vn 0.0620 -0.6791 0.7314
vn -0.7090 -0.7003 -0.0834
vn -0.2770 -0.8275 -0.4884
vn 0.7970 -0.6011 0.0585
vn -0.2342 -0.7847 0.5740
vn -0.8288 -0.5564 -0.0594
vn -0.9171 -0.3908 -0.0790
vn 0.6624 0.4729 0.5810
vn -0.2349 0.7668 0.5973
vn -0.3670 0.6048 0.7068
vn 0.3432 0.5392 0.7691
vn 0.7367 0.3117 0.6002
vn 0.4811 -0.8604 0.1683
vn -0.5669 0.8132 -0.1318
vn -0.5383 -0.2936 -0.7899
vn 0.3646 0.5102 0.7789
vn -0.8810 0.3713 0.2932
vn -0.4487 -0.7639 -0.4638
vn -0.1936 -0.8435 0.5010
vn 0.5364 -0.6652 0.5194
vn -0.3967 -0.7238 0.5646
vn -0.0361 -0.9664 0.2544
vn 0.1567 -0.9776 -0.1404
vn -0.6920 -0.6039 -0.3955
vn 0.0151 -0.9936 -0.1120
vn -0.2354 -0.5911 -0.7715
vn -0.8041 0.5315 -0.2664
vn 0.7668 0.3386 0.5454
vn -0.2779 -0.9246 -0.2605
vn 0.3221 0.9250 0.2018
vn 0.3458 0.8282 0.4411
vn 0.3204 -0.9154 -0.2439
vn 0.8140 -0.4854 -0.3190
vn -0.4895 0.8687 0.0756
vn 0.8205 -0.4331 -0.3731
vn -0.9032 -0.3773 -0.2045
vn -0.8577 0.4843 0.1727
vn -0.4776 -0.7895 0.3855
vn -0.0074 -0.7531 0.6578
vn -0.6003 -0.5976 -0.5315
vn -0.7631 -0.5051 -0.4031
vn -0.7682 -0.4559 -0.4494
vn -0.2864 -0.9572 0.0403
vn 0.5731 0.4833 0.6617
vn 0.6391 -0.7667 -0.0608
vn -0.4884 -0.8137 -0.3152
vn -0.1983 0.9117 0.3598
vn -0.5403 0.8061 0.2414
vn -0.7700 -0.3942 -0.5017
vn -0.4592 -0.8825 -0.1017
vn -0.0931 -0.9956 0.0108
vn 0.1557 -0.8492 0.5046
vn 0.2549 0.9101 0.3267
vn 0.9906 -0.1166 0.0709
vn 0.5772 -0.7931 -0.1947
vn -0.3685 -0.8234 -0.4315
vn 0.4774 -0.8315 0.2841
vn -0.5414 0.7187 -0.4363
vn -0.5342 0.8448 0.0291
vn 0.6818 0.7295 -0.0545
vn -0.7532 0.4616 0.4687
vn -0.7844 -0.3860 -0.4854
vn -0.7028 -0.6718 -0.2340
vn 0.6296 -0.7680 -0.1176
vn 0.2179 -0.6578 0.7210
vn 0.2941 -0.8954 0.3342
vn -0.6980 -0.7161 -0.0006
vn 0.1302 -0.9106 0.3922
vn 0.8450 -0.5305 0.0673
vn -0.8833 -0.0981 0.4583
vn -0.2427 0.3739 0.8952
vn -0.5851 0.7750 0.2387
vn 0.4302 0.7193 0.5454
vn -0.5374 0.8432 0.0137
vn 0.3870 -0.7347 -0.5572
vn -0.4188 -0.8105 -0.4096
vn -0.3968 0.9171 0.0386
vn -0.6626 -0.7429 0.0950
vn 0.5945 -0.7736 -0.2195
vn 0.6515 0.7337 -0.1930
vn -0.1114 0.8124 0.5724
vn -0.7948 -0.4627 -0.3926
vn 0.9106 0.3972 0.1143
vn 0.9180 -0.3533 -0.1803
vn -0.6283 -0.6544 -0.4207
vn 0.3876 -0.7012 -0.5984
vn 0.2806 -0.9057 0.3177
vn -0.0767 -0.7813 -0.6194
vn -0.2560 0.9536 -0.1586
vn 0.7227 -0.6494 -0.2366
vn 0.1435 -0.9811 0.1296
vn -0.5614 -0.8212 -0.1019
vn -0.4834 0.8748 -0.0315
vn 0.7923 0.6054 -0.0762
vn -0.9197 -0.3504 -0.1769
vn 0.4767 0.4335 0.7647
vn 0.6231 -0.4971 -0.6038
vn 0.9486 -0.2217 -0.2257
vn -0.1494 -0.9877 0.0465
vn 0.7843 0.6202 0.0132
vn 0.0713 -0.9853 -0.1551
vn 0.5219 -0.8403 0.1463
vn -0.9208 -0.3597 -0.1508
vn -0.6602 -0.5696 -0.4896
vn -0.5040 -0.7312 -0.4597
vn -0.5797 0.5907 0.5613
vn -0.3622 -0.7039 -0.6110
vn -0.5825 -0.7883 -0.1982
vn -0.5944 0.7891 0.1548
vn 0.7511 0.6541 0.0889
vn 0.4574 -0.8650 0.2061
vn 0.8078 0.5724 -0.1411
vn -0.3747 0.8295 0.4142
vn 0.2404 0.8301 0.5032
vn 0.5606 -0.6923 -0.4543
vn -0.8725 0.3449 0.3460
vn 0.6052 0.5597 0.5661
vn 0.2668 0.7797 0.5665
vn -0.3947 -0.8266 -0.4012
vn -0.8292 0.5560 0.0571
vn 0.2520 0.8501 0.4624
vn -0.7770 -0.6288 -0.0297
vn 0.7783 -0.6082 -0.1561
vn -0.3993 0.9128 -0.0860
vn -0.6210 0.7784 0.0915
vn -0.4008 0.7915 0.4614
vn -0.8590 -0.4987 -0.1154
vn -0.6981 0.5606 0.4455
vn 0.2262 -0.9371 -0.2657
vn 0.2259 -0.9735 -0.0367
vn -0.2961 0.9099 0.2904
vn 0.8304 -0.4965 -0.2528
vn 0.4329 0.7034 0.5638
vn 0.3174 0.7222 0.6145
vn 0.8564 0.5103 0.0782
vn 0.7479 0.3569 0.5597
vn 0.0087 -0.9460 -0.3240
vn 0.6707 0.3411 0.6586
vn 0.6620 -0.4979 -0.5601
vn 0.7128 -0.6663 -0.2191
vn -0.5031 0.8402 0.2023
vn 0.6023 -0.7882 -0.1264
vn -0.5884 -0.7454 -0.3134
vn 0.4260 -0.8869 0.1789
vn -0.2903 -0.7471 -0.5979
vn 0.6801 -0.5239 -0.5128
vn -0.6935 -0.6976 -0.1800
vn 0.7874 0.5947 0.1625
vn 0.7191 0.6775 0.1545
vn -0.3938 0.7912 0.4680
vn -0.5577 0.8096 0.1829
vn 0.5886 0.7966 0.1379
vn -0.3213 0.9394 0.1198
vn -0.4435 -0.8915 -0.0921
vn 0.6861 0.7059 -0.1763
vn 0.1762 -0.8873 0.4262
vn 0.5617 -0.7912 -0.2418
vn 0.6750 -0.3529 -0.6480
vn -0.6818 -0.3052 -0.6648
vn -0.3887 -0.9158 0.1007
vn -0.9527 0.0144 0.3036
vn 0.3617 0.8953 0.2599
vn -0.7984 -0.6015 0.0278
vn -0.5629 0.8159 0.1321
vn -0.1670 0.9858 0.0196
vn -0.5828 0.8125 0.0077
vn -0.4153 -0.7849 -0.4599
vn -0.6225 -0.3725 -0.6883
vn 0.3707 0.6173 0.6939
vn 0.6265 -0.2547 -0.7366
vn 0.7341 -0.2677 -0.6240
vn -0.5180 -0.4790 -0.7087
vn 0.4131 0.7193 0.5585
vn -0.4867 0.2820 0.8268
vn 0.8728 -0.3742 0.3133
vn -0.2680 -0.9550 -0.1272
vn 0.7722 0.6319 -0.0668
vn -0.7833 -0.6214 0.0179
vn -0.5555 0.7498 -0.3594
vn -0.1590 -0.6181 -0.7699
vn 0.0302 0.9112 0.4108
vn 0.1639 -0.4158 -0.8946
vn -0.3397 -0.6890 -0.6402
vn -0.5148 0.4598 0.7235
vn -0.0242 -0.9915 0.1280
vn 0.7004 -0.6843 -0.2029
vn -0.4244 -0.8774 -0.2236
vn -0.7389 -0.6734 -0.0254
vn -0.2574 -0.9642 -0.0637
vn 0.1224 0.9106 0.3947
vn -0.9581 -0.2858 0.0190
vn 0.4447 -0.4878 -0.7512
vn 0.8027 0.5919 -0.0734
vn 0.2110 -0.4385 -0.8736
vn 0.1880 -0.3925 -0.9003
vn 0.3103 0.4042 0.8604
vn 0.3208 0.9469 0.0219
vn 0.2266 0.9620 0.1524
vn 0.8456 0.4858 -0.2213
vn -0.4807 0.8689 -0.1179
vn 0.1600 -0.9869 0.0210
vn 0.3334 -0.9366 0.1082
vn -0.5454 0.8382 0.0056
vn -0.6048 0.7940 0.0615
vn -0.5872 -0.8091 -0.0230
vn -0.4740 0.4143 0.7770
vn -0.9268 -0.3750 -0.0194
vn -0.2289 -0.9561 -0.1830
vn -0.8213 0.5432 0.1740
vn -0.5107 0.7798 0.3621
vn -0.2109 0.4633 0.8607
vn 0.7480 0.6633 0.0227
vn 0.8153 0.5782 -0.0319
vn 0.4413 -0.8639 0.2429
vn -0.5528 0.7804 -0.2922
vn 0.4652 0.8669 -0.1793
vn -0.7611 -0.5642 -0.3200
vn -0.4949 -0.6064 -0.6223
vn -0.1443 0.6576 0.7394
vn 0.4915 0.5940 0.6368
vn 0.4908 -0.8544 -0.1707
vn 0.5725 -0.8155 0.0853
vn -0.8659 -0.4748 0.1574
vn -0.5789 0.7349 -0.3533
vn 0.5284 -0.7730 0.3511
vn 0.2088 -0.7655 -0.6086
vn 0.7643 -0.1229 -0.6330
vn -0.9713 -0.1461 0.1879
vn -0.4817 0.8466 0.2263
vn 0.5036 -0.8636 -0.0224
vn -0.1124 -0.8522 -0.5110
vn 0.5861 -0.7309 0.3496
vn 0.1957 -0.4222 -0.8851
vn 0.8592 -0.5076 -0.0642
vn 0.7454 0.0046 0.6666
vn 0.6088 0.3047 0.7325
vn -0.0456 -0.8659 -0.4981
vn 0.5466 -0.7423 -0.3876
vn 0.3881 -0.0483 -0.9204
vn 0.0658 -0.3775 -0.9237
vn -0.2605 -0.3764 -0.8891
vn -0.2639 0.9566 0.1240
vn 0.6209 0.7389 0.2618
vn -0.3744 0.1114 0.9206
vn 0.2024 0.9532 0.2246
vn -0.5892 -0.7844 0.1939
vn 0.7410 -0.6706 -0.0335
vn 0.3334 -0.9095 0.2482
vn -0.2209 -0.2458 -0.9438
vn 0.0824 0.9337 0.3484
vn -0.0774 -0.9968 0.0174
vn -0.5885 -0.8034 -0.0908
vn -0.6361 0.7441 0.2041
vn -0.4669 0.8575 -0.2161
vn -0.4064 -0.3988 -0.8221
vn 0.0652 -0.1964 -0.9784
vn -0.0628 0.3937 0.9171
vn -0.6167 -0.7871 -0.0129
vn 0.2338 -0.8555 0.4620
vn -0.3470 -0.9377 0.0187
vn 0.0946 0.9766 -0.1933
vn -0.3085 -0.2711 -0.9118
vn -0.1892 0.2261 0.9556
vn -0.5668 0.7916 -0.2281
vn 0.6505 0.7296 -0.2112
vn 0.4823 0.8445 -0.2328
vn 0.0178 0.6942 0.7195
vn -0.2298 0.4274 0.8743
vn 0.6476 0.7251 -0.2343
vn -0.7340 -0.6569 -0.1721
vn -0.3031 -0.8892 -0.3429
vn 0.5724 -0.7633 0.2996
vn 0.8717 -0.3286 0.3634
vn -0.6923 0.6598 0.2922
vn -0.0328 -0.9987 0.0394
vn 0.3096 0.4192 0.8535
vn -0.3449 0.3039 0.8881
vn 0.6678 -0.7060 -0.2356
vn 0.0977 -0.4425 -0.8914
vn -0.0499 -0.5623 -0.8254
vn -0.5506 0.8187 -0.1629
vn 0.5996 0.7979 0.0619
vn -0.7966 -0.5806 0.1683
vn 0.6407 -0.7661 -0.0510
vn 0.8563 0.5124 -0.0650
vn 0.6605 -0.7454 0.0900
vn 0.6275 -0.7621 0.1597
vn -0.4928 0.7910 -0.3625
vn -0.5930 0.6160 -0.5185
vn -0.4721 -0.7848 -0.4016
vn -0.4498 0.8290 -0.3323
vn 0.0129 0.8269 0.5622
vn -0.2768 -0.2655 -0.9235
vn -0.7284 -0.6741 -0.1225
vn -0.4005 -0.7236 -0.5621
vn 0.7378 0.5690 0.3632
vn -0.3721 -0.9070 -0.1974
vn 0.8002 0.5672 -0.1949
vn -0.1806 -0.3758 -0.9089
vn -0.3793 -0.9199 -0.0998
vn -0.2854 0.8368 0.4672
vn 0.8826 -0.4689 -0.0344
vn 0.1524 0.2329 0.9605
vn -0.9179 0.3939 -0.0480
vn 0.1741 -0.4199 -0.8907
vn 0.4333 -0.7031 -0.5639
vn 0.3582 -0.8051 0.4727
vn 0.1041 -0.3673 -0.9243
vn 0.4780 0.8760 0.0642
vn -0.1646 0.3742 0.9126
vn 0.5835 -0.7914 -0.1825
vn 0.2978 0.8305 0.4708
vn 0.6627 -0.6854 -0.3016
vn -0.5941 0.8032 0.0445
vn -0.8788 -0.4624 0.1182
vn 0.7257 -0.6785 -0.1138
vn -0.2464 -0.9222 0.2980
vn 0.5523 0.6713 0.4943
vn 0.0271 0.5405 0.8409
vn 0.1443 0.9780 -0.1504
vn 0.0428 0.2999 0.9530
vn -0.7128 -0.5263 -0.4636
vn -0.3827 0.8381 0.3886
vn -0.5446 -0.8053 -0.2342
vn -0.5792 0.7964 -0.1742
vn -0.5313 -0.4209 -0.7352
vn -0.0166 -0.3420 -0.9396
vn -0.3617 -0.4704 -0.8049
vn -0.0705 -0.9185 -0.3890
vn -0.0006 -0.3260 -0.9454
vn -0.5992 0.5689 0.5633
vn -0.0851 -0.9545 0.2858
vn -0.2638 0.4955 0.8276
vn -0.8089 -0.5160 -0.2817
vn -0.0719 -0.3802 -0.9221
vn 0.1182 0.7753 0.6204
vn 0.6859 0.7105 0.1573
vn -0.4093 -0.9104 -0.0605
vn -0.6534 0.7533 -0.0744
vn 0.4699 -0.8489 0.2420
vn 0.0110 0.9453 0.3259
vn -0.3519 -0.8678 -0.3507
vn -0.6453 0.7299 0.2255
vn 0.6108 -0.7229 0.3230
vn -0.9475 -0.0375 0.3177
vn -0.2216 -0.9513 -0.2144
vn -0.7093 -0.7012 0.0724
vn 0.1431 -0.4610 -0.8758
vn 0.6642 -0.5402 -0.5168
vn 0.2461 -0.2211 -0.9437
vn -0.3021 -0.4911 -0.8170
vn -0.1333 -0.3638 -0.9219
vn -0.7583 -0.5045 -0.4129
vn 0.0043 -0.9692 -0.2464
vn -0.7070 0.6149 -0.3494
vn -0.7414 -0.6578 -0.1328
vn 0.4929 0.8661 0.0826
vn 0.2046 0.4163 0.8859
vn -0.9958 0.0917 0.0062
vn -0.0154 -0.5962 -0.8027
vn 0.3110 -0.9486 -0.0593
vn 0.8966 -0.0347 0.4414
vn 0.5370 -0.6589 -0.5267
vn 0.0589 -0.3068 -0.9500
vn -0.6027 0.7663 -0.2225
vn -0.1404 -0.9899 0.0175
vn -0.1495 0.3736 0.9155
vn -0.2059 0.3552 0.9118
vn 0.4826 0.8684 0.1140
vn 0.6853 0.7281 -0.0113
vn -0.4483 -0.3658 -0.8156
vn 0.7603 0.6327 0.1471
vn 0.3492 -0.5597 -0.7515
vn 0.7985 0.5970 0.0772
vn -0.8292 -0.5587 0.0174
vn -0.8125 -0.4440 -0.3777
vn -0.6643 -0.7224 -0.1920
vn 0.5909 -0.7397 0.3222
vn -0.9855 0.1220 -0.1180
vn -0.2558 -0.6802 -0.6869
vn -0.4497 0.8302 0.3295
vn -0.6471 -0.6221 -0.4407
vn -0.0689 -0.5080 -0.8586
vn -0.2020 -0.7215 -0.6623
vn 0.1770 -0.9837 0.0314
vn -0.0016 -0.9904 0.1385
vn 0.4142 0.5321 0.7384
vn -0.2603 0.6965 0.6687
vn -0.4976 0.8358 -0.2322
vn -0.7843 -0.2549 -0.5656
vn -0.5666 0.7614 0.3150
vn 0.3031 -0.7064 -0.6396
vn 0.7375 -0.6401 -0.2153
vn -0.6066 0.6208 0.4966
vn -0.0498 0.3853 0.9215
vn -0.5940 -0.5412 -0.5952
vn -0.9009 -0.0238 -0.4333
vn -0.7025 -0.7015 -0.1200
vn 0.6506 0.7564 0.0671
vn -0.8171 -0.4355 -0.3777
vn -0.1384 0.9902 -0.0188
vn -0.1802 -0.6069 -0.7741
vn -0.5030 -0.3210 -0.8024
vn -0.2352 -0.6844 -0.6902
vn 0.5887 0.6389 0.4953
vn -0.6875 -0.7154 -0.1249
vn -0.7175 0.6242 0.3091
vn 0.6035 -0.7762 -0.1824
vn -0.7737 0.6096 0.1726
vn -0.7537 -0.6376 0.1593
vn -0.4732 -0.5949 -0.6497
vn 0.5721 0.7905 0.2187
vn -0.7353 -0.6609 -0.1500
vn 0.6854 -0.6701 -0.2850
vn -0.0622 -0.5165 -0.8540
vn 0.7434 0.5795 0.3340
vn -0.0038 -0.9969 0.0788
vn 0.0616 -0.9965 0.0563
vn 0.4171 -0.9085 -0.0267
vn 0.7293 -0.6742 -0.1163
vn 0.7818 0.5844 -0.2173
vn 0.6024 0.7595 0.2454
vn -0.7099 -0.4277 -0.5595
vn 0.5686 0.6018 0.5608
vn 0.3680 -0.8554 0.3644
vn 0.2966 0.7434 0.5995
vn -0.8563 0.4530 -0.2483
vn 0.1704 0.5657 0.8068
vn -0.7653 -0.5814 -0.2762
vn -0.1123 0.4141 0.9033
vn 0.5473 -0.7550 0.3611
vn -0.6281 0.7709 0.1056
vn -0.4969 -0.0748 -0.8646
vn -0.3671 -0.6466 -0.6687
vn -0.2002 -0.7841 -0.5875
vn -0.3018 -0.8663 -0.3980
vn -0.9036 0.4211 -0.0793
vn -0.9206 -0.2757 -0.2766
vn -0.8451 -0.5325 0.0476
vn 0.1310 0.5952 0.7928
vn 0.6466 0.6394 0.4160
vn -0.8941 0.2846 -0.3457
vn -0.3871 0.9051 -0.1756
vn 0.6248 0.7802 0.0294
vn 0.7894 0.4711 0.3936
vn -0.4344 0.6878 0.5816
vn 0.0348 0.4270 0.9036
vn 0.7305 0.6821 -0.0325
vn 0.2063 -0.9039 -0.3747
vn 0.2049 -0.4156 0.8862
vn -0.2813 -0.9571 -0.0692
vn -0.2014 -0.8679 -0.4540
vn -0.4725 -0.7982 -0.3737
vn 0.6836 -0.6167 -0.3903
vn 0.8939 0.4304 0.1255
vn 0.6446 0.7062 0.2928
vn -0.8810 -0.4647 -0.0885
vn 0.8105 0.5489 0.2046
vn -0.1272 -0.9904 -0.0538
vn -0.6226 -0.6656 -0.4114
vn 0.9489 -0.3050 0.0815
vn 0.2419 0.6931 0.6790
vn -0.5952 -0.7908 -0.1430
vn 0.1700 -0.4838 -0.8585
vn 0.2314 0.6248 0.7457
vn 0.8083 -0.5865 0.0511
vn 0.8097 -0.5165 -0.2786
vn -0.2485 -0.9141 -0.3205
vn 0.2790 0.9420 0.1864
vn -0.4268 -0.7367 0.5244
vn 0.4626 0.7146 0.5247
vn 0.3639 0.9106 0.1959
vn -0.6599 -0.7157 -0.2286
vn -0.2384 0.4324 0.8696
vn 0.2981 -0.9545 0.0073
vn 0.5821 -0.7922 -0.1832
vn -0.0418 -0.9306 -0.3636
vn 0.1011 -0.9404 -0.3247
vn -0.2135 -0.9635 -0.1618
vn -0.9088 -0.3483 0.2298
vn 0.8462 -0.4784 -0.2347
vn -0.8051 0.1746 0.5669
vn -0.5342 -0.7623 0.3654
vn 0.3870 0.5909 0.7079
vn 0.2243 0.9019 0.3691
vn -0.6871 -0.6460 -0.3326
vn -0.1819 -0.7758 -0.6043
vn 0.2815 -0.7591 -0.5869
vn -0.7935 0.5947 0.1290
vn 0.9960 0.0800 0.0403
vn 0.2942 -0.9546 -0.0462
vn -0.2593 -0.8554 0.4484
vn 0.4762 -0.0849 0.8752
vn 0.8576 0.1636 -0.4876
vn 0.3116 -0.9502 0.0053
vn -0.2327 -0.8590 -0.4561
vn -0.4891 -0.8579 -0.1572
vn -0.7513 -0.2374 -0.6158
vn -0.9268 0.3061 -0.2177
vn -0.7182 -0.1810 0.6719
vn 0.4581 -0.8885 0.0259
vn -0.8728 0.4881 0.0032
vn 0.4985 -0.8132 0.3005
vn 0.8247 -0.2168 0.5224
vn -0.8577 0.1197 0.5000
vn 0.6883 0.5797 0.4361
vn -0.7970 -0.5008 -0.3376
vn -0.7410 -0.5395 -0.3998
vn -0.4780 0.8594 -0.1814
vn -0.6716 0.6452 -0.3643
vn 0.2472 -0.8023 -0.5434
vn -0.1802 -0.9632 -0.1993
vn 0.3885 0.3332 0.8591
vn -0.8871 0.2315 0.3994
vn -0.4648 -0.2189 0.8579
vn 0.1795 0.6047 0.7759
vn 0.4886 0.6977 0.5239
vn -0.6549 0.6485 0.3879
vn 0.6140 -0.7293 -0.3019
vn 0.6924 0.5745 0.4365
vn 0.1396 0.6275 0.7660
vn -0.8010 0.4763 0.3626
vn 0.8428 0.4407 0.3090
vn -0.6408 0.7662 -0.0483
vn -0.6951 -0.7084 -0.1226
vn -0.8832 -0.3725 -0.2851
vn -0.3950 -0.8070 -0.4389
vn -0.1519 -0.8701 -0.4688
vn -0.1921 0.9587 0.2096
vn 0.3461 0.8227 0.4510
vn -0.2769 -0.8670 -0.4143
vn 0.0031 0.7944 0.6074
vn -0.4256 0.8350 0.3488
vn -0.6646 0.0732 0.7436
vn -0.4304 -0.8678 0.2484
vn 0.6089 -0.3019 -0.7336
vn -0.9736 -0.2240 -0.0442
vn 0.8159 0.4959 0.2974
vn 0.1305 -0.7206 -0.6810
vn -0.2173 -0.8696 -0.4433
vn 0.6441 -0.5574 -0.5240
vn -0.6402 -0.7662 -0.0557
vn -0.4822 0.2882 -0.8273
vn 0.4909 -0.8109 -0.3187
vn -0.7689 0.5305 -0.3569
vn 0.3769 0.2343 -0.8961
vn -0.8322 -0.0967 0.5459
vn 0.9777 0.2016 0.0594
vn -0.4270 0.9038 -0.0290
vn -0.7052 0.6858 0.1799
vn -0.3958 -0.8863 -0.2402
vn 0.5793 -0.7004 -0.4170
vn -0.0582 -0.8347 -0.5477
vn -0.5593 0.7171 0.4160
vn 0.5019 0.7824 0.3686
vn -0.1683 0.4467 0.8787
vn -0.3143 -0.9259 0.2096
vn 0.8266 0.3137 0.4673
vn -0.8750 -0.3056 -0.3755
vn 0.1093 -0.1465 -0.9832
vn 0.0180 -0.8986 -0.4384
vn -0.0069 0.0732 -0.9973
vn 0.0732 -0.8466 -0.5272
vn -0.0974 -0.7727 -0.6273
vn 0.4526 -0.1796 -0.8734
vn -0.3265 -0.7320 -0.5979
vn -0.2090 -0.5781 -0.7888
vn -0.2490 0.9249 0.2872
vn 0.6564 0.7253 0.2076
vn -0.3703 -0.7063 -0.6033
vn 0.2266 0.6823 0.6950
vn -0.3246 -0.9454 0.0283
vn 0.5270 0.7549 0.3905
vn -0.5628 -0.7297 -0.3883
vn 0.1829 -0.8881 -0.4217
vn -0.5383 -0.7863 -0.3033
vn -0.1622 0.6709 0.7236
vn 0.6817 0.4651 0.5647
vn 0.2332 0.5423 -0.8072
vn -0.7535 -0.4396 -0.4888
vn -0.2289 -0.9379 0.2607
vn 0.9628 -0.1448 -0.2283
vn -0.4322 0.8958 -0.1036
vn -0.0058 -0.9653 0.2609
vn -0.4446 -0.8884 -0.1144
vn 0.6644 0.6301 0.4019
vn 0.6659 0.6494 0.3673
vn 0.1317 -0.9154 -0.3805
vn 0.6492 -0.7603 0.0220
vn -0.6985 0.7101 -0.0881
vn 0.7124 -0.7016 0.0171
vn -0.6454 -0.6759 -0.3558
vn 0.2155 -0.8353 -0.5058
vn 0.2015 -0.9250 -0.3221
vn 0.1371 0.4800 -0.8665
vn -0.5195 0.4337 -0.7362
vn 0.0607 -0.3169 -0.9465
vn 0.8865 0.2787 0.3694
vn -0.3244 -0.6104 -0.7226
vn 0.7887 -0.2466 -0.5631
vn -0.1603 -0.9868 0.0224
vn -0.2397 -0.8980 -0.3690
vn -0.0891 0.9591 -0.2687
vn -0.9956 0.0008 -0.0938
vn -0.0252 -0.9904 -0.1360
vn 0.0571 0.7063 0.7056
vn 0.7166 0.6973 0.0160
vn 0.8295 -0.5507 0.0931
vn -0.6910 -0.5148 -0.5075
vn 0.6932 -0.7119 -0.1127
vn -0.6687 0.6369 -0.3836
vn 0.1507 0.9383 -0.3113
vn 0.9422 -0.3336 0.0301
vn 0.2665 0.6326 0.7272
vn -0.5939 -0.1202 -0.7955
vn -0.4227 0.1293 -0.8970
vn 0.0682 -0.6786 -0.7313
vn 0.9984 -0.0478 0.0305
vn -0.9934 -0.0542 -0.1010
vn 0.5343 0.7653 0.3589
vn 0.1888 0.6125 0.7676
vn -0.2991 0.7970 0.5247
vn -0.5503 0.7943 0.2574
vn -0.8006 0.5443 -0.2505
vn 0.7469 0.4057 0.5268
vn 0.4681 -0.5763 -0.6699
vn 0.0432 -0.8473 -0.5293
vn 0.9448 -0.3250 -0.0421
vn 0.5660 0.6935 0.4457
vn 0.9202 -0.1193 0.3729
vn 0.0102 0.9698 0.2437
vn 0.5246 0.1561 0.8369
vn -0.7051 0.4970 0.5057
vn -0.8846 -0.3756 -0.2766
vn -0.5752 -0.8038 -0.1519
vn -0.1715 -0.1690 0.9706
vn -0.8601 -0.3407 0.3797
vn -0.2710 -0.9377 -0.2174
vn 0.2350 -0.8002 -0.5518
vn -0.4846 0.5778 0.6567
vn -0.3307 -0.5459 -0.7698
vn -0.1835 0.6369 0.7488
vn 0.5023 0.5858 0.6360
vn 0.3331 0.6264 0.7047
vn -0.7612 0.4936 0.4208
vn 0.8746 -0.3899 -0.2880
vn -0.0942 -0.9179 0.3854
vn -0.7132 -0.6410 0.2836
vn 0.6742 0.5079 0.5361
vn 0.3940 -0.8898 -0.2300
vn 0.3002 -0.9487 -0.0997
vn -0.0678 -0.9953 -0.0685
vn -0.2601 0.7634 0.5913
vn -0.6357 -0.5340 -0.5574
vn -0.6759 0.6116 0.4113
vn -0.7432 0.4974 -0.4476
vn 0.6058 -0.7928 0.0670
vn 0.7283 -0.6842 -0.0377
vn 0.4923 -0.8506 0.1848
vn -0.6203 0.6698 -0.4082
vn -0.4349 -0.5236 -0.7326
vn -0.1843 0.4458 0.8759
vn 0.6035 -0.6233 0.4972
vn -0.0633 0.6615 0.7473
vn -0.5534 -0.8106 -0.1914
vn -0.4440 -0.8338 -0.3281
vn -0.0999 0.7536 0.6497
vn -0.7718 0.5783 -0.2644
vn 0.7565 -0.5880 0.2864
vn -0.4338 -0.5371 -0.7234
vn -0.1240 -0.9387 0.3216
vn -0.0921 0.9123 -0.3990
vn -0.0130 0.5964 0.8026
vn -0.7733 -0.5795 -0.2573
vn -0.2477 0.5413 0.8035
vn 0.9990 -0.0412 -0.0156
vn -0.5289 0.7298 0.4332
vn 0.0508 0.9267 0.3723
vn -0.8530 0.5218 0.0103
vn 0.6617 0.7316 0.1640
vn 0.4132 -0.8357 0.3619
vn 0.2647 -0.5671 -0.7800
vn -0.2092 -0.7631 -0.6115
vn 0.7360 0.5187 0.4351
vn -0.1027 -0.7636 0.6375
vn 0.7577 -0.3997 0.5159
vn -0.7703 0.5242 0.3631
vn 0.7801 -0.5521 -0.2943
vn -0.1571 -0.8195 -0.5511
vn 0.6235 0.7470 0.2309
vn 0.4762 0.8480 0.2326
vn -0.6870 0.6989 0.1989
vn 0.6085 0.7399 0.2869
vn 0.7719 0.5085 0.3816
vn 0.1849 0.4873 0.8534
vn 0.7346 -0.3621 -0.5738
vn -0.1411 -0.2528 0.9572
vn -0.3974 -0.4624 0.7926
vn -0.4439 -0.4727 0.7612
vn -0.7306 -0.6828 0.0005
vn -0.4425 0.8027 0.3998
vn 0.5685 -0.7793 -0.2637
vn 0.5334 -0.5723 -0.6229
vn 0.0051 -0.5310 -0.8473
vn -0.2844 -0.9122 0.2950
vn -0.2307 -0.4796 -0.8466
vn 0.0160 -0.5479 -0.8364
vn -0.2806 -0.1967 -0.9395
vn -0.6637 -0.3712 -0.6494
vn 0.4291 0.8865 0.1730
vn -0.5952 -0.7270 -0.3423
vn -0.5175 0.5741 0.6345
vn -0.1704 -0.5013 -0.8483
vn 0.1757 -0.7086 0.6834
vn -0.4725 0.4547 -0.7550
vn 0.9110 -0.1365 -0.3891
vn 0.2348 0.8884 -0.3944
vn 0.4634 0.5327 0.7082
vn -0.6002 0.5701 0.5610
vn 0.2151 -0.9696 -0.1168
vn -0.1657 0.9860 0.0159
vn 0.6629 -0.7384 -0.1235
vn -0.6040 -0.4250 -0.6742
vn 0.2109 -0.4796 -0.8517
vn 0.5665 -0.8046 0.1780
vn -0.5388 -0.4808 -0.6918
vn 0.5460 0.5838 0.6009
vn -0.0065 0.7416 -0.6708
vn -0.0721 -0.3576 -0.9311
vn -0.2127 -0.1256 -0.9690
vn 0.1380 -0.5034 -0.8529
vn 0.4792 -0.2533 -0.8404
vn 0.3207 -0.9256 0.2013
vn 0.8248 -0.5599 -0.0786
vn 0.3945 -0.8571 0.3312
vn -0.6341 0.4402 -0.6357
vn 0.3580 -0.9068 0.2226
vn -0.2538 -0.9015 0.3506
vn -0.5469 0.3393 -0.7653
vn -0.2720 -0.8751 -0.4002
vn 0.1954 -0.8396 -0.5069
vn 0.3425 -0.5475 -0.7635
vn -0.0872 0.4391 0.8942
vn -0.1532 -0.6166 -0.7722
vn 0.1263 0.6425 0.7558
vn 0.0524 -0.5626 -0.8251
vn 0.1554 -0.7621 -0.6285
vn 0.5568 -0.2765 -0.7833
vn -0.1914 -0.0344 -0.9809
vn -0.3001 0.0119 -0.9538
vn -0.2788 -0.5769 -0.7677
vn 0.7619 -0.6472 0.0252
vn -0.8584 0.5076 -0.0737
vn 0.0469 -0.8496 0.5253
vn -0.1271 0.4247 0.8964
vn 0.3365 -0.0006 -0.9417
vn -0.7908 0.5727 -0.2159
vn -0.2811 0.9127 -0.2966
vn 0.0927 -0.3626 -0.9273
vn 0.0291 -0.1532 -0.9878
vn 0.5159 0.3864 0.7645
vn -0.7169 -0.4248 0.5528
vn 0.6553 0.5804 0.4835
vn -0.5439 -0.7737 -0.3248
vn -0.6665 -0.6039 -0.4371
vn 0.3161 0.9474 0.0495
vn 0.7445 -0.4702 -0.4739
vn -0.8334 0.5517 0.0341
vn 0.2427 -0.5653 -0.7883
vn 0.3215 -0.9240 0.2072
vn 0.4669 0.4568 0.7572
vn 0.5696 0.4761 0.6700
vn -0.7318 0.6171 -0.2892
vn -0.2740 -0.0682 -0.9593
vn -0.4995 -0.8073 -0.3142
vn 0.5036 0.7803 0.3707
vn 0.3168 -0.4765 -0.8201
vn 0.6111 -0.7819 0.1231
vn -0.0191 -0.9131 0.4073
vn 0.5797 0.3600 0.7310
vn 0.4614 0.4531 0.7628
vn -0.0775 -0.6911 -0.7186
vn 0.3194 -0.7911 -0.5217
vn 0.3907 0.6510 0.6508
vn -0.1565 -0.9801 0.1225
vn 0.7561 -0.4415 0.4830
vn 0.4302 -0.7989 -0.4204
vn 0.6533 0.6062 0.4535
vn 0.5606 0.6817 0.4700
vn -0.8797 0.4019 0.2543
vn 0.7919 -0.5737 0.2094
vn 0.0917 -0.9941 0.0582
vn 0.3454 0.4178 0.8403
vn 0.5544 0.2945 0.7784
vn -0.6349 0.4642 0.6176
vn 0.4663 -0.8356 -0.2905
vn 0.5089 -0.8162 -0.2736
vn -0.2701 0.7671 0.5819
vn 0.6946 -0.6953 -0.1845
vn -0.6815 0.7032 0.2027
vn -0.0732 0.5470 0.8339
vn -0.7392 0.5746 0.3514
vn -0.4539 -0.6361 -0.6240
vn -0.7967 -0.5674 -0.2080
vn -0.0183 -0.8366 -0.5475
vn 0.6567 -0.6519 0.3792
vn -0.5211 -0.4753 -0.7089
vn 0.1812 0.6513 0.7368
vn -0.2064 0.4708 0.8578
vn -0.1236 -0.9923 0.0029
vn 0.5096 -0.8600 -0.0288
vn 0.4864 -0.8049 -0.3400
vn 0.0818 -0.9879 -0.1317
vn 0.4782 -0.6696 -0.5683
vn -0.4439 0.6657 0.5998
vn -0.0568 0.6703 0.7399
vn 0.1554 0.4476 0.8806
vn 0.2817 0.4061 0.8693
vn 0.6269 -0.7429 0.2348
vn -0.3256 -0.7088 -0.6257
vn 0.4187 -0.8641 0.2794
vn -0.2538 0.9670 0.0235
vn 0.0169 0.8511 0.5247
vn 0.2541 0.6102 -0.7504
vn 0.0133 0.4368 0.8995
vn -0.5372 0.7240 0.4327
vn -0.5155 -0.7091 -0.4810
vn -0.1824 -0.7066 -0.6837
vn -0.5019 -0.4655 -0.7289
vn 0.6335 0.4125 0.6546
vn 0.0504 -0.8314 0.5534
vn -0.1291 -0.9835 -0.1265
vn -0.3496 -0.9303 0.1113
vn 0.3863 0.6397 0.6645
vn 0.3100 0.4305 0.8477
vn 0.5279 0.7815 -0.3326
vn 0.4469 0.8946 -0.0083
vn -0.6837 0.5662 0.4603
vn -0.6074 0.7226 0.3300
vn 0.3389 0.9384 0.0668
vn 0.0324 -0.6608 -0.7499
vn 0.3939 -0.6891 -0.6083
vn -0.2718 -0.6278 -0.7294
vn 0.3290 -0.5674 -0.7549
vn -0.3921 0.4250 0.8159
vn 0.3940 0.6509 0.6489
vn -0.3898 -0.6787 -0.6225
vn 0.2371 -0.8626 0.4470
vn -0.0700 0.9934 0.0905
vn 0.3220 0.8595 -0.3969
vn -0.0615 0.9971 0.0440
vn -0.3573 -0.9237 -0.1383
vn -0.3872 -0.8138 -0.4333
vn -0.1118 0.9898 0.0886
vn -0.6749 0.5912 0.4417
vn 0.2618 -0.6795 -0.6854
vn -0.2681 0.6763 0.6861
vn -0.7992 0.5563 0.2275
vn 0.2497 -0.9425 0.2220
vn -0.7003 0.6691 0.2487
vn 0.6560 -0.6643 0.3582
vn 0.4920 0.6952 0.5241
vn 0.8999 -0.4235 0.1040
vn 0.1238 -0.9164 0.3806
vn 0.0166 -0.7987 0.6015
vn -0.0704 -0.8503 0.5216
vn 0.2262 0.8057 0.5475
vn 0.5098 0.7712 0.3812
vn 0.1376 -0.9833 0.1191
vn -0.3355 -0.9076 -0.2522
vn 0.4448 0.7604 0.4733
vn -0.3709 -0.8379 -0.4005
vn -0.2832 -0.9590 -0.0069
vn 0.3480 -0.0322 0.9369
vn 0.8952 -0.2816 0.3455
vn -0.2949 -0.1549 0.9429
vn -0.2290 -0.1379 0.9636
vn 0.2627 0.5741 0.7755
vn 0.2814 0.6398 0.7151
vn 0.1413 0.9135 0.3816
vn 0.0970 0.8621 0.4974
vn -0.5950 -0.5828 0.5534
vn -0.3050 -0.9375 -0.1676
vn -0.4713 -0.5964 -0.6498
vn 0.8119 -0.5473 -0.2029
vn 0.0006 -0.9117 0.4109
vn -0.0449 -0.9685 -0.2448
vn 0.8383 -0.5149 -0.1791
vn 0.1161 -0.2135 0.9700
vn -0.8137 -0.3986 0.4230
vn -0.5753 -0.6781 -0.4574
vn 0.9100 -0.4084 0.0721
vn 0.0149 -0.9214 0.3884
vn -0.5067 -0.8591 -0.0716
vn 0.4874 -0.8401 0.2381
vn 0.1136 0.9734 0.1988
vn 0.3701 0.7477 0.5514
vn -0.5778 -0.8061 -0.1278
vn 0.3713 -0.7713 -0.5169
vn 0.1003 0.6443 0.7582
vn 0.3992 0.7218 0.5654
vn 0.7075 -0.5845 -0.3972
vn 0.5178 0.4874 0.7030
vn -0.5950 -0.7768 0.2064
vn -0.1525 -0.8788 -0.4522
vn 0.2527 -0.6766 -0.6917
vn -0.5567 -0.3498 -0.7535
vn 0.4893 0.1234 -0.8634
vn -0.4545 -0.0983 -0.8853
vn -0.3197 -0.7171 -0.6193
vn 0.3318 0.8550 0.3986
vn -0.4279 -0.7191 -0.5475
vn 0.0996 -0.9888 0.1111
vn 0.2466 -0.9110 -0.3307
vn 0.0396 0.8841 0.4656
vn -0.0946 0.7088 0.6991
vn 0.8273 -0.0973 0.5533
vn 0.1200 0.9602 0.2520
vn -0.0734 0.9854 0.1534
vn 0.5405 0.7736 0.3308
vn 0.4496 -0.6068 -0.6554
vn -0.1607 0.9256 0.3428
vn 0.4043 0.5830 0.7048
vn -0.2121 -0.7469 -0.6302
vn -0.4771 0.4095 0.7776
vn 0.6984 -0.6158 -0.3649
vn 0.0543 -0.9959 0.0724
vn 0.2159 0.7326 0.6455
vn 0.4645 0.6462 0.6056
vn 0.2011 -0.9370 -0.2856
vn 0.3357 0.9027 0.2691
vn -0.1406 -0.9522 -0.2711
vn 0.3082 -0.7060 -0.6377
vn -0.6030 -0.6591 -0.4494
vn 0.5169 -0.6275 -0.5823
vn -0.5500 0.5939 0.5872
vn -0.0079 -0.8909 -0.4541
vn 0.4008 -0.9096 -0.1094
vn 0.2382 0.8108 0.5347
vn -0.4100 -0.6937 -0.5922
vn -0.0452 -0.7765 -0.6285
vn 0.0294 0.8253 0.5639
vn -0.2618 0.6438 0.7190
vn -0.6955 -0.5716 -0.4355
vn 0.5385 0.7432 0.3970
vn -0.0942 -0.8878 -0.4506
vn -0.0522 0.7449 0.6651
vn 0.6950 -0.6235 0.3581
vn -0.1595 -0.8818 -0.4437
vn -0.0157 -0.8299 -0.5577
vn 0.3495 -0.8241 -0.4457
vn 0.0503 -0.9921 0.1152
vn -0.4099 0.9114 0.0363
vn -0.6313 -0.5552 -0.5415
vn 0.5363 0.6514 0.5367
vn -0.3204 -0.8446 -0.4290
vn 0.5915 0.5743 0.5659
vn 0.0031 -0.7582 -0.6520
vn 0.1330 0.8185 0.5589
vn -0.3397 0.8145 0.4702
vn -0.2081 -0.8201 -0.5330
vn 0.6606 -0.7344 -0.1558
vn 0.7287 0.5284 0.4357
vn 0.1937 -0.7590 -0.6216
vn -0.2625 0.7590 0.5958
vn -0.5606 -0.5745 0.5964
vn -0.7102 0.2827 0.6448
vn -0.2763 -0.8320 -0.4811
vn 0.1333 -0.7170 -0.6842
vn -0.4226 0.9038 0.0677
vn 0.0342 0.7550 0.6549
vn 0.3454 0.7459 0.5695
vn -0.5604 -0.7318 -0.3880
vn -0.3120 0.6894 0.6538
vn 0.2890 -0.6081 -0.7394
vn 0.5779 0.6509 0.4923
vn 0.7255 0.5906 0.3534
vn -0.3947 0.7400 0.5447
vn -0.0780 0.9823 0.1706
vn -0.4038 -0.6935 -0.5966
vn 0.5389 0.7480 0.3873
vn -0.2379 0.6763 0.6971
vn -0.6375 0.7622 0.1124
vn -0.7067 0.6599 0.2552
vn 0.7040 -0.4773 0.5259
vn -0.5506 -0.7087 -0.4411
vn 0.5600 0.5716 0.5998
vn -0.3890 0.5580 0.7330
vn -0.2684 -0.7734 -0.5743
vn 0.5847 0.6984 0.4128
vn 0.2754 -0.9498 -0.1486
vn -0.7594 -0.5389 -0.3644
vn 0.7883 0.5074 0.3481
vn -0.4058 -0.8132 -0.4171
vn 0.3604 0.7424 0.5648
vn 0.4086 -0.6768 -0.6123
vn -0.0161 -0.7079 -0.7062
vn 0.2073 0.8781 0.4313
vn 0.0636 -0.7969 -0.6007
vn 0.5262 -0.7423 -0.4149
vn -0.5938 -0.1299 0.7941
vn -0.2114 -0.8641 -0.4568
vn -0.5564 -0.6307 -0.5409
vn 0.1934 -0.7189 -0.6677
vn 0.0914 -0.6543 -0.7507
vn 0.0667 -0.9965 0.0497
vn 0.2597 -0.8921 -0.3698
vn 0.1308 -0.9662 -0.2221
vn 0.6896 -0.6675 -0.2808
vn 0.6470 0.6074 0.4609
vn 0.6551 0.4666 0.5943
vn 0.1532 0.8827 0.4442
vn 0.1418 0.8956 0.4216
vn -0.6110 0.6550 0.4446
vn -0.3701 0.7049 0.6051
vn -0.4271 -0.6179 -0.6602
vn 0.7383 -0.4194 0.5283
vn 0.5577 0.4926 0.6681
vn 0.1324 0.5548 0.8214
vn 0.4414 0.5958 0.6710
vn -0.2590 -0.9412 -0.2168
vn -0.3793 0.7549 0.5351
vn -0.6397 -0.6080 -0.4703
vn -0.5210 0.7627 0.3832
vn -0.0290 -0.9861 0.1639
vn 0.2683 0.8629 0.4283
vn 0.3718 -0.9027 -0.2165
vn -0.0932 0.7181 0.6897
vn -0.2156 -0.8931 -0.3948
vn 0.3184 0.8304 0.4572
vn -0.4352 -0.6355 -0.6378
vn -0.3343 -0.5951 -0.7308
vn 0.4535 0.6527 0.6070
vn 0.0662 0.5977 0.7990
vn -0.2597 -0.7813 -0.5676
vn 0.4629 -0.8259 -0.3218
vn -0.4217 -0.5931 -0.6858
vn -0.4541 0.6142 0.6454
vn 0.0621 -0.9953 0.0739
vn 0.2795 -0.8341 -0.4755
vn 0.0259 0.9540 0.2985
vn 0.1686 -0.6723 -0.7208
vn 0.0155 -0.9538 -0.3000
vn -0.3269 0.9264 0.1868
vn -0.5543 0.8026 0.2203
vn -0.5081 -0.7111 -0.4860
vn -0.2223 -0.6867 -0.6922
vn -0.3635 0.5982 0.7142
vn -0.0481 0.9596 0.2773
vn 0.6552 0.5740 0.4912
vn 0.2425 -0.6670 -0.7045
vn 0.0221 -0.8196 -0.5725
vn 0.4350 0.5931 0.6776
vn 0.2097 0.7486 0.6290
vn 0.9718 -0.2121 -0.1031
vn 0.1664 0.9037 0.3945
vn -0.0530 -0.7643 -0.6427
vn 0.2008 0.5205 0.8299
vn -0.1493 0.9438 0.2950
vn 0.5199 0.6977 0.4929
vn 0.3232 -0.6270 -0.7089
vn 0.2624 0.6889 0.6757
vn 0.3785 0.5630 0.7347
vn -0.3179 0.7920 0.5212
vn 0.1869 -0.8910 -0.4139
vn 0.2506 -0.7276 -0.6386
vn -0.2828 -0.7099 -0.6450
vn 0.8076 -0.1156 0.5783
vn 0.0926 0.6557 0.7494
vn -0.2977 0.6610 0.6888
vn -0.0112 -0.9972 0.0743
vn -0.3459 -0.8864 -0.3077
vn -0.1501 0.8506 0.5040
vn 0.0937 -0.7865 -0.6105
vn 0.2902 0.6982 0.6545
vn -0.1538 -0.9133 -0.3770
vn 0.0983 -0.8228 -0.5597
vn -0.3036 -0.7208 -0.6231
vn 0.3937 0.8361 0.3821
vn -0.2365 0.8419 0.4851
vn -0.1155 -0.8413 -0.5281
vn -0.2610 0.6736 0.6915
vn -0.3294 0.0046 0.9442
vn 0.3205 -0.8302 -0.4562
vn 0.5173 -0.8554 -0.0260
vn 0.2739 -0.7241 -0.6330
vn 0.2384 -0.8444 -0.4798
vn 0.3129 0.6992 0.6428
vn 0.6981 -0.4573 0.5509
vn -0.3833 0.6558 0.6504
vn 0.0934 -0.9557 -0.2790
vn -0.3651 -0.8051 -0.4676
vn -0.3290 0.6296 0.7039
vn 0.3110 0.7109 0.6307
vn -0.0561 -0.9907 0.1236
vn -0.1358 -0.8963 0.4220
vn 0.3298 -0.8110 -0.4832
vn -0.4271 0.8104 0.4012
vn -0.4504 0.4423 0.7756
vn -0.3177 0.7105 0.6279
vn 0.6015 -0.0353 0.7981
vn -0.3658 -0.1397 0.9201
vn -0.0376 -0.9987 0.0334
vn -0.5176 0.1927 0.8336
vn -0.2837 0.7201 0.6333
vn 0.0425 -0.9966 0.0703
vn 0.1719 0.9058 0.3872
vn 0.1908 -0.8770 -0.4409
vn -0.1716 0.7883 0.5909
vn 0.4960 -0.1815 0.8492
vn 0.2637 0.8349 0.4830
vn 0.1876 -0.8429 -0.5044
vn -0.2888 -0.7879 -0.5439
vn -0.2934 0.8920 0.3438
vn -0.5905 -0.7897 -0.1662
vn -0.1228 -0.8350 -0.5364
vn 0.1280 0.7768 0.6166
vn -0.1270 0.9263 0.3548
vn 0.2506 -0.7599 -0.5998
vn 0.5023 0.7035 0.5028
vn -0.2526 -0.8363 -0.4865
vn -0.2180 -0.7804 -0.5861
vn 0.3825 0.1062 0.9178
vn 0.0617 -0.9796 0.1913
vn -0.6622 0.0875 0.7442
vn -0.2427 0.8568 0.4550
vn -0.0941 -0.7173 -0.6904
vn -0.2447 0.7743 0.5836
vn 0.2981 0.7875 0.5395
vn 0.4505 -0.1816 0.8741
vn 0.2693 0.7805 0.5642
vn -0.1090 0.9294 0.3526
vn -0.8363 0.3000 0.4589
vn 0.0479 -0.9418 -0.3327
vn -0.1615 -0.9183 -0.3615
vn -0.0187 -0.9989 -0.0431
vn 0.0626 -0.9723 -0.2253
vn 0.3675 0.2008 0.9081
vn -0.1341 0.9073 0.3986
vn 0.4315 -0.4553 0.7787
vn -0.6877 -0.4939 0.5322
vn 0.1208 -0.8633 -0.4900
vn 0.1878 -0.9796 -0.0710
vn 0.3341 0.4950 0.8021
vn -0.0406 0.9575 0.2857
vn 0.4483 -0.1173 0.8862
vn 0.1045 -0.7909 -0.6029
vn -0.0111 -0.8920 -0.4519
vn 0.2331 -0.7100 0.6645
vn -0.5299 0.7449 0.4053
vn 0.3859 0.5000 0.7753
vn 0.1165 0.8849 0.4509
vn -0.8201 -0.4773 0.3157
vn -0.2429 0.5774 0.7795
vn -0.0827 0.8105 0.5799
vn 0.2795 -0.8602 0.4266
vn 0.4069 0.5279 0.7455
vn -0.0799 -0.8791 -0.4700
vn -0.0773 -0.8195 -0.5678
vn 0.0211 0.7475 0.6639
vn 0.0072 0.2940 0.9558
vn 0.2054 -0.8180 0.5374
vn 0.3174 -0.8545 0.4112
vn 0.1536 -0.9479 0.2793
vn -0.0765 -0.9213 -0.3811
vn 0.2291 0.7836 0.5775
vn -0.0772 0.8780 0.4723
vn -0.0126 -0.9996 -0.0253
vn 0.4890 -0.4072 0.7714
vn 0.2375 0.5453 0.8039
vn 0.0056 0.9067 0.4217
vn 0.2956 0.0087 0.9553
vn -0.4909 -0.5782 0.6517
vn -0.0114 -0.9988 -0.0478
vn 0.3914 0.0435 0.9192
vn 0.3161 -0.2529 0.9144
vn -0.0011 -0.9624 -0.2716
vn -0.0093 0.8195 0.5730
vn 0.2393 -0.8321 0.5003
vn 0.3834 -0.3670 0.8476
vn 0.0279 -0.9922 0.1212
vn 0.1425 -0.5330 0.8340
vn -0.1425 -0.7240 0.6749
vn -0.1064 -0.7168 0.6891
vn -0.0108 -0.9810 0.1938
vn 0.9295 0.0035 -0.3688
vn -0.2982 -0.2139 0.9302
vn -0.1145 -0.8359 0.5368
vn -0.0226 -0.1723 0.9848
vn 0.0376 -0.9500 0.3101
vn 0.0762 -0.4677 0.8806
vn 0.0240 -0.1032 0.9944
vn 0.0653 -0.2455 0.9672
vn -0.1216 0.2285 0.9659
vn 0.0568 0.1246 0.9906
vn 0.1968 -0.2784 0.9401
vt 0.691961 0.313433
vt 0.704499 0.325994
vt 0.703775 0.327365
vt 0.257420 0.130479
vt 0.268928 0.127884
vt 0.259115 0.130729
vt 0.610438 0.780733
vt 0.616062 0.797059
vt 0.612655 0.794361
vt 0.622569 0.762242
vt 0.609688 0.763675
vt 0.281967 0.127571
vt 0.280980 0.125854
vt 0.267076 0.123718
vt 0.691824 0.294679
vt 0.690832 0.295187
vt 0.690920 0.300563
vt 0.296890 0.126333
vt 0.290939 0.123619
vt 0.614174 0.798152
vt 0.719857 0.323684
vt 0.298291 0.125203
vt 0.688842 0.292700
vt 0.960939 0.803445
vt 0.959526 0.807806
vt 0.960356 0.799795
vt 0.616780 0.805764
vt 0.615264 0.804550
vt 0.615421 0.808118
vt 0.290816 0.136656
vt 0.262031 0.141709
vt 0.306324 0.125655
vt 0.314703 0.128640
vt 0.721525 0.301438
vt 0.614343 0.822677
vt 0.251888 0.104913
vt 0.260812 0.106854
vt 0.300649 0.136205
vt 0.312801 0.122118
vt 0.271473 0.103062
vt 0.313178 0.124748
vt 0.276792 0.159696
vt 0.609688 0.830765
vt 0.704097 0.284353
vt 0.315810 0.125447
vt 0.626845 0.799846
vt 0.317854 0.125991
vt 0.611350 0.828579
vt 0.610988 0.830792
vt 0.304480 0.141461
vt 0.327692 0.120639
vt 0.330004 0.122370
vt 0.946318 0.801816
vt 0.301920 0.148153
vt 0.330101 0.120797
vt 0.064466 0.400429
vt 0.066894 0.400479
vt 0.062761 0.404576
vt 0.946318 0.844547
vt 0.323996 0.138087
vt 0.323787 0.108914
vt 0.709832 0.371226
vt 0.715813 0.373798
vt 0.716457 0.375825
vt 0.711801 0.370086
vt 0.697200 0.283554
vt 0.334930 0.119398
vt 0.721723 0.281182
vt 0.707990 0.372128
vt 0.961463 0.831440
vt 0.956108 0.833897
vt 0.057252 0.410480
vt 0.055287 0.401194
vt 0.712464 0.362790
vt 0.716057 0.366852
vt 0.334923 0.125831
vt 0.703367 0.369768
vt 0.056955 0.412846
vt 0.268961 0.094896
vt 0.716725 0.386000
vt 0.737259 0.285917
vt 0.048776 0.420747
vt 0.040562 0.412184
vt 0.019348 0.401434
vt 0.000231 0.375086
vt 0.647408 0.828117
vt 0.697322 0.368490
vt 0.688842 0.257593
vt 0.736087 0.296001
vt 0.726695 0.305027
vt 0.277737 0.079789
vt 0.699071 0.359442
vt 0.252150 0.083667
vt 0.261919 0.088147
vt 0.299073 0.097937
vt 0.661715 0.376754
vt 0.676299 0.361814
vt 0.704327 0.268644
vt 0.650033 0.767553
vt 0.302526 0.164638
vt 0.689356 0.366886
vt 0.707300 0.355508
vt 0.723393 0.354266
vt 0.269353 0.169455
vt 0.711874 0.268897
vt 0.074852 0.393955
vt 0.086558 0.422977
vt 0.649345 0.813400
vt 0.324055 0.093743
vt 0.040385 0.442917
vt 0.720010 0.346684
vt 0.677447 0.364656
vt 0.037995 0.438638
vt 0.713419 0.401503
vt 0.260108 0.078608
vt 0.651796 0.805674
vt 0.029673 0.420254
vt 0.329626 0.164808
vt 0.667365 0.353688
vt 0.669489 0.364948
vt 0.292727 0.075998
vt 0.708051 0.259213
vt 0.690957 0.338024
vt 0.330116 0.144557
vt 0.546549 0.250338
vt 0.544110 0.238750
vt 0.552944 0.239403
vt 0.562685 0.720192
vt 0.562336 0.733416
vt 0.553540 0.742607
vt 0.295942 0.180876
vt 0.953959 0.215951
vt 0.953959 0.177688
vt 0.962838 0.181769
vt 0.705411 0.251211
vt 0.651085 0.812819
vt 0.145801 0.273721
vt 0.094933 0.256773
vt 0.131574 0.263899
vt 0.714186 0.264826
vt 0.563347 0.739647
vt 0.669960 0.351274
vt 0.713628 0.257304
vt 0.728948 0.271259
vt 0.667944 0.777099
vt 0.566170 0.719261
vt 0.320876 0.080982
vt 0.270173 0.061243
vt 0.014275 0.400970
vt 0.535083 0.236208
vt 0.724658 0.265096
vt 0.726255 0.336065
vt 0.571404 0.707144
vt 0.579956 0.749902
vt 0.657598 0.365482
vt 0.545186 0.227450
vt 0.540171 0.916587
vt 0.555318 0.917394
vt 0.547530 0.925018
vt 0.724585 0.261312
vt 0.101665 0.253312
vt 0.069806 0.442275
vt 0.343263 0.399222
vt 0.351204 0.409856
vt 0.331191 0.409894
vt 0.318519 0.180351
vt 0.656769 0.367257
vt 0.012553 0.415983
vt 0.558446 0.721999
vt 0.547373 0.729006
vt 0.549584 0.710364
vt 0.560537 0.925809
vt 0.571197 0.751938
vt 0.552442 0.948121
vt 0.661658 0.387876
vt 0.565363 0.928336
vt 0.123742 0.246459
vt 0.968711 0.117624
vt 0.977969 0.102838
vt 0.977969 0.136173
vt 0.514729 0.722421
vt 0.550904 0.703745
vt 0.552643 0.708104
vt 0.058346 0.638813
vt 0.054613 0.635646
vt 0.082529 0.650359
vt 0.668464 0.346213
vt 0.530686 0.224332
vt 0.552852 0.705201
vt 0.554476 0.705360
vt 0.554743 0.709593
vt 0.555683 0.703749
vt 0.607964 0.713578
vt 0.207069 0.640783
vt 0.212203 0.648744
vt 0.200290 0.670081
vt 0.298227 0.061243
vt 0.368501 0.398901
vt 0.361929 0.397126
vt 0.359257 0.389776
vt 0.563690 0.924757
vt 0.669491 0.793705
vt 0.562110 0.922882
vt 0.553645 0.703255
vt 0.553998 0.703964
vt 0.564145 0.921007
vt 0.564566 0.923245
vt 0.566059 0.922212
vt 0.794628 0.870138
vt 0.780202 0.882142
vt 0.781673 0.855899
vt 0.534269 0.209759
vt 0.529529 0.229292
vt 0.342064 0.369495
vt 0.570975 0.942972
vt 0.566571 0.925004
vt 0.327452 0.179768
vt 0.054296 0.662983
vt 0.044314 0.648454
vt 0.035670 0.451294
vt 0.658272 0.345224
vt 0.517289 0.232902
vt 0.549913 0.702510
vt 0.567188 0.925098
vt 0.576686 0.760949
vt 0.671236 0.800319
vt 0.796187 0.871796
vt 0.794297 0.880518
vt 0.362274 0.362444
vt 0.703640 0.666743
vt 0.726285 0.669855
vt 0.712041 0.714203
vt 0.019198 0.421042
vt 0.727760 0.711313
vt 0.545757 0.698366
vt 0.602952 0.726079
vt 0.032062 0.451858
vt 0.034635 0.456421
vt 0.715461 0.412645
vt 0.673208 0.412645
vt 0.774936 0.873945
vt 0.734667 0.262481
vt 0.525431 0.218207
vt 0.546583 0.951433
vt 0.571834 0.923663
vt 0.549336 0.778524
vt 0.693337 0.687314
vt 0.690340 0.684497
vt 0.691566 0.682932
vt 0.214749 0.650380
vt 0.552944 0.190891
vt 0.732502 0.257196
vt 0.538581 0.697238
vt 0.804068 0.898413
vt 0.808012 0.866040
vt 0.566446 0.962838
vt 0.523882 0.691404
vt 0.511768 0.225780
vt 0.041457 0.461288
vt 0.390914 0.378843
vt 0.580454 0.922153
vt 0.693430 0.676739
vt 0.058906 0.266837
vt 0.071044 0.272179
vt 0.445654 0.229204
vt 0.444853 0.221302
vt 0.449030 0.236173
vt 0.825290 0.863559
vt 0.024114 0.454466
vt 0.691228 0.673561
vt 0.694619 0.672703
vt 0.310935 0.489672
vt 0.310935 0.459216
vt 0.320488 0.479759
vt 0.729099 0.793537
vt 0.730118 0.773898
vt 0.757657 0.771626
vt 0.083783 0.235826
vt 0.092137 0.222628
vt 0.103263 0.224587
vt 0.454688 0.234089
vt 0.790648 0.894257
vt 0.703144 0.679269
vt 0.580454 0.948622
vt 0.046580 0.609664
vt 0.020689 0.618844
vt 0.084672 0.223050
vt 0.443641 0.223858
vt 0.533173 0.688951
vt 0.534830 0.665611
vt 0.532173 0.689873
vt 0.038325 0.595834
vt 0.032736 0.589352
vt 0.037764 0.582715
vt 0.592906 0.757825
vt 0.191833 0.661529
vt 0.195132 0.687043
vt 0.770363 0.880417
vt 0.550247 0.187574
vt 0.741386 0.742761
vt 0.726443 0.730134
vt 0.739663 0.729247
vt 0.509157 0.220723
vt 0.076595 0.249145
vt 0.467930 0.227592
vt 0.179315 0.705775
vt 0.192207 0.705037
vt 0.177002 0.718002
vt 0.672746 0.682206
vt 0.502599 0.729006
vt 0.379752 0.404413
vt 0.023068 0.632370
vt 0.523764 0.686334
vt 0.526093 0.688178
vt 0.825290 0.895521
vt 0.788230 0.899744
vt 0.716800 0.718175
vt 0.518758 0.213284
vt 0.585156 0.764989
vt 0.689964 0.663659
vt 0.219318 0.666991
vt 0.529203 0.183454
vt 0.525263 0.195924
vt 0.523753 0.208772
vt 0.088031 0.463801
vt 0.058127 0.471791
vt 0.510913 0.215892
vt 0.788912 0.910555
vt 0.020573 0.452180
vt 0.381659 0.364874
vt 0.368081 0.346365
vt 0.515269 0.206066
vt 0.044501 0.266740
vt 0.513784 0.209452
vt 0.512141 0.211124
vt 0.024668 0.597659
vt 0.737192 0.767317
vt 0.361928 0.328228
vt 0.369103 0.334422
vt 0.040256 0.273721
vt 0.109164 0.876411
vt 0.107777 0.884712
vt 0.104769 0.882499
vt 0.020482 0.582137
vt 0.086372 0.216258
vt 0.691838 0.662143
vt 0.386134 0.407589
vt 0.104769 0.838987
vt 0.134759 0.898191
vt 0.507685 0.207920
vt 0.775035 0.910551
vt 0.627651 0.871820
vt 0.645934 0.872799
vt 0.657403 0.877558
vt 0.539207 0.184164
vt 0.750255 0.757673
vt 0.729099 0.758748
vt 0.740848 0.745397
vt 0.787543 0.911945
vt 0.671746 0.676139
vt 0.205941 0.684377
vt 0.691113 0.645714
vt 0.771526 0.887737
vt 0.654920 0.689786
vt 0.618341 0.865120
vt 0.054831 0.251376
vt 0.654868 0.025044
vt 0.678514 0.037513
vt 0.652092 0.029916
vt 0.460895 0.197183
vt 0.519806 0.197835
vt 0.134211 0.871965
vt 0.776763 0.774796
vt 0.795029 0.793654
vt 0.028108 0.660770
vt 0.607964 0.769917
vt 0.547987 0.162070
vt 0.540570 0.169693
vt 0.631081 0.864057
vt 0.523061 0.196094
vt 0.520415 0.190312
vt 0.657705 0.006679
vt 0.337534 0.143436
vt 0.355474 0.142422
vt 0.361963 0.180124
vt 0.855417 0.197965
vt 0.856246 0.199767
vt 0.847857 0.195118
vt 0.763001 0.000591
vt 0.756349 0.009961
vt 0.736893 0.000200
vt 0.000231 0.433321
vt 0.690951 0.691771
vt 0.140900 0.858462
vt 0.011037 0.662440
vt 0.014334 0.643130
vt 0.204684 0.696502
vt 0.666171 0.865148
vt 0.718921 0.731527
vt 0.014889 0.624428
vt 0.384863 0.342820
vt 0.727148 0.014549
vt 0.730554 0.013278
vt 0.730007 0.014550
vt 0.730896 0.014038
vt 0.713812 0.728289
vt 0.511132 0.186762
vt 0.538055 0.652732
vt 0.517570 0.673434
vt 0.228125 0.348248
vt 0.231432 0.337621
vt 0.247987 0.371513
vt 0.681833 0.009527
vt 0.683557 0.027813
vt 0.196681 0.706458
vt 0.079778 0.065215
vt 0.077454 0.067399
vt 0.077454 0.064227
vt 0.732127 0.014286
vt 0.731552 0.016276
vt 0.221522 0.670352
vt 0.393051 0.365835
vt 0.396430 0.348697
vt 0.011037 0.591742
vt 0.661839 0.044479
vt 0.449505 0.195564
vt 0.735083 0.005922
vt 0.738845 0.010149
vt 0.750580 0.014495
vt 0.013250 0.472530
vt 0.020518 0.467049
vt 0.012867 0.475917
vt 0.983470 0.076984
vt 0.983470 0.105912
vt 0.970860 0.087848
vt 0.639849 0.858055
vt 0.710104 0.721729
vt 0.533116 0.416170
vt 0.544798 0.402423
vt 0.541341 0.418145
vt 0.522024 0.180482
vt 0.015362 0.608193
vt 0.252606 0.353549
vt 0.251435 0.356290
vt 0.768665 0.760490
vt 0.827876 0.196169
vt 0.859677 0.220077
vt 0.192831 0.710675
vt 0.016221 0.465317
vt 0.734832 0.012975
vt 0.738268 0.016432
vt 0.971832 0.071912
vt 0.535708 0.397317
vt 0.698961 0.711712
vt 0.517467 0.185066
vt 0.211592 0.367260
vt 0.221705 0.372436
vt 0.213971 0.373714
vt 0.399933 0.310728
vt 0.301231 0.210449
vt 0.287502 0.210449
vt 0.290000 0.190128
vt 0.814675 0.903905
vt 0.008296 0.111767
vt 0.012379 0.117888
vt 0.008296 0.123793
vt 0.845275 0.177129
vt 0.010362 0.472550
vt 0.013501 0.466812
vt 0.020770 0.473096
vt 0.729999 0.009457
vt 0.010278 0.462229
vt 0.207771 0.696055
vt 0.318917 0.534196
vt 0.325707 0.530650
vt 0.324557 0.543628
vt 0.021367 0.264331
vt 0.011084 0.582274
vt 0.385329 0.156076
vt 0.857464 0.186375
vt 0.728618 0.004398
vt 0.731006 0.008666
vt 0.014094 0.465046
vt 0.733760 0.023127
vt 0.623835 0.849686
vt 0.547314 0.077839
vt 0.536938 0.068908
vt 0.542176 0.069648
vt 0.013941 0.626277
vt 0.698746 0.021517
vt 0.245201 0.371036
vt 0.364957 0.140750
vt 0.423096 0.383760
vt 0.425638 0.373602
vt 0.435730 0.374914
vt 0.017317 0.460589
vt 0.202529 0.712592
vt 0.840488 0.583783
vt 0.847298 0.582753
vt 0.839449 0.585430
vt 0.756586 0.029094
vt 0.208602 0.378788
vt 0.533461 0.081682
vt 0.236744 0.376192
vt 0.140542 0.888567
vt 0.145444 0.880406
vt 0.119100 0.897501
vt 0.769203 0.745097
vt 0.021981 0.470091
vt 0.022180 0.460582
vt 0.764769 0.008469
vt 0.760994 0.017703
vt 0.072828 0.039523
vt 0.074276 0.054955
vt 0.058935 0.056620
vt 0.329503 0.541036
vt 0.317577 0.513575
vt 0.310626 0.514577
vt 0.475244 0.232163
vt 0.503698 0.231126
vt 0.508929 0.256528
vt 0.516595 0.383264
vt 0.529080 0.387695
vt 0.011347 0.618699
vt 0.669788 0.858281
vt 0.675362 0.865731
vt 0.393886 0.333363
vt 0.209338 0.386511
vt 0.526242 0.072704
vt 0.531230 0.071895
vt 0.422227 0.369043
vt 0.423024 0.366128
vt 0.421668 0.371610
vt 0.727747 0.008152
vt 0.022829 0.463719
vt 0.022815 0.466275
vt 0.023338 0.468751
vt 0.013566 0.457664
vt 0.017028 0.459417
vt 0.024212 0.464403
vt 0.024625 0.467169
vt 0.836733 0.590778
vt 0.537332 0.394944
vt 0.527399 0.383780
vt 0.697155 0.714914
vt 0.690632 0.714072
vt 0.556719 0.405111
vt 0.563061 0.419522
vt 0.488971 0.909813
vt 0.501506 0.893607
vt 0.509000 0.915449
vt 0.686622 0.035113
vt 0.758215 0.723343
vt 0.830668 0.183782
vt 0.829256 0.189250
vt 0.075839 0.238348
vt 0.077027 0.240753
vt 0.074216 0.241530
vt 0.019118 0.458477
vt 0.076579 0.243199
vt 0.839466 0.581737
vt 0.488807 0.212122
vt 0.474076 0.205586
vt 0.846497 0.592871
vt 0.213235 0.713807
vt 0.210829 0.709453
vt 0.211509 0.699277
vt 0.398565 0.368615
vt 0.654512 0.846568
vt 0.698315 0.724690
vt 0.230182 0.384703
vt 0.687490 0.037721
vt 0.838266 0.212619
vt 0.688226 0.633902
vt 0.840427 0.579905
vt 0.838365 0.581045
vt 0.852894 0.172037
vt 0.532312 0.125125
vt 0.532312 0.154054
vt 0.520132 0.134566
vt 0.229220 0.008120
vt 0.230391 0.005143
vt 0.232571 0.005232
vt 0.072432 0.240364
vt 0.230045 0.012360
vt 0.227086 0.007544
vt 0.072432 0.246212
vt 0.077013 0.244715
vt 0.019658 0.456721
vt 0.759316 0.022080
vt 0.224472 0.690031
vt 0.633383 0.831524
vt 0.756942 0.041403
vt 0.408803 0.393369
vt 0.153607 0.857284
vt 0.156805 0.887314
vt 0.376195 0.430104
vt 0.376195 0.462802
vt 0.339715 0.435517
vt 0.367099 0.476941
vt 0.372319 0.492584
vt 0.352188 0.484167
vt 0.779777 0.736809
vt 0.411836 0.181313
vt 0.383239 0.184878
vt 0.481419 0.163553
vt 0.466372 0.177437
vt 0.470580 0.163633
vt 0.653262 0.639390
vt 0.002751 0.012776
vt 0.000862 0.016506
vt 0.000862 0.012635
vt 0.236583 0.013755
vt 0.234611 0.010674
vt 0.236022 0.009955
vt 0.837258 0.586042
vt 0.654728 0.670196
vt 0.764769 0.032840
vt 0.644001 0.692756
vt 0.550004 0.400690
vt 0.355325 0.093887
vt 0.341453 0.092769
vt 0.352188 0.086681
vt 0.409206 0.409894
vt 0.363824 0.130949
vt 0.383219 0.144746
vt 0.387751 0.189705
vt 0.030261 0.458576
vt 0.025252 0.462230
vt 0.230362 0.002507
vt 0.422357 0.358705
vt 0.424501 0.362085
vt 0.421102 0.359453
vt 0.421688 0.360891
vt 0.229423 0.003222
vt 0.225700 0.002877
vt 0.836480 0.583065
vt 0.010846 0.457067
vt 0.010691 0.455496
vt 0.836273 0.585024
vt 0.334353 0.532996
vt 0.354353 0.551126
vt 0.355381 0.096404
vt 0.266989 0.823041
vt 0.264179 0.814388
vt 0.281367 0.818753
vt 0.675362 0.816004
vt 0.234309 0.003381
vt 0.234308 0.004520
vt 0.236583 0.006482
vt 0.235354 0.008649
vt 0.422165 0.362631
vt 0.844109 0.167775
vt 0.236010 0.002634
vt 0.228785 0.001278
vt 0.226363 0.001758
vt 0.014678 0.454513
vt 0.833052 0.587322
vt 0.843815 0.613065
vt 0.739170 0.042809
vt 0.548694 0.388699
vt 0.566337 0.399633
vt 0.361950 0.106154
vt 0.352257 0.119327
vt 0.336516 0.108079
vt 0.356935 0.075667
vt 0.342940 0.069962
vt 0.363252 0.058508
vt 0.350345 0.138256
vt 0.247758 0.382619
vt 0.466372 0.160550
vt 0.438779 0.358705
vt 0.425527 0.363140
vt 0.367401 0.099385
vt 0.370497 0.101306
vt 0.361437 0.100940
vt 0.235549 0.004291
vt 0.020942 0.454513
vt 0.329858 0.523653
vt 0.223436 0.697734
vt 0.637528 0.695995
vt 0.362169 0.727481
vt 0.349546 0.722975
vt 0.368630 0.706638
vt 0.510808 0.900198
vt 0.676289 0.057176
vt 0.695090 0.044584
vt 0.364114 0.097114
vt 0.369927 0.098147
vt 0.364659 0.092873
vt 0.496773 0.217046
vt 0.211175 0.321131
vt 0.225577 0.302757
vt 0.223985 0.324233
vt 0.226549 0.694368
vt 0.563939 0.374994
vt 0.690632 0.736432
vt 0.661687 0.827287
vt 0.364503 0.037912
vt 0.510877 0.076705
vt 0.249322 0.381377
vt 0.190057 0.216024
vt 0.174744 0.220554
vt 0.183485 0.217567
vt 0.330045 0.510443
vt 0.744186 0.045713
vt 0.367706 0.537929
vt 0.361213 0.552944
vt 0.547050 0.364226
vt 0.262507 0.372623
vt 0.791344 0.751437
vt 0.512509 0.939771
vt 0.500545 0.933177
vt 0.436976 0.182915
vt 0.375098 0.095295
vt 0.642646 0.667614
vt 0.231146 0.702353
vt 0.273821 0.302633
vt 0.271696 0.320992
vt 0.259730 0.309767
vt 0.414021 0.192288
vt 0.353838 0.336414
vt 0.347733 0.331431
vt 0.352765 0.329566
vt 0.366973 0.110039
vt 0.374628 0.102268
vt 0.376103 0.107807
vt 0.366259 0.108233
vt 0.376907 0.089024
vt 0.821297 0.594510
vt 0.074276 0.071525
vt 0.513596 0.561005
vt 0.555151 0.573872
vt 0.532707 0.578331
vt 0.327546 0.490041
vt 0.384345 0.208630
vt 0.371638 0.203945
vt 0.377109 0.097618
vt 0.273039 0.837106
vt 0.758250 0.072901
vt 0.655745 0.829848
vt 0.264361 0.342831
vt 0.266354 0.841609
vt 0.336733 0.143050
vt 0.520206 0.925543
vt 0.255080 0.834794
vt 0.245892 0.833616
vt 0.548716 0.547062
vt 0.332493 0.461134
vt 0.379592 0.092459
vt 0.242028 0.314527
vt 0.232700 0.324873
vt 0.538642 0.032803
vt 0.547815 0.039372
vt 0.354811 0.711360
vt 0.373982 0.552531
vt 0.213692 0.328040
vt 0.187843 0.324928
vt 0.295729 0.296042
vt 0.519669 0.372953
vt 0.695728 0.054575
vt 0.409346 0.151490
vt 0.403939 0.198736
vt 0.342604 0.330766
vt 0.203407 0.232433
vt 0.175647 0.229748
vt 0.745512 0.176062
vt 0.732007 0.175201
vt 0.745512 0.142453
vt 0.352315 0.328007
vt 0.330015 0.317227
vt 0.361479 0.311878
vt 0.381874 0.101867
vt 0.378688 0.095011
vt 0.859677 0.158506
vt 0.831366 0.622932
vt 0.335422 0.098112
vt 0.847298 0.615204
vt 0.841338 0.622075
vt 0.760822 0.059671
vt 0.367087 0.743500
vt 0.355617 0.748671
vt 0.355398 0.304067
vt 0.508929 0.189156
vt 0.381281 0.093830
vt 0.381452 0.097289
vt 0.380949 0.099573
vt 0.379522 0.089388
vt 0.237769 0.329798
vt 0.257071 0.343391
vt 0.843081 0.643726
vt 0.515973 0.356623
vt 0.544539 0.354173
vt 0.367659 0.745017
vt 0.361932 0.751245
vt 0.500552 0.088031
vt 0.503691 0.081084
vt 0.714520 0.149015
vt 0.726985 0.173878
vt 0.239726 0.110170
vt 0.244836 0.109691
vt 0.240028 0.111084
vt 0.242761 0.106285
vt 0.243679 0.111806
vt 0.380819 0.090880
vt 0.382371 0.091507
vt 0.381677 0.087443
vt 0.348687 0.517226
vt 0.332585 0.507232
vt 0.839568 0.629593
vt 0.333239 0.443222
vt 0.336209 0.410697
vt 0.383760 0.108388
vt 0.382610 0.088682
vt 0.383760 0.086444
vt 0.637528 0.661962
vt 0.382178 0.085290
vt 0.365879 0.289921
vt 0.361578 0.286034
vt 0.298161 0.843081
vt 0.297209 0.817718
vt 0.303982 0.812444
vt 0.515212 0.236226
vt 0.523953 0.250448
vt 0.512339 0.252564
vt 0.329027 0.093799
vt 0.351370 0.715656
vt 0.832679 0.627228
vt 0.353022 0.518350
vt 0.344675 0.742692
vt 0.537814 0.893635
vt 0.537814 0.932315
vt 0.327888 0.440547
vt 0.364051 0.499098
vt 0.345029 0.491875
vt 0.334473 0.330995
vt 0.239307 0.107004
vt 0.075088 0.072901
vt 0.077171 0.069957
vt 0.077244 0.072138
vt 0.239307 0.111789
vt 0.079778 0.067504
vt 0.079778 0.072619
vt 0.243710 0.114165
vt 0.785462 0.443349
vt 0.788194 0.442296
vt 0.782519 0.473689
vt 0.524944 0.261766
vt 0.240305 0.331348
vt 0.244675 0.304593
vt 0.323448 0.080453
vt 0.295729 0.349373
vt 0.273248 0.341170
vt 0.372785 0.111453
vt 0.402022 0.134602
vt 0.256434 0.385543
vt 0.647503 0.146815
vt 0.643324 0.116643
vt 0.649659 0.135885
vt 0.482678 0.165092
vt 0.378712 0.083907
vt 0.524462 0.053629
vt 0.516174 0.059046
vt 0.556387 0.553723
vt 0.262096 0.386511
vt 0.193976 0.211625
vt 0.719249 0.165327
vt 0.338464 0.298141
vt 0.521191 0.240157
vt 0.787461 0.472482
vt 0.509543 0.276303
vt 0.220063 0.333100
vt 0.502048 0.272342
vt 0.515973 0.334609
vt 0.548166 0.331869
vt 0.524664 0.938544
vt 0.361914 0.755076
vt 0.264168 0.385527
vt 0.340193 0.503427
vt 0.396790 0.211137
vt 0.329617 0.329646
vt 0.787271 0.479137
vt 0.796586 0.471078
vt 0.328010 0.107144
vt 0.239334 0.718002
vt 0.649422 0.823311
vt 0.617209 0.685702
vt 0.649703 0.707826
vt 0.623581 0.715581
vt 0.492497 0.086017
vt 0.174402 0.209649
vt 0.348646 0.286917
vt 0.787394 0.439755
vt 0.597527 0.110974
vt 0.616017 0.112659
vt 0.607941 0.116747
vt 0.596173 0.092031
vt 0.782519 0.436459
vt 0.786429 0.423446
vt 0.784271 0.419808
vt 0.502457 0.294753
vt 0.496732 0.276768
vt 0.491886 0.293716
vt 0.553903 0.338972
vt 0.358123 0.755958
vt 0.499614 0.063487
vt 0.335988 0.350060
vt 0.365879 0.350779
vt 0.794719 0.467932
vt 0.264781 0.048443
vt 0.242350 0.059073
vt 0.258092 0.020726
vt 0.354679 0.752384
vt 0.698746 0.058703
vt 0.665238 0.085280
vt 0.528527 0.937045
vt 0.525515 0.944445
vt 0.520408 0.944957
vt 0.319817 0.471541
vt 0.648695 0.158438
vt 0.654140 0.159882
vt 0.652204 0.161210
vt 0.798890 0.440181
vt 0.397886 0.524663
vt 0.251993 0.853960
vt 0.363638 0.757216
vt 0.365150 0.770093
vt 0.362298 0.761588
vt 0.536427 0.596960
vt 0.321633 0.450838
vt 0.327751 0.494047
vt 0.894934 0.019731
vt 0.896985 0.018806
vt 0.902611 0.020904
vt 0.653582 0.133421
vt 0.655293 0.148903
vt 0.308677 0.336489
vt 0.535844 0.240101
vt 0.610837 0.131696
vt 0.603070 0.131594
vt 0.296410 0.355517
vt 0.283141 0.384837
vt 0.398890 0.552944
vt 0.574952 0.349121
vt 0.896145 0.015896
vt 0.643324 0.170574
vt 0.651375 0.173311
vt 0.308421 0.065785
vt 0.308421 0.048438
vt 0.320143 0.742458
vt 0.371746 0.503678
vt 0.550120 0.538068
vt 0.555096 0.540703
vt 0.314695 0.462227
vt 0.721449 0.137216
vt 0.805657 0.468157
vt 0.805408 0.452296
vt 0.621042 0.731092
vt 0.625322 0.730308
vt 0.626992 0.734763
vt 0.635584 0.737293
vt 0.356463 0.760158
vt 0.411320 0.147946
vt 0.644928 0.112480
vt 0.648234 0.118133
vt 0.908401 0.033387
vt 0.870193 0.250764
vt 0.884696 0.256007
vt 0.868889 0.265215
vt 0.657276 0.137010
vt 0.217545 0.210307
vt 0.242540 0.343325
vt 0.525567 0.273691
vt 0.602581 0.139882
vt 0.596173 0.147676
vt 0.257266 0.059522
vt 0.693544 0.067576
vt 0.685901 0.078390
vt 0.359550 0.761106
vt 0.229018 0.416407
vt 0.188339 0.414683
vt 0.185042 0.406330
vt 0.197445 0.395394
vt 0.966094 0.862340
vt 0.950974 0.846470
vt 0.959140 0.844281
vt 0.641121 0.536172
vt 0.643866 0.523703
vt 0.654730 0.523884
vt 0.651123 0.617728
vt 0.802814 0.466432
vt 0.515687 0.041162
vt 0.510016 0.049613
vt 0.336038 0.703566
vt 0.367772 0.498329
vt 0.396402 0.514196
vt 0.353677 0.763559
vt 0.563656 0.548854
vt 0.968340 0.846097
vt 0.902025 0.012082
vt 0.652797 0.169431
vt 0.791381 0.485546
vt 0.249454 0.082158
vt 0.264781 0.069533
vt 0.262441 0.073377
vt 0.521972 0.025818
vt 0.279175 0.854755
vt 0.513792 0.300725
vt 0.501036 0.304180
vt 0.239435 0.000702
vt 0.248962 0.006764
vt 0.239435 0.011004
vt 0.558964 0.527732
vt 0.213778 0.429960
vt 0.313806 0.450777
vt 0.882155 0.274602
vt 0.873019 0.290230
vt 0.176473 0.493235
vt 0.183029 0.493159
vt 0.182121 0.505992
vt 0.924284 0.045946
vt 0.920488 0.036580
vt 0.922899 0.040200
vt 0.912843 0.027344
vt 0.060521 0.004126
vt 0.059715 0.002430
vt 0.060521 0.000732
vt 0.661461 0.140290
vt 0.547631 0.061339
vt 0.555100 0.059602
vt 0.557611 0.068012
vt 0.663874 0.159964
vt 0.554779 0.052809
vt 0.555115 0.050617
vt 0.544835 0.050142
vt 0.609118 0.133891
vt 0.240367 0.065154
vt 0.803056 0.417293
vt 0.788290 0.416908
vt 0.361758 0.767371
vt 0.358589 0.764346
vt 0.357126 0.764308
vt 0.004811 0.662501
vt 0.007536 0.665106
vt 0.005288 0.667819
vt 0.410380 0.129455
vt 0.952694 0.857023
vt 0.946417 0.855577
vt 0.141192 0.480006
vt 0.576004 0.555884
vt 0.957238 0.864461
vt 0.660790 0.115172
vt 0.560232 0.064494
vt 0.313137 0.326053
vt 0.655992 0.041681
vt 0.657481 0.081154
vt 0.652194 0.044935
vt 0.414960 0.161492
vt 0.420898 0.173525
vt 0.413537 0.170121
vt 0.401914 0.111736
vt 0.082529 0.604253
vt 0.082529 0.629971
vt 0.070995 0.627434
vt 0.638861 0.561197
vt 0.619289 0.539420
vt 0.000503 0.670917
vt 0.002339 0.675580
vt 0.932578 0.042499
vt 0.930959 0.059146
vt 0.594209 0.594858
vt 0.910485 0.018261
vt 0.657385 0.123345
vt 0.313964 0.323653
vt 0.804154 0.465232
vt 0.613520 0.138113
vt 0.269186 0.851930
vt 0.286439 0.380263
vt 0.310400 0.718546
vt 0.412494 0.174686
vt 0.937019 0.855265
vt 0.935719 0.867318
vt 0.016156 0.666507
vt 0.011073 0.667293
vt 0.680864 0.708086
vt 0.673281 0.725620
vt 0.643680 0.741309
vt 0.660816 0.737054
vt 0.005646 0.673850
vt 0.644125 0.093495
vt 0.183476 0.397653
vt 0.957239 0.867500
vt 0.648244 0.518454
vt 0.661691 0.133661
vt 0.559889 0.055735
vt 0.179851 0.167042
vt 0.223325 0.204070
vt 0.539189 0.274032
vt 0.808382 0.443718
vt 0.621413 0.126828
vt 0.612664 0.174686
vt 0.602632 0.166574
vt 0.013643 0.668512
vt 0.253089 0.940613
vt 0.242222 0.955961
vt 0.242222 0.910683
vt 0.008242 0.671456
vt 0.177389 0.437404
vt 0.926193 0.032560
vt 0.208193 0.490379
vt 0.213223 0.501092
vt 0.666884 0.139298
vt 0.614092 0.134601
vt 0.526685 0.277630
vt 0.621499 0.115548
vt 0.622757 0.102623
vt 0.363313 0.771595
vt 0.622864 0.748518
vt 0.018570 0.670711
vt 0.898191 0.123425
vt 0.884495 0.139393
vt 0.881383 0.141035
vt 0.629887 0.528339
vt 0.007691 0.673196
vt 0.591305 0.558097
vt 0.308036 0.316796
vt 0.813474 0.454565
vt 0.813383 0.450944
vt 0.293926 0.365548
vt 0.503427 0.161252
vt 0.503427 0.181564
vt 0.501695 0.173718
vt 0.246377 0.105592
vt 0.251869 0.107283
vt 0.256583 0.152679
vt 0.021180 0.670083
vt 0.015349 0.677570
vt 0.011877 0.673511
vt 0.606588 0.839490
vt 0.597591 0.848447
vt 0.594648 0.837343
vt 0.009333 0.678289
vt 0.606565 0.883060
vt 0.575463 0.860079
vt 0.585736 0.548844
vt 0.962652 0.867402
vt 0.662859 0.121498
vt 0.568936 0.067295
vt 0.562032 0.053722
vt 0.814187 0.473321
vt 0.247857 0.091489
vt 0.368630 0.775773
vt 0.890878 0.135687
vt 0.887139 0.139930
vt 0.008540 0.683997
vt 0.654057 0.753157
vt 0.574756 0.845648
vt 0.862076 0.123892
vt 0.847812 0.148762
vt 0.853483 0.122843
vt 0.893929 0.262810
vt 0.640032 0.516944
vt 0.178546 0.395438
vt 0.179208 0.392104
vt 0.193466 0.525435
vt 0.022008 0.366769
vt 0.022008 0.393388
vt 0.014163 0.384262
vt 0.232854 0.053112
vt 0.414021 0.113424
vt 0.013067 0.680163
vt 0.656512 0.750347
vt 0.179491 0.409929
vt 0.583443 0.553791
vt 0.936704 0.090228
vt 0.930528 0.111378
vt 0.921331 0.119733
vt 0.722529 0.305678
vt 0.744011 0.307394
vt 0.738322 0.335731
vt 0.289142 0.852933
vt 0.616612 0.137245
vt 0.412494 0.153745
vt 0.017305 0.677414
vt 0.419522 0.758156
vt 0.413079 0.771579
vt 0.408266 0.737606
vt 0.886639 0.141567
vt 0.010661 0.685179
vt 0.606300 0.823982
vt 0.653123 0.495344
vt 0.955378 0.873973
vt 0.674982 0.127728
vt 0.576742 0.050514
vt 0.569651 0.054213
vt 0.304546 0.325999
vt 0.620921 0.131481
vt 0.240303 0.084423
vt 0.640975 0.112427
vt 0.626114 0.105380
vt 0.030261 0.662501
vt 0.022521 0.678558
vt 0.880718 0.146235
vt 0.572980 0.851426
vt 0.681505 0.512623
vt 0.658794 0.483891
vt 0.687742 0.467178
vt 0.572201 0.092338
vt 0.558864 0.105549
vt 0.562400 0.089515
vt 0.570207 0.102696
vt 0.303982 0.858869
vt 0.815662 0.443662
vt 0.046750 0.833902
vt 0.057770 0.870166
vt 0.041341 0.867307
vt 0.899566 0.308108
vt 0.400654 0.748885
vt 0.671423 0.740710
vt 0.924432 0.011462
vt 0.956109 0.878037
vt 0.965815 0.868514
vt 0.210904 0.480006
vt 0.175576 0.429597
vt 0.304440 0.272552
vt 0.238161 0.072850
vt 0.624104 0.159984
vt 0.528591 0.296187
vt 0.883685 0.145772
vt 0.931769 0.016380
vt 0.173055 0.406799
vt 0.586600 0.552125
vt 0.573976 0.044660
vt 0.564557 0.037441
vt 0.936704 0.138924
vt 0.216091 0.208693
vt 0.639859 0.145551
vt 0.624901 0.146902
vt 0.868363 0.308108
vt 0.022857 0.684876
vt 0.931119 0.032165
vt 0.671122 0.749028
vt 0.727473 0.947376
vt 0.734304 0.927623
vt 0.740349 0.928734
vt 0.682240 0.136497
vt 0.575902 0.039247
vt 0.705267 0.146880
vt 0.299049 0.301230
vt 0.333566 0.269866
vt 0.651066 0.030807
vt 0.751151 0.327656
vt 0.638570 0.119447
vt 0.009212 0.690768
vt 0.881808 0.157325
vt 0.888515 0.153376
vt 0.398492 0.755376
vt 0.859822 0.154966
vt 0.659380 0.757752
vt 0.173381 0.416794
vt 0.752389 0.937687
vt 0.576657 0.060842
vt 0.206588 0.895708
vt 0.229285 0.887027
vt 0.235403 0.898191
vt 0.214886 0.061466
vt 0.890499 0.948748
vt 0.898057 0.965527
vt 0.895467 0.972892
vt 0.594213 0.529144
vt 0.012500 0.700121
vt 0.950915 0.880136
vt 0.898110 0.655970
vt 0.910450 0.660823
vt 0.907340 0.672905
vt 0.638857 0.509618
vt 0.680279 0.148223
vt 0.681715 0.153617
vt 0.675505 0.154384
vt 0.675437 0.145802
vt 0.685956 0.133903
vt 0.723658 0.934649
vt 0.583192 0.883060
vt 0.570202 0.878543
vt 0.313610 0.373357
vt 0.813957 0.417347
vt 0.536703 0.851358
vt 0.528959 0.825884
vt 0.542459 0.824289
vt 0.563715 0.511412
vt 0.653247 0.756935
vt 0.645851 0.759267
vt 0.686881 0.517655
vt 0.672004 0.524304
vt 0.195176 0.003869
vt 0.202196 0.010516
vt 0.195176 0.016506
vt 0.757891 0.401654
vt 0.749459 0.397649
vt 0.753332 0.386602
vt 0.215726 0.169025
vt 0.220050 0.076329
vt 0.755767 0.336442
vt 0.728262 0.343891
vt 0.367770 0.832332
vt 0.397918 0.856513
vt 0.367846 0.853051
vt 0.030154 0.687941
vt 0.894897 0.670578
vt 0.863641 0.166244
vt 0.170134 0.408337
vt 0.911562 0.656095
vt 0.923981 0.661594
vt 0.677736 0.157070
vt 0.669642 0.112994
vt 0.668541 0.092755
vt 0.700592 0.104404
vt 0.393234 0.735442
vt 0.582016 0.054856
vt 0.687732 0.524891
vt 0.225314 0.488169
vt 0.231081 0.511258
vt 0.291071 0.333071
vt 0.544637 0.095731
vt 0.555695 0.002865
vt 0.567939 0.113819
vt 0.498771 0.015369
vt 0.911945 0.983471
vt 0.902041 0.969497
vt 0.911945 0.952967
vt 0.554320 0.861053
vt 0.377778 0.863418
vt 0.377070 0.865402
vt 0.368565 0.872597
vt 0.673333 0.162355
vt 0.672578 0.160224
vt 0.622745 0.508470
vt 0.679057 0.158832
vt 0.677373 0.161448
vt 0.911750 0.666898
vt 0.638713 0.489622
vt 0.165583 0.418745
vt 0.589962 0.061572
vt 0.678064 0.127036
vt 0.699966 0.114610
vt 0.737928 0.946491
vt 0.669936 0.512380
vt 0.663588 0.500585
vt 0.886041 0.569450
vt 0.886041 0.514342
vt 0.900942 0.521786
vt 0.212776 0.892494
vt 0.227804 0.102423
vt 0.121043 0.506573
vt 0.120948 0.536439
vt 0.093799 0.536439
vt 0.967611 0.088031
vt 0.967611 0.052203
vt 0.973842 0.054982
vt 0.407006 0.785132
vt 0.387998 0.761153
vt 0.375790 0.876304
vt 0.586531 0.071601
vt 0.679643 0.163417
vt 0.680969 0.157009
vt 0.874675 0.168743
vt 0.922196 0.666309
vt 0.729558 0.044958
vt 0.720337 0.047309
vt 0.731757 0.026778
vt 0.220590 0.868573
vt 0.240710 0.884528
vt 0.619487 0.759267
vt 0.019460 0.839735
vt 0.376862 0.869143
vt 0.522867 0.828609
vt 0.524537 0.825751
vt 0.968340 0.888562
vt 0.680734 0.160343
vt 0.923517 0.670819
vt 0.922053 0.668078
vt 0.697571 0.121632
vt 0.565639 0.833309
vt 0.582690 0.039659
vt 0.736379 0.400156
vt 0.738168 0.388381
vt 0.746104 0.403017
vt 0.714542 0.945872
vt 0.105327 0.219142
vt 0.118292 0.228166
vt 0.105327 0.250338
vt 0.553757 0.105831
vt 0.755081 0.316154
vt 0.410874 0.795682
vt 0.386927 0.770712
vt 0.610426 0.509936
vt 0.032424 0.877707
vt 0.531338 0.814882
vt 0.163276 0.402021
vt 0.932578 0.006991
vt 0.680894 0.165445
vt 0.691554 0.129906
vt 0.693441 0.134724
vt 0.712684 0.927623
vt 0.158340 0.433488
vt 0.190024 0.890978
vt 0.539721 0.091190
vt 0.551584 0.074161
vt 0.592651 0.561197
vt 0.396634 0.798774
vt 0.392689 0.785767
vt 0.381241 0.867553
vt 0.367770 0.890929
vt 0.374060 0.891313
vt 0.644879 0.490050
vt 0.690388 0.155610
vt 0.930516 0.652220
vt 0.927707 0.660720
vt 0.693399 0.137948
vt 0.678203 0.529359
vt 0.664710 0.529282
vt 0.588203 0.025091
vt 0.467511 0.362477
vt 0.478668 0.390637
vt 0.459807 0.358036
vt 0.637446 0.961322
vt 0.651979 0.949892
vt 0.651979 0.982095
vt 0.391366 0.859813
vt 0.594209 0.524733
vt 0.675961 0.546067
vt 0.676854 0.170560
vt 0.040249 0.878934
vt 0.369065 0.735331
vt 0.936704 0.654861
vt 0.692579 0.148284
vt 0.589865 0.044276
vt 0.654970 0.492233
vt 0.723195 0.958749
vt 0.550965 0.843858
vt 0.584473 0.413085
vt 0.592833 0.441201
vt 0.584473 0.444281
vt 0.705081 0.050818
vt 0.704382 0.069338
vt 0.700237 0.047423
vt 0.721329 0.076025
vt 0.196954 0.877072
vt 0.727463 0.107710
vt 0.293142 0.874807
vt 0.763361 0.377264
vt 0.668541 0.168423
vt 0.160466 0.407166
vt 0.678608 0.168851
vt 0.369987 0.728568
vt 0.731639 0.972467
vt 0.230201 0.868953
vt 0.653444 0.406568
vt 0.643507 0.406068
vt 0.659445 0.393889
vt 0.751626 0.368293
vt 0.519006 0.000388
vt 0.526810 0.000388
vt 0.522596 0.023383
vt 0.196322 0.872343
vt 0.158142 0.505178
vt 0.170516 0.509794
vt 0.158244 0.506197
vt 0.290048 0.332363
vt 0.545091 0.110608
vt 0.005616 0.818611
vt 0.010734 0.831843
vt 0.539189 0.324614
vt 0.289424 0.904119
vt 0.299845 0.901188
vt 0.289458 0.927076
vt 0.840420 0.098229
vt 0.840420 0.141675
vt 0.829705 0.100741
vt 0.387244 0.863185
vt 0.644889 0.486755
vt 0.674486 0.169250
vt 0.685660 0.158474
vt 0.648927 0.486680
vt 0.654028 0.488711
vt 0.685131 0.160963
vt 0.925619 0.674567
vt 0.587894 0.038077
vt 0.925610 0.678364
vt 0.845922 0.972830
vt 0.828039 0.988973
vt 0.828039 0.956824
vt 0.650889 0.414160
vt 0.645809 0.409572
vt 0.297262 0.365191
vt 0.538534 0.094280
vt 0.218644 0.138145
vt 0.229168 0.145217
vt 0.143050 0.254102
vt 0.135138 0.255918
vt 0.135138 0.234015
vt 0.542546 0.814315
vt 0.511466 0.812893
vt 0.643430 0.485200
vt 0.883883 0.181564
vt 0.648350 0.479352
vt 0.685492 0.166161
vt 0.683718 0.168686
vt 0.050893 0.005502
vt 0.049444 0.002351
vt 0.050893 0.000389
vt 0.833689 0.041767
vt 0.842737 0.046049
vt 0.842755 0.052103
vt 0.588166 0.027003
vt 0.758591 0.510304
vt 0.761876 0.494783
vt 0.775724 0.501839
vt 0.231187 0.191509
vt 0.327771 0.257679
vt 0.542542 0.140728
vt 0.572201 0.140686
vt 0.000543 0.471791
vt 0.000543 0.440859
vt 0.009628 0.460747
vt 0.595692 0.076112
vt 0.602462 0.094908
vt 0.392603 0.861913
vt 0.890772 0.162998
vt 0.100770 0.436970
vt 0.086139 0.452231
vt 0.084685 0.432529
vt 0.847887 0.032100
vt 0.507132 0.797659
vt 0.692412 0.151486
vt 0.047166 0.002430
vt 0.702981 0.136584
vt 0.904118 0.681721
vt 0.863471 0.178960
vt 0.723905 0.388338
vt 0.735547 0.363480
vt 0.752933 0.486247
vt 0.762242 0.486215
vt 0.730754 0.062023
vt 0.716031 0.120082
vt 0.719290 0.116496
vt 0.316361 0.361031
vt 0.316361 0.385135
vt 0.314395 0.381319
vt 0.375405 0.772853
vt 0.396338 0.861956
vt 0.136907 0.265468
vt 0.005616 0.875127
vt 0.628152 0.484364
vt 0.686593 0.161676
vt 0.524129 0.630453
vt 0.527104 0.629255
vt 0.525133 0.632722
vt 0.592153 0.032284
vt 0.590495 0.029354
vt 0.702371 0.116423
vt 0.652402 0.508677
vt 0.730769 0.374642
vt 0.721634 0.972398
vt 0.100229 0.356250
vt 0.100229 0.335415
vt 0.107288 0.352921
vt 0.198901 0.866751
vt 0.189568 0.874107
vt 0.689856 0.075251
vt 0.178125 0.502907
vt 0.154243 0.497658
vt 0.160695 0.496426
vt 0.291024 0.303550
vt 0.242785 0.250147
vt 0.206279 0.262725
vt 0.632739 0.010939
vt 0.518882 0.462066
vt 0.540565 0.484749
vt 0.518882 0.492423
vt 0.008959 0.858127
vt 0.389704 0.880373
vt 0.376770 0.799156
vt 0.897629 0.157618
vt 0.850810 0.040559
vt 0.392843 0.103046
vt 0.386869 0.108932
vt 0.388623 0.103498
vt 0.391491 0.099199
vt 0.388595 0.100924
vt 0.384489 0.090639
vt 0.871252 0.174517
vt 0.889184 0.668130
vt 0.899566 0.675983
vt 0.880395 0.665779
vt 0.930147 0.697426
vt 0.474251 0.355947
vt 0.638304 0.415044
vt 0.775362 0.491392
vt 0.246715 0.206738
vt 0.532936 0.089343
vt 0.536051 0.097733
vt 0.535247 0.100810
vt 0.306189 0.383736
vt 0.406939 0.803297
vt 0.423241 0.813532
vt 0.405564 0.808425
vt 0.074276 0.166434
vt 0.067453 0.166434
vt 0.070621 0.154042
vt 0.296845 0.893944
vt 0.303177 0.895607
vt 0.093343 0.462693
vt 0.089591 0.464834
vt 0.096047 0.452620
vt 0.601531 0.048831
vt 0.898191 0.178382
vt 0.525527 0.626398
vt 0.170653 0.183799
vt 0.173311 0.185690
vt 0.169577 0.185645
vt 0.529145 0.626462
vt 0.528014 0.627811
vt 0.529561 0.628813
vt 0.389242 0.091504
vt 0.911434 0.489391
vt 0.926905 0.464685
vt 0.926556 0.473657
vt 0.658316 0.428743
vt 0.955045 0.277675
vt 0.976290 0.287014
vt 0.957060 0.287476
vt 0.781274 0.497511
vt 0.753624 0.483947
vt 0.695318 0.083008
vt 0.530562 0.094198
vt 0.529266 0.096572
vt 0.772734 0.348187
vt 0.401641 0.859413
vt 0.217215 0.092293
vt 0.224204 0.080416
vt 0.224204 0.103161
vt 0.290495 0.883485
vt 0.293655 0.877068
vt 0.303670 0.873750
vt 0.099265 0.461051
vt 0.520621 0.631761
vt 0.523423 0.622218
vt 0.130671 0.665869
vt 0.125865 0.672611
vt 0.125865 0.646153
vt 0.168227 0.183902
vt 0.527712 0.625231
vt 0.595056 0.033208
vt 0.391779 0.101319
vt 0.593030 0.030208
vt 0.369065 0.754946
vt 0.709739 0.130393
vt 0.933669 0.688900
vt 0.933141 0.692109
vt 0.473251 0.352998
vt 0.458351 0.351399
vt 0.636298 0.393889
vt 0.778447 0.491546
vt 0.755833 0.481915
vt 0.737276 0.362310
vt 0.735553 0.360320
vt 0.761549 0.482769
vt 0.776557 0.488579
vt 0.764340 0.484006
vt 0.773794 0.487973
vt 0.021810 0.526375
vt 0.034221 0.508029
vt 0.022895 0.528578
vt 0.304498 0.259644
vt 0.316503 0.914454
vt 0.093934 0.416710
vt 0.087835 0.423134
vt 0.534173 0.157484
vt 0.537814 0.165058
vt 0.525907 0.152384
vt 0.441530 0.830559
vt 0.440123 0.841141
vt 0.430217 0.837050
vt 0.929940 0.479123
vt 0.897907 0.688019
vt 0.719035 0.393772
vt 0.724558 0.364067
vt 0.928162 0.470530
vt 0.929987 0.474594
vt 0.930023 0.466956
vt 0.935408 0.699402
vt 0.446751 0.354647
vt 0.440136 0.368316
vt 0.877558 0.819744
vt 0.871829 0.823367
vt 0.859637 0.818303
vt 0.760467 0.481637
vt 0.775152 0.484827
vt 0.764436 0.477898
vt 0.013712 0.531734
vt 0.009306 0.524074
vt 0.720710 0.081279
vt 0.726919 0.078061
vt 0.829317 0.419522
vt 0.829317 0.355937
vt 0.845922 0.398935
vt 0.317737 0.198070
vt 0.311031 0.191785
vt 0.317737 0.181907
vt 0.079927 0.397379
vt 0.091824 0.406750
vt 0.480448 0.994310
vt 0.473917 0.994474
vt 0.479365 0.988550
vt 0.850501 0.000397
vt 0.859677 0.029416
vt 0.554320 0.805507
vt 0.516664 0.628426
vt 0.521512 0.620960
vt 0.864346 0.425024
vt 0.857544 0.403241
vt 0.865179 0.398443
vt 0.171724 0.181015
vt 0.926219 0.390587
vt 0.951834 0.382549
vt 0.930498 0.404934
vt 0.654745 0.526050
vt 0.661943 0.531673
vt 0.654745 0.551569
vt 0.928963 0.463627
vt 0.932615 0.700321
vt 0.926924 0.461343
vt 0.864838 0.821012
vt 0.726883 0.365804
vt 0.778811 0.486309
vt 0.059146 0.154132
vt 0.058577 0.165058
vt 0.057084 0.162856
vt 0.057084 0.153369
vt 0.393388 0.556990
vt 0.393388 0.577703
vt 0.389974 0.575427
vt 0.773022 0.311051
vt 0.239582 0.489772
vt 0.236500 0.506387
vt 0.222852 0.501723
vt 0.550919 0.162307
vt 0.837622 0.077042
vt 0.684991 0.260351
vt 0.663388 0.305780
vt 0.660472 0.284033
vt 0.425353 0.834386
vt 0.435738 0.821069
vt 0.537814 0.145222
vt 0.173311 0.175418
vt 0.516664 0.618265
vt 0.386277 0.111416
vt 0.394801 0.111239
vt 0.384489 0.115541
vt 0.168924 0.179701
vt 0.394190 0.108568
vt 0.395711 0.094283
vt 0.946555 0.226013
vt 0.939898 0.227919
vt 0.938401 0.223794
vt 0.130639 0.437404
vt 0.932050 0.470811
vt 0.933953 0.468032
vt 0.929158 0.461497
vt 0.929548 0.459608
vt 0.932605 0.704247
vt 0.897821 0.701756
vt 0.894797 0.720753
vt 0.448623 0.351181
vt 0.861660 0.820602
vt 0.860221 0.822300
vt 0.865321 0.835136
vt 0.730013 0.363740
vt 0.955584 0.268849
vt 0.876281 0.826164
vt 0.874389 0.830256
vt 0.629042 0.429547
vt 0.622229 0.412714
vt 0.034387 0.550740
vt 0.936387 0.331133
vt 0.957336 0.313391
vt 0.951745 0.338369
vt 0.006297 0.086655
vt 0.006297 0.082485
vt 0.007863 0.083365
vt 0.009628 0.085405
vt 0.186096 0.957741
vt 0.173518 0.958349
vt 0.182142 0.951554
vt 0.657481 0.001179
vt 0.530408 0.116872
vt 0.492497 0.000616
vt 0.504398 0.000149
vt 0.092454 0.394931
vt 0.392911 0.298223
vt 0.383431 0.304735
vt 0.380645 0.288626
vt 0.684991 0.294713
vt 0.147230 0.393410
vt 0.292978 0.554320
vt 0.287897 0.544550
vt 0.292978 0.534103
vt 0.165551 0.180528
vt 0.526435 0.620912
vt 0.399175 0.102887
vt 0.397050 0.100508
vt 0.414204 0.319481
vt 0.420459 0.314315
vt 0.415122 0.338038
vt 0.880395 0.687743
vt 0.712500 0.127028
vt 0.931278 0.477031
vt 0.403673 0.254795
vt 0.404037 0.258143
vt 0.400774 0.256498
vt 0.000230 0.001012
vt 0.001375 0.002713
vt 0.000230 0.008253
vt 0.402853 0.259809
vt 0.404392 0.265468
vt 0.399576 0.263901
vt 0.929934 0.458006
vt 0.368632 0.120477
vt 0.370451 0.117910
vt 0.370150 0.122494
vt 0.368331 0.123039
vt 0.936704 0.703549
vt 0.980720 0.274639
vt 0.774848 0.482081
vt 0.147426 0.502096
vt 0.167189 0.515806
vt 0.024759 0.191192
vt 0.019441 0.191192
vt 0.019585 0.183838
vt 0.186404 0.970825
vt 0.187522 0.962242
vt 0.193475 0.971091
vt 0.538481 0.135349
vt 0.043677 0.519333
vt 0.046825 0.505698
vt 0.054521 0.519124
vt 0.499300 0.988280
vt 0.496615 0.971777
vt 0.400266 0.101308
vt 0.398080 0.106106
vt 0.937003 0.230476
vt 0.934974 0.233602
vt 0.852885 0.056233
vt 0.602462 0.009435
vt 0.945272 0.407332
vt 0.943533 0.229893
vt 0.950459 0.228330
vt 0.477863 0.338806
vt 0.403587 0.248631
vt 0.399583 0.251875
vt 0.396438 0.257123
vt 0.927258 0.414038
vt 0.398604 0.260121
vt 0.458656 0.337661
vt 0.397404 0.262928
vt 0.366326 0.119954
vt 0.484619 0.317214
vt 0.478839 0.314474
vt 0.481454 0.314309
vt 0.481641 0.312099
vt 0.484220 0.313427
vt 0.081154 0.080992
vt 0.079019 0.079287
vt 0.081154 0.078118
vt 0.079200 0.082529
vt 0.483793 0.309688
vt 0.480278 0.309472
vt 0.149513 0.501263
vt 0.740332 0.101966
vt 0.244805 0.132699
vt 0.246647 0.129535
vt 0.248962 0.133422
vt 0.182149 0.963664
vt 0.193943 0.930028
vt 0.219440 0.480348
vt 0.248168 0.488329
vt 0.055860 0.503110
vt 0.058852 0.509783
vt 0.983471 0.603730
vt 0.973919 0.595291
vt 0.979632 0.592254
vt 0.171469 0.175497
vt 0.164468 0.179471
vt 0.527005 0.619581
vt 0.484563 0.097972
vt 0.484020 0.102345
vt 0.482570 0.103161
vt 0.933953 0.507553
vt 0.108188 0.563089
vt 0.112193 0.565026
vt 0.107011 0.565324
vt 0.396840 0.253104
vt 0.395573 0.254898
vt 0.955045 0.247230
vt 0.369998 0.129295
vt 0.361338 0.129295
vt 0.930501 0.419119
vt 0.927897 0.418738
vt 0.443526 0.353336
vt 0.447109 0.345811
vt 0.486171 0.315778
vt 0.929349 0.421109
vt 0.927715 0.422146
vt 0.929370 0.424049
vt 0.926219 0.423968
vt 0.198976 0.850208
vt 0.744094 0.479679
vt 0.131418 0.731568
vt 0.117772 0.731757
vt 0.118079 0.714202
vt 0.707120 0.095501
vt 0.248962 0.123346
vt 0.243989 0.123964
vt 0.179923 0.962137
vt 0.247360 0.493137
vt 0.109106 0.446444
vt 0.487441 0.976600
vt 0.408294 0.309254
vt 0.380955 0.310188
vt 0.653926 0.288668
vt 0.321863 0.898189
vt 0.523558 0.618274
vt 0.167992 0.172635
vt 0.490029 0.093627
vt 0.496549 0.090979
vt 0.489411 0.094787
vt 0.486372 0.094522
vt 0.937035 0.232942
vt 0.938612 0.231078
vt 0.938920 0.232307
vt 0.147628 0.055828
vt 0.156805 0.055331
vt 0.154602 0.064195
vt 0.949199 0.236044
vt 0.179326 0.866024
vt 0.189817 0.894659
vt 0.185081 0.893539
vt 0.115762 0.557605
vt 0.107376 0.557672
vt 0.440155 0.356938
vt 0.364214 0.117076
vt 0.365417 0.118303
vt 0.371380 0.111281
vt 0.362143 0.121360
vt 0.478349 0.319763
vt 0.933708 0.422480
vt 0.485532 0.320045
vt 0.488297 0.307691
vt 0.726573 0.362257
vt 0.780486 0.478386
vt 0.193943 0.965422
vt 0.188426 0.960720
vt 0.773022 0.378258
vt 0.834810 0.653397
vt 0.828480 0.625700
vt 0.839045 0.639513
vt 0.083904 0.003780
vt 0.083904 0.008253
vt 0.080126 0.006842
vt 0.482659 0.097656
vt 0.487177 0.098224
vt 0.908371 0.718404
vt 0.932411 0.715265
vt 0.928928 0.728126
vt 0.938969 0.235299
vt 0.108650 0.553937
vt 0.174661 0.246602
vt 0.174303 0.248093
vt 0.169761 0.244101
vt 0.940107 0.422685
vt 0.261342 0.122662
vt 0.257856 0.120789
vt 0.260646 0.118437
vt 0.174879 0.252966
vt 0.175087 0.248565
vt 0.175578 0.247041
vt 0.177437 0.244101
vt 0.263232 0.535505
vt 0.263164 0.533427
vt 0.265402 0.536507
vt 0.393547 0.265468
vt 0.363121 0.118707
vt 0.269326 0.527664
vt 0.270970 0.535075
vt 0.175092 0.178713
vt 0.177437 0.170650
vt 0.176251 0.176355
vt 0.483238 0.319698
vt 0.488297 0.319855
vt 0.928088 0.427765
vt 0.926594 0.428208
vt 0.869307 0.837844
vt 0.239358 0.268023
vt 0.183400 0.961676
vt 0.397841 0.799818
vt 0.393547 0.833778
vt 0.103163 0.459750
vt 0.862125 0.918823
vt 0.852586 0.905702
vt 0.854749 0.905691
vt 0.983057 0.614435
vt 0.957155 0.598298
vt 0.976277 0.591010
vt 0.150818 0.244948
vt 0.157010 0.243434
vt 0.151541 0.246470
vt 0.153447 0.241275
vt 0.079927 0.488297
vt 0.622233 0.394431
vt 0.623216 0.396382
vt 0.622082 0.404425
vt 0.806584 0.642676
vt 0.806584 0.618886
vt 0.935844 0.236388
vt 0.491139 0.090212
vt 0.476157 0.330472
vt 0.669860 0.532860
vt 0.668750 0.551385
vt 0.115075 0.564147
vt 0.113246 0.555791
vt 0.395383 0.250368
vt 0.393755 0.252712
vt 0.259732 0.543991
vt 0.256897 0.544007
vt 0.257241 0.542811
vt 0.260445 0.541938
vt 0.639703 0.431678
vt 0.174595 0.253089
vt 0.257332 0.540483
vt 0.256569 0.126544
vt 0.263697 0.537804
vt 0.261877 0.534324
vt 0.359577 0.118383
vt 0.358253 0.116004
vt 0.929862 0.430526
vt 0.931597 0.427233
vt 0.932763 0.429733
vt 0.484113 0.321671
vt 0.929172 0.428523
vt 0.485772 0.323239
vt 0.030261 0.006558
vt 0.028008 0.006252
vt 0.029895 0.003993
vt 0.932526 0.424289
vt 0.859446 0.831192
vt 0.026752 0.002767
vt 0.929764 0.427081
vt 0.027663 0.008078
vt 0.026616 0.006597
vt 0.023675 0.008253
vt 0.024666 0.005041
vt 0.024848 0.002875
vt 0.023675 0.001285
vt 0.012785 0.539507
vt 0.000687 0.533929
vt 0.066653 0.589894
vt 0.077027 0.583705
vt 0.074242 0.589526
vt 0.190296 0.957031
vt 0.957642 0.645203
vt 0.954029 0.642906
vt 0.986222 0.628911
vt 0.969252 0.634685
vt 0.394895 0.294740
vt 0.392308 0.823648
vt 0.656194 0.300603
vt 0.443015 0.375721
vt 0.456661 0.362252
vt 0.443009 0.377096
vt 0.974765 0.591658
vt 0.159631 0.244547
vt 0.160932 0.253570
vt 0.149345 0.252637
vt 0.983471 0.578214
vt 0.859677 0.061897
vt 0.622628 0.393441
vt 0.632570 0.396072
vt 0.483539 0.091254
vt 0.143797 0.047303
vt 0.141095 0.070150
vt 0.175797 0.890613
vt 0.167391 0.885160
vt 0.855165 0.397150
vt 0.854072 0.416625
vt 0.117955 0.562504
vt 0.183975 0.895155
vt 0.181126 0.894087
vt 0.107011 0.550706
vt 0.658535 0.443370
vt 0.261971 0.544437
vt 0.264016 0.541965
vt 0.256569 0.118683
vt 0.258097 0.540233
vt 0.262788 0.539968
vt 0.932825 0.427094
vt 0.630697 0.915474
vt 0.618890 0.928382
vt 0.616441 0.915424
vt 0.249640 0.228976
vt 0.268672 0.471492
vt 0.261256 0.480611
vt 0.401484 0.289868
vt 0.441530 0.862314
vt 0.152984 0.256100
vt 0.286006 0.537195
vt 0.285062 0.541093
vt 0.625347 0.403726
vt 0.283265 0.539795
vt 0.629486 0.404853
vt 0.482570 0.087586
vt 0.633480 0.398745
vt 0.634446 0.393441
vt 0.852530 0.390799
vt 0.180851 0.895450
vt 0.257183 0.551951
vt 0.261906 0.550248
vt 0.259535 0.537055
vt 0.259594 0.535451
vt 0.270372 0.539881
vt 0.222580 0.052235
vt 0.221496 0.053262
vt 0.221431 0.050939
vt 0.358410 0.118872
vt 0.440086 0.336827
vt 0.848886 0.833870
vt 0.488297 0.290001
vt 0.477520 0.298480
vt 0.476344 0.285999
vt 0.137718 0.718026
vt 0.144802 0.499788
vt 0.193270 0.959638
vt 0.269595 0.170847
vt 0.266675 0.173245
vt 0.261862 0.172777
vt 0.968367 0.664439
vt 0.105369 0.402501
vt 0.060983 0.499580
vt 0.062626 0.509982
vt 0.394691 0.273472
vt 0.404665 0.296217
vt 0.470551 0.980128
vt 0.456661 0.383760
vt 0.586269 0.916163
vt 0.589893 0.889980
vt 0.594209 0.921574
vt 0.659381 0.317951
vt 0.970746 0.593318
vt 0.828223 0.918823
vt 0.847664 0.889296
vt 0.157287 0.260814
vt 0.153957 0.261342
vt 0.625393 0.409267
vt 0.282558 0.536611
vt 0.225579 0.132637
vt 0.225579 0.140299
vt 0.222411 0.136412
vt 0.445181 0.340384
vt 0.177437 0.182939
vt 0.051895 0.161997
vt 0.051950 0.157549
vt 0.055019 0.162307
vt 0.047073 0.160957
vt 0.781274 0.439338
vt 0.719035 0.360133
vt 0.488297 0.253985
vt 0.019187 0.551614
vt 0.253718 0.202787
vt 0.306157 0.185868
vt 0.251468 0.157451
vt 0.302576 0.188311
vt 0.256046 0.163203
vt 0.258591 0.171877
vt 0.056920 0.523180
vt 0.401520 0.292156
vt 0.160140 0.170902
vt 0.162307 0.153628
vt 0.162307 0.185690
vt 0.218890 0.086067
vt 0.217192 0.079979
vt 0.220077 0.077760
vt 0.157571 0.240644
vt 0.625610 0.407063
vt 0.633741 0.406286
vt 0.168321 0.872998
vt 0.154953 0.047542
vt 0.814192 0.666258
vt 0.845697 0.393078
vt 0.115899 0.552919
vt 0.260849 0.555106
vt 0.268683 0.546661
vt 0.268618 0.542592
vt 0.218317 0.055019
vt 0.979403 0.264227
vt 0.054305 0.153075
vt 0.809797 0.352749
vt 0.815956 0.351634
vt 0.816293 0.353181
vt 0.689083 0.951213
vt 0.688399 0.947774
vt 0.704099 0.952367
vt 0.040358 0.530404
vt 0.060255 0.525289
vt 0.880560 0.886325
vt 0.881093 0.888260
vt 0.879021 0.902728
vt 0.965761 0.593533
vt 0.971865 0.589790
vt 0.576328 0.437944
vt 0.570793 0.438779
vt 0.575045 0.434744
vt 0.157149 0.238835
vt 0.575346 0.426554
vt 0.571760 0.429808
vt 0.594298 0.561759
vt 0.599488 0.560284
vt 0.598382 0.565251
vt 0.797728 0.555695
vt 0.783247 0.553928
vt 0.796910 0.545768
vt 0.281089 0.534033
vt 0.628533 0.406781
vt 0.570793 0.427337
vt 0.575428 0.423574
vt 0.571700 0.418907
vt 0.119274 0.556973
vt 0.182690 0.900190
vt 0.180094 0.900667
vt 0.264021 0.551363
vt 0.177005 0.893927
vt 0.177871 0.896028
vt 0.946378 0.419348
vt 0.219770 0.047896
vt 0.221659 0.047949
vt 0.228330 0.046521
vt 0.047253 0.146540
vt 0.049848 0.150295
vt 0.044923 0.153499
vt 0.860721 0.364022
vt 0.865179 0.368640
vt 0.218457 0.048970
vt 0.108848 0.152182
vt 0.112790 0.149384
vt 0.112790 0.156805
vt 0.047369 0.154382
vt 0.044923 0.160245
vt 0.972467 0.523707
vt 0.960512 0.541940
vt 0.960512 0.505346
vt 0.066835 0.514158
vt 0.854023 0.894817
vt 0.582323 0.899605
vt 0.960335 0.594087
vt 0.160932 0.242967
vt 0.159996 0.241171
vt 0.215823 0.087345
vt 0.215271 0.081716
vt 0.159082 0.240361
vt 0.214040 0.088626
vt 0.213039 0.087223
vt 0.213026 0.084714
vt 0.571025 0.435271
vt 0.972756 0.577186
vt 0.083904 0.084396
vt 0.083904 0.086655
vt 0.082079 0.086440
vt 0.595052 0.577227
vt 0.598488 0.577699
vt 0.594298 0.579079
vt 0.466057 0.311448
vt 0.267601 0.552630
vt 0.833765 0.684991
vt 0.936591 0.028734
vt 0.944957 0.001033
vt 0.944957 0.048142
vt 0.174854 0.897534
vt 0.640168 0.458846
vt 0.430489 0.154391
vt 0.428639 0.151477
vt 0.431184 0.149881
vt 0.218317 0.043400
vt 0.415902 0.151880
vt 0.418945 0.151129
vt 0.415029 0.155430
vt 0.429300 0.155430
vt 0.423197 0.153367
vt 0.051748 0.152146
vt 0.050870 0.154450
vt 0.843623 0.350041
vt 0.847298 0.386511
vt 0.832691 0.353877
vt 0.808778 0.354157
vt 0.731757 0.103161
vt 0.936387 0.291455
vt 0.253496 0.491797
vt 0.256484 0.486561
vt 0.718002 0.974311
vt 0.688398 0.984846
vt 0.251718 0.502349
vt 0.855863 0.896481
vt 0.865275 0.894220
vt 0.954902 0.616217
vt 0.953338 0.600814
vt 0.217509 0.088047
vt 0.215478 0.089406
vt 0.630597 0.410073
vt 0.631081 0.408625
vt 0.598126 0.571673
vt 0.597780 0.574875
vt 0.595137 0.575164
vt 0.598888 0.569181
vt 0.635473 0.407494
vt 0.935378 0.242481
vt 0.950459 0.269595
vt 0.156580 0.847900
vt 0.162169 0.883978
vt 0.121043 0.553687
vt 0.171154 0.895307
vt 0.949223 0.419207
vt 0.428071 0.149903
vt 0.426185 0.151150
vt 0.441821 0.333446
vt 0.067105 0.610272
vt 0.254464 0.270970
vt 0.257735 0.184465
vt 0.244032 0.524439
vt 0.483234 0.965846
vt 0.490561 0.968210
vt 0.881046 0.884292
vt 0.881622 0.886217
vt 0.632021 0.409176
vt 0.601245 0.571458
vt 0.603435 0.573981
vt 0.629707 0.405985
vt 0.322775 0.957882
vt 0.325990 0.986221
vt 0.292686 0.986221
vt 0.310667 0.951217
vt 0.304608 0.533953
vt 0.308911 0.537544
vt 0.304592 0.538786
vt 0.266952 0.558446
vt 0.810248 0.547469
vt 0.175449 0.899837
vt 0.270970 0.548744
vt 0.828041 0.547138
vt 0.170301 0.891649
vt 0.434593 0.147885
vt 0.432947 0.146090
vt 0.433248 0.142605
vt 0.436028 0.145395
vt 0.412274 0.150066
vt 0.424306 0.148984
vt 0.421401 0.152874
vt 0.853268 0.845487
vt 0.859370 0.849573
vt 0.643538 0.915424
vt 0.628991 0.927997
vt 0.141094 0.488894
vt 0.588600 0.281974
vt 0.588600 0.252618
vt 0.592833 0.269594
vt 0.114316 0.403030
vt 0.887952 0.893314
vt 0.473668 0.969916
vt 0.882839 0.886085
vt 0.596163 0.570706
vt 0.213947 0.078723
vt 0.881584 0.868900
vt 0.883067 0.869160
vt 0.884951 0.872488
vt 0.599905 0.562905
vt 0.601169 0.568488
vt 0.834821 0.886220
vt 0.179397 0.903693
vt 0.939455 0.740624
vt 0.169867 0.897631
vt 0.167485 0.891937
vt 0.429318 0.145190
vt 0.427277 0.148463
vt 0.539004 0.988972
vt 0.547016 0.955752
vt 0.565324 0.988972
vt 0.138690 0.496377
vt 0.247420 0.206194
vt 0.261979 0.487807
vt 0.483702 0.500621
vt 0.484858 0.524059
vt 0.457315 0.520820
vt 0.145801 0.461099
vt 0.413619 0.292101
vt 0.136347 0.482965
vt 0.213026 0.079364
vt 0.885757 0.873761
vt 0.883047 0.870602
vt 0.632973 0.412645
vt 0.630330 0.411967
vt 0.606049 0.573005
vt 0.165616 0.885195
vt 0.304830 0.544904
vt 0.307207 0.546110
vt 0.303070 0.546480
vt 0.448213 0.318305
vt 0.304059 0.550151
vt 0.430535 0.141369
vt 0.166964 0.895468
vt 0.418496 0.144508
vt 0.420890 0.145903
vt 0.019981 0.557664
vt 0.640079 0.926371
vt 0.321992 0.951239
vt 0.314798 0.951834
vt 0.325990 0.939356
vt 0.071287 0.501689
vt 0.629054 0.239980
vt 0.646729 0.215833
vt 0.657481 0.242085
vt 0.404943 0.272208
vt 0.901043 0.903253
vt 0.413312 0.853269
vt 0.864209 0.891445
vt 0.885512 0.885799
vt 0.878367 0.871321
vt 0.881507 0.867202
vt 0.883964 0.868193
vt 0.884704 0.867377
vt 0.680790 0.339744
vt 0.310725 0.541772
vt 0.313326 0.533953
vt 0.313161 0.539173
vt 0.317486 0.536239
vt 0.316111 0.540846
vt 0.434498 0.138682
vt 0.164507 0.894245
vt 0.413271 0.136749
vt 0.424707 0.142578
vt 0.624564 0.940351
vt 0.123976 0.504530
vt 0.093533 0.957191
vt 0.084109 0.973217
vt 0.083221 0.968973
vt 0.085972 0.956280
vt 0.886925 0.871157
vt 0.606588 0.569574
vt 0.581036 0.890993
vt 0.958712 0.205908
vt 0.958712 0.236272
vt 0.951201 0.232655
vt 0.311780 0.546099
vt 0.311344 0.550806
vt 0.939028 0.002747
vt 0.306235 0.552466
vt 0.303036 0.553412
vt 0.164886 0.896836
vt 0.240710 0.839476
vt 0.849857 0.841790
vt 0.843403 0.444410
vt 0.839537 0.484170
vt 0.835758 0.457343
vt 0.869305 0.471272
vt 0.645618 0.921415
vt 0.640418 0.936151
vt 0.619883 0.938165
vt 0.617100 0.936182
vt 0.055054 0.937051
vt 0.062571 0.958390
vt 0.055054 0.976593
vt 0.083510 0.984846
vt 0.256046 0.189817
vt 0.037114 0.545798
vt 0.084138 0.518622
vt 0.482049 0.495633
vt 0.412136 0.285290
vt 0.384996 0.838790
vt 0.888372 0.890306
vt 0.889050 0.882747
vt 0.874807 0.892277
vt 0.887909 0.872676
vt 0.892635 0.873368
vt 0.841836 0.881592
vt 0.777021 0.539537
vt 0.789976 0.531183
vt 0.304450 0.555616
vt 0.427837 0.141428
vt 0.434938 0.331703
vt 0.613720 0.438300
vt 0.877558 0.878934
vt 0.830126 0.352141
vt 0.005261 0.561382
vt 0.311861 0.943700
vt 0.053026 0.607078
vt 0.041416 0.583705
vt 0.840420 0.434826
vt 0.832716 0.464413
vt 0.817274 0.451200
vt 0.262161 0.495768
vt 0.818511 0.267260
vt 0.826753 0.264798
vt 0.812154 0.279223
vt 0.499300 0.963665
vt 0.884946 0.867568
vt 0.883433 0.861283
vt 0.911945 0.857797
vt 0.141095 0.038675
vt 0.477293 0.600902
vt 0.447366 0.588825
vt 0.465922 0.589011
vt 0.162912 0.891553
vt 0.430849 0.138722
vt 0.306247 0.555237
vt 0.419706 0.141350
vt 0.418768 0.140335
vt 0.543872 0.923532
vt 0.547442 0.930636
vt 0.543872 0.961463
vt 0.323646 0.931757
vt 0.633494 0.940975
vt 0.116623 0.495213
vt 0.082529 0.959103
vt 0.064868 0.973712
vt 0.284537 0.482269
vt 0.614450 0.209938
vt 0.631234 0.223039
vt 0.267539 0.515784
vt 0.253202 0.522964
vt 0.080476 0.534786
vt 0.569356 0.903779
vt 0.487192 0.960583
vt 0.890534 0.884873
vt 0.532597 0.430575
vt 0.541940 0.423274
vt 0.541940 0.442906
vt 0.426297 0.027722
vt 0.409108 0.011739
vt 0.410204 0.000426
vt 0.428858 0.000371
vt 0.826992 0.864331
vt 0.318543 0.545341
vt 0.316137 0.546575
vt 0.954585 0.912030
vt 0.948940 0.937188
vt 0.925664 0.937600
vt 0.052268 0.391387
vt 0.047120 0.396257
vt 0.049785 0.388493
vt 0.307732 0.558300
vt 0.302888 0.558446
vt 0.422214 0.137741
vt 0.428554 0.757068
vt 0.427182 0.726065
vt 0.429337 0.742007
vt 0.623378 0.941225
vt 0.091807 0.955222
vt 0.089305 0.954180
vt 0.085563 0.953859
vt 0.083221 0.950791
vt 0.717531 0.957751
vt 0.463538 0.566513
vt 0.458979 0.570739
vt 0.451689 0.560873
vt 0.557196 0.917799
vt 0.895006 0.897790
vt 0.415445 0.024963
vt 0.403440 0.019624
vt 0.798968 0.529117
vt 0.958712 0.130672
vt 0.948761 0.105984
vt 0.958712 0.091383
vt 0.319350 0.547047
vt 0.314104 0.552204
vt 0.430396 0.135346
vt 0.955633 0.242755
vt 0.953636 0.238394
vt 0.948126 0.941923
vt 0.943081 0.943666
vt 0.952015 0.945579
vt 0.950322 0.945551
vt 0.947356 0.945693
vt 0.419317 0.138917
vt 0.421443 0.139365
vt 0.437746 0.324763
vt 0.421171 0.140493
vt 0.854825 0.862592
vt 0.614860 0.945013
vt 0.490459 0.481027
vt 0.491198 0.481807
vt 0.488620 0.480826
vt 0.484576 0.482130
vt 0.443494 0.561672
vt 0.463520 0.525422
vt 0.817428 0.257141
vt 0.447366 0.618967
vt 0.958451 0.247587
vt 0.156580 0.894125
vt 0.158761 0.895253
vt 0.044203 0.390030
vt 0.944124 0.945422
vt 0.837991 0.347558
vt 0.317008 0.931858
vt 0.641279 0.941488
vt 0.620443 0.944317
vt 0.626216 0.943762
vt 0.492320 0.480185
vt 0.487974 0.477754
vt 0.488203 0.479503
vt 0.067320 0.018126
vt 0.072901 0.035107
vt 0.067320 0.038514
vt 0.063977 0.541841
vt 0.443500 0.539762
vt 0.824290 0.248792
vt 0.824039 0.252005
vt 0.402227 0.026059
vt 0.415212 0.028475
vt 0.855410 0.876023
vt 0.770757 0.527540
vt 0.478668 0.299139
vt 0.949285 0.097596
vt 0.047469 0.403292
vt 0.042437 0.397950
vt 0.423399 0.135882
vt 0.045315 0.395037
vt 0.422440 0.135517
vt 0.944053 0.095623
vt 0.946648 0.091034
vt 0.949227 0.948427
vt 0.943301 0.947264
vt 0.938882 0.945913
vt 0.132036 0.160932
vt 0.128382 0.150892
vt 0.132046 0.144845
vt 0.322686 0.921116
vt 0.653355 0.946991
vt 0.637912 0.942447
vt 0.666823 0.970092
vt 0.655191 0.928220
vt 0.679489 0.935462
vt 0.655191 0.972467
vt 0.517182 0.504802
vt 0.496678 0.479300
vt 0.517182 0.461064
vt 0.493122 0.478111
vt 0.491459 0.479530
vt 0.489349 0.478899
vt 0.051619 0.561009
vt 0.986222 0.665734
vt 0.145249 0.470615
vt 0.402324 0.862428
vt 0.908371 0.764769
vt 0.042606 0.408519
vt 0.426055 0.130521
vt 0.953358 0.949753
vt 0.041724 0.390432
vt 0.041012 0.387731
vt 0.041012 0.394708
vt 0.614971 0.453449
vt 0.939721 0.950742
vt 0.817245 0.334116
vt 0.310602 0.941826
vt 0.615197 0.947634
vt 0.634659 0.949508
vt 0.150501 0.092350
vt 0.156228 0.085290
vt 0.150875 0.092887
vt 0.490002 0.476178
vt 0.489065 0.480049
vt 0.489309 0.479439
vt 0.809033 0.466935
vt 0.448886 0.511299
vt 0.452048 0.485612
vt 0.428266 0.289215
vt 0.784289 0.515051
vt 0.660232 0.473166
vt 0.965589 0.094908
vt 0.953937 0.072544
vt 0.965589 0.054911
vt 0.320488 0.552663
vt 0.943952 0.953885
vt 0.305580 0.250306
vt 0.309228 0.251893
vt 0.307729 0.255148
vt 0.928592 0.942400
vt 0.834040 0.351334
vt 0.319762 0.916571
vt 0.019855 0.570274
vt 0.307963 0.938094
vt 0.869305 0.423138
vt 0.733171 0.918823
vt 0.733171 0.870689
vt 0.740010 0.887257
vt 0.126494 0.686071
vt 0.618962 0.951049
vt 0.128784 0.490063
vt 0.495122 0.474539
vt 0.490521 0.472407
vt 0.451713 0.567092
vt 0.430611 0.536796
vt 0.954585 0.954735
vt 0.946236 0.955982
vt 0.423539 0.131220
vt 0.640975 0.383254
vt 0.635086 0.383058
vt 0.636921 0.380318
vt 0.304858 0.255015
vt 0.310484 0.249108
vt 0.459411 0.010175
vt 0.446600 0.026286
vt 0.310907 0.257215
vt 0.469040 0.929701
vt 0.457039 0.935827
vt 0.452287 0.913533
vt 0.615744 0.567843
vt 0.611128 0.564151
vt 0.614150 0.565823
vt 0.617592 0.568075
vt 0.616981 0.564296
vt 0.019794 0.333774
vt 0.020638 0.331143
vt 0.023383 0.332463
vt 0.019242 0.336930
vt 0.018314 0.334906
vt 0.935372 0.953452
vt 0.120160 0.692350
vt 0.647277 0.947462
vt 0.492896 0.475157
vt 0.244334 0.148164
vt 0.274646 0.506867
vt 0.422585 0.274964
vt 0.158676 0.003202
vt 0.160932 0.000567
vt 0.160932 0.013755
vt 0.066023 0.024158
vt 0.064539 0.028885
vt 0.064539 0.022542
vt 0.841590 0.322139
vt 0.841991 0.335657
vt 0.308199 0.248288
vt 0.302274 0.256457
vt 0.464677 0.254464
vt 0.462171 0.249139
vt 0.470415 0.251860
vt 0.313153 0.247368
vt 0.614833 0.565112
vt 0.615515 0.561932
vt 0.613320 0.562620
vt 0.018148 0.339160
vt 0.016148 0.339806
vt 0.018743 0.329371
vt 0.015734 0.327131
vt 0.927810 0.946216
vt 0.924435 0.946685
vt 0.310138 0.931051
vt 0.117772 0.683725
vt 0.154012 0.083468
vt 0.497176 0.472732
vt 0.825897 0.249742
vt 0.628161 0.199590
vt 0.828914 0.256949
vt 0.816685 0.216616
vt 0.828334 0.232775
vt 0.906330 0.901624
vt 0.555590 0.911316
vt 0.792102 0.507505
vt 0.435726 0.751229
vt 0.432573 0.735720
vt 0.314916 0.239072
vt 0.632746 0.379004
vt 0.635008 0.370317
vt 0.632828 0.380929
vt 0.466087 0.244912
vt 0.461708 0.252192
vt 0.317737 0.256433
vt 0.841365 0.842673
vt 0.842881 0.861701
vt 0.465827 0.241725
vt 0.468619 0.243044
vt 0.942209 0.956191
vt 0.613835 0.560827
vt 0.611007 0.560813
vt 0.609206 0.564764
vt 0.950459 0.178270
vt 0.928292 0.200223
vt 0.936285 0.183253
vt 0.919777 0.945599
vt 0.148842 0.681238
vt 0.626196 0.956464
vt 0.640567 0.949566
vt 0.494620 0.470784
vt 0.492730 0.472732
vt 0.241941 0.130523
vt 0.443687 0.564114
vt 0.454816 0.585660
vt 0.827653 0.251532
vt 0.834710 0.277038
vt 0.832925 0.267769
vt 0.832955 0.241741
vt 0.406560 0.258201
vt 0.829769 0.218854
vt 0.407941 0.040978
vt 0.629360 0.464469
vt 0.938787 0.111756
vt 0.637301 0.386245
vt 0.626033 0.389262
vt 0.439383 0.313585
vt 0.422476 0.313703
vt 0.629786 0.375241
vt 0.630620 0.370362
vt 0.317737 0.249302
vt 0.460722 0.244528
vt 0.455595 0.249761
vt 0.614725 0.558932
vt 0.177785 0.727572
vt 0.170435 0.702443
vt 0.076601 0.011004
vt 0.070763 0.005183
vt 0.073544 0.004612
vt 0.070918 0.011004
vt 0.926297 0.949335
vt 0.312074 0.922137
vt 0.937556 0.218731
vt 0.306127 0.929753
vt 0.462909 0.935645
vt 0.917308 0.939138
vt 0.629898 0.956069
vt 0.250084 0.251396
vt 0.822642 0.479944
vt 0.280682 0.498956
vt 0.447604 0.570849
vt 0.830527 0.247786
vt 0.829697 0.245959
vt 0.835724 0.243730
vt 0.911945 0.913321
vt 0.425447 0.278351
vt 0.552013 0.902264
vt 0.013755 0.203266
vt 0.013755 0.221453
vt 0.007680 0.212871
vt 0.464967 0.302235
vt 0.775988 0.505011
vt 0.790180 0.494257
vt 0.325990 0.905636
vt 0.628387 0.380619
vt 0.458641 0.245697
vt 0.612954 0.558504
vt 0.015734 0.343871
vt 0.603151 0.554259
vt 0.606646 0.554209
vt 0.606194 0.556463
vt 0.606228 0.561586
vt 0.609140 0.558219
vt 0.068636 0.007775
vt 0.927289 0.954119
vt 0.604113 0.563152
vt 0.077027 0.005132
vt 0.073210 0.002142
vt 0.070530 0.002415
vt 0.964801 0.502676
vt 0.964801 0.484751
vt 0.969051 0.509631
vt 0.894463 0.557533
vt 0.925999 0.542079
vt 0.928451 0.579078
vt 0.500888 0.467102
vt 0.047119 0.582195
vt 0.037114 0.580673
vt 0.079308 0.540795
vt 0.839309 0.249848
vt 0.424139 0.258547
vt 0.552013 0.872155
vt 0.792381 0.488044
vt 0.143662 0.242911
vt 0.163778 0.227172
vt 0.161029 0.236058
vt 0.628389 0.376802
vt 0.627644 0.363320
vt 0.628218 0.370279
vt 0.460905 0.240721
vt 0.466424 0.233642
vt 0.628123 0.374002
vt 0.627265 0.370991
vt 0.612096 0.556199
vt 0.017827 0.341850
vt 0.626910 0.375772
vt 0.608304 0.556288
vt 0.841164 0.342247
vt 0.462351 0.233234
vt 0.068273 0.002611
vt 0.933629 0.956253
vt 0.000687 0.591458
vt 0.919729 0.949875
vt 0.918417 0.946969
vt 0.290227 0.588696
vt 0.287638 0.590679
vt 0.284013 0.587268
vt 0.647266 0.951197
vt 0.059113 0.895965
vt 0.067684 0.891331
vt 0.082222 0.910570
vt 0.080003 0.547075
vt 0.429742 0.552477
vt 0.409344 0.525422
vt 0.555505 0.867836
vt 0.950828 0.136173
vt 0.442906 0.763017
vt 0.626033 0.377425
vt 0.613528 0.555043
vt 0.610679 0.552453
vt 0.613200 0.551282
vt 0.617592 0.548753
vt 0.609335 0.551996
vt 0.457871 0.242081
vt 0.603791 0.558129
vt 0.067400 0.001908
vt 0.069542 0.000688
vt 0.056646 0.018571
vt 0.057770 0.020632
vt 0.056610 0.020632
vt 0.104553 0.297259
vt 0.106054 0.305164
vt 0.098411 0.297999
vt 0.923286 0.957336
vt 0.922451 0.953510
vt 0.290227 0.595801
vt 0.632916 0.962838
vt 0.973084 0.508561
vt 0.980562 0.512432
vt 0.974485 0.517182
vt 0.163121 0.083889
vt 0.772881 0.295729
vt 0.775663 0.292882
vt 0.779003 0.293883
vt 0.767187 0.295531
vt 0.427182 0.796405
vt 0.248962 0.289442
vt 0.243498 0.292978
vt 0.243498 0.272064
vt 0.609596 0.462205
vt 0.459662 0.234343
vt 0.842193 0.343004
vt 0.285028 0.590863
vt 0.286370 0.593315
vt 0.628596 0.481419
vt 0.626160 0.481038
vt 0.628121 0.477434
vt 0.977734 0.483773
vt 0.440777 0.568840
vt 0.447792 0.586958
vt 0.442205 0.495706
vt 0.649947 0.214298
vt 0.503427 0.720340
vt 0.491950 0.759324
vt 0.479078 0.726556
vt 0.380811 0.019678
vt 0.345121 0.029086
vt 0.357619 0.006851
vt 0.485799 0.754664
vt 0.319105 0.812911
vt 0.328040 0.777143
vt 0.326329 0.811072
vt 0.254464 0.524429
vt 0.254464 0.547442
vt 0.246099 0.531815
vt 0.802192 0.493418
vt 0.149928 0.400970
vt 0.146192 0.422273
vt 0.139247 0.400970
vt 0.160819 0.691303
vt 0.450257 0.254464
vt 0.455252 0.236473
vt 0.638030 0.342203
vt 0.650838 0.337725
vt 0.654443 0.347296
vt 0.843384 0.340562
vt 0.107894 0.297347
vt 0.913563 0.949333
vt 0.284123 0.594049
vt 0.283064 0.590100
vt 0.014294 0.254394
vt 0.017180 0.253339
vt 0.017163 0.255127
vt 0.020748 0.253398
vt 0.018741 0.256985
vt 0.022008 0.255257
vt 0.231758 0.085873
vt 0.230388 0.087396
vt 0.230247 0.083623
vt 0.232457 0.082730
vt 0.228351 0.084680
vt 0.015553 0.258591
vt 0.625355 0.472849
vt 0.226860 0.087679
vt 0.982480 0.498650
vt 0.117706 0.486433
vt 0.840420 0.500676
vt 0.453441 0.467647
vt 0.431899 0.489131
vt 0.284236 0.505997
vt 0.601611 0.213324
vt 0.622233 0.198545
vt 0.072923 0.553904
vt 0.442127 0.579520
vt 0.657481 0.207587
vt 0.473419 0.742352
vt 0.010981 0.193687
vt 0.433039 0.278286
vt 0.479043 0.777392
vt 0.469231 0.784025
vt 0.463839 0.754733
vt 0.440155 0.294065
vt 0.319105 0.766642
vt 0.329759 0.766074
vt 0.828041 0.499996
vt 0.164454 0.251260
vt 0.167948 0.251167
vt 0.170171 0.256040
vt 0.321649 0.744831
vt 0.334223 0.759055
vt 0.171088 0.258339
vt 0.171335 0.257223
vt 0.523442 0.171682
vt 0.511641 0.167624
vt 0.524059 0.152913
vt 0.176062 0.261342
vt 0.113017 0.297899
vt 0.515210 0.176966
vt 0.911653 0.950719
vt 0.513248 0.177437
vt 0.280831 0.588466
vt 0.013635 0.252587
vt 0.022008 0.249354
vt 0.626166 0.466347
vt 0.628596 0.467077
vt 0.626170 0.467915
vt 0.232457 0.087949
vt 0.624029 0.478041
vt 0.982966 0.507360
vt 0.168413 0.045138
vt 0.176530 0.079613
vt 0.896047 0.541693
vt 0.775529 0.286902
vt 0.275863 0.517465
vt 0.270982 0.521909
vt 0.425855 0.558687
vt 0.497573 0.712033
vt 0.862428 0.270401
vt 0.417906 0.550894
vt 0.380024 0.027524
vt 0.397875 0.065529
vt 0.404287 0.058214
vt 0.413962 0.074442
vt 0.175165 0.703009
vt 0.915824 0.461562
vt 0.916786 0.458499
vt 0.917514 0.460386
vt 0.918990 0.474542
vt 0.170982 0.254775
vt 0.915902 0.457319
vt 0.593136 0.303337
vt 0.599711 0.315684
vt 0.592044 0.305792
vt 0.115200 0.299340
vt 0.104598 0.308717
vt 0.281521 0.601086
vt 0.280607 0.594030
vt 0.015332 0.248283
vt 0.229736 0.089611
vt 0.623451 0.474712
vt 0.929845 0.964399
vt 0.931202 0.987160
vt 0.914182 0.954079
vt 0.114493 0.481887
vt 0.310171 0.456153
vt 0.306965 0.472281
vt 0.254464 0.147291
vt 0.101031 0.546116
vt 0.838077 0.215877
vt 0.809695 0.494102
vt 0.174018 0.692076
vt 0.444323 0.041506
vt 0.918968 0.457344
vt 0.910817 0.454164
vt 0.916271 0.455770
vt 0.145801 0.075734
vt 0.145801 0.096284
vt 0.144316 0.088751
vt 0.652480 0.371975
vt 0.638286 0.355064
vt 0.920413 0.956840
vt 0.100781 0.307769
vt 0.280181 0.586793
vt 0.485758 0.166434
vt 0.487992 0.163329
vt 0.495082 0.161971
vt 0.490303 0.162387
vt 0.623823 0.468826
vt 0.621135 0.467294
vt 0.620561 0.469208
vt 0.615606 0.467598
vt 0.614594 0.470825
vt 0.231578 0.090479
vt 0.617905 0.471092
vt 0.623318 0.472500
vt 0.617406 0.476810
vt 0.621002 0.475377
vt 0.964214 0.717053
vt 0.964214 0.759267
vt 0.936995 0.726526
vt 0.621307 0.474639
vt 0.914182 0.987597
vt 0.442657 0.767552
vt 0.461651 0.761808
vt 0.452308 0.805325
vt 0.128941 0.480086
vt 0.059997 0.878622
vt 0.071634 0.571908
vt 0.422727 0.568939
vt 0.441017 0.585040
vt 0.093217 0.555491
vt 0.838514 0.241466
vt 0.379651 0.039371
vt 0.338781 0.028544
vt 0.395543 0.049614
vt 0.415813 0.053839
vt 0.786776 0.667786
vt 0.786776 0.737259
vt 0.776399 0.717650
vt 0.565380 0.782538
vt 0.559416 0.775077
vt 0.562850 0.775125
vt 0.588727 0.309000
vt 0.118292 0.303573
vt 0.098411 0.324614
vt 0.108568 0.312286
vt 0.489205 0.156608
vt 0.488694 0.157786
vt 0.487363 0.155689
vt 0.278157 0.591996
vt 0.490403 0.158331
vt 0.494095 0.160615
vt 0.617029 0.474329
vt 0.227711 0.093533
vt 0.643222 0.954888
vt 0.618353 0.473697
vt 0.479265 0.396665
vt 0.476623 0.396904
vt 0.478185 0.393794
vt 0.473946 0.393286
vt 0.154394 0.142696
vt 0.150990 0.116236
vt 0.169483 0.105877
vt 0.172432 0.159342
vt 0.178741 0.145036
vt 0.421096 0.524059
vt 0.276939 0.525905
vt 0.470770 0.721435
vt 0.861080 0.244948
vt 0.776129 0.863804
vt 0.776129 0.802786
vt 0.788152 0.833223
vt 0.444445 0.297026
vt 0.333833 0.766913
vt 0.568094 0.780079
vt 0.950459 0.225579
vt 0.641030 0.349446
vt 0.515312 0.147270
vt 0.489580 0.154244
vt 0.620816 0.471662
vt 0.618349 0.472659
vt 0.620608 0.472540
vt 0.221453 0.130615
vt 0.220269 0.133422
vt 0.220269 0.124823
vt 0.485546 0.388594
vt 0.472369 0.389141
vt 0.472369 0.398939
vt 0.235208 0.509539
vt 0.235208 0.524059
vt 0.222713 0.521104
vt 0.050721 0.618240
vt 0.166237 0.026409
vt 0.181324 0.039234
vt 0.308459 0.494879
vt 0.083658 0.556777
vt 0.441731 0.591255
vt 0.651947 0.179145
vt 0.401520 0.531087
vt 0.164257 0.219857
vt 0.176062 0.183861
vt 0.170699 0.209382
vt 0.166436 0.232333
vt 0.407537 0.097659
vt 0.425620 0.077225
vt 0.430150 0.085867
vt 0.334531 0.763243
vt 0.332405 0.763164
vt 0.168377 0.239643
vt 0.917635 0.451291
vt 0.925790 0.457066
vt 0.929827 0.446933
vt 0.568220 0.774954
vt 0.571623 0.779142
vt 0.593831 0.316754
vt 0.763865 0.080225
vt 0.742448 0.081986
vt 0.770271 0.070125
vt 0.292978 0.308644
vt 0.292978 0.327365
vt 0.288883 0.310385
vt 0.500676 0.166434
vt 0.790367 0.016460
vt 0.802906 0.008622
vt 0.796474 0.020841
vt 0.494931 0.157829
vt 0.495221 0.159051
vt 0.013231 0.518278
vt 0.009901 0.517187
vt 0.011777 0.512240
vt 0.057770 0.031636
vt 0.056156 0.030144
vt 0.057770 0.027560
vt 0.484836 0.404630
vt 0.478192 0.401507
vt 0.976321 0.979102
vt 0.980720 0.982095
vt 0.976189 0.981239
vt 0.691670 0.619602
vt 0.688141 0.616905
vt 0.695614 0.617946
vt 0.686522 0.612935
vt 0.691515 0.615950
vt 0.475093 0.399558
vt 0.001131 0.627278
vt 0.012379 0.638124
vt 0.005445 0.635578
vt 0.933351 0.509531
vt 0.957488 0.522191
vt 0.929374 0.555695
vt 0.780293 0.281823
vt 0.791843 0.294734
vt 0.062129 0.585956
vt 0.424469 0.512247
vt 0.468943 0.727098
vt 0.632181 0.190317
vt 0.851399 0.240545
vt 0.842933 0.231852
vt 0.386848 0.050777
vt 0.394858 0.055017
vt 0.404392 0.105912
vt 0.336846 0.770022
vt 0.325320 0.828063
vt 0.305610 0.840525
vt 0.313589 0.827037
vt 0.166363 0.236097
vt 0.631198 0.337489
vt 0.639673 0.300737
vt 0.644522 0.371623
vt 0.589849 0.313064
vt 0.497402 0.158740
vt 0.956054 0.953438
vt 0.957674 0.954738
vt 0.957325 0.959271
vt 0.810160 0.000753
vt 0.805149 0.015749
vt 0.966698 0.958448
vt 0.968490 0.955502
vt 0.969753 0.956871
vt 0.972075 0.955237
vt 0.015246 0.508424
vt 0.016519 0.511021
vt 0.019435 0.522684
vt 0.967443 0.960673
vt 0.971327 0.957288
vt 0.975571 0.953016
vt 0.005995 0.108679
vt 0.011714 0.104676
vt 0.009094 0.108905
vt 0.691073 0.608684
vt 0.476774 0.403853
vt 0.958655 0.507929
vt 0.463914 0.745880
vt 0.353138 0.778327
vt 0.434124 0.065570
vt 0.826072 0.497621
vt 0.910946 0.445773
vt 0.847298 0.329328
vt 0.589871 0.317371
vt 0.584954 0.313719
vt 0.357104 0.185794
vt 0.359419 0.201657
vt 0.355545 0.197569
vt 0.352649 0.211017
vt 0.347456 0.211824
vt 0.960069 0.959068
vt 0.965177 0.959195
vt 0.963139 0.960277
vt 0.964829 0.957698
vt 0.972267 0.950898
vt 0.082529 0.081078
vt 0.082529 0.083905
vt 0.081159 0.083625
vt 0.017435 0.509966
vt 0.010560 0.103709
vt 0.965386 0.961142
vt 0.008316 0.507195
vt 0.971000 0.974492
vt 0.968208 0.968889
vt 0.979098 0.979930
vt 0.479270 0.401697
vt 0.687669 0.608222
vt 0.181848 0.597913
vt 0.192568 0.590845
vt 0.192568 0.605213
vt 0.777308 0.276960
vt 0.774198 0.275618
vt 0.754342 0.267952
vt 0.465644 0.723850
vt 0.630212 0.188098
vt 0.465137 0.731477
vt 0.641270 0.183110
vt 0.430786 0.580951
vt 0.382601 0.026465
vt 0.654730 0.299377
vt 0.442676 0.048704
vt 0.339482 0.759608
vt 0.338012 0.757132
vt 0.921074 0.445811
vt 0.587175 0.317854
vt 0.362627 0.189881
vt 0.581293 0.313933
vt 0.492230 0.150608
vt 0.022727 0.507195
vt 0.967103 0.947275
vt 0.014428 0.099885
vt 0.965389 0.964808
vt 0.372756 0.195334
vt 0.367003 0.193273
vt 0.372756 0.188693
vt 0.014171 0.107769
vt 0.696794 0.601991
vt 0.701969 0.607082
vt 0.696535 0.607621
vt 0.687726 0.605121
vt 0.408361 0.577418
vt 0.405732 0.575671
vt 0.408519 0.572663
vt 0.967894 0.973329
vt 0.959287 0.289229
vt 0.980720 0.302065
vt 0.979613 0.324840
vt 0.185916 0.052156
vt 0.061438 0.621719
vt 0.782505 0.270816
vt 0.412994 0.519949
vt 0.080215 0.567641
vt 0.622798 0.182880
vt 0.434460 0.601114
vt 0.455397 0.731812
vt 0.762304 0.625427
vt 0.757767 0.653878
vt 0.754307 0.640058
vt 0.428292 0.059542
vt 0.572475 0.765080
vt 0.575248 0.778787
vt 0.923407 0.442539
vt 0.631258 0.348828
vt 0.588903 0.333769
vt 0.588197 0.321398
vt 0.034018 0.912501
vt 0.053644 0.937526
vt 0.048046 0.958712
vt 0.034018 0.953075
vt 0.956895 0.951822
vt 0.801934 0.026659
vt 0.961693 0.954606
vt 0.963716 0.951948
vt 0.023383 0.513200
vt 0.014198 0.095359
vt 0.962846 0.963869
vt 0.971425 0.960142
vt 0.015130 0.115541
vt 0.964152 0.969035
vt 0.692974 0.607868
vt 0.477292 0.405768
vt 0.478242 0.403740
vt 0.160322 0.052268
vt 0.161724 0.047933
vt 0.163177 0.048047
vt 0.696958 0.611018
vt 0.405963 0.573849
vt 0.158221 0.047825
vt 0.001357 0.644080
vt 0.085540 0.887294
vt 0.303521 0.481524
vt 0.463283 0.715810
vt 0.387477 0.007445
vt 0.392954 0.010054
vt 0.389855 0.016869
vt 0.862428 0.235311
vt 0.814036 0.058700
vt 0.830378 0.054547
vt 0.827992 0.061312
vt 0.683615 0.757141
vt 0.683615 0.823915
vt 0.666803 0.768026
vt 0.339393 0.766514
vt 0.521024 0.150074
vt 0.172837 0.683877
vt 0.442844 0.943127
vt 0.959759 0.966544
vt 0.954199 0.971510
vt 0.964067 0.950230
vt 0.365084 0.184107
vt 0.365986 0.189577
vt 0.364415 0.189764
vt 0.015130 0.097641
vt 0.968461 0.964997
vt 0.368254 0.187869
vt 0.972914 0.961339
vt 0.366054 0.192122
vt 0.366635 0.198197
vt 0.365516 0.195656
vt 0.367006 0.200821
vt 0.706998 0.597408
vt 0.696837 0.609126
vt 0.405846 0.578973
vt 0.161366 0.044333
vt 0.700933 0.622401
vt 0.706998 0.623094
vt 0.158997 0.042697
vt 0.403773 0.574663
vt 0.157429 0.045712
vt 0.059113 0.853785
vt 0.071933 0.862355
vt 0.101850 0.563842
vt 0.459079 0.747372
vt 0.457117 0.744851
vt 0.349184 0.773659
vt 0.822247 0.068495
vt 0.519756 0.146832
vt 0.340705 0.757093
vt 0.150569 0.655475
vt 0.181564 0.670353
vt 0.641417 0.378258
vt 0.573461 0.783057
vt 0.596256 0.326370
vt 0.578172 0.318650
vt 0.145690 0.678367
vt 0.172824 0.484838
vt 0.163955 0.485546
vt 0.173311 0.472101
vt 0.962083 0.945442
vt 0.955681 0.942029
vt 0.363128 0.211824
vt 0.959287 0.328741
vt 0.965743 0.968010
vt 0.402618 0.579075
vt 0.960305 0.971595
vt 0.987597 0.482695
vt 0.965164 0.755880
vt 0.975218 0.733117
vt 0.975218 0.766144
vt 0.086655 0.515806
vt 0.082392 0.882236
vt 0.625156 0.180497
vt 0.639091 0.173715
vt 0.456268 0.751971
vt 0.387233 0.029326
vt 0.460003 0.780904
vt 0.805107 0.043371
vt 0.448102 0.060967
vt 0.906736 0.438687
vt 0.921937 0.435718
vt 0.921118 0.441302
vt 0.518334 0.145162
vt 0.521447 0.147140
vt 0.633511 0.351208
vt 0.744119 0.091659
vt 0.583495 0.323060
vt 0.572892 0.318519
vt 0.802159 0.961381
vt 0.815672 0.959071
vt 0.808031 0.964388
vt 0.163955 0.465627
vt 0.701197 0.608873
vt 0.404834 0.580188
vt 0.401785 0.578785
vt 0.161892 0.042381
vt 0.156490 0.043215
vt 0.154135 0.041955
vt 0.755140 0.967044
vt 0.750572 0.969930
vt 0.751740 0.965928
vt 0.415572 0.498939
vt 0.114165 0.572620
vt 0.924128 0.439769
vt 0.667255 0.266844
vt 0.655082 0.258283
vt 0.664443 0.249690
vt 0.806016 0.967081
vt 0.802882 0.967072
vt 0.567524 0.079833
vt 0.566814 0.072405
vt 0.569450 0.069435
vt 0.564348 0.069704
vt 0.563421 0.072980
vt 0.559436 0.079631
vt 0.078336 0.475923
vt 0.077082 0.475105
vt 0.078063 0.473415
vt 0.074825 0.477090
vt 0.081068 0.475869
vt 0.079973 0.477490
vt 0.077755 0.478698
vt 0.442657 0.823143
vt 0.197203 0.090955
vt 0.297435 0.532633
vt 0.432932 0.610715
vt 0.457842 0.747537
vt 0.452767 0.750766
vt 0.765188 0.682240
vt 0.725336 0.667550
vt 0.770271 0.668662
vt 0.276781 0.008359
vt 0.265884 0.021335
vt 0.235205 0.016254
vt 0.348280 0.760283
vt 0.759971 0.100638
vt 0.635203 0.367295
vt 0.936665 0.468950
vt 0.958712 0.444543
vt 0.955195 0.471791
vt 0.435512 0.953210
vt 0.799239 0.025771
vt 0.001136 0.504802
vt 0.000836 0.495492
vt 0.044863 0.504455
vt 0.804107 0.033054
vt 0.826666 0.940229
vt 0.820772 0.963641
vt 0.970187 0.967493
vt 0.564277 0.078789
vt 0.565815 0.073207
vt 0.404725 0.582094
vt 0.952933 0.975631
vt 0.957843 0.976436
vt 0.031636 0.007052
vt 0.031636 0.011004
vt 0.030204 0.008393
vt 0.163683 0.039142
vt 0.748929 0.972134
vt 0.743383 0.966495
vt 0.153045 0.039142
vt 0.209498 0.350624
vt 0.203344 0.348717
vt 0.206716 0.345655
vt 0.212211 0.346359
vt 0.212183 0.341157
vt 0.320876 0.375465
vt 0.339744 0.352876
vt 0.339744 0.392013
vt 0.075593 0.471918
vt 0.072124 0.469549
vt 0.081847 0.479182
vt 0.118292 0.235979
vt 0.117626 0.239139
vt 0.113223 0.241288
vt 0.072124 0.478962
vt 0.185641 0.132249
vt 0.421157 0.487812
vt 0.456427 0.747059
vt 0.303188 0.261274
vt 0.299706 0.281406
vt 0.297191 0.258458
vt 0.368566 0.806686
vt 0.827814 0.069769
vt 0.913629 0.431746
vt 0.343471 0.757023
vt 0.507804 0.144945
vt 0.327365 0.851820
vt 0.000035 0.492482
vt 0.020028 0.492095
vt 0.581839 0.330498
vt 0.032823 0.468019
vt 0.435512 0.904986
vt 0.573225 0.326183
vt 0.778475 0.041716
vt 0.569600 0.320103
vt 0.397076 0.581732
vt 0.397155 0.579441
vt 0.399257 0.579854
vt 0.809478 0.965798
vt 0.813677 0.963825
vt 0.568837 0.083701
vt 0.565138 0.080374
vt 0.812632 0.965209
vt 0.815849 0.965379
vt 0.818212 0.965115
vt 0.340959 0.415293
vt 0.342126 0.415847
vt 0.341733 0.419138
vt 0.495991 0.264452
vt 0.496013 0.260675
vt 0.497279 0.264117
vt 0.502051 0.263819
vt 0.501863 0.260422
vt 0.406738 0.583766
vt 0.961417 0.976459
vt 0.494621 0.265468
vt 0.491796 0.265057
vt 0.747851 0.963316
vt 0.747501 0.956115
vt 0.751099 0.959298
vt 0.217643 0.345972
vt 0.460640 0.295906
vt 0.466115 0.291212
vt 0.463353 0.296293
vt 0.042514 0.246447
vt 0.045710 0.248850
vt 0.043138 0.248692
vt 0.463639 0.299760
vt 0.078391 0.468596
vt 0.459806 0.293993
vt 0.457751 0.294908
vt 0.115359 0.242106
vt 0.080226 0.482000
vt 0.080436 0.480455
vt 0.176505 0.085248
vt 0.404261 0.521147
vt 0.455043 0.746452
vt 0.396739 0.041716
vt 0.400361 0.565706
vt 0.278348 0.000287
vt 0.286391 0.009965
vt 0.745860 0.626903
vt 0.515890 0.137944
vt 0.522945 0.142532
vt 0.459411 0.059291
vt 0.634384 0.357710
vt 0.629040 0.354440
vt 0.579055 0.790838
vt 0.733486 0.087595
vt 0.575918 0.326829
vt 0.564303 0.082967
vt 0.566422 0.086048
vt 0.569196 0.086431
vt 0.569450 0.089406
vt 0.567648 0.087735
vt 0.343663 0.416361
vt 0.822176 0.969358
vt 0.951597 0.974690
vt 0.231217 0.419388
vt 0.235208 0.437158
vt 0.231217 0.441530
vt 0.408519 0.591458
vt 0.951145 0.977894
vt 0.947257 0.980999
vt 0.949546 0.977493
vt 0.467250 0.293362
vt 0.113684 0.246212
vt 0.114289 0.242706
vt 0.117238 0.246093
vt 0.083733 0.474527
vt 0.085280 0.477303
vt 0.217394 0.350198
vt 0.219010 0.346060
vt 0.118292 0.245754
vt 0.072695 0.484154
vt 0.083231 0.480226
vt 0.001131 0.665734
vt 0.758864 0.255131
vt 0.174167 0.172623
vt 0.168679 0.162499
vt 0.092591 0.898200
vt 0.614027 0.185203
vt 0.410800 0.572429
vt 0.406728 0.569120
vt 0.412727 0.585605
vt 0.855420 0.779591
vt 0.855722 0.768659
vt 0.868903 0.776940
vt 0.301998 0.256532
vt 0.299535 0.256179
vt 0.292484 0.252550
vt 0.297325 0.256917
vt 0.287767 0.258186
vt 0.754082 0.663175
vt 0.280549 0.011584
vt 0.909019 0.422174
vt 0.922794 0.427500
vt 0.927809 0.438702
vt 0.599495 0.333329
vt 0.570355 0.794046
vt 0.564565 0.791922
vt 0.632298 0.357895
vt 0.575785 0.790652
vt 0.178813 0.310777
vt 0.178813 0.359001
vt 0.161790 0.332984
vt 0.576765 0.792630
vt 0.499534 0.258011
vt 0.826015 0.966583
vt 0.948005 0.976884
vt 0.953464 0.442151
vt 0.933906 0.464063
vt 0.933906 0.424926
vt 0.339692 0.425509
vt 0.342257 0.422420
vt 0.342796 0.426833
vt 0.213200 0.356663
vt 0.216527 0.354849
vt 0.221453 0.335769
vt 0.751224 0.949336
vt 0.078851 0.485546
vt 0.072706 0.485370
vt 0.084918 0.473333
vt 0.463585 0.289184
vt 0.458727 0.288977
vt 0.046113 0.251169
vt 0.042514 0.254464
vt 0.604623 0.327221
vt 0.601417 0.328679
vt 0.602327 0.324602
vt 0.600047 0.319448
vt 0.605859 0.323272
vt 0.025919 0.236927
vt 0.024582 0.237523
vt 0.022548 0.234102
vt 0.524059 0.328741
vt 0.499186 0.307012
vt 0.524059 0.298945
vt 0.094523 0.506178
vt 0.094523 0.474867
vt 0.096284 0.481355
vt 0.781259 0.266283
vt 0.453972 0.714386
vt 0.454440 0.723664
vt 0.621578 0.173830
vt 0.109325 0.580493
vt 0.447382 0.741988
vt 0.293539 0.255321
vt 0.770271 0.612653
vt 0.837669 0.070150
vt 0.620423 0.319013
vt 0.326285 0.868513
vt 0.621192 0.349958
vt 0.597600 0.803249
vt 0.347301 0.415851
vt 0.345683 0.425583
vt 0.349373 0.413953
vt 0.491796 0.249728
vt 0.742294 0.969263
vt 0.737836 0.960381
vt 0.953214 0.978529
vt 0.338760 0.421254
vt 0.949036 0.981425
vt 0.826666 0.976593
vt 0.942569 0.982095
vt 0.344688 0.431902
vt 0.219977 0.353623
vt 0.467666 0.298030
vt 0.468150 0.299855
vt 0.049517 0.250966
vt 0.220080 0.351698
vt 0.606371 0.320907
vt 0.143016 0.456661
vt 0.140388 0.453350
vt 0.142606 0.453243
vt 0.030031 0.236139
vt 0.029340 0.241228
vt 0.137510 0.456447
vt 0.139063 0.453752
vt 0.971091 0.445012
vt 0.971091 0.481419
vt 0.958741 0.452646
vt 0.804658 0.276960
vt 0.484008 0.947417
vt 0.469577 0.933919
vt 0.484769 0.911135
vt 0.070222 0.668435
vt 0.067467 0.660471
vt 0.071732 0.650279
vt 0.449368 0.727471
vt 0.932751 0.161885
vt 0.930543 0.138169
vt 0.946333 0.148213
vt 0.635709 0.163382
vt 0.401828 0.007001
vt 0.310171 0.533688
vt 0.295581 0.009284
vt 0.301157 0.002567
vt 0.566225 0.793518
vt 0.632734 0.360905
vt 0.492014 0.148184
vt 0.666573 0.243932
vt 0.656200 0.249181
vt 0.583063 0.798705
vt 0.589371 0.800104
vt 0.740508 0.970442
vt 0.776179 0.046071
vt 0.256194 0.921744
vt 0.263233 0.918973
vt 0.270271 0.918019
vt 0.546067 0.325990
vt 0.542958 0.319848
vt 0.545879 0.314994
vt 0.221453 0.361752
vt 0.270720 0.916662
vt 0.262187 0.915059
vt 0.269478 0.914327
vt 0.267437 0.912258
vt 0.469577 0.286571
vt 0.467738 0.291140
vt 0.609960 0.328741
vt 0.607740 0.327997
vt 0.140139 0.448934
vt 0.144415 0.450168
vt 0.147177 0.452299
vt 0.027176 0.240530
vt 0.177108 0.082492
vt 0.186729 0.155108
vt 0.083168 0.866061
vt 0.187516 0.019477
vt 0.181921 0.017229
vt 0.615935 0.178307
vt 0.936578 0.165299
vt 0.299459 0.237188
vt 0.303294 0.240745
vt 0.399282 0.016755
vt 0.519696 0.128998
vt 0.513406 0.130259
vt 0.924286 0.430759
vt 0.929827 0.435012
vt 0.630663 0.360347
vt 0.305580 0.885811
vt 0.571266 0.802667
vt 0.573880 0.329672
vt 0.610715 0.798165
vt 0.736266 0.972467
vt 0.002596 0.256657
vt 0.007242 0.266696
vt 0.001114 0.265745
vt 0.467967 0.284826
vt 0.469706 0.284948
vt 0.469510 0.297112
vt 0.610494 0.323163
vt 0.466156 0.286004
vt 0.460900 0.287248
vt 0.469667 0.299824
vt 0.463708 0.287114
vt 0.026381 0.242406
vt 0.022548 0.239925
vt 0.603438 0.318540
vt 0.674100 0.954193
vt 0.686366 0.975036
vt 0.680010 0.977227
vt 0.928451 0.526523
vt 0.413622 0.498075
vt 0.307040 0.009150
vt 0.868809 0.753655
vt 0.746925 0.614481
vt 0.759221 0.609798
vt 0.352319 0.766339
vt 0.620917 0.328537
vt 0.734743 0.095913
vt 0.860863 0.797764
vt 0.866327 0.791792
vt 0.873771 0.804985
vt 0.869599 0.789501
vt 0.862367 0.789381
vt 0.278707 0.937006
vt 0.256194 0.952716
vt 0.672836 0.265098
vt 0.192568 0.537972
vt 0.192568 0.557071
vt 0.187216 0.540624
vt 0.040761 0.475438
vt 0.349373 0.429157
vt 0.466917 0.279919
vt 0.464279 0.281132
vt 0.465514 0.279892
vt 0.468043 0.282697
vt 0.471791 0.296530
vt 0.543757 0.310461
vt 0.541797 0.313331
vt 0.469714 0.283433
vt 0.005232 0.255773
vt 0.460341 0.284602
vt 0.544767 0.306409
vt 0.546067 0.307562
vt 0.612090 0.327335
vt 0.141917 0.445693
vt 0.135469 0.410358
vt 0.139492 0.408593
vt 0.138653 0.410599
vt 0.030261 0.244836
vt 0.134595 0.409285
vt 0.137932 0.406771
vt 0.135356 0.409396
vt 0.604487 0.317533
vt 0.788016 0.259246
vt 0.093806 0.873981
vt 0.087900 0.581375
vt 0.279200 0.265614
vt 0.298812 0.298458
vt 0.870483 0.783877
vt 0.860818 0.782212
vt 0.862242 0.779827
vt 0.569467 0.798288
vt 0.671073 0.249472
vt 0.801644 0.039702
vt 0.043747 0.491571
vt 0.765986 0.045254
vt 0.540685 0.307794
vt 0.011452 0.260192
vt 0.137510 0.444420
vt 0.612090 0.320284
vt 0.273035 0.562496
vt 0.267186 0.561945
vt 0.268302 0.556969
vt 0.511384 0.396933
vt 0.515844 0.397953
vt 0.515187 0.400497
vt 0.130541 0.411621
vt 0.128208 0.410063
vt 0.515206 0.396178
vt 0.518526 0.397001
vt 0.602725 0.315630
vt 0.126485 0.411821
vt 0.126891 0.413331
vt 0.097102 0.468797
vt 0.791052 0.258976
vt 0.460713 0.958712
vt 0.074615 0.855041
vt 0.921576 0.142546
vt 0.051630 0.673944
vt 0.620599 0.170996
vt 0.401603 0.011266
vt 0.739777 0.611292
vt 0.281811 0.012694
vt 0.770271 0.141675
vt 0.755850 0.111093
vt 0.778811 0.330716
vt 0.783569 0.341740
vt 0.774962 0.332266
vt 0.595061 0.339120
vt 0.563784 0.799214
vt 0.872771 0.789134
vt 0.571500 0.335917
vt 0.569352 0.334703
vt 0.312648 0.631988
vt 0.315608 0.624693
vt 0.332154 0.627522
vt 0.593789 0.804537
vt 0.048644 0.485088
vt 0.773551 0.047615
vt 0.040968 0.468365
vt 0.042735 0.476520
vt 0.470787 0.277207
vt 0.537021 0.310990
vt 0.011490 0.265474
vt 0.471791 0.279982
vt 0.011184 0.256065
vt 0.006954 0.252002
vt 0.010420 0.252511
vt 0.145601 0.447134
vt 0.133511 0.413531
vt 0.519766 0.401574
vt 0.521278 0.399525
vt 0.122392 0.413598
vt 0.686366 0.948888
vt 0.185349 0.085606
vt 0.193146 0.102794
vt 0.102371 0.896367
vt 0.447117 0.712033
vt 0.635732 0.160995
vt 0.404392 0.009110
vt 0.297197 0.011432
vt 0.287324 0.255244
vt 0.275522 0.021089
vt 0.594195 0.299377
vt 0.376882 0.802342
vt 0.792760 0.316654
vt 0.784327 0.322314
vt 0.785971 0.302868
vt 0.616406 0.341395
vt 0.793576 0.046163
vt 0.465095 0.277776
vt 0.142849 0.439436
vt 0.144204 0.443497
vt 0.013755 0.258311
vt 0.011049 0.249063
vt 0.140836 0.442672
vt 0.138208 0.415150
vt 0.129166 0.417185
vt 0.515335 0.403559
vt 0.522684 0.390374
vt 0.120309 0.411241
vt 0.124971 0.418897
vt 0.339147 0.564645
vt 0.336852 0.565262
vt 0.338496 0.562460
vt 0.335646 0.562173
vt 0.665557 0.980720
vt 0.879954 0.624987
vt 0.895440 0.622175
vt 0.887497 0.636865
vt 0.782278 0.248837
vt 0.289266 0.236451
vt 0.880309 0.741538
vt 0.857189 0.726356
vt 0.844578 0.762165
vt 0.842833 0.776357
vt 0.275507 0.036623
vt 0.733162 0.645851
vt 0.256855 0.301919
vt 0.250289 0.274248
vt 0.878303 0.801932
vt 0.875076 0.795384
vt 0.598472 0.804922
vt 0.013755 0.269595
vt 0.544837 0.303363
vt 0.135624 0.432209
vt 0.133739 0.434258
vt 0.134012 0.429116
vt 0.140299 0.061876
vt 0.138696 0.066023
vt 0.138696 0.058614
vt 0.592286 0.519933
vt 0.589477 0.516485
vt 0.594030 0.515513
vt 0.512682 0.402296
vt 0.755140 0.934817
vt 0.276472 0.547961
vt 0.132348 0.416161
vt 0.115982 0.407134
vt 0.560942 0.967352
vt 0.565451 0.976604
vt 0.561573 0.976997
vt 0.568744 0.977382
vt 0.122519 0.416950
vt 0.589477 0.502598
vt 0.592546 0.502707
vt 0.595347 0.506886
vt 0.563283 0.979741
vt 0.937887 0.041836
vt 0.947708 0.089406
vt 0.928467 0.073471
vt 0.433664 0.525919
vt 0.434541 0.529134
vt 0.433539 0.529218
vt 0.434518 0.532678
vt 0.594559 0.437404
vt 0.594828 0.434661
vt 0.599657 0.436769
vt 0.430559 0.524767
vt 0.337072 0.560225
vt 0.331671 0.565938
vt 0.332164 0.563567
vt 0.332059 0.568440
vt 0.424722 0.531145
vt 0.428007 0.525458
vt 0.427216 0.530413
vt 0.429500 0.528770
vt 0.340177 0.554564
vt 0.339952 0.557901
vt 0.337660 0.556108
vt 0.430270 0.532824
vt 0.334151 0.558240
vt 0.113044 0.469248
vt 0.885586 0.612915
vt 0.397852 0.515832
vt 0.394649 0.490877
vt 0.298529 0.220739
vt 0.858594 0.750436
vt 0.709559 0.633900
vt 0.781410 0.324295
vt 0.790132 0.342504
vt 0.655082 0.221586
vt 0.677187 0.243925
vt 0.331180 0.614406
vt 0.282533 0.945659
vt 0.285518 0.947806
vt 0.292279 0.955961
vt 0.056741 0.486938
vt 0.540208 0.301552
vt 0.135069 0.419165
vt 0.140299 0.422008
vt 0.133314 0.417107
vt 0.132642 0.434653
vt 0.276472 0.568075
vt 0.592427 0.514232
vt 0.594582 0.514189
vt 0.519463 0.403765
vt 0.522684 0.405768
vt 0.597498 0.504327
vt 0.594209 0.002752
vt 0.590836 0.006543
vt 0.587969 0.007885
vt 0.437532 0.531505
vt 0.436290 0.535693
vt 0.438779 0.536438
vt 0.341029 0.560403
vt 0.330991 0.560521
vt 0.424105 0.524220
vt 0.335789 0.555466
vt 0.333588 0.550249
vt 0.947708 0.053000
vt 0.173311 0.243461
vt 0.167809 0.231866
vt 0.173311 0.214530
vt 0.204654 0.036044
vt 0.090860 0.669114
vt 0.079883 0.689508
vt 0.197986 0.029077
vt 0.058034 0.690411
vt 0.619569 0.168201
vt 0.810934 0.003533
vt 0.837669 0.011890
vt 0.803817 0.322189
vt 0.487890 0.125027
vt 0.519469 0.118901
vt 0.485379 0.137748
vt 0.565757 0.806233
vt 0.950529 0.433129
vt 0.280978 0.941109
vt 0.339744 0.634098
vt 0.128981 0.424507
vt 0.131389 0.420390
vt 0.128407 0.429093
vt 0.596701 0.511520
vt 0.599007 0.513671
vt 0.592782 0.508734
vt 0.595427 0.509313
vt 0.597315 0.507892
vt 0.565144 0.983933
vt 0.572240 0.977626
vt 0.117642 0.413563
vt 0.567038 0.980389
vt 0.115833 0.410770
vt 0.568892 0.978912
vt 0.115968 0.409681
vt 0.116687 0.407849
vt 0.437111 0.522636
vt 0.601139 0.431930
vt 0.600917 0.503254
vt 0.607964 0.500671
vt 0.604913 0.502872
vt 0.330655 0.568129
vt 0.607305 0.503202
vt 0.327384 0.564352
vt 0.328824 0.572201
vt 0.328033 0.570488
vt 0.326673 0.562160
vt 0.329257 0.558388
vt 0.335749 0.548125
vt 0.341120 0.548073
vt 0.761952 0.863328
vt 0.758977 0.875883
vt 0.759830 0.867979
vt 0.497520 0.941002
vt 0.195617 0.085674
vt 0.094074 0.866632
vt 0.291128 0.217809
vt 0.932508 0.187066
vt 0.264413 0.259810
vt 0.876893 0.734123
vt 0.873217 0.727246
vt 0.611500 0.948474
vt 0.638224 0.970201
vt 0.611500 0.984846
vt 0.794260 0.337909
vt 0.480985 0.146397
vt 0.564973 0.339493
vt 0.608689 0.808160
vt 0.605156 0.817803
vt 0.282980 0.942592
vt 0.053621 0.480693
vt 0.125082 0.422673
vt 0.601168 0.510251
vt 0.123816 0.426121
vt 0.570700 0.981874
vt 0.590072 0.009264
vt 0.591495 0.013999
vt 0.594209 0.010539
vt 0.603283 0.500810
vt 0.593294 0.008652
vt 0.449664 0.241901
vt 0.447104 0.246659
vt 0.447492 0.242677
vt 0.326881 0.566996
vt 0.451159 0.239500
vt 0.448491 0.240224
vt 0.326496 0.569130
vt 0.448879 0.237061
vt 0.748363 0.850719
vt 0.330529 0.555726
vt 0.099934 0.500053
vt 0.100091 0.496950
vt 0.103019 0.496894
vt 0.958712 0.545039
vt 0.929827 0.814186
vt 0.902276 0.814286
vt 0.922885 0.792213
vt 0.283071 0.179852
vt 0.276071 0.206401
vt 0.267322 0.188345
vt 0.302460 0.029342
vt 0.314209 0.008910
vt 0.827123 0.007416
vt 0.599711 0.344397
vt 0.571770 0.808770
vt 0.686088 0.257918
vt 0.805257 0.056620
vt 0.799091 0.051543
vt 0.592833 0.983274
vt 0.592833 0.967404
vt 0.284354 0.907262
vt 0.587353 0.012560
vt 0.588756 0.015696
vt 0.115130 0.413058
vt 0.571658 0.989318
vt 0.586739 0.008155
vt 0.057770 0.003137
vt 0.056976 0.006877
vt 0.052540 0.006877
vt 0.324984 0.566529
vt 0.444505 0.237886
vt 0.446147 0.238947
vt 0.325546 0.568067
vt 0.107553 0.498374
vt 0.106297 0.492994
vt 0.110039 0.496486
vt 0.324531 0.563349
vt 0.324646 0.561766
vt 0.331800 0.552117
vt 0.499643 0.928079
vt 0.789975 0.253977
vt 0.865318 0.630461
vt 0.868617 0.614572
vt 0.101371 0.852425
vt 0.201429 0.022570
vt 0.480508 0.911945
vt 0.475722 0.894324
vt 0.492397 0.902667
vt 0.035785 0.678283
vt 0.030277 0.673588
vt 0.259825 0.269167
vt 0.266370 0.048830
vt 0.878117 0.813777
vt 0.889452 0.796174
vt 0.878512 0.784544
vt 0.856788 0.582518
vt 0.856543 0.586360
vt 0.846718 0.572060
vt 0.883414 0.788489
vt 0.943987 0.428202
vt 0.292978 0.948972
vt 0.784598 0.061875
vt 0.285017 0.938593
vt 0.600911 0.500783
vt 0.601102 0.425474
vt 0.584442 0.006882
vt 0.445540 0.248811
vt 0.034387 0.015130
vt 0.032727 0.012682
vt 0.034387 0.009150
vt 0.005270 0.074908
vt 0.003137 0.075125
vt 0.005502 0.072400
vt 0.322953 0.564874
vt 0.320919 0.562125
vt 0.322579 0.554329
vt 0.325949 0.553986
vt 0.323960 0.558350
vt 0.325932 0.549633
vt 0.097813 0.496378
vt 0.100759 0.494515
vt 0.097648 0.498610
vt 0.097603 0.502051
vt 0.599011 0.075652
vt 0.599981 0.071516
vt 0.601354 0.074467
vt 0.251737 0.009628
vt 0.253450 0.004018
vt 0.253503 0.006731
vt 0.251183 0.006484
vt 0.200596 0.143669
vt 0.103161 0.868770
vt 0.274970 0.228347
vt 0.921576 0.186513
vt 0.886920 0.790843
vt 0.568953 0.810823
vt 0.578718 0.815924
vt 0.314277 0.616879
vt 0.317635 0.615505
vt 0.321883 0.615420
vt 0.052411 0.471628
vt 0.741219 0.837180
vt 0.481087 0.486488
vt 0.481286 0.482628
vt 0.484170 0.486495
vt 0.632722 0.691868
vt 0.618155 0.665044
vt 0.632722 0.653968
vt 0.592547 0.021943
vt 0.583519 0.023383
vt 0.477274 0.486269
vt 0.476533 0.488902
vt 0.480531 0.491048
vt 0.583869 0.011189
vt 0.592049 0.429275
vt 0.597360 0.423221
vt 0.446604 0.249794
vt 0.752093 0.870493
vt 0.579745 0.009168
vt 0.579018 0.004529
vt 0.005502 0.078403
vt 0.323745 0.567650
vt 0.320919 0.557558
vt 0.324456 0.551680
vt 0.103131 0.491330
vt 0.574496 0.082749
vt 0.591458 0.120445
vt 0.574496 0.121043
vt 0.255413 0.006697
vt 0.257459 0.008113
vt 0.591095 0.087438
vt 0.251183 0.000528
vt 0.254676 0.005840
vt 0.488750 0.888424
vt 0.758322 0.462917
vt 0.767520 0.448707
vt 0.765961 0.459943
vt 0.290815 0.044841
vt 0.855907 0.721002
vt 0.724899 0.450126
vt 0.760614 0.470415
vt 0.718252 0.648630
vt 0.683669 0.233041
vt 0.798041 0.343871
vt 0.946797 0.044015
vt 0.947371 0.029981
vt 0.952485 0.025388
vt 0.574054 0.346622
vt 0.469605 0.128607
vt 0.559416 0.812762
vt 0.564307 0.341672
vt 0.313264 0.613957
vt 0.317349 0.613076
vt 0.861124 0.587435
vt 0.763913 0.048398
vt 0.767352 0.066693
vt 0.763763 0.062514
vt 0.768895 0.843621
vt 0.963428 0.576327
vt 0.966737 0.557910
vt 0.969716 0.574346
vt 0.577788 0.986811
vt 0.478945 0.479123
vt 0.476566 0.479684
vt 0.474917 0.481407
vt 0.092845 0.504802
vt 0.115130 0.429125
vt 0.053761 0.001597
vt 0.052293 0.000237
vt 0.438779 0.520904
vt 0.447412 0.249833
vt 0.000733 0.416771
vt 0.000733 0.399387
vt 0.002751 0.413111
vt 0.575744 0.000760
vt 0.257051 0.004125
vt 0.595525 0.069662
vt 0.255528 0.004704
vt 0.258591 0.000278
vt 0.192588 0.086916
vt 0.372397 0.416821
vt 0.369545 0.419698
vt 0.369853 0.414345
vt 0.015006 0.026134
vt 0.015006 0.022814
vt 0.016506 0.024015
vt 0.878227 0.635748
vt 0.330113 0.012703
vt 0.323179 0.033994
vt 0.524059 0.086417
vt 0.493620 0.100704
vt 0.605044 0.331547
vt 0.798621 0.341037
vt 0.566044 0.816698
vt 0.578285 0.823133
vt 0.583047 0.017108
vt 0.582789 0.014746
vt 0.567141 0.989194
vt 0.567151 0.991528
vt 0.580977 0.011094
vt 0.599430 0.422074
vt 0.565713 0.990652
vt 0.602025 0.420780
vt 0.606594 0.425349
vt 0.604524 0.426587
vt 0.283350 0.277658
vt 0.277735 0.280686
vt 0.280010 0.274650
vt 0.608849 0.422305
vt 0.610715 0.424418
vt 0.444505 0.253089
vt 0.139714 0.242085
vt 0.140941 0.238797
vt 0.140909 0.241635
vt 0.105922 0.490718
vt 0.143842 0.238764
vt 0.097603 0.493309
vt 0.001266 0.844299
vt 0.004126 0.882370
vt 0.001266 0.882590
vt 0.448489 0.264383
vt 0.450333 0.266546
vt 0.445595 0.301919
vt 0.454953 0.274549
vt 0.457061 0.291453
vt 0.796559 0.246661
vt 0.373065 0.419138
vt 0.370709 0.412453
vt 0.376337 0.413583
vt 0.370943 0.422562
vt 0.754342 0.226336
vt 0.839134 0.734575
vt 0.275798 0.041454
vt 0.885061 0.787816
vt 0.470328 0.137875
vt 0.319798 0.612081
vt 0.009903 0.027510
vt 0.009903 0.001447
vt 0.013755 0.011091
vt 0.690470 0.249403
vt 0.322606 0.613225
vt 0.327367 0.612389
vt 0.054577 0.470763
vt 0.475089 0.478375
vt 0.575447 0.991408
vt 0.963428 0.539781
vt 0.481410 0.475553
vt 0.573491 0.991778
vt 0.002442 0.522809
vt 0.008012 0.521556
vt 0.000384 0.528186
vt 0.473395 0.485931
vt 0.571160 0.993840
vt 0.567234 0.993528
vt 0.475243 0.490899
vt 0.472398 0.490829
vt 0.577102 0.012668
vt 0.564624 0.993201
vt 0.280945 0.282059
vt 0.109069 0.490615
vt 0.205139 0.623807
vt 0.207698 0.620031
vt 0.206230 0.625845
vt 0.283244 0.282296
vt 0.281310 0.284920
vt 0.104050 0.486956
vt 0.202587 0.620949
vt 0.205588 0.615172
vt 0.202475 0.616364
vt 0.272955 0.295971
vt 0.268084 0.301231
vt 0.266864 0.294766
vt 0.204740 0.612941
vt 0.207698 0.611448
vt 0.917184 0.836915
vt 0.919616 0.839037
vt 0.913556 0.839692
vt 0.965234 0.943876
vt 0.967479 0.926774
vt 0.983925 0.925193
vt 0.904698 0.798020
vt 0.803084 0.248733
vt 0.895440 0.653841
vt 0.378407 0.415825
vt 0.198348 0.156637
vt 0.200260 0.167128
vt 0.454847 0.911945
vt 0.039955 0.685485
vt 0.336585 0.035033
vt 0.837034 0.781275
vt 0.951927 0.020209
vt 0.810160 0.059939
vt 0.800662 0.062455
vt 0.689312 0.255497
vt 0.412179 0.353010
vt 0.409278 0.342174
vt 0.415396 0.339956
vt 0.576966 0.993865
vt 0.408880 0.336361
vt 0.409244 0.333234
vt 0.411214 0.333899
vt 0.473016 0.487968
vt 0.171935 0.353049
vt 0.167342 0.363128
vt 0.167342 0.345457
vt 0.000384 0.506030
vt 0.008253 0.518325
vt 0.003625 0.518411
vt 0.592305 0.417981
vt 0.202539 0.624604
vt 0.139714 0.232713
vt 0.142057 0.233874
vt 0.144426 0.233409
vt 0.321000 0.549568
vt 0.599634 0.065417
vt 0.621111 0.647913
vt 0.201049 0.612104
vt 0.920199 0.842579
vt 0.459034 0.279419
vt 0.379286 0.413429
vt 0.379098 0.411941
vt 0.342495 0.008546
vt 0.315710 0.044660
vt 0.837079 0.073045
vt 0.843227 0.075093
vt 0.851426 0.091589
vt 0.807426 0.337731
vt 0.803804 0.342259
vt 0.891102 0.806673
vt 0.123431 0.525995
vt 0.132079 0.525143
vt 0.133836 0.529561
vt 0.568946 0.823182
vt 0.890639 0.792242
vt 0.315538 0.609539
vt 0.317646 0.610555
vt 0.319230 0.610065
vt 0.324790 0.610298
vt 0.470488 0.476566
vt 0.476122 0.474976
vt 0.574863 0.995093
vt 0.573390 0.996109
vt 0.471222 0.483557
vt 0.470488 0.486925
vt 0.568766 0.997612
vt 0.567337 0.999976
vt 0.567292 0.996395
vt 0.565771 0.996434
vt 0.579198 0.015560
vt 0.218221 0.097587
vt 0.220077 0.106938
vt 0.218221 0.108663
vt 0.598948 0.419979
vt 0.274322 0.277753
vt 0.601062 0.417981
vt 0.602586 0.418598
vt 0.268767 0.288939
vt 0.274734 0.293155
vt 0.100727 0.483469
vt 0.606588 0.060653
vt 0.599693 0.062863
vt 0.595637 0.062798
vt 0.198098 0.612585
vt 0.598607 0.063551
vt 0.917078 0.844288
vt 0.919827 0.844801
vt 0.915520 0.824617
vt 0.162307 0.477293
vt 0.145937 0.477293
vt 0.148089 0.453324
vt 0.984846 0.926383
vt 0.481419 0.798147
vt 0.465632 0.810382
vt 0.504802 0.953492
vt 0.379337 0.418482
vt 0.377540 0.418357
vt 0.379376 0.420451
vt 0.865312 0.637714
vt 0.540893 0.792882
vt 0.514061 0.797780
vt 0.515985 0.792562
vt 0.550007 0.307083
vt 0.574834 0.313217
vt 0.556406 0.328741
vt 0.273983 0.639950
vt 0.264522 0.608312
vt 0.279007 0.619235
vt 0.817135 0.329950
vt 0.809077 0.335706
vt 0.889956 0.781444
vt 0.893433 0.786728
vt 0.591428 0.827576
vt 0.134597 0.524349
vt 0.894754 0.795084
vt 0.312648 0.608271
vt 0.324755 0.608223
vt 0.763731 0.065437
vt 0.220452 0.038330
vt 0.224378 0.034863
vt 0.222363 0.039487
vt 0.648698 0.376718
vt 0.648304 0.374958
vt 0.654509 0.375876
vt 0.647017 0.378487
vt 0.648063 0.381796
vt 0.644202 0.379897
vt 0.275405 0.284905
vt 0.278407 0.286827
vt 0.267230 0.286906
vt 0.268672 0.285371
vt 0.274600 0.288645
vt 0.068774 0.639600
vt 0.062493 0.633076
vt 0.068774 0.609845
vt 0.102657 0.480242
vt 0.280097 0.290844
vt 0.199602 0.616917
vt 0.909324 0.787306
vt 0.904218 0.781743
vt 0.906201 0.784318
vt 0.900697 0.782325
vt 0.383760 0.417010
vt 0.903561 0.779610
vt 0.381537 0.407233
vt 0.795771 0.242252
vt 0.798220 0.239564
vt 0.260406 0.211948
vt 0.258332 0.245206
vt 0.761216 0.444143
vt 0.074689 0.851453
vt 0.095982 0.836384
vt 0.081833 0.854175
vt 0.257752 0.268359
vt 0.269250 0.645990
vt 0.271378 0.646956
vt 0.790903 0.138101
vt 0.789290 0.152667
vt 0.772161 0.141215
vt 0.664195 0.188227
vt 0.011004 0.412645
vt 0.005582 0.410483
vt 0.008233 0.401291
vt 0.132443 0.521854
vt 0.893653 0.790087
vt 0.695130 0.257774
vt 0.696778 0.259824
vt 0.861179 0.592159
vt 0.695669 0.246161
vt 0.873585 0.585862
vt 0.868991 0.595773
vt 0.403824 0.346797
vt 0.404941 0.340970
vt 0.405913 0.329092
vt 0.743079 0.855754
vt 0.407843 0.326506
vt 0.409083 0.331032
vt 0.650083 0.378766
vt 0.226027 0.035364
vt 0.220926 0.042640
vt 0.225630 0.038538
vt 0.643821 0.261342
vt 0.643821 0.242230
vt 0.658857 0.252784
vt 0.272299 0.283847
vt 0.198434 0.623471
vt 0.279645 0.292814
vt 0.593610 0.060653
vt 0.279874 0.295750
vt 0.196692 0.616892
vt 0.918243 0.849522
vt 0.913675 0.850840
vt 0.906175 0.834560
vt 0.904490 0.839634
vt 0.980821 0.948881
vt 0.499968 0.957142
vt 0.487366 0.958712
vt 0.572416 0.591791
vt 0.582025 0.592826
vt 0.572416 0.602061
vt 0.906586 0.780776
vt 0.381986 0.418801
vt 0.382342 0.421278
vt 0.381882 0.424745
vt 0.867938 0.645476
vt 0.798808 0.241037
vt 0.264420 0.181845
vt 0.038542 0.690231
vt 0.769512 0.146417
vt 0.821163 0.329929
vt 0.821163 0.276069
vt 0.885115 0.836294
vt 0.954002 0.016318
vt 0.809621 0.342567
vt 0.123431 0.516303
vt 0.894404 0.798960
vt 0.318353 0.603668
vt 0.856162 0.616871
vt 0.846718 0.604476
vt 0.858601 0.615232
vt 0.873116 0.590003
vt 0.336511 0.607581
vt 0.265545 0.346391
vt 0.279223 0.346391
vt 0.278877 0.362244
vt 0.404003 0.336995
vt 0.404613 0.331993
vt 0.220044 0.034618
vt 0.406557 0.324519
vt 0.228145 0.036518
vt 0.229212 0.038653
vt 0.225763 0.040270
vt 0.644514 0.384404
vt 0.904850 0.815921
vt 0.903599 0.831759
vt 0.277933 0.291217
vt 0.283350 0.294448
vt 0.581170 0.601398
vt 0.910174 0.782416
vt 0.905824 0.786103
vt 0.904622 0.787535
vt 0.903717 0.785670
vt 0.903652 0.777943
vt 0.383760 0.425024
vt 0.801512 0.240228
vt 0.203678 0.153725
vt 0.205694 0.032032
vt 0.791362 0.236802
vt 0.532134 0.786960
vt 0.550412 0.296647
vt 0.254378 0.256639
vt 0.790308 0.146913
vt 0.005484 0.397460
vt 0.015671 0.206848
vt 0.017527 0.214875
vt 0.015671 0.218702
vt 0.356999 0.090782
vt 0.366094 0.051142
vt 0.373590 0.055810
vt 0.137548 0.520833
vt 0.137339 0.526700
vt 0.798172 0.070150
vt 0.803872 0.063981
vt 0.127920 0.607964
vt 0.118708 0.582442
vt 0.127920 0.569628
vt 0.696784 0.248039
vt 0.398775 0.360377
vt 0.271664 0.364503
vt 0.402233 0.320993
vt 0.401940 0.325368
vt 0.402010 0.327118
vt 0.401296 0.245681
vt 0.447884 0.256046
vt 0.922949 0.774977
vt 0.574750 0.604284
vt 0.907462 0.777563
vt 0.909211 0.780153
vt 0.803931 0.240970
vt 0.904676 0.777069
vt 0.539233 0.294515
vt 0.537995 0.289336
vt 0.545423 0.291265
vt 0.446535 0.906645
vt 0.274837 0.656044
vt 0.265722 0.650917
vt 0.277077 0.646806
vt 0.719146 0.466262
vt 0.716936 0.460455
vt 0.710778 0.444885
vt 0.681477 0.214297
vt 0.201256 0.948420
vt 0.206137 0.939832
vt 0.207284 0.947951
vt 0.020632 0.208733
vt 0.897161 0.792692
vt 0.272344 0.956799
vt 0.265133 0.955249
vt 0.273721 0.949102
vt 0.696335 0.244473
vt 0.188441 0.207698
vt 0.172960 0.207698
vt 0.183737 0.185277
vt 0.223804 0.032005
vt 0.229550 0.032748
vt 0.242408 0.034763
vt 0.237086 0.034185
vt 0.239538 0.032913
vt 0.653504 0.380635
vt 0.650490 0.382469
vt 0.230757 0.035079
vt 0.648666 0.383725
vt 0.235934 0.032225
vt 0.235480 0.034229
vt 0.232644 0.033464
vt 0.059028 0.031351
vt 0.063272 0.029161
vt 0.063272 0.035763
vt 0.646537 0.389169
vt 0.638872 0.387655
vt 0.917515 0.853617
vt 0.898486 0.838448
vt 0.003246 0.898191
vt 0.927031 0.831509
vt 0.925130 0.832747
vt 0.922611 0.816381
vt 0.475152 0.268080
vt 0.911879 0.778301
vt 0.383556 0.420665
vt 0.569458 0.307620
vt 0.250289 0.226839
vt 0.304935 0.787245
vt 0.297803 0.814286
vt 0.275581 0.809607
vt 0.304482 0.048830
vt 0.853602 0.062444
vt 0.850551 0.074340
vt 0.276916 0.636484
vt 0.059643 0.227949
vt 0.054398 0.223321
vt 0.061897 0.222209
vt 0.052096 0.222311
vt 0.056491 0.219120
vt 0.000174 0.395798
vt 0.001458 0.394459
vt 0.046956 0.221664
vt 0.019783 0.216993
vt 0.132512 0.515419
vt 0.901581 0.801231
vt 0.899829 0.791730
vt 0.868091 0.597981
vt 0.691949 0.238048
vt 0.861476 0.609479
vt 0.260385 0.955286
vt 0.881853 0.590178
vt 0.885811 0.584854
vt 0.375507 0.671236
vt 0.361186 0.637178
vt 0.375507 0.627433
vt 0.240049 0.028082
vt 0.654730 0.382822
vt 0.650241 0.385267
vt 0.078403 0.234903
vt 0.063178 0.244836
vt 0.067728 0.232854
vt 0.641742 0.390338
vt 0.898057 0.843881
vt 0.896668 0.842105
vt 0.244242 0.470055
vt 0.244242 0.449262
vt 0.254464 0.461973
vt 0.572650 0.609387
vt 0.583048 0.604724
vt 0.584580 0.602778
vt 0.900812 0.774519
vt 0.576624 0.612090
vt 0.543449 0.778672
vt 0.540822 0.780689
vt 0.542737 0.775598
vt 0.483865 0.883097
vt 0.032824 0.771569
vt 0.024871 0.742278
vt 0.036304 0.746165
vt 0.086467 0.834041
vt 0.837034 0.720515
vt 0.320488 0.796326
vt 0.862248 0.080721
vt 0.313635 0.787471
vt 0.855256 0.091169
vt 0.856063 0.101835
vt 0.847640 0.115506
vt 0.896702 0.814798
vt 0.053754 0.227813
vt 0.061897 0.232541
vt 0.048442 0.224931
vt 0.692343 0.222321
vt 0.003379 0.394573
vt 0.563740 0.825220
vt 0.273721 0.964468
vt 0.267297 0.960898
vt 0.899136 0.792758
vt 0.702144 0.259065
vt 0.971091 0.570826
vt 0.965355 0.537550
vt 0.971091 0.535789
vt 0.371917 0.043288
vt 0.223619 0.030607
vt 0.231278 0.027058
vt 0.741219 0.895440
vt 0.240959 0.031825
vt 0.234846 0.028304
vt 0.079262 0.433688
vt 0.079778 0.443039
vt 0.079262 0.451159
vt 0.645643 0.393313
vt 0.917995 0.856705
vt 0.239334 0.450223
vt 0.239334 0.466289
vt 0.231708 0.457157
vt 0.191192 0.649861
vt 0.186945 0.650472
vt 0.183076 0.644150
vt 0.190482 0.655352
vt 0.254370 0.470415
vt 0.210760 0.089568
vt 0.901153 0.773160
vt 0.548818 0.769679
vt 0.547352 0.769220
vt 0.558593 0.291941
vt 0.045715 0.696306
vt 0.270936 0.797670
vt 0.893624 0.834507
vt 0.130221 0.511637
vt 0.183678 0.454957
vt 0.154758 0.437042
vt 0.185447 0.439320
vt 0.264933 0.958918
vt 0.902317 0.793136
vt 0.398775 0.321051
vt 0.896798 0.085334
vt 0.903693 0.084008
vt 0.903693 0.138924
vt 0.173408 0.645610
vt 0.178258 0.649125
vt 0.174840 0.665261
vt 0.189459 0.658785
vt 0.191192 0.673987
vt 0.928352 0.834941
vt 0.472870 0.816894
vt 0.470112 0.815169
vt 0.538773 0.772691
vt 0.540467 0.285468
vt 0.532078 0.775581
vt 0.588707 0.306798
vt 0.015345 0.758392
vt 0.027260 0.721355
vt 0.040974 0.731200
vt 0.917447 0.197351
vt 0.912443 0.168995
vt 0.917447 0.165311
vt 0.289531 0.618730
vt 0.123543 0.508316
vt 0.950748 0.012955
vt 0.010991 0.393470
vt 0.008260 0.625845
vt 0.007077 0.622293
vt 0.011004 0.625634
vt 0.136021 0.509541
vt 0.898854 0.780885
vt 0.259944 0.956985
vt 0.902271 0.791358
vt 0.873674 0.594646
vt 0.153242 0.456152
vt 0.153250 0.435007
vt 0.233442 0.017678
vt 0.246338 0.032646
vt 0.653570 0.389382
vt 0.984846 0.957336
vt 0.925007 0.834250
vt 0.457210 0.824429
vt 0.458604 0.259043
vt 0.462929 0.819680
vt 0.920814 0.771978
vt 0.893774 0.669860
vt 0.092540 0.696153
vt 0.087570 0.699140
vt 0.495930 0.885001
vt 0.081952 0.705879
vt 0.458939 0.890237
vt 0.255338 0.197321
vt 0.033049 0.773681
vt 0.045963 0.787089
vt 0.031549 0.786939
vt 0.265561 0.668648
vt 0.281633 0.664787
vt 0.870828 0.068618
vt 0.281072 0.648471
vt 0.286736 0.646672
vt 0.101478 0.834200
vt 0.088485 0.849337
vt 0.051087 0.232672
vt 0.204259 0.953322
vt 0.009155 0.391113
vt 0.206938 0.952106
vt 0.372842 0.076376
vt 0.004558 0.391594
vt 0.002273 0.391115
vt 0.009127 0.622629
vt 0.565785 0.832167
vt 0.259231 0.962395
vt 0.469834 0.361551
vt 0.477334 0.355579
vt 0.470965 0.362488
vt 0.474425 0.368592
vt 0.469822 0.363611
vt 0.472500 0.364188
vt 0.569203 0.207805
vt 0.576525 0.211101
vt 0.575448 0.217702
vt 0.704247 0.245332
vt 0.381009 0.320080
vt 0.362864 0.321863
vt 0.362864 0.296987
vt 0.862838 0.621576
vt 0.852479 0.631347
vt 0.864696 0.615136
vt 0.220044 0.007445
vt 0.979344 0.447032
vt 0.967173 0.434500
vt 0.979344 0.405880
vt 0.587799 0.351290
vt 0.587334 0.349697
vt 0.589319 0.346858
vt 0.585681 0.346305
vt 0.585676 0.350445
vt 0.178653 0.652515
vt 0.935338 0.817974
vt 0.940941 0.822229
vt 0.217326 0.116567
vt 0.929632 0.769000
vt 0.535929 0.284560
vt 0.501821 0.796303
vt 0.500636 0.779209
vt 0.022848 0.768070
vt 0.280189 0.658682
vt 0.915225 0.218649
vt 0.054834 0.235224
vt 0.128267 0.507248
vt 0.004460 0.623623
vt 0.268387 0.971266
vt 0.272119 0.967723
vt 0.002757 0.623001
vt 0.001100 0.625004
vt 0.200688 0.952272
vt 0.474449 0.361540
vt 0.169057 0.460660
vt 0.868119 0.612019
vt 0.076926 0.229484
vt 0.073953 0.227922
vt 0.024940 0.256287
vt 0.026492 0.258293
vt 0.023625 0.259344
vt 0.028051 0.255115
vt 0.070787 0.229254
vt 0.124302 0.430605
vt 0.121673 0.428924
vt 0.125317 0.428924
vt 0.023625 0.250487
vt 0.592549 0.346286
vt 0.587896 0.342966
vt 0.594126 0.341629
vt 0.591053 0.349325
vt 0.654730 0.393388
vt 0.174529 0.648485
vt 0.175984 0.650689
vt 0.183472 0.656119
vt 0.550553 0.284837
vt 0.748035 0.432118
vt 0.901487 0.181409
vt 0.210449 0.962430
vt 0.217816 0.028885
vt 0.220941 0.026237
vt 0.222841 0.026732
vt 0.000839 0.387111
vt 0.480145 0.340046
vt 0.489142 0.327630
vt 0.508204 0.344668
vt 0.492161 0.303376
vt 0.515806 0.332362
vt 0.213874 0.433304
vt 0.222813 0.448526
vt 0.210273 0.437136
vt 0.199519 0.437262
vt 0.210553 0.431213
vt 0.876163 0.598776
vt 0.583054 0.205839
vt 0.587686 0.339927
vt 0.592454 0.351367
vt 0.920199 0.867930
vt 0.174497 0.655758
vt 0.177080 0.662246
vt 0.178656 0.659761
vt 0.179065 0.657649
vt 0.943582 0.843130
vt 0.200277 0.088999
vt 0.215182 0.145302
vt 0.579831 0.291311
vt 0.729766 0.433798
vt 0.014482 0.741359
vt 0.040487 0.802962
vt 0.057788 0.782266
vt 0.050893 0.722862
vt 0.281269 0.660672
vt 0.072371 0.918083
vt 0.075155 0.955961
vt 0.048175 0.905938
vt 0.902317 0.828409
vt 0.008253 0.027510
vt 0.000686 0.023003
vt 0.008253 0.001615
vt 0.261903 0.975521
vt 0.272087 0.974563
vt 0.959031 0.004591
vt 0.951489 0.007848
vt 0.042814 0.227119
vt 0.195264 0.950213
vt 0.221834 0.024443
vt 0.009146 0.618911
vt 0.011793 0.000309
vt 0.013755 0.000309
vt 0.012737 0.004126
vt 0.220352 0.021720
vt 0.004904 0.612261
vt 0.011004 0.611709
vt 0.009548 0.616725
vt 0.480939 0.362176
vt 0.247949 0.030442
vt 0.250436 0.027641
vt 0.122834 0.433324
vt 0.027139 0.251947
vt 0.194041 0.248962
vt 0.194041 0.238222
vt 0.203572 0.247902
vt 0.587675 0.355716
vt 0.581369 0.347776
vt 0.391870 0.027376
vt 0.401641 0.027301
vt 0.401641 0.044015
vt 0.599555 0.000316
vt 0.609173 0.000316
vt 0.605666 0.005378
vt 0.172707 0.655186
vt 0.262684 0.560866
vt 0.272346 0.574667
vt 0.255354 0.576943
vt 0.535058 0.768499
vt 0.521340 0.776568
vt 0.477476 0.874048
vt 0.260238 0.796117
vt 0.279827 0.775111
vt 0.027516 0.793294
vt 0.263374 0.687742
vt 0.320488 0.774982
vt 0.475895 0.381841
vt 0.488528 0.387907
vt 0.233928 0.451349
vt 0.227949 0.456760
vt 0.264262 0.975901
vt 0.962002 0.011270
vt 0.043146 0.233000
vt 0.060579 0.239882
vt 0.947416 0.006213
vt 0.947714 0.009727
vt 0.196744 0.953955
vt 0.221328 0.021631
vt 0.224204 0.017012
vt 0.002553 0.616148
vt 0.217348 0.019434
vt 0.494042 0.363754
vt 0.250546 0.215951
vt 0.250816 0.211781
vt 0.255456 0.214346
vt 0.255840 0.212094
vt 0.252529 0.209533
vt 0.514295 0.323413
vt 0.382243 0.052083
vt 0.207764 0.444010
vt 0.559595 0.201169
vt 0.583205 0.235208
vt 0.982095 0.843392
vt 0.978181 0.845009
vt 0.975598 0.842634
vt 0.125794 0.431455
vt 0.027421 0.259966
vt 0.457297 0.167539
vt 0.455042 0.170587
vt 0.453525 0.167412
vt 0.030796 0.256485
vt 0.457485 0.169358
vt 0.251548 0.030440
vt 0.072157 0.226179
vt 0.031636 0.256109
vt 0.030328 0.253372
vt 0.030951 0.255215
vt 0.250702 0.030949
vt 0.070017 0.227076
vt 0.011058 0.604880
vt 0.008516 0.605127
vt 0.012379 0.603940
vt 0.064991 0.227086
vt 0.000086 0.595677
vt 0.004371 0.601519
vt 0.001431 0.605935
vt 0.596932 0.003822
vt 0.600155 0.005207
vt 0.601852 0.006126
vt 0.591389 0.355208
vt 0.580870 0.351914
vt 0.582206 0.354434
vt 0.176434 0.655118
vt 0.217326 0.036185
vt 0.538551 0.763644
vt 0.015365 0.738723
vt 0.033450 0.718482
vt 0.299345 0.643622
vt 0.761674 0.160060
vt 0.760906 0.171890
vt 0.861240 0.097077
vt 0.079467 0.945060
vt 0.968340 0.005632
vt 0.221300 0.017012
vt 0.002614 0.614222
vt 0.198163 0.954990
vt 0.199079 0.957219
vt 0.062705 0.020364
vt 0.061030 0.018207
vt 0.064922 0.018237
vt 0.063124 0.013152
vt 0.066023 0.020632
vt 0.255819 0.205905
vt 0.565729 0.197295
vt 0.567448 0.392013
vt 0.567448 0.372720
vt 0.571802 0.386971
vt 0.244836 0.299855
vt 0.215466 0.299855
vt 0.221539 0.289082
vt 0.974655 0.847069
vt 0.449555 0.166985
vt 0.449850 0.174551
vt 0.448689 0.169897
vt 0.448407 0.185096
vt 0.452513 0.184950
vt 0.451721 0.189183
vt 0.124330 0.436348
vt 0.453234 0.189817
vt 0.455483 0.174981
vt 0.117739 0.432358
vt 0.115073 0.432880
vt 0.115919 0.430916
vt 0.071669 0.222961
vt 0.457740 0.173745
vt 0.121213 0.433376
vt 0.119079 0.430005
vt 0.011928 0.605323
vt 0.065844 0.224057
vt 0.067880 0.221930
vt 0.248962 0.141608
vt 0.245320 0.144426
vt 0.248867 0.137678
vt 0.002751 0.002696
vt 0.002751 0.009628
vt 0.001153 0.009411
vt 0.579675 0.348242
vt 0.578188 0.345423
vt 0.245320 0.135206
vt 0.589279 0.360887
vt 0.586968 0.357353
vt 0.590153 0.359044
vt 0.589910 0.357112
vt 0.033244 0.537814
vt 0.033244 0.513042
vt 0.039889 0.517736
vt 0.582779 0.357144
vt 0.578188 0.359397
vt 0.580546 0.355663
vt 0.579250 0.356107
vt 0.423437 0.097027
vt 0.421144 0.095273
vt 0.423649 0.093297
vt 0.175674 0.659869
vt 0.458311 0.257976
vt 0.470486 0.828041
vt 0.929827 0.761820
vt 0.209573 0.021958
vt 0.124685 0.403318
vt 0.120917 0.375912
vt 0.127828 0.405768
vt 0.571920 0.288033
vt 0.449101 0.885867
vt 0.049173 0.708867
vt 0.030277 0.714658
vt 0.763452 0.422017
vt 0.295387 0.772833
vt 0.787835 0.169317
vt 0.299127 0.612350
vt 0.304227 0.634634
vt 0.046747 0.237619
vt 0.249087 0.214882
vt 0.055399 0.010903
vt 0.057895 0.011651
vt 0.054825 0.012983
vt 0.248660 0.954647
vt 0.570738 0.380750
vt 0.970434 0.360058
vt 0.984118 0.349686
vt 0.976918 0.361752
vt 0.946799 0.406268
vt 0.969606 0.828322
vt 0.454526 0.179524
vt 0.161461 0.963155
vt 0.161152 0.959404
vt 0.162610 0.962779
vt 0.159578 0.958417
vt 0.161201 0.957353
vt 0.158737 0.955742
vt 0.117593 0.435156
vt 0.006265 0.603820
vt 0.005798 0.601759
vt 0.065060 0.220361
vt 0.035763 0.003152
vt 0.032465 0.004822
vt 0.033325 0.001378
vt 0.079778 0.059773
vt 0.078935 0.063272
vt 0.076044 0.060831
vt 0.601115 0.007492
vt 0.598288 0.006731
vt 0.035605 0.004868
vt 0.604753 0.007234
vt 0.588159 0.361643
vt 0.418139 0.098645
vt 0.417864 0.095482
vt 0.582572 0.359615
vt 0.421493 0.098430
vt 0.157493 0.071194
vt 0.139099 0.076216
vt 0.137847 0.074196
vt 0.009643 0.766292
vt 0.441817 0.887278
vt 0.031022 0.793681
vt 0.033756 0.797949
vt 0.288673 0.649898
vt 0.873488 0.089368
vt 0.706148 0.437222
vt 0.759017 0.168041
vt 0.857799 0.122418
vt 0.867718 0.100231
vt 0.946797 0.000909
vt 0.057385 0.013089
vt 0.061173 0.011083
vt 0.058921 0.019002
vt 0.252542 0.205905
vt 0.249984 0.210238
vt 0.572201 0.376299
vt 0.879226 0.618164
vt 0.970278 0.355855
vt 0.253089 0.021200
vt 0.442965 0.183532
vt 0.164443 0.968215
vt 0.458036 0.174927
vt 0.067824 0.220922
vt 0.076044 0.057399
vt 0.078121 0.057278
vt 0.034330 0.006507
vt 0.035763 0.008253
vt 0.579241 0.351734
vt 0.607418 0.005933
vt 0.416199 0.097056
vt 0.543316 0.538292
vt 0.532449 0.537827
vt 0.542326 0.534593
vt 0.537988 0.542351
vt 0.420758 0.100539
vt 0.922611 0.865179
vt 0.939212 0.852000
vt 0.256701 0.554617
vt 0.249269 0.559998
vt 0.248814 0.556298
vt 0.207520 0.161030
vt 0.906849 0.153654
vt 0.898879 0.146970
vt 0.900614 0.144991
vt 0.877558 0.064120
vt 0.260779 0.986221
vt 0.253204 0.979886
vt 0.197169 0.962339
vt 0.154600 0.155459
vt 0.155167 0.153557
vt 0.157487 0.156162
vt 0.063549 0.010627
vt 0.159556 0.160932
vt 0.159556 0.153056
vt 0.156797 0.160376
vt 0.156767 0.151914
vt 0.201103 0.460709
vt 0.057533 0.015244
vt 0.249709 0.207859
vt 0.988354 0.346046
vt 0.966842 0.337337
vt 0.972497 0.328287
vt 0.552686 0.223754
vt 0.162831 0.960541
vt 0.123987 0.438625
vt 0.129157 0.440548
vt 0.121013 0.438111
vt 0.119152 0.437254
vt 0.007029 0.608152
vt 0.009658 0.607703
vt 0.070491 0.220515
vt 0.066662 0.218111
vt 0.063178 0.218753
vt 0.594209 0.361752
vt 0.592965 0.356910
vt 0.606412 0.007469
vt 0.239231 0.560618
vt 0.246605 0.542347
vt 0.252542 0.547595
vt 0.537537 0.756983
vt 0.030596 0.794672
vt 0.099810 0.830175
vt 0.104208 0.836946
vt 0.789637 0.168235
vt 0.050660 0.243731
vt 0.154781 0.157055
vt 0.066023 0.000481
vt 0.061274 0.006823
vt 0.442965 0.170539
vt 0.164117 0.962010
vt 0.161337 0.955348
vt 0.117503 0.439297
vt 0.124572 0.442745
vt 0.164273 0.956996
vt 0.608415 0.015130
vt 0.371381 0.426307
vt 0.366757 0.426239
vt 0.366786 0.423027
vt 0.534451 0.548818
vt 0.532449 0.546461
vt 0.536633 0.546224
vt 0.609339 0.007169
vt 0.539723 0.548528
vt 0.417940 0.101614
vt 0.143111 0.372229
vt 0.145523 0.379074
vt 0.447561 0.864607
vt 0.296906 0.666790
vt 0.074413 0.821751
vt 0.871108 0.096290
vt 0.866056 0.098638
vt 0.085358 0.923698
vt 0.253862 0.983232
vt 0.056405 0.247587
vt 0.151830 0.156055
vt 0.152636 0.152502
vt 0.062353 0.004036
vt 0.000532 0.026112
vt 0.005502 0.028588
vt 0.000532 0.033012
vt 0.155875 0.149992
vt 0.156970 0.147923
vt 0.231812 0.041892
vt 0.229677 0.041772
vt 0.230183 0.040625
vt 0.165757 0.966568
vt 0.106169 0.655308
vt 0.103355 0.657652
vt 0.096615 0.656727
vt 0.157224 0.948248
vt 0.115236 0.443443
vt 0.127110 0.445330
vt 0.687742 0.924325
vt 0.652350 0.924325
vt 0.663530 0.871463
vt 0.362278 0.427385
vt 0.363093 0.426297
vt 0.366013 0.427775
vt 0.535720 0.547502
vt 0.533675 0.543423
vt 0.534669 0.542661
vt 0.414979 0.102366
vt 0.413487 0.101778
vt 0.413893 0.101087
vt 0.418080 0.107866
vt 0.416636 0.102038
vt 0.056444 0.723249
vt 0.000718 0.773022
vt 0.293597 0.677907
vt 0.014008 0.725655
vt 0.247857 0.977052
vt 0.082529 0.077027
vt 0.079446 0.075675
vt 0.082529 0.073639
vt 0.375201 0.574121
vt 0.376329 0.570861
vt 0.380324 0.573745
vt 0.382418 0.575685
vt 0.383003 0.573941
vt 0.383958 0.575550
vt 0.246450 0.966421
vt 0.232457 0.038675
vt 0.386327 0.579343
vt 0.385298 0.576613
vt 0.386603 0.577712
vt 0.438975 0.081386
vt 0.438442 0.079512
vt 0.446062 0.075720
vt 0.232457 0.046766
vt 0.553404 0.211251
vt 0.388613 0.079293
vt 0.353499 0.991723
vt 0.329162 0.958603
vt 0.353499 0.956908
vt 0.134797 0.442740
vt 0.000086 0.610715
vt 0.362539 0.423383
vt 0.409537 0.103787
vt 0.411264 0.104022
vt 0.411018 0.105491
vt 0.490330 0.064271
vt 0.491457 0.066187
vt 0.487957 0.071298
vt 0.423649 0.112954
vt 0.364263 0.424012
vt 0.364306 0.421725
vt 0.366204 0.421425
vt 0.410117 0.102833
vt 0.415329 0.106137
vt 0.371381 0.401977
vt 0.364115 0.414325
vt 0.366858 0.403827
vt 0.409890 0.099713
vt 0.364769 0.415891
vt 0.366896 0.419478
vt 0.416936 0.104599
vt 0.367548 0.416300
vt 0.119128 0.366210
vt 0.211657 0.161943
vt 0.482795 0.095457
vt 0.461895 0.101574
vt 0.478802 0.073225
vt 0.067399 0.820937
vt 0.042314 0.810809
vt 0.049386 0.816532
vt 0.916855 0.144990
vt 0.084280 0.804234
vt 0.091076 0.942615
vt 0.390637 0.090782
vt 0.499621 0.362442
vt 0.449324 0.083692
vt 0.448771 0.080449
vt 0.452534 0.085280
vt 0.385611 0.574853
vt 0.440209 0.082799
vt 0.446518 0.078434
vt 0.384043 0.580454
vt 0.438547 0.072717
vt 0.156080 0.463307
vt 0.232914 0.269452
vt 0.167407 0.968944
vt 0.168690 0.971445
vt 0.125457 0.449475
vt 0.120136 0.447710
vt 0.420696 0.116916
vt 0.363732 0.417073
vt 0.215245 0.092873
vt 0.069895 0.717796
vt 0.459419 0.868282
vt 0.040332 0.809282
vt 0.302597 0.658844
vt 0.095778 0.811603
vt 0.072530 0.909985
vt 0.076987 0.916177
vt 0.900966 0.202469
vt 0.249821 0.984669
vt 0.373327 0.571460
vt 0.375240 0.564540
vt 0.378392 0.568676
vt 0.182448 0.007059
vt 0.181578 0.001930
vt 0.183024 0.005230
vt 0.644294 0.266143
vt 0.650518 0.272355
vt 0.643942 0.274479
vt 0.381040 0.570119
vt 0.557873 0.198505
vt 0.552686 0.199404
vt 0.954113 0.694202
vt 0.959708 0.698499
vt 0.951141 0.699823
vt 0.492619 0.488572
vt 0.490745 0.489123
vt 0.490777 0.483947
vt 0.220245 0.973842
vt 0.211075 0.968657
vt 0.215868 0.968775
vt 0.211472 0.959961
vt 0.141533 0.005648
vt 0.158933 0.010311
vt 0.141552 0.036805
vt 0.988972 0.348366
vt 0.969606 0.862428
vt 0.713876 0.948145
vt 0.701139 0.940281
vt 0.695144 0.934449
vt 0.173148 0.969324
vt 0.112335 0.674886
vt 0.107701 0.670916
vt 0.113596 0.670251
vt 0.415583 0.111886
vt 0.413707 0.108213
vt 0.492423 0.062458
vt 0.492423 0.070926
vt 0.360188 0.406308
vt 0.496550 0.853985
vt 0.286090 0.764203
vt 0.740706 0.420644
vt 0.018122 0.816406
vt 0.299130 0.677290
vt 0.712384 0.422326
vt 0.099796 0.805808
vt 0.104110 0.804119
vt 0.749308 0.182358
vt 0.762755 0.177109
vt 0.024069 0.394764
vt 0.030691 0.380345
vt 0.040891 0.385530
vt 0.888381 0.209073
vt 0.048423 0.246778
vt 0.350100 0.263044
vt 0.348769 0.269140
vt 0.344874 0.266511
vt 0.353499 0.262077
vt 0.349290 0.274205
vt 0.376779 0.566986
vt 0.651540 0.270391
vt 0.649214 0.265092
vt 0.646114 0.261892
vt 0.961747 0.689158
vt 0.967070 0.689525
vt 0.962818 0.691167
vt 0.495322 0.486439
vt 0.496699 0.492967
vt 0.489021 0.486291
vt 0.488295 0.489794
vt 0.462591 0.571469
vt 0.468111 0.570906
vt 0.462038 0.575415
vt 0.468126 0.569260
vt 0.569667 0.972467
vt 0.568918 0.963526
vt 0.588079 0.963233
vt 0.981752 0.328747
vt 0.169024 0.978085
vt 0.157224 0.982095
vt 0.134639 0.452534
vt 0.481631 0.071075
vt 0.484523 0.077589
vt 0.098148 0.667190
vt 0.093549 0.668504
vt 0.096272 0.664421
vt 0.415603 0.113867
vt 0.362024 0.420421
vt 0.359841 0.412752
vt 0.363075 0.415821
vt 0.360610 0.417504
vt 0.525640 0.764576
vt 0.009643 0.819357
vt 0.308875 0.757593
vt 0.184531 0.308969
vt 0.175893 0.303894
vt 0.180578 0.303543
vt 0.115699 0.827399
vt 0.109346 0.835240
vt 0.102285 0.807424
vt 0.762448 0.973842
vt 0.775773 0.936429
vt 0.775773 0.973666
vt 0.352658 0.266442
vt 0.579482 0.122888
vt 0.580454 0.126172
vt 0.572508 0.123582
vt 0.207139 0.973842
vt 0.195264 0.973402
vt 0.379191 0.566425
vt 0.186190 0.001832
vt 0.186618 0.005009
vt 0.179884 0.000726
vt 0.965946 0.691802
vt 0.654389 0.265941
vt 0.447701 0.076861
vt 0.186075 0.465593
vt 0.182188 0.465869
vt 0.443947 0.072852
vt 0.440690 0.070927
vt 0.443629 0.071094
vt 0.958757 0.705935
vt 0.459830 0.572664
vt 0.485910 0.493455
vt 0.485516 0.489971
vt 0.488045 0.493082
vt 0.469289 0.575771
vt 0.467737 0.575240
vt 0.704247 0.163686
vt 0.697878 0.184588
vt 0.693404 0.173525
vt 0.704019 0.948804
vt 0.171085 0.973125
vt 0.107365 0.665305
vt 0.114165 0.678688
vt 0.108381 0.676202
vt 0.100349 0.666026
vt 0.341291 0.031623
vt 0.354988 0.045208
vt 0.341291 0.056395
vt 0.358058 0.420855
vt 0.357684 0.423262
vt 0.355549 0.422397
vt 0.360951 0.414499
vt 0.149928 0.160932
vt 0.139316 0.149380
vt 0.149928 0.140827
vt 0.962915 0.830792
vt 0.973451 0.799227
vt 0.980889 0.819892
vt 0.578828 0.210647
vt 0.588707 0.210647
vt 0.583630 0.225579
vt 0.723880 0.418433
vt 0.037982 0.811809
vt 0.302514 0.654100
vt 0.103886 0.789517
vt 0.108184 0.807394
vt 0.877558 0.101740
vt 0.506979 0.392151
vt 0.246899 0.475917
vt 0.382979 0.566920
vt 0.385691 0.565253
vt 0.189817 0.001241
vt 0.965410 0.697674
vt 0.451661 0.071243
vt 0.492187 0.495022
vt 0.466510 0.576693
vt 0.433277 0.938885
vt 0.433277 0.977969
vt 0.400787 0.968265
vt 0.922949 0.369916
vt 0.922949 0.425024
vt 0.896481 0.410382
vt 0.693106 0.943665
vt 0.107085 0.673718
vt 0.127809 0.451454
vt 0.335950 0.989530
vt 0.105899 0.665678
vt 0.487529 0.077265
vt 0.098138 0.671217
vt 0.489581 0.076567
vt 0.491833 0.077582
vt 0.356974 0.418060
vt 0.545068 0.252830
vt 0.927076 0.116723
vt 0.012925 0.713470
vt 0.876048 0.093228
vt 0.105165 0.805913
vt 0.760055 0.964721
vt 0.650367 0.276184
vt 0.648276 0.280235
vt 0.184915 0.008653
vt 0.382627 0.563418
vt 0.389262 0.569007
vt 0.655984 0.262430
vt 0.972467 0.678117
vt 0.970578 0.693200
vt 0.459751 0.580787
vt 0.697530 0.156519
vt 0.541748 0.888535
vt 0.547408 0.885519
vt 0.550193 0.895440
vt 0.536687 0.891917
vt 0.540993 0.892100
vt 0.695701 0.937303
vt 0.118433 0.157793
vt 0.118294 0.155526
vt 0.119835 0.157016
vt 0.116214 0.157665
vt 0.228861 0.132161
vt 0.235208 0.131474
vt 0.233756 0.134177
vt 0.121658 0.149377
vt 0.100591 0.669531
vt 0.061733 0.026677
vt 0.063272 0.023797
vt 0.063272 0.027510
vt 0.347010 0.424295
vt 0.353183 0.419754
vt 0.354068 0.422897
vt 0.353667 0.411017
vt 0.962915 0.795400
vt 0.356371 0.414241
vt 0.104537 0.726255
vt 0.085376 0.723626
vt 0.081017 0.720568
vt 0.118292 0.795029
vt 0.100227 0.781579
vt 0.116676 0.769356
vt 0.260192 0.744917
vt 0.049118 0.386183
vt 0.055971 0.381425
vt 0.027049 0.699381
vt 0.174370 0.313832
vt 0.171568 0.310186
vt 0.784153 0.181210
vt 0.884331 0.184546
vt 0.874755 0.422808
vt 0.883947 0.435172
vt 0.871296 0.443227
vt 0.962213 0.239334
vt 0.962213 0.202097
vt 0.969716 0.230414
vt 0.655852 0.273315
vt 0.654085 0.275124
vt 0.656462 0.270553
vt 0.783294 0.979255
vt 0.778147 0.988393
vt 0.774597 0.978254
vt 0.497326 0.494689
vt 0.450567 0.067710
vt 0.448177 0.065494
vt 0.171901 0.468952
vt 0.005443 0.950459
vt 0.000416 0.941777
vt 0.014544 0.932438
vt 0.468623 0.581132
vt 0.884537 0.415400
vt 0.883587 0.408368
vt 0.891209 0.410231
vt 0.222378 0.953291
vt 0.972753 0.447387
vt 0.983405 0.450554
vt 0.972753 0.480044
vt 0.211075 0.929793
vt 0.225523 0.937505
vt 0.175928 0.974848
vt 0.175249 0.973774
vt 0.234431 0.137270
vt 0.230777 0.137473
vt 0.228043 0.137295
vt 0.226678 0.132569
vt 0.227540 0.141675
vt 0.122333 0.152352
vt 0.122668 0.149568
vt 0.093999 0.678942
vt 0.090937 0.680864
vt 0.095385 0.675371
vt 0.095333 0.672734
vt 0.092144 0.672930
vt 0.490682 0.080480
vt 0.490688 0.085280
vt 0.531008 0.171935
vt 0.528398 0.170146
vt 0.532001 0.168962
vt 0.353371 0.413333
vt 0.492423 0.245681
vt 0.163320 0.381965
vt 0.470098 0.862988
vt 0.034133 0.823976
vt 0.038828 0.825657
vt 0.114567 0.803901
vt 0.789676 0.184636
vt 0.194885 0.294895
vt 0.223509 0.303659
vt 0.580112 0.134413
vt 0.571693 0.127062
vt 0.379157 0.560674
vt 0.651760 0.279723
vt 0.188187 0.007059
vt 0.658503 0.268750
vt 0.494172 0.498403
vt 0.491119 0.499584
vt 0.488005 0.499712
vt 0.963482 0.712577
vt 0.485516 0.498695
vt 0.987597 0.475022
vt 0.108574 0.665679
vt 0.078305 0.511307
vt 0.082442 0.510887
vt 0.078201 0.515806
vt 0.125848 0.150410
vt 0.126544 0.152417
vt 0.099392 0.679492
vt 0.226678 0.141536
vt 0.125045 0.146389
vt 0.525758 0.162382
vt 0.528029 0.157024
vt 0.528114 0.162009
vt 0.532813 0.162705
vt 0.134091 0.071219
vt 0.212652 0.559139
vt 0.133359 0.347818
vt 0.463085 0.864189
vt 0.050223 0.823732
vt 0.301812 0.668175
vt 0.174631 0.296044
vt 0.124740 0.834717
vt 0.096284 0.905938
vt 0.199859 0.466528
vt 0.899580 0.218702
vt 0.189817 0.013755
vt 0.650087 0.280178
vt 0.383290 0.560565
vt 0.499921 0.496088
vt 0.502051 0.494051
vt 0.787216 0.977984
vt 0.497061 0.497763
vt 0.658771 0.265927
vt 0.027510 0.922201
vt 0.024836 0.935318
vt 0.592919 0.958423
vt 0.892262 0.383620
vt 0.536622 0.888972
vt 0.537422 0.884776
vt 0.539890 0.883412
vt 0.178813 0.970171
vt 0.692464 0.938273
vt 0.122889 0.158178
vt 0.122523 0.159430
vt 0.231755 0.138816
vt 0.229229 0.138417
vt 0.692101 0.935633
vt 0.689159 0.939692
vt 0.124395 0.157259
vt 0.126217 0.155392
vt 0.076566 0.506444
vt 0.085166 0.506183
vt 0.086152 0.508761
vt 0.360377 0.037941
vt 0.533688 0.164397
vt 0.533657 0.168003
vt 0.350448 0.415556
vt 0.492099 0.081730
vt 0.119040 0.326733
vt 0.119600 0.324988
vt 0.154991 0.328499
vt 0.221331 0.571183
vt 0.288266 0.760377
vt 0.064236 0.387477
vt 0.061941 0.384417
vt 0.065368 0.384761
vt 0.308108 0.687742
vt 0.049562 0.375540
vt 0.167960 0.303895
vt 0.011957 0.710313
vt 0.299751 0.067399
vt 0.299751 0.048879
vt 0.305357 0.057008
vt 0.371513 0.558554
vt 0.379933 0.556294
vt 0.782280 0.974072
vt 0.502034 0.498431
vt 0.660563 0.272162
vt 0.499078 0.503614
vt 0.451116 0.063809
vt 0.466842 0.581949
vt 0.181912 0.475158
vt 0.968059 0.711805
vt 0.469665 0.582640
vt 0.469744 0.584103
vt 0.467206 0.583863
vt 0.892210 0.392544
vt 0.538140 0.887376
vt 0.534937 0.892267
vt 0.532802 0.888834
vt 0.530052 0.887790
vt 0.530365 0.891190
vt 0.690763 0.942641
vt 0.110415 0.664396
vt 0.126544 0.159556
vt 0.230510 0.140805
vt 0.083697 0.515806
vt 0.086916 0.511187
vt 0.088031 0.507468
vt 0.169184 0.260927
vt 0.168374 0.264093
vt 0.165820 0.261889
vt 0.164806 0.263144
vt 0.526399 0.170054
vt 0.526757 0.168548
vt 0.529863 0.167691
vt 0.525758 0.165241
vt 0.528154 0.164544
vt 0.531208 0.166572
vt 0.532231 0.164669
vt 0.152809 0.138832
vt 0.098354 0.087210
vt 0.585524 0.267799
vt 0.283269 0.754891
vt 0.027033 0.822627
vt 0.168433 0.314131
vt 0.032596 0.367960
vt 0.774749 0.193741
vt 0.515806 0.394076
vt 0.343828 0.276518
vt 0.580454 0.143050
vt 0.647638 0.281458
vt 0.662054 0.275316
vt 0.663081 0.278181
vt 0.389262 0.558465
vt 0.388975 0.562680
vt 0.756516 0.288851
vt 0.749645 0.284036
vt 0.753275 0.273155
vt 0.493718 0.500883
vt 0.663830 0.266401
vt 0.166433 0.037138
vt 0.228881 0.971997
vt 0.464388 0.584283
vt 0.469438 0.579816
vt 0.471475 0.580772
vt 0.471791 0.581699
vt 0.872154 0.406376
vt 0.883520 0.397714
vt 0.470950 0.582211
vt 0.468889 0.585823
vt 0.471317 0.583624
vt 0.471791 0.586302
vt 0.545570 0.883028
vt 0.687284 0.947407
vt 0.532818 0.886937
vt 0.689964 0.932213
vt 0.076807 0.503472
vt 0.161077 0.264093
vt 0.162394 0.260679
vt 0.164854 0.260273
vt 0.166403 0.255943
vt 0.529488 0.166543
vt 0.982095 0.804166
vt 0.108369 0.108591
vt 0.120638 0.808147
vt 0.181563 0.558446
vt 0.181563 0.529154
vt 0.187066 0.545127
vt 0.647708 0.283861
vt 0.263602 0.601086
vt 0.266444 0.589107
vt 0.268605 0.596035
vt 0.649548 0.283254
vt 0.272795 0.595964
vt 0.272681 0.599407
vt 0.411124 0.476540
vt 0.411270 0.478181
vt 0.406444 0.479032
vt 0.616465 0.000383
vt 0.626208 0.001544
vt 0.619802 0.008316
vt 0.745934 0.259125
vt 0.752028 0.259543
vt 0.501233 0.501940
vt 0.661447 0.270163
vt 0.745166 0.272574
vt 0.662534 0.268159
vt 0.489939 0.503553
vt 0.487628 0.503163
vt 0.011133 0.923360
vt 0.485687 0.502130
vt 0.613249 0.180493
vt 0.613466 0.181357
vt 0.611947 0.182378
vt 0.972467 0.715251
vt 0.075487 0.056395
vt 0.075487 0.050276
vt 0.078403 0.054231
vt 0.468835 0.588707
vt 0.610985 0.185100
vt 0.610619 0.182752
vt 0.609248 0.182908
vt 0.602825 0.183672
vt 0.606796 0.183816
vt 0.603327 0.187899
vt 0.988972 0.330642
vt 0.510852 0.895440
vt 0.513489 0.881788
vt 0.524469 0.884198
vt 0.114165 0.659220
vt 0.686860 0.945391
vt 0.530465 0.884451
vt 0.690663 0.922046
vt 0.086490 0.503092
vt 0.615330 0.507553
vt 0.614899 0.504044
vt 0.620961 0.498295
vt 0.437572 0.284725
vt 0.428626 0.264098
vt 0.444281 0.264098
vt 0.109599 0.148323
vt 0.469650 0.646977
vt 0.450915 0.667957
vt 0.441315 0.637958
vt 0.700046 0.916072
vt 0.711482 0.891932
vt 0.720208 0.911339
vt 0.617592 0.713772
vt 0.602313 0.704639
vt 0.614892 0.680257
vt 0.142400 0.316613
vt 0.143167 0.304800
vt 0.762799 0.185219
vt 0.781419 0.970655
vt 0.407974 0.476475
vt 0.605865 0.914804
vt 0.616216 0.925336
vt 0.593888 0.924497
vt 0.276856 0.595299
vt 0.655541 0.282858
vt 0.441523 0.628233
vt 0.443868 0.626342
vt 0.445657 0.628596
vt 0.440186 0.624958
vt 0.442881 0.624323
vt 0.746423 0.268938
vt 0.662763 0.270140
vt 0.192242 0.471642
vt 0.004099 0.004126
vt 0.004099 0.000205
vt 0.005502 0.002571
vt 0.664358 0.268840
vt 0.494421 0.504802
vt 0.797780 0.990348
vt 0.078403 0.009628
vt 0.076429 0.008437
vt 0.078403 0.006239
vt 0.072896 0.610715
vt 0.081154 0.599773
vt 0.080222 0.606041
vt 0.239446 0.036607
vt 0.243107 0.046060
vt 0.234531 0.036615
vt 0.697397 0.917108
vt 0.530298 0.891353
vt 0.079401 0.500501
vt 0.314926 0.488560
vt 0.321372 0.487499
vt 0.321391 0.492799
vt 0.163779 0.257539
vt 0.129237 0.075718
vt 0.165582 0.347419
vt 0.462782 0.662336
vt 0.473041 0.659213
vt 0.767520 0.396820
vt 0.000718 0.703624
vt 0.604797 0.889967
vt 0.598334 0.889733
vt 0.787114 0.195906
vt 0.353499 0.280599
vt 0.886415 0.455269
vt 0.892790 0.443364
vt 0.626086 0.010698
vt 0.625263 0.014450
vt 0.645963 0.287476
vt 0.139639 0.155753
vt 0.133776 0.146455
vt 0.141675 0.156028
vt 0.133776 0.159556
vt 0.625031 0.005664
vt 0.594082 0.936704
vt 0.664358 0.277572
vt 0.463679 0.020051
vt 0.463149 0.017670
vt 0.464859 0.016632
vt 0.664321 0.274764
vt 0.438700 0.621951
vt 0.452534 0.061991
vt 0.247031 0.037195
vt 0.245227 0.041007
vt 0.244962 0.038130
vt 0.250338 0.035255
vt 0.459636 0.585049
vt 0.248620 0.040721
vt 0.680720 0.170704
vt 0.687617 0.185571
vt 0.078232 0.050025
vt 0.606972 0.189330
vt 0.536030 0.882045
vt 0.681651 0.949083
vt 0.540776 0.879364
vt 0.541067 0.878234
vt 0.320781 0.503509
vt 0.320580 0.509739
vt 0.320049 0.507895
vt 0.323801 0.507559
vt 0.316020 0.495344
vt 0.321942 0.495530
vt 0.324614 0.497394
vt 0.162143 0.256179
vt 0.702023 0.908102
vt 0.418277 0.662850
vt 0.409289 0.674059
vt 0.401321 0.662635
vt 0.127439 0.829317
vt 0.122730 0.806946
vt 0.139892 0.319112
vt 0.126602 0.306451
vt 0.778504 0.967129
vt 0.781552 0.965244
vt 0.777874 0.961325
vt 0.624765 0.007747
vt 0.593167 0.194175
vt 0.596169 0.187224
vt 0.597905 0.188385
vt 0.404208 0.472046
vt 0.396699 0.471329
vt 0.271612 0.591430
vt 0.438934 0.627918
vt 0.074871 0.221498
vt 0.079651 0.223786
vt 0.073142 0.223635
vt 0.442007 0.620203
vt 0.072896 0.597142
vt 0.442270 0.615751
vt 0.439924 0.610696
vt 0.443616 0.613748
vt 0.445657 0.609300
vt 0.609310 0.190979
vt 0.226887 0.684991
vt 0.223541 0.666911
vt 0.242304 0.684991
vt 0.326992 0.990793
vt 0.534612 0.879631
vt 0.537761 0.878864
vt 0.540009 0.877276
vt 0.319780 0.510892
vt 0.318483 0.507941
vt 0.312358 0.494464
vt 0.622516 0.478676
vt 0.627220 0.490983
vt 0.613266 0.481115
vt 0.513561 0.737639
vt 0.505098 0.756890
vt 0.490783 0.649223
vt 0.507553 0.638343
vt 0.500385 0.662760
vt 0.469508 0.112249
vt 0.071330 0.379391
vt 0.087749 0.388690
vt 0.927076 0.167809
vt 0.104666 0.318694
vt 0.123445 0.305305
vt 0.162976 0.293449
vt 0.399910 0.482178
vt 0.742563 0.253050
vt 0.276510 0.592418
vt 0.841796 0.930295
vt 0.849275 0.933299
vt 0.846031 0.938899
vt 0.245478 0.045392
vt 0.437603 0.614737
vt 0.601029 0.189255
vt 0.605037 0.193914
vt 0.586998 0.947983
vt 0.235141 0.957240
vt 0.867974 0.405769
vt 0.232435 0.952221
vt 0.535336 0.874441
vt 0.317007 0.501388
vt 0.317755 0.496657
vt 0.115515 0.313874
vt 0.125079 0.074023
vt 0.556210 0.253123
vt 0.720817 0.895046
vt 0.616937 0.671308
vt 0.603580 0.683717
vt 0.617083 0.651132
vt 0.089227 0.394764
vt 0.893104 0.412908
vt 0.810506 0.223620
vt 0.817037 0.266844
vt 0.799827 0.228750
vt 0.269218 0.588448
vt 0.402233 0.481907
vt 0.802935 0.220896
vt 0.468406 0.017305
vt 0.464921 0.010676
vt 0.460887 0.022008
vt 0.461653 0.008884
vt 0.181564 0.176554
vt 0.179442 0.185690
vt 0.179442 0.173959
vt 0.741248 0.268825
vt 0.436927 0.625390
vt 0.078356 0.222002
vt 0.437587 0.620171
vt 0.079778 0.219442
vt 0.073469 0.218900
vt 0.433904 0.617751
vt 0.613466 0.192202
vt 0.557067 0.487814
vt 0.557055 0.483425
vt 0.566481 0.491834
vt 0.566422 0.487620
vt 0.565678 0.496882
vt 0.232540 0.672121
vt 0.244557 0.684165
vt 0.238981 0.672460
vt 0.880753 0.392168
vt 0.522636 0.870961
vt 0.312358 0.511680
vt 0.314910 0.498729
vt 0.613266 0.502120
vt 0.379209 0.690312
vt 0.447249 0.082605
vt 0.453350 0.102279
vt 0.027498 0.827973
vt 0.038205 0.833543
vt 0.429913 0.655586
vt 0.125008 0.816836
vt 0.596068 0.913323
vt 0.508262 0.366606
vt 0.788261 0.957753
vt 0.595946 0.920266
vt 0.628023 0.010879
vt 0.271793 0.588198
vt 0.740355 0.264386
vt 0.274554 0.585769
vt 0.475917 0.012788
vt 0.400908 0.484147
vt 0.630228 0.007282
vt 0.629507 0.005335
vt 0.010929 0.178813
vt 0.010668 0.170891
vt 0.013755 0.169029
vt 0.435755 0.623281
vt 0.079778 0.229706
vt 0.007710 0.170410
vt 0.241994 0.048543
vt 0.234531 0.049725
vt 0.847181 0.937938
vt 0.185056 0.475917
vt 0.149449 0.063983
vt 0.147484 0.061592
vt 0.149928 0.061379
vt 0.437076 0.611593
vt 0.612018 0.195319
vt 0.021959 0.919648
vt 0.149928 0.068774
vt 0.147239 0.064801
vt 0.596544 0.963496
vt 0.260573 0.588588
vt 0.019303 0.828773
vt 0.102175 0.788859
vt 0.093106 0.790311
vt 0.617592 0.638440
vt 0.101208 0.392676
vt 0.096944 0.394418
vt 0.170055 0.288033
vt 0.172023 0.284286
vt 0.123941 0.824261
vt 0.440155 0.666846
vt 0.896815 0.436724
vt 0.710520 0.468587
vt 0.711827 0.473549
vt 0.709527 0.479334
vt 0.000415 0.132046
vt 0.000415 0.099681
vt 0.006854 0.126054
vt 0.790841 0.972573
vt 0.015768 0.020632
vt 0.020763 0.000160
vt 0.022008 0.009113
vt 0.629177 0.019257
vt 0.276487 0.586906
vt 0.470505 0.004124
vt 0.632722 0.000383
vt 0.460887 0.000929
vt 0.470778 0.002034
vt 0.808639 0.211514
vt 0.157711 0.222828
vt 0.156673 0.219077
vt 0.157271 0.217474
vt 0.156683 0.215653
vt 0.158181 0.214733
vt 0.435027 0.620566
vt 0.811263 0.212820
vt 0.154709 0.220954
vt 0.154709 0.212810
vt 0.795888 0.982117
vt 0.011534 0.921328
vt 0.234979 0.965463
vt 0.565823 0.500103
vt 0.563347 0.496497
vt 0.602756 0.950246
vt 0.232255 0.944654
vt 0.140097 0.001911
vt 0.138890 0.053002
vt 0.111703 0.050176
vt 0.161221 0.370721
vt 0.694536 0.913524
vt 0.689011 0.897527
vt 0.724484 0.897059
vt 0.128566 0.803584
vt 0.193957 0.276730
vt 0.225579 0.277420
vt 0.715251 0.491048
vt 0.006877 0.116728
vt 0.041265 0.235208
vt 0.036070 0.231054
vt 0.037889 0.227385
vt 0.465474 0.007271
vt 0.893561 0.455221
vt 0.891565 0.458531
vt 0.632012 0.005542
vt 0.011535 0.166204
vt 0.009195 0.169638
vt 0.431920 0.613883
vt 0.434438 0.612955
vt 0.434653 0.910240
vt 0.422758 0.902162
vt 0.431361 0.903550
vt 0.000416 0.902501
vt 0.554114 0.470432
vt 0.852800 0.935976
vt 0.242085 0.959295
vt 0.228635 0.930489
vt 0.691575 0.913513
vt 0.960087 0.546395
vt 0.958867 0.556214
vt 0.929678 0.557173
vt 0.687273 0.918043
vt 0.681651 0.902629
vt 0.976593 0.201742
vt 0.971818 0.232457
vt 0.971818 0.198090
vt 0.068428 0.016154
vt 0.106461 0.000220
vt 0.518745 0.733840
vt 0.678269 0.896906
vt 0.495246 0.675729
vt 0.386791 0.698974
vt 0.068258 0.368321
vt 0.757598 0.200908
vt 0.790903 0.191077
vt 0.788486 0.198320
vt 0.699598 0.465275
vt 0.703268 0.459936
vt 0.797780 0.972711
vt 0.607964 0.200821
vt 0.015768 0.004412
vt 0.268098 0.585850
vt 0.277848 0.585308
vt 0.272198 0.584842
vt 0.464116 0.009008
vt 0.241068 0.053644
vt 0.235608 0.052942
vt 0.426801 0.612930
vt 0.429097 0.614638
vt 0.007710 0.166727
vt 0.431842 0.622602
vt 0.817037 0.200134
vt 0.246212 0.656357
vt 0.609339 0.967917
vt 0.537582 0.854713
vt 0.244210 0.527861
vt 0.101007 0.384027
vt 0.084192 0.372901
vt 0.425770 0.089158
vt 0.126015 0.808215
vt 0.754289 0.195777
vt 0.771175 0.197367
vt 0.213839 0.274943
vt 0.738074 0.243113
vt 0.756516 0.215863
vt 0.041265 0.225882
vt 0.263602 0.582616
vt 0.396683 0.485598
vt 0.733937 0.254132
vt 0.175886 0.231417
vt 0.179124 0.235174
vt 0.176781 0.235250
vt 0.177847 0.231188
vt 0.181079 0.232136
vt 0.182153 0.234276
vt 0.835554 0.931223
vt 0.055019 0.028885
vt 0.053457 0.025632
vt 0.055019 0.023692
vt 0.427076 0.616983
vt 0.429197 0.617801
vt 0.430758 0.619788
vt 0.585997 0.940356
vt 0.595412 0.941717
vt 0.317504 0.397515
vt 0.317504 0.379862
vt 0.323239 0.390584
vt 0.434452 0.890573
vt 0.234204 0.662982
vt 0.930236 0.573319
vt 0.165867 0.365266
vt 0.092305 0.782929
vt 0.108663 0.389930
vt 0.062579 0.351406
vt 0.420684 0.688322
vt 0.130125 0.825070
vt 0.008435 0.351336
vt 0.036577 0.354183
vt 0.590813 0.886672
vt 0.693586 0.454304
vt 0.710409 0.448204
vt 0.202071 0.018908
vt 0.203572 0.012937
vt 0.203572 0.023383
vt 0.269283 0.582489
vt 0.397877 0.486921
vt 0.272917 0.582513
vt 0.271822 0.581737
vt 0.895476 0.460723
vt 0.894757 0.456330
vt 0.020632 0.015077
vt 0.020632 0.022008
vt 0.019394 0.020252
vt 0.832093 0.939031
vt 0.832773 0.927510
vt 0.587459 0.930110
vt 0.893573 0.459398
vt 0.074276 0.036045
vt 0.074276 0.038514
vt 0.071824 0.037505
vt 0.802275 0.213539
vt 0.569450 0.511680
vt 0.107643 0.076250
vt 0.208969 0.595652
vt 0.480893 0.679857
vt 0.097735 0.749050
vt 0.156389 0.289874
vt 0.691320 0.459968
vt 0.923752 0.289906
vt 0.923821 0.284242
vt 0.927501 0.284135
vt 0.237649 0.112613
vt 0.233061 0.112233
vt 0.233651 0.105745
vt 0.927924 0.281373
vt 0.066023 0.028318
vt 0.066023 0.034387
vt 0.065056 0.032839
vt 0.597447 0.175939
vt 0.607154 0.172081
vt 0.894342 0.459554
vt 0.796017 0.778248
vt 0.806917 0.766411
vt 0.796530 0.782814
vt 0.277777 0.581293
vt 0.076725 0.003578
vt 0.079778 0.000217
vt 0.079778 0.005502
vt 0.890725 0.464813
vt 0.894892 0.462673
vt 0.893413 0.466126
vt 0.895869 0.469040
vt 0.590813 0.932518
vt 0.282809 0.959821
vt 0.284622 0.958441
vt 0.290227 0.963265
vt 0.288280 0.955351
vt 0.017307 0.915437
vt 0.550458 0.485820
vt 0.147761 0.075872
vt 0.149928 0.086263
vt 0.147761 0.088031
vt 0.690948 0.204297
vt 0.704199 0.201419
vt 0.237777 0.940923
vt 0.885223 0.371958
vt 0.990348 0.001271
vt 0.981343 0.034387
vt 0.969223 0.001271
vt 0.500636 0.751695
vt 0.594168 0.701616
vt 0.590102 0.661950
vt 0.136173 0.789517
vt 0.162774 0.274288
vt 0.875263 0.727472
vt 0.888113 0.719314
vt 0.892825 0.728754
vt 0.750782 0.206880
vt 0.699737 0.476045
vt 0.710144 0.481987
vt 0.150397 0.422273
vt 0.151535 0.404876
vt 0.155430 0.407092
vt 0.607964 0.174222
vt 0.796696 0.773532
vt 0.587421 0.124507
vt 0.596960 0.120989
vt 0.595462 0.127431
vt 0.596960 0.136173
vt 0.588083 0.134897
vt 0.596610 0.133253
vt 0.787455 0.215841
vt 0.788997 0.767444
vt 0.788928 0.758660
vt 0.793363 0.770289
vt 0.228435 0.405942
vt 0.230571 0.401542
vt 0.236583 0.418147
vt 0.669349 0.189280
vt 0.229347 0.662708
vt 0.422226 0.885378
vt 0.966230 0.716647
vt 0.977969 0.718764
vt 0.966230 0.751014
vt 0.080574 0.369004
vt 0.166248 0.274304
vt 0.918554 0.867984
vt 0.922199 0.875094
vt 0.916989 0.875158
vt 0.130622 0.815002
vt 0.933579 0.867587
vt 0.936117 0.875126
vt 0.920974 0.727326
vt 0.920993 0.728895
vt 0.918051 0.730348
vt 0.916467 0.729672
vt 0.786649 0.200056
vt 0.931166 0.323239
vt 0.919331 0.292441
vt 0.933953 0.310721
vt 0.923938 0.280395
vt 0.709358 0.484957
vt 0.798206 0.789385
vt 0.815662 0.777340
vt 0.242085 0.116994
vt 0.238076 0.119722
vt 0.238617 0.116367
vt 0.150397 0.404903
vt 0.152291 0.181333
vt 0.154071 0.185825
vt 0.150607 0.188107
vt 0.361983 0.555067
vt 0.364025 0.555734
vt 0.362007 0.561310
vt 0.366584 0.561505
vt 0.931476 0.276667
vt 0.929997 0.276562
vt 0.274954 0.959143
vt 0.277561 0.956757
vt 0.154316 0.189609
vt 0.152591 0.193943
vt 0.150115 0.191674
vt 0.159556 0.193808
vt 0.896815 0.451587
vt 0.933953 0.276493
vt 0.179806 0.240410
vt 0.584251 0.128467
vt 0.586888 0.131068
vt 0.584944 0.130322
vt 0.785880 0.228833
vt 0.409131 0.908423
vt 0.424620 0.911085
vt 0.792216 0.760294
vt 0.960087 0.591458
vt 0.155400 0.324791
vt 0.719353 0.885176
vt 0.725033 0.890670
vt 0.920615 0.878855
vt 0.916343 0.878818
vt 0.913057 0.873059
vt 0.146718 0.286646
vt 0.776785 0.209073
vt 0.751278 0.707939
vt 0.741683 0.706390
vt 0.747687 0.694387
vt 0.699753 0.439043
vt 0.926071 0.276321
vt 0.923541 0.276043
vt 0.922078 0.285030
vt 0.931117 0.274204
vt 0.115352 0.352124
vt 0.115352 0.325634
vt 0.126544 0.340239
vt 0.875804 0.343811
vt 0.877726 0.348666
vt 0.873767 0.345124
vt 0.241910 0.121901
vt 0.239973 0.122139
vt 0.158525 0.186753
vt 0.151659 0.189317
vt 0.370005 0.556167
vt 0.727965 0.247801
vt 0.828306 0.936041
vt 0.175886 0.242085
vt 0.589605 0.129777
vt 0.591771 0.131363
vt 0.798361 0.769305
vt 0.803611 0.747164
vt 0.280543 0.055080
vt 0.277774 0.055470
vt 0.277595 0.052621
vt 0.554945 0.464108
vt 0.559247 0.468986
vt 0.283350 0.052579
vt 0.273488 0.041433
vt 0.416894 0.690839
vt 0.089640 0.367073
vt 0.942253 0.884816
vt 0.953210 0.887906
vt 0.885003 0.733829
vt 0.912459 0.734790
vt 0.923879 0.918376
vt 0.924325 0.920824
vt 0.910072 0.919416
vt 0.209122 0.263999
vt 0.920242 0.276273
vt 0.920301 0.288176
vt 0.928945 0.271347
vt 0.230169 0.115698
vt 0.241033 0.124902
vt 0.236706 0.122777
vt 0.158509 0.183188
vt 0.153270 0.187953
vt 0.365720 0.563829
vt 0.367845 0.567195
vt 0.366080 0.568252
vt 0.367026 0.563263
vt 0.932565 0.273770
vt 0.061897 0.022352
vt 0.059783 0.028885
vt 0.055716 0.022352
vt 0.370005 0.569450
vt 0.180820 0.241797
vt 0.013755 0.018833
vt 0.013755 0.024759
vt 0.012260 0.023094
vt 0.594132 0.129776
vt 0.590371 0.130588
vt 0.825033 0.920790
vt 0.274954 0.965137
vt 0.185690 0.238139
vt 0.067399 0.013755
vt 0.064978 0.012964
vt 0.067399 0.007556
vt 0.850410 0.957039
vt 0.273488 0.057770
vt 0.525145 0.838452
vt 0.869770 0.382860
vt 0.692043 0.849332
vt 0.686249 0.815125
vt 0.721791 0.823156
vt 0.107036 0.072631
vt 0.701361 0.883230
vt 0.504429 0.673513
vt 0.927711 0.881056
vt 0.910192 0.734653
vt 0.903431 0.732185
vt 0.913821 0.723151
vt 0.896683 0.722888
vt 0.898555 0.721529
vt 0.921574 0.735312
vt 0.888410 0.344696
vt 0.883006 0.346031
vt 0.887876 0.346982
vt 0.735214 0.686238
vt 0.736179 0.681519
vt 0.737603 0.682247
vt 0.230097 0.111598
vt 0.231909 0.109709
vt 0.232263 0.105965
vt 0.919227 0.286154
vt 0.918854 0.289283
vt 0.233978 0.120938
vt 0.234396 0.129017
vt 0.917624 0.288070
vt 0.275059 0.952237
vt 0.159556 0.184194
vt 0.230830 0.398175
vt 0.277699 0.986221
vt 0.546566 0.481166
vt 0.806099 0.198735
vt 0.841919 0.965589
vt 0.549402 0.467976
vt 0.071743 0.775586
vt 0.082195 0.355630
vt 0.757814 0.718547
vt 0.744397 0.711066
vt 0.752156 0.712876
vt 0.739774 0.716222
vt 0.174799 0.262815
vt 0.911272 0.308617
vt 0.230940 0.125253
vt 0.912887 0.286951
vt 0.419160 0.895414
vt 0.419274 0.888522
vt 0.553053 0.463848
vt 0.559392 0.456721
vt 0.560134 0.449105
vt 0.564153 0.444072
vt 0.815662 0.750532
vt 0.587152 0.675968
vt 0.436137 0.124375
vt 0.917686 0.887349
vt 0.920563 0.884200
vt 0.057659 0.346810
vt 0.761858 0.722180
vt 0.754998 0.705769
vt 0.922257 0.272273
vt 0.874550 0.338716
vt 0.900171 0.350910
vt 0.914223 0.281312
vt 0.807349 0.814286
vt 0.229759 0.121435
vt 0.699642 0.419497
vt 0.715251 0.414345
vt 0.873652 0.367977
vt 0.867290 0.356129
vt 0.609339 0.933367
vt 0.825033 0.952344
vt 0.550799 0.455602
vt 0.422249 0.875569
vt 0.434493 0.866681
vt 0.072945 0.026654
vt 0.558297 0.244807
vt 0.078881 0.748476
vt 0.153859 0.269523
vt 0.762180 0.715992
vt 0.911763 0.739200
vt 0.380950 0.970702
vt 0.387266 0.959582
vt 0.390637 0.983471
vt 0.662821 0.452275
vt 0.892740 0.346354
vt 0.893938 0.344552
vt 0.225676 0.107506
vt 0.226257 0.113330
vt 0.228507 0.129646
vt 0.914953 0.275403
vt 0.769368 0.225870
vt 0.230592 0.394615
vt 0.794873 0.610045
vt 0.806033 0.653310
vt 0.774598 0.657009
vt 0.544623 0.473530
vt 0.546329 0.466237
vt 0.420391 0.881817
vt 0.555968 0.448439
vt 0.561834 0.434074
vt 0.402676 0.698921
vt 0.921924 0.895290
vt 0.746518 0.681614
vt 0.896083 0.337430
vt 0.227447 0.119829
vt 0.901706 0.953210
vt 0.953073 0.029349
vt 0.972467 0.038562
vt 0.964883 0.053644
vt 0.906826 0.284503
vt 0.879769 0.374132
vt 0.204132 0.351493
vt 0.202264 0.356553
vt 0.199723 0.354358
vt 0.206896 0.360944
vt 0.200567 0.348692
vt 0.185853 0.344382
vt 0.200779 0.329900
vt 0.236583 0.394725
vt 0.210776 0.362526
vt 0.213200 0.360440
vt 0.767383 0.623063
vt 0.407500 0.893566
vt 0.761300 0.644205
vt 0.764548 0.644536
vt 0.558076 0.440581
vt 0.197092 0.544824
vt 0.590521 0.708888
vt 0.434617 0.685331
vt 0.160337 0.271589
vt 0.490462 0.815583
vt 0.480528 0.819089
vt 0.480568 0.801790
vt 0.226504 0.116483
vt 0.906071 0.282145
vt 0.529321 0.470977
vt 0.540481 0.477293
vt 0.200724 0.359489
vt 0.714738 0.246693
vt 0.398561 0.913738
vt 0.405329 0.920198
vt 0.766197 0.648899
vt 0.646874 0.905083
vt 0.631215 0.880519
vt 0.643957 0.886873
vt 0.418262 0.881701
vt 0.419876 0.877974
vt 0.711197 0.817378
vt 0.569450 0.429965
vt 0.196790 0.525361
vt 0.074703 0.045391
vt 0.074440 0.040009
vt 0.075652 0.040009
vt 0.198401 0.584662
vt 0.185237 0.387841
vt 0.174839 0.390494
vt 0.378663 0.703826
vt 0.105689 0.364103
vt 0.945039 0.894871
vt 0.909409 0.886875
vt 0.220058 0.099647
vt 0.222886 0.130671
vt 0.909561 0.279507
vt 0.907635 0.287316
vt 0.229706 0.433272
vt 0.229570 0.442906
vt 0.227894 0.428481
vt 0.771799 0.210913
vt 0.710014 0.243208
vt 0.193803 0.354409
vt 0.697271 0.233832
vt 0.552623 0.444646
vt 0.560837 0.428673
vt 0.094686 0.353690
vt 0.067344 0.788131
vt 0.507553 0.236583
vt 0.501941 0.224484
vt 0.507553 0.216799
vt 0.114227 0.280108
vt 0.906529 0.744945
vt 0.756281 0.687034
vt 0.901706 0.909813
vt 0.902661 0.906287
vt 0.221675 0.124432
vt 0.912400 0.274631
vt 0.867290 0.317048
vt 0.535160 0.466327
vt 0.537299 0.454881
vt 0.762089 0.646456
vt 0.760434 0.649031
vt 0.726817 0.864060
vt 0.405303 0.874643
vt 0.419243 0.876318
vt 0.709984 0.814714
vt 0.712107 0.816511
vt 0.420062 0.875381
vt 0.889452 0.756111
vt 0.901286 0.346107
vt 0.903223 0.344810
vt 0.491943 0.793074
vt 0.222408 0.114094
vt 0.972467 0.386511
vt 0.964644 0.374310
vt 0.970399 0.378959
vt 0.229706 0.418294
vt 0.473166 0.968543
vt 0.471405 0.969953
vt 0.465475 0.967067
vt 0.221849 0.117339
vt 0.287476 0.308905
vt 0.287476 0.336993
vt 0.278181 0.317195
vt 0.896842 0.316561
vt 0.764184 0.656443
vt 0.180154 0.332913
vt 0.415347 0.126176
vt 0.419542 0.125018
vt 0.419882 0.127139
vt 0.718142 0.820293
vt 0.560266 0.426872
vt 0.559417 0.428866
vt 0.432885 0.696288
vt 0.435033 0.112467
vt 0.439764 0.635285
vt 0.439042 0.641301
vt 0.437635 0.629409
vt 0.461914 0.841519
vt 0.474939 0.825944
vt 0.474572 0.833066
vt 0.907877 0.337899
vt 0.677079 0.423535
vt 0.954805 0.377363
vt 0.220058 0.121289
vt 0.462024 0.968360
vt 0.459565 0.965242
vt 0.468637 0.971841
vt 0.908534 0.273467
vt 0.902695 0.283328
vt 0.205058 0.368630
vt 0.769499 0.655541
vt 0.258301 0.160997
vt 0.260805 0.160571
vt 0.260419 0.163683
vt 0.413385 0.123253
vt 0.422273 0.119246
vt 0.182235 0.353576
vt 0.413691 0.128867
vt 0.422273 0.133422
vt 0.421287 0.126741
vt 0.503787 0.197670
vt 0.502711 0.200478
vt 0.499999 0.204634
vt 0.632975 0.887106
vt 0.714960 0.816516
vt 0.711240 0.815394
vt 0.677983 0.865480
vt 0.468670 0.850547
vt 0.147560 0.262815
vt 0.769176 0.717311
vt 0.768346 0.725211
vt 0.770026 0.727595
vt 0.913892 0.744638
vt 0.765068 0.684482
vt 0.384064 0.483779
vt 0.376805 0.477315
vt 0.387721 0.481005
vt 0.379525 0.476495
vt 0.370720 0.475176
vt 0.375292 0.483578
vt 0.903430 0.922287
vt 0.972467 0.013257
vt 0.454910 0.960028
vt 0.457602 0.962828
vt 0.454664 0.965410
vt 0.905085 0.275581
vt 0.143786 0.957559
vt 0.140340 0.957760
vt 0.138356 0.951788
vt 0.200753 0.364930
vt 0.902943 0.281398
vt 0.193487 0.364694
vt 0.259562 0.159753
vt 0.503991 0.205174
vt 0.505378 0.198545
vt 0.189103 0.357922
vt 0.392010 0.906459
vt 0.084507 0.095013
vt 0.185234 0.372641
vt 0.087040 0.725385
vt 0.441084 0.647523
vt 0.606539 0.290015
vt 0.592234 0.286310
vt 0.594175 0.277480
vt 0.661958 0.436965
vt 0.447032 0.533688
vt 0.439970 0.529661
vt 0.447032 0.513479
vt 0.963628 0.369912
vt 0.806033 0.679489
vt 0.459540 0.970915
vt 0.146294 0.928743
vt 0.465519 0.974413
vt 0.467006 0.977738
vt 0.454630 0.968521
vt 0.457441 0.970284
vt 0.461540 0.974120
vt 0.196526 0.366737
vt 0.463864 0.975918
vt 0.137843 0.960821
vt 0.145078 0.959763
vt 0.259422 0.157071
vt 0.262717 0.155321
vt 0.415894 0.117534
vt 0.256307 0.155321
vt 0.119399 0.226531
vt 0.125573 0.225029
vt 0.122749 0.231634
vt 0.502888 0.203427
vt 0.502050 0.203019
vt 0.713684 0.810800
vt 0.412537 0.869991
vt 0.400980 0.876799
vt 0.401973 0.873375
vt 0.394422 0.409587
vt 0.401712 0.423131
vt 0.388423 0.424322
vt 0.588707 0.242286
vt 0.064421 0.795029
vt 0.062637 0.788129
vt 0.462924 0.856926
vt 0.936558 0.906231
vt 0.425770 0.121851
vt 0.024583 0.939600
vt 0.033012 0.915225
vt 0.033012 0.957336
vt 0.765485 0.734508
vt 0.881044 0.747434
vt 0.429141 0.644704
vt 0.423025 0.620470
vt 0.913164 0.342117
vt 0.411282 0.585672
vt 0.414778 0.630167
vt 0.409828 0.599032
vt 0.373472 0.959189
vt 0.449776 0.968031
vt 0.457525 0.974083
vt 0.899683 0.278992
vt 0.134316 0.969716
vt 0.140707 0.963919
vt 0.140306 0.969260
vt 0.453319 0.971382
vt 0.460875 0.975396
vt 0.134847 0.962680
vt 0.888691 0.917403
vt 0.882382 0.916633
vt 0.894333 0.907990
vt 0.505573 0.210411
vt 0.502173 0.208947
vt 0.501300 0.205243
vt 0.546802 0.437544
vt 0.650604 0.914696
vt 0.632819 0.911465
vt 0.713642 0.871473
vt 0.398056 0.722318
vt 0.952099 0.905454
vt 0.376596 0.491449
vt 0.957710 0.368029
vt 0.617603 0.876431
vt 0.607902 0.859863
vt 0.948683 0.148802
vt 0.954995 0.174686
vt 0.943914 0.163001
vt 0.758422 0.656978
vt 0.765852 0.658365
vt 0.761404 0.659596
vt 0.460700 0.977770
vt 0.198561 0.368230
vt 0.376882 0.897782
vt 0.371636 0.902760
vt 0.365300 0.897232
vt 0.185071 0.357558
vt 0.184960 0.360399
vt 0.395452 0.887034
vt 0.400537 0.873034
vt 0.398403 0.412819
vt 0.410102 0.412193
vt 0.402987 0.421290
vt 0.410722 0.396983
vt 0.424056 0.410585
vt 0.378403 0.430031
vt 0.392155 0.443700
vt 0.572517 0.663896
vt 0.439698 0.648266
vt 0.480330 0.847851
vt 0.394764 0.486147
vt 0.393411 0.475176
vt 0.392779 0.487178
vt 0.715534 0.592095
vt 0.740010 0.546151
vt 0.740010 0.584953
vt 0.711144 0.572017
vt 0.953141 0.137068
vt 0.740010 0.873432
vt 0.766450 0.661330
vt 0.740010 0.811795
vt 0.450692 0.973167
vt 0.450577 0.972323
vt 0.451842 0.973118
vt 0.123637 0.232853
vt 0.121428 0.235408
vt 0.119661 0.231705
vt 0.119399 0.234808
vt 0.500426 0.207433
vt 0.624556 0.891767
vt 0.898013 0.926930
vt 0.896832 0.937007
vt 0.892514 0.935625
vt 0.181012 0.357648
vt 0.394917 0.890539
vt 0.208431 0.607851
vt 0.196790 0.610715
vt 0.508589 0.727097
vt 0.493161 0.699132
vt 0.567878 0.694190
vt 0.604574 0.278293
vt 0.876553 0.759413
vt 0.417182 0.633612
vt 0.902924 0.754939
vt 0.737259 0.605788
vt 0.386084 0.495072
vt 0.890811 0.228528
vt 0.899713 0.230977
vt 0.892245 0.237516
vt 0.394394 0.602875
vt 0.735396 0.544251
vt 0.917447 0.220373
vt 0.912713 0.231588
vt 0.215951 0.000637
vt 0.215951 0.027510
vt 0.198054 0.002422
vt 0.147348 0.639634
vt 0.180700 0.639431
vt 0.135612 0.660232
vt 0.153122 0.943369
vt 0.456695 0.976343
vt 0.763614 0.661068
vt 0.763335 0.664201
vt 0.758788 0.662250
vt 0.448733 0.971942
vt 0.451312 0.975050
vt 0.462968 0.981465
vt 0.144117 0.964175
vt 0.506178 0.213200
vt 0.501013 0.210513
vt 0.251814 0.814313
vt 0.254925 0.812392
vt 0.258071 0.816439
vt 0.180154 0.361822
vt 0.615027 0.901728
vt 0.394179 0.886674
vt 0.551490 0.431828
vt 0.398284 0.868583
vt 0.400050 0.865040
vt 0.121145 0.955408
vt 0.127920 0.959084
vt 0.122090 0.965910
vt 0.929139 0.788234
vt 0.926910 0.797780
vt 0.930137 0.778422
vt 0.603046 0.295224
vt 0.587198 0.299255
vt 0.595339 0.287906
vt 0.137153 0.909986
vt 0.136103 0.903964
vt 0.149928 0.893040
vt 0.958530 0.162445
vt 0.442755 0.945177
vt 0.244912 0.810455
vt 0.242939 0.813554
vt 0.240433 0.813581
vt 0.123287 0.244482
vt 0.119959 0.239869
vt 0.124112 0.237217
vt 0.454821 0.978417
vt 0.249426 0.811657
vt 0.248001 0.813019
vt 0.245040 0.812207
vt 0.246474 0.810855
vt 0.450772 0.976034
vt 0.148973 0.959632
vt 0.126839 0.232896
vt 0.497305 0.210538
vt 0.127771 0.231593
vt 0.361837 0.903330
vt 0.295101 0.969716
vt 0.295101 0.927871
vt 0.304851 0.956651
vt 0.679621 0.860326
vt 0.448158 0.703898
vt 0.466666 0.695270
vt 0.730382 0.870688
vt 0.124635 0.950680
vt 0.064342 0.771651
vt 0.597490 0.268614
vt 0.423433 0.650405
vt 0.594104 0.252631
vt 0.363527 0.973348
vt 0.375918 0.950926
vt 0.914696 0.320534
vt 0.948087 0.355234
vt 0.972467 0.344896
vt 0.389677 0.576390
vt 0.248329 0.809409
vt 0.450385 0.978903
vt 0.149373 0.966839
vt 0.607989 0.877616
vt 0.497194 0.212292
vt 0.258063 0.813532
vt 0.258906 0.817063
vt 0.896115 0.942219
vt 0.893883 0.942529
vt 0.525103 0.299665
vt 0.529561 0.308478
vt 0.525103 0.324614
vt 0.545374 0.424537
vt 0.380341 0.448785
vt 0.507553 0.699916
vt 0.441530 0.657481
vt 0.491152 0.834648
vt 0.928867 0.907290
vt 0.132907 0.908757
vt 0.134367 0.902347
vt 0.124490 0.907065
vt 0.128803 0.899435
vt 0.778524 0.692646
vt 0.198388 0.649645
vt 0.207691 0.637417
vt 0.390637 0.946570
vt 0.235966 0.818413
vt 0.229351 0.805565
vt 0.968819 0.204947
vt 0.968819 0.170364
vt 0.975218 0.179258
vt 0.146782 0.966823
vt 0.494445 0.213200
vt 0.128797 0.234335
vt 0.132046 0.230657
vt 0.888751 0.929778
vt 0.891857 0.931321
vt 0.897696 0.944744
vt 0.354235 0.885496
vt 0.359325 0.879685
vt 0.358065 0.882893
vt 0.358435 0.878285
vt 0.093192 0.086222
vt 0.437699 0.403180
vt 0.436170 0.396167
vt 0.702611 0.868506
vt 0.113249 0.962068
vt 0.931862 0.780750
vt 0.928889 0.797471
vt 0.480028 0.854380
vt 0.431601 0.654528
vt 0.904539 0.771386
vt 0.389698 0.504802
vt 0.397221 0.613368
vt 0.716598 0.558729
vt 0.245726 0.807737
vt 0.449275 0.979392
vt 0.126893 0.240429
vt 0.126512 0.245976
vt 0.128737 0.244181
vt 0.128134 0.247587
vt 0.252784 0.810452
vt 0.128770 0.236327
vt 0.880406 0.924076
vt 0.255667 0.809975
vt 0.392010 0.879806
vt 0.199508 0.388250
vt 0.478494 0.699931
vt 0.468348 0.140085
vt 0.436726 0.132913
vt 0.426667 0.708297
vt 0.611450 0.288178
vt 0.613509 0.291827
vt 0.426857 0.122996
vt 0.945621 0.917447
vt 0.616347 0.283570
vt 0.727978 0.615346
vt 0.889981 0.759214
vt 0.135124 0.910817
vt 0.506465 0.801901
vt 0.958893 0.671308
vt 0.951416 0.661433
vt 0.954279 0.658199
vt 0.902926 0.244585
vt 0.873998 0.915242
vt 0.864959 0.897930
vt 0.248763 0.802287
vt 0.131150 0.244551
vt 0.130097 0.240724
vt 0.130919 0.237127
vt 0.899566 0.947708
vt 0.351709 0.897787
vt 0.559822 0.496346
vt 0.559822 0.513088
vt 0.557507 0.518557
vt 0.077294 0.156805
vt 0.449624 0.385284
vt 0.443355 0.397066
vt 0.060184 0.773251
vt 0.117801 0.932854
vt 0.927277 0.911566
vt 0.729897 0.620343
vt 0.130198 0.913359
vt 0.878460 0.250056
vt 0.869189 0.244768
vt 0.366596 0.952809
vt 0.164418 0.621335
vt 0.778524 0.665712
vt 0.756922 0.965589
vt 0.756922 0.926848
vt 0.759339 0.923193
vt 0.216362 0.812025
vt 0.442755 0.982095
vt 0.026704 0.563741
vt 0.035231 0.570419
vt 0.026400 0.565761
vt 0.870984 0.919519
vt 0.884706 0.928392
vt 0.310859 0.947216
vt 0.218702 0.405768
vt 0.412813 0.723736
vt 0.619439 0.287741
vt 0.938407 0.792768
vt 0.486355 0.855636
vt 0.943517 0.672611
vt 0.946735 0.649811
vt 0.957460 0.649743
vt 0.958995 0.633308
vt 0.943961 0.639837
vt 0.960087 0.626585
vt 0.980720 0.227336
vt 0.971755 0.255909
vt 0.965842 0.240147
vt 0.261342 0.813376
vt 0.873122 0.946166
vt 0.711188 0.860326
vt 0.479319 0.159377
vt 0.465072 0.151604
vt 0.498964 0.706702
vt 0.112604 0.957260
vt 0.875263 0.773022
vt 0.135442 0.915110
vt 0.137950 0.914688
vt 0.209073 0.630792
vt 0.104806 0.893040
vt 0.102531 0.905271
vt 0.707320 0.548043
vt 0.370299 0.947918
vt 0.377449 0.941828
vt 0.773022 0.937334
vt 0.160932 0.969716
vt 0.691450 0.522624
vt 0.701601 0.533374
vt 0.692260 0.548326
vt 0.611134 0.894171
vt 0.972467 0.165731
vt 0.607902 0.904129
vt 0.883462 0.927343
vt 0.980720 0.259966
vt 0.352574 0.902315
vt 0.349541 0.895194
vt 0.392465 0.731757
vt 0.558655 0.686563
vt 0.930642 0.776660
vt 0.613049 0.269490
vt 0.408894 0.639367
vt 0.120616 0.911349
vt 0.401454 0.633946
vt 0.353627 0.951519
vt 0.400048 0.623013
vt 0.030520 0.579078
vt 0.042933 0.567261
vt 0.285403 0.171512
vt 0.290227 0.184612
vt 0.285403 0.199445
vt 0.026004 0.556538
vt 0.254121 0.793967
vt 0.552413 0.508346
vt 0.880716 0.927086
vt 0.371014 0.914488
vt 0.089479 0.085567
vt 0.930651 0.770644
vt 0.426722 0.721447
vt 0.606509 0.261055
vt 0.194507 0.623823
vt 0.183874 0.620921
vt 0.891743 0.247187
vt 0.135612 0.641076
vt 0.152820 0.616812
vt 0.692883 0.510957
vt 0.044015 0.556538
vt 0.940500 0.639110
vt 0.859887 0.211060
vt 0.864010 0.199529
vt 0.878592 0.211809
vt 0.877627 0.926130
vt 0.002751 0.321863
vt 0.000627 0.307923
vt 0.002751 0.300782
vt 0.455667 0.396937
vt 0.397652 0.467378
vt 0.381741 0.467932
vt 0.066545 0.735493
vt 0.431068 0.125761
vt 0.107713 0.963898
vt 0.617949 0.305049
vt 0.496777 0.842008
vt 0.714042 0.604751
vt 0.709576 0.577910
vt 0.505776 0.821187
vt 0.939152 0.647553
vt 0.903106 0.260107
vt 0.917447 0.273721
vt 0.240710 0.930064
vt 0.223164 0.928284
vt 0.228344 0.921549
vt 0.350512 0.899199
vt 0.400207 0.443776
vt 0.482858 0.715251
vt 0.434386 0.128290
vt 0.617665 0.293503
vt 0.887225 0.768362
vt 0.503536 0.841394
vt 0.504858 0.832656
vt 0.831866 0.548818
vt 0.829187 0.529333
vt 0.839556 0.539896
vt 0.587198 0.222019
vt 0.972467 0.133076
vt 0.223149 0.785979
vt 0.216089 0.927621
vt 0.215245 0.920904
vt 0.197451 0.946333
vt 0.197451 0.916033
vt 0.412068 0.433454
vt 0.412241 0.436709
vt 0.456151 0.708630
vt 0.566836 0.715251
vt 0.551545 0.689799
vt 0.938390 0.774504
vt 0.945881 0.797780
vt 0.149711 0.921745
vt 0.133375 0.943582
vt 0.124022 0.928005
vt 0.709718 0.596960
vt 0.913072 0.917447
vt 0.694333 0.575545
vt 0.169051 0.614390
vt 0.873533 0.239334
vt 0.829187 0.502514
vt 0.836339 0.513596
vt 0.869004 0.926728
vt 0.858847 0.923497
vt 0.247110 0.784819
vt 0.859887 0.179623
vt 0.877729 0.196217
vt 0.336232 0.872542
vt 0.717665 0.516140
vt 0.694921 0.554320
vt 0.084290 0.091868
vt 0.272908 0.471999
vt 0.276915 0.466772
vt 0.279994 0.475917
vt 0.410911 0.728684
vt 0.556923 0.679300
vt 0.559885 0.660127
vt 0.409218 0.652532
vt 0.697802 0.592265
vt 0.402806 0.642761
vt 0.870151 0.930575
vt 0.867248 0.937471
vt 0.339164 0.902676
vt 0.238896 0.442415
vt 0.269614 0.431716
vt 0.450120 0.408230
vt 0.617864 0.098283
vt 0.602265 0.090051
vt 0.610423 0.089735
vt 0.466977 0.385263
vt 0.629282 0.099035
vt 0.624438 0.090378
vt 0.633196 0.085986
vt 0.738826 0.834196
vt 0.733668 0.826361
vt 0.748765 0.813681
vt 0.189853 0.610722
vt 0.353280 0.944364
vt 0.837990 0.552434
vt 0.006877 0.354051
vt 0.000835 0.365879
vt 0.000835 0.337269
vt 0.862578 0.938380
vt 0.867275 0.933451
vt 0.325333 0.872005
vt 0.068607 0.148324
vt 0.238896 0.395702
vt 0.247543 0.403957
vt 0.242043 0.404952
vt 0.418443 0.729860
vt 0.932351 0.765540
vt 0.440155 0.714631
vt 0.944551 0.777877
vt 0.504041 0.849751
vt 0.503594 0.846082
vt 0.129213 0.935262
vt 0.109047 0.926530
vt 0.182939 0.792278
vt 0.163816 0.785580
vt 0.172896 0.773628
vt 0.829909 0.561186
vt 0.704264 0.500643
vt 0.211308 0.395551
vt 0.226955 0.387438
vt 0.226955 0.411270
vt 0.937554 0.641317
vt 0.005502 0.091733
vt 0.004544 0.096082
vt 0.000075 0.097659
vt 0.198125 0.911455
vt 0.325333 0.925700
vt 0.336683 0.899588
vt 0.505917 0.554272
vt 0.505055 0.570053
vt 0.498598 0.564506
vt 0.509169 0.560035
vt 0.911921 0.480813
vt 0.901240 0.474949
vt 0.914696 0.462608
vt 0.111111 0.930199
vt 0.121535 0.928625
vt 0.954574 0.783018
vt 0.914696 0.513256
vt 0.899764 0.513320
vt 0.908300 0.487521
vt 0.844547 0.815868
vt 0.838501 0.824855
vt 0.833919 0.820078
vt 0.695759 0.581729
vt 0.391225 0.640837
vt 0.691450 0.488339
vt 0.160490 0.754266
vt 0.174595 0.758988
vt 0.163035 0.765644
vt 0.878007 0.207486
vt 0.464834 0.439845
vt 0.485669 0.561087
vt 0.496364 0.553709
vt 0.058929 0.755442
vt 0.056107 0.772064
vt 0.159415 0.921737
vt 0.155138 0.928744
vt 0.156782 0.917303
vt 0.158577 0.947708
vt 0.943053 0.750669
vt 0.092392 0.942492
vt 0.960087 0.797722
vt 0.506666 0.838370
vt 0.512819 0.830093
vt 0.686418 0.562061
vt 0.935557 0.629134
vt 0.856300 0.521042
vt 0.846089 0.501714
vt 0.408949 0.431150
vt 0.414145 0.459198
vt 0.645779 0.089592
vt 0.628325 0.305357
vt 0.631346 0.272126
vt 0.751917 0.831425
vt 0.090826 0.969716
vt 0.096242 0.958295
vt 0.529157 0.605066
vt 0.540240 0.598419
vt 0.544866 0.609226
vt 0.629018 0.245442
vt 0.161399 0.600469
vt 0.851405 0.562573
vt 0.136329 0.597878
vt 0.148427 0.603341
vt 0.573577 0.036522
vt 0.562591 0.018800
vt 0.568220 0.015324
vt 0.917984 0.626585
vt 0.852683 0.512235
vt 0.862349 0.940682
vt 0.855888 0.947708
vt 0.254571 0.785510
vt 0.201076 0.896320
vt 0.238041 0.910492
vt 0.864165 0.947559
vt 0.736545 0.516073
vt 0.747138 0.522909
vt 0.469013 0.564403
vt 0.481521 0.556283
vt 0.179267 0.945413
vt 0.619978 0.268187
vt 0.718122 0.240710
vt 0.727297 0.204887
vt 0.738134 0.227475
vt 0.838803 0.830119
vt 0.825391 0.831022
vt 0.430526 0.918868
vt 0.430526 0.934488
vt 0.405219 0.933701
vt 0.251892 0.782860
vt 0.215816 0.914898
vt 0.328993 0.903194
vt 0.432358 0.451544
vt 0.251546 0.400939
vt 0.616422 0.075921
vt 0.468573 0.160450
vt 0.513403 0.570871
vt 0.952068 0.761880
vt 0.685053 0.581022
vt 0.213200 0.831027
vt 0.211509 0.845736
vt 0.203249 0.835241
vt 0.859161 0.526152
vt 0.859871 0.503553
vt 0.256626 0.779415
vt 0.329852 0.890436
vt 0.623792 0.082794
vt 0.702132 0.228916
vt 0.713692 0.211641
vt 0.879630 0.053774
vt 0.885946 0.043996
vt 0.890638 0.051238
vt 0.740152 0.214163
vt 0.402146 0.656548
vt 0.966965 0.177128
vt 0.966965 0.214575
vt 0.960985 0.193041
vt 0.729310 0.503040
vt 0.753726 0.518436
vt 0.885811 0.204875
vt 0.441504 0.148080
vt 0.750704 0.551949
vt 0.742350 0.527763
vt 0.759674 0.540140
vt 0.182772 0.600472
vt 0.758151 0.521505
vt 0.664451 0.600656
vt 0.651005 0.614139
vt 0.646579 0.600868
vt 0.212941 0.819440
vt 0.261342 0.751833
vt 0.884436 0.532445
vt 0.158885 0.743127
vt 0.171933 0.730909
vt 0.930363 0.643788
vt 0.252134 0.433735
vt 0.079441 0.094193
vt 0.387311 0.477398
vt 0.152907 0.226966
vt 0.146123 0.217243
vt 0.160000 0.228036
vt 0.297075 0.716939
vt 0.309484 0.715227
vt 0.303086 0.728132
vt 0.933007 0.759339
vt 0.751248 0.804173
vt 0.733668 0.800584
vt 0.746970 0.797059
vt 0.746100 0.543999
vt 0.160792 0.588408
vt 0.683105 0.574257
vt 0.767331 0.520080
vt 0.768589 0.534772
vt 0.712777 0.496099
vt 0.182609 0.848673
vt 0.179580 0.834939
vt 0.832374 0.309285
vt 0.823510 0.297391
vt 0.827599 0.296467
vt 0.247051 0.435133
vt 0.286057 0.473936
vt 0.466977 0.418421
vt 0.831282 0.835034
vt 0.521308 0.846785
vt 0.814141 0.821799
vt 0.806570 0.830822
vt 0.401170 0.919327
vt 0.406552 0.926090
vt 0.393322 0.944098
vt 0.559274 0.038514
vt 0.553031 0.029778
vt 0.755387 0.509040
vt 0.492964 0.578748
vt 0.155138 0.897058
vt 0.166914 0.906854
vt 0.091597 0.656109
vt 0.076920 0.642777
vt 0.103280 0.647505
vt 0.883203 0.492614
vt 0.096811 0.640365
vt 0.089396 0.623474
vt 0.957507 0.772172
vt 0.006885 0.899860
vt 0.018934 0.904409
vt 0.009595 0.908713
vt 0.025948 0.916189
vt 0.517117 0.856926
vt 0.032619 0.903055
vt 0.775773 0.923183
vt 0.770606 0.931202
vt 0.761293 0.921946
vt 0.422084 0.939376
vt 0.681008 0.579866
vt 0.150771 0.780713
vt 0.000075 0.065528
vt 0.157754 0.739857
vt 0.160309 0.731535
vt 0.252059 0.431180
vt 0.241977 0.433771
vt 0.608143 0.067342
vt 0.892726 0.471292
vt 0.825799 0.845421
vt 0.539512 0.619835
vt 0.896607 0.033752
vt 0.894911 0.047735
vt 0.775459 0.913700
vt 0.033714 0.910721
vt 0.701498 0.480140
vt 0.944624 0.685764
vt 0.929120 0.675693
vt 0.973842 0.675693
vt 0.013755 0.343871
vt 0.002971 0.340391
vt 0.005252 0.320385
vt 0.845676 0.276122
vt 0.842715 0.314040
vt 0.013755 0.317152
vt 0.759267 0.498060
vt 0.050473 0.747886
vt 0.511484 0.576882
vt 0.835542 0.849784
vt 0.840574 0.836378
vt 0.890296 0.514431
vt 0.893540 0.052768
vt 0.554280 0.577130
vt 0.581690 0.632414
vt 0.397946 0.657276
vt 0.670952 0.596639
vt 0.672009 0.616524
vt 0.144081 0.592005
vt 0.573577 0.005305
vt 0.742789 0.490283
vt 0.545736 0.024654
vt 0.176177 0.835341
vt 0.163852 0.844758
vt 0.641605 0.080819
vt 0.051210 0.724722
vt 0.462792 0.169184
vt 0.445517 0.157563
vt 0.294987 0.738681
vt 0.187056 0.935737
vt 0.632722 0.256093
vt 0.151987 0.783819
vt 0.894269 0.051122
vt 0.387209 0.657481
vt 0.654925 0.590621
vt 0.034254 0.903433
vt 0.736482 0.486465
vt 0.150258 0.580792
vt 0.152514 0.755494
vt 0.026556 0.968013
vt 0.015866 0.943636
vt 0.030401 0.957943
vt 0.612512 0.067974
vt 0.291073 0.719455
vt 0.547160 0.636513
vt 0.549022 0.631748
vt 0.535814 0.629215
vt 0.754155 0.825117
vt 0.530660 0.630657
vt 0.420818 0.806033
vt 0.420818 0.739477
vt 0.426400 0.779057
vt 0.768676 0.909234
vt 0.717637 0.204058
vt 0.000532 0.215511
vt 0.026134 0.246212
vt 0.000058 0.246212
vt 0.802393 0.831532
vt 0.787678 0.853611
vt 0.798871 0.825001
vt 0.643730 0.585672
vt 0.762763 0.903211
vt 0.737702 0.923630
vt 0.036306 0.911553
vt 0.869306 0.280106
vt 0.155466 0.748840
vt 0.157003 0.743481
vt 0.019194 0.961787
vt 0.039296 0.222747
vt 0.023169 0.231769
vt 0.027404 0.216777
vt 0.011774 0.225478
vt 0.497020 0.586042
vt 0.290047 0.710818
vt 0.090826 0.924206
vt 0.754051 0.806084
vt 0.956376 0.752382
vt 0.758304 0.829459
vt 0.900198 0.062827
vt 0.410045 0.939353
vt 0.902586 0.052025
vt 0.838087 0.312485
vt 0.001633 0.956407
vt 0.259681 0.431689
vt 0.425976 0.448121
vt 0.280068 0.450451
vt 0.621238 0.073800
vt 0.833996 0.858613
vt 0.837304 0.851057
vt 0.829812 0.851435
vt 0.555537 0.641545
vt 0.809434 0.862696
vt 0.536396 0.633849
vt 0.760173 0.824450
vt 0.416975 0.947624
vt 0.022565 0.899042
vt 0.899838 0.052952
vt 0.040557 0.910751
vt 0.725866 0.931202
vt 0.731945 0.925339
vt 0.147530 0.765376
vt 0.949727 0.695129
vt 0.565379 0.013151
vt 0.028845 0.965039
vt 0.445786 0.440115
vt 0.252915 0.431899
vt 0.834924 0.868148
vt 0.577675 0.639322
vt 0.282042 0.713676
vt 0.398084 0.943880
vt 0.898829 0.055079
vt 0.680065 0.579223
vt 0.684991 0.625845
vt 0.049517 0.929827
vt 0.114165 0.363128
vt 0.099751 0.329485
vt 0.114165 0.314838
vt 0.773457 0.542744
vt 0.205998 0.816569
vt 0.141251 0.722072
vt 0.198514 0.820729
vt 0.567042 0.011683
vt 0.507041 0.588204
vt 0.181080 0.910477
vt 0.544651 0.638298
vt 0.905820 0.038317
vt 0.898249 0.056911
vt 0.149916 0.763407
vt 0.149964 0.757418
vt 0.420530 0.479236
vt 0.558939 0.644746
vt 0.567387 0.648627
vt 0.581829 0.654471
vt 0.756827 0.798675
vt 0.767244 0.808870
vt 0.653397 0.571021
vt 0.749882 0.879053
vt 0.294020 0.559797
vt 0.288379 0.568532
vt 0.271932 0.527589
vt 0.400401 0.942158
vt 0.147530 0.763912
vt 0.560982 0.000516
vt 0.143083 0.231769
vt 0.137298 0.215083
vt 0.777649 0.916356
vt 0.786138 0.915755
vt 0.797094 0.919023
vt 0.880327 0.460267
vt 0.101537 0.627727
vt 0.763554 0.899268
vt 0.667934 0.576660
vt 0.527045 0.642476
vt 0.904163 0.057118
vt 0.901788 0.056332
vt 0.900732 0.056431
vt 0.389262 0.935329
vt 0.368856 0.930694
vt 0.379711 0.924881
vt 0.145666 0.776949
vt 0.032019 0.894302
vt 0.776999 0.535881
vt 0.850579 0.946070
vt 0.865539 0.961878
vt 0.857418 0.981337
vt 0.125565 0.763588
vt 0.564715 0.005504
vt 0.572280 0.003710
vt 0.189099 0.819766
vt 0.840891 0.315060
vt 0.783742 0.937295
vt 0.558645 0.647728
vt 0.270963 0.731778
vt 0.773457 0.822396
vt 0.770123 0.841796
vt 0.514431 0.352913
vt 0.510228 0.367254
vt 0.506140 0.352913
vt 0.705425 0.199949
vt 0.717064 0.197037
vt 0.863144 0.979100
vt 0.485938 0.587940
vt 0.624612 0.072157
vt 0.302447 0.756516
vt 0.844547 0.877558
vt 0.777649 0.957336
vt 0.810682 0.935166
vt 0.650673 0.567111
vt 0.765121 0.804734
vt 0.774397 0.817638
vt 0.881529 0.071531
vt 0.900668 0.083001
vt 0.879630 0.089406
vt 0.746811 0.781543
vt 0.762681 0.776025
vt 0.756659 0.559629
vt 0.742350 0.568841
vt 0.360279 0.935329
vt 0.382493 0.907891
vt 0.049517 0.876777
vt 0.142561 0.770885
vt 0.198176 0.813384
vt 0.947692 0.697258
vt 0.013706 0.974669
vt 0.028322 0.967151
vt 0.028057 0.968741
vt 0.303714 0.459448
vt 0.121474 0.219709
vt 0.662617 0.567054
vt 0.545824 0.648819
vt 0.731827 0.885728
vt 0.902128 0.078395
vt 0.264243 0.695961
vt 0.282172 0.695002
vt 0.902493 0.059061
vt 0.902375 0.061850
vt 0.136856 0.772512
vt 0.127004 0.767595
vt 0.866847 0.314605
vt 0.859324 0.984846
vt 0.005365 0.376900
vt 0.009562 0.377076
vt 0.009497 0.379038
vt 0.949413 0.698172
vt 0.573097 0.002240
vt 0.001633 0.980432
vt 0.021836 0.974951
vt 0.848637 0.317963
vt 0.844362 0.321549
vt 0.841986 0.316333
vt 0.029650 0.972906
vt 0.260908 0.430686
vt 0.645346 0.076754
vt 0.802059 0.955372
vt 0.756390 0.884683
vt 0.271102 0.610715
vt 0.309298 0.594609
vt 0.313373 0.606389
vt 0.530937 0.579158
vt 0.530937 0.598335
vt 0.522030 0.586335
vt 0.299255 0.592003
vt 0.271102 0.576334
vt 0.762020 0.562393
vt 0.734208 0.193761
vt 0.744158 0.214120
vt 0.725189 0.202512
vt 0.864964 0.971912
vt 0.865150 0.976793
vt 0.006994 0.373142
vt 0.173218 0.808046
vt 0.575886 0.653782
vt 0.121542 0.623444
vt 0.878628 0.494274
vt 0.655793 0.559275
vt 0.194633 0.927767
vt 0.383370 0.918872
vt 0.909438 0.638260
vt 0.907803 0.657481
vt 0.897149 0.649972
vt 0.016557 0.877581
vt 0.905216 0.065951
vt 0.133833 0.779110
vt 0.870347 0.957388
vt 0.208746 0.813054
vt 0.944671 0.702922
vt 0.015307 0.977164
vt 0.842119 0.320936
vt 0.575670 0.657192
vt 0.813905 0.943362
vt 0.677545 0.556442
vt 0.571543 0.159911
vt 0.585987 0.136993
vt 0.590110 0.158371
vt 0.795523 0.605706
vt 0.825290 0.612568
vt 0.806923 0.617592
vt 0.099935 0.610469
vt 0.708695 0.188414
vt 0.513326 0.657481
vt 0.511595 0.644941
vt 0.769463 0.554576
vt 0.013929 0.377065
vt 0.010866 0.379633
vt 0.269987 0.427819
vt 0.479892 0.598736
vt 0.815449 0.956535
vt 0.795748 0.908639
vt 0.554619 0.657481
vt 0.124136 0.662983
vt 0.316643 0.575302
vt 0.598112 0.139537
vt 0.632521 0.577829
vt 0.770881 0.785557
vt 0.089239 0.601476
vt 0.091262 0.602858
vt 0.743406 0.199513
vt 0.915848 0.062671
vt 0.386738 0.917517
vt 0.870101 0.980276
vt 0.470893 0.628629
vt 0.474542 0.629538
vt 0.470845 0.631646
vt 0.940751 0.703201
vt 0.010252 0.371441
vt 0.016506 0.376131
vt 0.017465 0.978315
vt 0.848038 0.325366
vt 0.629163 0.057782
vt 0.819209 0.946349
vt 0.806636 0.920968
vt 0.808885 0.601698
vt 0.745909 0.572698
vt 0.727868 0.199740
vt 0.906098 0.070375
vt 0.723464 0.199061
vt 0.725570 0.201182
vt 0.726667 0.199591
vt 0.725258 0.199311
vt 0.130442 0.775100
vt 0.812982 0.818616
vt 0.821594 0.800545
vt 0.827923 0.823914
vt 0.878564 0.972509
vt 0.470909 0.635876
vt 0.005570 0.368684
vt 0.008667 0.367838
vt 0.013104 0.372484
vt 0.946992 0.708932
vt 0.858654 0.322279
vt 0.949433 0.702127
vt 0.948324 0.703330
vt 0.264194 0.430452
vt 0.641178 0.070782
vt 0.625395 0.557691
vt 0.195319 0.913294
vt 0.518230 0.656919
vt 0.397193 0.955243
vt 0.395086 0.950918
vt 0.725899 0.197556
vt 0.722896 0.196485
vt 0.867947 0.984055
vt 0.193997 0.809511
vt 0.011957 0.368981
vt 0.011701 0.370467
vt 0.189436 0.801329
vt 0.951204 0.285390
vt 0.953210 0.299855
vt 0.949671 0.298716
vt 0.160789 0.188024
vt 0.169184 0.200821
vt 0.163597 0.194322
vt 0.433950 0.460026
vt 0.038447 0.210577
vt 0.503935 0.599286
vt 0.684991 0.553097
vt 0.319551 0.564291
vt 0.522408 0.589805
vt 0.261355 0.716584
vt 0.751720 0.581486
vt 0.957747 0.497811
vt 0.955542 0.489471
vt 0.965589 0.510304
vt 0.403114 0.964214
vt 0.506644 0.657015
vt 0.912660 0.066753
vt 0.720487 0.190001
vt 0.721258 0.191045
vt 0.911313 0.070822
vt 0.386174 0.884765
vt 0.388783 0.904039
vt 0.876158 0.953403
vt 0.784025 0.563166
vt 0.469540 0.635921
vt 0.468215 0.634047
vt 0.006423 0.367506
vt 0.468113 0.631125
vt 0.007170 0.363784
vt 0.013283 0.368103
vt 0.169184 0.188181
vt 0.027501 0.980720
vt 0.821674 0.937768
vt 0.314565 0.214888
vt 0.305316 0.241327
vt 0.302142 0.236300
vt 0.083151 0.597838
vt 0.084115 0.599869
vt 0.128267 0.786722
vt 0.005502 0.099979
vt 0.004817 0.105912
vt 0.003656 0.101584
vt 0.906583 0.072724
vt 0.079351 0.595405
vt 0.390984 0.953430
vt 0.126542 0.772930
vt 0.032169 0.883334
vt 0.474542 0.642351
vt 0.473481 0.635186
vt 0.464499 0.635844
vt 0.942830 0.704533
vt 0.943730 0.704680
vt 0.013559 0.363069
vt 0.947161 0.299782
vt 0.034387 0.976438
vt 0.851382 0.324320
vt 0.610208 0.060065
vt 0.033345 0.194397
vt 0.821838 0.941879
vt 0.305440 0.223319
vt 0.143120 0.193116
vt 0.166433 0.199181
vt 0.682884 0.547066
vt 0.316168 0.580976
vt 0.789651 0.600242
vt 0.772750 0.806638
vt 0.759253 0.572479
vt 0.717306 0.184973
vt 0.084339 0.594177
vt 0.088554 0.597313
vt 0.081483 0.589859
vt 0.082651 0.590438
vt 0.002313 0.248883
vt 0.001132 0.255840
vt 0.001132 0.247449
vt 0.125677 0.792278
vt 0.748263 0.191719
vt 0.003526 0.252052
vt 0.081087 0.594153
vt 0.127490 0.781188
vt 0.723809 0.187913
vt 0.932578 0.216846
vt 0.932578 0.266844
vt 0.913161 0.247604
vt 0.765601 0.564847
vt 0.861309 0.059146
vt 0.861309 0.009153
vt 0.883553 0.032715
vt 0.063448 0.144495
vt 0.061969 0.144893
vt 0.067399 0.134160
vt 0.953210 0.272228
vt 0.946118 0.275192
vt 0.948252 0.707436
vt 0.436028 0.394764
vt 0.426072 0.394764
vt 0.434787 0.378038
vt 0.618196 0.065449
vt 0.817224 0.926559
vt 0.309098 0.217442
vt 0.316828 0.236010
vt 0.184315 0.519549
vt 0.161442 0.523863
vt 0.178349 0.508779
vt 0.317073 0.597701
vt 0.378258 0.679350
vt 0.359120 0.672059
vt 0.358461 0.668355
vt 0.333312 0.922788
vt 0.345942 0.920892
vt 0.333084 0.932609
vt 0.081116 0.592077
vt 0.003656 0.098647
vt 0.910322 0.074636
vt 0.913972 0.068650
vt 0.875580 0.976655
vt 0.063941 0.147777
vt 0.060877 0.148379
vt 0.464192 0.639069
vt 0.065984 0.152302
vt 0.067399 0.159556
vt 0.058222 0.151122
vt 0.460905 0.635367
vt 0.942423 0.292639
vt 0.284850 0.421006
vt 0.498516 0.603972
vt 0.825290 0.931939
vt 0.811676 0.912027
vt 0.797584 0.592761
vt 0.574271 0.163502
vt 0.159461 0.538232
vt 0.150190 0.519789
vt 0.184647 0.899750
vt 0.702132 0.176016
vt 0.095281 0.598204
vt 0.110896 0.543181
vt 0.113650 0.538830
vt 0.119785 0.541393
vt 0.079892 0.589564
vt 0.006155 0.250837
vt 0.006877 0.247895
vt 0.078386 0.589631
vt 0.024759 0.013597
vt 0.022451 0.012497
vt 0.024759 0.010735
vt 0.076920 0.590897
vt 0.765611 0.566850
vt 0.119648 0.783251
vt 0.838971 0.781684
vt 0.093551 0.516810
vt 0.100410 0.521686
vt 0.097753 0.527335
vt 0.147613 0.100565
vt 0.149928 0.099853
vt 0.149928 0.111414
vt 0.824706 0.793871
vt 0.822165 0.796619
vt 0.469830 0.641520
vt 0.461847 0.637997
vt 0.040414 0.161081
vt 0.044015 0.150093
vt 0.042889 0.155794
vt 0.461037 0.630065
vt 0.325770 0.576049
vt 0.551327 0.163923
vt 0.330971 0.050392
vt 0.339744 0.031498
vt 0.339744 0.057770
vt 0.329270 0.954585
vt 0.329270 0.935117
vt 0.336011 0.948502
vt 0.938132 0.502847
vt 0.141901 0.542441
vt 0.126870 0.538134
vt 0.916583 0.633825
vt 0.913190 0.630725
vt 0.961063 0.474113
vt 0.962840 0.481974
vt 0.024045 0.016506
vt 0.916072 0.071723
vt 0.914057 0.071674
vt 0.918754 0.218672
vt 0.832410 0.786175
vt 0.821796 0.795307
vt 0.185086 0.793599
vt 0.183207 0.796107
vt 0.161615 0.212479
vt 0.162488 0.207846
vt 0.165058 0.212746
vt 0.165058 0.206610
vt 0.162669 0.205212
vt 0.159033 0.211386
vt 0.160898 0.208288
vt 0.160098 0.206536
vt 0.943559 0.711363
vt 0.016506 0.358974
vt 0.489758 0.597113
vt 0.016336 0.194854
vt 0.354320 0.234390
vt 0.353766 0.218297
vt 0.361332 0.219767
vt 0.561572 0.167836
vt 0.319823 0.594783
vt 0.323704 0.593380
vt 0.320804 0.596474
vt 0.780200 0.587840
vt 0.950075 0.081154
vt 0.950075 0.037988
vt 0.957336 0.042890
vt 0.810211 0.595448
vt 0.762186 0.586147
vt 0.098970 0.599591
vt 0.735645 0.188492
vt 0.122198 0.538952
vt 0.903737 0.616549
vt 0.905521 0.625560
vt 0.935472 0.281200
vt 0.057795 0.149262
vt 0.055727 0.147316
vt 0.163780 0.217326
vt 0.057103 0.143532
vt 0.194750 0.573002
vt 0.199092 0.561591
vt 0.195954 0.573577
vt 0.614841 0.235208
vt 0.606354 0.227559
vt 0.613931 0.226993
vt 0.614841 0.215504
vt 0.610028 0.225617
vt 0.605271 0.226626
vt 0.948943 0.713287
vt 0.269238 0.429808
vt 0.432893 0.454727
vt 0.311604 0.214126
vt 0.323208 0.211649
vt 0.086697 0.583287
vt 0.252246 0.704267
vt 0.725674 0.183964
vt 0.821941 0.082068
vt 0.827320 0.083523
vt 0.829416 0.086348
vt 0.237520 0.690514
vt 0.258145 0.682571
vt 0.769890 0.567096
vt 0.772745 0.569740
vt 0.888562 0.946070
vt 0.870278 0.014250
vt 0.825446 0.781992
vt 0.091705 0.529335
vt 0.880831 0.978224
vt 0.161451 0.217146
vt 0.044015 0.162307
vt 0.206323 0.565761
vt 0.894725 0.031785
vt 0.195898 0.565182
vt 0.627105 0.281340
vt 0.639006 0.277084
vt 0.627105 0.296870
vt 0.947112 0.712967
vt 0.447484 0.446783
vt 0.284957 0.425505
vt 0.330963 0.585864
vt 0.649102 0.053871
vt 0.651979 0.068175
vt 0.254982 0.734422
vt 0.650718 0.549878
vt 0.821654 0.592275
vt 0.346460 0.946328
vt 0.343569 0.937941
vt 0.348772 0.934787
vt 0.122887 0.547991
vt 0.951808 0.482260
vt 0.391334 0.960508
vt 0.213200 0.783105
vt 0.790315 0.084585
vt 0.791098 0.078229
vt 0.815449 0.087494
vt 0.186267 0.786403
vt 0.823091 0.789435
vt 0.086529 0.517850
vt 0.603497 0.217296
vt 0.867903 0.336993
vt 0.863420 0.336314
vt 0.621628 0.048093
vt 0.314636 0.208079
vt 0.323314 0.227336
vt 0.334806 0.581475
vt 0.804119 0.584073
vt 0.192568 0.232893
vt 0.192568 0.261342
vt 0.177676 0.260370
vt 0.597154 0.158105
vt 0.583519 0.174450
vt 0.717507 0.165723
vt 0.342553 0.913415
vt 0.350373 0.924307
vt 0.240710 0.423048
vt 0.238420 0.436028
vt 0.238444 0.413932
vt 0.189152 0.787519
vt 0.144781 0.259966
vt 0.144781 0.250642
vt 0.152679 0.257921
vt 0.094298 0.531704
vt 0.090308 0.530183
vt 0.944372 0.270737
vt 0.054734 0.149240
vt 0.197043 0.561686
vt 0.115850 0.199880
vt 0.362388 0.243849
vt 0.360137 0.244214
vt 0.782753 0.581994
vt 0.177178 0.248848
vt 0.247165 0.756516
vt 0.599711 0.165283
vt 0.343506 0.949278
vt 0.937345 0.487516
vt 0.839045 0.177171
vt 0.833617 0.153672
vt 0.838208 0.164872
vt 0.126000 0.544371
vt 0.389069 0.908240
vt 0.089615 0.528252
vt 0.054071 0.150373
vt 0.200906 0.557941
vt 0.198074 0.559105
vt 0.198919 0.553885
vt 0.201312 0.559833
vt 0.204736 0.559747
vt 0.881400 0.017759
vt 0.194750 0.559732
vt 0.812982 0.763059
vt 0.818377 0.763857
vt 0.816738 0.769636
vt 0.813922 0.757746
vt 0.945062 0.720753
vt 0.310709 0.454726
vt 0.493779 0.610217
vt 0.369055 0.235962
vt 0.335618 0.596890
vt 0.374519 0.206503
vt 0.378143 0.218635
vt 0.517793 0.606754
vt 0.504283 0.605400
vt 0.839045 0.152068
vt 0.965589 0.472789
vt 0.961280 0.467378
vt 0.862713 0.585956
vt 0.869653 0.567193
vt 0.866989 0.578550
vt 0.830483 0.781769
vt 0.007887 0.183144
vt 0.011188 0.184627
vt 0.007887 0.192568
vt 0.051418 0.146236
vt 0.088183 0.530331
vt 0.016506 0.183911
vt 0.013042 0.183395
vt 0.008092 0.180010
vt 0.086529 0.530614
vt 0.088476 0.530970
vt 0.016041 0.179836
vt 0.277829 0.387898
vt 0.430367 0.481419
vt 0.058305 0.216766
vt 0.053345 0.211166
vt 0.114215 0.216041
vt 0.120686 0.605466
vt 0.814567 0.158009
vt 0.354799 0.906292
vt 0.354875 0.922977
vt 0.828324 0.111129
vt 0.127967 0.553007
vt 0.105194 0.549329
vt 0.777304 0.079349
vt 0.783292 0.076815
vt 0.779848 0.075301
vt 0.195333 0.544728
vt 0.088449 0.532312
vt 0.009085 0.179693
vt 0.605288 0.228619
vt 0.603777 0.228546
vt 0.601228 0.222418
vt 0.470214 0.615681
vt 0.353766 0.250365
vt 0.333604 0.246686
vt 0.145801 0.622749
vt 0.328718 0.598317
vt 0.824366 0.195319
vt 0.805024 0.184891
vt 0.817602 0.176677
vt 0.631665 0.246425
vt 0.642351 0.242161
vt 0.642351 0.280599
vt 0.242001 0.725376
vt 0.823038 0.173428
vt 0.365678 0.681342
vt 0.350812 0.930531
vt 0.942676 0.483037
vt 0.908425 0.619125
vt 0.041264 0.248822
vt 0.033577 0.255840
vt 0.033577 0.228105
vt 0.613466 0.476072
vt 0.597647 0.499327
vt 0.595698 0.489121
vt 0.937780 0.252808
vt 0.929137 0.284599
vt 0.869306 0.333894
vt 0.325677 0.200775
vt 0.297764 0.196756
vt 0.372356 0.253214
vt 0.000811 0.187066
vt 0.000811 0.159266
vt 0.005502 0.166436
vt 0.151168 0.542707
vt 0.819230 0.141930
vt 0.820690 0.149939
vt 0.353572 0.941135
vt 0.809492 0.103594
vt 0.364643 0.689786
vt 0.362750 0.686914
vt 0.870771 0.579367
vt 0.959443 0.466213
vt 0.584242 0.650604
vt 0.584242 0.621135
vt 0.588707 0.648508
vt 0.778500 0.090670
vt 0.772985 0.076520
vt 0.589861 0.499452
vt 0.773270 0.066988
vt 0.825689 0.778654
vt 0.819136 0.767442
vt 0.596610 0.223321
vt 0.892760 0.016165
vt 0.645505 0.292545
vt 0.278713 0.427118
vt 0.175938 0.536591
vt 0.781436 0.575740
vt 0.586688 0.184067
vt 0.110639 0.582508
vt 0.347045 0.950563
vt 0.938711 0.479893
vt 0.924507 0.587861
vt 0.929061 0.585851
vt 0.930335 0.594536
vt 0.354607 0.932875
vt 0.354646 0.926655
vt 0.946372 0.480346
vt 0.958178 0.776193
vt 0.963386 0.779215
vt 0.959661 0.779670
vt 0.916445 0.618087
vt 0.913993 0.617560
vt 0.269403 0.878510
vt 0.259322 0.864078
vt 0.279011 0.859058
vt 0.945454 0.478353
vt 0.787097 0.102129
vt 0.358305 0.691020
vt 0.377875 0.705612
vt 0.356834 0.693798
vt 0.785031 0.097925
vt 0.781980 0.090967
vt 0.901522 0.611501
vt 0.897149 0.610305
vt 0.897149 0.607641
vt 0.773221 0.087286
vt 0.835311 0.778530
vt 0.831284 0.776651
vt 0.839045 0.773020
vt 0.831610 0.778593
vt 0.357738 0.269161
vt 0.557454 0.183944
vt 0.319447 0.050840
vt 0.139875 0.556385
vt 0.596469 0.173054
vt 0.958882 0.925700
vt 0.960191 0.920366
vt 0.967774 0.925700
vt 0.923475 0.334006
vt 0.930164 0.354731
vt 0.912001 0.347514
vt 0.880264 0.558913
vt 0.883060 0.563913
vt 0.247876 0.859058
vt 0.907514 0.616337
vt 0.965207 0.777172
vt 0.962310 0.786716
vt 0.977802 0.786565
vt 0.975101 0.793926
vt 0.900678 0.605705
vt 0.911480 0.604425
vt 0.778236 0.097572
vt 0.899856 0.608510
vt 0.835219 0.779980
vt 0.642993 0.297104
vt 0.442687 0.461468
vt 0.296931 0.413668
vt 0.629907 0.043725
vt 0.638171 0.049611
vt 0.374705 0.247500
vt 0.564046 0.186056
vt 0.804781 0.579552
vt 0.822485 0.586464
vt 0.133671 0.560749
vt 0.114795 0.569155
vt 0.923211 0.609394
vt 0.920131 0.604449
vt 0.925555 0.605320
vt 0.925160 0.601495
vt 0.922217 0.600037
vt 0.772545 0.591458
vt 0.976183 0.923126
vt 0.606287 0.467037
vt 0.971691 0.778918
vt 0.904128 0.614785
vt 0.982095 0.801907
vt 0.974590 0.797256
vt 0.339430 0.231670
vt 0.382542 0.228871
vt 0.813515 0.155129
vt 0.929733 0.603896
vt 0.937002 0.349956
vt 0.937153 0.345157
vt 0.354534 0.683132
vt 0.867636 0.557512
vt 0.870491 0.555596
vt 0.918823 0.614518
vt 0.917254 0.606217
vt 0.595286 0.474201
vt 0.646477 0.296677
vt 0.457161 0.464350
vt 0.280861 0.424727
vt 0.049938 0.183874
vt 0.524059 0.616305
vt 0.505546 0.615291
vt 0.361022 0.645457
vt 0.354121 0.652645
vt 0.975780 0.916591
vt 0.930350 0.588586
vt 0.927029 0.579565
vt 0.933077 0.584790
vt 0.940698 0.345082
vt 0.939476 0.343000
vt 0.775280 0.103998
vt 0.584469 0.483141
vt 0.583318 0.493554
vt 0.581165 0.510663
vt 0.895440 0.014053
vt 0.454406 0.466114
vt 0.062637 0.209686
vt 0.325491 0.180859
vt 0.329071 0.183583
vt 0.366100 0.265718
vt 0.563151 0.194575
vt 0.361719 0.275291
vt 0.345044 0.685543
vt 0.326667 0.706090
vt 0.960843 0.916358
vt 0.800149 0.107359
vt 0.908820 0.350269
vt 0.938146 0.348382
vt 0.779474 0.107930
vt 0.969443 0.771782
vt 0.284542 0.423012
vt 0.556396 0.191923
vt 0.782404 0.565620
vt 0.816474 0.120311
vt 0.338845 0.678722
vt 0.261722 0.893048
vt 0.942001 0.346948
vt 0.951834 0.341917
vt 0.935069 0.590988
vt 0.578090 0.511680
vt 0.298139 0.378983
vt 0.055362 0.205063
vt 0.337091 0.201584
vt 0.013744 0.175098
vt 0.024419 0.168046
vt 0.143647 0.164709
vt 0.159351 0.164971
vt 0.274283 0.909070
vt 0.273883 0.879630
vt 0.285285 0.875304
vt 0.244921 0.887564
vt 0.244819 0.881249
vt 0.247947 0.888436
vt 0.934666 0.599081
vt 0.794565 0.107012
vt 0.910393 0.079978
vt 0.906787 0.075523
vt 0.915389 0.082439
vt 0.506561 0.947288
vt 0.511770 0.957351
vt 0.507604 0.960920
vt 0.513447 0.600616
vt 0.515153 0.595774
vt 0.522684 0.605213
vt 0.137363 0.835238
vt 0.147256 0.838622
vt 0.146532 0.846789
vt 0.869526 0.000321
vt 0.133398 0.182998
vt 0.170599 0.558268
vt 0.145939 0.561476
vt 0.800793 0.134202
vt 0.814463 0.129456
vt 0.862713 0.528887
vt 0.943000 0.348096
vt 0.948883 0.351373
vt 0.919622 0.361842
vt 0.591775 0.468328
vt 0.580431 0.481252
vt 0.153102 0.842107
vt 0.150979 0.848673
vt 0.511015 0.950406
vt 0.512745 0.944201
vt 0.982095 0.765219
vt 0.522684 0.591261
vt 0.446375 0.462715
vt 0.381734 0.247532
vt 0.792844 0.143523
vt 0.791650 0.149376
vt 0.960807 0.091581
vt 0.973842 0.106840
vt 0.960807 0.129295
vt 0.791380 0.174899
vt 0.791314 0.154312
vt 0.269903 0.904676
vt 0.234448 0.908880
vt 0.287476 0.904379
vt 0.790480 0.117251
vt 0.938770 0.595951
vt 0.775654 0.111347
vt 0.513808 0.960275
vt 0.150406 0.837586
vt 0.145909 0.834733
vt 0.338340 0.209151
vt 0.342310 0.227496
vt 0.377794 0.256539
vt 0.825290 0.550551
vt 0.196694 0.587331
vt 0.183681 0.587331
vt 0.188153 0.548377
vt 0.354212 0.632351
vt 0.135198 0.594209
vt 0.148496 0.579138
vt 0.920131 0.623287
vt 0.322347 0.683852
vt 0.956469 0.907223
vt 0.914737 0.087663
vt 0.921545 0.079525
vt 0.977924 0.768478
vt 0.509191 0.965698
vt 0.569892 0.483417
vt 0.287108 0.421122
vt 0.395249 0.211942
vt 0.343253 0.636404
vt 0.942475 0.598770
vt 0.935172 0.358132
vt 0.910044 0.088741
vt 0.908052 0.085409
vt 0.940389 0.353133
vt 0.512309 0.970871
vt 0.506540 0.973887
vt 0.514675 0.943587
vt 0.301180 0.414164
vt 0.612352 0.027299
vt 0.387963 0.229570
vt 0.353499 0.235578
vt 0.648661 0.043680
vt 0.504502 0.630275
vt 0.519843 0.635473
vt 0.309905 0.709749
vt 0.939752 0.591456
vt 0.946543 0.354426
vt 0.942282 0.594207
vt 0.943438 0.592819
vt 0.940949 0.592304
vt 0.919725 0.081070
vt 0.586354 0.465624
vt 0.573982 0.474142
vt 0.517927 0.964037
vt 0.142285 0.815856
vt 0.149569 0.835130
vt 0.154004 0.840298
vt 0.451312 0.463757
vt 0.327091 0.425814
vt 0.346635 0.263405
vt 0.390610 0.610550
vt 0.382589 0.605527
vt 0.387112 0.598956
vt 0.586217 0.199819
vt 0.820263 0.572639
vt 0.928708 0.360888
vt 0.939431 0.363521
vt 0.917235 0.084498
vt 0.943676 0.590961
vt 0.944465 0.588765
vt 0.921488 0.084410
vt 0.945193 0.591377
vt 0.945431 0.590308
vt 0.919768 0.082929
vt 0.918858 0.083205
vt 0.513638 0.983024
vt 0.514747 0.952436
vt 0.516261 0.946809
vt 0.624573 0.041259
vt 0.052691 0.166555
vt 0.240046 0.908418
vt 0.107288 0.693659
vt 0.104676 0.723504
vt 0.104639 0.678920
vt 0.951834 0.628596
vt 0.593709 0.450781
vt 0.942695 0.590032
vt 0.195254 0.261046
vt 0.200821 0.256445
vt 0.197656 0.261342
vt 0.908656 0.090343
vt 0.911221 0.091719
vt 0.908967 0.091545
vt 0.946971 0.591267
vt 0.908819 0.092602
vt 0.919233 0.083920
vt 0.920126 0.083774
vt 0.907967 0.094364
vt 0.906819 0.091874
vt 0.160417 0.831871
vt 0.641380 0.036569
vt 0.398890 0.227438
vt 0.378666 0.607258
vt 0.792741 0.133658
vt 0.195254 0.252093
vt 0.926931 0.366399
vt 0.946926 0.591747
vt 0.923886 0.087894
vt 0.910346 0.094506
vt 0.519407 0.952087
vt 0.149433 0.820365
vt 0.085101 0.216450
vt 0.291277 0.417793
vt 0.397176 0.260553
vt 0.382999 0.260759
vt 0.494673 0.618759
vt 0.391771 0.613422
vt 0.390801 0.619391
vt 0.394764 0.619003
vt 0.388318 0.584419
vt 0.001159 0.207758
vt 0.002357 0.206067
vt 0.005502 0.213200
vt 0.266219 0.911384
vt 0.564299 0.407521
vt 0.559510 0.405252
vt 0.566564 0.404794
vt 0.162394 0.570142
vt 0.257652 0.914696
vt 0.772985 0.113903
vt 0.946192 0.593432
vt 0.914764 0.093119
vt 0.328714 0.663514
vt 0.613466 0.426662
vt 0.577692 0.458471
vt 0.930768 0.367412
vt 0.924799 0.369755
vt 0.470149 0.625689
vt 0.625790 0.605608
vt 0.628334 0.591593
vt 0.643726 0.594063
vt 0.673574 0.745662
vt 0.698892 0.754377
vt 0.698331 0.765551
vt 0.105522 0.270916
vt 0.093714 0.285008
vt 0.081983 0.278071
vt 0.108663 0.284031
vt 0.793915 0.131219
vt 0.951609 0.601039
vt 0.976455 0.893451
vt 0.982095 0.910426
vt 0.915150 0.094931
vt 0.910780 0.098478
vt 0.353499 0.182288
vt 0.496296 0.635246
vt 0.621405 0.571836
vt 0.624144 0.564302
vt 0.381195 0.635473
vt 0.573579 0.401200
vt 0.021475 0.155071
vt 0.033906 0.166912
vt 0.019606 0.165720
vt 0.310184 0.699067
vt 0.366112 0.589424
vt 0.913212 0.104598
vt 0.906787 0.100383
vt 0.566288 0.460097
vt 0.945775 0.370062
vt 0.164276 0.807329
vt 0.165058 0.830460
vt 0.294250 0.416095
vt 0.374543 0.626741
vt 0.382031 0.623515
vt 0.365989 0.571462
vt 0.562241 0.472664
vt 0.148037 0.803976
vt 0.137363 0.818908
vt 0.067399 0.169808
vt 0.344109 0.194653
vt 0.385337 0.279091
vt 0.029347 0.010060
vt 0.036983 0.022442
vt 0.025923 0.016987
vt 0.373591 0.604681
vt 0.576107 0.368773
vt 0.576979 0.400064
vt 0.773583 0.134797
vt 0.585461 0.445857
vt 0.929530 0.101035
vt 0.538914 0.976702
vt 0.101548 0.155380
vt 0.637951 0.029794
vt 0.329828 0.177645
vt 0.350409 0.166888
vt 0.051559 0.007473
vt 0.039396 0.000302
vt 0.005378 0.199150
vt 0.585440 0.387360
vt 0.956855 0.885493
vt 0.941763 0.379853
vt 0.541940 0.964067
vt 0.460797 0.463954
vt 0.088301 0.216531
vt 0.087036 0.207018
vt 0.620012 0.591440
vt 0.054456 0.019287
vt 0.599711 0.212133
vt 0.585081 0.370317
vt 0.932578 0.086521
vt 0.921626 0.109270
vt 0.602916 0.031644
vt 0.913693 0.575774
vt 0.894114 0.571199
vt 0.897347 0.568416
vt 0.038439 0.164868
vt 0.037053 0.150926
vt 0.086490 0.213253
vt 0.305185 0.650772
vt 0.325715 0.632351
vt 0.361613 0.613289
vt 0.302075 0.702784
vt 0.915218 0.112376
vt 0.913536 0.127920
vt 0.602840 0.364497
vt 0.594071 0.385584
vt 0.565521 0.443583
vt 0.540497 0.943587
vt 0.124064 0.161762
vt 0.916072 0.596400
vt 0.896275 0.591463
vt 0.005502 0.184060
vt 0.178769 0.564986
vt 0.178144 0.576743
vt 0.586701 0.406994
vt 0.155400 0.799045
vt 0.525554 0.984846
vt 0.332388 0.157670
vt 0.376431 0.294144
vt 0.372617 0.306733
vt 0.825290 0.357805
vt 0.811522 0.372829
vt 0.806492 0.357128
vt 0.930086 0.383760
vt 0.951834 0.373158
vt 0.300975 0.412519
vt 0.352775 0.198850
vt 0.609773 0.570397
vt 0.354516 0.571177
vt 0.352648 0.552351
vt 0.607501 0.347553
vt 0.612420 0.359388
vt 0.145302 0.785345
vt 0.149907 0.796332
vt 0.951828 0.380315
vt 0.312235 0.406242
vt 0.641444 0.634630
vt 0.639755 0.646477
vt 0.618921 0.636214
vt 0.023572 0.021658
vt 0.712710 0.746600
vt 0.708610 0.738096
vt 0.117800 0.386535
vt 0.115512 0.390769
vt 0.119667 0.378747
vt 0.641918 0.627270
vt 0.051416 0.027812
vt 0.027666 0.273933
vt 0.015671 0.284076
vt 0.011505 0.270916
vt 0.009659 0.277831
vt 0.017624 0.298286
vt 0.000230 0.282562
vt 0.358441 0.599428
vt 0.592234 0.397841
vt 0.342290 0.633120
vt 0.891874 0.556765
vt 0.302109 0.641989
vt 0.330284 0.862502
vt 0.359054 0.864268
vt 0.344579 0.872056
vt 0.328267 0.846106
vt 0.330266 0.827039
vt 0.355918 0.827101
vt 0.716858 0.759437
vt 0.092652 0.302407
vt 0.183674 0.594209
vt 0.214378 0.598697
vt 0.231447 0.617050
vt 0.213667 0.614025
vt 0.330608 0.855707
vt 0.617290 0.346101
vt 0.087985 0.174264
vt 0.601804 0.590614
vt 0.351810 0.581220
vt 0.347791 0.852771
vt 0.340699 0.819359
vt 0.315298 0.408454
vt 0.075990 0.170397
vt 0.613043 0.629605
vt 0.594382 0.222828
vt 0.601909 0.382407
vt 0.603733 0.396947
vt 0.333392 0.815256
vt 0.031848 0.141219
vt 0.014061 0.150743
vt 0.016795 0.171935
vt 0.576388 0.421771
vt 0.229119 0.606761
vt 0.110970 0.400266
vt 0.110970 0.371422
vt 0.115541 0.382698
vt 0.804588 0.352707
vt 0.804089 0.368308
vt 0.793121 0.369438
vt 0.119667 0.404392
vt 0.817891 0.678161
vt 0.791436 0.691012
vt 0.788691 0.685356
vt 0.310159 0.408846
vt 0.737259 0.742362
vt 0.347372 0.569866
vt 0.610840 0.365444
vt 0.791015 0.723927
vt 0.798809 0.732631
vt 0.791404 0.732496
vt 0.794414 0.736446
vt 0.788691 0.742490
vt 0.602265 0.016884
vt 0.026555 0.298365
vt 0.207792 0.623396
vt 0.346992 0.601680
vt 0.820136 0.377249
vt 0.802589 0.378403
vt 0.232475 0.593724
vt 0.239342 0.600839
vt 0.086093 0.172268
vt 0.443835 0.635473
vt 0.048393 0.128077
vt 0.068795 0.131684
vt 0.621132 0.646144
vt 0.789729 0.703264
vt 0.815313 0.708097
vt 0.055939 0.057029
vt 0.006883 0.164975
vt 0.000208 0.139263
vt 0.823084 0.386382
vt 0.341187 0.595534
vt 0.337789 0.573778
vt 0.347536 0.556034
vt 0.614471 0.384612
vt 0.812385 0.724933
vt 0.066349 0.042495
vt 0.092796 0.316101
vt 0.078542 0.308429
vt 0.100414 0.303888
vt 0.228150 0.624519
vt 0.337419 0.580901
vt 0.815305 0.695613
vt 0.327023 0.406652
vt 0.332442 0.416448
vt 0.066508 0.291195
vt 0.071572 0.275872
vt 0.722850 0.770053
vt 0.357619 0.851559
vt 0.352680 0.809617
vt 0.583966 0.607470
vt 0.216920 0.635506
vt 0.815409 0.398125
vt 0.807755 0.390839
vt 0.337419 0.618401
vt 0.365303 0.822265
vt 0.817043 0.688770
vt 0.719891 0.807409
vt 0.605015 0.398520
vt 0.257384 0.606698
vt 0.247271 0.595223
vt 0.359029 0.842653
vt 0.621485 0.379807
vt 0.065525 0.274592
vt 0.886507 0.581532
vt 0.017920 0.304033
vt 0.031792 0.308433
vt 0.009474 0.314347
vt 0.601102 0.414176
vt 0.624463 0.017411
vt 0.027268 0.103776
vt 0.366605 0.829957
vt 0.816429 0.729262
vt 0.886507 0.610715
vt 0.615443 0.406815
vt 0.258315 0.603628
vt 0.620992 0.385817
vt 0.624470 0.377749
vt 0.616216 0.353042
vt 0.818752 0.743645
vt 0.040691 0.296525
vt 0.070240 0.309707
vt 0.690912 0.807409
vt 0.017113 0.316293
vt 0.245306 0.608103
vt 0.485447 0.006519
vt 0.473226 0.026605
vt 0.482856 0.000479
vt 0.380698 0.809617
vt 0.318114 0.406492
vt 0.624470 0.429151
vt 0.819860 0.722562
vt 0.775740 0.369385
vt 0.778625 0.353934
vt 0.785620 0.359017
vt 0.084352 0.168850
vt 0.001099 0.054766
vt 0.000208 0.038729
vt 0.037484 0.308451
vt 0.242399 0.627809
vt 0.824495 0.731806
vt 0.831136 0.711656
vt 0.044082 0.275684
vt 0.028358 0.066308
vt 0.233927 0.623032
vt 0.503274 0.035798
vt 0.484948 0.037775
vt 0.496599 0.014772
vt 0.787788 0.363776
vt 0.332867 0.388275
vt 0.327930 0.403540
vt 0.799689 0.388485
vt 0.386511 0.828362
vt 0.777906 0.373899
vt 0.086616 0.170316
vt 0.224557 0.646852
vt 0.210243 0.640471
vt 0.226557 0.638131
vt 0.254591 0.624521
vt 0.264093 0.590989
vt 0.597116 0.646477
vt 0.232874 0.628750
vt 0.847716 0.701654
vt 0.850990 0.713876
vt 0.831231 0.705705
vt 0.322538 0.406362
vt 0.054375 0.286394
vt 0.059453 0.271787
vt 0.079106 0.098024
vt 0.596571 0.639210
vt 0.455022 0.485546
vt 0.455469 0.474030
vt 0.465360 0.469973
vt 0.788706 0.377613
vt 0.825037 0.703653
vt 0.823850 0.701102
vt 0.840663 0.687103
vt 0.081684 0.163189
vt 0.057574 0.284513
vt 0.058027 0.279473
vt 0.076275 0.077545
vt 0.065170 0.301672
vt 0.805790 0.400582
vt 0.438953 0.251026
vt 0.424073 0.250030
vt 0.416781 0.230289
vt 0.819241 0.687349
vt 0.053052 0.299236
vt 0.825290 0.407159
vt 0.809249 0.409954
vt 0.546067 0.522151
vt 0.528124 0.527044
vt 0.544870 0.493235
vt 0.329212 0.405237
vt 0.056929 0.281826
vt 0.086154 0.322314
vt 0.503427 0.056337
vt 0.442049 0.248421
vt 0.055202 0.306294
vt 0.055405 0.288717
vt 0.779362 0.388950
vt 0.079778 0.089065
vt 0.063533 0.090967
vt 0.012374 0.122416
vt 0.240626 0.646690
vt 0.783328 0.394966
vt 0.463374 0.461589
vt 0.404498 0.245591
vt 0.397374 0.237616
vt 0.839045 0.744136
vt 0.073405 0.092412
vt 0.078276 0.092796
vt 0.877511 0.690485
vt 0.874706 0.713202
vt 0.219026 0.649731
vt 0.252643 0.639030
vt 0.467972 0.056438
vt 0.044479 0.313843
vt 0.455526 0.035226
vt 0.417866 0.225015
vt 0.544795 0.529007
vt 0.518417 0.512184
vt 0.496094 0.394546
vt 0.512644 0.403724
vt 0.488079 0.411466
vt 0.794040 0.411794
vt 0.263609 0.626193
vt 0.517502 0.507760
vt 0.483645 0.063326
vt 0.416391 0.220885
vt 0.064828 0.092498
vt 0.039436 0.090524
vt 0.442906 0.216066
vt 0.412613 0.220193
vt 0.053958 0.306301
vt 0.777195 0.394655
vt 0.416517 0.208844
vt 0.524485 0.540372
vt 0.865420 0.670197
vt 0.523902 0.492294
vt 0.057914 0.092226
vt 0.044404 0.094087
vt 0.025294 0.333398
vt 0.767288 0.420898
vt 0.768328 0.388891
vt 0.054854 0.311526
vt 0.250338 0.772613
vt 0.237059 0.784025
vt 0.212074 0.770535
vt 0.467713 0.448187
vt 0.024014 0.085514
vt 0.228561 0.735015
vt 0.396261 0.212330
vt 0.482253 0.473636
vt 0.837940 0.669567
vt 0.049986 0.092457
vt 0.522414 0.551075
vt 0.530527 0.552944
vt 0.045257 0.092051
vt 0.058931 0.324124
vt 0.261816 0.644793
vt 0.489455 0.506776
vt 0.057715 0.315959
vt 0.030614 0.091751
vt 0.026444 0.349373
vt 0.014705 0.349026
vt 0.771277 0.400311
vt 0.005272 0.069467
vt 0.184344 0.713183
vt 0.204183 0.718645
vt 0.181695 0.751886
vt 0.037796 0.091564
vt 0.098530 0.340490
vt 0.062870 0.348833
vt 0.264093 0.671236
vt 0.867630 0.503734
vt 0.846384 0.497568
vt 0.870006 0.495717
vt 0.433231 0.190050
vt 0.880309 0.513055
vt 0.847203 0.482942
vt 0.030078 0.089782
vt 0.056943 0.322490
vt 0.014609 0.088358
vt 0.877558 0.658230
vt 0.057035 0.316438
vt 0.051347 0.345704
vt 0.497934 0.537684
vt 0.012031 0.087473
vt 0.479271 0.428750
vt 0.460709 0.402841
vt 0.869017 0.479168
vt 0.184315 0.011449
vt 0.166347 0.023383
vt 0.166347 0.001066
vt 0.486832 0.524997
vt 0.026500 0.089013
vt 0.869832 0.653624
vt 0.022649 0.087658
vt 0.479241 0.431651
vt 0.487976 0.435334
vt 0.516952 0.458205
vt 0.420608 0.186465
vt 0.469069 0.430492
vt 0.008148 0.089044
vt 0.504042 0.433554
vt 0.228076 0.725800
vt 0.210377 0.739591
vt 0.502957 0.440697
vt 0.457542 0.092845
vt 0.455526 0.071526
vt 0.475798 0.430415
vt 0.467508 0.428841
vt 0.478140 0.525856
vt 0.440005 0.174132
vt 0.425198 0.158641
vt 0.524578 0.449036
vt 0.880309 0.455343
vt 0.487505 0.552944
vt 0.482723 0.432291
vt 0.055784 0.341285
vt 0.204046 0.781113
vt 0.195200 0.784025
vt 0.198989 0.769744
vt 0.456910 0.549615
vt 0.489037 0.434109
vt 0.533688 0.423680
vt 0.500269 0.436497
vt 0.442906 0.153416
vt 0.404808 0.387558
vt 0.396300 0.375031
vt 0.419522 0.393388
vt 0.416860 0.357544
vt 0.419506 0.375745
vt 0.187288 0.781972
vt 0.197473 0.761204
vt 0.522780 0.451897
vt 0.509502 0.441867
vt 0.191871 0.775612
vt 0.234690 0.725366
vt 0.217940 0.736421
vt 0.533688 0.466929
vt 0.051814 0.346212
vt 0.051241 0.348541
vt 0.227655 0.727871
vt 0.210913 0.753140
vt 0.403335 0.354463
vt 0.419522 0.354262
vt 0.400747 0.362093
vt 0.228816 0.725892
vt 0.525025 0.450570
vt 0.216384 0.738163
vt 0.214188 0.741237
vt 0.205672 0.756835
vt 0.194117 0.772966
vt 0.403206 0.364099
vt 0.416941 0.356717
vt 0.528877 0.451025
vt 0.196672 0.768063
vt 0.192624 0.773957
vt 0.212835 0.742310
vt 0.208956 0.753269
vt 0.198326 0.763915
s 1
usemtl Material
f 1/1/1 2/2/2 3/3/3
f 2/4/2 4/5/4 3/6/3
f 1/7/1 5/8/5 6/9/6
f 7/10/7 5/8/5 3/11/3
f 3/11/3 5/8/5 1/7/1
f 8/12/8 4/5/4 9/13/9
f 2/4/2 10/14/10 4/5/4
f 1/1/1 11/15/11 2/2/2
f 12/16/12 11/15/11 6/17/6
f 13/18/13 8/12/8 14/19/14
f 14/19/14 8/12/8 9/13/9
f 12/20/12 6/9/6 5/8/5
f 1/1/1 6/17/6 11/15/11
f 4/5/4 10/14/10 9/13/9
f 11/15/11 10/21/10 2/2/2
f 14/19/14 15/22/15 13/18/13
f 11/15/11 12/16/12 16/23/16
f 16/24/16 17/25/17 11/26/11
f 12/20/12 18/27/18 16/28/16
f 16/28/16 18/27/18 17/29/17
f 4/5/4 19/30/19 3/6/3
f 3/6/3 19/30/19 7/31/7
f 15/22/15 20/32/20 13/18/13
f 12/20/12 5/8/5 18/27/18
f 8/12/8 19/30/19 4/5/4
f 20/32/20 21/33/21 13/18/13
f 8/12/8 13/18/13 19/30/19
f 9/13/9 10/14/10 14/19/14
f 11/15/11 22/34/22 10/21/10
f 18/27/18 23/35/23 17/29/17
f 22/36/22 24/37/24 10/14/10
f 21/33/21 25/38/25 13/18/13
f 25/38/25 19/30/19 13/18/13
f 15/22/15 26/39/26 20/32/20
f 10/14/10 24/37/24 27/40/27
f 26/39/26 28/41/28 20/32/20
f 29/42/29 7/31/7 19/30/19
f 14/19/14 10/14/10 27/40/27
f 23/35/23 30/43/30 17/29/17
f 11/15/11 31/44/31 22/34/22
f 28/41/28 21/33/21 20/32/20
f 26/39/26 32/45/32 28/41/28
f 32/45/32 21/33/21 28/41/28
f 5/8/5 33/46/33 18/27/18
f 5/8/5 7/10/7 33/46/33
f 34/47/34 21/33/21 32/45/32
f 30/43/30 23/35/23 35/48/35
f 23/35/23 36/49/36 35/48/35
f 25/38/25 37/50/37 19/30/19
f 34/47/34 32/45/32 38/51/38
f 34/47/34 39/52/39 21/33/21
f 15/22/15 14/19/14 26/39/26
f 32/45/32 26/39/26 38/51/38
f 11/26/11 17/25/17 40/53/40
f 35/48/35 36/49/36 30/43/30
f 18/27/18 33/46/33 23/35/23
f 37/50/37 41/54/41 19/30/19
f 38/51/38 42/55/42 34/47/34
f 30/56/30 36/57/36 43/58/43
f 42/55/42 39/52/39 34/47/34
f 17/25/17 44/59/44 40/53/40
f 39/52/39 45/60/45 21/33/21
f 21/33/21 45/60/45 25/38/25
f 46/61/46 38/51/38 26/39/26
f 47/62/47 42/63/42 38/64/38
f 47/62/47 48/65/48 42/63/42
f 40/66/40 31/44/31 11/15/11
f 42/55/42 48/67/48 39/52/39
f 25/38/25 45/60/45 37/50/37
f 14/19/14 46/61/46 26/39/26
f 31/44/31 49/68/49 22/34/22
f 38/64/38 50/69/50 47/62/47
f 30/70/30 51/71/51 17/25/17
f 30/56/30 43/58/43 52/72/52
f 41/54/41 29/42/29 19/30/19
f 14/19/14 27/40/27 46/61/46
f 30/56/30 52/72/52 51/73/51
f 48/65/48 53/74/53 39/75/39
f 39/52/39 53/76/53 45/60/45
f 50/69/50 54/77/54 47/62/47
f 43/58/43 55/78/55 52/72/52
f 24/37/24 56/79/56 27/40/27
f 17/25/17 51/71/51 44/59/44
f 54/77/54 48/65/48 47/62/47
f 38/64/38 46/80/46 50/69/50
f 22/34/22 49/68/49 57/81/57
f 37/50/37 45/60/45 41/54/41
f 52/72/52 58/82/58 51/73/51
f 44/83/44 59/84/59 40/85/40
f 43/58/43 36/57/36 55/78/55
f 33/46/33 60/86/60 23/35/23
f 61/87/61 54/77/54 50/69/50
f 61/87/61 48/65/48 54/77/54
f 40/66/40 59/88/59 31/44/31
f 22/34/22 62/89/62 24/90/24
f 22/34/22 57/81/57 62/89/62
f 27/40/27 56/79/56 63/91/63
f 48/65/48 64/92/64 53/74/53
f 24/37/24 62/93/62 65/94/65
f 52/72/52 55/78/55 58/82/58
f 27/40/27 63/91/63 66/95/66
f 24/37/24 65/94/65 56/79/56
f 50/69/50 67/96/67 61/87/61
f 61/87/61 68/97/68 48/65/48
f 59/88/59 69/98/69 31/44/31
f 7/10/7 70/99/70 33/46/33
f 41/54/41 71/100/71 29/42/29
f 50/69/50 46/80/46 67/96/67
f 72/101/72 68/97/68 61/87/61
f 48/65/48 68/97/68 64/92/64
f 53/74/53 73/102/73 45/103/45
f 29/42/29 70/104/70 7/31/7
f 27/40/27 66/95/66 46/61/46
f 51/73/51 58/82/58 44/83/44
f 31/44/31 74/105/74 49/68/49
f 74/105/74 31/44/31 69/98/69
f 23/106/23 60/107/60 36/57/36
f 75/108/75 60/86/60 33/46/33
f 61/87/61 67/96/67 72/101/72
f 41/54/41 45/60/45 71/100/71
f 53/74/53 64/92/64 73/102/73
f 46/61/46 66/95/66 76/109/76
f 58/82/58 55/78/55 77/110/77
f 45/103/45 73/102/73 78/111/78
f 68/97/68 72/101/72 79/112/79
f 58/82/58 80/113/80 44/83/44
f 46/80/46 76/114/76 67/96/67
f 65/94/65 62/93/62 81/115/81
f 82/116/82 75/108/75 33/46/33
f 44/83/44 83/117/83 59/84/59
f 56/79/56 65/94/65 81/115/81
f 84/118/84 71/100/71 45/60/45
f 64/92/64 68/97/68 85/119/85
f 56/79/56 81/115/81 63/91/63
f 70/99/70 82/116/82 33/46/33
f 72/101/72 67/96/67 79/112/79
f 58/82/58 77/110/77 80/113/80
f 86/120/86 68/97/68 79/112/79
f 66/95/66 87/121/87 76/109/76
f 74/105/74 69/98/69 88/122/88
f 89/123/89 78/111/78 73/102/73
f 78/124/78 84/118/84 45/60/45
f 62/125/62 90/126/90 81/127/81
f 75/128/75 91/129/91 60/130/60
f 71/100/71 92/131/92 29/42/29
f 69/132/69 59/133/59 93/134/93
f 69/98/69 93/135/93 88/122/88
f 73/102/73 64/92/64 89/123/89
f 82/116/82 94/136/94 75/108/75
f 29/137/29 92/138/92 70/139/70
f 36/57/36 60/107/60 55/78/55
f 74/105/74 88/122/88 95/140/95
f 74/105/74 95/140/95 49/68/49
f 79/112/79 67/96/67 86/120/86
f 63/91/63 87/121/87 66/95/66
f 91/129/91 96/141/96 60/130/60
f 80/113/80 83/117/83 44/83/44
f 85/119/85 97/142/97 64/92/64
f 88/122/88 98/143/98 95/140/95
f 49/68/49 99/144/99 57/81/57
f 70/99/70 100/145/100 82/116/82
f 94/146/94 91/129/91 75/128/75
f 76/109/76 87/121/87 101/147/101
f 63/91/63 102/148/102 87/121/87
f 81/115/81 102/148/102 63/91/63
f 59/84/59 83/117/83 93/149/93
f 62/125/62 103/150/103 90/126/90
f 95/140/95 104/151/104 49/68/49
f 49/68/49 104/151/104 99/144/99
f 78/111/78 89/123/89 84/152/84
f 71/100/71 84/118/84 92/131/92
f 82/153/82 105/154/105 94/146/94
f 94/146/94 105/154/105 91/129/91
f 86/120/86 106/155/106 68/97/68
f 81/127/81 90/126/90 102/156/102
f 88/157/88 107/158/107 98/159/98
f 95/140/95 108/160/108 104/151/104
f 95/140/95 98/143/98 108/160/108
f 70/139/70 92/138/92 109/161/109
f 68/97/68 106/155/106 85/119/85
f 60/107/60 110/162/110 55/78/55
f 57/163/57 103/164/103 62/165/62
f 84/118/84 111/166/111 92/131/92
f 91/129/91 105/154/105 96/141/96
f 86/120/86 112/167/112 106/155/106
f 93/149/93 83/117/83 113/168/113
f 88/169/88 93/170/93 107/171/107
f 107/158/107 114/172/114 98/159/98
f 60/130/60 96/141/96 115/173/115
f 112/167/112 86/120/86 67/96/67
f 77/110/77 55/78/55 110/162/110
f 108/174/108 98/159/98 114/172/114
f 76/114/76 116/175/116 67/96/67
f 117/176/117 108/174/108 114/172/114
f 109/161/109 118/177/118 70/139/70
f 101/178/101 87/179/87 119/180/119
f 64/92/64 97/142/97 89/123/89
f 93/170/93 113/181/113 107/171/107
f 107/171/107 120/182/120 114/183/114
f 118/184/118 100/185/100 70/186/70
f 97/142/97 121/187/121 89/123/89
f 103/150/103 122/188/122 90/126/90
f 123/189/123 124/190/124 125/191/125
f 124/190/124 126/192/126 125/191/125
f 82/153/82 127/193/127 105/154/105
f 87/194/87 128/195/128 119/196/119
f 87/121/87 102/148/102 128/197/128
f 57/163/57 129/198/129 103/164/103
f 57/163/57 130/199/130 129/198/129
f 57/163/57 131/200/131 130/199/130
f 114/172/114 132/201/132 117/176/117
f 100/145/100 133/202/133 82/116/82
f 114/172/114 125/203/125 132/201/132
f 125/191/125 114/183/114 120/182/120
f 123/189/123 120/182/120 134/204/134
f 125/191/125 120/182/120 123/189/123
f 123/189/123 134/204/134 135/205/135
f 123/189/123 135/205/135 124/190/124
f 125/203/125 126/206/126 132/201/132
f 126/206/126 136/207/136 132/201/132
f 134/208/134 136/207/136 126/206/126
f 126/192/126 135/205/135 134/204/134
f 126/192/126 124/190/124 135/205/135
f 106/209/106 137/210/137 85/211/85
f 102/156/102 90/126/90 138/212/138
f 103/150/103 139/213/139 122/188/122
f 57/163/57 99/214/99 131/200/131
f 108/174/108 117/176/117 140/215/140
f 120/216/120 117/176/117 134/208/134
f 84/118/84 141/217/141 111/166/111
f 136/207/136 117/176/117 132/201/132
f 134/208/134 117/176/117 136/207/136
f 109/218/109 142/219/142 118/184/118
f 77/110/77 143/220/143 80/113/80
f 85/119/85 144/221/144 97/142/97
f 103/150/103 129/222/129 139/213/139
f 107/171/107 145/223/145 120/182/120
f 117/176/117 120/216/120 145/224/145
f 115/173/115 146/225/146 60/130/60
f 82/116/82 133/202/133 127/226/127
f 118/184/118 142/219/142 100/185/100
f 112/227/112 147/228/147 106/209/106
f 97/142/97 144/221/144 121/187/121
f 99/214/99 148/229/148 131/200/131
f 141/230/141 84/231/84 149/232/149
f 83/117/83 150/233/150 113/168/113
f 90/126/90 122/188/122 138/212/138
f 89/234/89 149/232/149 84/231/84
f 107/171/107 151/235/151 145/223/145
f 115/173/115 96/141/96 105/154/105
f 127/193/127 152/236/152 105/154/105
f 80/113/80 153/237/153 83/117/83
f 77/110/77 154/238/154 143/220/143
f 101/239/101 155/240/155 76/114/76
f 85/211/85 137/210/137 144/241/144
f 99/144/99 104/151/104 148/242/148
f 139/213/139 129/222/129 156/243/156
f 108/174/108 140/215/140 104/244/104
f 117/176/117 145/224/145 151/245/151
f 146/225/146 110/246/110 60/130/60
f 143/247/143 154/248/154 157/249/157
f 147/228/147 137/210/137 106/209/106
f 128/195/128 158/250/158 119/196/119
f 102/156/102 138/212/138 128/251/128
f 104/151/104 159/252/159 148/242/148
f 151/235/151 107/171/107 160/253/160
f 117/176/117 151/245/151 140/215/140
f 112/227/112 161/254/161 147/228/147
f 112/227/112 67/255/67 161/254/161
f 140/215/140 159/256/159 104/244/104
f 113/181/113 162/257/162 107/171/107
f 162/257/162 160/253/160 107/171/107
f 129/222/129 163/258/163 156/243/156
f 130/199/130 131/200/131 129/198/129
f 115/173/115 105/154/105 146/225/146
f 80/113/80 143/220/143 153/237/153
f 164/259/164 77/110/77 110/162/110
f 165/260/165 131/200/131 148/229/148
f 139/213/139 156/243/156 122/188/122
f 160/261/160 140/215/140 151/245/151
f 157/249/157 154/248/154 166/262/166
f 154/238/154 77/110/77 164/259/164
f 141/263/141 92/138/92 111/264/111
f 157/265/157 167/266/167 143/267/143
f 116/268/116 161/254/161 67/255/67
f 83/117/83 153/237/153 168/269/168
f 154/248/154 169/270/169 166/262/166
f 166/262/166 169/270/169 167/271/167
f 170/272/170 121/273/121 144/274/144
f 110/275/110 146/276/146 171/277/171
f 92/138/92 172/278/172 109/161/109
f 173/279/173 142/280/142 109/161/109
f 143/267/143 167/266/167 153/281/153
f 174/282/174 137/210/137 147/228/147
f 149/232/149 175/283/175 141/230/141
f 131/200/131 165/260/165 129/198/129
f 160/261/160 176/284/176 140/215/140
f 133/285/133 100/185/100 177/286/177
f 109/161/109 178/287/178 173/279/173
f 147/228/147 161/254/161 174/282/174
f 166/288/166 167/266/167 157/265/157
f 168/269/168 150/233/150 83/117/83
f 160/253/160 179/289/179 176/290/176
f 160/253/160 180/291/180 179/289/179
f 162/257/162 180/291/180 160/253/160
f 127/292/127 181/293/181 152/294/152
f 152/236/152 182/295/182 105/154/105
f 101/296/101 119/196/119 155/297/155
f 144/241/144 137/210/137 170/298/170
f 138/212/138 158/299/158 128/251/128
f 170/300/170 183/301/183 121/302/121
f 163/258/163 184/303/184 156/243/156
f 141/263/141 185/304/185 92/138/92
f 92/138/92 185/304/185 172/278/172
f 153/281/153 167/266/167 168/305/168
f 116/306/116 186/307/186 187/308/187
f 76/114/76 155/240/155 116/175/116
f 154/248/154 164/309/164 169/270/169
f 113/181/113 150/310/150 162/257/162
f 159/256/159 140/215/140 176/284/176
f 129/198/129 165/260/165 163/311/163
f 142/219/142 188/312/188 100/185/100
f 179/289/179 189/313/189 176/290/176
f 180/291/180 190/314/190 179/289/179
f 172/278/172 178/287/178 109/161/109
f 116/268/116 187/315/187 161/254/161
f 174/282/174 191/316/191 137/210/137
f 89/234/89 192/317/192 149/232/149
f 193/318/193 156/243/156 184/303/184
f 179/289/179 190/314/190 189/313/189
f 105/154/105 194/319/194 146/225/146
f 105/154/105 182/295/182 194/319/194
f 167/271/167 169/270/169 195/320/195
f 158/250/158 196/321/196 119/196/119
f 138/212/138 197/322/197 158/299/158
f 122/188/122 198/323/198 138/212/138
f 122/188/122 156/243/156 199/324/199
f 171/325/171 200/326/200 110/162/110
f 184/303/184 201/327/201 193/318/193
f 174/282/174 202/328/202 191/316/191
f 168/269/168 203/329/203 150/233/150
f 89/234/89 121/302/121 192/317/192
f 122/188/122 199/324/199 198/323/198
f 148/229/148 204/330/204 165/260/165
f 159/331/159 204/330/204 148/229/148
f 156/243/156 193/318/193 205/332/205
f 141/263/141 206/333/206 185/304/185
f 180/291/180 162/257/162 190/314/190
f 193/318/193 207/334/207 205/332/205
f 193/318/193 208/335/208 207/334/207
f 193/318/193 201/327/201 208/335/208
f 127/292/127 209/336/209 181/293/181
f 194/337/194 171/277/171 146/276/146
f 116/306/116 155/297/155 186/307/186
f 138/212/138 198/323/198 197/322/197
f 156/243/156 205/332/205 199/324/199
f 159/331/159 176/338/176 210/339/210
f 175/340/175 206/333/206 141/263/141
f 162/341/162 189/342/189 190/343/190
f 181/293/181 211/344/211 152/294/152
f 178/287/178 212/345/212 173/279/173
f 167/271/167 195/320/195 213/346/213
f 163/311/163 165/260/165 184/347/184
f 162/341/162 150/348/150 214/349/214
f 201/327/201 184/303/184 215/350/215
f 173/279/173 212/345/212 142/280/142
f 174/282/174 161/254/161 202/328/202
f 191/316/191 216/351/216 137/210/137
f 170/352/170 217/353/217 183/354/183
f 158/299/158 197/322/197 218/355/218
f 208/335/208 215/350/215 207/334/207
f 207/334/207 215/350/215 205/332/205
f 201/327/201 215/350/215 208/335/208
f 194/337/194 219/356/219 171/277/171
f 182/357/182 220/358/220 194/337/194
f 221/359/221 191/316/191 202/328/202
f 169/270/169 222/360/222 195/320/195
f 169/270/169 164/309/164 222/360/222
f 155/297/155 119/196/119 223/361/223
f 199/324/199 205/332/205 198/323/198
f 100/185/100 188/312/188 177/286/177
f 172/278/172 185/304/185 178/287/178
f 213/346/213 224/362/224 167/271/167
f 191/316/191 221/359/221 216/351/216
f 216/351/216 225/363/225 137/210/137
f 164/309/164 200/364/200 222/360/222
f 170/298/170 137/210/137 225/363/225
f 225/365/225 217/353/217 170/352/170
f 121/302/121 183/301/183 192/317/192
f 206/333/206 226/366/226 185/304/185
f 181/293/181 209/336/209 211/344/211
f 178/367/178 227/368/227 212/369/212
f 167/266/167 228/370/228 168/305/168
f 198/323/198 205/332/205 229/371/229
f 150/348/150 230/372/230 214/349/214
f 171/277/171 231/373/231 200/374/200
f 188/312/188 142/219/142 212/375/212
f 152/236/152 220/376/220 182/295/182
f 196/377/196 158/299/158 232/378/232
f 225/365/225 233/379/233 217/353/217
f 198/323/198 229/371/229 234/380/234
f 133/285/133 177/286/177 127/292/127
f 205/332/205 235/381/235 229/371/229
f 178/367/178 185/382/185 227/368/227
f 152/383/152 211/384/211 220/385/220
f 221/386/221 202/387/202 236/388/236
f 213/346/213 195/320/195 224/362/224
f 186/389/186 237/390/237 187/391/187
f 150/233/150 203/329/203 238/392/238
f 164/259/164 110/162/110 200/326/200
f 175/283/175 149/232/149 239/393/239
f 150/348/150 238/394/238 230/372/230
f 212/375/212 240/395/240 241/396/241
f 186/307/186 155/297/155 242/397/242
f 158/299/158 218/355/218 232/378/232
f 243/398/243 183/354/183 217/353/217
f 243/399/243 192/317/192 183/301/183
f 198/323/198 234/380/234 197/322/197
f 188/312/188 244/400/244 177/286/177
f 210/339/210 245/401/245 159/331/159
f 234/380/234 229/371/229 235/381/235
f 212/375/212 241/396/241 188/312/188
f 155/297/155 223/361/223 242/397/242
f 246/402/246 247/403/247 248/404/248
f 247/403/247 249/405/249 248/404/248
f 243/399/243 250/406/250 192/317/192
f 197/322/197 234/380/234 235/381/235
f 235/381/235 205/332/205 251/407/251
f 205/332/205 215/350/215 251/407/251
f 176/290/176 189/313/189 210/408/210
f 189/313/189 252/409/252 210/408/210
f 215/410/215 184/411/184 253/412/253
f 185/382/185 226/413/226 254/414/254
f 219/356/219 194/337/194 220/358/220
f 255/415/255 186/307/186 242/397/242
f 256/416/256 247/417/247 246/418/246
f 257/419/257 249/405/249 247/403/247
f 246/402/246 248/404/248 258/420/258
f 257/419/257 248/404/248 249/405/249
f 258/420/258 248/404/248 257/419/257
f 223/361/223 119/196/119 259/421/259
f 232/378/232 218/355/218 197/322/197
f 260/422/260 204/330/204 261/423/261
f 261/423/261 204/330/204 159/331/159
f 261/423/261 159/331/159 245/401/245
f 177/286/177 209/336/209 127/292/127
f 262/424/262 211/344/211 209/336/209
f 227/368/227 240/425/240 212/369/212
f 167/266/167 224/426/224 228/370/228
f 263/427/263 187/391/187 264/428/264
f 187/391/187 265/429/265 264/428/264
f 237/390/237 265/429/265 187/391/187
f 256/430/256 266/431/266 247/432/247
f 225/433/225 267/434/267 268/435/268
f 233/379/233 269/436/269 217/353/217
f 192/317/192 270/437/270 149/232/149
f 175/438/175 271/439/271 206/440/206
f 197/322/197 235/381/235 272/441/272
f 177/286/177 273/442/273 209/336/209
f 184/411/184 274/443/274 275/444/275
f 171/277/171 276/445/276 231/373/231
f 202/387/202 277/446/277 236/388/236
f 202/387/202 161/447/161 277/446/277
f 237/448/237 186/307/186 255/415/255
f 256/430/256 278/449/278 266/431/266
f 247/403/247 279/450/279 257/419/257
f 279/450/279 258/420/258 257/419/257
f 279/450/279 280/451/280 258/420/258
f 268/435/268 233/452/233 225/433/225
f 175/438/175 239/453/239 271/439/271
f 149/232/149 270/437/270 281/454/281
f 192/317/192 250/406/250 270/437/270
f 235/381/235 282/455/282 272/441/272
f 235/456/235 251/457/251 282/458/282
f 245/401/245 210/339/210 283/459/283
f 184/411/184 275/444/275 253/412/253
f 161/460/161 284/461/284 285/462/285
f 161/254/161 187/315/187 284/463/284
f 187/464/187 263/465/263 286/466/286
f 236/388/236 287/467/287 221/386/221
f 264/428/264 265/429/265 280/451/280
f 264/428/264 280/451/280 279/450/279
f 246/468/246 288/469/288 256/430/256
f 288/469/288 278/449/278 256/430/256
f 266/431/266 289/470/289 247/432/247
f 247/403/247 289/471/289 279/450/279
f 246/468/246 290/472/290 288/469/288
f 223/361/223 291/473/291 242/397/242
f 119/196/119 196/321/196 259/421/259
f 232/474/232 292/475/292 196/476/196
f 269/436/269 243/398/243 217/353/217
f 149/232/149 281/454/281 239/393/239
f 206/333/206 271/477/271 226/366/226
f 262/424/262 293/478/293 211/344/211
f 185/382/185 254/414/254 227/368/227
f 211/384/211 294/479/294 220/385/220
f 287/467/287 216/480/216 221/386/221
f 263/427/263 264/428/264 286/481/286
f 279/450/279 295/482/295 264/428/264
f 288/469/288 296/483/296 278/449/278
f 289/471/289 295/482/295 279/450/279
f 296/483/296 288/469/288 290/472/290
f 246/402/246 258/420/258 297/484/297
f 268/485/268 269/436/269 233/379/233
f 272/441/272 232/378/232 197/322/197
f 200/486/200 298/487/298 299/488/299
f 300/489/300 244/400/244 188/312/188
f 226/413/226 301/490/301 254/414/254
f 253/412/253 302/491/302 215/410/215
f 189/342/189 162/341/162 214/349/214
f 211/384/211 293/492/293 294/479/294
f 187/493/187 286/494/286 284/495/284
f 295/482/295 286/481/286 264/428/264
f 278/449/278 296/483/296 303/496/303
f 242/397/242 304/497/304 255/415/255
f 290/498/290 246/499/246 305/500/305
f 223/361/223 259/421/259 291/473/291
f 280/451/280 265/429/265 306/501/306
f 258/420/258 280/451/280 297/484/297
f 204/330/204 260/422/260 165/260/165
f 272/502/272 282/458/282 251/457/251
f 200/486/200 231/503/231 298/487/298
f 273/442/273 262/424/262 209/336/209
f 251/457/251 215/410/215 307/504/307
f 214/349/214 230/372/230 308/505/308
f 230/372/230 309/506/309 308/505/308
f 252/507/252 189/342/189 214/349/214
f 219/356/219 310/508/310 171/277/171
f 266/431/266 311/509/311 289/470/289
f 303/496/303 312/510/312 278/449/278
f 278/449/278 312/510/312 266/431/266
f 255/511/255 304/512/304 237/390/237
f 267/513/267 313/514/313 268/515/268
f 196/476/196 292/475/292 259/516/259
f 232/474/232 314/517/314 292/475/292
f 272/518/272 314/517/314 232/474/232
f 203/519/203 315/520/315 238/521/238
f 281/522/281 316/523/316 239/453/239
f 177/286/177 317/524/317 273/442/273
f 243/398/243 318/525/318 250/526/250
f 245/401/245 319/527/319 261/423/261
f 272/502/272 251/457/251 314/528/314
f 231/503/231 320/529/320 321/530/321
f 171/277/171 310/508/310 276/445/276
f 286/494/286 311/531/311 322/532/322
f 286/494/286 295/533/295 311/531/311
f 295/482/295 289/471/289 311/534/311
f 312/510/312 323/535/323 266/431/266
f 266/431/266 323/535/323 324/536/324
f 324/536/324 325/537/325 266/431/266
f 266/431/266 325/537/325 311/509/311
f 303/496/303 326/538/326 327/539/327
f 296/483/296 326/538/326 303/496/303
f 324/536/324 326/540/326 290/541/290
f 296/483/296 290/472/290 326/538/326
f 290/541/290 325/537/325 324/536/324
f 237/390/237 304/512/304 265/429/265
f 242/397/242 291/473/291 304/497/304
f 246/499/246 328/542/328 305/500/305
f 239/453/239 316/523/316 329/543/329
f 281/522/281 330/544/330 316/523/316
f 281/454/281 331/545/331 330/546/330
f 271/439/271 332/547/332 226/548/226
f 283/459/283 319/527/319 245/401/245
f 226/549/226 332/550/332 301/551/301
f 238/394/238 309/506/309 230/372/230
f 333/552/333 227/368/227 254/414/254
f 220/358/220 334/553/334 219/356/219
f 335/554/335 236/388/236 336/555/336
f 335/554/335 287/467/287 236/388/236
f 337/556/337 303/557/338 338/558/339
f 339/559/340 312/510/312 303/496/303
f 323/535/323 326/540/326 324/536/324
f 340/560/341 338/558/339 303/557/338
f 339/559/340 303/496/303 327/539/327
f 305/500/305 325/561/325 290/498/290
f 341/562/342 168/305/168 342/563/343
f 341/562/342 203/519/203 168/305/168
f 328/542/328 246/499/246 297/564/297
f 343/565/344 304/497/304 344/566/345
f 291/473/291 345/567/346 304/497/304
f 346/568/347 165/260/165 260/422/260
f 317/524/317 177/286/177 244/400/244
f 347/569/348 243/398/243 269/436/269
f 331/545/331 281/454/281 348/570/349
f 349/571/350 314/528/314 251/457/251
f 298/487/298 231/503/231 321/530/321
f 349/571/350 251/457/251 307/504/307
f 307/504/307 215/410/215 302/491/302
f 227/368/227 350/572/351 240/425/240
f 334/553/334 310/508/310 219/356/219
f 161/447/161 285/573/285 277/446/277
f 222/360/222 351/574/352 195/320/195
f 311/575/311 325/561/325 322/576/322
f 216/480/216 287/467/287 267/577/267
f 267/578/267 225/579/225 216/580/216
f 352/581/353 353/582/354 354/583/355
f 352/584/353 337/556/337 338/558/339
f 354/583/355 337/585/337 352/581/353
f 352/581/353 338/586/339 353/582/354
f 338/558/339 340/560/341 355/587/356
f 339/588/357 355/587/356 340/560/341
f 339/559/340 327/539/327 356/589/358
f 327/539/327 326/538/326 356/589/358
f 304/512/304 357/590/359 265/429/265
f 265/429/265 357/590/359 306/501/306
f 259/421/259 358/591/360 291/473/291
f 359/592/361 269/436/269 268/485/268
f 345/567/346 344/566/345 304/497/304
f 297/484/297 280/451/280 360/593/362
f 280/451/280 306/501/306 360/593/362
f 329/543/329 271/439/271 239/453/239
f 316/523/316 330/544/330 329/543/329
f 165/260/165 361/594/363 184/347/184
f 347/569/348 318/525/318 243/398/243
f 238/394/238 362/595/364 363/596/365
f 210/597/210 252/598/252 283/599/283
f 214/600/214 308/601/308 364/602/366
f 310/508/310 365/603/367 276/445/276
f 220/385/220 366/604/368 367/605/369
f 236/388/236 277/446/277 336/555/336
f 285/606/285 284/607/284 368/608/370
f 369/609/371 351/574/352 222/360/222
f 337/610/337 370/611/372 339/612/357
f 339/559/340 356/589/358 312/510/312
f 339/613/357 370/614/372 355/615/356
f 325/561/325 305/500/305 322/576/322
f 328/542/328 371/616/373 305/500/305
f 200/364/200 372/617/374 222/360/222
f 304/512/304 343/618/344 357/590/359
f 291/473/291 358/591/360 345/567/346
f 200/364/200 299/619/299 372/617/374
f 345/567/346 343/565/344 344/566/345
f 329/543/329 373/620/375 271/439/271
f 244/621/244 374/622/376 317/623/317
f 271/439/271 373/620/375 332/547/332
f 184/347/184 361/594/363 274/624/274
f 293/492/293 262/625/262 375/626/377
f 276/445/276 365/603/367 231/373/231
f 375/626/377 294/479/294 293/492/293
f 333/552/333 254/414/254 301/490/301
f 367/605/369 334/627/334 220/385/220
f 376/628/378 377/629/379 312/510/312
f 312/510/312 377/629/379 323/535/323
f 353/582/354 378/630/380 354/583/355
f 354/583/355 370/614/372 337/585/337
f 323/631/323 377/632/379 326/633/326
f 377/632/379 379/634/381 326/633/326
f 353/582/354 380/635/382 378/630/380
f 338/586/339 380/635/382 353/582/354
f 338/586/339 355/636/356 380/635/382
f 305/500/305 381/637/383 322/576/322
f 379/638/381 371/639/373 326/538/326
f 305/500/305 371/616/373 379/640/381
f 379/640/381 381/637/383 305/500/305
f 292/475/292 382/641/384 259/516/259
f 358/642/360 259/516/259 382/641/384
f 203/519/203 341/562/342 315/520/315
f 357/590/359 343/618/344 306/501/306
f 374/622/376 244/621/244 300/643/300
f 348/570/349 281/454/281 270/437/270
f 362/644/364 238/645/238 315/646/315
f 383/647/385 318/525/318 347/569/348
f 350/572/351 227/368/227 333/552/333
f 351/574/352 224/362/224 195/320/195
f 384/648/386 385/649/387 378/630/380
f 386/650/388 354/583/355 378/630/380
f 385/649/387 386/650/388 378/630/380
f 386/650/388 387/651/389 354/583/355
f 354/583/355 387/651/389 370/614/372
f 370/614/372 387/651/389 355/615/356
f 377/632/379 381/652/383 379/634/381
f 388/653/390 267/577/267 287/467/287
f 384/648/386 378/630/380 389/654/391
f 386/655/388 380/635/382 387/656/389
f 355/636/356 387/656/389 380/635/382
f 356/589/358 326/538/326 390/657/392
f 326/538/326 371/639/373 390/657/392
f 390/658/392 371/616/373 328/542/328
f 328/542/328 297/564/297 391/659/393
f 360/593/362 391/660/393 297/484/297
f 330/544/330 392/661/394 329/543/329
f 373/620/375 393/662/395 332/547/332
f 188/663/188 241/664/241 394/665/396
f 273/666/273 395/667/397 262/668/262
f 394/665/396 241/664/241 240/669/240
f 318/525/318 383/647/385 250/526/250
f 238/394/238 363/596/365 309/506/309
f 307/504/307 302/491/302 396/670/398
f 294/479/294 366/604/368 220/385/220
f 284/607/284 397/671/399 368/608/370
f 284/495/284 286/494/286 397/672/399
f 286/494/286 398/673/400 397/672/399
f 286/494/286 322/532/322 398/673/400
f 399/674/401 376/675/378 312/676/312
f 398/673/400 381/652/383 377/632/379
f 322/532/322 381/652/383 398/673/400
f 400/677/402 385/649/387 384/648/386
f 386/650/388 385/649/387 400/677/402
f 312/510/312 356/589/358 399/678/401
f 384/648/386 389/654/391 400/677/402
f 400/677/402 389/654/391 386/650/388
f 401/679/403 382/641/384 292/475/292
f 345/567/346 358/591/360 402/680/404
f 298/681/298 372/617/374 299/619/299
f 329/543/329 392/661/394 373/620/375
f 273/666/273 317/623/317 395/667/397
f 349/682/350 403/683/405 314/684/314
f 332/550/332 393/685/395 301/551/301
f 275/444/275 274/443/274 253/412/253
f 240/425/240 350/572/351 404/686/406
f 333/552/333 405/687/407 350/572/351
f 356/688/358 406/689/408 399/674/401
f 222/360/222 372/617/374 369/609/371
f 390/690/392 406/689/408 356/688/358
f 341/562/342 407/691/409 315/520/315
f 361/692/363 165/693/165 408/694/410
f 402/680/404 358/591/360 409/695/411
f 306/501/306 343/618/344 360/593/362
f 392/661/394 410/696/412 373/620/375
f 411/697/413 270/437/270 250/406/250
f 412/698/414 383/647/385 347/569/348
f 395/667/397 375/699/377 262/668/262
f 307/504/307 396/670/398 349/571/350
f 231/503/231 413/700/415 320/529/320
f 253/412/253 414/701/416 302/491/302
f 302/491/302 414/701/416 396/670/398
f 283/599/283 252/598/252 214/600/214
f 415/702/417 224/703/224 351/704/352
f 376/675/378 399/674/401 406/689/408
f 416/705/418 292/475/292 314/517/314
f 417/706/419 391/660/393 360/593/362
f 358/642/360 418/707/420 409/708/411
f 392/661/394 330/544/330 419/709/421
f 420/710/422 253/412/253 274/443/274
f 413/711/415 231/373/231 365/603/367
f 301/551/301 405/712/407 333/713/333
f 224/426/224 415/714/417 228/370/228
f 406/689/408 421/715/423 376/675/378
f 292/475/292 416/705/418 401/679/403
f 372/617/374 298/681/298 422/716/424
f 402/680/404 423/717/425 345/567/346
f 319/718/319 424/719/426 261/720/261
f 373/620/375 410/696/412 393/662/395
f 270/437/270 411/697/413 348/570/349
f 320/529/320 298/487/298 321/530/321
f 309/506/309 363/596/365 308/505/308
f 425/721/427 334/627/334 367/605/369
f 277/722/277 426/723/428 336/724/336
f 168/305/168 228/370/228 342/563/343
f 398/725/400 427/726/429 397/727/399
f 398/725/400 377/728/379 427/726/429
f 421/715/423 427/726/429 376/675/378
f 406/689/408 390/690/392 421/715/423
f 390/690/392 428/729/430 421/715/423
f 390/658/392 328/542/328 428/730/430
f 268/515/268 313/514/313 359/731/361
f 345/567/346 423/717/425 343/565/344
f 409/695/411 423/717/425 402/680/404
f 250/732/250 429/733/431 411/734/413
f 253/412/253 420/710/422 414/701/416
f 350/572/351 405/687/407 404/686/406
f 283/599/283 214/600/214 430/735/432
f 334/627/334 365/736/367 310/737/310
f 366/604/368 425/721/427 367/605/369
f 376/675/378 427/726/429 377/728/379
f 421/715/423 431/738/433 427/726/429
f 188/663/188 394/665/396 300/643/300
f 358/642/360 382/641/384 418/707/420
f 315/646/315 432/739/434 362/644/364
f 417/706/419 360/593/362 433/740/435
f 347/569/348 359/592/361 434/741/436
f 274/443/274 361/742/363 420/710/422
f 432/739/434 435/743/437 362/644/364
f 240/669/240 404/744/406 394/665/396
f 301/551/301 393/685/395 436/745/438
f 362/644/364 437/746/439 363/747/365
f 383/748/385 429/733/431 250/732/250
f 283/599/283 430/735/432 438/749/440
f 421/715/423 428/729/430 439/750/441
f 165/693/165 346/751/347 440/752/442
f 298/487/298 441/753/443 422/754/424
f 416/755/418 314/684/314 403/683/405
f 269/436/269 359/592/361 347/569/348
f 409/708/411 418/707/420 423/756/425
f 408/694/410 442/757/444 361/692/363
f 361/692/363 442/757/444 420/758/422
f 347/569/348 434/741/436 412/698/414
f 283/759/283 424/719/426 319/718/319
f 331/760/331 419/709/421 330/544/330
f 405/687/407 443/761/445 404/686/406
f 294/479/294 375/626/377 444/762/446
f 334/627/334 445/763/447 365/736/367
f 425/721/427 445/763/447 334/627/334
f 336/724/336 426/723/428 446/764/448
f 415/702/417 447/765/449 228/766/228
f 285/767/285 368/768/370 448/769/450
f 335/770/335 449/771/451 287/772/287
f 427/726/429 431/738/433 450/773/452
f 421/715/423 451/774/453 431/738/433
f 439/750/441 451/774/453 421/715/423
f 267/577/267 388/653/390 313/775/313
f 328/542/328 391/659/393 428/730/430
f 391/659/393 452/776/454 428/730/430
f 300/643/300 453/777/455 374/622/376
f 417/778/419 454/779/456 391/659/393
f 360/593/362 343/618/344 455/780/457
f 349/682/350 396/781/398 456/782/458
f 287/772/287 449/771/451 388/783/390
f 342/563/343 457/784/459 341/562/342
f 458/785/460 459/786/461 451/774/453
f 451/774/453 459/786/461 431/738/433
f 459/786/461 460/787/462 431/738/433
f 431/738/433 460/787/462 450/773/452
f 458/785/460 451/774/453 439/750/441
f 428/729/430 461/788/463 439/750/441
f 346/751/347 462/789/464 440/752/442
f 261/720/261 424/719/426 463/790/465
f 417/778/419 433/791/435 454/779/456
f 433/740/435 360/593/362 455/780/457
f 362/644/364 435/743/437 437/746/439
f 331/760/331 348/792/349 464/793/466
f 301/551/301 436/745/438 405/712/407
f 456/782/458 396/781/398 414/794/416
f 456/782/458 414/794/416 465/795/467
f 413/700/415 365/796/367 466/797/468
f 430/735/432 214/600/214 364/602/366
f 335/770/335 336/724/336 446/764/448
f 467/798/469 368/768/370 397/799/399
f 468/800/470 458/801/460 469/802/471
f 468/800/470 459/803/461 458/801/460
f 469/802/471 458/801/460 470/804/472
f 471/805/473 458/785/460 439/750/441
f 470/806/472 458/785/460 471/805/473
f 460/807/462 471/805/473 461/788/463
f 471/805/473 439/750/441 461/788/463
f 401/679/403 472/808/474 382/641/384
f 401/679/403 416/705/418 473/809/475
f 453/777/455 300/643/300 394/665/396
f 454/779/456 433/791/435 474/810/476
f 283/599/283 475/811/477 424/812/426
f 283/599/283 438/749/440 475/811/477
f 444/762/446 366/604/368 294/479/294
f 426/723/428 277/722/277 446/764/448
f 448/769/450 368/768/370 467/798/469
f 397/727/399 427/726/429 476/813/478
f 477/814/479 460/807/462 459/815/461
f 369/609/371 372/617/374 441/816/443
f 477/814/479 471/805/473 460/807/462
f 460/807/462 461/788/463 450/817/452
f 461/788/463 428/729/430 450/817/452
f 313/818/313 388/783/390 478/819/480
f 457/820/459 407/821/409 341/822/342
f 313/823/313 479/824/481 359/825/361
f 374/622/376 453/777/455 480/826/482
f 473/827/475 416/755/418 403/683/405
f 452/776/454 391/659/393 481/828/483
f 481/828/483 391/659/393 454/779/456
f 418/707/420 382/641/384 482/829/484
f 483/830/485 403/683/405 349/682/350
f 410/831/412 484/832/486 393/685/395
f 424/812/426 475/811/477 485/833/487
f 464/793/466 419/709/421 331/760/331
f 308/601/308 363/834/365 486/835/488
f 308/601/308 486/835/488 364/602/366
f 364/602/366 486/835/488 430/735/432
f 446/764/448 277/722/277 487/836/489
f 427/726/429 450/773/452 476/813/478
f 459/803/461 468/800/470 488/837/490
f 459/838/461 488/839/490 477/840/479
f 470/804/472 489/841/491 469/802/471
f 488/839/490 489/842/491 471/843/473
f 470/804/472 471/844/473 489/841/491
f 477/840/479 488/839/490 471/843/473
f 452/845/454 490/846/492 428/847/430
f 359/825/361 479/824/481 491/848/493
f 346/751/347 492/849/494 462/789/464
f 346/751/347 260/850/260 492/849/494
f 165/693/165 440/752/442 408/694/410
f 374/622/376 480/826/482 317/623/317
f 317/623/317 493/851/495 395/667/397
f 424/719/426 485/852/487 494/853/496
f 454/779/456 474/810/476 481/828/483
f 375/626/377 395/854/397 495/855/497
f 420/710/422 465/856/467 414/701/416
f 366/857/368 444/858/446 496/859/498
f 447/860/449 342/563/343 228/370/228
f 469/802/471 489/841/491 468/800/470
f 489/841/491 488/837/490 468/800/470
f 450/817/452 428/729/430 497/861/499
f 480/826/482 493/851/495 317/623/317
f 298/487/298 320/529/320 498/862/500
f 320/529/320 413/700/415 499/863/501
f 392/661/394 419/709/421 410/696/412
f 484/832/486 436/745/438 393/685/395
f 383/748/385 500/864/502 429/733/431
f 420/710/422 501/865/503 465/856/467
f 502/866/504 415/702/417 351/704/352
f 467/798/469 397/799/399 476/867/478
f 503/868/505 388/783/390 449/771/451
f 478/869/480 479/824/481 313/823/313
f 428/847/430 490/846/492 497/870/499
f 407/821/409 457/820/459 315/646/315
f 491/848/493 504/871/506 359/825/361
f 505/872/507 442/757/444 408/694/410
f 472/808/474 401/679/403 473/809/475
f 472/808/474 482/829/484 382/641/384
f 504/871/506 434/873/436 359/825/361
f 349/682/350 456/782/458 483/830/485
f 411/874/413 506/875/508 348/792/349
f 348/792/349 506/875/508 464/793/466
f 436/745/438 507/876/509 405/712/407
f 465/795/467 501/877/503 456/782/458
f 420/710/422 508/878/510 501/865/503
f 363/834/365 509/879/511 486/835/488
f 365/736/367 445/763/447 510/880/512
f 487/836/489 511/881/513 446/764/448
f 511/881/513 335/770/335 446/764/448
f 511/881/513 449/771/451 335/770/335
f 450/882/452 497/870/499 512/883/514
f 260/850/260 261/720/261 492/849/494
f 394/665/396 513/884/515 453/777/455
f 343/565/344 423/717/425 514/885/516
f 434/741/436 504/886/506 412/698/414
f 343/887/344 514/888/516 455/889/457
f 365/796/367 510/890/512 466/797/468
f 369/891/371 502/866/504 351/704/352
f 388/783/390 515/892/517 478/819/480
f 453/777/455 513/884/515 480/826/482
f 424/719/426 494/853/496 463/790/465
f 452/845/454 481/893/483 490/846/492
f 394/894/396 516/895/518 513/896/515
f 394/894/396 404/897/406 516/895/518
f 320/529/320 499/863/501 498/862/500
f 481/893/483 474/898/476 517/899/519
f 437/746/439 435/743/437 363/747/365
f 474/898/476 433/900/435 517/899/519
f 518/901/520 412/902/414 504/871/506
f 412/902/414 518/901/520 383/903/385
f 519/904/521 419/709/421 464/793/466
f 519/904/521 464/793/466 506/875/508
f 456/782/458 501/877/503 520/905/522
f 521/906/523 413/700/415 466/797/468
f 448/907/450 487/836/489 277/722/277
f 277/722/277 285/908/285 448/907/450
f 512/883/514 497/870/499 522/909/524
f 503/868/505 515/892/517 388/783/390
f 441/816/443 372/617/374 422/716/424
f 457/820/459 432/739/434 315/646/315
f 441/753/443 298/487/298 498/862/500
f 442/910/444 523/911/525 420/912/422
f 456/782/458 520/905/522 524/913/526
f 404/686/406 525/914/527 516/915/518
f 526/916/528 507/876/509 436/745/438
f 525/914/527 404/686/406 443/761/445
f 405/712/407 507/876/509 525/917/527
f 405/712/407 525/917/527 443/918/445
f 527/919/529 438/749/440 430/735/432
f 425/920/427 528/921/530 529/922/531
f 530/923/532 490/846/492 481/893/483
f 423/756/425 418/707/420 531/924/533
f 363/747/365 435/743/437 532/925/534
f 456/782/458 524/913/526 483/830/485
f 508/926/510 533/927/535 534/928/536
f 508/926/510 534/928/536 501/877/503
f 411/734/413 429/733/431 506/929/508
f 507/876/509 526/916/528 525/917/527
f 438/749/440 535/930/537 475/811/477
f 375/626/377 495/855/497 444/762/446
f 430/735/432 486/835/488 536/931/538
f 430/932/432 537/933/539 538/934/540
f 496/859/498 539/935/541 366/857/368
f 366/857/368 540/936/542 425/920/427
f 425/920/427 540/936/542 528/921/530
f 487/836/489 448/907/450 541/937/543
f 515/938/517 479/824/481 478/869/480
f 497/870/499 490/846/492 522/909/524
f 440/752/442 505/872/507 408/694/410
f 513/896/515 542/939/544 480/940/482
f 508/878/510 523/941/525 533/942/535
f 423/756/425 531/924/533 514/943/516
f 419/709/421 543/944/545 410/696/412
f 534/928/536 520/905/522 501/877/503
f 436/745/438 484/832/486 526/916/528
f 475/811/477 535/930/537 485/833/487
f 430/932/432 536/945/538 537/933/539
f 445/946/447 529/922/531 544/947/546
f 445/946/447 425/920/427 529/922/531
f 440/752/442 462/789/464 505/872/507
f 395/667/397 545/948/547 495/949/497
f 473/827/475 403/683/405 546/950/548
f 508/878/510 420/710/422 523/941/525
f 413/700/415 521/906/523 499/863/501
f 418/707/420 482/829/484 547/951/549
f 518/952/520 548/953/550 383/748/385
f 549/954/551 535/930/537 438/749/440
f 448/769/450 467/798/469 550/955/552
f 512/883/514 551/956/553 450/882/452
f 490/846/492 552/957/554 522/909/524
f 481/893/483 517/899/519 530/923/532
f 517/958/519 433/959/435 553/960/555
f 433/959/435 554/961/556 553/960/555
f 524/913/526 520/905/522 555/962/557
f 419/709/421 519/904/521 543/944/545
f 495/855/497 556/963/558 444/762/446
f 549/954/551 438/749/440 527/919/529
f 444/858/446 556/964/558 557/965/559
f 430/932/432 538/934/540 527/966/529
f 536/931/538 486/835/488 509/879/511
f 445/967/447 544/968/546 510/969/512
f 444/858/446 539/935/541 496/859/498
f 537/933/539 536/945/538 538/934/540
f 539/935/541 558/970/560 366/857/368
f 366/857/368 558/970/560 540/936/542
f 447/765/449 415/702/417 559/971/561
f 447/860/449 457/784/459 342/563/343
f 492/849/494 261/720/261 560/972/562
f 491/848/493 561/973/563 504/871/506
f 480/940/482 562/974/564 493/975/495
f 505/976/507 523/911/525 442/910/444
f 472/808/474 547/951/549 482/829/484
f 516/915/518 563/977/565 564/978/566
f 534/928/536 565/979/567 520/905/522
f 516/915/518 525/914/527 563/977/565
f 410/980/412 566/981/568 567/982/569
f 520/905/522 565/979/567 555/962/557
f 410/980/412 567/982/569 484/983/486
f 568/984/570 525/985/527 526/986/528
f 509/987/511 569/988/571 536/989/538
f 487/836/489 541/937/543 511/881/513
f 441/816/443 502/990/504 369/609/371
f 570/991/572 512/883/514 522/909/524
f 560/972/562 261/720/261 463/790/465
f 441/753/443 498/862/500 571/992/573
f 572/993/574 499/863/501 521/906/523
f 472/994/474 473/827/475 546/950/548
f 573/995/575 547/951/549 472/808/474
f 524/913/526 555/962/557 483/830/485
f 574/996/576 531/924/533 418/707/420
f 555/962/557 575/997/577 483/830/485
f 576/998/578 383/748/385 548/953/550
f 576/998/578 500/864/502 383/748/385
f 484/999/486 568/984/570 526/986/528
f 557/965/559 539/935/541 444/858/446
f 577/1000/579 538/934/540 536/945/538
f 578/1001/580 529/922/531 528/921/530
f 476/1002/478 450/882/452 551/956/553
f 560/1003/562 462/1004/464 492/1005/494
f 571/992/573 579/1006/581 441/753/443
f 457/820/459 580/1007/582 432/739/434
f 498/862/500 499/863/501 572/993/574
f 493/851/495 545/948/547 395/667/397
f 504/871/506 581/1008/583 518/901/520
f 518/901/520 581/1008/583 548/1009/550
f 525/1010/527 582/1011/584 563/1012/565
f 581/1013/583 576/998/578 548/953/550
f 410/980/412 543/1014/545 566/981/568
f 510/890/512 521/906/523 466/797/468
f 535/930/537 583/1015/585 485/833/487
f 510/969/512 584/1016/586 521/1017/523
f 506/1018/508 585/1019/587 519/1020/521
f 535/1021/537 549/1022/551 583/1023/585
f 527/966/529 538/934/540 586/1024/588
f 536/1025/589 587/1026/590 588/1027/590
f 540/936/542 558/970/560 589/1028/591
f 529/1029/531 590/1030/592 544/1031/546
f 540/936/542 591/1032/593 528/921/530
f 529/1029/531 578/1033/580 590/1030/592
f 591/1034/593 578/1033/580 528/1035/530
f 570/991/572 551/956/553 512/883/514
f 522/909/524 552/957/554 570/991/572
f 462/1004/464 560/1003/562 505/976/507
f 480/940/482 592/1036/594 562/974/564
f 505/976/507 593/1037/595 523/911/525
f 498/862/500 572/993/574 571/992/573
f 530/923/532 517/899/519 594/1038/596
f 517/899/519 553/1039/555 594/1038/596
f 533/927/535 595/1040/597 534/928/536
f 534/928/536 596/1041/598 565/979/567
f 565/979/567 597/1042/599 555/962/557
f 565/1043/567 596/1044/598 597/1045/599
f 598/1046/600 556/963/558 495/855/497
f 525/985/527 599/1047/601 582/1048/584
f 429/1049/431 585/1019/587 506/1018/508
f 500/864/502 600/1050/602 429/733/431
f 525/985/527 601/1051/603 599/1047/601
f 557/965/559 556/964/558 602/1052/604
f 576/998/578 600/1050/602 500/864/502
f 590/1030/592 603/1053/605 544/1031/546
f 511/881/513 541/937/543 604/1054/606
f 457/1055/459 447/1056/449 605/1057/607
f 530/923/532 552/957/554 490/846/492
f 480/940/482 542/939/544 592/1036/594
f 564/1058/566 563/1059/565 606/1060/608
f 495/855/497 545/1061/547 598/1046/600
f 534/928/536 595/1040/597 596/1041/598
f 483/1062/485 575/1063/577 607/1064/609
f 363/1065/365 532/1066/534 509/987/511
f 555/1067/557 597/1045/599 575/1068/577
f 583/1023/585 608/1069/610 485/1070/487
f 600/1050/602 585/1071/587 429/733/431
f 538/934/540 609/1072/611 586/1024/588
f 557/965/559 610/1073/612 539/935/541
f 539/935/541 610/1073/612 558/970/560
f 511/881/513 611/1074/613 449/771/451
f 570/991/572 612/1075/614 551/956/553
f 570/991/572 552/957/554 612/1075/614
f 592/1036/594 613/1076/615 562/974/564
f 432/739/434 580/1007/582 435/743/437
f 614/1077/616 532/925/534 435/743/437
f 615/1078/617 533/942/535 523/941/525
f 472/994/474 546/950/548 573/1079/575
f 563/1059/565 616/1080/618 606/1060/608
f 563/1081/565 582/1048/584 616/1082/618
f 595/1083/597 617/1084/619 596/1044/598
f 531/1085/533 618/1086/620 514/888/516
f 418/707/420 547/951/549 574/996/576
f 596/1044/598 617/1084/619 597/1045/599
f 433/959/435 619/1087/621 554/961/556
f 514/888/516 620/1088/622 455/889/457
f 455/889/457 619/1087/621 433/959/435
f 597/1045/599 621/1089/623 575/1068/577
f 556/964/558 598/1090/600 602/1052/604
f 567/982/569 568/1091/570 484/983/486
f 544/968/546 584/1016/586 510/969/512
f 599/1047/601 622/1092/624 582/1048/584
f 599/1047/601 601/1051/603 622/1092/624
f 527/966/529 586/1024/588 549/1022/551
f 538/934/540 577/1000/579 609/1072/611
f 536/989/538 569/988/571 577/1093/579
f 610/1073/612 623/1094/625 558/970/560
f 589/1028/591 591/1032/593 540/936/542
f 590/1030/592 624/1095/626 603/1053/605
f 578/1033/580 624/1095/626 590/1030/592
f 559/971/561 415/702/417 502/866/504
f 502/866/504 441/1096/443 625/1097/627
f 479/824/481 515/938/517 626/1098/628
f 626/1098/628 491/848/493 479/824/481
f 593/1037/595 505/976/507 560/1003/562
f 552/957/554 530/923/532 627/1099/629
f 513/896/515 628/1100/630 542/939/544
f 562/974/564 613/1076/615 493/975/495
f 513/896/515 516/895/518 628/1100/630
f 580/1007/582 614/1077/616 435/743/437
f 629/1101/631 545/1102/547 493/975/495
f 595/1083/597 630/1103/632 617/1084/619
f 485/1104/487 608/1105/610 494/1106/496
f 620/1088/622 514/888/516 618/1086/620
f 617/1084/619 631/1107/633 597/1045/599
f 597/1045/599 631/1107/633 621/1089/623
f 455/889/457 620/1088/622 619/1087/621
f 543/1014/545 632/1108/634 566/981/568
f 549/1022/551 586/1024/588 633/1109/635
f 525/985/527 568/984/570 601/1051/603
f 634/1110/636 635/1111/637 519/1020/521
f 589/1028/591 558/970/560 636/1112/638
f 604/1054/606 611/1074/613 511/881/513
f 612/1075/614 552/957/554 551/956/553
f 542/939/544 613/1076/615 592/1036/594
f 542/939/544 637/1113/639 613/1076/615
f 542/939/544 628/1100/630 637/1113/639
f 561/973/563 638/1114/640 504/871/506
f 581/1008/583 504/871/506 638/1114/640
f 627/1099/629 530/923/532 594/1038/596
f 639/1115/641 516/895/518 564/1116/566
f 533/927/535 640/1117/642 595/1040/597
f 594/1118/596 553/960/555 554/961/556
f 403/683/405 483/830/485 546/950/548
f 641/1119/643 630/1103/632 595/1083/597
f 483/1120/485 607/1121/609 546/1122/548
f 642/1123/644 509/987/511 532/1066/534
f 643/1124/645 621/1089/623 631/1107/633
f 608/1069/610 583/1023/585 633/1109/635
f 633/1109/635 583/1023/585 549/1022/551
f 585/1019/587 634/1110/636 519/1020/521
f 644/1125/646 585/1071/587 600/1050/602
f 602/1052/604 610/1073/612 557/965/559
f 623/1094/625 636/1112/638 558/970/560
f 645/1126/647 449/771/451 611/1074/613
f 551/956/553 552/957/554 646/1127/648
f 552/957/554 627/1099/629 647/1128/649
f 628/1100/630 516/895/518 639/1115/641
f 523/941/525 648/1129/650 615/1078/617
f 639/1130/641 564/1131/566 649/1132/651
f 650/1133/652 494/1134/496 608/1135/610
f 641/1119/643 595/1083/597 640/1136/642
f 641/1119/643 651/1137/653 630/1103/632
f 651/1137/653 652/1138/654 630/1103/632
f 630/1103/632 652/1138/654 617/1084/619
f 652/1138/654 631/1107/633 617/1084/619
f 531/1139/533 574/1140/576 653/1141/655
f 575/1068/577 621/1089/623 654/1142/656
f 654/1142/656 621/1089/623 643/1124/645
f 547/1143/549 655/1144/657 574/1140/576
f 642/1123/644 569/988/571 509/987/511
f 576/998/578 656/1145/658 600/1050/602
f 568/984/570 657/1146/659 601/1051/603
f 610/1073/612 658/1147/660 623/1094/625
f 544/1031/546 603/1053/605 659/1148/661
f 660/1149/662 578/1033/580 591/1034/593
f 624/1095/626 578/1033/580 660/1149/662
f 476/1002/478 551/956/553 661/1150/663
f 646/1127/648 552/957/554 647/1128/649
f 626/1098/628 561/973/563 491/848/493
f 494/1134/496 650/1133/652 463/1151/465
f 493/975/495 613/1076/615 629/1101/631
f 615/1152/617 640/1117/642 533/927/535
f 575/1153/577 662/1154/664 607/1121/609
f 575/1068/577 654/1142/656 662/1155/664
f 643/1124/645 652/1138/654 654/1142/656
f 631/1107/633 652/1138/654 643/1124/645
f 554/961/556 619/1087/621 663/1156/665
f 664/1157/666 653/1141/655 574/1140/576
f 573/1158/575 665/1159/667 547/1160/549
f 544/968/546 659/1161/661 584/1016/586
f 586/1024/588 609/1072/611 633/1109/635
f 569/988/571 666/1162/668 577/1093/579
f 567/982/569 667/1163/669 568/1091/570
f 568/1091/570 667/1163/669 657/1164/659
f 601/1051/603 657/1146/659 622/1092/624
f 602/1052/604 658/1147/660 610/1073/612
f 519/1020/521 635/1111/637 543/1165/545
f 589/1028/591 636/1112/638 591/1032/593
f 476/1166/478 661/1167/663 467/1168/469
f 626/1098/628 638/1114/640 561/973/563
f 523/911/525 593/1037/595 648/1169/650
f 629/1170/631 598/1046/600 545/1061/547
f 554/961/556 663/1156/665 594/1118/596
f 652/1138/654 651/1137/653 668/1171/670
f 654/1142/656 668/1171/670 662/1155/664
f 652/1138/654 668/1171/670 654/1142/656
f 619/1087/621 620/1088/622 669/1172/671
f 642/1123/644 666/1162/668 569/988/571
f 567/982/569 566/981/568 670/1173/672
f 671/1174/673 644/1125/646 600/1050/602
f 543/1175/545 672/1176/674 632/1177/634
f 603/1053/605 624/1095/626 659/1148/661
f 515/1178/517 673/1179/675 626/1180/628
f 457/820/459 674/1181/676 580/1007/582
f 613/1076/615 637/1113/639 675/1182/677
f 564/1058/566 606/1060/608 649/1183/651
f 640/1136/642 676/1184/678 641/1119/643
f 641/1119/643 676/1184/678 651/1137/653
f 651/1137/653 676/1184/678 668/1171/670
f 598/1185/600 629/1186/631 602/1187/604
f 607/1121/609 677/1188/679 546/1122/548
f 662/1154/664 677/1188/679 607/1121/609
f 662/1155/664 668/1171/670 677/1189/679
f 581/1013/583 656/1145/658 576/998/578
f 618/1190/620 531/1139/533 653/1141/655
f 582/1048/584 622/1092/624 616/1082/618
f 577/1093/579 666/1162/668 678/1191/680
f 622/1092/624 657/1146/659 679/1192/681
f 671/1174/673 600/1050/602 656/1145/658
f 658/1147/660 680/1193/682 623/1094/625
f 623/1094/625 680/1193/682 636/1112/638
f 591/1034/593 681/1194/683 660/1149/662
f 624/1095/626 660/1149/662 682/1195/684
f 604/1054/606 683/1196/685 611/1074/613
f 628/1100/630 684/1197/686 637/1113/639
f 684/1197/686 675/1182/677 637/1113/639
f 463/1151/465 650/1133/652 685/1198/687
f 639/1115/641 686/1199/688 628/1100/630
f 649/1200/651 686/1199/688 639/1115/641
f 615/1201/617 687/1202/689 640/1136/642
f 640/1136/642 687/1202/689 676/1184/678
f 546/1122/548 688/1203/690 573/1158/575
f 619/1087/621 669/1172/671 663/1156/665
f 622/1092/624 679/1192/681 616/1082/618
f 689/1204/691 664/1157/666 574/1140/576
f 644/1205/646 690/1206/692 585/1207/587
f 624/1095/626 682/1195/684 659/1148/661
f 551/1208/553 691/1209/693 661/1210/663
f 551/1208/553 646/1211/648 691/1209/693
f 457/820/459 692/1212/694 674/1181/676
f 463/1151/465 685/1198/687 560/1003/562
f 627/1099/629 693/1213/695 647/1128/649
f 614/1077/616 580/1007/582 532/925/534
f 650/1214/652 608/1215/610 694/1216/696
f 521/1017/523 584/1016/586 695/1217/697
f 676/1184/678 677/1189/679 668/1171/670
f 696/1218/698 602/1187/604 629/1186/631
f 620/1088/622 618/1086/620 697/1219/699
f 669/1172/671 620/1088/622 697/1219/699
f 678/1220/680 609/1072/611 577/1000/579
f 698/1221/700 657/1146/659 667/1222/669
f 690/1223/692 634/1110/636 585/1019/587
f 632/1108/634 699/1224/701 566/981/568
f 682/1195/684 660/1149/662 681/1194/683
f 645/1126/647 611/1074/613 683/1196/685
f 700/1225/702 515/892/517 503/868/505
f 593/1037/595 560/1003/562 701/1226/703
f 629/1101/631 613/1076/615 702/1227/704
f 703/1228/705 581/1008/583 638/1114/640
f 704/1229/706 688/1203/690 546/1122/548
f 573/1158/575 688/1203/690 665/1159/667
f 609/1072/611 705/1230/707 633/1109/635
f 657/1146/659 698/1221/700 679/1192/681
f 706/1231/708 667/1163/669 567/982/569
f 689/1204/691 574/1140/576 655/1144/657
f 671/1174/673 707/1232/709 644/1125/646
f 708/1233/710 591/1034/593 636/1234/638
f 543/1175/545 709/1235/711 672/1176/674
f 559/971/561 502/866/504 710/1236/712
f 646/1127/648 647/1128/649 693/1213/695
f 560/1003/562 685/1198/687 701/1226/703
f 684/1197/686 628/1100/630 711/1237/713
f 712/1238/714 613/1076/615 675/1182/677
f 572/1239/574 521/1017/523 695/1217/697
f 616/1080/618 649/1183/651 606/1060/608
f 695/1217/697 584/1016/586 659/1161/661
f 687/1202/689 713/1240/715 676/1184/678
f 633/1109/635 714/1241/716 608/1069/610
f 670/1173/672 706/1231/708 567/982/569
f 609/1072/611 678/1220/680 705/1230/707
f 697/1219/699 715/1242/717 669/1172/671
f 566/981/568 699/1224/701 670/1173/672
f 716/1243/718 658/1244/660 602/1245/604
f 671/1174/673 656/1145/658 707/1232/709
f 636/1112/638 680/1193/682 717/1246/719
f 636/1234/638 717/1247/719 708/1233/710
f 467/798/469 661/1248/663 550/955/552
f 449/771/451 718/1249/720 503/868/505
f 515/892/517 700/1225/702 673/1250/675
f 457/1055/459 605/1057/607 692/1251/694
f 626/1180/628 673/1179/675 719/1252/721
f 684/1197/686 712/1238/714 675/1182/677
f 613/1076/615 712/1238/714 702/1227/704
f 686/1199/688 720/1253/722 628/1100/630
f 676/1184/678 713/1240/715 677/1189/679
f 677/1188/679 704/1229/706 546/1122/548
f 677/1189/679 713/1240/715 704/1254/706
f 704/1229/706 721/1255/723 688/1203/690
f 704/1229/706 722/1256/724 721/1255/723
f 629/1186/631 723/1257/725 696/1218/698
f 688/1203/690 724/1258/726 665/1159/667
f 663/1156/665 669/1172/671 725/1259/727
f 670/1173/672 699/1224/701 726/1260/728
f 602/1245/604 696/1261/698 716/1243/718
f 659/1148/661 682/1195/684 727/1262/729
f 591/1034/593 708/1233/710 681/1194/683
f 709/1263/711 632/1264/634 672/1265/674
f 593/1037/595 728/1266/730 648/1169/650
f 628/1267/630 720/1268/722 711/1269/713
f 729/1270/731 642/1123/644 532/1066/534
f 713/1240/715 722/1271/724 704/1254/706
f 616/1082/618 679/1192/681 730/1272/732
f 608/1273/610 714/1274/716 731/1275/733
f 666/1162/668 732/1276/734 678/1191/680
f 725/1277/727 733/1278/735 663/1279/665
f 669/1280/671 715/1281/717 725/1277/727
f 716/1243/718 680/1282/682 658/1244/660
f 547/1143/549 665/1283/667 734/1284/736
f 449/771/451 645/1126/647 718/1249/720
f 701/1226/703 728/1266/730 593/1037/595
f 711/1237/713 712/1238/714 684/1197/686
f 648/1129/650 728/1285/730 615/1078/617
f 627/1099/629 594/1038/596 735/1286/737
f 616/1287/618 730/1288/732 736/1289/738
f 703/1290/705 656/1145/658 581/1013/583
f 663/1156/665 737/1291/739 738/1292/740
f 707/1293/709 739/1294/741 644/1205/646
f 547/1143/549 734/1284/736 655/1144/657
f 724/1295/726 740/1296/742 665/1297/667
f 665/1298/667 740/1299/742 734/1300/736
f 502/866/504 625/1097/627 710/1236/712
f 441/1096/443 741/1301/743 625/1097/627
f 701/1226/703 685/1198/687 742/1302/744
f 626/1180/628 743/1303/745 638/1304/640
f 735/1286/737 693/1213/695 627/1099/629
f 615/1305/617 744/1306/746 687/1307/689
f 687/1202/689 745/1308/747 713/1240/715
f 663/1156/665 738/1292/740 594/1118/596
f 608/1273/610 731/1275/733 694/1309/696
f 746/1310/748 724/1258/726 688/1203/690
f 747/1311/749 706/1231/708 670/1173/672
f 714/1274/716 633/1312/635 705/1313/707
f 663/1279/665 733/1278/735 737/1314/739
f 618/1315/620 653/1316/655 748/1317/750
f 723/1257/725 749/1318/751 696/1218/698
f 750/1319/752 682/1195/684 681/1194/683
f 656/1320/658 739/1294/741 707/1293/709
f 634/1110/636 751/1321/753 635/1111/637
f 635/1111/637 752/1322/754 543/1165/545
f 753/1323/755 683/1196/685 604/1054/606
f 754/1324/756 661/1210/663 691/1209/693
f 741/1325/743 441/753/443 579/1006/581
f 691/1209/693 646/1211/648 693/1326/695
f 571/992/573 572/993/574 755/1327/757
f 756/1328/758 686/1329/688 649/1330/651
f 616/1287/618 736/1289/738 649/1331/651
f 744/1306/746 745/1332/747 687/1307/689
f 757/1333/759 713/1334/715 745/1332/747
f 729/1270/731 666/1162/668 642/1123/644
f 758/1335/760 738/1336/740 737/1314/739
f 732/1276/734 666/1162/668 759/1337/761
f 760/1338/762 761/1339/763 737/1314/739
f 721/1255/723 746/1310/748 688/1203/690
f 731/1275/733 714/1274/716 762/1340/764
f 763/1341/765 678/1191/680 732/1276/734
f 714/1274/716 705/1313/707 762/1340/764
f 726/1260/728 764/1342/766 670/1173/672
f 727/1262/729 682/1195/684 765/1343/767
f 697/1344/699 618/1315/620 766/1345/768
f 749/1346/751 716/1243/718 696/1261/698
f 767/1347/769 768/1348/770 644/1205/646
f 543/1349/545 752/1350/754 709/1351/711
f 709/1263/711 769/1352/771 632/1264/634
f 604/1054/606 541/937/543 753/1323/755
f 701/1226/703 742/1302/744 728/1266/730
f 770/1353/772 685/1198/687 650/1133/652
f 572/1354/574 695/1355/697 755/1356/757
f 649/1357/651 736/1358/738 756/1359/758
f 702/1360/704 771/1361/773 629/1186/631
f 757/1333/759 772/1362/774 713/1334/715
f 727/1262/729 773/1363/775 659/1148/661
f 760/1338/762 774/1364/776 761/1339/763
f 760/1338/762 737/1314/739 775/1365/777
f 721/1255/723 776/1366/778 746/1310/748
f 670/1173/672 764/1342/766 747/1311/749
f 705/1313/707 777/1367/779 762/1340/764
f 682/1195/684 750/1319/752 765/1343/767
f 751/1368/753 752/1369/754 635/1370/637
f 632/1264/634 778/1371/780 699/1372/701
f 720/1268/722 686/1329/688 711/1269/713
f 594/1118/596 738/1292/740 735/1373/737
f 650/1214/652 694/1216/696 770/1374/772
f 779/1375/781 772/1362/774 757/1333/759
f 629/1186/631 771/1361/773 723/1257/725
f 679/1376/681 698/1377/700 730/1288/732
f 667/1222/669 780/1378/782 698/1221/700
f 737/1314/739 733/1278/735 775/1365/777
f 760/1338/762 775/1365/777 781/1379/783
f 760/1338/762 781/1379/783 774/1364/776
f 706/1231/708 747/1311/749 667/1163/669
f 762/1340/764 782/1380/784 731/1275/733
f 777/1367/779 783/1381/785 762/1340/764
f 715/1281/717 697/1344/699 784/1382/786
f 699/1224/701 764/1342/766 726/1260/728
f 653/1141/655 664/1157/666 785/1383/787
f 717/1247/719 786/1384/788 708/1233/710
f 746/1385/748 787/1386/789 724/1387/726
f 680/1282/682 716/1243/718 788/1388/790
f 724/1387/726 787/1386/789 740/1299/742
f 740/1299/742 787/1386/789 734/1300/736
f 655/1389/657 734/1390/736 789/1391/791
f 503/868/505 718/1249/720 700/1225/702
f 691/1209/693 693/1326/695 790/1392/792
f 673/1179/675 791/1393/793 719/1252/721
f 702/1360/704 712/1394/714 792/1395/794
f 729/1270/731 793/1396/795 666/1162/668
f 694/1216/696 794/1397/796 770/1374/772
f 730/1288/732 795/1398/797 736/1289/738
f 759/1337/761 763/1341/765 732/1276/734
f 737/1314/739 761/1339/763 758/1335/760
f 747/1311/749 780/1399/782 667/1163/669
f 678/1220/680 796/1400/798 705/1230/707
f 781/1379/783 797/1401/799 774/1364/776
f 705/1313/707 782/1380/784 777/1367/779
f 783/1381/785 777/1367/779 782/1380/784
f 715/1281/717 798/1402/800 799/1403/801
f 681/1194/683 708/1233/710 786/1384/788
f 784/1382/786 798/1402/800 715/1281/717
f 680/1282/682 788/1388/790 717/1404/719
f 699/1224/701 800/1405/802 764/1342/766
f 768/1348/770 690/1206/692 644/1205/646
f 769/1352/771 801/1406/803 632/1264/634
f 661/1210/663 802/1407/804 550/1408/552
f 661/1210/663 754/1324/756 802/1407/804
f 532/1066/534 580/1409/582 729/1270/731
f 711/1410/713 803/1411/805 712/1394/714
f 756/1328/758 711/1269/713 686/1329/688
f 804/1412/806 779/1375/781 757/1333/759
f 722/1413/724 713/1334/715 805/1414/807
f 666/1162/668 793/1396/795 759/1337/761
f 678/1191/680 763/1341/765 796/1415/798
f 733/1278/735 806/1416/808 775/1365/777
f 796/1417/798 807/1418/809 705/1313/707
f 705/1313/707 807/1418/809 782/1380/784
f 715/1281/717 799/1403/801 808/1419/810
f 762/1340/764 783/1381/785 782/1380/784
f 809/1420/811 810/1421/812 656/1320/658
f 748/1317/750 766/1345/768 618/1315/620
f 788/1422/790 786/1384/788 717/1247/719
f 748/1423/750 653/1424/655 785/1425/787
f 691/1209/693 790/1392/792 754/1324/756
f 728/1426/730 744/1427/746 615/1428/617
f 744/1306/746 811/1429/813 745/1332/747
f 772/1362/774 805/1414/807 713/1334/715
f 745/1332/747 804/1412/806 757/1333/759
f 703/1290/705 812/1430/814 656/1145/658
f 656/1320/658 812/1431/814 809/1420/811
f 730/1288/732 698/1377/700 795/1398/797
f 761/1339/763 774/1364/776 813/1432/815
f 794/1397/796 694/1216/696 731/1433/733
f 771/1361/773 814/1434/816 723/1257/725
f 815/1435/817 782/1380/784 807/1418/809
f 816/1436/818 725/1277/727 715/1281/717
f 681/1194/683 786/1384/788 817/1437/819
f 739/1294/741 656/1320/658 810/1421/812
f 784/1382/786 697/1344/699 766/1345/768
f 818/1438/820 690/1206/692 768/1348/770
f 819/1439/821 716/1243/718 749/1346/751
f 689/1204/691 789/1440/791 664/1157/666
f 789/1441/791 689/1442/691 655/1443/657
f 709/1444/711 801/1445/803 769/1446/771
f 752/1369/754 820/1447/822 709/1444/711
f 801/1406/803 821/1448/823 632/1264/634
f 448/769/450 550/955/552 822/1449/824
f 823/1450/825 674/1181/676 692/1212/694
f 743/1303/745 824/1451/826 638/1304/640
f 825/1452/827 738/1336/740 758/1335/760
f 747/1311/749 764/1342/766 826/1453/828
f 774/1364/776 797/1401/799 827/1454/829
f 723/1257/725 828/1455/830 749/1318/751
f 749/1346/751 828/1456/830 819/1439/821
f 699/1372/701 778/1371/780 800/1457/802
f 690/1458/692 829/1459/831 634/1460/636
f 734/1300/736 787/1386/789 830/1461/832
f 829/1462/831 751/1463/753 634/1464/636
f 632/1264/634 821/1448/823 831/1465/833
f 832/1466/834 683/1467/685 753/1468/755
f 832/1469/834 645/1126/647 683/1196/685
f 790/1392/792 693/1326/695 833/1470/835
f 685/1471/687 770/1374/772 742/1472/744
f 638/1114/640 824/1473/826 703/1228/705
f 738/1474/740 825/1475/827 735/1476/737
f 695/1477/697 659/1478/661 834/1479/836
f 745/1332/747 835/1480/837 804/1412/806
f 772/1362/774 779/1375/781 804/1412/806
f 811/1429/813 835/1480/837 745/1332/747
f 763/1341/765 836/1481/838 796/1415/798
f 837/1482/839 761/1339/763 813/1432/815
f 775/1365/777 806/1416/808 838/1483/840
f 838/1483/840 781/1379/783 775/1365/777
f 826/1453/828 780/1399/782 747/1311/749
f 796/1415/798 839/1484/841 807/1485/809
f 796/1415/798 836/1481/838 839/1484/841
f 781/1379/783 838/1483/840 840/1486/842
f 733/1278/735 725/1277/727 806/1416/808
f 774/1364/776 827/1454/829 813/1432/815
f 715/1281/717 808/1419/810 816/1436/818
f 782/1380/784 815/1435/817 841/1487/843
f 786/1384/788 842/1488/844 817/1437/819
f 782/1380/784 843/1489/845 731/1275/733
f 841/1487/843 843/1489/845 782/1380/784
f 739/1294/741 810/1421/812 644/1205/646
f 644/1205/646 810/1421/812 767/1347/769
f 767/1347/769 810/1421/812 768/1348/770
f 785/1490/787 664/1491/666 789/1492/791
f 814/1434/816 828/1455/830 723/1257/725
f 818/1493/820 844/1494/846 690/1458/692
f 820/1447/822 801/1445/803 709/1444/711
f 541/937/543 448/907/450 845/1495/847
f 710/1236/712 625/1097/627 559/971/561
f 754/1324/756 790/1392/792 846/1496/848
f 579/1497/581 847/1498/849 741/1301/743
f 579/1006/581 571/992/573 755/1327/757
f 674/1181/676 823/1450/825 580/1007/582
f 756/1499/758 848/1500/850 711/1501/713
f 702/1360/704 792/1395/794 771/1361/773
f 736/1289/738 795/1398/797 849/1502/851
f 727/1262/729 765/1343/767 773/1363/775
f 780/1503/782 795/1398/797 698/1377/700
f 763/1341/765 850/1504/852 836/1481/838
f 721/1255/723 851/1505/853 776/1366/778
f 807/1485/809 839/1484/841 815/1506/817
f 836/1481/838 850/1504/852 839/1484/841
f 840/1486/842 852/1507/854 781/1379/783
f 781/1379/783 852/1507/854 797/1401/799
f 797/1401/799 853/1508/855 827/1454/829
f 827/1509/856 808/1510/857 853/1511/858
f 809/1512/811 854/1513/859 810/1514/812
f 788/1422/790 855/1515/860 786/1384/788
f 829/1459/831 690/1458/692 844/1494/846
f 734/1516/736 830/1517/832 789/1518/791
f 741/1301/743 856/1519/861 625/1097/627
f 846/1496/848 790/1392/792 833/1470/835
f 673/1250/675 700/1225/702 791/1520/793
f 791/1393/793 743/1303/745 719/1252/721
f 719/1252/721 743/1303/745 626/1180/628
f 857/1521/862 693/1326/695 735/1522/737
f 742/1523/744 858/1524/863 728/1525/730
f 659/1148/661 859/1526/864 834/1527/836
f 835/1480/837 811/1429/813 860/1528/865
f 659/1148/661 773/1363/775 859/1526/864
f 722/1256/724 861/1529/866 721/1255/723
f 862/1530/867 763/1531/765 759/1532/761
f 809/1512/811 812/1533/814 854/1513/859
f 863/1534/868 795/1398/797 780/1503/782
f 850/1504/852 815/1506/817 839/1484/841
f 806/1416/808 725/1277/727 864/1535/869
f 725/1277/727 816/1436/818 864/1535/869
f 797/1401/799 852/1507/854 853/1508/855
f 827/1509/856 865/1536/870 808/1510/857
f 808/1510/857 865/1536/870 853/1511/858
f 808/1419/810 799/1403/801 866/1537/871
f 794/1538/796 731/1275/733 843/1489/845
f 776/1366/778 867/1539/872 746/1310/748
f 746/1385/748 867/1540/872 787/1386/789
f 787/1386/789 868/1541/873 830/1461/832
f 830/1517/832 868/1542/873 869/1543/874
f 751/1368/753 870/1544/875 752/1369/754
f 550/955/552 802/1545/804 871/1546/876
f 833/1470/835 693/1326/695 857/1521/862
f 728/1547/730 858/1548/863 744/1549/746
f 712/1394/714 803/1411/805 872/1550/877
f 712/1394/714 872/1550/877 792/1395/794
f 835/1480/837 860/1528/865 873/1551/878
f 756/1499/758 874/1552/879 848/1500/850
f 770/1374/772 794/1397/796 875/1553/880
f 773/1363/775 765/1343/767 859/1526/864
f 763/1341/765 876/1554/881 850/1504/852
f 838/1483/840 877/1555/882 840/1486/842
f 877/1556/882 852/1557/854 840/1558/842
f 786/1384/788 878/1559/883 842/1488/844
f 786/1384/788 855/1515/860 879/1560/884
f 798/1402/800 784/1382/786 799/1403/801
f 766/1345/768 880/1561/885 784/1382/786
f 768/1348/770 881/1562/886 818/1438/820
f 787/1386/789 867/1540/872 882/1563/887
f 882/1563/887 868/1541/873 787/1386/789
f 828/1456/830 883/1564/888 819/1439/821
f 829/1565/831 870/1566/875 751/1567/753
f 778/1371/780 632/1264/634 884/1568/889
f 632/1264/634 831/1465/833 884/1568/889
f 752/1369/754 870/1544/875 820/1447/822
f 821/1448/823 885/1569/890 831/1465/833
f 801/1445/803 820/1447/822 821/1570/823
f 645/1571/647 886/1572/891 887/1573/892
f 645/1126/647 887/1574/892 718/1249/720
f 871/1546/876 822/1449/824 550/955/552
f 447/765/449 888/1575/893 605/1576/607
f 802/1407/804 754/1324/756 846/1496/848
f 605/1057/607 889/1577/894 692/1251/694
f 580/1578/582 823/1579/825 729/1580/731
f 890/1581/895 742/1472/744 770/1374/772
f 891/1582/896 772/1362/774 804/1412/806
f 803/1411/805 711/1410/713 848/1583/850
f 805/1584/807 861/1529/866 722/1256/724
f 892/1585/897 854/1513/859 812/1533/814
f 750/1319/752 681/1194/683 817/1437/819
f 893/1586/898 853/1587/855 852/1588/854
f 894/1589/899 816/1590/818 808/1591/810
f 788/1422/790 879/1560/884 855/1515/860
f 878/1559/883 786/1384/788 879/1560/884
f 851/1505/853 895/1592/900 776/1366/778
f 788/1593/790 716/1594/718 896/1595/901
f 799/1403/801 784/1382/786 880/1561/885
f 794/1538/796 843/1489/845 897/1596/902
f 881/1562/886 768/1348/770 810/1421/812
f 895/1592/900 867/1539/872 776/1366/778
f 766/1597/768 748/1423/750 785/1425/787
f 898/1598/903 844/1494/846 818/1493/820
f 844/1494/846 898/1598/903 829/1459/831
f 830/1517/832 899/1599/904 789/1518/791
f 830/1517/832 869/1543/874 899/1599/904
f 900/1600/905 559/971/561 625/1097/627
f 871/1601/876 802/1407/804 846/1496/848
f 901/1602/906 846/1496/848 902/1603/907
f 902/1603/907 846/1496/848 833/1470/835
f 744/1549/746 858/1548/863 811/1604/813
f 834/1605/836 859/1606/864 903/1607/908
f 811/1429/813 873/1551/878 860/1528/865
f 756/1608/758 736/1609/738 874/1610/879
f 825/1475/827 758/1611/760 904/1612/909
f 815/1613/817 850/1614/852 876/1615/881
f 765/1343/767 750/1319/752 905/1616/910
f 721/1255/723 906/1617/911 851/1505/853
f 817/1437/819 905/1616/910 750/1319/752
f 877/1556/882 907/1618/912 852/1557/854
f 908/1619/913 806/1620/808 864/1621/869
f 864/1622/869 909/1623/914 907/1618/912
f 907/1618/912 909/1623/914 852/1557/854
f 864/1622/869 816/1624/818 909/1623/914
f 909/1623/914 816/1624/818 852/1557/854
f 808/1591/810 866/1625/871 894/1589/899
f 794/1626/796 897/1627/902 910/1628/915
f 818/1493/820 881/1629/886 898/1598/903
f 828/1630/830 911/1631/916 883/1632/888
f 912/1633/917 789/1518/791 899/1599/904
f 868/1542/873 913/1634/918 869/1543/874
f 820/1447/822 885/1635/890 821/1570/823
f 886/1572/891 645/1571/647 832/1466/834
f 846/1496/848 901/1602/906 914/1636/919
f 901/1602/906 902/1603/907 915/1637/920
f 743/1303/745 916/1638/921 824/1451/826
f 835/1480/837 891/1582/896 804/1412/806
f 811/1429/813 858/1639/863 873/1551/878
f 862/1530/867 876/1615/881 763/1531/765
f 872/1640/877 917/1641/922 792/1642/794
f 721/1255/723 861/1529/866 906/1617/911
f 761/1643/763 837/1644/839 918/1645/923
f 815/1613/817 876/1615/881 919/1646/924
f 838/1647/840 920/1648/925 877/1556/882
f 815/1649/817 919/1650/924 841/1651/843
f 864/1621/869 921/1652/926 908/1619/913
f 864/1622/869 907/1618/912 921/1653/926
f 817/1437/819 842/1488/844 922/1654/927
f 842/1488/844 878/1559/883 922/1654/927
f 816/1590/818 923/1655/928 852/1588/854
f 879/1560/884 896/1656/901 878/1559/883
f 816/1590/818 894/1589/899 923/1655/928
f 788/1422/790 896/1656/901 879/1560/884
f 771/1361/773 792/1395/794 924/1657/929
f 866/1537/871 799/1403/801 925/1658/930
f 771/1361/773 924/1657/929 814/1434/816
f 841/1487/843 926/1659/931 843/1489/845
f 843/1489/845 927/1660/932 897/1596/902
f 785/1425/787 880/1661/885 766/1597/768
f 785/1425/787 928/1662/933 880/1661/885
f 843/1489/845 926/1659/931 927/1660/932
f 829/1459/831 898/1598/903 870/1663/875
f 899/1599/904 929/1664/934 912/1633/917
f 913/1634/918 930/1665/935 869/1543/874
f 913/1666/918 868/1541/873 930/1667/935
f 869/1543/874 930/1665/935 931/1668/936
f 932/1669/937 929/1664/934 899/1599/904
f 869/1543/874 931/1668/936 933/1670/938
f 899/1599/904 934/1671/939 932/1669/937
f 899/1599/904 869/1543/874 934/1671/939
f 869/1543/874 933/1670/938 934/1671/939
f 870/1672/875 898/1673/903 935/1674/940
f 871/1601/876 846/1496/848 914/1636/919
f 901/1602/906 915/1637/920 914/1636/919
f 700/1225/702 936/1675/941 791/1520/793
f 791/1393/793 916/1638/921 743/1303/745
f 735/1476/737 825/1475/827 937/1676/942
f 772/1362/774 891/1582/896 805/1414/807
f 873/1551/878 891/1582/896 835/1480/837
f 759/1532/761 938/1677/943 862/1530/867
f 793/1678/795 938/1677/943 759/1532/761
f 874/1679/879 939/1680/944 848/1681/850
f 817/1682/819 922/1683/927 905/1684/910
f 852/1588/854 923/1655/928 893/1586/898
f 854/1513/859 892/1585/897 810/1514/812
f 910/1628/915 940/1685/945 794/1626/796
f 716/1594/718 819/1686/821 896/1595/901
f 895/1687/900 941/1688/946 867/1540/872
f 910/1628/915 942/1689/947 943/1690/948
f 910/1628/915 897/1627/902 942/1689/947
f 942/1689/947 897/1627/902 944/1691/949
f 927/1660/932 926/1659/931 945/1692/950
f 928/1662/933 785/1425/787 946/1693/951
f 785/1425/787 789/1694/791 946/1693/951
f 789/1695/791 912/1696/917 946/1697/951
f 930/1665/935 947/1698/952 931/1668/936
f 934/1671/939 948/1699/953 932/1669/937
f 933/1670/938 949/1700/954 934/1671/939
f 934/1671/939 949/1700/954 948/1699/953
f 935/1674/940 950/1701/955 870/1672/875
f 831/1465/833 885/1569/890 884/1568/889
f 820/1702/822 870/1672/875 950/1701/955
f 820/1447/822 951/1703/956 885/1635/890
f 820/1447/822 950/1704/955 951/1703/956
f 845/1705/847 448/1706/450 952/1707/957
f 871/1708/876 953/1709/958 822/1710/824
f 770/1374/772 875/1553/880 890/1581/895
f 729/1711/731 954/1712/959 793/1678/795
f 873/1713/878 858/1714/863 955/1715/960
f 703/1716/705 824/1717/826 812/1533/814
f 758/1611/760 761/1643/763 918/1645/923
f 736/1289/738 849/1502/851 939/1718/944
f 806/1719/808 956/1720/961 838/1647/840
f 838/1647/840 956/1720/961 920/1648/925
f 792/1721/794 917/1722/922 924/1723/929
f 806/1620/808 908/1619/913 957/1724/962
f 877/1556/882 920/1648/925 907/1618/912
f 922/1654/927 878/1559/883 896/1656/901
f 841/1725/843 919/1726/924 926/1727/931
f 799/1403/801 880/1561/885 925/1658/930
f 810/1728/812 958/1729/963 881/1730/886
f 910/1628/915 943/1690/948 940/1685/945
f 897/1627/902 959/1731/964 944/1691/949
f 927/1660/932 960/1732/965 897/1596/902
f 897/1627/902 960/1733/965 959/1731/964
f 927/1660/932 945/1692/950 960/1732/965
f 946/1697/951 912/1696/917 961/1734/966
f 882/1563/887 962/1735/967 868/1541/873
f 933/1670/938 931/1668/936 949/1700/954
f 929/1664/934 932/1669/937 963/1736/968
f 931/1668/936 947/1698/952 949/1700/954
f 964/1737/969 914/1738/919 915/1739/920
f 915/1739/920 965/1740/970 964/1737/969
f 791/1741/793 936/1742/941 966/1743/971
f 791/1393/793 966/1744/971 916/1638/921
f 902/1603/907 833/1470/835 857/1521/862
f 823/1745/825 967/1746/972 729/1747/731
f 857/1521/862 735/1522/737 937/1748/942
f 695/1477/697 834/1479/836 968/1749/973
f 742/1750/744 969/1751/974 858/1752/863
f 954/1712/959 938/1677/943 793/1678/795
f 970/1753/975 859/1606/864 765/1754/767
f 970/1753/975 765/1754/767 905/1684/910
f 812/1533/814 824/1717/826 892/1585/897
f 736/1755/738 939/1680/944 874/1679/879
f 806/1620/808 957/1724/962 971/1756/976
f 806/1719/808 971/1757/976 956/1720/961
f 813/1758/815 972/1759/977 837/1760/839
f 908/1619/913 973/1761/978 957/1724/962
f 921/1652/926 973/1761/978 908/1619/913
f 893/1586/898 974/1762/979 853/1587/855
f 853/1587/855 974/1762/979 813/1758/815
f 894/1589/899 975/1763/980 923/1655/928
f 925/1764/930 976/1765/981 866/1766/871
f 764/1342/766 800/1405/802 977/1767/982
f 943/1690/948 942/1689/947 978/1768/983
f 942/1689/947 944/1691/949 978/1768/983
f 944/1691/949 979/1769/984 978/1768/983
f 960/1733/965 980/1770/985 959/1731/964
f 960/1733/965 981/1771/986 980/1770/985
f 960/1732/965 945/1692/950 981/1772/986
f 883/1773/888 911/1774/916 819/1686/821
f 928/1662/933 946/1693/951 982/1775/987
f 946/1697/951 961/1734/966 983/1776/988
f 961/1734/966 984/1777/989 983/1776/988
f 912/1696/917 984/1777/989 961/1734/966
f 912/1696/917 985/1778/990 984/1777/989
f 962/1735/967 986/1779/991 868/1541/873
f 814/1780/816 911/1631/916 828/1630/830
f 912/1696/917 929/1781/934 985/1778/990
f 929/1781/934 963/1782/968 985/1778/990
f 930/1665/935 949/1700/954 947/1698/952
f 932/1669/937 948/1699/953 963/1736/968
f 898/1598/903 987/1783/992 935/1784/940
f 935/1674/940 987/1785/992 950/1701/955
f 988/1786/993 700/1787/702 718/1788/720
f 989/1789/994 964/1790/995 990/1791/996
f 989/1789/994 990/1791/996 965/1792/997
f 991/1793/998 965/1794/970 915/1795/920
f 992/1796/999 692/1251/694 889/1577/894
f 915/1637/920 902/1603/907 993/1797/1000
f 579/1006/581 994/1798/1001 847/1799/849
f 967/1800/972 954/1712/959 729/1711/731
f 995/1801/1002 805/1802/807 891/1803/896
f 742/1750/744 890/1804/895 969/1751/974
f 826/1453/828 764/1342/766 996/1805/1003
f 837/1806/839 972/1807/977 918/1808/923
f 997/1809/1004 973/1761/978 921/1652/926
f 997/1810/1004 921/1653/926 907/1618/912
f 998/1811/1005 923/1655/928 999/1812/1006
f 998/1811/1005 893/1586/898 923/1655/928
f 972/1759/977 813/1758/815 974/1762/979
f 999/1812/1006 923/1655/928 975/1763/980
f 975/1763/980 894/1589/899 866/1625/871
f 851/1813/853 1000/1814/1007 895/1815/900
f 1001/1816/1008 896/1595/901 819/1686/821
f 1002/1817/1009 925/1658/930 880/1561/885
f 1003/1818/1010 940/1685/945 943/1690/948
f 978/1768/983 1003/1818/1010 943/1690/948
f 978/1819/983 979/1820/984 1004/1821/1011
f 1005/1822/1012 979/1823/984 944/1824/949
f 1005/1825/1012 944/1826/949 959/1827/964
f 1006/1828/1013 959/1731/964 980/1770/985
f 1007/1829/1014 1006/1830/1013 980/1831/985
f 1007/1829/1014 980/1831/985 981/1832/986
f 1008/1833/1015 981/1772/986 945/1692/950
f 1009/1834/1016 911/1631/916 814/1780/816
f 946/1697/951 983/1776/988 984/1777/989
f 986/1779/991 930/1667/935 868/1541/873
f 963/1736/968 948/1699/953 1010/1835/1017
f 1010/1835/1017 948/1699/953 949/1700/954
f 1011/1836/1018 753/1468/755 541/1837/543
f 559/971/561 888/1575/893 447/765/449
f 871/1838/876 914/1839/919 953/1840/958
f 964/1841/969 1012/1842/1019 914/1843/919
f 579/1006/581 755/1327/757 994/1798/1001
f 857/1521/862 1013/1844/1020 902/1603/907
f 755/1845/757 695/1846/697 968/1847/973
f 891/1848/896 873/1713/878 1014/1849/1021
f 780/1399/782 826/1453/828 996/1805/1003
f 920/1648/925 997/1810/1004 907/1618/912
f 998/1811/1005 999/1812/1006 1015/1850/1022
f 893/1586/898 1016/1851/1023 974/1762/979
f 866/1766/871 1017/1852/1024 975/1853/980
f 866/1766/871 976/1765/981 1017/1852/1024
f 892/1585/897 1018/1854/1025 810/1514/812
f 922/1654/927 896/1656/901 1001/1855/1008
f 919/1726/924 1019/1856/1026 926/1727/931
f 976/1765/981 925/1764/930 1020/1857/1027
f 925/1764/930 1002/1858/1009 1020/1857/1027
f 880/1661/885 928/1662/933 1002/1859/1009
f 1003/1860/1010 978/1819/983 1021/1861/1028
f 1021/1861/1028 978/1819/983 1004/1821/1011
f 1021/1861/1028 1004/1821/1011 1022/1862/1029
f 926/1727/931 1019/1856/1026 945/1863/950
f 1004/1821/1011 1023/1864/1030 1022/1862/1029
f 928/1662/933 982/1775/987 1024/1865/1031
f 959/1827/964 1025/1866/1032 1023/1864/1030
f 1007/1829/1014 1026/1867/1033 1006/1830/1013
f 1007/1829/1014 981/1832/986 1026/1867/1033
f 1027/1868/1034 1008/1869/1015 1028/1870/1035
f 867/1540/872 962/1735/967 882/1563/887
f 1028/1870/1035 1029/1871/1036 1027/1868/1034
f 1027/1868/1034 1029/1871/1036 1030/1872/1037
f 1008/1873/1015 1029/1874/1036 1028/1875/1035
f 1008/1873/1015 1031/1876/1038 1029/1874/1036
f 1029/1871/1036 1032/1877/1039 1030/1872/1037
f 1029/1871/1036 1031/1878/1038 1032/1877/1039
f 753/1468/755 1033/1879/1040 832/1466/834
f 448/769/450 822/1449/824 952/1880/957
f 965/1881/970 1034/1882/1041 964/1883/969
f 964/1841/969 1035/1884/1042 1012/1842/1019
f 915/1795/920 993/1885/1000 991/1793/998
f 692/1886/694 992/1887/999 823/1745/825
f 968/1847/973 834/1888/836 1036/1889/1043
f 918/1645/923 904/1612/909 758/1611/760
f 849/1890/851 1037/1891/1044 939/1892/944
f 957/1724/962 1038/1893/1045 971/1756/976
f 957/1724/962 973/1761/978 1038/1893/1045
f 997/1809/1004 998/1894/1005 973/1761/978
f 997/1810/1004 920/1648/925 998/1895/1005
f 998/1811/1005 1016/1851/1023 893/1586/898
f 1016/1896/1023 972/1897/977 974/1898/979
f 940/1685/945 875/1899/880 794/1626/796
f 1003/1900/1010 1039/1901/1046 940/1902/945
f 928/1662/933 1024/1865/1031 1002/1859/1009
f 1021/1861/1028 1022/1862/1029 1040/1903/1047
f 1022/1862/1029 1041/1904/1048 1040/1903/1047
f 1004/1821/1011 979/1820/984 1005/1825/1012
f 1004/1821/1011 1005/1825/1012 1023/1864/1030
f 1023/1864/1030 1005/1825/1012 959/1827/964
f 814/1780/816 924/1905/929 1009/1834/1016
f 1008/1906/1015 1042/1907/1049 981/1832/986
f 945/1863/950 1043/1908/1050 1008/1909/1015
f 946/1693/951 984/1910/989 1044/1911/1051
f 867/1540/872 941/1688/946 962/1735/967
f 1045/1912/1052 1027/1868/1034 1030/1872/1037
f 1008/1909/1015 1046/1913/1053 1031/1914/1038
f 1047/1915/1054 1032/1916/1039 1031/1914/1038
f 800/1457/802 778/1371/780 1048/1917/1055
f 1049/1918/1056 949/1700/954 930/1665/935
f 884/1919/889 885/1920/890 1050/1921/1057
f 885/1635/890 951/1703/956 1050/1922/1057
f 1035/1923/1042 964/1883/969 1034/1882/1041
f 1034/1882/1041 965/1881/970 1051/1924/1058
f 1051/1925/1058 965/1794/970 991/1793/998
f 993/1797/1000 902/1603/907 1013/1844/1020
f 1052/1926/1059 967/1746/972 823/1745/825
f 1053/1927/1060 876/1615/881 862/1530/867
f 1054/1928/1061 873/1713/878 955/1715/960
f 805/1802/807 906/1929/911 861/1930/866
f 1053/1927/1060 919/1646/924 876/1615/881
f 955/1931/960 858/1752/863 969/1751/974
f 937/1676/942 825/1475/827 1055/1932/1062
f 1055/1932/1062 825/1475/827 904/1612/909
f 1056/1933/1063 920/1648/925 956/1720/961
f 1056/1933/1063 998/1895/1005 920/1648/925
f 1057/1934/1064 973/1761/978 998/1894/1005
f 1058/1935/1065 999/1936/1006 975/1937/980
f 1059/1938/1066 1058/1935/1065 975/1937/980
f 975/1853/980 1017/1852/1024 1060/1939/1067
f 976/1765/981 1020/1857/1027 1017/1852/1024
f 1017/1852/1024 1020/1857/1027 1061/1940/1068
f 1060/1939/1067 1017/1852/1024 1062/1941/1069
f 1062/1941/1069 1017/1852/1024 1061/1940/1068
f 1062/1941/1069 1061/1940/1068 1020/1857/1027
f 1018/1942/1025 958/1943/963 810/1944/812
f 1020/1857/1027 1002/1858/1009 1063/1945/1070
f 875/1946/880 940/1947/945 1039/1948/1046
f 1064/1949/1071 1003/1900/1010 1021/1950/1028
f 1000/1814/1007 941/1951/946 895/1815/900
f 1001/1816/1008 819/1686/821 911/1774/916
f 1065/1952/1072 1006/1830/1013 1066/1953/1073
f 1065/1952/1072 959/1954/964 1006/1830/1013
f 1066/1953/1073 1006/1830/1013 1026/1867/1033
f 1067/1955/1074 1026/1867/1033 981/1832/986
f 1067/1955/1074 981/1832/986 1042/1907/1049
f 982/1775/987 946/1693/951 1044/1911/1051
f 1068/1956/1075 1008/1869/1015 1027/1868/1034
f 1069/1957/1076 1046/1913/1053 1008/1909/1015
f 1069/1957/1076 1008/1909/1015 1043/1908/1050
f 1069/1957/1076 1043/1908/1050 945/1863/950
f 1045/1912/1052 1070/1958/1077 1027/1868/1034
f 1069/1957/1076 1031/1914/1038 1046/1913/1053
f 1030/1872/1037 1071/1959/1078 1045/1912/1052
f 1032/1877/1039 1071/1959/1078 1030/1872/1037
f 962/1735/967 1049/1960/1056 986/1779/991
f 1010/1835/1017 1072/1961/1079 963/1736/968
f 1010/1835/1017 949/1700/954 1072/1961/1079
f 1011/1836/1018 1033/1879/1040 753/1468/755
f 832/1466/834 1033/1879/1040 886/1572/891
f 953/1962/958 914/1843/919 1073/1963/1080
f 1035/1923/1042 1034/1882/1041 1051/1924/1058
f 1012/1842/1019 1073/1963/1080 914/1843/919
f 992/1887/999 1052/1926/1059 823/1745/825
f 916/1638/921 1074/1964/1081 824/1451/826
f 1014/1849/1021 873/1713/878 1054/1928/1061
f 1075/1965/1082 848/1966/850 939/1967/944
f 1056/1968/1063 1016/1969/1023 998/1970/1005
f 1056/1971/1063 1059/1938/1066 1016/1896/1023
f 1059/1938/1066 1076/1972/1083 1016/1896/1023
f 972/1897/977 1016/1896/1023 1076/1972/1083
f 1059/1938/1066 975/1937/980 1076/1972/1083
f 922/1973/927 1001/1974/1008 1077/1975/1084
f 1062/1941/1069 1020/1857/1027 1078/1976/1085
f 1003/1900/1010 1064/1949/1071 1039/1901/1046
f 1021/1950/1028 1079/1977/1086 1064/1949/1071
f 1023/1978/1030 1080/1979/1087 1022/1980/1029
f 1019/1856/1026 1081/1981/1088 945/1863/950
f 1082/1982/1089 1083/1983/1090 1084/1984/1091
f 1084/1985/1091 1080/1979/1087 1082/1986/1089
f 1023/1978/1030 1085/1987/1092 1080/1979/1087
f 1023/1978/1030 1025/1988/1032 1085/1987/1092
f 1085/1989/1092 1025/1990/1032 1086/1991/1093
f 1025/1866/1032 959/1827/964 1086/1992/1093
f 1065/1952/1072 1066/1953/1073 1087/1993/1094
f 959/1994/964 1088/1995/1095 1086/1991/1093
f 1066/1953/1073 1026/1867/1033 1087/1993/1094
f 1026/1867/1033 1067/1955/1074 1087/1993/1094
f 1042/1996/1049 1008/1997/1015 1068/1998/1075
f 1027/1868/1034 1089/1999/1096 1068/1956/1075
f 1070/1958/1077 1089/1999/1096 1027/1868/1034
f 1031/1914/1038 1069/1957/1076 1047/1915/1054
f 1045/1912/1052 1090/2000/1097 1070/1958/1077
f 1071/1959/1078 1090/2000/1097 1045/1912/1052
f 1047/1915/1054 1091/2001/1098 1032/1916/1039
f 778/1371/780 884/1568/889 1048/1917/1055
f 1032/1916/1039 1091/2001/1098 1071/2002/1078
f 963/1782/968 1072/2003/1079 985/1778/990
f 605/1576/607 888/1575/893 889/2004/894
f 1035/1884/1042 1092/2005/1099 1012/1842/1019
f 1012/1842/1019 1092/2005/1099 991/1793/998
f 1051/1925/1058 991/1793/998 1092/2005/1099
f 991/1793/998 1073/1963/1080 1012/1842/1019
f 834/1605/836 903/1607/908 1036/2006/1043
f 970/1753/975 1093/2007/1100 859/1606/864
f 919/1646/924 1053/1927/1060 1094/2008/1101
f 780/2009/782 996/2010/1003 863/2011/868
f 795/2012/797 1095/2013/1102 849/1890/851
f 939/1892/944 1037/1891/1044 1096/2014/1103
f 1038/2015/1045 1097/2016/1104 971/2017/976
f 973/1761/978 1057/1934/1064 1038/1893/1045
f 1038/2015/1045 1057/2018/1064 1097/2016/1104
f 919/1646/924 1094/2008/1101 1019/2019/1026
f 998/2020/1005 1015/2021/1022 1057/2022/1064
f 848/1966/850 872/2023/877 803/2024/805
f 1076/2025/1083 975/1853/980 1078/1976/1085
f 848/1966/850 1075/1965/1082 872/2023/877
f 999/1936/1006 1058/1935/1065 1098/2026/1105
f 975/1853/980 1060/1939/1067 1078/1976/1085
f 1060/1939/1067 1062/1941/1069 1078/1976/1085
f 1063/2027/1070 1002/1859/1009 1024/1865/1031
f 1099/2028/1106 881/1730/886 958/1729/963
f 1099/2028/1106 1100/2029/1107 881/1730/886
f 1101/2030/1108 1039/1901/1046 1064/1949/1071
f 1102/2031/1109 1064/1949/1071 1079/1977/1086
f 1079/2032/1086 1021/1861/1028 1040/1903/1047
f 1040/1903/1047 1041/1904/1048 1079/2032/1086
f 1079/2032/1086 1041/1904/1048 1103/2033/1110
f 1103/2034/1110 1041/2035/1048 1022/2036/1029
f 1103/2034/1110 1022/2036/1029 1104/2037/1111
f 1105/2038/1112 898/1598/903 881/1629/886
f 1084/1985/1091 1104/2039/1111 1080/1979/1087
f 1104/2037/1111 1022/2036/1029 1080/2040/1087
f 1083/1983/1090 1082/1982/1089 1106/2041/1113
f 1085/1987/1092 1082/1986/1089 1080/1979/1087
f 1106/2042/1113 1082/2043/1089 1085/1989/1092
f 1106/2042/1113 1085/1989/1092 1086/1991/1093
f 1024/1865/1031 982/1775/987 1044/1911/1051
f 1087/1993/1094 1107/2044/1114 1065/1952/1072
f 1088/2045/1095 1065/1952/1072 1107/2044/1114
f 1065/1952/1072 1088/2045/1095 959/1954/964
f 1067/1955/1074 1107/2044/1114 1087/1993/1094
f 1081/1981/1088 1069/1957/1076 945/1863/950
f 1089/2046/1096 1108/2047/1115 1068/2048/1075
f 1089/1999/1096 1070/1958/1077 1109/2049/1116
f 1089/2046/1096 1109/2050/1116 1108/2047/1115
f 1070/1958/1077 1110/2051/1117 1109/2049/1116
f 1109/2052/1116 1110/2053/1117 1108/2054/1115
f 1111/2055/1118 1108/2047/1115 1047/1915/1054
f 1111/2055/1118 1047/1915/1054 1069/1957/1076
f 984/1777/989 985/1778/990 1112/2056/1119
f 1070/1958/1077 1090/2000/1097 1110/2051/1117
f 1110/2053/1117 1113/2057/1120 1108/2054/1115
f 1047/1915/1054 1108/2047/1115 1113/2058/1120
f 1110/2053/1117 1090/2059/1097 1114/2060/1121
f 1114/2060/1121 1090/2059/1097 1071/2061/1078
f 1114/2060/1121 1071/2061/1078 1115/2062/1122
f 1113/2058/1120 1091/2001/1098 1047/1915/1054
f 1113/2057/1120 1116/2063/1123 1091/2064/1098
f 1116/2063/1123 1071/2061/1078 1091/2064/1098
f 1115/2062/1122 1071/2061/1078 1116/2063/1123
f 941/1688/946 1049/1960/1056 962/1735/967
f 1049/1960/1056 930/1667/935 986/1779/991
f 1117/2065/1124 950/1701/955 987/1785/992
f 951/2066/956 950/1701/955 1117/2065/1124
f 988/2067/993 718/2068/720 887/2069/892
f 1073/1963/1080 991/1793/998 1118/2070/1125
f 1118/2071/1125 991/2072/998 1013/2073/1020
f 991/2072/998 993/2074/1000 1013/2073/1020
f 967/1800/972 938/1677/943 954/1712/959
f 1119/2075/1126 995/1801/1002 891/1803/896
f 1093/2007/1100 1120/2076/1127 859/1606/864
f 1121/2077/1128 955/1931/960 969/1751/974
f 1055/2078/1062 904/2079/909 1122/2080/1129
f 1096/2014/1103 1037/1891/1044 1123/2081/1130
f 1097/2016/1104 1124/2082/1131 971/2017/976
f 1125/2083/1132 956/2084/961 971/2017/976
f 1096/2014/1103 1075/2085/1082 939/1892/944
f 824/1717/826 1126/2086/1133 892/1585/897
f 1015/2021/1022 999/2087/1006 1098/2088/1105
f 1127/2089/1134 1058/1935/1065 1059/1938/1066
f 1126/2090/1133 1018/1942/1025 892/2091/897
f 875/1946/880 1128/2092/1135 1129/2093/1136
f 1130/2094/1137 917/1722/922 872/2095/877
f 875/1946/880 1039/1948/1046 1128/2092/1135
f 1101/2030/1108 1064/1949/1071 1131/2096/1138
f 1039/1948/1046 1101/2097/1108 1132/2098/1139
f 1079/1977/1086 1103/2099/1110 1102/2031/1109
f 1100/2100/1107 1105/2038/1112 881/1629/886
f 1103/2034/1110 1104/2037/1111 1133/2101/1140
f 1104/2037/1111 1134/2102/1141 1133/2101/1140
f 1084/1984/1091 1083/1983/1090 1135/2103/1142
f 1104/2037/1111 1084/2104/1091 1136/2105/1143
f 1068/2048/1075 1108/2047/1115 1137/2106/1144
f 1108/2047/1115 1111/2055/1118 1137/2106/1144
f 1110/2053/1117 1114/2060/1121 1113/2057/1120
f 1115/2062/1122 1116/2063/1123 1114/2060/1121
f 1114/2060/1121 1116/2063/1123 1113/2057/1120
f 1009/2107/1016 1138/2108/1145 911/2109/916
f 559/971/561 900/1600/905 1139/2110/1146
f 1051/1925/1058 1092/2005/1099 1035/1884/1042
f 889/2111/894 1140/2112/1147 992/1887/999
f 1119/2075/1126 891/1803/896 1141/2113/1148
f 995/1801/1002 906/1929/911 805/1802/807
f 922/1683/927 1077/2114/1084 905/1684/910
f 849/1890/851 1095/2013/1102 1037/1891/1044
f 971/2017/976 1124/2082/1131 1125/2083/1132
f 956/2084/961 1125/2083/1132 1056/2115/1063
f 972/1807/977 1142/2116/1149 918/1808/923
f 972/1807/977 1076/2117/1083 1142/2116/1149
f 1057/2022/1064 1015/2021/1022 1143/2118/1150
f 1076/2117/1083 1078/2119/1085 1142/2116/1149
f 1015/2021/1022 1144/2120/1151 1143/2118/1150
f 1015/2021/1022 1098/2088/1105 1144/2120/1151
f 1127/2089/1134 1145/2121/1152 1058/1935/1065
f 1145/2122/1152 1098/2088/1105 1058/2123/1065
f 917/1722/922 1130/2094/1137 924/1723/929
f 1130/2094/1137 1146/2124/1153 924/1723/929
f 1132/2098/1139 1128/2092/1135 1039/1948/1046
f 1101/2097/1108 1131/2125/1138 1132/2098/1139
f 1102/2126/1109 1103/2034/1110 1147/2127/1154
f 1135/2128/1142 1136/2105/1143 1084/2104/1091
f 1136/2105/1143 1134/2102/1141 1104/2037/1111
f 1106/2042/1113 1135/2128/1142 1083/2129/1090
f 1106/2042/1113 1136/2105/1143 1135/2128/1142
f 1136/2105/1143 1106/2042/1113 1134/2102/1141
f 1088/1995/1095 1148/2130/1155 1086/1991/1093
f 1107/2131/1114 1149/2132/1156 1088/2133/1095
f 1067/1955/1074 1149/2134/1156 1107/2044/1114
f 984/1910/989 1150/2135/1157 1044/1911/1051
f 984/1777/989 1112/2056/1119 1150/2136/1157
f 911/2137/916 1138/2138/1145 1151/2139/1158
f 884/1919/889 1050/1921/1057 1048/2140/1055
f 1033/1879/1040 1011/1836/1018 1152/2141/1159
f 953/1962/958 1073/1963/1080 1153/2142/1160
f 1073/2143/1080 1118/2144/1125 1153/2145/1160
f 1118/2071/1125 1013/2073/1020 1154/2146/1161
f 938/1677/943 967/1800/972 1155/2147/1162
f 903/2148/908 1156/2149/1163 1036/1889/1043
f 891/1803/896 1014/2150/1021 1141/2113/1148
f 995/1801/1002 1157/2151/1164 906/1929/911
f 955/1715/960 1121/2152/1128 1054/1928/1061
f 904/2079/909 918/2153/923 1122/2080/1129
f 1074/2154/1081 1126/2155/1133 824/2156/826
f 969/1751/974 1158/2157/1165 1121/2077/1128
f 1037/1891/1044 1159/2158/1166 1123/2081/1130
f 764/2159/766 1160/2160/1167 996/2010/1003
f 1125/2083/1132 1127/2161/1134 1056/2115/1063
f 1056/2115/1063 1127/2161/1134 1059/2162/1066
f 1057/2022/1064 1143/2118/1150 1161/2163/1168
f 1078/2119/1085 1162/2164/1169 1142/2116/1149
f 1018/1942/1025 1126/2090/1133 958/1943/963
f 1103/2034/1110 1133/2101/1140 1147/2127/1154
f 898/1598/903 1105/2038/1112 987/1783/992
f 1067/2165/1074 1042/2166/1049 1149/2167/1156
f 1044/1911/1051 1163/2168/1170 1024/1865/1031
f 1068/1998/1075 1164/2169/1171 1042/1996/1049
f 1137/2170/1144 1165/2171/1172 1068/2172/1075
f 1137/2170/1144 1111/2173/1118 1165/2171/1172
f 949/1700/954 1166/2174/1173 1072/1961/1079
f 941/1688/946 1167/2175/1174 1049/1960/1056
f 911/2137/916 1151/2139/1158 1001/2176/1008
f 1117/2065/1124 987/1785/992 1168/2177/1175
f 625/1097/627 856/1519/861 1169/2178/1176
f 1170/2179/1177 822/1710/824 953/1709/958
f 741/1301/743 1171/2180/1178 856/1519/861
f 1170/2179/1177 953/1709/958 1172/2181/1179
f 953/2182/958 1153/2145/1160 1172/2183/1179
f 968/1847/973 1036/1889/1043 1173/2184/1180
f 1119/2075/1126 1174/2185/1181 995/1801/1002
f 1119/2075/1126 1141/2113/1148 1174/2185/1181
f 1123/2081/1130 1159/2158/1166 1096/2014/1103
f 875/2186/880 1175/2187/1182 890/2188/895
f 1124/2189/1131 1176/2190/1183 1125/2191/1132
f 1097/2016/1104 1057/2018/1064 1177/2192/1184
f 1143/2118/1150 1178/2193/1185 1161/2163/1168
f 1145/2122/1152 1179/2194/1186 1098/2088/1105
f 875/1946/880 1129/2093/1136 1175/2195/1182
f 958/1943/963 1126/2090/1133 1099/2196/1106
f 872/2023/877 1075/1965/1082 1180/2197/1187
f 872/2095/877 1146/2124/1153 1130/2094/1137
f 872/2095/877 1180/2198/1187 1146/2124/1153
f 1064/1949/1071 1102/2031/1109 1181/2199/1188
f 1102/2126/1109 1147/2127/1154 1181/2200/1188
f 1133/2101/1140 1182/2201/1189 1147/2127/1154
f 1134/2102/1141 1182/2201/1189 1133/2101/1140
f 1134/2102/1141 1106/2042/1113 1183/2202/1190
f 1149/2132/1156 1042/2203/1049 1088/2133/1095
f 924/1905/929 1184/2204/1191 1009/1834/1016
f 1044/1911/1051 1150/2135/1157 1163/2168/1170
f 1165/2171/1172 1164/2205/1171 1068/2172/1075
f 941/2206/946 1185/2207/1192 1167/2208/1174
f 966/2209/971 936/2210/941 1186/2211/1193
f 755/1845/757 968/1847/973 994/2212/1001
f 1036/1889/1043 1187/2213/1194 1173/2184/1180
f 938/1677/943 1155/2147/1162 862/1530/867
f 995/1801/1002 1174/2185/1181 1157/2151/1164
f 1055/2214/1062 1188/2215/1195 937/2216/942
f 1189/2217/1196 1159/2158/1166 1037/1891/1044
f 1159/2158/1166 1189/2217/1196 1190/2218/1197
f 1159/2158/1166 1190/2218/1197 1096/2014/1103
f 1176/2219/1183 1191/2220/1198 1125/2221/1132
f 1057/2018/1064 1161/2222/1168 1177/2192/1184
f 1127/2223/1134 1125/2221/1132 1192/2224/1199
f 918/2225/923 1142/2226/1149 1193/2227/1200
f 1075/2228/1082 1096/2229/1103 1194/2230/1201
f 1142/2116/1149 1162/2164/1169 1193/2231/1200
f 1143/2118/1150 1195/2232/1202 1178/2193/1185
f 1127/2223/1134 1192/2224/1199 1196/2233/1203
f 1143/2118/1150 1144/2120/1151 1195/2232/1202
f 1098/2088/1105 1179/2194/1186 1144/2120/1151
f 1127/2223/1134 1196/2233/1203 1145/2234/1152
f 1145/2234/1152 1196/2233/1203 1179/2235/1186
f 1020/1857/1027 1063/1945/1070 1078/1976/1085
f 1064/1949/1071 1181/2199/1188 1197/2236/1204
f 1064/2237/1071 1197/2238/1204 1131/2125/1138
f 1147/2127/1154 1198/2239/1205 1181/2200/1188
f 1147/2127/1154 1182/2201/1189 1198/2239/1205
f 1132/2098/1139 1131/2125/1138 1199/2240/1206
f 1132/2098/1139 1199/2240/1206 1128/2092/1135
f 1131/2125/1138 1200/2241/1207 1199/2240/1206
f 1134/2102/1141 1183/2202/1190 1182/2201/1189
f 1081/1981/1088 1019/1856/1026 1201/2242/1208
f 1106/2042/1113 1086/1991/1093 1183/2202/1190
f 1086/1991/1093 1148/2130/1155 1183/2202/1190
f 1088/2133/1095 1202/2243/1209 1203/2244/1210
f 1088/2133/1095 1203/2244/1210 1148/2245/1155
f 1201/2246/1208 1204/2247/1211 1081/2248/1088
f 924/1723/929 1205/2249/1212 1184/2250/1191
f 1088/2133/1095 1206/2251/1213 1202/2243/1209
f 1042/2203/1049 1206/2251/1213 1088/2133/1095
f 1042/2252/1049 1164/2253/1171 1206/2254/1213
f 1204/2247/1211 1207/2255/1214 1081/2248/1088
f 1069/2256/1076 1207/2255/1214 1111/2173/1118
f 1081/2248/1088 1207/2255/1214 1069/2256/1076
f 1049/2257/1056 1208/2258/1215 949/2259/954
f 1168/2177/1175 951/2066/956 1117/2065/1124
f 559/971/561 1139/2110/1146 888/1575/893
f 903/2148/908 1209/2260/1216 1156/2149/1163
f 903/1607/908 859/1606/864 1120/2076/1127
f 863/2011/868 996/2010/1003 1210/2261/1217
f 1211/2262/1218 1126/2155/1133 1074/2154/1081
f 1212/2263/1219 1037/1891/1044 1095/2013/1102
f 1189/2217/1196 1037/1891/1044 1212/2263/1219
f 1213/2264/1220 1097/2016/1104 1214/2265/1221
f 1213/2264/1220 1124/2082/1131 1097/2016/1104
f 1215/2266/1222 1216/2267/1223 1124/2189/1131
f 1216/2267/1223 1176/2190/1183 1124/2189/1131
f 1214/2265/1221 1097/2016/1104 1217/2268/1224
f 1097/2016/1104 1177/2192/1184 1217/2268/1224
f 1217/2269/1224 1177/2270/1184 1215/2266/1222
f 1215/2266/1222 1177/2270/1184 1161/2271/1168
f 1215/2266/1222 1161/2271/1168 1216/2267/1223
f 1218/2272/1225 1192/2224/1199 1125/2221/1132
f 1190/2218/1197 1194/2273/1201 1096/2014/1103
f 1192/2274/1199 1219/2275/1226 1196/2276/1203
f 1219/2277/1226 1179/2278/1186 1196/2279/1203
f 1063/2027/1070 1024/1865/1031 1220/2280/1227
f 1200/2241/1207 1131/2125/1138 1197/2238/1204
f 1198/2239/1205 1182/2201/1189 1221/2281/1228
f 1180/2197/1187 1075/1965/1082 1222/2282/1229
f 1223/2283/1230 941/2284/946 1000/2285/1007
f 1224/2286/1231 1199/2240/1206 1200/2241/1207
f 1225/2287/1232 1105/2038/1112 1100/2100/1107
f 1224/2286/1231 1128/2092/1135 1199/2240/1206
f 1205/2249/1212 924/1723/929 1146/2124/1153
f 1203/2288/1210 1226/2289/1233 1148/2290/1155
f 1202/2243/1209 1226/2291/1233 1203/2244/1210
f 1227/2292/1234 1204/2293/1211 1201/2294/1208
f 1206/2251/1213 1226/2291/1233 1202/2243/1209
f 1206/2295/1213 1164/2296/1171 1226/2289/1233
f 1204/2247/1211 1228/2297/1235 1207/2255/1214
f 1229/2298/1236 1228/2297/1235 1164/2205/1171
f 1229/2298/1236 1207/2255/1214 1228/2297/1235
f 1229/2298/1236 1165/2171/1172 1111/2173/1118
f 1229/2298/1236 1111/2173/1118 1207/2255/1214
f 1166/2299/1173 949/2300/954 1208/2301/1215
f 1167/2208/1174 1208/2301/1215 1049/2302/1056
f 1230/2303/1237 1050/1922/1057 951/1703/956
f 1231/2304/1238 700/1787/702 988/1786/993
f 1232/2305/1239 992/1887/999 1233/2306/1240
f 1234/2307/1241 916/2308/921 966/2209/971
f 1173/2184/1180 994/2212/1001 968/1847/973
f 1232/2305/1239 1052/1926/1059 992/1887/999
f 967/1746/972 1052/1926/1059 1235/2309/1242
f 1036/1889/1043 1156/2149/1163 1187/2213/1194
f 863/2011/868 1210/2261/1217 1236/2310/1243
f 863/2011/868 1236/2310/1243 1237/2311/1244
f 863/2312/868 1237/2313/1244 795/2012/797
f 1213/2314/1220 1214/2315/1221 1215/2266/1222
f 1213/2314/1220 1215/2266/1222 1124/2189/1131
f 1191/2220/1198 1218/2272/1225 1125/2221/1132
f 1189/2217/1196 1194/2273/1201 1190/2218/1197
f 1214/2315/1221 1217/2269/1224 1215/2266/1222
f 1216/2316/1223 1161/2163/1168 1238/2317/1245
f 1239/2318/1246 1240/2319/1247 1192/2320/1199
f 1239/2318/1246 1192/2320/1199 1218/2321/1225
f 1161/2163/1168 1178/2193/1185 1195/2232/1202
f 1161/2163/1168 1195/2232/1202 1238/2317/1245
f 1238/2317/1245 1179/2194/1186 1240/2322/1247
f 1240/2319/1247 1179/2278/1186 1219/2277/1226
f 1240/2319/1247 1219/2277/1226 1192/2320/1199
f 1162/2323/1169 1078/1976/1085 1241/2324/1248
f 1078/1976/1085 1063/1945/1070 1241/2324/1248
f 890/2325/895 1175/2195/1182 1242/2326/1249
f 1181/2199/1188 1243/2327/1250 1197/2236/1204
f 1198/2239/1205 1221/2281/1228 1181/2200/1188
f 1128/2092/1135 1224/2286/1231 1244/2328/1251
f 1019/1856/1026 1245/2329/1252 1201/2242/1208
f 1225/2287/1232 987/1783/992 1105/2038/1112
f 1246/2330/1253 1148/2290/1155 1226/2289/1233
f 1226/2289/1233 1247/2331/1254 1246/2330/1253
f 1226/2289/1233 1164/2296/1171 1247/2331/1254
f 1024/1865/1031 1163/2168/1170 1248/2332/1255
f 1229/2298/1236 1164/2205/1171 1165/2171/1172
f 887/2069/892 1249/2333/1256 988/2067/993
f 889/2004/894 888/1575/893 1250/2334/1257
f 1153/2145/1160 1118/2144/1125 1251/2335/1258
f 1140/2112/1147 1233/2306/1240 992/1887/999
f 967/1746/972 1235/2309/1242 1155/2336/1162
f 1054/1928/1061 1252/2337/1259 1253/2338/1260
f 795/2012/797 1237/2313/1244 1095/2013/1102
f 1188/2215/1195 1055/2214/1062 1122/2339/1129
f 1122/2339/1129 1254/2340/1261 1188/2215/1195
f 1238/2317/1245 1255/2341/1262 1216/2316/1223
f 1239/2318/1246 1218/2321/1225 1256/2342/1263
f 1240/2322/1247 1255/2341/1262 1238/2317/1245
f 1240/2319/1247 1256/2342/1263 1255/2343/1262
f 1239/2318/1246 1256/2342/1263 1240/2319/1247
f 1195/2232/1202 1179/2194/1186 1238/2317/1245
f 1257/2344/1264 1179/2194/1186 1195/2232/1202
f 1195/2232/1202 1144/2120/1151 1257/2344/1264
f 1144/2120/1151 1179/2194/1186 1257/2344/1264
f 890/1804/895 1158/2157/1165 969/1751/974
f 1019/2345/1026 1094/2346/1101 1258/2347/1265
f 1019/2345/1026 1258/2347/1265 1245/2348/1252
f 1181/2349/1188 1259/2350/1266 1243/2351/1250
f 1181/2200/1188 1221/2281/1228 1259/2352/1266
f 1075/2228/1082 1194/2230/1201 1260/2353/1267
f 1197/2238/1204 1261/2354/1268 1200/2241/1207
f 1182/2201/1189 1262/2355/1269 1221/2281/1228
f 1075/2228/1082 1260/2353/1267 1222/2356/1229
f 1200/2241/1207 1261/2354/1268 1224/2286/1231
f 1128/2092/1135 1263/2357/1270 1129/2093/1136
f 1128/2092/1135 1244/2328/1251 1263/2357/1270
f 1183/2358/1190 1264/2359/1271 1262/2360/1269
f 1183/2358/1190 1262/2360/1269 1182/2361/1189
f 1201/2294/1208 1245/2362/1252 1227/2292/1234
f 1183/2358/1190 1148/2290/1155 1264/2359/1271
f 1164/2296/1171 1265/2363/1272 1247/2331/1254
f 1164/2296/1171 1228/2364/1235 1265/2363/1272
f 1163/2168/1170 1150/2135/1157 1248/2332/1255
f 1112/2056/1119 1266/2365/1273 1150/2136/1157
f 985/1778/990 1266/2365/1273 1112/2056/1119
f 985/1778/990 1267/2366/1274 1266/2365/1273
f 1184/2367/1191 1268/2368/1275 1009/2107/1016
f 886/1572/891 1249/2369/1256 887/1573/892
f 741/1301/743 847/1498/849 1171/2180/1178
f 1153/2145/1160 1251/2335/1258 1172/2183/1179
f 700/2370/702 1186/2371/1193 936/2372/941
f 1232/2305/1239 1235/2309/1242 1052/1926/1059
f 862/1530/867 1155/2147/1162 1269/2373/1276
f 1188/2215/1195 1270/2374/1277 937/2216/942
f 1121/2152/1128 1252/2337/1259 1054/1928/1061
f 1121/2152/1128 1271/2375/1278 1252/2337/1259
f 1254/2340/1261 1272/2376/1279 1188/2215/1195
f 1254/2340/1261 1122/2339/1129 1272/2376/1279
f 851/1813/853 906/1929/911 1000/1814/1007
f 918/2225/923 1193/2227/1200 1273/2377/1280
f 1216/2267/1223 1274/2378/1281 1176/2190/1183
f 1176/2379/1183 1274/2380/1281 1191/2381/1198
f 996/2010/1003 1160/2160/1167 1210/2261/1217
f 1193/2227/1200 1162/2382/1169 1275/2383/1282
f 764/2159/766 977/2384/982 1160/2160/1167
f 1197/2238/1204 1243/2385/1250 1261/2354/1268
f 1001/1974/1008 1276/2386/1283 1077/1975/1084
f 1224/2286/1231 1277/2387/1284 1244/2328/1251
f 1263/2357/1270 1278/2388/1285 1129/2093/1136
f 1244/2328/1251 1278/2388/1285 1263/2357/1270
f 1264/2359/1271 1148/2290/1155 1279/2389/1286
f 1227/2292/1234 1245/2362/1252 1204/2293/1211
f 1246/2330/1253 1279/2389/1286 1148/2290/1155
f 1146/2124/1153 1180/2198/1187 1205/2249/1212
f 1246/2330/1253 1265/2363/1272 1280/2390/1287
f 1246/2330/1253 1247/2331/1254 1265/2363/1272
f 1001/2391/1008 1151/2392/1158 1276/2393/1283
f 1072/2003/1079 1267/2366/1274 985/1778/990
f 1009/2107/1016 1268/2368/1275 1138/2108/1145
f 1152/2141/1159 1011/1836/1018 1281/2394/1288
f 625/1097/627 1282/2395/1289 900/1600/905
f 625/1097/627 1169/2178/1176 1282/2395/1289
f 1233/2306/1240 1140/2112/1147 1283/2396/1290
f 1232/2305/1239 1233/2306/1240 1283/2396/1290
f 1173/2184/1180 1187/2213/1194 994/2212/1001
f 857/2397/862 937/2398/942 1284/2399/1291
f 1094/2008/1101 1053/1927/1060 1285/2400/1292
f 1157/2151/1164 1286/2401/1293 906/1929/911
f 1054/1928/1061 1253/2338/1260 1014/1849/1021
f 1094/2008/1101 1285/2400/1292 1258/2402/1265
f 1216/2267/1223 1287/2403/1294 1274/2378/1281
f 1273/2404/1280 1218/2405/1225 1191/2381/1198
f 1193/2227/1200 1218/2321/1225 1273/2377/1280
f 1216/2316/1223 1288/2406/1295 1287/2407/1294
f 1255/2341/1262 1288/2406/1295 1216/2316/1223
f 1256/2342/1263 1288/2408/1295 1255/2343/1262
f 1218/2321/1225 1275/2383/1282 1256/2342/1263
f 1256/2342/1263 1275/2383/1282 1288/2408/1295
f 1193/2227/1200 1275/2383/1282 1218/2321/1225
f 1175/2195/1182 1129/2093/1136 1289/2409/1296
f 1261/2410/1268 1290/2411/1297 1224/2412/1231
f 1220/2280/1227 1024/1865/1031 1291/2413/1298
f 1224/2412/1231 1290/2411/1297 1277/2414/1284
f 1262/2360/1269 1264/2359/1271 1292/2415/1299
f 1278/2388/1285 1244/2328/1251 1293/2416/1300
f 1244/2328/1251 1277/2387/1284 1293/2416/1300
f 1280/2390/1287 1279/2389/1286 1246/2330/1253
f 1204/2293/1211 1294/2417/1301 1295/2418/1302
f 1228/2364/1235 1295/2418/1302 1265/2363/1272
f 1204/2293/1211 1295/2418/1302 1228/2364/1235
f 987/1785/992 1296/2419/1303 1168/2177/1175
f 1184/2367/1191 1297/2420/1304 1268/2368/1275
f 1168/2177/1175 1296/2419/1303 951/2066/956
f 1138/2421/1145 1298/2422/1305 1151/2423/1158
f 1281/2394/1288 1033/1879/1040 1152/2141/1159
f 856/1519/861 1171/2180/1178 1169/2178/1176
f 1156/2149/1163 1209/2260/1216 1187/2213/1194
f 903/2148/908 1120/2424/1127 1209/2260/1216
f 916/2425/921 1299/2426/1306 1074/2427/1081
f 1174/2185/1181 1286/2401/1293 1157/2151/1164
f 1141/2113/1148 1014/2150/1021 1300/2428/1307
f 937/2216/942 1270/2374/1277 1284/2429/1291
f 905/1684/910 1077/2114/1084 1301/2430/1308
f 1236/2310/1243 1210/2261/1217 1302/2431/1309
f 1095/2013/1102 1237/2313/1244 1212/2263/1219
f 1272/2376/1279 1303/2432/1310 1188/2215/1195
f 1122/2339/1129 1303/2432/1310 1272/2376/1279
f 918/2433/923 1273/2404/1280 1122/2339/1129
f 1287/2434/1294 1304/2435/1311 1274/2380/1281
f 1288/2436/1295 1304/2435/1311 1287/2434/1294
f 890/1804/895 1242/2437/1249 1158/2157/1165
f 1175/2195/1182 1289/2409/1296 1242/2326/1249
f 1259/2350/1266 1305/2438/1312 1243/2351/1250
f 1221/2439/1228 1306/2440/1313 1259/2350/1266
f 1243/2351/1250 1305/2438/1312 1261/2410/1268
f 1221/2439/1228 1262/2441/1269 1306/2440/1313
f 1261/2410/1268 1305/2438/1312 1290/2411/1297
f 1262/2441/1269 1307/2442/1314 1306/2440/1313
f 1262/2360/1269 1292/2415/1299 1307/2443/1314
f 1129/2093/1136 1278/2388/1285 1308/2444/1315
f 1264/2359/1271 1279/2389/1286 1292/2415/1299
f 1245/2362/1252 1309/2445/1316 1204/2293/1211
f 1310/2446/1317 1280/2390/1287 1265/2363/1272
f 1310/2446/1317 1265/2363/1272 1295/2418/1302
f 1268/2368/1275 1311/2447/1318 1138/2108/1145
f 1312/2448/1319 1011/1836/1018 541/1837/543
f 1281/2394/1288 886/1572/891 1033/1879/1040
f 1313/2449/1320 1170/2450/1177 1172/2451/1179
f 1313/2449/1320 1172/2451/1179 1251/2452/1258
f 1234/2307/1241 966/2209/971 1186/2211/1193
f 1302/2431/1309 1237/2311/1244 1236/2310/1243
f 1273/2404/1280 1191/2381/1198 1314/2453/1321
f 1274/2380/1281 1314/2453/1321 1191/2381/1198
f 1304/2435/1311 1314/2453/1321 1274/2380/1281
f 1288/2436/1295 1314/2453/1321 1304/2435/1311
f 1275/2383/1282 1314/2454/1321 1288/2408/1295
f 1212/2263/1219 1194/2273/1201 1189/2217/1196
f 1315/2455/1322 1126/2155/1133 1211/2262/1218
f 1158/2456/1165 1242/2457/1249 1316/2458/1323
f 1259/2350/1266 1306/2440/1313 1305/2438/1312
f 1317/2459/1324 1290/2411/1297 1305/2438/1312
f 1306/2440/1313 1317/2459/1324 1305/2438/1312
f 1317/2459/1324 1318/2460/1325 1290/2411/1297
f 1223/2283/1230 1185/2461/1192 941/2284/946
f 1289/2409/1296 1129/2093/1136 1308/2444/1315
f 1319/2462/1326 1293/2463/1300 1277/2414/1284
f 1318/2460/1325 1277/2414/1284 1290/2411/1297
f 1319/2462/1326 1277/2414/1284 1318/2460/1325
f 1291/2413/1298 1024/1865/1031 1248/2332/1255
f 1320/2464/1327 1278/2388/1285 1293/2416/1300
f 1308/2444/1315 1278/2388/1285 1320/2464/1327
f 1294/2417/1301 1204/2293/1211 1309/2445/1316
f 1279/2389/1286 1280/2390/1287 1310/2446/1317
f 800/1457/802 1048/1917/1055 977/2465/982
f 1150/2136/1157 1266/2365/1273 1321/2466/1328
f 1322/2467/1329 1180/2468/1187 1222/2469/1229
f 1180/2468/1187 1322/2467/1329 1205/2470/1212
f 1205/2471/1212 1323/2472/1330 1297/2420/1304
f 1205/2471/1212 1297/2420/1304 1184/2367/1191
f 1138/2108/1145 1311/2447/1318 1324/2473/1331
f 1298/2474/1305 1138/2108/1145 1324/2473/1331
f 541/2475/543 845/2476/847 1312/2477/1319
f 822/2478/824 1170/2450/1177 1313/2449/1320
f 1118/2144/1125 1154/2479/1161 1251/2335/1258
f 1232/2305/1239 1283/2396/1290 1235/2309/1242
f 847/2480/849 994/2212/1001 1187/2213/1194
f 1209/2260/1216 1325/2481/1332 1187/2213/1194
f 857/2397/862 1284/2399/1291 1013/2482/1020
f 1141/2113/1148 1326/2483/1333 1174/2185/1181
f 970/1753/975 905/1684/910 1327/2484/1334
f 1188/2215/1195 1303/2432/1310 1328/2485/1335
f 1122/2339/1129 1329/2486/1336 1303/2432/1310
f 1122/2339/1129 1273/2404/1280 1329/2486/1336
f 1237/2311/1244 1302/2431/1309 1212/2487/1219
f 1330/2488/1337 1314/2453/1321 1331/2489/1338
f 1273/2404/1280 1314/2453/1321 1330/2488/1337
f 1160/2160/1167 977/2384/982 1332/2490/1339
f 1212/2491/1219 1333/2492/1340 1194/2230/1201
f 1306/2440/1313 1307/2442/1314 1317/2459/1324
f 1293/2463/1300 1319/2462/1326 1320/2493/1327
f 1292/2415/1299 1279/2389/1286 1334/2494/1341
f 1279/2389/1286 1310/2446/1317 1334/2494/1341
f 1294/2417/1301 1310/2446/1317 1295/2418/1302
f 1150/2135/1157 1321/2495/1328 1248/2332/1255
f 1225/2287/1232 1296/2496/1303 987/1783/992
f 1166/2497/1173 1267/2366/1274 1072/2003/1079
f 1185/2207/1192 1335/2498/1342 1167/2208/1174
f 1167/2208/1174 1335/2498/1342 1208/2301/1215
f 951/2066/956 1296/2419/1303 1230/2499/1237
f 1151/2423/1158 1298/2422/1305 1336/2500/1343
f 988/2067/993 1337/2501/1344 1231/2502/1238
f 700/2503/702 1231/2504/1238 1186/2505/1193
f 1283/2396/1290 1140/2112/1147 889/2111/894
f 1283/2396/1290 1338/2506/1345 1235/2309/1242
f 862/1530/867 1269/2373/1276 1053/1927/1060
f 1120/2507/1127 1325/2508/1332 1209/2509/1216
f 1174/2185/1181 1326/2483/1333 1286/2401/1293
f 1014/1849/1021 1253/2338/1260 1300/2510/1307
f 1188/2215/1195 1328/2485/1335 1270/2374/1277
f 1303/2432/1310 1329/2486/1336 1328/2485/1335
f 1275/2511/1282 1331/2489/1338 1314/2453/1321
f 1162/2512/1169 1241/2513/1248 1275/2511/1282
f 1126/2090/1133 1315/2514/1322 1099/2196/1106
f 1315/2515/1322 1100/2516/1107 1099/2517/1106
f 1194/2230/1201 1333/2492/1340 1260/2353/1267
f 1308/2444/1315 1339/2518/1346 1289/2409/1296
f 1292/2415/1299 1334/2494/1341 1340/2519/1347
f 1319/2462/1326 1318/2460/1325 1341/2520/1348
f 1319/2462/1326 1341/2520/1348 1320/2493/1327
f 1294/2417/1301 1342/2521/1349 1310/2446/1317
f 1294/2417/1301 1343/2522/1350 1342/2521/1349
f 1151/2523/1158 1344/2524/1351 1276/2525/1283
f 1151/2423/1158 1336/2500/1343 1344/2526/1351
f 1297/2420/1304 1311/2447/1318 1268/2368/1275
f 1323/2472/1330 1345/2527/1352 1311/2447/1318
f 1011/1836/1018 1346/2528/1353 1281/2394/1288
f 952/2529/957 1347/2530/1354 845/2476/847
f 1281/2394/1288 1249/2369/1256 886/1572/891
f 889/2111/894 1250/2531/1257 1283/2396/1290
f 916/2425/921 1234/2532/1241 1348/2533/1355
f 1349/2534/1356 1350/2535/1357 1235/2309/1242
f 1235/2309/1242 1350/2535/1357 1155/2336/1162
f 1325/2481/1332 1351/2536/1358 1187/2213/1194
f 1074/2154/1081 1352/2537/1359 1211/2262/1218
f 1253/2338/1260 1252/2337/1259 1353/2538/1360
f 1328/2485/1335 1329/2486/1336 1354/2539/1361
f 1273/2404/1280 1331/2489/1338 1329/2486/1336
f 1330/2488/1337 1331/2489/1338 1273/2404/1280
f 1212/2540/1219 1302/2541/1309 1333/2542/1340
f 1211/2262/1218 1352/2537/1359 1315/2455/1322
f 1355/2543/1362 1271/2544/1278 1121/2545/1128
f 1121/2545/1128 1158/2546/1165 1355/2543/1362
f 977/2384/982 1356/2547/1363 1332/2490/1339
f 1317/2459/1324 1340/2548/1347 1357/2549/1364
f 1307/2442/1314 1340/2548/1347 1317/2459/1324
f 1317/2459/1324 1357/2549/1364 1318/2460/1325
f 1292/2415/1299 1340/2519/1347 1307/2443/1314
f 1158/2550/1165 1316/2551/1323 1358/2552/1365
f 1308/2553/1315 1359/2554/1366 1339/2555/1346
f 1320/2493/1327 1359/2556/1366 1308/2557/1315
f 1320/2493/1327 1341/2520/1348 1359/2556/1366
f 1334/2494/1341 1310/2446/1317 1360/2558/1367
f 1309/2445/1316 1343/2522/1350 1294/2417/1301
f 1276/2559/1283 1344/2560/1351 1361/2561/1368
f 1311/2447/1318 1297/2420/1304 1323/2472/1330
f 1311/2447/1318 1362/2562/1369 1324/2473/1331
f 1251/2452/1258 1363/2563/1370 1313/2449/1320
f 1251/2452/1258 1364/2564/1371 1363/2563/1370
f 1251/2452/1258 1365/2565/1372 1364/2564/1371
f 1251/2452/1258 1154/2566/1161 1365/2565/1372
f 1186/2211/1193 1366/2567/1373 1234/2307/1241
f 1155/2568/1162 1350/2569/1357 1269/2570/1276
f 970/1753/975 1327/2484/1334 1093/2007/1100
f 905/1684/910 1301/2430/1308 1327/2484/1334
f 1074/2154/1081 1299/2571/1306 1352/2537/1359
f 1270/2374/1277 1367/2572/1374 1284/2429/1291
f 1286/2401/1293 1000/1814/1007 906/1929/911
f 1331/2489/1338 1275/2511/1282 1241/2513/1248
f 1271/2544/1278 1368/2573/1375 1252/2574/1259
f 1260/2353/1267 1333/2492/1340 1369/2575/1376
f 1258/2576/1265 1370/2577/1377 1245/2578/1252
f 1357/2549/1364 1371/2579/1378 1372/2580/1379
f 1357/2549/1364 1372/2580/1379 1318/2460/1325
f 1289/2409/1296 1339/2518/1346 1242/2326/1249
f 1318/2460/1325 1372/2580/1379 1359/2556/1366
f 1340/2519/1347 1334/2494/1341 1371/2581/1378
f 1242/2457/1249 1373/2582/1380 1374/2583/1381
f 1242/2457/1249 1374/2583/1381 1316/2458/1323
f 1318/2460/1325 1359/2556/1366 1341/2520/1348
f 1316/2551/1323 1375/2584/1382 1376/2585/1383
f 1374/2586/1381 1375/2584/1382 1316/2551/1323
f 1374/2586/1381 1377/2587/1384 1375/2584/1382
f 1377/2587/1384 1378/2588/1385 1375/2584/1382
f 1360/2558/1367 1343/2522/1350 1379/2589/1386
f 1310/2446/1317 1380/2590/1387 1360/2558/1367
f 1343/2522/1350 1360/2558/1367 1380/2590/1387
f 1248/2332/1255 1321/2495/1328 1381/2591/1388
f 1310/2446/1317 1382/2592/1389 1380/2590/1387
f 1342/2521/1349 1382/2592/1389 1310/2446/1317
f 1343/2522/1350 1380/2590/1387 1342/2521/1349
f 1342/2521/1349 1380/2590/1387 1382/2592/1389
f 1266/2365/1273 1383/2593/1390 1321/2466/1328
f 1267/2366/1274 1383/2593/1390 1266/2365/1273
f 1324/2473/1331 1336/2594/1343 1298/2474/1305
f 988/2067/993 1249/2333/1256 1337/2501/1344
f 1384/2595/1391 1364/2596/1371 1385/2597/1392
f 1364/2596/1371 1365/2598/1372 1385/2597/1392
f 1269/2570/1276 1386/2599/1393 1053/2600/1060
f 1093/2601/1100 1325/2508/1332 1120/2507/1127
f 1348/2533/1355 1299/2426/1306 916/2425/921
f 1141/2113/1148 1300/2428/1307 1326/2483/1333
f 1253/2338/1260 1353/2538/1360 1300/2510/1307
f 1270/2374/1277 1328/2485/1335 1367/2572/1374
f 1354/2539/1361 1367/2572/1374 1328/2485/1335
f 1331/2489/1338 1354/2539/1361 1329/2486/1336
f 1100/2516/1107 1315/2515/1322 1387/2602/1394
f 1340/2548/1347 1371/2579/1378 1357/2549/1364
f 1242/2457/1249 1388/2603/1395 1373/2582/1380
f 1339/2518/1346 1388/2604/1395 1242/2326/1249
f 1339/2518/1346 1389/2605/1396 1388/2604/1395
f 1371/2581/1378 1334/2494/1341 1360/2558/1367
f 1359/2554/1366 1389/2606/1396 1339/2555/1346
f 1381/2591/1388 1291/2413/1298 1248/2332/1255
f 1343/2522/1350 1309/2445/1316 1379/2589/1386
f 1375/2584/1382 1378/2588/1385 1390/2607/1397
f 1375/2584/1382 1390/2607/1397 1376/2585/1383
f 1208/2301/1215 1391/2608/1398 1166/2299/1173
f 1336/2500/1343 1392/2609/1399 1344/2526/1351
f 1323/2472/1330 1205/2471/1212 1393/2610/1400
f 1324/2473/1331 1394/2611/1401 1336/2594/1343
f 1324/2473/1331 1362/2562/1369 1394/2611/1401
f 1311/2447/1318 1345/2527/1352 1395/2612/1402
f 1311/2447/1318 1395/2612/1402 1362/2562/1369
f 1384/2595/1391 1385/2597/1392 1363/2613/1370
f 1384/2595/1391 1363/2613/1370 1364/2596/1371
f 1365/2598/1372 1154/2614/1161 1396/2615/1403
f 1365/2598/1372 1396/2615/1403 1385/2597/1392
f 1397/2616/1404 1398/2617/1405 1154/2618/1161
f 1338/2506/1345 1349/2534/1356 1235/2309/1242
f 847/2480/849 1187/2213/1194 1399/2619/1406
f 1053/2600/1060 1386/2599/1393 1285/2620/1292
f 1327/2621/1334 1400/2622/1407 1093/2601/1100
f 1353/2623/1360 1252/2574/1259 1401/2624/1408
f 1210/2261/1217 1402/2625/1409 1302/2431/1309
f 1160/2160/1167 1402/2625/1409 1210/2261/1217
f 1302/2626/1309 1369/2575/1376 1333/2492/1340
f 1063/2027/1070 1220/2280/1227 1241/2627/1248
f 1271/2544/1278 1355/2543/1362 1368/2573/1375
f 1370/2577/1377 1309/2628/1316 1245/2578/1252
f 1372/2629/1379 1403/2630/1410 1359/2554/1366
f 1360/2558/1367 1404/2631/1411 1371/2581/1378
f 1359/2554/1366 1405/2632/1412 1389/2606/1396
f 1359/2554/1366 1403/2630/1410 1405/2632/1412
f 1360/2558/1367 1406/2633/1413 1404/2631/1411
f 1309/2628/1316 1406/2634/1413 1379/2635/1386
f 1374/2586/1381 1407/2636/1414 1377/2587/1384
f 1360/2558/1367 1379/2589/1386 1406/2633/1413
f 1377/2587/1384 1407/2636/1414 1378/2588/1385
f 1378/2588/1385 1407/2636/1414 1408/2637/1415
f 1378/2588/1385 1408/2637/1415 1390/2607/1397
f 1316/2551/1323 1409/2638/1416 1358/2552/1365
f 1376/2585/1383 1409/2638/1416 1316/2551/1323
f 1390/2607/1397 1408/2637/1415 1376/2585/1383
f 1408/2637/1415 1409/2638/1416 1376/2585/1383
f 1344/2639/1351 1410/2640/1417 1361/2641/1368
f 1410/2642/1417 1344/2526/1351 1392/2609/1399
f 1205/2471/1212 1411/2643/1418 1393/2610/1400
f 1323/2472/1330 1393/2610/1400 1345/2527/1352
f 1345/2527/1352 1393/2610/1400 1412/2644/1419
f 1362/2562/1369 1395/2612/1402 1394/2611/1401
f 952/2645/957 1413/2646/1420 1347/2647/1354
f 822/2648/824 1413/2646/1420 952/2645/957
f 822/2649/824 1313/2650/1320 1413/2651/1420
f 1313/2650/1320 1363/2613/1370 1414/2652/1421
f 1363/2613/1370 1415/2653/1422 1414/2652/1421
f 1415/2653/1422 1154/2614/1161 1414/2652/1421
f 1154/2614/1161 1416/2654/1423 1396/2615/1403
f 1415/2653/1422 1416/2654/1423 1154/2614/1161
f 847/2480/849 1399/2619/1406 1417/2655/1424
f 1013/2073/1020 1397/2656/1404 1154/2146/1161
f 1285/2400/1292 1418/2657/1425 1258/2402/1265
f 1252/2574/1259 1368/2573/1375 1401/2624/1408
f 1301/2430/1308 1077/2114/1084 1419/2658/1426
f 1077/1975/1084 1276/2386/1283 1419/2659/1426
f 1332/2490/1339 1402/2625/1409 1160/2160/1167
f 1372/2629/1379 1420/2660/1427 1403/2630/1410
f 1371/2581/1378 1404/2631/1411 1420/2661/1427
f 1374/2586/1381 1373/2662/1380 1407/2636/1414
f 1389/2606/1396 1421/2663/1428 1388/2664/1395
f 1389/2606/1396 1422/2665/1429 1421/2663/1428
f 1405/2632/1412 1422/2665/1429 1389/2606/1396
f 1405/2632/1412 1403/2630/1410 1422/2665/1429
f 1296/2496/1303 1225/2287/1232 1423/2666/1430
f 1408/2637/1415 1424/2667/1431 1409/2638/1416
f 1185/2207/1192 1223/2668/1230 1335/2498/1342
f 1336/2500/1343 1425/2669/1432 1392/2609/1399
f 1425/2670/1432 1336/2594/1343 1394/2611/1401
f 1345/2527/1352 1426/2671/1433 1395/2612/1402
f 1282/2672/1289 1427/2673/1434 900/2674/905
f 1154/2614/1161 1428/2675/1435 1414/2652/1421
f 1385/2597/1392 1429/2676/1436 1363/2613/1370
f 1363/2613/1370 1429/2676/1436 1415/2653/1422
f 1385/2597/1392 1396/2615/1403 1429/2676/1436
f 1396/2615/1403 1416/2654/1423 1430/2677/1437
f 1186/2505/1193 1231/2504/1238 1366/2678/1373
f 1013/2482/1020 1431/2679/1438 1397/2680/1404
f 1400/2622/1407 1325/2508/1332 1093/2601/1100
f 1432/2681/1439 1000/1814/1007 1286/2401/1293
f 1302/2626/1309 1402/2682/1409 1369/2575/1376
f 1100/2100/1107 1387/2683/1394 1225/2287/1232
f 1433/2684/1440 1223/2685/1230 1000/2686/1007
f 1372/2580/1379 1371/2579/1378 1420/2687/1427
f 1373/2662/1380 1434/2688/1441 1407/2636/1414
f 1422/2689/1429 1435/2690/1442 1436/2691/1443
f 1424/2667/1431 1437/2692/1444 1409/2638/1416
f 1208/2301/1215 1438/2693/1445 1391/2608/1398
f 1335/2498/1342 1438/2693/1445 1208/2301/1215
f 1358/2552/1365 1409/2638/1416 1437/2692/1444
f 1267/2366/1274 1166/2497/1173 1383/2593/1390
f 1410/2642/1417 1392/2609/1399 1439/2694/1446
f 1296/2419/1303 1423/2695/1430 1230/2499/1237
f 1392/2609/1399 1425/2669/1432 1440/2696/1447
f 1322/2467/1329 1441/2697/1448 1205/2470/1212
f 1205/2698/1212 1441/2699/1448 1411/2700/1418
f 1050/1921/1057 1442/2701/1449 1048/2140/1055
f 1425/2670/1432 1394/2611/1401 1440/2702/1447
f 1281/2394/1288 1443/2703/1450 1249/2369/1256
f 1313/2650/1320 1414/2652/1421 1444/2704/1451
f 1429/2676/1436 1430/2677/1437 1415/2653/1422
f 1415/2653/1422 1430/2677/1437 1416/2654/1423
f 1429/2676/1436 1396/2615/1403 1430/2677/1437
f 1154/2614/1161 1398/2705/1405 1428/2675/1435
f 1269/2570/1276 1350/2569/1357 1445/2706/1452
f 1386/2599/1393 1418/2707/1425 1285/2620/1292
f 1284/2429/1291 1367/2572/1374 1354/2539/1361
f 1331/2489/1338 1241/2513/1248 1354/2539/1361
f 1373/2662/1380 1388/2708/1395 1446/2709/1453
f 1404/2631/1411 1447/2710/1454 1420/2661/1427
f 1404/2711/1411 1448/2712/1455 1447/2713/1454
f 1373/2662/1380 1446/2709/1453 1434/2688/1441
f 1422/2689/1429 1436/2691/1443 1421/2714/1428
f 1435/2690/1442 1422/2689/1429 1449/2715/1456
f 1158/2546/1165 1358/2716/1365 1450/2717/1457
f 1407/2636/1414 1424/2667/1431 1408/2637/1415
f 1407/2636/1414 1434/2688/1441 1424/2667/1431
f 1436/2691/1443 1435/2690/1442 1451/2718/1458
f 1358/2719/1365 1452/2720/1459 1450/2721/1457
f 1453/2722/1460 1454/2723/1461 1455/2724/1462
f 1456/2725/1463 1453/2722/1460 1457/2726/1464
f 1456/2727/1463 1454/2728/1461 1453/2729/1460
f 1456/2727/1463 1457/2730/1464 1458/2731/1465
f 1424/2667/1431 1459/2732/1466 1437/2692/1444
f 1394/2611/1401 1395/2612/1402 1440/2702/1447
f 1460/2733/1467 1442/2701/1449 1050/1921/1057
f 1412/2644/1419 1393/2610/1400 1426/2671/1433
f 1412/2644/1419 1426/2671/1433 1345/2527/1352
f 1411/2643/1418 1461/2734/1468 1393/2610/1400
f 1414/2652/1421 1462/2735/1469 1444/2704/1451
f 847/1498/849 1463/2736/1470 1171/2180/1178
f 1428/2675/1435 1462/2735/1469 1414/2652/1421
f 1338/2506/1345 1464/2737/1471 1349/2534/1356
f 1300/2428/1307 1465/2738/1472 1326/2483/1333
f 1370/2577/1377 1406/2634/1413 1309/2628/1316
f 1158/2546/1165 1450/2717/1457 1355/2543/1362
f 1420/2739/1427 1447/2740/1454 1403/2741/1410
f 1406/2742/1413 1448/2743/1455 1404/2744/1411
f 1433/2745/1440 1466/2746/1473 1223/2668/1230
f 1403/2747/1410 1449/2715/1456 1422/2689/1429
f 1421/2714/1428 1436/2691/1443 1388/2748/1395
f 1436/2749/1443 1467/2750/1474 1388/2751/1395
f 1468/2752/1475 1435/2690/1442 1449/2715/1456
f 1455/2724/1462 1469/2753/1476 1453/2722/1460
f 1470/2754/1477 1457/2726/1464 1471/2755/1478
f 1455/2724/1462 1454/2723/1461 1469/2753/1476
f 1454/2723/1461 1457/2726/1464 1469/2753/1476
f 1453/2722/1460 1469/2753/1476 1457/2726/1464
f 1471/2755/1478 1457/2726/1464 1454/2723/1461
f 1470/2756/1477 1458/2731/1465 1457/2730/1464
f 1470/2756/1477 1472/2757/1479 1458/2731/1465
f 1473/2758/1480 1454/2728/1461 1456/2727/1463
f 1474/2759/1481 1456/2727/1463 1458/2731/1465
f 1391/2608/1398 1438/2693/1445 1335/2498/1342
f 1475/2760/1482 1437/2692/1444 1459/2732/1466
f 1476/2761/1483 1358/2552/1365 1437/2692/1444
f 1477/2762/1484 1439/2694/1446 1392/2609/1399
f 1477/2762/1484 1392/2609/1399 1440/2696/1447
f 1478/2763/1485 1460/2733/1467 1050/1921/1057
f 1346/2528/1353 1011/1836/1018 1312/2448/1319
f 1282/2672/1289 1169/2764/1176 1427/2673/1434
f 1313/2650/1320 1444/2704/1451 1479/2765/1486
f 1462/2735/1469 1428/2675/1435 1398/2705/1405
f 1338/2506/1345 1283/2396/1290 1250/2531/1257
f 1399/2619/1406 1187/2213/1194 1351/2536/1358
f 1480/2766/1487 1400/2622/1407 1327/2621/1334
f 1481/2767/1488 1348/2533/1355 1234/2532/1241
f 1482/2768/1489 1325/2508/1332 1400/2622/1407
f 1327/2621/1334 1301/2769/1308 1483/2770/1490
f 1354/2539/1361 1484/2771/1491 1284/2429/1291
f 1485/2772/1492 1315/2455/1322 1352/2537/1359
f 1401/2624/1408 1368/2573/1375 1355/2543/1362
f 1402/2682/1409 1486/2773/1493 1369/2575/1376
f 1369/2575/1376 1222/2356/1229 1260/2353/1267
f 1487/2774/1494 1276/2559/1283 1410/2775/1417
f 1410/2775/1417 1276/2559/1283 1361/2561/1368
f 1447/2776/1454 1468/2752/1475 1403/2747/1410
f 1403/2747/1410 1468/2752/1475 1449/2715/1456
f 1447/2713/1454 1488/2777/1495 1468/2778/1475
f 1448/2712/1455 1489/2779/1496 1447/2713/1454
f 1447/2713/1454 1489/2779/1496 1488/2777/1495
f 1388/2751/1395 1467/2750/1474 1446/2780/1453
f 1451/2781/1458 1467/2750/1474 1436/2749/1443
f 1468/2752/1475 1490/2782/1497 1435/2690/1442
f 1381/2783/1388 1321/2466/1328 1491/2784/1498
f 1446/2780/1453 1492/2785/1499 1434/2786/1441
f 1424/2667/1431 1434/2688/1441 1492/2787/1499
f 1223/2668/1230 1466/2746/1473 1335/2498/1342
f 1470/2754/1477 1471/2755/1478 1493/2788/1500
f 1471/2755/1478 1494/2789/1501 1493/2788/1500
f 1471/2755/1478 1454/2723/1461 1494/2789/1501
f 1454/2723/1461 1473/2790/1480 1494/2789/1501
f 1391/2608/1398 1335/2498/1342 1466/2746/1473
f 1473/2758/1480 1456/2727/1463 1474/2759/1481
f 1437/2692/1444 1475/2760/1482 1476/2761/1483
f 1222/2791/1229 1495/2792/1502 1322/2793/1329
f 1476/2761/1483 1496/2794/1503 1358/2552/1365
f 1497/2795/1504 1048/2140/1055 1442/2701/1449
f 1498/2796/1505 1395/2612/1402 1426/2671/1433
f 1440/2702/1447 1395/2612/1402 1498/2796/1505
f 1393/2610/1400 1461/2734/1468 1499/2797/1506
f 1413/2651/1420 1313/2650/1320 1479/2765/1486
f 1444/2704/1451 1500/2798/1507 1479/2765/1486
f 1444/2704/1451 1462/2735/1469 1500/2798/1507
f 1500/2798/1507 1462/2735/1469 1501/2799/1508
f 1501/2799/1508 1462/2735/1469 1398/2705/1405
f 1417/2800/1424 1463/2736/1470 847/1498/849
f 1386/2599/1393 1269/2570/1276 1502/2801/1509
f 1502/2801/1509 1269/2570/1276 1445/2706/1452
f 1349/2802/1356 1445/2706/1452 1350/2569/1357
f 1480/2766/1487 1503/2803/1510 1400/2622/1407
f 1400/2622/1407 1503/2803/1510 1482/2768/1489
f 1351/2804/1358 1325/2508/1332 1504/2805/1511
f 1325/2508/1332 1482/2768/1489 1504/2805/1511
f 1013/2482/1020 1284/2399/1291 1431/2679/1438
f 1505/2806/1512 1327/2621/1334 1483/2770/1490
f 1299/2571/1306 1485/2772/1492 1352/2537/1359
f 1353/2807/1360 1465/2738/1472 1300/2428/1307
f 1301/2769/1308 1419/2808/1426 1483/2770/1490
f 1353/2623/1360 1401/2624/1408 1506/2809/1513
f 1387/2683/1394 1507/2810/1514 1225/2287/1232
f 1370/2577/1377 1508/2811/1515 1406/2634/1413
f 1406/2812/1413 1509/2813/1516 1448/2712/1455
f 1448/2712/1455 1509/2813/1516 1489/2779/1496
f 1510/2814/1517 1381/2591/1388 1491/2815/1498
f 1468/2778/1475 1511/2816/1518 1512/2817/1519
f 1468/2778/1475 1488/2777/1495 1511/2816/1518
f 1468/2752/1475 1512/2818/1519 1490/2782/1497
f 1467/2750/1474 1513/2819/1520 1446/2780/1453
f 1467/2750/1474 1451/2781/1458 1490/2820/1497
f 1435/2690/1442 1490/2782/1497 1451/2718/1458
f 1424/2667/1431 1492/2787/1499 1459/2732/1466
f 1470/2754/1477 1493/2788/1500 1514/2821/1521
f 977/2822/982 1048/2140/1055 1356/2823/1363
f 1458/2824/1465 1515/2825/1522 1474/2826/1481
f 1458/2824/1465 1472/2827/1479 1515/2825/1522
f 1459/2732/1466 1516/2828/1523 1475/2760/1482
f 1475/2760/1482 1516/2828/1523 1476/2761/1483
f 1439/2694/1446 1477/2762/1484 1517/2829/1524
f 1222/2791/1229 1518/2830/1525 1495/2792/1502
f 1477/2762/1484 1498/2831/1505 1517/2829/1524
f 1452/2720/1459 1358/2719/1365 1519/2832/1526
f 1496/2794/1503 1519/2833/1526 1358/2552/1365
f 1440/2696/1447 1498/2831/1505 1477/2762/1484
f 1426/2671/1433 1520/2834/1527 1498/2796/1505
f 1393/2610/1400 1499/2797/1506 1426/2671/1433
f 888/1575/893 1521/2835/1528 1250/2334/1257
f 1231/2504/1238 1522/2836/1529 1366/2678/1373
f 1338/2506/1345 1523/2837/1530 1464/2737/1471
f 1445/2706/1452 1524/2838/1531 1502/2801/1509
f 1349/2802/1356 1524/2838/1531 1445/2706/1452
f 1480/2766/1487 1525/2839/1532 1503/2803/1510
f 1327/2621/1334 1526/2840/1533 1480/2766/1487
f 1482/2768/1489 1503/2803/1510 1527/2841/1534
f 1284/2429/1291 1484/2771/1491 1431/2842/1438
f 1326/2483/1333 1528/2843/1535 1286/2401/1293
f 1315/2455/1322 1485/2772/1492 1529/2844/1536
f 1354/2539/1361 1241/2513/1248 1484/2771/1491
f 1241/2845/1248 1220/2846/1227 1530/2847/1537
f 1291/2413/1298 1530/2848/1537 1220/2280/1227
f 1402/2682/1409 1332/2849/1339 1531/2850/1538
f 1291/2413/1298 1381/2591/1388 1510/2814/1517
f 1225/2287/1232 1507/2810/1514 1423/2666/1430
f 1410/2642/1417 1439/2694/1446 1487/2851/1494
f 1489/2779/1496 1509/2813/1516 1532/2852/1539
f 1489/2779/1496 1532/2852/1539 1488/2777/1495
f 1446/2780/1453 1513/2819/1520 1492/2785/1499
f 1467/2750/1474 1533/2853/1540 1513/2819/1520
f 1490/2820/1497 1533/2853/1540 1467/2750/1474
f 1493/2788/1500 1534/2854/1541 1514/2821/1521
f 1493/2788/1500 1494/2789/1501 1534/2854/1541
f 1470/2756/1477 1535/2855/1542 1472/2757/1479
f 1321/2466/1328 1383/2593/1390 1491/2784/1498
f 1472/2856/1479 1535/2857/1542 1536/2858/1543
f 1473/2790/1480 1537/2859/1544 1494/2789/1501
f 1494/2789/1501 1537/2859/1544 1538/2860/1545
f 1472/2827/1479 1536/2861/1543 1515/2825/1522
f 1459/2732/1466 1539/2862/1546 1516/2828/1523
f 1473/2790/1480 1540/2863/1547 1537/2859/1544
f 1473/2864/1480 1474/2826/1481 1540/2865/1547
f 1474/2826/1481 1541/2866/1548 1540/2865/1547
f 1474/2826/1481 1515/2825/1522 1541/2866/1548
f 1516/2828/1523 1539/2862/1546 1476/2761/1483
f 1411/2867/1418 1441/2868/1448 1461/2869/1468
f 1337/2870/1344 1542/2871/1549 1231/2872/1238
f 1479/2765/1486 1500/2798/1507 1543/2873/1550
f 1501/2799/1508 1398/2705/1405 1500/2798/1507
f 1417/2655/1424 1544/2874/1551 1463/2875/1470
f 1351/2536/1358 1545/2876/1552 1399/2619/1406
f 1503/2803/1510 1525/2839/1532 1527/2841/1534
f 1482/2768/1489 1527/2841/1534 1546/2877/1553
f 1348/2533/1355 1481/2767/1488 1299/2426/1306
f 1465/2738/1472 1528/2843/1535 1326/2483/1333
f 1528/2843/1535 1432/2681/1439 1286/2401/1293
f 1353/2807/1360 1506/2878/1513 1465/2738/1472
f 1529/2844/1536 1547/2879/1554 1315/2455/1322
f 1510/2814/1517 1530/2848/1537 1291/2413/1298
f 1402/2682/1409 1531/2850/1538 1486/2773/1493
f 1332/2849/1339 1356/2880/1363 1531/2850/1538
f 1406/2881/1413 1548/2882/1555 1509/2883/1516
f 1488/2777/1495 1549/2884/1556 1511/2816/1518
f 1488/2777/1495 1532/2852/1539 1549/2884/1556
f 1490/2885/1497 1512/2817/1519 1550/2886/1557
f 1512/2817/1519 1511/2816/1518 1550/2886/1557
f 1492/2785/1499 1551/2887/1558 1459/2888/1466
f 1514/2889/1521 1550/2886/1557 1511/2816/1518
f 1511/2816/1518 1549/2884/1556 1514/2889/1521
f 1514/2889/1521 1552/2890/1559 1550/2886/1557
f 1534/2854/1541 1552/2891/1559 1514/2821/1521
f 1514/2892/1521 1535/2855/1542 1470/2756/1477
f 1514/2889/1521 1549/2884/1556 1535/2893/1542
f 1494/2789/1501 1538/2860/1545 1552/2891/1559
f 1534/2854/1541 1494/2789/1501 1552/2891/1559
f 1538/2860/1545 1553/2894/1560 1552/2891/1559
f 1391/2608/1398 1466/2746/1473 1554/2895/1561
f 1535/2857/1542 1553/2894/1560 1536/2858/1543
f 1538/2860/1545 1536/2858/1543 1553/2894/1560
f 1551/2887/1558 1555/2896/1562 1459/2888/1466
f 1536/2861/1543 1556/2897/1563 1515/2825/1522
f 1459/2732/1466 1555/2898/1562 1539/2862/1546
f 1515/2825/1522 1556/2897/1563 1541/2866/1548
f 1423/2695/1430 1557/2899/1564 1230/2499/1237
f 1476/2761/1483 1539/2862/1546 1558/2900/1565
f 1519/2833/1526 1496/2794/1503 1559/2901/1566
f 1519/2902/1526 1560/2903/1567 1452/2904/1459
f 1461/2734/1468 1561/2905/1568 1499/2797/1506
f 1413/2651/1420 1479/2765/1486 1543/2873/1550
f 1250/2531/1257 1523/2837/1530 1338/2506/1345
f 1366/2906/1373 1562/2907/1569 1563/2908/1570
f 1351/2536/1358 1564/2909/1571 1545/2876/1552
f 1480/2766/1487 1526/2840/1533 1525/2839/1532
f 1482/2768/1489 1546/2877/1553 1504/2805/1511
f 1526/2840/1533 1327/2621/1334 1505/2806/1512
f 1418/2707/1425 1565/2910/1572 1258/2911/1265
f 1315/2455/1322 1547/2879/1554 1387/2912/1394
f 1370/2577/1377 1566/2913/1573 1508/2811/1515
f 1487/2774/1494 1567/2914/1574 1276/2559/1283
f 1532/2852/1539 1568/2915/1575 1549/2884/1556
f 1550/2916/1557 1569/2917/1576 1570/2918/1577
f 1490/2919/1497 1550/2916/1557 1570/2918/1577
f 1552/2891/1559 1569/2917/1576 1550/2916/1557
f 1569/2917/1576 1553/2894/1560 1568/2920/1575
f 1513/2819/1520 1551/2887/1558 1492/2785/1499
f 1513/2819/1520 1533/2853/1540 1571/2921/1578
f 1552/2891/1559 1553/2894/1560 1569/2917/1576
f 1535/2857/1542 1568/2920/1575 1553/2894/1560
f 1549/2884/1556 1568/2915/1575 1535/2893/1542
f 1537/2859/1544 1572/2922/1579 1538/2860/1545
f 1538/2860/1545 1572/2922/1579 1536/2858/1543
f 1572/2923/1579 1556/2897/1563 1536/2861/1543
f 1540/2865/1547 1541/2866/1548 1572/2924/1579
f 1540/2863/1547 1572/2922/1579 1537/2859/1544
f 1541/2925/1548 1556/2926/1563 1572/2927/1579
f 1555/2928/1562 1573/2929/1580 1539/2930/1546
f 1573/2931/1580 1574/2932/1581 1539/2862/1546
f 1476/2761/1483 1559/2901/1566 1496/2794/1503
f 1519/2902/1526 1559/2933/1566 1560/2903/1567
f 1499/2797/1506 1575/2934/1582 1426/2671/1433
f 1561/2935/1568 1576/2936/1583 1499/2937/1506
f 845/2476/847 1347/2530/1354 1312/2477/1319
f 1169/2764/1176 1577/2938/1584 1427/2673/1434
f 1139/2110/1146 1521/2835/1528 888/1575/893
f 1500/2939/1507 1578/2940/1585 1543/2941/1550
f 1500/2939/1507 1398/2942/1405 1578/2940/1585
f 1386/2599/1393 1565/2910/1572 1418/2707/1425
f 1566/2913/1573 1370/2577/1377 1258/2576/1265
f 1567/2914/1574 1419/2943/1426 1276/2559/1283
f 1508/2944/1515 1548/2945/1555 1406/2946/1413
f 1439/2694/1446 1517/2829/1524 1487/2851/1494
f 1507/2810/1514 1579/2947/1586 1423/2666/1430
f 1551/2887/1558 1513/2819/1520 1571/2921/1578
f 1571/2921/1578 1533/2853/1540 1490/2820/1497
f 1580/2948/1587 1551/2887/1558 1571/2921/1578
f 1166/2299/1173 1391/2608/1398 1554/2895/1561
f 1166/2299/1173 1554/2895/1561 1581/2949/1588
f 1555/2896/1562 1551/2887/1558 1580/2948/1587
f 1356/2823/1363 1048/2140/1055 1497/2795/1504
f 1574/2932/1581 1558/2900/1565 1539/2862/1546
f 1558/2900/1565 1559/2901/1566 1476/2761/1483
f 1452/2904/1459 1560/2903/1567 1582/2950/1589
f 1583/2951/1590 1560/2903/1567 1559/2933/1566
f 1583/2951/1590 1582/2950/1589 1560/2903/1567
f 1584/2952/1591 1585/2953/1592 1586/2954/1593
f 1520/2834/1527 1426/2671/1433 1575/2934/1582
f 1561/2935/1568 1461/2869/1468 1587/2955/1594
f 1502/2801/1509 1524/2838/1531 1588/2956/1595
f 1349/2802/1356 1589/2957/1596 1524/2838/1531
f 1397/2680/1404 1431/2679/1438 1590/2958/1597
f 1526/2840/1533 1505/2806/1512 1527/2841/1534
f 1526/2840/1533 1527/2841/1534 1525/2839/1532
f 1481/2767/1488 1485/2959/1492 1299/2426/1306
f 1484/2960/1491 1241/2961/1248 1591/2962/1598
f 1592/2963/1599 1547/2964/1554 1529/2965/1536
f 1591/2962/1598 1241/2961/1248 1593/2966/1600
f 1419/2967/1426 1567/2968/1574 1594/2969/1601
f 1530/2970/1537 1510/2971/1517 1595/2972/1602
f 1531/2850/1538 1596/2973/1603 1486/2773/1493
f 1487/2974/1494 1517/2975/1524 1597/2976/1604
f 1598/2977/1605 1356/2823/1363 1497/2795/1504
f 1490/2820/1497 1570/2978/1577 1599/2979/1606
f 1600/2980/1607 1491/2981/1498 1383/2982/1390
f 1166/2299/1173 1581/2949/1588 1601/2983/1608
f 1601/2983/1608 1581/2949/1588 1554/2895/1561
f 1580/2984/1587 1573/2929/1580 1555/2928/1562
f 1602/2985/1609 1559/2901/1566 1558/2900/1565
f 1583/2951/1590 1559/2933/1566 1602/2986/1609
f 1582/2950/1589 1603/2987/1610 1452/2904/1459
f 1603/2987/1610 1582/2950/1589 1602/2986/1609
f 1602/2986/1609 1582/2950/1589 1583/2951/1590
f 1604/2988/1611 1605/2989/1612 1606/2990/1613
f 1605/2989/1612 1607/2991/1614 1606/2990/1613
f 1606/2990/1613 1586/2992/1593 1604/2988/1611
f 1607/2991/1614 1586/2992/1593 1606/2990/1613
f 1607/2991/1614 1584/2993/1591 1586/2992/1593
f 1608/2994/1615 1609/2995/1616 1584/2996/1591
f 1607/2997/1614 1608/2994/1615 1584/2996/1591
f 1584/2996/1591 1609/2995/1616 1585/2998/1592
f 1586/2992/1593 1610/2999/1617 1604/2988/1611
f 1586/2954/1593 1585/2953/1592 1610/3000/1617
f 1585/2998/1592 1609/2995/1616 1611/3001/1618
f 1561/2935/1568 1587/2955/1594 1612/3002/1619
f 1613/3003/1620 1443/2703/1450 1281/2394/1288
f 1231/2504/1238 1542/3004/1549 1522/2836/1529
f 1398/3005/1405 1397/2680/1404 1614/3006/1621
f 1523/2837/1530 1615/3007/1622 1464/2737/1471
f 1366/3008/1373 1563/3009/1570 1234/2532/1241
f 1399/2619/1406 1616/3010/1623 1417/2655/1424
f 1545/2876/1552 1616/3010/1623 1399/2619/1406
f 1524/2838/1531 1617/3011/1624 1588/2956/1595
f 1524/2838/1531 1589/2957/1596 1617/3011/1624
f 1485/2959/1492 1481/2767/1488 1529/3012/1536
f 1483/2770/1490 1419/2808/1426 1505/2806/1512
f 1591/2962/1598 1593/2966/1600 1618/3013/1625
f 1241/2845/1248 1530/2847/1537 1593/3014/1600
f 1432/2681/1439 1528/2843/1535 1619/3015/1626
f 1530/3016/1537 1595/3017/1602 1620/3018/1627
f 1432/2681/1439 1621/3019/1628 1000/1814/1007
f 1487/3020/1494 1597/3021/1604 1567/2968/1574
f 1369/2575/1376 1622/3022/1629 1222/2356/1229
f 1532/3023/1539 1623/3024/1630 1568/3025/1575
f 1532/3023/1539 1509/2883/1516 1623/3024/1630
f 1517/3026/1524 1624/3027/1631 1597/3021/1604
f 1569/3028/1576 1568/3025/1575 1625/3029/1632
f 1568/3025/1575 1623/3024/1630 1625/3029/1632
f 1517/3030/1524 1575/3031/1582 1624/3032/1631
f 1569/3028/1576 1625/3029/1632 1570/3033/1577
f 1490/2820/1497 1599/2979/1606 1571/2921/1578
f 1571/2921/1578 1599/2979/1606 1580/2948/1587
f 1599/3034/1606 1573/2929/1580 1580/2984/1587
f 1517/3030/1524 1498/3035/1505 1575/3031/1582
f 1558/2900/1565 1574/2932/1581 1626/3036/1633
f 1498/3035/1505 1520/3037/1527 1575/3031/1582
f 1452/2904/1459 1603/2987/1610 1627/3038/1634
f 1602/2986/1609 1627/3038/1634 1603/2987/1610
f 1604/2988/1611 1628/3039/1635 1605/2989/1612
f 1605/2989/1612 1628/3039/1635 1629/3040/1636
f 1605/2989/1612 1629/3040/1636 1607/2991/1614
f 1628/3041/1635 1604/3042/1611 1630/3043/1637
f 1608/2994/1615 1629/3044/1636 1609/2995/1616
f 1607/2997/1614 1629/3044/1636 1608/2994/1615
f 1604/3042/1611 1610/3000/1617 1630/3043/1637
f 1585/2953/1592 1611/3045/1618 1610/3000/1617
f 1561/2935/1568 1631/3046/1638 1576/2936/1583
f 1171/3047/1178 1632/3048/1639 1169/2764/1176
f 1337/2870/1344 1633/3049/1640 1542/2871/1549
f 1578/2940/1585 1634/3050/1641 1543/2941/1550
f 1578/2940/1585 1398/2942/1405 1634/3050/1641
f 1397/2680/1404 1590/2958/1597 1614/3006/1621
f 1545/2876/1552 1564/2909/1571 1616/3010/1623
f 1635/3051/1642 1589/3052/1596 1349/2534/1356
f 1386/2599/1393 1502/2801/1509 1636/3053/1643
f 1234/2532/1241 1563/3009/1570 1481/2767/1488
f 1386/2599/1393 1636/3053/1643 1565/2910/1572
f 1484/2960/1491 1591/2962/1598 1431/3054/1438
f 1546/2877/1553 1637/3055/1644 1504/2805/1511
f 1565/2910/1572 1638/3056/1645 1258/2911/1265
f 1592/2963/1599 1639/3057/1646 1547/2964/1554
f 1432/3058/1439 1619/3059/1626 1621/3060/1628
f 1356/2823/1363 1598/2977/1605 1531/3061/1538
f 1570/3062/1577 1640/3063/1647 1641/3064/1648
f 1570/3062/1577 1641/3064/1648 1599/3065/1606
f 1625/3029/1632 1642/3066/1649 1570/3033/1577
f 1570/3062/1577 1642/3067/1649 1640/3063/1647
f 1625/3029/1632 1623/3024/1630 1642/3066/1649
f 1599/3068/1606 1643/3069/1650 1644/3070/1651
f 1599/3034/1606 1644/3071/1651 1573/2929/1580
f 1573/2929/1580 1644/3071/1651 1645/3072/1652
f 1558/3073/1565 1626/3074/1633 1602/2986/1609
f 1602/2986/1609 1626/3074/1633 1627/3038/1634
f 1628/3039/1635 1646/3075/1653 1629/3040/1636
f 1629/3044/1636 1647/3076/1654 1609/2995/1616
f 1611/3001/1618 1609/2995/1616 1647/3076/1654
f 1610/3000/1617 1611/3045/1618 1648/3077/1655
f 1495/3078/1502 1649/3079/1656 1322/3080/1329
f 1441/2868/1448 1587/2955/1594 1461/2869/1468
f 1443/2703/1450 1613/3003/1620 1650/3081/1657
f 1250/2531/1257 1521/3082/1528 1651/3083/1658
f 1463/2736/1470 1544/3084/1551 1171/2180/1178
f 1464/2737/1471 1615/3007/1622 1349/2534/1356
f 1349/2534/1356 1615/3007/1622 1635/3051/1642
f 1351/2536/1358 1637/3085/1644 1564/2909/1571
f 1504/2805/1511 1637/3055/1644 1351/2804/1358
f 1419/2808/1426 1594/3086/1601 1505/2806/1512
f 1593/2966/1600 1620/3018/1627 1618/3013/1625
f 1530/3016/1537 1620/3018/1627 1593/2966/1600
f 1596/2973/1603 1652/3087/1659 1486/2773/1493
f 1486/2773/1493 1622/3022/1629 1369/2575/1376
f 1531/3061/1538 1598/2977/1605 1596/3088/1603
f 1355/2543/1362 1450/2717/1457 1653/3089/1660
f 1599/3065/1606 1641/3064/1648 1654/3090/1661
f 1641/3064/1648 1640/3063/1647 1654/3090/1661
f 1623/3091/1630 1655/3092/1662 1642/3067/1649
f 1599/3093/1606 1654/3094/1661 1643/3095/1650
f 1554/2895/1561 1466/2746/1473 1601/2983/1608
f 1166/3096/1173 1656/3097/1663 1383/2982/1390
f 1574/2932/1581 1645/3098/1652 1626/3036/1633
f 1573/2929/1580 1645/3072/1652 1574/3099/1581
f 1627/3038/1634 1628/3100/1664 1452/2904/1459
f 1452/3101/1459 1628/3102/1664 1657/3103/1665
f 1657/3103/1665 1628/3102/1664 1658/3104/1666
f 1630/3043/1637 1659/3105/1667 1628/3041/1635
f 1628/3041/1635 1659/3105/1667 1646/3106/1653
f 1659/3105/1667 1660/3107/1668 1646/3106/1653
f 1646/3106/1653 1660/3107/1668 1629/3108/1636
f 1660/3107/1668 1661/3109/1669 1629/3108/1636
f 1629/3044/1636 1661/3110/1669 1647/3076/1654
f 1610/3000/1617 1659/3105/1667 1630/3043/1637
f 1610/3000/1617 1660/3107/1668 1659/3105/1667
f 1660/3107/1668 1662/3111/1670 1661/3109/1669
f 1610/3000/1617 1663/3112/1671 1660/3107/1668
f 1647/3113/1654 1664/3114/1672 1611/3045/1618
f 1610/3000/1617 1648/3077/1655 1663/3112/1671
f 1611/3045/1618 1664/3114/1672 1648/3077/1655
f 1230/3115/1237 1478/3116/1485 1050/3117/1057
f 1648/3077/1655 1665/3118/1673 1663/3112/1671
f 1648/3077/1655 1664/3114/1672 1665/3118/1673
f 1322/3080/1329 1649/3079/1656 1441/3119/1448
f 1281/2394/1288 1346/2528/1353 1613/3003/1620
f 1312/3120/1319 1347/3121/1354 1666/3122/1674
f 1443/2703/1450 1667/3123/1675 1249/2369/1256
f 1366/2906/1373 1522/3124/1529 1562/2907/1569
f 1523/2837/1530 1250/2531/1257 1615/3007/1622
f 1417/2655/1424 1616/3010/1623 1668/3125/1676
f 1502/2801/1509 1588/2956/1595 1669/3126/1677
f 1502/2801/1509 1669/3126/1677 1636/3053/1643
f 1617/3011/1624 1589/2957/1596 1670/3127/1678
f 1564/2909/1571 1637/3085/1644 1671/3128/1679
f 1565/2910/1572 1636/3053/1643 1638/3056/1645
f 1672/3129/1680 1527/2841/1534 1505/2806/1512
f 1547/2964/1554 1673/3130/1681 1387/3131/1394
f 1465/2738/1472 1619/3015/1626 1528/2843/1535
f 1465/3132/1472 1506/2809/1513 1674/3133/1682
f 1652/3087/1659 1622/3022/1629 1486/2773/1493
f 1675/3134/1683 1579/3135/1586 1507/3136/1514
f 1655/3092/1662 1640/3063/1647 1642/3067/1649
f 1654/3090/1661 1640/3063/1647 1655/3092/1662
f 1676/3137/1684 1166/3138/1173 1601/3139/1608
f 1643/3069/1650 1677/3140/1685 1644/3070/1651
f 1677/3141/1685 1645/3072/1652 1644/3071/1651
f 1626/3142/1633 1645/3072/1652 1678/3143/1686
f 1679/3144/1687 1646/3145/1688 1626/3146/1633
f 1626/3074/1633 1646/3147/1688 1627/3038/1634
f 1679/3144/1687 1680/3148/1689 1646/3145/1688
f 1680/3148/1689 1658/3104/1666 1646/3145/1688
f 1657/3103/1665 1658/3104/1666 1681/3149/1690
f 1680/3148/1689 1681/3149/1690 1658/3104/1666
f 1647/3113/1654 1682/3150/1691 1664/3114/1672
f 1647/3076/1654 1661/3110/1669 1682/3151/1691
f 1662/3111/1670 1682/3150/1691 1661/3109/1669
f 1576/3152/1583 1575/2934/1582 1499/2797/1506
f 1682/3150/1691 1665/3118/1673 1664/3114/1672
f 1683/3153/1692 1665/3118/1673 1682/3150/1691
f 1684/3154/1693 1685/3155/1694 1686/3156/1695
f 1687/3157/1696 1686/3156/1695 1685/3155/1694
f 1612/3002/1619 1631/3046/1638 1561/2935/1568
f 1577/2938/1584 900/2674/905 1427/2673/1434
f 1521/3158/1528 1139/3159/1146 1688/3160/1697
f 1651/3161/1658 1521/3158/1528 1689/3162/1698
f 1431/2679/1438 1690/3163/1699 1590/2958/1597
f 1589/3052/1596 1635/3051/1642 1691/3164/1700
f 1431/3054/1438 1591/2962/1598 1690/3165/1699
f 1692/3166/1701 1637/3055/1644 1546/2877/1553
f 1639/3057/1646 1673/3130/1681 1547/2964/1554
f 1673/3167/1681 1507/3168/1514 1387/3169/1394
f 1595/3170/1602 1510/2814/1517 1491/2815/1498
f 1401/2624/1408 1355/2543/1362 1506/2809/1513
f 1597/3021/1604 1693/3171/1702 1567/2968/1574
f 1601/3139/1608 1694/3172/1703 1676/3137/1684
f 1622/3173/1629 1518/2830/1525 1222/2791/1229
f 1383/2982/1390 1656/3097/1663 1695/3174/1704
f 1624/3032/1631 1575/3031/1582 1696/3175/1705
f 1679/3144/1687 1697/3176/1706 1680/3148/1689
f 1660/3107/1668 1663/3112/1671 1698/3177/1707
f 1660/3107/1668 1698/3177/1707 1662/3111/1670
f 1699/3178/1708 1682/3150/1691 1662/3111/1670
f 1662/3111/1670 1698/3177/1707 1699/3178/1708
f 1663/3112/1671 1700/3179/1709 1698/3177/1707
f 1663/3112/1671 1665/3118/1673 1700/3179/1709
f 1665/3118/1673 1683/3153/1692 1700/3179/1709
f 1701/3180/1710 1702/3181/1711 1686/3182/1695
f 1686/3156/1695 1702/3183/1711 1684/3154/1693
f 1686/3156/1695 1687/3157/1696 1701/3184/1710
f 1687/3157/1696 1685/3155/1694 1703/3185/1712
f 1649/3186/1656 1704/3187/1713 1441/3188/1448
f 1249/2333/1256 1633/3189/1640 1337/2501/1344
f 1544/3190/1551 1705/3191/1714 1171/3047/1178
f 1250/2531/1257 1706/3192/1715 1615/3007/1622
f 1564/2909/1571 1671/3128/1679 1707/3193/1716
f 1589/2957/1596 1691/3194/1700 1670/3127/1678
f 1592/3195/1599 1529/3012/1536 1481/2767/1488
f 1672/3129/1680 1505/2806/1512 1594/3086/1601
f 1638/3056/1645 1566/3196/1573 1258/2911/1265
f 1465/3132/1472 1674/3133/1682 1619/3059/1626
f 1508/3197/1515 1566/3198/1573 1708/3199/1717
f 1708/3199/1717 1709/3200/1718 1508/3197/1515
f 1000/3201/1007 1621/3060/1628 1710/3202/1719
f 1000/3201/1007 1710/3202/1719 1433/3203/1440
f 1597/3021/1604 1711/3204/1720 1693/3171/1702
f 1597/3021/1604 1712/3205/1721 1711/3204/1720
f 1597/3021/1604 1624/3027/1631 1712/3205/1721
f 1509/2883/1516 1713/3206/1722 1623/3024/1630
f 1655/3092/1662 1623/3091/1630 1714/3207/1723
f 1654/3090/1661 1655/3092/1662 1714/3207/1723
f 1643/3208/1650 1654/3090/1661 1715/3209/1724
f 1466/3210/1473 1716/3211/1725 1601/3139/1608
f 1601/3139/1608 1716/3211/1725 1694/3172/1703
f 1677/3140/1685 1643/3069/1650 1717/3212/1726
f 1579/3213/1586 1557/3214/1564 1423/3215/1430
f 1677/3141/1685 1678/3143/1686 1645/3072/1652
f 1626/3216/1633 1678/3217/1686 1697/3218/1706
f 1626/3146/1633 1697/3176/1706 1679/3144/1687
f 1657/3103/1665 1718/3219/1727 1452/3101/1459
f 1497/3220/1504 1442/3221/1449 1719/3222/1728
f 1681/3149/1690 1720/3223/1729 1721/3224/1730
f 1700/3179/1709 1699/3178/1708 1698/3177/1707
f 1681/3149/1690 1721/3224/1730 1657/3103/1665
f 1683/3153/1692 1699/3178/1708 1700/3179/1709
f 1682/3150/1691 1699/3178/1708 1683/3153/1692
f 1722/3225/1731 1723/3226/1732 1724/3227/1733
f 1725/3228/1734 1702/3229/1711 1701/3230/1710
f 1702/3183/1711 1726/3231/1735 1684/3154/1693
f 1685/3155/1694 1684/3154/1693 1727/3232/1736
f 1725/3233/1734 1701/3234/1710 1728/3235/1737
f 1701/3236/1710 1687/3237/1696 1728/3238/1737
f 1687/3237/1696 1703/3239/1712 1729/3240/1738
f 1685/3155/1694 1730/3241/1739 1703/3185/1712
f 1687/3237/1696 1729/3240/1738 1728/3238/1737
f 1612/3242/1619 1587/3243/1594 1731/3244/1740
f 1347/3245/1354 1732/3246/1741 1666/3247/1674
f 1543/2941/1550 1733/3248/1742 1413/3249/1420
f 1543/2941/1550 1634/3050/1641 1733/3248/1742
f 1668/3125/1676 1734/3250/1743 1417/2655/1424
f 1590/2958/1597 1735/3251/1744 1614/3006/1621
f 1564/2909/1571 1707/3193/1716 1616/3010/1623
f 1690/3165/1699 1591/2962/1598 1736/3252/1745
f 1481/2767/1488 1563/3009/1570 1737/3253/1746
f 1618/3013/1625 1736/3252/1745 1591/2962/1598
f 1738/3254/1747 1546/2877/1553 1527/2841/1534
f 1672/3129/1680 1594/3086/1601 1739/3255/1748
f 1740/3256/1749 1675/3257/1683 1507/3258/1514
f 1621/3060/1628 1619/3059/1626 1710/3202/1719
f 1709/3200/1718 1548/2882/1555 1508/3197/1515
f 1693/3171/1702 1741/3259/1750 1567/2968/1574
f 1548/2882/1555 1709/3200/1718 1509/2883/1516
f 1710/3260/1719 1742/3261/1751 1433/3262/1440
f 1712/3205/1721 1624/3027/1631 1711/3204/1720
f 1509/2883/1516 1743/3263/1752 1713/3206/1722
f 1491/2981/1498 1744/3264/1753 1745/3265/1754
f 1166/3096/1173 1676/3266/1684 1656/3097/1663
f 1598/2977/1605 1497/2795/1504 1596/3088/1603
f 1717/3212/1726 1746/3267/1755 1677/3140/1685
f 1680/3148/1689 1720/3223/1729 1681/3149/1690
f 1720/3223/1729 1747/3268/1756 1721/3224/1730
f 1657/3269/1665 1747/3270/1756 1718/3271/1727
f 1721/3224/1730 1747/3268/1756 1657/3103/1665
f 1460/3272/1467 1478/3273/1485 1442/3221/1449
f 1748/3274/1757 1749/3275/1758 1750/3276/1759
f 1749/3275/1758 1751/3277/1760 1750/3276/1759
f 1751/3278/1760 1752/3279/1761 1722/3225/1731
f 1752/3279/1761 1753/3280/1762 1722/3225/1731
f 1750/3276/1759 1754/3281/1763 1748/3274/1757
f 1750/3276/1759 1755/3282/1764 1754/3281/1763
f 1751/3277/1760 1755/3282/1764 1750/3276/1759
f 1751/3277/1760 1724/3283/1733 1755/3282/1764
f 1722/3225/1731 1724/3227/1733 1751/3278/1760
f 1722/3284/1731 1756/3285/1765 1723/3286/1732
f 1729/3240/1738 1703/3239/1712 1757/3287/1766
f 1730/3241/1739 1758/3288/1767 1703/3185/1712
f 1413/3289/1420 1732/3246/1741 1347/3245/1354
f 1690/3163/1699 1735/3251/1744 1590/2958/1597
f 1668/3125/1676 1616/3010/1623 1707/3193/1716
f 1737/3253/1746 1592/3195/1599 1481/2767/1488
f 1618/3013/1625 1620/3018/1627 1759/3290/1768
f 1594/2969/1601 1567/2968/1574 1760/3291/1769
f 1619/3059/1626 1761/3292/1770 1710/3202/1719
f 1709/3200/1718 1743/3263/1752 1509/2883/1516
f 1652/3087/1659 1762/3293/1771 1622/3022/1629
f 1623/3091/1630 1713/3294/1722 1714/3207/1723
f 1466/2746/1473 1433/2745/1440 1716/3295/1725
f 1383/2982/1390 1695/3174/1704 1600/2980/1607
f 1717/3212/1726 1763/3296/1772 1746/3267/1755
f 1746/3267/1755 1763/3296/1772 1677/3140/1685
f 1677/3140/1685 1763/3296/1772 1764/3297/1773
f 1677/3298/1685 1765/3299/1774 1678/3300/1686
f 1678/3300/1686 1766/3301/1775 1697/3302/1706
f 1678/3300/1686 1765/3299/1774 1766/3301/1775
f 1680/3148/1689 1697/3176/1706 1720/3223/1729
f 1718/3271/1727 1747/3270/1756 1767/3303/1776
f 1442/3221/1449 1478/3273/1485 1719/3222/1728
f 1768/3304/1777 1769/3305/1778 1770/3306/1779
f 1768/3304/1777 1770/3306/1779 1748/3274/1757
f 1749/3275/1758 1748/3274/1757 1770/3306/1779
f 1749/3275/1758 1770/3306/1779 1771/3307/1780
f 1749/3275/1758 1771/3307/1780 1751/3277/1760
f 1751/3308/1760 1771/3309/1780 1752/3310/1761
f 1752/3279/1761 1771/3311/1780 1753/3280/1762
f 1722/3284/1731 1753/3312/1762 1756/3285/1765
f 1768/3304/1777 1772/3313/1781 1769/3305/1778
f 1748/3274/1757 1772/3313/1781 1768/3304/1777
f 1748/3274/1757 1754/3281/1763 1772/3313/1781
f 1724/3227/1733 1723/3226/1732 1773/3314/1782
f 1725/3233/1734 1774/3315/1783 1775/3316/1784
f 1725/3233/1734 1775/3316/1784 1702/3317/1711
f 1684/3154/1693 1776/3318/1785 1727/3232/1736
f 1684/3154/1693 1726/3231/1735 1776/3318/1785
f 1725/3233/1734 1728/3235/1737 1774/3315/1783
f 1729/3240/1738 1757/3287/1766 1728/3238/1737
f 1703/3239/1712 1758/3319/1767 1757/3287/1766
f 1685/3155/1694 1727/3232/1736 1730/3241/1739
f 1441/3320/1448 1704/3321/1713 1587/3322/1594
f 900/2674/905 1688/3160/1697 1139/3159/1146
f 1443/2703/1450 1650/3081/1657 1667/3123/1675
f 1634/3050/1641 1777/3323/1786 1733/3248/1742
f 1398/2942/1405 1778/3324/1787 1634/3050/1641
f 1614/3325/1621 1778/3324/1787 1398/2942/1405
f 1736/3252/1745 1779/3326/1788 1690/3165/1699
f 1563/3009/1570 1780/3327/1789 1737/3253/1746
f 1779/3326/1788 1736/3252/1745 1781/3328/1790
f 1737/3253/1746 1780/3327/1789 1782/3329/1791
f 1617/3011/1624 1783/3330/1792 1588/2956/1595
f 1670/3127/1678 1783/3330/1792 1617/3011/1624
f 1737/3253/1746 1782/3329/1791 1592/3195/1599
f 1592/2963/1599 1784/3331/1793 1639/3057/1646
f 1781/3328/1790 1736/3252/1745 1759/3290/1768
f 1618/3013/1625 1759/3290/1768 1736/3252/1745
f 1595/3332/1602 1491/2981/1498 1745/3265/1754
f 1355/2543/1362 1653/3089/1660 1785/3333/1794
f 1709/3200/1718 1713/3206/1722 1743/3263/1752
f 1624/3027/1631 1786/3334/1795 1711/3204/1720
f 1624/3027/1631 1787/3335/1796 1786/3334/1795
f 1654/3090/1661 1714/3207/1723 1788/3336/1797
f 1694/3172/1703 1716/3211/1725 1676/3137/1684
f 1763/3296/1772 1789/3337/1798 1764/3297/1773
f 1677/3298/1685 1790/3338/1799 1765/3299/1774
f 1764/3297/1773 1790/3339/1799 1677/3140/1685
f 1697/3176/1706 1766/3340/1775 1720/3223/1729
f 1771/3311/1780 1791/3341/1800 1753/3280/1762
f 1770/3306/1779 1791/3342/1800 1771/3307/1780
f 1753/3312/1762 1792/3343/1801 1756/3285/1765
f 1772/3313/1781 1793/3344/1802 1769/3305/1778
f 1754/3281/1763 1793/3344/1802 1772/3313/1781
f 1754/3281/1763 1755/3282/1764 1793/3344/1802
f 1724/3345/1733 1773/3346/1782 1755/3347/1764
f 1792/3343/1801 1794/3348/1803 1756/3285/1765
f 1723/3286/1732 1756/3285/1765 1794/3348/1803
f 1702/3349/1711 1795/3350/1804 1796/3351/1805
f 1702/3349/1711 1796/3351/1805 1726/3352/1735
f 1797/3353/1806 1798/3354/1807 1799/3355/1808
f 1774/3315/1783 1728/3235/1737 1800/3356/1809
f 1730/3241/1739 1727/3232/1736 1758/3288/1767
f 1801/3357/1810 1649/3358/1656 1495/3359/1502
f 1171/3047/1178 1802/3360/1811 1632/3048/1639
f 1249/2333/1256 1667/3361/1675 1633/3189/1640
f 1733/3248/1742 1803/3362/1812 1413/3249/1420
f 1777/3323/1786 1803/3362/1812 1733/3248/1742
f 1634/3050/1641 1778/3324/1787 1777/3323/1786
f 1735/3251/1744 1690/3163/1699 1804/3363/1813
f 1668/3125/1676 1707/3193/1716 1805/3364/1814
f 1563/3009/1570 1806/3365/1815 1780/3327/1789
f 1635/3051/1642 1615/3007/1622 1691/3164/1700
f 1670/3127/1678 1807/3366/1816 1783/3330/1792
f 1691/3194/1700 1807/3366/1816 1670/3127/1678
f 1781/3328/1790 1759/3290/1768 1808/3367/1817
f 1784/3331/1793 1673/3130/1681 1639/3057/1646
f 1637/3368/1644 1692/3369/1701 1809/3370/1818
f 1673/3130/1681 1740/3256/1749 1507/3258/1514
f 1619/3059/1626 1674/3133/1682 1810/3371/1819
f 1619/3059/1626 1810/3371/1819 1761/3292/1770
f 1433/3372/1440 1742/3373/1751 1716/3211/1725
f 1491/2981/1498 1600/2980/1607 1744/3264/1753
f 1654/3090/1661 1811/3374/1820 1715/3209/1724
f 1695/3174/1704 1812/3375/1821 1600/2980/1607
f 1643/3069/1650 1813/3376/1822 1717/3212/1726
f 1763/3296/1772 1717/3212/1726 1814/3377/1823
f 1763/3296/1772 1814/3377/1823 1789/3337/1798
f 1764/3297/1773 1789/3337/1798 1790/3339/1799
f 1230/3378/1237 1557/3379/1564 1815/3380/1824
f 1230/3378/1237 1815/3380/1824 1478/3381/1485
f 1747/3270/1756 1720/3382/1729 1767/3303/1776
f 1719/3222/1728 1478/3273/1485 1816/3383/1825
f 1769/3305/1778 1817/3384/1826 1770/3306/1779
f 1770/3306/1779 1818/3385/1827 1791/3342/1800
f 1791/3341/1800 1819/3386/1828 1753/3280/1762
f 1753/3312/1762 1819/3387/1828 1792/3343/1801
f 1769/3305/1778 1793/3344/1802 1820/3388/1829
f 1755/3282/1764 1821/3389/1830 1793/3344/1802
f 1723/3286/1732 1794/3348/1803 1773/3390/1782
f 1822/3391/1831 1775/3316/1784 1774/3315/1783
f 1796/3351/1805 1823/3392/1832 1726/3352/1735
f 1726/3352/1735 1823/3392/1832 1757/3287/1766
f 1757/3393/1766 1824/3394/1833 1726/3231/1735
f 1776/3318/1785 1824/3394/1833 1727/3232/1736
f 1726/3231/1735 1824/3394/1833 1776/3318/1785
f 1799/3395/1808 1825/3396/1834 1797/3397/1806
f 1774/3315/1783 1800/3356/1809 1822/3391/1831
f 1757/3287/1766 1826/3398/1835 1728/3238/1737
f 1727/3232/1736 1824/3394/1833 1758/3288/1767
f 1798/3354/1807 1827/3399/1836 1799/3355/1808
f 1799/3395/1808 1827/3400/1836 1825/3396/1834
f 1731/3244/1740 1828/3401/1837 1612/3242/1619
f 1562/2907/1569 1829/3402/1838 1563/2908/1570
f 1250/2531/1257 1830/3403/1839 1706/3192/1715
f 1735/3251/1744 1804/3363/1813 1614/3006/1621
f 1690/3165/1699 1779/3326/1788 1804/3404/1813
f 1783/3330/1792 1669/3126/1677 1588/2956/1595
f 1592/2963/1599 1782/3405/1791 1831/3406/1840
f 1592/2963/1599 1832/3407/1841 1784/3331/1793
f 1739/3255/1748 1833/3408/1842 1672/3129/1680
f 1708/3409/1717 1834/3410/1843 1835/3411/1844
f 1674/3133/1682 1506/2809/1513 1785/3333/1794
f 1355/2543/1362 1785/3333/1794 1506/2809/1513
f 1579/3412/1586 1675/3413/1683 1836/3414/1845
f 1693/3171/1702 1837/3415/1846 1741/3259/1750
f 1693/3171/1702 1711/3204/1720 1837/3415/1846
f 1624/3032/1631 1696/3175/1705 1787/3416/1796
f 1788/3336/1797 1811/3374/1820 1654/3090/1661
f 1497/2795/1504 1652/3417/1659 1596/3088/1603
f 1452/2720/1459 1718/3418/1727 1450/2721/1457
f 1718/3271/1727 1838/3419/1847 1839/3420/1848
f 1718/3271/1727 1767/3303/1776 1838/3419/1847
f 1769/3305/1778 1767/3303/1776 1817/3384/1826
f 1769/3305/1778 1838/3419/1847 1767/3303/1776
f 1817/3384/1826 1818/3385/1827 1770/3306/1779
f 1818/3385/1827 1840/3421/1849 1791/3342/1800
f 1840/3422/1849 1841/3423/1850 1791/3424/1800
f 1842/3425/1851 1792/3343/1801 1819/3387/1828
f 1769/3305/1778 1820/3388/1829 1838/3419/1847
f 1821/3389/1830 1840/3426/1849 1793/3344/1802
f 1821/3427/1830 1841/3423/1850 1840/3422/1849
f 1821/3389/1830 1755/3282/1764 1841/3428/1850
f 1843/3429/1852 1841/3423/1850 1773/3346/1782
f 1755/3347/1764 1773/3346/1782 1841/3423/1850
f 1773/3346/1782 1842/3430/1851 1819/3431/1828
f 1773/3346/1782 1792/3432/1801 1842/3430/1851
f 1794/3348/1803 1792/3343/1801 1773/3390/1782
f 1820/3388/1829 1793/3344/1802 1838/3419/1847
f 1775/3433/1784 1795/3350/1804 1702/3349/1711
f 1796/3351/1805 1757/3287/1766 1823/3392/1832
f 1844/3434/1853 1757/3287/1766 1796/3351/1805
f 1797/3353/1806 1845/3435/1854 1798/3354/1807
f 1825/3396/1834 1845/3436/1854 1797/3397/1806
f 1728/3238/1737 1826/3398/1835 1800/3437/1809
f 1800/3437/1809 1826/3398/1835 1846/3438/1855
f 1757/3287/1766 1844/3434/1853 1826/3398/1835
f 1824/3394/1833 1757/3393/1766 1758/3288/1767
f 1827/3400/1836 1847/3439/1856 1825/3396/1834
f 1825/3396/1834 1847/3439/1856 1845/3436/1854
f 1798/3354/1807 1848/3440/1857 1827/3399/1836
f 1827/3400/1836 1848/3441/1857 1847/3439/1856
f 1587/3243/1594 1828/3401/1837 1731/3244/1740
f 1542/3442/1549 1849/3443/1858 1522/3124/1529
f 1671/3128/1679 1850/3444/1859 1707/3193/1716
f 1759/3290/1768 1851/3445/1860 1852/3446/1861
f 1672/3129/1680 1738/3254/1747 1527/2841/1534
f 1738/3254/1747 1692/3166/1701 1546/2877/1553
f 1567/2968/1574 1853/3447/1862 1760/3291/1769
f 1567/2968/1574 1741/3259/1750 1853/3447/1862
f 1709/3448/1718 1708/3409/1717 1835/3411/1844
f 1786/3334/1795 1837/3415/1846 1711/3204/1720
f 1696/3175/1705 1854/3449/1863 1787/3416/1796
f 1787/3335/1796 1854/3450/1863 1786/3334/1795
f 1652/3417/1659 1855/3451/1864 1762/3452/1771
f 1676/3266/1684 1856/3453/1865 1656/3097/1663
f 1716/3211/1725 1856/3454/1865 1676/3137/1684
f 1643/3069/1650 1715/3455/1724 1813/3376/1822
f 1789/3337/1798 1814/3377/1823 1790/3339/1799
f 1790/3339/1799 1814/3377/1823 1857/3456/1866
f 1719/3457/1728 1652/3417/1659 1497/2795/1504
f 1790/3458/1799 1858/3459/1867 1765/3460/1774
f 1720/3382/1729 1859/3461/1868 1817/3384/1826
f 1766/3462/1775 1859/3461/1868 1720/3382/1729
f 1765/3299/1774 1860/3463/1869 1766/3301/1775
f 1720/3382/1729 1817/3384/1826 1767/3303/1776
f 1495/3359/1502 1518/3464/1525 1801/3357/1810
f 1841/3423/1850 1843/3429/1852 1791/3424/1800
f 1843/3429/1852 1819/3431/1828 1791/3424/1800
f 1843/3429/1852 1773/3346/1782 1819/3431/1828
f 1793/3344/1802 1840/3426/1849 1861/3465/1870
f 1838/3419/1847 1793/3344/1802 1822/3391/1831
f 1861/3465/1870 1822/3391/1831 1793/3344/1802
f 1796/3351/1805 1795/3350/1804 1844/3434/1853
f 1845/3435/1854 1862/3466/1871 1798/3354/1807
f 1798/3354/1807 1862/3466/1871 1848/3440/1857
f 1822/3391/1831 1800/3356/1809 1846/3467/1855
f 1612/3002/1619 1828/3468/1837 1631/3046/1638
f 1704/3469/1713 1863/3470/1872 1587/3471/1594
f 1312/2448/1319 1864/3472/1873 1346/2528/1353
f 1865/3473/1874 1562/2907/1569 1522/3124/1529
f 1779/3326/1788 1781/3328/1790 1808/3367/1817
f 1780/3327/1789 1806/3365/1815 1866/3474/1875
f 1780/3327/1789 1831/3475/1840 1782/3329/1791
f 1759/3290/1768 1852/3446/1861 1808/3367/1817
f 1759/3290/1768 1867/3476/1876 1851/3445/1860
f 1673/3130/1681 1868/3477/1877 1740/3256/1749
f 1620/3018/1627 1867/3476/1876 1759/3290/1768
f 1620/3018/1627 1595/3017/1602 1745/3478/1754
f 1708/3409/1717 1566/3479/1573 1834/3410/1843
f 1810/3371/1819 1674/3133/1682 1785/3333/1794
f 1810/3371/1819 1785/3333/1794 1869/3480/1878
f 1741/3259/1750 1837/3415/1846 1853/3447/1862
f 1709/3481/1718 1870/3482/1879 1713/3294/1722
f 1870/3482/1879 1871/3483/1880 1713/3294/1722
f 1854/3449/1863 1696/3175/1705 1872/3484/1881
f 1854/3449/1863 1872/3484/1881 1786/3485/1795
f 1713/3294/1722 1788/3336/1797 1714/3207/1723
f 1713/3294/1722 1871/3483/1880 1788/3336/1797
f 1742/3373/1751 1856/3454/1865 1716/3211/1725
f 1695/3174/1704 1873/3486/1882 1812/3375/1821
f 1695/3174/1704 1656/3097/1663 1873/3486/1882
f 1579/3213/1586 1874/3487/1883 1557/3214/1564
f 1814/3377/1823 1875/3488/1884 1857/3456/1866
f 1719/3457/1728 1855/3451/1864 1652/3417/1659
f 1790/3339/1799 1857/3456/1866 1858/3489/1867
f 1766/3490/1775 1860/3491/1869 1859/3492/1868
f 1765/3460/1774 1858/3459/1867 1860/3493/1869
f 1817/3384/1826 1859/3461/1868 1818/3385/1827
f 1838/3419/1847 1822/3391/1831 1839/3420/1848
f 1822/3391/1831 1861/3465/1870 1775/3316/1784
f 1844/3434/1853 1795/3350/1804 1876/3494/1885
f 1845/3435/1854 1877/3495/1886 1862/3466/1871
f 1848/3440/1857 1862/3466/1871 1878/3496/1887
f 1822/3391/1831 1846/3467/1855 1839/3420/1848
f 1826/3398/1835 1876/3494/1885 1846/3438/1855
f 1844/3434/1853 1876/3494/1885 1826/3398/1835
f 1845/3436/1854 1847/3439/1856 1877/3497/1886
f 1848/3441/1857 1879/3498/1888 1847/3439/1856
f 1848/3441/1857 1878/3499/1887 1879/3498/1888
f 1880/3500/1889 1881/3501/1890 1882/3502/1891
f 1577/2938/1584 1169/2764/1176 1632/3048/1639
f 1522/3124/1529 1849/3443/1858 1865/3473/1874
f 1562/2907/1569 1865/3473/1874 1829/3402/1838
f 1804/3363/1813 1883/3503/1892 1614/3006/1621
f 1707/3193/1716 1884/3504/1893 1805/3364/1814
f 1810/3371/1819 1869/3480/1878 1761/3292/1770
f 1761/3292/1770 1869/3480/1878 1710/3202/1719
f 1811/3374/1820 1885/3505/1894 1715/3209/1724
f 1814/3377/1823 1813/3376/1822 1875/3488/1884
f 1815/3506/1824 1557/3507/1564 1886/3508/1895
f 1818/3385/1827 1859/3461/1868 1840/3421/1849
f 1859/3492/1868 1887/3509/1896 1840/3510/1849
f 1840/3426/1849 1775/3316/1784 1861/3465/1870
f 1775/3511/1784 1888/3512/1897 1795/3513/1804
f 1876/3514/1885 1889/3515/1898 1846/3516/1855
f 1879/3498/1888 1878/3499/1887 1847/3439/1856
f 1890/3517/1899 1891/3518/1900 1892/3519/1901
f 1890/3517/1899 1893/3520/1902 1891/3518/1900
f 1890/3517/1899 1892/3519/1901 1894/3521/1903
f 1894/3521/1903 1895/3522/1904 1890/3517/1899
f 1893/3520/1902 1890/3517/1899 1896/3523/1905
f 1890/3517/1899 1895/3522/1904 1896/3523/1905
f 1864/3524/1873 1312/3120/1319 1666/3122/1674
f 1688/3160/1697 900/2674/905 1897/3525/1906
f 1250/2531/1257 1651/3083/1658 1830/3403/1839
f 1780/3327/1789 1866/3474/1875 1831/3475/1840
f 1831/3406/1840 1832/3407/1841 1592/2963/1599
f 1691/3164/1700 1615/3007/1622 1898/3526/1907
f 1783/3330/1792 1807/3366/1816 1669/3126/1677
f 1691/3194/1700 1898/3527/1907 1807/3366/1816
f 1832/3407/1841 1868/3477/1877 1784/3331/1793
f 1673/3130/1681 1784/3331/1793 1868/3477/1877
f 1851/3445/1860 1899/3528/1908 1852/3446/1861
f 1851/3445/1860 1867/3476/1876 1899/3528/1908
f 1867/3476/1876 1900/3529/1909 1899/3528/1908
f 1672/3129/1680 1833/3408/1842 1738/3254/1747
f 1594/3530/1601 1901/3531/1910 1739/3532/1748
f 1675/3533/1683 1902/3534/1911 1836/3535/1845
f 1837/3415/1846 1903/3536/1912 1853/3447/1862
f 1600/2980/1607 1812/3375/1821 1744/3264/1753
f 1836/3537/1845 1874/3487/1883 1579/3213/1586
f 1856/3453/1865 1904/3538/1913 1656/3097/1663
f 1717/3212/1726 1813/3376/1822 1814/3377/1823
f 1576/3539/1583 1905/3540/1914 1575/3541/1582
f 1450/2721/1457 1718/3418/1727 1839/3542/1848
f 1857/3456/1866 1875/3488/1884 1858/3489/1867
f 1816/3383/1825 1906/3543/1915 1719/3222/1728
f 1518/3544/1525 1622/3545/1629 1801/3546/1810
f 1815/3547/1824 1816/3383/1825 1478/3273/1485
f 1860/3491/1869 1858/3548/1867 1907/3549/1916
f 1840/3426/1849 1887/3550/1896 1775/3316/1784
f 1775/3511/1784 1908/3551/1917 1888/3512/1897
f 1908/3551/1917 1909/3552/1918 1888/3512/1897
f 1877/3495/1886 1910/3553/1919 1862/3466/1871
f 1846/3467/1855 1911/3554/1920 1839/3420/1848
f 1846/3467/1855 1912/3555/1921 1911/3554/1920
f 1889/3515/1898 1908/3551/1917 1846/3516/1855
f 1889/3515/1898 1909/3552/1918 1908/3551/1917
f 1877/3556/1886 1881/3557/1890 1910/3558/1919
f 1877/3497/1886 1847/3439/1856 1881/3559/1890
f 1847/3560/1856 1913/3561/1922 1881/3501/1890
f 1878/3499/1887 1913/3562/1922 1847/3439/1856
f 1914/3563/1923 1881/3564/1890 1880/3565/1889
f 1882/3502/1891 1881/3501/1890 1913/3561/1922
f 1880/3565/1889 1915/3566/1924 1914/3563/1923
f 1880/3565/1889 1916/3567/1925 1915/3566/1924
f 1828/3568/1837 1917/3569/1926 1631/3570/1638
f 1918/3571/1927 1893/3520/1902 1919/3572/1928
f 1893/3520/1902 1918/3571/1927 1892/3519/1901
f 1893/3520/1902 1892/3519/1901 1891/3518/1900
f 1895/3522/1904 1894/3521/1903 1920/3573/1929
f 1893/3574/1902 1921/3575/1930 1919/3576/1928
f 1893/3520/1902 1896/3523/1905 1921/3577/1930
f 1895/3522/1904 1920/3573/1929 1896/3523/1905
f 1688/3160/1697 1922/3578/1931 1521/3158/1528
f 1777/3323/1786 1778/3324/1787 1803/3362/1812
f 1614/3006/1621 1883/3503/1892 1923/3579/1932
f 1899/3528/1908 1924/3580/1933 1852/3446/1861
f 1620/3581/1627 1745/3582/1754 1867/3583/1876
f 1594/2969/1601 1760/3291/1769 1901/3584/1910
f 1835/3411/1844 1925/3585/1934 1709/3448/1718
f 1925/3586/1934 1870/3482/1879 1709/3481/1718
f 1872/3587/1881 1837/3415/1846 1786/3334/1795
f 1788/3336/1797 1871/3483/1880 1811/3374/1820
f 1696/3175/1705 1575/3031/1582 1926/3588/1935
f 1869/3589/1878 1742/3261/1751 1710/3260/1719
f 1762/3590/1771 1927/3591/1936 1622/3545/1629
f 1813/3376/1822 1928/3592/1937 1875/3488/1884
f 1762/3590/1771 1855/3593/1864 1927/3591/1936
f 1450/2721/1457 1839/3542/1848 1653/3594/1660
f 1875/3488/1884 1929/3595/1938 1858/3489/1867
f 1719/3222/1728 1906/3543/1915 1855/3596/1864
f 1858/3489/1867 1929/3595/1938 1930/3597/1939
f 1858/3598/1867 1930/3599/1939 1931/3600/1940
f 1859/3492/1868 1932/3601/1941 1887/3509/1896
f 1859/3492/1868 1933/3602/1942 1932/3601/1941
f 1859/3492/1868 1860/3491/1869 1933/3602/1942
f 1858/3598/1867 1931/3600/1940 1862/3466/1871
f 1931/3600/1940 1930/3599/1939 1862/3466/1871
f 1887/3603/1896 1934/3604/1943 1775/3511/1784
f 1932/3601/1941 1933/3602/1942 1935/3605/1944
f 1860/3491/1869 1907/3549/1916 1933/3602/1942
f 1933/3602/1942 1795/3606/1804 1935/3605/1944
f 1795/3606/1804 1933/3602/1942 1876/3607/1885
f 1933/3602/1942 1907/3549/1916 1876/3607/1885
f 1862/3466/1871 1910/3553/1919 1858/3598/1867
f 1908/3608/1917 1934/3609/1943 1912/3610/1921
f 1775/3511/1784 1934/3604/1943 1908/3551/1917
f 1909/3611/1918 1936/3612/1945 1888/3613/1897
f 1888/3613/1897 1936/3612/1945 1795/3614/1804
f 1795/3614/1804 1936/3612/1945 1935/3615/1944
f 1858/3598/1867 1910/3553/1919 1881/3616/1890
f 1908/3617/1917 1912/3555/1921 1846/3467/1855
f 1909/3611/1918 1889/3618/1898 1936/3612/1945
f 1889/3618/1898 1876/3619/1885 1936/3612/1945
f 1913/3561/1922 1937/3620/1946 1882/3502/1891
f 1937/3620/1946 1938/3621/1947 1882/3502/1891
f 1880/3500/1889 1882/3502/1891 1916/3622/1925
f 1916/3567/1925 1939/3623/1948 1915/3566/1924
f 1940/3624/1949 1941/3625/1950 1942/3626/1951
f 1940/3627/1949 1943/3628/1952 1944/3629/1953
f 1942/3626/1951 1943/3630/1952 1940/3624/1949
f 1892/3519/1901 1918/3571/1927 1945/3631/1954
f 1892/3519/1901 1945/3631/1954 1894/3521/1903
f 1940/3624/1949 1946/3632/1955 1941/3625/1950
f 1944/3633/1953 1946/3632/1955 1940/3624/1949
f 1919/3576/1928 1921/3575/1930 1996/3634/1956
f 1896/3523/1905 1947/3635/1957 1921/3577/1930
f 1920/3573/1929 1948/3636/1958 1896/3523/1905
f 900/2674/905 1949/3637/1959 1897/3525/1906
f 900/2674/905 1577/2938/1584 1949/3637/1959
f 1614/3325/1621 1803/3362/1812 1778/3324/1787
f 1950/3638/1960 1883/3503/1892 1804/3363/1813
f 1852/3446/1861 1924/3580/1933 1951/3639/1961
f 1924/3580/1933 1900/3529/1909 1951/3639/1961
f 1900/3529/1909 1924/3580/1933 1899/3528/1908
f 1740/3256/1749 1868/3477/1877 1952/3640/1962
f 1638/3056/1645 1636/3053/1643 1953/3641/1963
f 1740/3642/1749 1952/3643/1962 1675/3533/1683
f 1637/3368/1644 1809/3370/1818 1954/3644/1964
f 1903/3645/1912 1837/3646/1846 1872/3484/1881
f 1870/3482/1879 1885/3505/1894 1871/3483/1880
f 1811/3374/1820 1871/3483/1880 1885/3505/1894
f 1653/3089/1660 1955/3647/1965 1785/3333/1794
f 1656/3097/1663 1956/3648/1966 1873/3486/1882
f 1812/3375/1821 1873/3486/1882 1957/3649/1967
f 1957/3649/1967 1873/3486/1882 1956/3648/1966
f 1856/3454/1865 1742/3373/1751 1958/3650/1968
f 1886/3651/1895 1557/3214/1564 1874/3487/1883
f 1929/3595/1938 1875/3488/1884 1959/3652/1969
f 1934/3604/1943 1887/3603/1896 1960/3653/1970
f 1960/3653/1970 1887/3603/1896 1961/3654/1971
f 1961/3654/1971 1887/3603/1896 1932/3655/1941
f 1935/3656/1944 1962/3657/1972 1932/3655/1941
f 1960/3658/1970 1912/3610/1921 1934/3609/1943
f 1876/3607/1885 1907/3549/1916 1936/3659/1945
f 1911/3554/1920 1963/3660/1973 1839/3420/1848
f 1858/3661/1867 1914/3662/1923 1907/3663/1916
f 1881/3616/1890 1914/3664/1923 1858/3598/1867
f 1964/3665/1974 1965/3666/1975 1966/3667/1976
f 1882/3502/1891 1938/3621/1947 1916/3622/1925
f 1941/3625/1950 1967/3668/1977 1942/3626/1951
f 1967/3668/1977 1943/3630/1952 1942/3626/1951
f 1918/3669/1927 1919/3576/1928 1968/3670/1978
f 1918/3669/1927 1968/3670/1978 1945/3671/1954
f 1945/3631/1954 1969/3672/1979 1894/3521/1903
f 1894/3521/1903 1970/3673/1980 1920/3573/1929
f 1894/3521/1903 1969/3672/1979 1970/3673/1980
f 1970/3674/1980 1939/3623/1948 1920/3675/1929
f 1921/3575/1930 1971/3676/1981 1996/3634/1956
f 1921/3577/1930 1947/3635/1957 1971/3677/1981
f 1948/3636/1958 1947/3635/1957 1896/3523/1905
f 1920/3573/1929 1947/3635/1957 1948/3636/1958
f 1947/3635/1957 1920/3573/1929 1939/3678/1948
f 1587/3243/1594 1972/3679/1982 1828/3401/1837
f 1614/3325/1621 1923/3680/1932 1803/3362/1812
f 1651/3161/1658 1973/3681/1983 1830/3682/1839
f 1417/2655/1424 1734/3250/1743 1544/2874/1551
f 1829/3402/1838 1974/3683/1984 1563/2908/1570
f 1563/3009/1570 1974/3684/1984 1806/3365/1815
f 1707/3193/1716 1850/3444/1859 1884/3504/1893
f 1669/3126/1677 1975/3685/1985 1976/3686/1986
f 1807/3366/1816 1977/3687/1987 1669/3126/1677
f 1898/3688/1907 1978/3689/1988 1807/3690/1816
f 1852/3691/1861 1951/3692/1961 1979/3693/1989
f 1669/3126/1677 1953/3641/1963 1636/3053/1643
f 1951/3692/1961 1900/3694/1909 1979/3693/1989
f 1867/3583/1876 1745/3582/1754 1980/3695/1990
f 1739/3532/1748 1901/3531/1910 1833/3696/1842
f 1981/3697/1991 1902/3534/1911 1675/3533/1683
f 1925/3586/1934 1835/3698/1844 1982/3699/1992
f 1955/3647/1965 1869/3480/1878 1785/3333/1794
f 1885/3505/1894 1983/3700/1993 1715/3209/1724
f 1983/3701/1993 1813/3376/1822 1715/3455/1724
f 1856/3454/1865 1984/3702/1994 1904/3703/1913
f 1904/3538/1913 1956/3648/1966 1656/3097/1663
f 1956/3648/1966 1985/3704/1995 1957/3649/1967
f 1958/3650/1968 1986/3705/1996 1856/3454/1865
f 1653/3706/1660 1839/3707/1848 1955/3708/1965
f 1986/3705/1996 1958/3650/1968 1987/3709/1997
f 1928/3592/1937 1959/3652/1969 1875/3488/1884
f 1927/3591/1936 1801/3546/1810 1622/3545/1629
f 1816/3383/1825 1855/3596/1864 1906/3543/1915
f 1932/3655/1941 1962/3657/1972 1961/3654/1971
f 1935/3615/1944 1936/3612/1945 1962/3710/1972
f 1907/3549/1916 1988/3711/1998 1936/3659/1945
f 1839/3420/1848 1963/3660/1973 1989/3712/1999
f 1911/3554/1920 1966/3667/1976 1963/3660/1973
f 1963/3660/1973 1966/3667/1976 1989/3712/1999
f 1911/3554/1920 1964/3665/1974 1966/3667/1976
f 1990/3713/2000 1631/3714/1638 1917/3715/1926
f 1964/3716/1974 1991/3717/2001 1965/3718/1975
f 1907/3719/1916 1970/3674/1980 1988/3720/1998
f 1907/3719/1916 1914/3563/1923 1970/3674/1980
f 1914/3563/1923 1915/3566/1924 1970/3674/1980
f 1915/3566/1924 1939/3623/1948 1970/3674/1980
f 1916/3567/1925 1992/3721/2002 1939/3623/1948
f 1916/3622/1925 1938/3621/1947 1992/3722/2002
f 1968/3670/1978 1919/3576/1928 1996/3634/1956
f 1996/3634/1956 1971/3676/1981 1968/3670/1978
f 1968/3670/1978 1971/3676/1981 1945/3671/1954
f 1971/3677/1981 1993/3723/2003 1945/3724/1954
f 1945/3631/1954 1993/3725/2003 1969/3672/1979
f 1993/3725/2003 1970/3673/1980 1969/3672/1979
f 1941/3625/1950 1946/3632/1955 1994/3726/2004
f 1944/3633/1953 1995/3727/2005 1946/3632/1955
f 1996/3728/2006 1944/3629/1953 1943/3628/1952
f 1996/3728/2006 1995/3729/2005 1944/3629/1953
f 1971/3677/1981 1947/3635/1957 1993/3723/2003
f 1947/3730/1957 1939/3731/1948 1997/3732/2007
f 1939/3731/1948 1992/3733/2002 1997/3732/2007
f 1997/3732/2007 1998/3734/2008 1947/3730/1957
f 1999/3735/2009 2000/3736/2010 2001/3737/2011
f 1587/3738/1594 1863/3739/1872 1972/3740/1982
f 1704/3741/1713 2002/3742/2012 1863/3743/1872
f 1803/3362/1812 1923/3680/1932 2003/3744/2013
f 1804/3404/1813 1779/3326/1788 1950/3745/1960
f 1779/3326/1788 2004/3746/2014 1950/3745/1960
f 1779/3326/1788 1808/3367/1817 2004/3746/2014
f 2005/3747/2015 1866/3474/1875 1806/3365/1815
f 1884/3504/1893 2006/3748/2016 1805/3364/1814
f 1852/3446/1861 1979/3749/1989 1808/3367/1817
f 1669/3126/1677 1976/3686/1986 1953/3641/1963
f 1867/3583/1876 1980/3695/1990 2007/3750/2017
f 1900/3694/1909 1867/3583/1876 2007/3750/2017
f 1637/3368/1644 1954/3644/1964 1671/3751/1679
f 1952/3643/1962 1981/3697/1991 1675/3533/1683
f 1566/3196/1573 1638/3056/1645 1953/3641/1963
f 1835/3411/1844 1834/3410/1843 1982/3752/1992
f 1745/3265/1754 1744/3264/1753 2008/3753/2018
f 1870/3482/1879 1983/3700/1993 1885/3505/1894
f 1872/3484/1881 1696/3175/1705 1926/3588/1935
f 1955/3754/1965 1742/3261/1751 1869/3589/1878
f 1744/3264/1753 1812/3375/1821 2009/3755/2019
f 1984/3702/1994 1856/3454/1865 1986/3705/1996
f 1631/3714/1638 1905/3540/1914 1576/3539/1583
f 1742/3373/1751 2010/3756/2020 1958/3650/1968
f 1960/3658/1970 1991/3717/2001 1912/3610/1921
f 1960/3658/1970 1961/3757/1971 2011/3758/2021
f 1962/3759/1972 2011/3758/2021 1961/3757/1971
f 1962/3710/1972 1936/3612/1945 2011/3760/2021
f 1878/3761/1887 2012/3762/2022 1913/3561/1922
f 1912/3555/1921 2013/3763/2023 1911/3554/1920
f 1912/3610/1921 1991/3717/2001 2013/3764/2023
f 1911/3554/1920 2013/3763/2023 1964/3665/1974
f 1964/3665/1974 2013/3763/2023 1991/3765/2001
f 1965/3718/1975 1991/3717/2001 2011/3758/2021
f 1936/3659/1945 1988/3711/1998 2014/3766/2024
f 1965/3666/1975 2015/3767/2025 1966/3667/1976
f 2011/3758/2021 2015/3768/2025 1965/3718/1975
f 1970/3674/1980 2016/3769/2026 1988/3720/1998
f 1967/3668/1977 2017/3770/2027 1943/3630/1952
f 1943/3630/1952 2017/3770/2027 2018/3771/2028
f 1943/3628/1952 2018/3772/2028 1996/3728/2006
f 1993/3773/2003 2016/3769/2026 1970/3674/1980
f 1946/3632/1955 1995/3727/2005 1994/3726/2004
f 1996/3728/2006 2018/3772/2028 1995/3729/2005
f 1997/3732/2007 2019/3774/2029 1998/3734/2008
f 1997/3732/2007 1992/3733/2002 2019/3774/2029
f 1999/3775/2009 2001/3776/2011 2020/3777/2030
f 2020/3778/2030 2021/3779/2031 1999/3735/2009
f 2001/3776/2011 2000/3780/2010 2022/3781/2032
f 1649/3782/1656 2002/3783/2012 1704/3784/1713
f 1803/3362/1812 1732/3785/1741 1413/3249/1420
f 2023/3786/2033 1633/3787/1640 1667/3788/1675
f 1802/3360/1811 1171/3047/1178 1705/3191/1714
f 1973/3789/1983 1706/3790/1715 1830/3791/1839
f 2004/3746/2014 1808/3367/1817 2024/3792/2034
f 2025/3793/2035 1734/3794/1743 1668/3795/1676
f 1866/3474/1875 2026/3796/2036 1831/3475/1840
f 2026/3797/2036 1832/3407/1841 1831/3406/1840
f 2027/3798/2037 1898/3526/1907 1615/3007/1622
f 1868/3477/1877 1832/3407/1841 2026/3797/2036
f 2028/3799/2038 1952/3643/1962 1868/3800/1877
f 1979/3693/1989 1900/3694/1909 2007/3750/2017
f 1692/3166/1701 1738/3254/1747 1833/3408/1842
f 1982/3699/1992 1870/3482/1879 1925/3586/1934
f 1903/3645/1912 1872/3484/1881 1926/3588/1935
f 1984/3702/1994 2029/3801/2039 1904/3703/1913
f 1956/3648/1966 1904/3538/1913 2030/3802/2040
f 2009/3755/2019 1812/3375/1821 1957/3649/1967
f 1985/3704/1995 1956/3648/1966 2030/3802/2040
f 1926/3588/1935 1575/3031/1582 1905/3803/1914
f 2031/3804/2041 1886/3508/1895 1874/3805/1883
f 2032/3806/2042 1987/3709/1997 1958/3650/1968
f 2032/3806/2042 1958/3650/1968 2033/3807/2043
f 2010/3756/2020 2033/3807/2043 1958/3650/1968
f 1862/3808/1871 2012/3762/2022 1878/3761/1887
f 1816/3383/1825 2034/3809/2044 1855/3596/1864
f 1960/3658/1970 2011/3758/2021 1991/3717/2001
f 1839/3810/1848 1989/3811/1999 2035/3812/2045
f 2012/3762/2022 1937/3620/1946 1913/3561/1922
f 1936/3813/1945 2014/3814/2024 2011/3815/2021
f 2012/3762/2022 1938/3621/1947 1937/3620/1946
f 1988/3720/1998 2016/3769/2026 2014/3816/2024
f 2036/3817/2046 1966/3818/1976 2037/3819/2047
f 1966/3818/1976 2015/3820/2025 2037/3819/2047
f 1941/3625/1950 2037/3821/2047 2015/3822/2025
f 1941/3625/1950 2015/3822/2025 1967/3668/1977
f 2016/3823/2026 1993/3824/2003 1998/3734/2008
f 1994/3726/2004 2037/3821/2047 1941/3625/1950
f 1993/3824/2003 1947/3730/1957 1998/3734/2008
f 2038/3825/2048 2039/3826/2049 2020/3777/2030
f 2038/3825/2048 2020/3777/2030 2001/3776/2011
f 2039/3826/2049 2021/3827/2031 2020/3777/2030
f 2021/3779/2031 2040/3828/2050 1999/3735/2009
f 2038/3825/2048 2001/3776/2011 2022/3781/2032
f 2040/3828/2050 2000/3736/2010 1999/3735/2009
f 2041/3829/2051 1949/3637/1959 1577/2938/1584
f 1577/2938/1584 1632/3048/1639 2041/3829/2051
f 1689/3162/1698 2042/3830/2052 1651/3161/1658
f 1849/3443/1858 2043/3831/2053 1865/3473/1874
f 1705/3191/1714 1544/3190/1551 2044/3832/2054
f 2044/3832/2054 1544/3190/1551 1734/3833/1743
f 2045/3834/2055 1806/3365/1815 1974/3684/1984
f 2045/3834/2055 2005/3747/2015 1806/3365/1815
f 2025/3793/2035 1668/3795/1676 2046/3835/2056
f 2024/3836/2034 1808/3837/1817 1979/3693/1989
f 2005/3747/2015 2026/3796/2036 1866/3474/1875
f 1615/3007/1622 1706/3192/1715 2027/3798/2037
f 2026/3797/2036 2047/3838/2057 1868/3477/1877
f 1669/3126/1677 1977/3687/1987 1975/3685/1985
f 1692/3369/1701 1954/3644/1964 1809/3370/1818
f 1853/3839/1862 1903/3645/1912 2048/3840/2058
f 1870/3482/1879 1982/3699/1992 2049/3841/2059
f 1870/3482/1879 2050/3842/2060 1983/3700/1993
f 2048/3840/2058 1903/3645/1912 1926/3588/1935
f 1985/3704/1995 2051/3843/2061 1957/3649/1967
f 2030/3802/2040 2051/3843/2061 1985/3704/1995
f 1742/3261/1751 1955/3754/1965 2052/3844/2062
f 1987/3709/1997 2032/3806/2042 2053/3845/2063
f 1928/3592/1937 2054/3846/2064 1959/3652/1969
f 2052/3847/2062 2010/3756/2020 1742/3373/1751
f 1959/3652/1969 2054/3846/2064 1929/3595/1938
f 1930/3848/1939 2012/3762/2022 1862/3808/1871
f 1966/3818/1976 2036/3817/2046 2035/3812/2045
f 2016/3849/2026 2055/3850/2065 2014/3851/2024
f 2037/3821/2047 2056/3852/2066 2036/3853/2046
f 1967/3668/1977 2057/3854/2067 2017/3770/2027
f 2057/3854/2067 2018/3771/2028 2017/3770/2027
f 2016/3823/2026 1998/3734/2008 2058/3855/2068
f 2037/3821/2047 2059/3856/2069 2056/3852/2066
f 1994/3726/2004 2059/3856/2069 2037/3821/2047
f 2057/3857/2067 1994/3726/2004 1995/3727/2005
f 2057/3854/2067 1995/3858/2005 2018/3771/2028
f 1994/3726/2004 2060/3859/2070 2059/3856/2069
f 2000/3736/2010 2061/3860/2071 2022/3861/2032
f 2021/3779/2031 2061/3860/2071 2040/3828/2050
f 2040/3828/2050 2061/3860/2071 2000/3736/2010
f 1992/3733/2002 2062/3862/2072 2019/3774/2029
f 2063/3863/2073 1863/3864/1872 2002/3865/2012
f 1542/2871/1549 1633/3049/1640 2064/3866/2074
f 1883/3503/1892 2065/3867/2075 1923/3579/1932
f 2004/3746/2014 2024/3792/2034 1950/3745/1960
f 1868/3800/1877 2047/3868/2057 2028/3799/2038
f 2007/3750/2017 1980/3695/1990 1979/3693/1989
f 1977/3869/1987 1807/3690/1816 1978/3689/1988
f 1671/3751/1679 2066/3870/2076 1850/3871/1859
f 1853/3447/1862 2048/3872/2058 1760/3291/1769
f 2008/3753/2018 1744/3264/1753 2067/3873/2077
f 1836/3537/1845 2031/3874/2041 1874/3487/1883
f 1957/3875/1967 2051/3876/2061 2009/3877/2019
f 2068/3878/2078 2051/3876/2061 2030/3879/2040
f 1986/3705/1996 1987/3709/1997 2053/3845/2063
f 2069/3880/2079 1955/3881/1965 1839/3810/1848
f 1905/3540/1914 1631/3714/1638 1990/3713/2000
f 2070/3882/2080 1815/3506/1824 1886/3508/1895
f 1929/3883/1938 2012/3884/2022 1930/3885/1939
f 2069/3880/2079 1839/3810/1848 2035/3812/2045
f 1855/3593/1864 2071/3886/2081 1927/3591/1936
f 1989/3811/1999 1966/3818/1976 2035/3812/2045
f 2011/3758/2021 2072/3887/2082 2015/3768/2025
f 2073/3888/2083 2074/3889/2084 2075/3890/2085
f 2073/3888/2083 2076/3891/2086 2074/3889/2084
f 2072/3892/2082 1967/3668/1977 2015/3822/2025
f 2072/3893/2082 2011/3815/2021 2055/3894/2065
f 2055/3894/2065 2011/3815/2021 2014/3814/2024
f 2076/3891/2086 2035/3895/2045 2036/3853/2046
f 2076/3891/2086 2036/3853/2046 2056/3852/2066
f 2055/3850/2065 2016/3849/2026 2077/3896/2087
f 2078/3897/2088 2074/3889/2084 2076/3891/2086
f 2078/3898/2088 2057/3899/2067 2072/3893/2082
f 2072/3892/2082 2057/3854/2067 1967/3668/1977
f 2077/3900/2087 2016/3823/2026 2058/3855/2068
f 2056/3852/2066 2059/3856/2069 2076/3891/2086
f 2059/3856/2069 2078/3897/2088 2076/3891/2086
f 1994/3726/2004 2078/3897/2088 2060/3859/2070
f 2078/3897/2088 1994/3726/2004 2057/3857/2067
f 2059/3856/2069 2060/3859/2070 2078/3897/2088
f 2079/3901/2089 2039/3826/2049 2038/3825/2048
f 2080/3902/2090 2061/3903/2071 2039/3904/2049
f 2039/3905/2049 2061/3860/2071 2021/3779/2031
f 1998/3734/2008 2019/3774/2029 2058/3855/2068
f 2038/3906/2048 2022/3907/2032 2081/3908/2091
f 2081/3908/2091 2022/3907/2032 2080/3902/2090
f 2080/3902/2090 2022/3907/2032 2061/3903/2071
f 2019/3774/2029 2062/3862/2072 2082/3909/2092
f 1732/3785/1741 1803/3362/1812 2083/3910/2093
f 1865/3473/1874 2084/3911/2094 1829/3402/1838
f 2065/3867/2075 1883/3503/1892 1950/3638/1960
f 2046/3912/2056 1668/3125/1676 1805/3364/1814
f 2085/3913/2095 1980/3695/1990 1745/3582/1754
f 2066/3870/2076 1671/3751/1679 1954/3644/1964
f 2085/3913/2095 1745/3582/1754 2008/3914/2018
f 2050/3842/2060 1870/3482/1879 2049/3841/2059
f 2086/3915/2096 1904/3916/1913 2029/3917/2039
f 2068/3878/2078 2030/3879/2040 1904/3916/1913
f 2086/3915/2096 2068/3878/2078 1904/3916/1913
f 1984/3702/1994 1986/3705/1996 2087/3918/2097
f 2087/3918/2097 1986/3705/1996 2053/3845/2063
f 2088/3919/2098 2070/3882/2080 1886/3508/1895
f 1815/3547/1824 2070/3920/2080 1816/3383/1825
f 2089/3921/2099 1927/3591/1936 2071/3886/2081
f 2034/3809/2044 2071/3922/2081 1855/3596/1864
f 2072/3893/2082 2055/3894/2065 2090/3923/2100
f 2055/3850/2065 2077/3896/2087 2091/3924/2101
f 2092/3925/2102 2079/3901/2089 2038/3825/2048
f 2058/3855/2068 2019/3774/2029 2093/3926/2103
f 2092/3927/2102 2038/3928/2048 2094/3929/2104
f 2038/3906/2048 2081/3908/2091 2080/3902/2090
f 2019/3930/2029 2082/3931/2092 2093/3932/2103
f 2038/3906/2048 2095/3933/2105 2094/3934/2104
f 2038/3906/2048 2080/3902/2090 2095/3933/2105
f 2062/3935/2072 2096/3936/2106 2082/3931/2092
f 1992/3733/2002 2096/3937/2106 2062/3862/2072
f 2094/3934/2104 2095/3933/2105 2097/3938/2107
f 2095/3933/2105 2098/3939/2108 2097/3938/2107
f 1613/3003/1620 1346/2528/1353 2099/3940/2109
f 2100/3941/2110 1732/3785/1741 2083/3910/2093
f 1803/3362/1812 2003/3744/2013 2083/3910/2093
f 1633/3787/1640 2023/3786/2033 2064/3942/2074
f 2101/3943/2111 2043/3831/2053 1849/3443/1858
f 1734/3794/1743 2025/3793/2035 2044/3944/2054
f 1706/3790/1715 1973/3789/1983 2102/3945/2112
f 2005/3747/2015 2103/3946/2113 2026/3796/2036
f 2104/3947/2114 2047/3838/2057 2026/3797/2036
f 1850/3871/1859 2066/3870/2076 1884/3948/1893
f 1952/3643/1962 2105/3949/2115 1981/3697/1991
f 1902/3950/1911 2106/3951/2116 1836/3537/1845
f 2050/3952/2060 2107/3953/2117 1983/3954/1993
f 1983/3701/1993 2107/3955/2117 1813/3376/1822
f 2029/3801/2039 1984/3702/1994 2086/3956/2096
f 2051/3876/2061 2068/3878/2078 2108/3957/2118
f 2109/3958/2119 2054/3846/2064 1928/3592/1937
f 2054/3846/2064 2110/3959/2120 1929/3595/1938
f 1929/3960/1938 2110/3961/2120 2012/3962/2022
f 2033/3807/2043 2111/3963/2121 2032/3806/2042
f 2033/3807/2043 2010/3756/2020 2111/3963/2121
f 2071/3886/2081 2112/3964/2122 2089/3921/2099
f 2034/3809/2044 2113/3965/2123 2071/3922/2081
f 2113/3966/2123 2114/3967/2124 2071/3886/2081
f 2073/3888/2083 2115/3968/2125 2076/3891/2086
f 2055/3894/2065 2116/3969/2126 2090/3923/2100
f 2055/3850/2065 2091/3924/2101 2116/3970/2126
f 2076/3891/2086 2092/3971/2102 2035/3895/2045
f 2076/3891/2086 2115/3968/2125 2092/3971/2102
f 2077/3896/2087 2117/3972/2127 2091/3924/2101
f 2058/3973/2068 2118/3974/2128 2117/3972/2127
f 2077/3896/2087 2058/3973/2068 2117/3972/2127
f 2039/3826/2049 2079/3901/2089 2080/3975/2090
f 2095/3933/2105 2080/3902/2090 2119/3976/2129
f 2096/3936/2106 2120/3977/2130 2093/3932/2103
f 2082/3931/2092 2096/3936/2106 2093/3932/2103
f 2096/3936/2106 2121/3978/2131 2120/3977/2130
f 2098/3939/2108 2122/3979/2132 2097/3938/2107
f 1863/3864/1872 2063/3863/2073 1972/3980/1982
f 1632/3048/1639 2123/3981/2133 2041/3829/2051
f 1688/3160/1697 2124/3982/2134 1922/3578/1931
f 1521/3158/1528 1922/3578/1931 1689/3162/1698
f 1865/3473/1874 2043/3831/2053 2084/3911/2094
f 1974/3683/1984 1829/3402/1838 2045/3983/2055
f 2024/3792/2034 2125/3984/2135 1950/3745/1960
f 2126/3985/2136 2026/3796/2036 2103/3946/2113
f 2126/3986/2136 2104/3947/2114 2026/3797/2036
f 2126/3986/2136 2047/3838/2057 2104/3947/2114
f 2127/3987/2137 2028/3799/2038 2047/3868/2057
f 2127/3987/2137 1952/3643/1962 2028/3799/2038
f 2127/3987/2137 2105/3949/2115 1952/3643/1962
f 2128/3988/2138 1980/3695/1990 2085/3913/2095
f 2105/3949/2115 2129/3989/2139 1981/3697/1991
f 2129/3989/2139 1902/3534/1911 1981/3697/1991
f 2085/3990/2095 2008/3753/2018 2067/3873/2077
f 1760/3291/1769 2130/3991/2140 1901/3584/1910
f 2131/3992/2141 1982/3993/1992 1834/3994/1843
f 2031/3874/2041 1836/3537/1845 2106/3951/2116
f 2132/3995/2142 1744/3264/1753 2009/3755/2019
f 2086/3915/2096 2108/3957/2118 2068/3878/2078
f 1813/3376/1822 2109/3958/2119 1928/3592/1937
f 2031/3804/2041 2088/3919/2098 1886/3508/1895
f 2109/3958/2119 2110/3959/2120 2054/3846/2064
f 2133/3996/2143 2034/3809/2044 1816/3383/1825
f 2134/3997/2144 2073/3888/2083 2075/3890/2085
f 2134/3997/2144 2075/3890/2085 2074/3889/2084
f 2073/3888/2083 2134/3997/2144 2115/3968/2125
f 2089/3921/2099 1801/3546/1810 1927/3591/1936
f 2074/3889/2084 2078/3897/2088 2134/3997/2144
f 2134/3998/2144 2078/3999/2088 2079/3901/2089
f 2116/3970/2126 2091/3924/2101 2135/4000/2145
f 2135/4000/2145 2091/3924/2101 2117/3972/2127
f 2058/3973/2068 2093/4001/2103 2118/3974/2128
f 2079/3901/2089 2092/3925/2102 2115/4002/2125
f 2079/4003/2089 2119/3976/2129 2080/3902/2090
f 2136/4004/2146 2095/3933/2105 2119/3976/2129
f 2137/4005/2147 2093/3932/2103 2120/3977/2130
f 2136/4004/2146 2098/3939/2108 2095/3933/2105
f 2096/3936/2106 1992/4006/2002 2121/3978/2131
f 2097/3938/2107 2138/4007/2148 2094/3934/2104
f 2097/3938/2107 2122/3979/2132 2138/4007/2148
f 2139/4008/2149 2122/3979/2132 2098/3939/2108
f 2140/4009/2150 2141/4010/2151 2142/4011/2152
f 2143/4012/2153 2142/4011/2152 2141/4010/2151
f 2063/3863/2073 2002/3865/2012 2144/4013/2154
f 2099/3940/2109 1650/3081/1657 1613/3003/1620
f 2101/4014/2111 1542/4015/1549 2064/4016/2074
f 2083/3910/2093 2003/3744/2013 2145/4017/2155
f 1973/3681/1983 1651/3161/1658 2042/3830/2052
f 1979/3693/1989 2128/3988/2138 2024/3836/2034
f 2024/3836/2034 2128/3988/2138 2146/4018/2156
f 2006/3748/2016 2046/3912/2056 1805/3364/1814
f 1979/3693/1989 1980/3695/1990 2128/3988/2138
f 1975/4019/1985 1977/3869/1987 2147/4020/2157
f 1898/3688/1907 2148/4021/2158 1978/3689/1988
f 2027/4022/2037 2148/4021/2158 1898/3688/1907
f 2149/4023/2159 2129/3989/2139 2105/3949/2115
f 1954/3644/1964 1692/3369/1701 2150/4024/2160
f 2085/3913/2095 2067/4025/2077 2151/4026/2161
f 1926/3588/1935 1905/3803/1914 2048/3840/2058
f 1984/3702/1994 2087/3918/2097 2086/3956/2096
f 2051/3876/2061 2152/4027/2162 2009/3877/2019
f 2051/3876/2061 2153/4028/2163 2152/4027/2162
f 2051/3876/2061 2108/3957/2118 2153/4028/2163
f 2010/3756/2020 2154/4029/2164 2111/3963/2121
f 2010/3756/2020 2052/3847/2062 2154/4029/2164
f 2072/3893/2082 2090/3923/2100 2078/3898/2088
f 2071/3886/2081 2114/3967/2124 2112/3964/2122
f 2134/3998/2144 2079/3901/2089 2115/4002/2125
f 2090/4030/2100 2116/3970/2126 2135/4000/2145
f 2078/3898/2088 2090/3923/2100 2079/4031/2089
f 2117/4032/2127 2155/4033/2165 2135/4034/2145
f 2118/4035/2128 2137/4036/2147 2117/4037/2127
f 2117/4038/2127 2137/4039/2147 2155/4040/2165
f 2093/3932/2103 2137/4005/2147 2118/4041/2128
f 1938/3621/1947 2156/4042/2166 1992/3722/2002
f 2092/3927/2102 2094/3929/2104 2157/4043/2167
f 2119/3976/2129 2158/4044/2168 2136/4004/2146
f 2157/4045/2167 2094/3934/2104 2138/4007/2148
f 1992/4046/2002 2159/4047/2169 2121/4048/2131
f 1992/4046/2002 2160/4049/2170 2159/4047/2169
f 2161/4050/2171 2122/3979/2132 2139/4008/2149
f 2121/4051/2131 2162/4052/2172 2163/4053/2173
f 2121/4048/2131 2159/4047/2169 2162/4054/2172
f 2161/4050/2171 2138/4007/2148 2122/3979/2132
f 2144/4055/2154 1649/4056/1656 1801/4057/1810
f 2164/4058/2174 2165/4059/2175 2166/4060/2176
f 2165/4059/2175 2167/4061/2177 2166/4060/2176
f 2141/4062/2151 2140/4063/2150 2168/4064/2178
f 2166/4060/2176 2169/4065/2179 2164/4058/2174
f 2142/4011/2152 2143/4012/2153 2170/4066/2180
f 2141/4010/2151 2171/4067/2181 2143/4012/2153
f 2143/4012/2153 2171/4067/2181 2172/4068/2182
f 2168/4069/2178 2171/4067/2181 2141/4010/2151
f 2173/4070/2183 2174/4071/2184 2175/4072/2185
f 2174/4071/2184 2176/4073/2186 2175/4072/2185
f 2173/4074/2183 2177/4075/2187 2178/4076/2188
f 2175/4072/2185 2177/4077/2187 2173/4070/2183
f 2175/4072/2185 2176/4073/2186 2177/4077/2187
f 2178/4076/2188 2170/4066/2180 2179/4078/2189
f 2041/3829/2051 2123/3981/2133 1949/3637/1959
f 1650/3081/1657 2180/4079/2190 1667/3123/1675
f 2101/4014/2111 1849/4080/1858 1542/4015/1549
f 2003/3744/2013 1923/3680/1932 2145/4017/2155
f 1950/3638/1960 2125/4081/2135 2065/3867/2075
f 2065/3867/2075 2181/4082/2191 1923/3579/1932
f 2065/3867/2075 2125/4081/2135 2181/4082/2191
f 2024/3836/2034 2146/4018/2156 2125/4083/2135
f 2005/3747/2015 2045/3834/2055 2103/3946/2113
f 2105/3949/2115 2127/3987/2137 2149/4023/2159
f 1978/3689/1988 2182/4084/2192 1977/3869/1987
f 1954/3644/1964 2183/4085/2193 2066/3870/2076
f 2049/4086/2059 2184/4087/2194 2050/3952/2060
f 2106/4088/2116 2185/4089/2195 2031/3804/2041
f 2031/3804/2041 2185/4089/2195 2088/3919/2098
f 2070/3920/2080 2133/3996/2143 1816/3383/1825
f 2110/3961/2120 2186/4090/2196 2012/3962/2022
f 2052/4091/2062 2187/4092/2197 2154/4093/2164
f 2112/3964/2122 2188/4094/2198 2089/3921/2099
f 2090/3923/2100 2189/4095/2199 2079/4031/2089
f 2079/4003/2089 2189/4096/2199 2119/3976/2129
f 2090/4097/2100 2135/4034/2145 2189/4096/2199
f 2119/3976/2129 2189/4096/2199 2190/4098/2200
f 2119/3976/2129 2190/4098/2200 2158/4044/2168
f 2135/4034/2145 2155/4033/2165 2191/4099/2201
f 2092/3927/2102 2157/4043/2167 2035/4100/2045
f 2155/4040/2165 2192/4101/2202 2191/4102/2201
f 2158/4044/2168 2190/4098/2200 2136/4004/2146
f 2120/3977/2130 2192/4103/2202 2137/4005/2147
f 2120/3977/2130 2193/4104/2203 2192/4103/2202
f 2120/3977/2130 2121/3978/2131 2193/4104/2203
f 2098/3939/2108 2136/4004/2146 2139/4008/2149
f 2163/4053/2173 2162/4052/2172 2194/4105/2204
f 2138/4106/2148 2195/4107/2205 2157/4108/2167
f 2165/4059/2175 2196/4109/2206 2167/4061/2177
f 2167/4061/2177 2196/4109/2206 2142/4110/2152
f 2142/4110/2152 2196/4109/2206 2140/4111/2150
f 2166/4060/2176 2176/4073/2186 2169/4065/2179
f 2167/4061/2177 2176/4073/2186 2166/4060/2176
f 2142/4011/2152 2170/4066/2180 2167/4112/2177
f 2143/4012/2153 2179/4078/2189 2170/4066/2180
f 2143/4012/2153 2172/4068/2182 2179/4078/2189
f 2178/4076/2188 2177/4075/2187 2170/4066/2180
f 2172/4068/2182 2197/4113/2207 2179/4078/2189
f 2173/4070/2183 2198/4114/2208 2174/4071/2184
f 2178/4076/2188 2179/4078/2189 2199/4115/2209
f 2173/4074/2183 2178/4076/2188 2200/4116/2210
f 1649/4056/1656 2144/4055/2154 2002/4117/2012
f 2023/4118/2033 2201/4119/2211 2064/4120/2074
f 1705/3191/1714 2202/4121/2212 1802/3360/1811
f 2042/4122/2052 2203/4123/2213 1973/3789/1983
f 2044/3832/2054 2204/4124/2214 1705/3191/1714
f 1973/3789/1983 2205/4125/2215 2102/3945/2112
f 2103/3946/2113 2045/3834/2055 2206/4126/2216
f 2150/4024/2160 2183/4085/2193 1954/3644/1964
f 1692/3369/1701 1833/3696/1842 2150/4024/2160
f 1953/4127/1963 2207/4128/2217 1566/3479/1573
f 1834/3994/1843 2208/4129/2218 2131/3992/2141
f 2048/3840/2058 2209/4130/2219 1760/4131/1769
f 1744/3264/1753 2132/3995/2142 2067/3873/2077
f 1982/3993/1992 2184/4087/2194 2049/4086/2059
f 1905/3803/1914 2210/4132/2220 2048/3840/2058
f 2086/3956/2096 2087/3918/2097 2211/4133/2221
f 1990/3713/2000 2212/4134/2222 1905/3540/1914
f 2087/3918/2097 2053/3845/2063 2211/4133/2221
f 2032/3806/2042 2111/3963/2121 2053/3845/2063
f 2052/4091/2062 1955/3881/1965 2213/4135/2223
f 1955/3881/1965 2069/3880/2079 2213/4135/2223
f 1938/4136/1947 2012/3962/2022 2186/4090/2196
f 2189/4096/2199 2214/4137/2224 2215/4138/2225
f 2189/4096/2199 2136/4004/2146 2190/4098/2200
f 2189/4096/2199 2215/4138/2225 2136/4004/2146
f 2135/4034/2145 2214/4137/2224 2189/4096/2199
f 2135/4034/2145 2216/4139/2226 2214/4137/2224
f 2191/4099/2201 2216/4139/2226 2135/4034/2145
f 2192/4101/2202 2155/4040/2165 2137/4039/2147
f 2215/4138/2225 2214/4137/2224 2136/4004/2146
f 2191/4102/2201 2217/4140/2227 2216/4141/2226
f 2192/4101/2202 2193/4142/2203 2191/4102/2201
f 2136/4004/2146 2214/4137/2224 2139/4008/2149
f 2217/4140/2227 2191/4102/2201 2218/4143/2228
f 2193/4142/2203 2218/4143/2228 2191/4102/2201
f 2218/4143/2228 2163/4053/2173 2219/4144/2229
f 2162/4054/2172 2159/4047/2169 2194/4145/2204
f 1992/4046/2002 2156/4146/2166 2160/4049/2170
f 2161/4050/2171 2220/4147/2230 2138/4007/2148
f 2194/4145/2204 2159/4047/2169 2221/4148/2231
f 2138/4007/2148 2220/4147/2230 2222/4149/2232
f 2159/4047/2169 2223/4150/2233 2221/4148/2231
f 2159/4047/2169 2160/4049/2170 2223/4150/2233
f 2138/4007/2148 2224/4151/2234 2195/4152/2205
f 2138/4007/2148 2222/4149/2232 2224/4151/2234
f 2164/4058/2174 2225/4153/2235 2165/4059/2175
f 2165/4059/2175 2225/4153/2235 2196/4109/2206
f 2140/4063/2150 2226/4154/2236 2168/4064/2178
f 2226/4155/2236 2227/4156/2237 2168/4157/2178
f 2164/4058/2174 2169/4065/2179 2225/4153/2235
f 2167/4061/2177 2177/4077/2187 2176/4073/2186
f 2168/4069/2178 2228/4158/2238 2171/4067/2181
f 2168/4157/2178 2227/4156/2237 2228/4159/2238
f 2170/4066/2180 2177/4075/2187 2167/4112/2177
f 2171/4067/2181 2229/4160/2239 2172/4068/2182
f 2228/4158/2238 2227/4161/2237 2230/4162/2240
f 2174/4071/2184 2169/4065/2179 2176/4073/2186
f 2172/4068/2182 2231/4163/2241 2197/4113/2207
f 2197/4113/2207 2232/4164/2242 2179/4078/2189
f 2197/4113/2207 2231/4163/2241 2232/4164/2242
f 2173/4074/2183 2233/4165/2243 2198/4166/2208
f 2173/4074/2183 2200/4116/2210 2233/4165/2243
f 1972/4167/1982 2063/4168/2073 2234/4169/2244
f 1667/3788/1675 2235/4170/2245 2023/3786/2033
f 1802/3360/1811 2202/4121/2212 2236/4171/2246
f 2043/3831/2053 2237/4172/2247 2084/3911/2094
f 2125/4083/2135 2146/4018/2156 2238/4173/2248
f 2103/3946/2113 2206/4126/2216 2126/3985/2136
f 2046/3835/2056 2006/4174/2016 2025/3793/2035
f 2085/3913/2095 2239/4175/2249 2128/3988/2138
f 1976/4176/1986 2147/4020/2157 1953/4177/1963
f 1902/4178/1911 2240/4179/2250 2106/4180/2116
f 2131/3992/2141 2241/4181/2251 1982/3993/1992
f 2050/3952/2060 2184/4087/2194 2107/3953/2117
f 2210/4132/2220 2209/4130/2219 2048/3840/2058
f 2212/4182/2222 2210/4132/2220 1905/3803/1914
f 2053/3845/2063 2111/3963/2121 2211/4133/2221
f 2110/3959/2120 2109/3958/2119 2242/4183/2252
f 2154/4029/2164 2187/4184/2197 2243/4185/2253
f 2052/4091/2062 2244/4186/2254 2187/4092/2197
f 2052/4091/2062 2213/4135/2223 2244/4186/2254
f 2114/3967/2124 2245/4187/2255 2112/3964/2122
f 2089/3921/2099 2188/4094/2198 1801/3546/1810
f 2214/4137/2224 2246/4188/2256 2139/4008/2149
f 2217/4140/2227 2247/4189/2257 2216/4141/2226
f 2139/4008/2149 2248/4190/2258 2161/4050/2171
f 2246/4188/2256 2248/4190/2258 2139/4008/2149
f 2217/4140/2227 2219/4144/2229 2247/4189/2257
f 2218/4143/2228 2219/4144/2229 2217/4140/2227
f 2163/4053/2173 2218/4143/2228 2193/4142/2203
f 2163/4053/2173 2193/4142/2203 2121/4051/2131
f 2163/4053/2173 2194/4105/2204 2219/4144/2229
f 2219/4144/2229 2194/4105/2204 2226/4155/2236
f 2221/4148/2231 2249/4191/2259 2194/4145/2204
f 2221/4148/2231 2223/4150/2233 2249/4191/2259
f 2160/4049/2170 2156/4146/2166 2223/4150/2233
f 2195/4107/2205 2250/4192/2260 2157/4108/2167
f 2220/4193/2230 2250/4192/2260 2222/4194/2232
f 2226/4155/2236 2251/4195/2261 2227/4156/2237
f 2195/4107/2205 2224/4196/2234 2250/4192/2260
f 2222/4194/2232 2250/4192/2260 2224/4196/2234
f 2227/4197/2237 2251/4198/2261 2252/4199/2262
f 2171/4067/2181 2253/4200/2263 2229/4160/2239
f 2228/4158/2238 2253/4200/2263 2171/4067/2181
f 2228/4158/2238 2230/4162/2240 2253/4200/2263
f 2227/4197/2237 2252/4199/2262 2230/4201/2240
f 2252/4199/2262 2254/4202/2264 2230/4201/2240
f 2230/4162/2240 2255/4203/2265 2253/4200/2263
f 2230/4201/2240 2254/4202/2264 2255/4204/2265
f 1972/4167/1982 2234/4169/2244 2256/4205/2266
f 2172/4068/2182 2229/4160/2239 2231/4163/2241
f 2199/4115/2209 2179/4078/2189 2257/4206/2267
f 2179/4078/2189 2232/4164/2242 2257/4206/2267
f 2233/4207/2243 2258/4208/2268 2198/4209/2208
f 1732/3246/1741 2259/4210/2269 1666/3247/1674
f 1732/4211/1741 2100/4212/2110 2259/4213/2269
f 1923/4214/1932 2181/4215/2191 2260/4216/2270
f 2181/4215/2191 2125/4083/2135 2238/4173/2248
f 2261/4217/2271 2047/3868/2057 2126/4218/2136
f 2047/3868/2057 2261/4217/2271 2127/3987/2137
f 2147/4020/2157 1976/4176/1986 1975/4019/1985
f 2262/4219/2272 2207/4128/2217 1953/4127/1963
f 1901/3531/1910 2150/4024/2160 1833/3696/1842
f 2207/4128/2217 1834/3410/1843 1566/3479/1573
f 1982/3993/1992 2241/4181/2251 2184/4087/2194
f 1813/3376/1822 2107/3955/2117 2184/4220/2194
f 2263/4221/2273 2211/4133/2221 2111/3963/2121
f 2264/4222/2274 2070/3882/2080 2088/3919/2098
f 2264/4223/2274 2265/4224/2275 2070/3920/2080
f 2265/4224/2275 2133/3996/2143 2070/3920/2080
f 2244/4186/2254 2213/4135/2223 2069/3880/2079
f 2186/4225/2196 2156/4146/2166 1938/4226/1947
f 2069/3880/2079 2035/3812/2045 2157/4227/2167
f 2248/4190/2258 2246/4188/2256 2214/4137/2224
f 2266/4228/2276 2220/4193/2230 2267/4229/2277
f 2267/4230/2277 2220/4147/2230 2161/4050/2171
f 2247/4189/2257 2219/4144/2229 2226/4155/2236
f 2194/4145/2204 2249/4191/2259 2268/4231/2278
f 2269/4232/2279 2157/4108/2167 2266/4228/2276
f 2266/4228/2276 2157/4108/2167 2250/4192/2260
f 2220/4193/2230 2266/4228/2276 2250/4192/2260
f 2156/4146/2166 2249/4191/2259 2223/4150/2233
f 2225/4233/2235 2169/4234/2179 2270/4235/2280
f 2271/4236/2281 2229/4160/2239 2253/4200/2263
f 2252/4199/2262 2253/4237/2263 2272/4238/2282
f 2252/4199/2262 2272/4238/2282 2254/4202/2264
f 2255/4203/2265 2272/4239/2282 2253/4200/2263
f 2255/4204/2265 2254/4202/2264 2272/4238/2282
f 2174/4240/2184 2270/4241/2280 2169/4242/2179
f 2273/4243/2283 2274/4244/2284 2231/4163/2241
f 2229/4160/2239 2273/4243/2283 2231/4163/2241
f 2174/4240/2184 2198/4209/2208 2270/4241/2280
f 2232/4164/2242 2231/4163/2241 2274/4244/2284
f 2178/4076/2188 2199/4115/2209 2200/4116/2210
f 2200/4116/2210 2199/4115/2209 2275/4245/2285
f 2275/4245/2285 2199/4115/2209 2257/4206/2267
f 1949/3637/1959 2123/3981/2133 1897/3525/1906
f 2180/4246/2190 2235/4170/2245 1667/3788/1675
f 2100/3941/2110 2083/3910/2093 2276/4247/2286
f 2277/4248/2287 2043/4249/2053 2101/4014/2111
f 2277/4250/2287 2237/4172/2247 2043/3831/2053
f 2278/4251/2288 2204/4124/2214 2044/3832/2054
f 2084/3911/2094 2045/3983/2055 1829/3402/1838
f 2025/4252/2035 2279/4253/2289 2044/4254/2054
f 1706/3790/1715 2280/4255/2290 2027/4256/2037
f 2261/4217/2271 2149/4023/2159 2127/3987/2137
f 2085/3913/2095 2281/4257/2291 2239/4175/2249
f 2129/3989/2139 2240/4258/2250 1902/3534/1911
f 2132/4259/2142 2009/3877/2019 2152/4027/2162
f 2152/4027/2162 2153/4028/2163 2282/4260/2292
f 2086/3915/2096 2211/4261/2221 2108/3957/2118
f 2212/4262/2222 2283/4263/2293 2210/4264/2220
f 2211/4261/2221 2284/4265/2294 2108/3957/2118
f 1990/3713/2000 2285/4266/2295 2212/4134/2222
f 2243/4267/2253 2187/4092/2197 2244/4186/2254
f 2286/4268/2296 2113/3965/2123 2034/3809/2044
f 2069/3880/2079 2287/4269/2297 2244/4186/2254
f 2245/4187/2255 2188/4094/2198 2112/3964/2122
f 2216/4139/2226 2248/4190/2258 2214/4137/2224
f 2288/4270/2298 2226/4155/2236 2194/4105/2204
f 2288/4270/2298 2251/4195/2261 2226/4155/2236
f 2226/4154/2236 2140/4063/2150 2289/4271/2299
f 2269/4232/2279 2290/4272/2300 2157/4108/2167
f 2251/4198/2261 2271/4273/2281 2252/4199/2262
f 2271/4274/2281 2253/4275/2263 2252/4276/2262
f 2229/4160/2239 2271/4236/2281 2273/4243/2283
f 2291/4277/2301 2292/4278/2302 2273/4279/2283
f 2273/4243/2283 2271/4236/2281 2291/4280/2301
f 2273/4243/2283 2292/4281/2302 2274/4244/2284
f 2232/4164/2242 2293/4282/2303 2294/4283/2304
f 2274/4244/2284 2295/4284/2305 2232/4164/2242
f 2232/4164/2242 2295/4284/2305 2293/4282/2303
f 2274/4244/2284 2292/4281/2302 2295/4284/2305
f 2294/4283/2304 2257/4206/2267 2232/4164/2242
f 2296/4285/2306 2275/4245/2285 2257/4206/2267
f 2258/4208/2268 2297/4286/2307 2298/4287/2308
f 2258/4208/2268 2299/4288/2309 2297/4286/2307
f 2233/4207/2243 2300/4289/2310 2258/4208/2268
f 2200/4290/2210 2300/4291/2310 2233/4292/2243
f 2297/4293/2307 2301/4294/2311 2302/4295/2312
f 2297/4293/2307 2299/4296/2309 2301/4294/2311
f 1897/3525/1906 2124/3982/2134 1688/3160/1697
f 1922/3578/1931 2124/3982/2134 2303/4297/2313
f 2276/4247/2286 2083/3910/2093 2145/4017/2155
f 1689/3162/1698 2303/4297/2313 2042/3830/2052
f 2237/4172/2247 2304/4298/2314 2084/3911/2094
f 2238/4173/2248 2146/4018/2156 2305/4299/2315
f 2006/4174/2016 2306/4300/2316 2025/3793/2035
f 2131/3992/2141 2208/4129/2218 2241/4181/2251
f 2153/4028/2163 2108/3957/2118 2282/4260/2292
f 2108/3957/2118 2307/4301/2317 2282/4260/2292
f 2263/4221/2273 2308/4302/2318 2211/4133/2221
f 2111/3963/2121 2309/4303/2319 2263/4221/2273
f 2242/4304/2252 2310/4305/2320 2110/3961/2120
f 2110/3961/2120 2310/4305/2320 2311/4306/2321
f 2110/3961/2120 2311/4306/2321 2186/4090/2196
f 2244/4186/2254 2287/4269/2297 2243/4267/2253
f 2114/3967/2124 2312/4307/2322 2245/4187/2255
f 1972/4167/1982 2256/4205/2266 1917/4308/1926
f 2247/4309/2257 2248/4310/2258 2216/4311/2226
f 2069/4312/2079 2157/4313/2167 2313/4314/2323
f 2161/4315/2171 2314/4316/2324 2267/4229/2277
f 2247/4309/2257 2315/4317/2325 2248/4310/2258
f 2247/4309/2257 2289/4318/2299 2315/4317/2325
f 2247/4309/2257 2226/4319/2236 2289/4318/2299
f 2156/4146/2166 2268/4231/2278 2249/4191/2259
f 2266/4228/2276 2316/4320/2326 2269/4232/2279
f 2196/4321/2206 2317/4322/2327 2140/4063/2150
f 2140/4063/2150 2317/4322/2327 2289/4271/2299
f 2269/4232/2279 2316/4320/2326 2290/4272/2300
f 2271/4273/2281 2251/4198/2261 2318/4323/2328
f 2234/4169/2244 2319/4324/2329 2256/4205/2266
f 2316/4320/2326 2320/4325/2330 2290/4272/2300
f 2290/4272/2300 2321/4326/2331 2157/4108/2167
f 2290/4272/2300 2320/4325/2330 2321/4326/2331
f 2291/4277/2301 2322/4327/2332 2292/4278/2302
f 2271/4236/2281 2322/4328/2332 2291/4280/2301
f 2295/4284/2305 2292/4281/2302 2322/4329/2332
f 2257/4206/2267 2323/4330/2333 2296/4285/2306
f 2198/4209/2208 2298/4287/2308 2324/4331/2334
f 2258/4208/2268 2298/4287/2308 2198/4209/2208
f 2325/4332/2335 1801/4333/1810 2188/4334/2198
f 2297/4293/2307 2326/4335/2336 2298/4336/2308
f 1801/4333/1810 2325/4332/2335 2144/4337/2154
f 2302/4295/2312 2326/4335/2336 2297/4293/2307
f 2299/4288/2309 2258/4208/2268 2300/4289/2310
f 2300/4338/2310 2301/4294/2311 2299/4296/2309
f 2326/4335/2336 2302/4295/2312 2327/4339/2337
f 2302/4295/2312 2301/4294/2311 2327/4339/2337
f 1802/3360/1811 2236/4171/2246 1632/3048/1639
f 2279/4253/2289 2278/4340/2288 2044/4254/2054
f 2238/4173/2248 2305/4299/2315 2181/4215/2191
f 1706/3790/1715 2102/3945/2112 2280/4255/2290
f 1884/4341/1893 2306/4342/2316 2006/4343/2016
f 2328/4344/2338 2149/4023/2159 2261/4217/2271
f 1953/4177/1963 2147/4020/2157 2262/4345/2272
f 2183/4346/2193 1884/4341/1893 2066/4347/2076
f 2150/4024/2160 1901/3531/1910 2329/4348/2339
f 2106/4088/2116 2330/4349/2340 2185/4089/2195
f 2184/4087/2194 2241/4181/2251 2331/4350/2341
f 1813/4351/1822 2184/4352/2194 2332/4353/2342
f 1813/3376/1822 2332/4354/2342 2109/3958/2119
f 2152/4027/2162 2282/4260/2292 2132/4259/2142
f 2210/4132/2220 2333/4355/2343 2209/4130/2219
f 2307/4301/2317 2108/3957/2118 2284/4265/2294
f 2211/4133/2221 2308/4302/2318 2284/4356/2294
f 2263/4221/2273 2309/4303/2319 2308/4302/2318
f 2109/3958/2119 2334/4357/2344 2242/4183/2252
f 2334/4358/2344 2335/4359/2345 2242/4304/2252
f 2212/4262/2222 2285/4360/2295 2283/4263/2293
f 2242/4304/2252 2335/4359/2345 2310/4305/2320
f 2286/4268/2296 2114/4361/2124 2113/3965/2123
f 2114/4361/2124 2336/4362/2346 2312/4363/2322
f 1828/4364/1837 1972/4167/1982 1917/4308/1926
f 2069/4365/2079 2337/4366/2347 2287/4367/2297
f 2338/4368/2348 2156/4146/2166 2186/4225/2196
f 2339/4369/2349 2248/4310/2258 2340/4370/2350
f 2340/4370/2350 2248/4310/2258 2315/4317/2325
f 2340/4370/2350 2315/4317/2325 2341/4371/2351
f 2188/4094/2198 2245/4187/2255 2342/4372/2352
f 2161/4050/2171 2248/4190/2258 2314/4373/2324
f 2268/4231/2278 2156/4146/2166 2338/4368/2348
f 2225/4233/2235 2343/4374/2353 2344/4375/2354
f 2225/4153/2235 2344/4376/2354 2196/4109/2206
f 2288/4377/2298 2318/4323/2328 2251/4198/2261
f 2225/4233/2235 2270/4235/2280 2343/4374/2353
f 2270/4241/2280 2198/4209/2208 2324/4331/2334
f 2322/4329/2332 2293/4282/2303 2295/4284/2305
f 2294/4283/2304 2323/4330/2333 2257/4206/2267
f 2234/4169/2244 2063/4168/2073 2319/4324/2329
f 2345/4378/2355 2157/4379/2167 2346/4380/2356
f 2157/4108/2167 2321/4326/2331 2346/4381/2356
f 2275/4245/2285 2296/4285/2306 2200/4116/2210
f 2298/4336/2308 2326/4335/2336 2347/4382/2357
f 2200/4290/2210 2348/4383/2358 2300/4291/2310
f 2326/4335/2336 2349/4384/2359 2347/4382/2357
f 2349/4384/2359 2301/4294/2311 2347/4382/2357
f 2301/4294/2311 2350/4385/2360 2347/4382/2357
f 2326/4335/2336 2327/4339/2337 2349/4384/2359
f 2327/4339/2337 2301/4294/2311 2349/4384/2359
f 1897/3525/1906 2123/3981/2133 2351/4386/2361
f 2352/4387/2362 2353/4388/2363 2354/4389/2364
f 2354/4390/2364 2353/4391/2363 2355/4392/2365
f 2064/4016/2074 2356/4393/2366 2101/4014/2111
f 2101/4014/2111 2356/4393/2366 2277/4248/2287
f 2304/4298/2314 2045/3983/2055 2084/3911/2094
f 2305/4299/2315 2146/4018/2156 2128/3988/2138
f 2206/4394/2216 2357/4395/2367 2126/4218/2136
f 2329/4348/2339 2183/4085/2193 2150/4024/2160
f 2240/4258/2250 2129/3989/2139 2149/4023/2159
f 2130/4396/2140 1760/4131/1769 2358/4397/2368
f 2067/3873/2077 2132/3995/2142 2359/4398/2369
f 2241/4181/2251 2360/4399/2370 2331/4350/2341
f 2109/3958/2119 2332/4354/2342 2334/4357/2344
f 2308/4302/2318 2361/4400/2371 2284/4356/2294
f 2308/4302/2318 2309/4303/2319 2361/4400/2371
f 2111/3963/2121 2362/4401/2372 2309/4303/2319
f 2310/4305/2320 2335/4359/2345 2311/4306/2321
f 2267/4229/2277 2314/4316/2324 2363/4402/2373
f 2267/4229/2277 2363/4402/2373 2266/4228/2276
f 2363/4402/2373 2364/4403/2374 2266/4228/2276
f 2288/4404/2298 2268/4231/2278 2365/4405/2375
f 2194/4145/2204 2268/4231/2278 2288/4404/2298
f 2266/4228/2276 2364/4403/2374 2316/4320/2326
f 2364/4403/2374 2366/4406/2376 2316/4320/2326
f 2367/4407/2377 2289/4271/2299 2317/4322/2327
f 2288/4404/2298 2365/4405/2375 2318/4408/2328
f 2343/4374/2353 2270/4235/2280 2344/4375/2354
f 2367/4407/2377 2368/4409/2378 2289/4271/2299
f 2289/4271/2299 2368/4409/2378 2369/4410/2379
f 2289/4271/2299 2369/4410/2379 2365/4411/2375
f 2270/4412/2280 2370/4413/2380 2344/4414/2354
f 2369/4410/2379 2368/4409/2378 2371/4415/2381
f 2271/4416/2281 2369/4410/2379 2371/4415/2381
f 2318/4323/2328 2369/4417/2379 2271/4273/2281
f 2316/4320/2326 2366/4406/2376 2320/4325/2330
f 2271/4418/2281 2371/4419/2381 2322/4420/2332
f 2270/4241/2280 2324/4331/2334 2372/4421/2382
f 2322/4420/2332 2371/4419/2381 2293/4422/2303
f 2293/4282/2303 2323/4330/2333 2294/4283/2304
f 2298/4287/2308 2350/4423/2360 2324/4331/2334
f 2298/4336/2308 2347/4382/2357 2350/4385/2360
f 2188/4424/2198 2342/4425/2352 2325/4426/2335
f 2300/4338/2310 2350/4385/2360 2301/4294/2311
f 2099/4427/2109 2373/4428/2383 1650/4429/1657
f 1650/4429/1657 2373/4428/2383 2374/4430/2384
f 1650/4429/1657 2374/4430/2384 2180/4431/2190
f 1922/3578/1931 2303/4297/2313 1689/3162/1698
f 2276/4247/2286 2145/4017/2155 2375/4432/2385
f 2352/4387/2362 2376/4433/2386 2353/4388/2363
f 2354/4389/2364 2355/4434/2365 2377/4435/2387
f 2355/4436/2365 2353/4388/2363 2376/4433/2386
f 2145/4017/2155 1923/3680/1932 2260/4437/2270
f 2261/4217/2271 2126/4218/2136 2357/4395/2367
f 1977/3869/1987 2182/4084/2192 2147/4020/2157
f 2378/4438/2388 2182/4084/2192 1978/3689/1988
f 2379/4439/2389 2149/4023/2159 2328/4344/2338
f 2085/3913/2095 2151/4026/2161 2281/4257/2291
f 2358/4397/2368 1760/4131/1769 2209/4130/2219
f 2307/4301/2317 2284/4265/2294 2361/4440/2371
f 2283/4441/2293 2333/4355/2343 2210/4132/2220
f 2335/4359/2345 2380/4442/2390 2311/4306/2321
f 1990/4443/2000 1917/4444/1926 2285/4445/2295
f 2381/4446/2391 2264/4222/2274 2088/3919/2098
f 2382/4447/2392 2383/4448/2393 2311/4306/2321
f 2383/4448/2393 2186/4090/2196 2311/4306/2321
f 2384/4449/2394 2245/4187/2255 2312/4307/2322
f 2340/4370/2350 2341/4371/2351 2385/4450/2395
f 2386/4451/2396 2268/4231/2278 2338/4368/2348
f 2069/4365/2079 2313/4452/2323 2337/4366/2347
f 2387/4453/2397 2248/4310/2258 2339/4369/2349
f 2268/4231/2278 2386/4451/2396 2388/4454/2398
f 2387/4455/2397 2314/4456/2324 2248/4457/2258
f 2341/4371/2351 2315/4317/2325 2389/4458/2399
f 2389/4458/2399 2315/4317/2325 2289/4318/2299
f 2268/4231/2278 2390/4459/2400 2391/4460/2401
f 2268/4231/2278 2388/4454/2398 2390/4459/2400
f 2289/4318/2299 2365/4461/2375 2391/4462/2401
f 2391/4460/2401 2365/4405/2375 2268/4231/2278
f 2392/4463/2402 2366/4406/2376 2364/4403/2374
f 2365/4405/2375 2369/4464/2379 2318/4408/2328
f 2392/4463/2402 2320/4325/2330 2366/4406/2376
f 2393/4465/2403 2370/4413/2380 2270/4412/2280
f 2270/4241/2280 2372/4421/2382 2393/4466/2403
f 2394/4467/2404 2321/4468/2331 2320/4469/2330
f 2393/4465/2403 2372/4470/2382 2395/4471/2405
f 2395/4472/2405 2372/4421/2382 2324/4331/2334
f 2396/4473/2406 2346/4474/2356 2321/4468/2331
f 2396/4473/2406 2397/4475/2407 2346/4474/2356
f 2348/4476/2358 2200/4477/2210 2296/4478/2306
f 2398/4479/2408 2345/4480/2355 2346/4474/2356
f 2397/4475/2407 2398/4479/2408 2346/4474/2356
f 2345/4481/2355 2398/4482/2408 2399/4483/2409
f 2144/4484/2154 2325/4485/2335 2400/4486/2410
f 2259/4213/2269 2100/4212/2110 2401/4487/2411
f 2401/4488/2411 2100/3941/2110 2375/4432/2385
f 2100/3941/2110 2276/4247/2286 2375/4432/2385
f 2201/4489/2211 2356/4393/2366 2064/4016/2074
f 2402/4490/2412 2354/4389/2364 2377/4435/2387
f 2402/4490/2412 2352/4387/2362 2354/4389/2364
f 2303/4297/2313 2403/4491/2413 2042/3830/2052
f 2202/4121/2212 1705/3191/1714 2204/4124/2214
f 2403/4491/2413 2203/4492/2213 2042/3830/2052
f 2237/4172/2247 2277/4250/2287 2304/4298/2314
f 2279/4253/2289 2025/4252/2035 2306/4493/2316
f 2205/4125/2215 2404/4494/2414 2102/3945/2112
f 2405/4495/2415 2357/4395/2367 2206/4394/2216
f 2027/4022/2037 2280/4496/2290 2148/4021/2158
f 1884/4341/1893 2183/4346/2193 2306/4342/2316
f 2184/4352/2194 2406/4497/2416 2332/4353/2342
f 2241/4181/2251 2208/4129/2218 2360/4399/2370
f 2407/4498/2417 2408/4499/2418 2264/4223/2274
f 2185/4089/2195 2381/4446/2391 2088/3919/2098
f 2264/4222/2274 2381/4446/2391 2407/4500/2417
f 2286/4268/2296 2034/3809/2044 2133/3996/2143
f 2382/4447/2392 2311/4306/2321 2380/4442/2390
f 2186/4501/2196 2409/4502/2419 2338/4503/2348
f 2340/4370/2350 2385/4450/2395 2339/4369/2349
f 2410/4504/2420 2386/4451/2396 2338/4368/2348
f 2339/4369/2349 2385/4450/2395 2387/4453/2397
f 2410/4505/2420 2411/4506/2421 2386/4507/2396
f 2289/4318/2299 2412/4508/2422 2389/4458/2399
f 2289/4318/2299 2391/4462/2401 2412/4508/2422
f 2344/4509/2354 2413/4510/2423 2196/4511/2206
f 2196/4512/2206 2413/4513/2423 2414/4514/2424
f 2196/4321/2206 2414/4515/2424 2317/4322/2327
f 2392/4516/2402 2394/4467/2404 2320/4469/2330
f 2368/4517/2378 2415/4518/2425 2371/4419/2381
f 2415/4518/2425 2416/4519/2426 2293/4422/2303
f 2415/4518/2425 2293/4422/2303 2371/4419/2381
f 2416/4520/2426 2323/4330/2333 2293/4282/2303
f 2323/4330/2333 2416/4520/2426 2296/4285/2306
f 2348/4383/2358 2350/4521/2360 2300/4291/2310
f 2157/4313/2167 2345/4522/2355 2313/4314/2323
f 2398/4479/2408 2397/4475/2407 2417/4523/2427
f 2417/4524/2427 2399/4483/2409 2398/4482/2408
f 2351/4386/2361 2123/3981/2133 2236/4171/2246
f 2236/4171/2246 2123/3981/2133 1632/3048/1639
f 2180/4431/2190 2374/4430/2384 2235/4525/2245
f 2418/4526/2428 2402/4490/2412 2377/4435/2387
f 2377/4435/2387 2419/4527/2429 2418/4526/2428
f 2377/4435/2387 2355/4434/2365 2419/4527/2429
f 2045/4528/2055 2405/4495/2415 2206/4394/2216
f 2357/4395/2367 2420/4529/2430 2261/4217/2271
f 2149/4530/2159 2379/4531/2389 2240/4532/2250
f 2208/4129/2218 2421/4533/2431 2360/4399/2370
f 2331/4350/2341 2360/4399/2370 2422/4534/2432
f 2360/4399/2370 2421/4533/2431 2422/4534/2432
f 2132/4259/2142 2282/4260/2292 2423/4535/2433
f 2332/4536/2342 2424/4537/2434 2334/4538/2344
f 2361/4400/2371 2309/4303/2319 2425/4539/2435
f 2426/4540/2436 2282/4260/2292 2307/4301/2317
f 2334/4358/2344 2427/4541/2437 2335/4359/2345
f 2427/4541/2437 2428/4542/2438 2335/4359/2345
f 2335/4359/2345 2428/4542/2438 2429/4543/2439
f 2335/4359/2345 2429/4543/2439 2380/4442/2390
f 2286/4268/2296 2336/4362/2346 2114/4361/2124
f 2382/4447/2392 2430/4544/2440 2383/4448/2393
f 2385/4450/2395 2341/4371/2351 2431/4545/2441
f 2387/4453/2397 2385/4450/2395 2432/4546/2442
f 2411/4547/2421 2433/4548/2443 2388/4454/2398
f 2390/4459/2400 2388/4454/2398 2433/4548/2443
f 2386/4451/2396 2411/4547/2421 2388/4454/2398
f 2341/4371/2351 2389/4458/2399 2434/4549/2444
f 2389/4458/2399 2435/4550/2445 2434/4549/2444
f 2436/4551/2446 2434/4552/2444 2435/4553/2445
f 2390/4459/2400 2436/4551/2446 2435/4553/2445
f 2389/4458/2399 2412/4508/2422 2435/4550/2445
f 2390/4459/2400 2435/4553/2445 2391/4460/2401
f 2412/4554/2422 2391/4460/2401 2435/4553/2445
f 2363/4402/2373 2437/4555/2447 2364/4403/2374
f 2344/4556/2354 2438/4557/2448 2413/4558/2423
f 2367/4407/2377 2317/4322/2327 2439/4559/2449
f 2364/4403/2374 2437/4555/2447 2392/4463/2402
f 2344/4414/2354 2370/4413/2380 2438/4560/2448
f 2367/4407/2377 2439/4559/2449 2368/4409/2378
f 2368/4409/2378 2440/4561/2450 2415/4562/2425
f 2321/4468/2331 2394/4467/2404 2396/4473/2406
f 2296/4478/2306 2416/4563/2426 2441/4564/2451
f 2395/4472/2405 2324/4331/2334 2442/4565/2452
f 2324/4566/2334 2350/4521/2360 2442/4567/2452
f 2296/4478/2306 2441/4564/2451 2348/4476/2358
f 2350/4521/2360 2348/4383/2358 2443/4568/2453
f 2397/4475/2407 2444/4569/2454 2417/4523/2427
f 2445/4570/2455 2442/4567/2452 2350/4521/2360
f 2445/4570/2455 2350/4521/2360 2443/4568/2453
f 2399/4483/2409 2417/4524/2427 2446/4571/2456
f 2417/4524/2427 2444/4572/2454 2446/4571/2456
f 2313/4573/2323 2345/4481/2355 2399/4483/2409
f 2144/4574/2154 2447/4575/2457 2063/4576/2073
f 2400/4486/2410 2448/4577/2458 2144/4484/2154
f 1666/3122/1674 2259/4578/2269 2449/4579/2459
f 2235/4170/2245 2450/4580/2460 2023/3786/2033
f 2402/4490/2412 2451/4581/2461 2452/4582/2462
f 2352/4387/2362 2452/4582/2462 2376/4433/2386
f 2402/4490/2412 2452/4582/2462 2352/4387/2362
f 2419/4583/2429 2452/4582/2462 2451/4581/2461
f 2419/4583/2429 2355/4436/2365 2452/4582/2462
f 2355/4436/2365 2376/4433/2386 2452/4582/2462
f 2277/4248/2287 2356/4393/2366 2453/4584/2463
f 2145/4585/2155 2260/4586/2270 2454/4587/2464
f 2304/4588/2314 2405/4589/2415 2045/4590/2055
f 2102/3945/2112 2404/4494/2414 2280/4255/2290
f 2378/4438/2388 1978/3689/1988 2148/4021/2158
f 2378/4438/2388 2147/4020/2157 2182/4084/2192
f 2151/4591/2161 2067/4592/2077 2359/4593/2369
f 1834/3994/1843 2455/4594/2465 2208/4129/2218
f 2421/4533/2431 2208/4129/2218 2456/4595/2466
f 2208/4129/2218 2455/4594/2465 2456/4595/2466
f 2361/4440/2371 2425/4596/2435 2457/4597/2467
f 2111/3963/2121 2458/4598/2468 2362/4401/2372
f 2424/4537/2434 2459/4599/2469 2334/4538/2344
f 2282/4260/2292 2426/4540/2436 2460/4600/2470
f 2459/4601/2469 2427/4541/2437 2334/4358/2344
f 2408/4499/2418 2265/4224/2275 2264/4223/2274
f 2427/4541/2437 2429/4543/2439 2428/4542/2438
f 2429/4543/2439 2461/4602/2471 2380/4442/2390
f 2461/4602/2471 2382/4447/2392 2380/4442/2390
f 2461/4602/2471 2430/4544/2440 2382/4447/2392
f 2430/4544/2440 2461/4602/2471 2383/4448/2393
f 2336/4362/2346 2384/4603/2394 2312/4363/2322
f 2461/4602/2471 2186/4090/2196 2383/4448/2393
f 2409/4502/2419 2410/4505/2420 2338/4503/2348
f 2342/4372/2352 2245/4187/2255 2384/4449/2394
f 2390/4459/2400 2433/4548/2443 2436/4551/2446
f 2432/4604/2442 2462/4605/2472 2387/4606/2397
f 2463/4607/2473 2363/4608/2373 2314/4609/2324
f 2363/4608/2373 2463/4607/2473 2437/4610/2447
f 2439/4559/2449 2440/4561/2450 2368/4409/2378
f 2437/4610/2447 2464/4611/2474 2392/4612/2402
f 2370/4413/2380 2393/4465/2403 2465/4613/2475
f 2392/4516/2402 2396/4473/2406 2394/4467/2404
f 2393/4465/2403 2395/4471/2405 2465/4613/2475
f 2395/4471/2405 2466/4614/2476 2465/4613/2475
f 2415/4615/2425 2440/4616/2450 2416/4563/2426
f 2440/4616/2450 2467/4617/2477 2416/4563/2426
f 2319/4618/2329 2063/4619/2073 2447/4620/2457
f 2395/4472/2405 2442/4565/2452 2468/4621/2478
f 2395/4471/2405 2468/4622/2478 2466/4614/2476
f 2467/4617/2477 2441/4564/2451 2416/4563/2426
f 2469/4623/2479 2397/4475/2407 2396/4473/2406
f 2397/4475/2407 2469/4623/2479 2444/4569/2454
f 2442/4567/2452 2445/4570/2455 2443/4568/2453
f 2401/4487/2411 2470/4624/2480 2259/4213/2269
f 2471/4625/2481 2472/4626/2482 2418/4627/2428
f 2472/4628/2482 2402/4490/2412 2418/4526/2428
f 2418/4627/2428 2473/4629/2483 2471/4625/2481
f 2418/4526/2428 2419/4527/2429 2473/4630/2483
f 2375/4432/2385 2145/4017/2155 2474/4631/2484
f 2474/4631/2484 2145/4017/2155 2475/4632/2485
f 2181/4215/2191 2305/4299/2315 2476/4633/2486
f 2305/4299/2315 2128/3988/2138 2477/4634/2487
f 2306/4342/2316 2183/4346/2193 2478/4635/2488
f 2239/4175/2249 2477/4634/2487 2128/3988/2138
f 2147/4636/2157 2479/4637/2489 2262/4638/2272
f 2239/4175/2249 2281/4257/2291 2480/4639/2490
f 2281/4640/2291 2151/4591/2161 2480/4641/2490
f 1901/4642/1910 2481/4643/2491 2329/4644/2339
f 2106/4088/2116 2240/4645/2250 2330/4349/2340
f 2184/4646/2194 2331/4647/2341 2406/4648/2416
f 2332/4536/2342 2482/4649/2492 2424/4537/2434
f 2309/4303/2319 2362/4401/2372 2425/4539/2435
f 2361/4440/2371 2457/4597/2467 2307/4301/2317
f 2307/4301/2317 2483/4650/2493 2426/4540/2436
f 2460/4600/2470 2426/4540/2436 2483/4650/2493
f 2154/4029/2164 2243/4185/2253 2111/3963/2121
f 2407/4500/2417 2484/4651/2494 2408/4652/2418
f 2429/4543/2439 2427/4541/2437 2461/4602/2471
f 2283/4263/2293 2285/4360/2295 2485/4653/2495
f 2486/4654/2496 2381/4446/2391 2185/4089/2195
f 1917/4655/1926 2487/4656/2497 2285/4360/2295
f 2186/4501/2196 2488/4657/2498 2409/4502/2419
f 2488/4657/2498 2489/4658/2499 2409/4502/2419
f 2385/4450/2395 2431/4545/2441 2432/4546/2442
f 2341/4371/2351 2434/4549/2444 2431/4545/2441
f 2410/4505/2420 2490/4659/2500 2411/4506/2421
f 2319/4324/2329 2491/4660/2501 2256/4205/2266
f 2436/4661/2446 2433/4662/2443 2490/4659/2500
f 2433/4662/2443 2411/4506/2421 2490/4659/2500
f 2387/4455/2397 2414/4514/2424 2314/4456/2324
f 2314/4609/2324 2492/4663/2502 2463/4607/2473
f 2462/4605/2472 2414/4664/2424 2387/4606/2397
f 2463/4607/2473 2492/4663/2502 2437/4610/2447
f 2437/4610/2447 2492/4663/2502 2464/4611/2474
f 2317/4665/2327 2414/4664/2424 2439/4666/2449
f 2337/4667/2347 2313/4668/2323 2493/4669/2503
f 2370/4413/2380 2494/4670/2504 2438/4560/2448
f 2392/4516/2402 2495/4671/2505 2396/4473/2406
f 2440/4616/2450 2494/4670/2504 2467/4617/2477
f 2396/4473/2406 2495/4671/2505 2469/4623/2479
f 2441/4564/2451 2496/4672/2506 2348/4476/2358
f 2442/4567/2452 2443/4568/2453 2496/4673/2506
f 2348/4476/2358 2496/4672/2506 2443/4674/2453
f 2469/4623/2479 2497/4675/2507 2444/4569/2454
f 2444/4572/2454 2497/4676/2507 2446/4571/2456
f 2446/4571/2456 2498/4677/2508 2399/4483/2409
f 2499/4678/2509 2399/4483/2409 2500/4679/2510
f 2447/4680/2457 2144/4484/2154 2448/4577/2458
f 2501/4681/2511 2201/4682/2211 2023/3786/2033
f 2401/4683/2411 2375/4684/2385 2470/4685/2480
f 2502/4686/2512 2472/4626/2482 2471/4625/2481
f 2503/4687/2513 2402/4490/2412 2472/4628/2482
f 2503/4687/2513 2451/4581/2461 2402/4490/2412
f 2504/4688/2514 2451/4581/2461 2503/4687/2513
f 2502/4686/2512 2471/4625/2481 2473/4629/2483
f 2504/4688/2514 2473/4689/2483 2419/4583/2429
f 2504/4688/2514 2419/4583/2429 2451/4581/2461
f 2505/4690/2515 2356/4393/2366 2201/4489/2211
f 2375/4432/2385 2474/4631/2484 2506/4691/2516
f 2454/4692/2464 2260/4216/2270 2476/4633/2486
f 2181/4215/2191 2476/4633/2486 2260/4216/2270
f 2507/4693/2517 2280/4255/2290 2404/4494/2414
f 2508/4694/2518 2329/4644/2339 2481/4643/2491
f 2509/4695/2519 1834/3994/1843 2207/4696/2217
f 2359/4697/2369 2132/4259/2142 2423/4535/2433
f 2510/4698/2520 2332/4353/2342 2406/4497/2416
f 2511/4699/2521 2421/4533/2431 2456/4595/2466
f 2422/4534/2432 2421/4533/2431 2511/4699/2521
f 2510/4700/2520 2482/4649/2492 2332/4536/2342
f 2512/4701/2522 2423/4535/2433 2282/4260/2292
f 2209/4130/2219 2333/4355/2343 2358/4397/2368
f 2512/4701/2522 2282/4260/2292 2460/4600/2470
f 2457/4597/2467 2483/4650/2493 2307/4301/2317
f 2482/4649/2492 2459/4599/2469 2424/4537/2434
f 2408/4499/2418 2286/4268/2296 2265/4224/2275
f 2286/4268/2296 2133/3996/2143 2265/4224/2275
f 2484/4651/2494 2407/4500/2417 2381/4446/2391
f 2513/4702/2523 2461/4602/2471 2427/4541/2437
f 2514/4703/2524 2333/4704/2343 2515/4705/2525
f 2487/4656/2497 1917/4655/1926 2516/4706/2526
f 2461/4602/2471 2488/4707/2498 2186/4090/2196
f 2517/4708/2527 1917/4709/1926 2256/4710/2266
f 2518/4711/2528 2489/4658/2499 2488/4657/2498
f 2489/4658/2499 2518/4711/2528 2409/4502/2419
f 2409/4502/2419 2518/4711/2528 2410/4505/2420
f 2519/4712/2529 2490/4659/2500 2410/4505/2420
f 2431/4713/2441 2462/4605/2472 2432/4604/2442
f 2434/4714/2444 2436/4661/2446 2490/4659/2500
f 2520/4715/2530 2439/4666/2449 2414/4664/2424
f 2494/4716/2504 2440/4717/2450 2520/4715/2530
f 2520/4715/2530 2440/4717/2450 2439/4666/2449
f 2464/4611/2474 2495/4718/2505 2392/4612/2402
f 2370/4413/2380 2465/4613/2475 2494/4670/2504
f 2466/4614/2476 2467/4617/2477 2465/4613/2475
f 2465/4613/2475 2467/4617/2477 2494/4670/2504
f 2521/4719/2531 2313/4573/2323 2522/4720/2532
f 2466/4614/2476 2468/4622/2478 2523/4721/2533
f 2466/4614/2476 2523/4721/2533 2467/4617/2477
f 2467/4617/2477 2523/4721/2533 2441/4564/2451
f 2495/4671/2505 2497/4675/2507 2469/4623/2479
f 2442/4722/2452 2496/4672/2506 2468/4622/2478
f 2496/4672/2506 2523/4721/2533 2468/4622/2478
f 2441/4564/2451 2523/4721/2533 2496/4672/2506
f 2498/4677/2508 2446/4571/2456 2497/4676/2507
f 2522/4720/2532 2313/4573/2323 2499/4678/2509
f 2399/4483/2409 2499/4678/2509 2313/4573/2323
f 2450/4580/2460 2501/4681/2511 2023/3786/2033
f 2375/4684/2385 2524/4723/2534 2470/4685/2480
f 2525/4724/2535 2470/4624/2480 2472/4626/2482
f 2472/4626/2482 2470/4624/2480 2526/4725/2536
f 2470/4624/2480 2527/4726/2537 2526/4725/2536
f 2525/4724/2535 2472/4626/2482 2502/4686/2512
f 2472/4628/2482 2504/4688/2514 2503/4687/2513
f 2472/4626/2482 2526/4725/2536 2504/4727/2514
f 2526/4725/2536 2527/4726/2537 2504/4727/2514
f 2473/4629/2483 2528/4728/2538 2502/4686/2512
f 2473/4689/2483 2504/4688/2514 2528/4729/2538
f 2529/4730/2539 2375/4432/2385 2506/4691/2516
f 2303/4297/2313 2530/4731/2540 2403/4491/2413
f 2506/4691/2516 2475/4632/2485 2529/4730/2539
f 2474/4631/2484 2475/4632/2485 2506/4691/2516
f 2278/4251/2288 2531/4732/2541 2204/4124/2214
f 2475/4632/2485 2145/4017/2155 2532/4733/2542
f 2454/4587/2464 2532/4734/2542 2145/4585/2155
f 2533/4735/2543 2405/4589/2415 2304/4588/2314
f 2477/4634/2487 2239/4175/2249 2534/4736/2544
f 2130/4737/2140 2481/4643/2491 1901/4642/1910
f 2535/4738/2545 2406/4648/2416 2331/4647/2341
f 2331/4739/2341 2536/4740/2546 2535/4741/2545
f 2111/3963/2121 2243/4185/2253 2458/4598/2468
f 2358/4742/2368 2333/4743/2343 2537/4744/2547
f 2513/4745/2523 2427/4746/2437 2459/4599/2469
f 2538/4747/2548 2408/4499/2418 2484/4748/2494
f 2539/4749/2549 2243/4750/2253 2287/4751/2297
f 2381/4446/2391 2540/4752/2550 2484/4651/2494
f 2487/4656/2497 2485/4653/2495 2285/4360/2295
f 2461/4753/2471 2518/4711/2528 2488/4657/2498
f 2256/4710/2266 2491/4754/2501 2517/4708/2527
f 2410/4505/2420 2518/4711/2528 2519/4712/2529
f 2431/4755/2441 2434/4714/2444 2541/4756/2551
f 2519/4712/2529 2542/4757/2552 2490/4659/2500
f 2434/4714/2444 2542/4757/2552 2541/4756/2551
f 2434/4714/2444 2490/4659/2500 2542/4757/2552
f 2314/4456/2324 2414/4514/2424 2413/4513/2423
f 2498/4677/2508 2500/4679/2510 2399/4483/2409
f 1346/4758/1353 1864/4759/1873 2099/4427/2109
f 2259/4213/2269 2470/4624/2480 2543/4760/2553
f 2524/4723/2534 2527/4761/2537 2470/4685/2480
f 2502/4686/2512 2544/4762/2554 2545/4763/2555
f 2525/4724/2535 2502/4686/2512 2545/4763/2555
f 2375/4432/2385 2529/4730/2539 2524/4764/2534
f 2502/4686/2512 2546/4765/2556 2544/4762/2554
f 2502/4686/2512 2528/4728/2538 2546/4765/2556
f 2277/4766/2287 2453/4767/2463 2547/4768/2557
f 2203/4123/2213 2205/4125/2215 1973/3789/1983
f 2306/4493/2316 2478/4769/2488 2279/4253/2289
f 2405/4495/2415 2420/4529/2430 2357/4395/2367
f 2480/4641/2490 2534/4770/2544 2239/4771/2249
f 2480/4641/2490 2548/4772/2558 2534/4770/2544
f 2329/4773/2339 2508/4774/2518 2183/4346/2193
f 2183/4346/2193 2508/4774/2518 2549/4775/2559
f 2550/4776/2560 2330/4349/2340 2240/4645/2250
f 1834/3994/1843 2509/4695/2519 2455/4594/2465
f 2551/4777/2561 2456/4778/2466 2455/4779/2465
f 2536/4740/2546 2331/4739/2341 2422/4780/2432
f 2482/4649/2492 2513/4745/2523 2459/4599/2469
f 2552/4781/2562 2460/4600/2470 2483/4650/2493
f 2513/4782/2523 2553/4783/2563 2461/4784/2471
f 2330/4349/2340 2554/4785/2564 2185/4089/2195
f 2554/4785/2564 2486/4654/2496 2185/4089/2195
f 2461/4786/2471 2555/4787/2565 2518/4788/2528
f 2485/4653/2495 2333/4704/2343 2283/4263/2293
f 2518/4711/2528 2542/4757/2552 2519/4712/2529
f 2431/4713/2441 2541/4789/2551 2462/4605/2472
f 2556/4790/2566 2462/4605/2472 2541/4789/2551
f 2492/4791/2502 2314/4792/2324 2557/4793/2567
f 2556/4790/2566 2414/4664/2424 2462/4605/2472
f 2492/4663/2502 2557/4794/2567 2558/4795/2568
f 2492/4663/2502 2558/4795/2568 2464/4611/2474
f 2556/4790/2566 2520/4715/2530 2414/4664/2424
f 2556/4790/2566 2559/4796/2569 2520/4715/2530
f 2560/4797/2570 2464/4611/2474 2558/4795/2568
f 2413/4798/2423 2438/4799/2448 2561/4800/2571
f 2561/4801/2571 2438/4802/2448 2494/4803/2504
f 2561/4800/2571 2494/4716/2504 2559/4796/2569
f 2559/4796/2569 2494/4716/2504 2520/4715/2530
f 2560/4797/2570 2495/4718/2505 2464/4611/2474
f 2562/4804/2572 2497/4805/2507 2495/4718/2505
f 2563/4806/2573 2498/4677/2508 2497/4676/2507
f 2499/4678/2509 2500/4679/2510 2564/4807/2574
f 2522/4720/2532 2499/4678/2509 2564/4807/2574
f 2565/4808/2575 2325/4426/2335 2342/4425/2352
f 2565/4809/2575 2400/4810/2410 2325/4811/2335
f 2450/4812/2460 2235/4525/2245 2374/4430/2384
f 2470/4624/2480 2525/4724/2535 2543/4760/2553
f 2543/4760/2553 2525/4724/2535 2566/4813/2576
f 2566/4813/2576 2525/4724/2535 2545/4763/2555
f 2528/4729/2538 2504/4688/2514 2527/4814/2537
f 2277/4766/2287 2533/4735/2543 2304/4588/2314
f 2533/4735/2543 2567/4815/2577 2405/4589/2415
f 2568/4816/2578 2476/4633/2486 2305/4299/2315
f 2569/4817/2579 2148/4818/2158 2280/4819/2290
f 2570/4820/2580 2328/4344/2338 2261/4217/2271
f 2328/4821/2338 2571/4822/2581 2379/4531/2389
f 2480/4641/2490 2151/4591/2161 2548/4772/2558
f 2548/4772/2558 2151/4591/2161 2572/4823/2582
f 2572/4823/2582 2151/4591/2161 2359/4593/2369
f 2573/4824/2583 2511/4825/2521 2456/4826/2466
f 2574/4827/2584 2422/4828/2432 2511/4825/2521
f 2535/4738/2545 2536/4829/2546 2575/4830/2585
f 2574/4827/2584 2575/4831/2585 2422/4828/2432
f 2536/4740/2546 2422/4780/2432 2575/4832/2585
f 2576/4833/2586 2482/4649/2492 2510/4700/2520
f 2423/4535/2433 2512/4701/2522 2577/4834/2587
f 2576/4833/2586 2513/4745/2523 2482/4649/2492
f 2460/4600/2470 2552/4781/2562 2512/4701/2522
f 2483/4650/2493 2578/4835/2588 2552/4781/2562
f 2487/4656/2497 2579/4836/2589 2485/4653/2495
f 2330/4349/2340 2580/4837/2590 2554/4785/2564
f 2485/4653/2495 2579/4836/2589 2581/4838/2591
f 2553/4783/2563 2555/4839/2565 2461/4784/2471
f 2381/4446/2391 2486/4654/2496 2540/4752/2550
f 2582/4840/2592 1917/4655/1926 2517/4841/2527
f 2582/4840/2592 2516/4706/2526 1917/4655/1926
f 2485/4653/2495 2515/4705/2525 2333/4704/2343
f 2485/4653/2495 2581/4838/2591 2515/4705/2525
f 2583/4842/2593 2287/4843/2297 2337/4844/2347
f 2314/4792/2324 2584/4845/2594 2557/4793/2567
f 2314/4792/2324 2413/4798/2423 2584/4845/2594
f 2557/4794/2567 2585/4846/2595 2558/4795/2568
f 2556/4790/2566 2561/4800/2571 2559/4796/2569
f 2586/4847/2596 2560/4797/2570 2558/4795/2568
f 2493/4848/2503 2313/4849/2323 2521/4850/2531
f 2560/4797/2570 2586/4847/2596 2495/4718/2505
f 2562/4804/2572 2563/4851/2573 2497/4805/2507
f 2498/4677/2508 2587/4852/2597 2500/4679/2510
f 2500/4679/2510 2588/4853/2598 2564/4807/2574
f 2587/4852/2597 2588/4853/2598 2500/4679/2510
f 2449/4854/2459 2259/4855/2269 2543/4856/2553
f 2545/4763/2555 2544/4762/2554 2566/4813/2576
f 2528/4857/2538 2527/4761/2537 2589/4858/2599
f 2524/4723/2534 2589/4858/2599 2527/4761/2537
f 2524/4723/2534 2529/4859/2539 2589/4858/2599
f 2528/4728/2538 2590/4860/2600 2546/4765/2556
f 2528/4857/2538 2589/4858/2599 2590/4861/2600
f 2529/4862/2539 2475/4863/2485 2589/4864/2599
f 2530/4731/2540 2203/4492/2213 2403/4491/2413
f 2204/4124/2214 2531/4732/2541 2202/4121/2212
f 2278/4340/2288 2279/4253/2289 2591/4865/2601
f 2405/4866/2415 2592/4867/2602 2420/4868/2430
f 2261/4217/2271 2420/4529/2430 2570/4820/2580
f 2147/4636/2157 2593/4869/2603 2479/4637/2489
f 2147/4020/2157 2378/4438/2388 2593/4870/2603
f 2378/4871/2388 2148/4818/2158 2569/4817/2579
f 2328/4821/2338 2594/4872/2604 2571/4822/2581
f 2569/4817/2579 2595/4873/2605 2378/4871/2388
f 2571/4822/2581 2596/4874/2606 2379/4531/2389
f 2240/4532/2250 2597/4875/2607 2550/4876/2560
f 2423/4535/2433 2598/4877/2608 2359/4697/2369
f 2511/4825/2521 2573/4824/2583 2599/4878/2609
f 2456/4826/2466 2551/4879/2561 2573/4824/2583
f 2600/4880/2610 2574/4827/2584 2511/4825/2521
f 2330/4349/2340 2550/4776/2560 2601/4881/2611
f 2574/4827/2584 2600/4880/2610 2575/4831/2585
f 2535/4738/2545 2575/4830/2585 2602/4882/2612
f 2425/4539/2435 2362/4401/2372 2457/4883/2467
f 2576/4884/2586 2603/4885/2613 2513/4782/2523
f 2457/4597/2467 2578/4835/2588 2483/4650/2493
f 2552/4781/2562 2604/4886/2614 2512/4701/2522
f 2552/4781/2562 2578/4835/2588 2604/4886/2614
f 2540/4752/2550 2538/4887/2548 2484/4651/2494
f 2287/4888/2297 2583/4889/2593 2539/4890/2549
f 2333/4743/2343 2514/4891/2524 2537/4744/2547
f 2542/4892/2552 2605/4893/2615 2541/4789/2551
f 2491/4660/2501 2319/4324/2329 2447/4894/2457
f 2541/4789/2551 2605/4893/2615 2556/4790/2566
f 2557/4793/2567 2584/4845/2594 2585/4895/2595
f 2584/4845/2594 2413/4798/2423 2606/4896/2616
f 2413/4798/2423 2561/4800/2571 2606/4896/2616
f 2606/4896/2616 2561/4800/2571 2556/4790/2566
f 2585/4846/2595 2586/4847/2596 2558/4795/2568
f 2495/4718/2505 2586/4847/2596 2562/4804/2572
f 2447/4897/2457 2607/4898/2617 2608/4899/2618
f 2562/4804/2572 2609/4900/2619 2563/4851/2573
f 2563/4806/2573 2609/4901/2619 2498/4677/2508
f 2521/4902/2531 2522/4903/2532 2610/4904/2620
f 2564/4905/2574 2611/4906/2621 2522/4907/2532
f 2564/4905/2574 2588/4908/2598 2611/4906/2621
f 2449/4854/2459 2543/4856/2553 2612/4909/2622
f 2613/4910/2623 2236/4171/2246 2202/4121/2212
f 2544/4762/2554 2546/4765/2556 2614/4911/2624
f 2614/4911/2624 2546/4765/2556 2590/4860/2600
f 2590/4912/2600 2589/4864/2599 2614/4913/2624
f 2547/4768/2557 2533/4735/2543 2277/4766/2287
f 2615/4914/2625 2567/4815/2577 2533/4735/2543
f 2616/4915/2626 2507/4693/2517 2404/4494/2414
f 2507/4916/2517 2569/4817/2579 2280/4819/2290
f 2305/4299/2315 2477/4634/2487 2568/4816/2578
f 2571/4822/2581 2594/4872/2604 2596/4874/2606
f 2596/4874/2606 2240/4532/2250 2379/4531/2389
f 2359/4697/2369 2598/4877/2608 2617/4917/2627
f 2599/4878/2609 2600/4880/2610 2511/4825/2521
f 2618/4918/2628 2576/4833/2586 2510/4700/2520
f 2286/4268/2296 2408/4499/2418 2538/4747/2548
f 2601/4881/2611 2580/4837/2590 2330/4349/2340
f 2619/4919/2629 2336/4920/2346 2286/4921/2296
f 2577/4834/2587 2512/4701/2522 2604/4886/2614
f 2553/4783/2563 2513/4782/2523 2620/4922/2630
f 2620/4922/2630 2513/4782/2523 2603/4885/2613
f 2604/4886/2614 2578/4835/2588 2621/4923/2631
f 2518/4711/2528 2605/4924/2615 2542/4757/2552
f 2605/4893/2615 2606/4896/2616 2556/4790/2566
f 2622/4925/2632 2342/4926/2352 2384/4927/2394
f 2610/4928/2620 2522/4907/2532 2623/4929/2633
f 2624/4930/2634 2587/4931/2597 2498/4932/2508
f 2625/4933/2635 2400/4810/2410 2565/4809/2575
f 2449/4579/2459 2612/4934/2622 2626/4935/2636
f 2566/4813/2576 2544/4762/2554 2614/4911/2624
f 2627/4936/2637 2589/4864/2599 2475/4863/2485
f 2505/4690/2515 2453/4584/2463 2356/4393/2366
f 2453/4767/2463 2628/4937/2638 2547/4768/2557
f 2629/4938/2639 2532/4734/2542 2454/4587/2464
f 2630/4939/2640 2405/4589/2415 2567/4815/2577
f 2630/4940/2640 2592/4867/2602 2405/4866/2415
f 2631/4941/2641 2570/4942/2580 2420/4868/2430
f 2358/4943/2368 2481/4944/2491 2130/4945/2140
f 2617/4946/2627 2572/4823/2582 2359/4593/2369
f 2632/4947/2642 2618/4918/2628 2510/4700/2520
f 2406/4497/2416 2633/4948/2643 2510/4698/2520
f 2406/4648/2416 2535/4738/2545 2633/4949/2643
f 2600/4950/2610 2634/4951/2644 2575/4952/2585
f 2618/4918/2628 2603/4953/2613 2576/4833/2586
f 2635/4954/2645 2578/4835/2588 2457/4597/2467
f 2636/4955/2646 2553/4783/2563 2620/4922/2630
f 2577/4834/2587 2604/4886/2614 2621/4923/2631
f 2621/4923/2631 2578/4835/2588 2637/4956/2647
f 2582/4840/2592 2638/4957/2648 2516/4706/2526
f 2487/4656/2497 2516/4706/2526 2638/4957/2648
f 2639/4958/2649 2384/4959/2394 2336/4920/2346
f 2640/4960/2650 2584/4845/2594 2606/4896/2616
f 2640/4960/2650 2606/4896/2616 2605/4893/2615
f 2585/4895/2595 2584/4845/2594 2641/4961/2651
f 2585/4846/2595 2641/4962/2651 2586/4847/2596
f 2586/4847/2596 2641/4962/2651 2562/4804/2572
f 2562/4804/2572 2641/4962/2651 2609/4900/2619
f 2447/4680/2457 2448/4577/2458 2607/4963/2617
f 2522/4907/2532 2611/4906/2621 2623/4929/2633
f 2448/4964/2458 2400/4810/2410 2625/4933/2635
f 2351/4386/2361 2236/4171/2246 1897/3525/1906
f 1864/3524/1873 1666/3122/1674 2642/4965/2652
f 2643/4966/2653 2373/4428/2383 2099/4427/2109
f 2449/4579/2459 2644/4967/2654 1666/3122/1674
f 2373/4428/2383 2450/4812/2460 2374/4430/2384
f 2543/4760/2553 2566/4813/2576 2645/4968/2655
f 2566/4813/2576 2614/4911/2624 2645/4968/2655
f 2201/4489/2211 2501/4969/2511 2505/4690/2515
f 2203/4123/2213 2530/4970/2540 2646/4971/2656
f 2532/4734/2542 2629/4938/2639 2475/4863/2485
f 2278/4340/2288 2591/4865/2601 2531/4972/2541
f 2647/4973/2657 2616/4915/2626 2203/4123/2213
f 2203/4123/2213 2616/4915/2626 2205/4125/2215
f 2279/4253/2289 2648/4974/2658 2591/4865/2601
f 2205/4125/2215 2616/4915/2626 2404/4494/2414
f 2454/4692/2464 2476/4633/2486 2649/4975/2659
f 2476/4976/2486 2568/4977/2578 2650/4978/2660
f 2477/4979/2487 2534/4770/2544 2651/4980/2661
f 2328/4821/2338 2652/4981/2662 2594/4872/2604
f 2534/4770/2544 2548/4772/2558 2653/4982/2663
f 2548/4772/2558 2654/4983/2664 2653/4982/2663
f 2479/4637/2489 2655/4984/2665 2262/4638/2272
f 2572/4823/2582 2654/4983/2664 2548/4772/2558
f 2262/4638/2272 2655/4984/2665 2207/4985/2217
f 2596/4874/2606 2597/4875/2607 2240/4532/2250
f 2599/4878/2609 2573/4824/2583 2656/4986/2666
f 2455/4779/2465 2657/4987/2667 2551/4777/2561
f 2633/4949/2643 2535/4738/2545 2658/4988/2668
f 2455/4779/2465 2509/4989/2519 2657/4987/2667
f 2537/4744/2547 2659/4990/2669 2358/4742/2368
f 2602/4882/2612 2660/4991/2670 2535/4738/2545
f 2575/4830/2585 2661/4992/2671 2602/4882/2612
f 2575/4952/2585 2634/4951/2644 2661/4993/2671
f 2661/4992/2671 2660/4991/2670 2602/4882/2612
f 2457/4883/2467 2362/4401/2372 2635/4994/2645
f 2662/4995/2672 2620/4922/2630 2603/4885/2613
f 2578/4996/2588 2635/4997/2645 2637/4998/2647
f 2577/4999/2587 2621/5000/2631 2663/5001/2673
f 2663/5001/2673 2621/5000/2631 2637/4998/2647
f 2636/4955/2646 2555/4839/2565 2553/4783/2563
f 2580/4837/2590 2601/4881/2611 2554/4785/2564
f 2664/5002/2674 2582/5003/2592 2517/5004/2527
f 2554/4785/2564 2665/5005/2675 2486/4654/2496
f 2540/4752/2550 2486/4654/2496 2665/5005/2675
f 2640/5006/2650 2518/5007/2528 2555/5008/2565
f 2514/4703/2524 2666/5009/2676 2537/5010/2547
f 2581/4838/2591 2667/5011/2677 2515/4705/2525
f 2514/4703/2524 2515/4705/2525 2666/5009/2676
f 2518/5012/2528 2640/4960/2650 2605/4893/2615
f 2447/5013/2457 2608/5014/2618 2491/5015/2501
f 2668/5016/2678 2669/5017/2679 2670/5018/2680
f 2670/5018/2680 2669/5017/2679 2671/5019/2681
f 2672/5020/2682 2671/5019/2681 2669/5017/2679
f 2669/5017/2679 2668/5016/2678 2672/5020/2682
f 2623/4929/2633 2611/4906/2621 2673/5021/2683
f 2342/5022/2352 2622/5023/2632 2565/4809/2575
f 2449/4579/2459 2626/4935/2636 2644/4967/2654
f 2303/4297/2313 2124/3982/2134 2674/5024/2684
f 2645/4968/2655 2612/5025/2622 2543/4760/2553
f 2589/4864/2599 2627/4936/2637 2614/4913/2624
f 2475/4863/2485 2629/4938/2639 2627/4936/2637
f 2203/4123/2213 2646/4971/2656 2647/4973/2657
f 2453/4767/2463 2505/5026/2515 2628/4937/2638
f 2454/4587/2464 2649/5027/2659 2675/5028/2685
f 2476/4976/2486 2650/4978/2660 2649/5029/2659
f 2653/4982/2663 2676/5030/2686 2534/4770/2544
f 2358/4943/2368 2659/5031/2669 2481/4944/2491
f 2573/4824/2583 2551/4879/2561 2677/5032/2687
f 2599/4878/2609 2656/4986/2666 2600/4880/2610
f 2618/4918/2628 2632/4947/2642 2678/5033/2688
f 2600/4950/2610 2679/5034/2689 2634/4951/2644
f 2678/5035/2688 2603/4885/2613 2618/5036/2628
f 2658/5037/2668 2679/5034/2689 2633/5038/2643
f 2657/4987/2667 2680/5039/2690 2551/4777/2561
f 2658/4988/2668 2535/4738/2545 2660/4991/2670
f 2620/4922/2630 2662/4995/2672 2636/4955/2646
f 2663/5001/2673 2637/4998/2647 2681/5040/2691
f 2336/4920/2346 2619/4919/2629 2682/5041/2692
f 2581/4838/2591 2579/4836/2589 2683/5042/2693
f 2493/4848/2503 2521/4850/2531 2684/5043/2694
f 2684/5043/2694 2521/4850/2531 2685/5044/2695
f 2686/5045/2696 2687/5046/2697 2688/5047/2698
f 2687/5046/2697 2686/5045/2696 2689/5048/2699
f 2521/4850/2531 2690/5049/2700 2685/5044/2695
f 2688/5050/2698 2691/5051/2701 2686/5052/2696
f 2686/5045/2696 2692/5053/2702 2689/5048/2699
f 2691/5054/2701 2692/5055/2702 2686/5056/2696
f 2691/5054/2701 2693/5057/2703 2670/5018/2680
f 2670/5018/2680 2692/5055/2702 2691/5054/2701
f 2670/5018/2680 2693/5057/2703 2668/5016/2678
f 2641/4962/2651 2694/5058/2704 2609/4900/2619
f 2670/5018/2680 2671/5019/2681 2692/5055/2702
f 2610/4928/2620 2623/4929/2633 2695/5059/2705
f 2696/5060/2706 2695/5059/2705 2623/4929/2633
f 2611/4906/2621 2697/5061/2707 2673/5021/2683
f 1666/3122/1674 2644/4967/2654 2642/4965/2652
f 2626/4935/2636 2612/4934/2622 2644/4967/2654
f 2547/4768/2557 2628/4937/2638 2698/5062/2708
f 2648/4974/2658 2279/4253/2289 2478/4769/2488
f 2478/4635/2488 2183/4346/2193 2699/5063/2709
f 2592/4867/2602 2631/4941/2641 2420/4868/2430
f 2534/4770/2544 2676/5030/2686 2651/4980/2661
f 2481/4944/2491 2659/5031/2669 2700/5064/2710
f 2423/4535/2433 2577/4834/2587 2598/4877/2608
f 2678/5035/2688 2662/4995/2672 2603/4885/2613
f 2509/4989/2519 2701/5065/2711 2657/4987/2667
f 2658/5037/2668 2634/4951/2644 2679/5034/2689
f 2660/5066/2670 2702/5067/2712 2658/5068/2668
f 2661/4992/2671 2703/5069/2713 2660/4991/2670
f 2362/5070/2372 2458/5071/2468 2704/5072/2714
f 2243/5073/2253 2705/5074/2715 2458/5071/2468
f 2635/4997/2645 2681/5040/2691 2637/4998/2647
f 2554/5075/2564 2601/5076/2611 2665/5077/2675
f 2538/5078/2548 2540/5079/2550 2665/5077/2675
f 2638/4957/2648 2706/5080/2716 2487/4656/2497
f 2487/4656/2497 2706/5080/2716 2579/4836/2589
f 2582/5003/2592 2664/5002/2674 2638/5081/2648
f 2707/5082/2717 2692/5055/2702 2671/5019/2681
f 2693/5057/2703 2708/5083/2718 2668/5016/2678
f 2609/4901/2619 2709/5084/2719 2498/4677/2508
f 2696/5060/2706 2623/4929/2633 2710/5085/2720
f 2624/4930/2634 2711/5086/2721 2587/4931/2597
f 2711/5086/2721 2712/5087/2722 2587/4931/2597
f 2673/5021/2683 2697/5061/2707 2713/5088/2723
f 2588/4908/2598 2697/5061/2707 2611/4906/2621
f 2588/4908/2598 2587/4931/2597 2697/5061/2707
f 2714/5089/2724 2625/4933/2635 2565/4809/2575
f 1897/3525/1906 2236/4171/2246 2715/5090/2725
f 2303/4297/2313 2716/5091/2726 2530/4731/2540
f 2717/5092/2727 2630/4939/2640 2567/4815/2577
f 2699/5063/2709 2183/4346/2193 2718/5093/2728
f 2719/5094/2729 2592/4867/2602 2630/4940/2640
f 2720/5095/2730 2568/4977/2578 2477/5096/2487
f 2631/4941/2641 2328/5097/2338 2570/4942/2580
f 2721/5098/2731 2651/4980/2661 2676/5030/2686
f 2722/5099/2732 2509/5100/2519 2207/5101/2217
f 2723/5102/2733 2617/4917/2627 2598/4877/2608
f 2724/5103/2734 2550/5104/2560 2597/5105/2607
f 2656/4986/2666 2573/4824/2583 2677/5032/2687
f 2725/5106/2735 2678/5035/2688 2632/5107/2642
f 2726/5108/2736 2510/4698/2520 2727/5109/2737
f 2727/5109/2737 2510/4698/2520 2633/4948/2643
f 2679/5110/2689 2600/4880/2610 2656/4986/2666
f 2725/5106/2735 2662/4995/2672 2678/5035/2688
f 2551/4777/2561 2680/5039/2690 2728/5111/2738
f 2702/5067/2712 2729/5112/2739 2658/5068/2668
f 2730/5113/2740 2661/4993/2671 2634/4951/2644
f 2730/5114/2740 2703/5115/2713 2661/5116/2671
f 2731/5117/2741 2729/5112/2739 2702/5067/2712
f 2702/5067/2712 2660/5066/2670 2731/5117/2741
f 2732/5118/2742 2660/5119/2670 2703/5120/2713
f 2733/5121/2743 2681/5040/2691 2635/4997/2645
f 2663/5001/2673 2681/5040/2691 2733/5121/2743
f 2683/5042/2693 2579/4836/2589 2706/5080/2716
f 2683/5042/2693 2667/5011/2677 2581/4838/2591
f 2694/5122/2704 2641/4961/2651 2584/4845/2594
f 2734/5123/2744 2694/5122/2704 2584/4845/2594
f 2735/5124/2745 2691/5051/2701 2688/5050/2698
f 2689/5048/2699 2692/5053/2702 2707/5125/2717
f 2708/5083/2718 2693/5057/2703 2691/5054/2701
f 2694/5126/2704 2709/5127/2719 2609/5128/2619
f 2708/5083/2718 2736/5129/2746 2668/5016/2678
f 2707/5082/2717 2671/5019/2681 2737/5130/2747
f 2709/5131/2719 2624/5132/2634 2498/5133/2508
f 2521/5134/2531 2610/5135/2620 2738/5136/2748
f 2695/5059/2705 2696/5060/2706 2739/5137/2749
f 2645/5138/2655 2614/5139/2624 2740/5140/2750
f 2627/4936/2637 2629/4938/2639 2741/5141/2751
f 2547/4768/2557 2698/5062/2708 2533/4735/2543
f 2629/4938/2639 2454/4587/2464 2742/5142/2752
f 2591/4865/2601 2648/4974/2658 2743/5143/2753
f 2616/5144/2626 2744/5145/2754 2507/4916/2517
f 2649/5029/2659 2650/4978/2660 2745/5146/2755
f 2507/4916/2517 2744/5145/2754 2569/4817/2579
f 2477/4979/2487 2651/4980/2661 2720/5147/2730
f 2569/4817/2579 2746/5148/2756 2595/4873/2605
f 2598/5149/2608 2577/4999/2587 2723/5150/2733
f 2601/5076/2611 2550/5151/2560 2724/5152/2734
f 2632/5107/2642 2747/5153/2757 2725/5106/2735
f 2510/4698/2520 2726/5108/2736 2632/5154/2642
f 2656/4986/2666 2748/5155/2758 2679/5110/2689
f 2677/5032/2687 2748/5155/2758 2656/4986/2666
f 2677/5032/2687 2551/4879/2561 2728/5156/2738
f 2633/4948/2643 2748/5157/2758 2727/5109/2737
f 2679/5158/2689 2748/5157/2758 2633/4948/2643
f 2728/5111/2738 2680/5039/2690 2749/5159/2759
f 2750/5160/2760 2751/5161/2761 2729/5112/2739
f 2729/5112/2739 2751/5161/2761 2658/5068/2668
f 2658/5037/2668 2751/5162/2761 2634/4951/2644
f 2634/4951/2644 2751/5162/2761 2730/5113/2740
f 2729/5112/2739 2731/5117/2741 2750/5160/2760
f 2660/5066/2670 2732/5163/2742 2731/5117/2741
f 2635/4997/2645 2362/5070/2372 2752/5164/2762
f 2749/5165/2759 2753/5166/2763 2754/5167/2764
f 2753/5166/2763 2755/5168/2765 2754/5167/2764
f 2753/5166/2763 2756/5169/2766 2755/5168/2765
f 2243/5073/2253 2539/5170/2549 2705/5074/2715
f 2659/4990/2669 2537/4744/2547 2666/5171/2676
f 2538/5078/2548 2665/5077/2675 2757/5172/2767
f 2664/5002/2674 2517/5004/2527 2758/5173/2768
f 2758/5173/2768 2517/5004/2527 2491/5174/2501
f 2684/5175/2694 2759/5176/2769 2493/5177/2503
f 2688/5050/2698 2760/5178/2770 2735/5124/2745
f 2760/5179/2770 2688/5047/2698 2687/5046/2697
f 2684/5180/2694 2761/5181/2771 2759/5182/2769
f 2687/5046/2697 2689/5048/2699 2760/5179/2770
f 2689/5048/2699 2762/5183/2772 2760/5179/2770
f 2685/5184/2695 2761/5181/2771 2684/5180/2694
f 2762/5185/2772 2694/5122/2704 2734/5123/2744
f 2685/5044/2695 2690/5049/2700 2761/5186/2771
f 2689/5048/2699 2763/5187/2773 2762/5183/2772
f 2689/5048/2699 2764/5188/2774 2765/5189/2775
f 2762/5185/2772 2763/5190/2773 2694/5122/2704
f 2761/5186/2771 2690/5049/2700 2766/5191/2776
f 2689/5048/2699 2707/5125/2717 2764/5188/2774
f 2689/5048/2699 2765/5189/2775 2763/5187/2773
f 2763/5192/2773 2767/5193/2777 2694/5194/2704
f 2690/5049/2700 2521/4850/2531 2766/5191/2776
f 2766/5191/2776 2521/4850/2531 2768/5195/2778
f 2694/5196/2704 2769/5197/2779 2709/5198/2719
f 2768/5199/2778 2521/5134/2531 2770/5200/2780
f 2770/5200/2780 2521/5134/2531 2771/5201/2781
f 2772/5202/2782 2736/5129/2746 2708/5083/2718
f 2771/5201/2781 2521/5134/2531 2738/5136/2748
f 2737/5130/2747 2671/5019/2681 2773/5203/2783
f 2671/5019/2681 2672/5020/2682 2773/5203/2783
f 2736/5129/2746 2774/5204/2784 2668/5016/2678
f 2668/5016/2678 2774/5204/2784 2672/5020/2682
f 2672/5020/2682 2774/5204/2784 2773/5203/2783
f 2739/5137/2749 2696/5060/2706 2710/5085/2720
f 2623/4929/2633 2775/5205/2785 2710/5085/2720
f 2623/4929/2633 2673/5021/2683 2775/5205/2785
f 2697/5061/2707 2587/4931/2597 2712/5087/2722
f 2531/4732/2541 2776/5206/2786 2202/4121/2212
f 2741/5141/2751 2777/5207/2787 2614/4913/2624
f 2627/4936/2637 2741/5141/2751 2614/4913/2624
f 2533/4735/2543 2698/5062/2708 2615/4914/2625
f 2454/4587/2464 2675/5028/2685 2742/5142/2752
f 2592/4867/2602 2778/5208/2788 2631/4941/2641
f 2652/5209/2662 2328/5097/2338 2631/4941/2641
f 2572/4823/2582 2617/4946/2627 2779/5210/2789
f 2549/5211/2559 2508/4694/2518 2780/5212/2790
f 2596/4874/2606 2781/5213/2791 2597/4875/2607
f 2722/5099/2732 2701/5214/2711 2509/5100/2519
f 2632/5154/2642 2726/5108/2736 2747/5215/2757
f 2731/5117/2741 2782/5216/2792 2750/5160/2760
f 2782/5216/2792 2751/5161/2761 2750/5160/2760
f 2703/5120/2713 2751/5162/2761 2782/5217/2792
f 2730/5113/2740 2751/5162/2761 2703/5120/2713
f 2703/5120/2713 2782/5217/2792 2732/5118/2742
f 2680/5039/2690 2783/5218/2793 2749/5159/2759
f 2657/4987/2667 2784/5219/2794 2680/5039/2690
f 2680/5039/2690 2784/5219/2794 2783/5218/2793
f 2785/5220/2795 2786/5221/2796 2754/5222/2764
f 2786/5221/2796 2749/5223/2759 2754/5222/2764
f 2754/5222/2764 2755/5224/2765 2785/5220/2795
f 2755/5168/2765 2756/5169/2766 2785/5225/2795
f 2664/5002/2674 2787/5226/2797 2638/5081/2648
f 2638/5227/2648 2787/5228/2797 2706/5229/2716
f 2640/5230/2650 2555/5231/2565 2788/5232/2798
f 2515/4705/2525 2667/5011/2677 2666/5009/2676
f 2759/5176/2769 2789/5233/2799 2493/5177/2503
f 2789/5234/2799 2790/5235/2800 2791/5236/2801
f 2759/5182/2769 2790/5235/2800 2789/5234/2799
f 2792/5237/2802 2760/5238/2770 2793/5239/2803
f 2759/5182/2769 2761/5181/2771 2790/5235/2800
f 2794/5240/2804 2735/5124/2745 2760/5178/2770
f 2760/5238/2770 2762/5241/2772 2793/5239/2803
f 2761/5181/2771 2795/5242/2805 2790/5235/2800
f 2764/5243/2774 2767/5244/2777 2765/5245/2775
f 2766/5191/2776 2796/5246/2806 2761/5186/2771
f 2795/5242/2805 2761/5181/2771 2796/5247/2806
f 2735/5124/2745 2797/5248/2807 2691/5051/2701
f 2797/5248/2807 2707/5249/2717 2691/5051/2701
f 2707/5249/2717 2797/5248/2807 2764/5243/2774
f 2765/5250/2775 2767/5193/2777 2763/5192/2773
f 2766/5191/2776 2798/5251/2808 2796/5246/2806
f 2796/5246/2806 2798/5251/2808 2799/5252/2809
f 2691/5253/2701 2707/5254/2717 2708/5255/2718
f 2768/5195/2778 2798/5251/2808 2766/5191/2776
f 2694/5256/2704 2800/5257/2810 2769/5258/2779
f 2772/5259/2782 2708/5260/2718 2737/5130/2747
f 2708/5255/2718 2707/5254/2717 2737/5261/2747
f 2771/5262/2781 2801/5263/2811 2802/5264/2812
f 2736/5129/2746 2772/5202/2782 2803/5265/2813
f 2736/5129/2746 2803/5265/2813 2801/5263/2811
f 2801/5263/2811 2803/5265/2813 2802/5264/2812
f 2804/5266/2814 2608/5267/2618 2607/5268/2617
f 2736/5129/2746 2801/5263/2811 2805/5269/2815
f 2805/5269/2815 2774/5204/2784 2736/5129/2746
f 2695/5270/2705 2739/5271/2749 2805/5269/2815
f 2739/5271/2749 2774/5204/2784 2805/5269/2815
f 2739/5271/2749 2710/5272/2720 2774/5204/2784
f 2806/5273/2816 2774/5274/2784 2710/5275/2720
f 2710/5085/2720 2775/5205/2785 2806/5276/2816
f 2713/5088/2723 2775/5205/2785 2673/5021/2683
f 2099/4427/2109 2807/5277/2817 2643/4966/2653
f 2715/5090/2725 2236/4171/2246 2613/4910/2623
f 2644/4967/2654 2612/4934/2622 2808/5278/2818
f 2645/4968/2655 2809/5279/2819 2612/5025/2622
f 2531/4732/2541 2591/5280/2601 2776/5206/2786
f 2505/5281/2515 2501/5282/2511 2628/5283/2638
f 2629/4938/2639 2742/5142/2752 2741/5141/2751
f 2567/4815/2577 2615/4914/2625 2810/5284/2820
f 2648/4974/2658 2478/4769/2488 2811/5285/2821
f 2616/4915/2626 2812/5286/2822 2744/5287/2754
f 2478/4635/2488 2699/5063/2709 2813/5288/2823
f 2744/5145/2754 2814/5289/2824 2569/4817/2579
f 2676/5030/2686 2653/4982/2663 2721/5098/2731
f 2592/4867/2602 2719/5094/2729 2778/5208/2788
f 2815/5290/2825 2508/4694/2518 2481/4643/2491
f 2617/4946/2627 2723/5291/2733 2816/5292/2826
f 2677/5032/2687 2817/5293/2827 2748/5155/2758
f 2701/5065/2711 2784/5219/2794 2657/4987/2667
f 2458/5071/2468 2705/5074/2715 2704/5072/2714
f 2783/5294/2793 2753/5166/2763 2749/5165/2759
f 2783/5295/2793 2784/5296/2794 2753/5297/2763
f 2636/4955/2646 2788/5298/2798 2555/4839/2565
f 2787/5228/2797 2818/5299/2828 2706/5229/2716
f 2667/5300/2677 2819/5301/2829 2666/5302/2676
f 2491/5015/2501 2608/5014/2618 2820/5303/2830
f 2493/5177/2503 2789/5233/2799 2337/5304/2347
f 2790/5235/2800 2760/5238/2770 2792/5237/2802
f 2790/5235/2800 2794/5305/2804 2760/5238/2770
f 2792/5306/2802 2793/5307/2803 2821/5308/2831
f 2790/5235/2800 2795/5242/2805 2794/5305/2804
f 2793/5307/2803 2762/5309/2772 2822/5310/2832
f 2734/5311/2744 2822/5310/2832 2762/5309/2772
f 2794/5240/2804 2797/5248/2807 2735/5124/2745
f 2794/5240/2804 2823/5312/2833 2797/5248/2807
f 2797/5248/2807 2823/5312/2833 2764/5243/2774
f 2764/5243/2774 2823/5312/2833 2767/5244/2777
f 2767/5193/2777 2824/5313/2834 2694/5194/2704
f 2824/5313/2834 2800/5314/2810 2694/5194/2704
f 2798/5251/2808 2825/5315/2835 2799/5252/2809
f 2826/5316/2836 2827/5317/2837 2768/5318/2778
f 2825/5319/2838 2770/5320/2839 2768/5321/2778
f 2770/5200/2780 2802/5322/2812 2825/5323/2835
f 2826/5316/2836 2770/5324/2840 2827/5317/2837
f 2770/5200/2780 2771/5201/2781 2802/5322/2812
f 2737/5130/2747 2773/5203/2783 2772/5259/2782
f 2771/5201/2781 2738/5136/2748 2828/5325/2841
f 2771/5262/2781 2828/5326/2841 2801/5263/2811
f 2774/5274/2784 2829/5327/2842 2773/5328/2783
f 2695/5270/2705 2805/5269/2815 2830/5329/2843
f 2774/5274/2784 2806/5273/2816 2829/5327/2842
f 2829/5327/2842 2806/5273/2816 2711/5330/2721
f 2806/5276/2816 2713/5088/2723 2712/5087/2722
f 2775/5205/2785 2713/5088/2723 2806/5276/2816
f 2806/5276/2816 2712/5087/2722 2711/5086/2721
f 2622/5023/2632 2714/5089/2724 2565/4809/2575
f 2715/5331/2725 2613/5332/2623 2831/5333/2844
f 2675/5334/2685 2649/5029/2659 2745/5146/2755
f 2478/4769/2488 2813/5335/2823 2811/5285/2821
f 2650/4978/2660 2568/4977/2578 2720/5095/2730
f 2650/4978/2660 2832/5336/2845 2745/5146/2755
f 2650/4978/2660 2833/5337/2846 2832/5336/2845
f 2653/4982/2663 2654/4983/2664 2834/5338/2847
f 2594/4872/2604 2835/5339/2848 2596/4874/2606
f 2549/4775/2559 2836/5340/2849 2183/4346/2193
f 2549/5211/2559 2780/5212/2790 2836/5341/2849
f 2724/5342/2734 2597/4875/2607 2837/5343/2850
f 2726/5108/2736 2727/5109/2737 2748/5157/2758
f 2726/5108/2736 2748/5157/2758 2817/5344/2827
f 2731/5117/2741 2732/5163/2742 2782/5216/2792
f 2749/5223/2759 2838/5345/2851 2839/5346/2852
f 2839/5346/2852 2838/5345/2851 2784/5296/2794
f 2786/5221/2796 2785/5220/2795 2840/5347/2853
f 2784/5296/2794 2838/5345/2851 2753/5297/2763
f 2785/5225/2795 2756/5169/2766 2840/5348/2853
f 2838/5349/2851 2756/5169/2766 2753/5166/2763
f 2818/5299/2828 2841/5350/2854 2706/5229/2716
f 2683/5042/2693 2706/5080/2716 2819/5351/2829
f 2683/5352/2693 2819/5301/2829 2667/5300/2677
f 2640/4960/2650 2842/5353/2855 2584/4845/2594
f 2584/4845/2594 2842/5353/2855 2734/5123/2744
f 2792/5237/2802 2843/5354/2856 2790/5235/2800
f 2792/5306/2802 2821/5308/2831 2843/5355/2856
f 2795/5242/2805 2844/5356/2857 2794/5305/2804
f 2825/5315/2835 2845/5357/2858 2799/5252/2809
f 2768/5321/2778 2827/5358/2837 2846/5359/2859
f 2768/5321/2778 2846/5359/2859 2825/5319/2838
f 2770/5324/2840 2847/5360/2860 2827/5317/2837
f 2770/5324/2840 2846/5361/2859 2847/5360/2860
f 2773/5203/2783 2848/5362/2861 2772/5259/2782
f 2738/5136/2748 2610/5135/2620 2849/5363/2862
f 2773/5328/2783 2829/5327/2842 2848/5364/2861
f 2695/5365/2705 2850/5366/2863 2610/5367/2620
f 2695/5365/2705 2830/5368/2843 2850/5366/2863
f 2624/5369/2634 2829/5327/2842 2711/5330/2721
f 2607/5370/2617 2448/4964/2458 2804/5371/2814
f 2712/5087/2722 2713/5088/2723 2697/5061/2707
f 2714/5089/2724 2804/5371/2814 2448/4964/2458
f 2448/4964/2458 2625/4933/2635 2714/5089/2724
f 2612/5372/2622 2809/5373/2819 2808/5374/2818
f 2645/5138/2655 2740/5140/2750 2809/5373/2819
f 2530/4731/2540 2716/5091/2726 2646/5375/2656
f 2650/4978/2660 2720/5095/2730 2833/5337/2846
f 2834/5338/2847 2721/5098/2731 2653/4982/2663
f 2851/5376/2864 2778/5377/2788 2719/5378/2729
f 2835/5339/2848 2652/4981/2662 2631/5379/2641
f 2835/5339/2848 2781/5213/2791 2596/4874/2606
f 2726/5380/2736 2852/5381/2865 2747/5153/2757
f 2701/5065/2711 2853/5382/2866 2784/5219/2794
f 2854/5383/2867 2855/5384/2868 2856/5385/2869
f 2839/5346/2852 2728/5386/2738 2749/5223/2759
f 2857/5387/2870 2856/5385/2869 2858/5388/2871
f 2859/5389/2872 2856/5385/2869 2857/5387/2870
f 2858/5388/2871 2856/5385/2869 2860/5390/2873
f 2855/5384/2868 2860/5390/2873 2856/5385/2869
f 2601/5076/2611 2724/5152/2734 2861/5391/2874
f 2840/5347/2853 2862/5392/2875 2786/5221/2796
f 2786/5221/2796 2862/5392/2875 2749/5223/2759
f 2749/5223/2759 2862/5392/2875 2838/5345/2851
f 2756/5169/2766 2862/5393/2875 2840/5348/2853
f 2838/5349/2851 2862/5393/2875 2756/5169/2766
f 2788/5298/2798 2636/4955/2646 2662/4995/2672
f 2863/5394/2876 2706/5395/2716 2841/5396/2854
f 2491/5174/2501 2820/5397/2830 2758/5173/2768
f 2863/5394/2876 2819/5301/2829 2706/5395/2716
f 2864/5398/2877 2821/5308/2831 2793/5307/2803
f 2864/5398/2877 2793/5307/2803 2822/5310/2832
f 2865/5399/2878 2794/5240/2804 2844/5400/2857
f 2865/5399/2878 2866/5401/2879 2794/5240/2804
f 2866/5401/2879 2867/5402/2880 2794/5240/2804
f 2844/5356/2857 2795/5242/2805 2796/5247/2806
f 2867/5402/2880 2823/5312/2833 2794/5240/2804
f 2868/5403/2881 2767/5193/2777 2823/5404/2833
f 2868/5403/2881 2824/5313/2834 2767/5193/2777
f 2844/5405/2857 2796/5246/2806 2845/5357/2858
f 2799/5252/2809 2845/5357/2858 2796/5246/2806
f 2845/5357/2858 2825/5315/2835 2869/5406/2882
f 2824/5313/2834 2769/5197/2779 2800/5314/2810
f 2824/5313/2834 2709/5198/2719 2769/5197/2779
f 2869/5406/2882 2825/5315/2835 2802/5407/2812
f 2869/5408/2882 2802/5264/2812 2803/5265/2813
f 2869/5408/2882 2803/5265/2813 2870/5409/2883
f 2827/5317/2837 2847/5360/2860 2846/5361/2859
f 2870/5409/2883 2803/5265/2813 2772/5202/2782
f 2871/5410/2884 2828/5325/2841 2738/5136/2748
f 2871/5410/2884 2738/5136/2748 2849/5363/2862
f 2828/5326/2841 2830/5329/2843 2801/5263/2811
f 2830/5329/2843 2805/5269/2815 2801/5263/2811
f 2872/5411/2885 2642/5412/2652 2644/5413/2654
f 2776/5206/2786 2613/4910/2623 2202/4121/2212
f 2740/5414/2750 2614/4913/2624 2777/5207/2787
f 2717/5092/2727 2567/4815/2577 2810/5284/2820
f 2745/5146/2755 2832/5336/2845 2873/5415/2886
f 2832/5336/2845 2833/5337/2846 2873/5415/2886
f 2593/4869/2603 2874/5416/2887 2479/4637/2489
f 2595/4873/2605 2746/5148/2756 2378/4871/2388
f 2183/4346/2193 2836/5340/2849 2718/5093/2728
f 2207/4985/2217 2655/4984/2665 2722/5417/2732
f 2481/4643/2491 2700/5418/2710 2815/5290/2825
f 2781/5213/2791 2837/5343/2850 2597/4875/2607
f 2508/4694/2518 2815/5290/2825 2780/5212/2790
f 2817/5293/2827 2677/5032/2687 2875/5419/2888
f 2663/5001/2673 2733/5121/2743 2577/4999/2587
f 2859/5389/2872 2876/5420/2889 2856/5385/2869
f 2856/5385/2869 2876/5420/2889 2854/5383/2867
f 2728/5386/2738 2839/5346/2852 2877/5421/2890
f 2853/5422/2866 2839/5346/2852 2784/5296/2794
f 2752/5164/2762 2733/5121/2743 2635/4997/2645
f 2725/5106/2735 2788/5298/2798 2662/4995/2672
f 2787/5226/2797 2664/5002/2674 2758/5173/2768
f 2538/5078/2548 2757/5172/2767 2861/5391/2874
f 2791/5236/2801 2878/5423/2891 2789/5234/2799
f 2791/5236/2801 2790/5235/2800 2878/5423/2891
f 2879/5424/2892 2821/5308/2831 2864/5398/2877
f 2868/5425/2881 2822/5310/2832 2734/5311/2744
f 2879/5426/2892 2865/5399/2878 2880/5427/2893
f 2879/5426/2892 2867/5402/2880 2866/5401/2879
f 2864/5398/2877 2823/5428/2833 2879/5424/2892
f 2864/5398/2877 2822/5310/2832 2823/5428/2833
f 2880/5427/2893 2865/5399/2878 2844/5400/2857
f 2865/5399/2878 2879/5426/2892 2866/5401/2879
f 2879/5426/2892 2823/5312/2833 2867/5402/2880
f 2822/5310/2832 2868/5425/2881 2823/5428/2833
f 2844/5405/2857 2845/5357/2858 2869/5406/2882
f 2828/5325/2841 2871/5410/2884 2881/5429/2894
f 2828/5430/2841 2881/5431/2894 2882/5432/2895
f 2772/5433/2782 2848/5434/2861 2870/5435/2883
f 2871/5410/2884 2849/5363/2862 2883/5436/2896
f 2828/5437/2841 2870/5435/2883 2830/5368/2843
f 2884/5438/2897 2829/5327/2842 2624/5369/2634
f 2885/5439/2898 2886/5440/2899 2501/5282/2511
f 2615/4914/2625 2698/5062/2708 2810/5284/2820
f 2887/5441/2900 2648/4974/2658 2811/5285/2821
f 2721/5098/2731 2888/5442/2901 2651/4980/2661
f 2569/4817/2579 2814/5289/2824 2746/5148/2756
f 2593/4869/2603 2378/5443/2388 2874/5416/2887
f 2781/5213/2791 2889/5444/2902 2890/5445/2903
f 2722/5099/2732 2891/5446/2904 2701/5214/2711
f 2726/5380/2736 2892/5447/2905 2852/5381/2865
f 2728/5156/2738 2877/5448/2890 2677/5032/2687
f 2577/4999/2587 2733/5121/2743 2752/5164/2762
f 2859/5389/2872 2893/5449/2906 2876/5420/2889
f 2876/5420/2889 2893/5449/2906 2854/5383/2867
f 2854/5383/2867 2893/5449/2906 2855/5384/2868
f 2893/5449/2906 2894/5450/2907 2855/5384/2868
f 2877/5421/2890 2839/5346/2852 2895/5451/2908
f 2858/5452/2871 2896/5453/2909 2857/5454/2870
f 2855/5384/2868 2894/5450/2907 2860/5390/2873
f 2894/5450/2907 2897/5455/2910 2860/5390/2873
f 2839/5346/2852 2853/5422/2866 2895/5451/2908
f 2860/5390/2873 2897/5455/2910 2858/5388/2871
f 2858/5388/2871 2897/5455/2910 2896/5456/2909
f 2898/5457/2911 2899/5458/2912 2900/5459/2913
f 2787/5228/2797 2841/5350/2854 2818/5299/2828
f 2821/5308/2831 2901/5460/2914 2843/5355/2856
f 2842/5461/2855 2902/5462/2915 2868/5463/2881
f 2734/5311/2744 2842/5464/2855 2868/5425/2881
f 2879/5426/2892 2880/5427/2893 2901/5465/2914
f 2879/5424/2892 2901/5460/2914 2821/5308/2831
f 2880/5427/2893 2844/5400/2857 2903/5466/2916
f 2824/5313/2834 2868/5403/2881 2709/5198/2719
f 2904/5467/2917 2622/5468/2632 2384/5469/2394
f 2870/5470/2883 2882/5471/2895 2869/5472/2882
f 2828/5437/2841 2882/5473/2895 2870/5435/2883
f 2870/5435/2883 2905/5474/2918 2906/5475/2919
f 2848/5434/2861 2905/5474/2918 2870/5435/2883
f 2906/5475/2919 2830/5368/2843 2870/5435/2883
f 2905/5476/2918 2907/5477/2920 2906/5478/2919
f 2848/5364/2861 2829/5327/2842 2905/5476/2918
f 2624/5369/2634 2908/5479/2921 2884/5438/2897
f 2830/5368/2843 2906/5475/2919 2850/5366/2863
f 2829/5327/2842 2909/5480/2922 2905/5476/2918
f 2829/5327/2842 2884/5438/2897 2909/5480/2922
f 2644/5413/2654 2808/5374/2818 2872/5411/2885
f 2501/5282/2511 2886/5440/2899 2628/5283/2638
f 2812/5286/2822 2616/4915/2626 2910/5481/2923
f 2719/5094/2729 2630/4940/2640 2717/5482/2727
f 2873/5415/2886 2833/5337/2846 2745/5146/2755
f 2651/4980/2661 2888/5442/2901 2911/5483/2924
f 2778/5208/2788 2851/5484/2864 2631/4941/2641
f 2572/4823/2582 2779/5210/2789 2654/4983/2664
f 2652/4981/2662 2835/5339/2848 2594/4872/2604
f 2781/5213/2791 2890/5445/2903 2837/5343/2850
f 2747/5153/2757 2912/5485/2925 2725/5106/2735
f 2677/5032/2687 2877/5448/2890 2875/5419/2888
f 2857/5486/2870 2913/5487/2926 2859/5488/2872
f 2859/5489/2872 2913/5490/2926 2893/5491/2906
f 2897/5492/2910 2894/5493/2907 2896/5494/2909
f 2725/5106/2735 2914/5495/2927 2788/5298/2798
f 2900/5459/2913 2915/5496/2928 2898/5457/2911
f 2898/5497/2911 2915/5498/2928 2916/5499/2929
f 2900/5500/2913 2899/5501/2912 2917/5502/2930
f 2898/5457/2911 2916/5503/2929 2899/5458/2912
f 2758/5173/2768 2820/5397/2830 2918/5504/2931
f 2659/4990/2669 2666/5171/2676 2919/5505/2932
f 2608/5506/2618 2920/5507/2933 2820/5508/2830
f 2790/5235/2800 2843/5354/2856 2878/5423/2891
f 2844/5400/2857 2869/5509/2882 2903/5466/2916
f 2868/5403/2881 2921/5510/2934 2709/5198/2719
f 2882/5471/2895 2922/5511/2935 2869/5472/2882
f 2882/5512/2895 2923/5513/2936 2922/5514/2935
f 2871/5515/2884 2883/5516/2896 2881/5517/2894
f 2709/5518/2719 2908/5479/2921 2624/5369/2634
f 2882/5432/2895 2924/5519/2937 2925/5520/2938
f 2882/5432/2895 2925/5520/2938 2923/5521/2936
f 2925/5522/2938 2907/5477/2920 2923/5513/2936
f 2905/5476/2918 2923/5513/2936 2907/5477/2920
f 2905/5476/2918 2926/5523/2939 2923/5513/2936
f 2610/5524/2620 2850/5525/2863 2849/5526/2862
f 2907/5477/2920 2927/5527/2940 2906/5478/2919
f 2925/5520/2938 2927/5528/2940 2907/5529/2920
f 2905/5476/2918 2928/5530/2941 2926/5523/2939
f 2884/5438/2897 2908/5479/2921 2928/5530/2941
f 2926/5523/2939 2928/5530/2941 2908/5479/2921
f 2850/5525/2863 2906/5531/2919 2927/5528/2940
f 2905/5476/2918 2909/5480/2922 2928/5530/2941
f 2884/5438/2897 2928/5530/2941 2909/5480/2922
f 2501/5282/2511 2450/5532/2460 2885/5439/2898
f 2646/5375/2656 2716/5091/2726 2647/5533/2657
f 2777/5207/2787 2741/5141/2751 2740/5414/2750
f 2717/5534/2727 2929/5535/2942 2719/5536/2729
f 2651/5537/2661 2930/5538/2943 2720/5095/2730
f 2651/5537/2661 2911/5539/2924 2930/5538/2943
f 2719/5378/2729 2931/5540/2944 2851/5376/2864
f 2378/5443/2388 2746/5541/2756 2874/5416/2887
f 2891/5446/2904 2932/5542/2945 2701/5214/2711
f 2659/4990/2669 2919/5505/2932 2933/5543/2946
f 2577/4999/2587 2752/5164/2762 2723/5150/2733
f 2747/5153/2757 2852/5381/2865 2912/5485/2925
f 2362/5070/2372 2934/5544/2947 2752/5164/2762
f 2362/5070/2372 2704/5072/2714 2934/5544/2947
f 2896/5545/2909 2935/5546/2948 2857/5547/2870
f 2915/5498/2928 2896/5494/2909 2936/5548/2949
f 2915/5549/2928 2900/5500/2913 2937/5550/2950
f 2915/5498/2928 2937/5551/2950 2896/5494/2909
f 2915/5498/2928 2936/5548/2949 2916/5499/2929
f 2900/5500/2913 2917/5502/2930 2937/5550/2950
f 2899/5501/2912 2938/5552/2951 2917/5502/2930
f 2601/5076/2611 2757/5172/2767 2665/5077/2675
f 2861/5391/2874 2286/4921/2296 2538/5078/2548
f 2336/4920/2346 2939/5553/2952 2639/4958/2649
f 2788/5232/2798 2940/5554/2953 2640/5230/2650
f 2843/5355/2856 2941/5555/2954 2942/5556/2955
f 2901/5460/2914 2941/5555/2954 2843/5355/2856
f 2880/5427/2893 2943/5557/2956 2944/5558/2957
f 2880/5427/2893 2944/5558/2957 2901/5465/2914
f 2709/5518/2719 2921/5559/2934 2908/5479/2921
f 2881/5431/2894 2924/5519/2937 2882/5432/2895
f 2923/5513/2936 2926/5523/2939 2922/5514/2935
f 2925/5520/2938 2945/5560/2958 2927/5528/2940
f 1897/3525/1906 2946/5561/2959 2124/3982/2134
f 2647/4973/2657 2947/5562/2960 2616/4915/2626
f 2648/4974/2658 2948/5563/2961 2743/5143/2753
f 2720/5095/2730 2930/5538/2943 2949/5564/2962
f 2721/5098/2731 2950/5565/2963 2888/5442/2901
f 2721/5098/2731 2834/5338/2847 2950/5565/2963
f 2874/5416/2887 2746/5541/2756 2951/5566/2964
f 2781/5213/2791 2835/5339/2848 2889/5444/2902
f 2722/5099/2732 2655/5567/2665 2952/5568/2965
f 2890/5445/2903 2889/5444/2902 2837/5343/2850
f 2659/5031/2669 2933/5569/2946 2700/5064/2710
f 2726/5380/2736 2953/5570/2966 2892/5447/2905
f 2725/5106/2735 2912/5485/2925 2914/5495/2927
f 2857/5571/2870 2954/5572/2967 2913/5490/2926
f 2955/5573/2968 2893/5491/2906 2913/5490/2926
f 2877/5574/2890 2895/5575/2908 2956/5576/2969
f 2857/5577/2870 2957/5578/2970 2954/5579/2967
f 2893/5491/2906 2958/5580/2971 2894/5493/2907
f 2758/5173/2768 2959/5581/2972 2787/5226/2797
f 2758/5173/2768 2918/5504/2931 2960/5582/2973
f 2787/5583/2797 2961/5584/2974 2841/5585/2854
f 2916/5586/2929 2938/5587/2951 2899/5588/2912
f 2705/5589/2715 2539/5590/2549 2962/5591/2975
f 2539/5590/2549 2583/5592/2593 2962/5591/2975
f 2336/4920/2346 2682/5041/2692 2939/5553/2952
f 2666/5593/2676 2963/5594/2976 2919/5595/2932
f 2666/5302/2676 2819/5301/2829 2963/5596/2976
f 2337/5304/2347 2789/5233/2799 2964/5597/2977
f 2789/5598/2799 2965/5599/2978 2964/5600/2977
f 2901/5460/2914 2966/5601/2979 2941/5555/2954
f 2880/5427/2893 2903/5466/2916 2943/5557/2956
f 2944/5602/2957 2966/5603/2979 2901/5604/2914
f 2869/5472/2882 2924/5519/2937 2881/5431/2894
f 2869/5472/2882 2922/5511/2935 2924/5519/2937
f 2908/5479/2921 2967/5605/2980 2968/5606/2981
f 2849/5607/2862 2969/5608/2982 2883/5516/2896
f 2926/5523/2939 2908/5479/2921 2968/5606/2981
f 2849/5526/2862 2850/5525/2863 2969/5609/2982
f 2927/5528/2940 2945/5560/2958 2850/5525/2863
f 2808/5374/2818 2809/5373/2819 2872/5411/2885
f 2591/4865/2601 2743/5143/2753 2776/5610/2786
f 2616/4915/2626 2947/5562/2960 2910/5481/2923
f 2648/4974/2658 2887/5441/2900 2948/5563/2961
f 2744/5145/2754 2970/5611/2983 2814/5289/2824
f 2699/5063/2709 2718/5093/2728 2971/5612/2984
f 2833/5337/2846 2972/5613/2985 2745/5146/2755
f 2888/5442/2901 2973/5614/2986 2911/5483/2924
f 2874/5416/2887 2655/4984/2665 2479/4637/2489
f 2874/5416/2887 2951/5566/2964 2655/4984/2665
f 2836/5340/2849 2974/5615/2987 2718/5093/2728
f 2746/5541/2756 2975/5616/2988 2951/5566/2964
f 2976/5617/2989 2975/5616/2988 2746/5541/2756
f 2836/5341/2849 2780/5212/2790 2974/5618/2987
f 2722/5099/2732 2952/5568/2965 2891/5446/2904
f 2815/5290/2825 2977/5619/2990 2780/5212/2790
f 2723/5620/2733 2978/5621/2991 2816/5622/2826
f 2933/5569/2946 2979/5623/2992 2700/5064/2710
f 2875/5419/2888 2980/5624/2993 2817/5293/2827
f 2852/5625/2865 2981/5626/2994 2912/5627/2925
f 2852/5625/2865 2892/5628/2905 2982/5629/2995
f 2954/5572/2967 2983/5630/2996 2913/5490/2926
f 2913/5490/2926 2983/5630/2996 2955/5573/2968
f 2955/5573/2968 2958/5580/2971 2893/5491/2906
f 2857/5577/2870 2984/5631/2997 2957/5578/2970
f 2894/5493/2907 2936/5548/2949 2896/5494/2909
f 2857/5577/2870 2985/5632/2998 2984/5631/2997
f 2857/5577/2870 2935/5633/2948 2985/5632/2998
f 2758/5634/2768 2960/5635/2973 2959/5636/2972
f 2937/5550/2950 2935/5546/2948 2896/5545/2909
f 2959/5636/2972 2961/5584/2974 2787/5583/2797
f 2936/5637/2949 2986/5638/2999 2916/5586/2929
f 2286/4921/2296 2861/5391/2874 2619/4919/2629
f 2987/5639/3000 2938/5587/2951 2988/5640/3001
f 2987/5641/3000 2989/5642/3002 2990/5643/3003
f 2987/5641/3000 2988/5644/3001 2989/5642/3002
f 2788/5645/2798 2914/5646/2927 2940/5647/2953
f 2841/5396/2854 2991/5648/3004 2863/5394/2876
f 2843/5355/2856 2992/5649/3005 2878/5650/2891
f 2942/5556/2955 2941/5555/2954 2966/5601/2979
f 2903/5466/2916 2869/5509/2882 2993/5651/3006
f 2869/5652/2882 2881/5517/2894 2993/5653/3006
f 2994/5654/3007 2995/5655/3008 2921/5656/2934
f 2921/5559/2934 2995/5657/3008 2967/5605/2980
f 2908/5479/2921 2921/5559/2934 2967/5605/2980
f 2925/5520/2938 2924/5519/2937 2996/5658/3009
f 2922/5511/2935 2996/5658/3009 2924/5519/2937
f 2926/5523/2939 2968/5606/2981 2922/5514/2935
f 2925/5520/2938 2996/5658/3009 2945/5560/2958
f 2850/5525/2863 2997/5659/3010 2969/5609/2982
f 2945/5560/2958 2998/5660/3011 2850/5525/2863
f 2945/5560/2958 2999/5661/3012 2998/5660/3011
f 2099/4427/2109 1864/4759/1873 2807/5277/2817
f 2742/5142/2752 3000/5662/3013 2741/5141/2751
f 2811/5285/2821 2813/5335/2823 2887/5441/2900
f 2812/5286/2822 2910/5481/2923 2744/5287/2754
f 2745/5146/2755 2972/5613/2985 3001/5663/3014
f 2814/5289/2824 3002/5664/3015 2746/5148/2756
f 2837/5665/2850 3003/5666/3016 3004/5667/3017
f 2655/4984/2665 3005/5668/3018 2952/5669/2965
f 2951/5566/2964 2975/5616/2988 3006/5670/3019
f 2982/5629/2995 2981/5626/2994 2852/5625/2865
f 2817/5671/2827 3007/5672/3020 2726/5673/2736
f 2892/5628/2905 2953/5674/2966 2982/5629/2995
f 2877/5675/2890 3008/5676/3021 2875/5677/2888
f 2701/5065/2711 2932/5678/2945 3009/5679/3022
f 2955/5573/2968 2983/5630/2996 3010/5680/3023
f 2701/5065/2711 3009/5679/3022 2853/5382/2866
f 2956/5576/2969 3011/5681/3024 3012/5682/3025
f 2895/5575/2908 3011/5681/3024 2956/5576/2969
f 2895/5575/2908 2853/5683/2866 3011/5681/3024
f 2861/5391/2874 2757/5172/2767 2601/5076/2611
f 2960/5635/2973 3013/5684/3026 2959/5636/2972
f 2984/5631/2997 2985/5632/2998 3014/5685/3027
f 2937/5550/2950 2985/5686/2998 2935/5546/2948
f 2937/5550/2950 2917/5502/2930 2985/5686/2998
f 2861/5391/2874 3015/5687/3028 2619/4919/2629
f 3015/5687/3028 3016/5688/3029 2619/4919/2629
f 2938/5552/2951 3017/5689/3030 2917/5502/2930
f 2987/5690/3000 3018/5691/3031 3017/5689/3030
f 2938/5552/2951 2987/5690/3000 3017/5689/3030
f 2841/5585/2854 2961/5584/2974 2991/5692/3004
f 2987/5641/3000 2990/5643/3003 3018/5693/3031
f 2988/5640/3001 3019/5694/3032 2989/5695/3002
f 2988/5640/3001 3020/5696/3033 3019/5694/3032
f 2989/5642/3002 3019/5697/3032 3021/5698/3034
f 2820/5699/2830 2920/5700/2933 3022/5701/3035
f 2789/5598/2799 2878/5702/2891 2965/5599/2978
f 2942/5556/2955 2966/5601/2979 3023/5703/3036
f 2842/5461/2855 3024/5704/3037 2902/5462/2915
f 2943/5705/2956 3025/5706/3038 2944/5602/2957
f 2902/5462/2915 3026/5707/3039 2868/5463/2881
f 2804/5708/2814 3027/5709/3040 2608/5710/2618
f 2868/5463/2881 3026/5707/3039 2921/5656/2934
f 2883/5516/2896 2969/5608/2982 2881/5517/2894
f 2922/5511/2935 3028/5711/3041 2996/5658/3009
f 2968/5712/2981 3028/5711/3041 2922/5511/2935
f 3028/5711/3041 2968/5712/2981 2967/5713/2980
f 2999/5661/3012 3029/5714/3042 2998/5660/3011
f 2850/5525/2863 3029/5714/3042 2997/5659/3010
f 2998/5660/3011 3029/5714/3042 2850/5525/2863
f 2804/5715/2814 3030/5716/3043 3031/5717/3044
f 2622/5718/2632 3032/5719/3045 2714/5720/2724
f 2804/5721/2814 2714/5722/2724 3030/5723/3043
f 2124/3982/2134 2946/5561/2959 2674/5024/2684
f 2718/5093/2728 3033/5724/3046 2971/5612/2984
f 2720/5095/2730 3034/5725/3047 2833/5337/2846
f 2833/5337/2846 3034/5725/3047 2972/5613/2985
f 2720/5095/2730 2949/5564/2962 3034/5725/3047
f 3034/5725/3047 2949/5564/2962 2930/5538/2943
f 2950/5565/2963 2834/5338/2847 3035/5726/3048
f 2654/4983/2664 3035/5726/3048 2834/5338/2847
f 2654/4983/2664 2779/5210/2789 3035/5726/3048
f 2617/4946/2627 2816/5292/2826 2779/5210/2789
f 2746/5541/2756 3002/5727/3015 2976/5617/2989
f 2951/5566/2964 3036/5728/3049 2655/4984/2665
f 2837/5343/2850 2889/5444/2902 3003/5729/3016
f 2951/5566/2964 3006/5670/3019 3036/5728/3049
f 3006/5670/3019 2975/5616/2988 2976/5617/2989
f 2723/5150/2733 2752/5164/2762 2978/5730/2991
f 2837/5731/2850 2861/5391/2874 2724/5152/2734
f 2983/5630/2996 2954/5572/2967 3010/5680/3023
f 3010/5680/3023 3037/5732/3050 2955/5573/2968
f 2955/5573/2968 3037/5732/3050 2958/5580/2971
f 2877/5574/2890 2956/5576/2969 3012/5682/3025
f 2958/5580/2971 3037/5732/3050 2894/5493/2907
f 3037/5732/3050 3038/5733/3051 2894/5493/2907
f 3009/5734/3022 3011/5681/3024 2853/5683/2866
f 2894/5493/2907 3038/5733/3051 2936/5548/2949
f 2959/5636/2972 3013/5684/3026 3039/5735/3052
f 2959/5636/2972 3039/5735/3052 2961/5584/2974
f 2985/5686/2998 2917/5502/2930 3040/5736/3053
f 2916/5586/2929 2986/5638/2999 3041/5737/3054
f 2916/5586/2929 3041/5737/3054 2938/5587/2951
f 3020/5696/3033 2938/5587/2951 3041/5737/3054
f 2619/4919/2629 3016/5688/3029 2682/5041/2692
f 2988/5640/3001 2938/5587/2951 3020/5696/3033
f 3021/5698/3034 3042/5738/3055 2989/5642/3002
f 2337/5739/2347 2964/5740/2977 2583/5741/2593
f 2843/5355/2856 2942/5556/2955 2992/5649/3005
f 2942/5556/2955 3023/5703/3036 2992/5649/3005
f 2904/5742/2917 2384/5743/2394 2639/5744/2649
f 3043/5745/3056 2965/5599/2978 2878/5702/2891
f 2944/5602/2957 3025/5706/3038 2966/5603/2979
f 2966/5603/2979 3025/5706/3038 3044/5746/3057
f 2903/5466/2916 3045/5747/3058 2943/5557/2956
f 3045/5747/3058 2903/5466/2916 2993/5651/3006
f 2920/5507/2933 2608/5506/2618 3027/5748/3040
f 3046/5749/3059 3026/5707/3039 2902/5462/2915
f 2921/5656/2934 3026/5707/3039 2994/5654/3007
f 2881/5517/2894 3047/5750/3060 2993/5653/3006
f 2994/5654/3007 3048/5751/3061 2995/5655/3008
f 2881/5517/2894 3049/5752/3062 3047/5750/3060
f 2969/5608/2982 3050/5753/3063 2881/5517/2894
f 2881/5517/2894 3050/5753/3063 3049/5752/3062
f 2996/5658/3009 2999/5661/3012 2945/5560/2958
f 3051/5754/3064 2997/5659/3010 3029/5714/3042
f 2999/5661/3012 3051/5754/3064 3029/5714/3042
f 2628/4937/2638 3052/5755/3065 2698/5062/2708
f 2929/5756/2942 2931/5540/2944 2719/5378/2729
f 2851/5484/2864 3053/5757/3066 2631/4941/2641
f 3054/5758/3067 2889/5444/2902 2835/5339/2848
f 3006/5670/3019 2976/5617/2989 3055/5759/3068
f 2817/5671/2827 2980/5760/2993 3007/5672/3020
f 2957/5578/2970 3056/5761/3069 3057/5762/3070
f 2954/5579/2967 2957/5578/2970 3057/5762/3070
f 2877/5574/2890 3012/5682/3025 3008/5763/3021
f 3010/5680/3023 3058/5764/3071 3037/5732/3050
f 3038/5733/3051 2986/5765/2999 2936/5548/2949
f 2985/5632/2998 3040/5766/3053 3014/5685/3027
f 2918/5767/2931 3059/5768/3072 2960/5635/2973
f 3018/5693/3031 2990/5643/3003 3060/5769/3073
f 2989/5642/3002 3060/5769/3073 2990/5643/3003
f 3042/5738/3055 3060/5769/3073 2989/5642/3002
f 3042/5738/3055 3021/5698/3034 3019/5697/3032
f 2918/5770/2931 2820/5699/2830 3022/5701/3035
f 2992/5771/3005 3043/5772/3056 2878/5773/2891
f 3061/5774/3074 2992/5771/3005 3023/5775/3036
f 2965/5599/2978 3062/5776/3075 2964/5600/2977
f 3063/5777/3076 3045/5778/3058 3064/5779/3077
f 3063/5777/3076 2943/5780/2956 3045/5778/3058
f 3025/5781/3038 2943/5782/2956 3063/5783/3076
f 2902/5462/2915 3024/5704/3037 3046/5749/3059
f 3045/5778/3058 2993/5784/3006 3064/5779/3077
f 3046/5749/3059 3065/5785/3078 3026/5707/3039
f 3065/5785/3078 2994/5654/3007 3026/5707/3039
f 2994/5654/3007 3065/5785/3078 3048/5751/3061
f 2993/5786/3006 3047/5787/3060 3066/5788/3079
f 3048/5789/3061 3067/5790/3080 2995/5791/3008
f 3067/5790/3080 2967/5713/2980 2995/5791/3008
f 2967/5713/2980 3067/5790/3080 3028/5711/3041
f 3028/5711/3041 3067/5790/3080 3051/5754/3064
f 3028/5711/3041 3051/5754/3064 2996/5658/3009
f 2969/5609/2982 2997/5659/3010 3068/5792/3081
f 2996/5658/3009 3051/5754/3064 2999/5661/3012
f 2904/5793/2917 3032/5719/3045 2622/5718/2632
f 3069/5794/3082 2997/5659/3010 3051/5754/3064
f 2715/5090/2725 2946/5561/2959 1897/3525/1906
f 2647/4973/2657 2716/5795/2726 3070/5796/3083
f 3071/5797/3084 2947/5562/2960 2647/4973/2657
f 2745/5798/2755 3001/5799/3014 2675/5800/2685
f 2744/5145/2754 2910/5801/2923 2970/5611/2983
f 2699/5063/2709 2971/5612/2984 2813/5288/2823
f 2779/5802/2789 2816/5622/2826 3035/5803/3048
f 3053/5757/3066 2835/5804/2848 2631/4941/2641
f 2655/4984/2665 3036/5728/3049 3005/5668/3018
f 2889/5805/2902 3054/5806/3067 3003/5666/3016
f 3006/5670/3019 3055/5759/3068 3036/5728/3049
f 2976/5617/2989 3036/5728/3049 3055/5759/3068
f 2815/5290/2825 3072/5807/3085 2977/5619/2990
f 2700/5064/2710 2979/5623/2992 3073/5808/3086
f 2891/5809/2904 3074/5810/3087 2932/5811/2945
f 2726/5812/2736 3007/5813/3020 2953/5814/2966
f 2954/5572/2967 3058/5764/3071 3010/5680/3023
f 3075/5815/3088 3076/5816/3089 2957/5578/2970
f 2957/5578/2970 3076/5816/3089 3056/5761/3069
f 2957/5578/2970 2984/5631/2997 3075/5815/3088
f 2984/5631/2997 3014/5685/3027 3077/5817/3090
f 3078/5818/3091 2914/5819/2927 2912/5820/2925
f 2986/5638/2999 3079/5821/3092 3041/5737/3054
f 2917/5502/2930 3017/5689/3030 3080/5822/3093
f 3018/5691/3031 3080/5822/3093 3017/5689/3030
f 3018/5691/3031 3060/5823/3073 3080/5822/3093
f 2682/5041/2692 3016/5688/3029 3081/5824/3094
f 2918/5825/2931 3022/5826/3035 3059/5827/3072
f 3042/5738/3055 3082/5828/3095 3060/5769/3073
f 3019/5697/3032 3082/5828/3095 3042/5738/3055
f 2682/5829/2692 3081/5830/3094 2939/5831/2952
f 2583/5592/2593 3083/5832/3096 2962/5591/2975
f 2940/5833/2953 3084/5834/3097 2640/5835/2650
f 2964/5836/2977 3085/5837/3098 2583/5592/2593
f 3061/5838/3074 3023/5703/3036 3086/5839/3099
f 2966/5601/2979 3086/5839/3099 3023/5703/3036
f 3064/5840/3077 3087/5841/3100 3063/5783/3076
f 3088/5842/3101 3044/5843/3057 3025/5781/3038
f 3024/5704/3037 2966/5603/2979 3046/5749/3059
f 3088/5842/3101 3089/5844/3102 3044/5843/3057
f 3044/5746/3057 3065/5785/3078 2966/5603/2979
f 2966/5603/2979 3065/5785/3078 3046/5749/3059
f 3064/5779/3077 2993/5784/3006 3090/5845/3103
f 3044/5746/3057 3048/5751/3061 3065/5785/3078
f 3090/5845/3103 2993/5784/3006 3066/5846/3079
f 3066/5847/3079 3047/5848/3060 3091/5849/3104
f 3044/5746/3057 3091/5849/3104 3048/5751/3061
f 3091/5849/3104 3092/5850/3105 3048/5751/3061
f 3047/5848/3060 3067/5851/3080 3091/5849/3104
f 3091/5849/3104 3067/5851/3080 3092/5850/3105
f 3048/5751/3061 3092/5850/3105 3067/5851/3080
f 3049/5752/3062 3093/5852/3106 3047/5750/3060
f 3093/5852/3106 3067/5853/3080 3047/5750/3060
f 3049/5854/3062 3050/5855/3063 3093/5856/3106
f 3094/5857/3107 3051/5754/3064 3067/5790/3080
f 3069/5794/3082 3051/5754/3064 3094/5857/3107
f 3095/5858/3108 2450/4812/2460 2373/4428/2383
f 3052/5859/3065 2628/5283/2638 2886/5440/2899
f 3096/5860/3109 2776/5610/2786 2743/5143/2753
f 3096/5860/3109 2743/5143/2753 2948/5563/2961
f 3097/5861/3110 3034/5725/3047 2930/5538/2943
f 3098/5862/3111 2930/5538/2943 2911/5539/2924
f 3099/5863/3112 3036/5728/3049 2976/5617/2989
f 3073/5864/3086 2815/5290/2825 2700/5418/2710
f 3100/5865/3113 3101/5866/3114 2837/5665/2850
f 2978/5730/2991 2752/5164/2762 2934/5544/2947
f 3102/5867/3115 2980/5868/2993 2875/5677/2888
f 3102/5867/3115 2875/5677/2888 3008/5676/3021
f 3103/5869/3116 3058/5764/3071 2954/5572/2967
f 3057/5762/3070 3056/5761/3069 3104/5870/3117
f 3058/5764/3071 3038/5733/3051 3037/5732/3050
f 3105/5871/3118 3008/5763/3021 3012/5682/3025
f 3105/5871/3118 3012/5682/3025 3009/5734/3022
f 3075/5815/3088 2984/5631/2997 3077/5817/3090
f 3106/5872/3119 3077/5817/3090 3014/5685/3027
f 3011/5681/3024 3009/5734/3022 3012/5682/3025
f 2960/5635/2973 3059/5768/3072 3013/5684/3026
f 3059/5768/3072 3039/5735/3052 3013/5684/3026
f 3079/5821/3092 3107/5873/3120 3041/5737/3054
f 2961/5584/2974 3039/5735/3052 2991/5692/3004
f 3108/5874/3121 3109/5875/3122 3041/5737/3054
f 3109/5875/3122 3020/5696/3033 3041/5737/3054
f 3039/5735/3052 3110/5876/3123 2991/5692/3004
f 3082/5877/3095 3019/5694/3032 3109/5875/3122
f 3109/5875/3122 3019/5694/3032 3020/5696/3033
f 3084/5834/3097 2842/5878/2855 2640/5835/2650
f 3062/5776/3075 2965/5599/2978 3043/5745/3056
f 3111/5879/3124 2966/5603/2979 3024/5704/3037
f 3063/5783/3076 3087/5841/3100 3025/5781/3038
f 3112/5880/3125 3113/5881/3126 3114/5882/3127
f 3090/5845/3103 3115/5883/3128 3089/5884/3102
f 3044/5746/3057 3115/5885/3128 3091/5849/3104
f 3089/5844/3102 3115/5886/3128 3044/5843/3057
f 3090/5845/3103 3066/5846/3079 3115/5883/3128
f 3115/5883/3128 3066/5846/3079 3091/5887/3104
f 3050/5888/3063 2969/5889/2982 3116/5890/3129
f 2969/5889/2982 3068/5891/3081 3116/5890/3129
f 3068/5792/3081 2997/5659/3010 3094/5857/3107
f 3094/5857/3107 2997/5659/3010 3069/5794/3082
f 2715/5331/2725 2831/5333/2844 2946/5892/2959
f 2642/5412/2652 2872/5411/2885 3117/5893/3130
f 2450/5532/2460 3095/5894/3108 2885/5439/2898
f 2303/4297/2313 2674/5024/2684 2716/5091/2726
f 2948/5563/2961 3118/5895/3131 3096/5860/3109
f 2973/5896/2986 3098/5862/3111 2911/5539/2924
f 2888/5442/2901 3119/5897/3132 2973/5614/2986
f 3033/5724/3046 2718/5093/2728 2974/5615/2987
f 3120/5898/3133 3004/5667/3017 3003/5666/3016
f 3002/5727/3015 3099/5863/3112 2976/5617/2989
f 3100/5865/3113 2837/5665/2850 3004/5667/3017
f 3005/5668/3018 3121/5899/3134 2952/5669/2965
f 3073/5864/3086 3072/5807/3085 2815/5290/2825
f 2952/5568/2965 3121/5900/3134 2891/5446/2904
f 3101/5901/3114 2861/5391/2874 2837/5731/2850
f 2933/5569/2946 2919/5902/2932 2979/5623/2992
f 3102/5903/3115 3008/5763/3021 3105/5871/3118
f 3057/5762/3070 3104/5870/3117 3122/5904/3135
f 3103/5869/3116 3123/5905/3136 3058/5764/3071
f 3076/5816/3089 3104/5870/3117 3056/5761/3069
f 3124/5906/3137 3079/5821/3092 3038/5907/3051
f 3078/5818/3091 3125/5908/3138 2914/5819/2927
f 3038/5907/3051 3079/5821/3092 2986/5638/2999
f 3079/5821/3092 3124/5906/3137 3126/5909/3139
f 3014/5685/3027 3040/5766/3053 3127/5910/3140
f 3126/5909/3139 3107/5873/3120 3079/5821/3092
f 3059/5827/3072 3128/5911/3141 3039/5912/3052
f 2917/5502/2930 3080/5822/3093 3040/5736/3053
f 3041/5737/3054 3107/5873/3120 3108/5874/3121
f 2914/5646/2927 3129/5913/3142 2940/5647/2953
f 3130/5914/3143 2904/5742/2917 2639/5744/2649
f 3061/5774/3074 3131/5915/3144 2992/5771/3005
f 3043/5772/3056 3132/5916/3145 3133/5917/3146
f 3086/5839/3099 2966/5601/2979 3111/5918/3124
f 3062/5776/3075 3043/5745/3056 3134/5919/3147
f 3064/5779/3077 3135/5920/3148 3136/5921/3149
f 3064/5840/3077 3136/5922/3149 3087/5841/3100
f 3087/5841/3100 3088/5842/3101 3025/5781/3038
f 3137/5923/3150 3088/5842/3101 3087/5841/3100
f 3114/5924/3127 3134/5919/3147 3112/5925/3125
f 3064/5779/3077 3138/5926/3151 3135/5920/3148
f 3090/5845/3103 3137/5927/3150 3064/5779/3077
f 3064/5779/3077 3137/5927/3150 3138/5926/3151
f 3090/5845/3103 3089/5884/3102 3137/5927/3150
f 3089/5844/3102 3088/5842/3101 3137/5923/3150
f 3112/5880/3125 3139/5928/3152 3113/5881/3126
f 3113/5881/3126 3139/5928/3152 3140/5929/3153
f 3113/5881/3126 3140/5929/3153 3141/5930/3154
f 2804/5708/2814 3031/5931/3044 3027/5709/3040
f 3094/5932/3107 3142/5933/3155 3093/5856/3106
f 3067/5790/3080 3142/5934/3155 3094/5857/3107
f 3093/5852/3106 3142/5935/3155 3067/5853/3080
f 2643/5936/2653 2807/5937/2817 3143/5938/3156
f 2809/5373/2819 3144/5939/3157 2872/5411/2885
f 3071/5797/3084 2910/5481/2923 2947/5562/2960
f 2970/5611/2983 3145/5940/3158 2814/5289/2824
f 2888/5941/2901 2950/5942/2963 3119/5943/3132
f 2973/5614/2986 3119/5897/3132 3098/5944/3111
f 3035/5803/3048 2816/5622/2826 3146/5945/3159
f 3147/5946/3160 3120/5898/3133 3003/5666/3016
f 3054/5806/3067 3147/5946/3160 3003/5666/3016
f 3053/5757/3066 3148/5947/3161 2835/5804/2848
f 2932/5948/2945 3149/5949/3162 3009/5950/3022
f 2954/5572/2967 3057/5951/3070 3150/5952/3163
f 2954/5572/2967 3150/5952/3163 3103/5869/3116
f 2912/5820/2925 3151/5953/3164 3078/5818/3091
f 3105/5871/3118 3009/5734/3022 3102/5903/3115
f 3123/5905/3136 3038/5733/3051 3058/5764/3071
f 3038/5907/3051 3152/5954/3165 3124/5906/3137
f 3075/5815/3088 3077/5817/3090 3153/5955/3166
f 3152/5954/3165 3126/5909/3139 3124/5906/3137
f 3126/5909/3139 3154/5956/3167 3107/5873/3120
f 3060/5823/3073 3155/5957/3168 3080/5822/3093
f 3082/5828/3095 3156/5958/3169 3060/5769/3073
f 3081/5824/3094 3016/5688/3029 3157/5959/3170
f 3039/5735/3052 3158/5960/3171 3110/5876/3123
f 3082/5828/3095 3159/5961/3172 3156/5958/3169
f 3156/5958/3169 3160/5962/3173 3161/5963/3174
f 3156/5958/3169 3159/5961/3172 3160/5962/3173
f 3162/5964/3175 2639/5744/2649 2939/5831/2952
f 3043/5772/3056 2992/5771/3005 3132/5916/3145
f 2992/5771/3005 3163/5965/3176 3132/5916/3145
f 2992/5771/3005 3131/5915/3144 3163/5965/3176
f 3086/5966/3099 3164/5967/3177 3061/5774/3074
f 3086/5966/3099 3165/5968/3178 3164/5967/3177
f 3086/5966/3099 3111/5969/3124 3165/5968/3178
f 3043/5745/3056 3139/5970/3152 3134/5919/3147
f 3024/5704/3037 3165/5971/3178 3111/5879/3124
f 3062/5776/3075 3114/5924/3127 2964/5600/2977
f 3062/5776/3075 3134/5919/3147 3114/5924/3127
f 3134/5919/3147 3139/5970/3152 3112/5925/3125
f 3135/5920/3148 3166/5972/3179 3136/5921/3149
f 3136/5922/3149 3137/5923/3150 3087/5841/3100
f 3166/5973/3179 3137/5923/3150 3136/5922/3149
f 3135/5920/3148 3138/5926/3151 3166/5972/3179
f 3137/5927/3150 3166/5972/3179 3138/5926/3151
f 3114/5882/3127 3113/5881/3126 3167/5974/3180
f 3141/5930/3154 3168/5975/3181 3113/5881/3126
f 3141/5930/3154 3140/5929/3153 3169/5976/3182
f 3168/5977/3181 3141/5978/3154 3170/5979/3183
f 3169/5980/3182 3170/5979/3183 3141/5978/3154
f 3050/5855/3063 3173/5981/3184 3172/5982/3185
f 3172/5982/3185 3093/5856/3106 3050/5855/3063
f 3174/5983/3186 3093/5856/3106 3172/5982/3185
f 3116/5890/3129 3171/5984/3187 3050/5888/3063
f 3116/5890/3129 3175/5985/3188 3171/5984/3187
f 3093/5856/3106 3174/5983/3186 3176/5986/3189
f 3068/5891/3081 3175/5985/3188 3116/5890/3129
f 3068/5891/3081 3177/5987/3190 3175/5985/3188
f 3093/5856/3106 3176/5986/3189 3177/5987/3190
f 3093/5856/3106 3177/5987/3190 3094/5932/3107
f 3094/5932/3107 3177/5987/3190 3068/5891/3081
f 2643/4966/2653 3095/5858/3108 2373/4428/2383
f 2776/5988/2786 3178/5989/3191 2613/5332/2623
f 2717/5092/2727 2810/5284/2820 3179/5990/3192
f 2910/5801/2923 3180/5991/3193 2970/5611/2983
f 3097/5861/3110 3181/5992/3194 3034/5725/3047
f 2930/5538/2943 3098/5862/3111 3097/5861/3110
f 3004/5667/3017 3120/5898/3133 3100/5865/3113
f 2835/5993/2848 3147/5946/3160 3054/5806/3067
f 2816/5622/2826 3182/5994/3195 3146/5945/3159
f 2978/5621/2991 3182/5994/3195 2816/5622/2826
f 2977/5619/2990 3072/5807/3085 3183/5995/3196
f 2978/5730/2991 2934/5544/2947 3182/5996/3195
f 2981/5626/2994 2982/5629/2995 3184/5997/3197
f 2981/5626/2994 3184/5997/3197 2912/5627/2925
f 2980/5868/2993 3102/5867/3115 3185/5998/3198
f 3057/5762/3070 3122/5904/3135 3186/5999/3199
f 3103/5869/3116 3150/5952/3163 3123/5905/3136
f 3076/5816/3089 3187/6000/3200 3188/6001/3201
f 3075/5815/3088 3187/6000/3200 3076/5816/3089
f 3038/5733/3051 3189/6002/3202 3152/6003/3165
f 3038/5733/3051 3123/5905/3136 3189/6002/3202
f 3075/5815/3088 3153/5955/3166 3187/6000/3200
f 2705/6004/2715 3190/6005/3203 2704/6006/2714
f 3127/5910/3140 3106/5872/3119 3014/5685/3027
f 3107/5873/3120 3154/5956/3167 3191/6007/3204
f 3127/5910/3140 3040/5766/3053 3192/6008/3205
f 3107/5873/3120 3191/6007/3204 3108/5874/3121
f 2963/5594/2976 3193/6009/3206 2919/5595/2932
f 2962/5591/2975 3190/6010/3203 2705/5589/2715
f 3156/5958/3169 3194/6011/3207 3060/5769/3073
f 3109/6012/3122 3195/6013/3208 3082/5828/3095
f 3156/5958/3169 3161/5963/3174 3194/6011/3207
f 3082/5828/3095 3195/6013/3208 3194/6014/3209
f 3081/5830/3094 3157/6015/3170 3196/6016/3210
f 3082/5828/3095 3194/6014/3209 3197/6017/3211
f 3082/5828/3095 3197/6017/3211 3159/5961/3172
f 3161/5963/3174 3160/5962/3173 3198/6018/3212
f 3159/5961/3172 3197/6017/3211 3160/5962/3173
f 3160/5962/3173 3197/6017/3211 3199/6019/3213
f 3160/5962/3173 3200/6020/3214 3198/6018/3212
f 3160/5962/3173 3199/6019/3213 3200/6020/3214
f 3133/5917/3146 3201/6021/3215 3043/5772/3056
f 3061/5774/3074 3164/5967/3177 3131/5915/3144
f 3043/5745/3056 3201/6022/3215 3139/5970/3152
f 3131/5915/3144 3132/5916/3145 3163/5965/3176
f 3132/5916/3145 3131/5915/3144 3202/6023/3216
f 3164/5967/3177 3202/6023/3216 3131/5915/3144
f 3164/5967/3177 3165/5968/3178 3202/6023/3216
f 2964/5600/2977 3114/5924/3127 3167/6024/3180
f 3203/6025/3217 3140/5929/3153 3139/5928/3152
f 3113/5881/3126 3168/5975/3181 3167/5974/3180
f 3140/6026/3153 3204/6027/3218 3169/5980/3182
f 3168/5977/3181 3205/6028/3219 3206/6029/3220
f 3168/5977/3181 3170/5979/3183 3205/6028/3219
f 3204/6027/3218 3205/6028/3219 3169/5980/3182
f 3169/5980/3182 3205/6028/3219 3170/5979/3183
f 3171/5984/3187 3175/5985/3188 3172/5982/3185
f 3172/5982/3185 3175/5985/3188 3207/6030/3221
f 3172/5982/3185 3207/6030/3221 3174/5983/3186
f 3175/5985/3188 3177/5987/3190 3207/6030/3221
f 3174/5983/3186 3207/6030/3221 3176/5986/3189
f 3176/5986/3189 3207/6030/3221 3177/5987/3190
f 3030/6031/3043 2714/5720/2724 3032/5719/3045
f 3178/5989/3191 2776/5988/2786 3208/6032/3222
f 2647/4973/2657 3070/5796/3083 3071/5797/3084
f 3180/5991/3193 3145/5940/3158 2970/5611/2983
f 3034/5725/3047 3181/5992/3194 2972/5613/2985
f 2814/5289/2824 3145/5940/3158 3002/5664/3015
f 3036/5728/3049 3099/5863/3112 3209/6033/3223
f 2977/5619/2990 2974/5618/2987 2780/5212/2790
f 2953/6034/2966 3007/6035/3020 3210/6036/3224
f 3122/5904/3135 3211/6037/3225 3186/5999/3199
f 3057/6038/3070 3212/6039/3226 3150/6040/3163
f 3122/5904/3135 3213/6041/3227 3211/6037/3225
f 3150/6040/3163 3214/6042/3228 3123/6043/3136
f 3122/6044/3135 3104/6045/3117 3215/6046/3229
f 3009/6047/3022 3149/6048/3162 3102/6049/3115
f 2704/6006/2714 3216/6050/3230 2934/6051/2947
f 3126/5909/3139 3217/6052/3231 3154/5956/3167
f 3152/5954/3165 3217/6052/3231 3126/5909/3139
f 3077/5817/3090 3218/6053/3232 3153/5955/3166
f 3106/5872/3119 3218/6053/3232 3077/5817/3090
f 2704/6006/2714 3190/6005/3203 3219/6054/3233
f 2861/5391/2874 3101/5901/3114 3015/5687/3028
f 3127/5910/3140 3220/6055/3234 3218/6053/3232
f 3106/5872/3119 3127/5910/3140 3218/6053/3232
f 3127/5910/3140 3192/6008/3205 3220/6055/3234
f 3108/5874/3121 3191/6007/3204 3221/6056/3235
f 3108/5874/3121 3221/6056/3235 3109/5875/3122
f 3221/6056/3235 3222/6057/3236 3109/5875/3122
f 3059/5827/3072 3022/5826/3035 3223/6058/3237
f 3109/5875/3122 3222/6057/3236 3195/6059/3208
f 3195/6060/3208 3222/6061/3236 3194/6062/3209
f 3039/5735/3052 3128/6063/3141 3158/5960/3171
f 3161/6064/3174 3224/6065/3238 3194/6066/3207
f 3161/5963/3174 3198/6018/3212 3224/6067/3238
f 3194/6062/3209 3225/6068/3239 3197/6069/3211
f 3197/6069/3211 3225/6068/3239 3199/6070/3213
f 3198/6071/3212 3200/6072/3214 3224/6073/3238
f 2991/5648/3004 3110/6074/3123 2863/5394/2876
f 3081/5830/3094 3196/6016/3210 2939/5831/2952
f 2863/5394/2876 2963/5596/2976 2819/5301/2829
f 2842/6075/2855 3084/6076/3097 3226/6077/3240
f 2842/5461/2855 3226/6078/3240 3024/5704/3037
f 3139/5970/3152 3201/6022/3215 3203/6079/3217
f 3132/5916/3145 3202/6023/3216 3227/6080/3241
f 3165/5968/3178 3227/6080/3241 3202/6023/3216
f 3167/6024/3180 3228/6081/3242 2964/5600/2977
f 3203/6025/3217 3204/6082/3218 3140/5929/3153
f 2904/6083/2917 3229/6084/3243 3032/6085/3045
f 2716/6086/2726 3230/6087/3244 3070/6088/3083
f 2776/5988/2786 3231/6089/3245 3208/6032/3222
f 3096/6090/3109 3231/6091/3245 2776/6092/2786
f 3071/6093/3084 3232/6094/3246 2910/6095/2923
f 2948/5563/2961 2887/5441/2900 3118/5895/3131
f 2910/6096/2923 3233/6097/3247 3180/6098/3193
f 3148/6099/3161 3234/6100/3248 2835/5993/2848
f 2977/5619/2990 3235/6101/3249 2974/5618/2987
f 3184/6102/3197 3151/5953/3164 2912/5820/2925
f 3122/6044/3135 3215/6046/3229 3213/6103/3227
f 2979/6104/2992 2919/6105/2932 3236/6106/3250
f 3123/6043/3136 3214/6042/3228 3189/6107/3202
f 3188/6001/3201 3215/6108/3229 3076/5816/3089
f 3076/5816/3089 3215/6108/3229 3104/5870/3117
f 3189/6109/3202 3217/6110/3231 3152/6111/3165
f 3217/6110/3231 3237/6112/3251 3154/6113/3167
f 2704/6006/2714 3219/6054/3233 3238/6114/3252
f 3218/6053/3232 3239/6115/3253 3153/5955/3166
f 3015/5687/3028 3101/5901/3114 3240/6116/3254
f 3218/6117/3232 3241/6118/3255 3239/6119/3253
f 3220/6055/3234 3241/6120/3255 3218/6053/3232
f 3191/6007/3204 3154/5956/3167 3242/6121/3256
f 3015/5687/3028 3240/6116/3254 3016/5688/3029
f 3125/5908/3138 3243/6122/3257 2914/5819/2927
f 3220/6123/3234 3192/6124/3205 3241/6125/3255
f 3040/6126/3053 3244/6127/3258 3192/6128/3205
f 3080/6129/3093 3245/6130/3259 3040/6131/3053
f 3242/6121/3256 3221/6056/3235 3191/6007/3204
f 3199/6070/3213 3225/6068/3239 3200/6072/3214
f 2639/5744/2649 3162/5964/3175 3130/5914/3143
f 3085/6132/3098 2964/5600/2977 3228/6081/3242
f 3226/6077/3240 3227/6080/3241 3165/5968/3178
f 3024/6133/3037 3226/6077/3240 3165/5968/3178
f 3203/6025/3217 3246/6134/3260 3204/6082/3218
f 3167/6135/3180 3168/6136/3181 3206/6137/3220
f 3204/6027/3218 3247/6138/3261 3205/6028/3219
f 2831/5333/2844 3248/6139/3262 2946/5892/2959
f 2643/5936/2653 3143/5938/3156 3095/5894/3108
f 3095/5894/3108 3249/6140/3263 2885/5439/2898
f 3231/6091/3245 3096/6090/3109 3250/6141/3264
f 3052/5755/3065 2810/5284/2820 2698/5062/2708
f 3096/6090/3109 3251/6142/3265 3250/6141/3264
f 2813/5288/2823 2971/5612/2984 3252/6143/3266
f 3053/5757/3066 2851/5484/2864 3253/6144/3267
f 3036/5728/3049 3209/6033/3223 3005/5668/3018
f 3073/6145/3086 2979/6104/2992 3254/6146/3268
f 3255/6147/3269 3183/5995/3196 3072/5807/3085
f 2953/5674/2966 3210/6148/3224 2982/5629/2995
f 3149/6149/3162 2932/5811/2945 3256/6150/3270
f 3102/6049/3115 3257/6151/3271 3185/6152/3198
f 3211/6037/3225 3258/6153/3272 3186/5999/3199
f 3186/6154/3199 3212/6155/3226 3057/6156/3070
f 3186/6154/3199 3258/6157/3272 3212/6155/3226
f 3211/6037/3225 3213/6041/3227 3258/6153/3272
f 3102/6049/3115 3149/6048/3162 3259/6158/3273
f 2919/6105/2932 3193/6159/3206 3236/6106/3250
f 2704/6006/2714 3238/6114/3252 3216/6050/3230
f 3187/6000/3200 3260/6160/3274 3188/6001/3201
f 3189/6109/3202 3237/6112/3251 3217/6110/3231
f 3187/6161/3200 3261/6162/3275 3260/6163/3274
f 3187/6000/3200 3153/5955/3166 3261/6164/3275
f 3154/6113/3167 3237/6112/3251 3262/6165/3276
f 3059/5827/3072 3223/6058/3237 3128/5911/3141
f 3155/5957/3168 3263/6166/3277 3080/5822/3093
f 3155/6167/3168 3264/6168/3278 3263/6169/3277
f 3060/6170/3073 3264/6168/3278 3155/6167/3168
f 3194/6011/3207 3265/6171/3279 3060/5769/3073
f 3060/6170/3073 3265/6172/3279 3264/6168/3278
f 3223/6173/3237 3022/5701/3035 3266/6174/3280
f 3194/6066/3207 3224/6065/3238 3265/6175/3279
f 3200/6072/3214 3267/6176/3281 3224/6073/3238
f 3196/6016/3210 3162/5964/3175 2939/5831/2952
f 3132/5916/3145 3268/6177/3282 3133/5917/3146
f 3227/6080/3241 3268/6177/3282 3132/5916/3145
f 3201/6022/3215 3246/6178/3260 3203/6079/3217
f 3133/5917/3146 3269/6179/3283 3201/6021/3215
f 3269/6179/3283 3270/6180/3284 3201/6021/3215
f 3246/6181/3260 3270/6182/3284 3271/6183/3285
f 3201/6184/3215 3270/6182/3284 3246/6181/3260
f 3167/6135/3180 3206/6137/3220 3272/6185/3286
f 3246/6181/3260 3273/6186/3287 3204/6187/3218
f 3206/6029/3220 3247/6138/3261 3273/6188/3287
f 3204/6027/3218 3273/6188/3287 3247/6138/3261
f 3206/6029/3220 3205/6028/3219 3247/6138/3261
f 2831/5333/2844 2613/5332/2623 3248/6139/3262
f 3071/6093/3084 3274/6189/3288 3232/6094/3246
f 3033/6190/3046 3275/6191/3289 2971/6192/2984
f 3005/5668/3018 3276/6193/3290 3121/5899/3134
f 3277/6194/3291 3209/6033/3223 3099/5863/3112
f 3053/6195/3066 3253/6196/3267 3148/6099/3161
f 3073/5864/3086 3255/6147/3269 3072/5807/3085
f 2982/6197/2995 3278/6198/3292 3184/6102/3197
f 2982/6197/2995 3210/6199/3224 3278/6198/3292
f 2932/5811/2945 3074/5810/3087 3256/6150/3270
f 3102/6049/3115 3279/6200/3293 3257/6151/3271
f 3258/6201/3272 3280/6202/3294 3281/6203/3295
f 3258/6204/3272 3213/6103/3227 3280/6205/3294
f 3150/6040/3163 3282/6206/3296 3214/6042/3228
f 3151/5953/3164 3125/5908/3138 3078/5818/3091
f 3189/6109/3202 3283/6207/3297 3237/6112/3251
f 3241/6208/3255 3284/6209/3298 3239/6210/3253
f 3154/6113/3167 3262/6165/3276 3242/6211/3256
f 3040/6126/3053 3285/6212/3299 3244/6127/3258
f 3016/5688/3029 3240/6116/3254 3157/5959/3170
f 3080/6129/3093 3264/6168/3278 3245/6130/3259
f 3263/6169/3277 3264/6168/3278 3080/6129/3093
f 3221/6213/3235 3286/6214/3300 3222/6215/3236
f 3286/6214/3300 3225/6216/3239 3222/6215/3236
f 3194/6062/3209 3222/6061/3236 3225/6068/3239
f 2962/5591/2975 3083/5832/3096 3190/6010/3203
f 3200/6072/3214 3287/6217/3301 3267/6176/3281
f 3200/6072/3214 3225/6068/3239 3287/6217/3301
f 3110/6218/3123 3288/6219/3302 2863/6220/2876
f 3027/5748/3040 3031/6221/3044 2920/5507/2933
f 3227/6080/3241 3226/6077/3240 3289/6222/3303
f 3227/6080/3241 3289/6222/3303 3268/6177/3282
f 3268/6177/3282 3290/6223/3304 3133/5917/3146
f 3289/6222/3303 3290/6223/3304 3268/6177/3282
f 3269/6179/3283 3133/5917/3146 3290/6223/3304
f 3290/6223/3304 3291/6224/3305 3269/6179/3283
f 3269/6225/3283 3291/6226/3305 3270/6182/3284
f 3167/6135/3180 3272/6185/3286 3228/6227/3242
f 3271/6183/3285 3291/6226/3305 3246/6181/3260
f 3270/6182/3284 3291/6226/3305 3271/6183/3285
f 3031/6228/3044 3030/6229/3043 3292/6230/3306
f 2809/5373/2819 2740/5140/2750 3144/5939/3157
f 2742/5142/2752 3293/6231/3307 3000/5662/3013
f 2742/5142/2752 3294/6232/3308 3293/6231/3307
f 2887/6233/2900 2813/6234/2823 3252/6235/3266
f 2717/5534/2727 3179/6236/3192 2929/5535/2942
f 3119/5943/3132 3295/6237/3309 3296/6238/3310
f 2931/5540/2944 3297/6239/3311 2851/5376/2864
f 2851/6240/2864 3297/6241/3311 3253/6196/3267
f 2835/5993/2848 3298/6242/3312 3147/5946/3160
f 3183/5995/3196 3235/6101/3249 2977/5619/2990
f 3184/6102/3197 3125/5908/3138 3151/5953/3164
f 3213/6103/3227 3299/6243/3313 3280/6205/3294
f 2934/6051/2947 3216/6050/3230 3300/6244/3314
f 3102/6049/3115 3259/6158/3273 3279/6200/3293
f 3214/6042/3228 3282/6206/3296 3283/6245/3297
f 3214/6042/3228 3283/6245/3297 3189/6107/3202
f 3219/6246/3233 3190/6247/3203 3301/6248/3315
f 3264/6168/3278 3302/6249/3316 3245/6130/3259
f 3221/6213/3235 3303/6250/3317 3286/6214/3300
f 3264/6168/3278 3265/6172/3279 3302/6249/3316
f 3265/6251/3279 3224/6073/3238 3302/6252/3316
f 2914/5646/2927 3243/6253/3257 3129/5913/3142
f 3304/6254/3318 3190/6010/3203 3083/5832/3096
f 3196/6016/3210 3157/6015/3170 3305/6255/3319
f 3083/5832/3096 3306/6256/3320 3304/6254/3318
f 3022/5701/3035 2920/5700/2933 3266/6174/3280
f 3290/6223/3304 3289/6222/3303 3307/6257/3321
f 3290/6223/3304 3307/6257/3321 3291/6224/3305
f 3246/6181/3260 3291/6226/3305 3308/6258/3322
f 3246/6181/3260 3308/6258/3322 3273/6186/3287
f 3206/6137/3220 3273/6186/3287 3309/6259/3323
f 3272/6185/3286 3206/6137/3220 3309/6259/3323
f 3273/6186/3287 3308/6258/3322 3309/6259/3323
f 3292/6230/3306 3030/6229/3043 3032/6085/3045
f 2807/5937/2817 1864/6260/1873 3143/5938/3156
f 2946/5892/2959 3248/6139/3262 3310/6261/3324
f 3052/5755/3065 3311/6262/3325 2810/5284/2820
f 2887/5441/2900 3096/5860/3109 3118/5895/3131
f 3232/6094/3246 3312/6263/3326 2910/6095/2923
f 2810/5284/2820 3311/6262/3325 3179/5990/3192
f 3145/6264/3158 3180/6098/3193 3313/6265/3327
f 3145/6264/3158 3313/6265/3327 3002/6266/3015
f 2950/5942/2963 3295/6237/3309 3119/5943/3132
f 2950/5942/2963 3035/5803/3048 3295/6237/3309
f 3098/6267/3111 3119/5943/3132 3296/6238/3310
f 3147/5946/3160 3298/6242/3312 3120/5898/3133
f 2835/5993/2848 3234/6100/3248 3298/6242/3312
f 2891/5809/2904 3121/6268/3134 3074/5810/3087
f 3101/6269/3114 3100/6270/3113 3314/6271/3328
f 3184/6102/3197 3278/6198/3292 3125/5908/3138
f 3150/6040/3163 3212/6039/3226 3315/6272/3329
f 3215/6046/3229 3299/6243/3313 3213/6103/3227
f 3215/6046/3229 3316/6273/3330 3299/6243/3313
f 3150/6040/3163 3315/6272/3329 3282/6206/3296
f 3101/6269/3114 3314/6271/3328 3317/6274/3331
f 3188/6275/3201 3260/6163/3274 3318/6276/3332
f 3153/6277/3166 3319/6278/3333 3261/6162/3275
f 3239/6279/3253 3319/6280/3333 3153/6281/3166
f 3238/6114/3252 3219/6054/3233 3320/6282/3334
f 3283/6207/3297 3321/6283/3335 3237/6112/3251
f 3241/6208/3255 3322/6284/3336 3284/6209/3298
f 3262/6165/3276 3323/6285/3337 3242/6211/3256
f 3241/6208/3255 3244/6286/3258 3322/6284/3336
f 3192/6287/3205 3244/6286/3258 3241/6208/3255
f 3221/6213/3235 3324/6288/3338 3303/6250/3317
f 3242/6211/3256 3323/6285/3337 3221/6213/3235
f 3221/6213/3235 3323/6285/3337 3324/6288/3338
f 3286/6289/3300 3287/6217/3301 3225/6068/3239
f 3325/6290/3339 3326/6291/3340 3158/6292/3171
f 3158/6292/3171 3326/6291/3340 3110/6293/3123
f 3224/6073/3238 3267/6176/3281 3302/6252/3316
f 3302/6252/3316 3267/6176/3281 3287/6217/3301
f 3158/6292/3171 3128/6294/3141 3325/6290/3339
f 2863/6220/2876 3327/6295/3341 2963/6296/2976
f 3327/6295/3341 3328/6297/3342 2963/6296/2976
f 3196/6016/3210 3329/6298/3343 3162/5964/3175
f 3330/6299/3344 3289/6222/3303 3226/6077/3240
f 3307/6257/3321 3289/6222/3303 3330/6299/3344
f 3307/6300/3321 3331/6301/3345 3291/6226/3305
f 3308/6258/3322 3291/6226/3305 3331/6301/3345
f 3272/6185/3286 3309/6259/3323 3331/6301/3345
f 3331/6301/3345 3309/6259/3323 3308/6258/3322
f 3229/6084/3243 3332/6302/3346 3032/6085/3045
f 2872/5411/2885 3144/5939/3157 3117/5893/3130
f 2971/6192/2984 3275/6191/3289 3252/6303/3266
f 2931/6304/2944 2929/5535/2942 3333/6305/3347
f 3097/5861/3110 3334/6306/3348 3181/5992/3194
f 3098/5862/3111 3296/6307/3310 3097/5861/3110
f 3033/6190/3046 2974/6308/2987 3275/6191/3289
f 3209/6033/3223 3335/6309/3349 3005/5668/3018
f 3148/6099/3161 3253/6196/3267 3234/6100/3248
f 3254/6146/3268 2979/6104/2992 3336/6310/3350
f 3182/5996/3195 2934/5544/2947 3300/6311/3314
f 3278/6198/3292 3337/6312/3351 3125/5908/3138
f 3338/6313/3352 2979/6104/2992 3236/6106/3250
f 3336/6310/3350 2979/6104/2992 3338/6313/3352
f 3185/6152/3198 3257/6151/3271 3283/6314/3297
f 3315/6272/3329 3339/6315/3353 3282/6206/3296
f 3300/6244/3314 3216/6050/3230 3340/6316/3354
f 3339/6315/3353 3341/6317/3355 3282/6206/3296
f 3279/6200/3293 3259/6158/3273 3257/6151/3271
f 3215/6318/3229 3188/6275/3201 3318/6276/3332
f 3342/6319/3356 3316/6273/3330 3215/6046/3229
f 3341/6317/3355 3283/6245/3297 3282/6206/3296
f 3283/6314/3297 3257/6151/3271 3321/6320/3335
f 3321/6320/3335 3257/6151/3271 3343/6321/3357
f 3257/6151/3271 3259/6158/3273 3343/6321/3357
f 3343/6321/3357 3259/6158/3273 3149/6048/3162
f 3318/6276/3332 3260/6163/3274 3319/6278/3333
f 3319/6278/3333 3260/6163/3274 3261/6162/3275
f 3239/6322/3253 3344/6323/3358 3345/6324/3359
f 3321/6283/3335 3346/6325/3360 3237/6112/3251
f 3346/6325/3360 3262/6165/3276 3237/6112/3251
f 3284/6209/3298 3347/6326/3361 3239/6210/3253
f 3347/6327/3361 3344/6323/3358 3239/6322/3253
f 3284/6209/3298 3322/6284/3336 3244/6286/3258
f 3348/6328/3362 3285/6329/3299 3040/6131/3053
f 3348/6328/3362 3040/6131/3053 3245/6130/3259
f 3349/6330/3363 3301/6248/3315 3190/6247/3203
f 3240/6116/3254 3305/6331/3319 3157/5959/3170
f 3302/6332/3316 3303/6333/3317 3245/6334/3259
f 3350/6335/3364 3286/6214/3300 3303/6250/3317
f 3286/6289/3300 3350/6336/3364 3287/6217/3301
f 3351/6337/3365 3128/5911/3141 3223/6058/3237
f 3302/6332/3316 3287/6338/3301 3350/6339/3364
f 3129/5913/3142 3084/6340/3097 2940/5647/2953
f 3329/6298/3343 3196/6016/3210 3305/6255/3319
f 3085/5837/3098 3083/5832/3096 2583/5592/2593
f 3084/6076/3097 3330/6299/3344 3226/6077/3240
f 3331/6301/3345 3228/6227/3242 3272/6185/3286
f 3144/5939/3157 2740/5140/2750 2741/6341/2751
f 2972/5613/2985 3181/5992/3194 3352/6342/3366
f 3001/5799/3014 2972/6343/2985 3352/6344/3366
f 3313/6265/3327 3099/6345/3112 3002/6266/3015
f 3352/6342/3366 3181/5992/3194 3334/6306/3348
f 3334/6346/3348 3097/6347/3110 3296/6238/3310
f 3353/6348/3367 3354/6349/3368 3120/5898/3133
f 3298/6242/3312 3353/6348/3367 3120/5898/3133
f 3276/6193/3290 3005/5668/3018 3355/6350/3369
f 3356/6351/3370 3275/6191/3289 2974/6308/2987
f 3256/6150/3270 3074/5810/3087 3357/6352/3371
f 3278/6353/3292 3210/6354/3224 3358/6355/3372
f 3007/6356/3020 2980/6357/2993 3359/6358/3373
f 3337/6312/3351 3360/6359/3374 3125/5908/3138
f 3258/6360/3272 3361/6361/3375 3212/6362/3226
f 3185/6152/3198 3283/6314/3297 3362/6363/3376
f 3283/6245/3297 3341/6317/3355 3363/6364/3377
f 3216/6050/3230 3238/6114/3252 3340/6316/3354
f 3238/6114/3252 3320/6282/3334 3340/6316/3354
f 3215/6318/3229 3318/6276/3332 3342/6365/3356
f 3149/6048/3162 3364/6366/3378 3343/6321/3357
f 3239/6367/3253 3345/6368/3359 3319/6278/3333
f 3317/6274/3331 3365/6369/3379 3101/6269/3114
f 3284/6370/3298 3366/6371/3380 3347/6372/3361
f 3347/6372/3361 3367/6373/3381 3344/6374/3358
f 3346/6325/3360 3368/6375/3382 3262/6165/3276
f 3368/6375/3382 3323/6285/3337 3262/6165/3276
f 3101/6269/3114 3365/6369/3379 3240/6376/3254
f 3366/6371/3380 3284/6370/3298 3244/6377/3258
f 3367/6373/3381 3244/6377/3258 3285/6378/3299
f 3368/6375/3382 3324/6288/3338 3323/6285/3337
f 3369/6379/3383 3243/6122/3257 3125/5908/3138
f 3303/6333/3317 3302/6332/3316 3350/6339/3364
f 3370/6380/3384 3351/6337/3365 3223/6058/3237
f 3190/6010/3203 3304/6254/3318 3349/6381/3363
f 3128/6294/3141 3351/6382/3365 3371/6383/3385
f 3128/6294/3141 3371/6383/3385 3325/6290/3339
f 3084/6340/3097 3129/5913/3142 3372/6384/3386
f 3306/6256/3320 3083/5832/3096 3373/6385/3387
f 3083/5832/3096 3085/5837/3098 3373/6385/3387
f 3329/6298/3343 3130/5914/3143 3162/5964/3175
f 3332/6302/3346 3229/6084/3243 2904/6083/2917
f 2716/6386/2726 2674/6387/2684 3374/6388/3388
f 2885/5439/2898 3375/6389/3389 2886/5440/2899
f 3070/6390/3083 3376/6391/3390 3071/6093/3084
f 3233/6392/3247 2910/6095/2923 3312/6263/3326
f 2742/5142/2752 2675/5028/2685 3294/6232/3308
f 3099/5863/3112 3377/6393/3391 3277/6194/3291
f 3335/6309/3349 3355/6350/3369 3005/5668/3018
f 3120/5898/3133 3378/6394/3392 3100/5865/3113
f 3378/6394/3392 3314/6395/3328 3100/5865/3113
f 3121/6268/3134 3357/6352/3371 3074/5810/3087
f 3210/6354/3224 3007/6396/3020 3358/6355/3372
f 2980/6357/2993 3185/6397/3198 3359/6358/3373
f 3185/6398/3198 3362/6399/3376 3379/6400/3393
f 3316/6273/3330 3342/6319/3356 3299/6243/3313
f 3318/6276/3332 3380/6401/3394 3342/6365/3356
f 3380/6401/3394 3345/6368/3359 3342/6365/3356
f 3149/6149/3162 3381/6402/3395 3364/6403/3378
f 3345/6368/3359 3380/6401/3394 3319/6278/3333
f 3321/6320/3335 3343/6321/3357 3346/6404/3360
f 3344/6323/3358 3382/6405/3396 3345/6324/3359
f 3344/6323/3358 3367/6406/3381 3382/6405/3396
f 3244/6377/3258 3347/6372/3361 3366/6371/3380
f 3367/6373/3381 3347/6372/3361 3244/6377/3258
f 3303/6250/3317 3324/6288/3338 3348/6407/3362
f 3303/6250/3317 3348/6407/3362 3245/6408/3259
f 3240/6409/3254 3383/6410/3397 3305/6411/3319
f 3223/6058/3237 3266/6412/3280 3370/6380/3384
f 3326/6291/3340 3288/6413/3302 3110/6293/3123
f 3349/6330/3363 3304/6414/3318 3301/6248/3315
f 3304/6254/3318 3373/6385/3387 3301/6415/3315
f 3306/6256/3320 3373/6385/3387 3304/6254/3318
f 3085/5837/3098 3384/6416/3398 3373/6385/3387
f 3228/6081/3242 3384/6417/3398 3085/6132/3098
f 3031/6418/3044 3292/6419/3306 2920/6420/2933
f 3331/6421/3345 3384/6417/3398 3228/6081/3242
f 3331/6421/3345 3307/6422/3321 3384/6417/3398
f 2904/6423/2917 3130/6424/3143 3332/6425/3346
f 3143/5938/3156 3249/6140/3263 3095/5894/3108
f 2716/6386/2726 3385/6426/3399 3230/6427/3244
f 2741/5141/2751 3000/5662/3013 3386/6428/3400
f 3230/6429/3244 3376/6391/3390 3070/6390/3083
f 3252/6235/3266 3387/6430/3401 2887/6233/2900
f 3252/6303/3266 3275/6191/3289 3388/6431/3402
f 3035/5803/3048 3389/6432/3403 3295/6237/3309
f 3354/6349/3368 3378/6394/3392 3120/5898/3133
f 3235/6101/3249 3390/6433/3404 2974/5618/2987
f 3254/6434/3268 3391/6435/3405 3073/5864/3086
f 3073/5864/3086 3391/6435/3405 3255/6147/3269
f 3278/6353/3292 3392/6436/3406 3337/6437/3351
f 3393/6438/3407 3360/6359/3374 3337/6312/3351
f 3258/6201/3272 3281/6203/3295 3394/6439/3408
f 3258/6360/3272 3394/6440/3408 3361/6361/3375
f 3212/6039/3226 3395/6441/3409 3315/6272/3329
f 3283/6245/3297 3363/6364/3377 3362/6442/3376
f 3315/6272/3329 3395/6441/3409 3339/6315/3353
f 3339/6315/3353 3395/6441/3409 3396/6443/3410
f 3339/6315/3353 3396/6443/3410 3341/6317/3355
f 3125/5908/3138 3393/6438/3407 3369/6379/3383
f 3360/6359/3374 3393/6438/3407 3125/5908/3138
f 3397/6444/3411 3380/6401/3394 3318/6276/3332
f 3318/6276/3332 3319/6278/3333 3397/6444/3411
f 3319/6278/3333 3380/6401/3394 3397/6444/3411
f 3343/6321/3357 3364/6366/3378 3346/6404/3360
f 3398/6445/3412 3382/6446/3396 3348/6328/3362
f 3398/6447/3412 3348/6407/3362 3399/6448/3413
f 3367/6406/3381 3285/6449/3299 3382/6405/3396
f 3348/6328/3362 3382/6446/3396 3285/6329/3299
f 3346/6325/3360 3400/6450/3414 3368/6375/3382
f 3240/6376/3254 3365/6369/3379 3383/6451/3397
f 3193/6452/3206 2963/6296/2976 3328/6297/3342
f 3288/6219/3302 3327/6295/3341 2863/6220/2876
f 3372/6384/3386 3330/6453/3344 3084/6340/3097
f 3307/6257/3321 3330/6299/3344 3384/6454/3398
f 3292/6230/3306 3032/6085/3045 3332/6302/3346
f 2642/5412/2652 3117/5893/3130 1864/6455/1873
f 2887/6233/2900 3387/6430/3401 3096/6090/3109
f 3334/6346/3348 3296/6238/3310 3401/6456/3415
f 3295/6237/3309 3402/6457/3416 3296/6238/3310
f 2931/6304/2944 3333/6305/3347 3297/6458/3311
f 3209/6033/3223 3403/6459/3417 3335/6309/3349
f 3277/6194/3291 3403/6459/3417 3209/6033/3223
f 2974/5618/2987 3390/6433/3404 3356/6460/3370
f 3235/6101/3249 3404/6461/3418 3390/6433/3404
f 3314/6395/3328 3378/6394/3392 3405/6462/3419
f 3278/6353/3292 3358/6355/3372 3392/6436/3406
f 3300/6244/3314 3406/6463/3420 3407/6464/3421
f 3185/6398/3198 3379/6400/3393 3359/6465/3373
f 3212/6039/3226 3361/6466/3375 3395/6441/3409
f 3299/6243/3313 3342/6319/3356 3408/6467/3422
f 3341/6317/3355 3362/6442/3376 3363/6364/3377
f 3340/6316/3354 3409/6468/3423 3300/6244/3314
f 3342/6469/3356 3410/6470/3424 3411/6471/3425
f 3342/6469/3356 3345/6472/3359 3410/6470/3424
f 3382/6473/3396 3412/6474/3426 3410/6470/3424
f 3345/6472/3359 3382/6473/3396 3410/6470/3424
f 3219/6246/3233 3301/6248/3315 3320/6475/3334
f 3398/6476/3412 3412/6477/3426 3382/6478/3396
f 3398/6447/3412 3399/6448/3413 3400/6479/3414
f 3348/6407/3362 3413/6480/3427 3399/6448/3413
f 3368/6375/3382 3400/6450/3414 3414/6481/3428
f 3348/6407/3362 3324/6288/3338 3413/6480/3427
f 3368/6375/3382 3414/6481/3428 3324/6288/3338
f 3369/6482/3383 3415/6483/3429 3243/6253/3257
f 3193/6484/3206 3328/6485/3342 3416/6486/3430
f 3305/6411/3319 3383/6410/3397 3329/6487/3343
f 3243/6253/3257 3372/6384/3386 3129/5913/3142
f 3327/6295/3341 3417/6488/3431 3328/6297/3342
f 2920/6420/2933 3292/6419/3306 3418/6489/3432
f 2946/5892/2959 3374/6388/3388 2674/6387/2684
f 2885/5439/2898 3419/6490/3433 3375/6389/3389
f 3352/6344/3366 3420/6491/3434 3001/5799/3014
f 3334/6346/3348 3401/6456/3415 3352/6492/3366
f 3296/6238/3310 3402/6457/3416 3401/6456/3415
f 3146/5945/3159 3421/6493/3435 3035/5803/3048
f 3356/6351/3370 3422/6494/3436 3275/6191/3289
f 3355/6350/3369 3423/6495/3437 3276/6193/3290
f 3355/6350/3369 3335/6309/3349 3423/6495/3437
f 3277/6194/3291 3377/6393/3391 3403/6459/3417
f 3235/6101/3249 3183/5995/3196 3404/6461/3418
f 3182/5994/3195 3300/6496/3314 3407/6497/3421
f 3254/6146/3268 3336/6310/3350 3391/6498/3405
f 3337/6437/3351 3424/6499/3438 3393/6500/3407
f 3408/6501/3422 3425/6502/3439 3299/6503/3313
f 3395/6441/3409 3426/6504/3440 3396/6443/3410
f 3411/6505/3425 3408/6467/3422 3342/6319/3356
f 3411/6506/3425 3396/6443/3410 3408/6507/3422
f 3427/6508/3441 3381/6402/3395 3428/6509/3442
f 3149/6149/3162 3256/6150/3270 3381/6402/3395
f 3396/6443/3410 3411/6506/3425 3341/6317/3355
f 3341/6510/3355 3427/6511/3441 3362/6512/3376
f 3320/6475/3334 3429/6513/3443 3340/6514/3354
f 3393/6515/3407 3415/6483/3429 3369/6482/3383
f 3381/6402/3395 3430/6516/3444 3364/6403/3378
f 3399/6448/3413 3413/6480/3427 3400/6479/3414
f 3400/6517/3414 3413/6518/3427 3414/6519/3428
f 3317/6274/3331 3431/6520/3445 3365/6369/3379
f 3324/6288/3338 3414/6481/3428 3413/6480/3427
f 3351/6382/3365 3432/6521/3446 3371/6383/3385
f 3243/6253/3257 3415/6483/3429 3372/6384/3386
f 3248/6139/3262 3433/6522/3447 3310/6261/3324
f 3375/6389/3389 3052/5859/3065 2886/5440/2899
f 2741/6341/2751 3386/6523/3400 3144/5939/3157
f 3251/6142/3265 3434/6524/3448 3250/6141/3264
f 2675/5800/2685 3001/5799/3014 3435/6525/3449
f 3234/6100/3248 3436/6526/3450 3298/6242/3312
f 3182/5994/3195 3407/6497/3421 3146/5945/3159
f 3337/6437/3351 3392/6436/3406 3437/6527/3451
f 3357/6528/3371 3438/6529/3452 3256/6530/3270
f 3359/6531/3373 3439/6532/3453 3007/6533/3020
f 3438/6529/3452 3440/6534/3454 3256/6530/3270
f 3395/6535/3409 3361/6536/3375 3426/6537/3440
f 3299/6538/3313 3425/6539/3439 3280/6202/3294
f 3427/6508/3441 3441/6540/3455 3381/6402/3395
f 3236/6541/3250 3442/6542/3456 3338/6543/3352
f 3411/6506/3425 3427/6544/3441 3341/6317/3355
f 3381/6402/3395 3441/6540/3455 3430/6516/3444
f 3320/6475/3334 3301/6248/3315 3429/6513/3443
f 3398/6545/3412 3443/6546/3457 3412/6547/3426
f 3346/6548/3360 3444/6549/3458 3400/6550/3414
f 3400/6550/3414 3444/6549/3458 3398/6551/3412
f 3430/6516/3444 3444/6549/3458 3364/6403/3378
f 3346/6548/3360 3364/6403/3378 3444/6549/3458
f 3193/6159/3206 3445/6552/3459 3236/6106/3250
f 3446/6553/3460 3447/6554/3461 3370/6555/3384
f 3447/6554/3461 3432/6556/3446 3370/6555/3384
f 3370/6380/3384 3432/6557/3446 3351/6337/3365
f 3325/6290/3339 3371/6383/3385 3448/6558/3462
f 3328/6559/3342 3417/6560/3431 3416/6561/3430
f 3266/6174/3280 2920/5700/2933 3449/6562/3463
f 2920/5700/2933 3418/6563/3432 3449/6562/3463
f 3373/6385/3387 3384/6416/3398 3450/6564/3464
f 3329/6298/3343 3451/6565/3465 3130/5914/3143
f 3332/6566/3346 3451/6567/3465 3292/6568/3306
f 3249/6140/3263 3419/6490/3433 2885/5439/2898
f 3294/6232/3308 2675/5028/2685 3435/6569/3449
f 3180/6098/3193 3452/6570/3466 3313/6265/3327
f 3099/6345/3112 3313/6265/3327 3453/6571/3467
f 3453/6572/3467 3377/6393/3391 3099/5863/3112
f 3298/6242/3312 3454/6573/3468 3353/6348/3367
f 3298/6242/3312 3436/6526/3450 3454/6573/3468
f 3422/6574/3436 3356/6575/3370 3455/6576/3469
f 3390/6433/3404 3455/6577/3469 3356/6460/3370
f 3437/6527/3451 3424/6499/3438 3337/6437/3351
f 3392/6436/3406 3358/6355/3372 3456/6578/3470
f 3358/6355/3372 3007/6396/3020 3457/6579/3471
f 3281/6580/3295 3458/6581/3472 3394/6582/3408
f 3281/6203/3295 3280/6202/3294 3459/6583/3473
f 3280/6202/3294 3425/6539/3439 3459/6583/3473
f 3236/6541/3250 3460/6584/3474 3442/6542/3456
f 3427/6585/3441 3411/6586/3425 3461/6587/3475
f 3398/6588/3412 3444/6589/3458 3443/6590/3457
f 3317/6274/3331 3314/6271/3328 3462/6591/3476
f 3193/6592/3206 3416/6593/3430 3445/6594/3459
f 3432/6595/3446 3448/6596/3462 3371/6597/3385
f 3449/6562/3463 3370/6598/3384 3266/6174/3280
f 3327/6295/3341 3463/6599/3477 3417/6488/3431
f 3329/6487/3343 3383/6410/3397 3464/6600/3478
f 3130/6601/3143 3451/6602/3465 3332/6603/3346
f 2613/5332/2623 3178/5989/3191 3248/6139/3262
f 3000/5662/3013 3293/6231/3307 3386/6428/3400
f 3233/6097/3247 3452/6570/3466 3180/6098/3193
f 3295/6237/3309 3465/6604/3479 3402/6457/3416
f 3295/6237/3309 3389/6432/3403 3465/6604/3479
f 3353/6348/3367 3466/6605/3480 3354/6349/3368
f 3335/6606/3349 3467/6607/3481 3423/6608/3437
f 3335/6309/3349 3403/6459/3417 3467/6609/3481
f 3403/6610/3417 3377/6611/3391 3467/6607/3481
f 3255/6612/3269 3391/6613/3405 3468/6614/3482
f 3255/6612/3269 3468/6614/3482 3469/6615/3483
f 3255/6147/3269 3469/6616/3483 3183/5995/3196
f 3276/6617/3290 3470/6618/3484 3121/6619/3134
f 3357/6528/3371 3121/6619/3134 3470/6618/3484
f 3440/6534/3454 3438/6529/3452 3471/6620/3485
f 3358/6355/3372 3457/6579/3471 3472/6621/3486
f 3336/6622/3350 3338/6543/3352 3473/6623/3487
f 3362/6624/3376 3474/6625/3488 3379/6626/3393
f 3459/6627/3473 3458/6581/3472 3281/6580/3295
f 3394/6628/3408 3475/6629/3489 3361/6630/3375
f 3362/6631/3376 3427/6632/3441 3474/6633/3488
f 3476/6634/3490 3474/6633/3488 3427/6632/3441
f 3477/6635/3491 3256/6530/3270 3440/6534/3454
f 3477/6635/3491 3440/6534/3454 3478/6636/3492
f 3479/6637/3493 3480/6638/3494 3446/6553/3460
f 3481/6639/3495 3396/6640/3410 3426/6641/3440
f 3408/6642/3422 3396/6640/3410 3481/6639/3495
f 3428/6509/3442 3381/6402/3395 3482/6643/3496
f 3477/6635/3491 3482/6644/3496 3256/6530/3270
f 3482/6643/3496 3381/6402/3395 3256/6150/3270
f 3480/6638/3494 3447/6554/3461 3446/6553/3460
f 3483/6645/3497 3411/6471/3425 3410/6470/3424
f 3441/6646/3455 3484/6647/3498 3430/6648/3444
f 3405/6649/3419 3462/6591/3476 3314/6271/3328
f 3483/6645/3497 3410/6470/3424 3412/6474/3426
f 3430/6648/3444 3484/6647/3498 3444/6589/3458
f 3236/6541/3250 3445/6594/3459 3460/6584/3474
f 3485/6650/3499 3383/6410/3397 3365/6651/3379
f 3416/6593/3430 3486/6652/3500 3445/6594/3459
f 3292/6419/3306 3451/6653/3465 3418/6489/3432
f 3487/6654/3501 3143/5938/3156 1864/6260/1873
f 3488/6655/3502 3452/6656/3466 3233/6392/3247
f 3388/6431/3402 3275/6191/3289 3422/6494/3436
f 3489/6657/3503 3490/6658/3504 3276/6659/3290
f 3489/6657/3503 3276/6659/3290 3423/6608/3437
f 3466/6605/3480 3378/6394/3392 3354/6349/3368
f 3234/6100/3248 3491/6660/3505 3436/6526/3450
f 3183/5995/3196 3492/6661/3506 3404/6461/3418
f 3493/6662/3507 3392/6663/3406 3456/6664/3470
f 3424/6499/3438 3494/6665/3508 3393/6500/3407
f 3495/6666/3509 3471/6620/3485 3496/6667/3510
f 3438/6529/3452 3497/6668/3511 3471/6620/3485
f 3471/6620/3485 3495/6666/3509 3440/6534/3454
f 3357/6528/3371 3497/6668/3511 3438/6529/3452
f 3495/6666/3509 3478/6636/3492 3440/6534/3454
f 3472/6621/3486 3457/6579/3471 3007/6396/3020
f 3439/6532/3453 3359/6531/3373 3379/6626/3393
f 3495/6666/3509 3498/6669/3512 3478/6636/3492
f 3494/6670/3508 3415/6671/3429 3393/6672/3407
f 3479/6673/3493 3499/6674/3513 3480/6675/3494
f 3474/6625/3488 3476/6676/3490 3500/6677/3514
f 3408/6642/3422 3481/6639/3495 3425/6678/3439
f 3501/6679/3515 3426/6641/3440 3361/6630/3375
f 3501/6679/3515 3481/6639/3495 3426/6641/3440
f 3427/6632/3441 3428/6680/3442 3476/6634/3490
f 3406/6463/3420 3300/6244/3314 3502/6681/3516
f 3432/6556/3446 3447/6554/3461 3480/6638/3494
f 3340/6514/3354 3429/6513/3443 3503/6682/3517
f 3483/6645/3497 3461/6683/3475 3411/6471/3425
f 3427/6585/3441 3504/6684/3518 3441/6646/3455
f 3504/6684/3518 3484/6647/3498 3441/6646/3455
f 3444/6589/3458 3505/6685/3519 3443/6590/3457
f 3445/6594/3459 3506/6686/3520 3460/6584/3474
f 3448/6558/3462 3326/6291/3340 3325/6290/3339
f 3445/6594/3459 3486/6652/3500 3506/6686/3520
f 3486/6652/3500 3507/6687/3521 3506/6686/3520
f 3416/6688/3430 3417/6689/3431 3508/6690/3522
f 3463/6691/3477 3327/6692/3341 3288/6413/3302
f 3416/6688/3430 3508/6690/3522 3486/6693/3500
f 3508/6690/3522 3507/6694/3521 3486/6693/3500
f 3232/6094/3246 3488/6655/3502 3312/6263/3326
f 3312/6263/3326 3488/6655/3502 3233/6392/3247
f 3452/6570/3466 3453/6571/3467 3313/6265/3327
f 3388/6431/3402 3422/6494/3436 3509/6695/3523
f 3401/6456/3415 3510/6696/3524 3352/6492/3366
f 3401/6456/3415 3402/6457/3416 3510/6696/3524
f 3511/6697/3525 3377/6611/3391 3453/6698/3467
f 3489/6657/3503 3423/6608/3437 3467/6607/3481
f 3489/6657/3503 3467/6607/3481 3377/6611/3391
f 3422/6574/3436 3455/6576/3469 3512/6699/3526
f 3421/6493/3435 3146/5945/3159 3407/6497/3421
f 3469/6615/3483 3468/6614/3482 3513/6700/3527
f 3468/6701/3482 3391/6702/3405 3514/6703/3528
f 3405/6462/3419 3378/6394/3392 3515/6704/3529
f 3358/6355/3372 3472/6621/3486 3456/6578/3470
f 3471/6620/3485 3516/6705/3530 3496/6667/3510
f 3357/6528/3371 3517/6706/3531 3497/6668/3511
f 3357/6528/3371 3470/6618/3484 3517/6706/3531
f 3495/6666/3509 3518/6707/3532 3498/6669/3512
f 3439/6532/3453 3379/6626/3393 3519/6708/3533
f 3500/6677/3514 3498/6709/3512 3518/6710/3532
f 3474/6625/3488 3500/6677/3514 3518/6710/3532
f 3458/6711/3472 3475/6629/3489 3394/6628/3408
f 3475/6629/3489 3520/6712/3534 3361/6630/3375
f 3361/6630/3375 3520/6712/3534 3501/6679/3515
f 3500/6713/3514 3521/6714/3535 3498/6715/3512
f 3500/6713/3514 3522/6716/3536 3521/6714/3535
f 3498/6669/3512 3521/6717/3535 3478/6636/3492
f 3521/6717/3535 3477/6635/3491 3478/6636/3492
f 3481/6639/3495 3520/6712/3534 3475/6629/3489
f 3481/6639/3495 3501/6679/3515 3520/6712/3534
f 3522/6716/3536 3476/6634/3490 3428/6680/3442
f 3482/6718/3496 3522/6719/3536 3428/6720/3442
f 3482/6721/3496 3521/6714/3535 3522/6716/3536
f 3482/6644/3496 3477/6635/3491 3521/6717/3535
f 3461/6683/3475 3483/6645/3497 3523/6722/3537
f 3523/6723/3537 3524/6724/3538 3461/6725/3475
f 3524/6726/3538 3525/6727/3539 3461/6587/3475
f 3461/6587/3475 3504/6684/3518 3427/6585/3441
f 3461/6587/3475 3525/6727/3539 3504/6684/3518
f 3300/6244/3314 3409/6468/3423 3502/6681/3516
f 3503/6682/3517 3409/6728/3423 3340/6514/3354
f 3370/6555/3384 3526/6729/3540 3446/6553/3460
f 3412/6474/3426 3523/6722/3537 3483/6645/3497
f 3412/6474/3426 3443/6730/3457 3523/6722/3537
f 3443/6731/3457 3524/6732/3538 3523/6733/3537
f 3443/6590/3457 3505/6685/3519 3524/6726/3538
f 3317/6274/3331 3462/6591/3476 3431/6520/3445
f 3301/6248/3315 3373/6734/3387 3429/6513/3443
f 3463/6735/3477 3508/6690/3522 3417/6689/3431
f 3384/6454/3398 3330/6299/3344 3450/6736/3464
f 3464/6737/3478 3451/6565/3465 3329/6298/3343
f 3418/6738/3432 3451/6739/3465 3527/6740/3541
f 3310/6261/3324 3528/6741/3542 2946/5892/2959
f 3248/6139/3262 3178/5989/3191 3433/6522/3447
f 3071/6093/3084 3529/6742/3543 3274/6189/3288
f 3388/6743/3402 3387/6430/3401 3252/6235/3266
f 3389/6432/3403 3035/5803/3048 3421/6493/3435
f 3454/6573/3468 3466/6605/3480 3353/6348/3367
f 3377/6611/3391 3530/6744/3544 3489/6657/3503
f 3531/6745/3545 3492/6746/3506 3183/6747/3196
f 3492/6746/3506 3390/6748/3404 3404/6749/3418
f 3513/6700/3527 3468/6614/3482 3514/6750/3528
f 3532/6751/3546 3533/6752/3547 3479/6673/3493
f 3499/6674/3513 3533/6752/3547 3534/6753/3548
f 3499/6674/3513 3479/6673/3493 3533/6752/3547
f 3516/6705/3530 3471/6620/3485 3497/6668/3511
f 3496/6667/3510 3518/6707/3532 3495/6666/3509
f 3472/6754/3486 3007/6755/3020 3535/6756/3549
f 3536/6757/3550 3537/6758/3551 3439/6532/3453
f 3535/6759/3549 3007/6533/3020 3537/6758/3551
f 3537/6758/3551 3007/6533/3020 3439/6532/3453
f 3517/6706/3531 3538/6760/3552 3497/6668/3511
f 3470/6618/3484 3539/6761/3553 3517/6706/3531
f 3540/6762/3554 3379/6626/3393 3474/6625/3488
f 3496/6763/3510 3540/6762/3554 3518/6710/3532
f 3540/6762/3554 3474/6625/3488 3518/6710/3532
f 3541/6764/3555 3538/6760/3552 3517/6706/3531
f 3541/6764/3555 3517/6706/3531 3539/6761/3553
f 3432/6556/3446 3480/6638/3494 3499/6765/3513
f 3458/6711/3472 3459/6766/3473 3475/6629/3489
f 3500/6713/3514 3476/6634/3490 3522/6716/3536
f 3425/6678/3439 3475/6629/3489 3459/6766/3473
f 3481/6639/3495 3475/6629/3489 3425/6678/3439
f 3525/6727/3539 3484/6647/3498 3504/6684/3518
f 3525/6727/3539 3524/6726/3538 3505/6685/3519
f 3525/6727/3539 3444/6589/3458 3484/6647/3498
f 3505/6685/3519 3444/6589/3458 3525/6727/3539
f 3432/6595/3446 3542/6767/3556 3448/6596/3462
f 3473/6623/3487 3338/6543/3352 3442/6542/3456
f 3460/6584/3474 3506/6686/3520 3442/6542/3456
f 3526/6729/3540 3370/6555/3384 3449/6768/3463
f 3542/6769/3556 3326/6291/3340 3448/6558/3462
f 3485/6770/3499 3365/6369/3379 3431/6520/3445
f 3429/6513/3443 3373/6734/3387 3450/6771/3464
f 3543/6772/3557 3463/6691/3477 3288/6413/3302
f 3433/6522/3447 3528/6741/3542 3310/6261/3324
f 3293/6231/3307 3294/6232/3308 3435/6569/3449
f 3001/5799/3014 3420/6491/3434 3544/6773/3558
f 3465/6604/3479 3389/6432/3403 3545/6774/3559
f 3546/6775/3560 3437/6776/3451 3547/6777/3561
f 3547/6777/3561 3437/6776/3451 3392/6663/3406
f 3546/6775/3560 3424/6778/3438 3437/6776/3451
f 3466/6605/3480 3548/6779/3562 3378/6394/3392
f 3392/6663/3406 3493/6662/3507 3547/6777/3561
f 3469/6615/3483 3513/6700/3527 3531/6745/3545
f 3469/6615/3483 3531/6745/3545 3183/6747/3196
f 3549/6780/3563 3470/6618/3484 3276/6617/3290
f 3534/6753/3548 3533/6752/3547 3532/6751/3546
f 3535/6759/3549 3537/6758/3551 3536/6757/3550
f 3550/6781/3564 3540/6762/3554 3496/6763/3510
f 3379/6626/3393 3540/6762/3554 3519/6708/3533
f 3541/6764/3555 3551/6782/3565 3538/6760/3552
f 3479/6637/3493 3446/6553/3460 3526/6729/3540
f 3326/6291/3340 3542/6769/3556 3288/6413/3302
f 3485/6650/3499 3552/6783/3566 3383/6410/3397
f 3383/6410/3397 3552/6783/3566 3553/6784/3567
f 3553/6784/3567 3464/6600/3478 3383/6410/3397
f 3554/6785/3568 3463/6691/3477 3543/6772/3557
f 3508/6786/3522 3463/6691/3477 3554/6785/3568
f 3555/6787/3569 3507/6788/3521 3508/6786/3522
f 3506/6686/3520 3507/6687/3521 3556/6789/3570
f 3529/6742/3543 3232/6094/3246 3274/6189/3288
f 3096/6090/3109 3387/6430/3401 3251/6142/3265
f 3452/6570/3466 3557/6790/3571 3453/6571/3467
f 2929/5535/2942 3558/6791/3572 3333/6305/3347
f 3402/6457/3416 3465/6604/3479 3510/6696/3524
f 3489/6657/3503 3559/6792/3573 3490/6658/3504
f 3489/6657/3503 3530/6744/3544 3560/6793/3574
f 3490/6658/3504 3559/6792/3573 3276/6659/3290
f 3421/6493/3435 3407/6497/3421 3561/6794/3575
f 3455/6576/3469 3390/6748/3404 3492/6746/3506
f 3546/6775/3560 3562/6795/3576 3424/6778/3438
f 3493/6662/3507 3456/6664/3470 3563/6796/3577
f 3456/6664/3470 3472/6754/3486 3535/6756/3549
f 3496/6667/3510 3516/6705/3530 3550/6797/3564
f 3479/6673/3493 3526/6798/3540 3532/6751/3546
f 3534/6753/3548 3564/6799/3578 3499/6674/3513
f 3497/6668/3511 3565/6800/3579 3516/6705/3530
f 3439/6532/3453 3519/6708/3533 3536/6757/3550
f 3391/6801/3405 3336/6622/3350 3473/6623/3487
f 3566/6802/3580 3540/6762/3554 3550/6781/3564
f 3497/6668/3511 3538/6760/3552 3565/6800/3579
f 3494/6665/3508 3567/6803/3581 3415/6804/3429
f 3564/6799/3578 3568/6805/3582 3432/6806/3446
f 3415/6483/3429 3567/6807/3581 3372/6384/3386
f 3372/6384/3386 3567/6807/3581 3330/6453/3344
f 3429/6513/3443 3450/6771/3464 3569/6808/3583
f 3506/6686/3520 3556/6789/3570 3442/6542/3456
f 3554/6785/3568 3570/6809/3584 3508/6786/3522
f 3464/6600/3478 3571/6810/3585 3451/6811/3465
f 2716/6386/2726 3572/6812/3586 3385/6426/3399
f 3071/6093/3084 3376/6391/3390 3529/6742/3543
f 3311/6262/3325 3573/6813/3587 3179/5990/3192
f 3435/6525/3449 3001/5799/3014 3574/6814/3588
f 3420/6491/3434 3352/6344/3366 3544/6773/3558
f 3389/6432/3403 3421/6493/3435 3545/6774/3559
f 3377/6611/3391 3511/6697/3525 3530/6744/3544
f 3575/6815/3589 3454/6573/3468 3436/6526/3450
f 3455/6576/3469 3492/6746/3506 3512/6699/3526
f 3234/6100/3248 3253/6196/3267 3491/6660/3505
f 3547/6777/3561 3493/6662/3507 3576/6816/3590
f 3513/6700/3527 3514/6750/3528 3577/6817/3591
f 3578/6818/3592 3549/6819/3563 3276/6820/3290
f 3562/6821/3576 3494/6665/3508 3424/6499/3438
f 3579/6822/3593 3532/6751/3546 3580/6823/3594
f 3532/6751/3546 3579/6822/3593 3534/6753/3548
f 3535/6759/3549 3536/6757/3550 3581/6824/3595
f 3536/6757/3550 3582/6825/3596 3581/6824/3595
f 3566/6802/3580 3550/6781/3564 3516/6826/3530
f 3536/6757/3550 3519/6708/3533 3582/6825/3596
f 3565/6800/3579 3583/6827/3597 3516/6705/3530
f 3499/6674/3513 3564/6799/3578 3432/6806/3446
f 3540/6762/3554 3566/6802/3580 3519/6708/3533
f 3405/6649/3419 3515/6828/3529 3462/6591/3476
f 3432/6595/3446 3568/6829/3582 3542/6767/3556
f 3330/6830/3344 3567/6831/3581 3584/6832/3598
f 3288/6413/3302 3585/6833/3599 3543/6772/3557
f 3585/6833/3599 3586/6834/3600 3543/6772/3557
f 3543/6772/3557 3586/6834/3600 3554/6785/3568
f 3587/6835/3601 3571/6810/3585 3464/6600/3478
f 3508/6786/3522 3570/6809/3584 3588/6836/3602
f 3508/6786/3522 3588/6836/3602 3555/6787/3569
f 3555/6787/3569 3589/6837/3603 3507/6788/3521
f 3251/6142/3265 3387/6430/3401 3434/6524/3448
f 3001/5799/3014 3544/6773/3558 3574/6814/3588
f 3388/6431/3402 3509/6695/3523 3590/6838/3604
f 3530/6744/3544 3511/6697/3525 3591/6839/3605
f 3560/6793/3574 3559/6792/3573 3489/6657/3503
f 3560/6793/3574 3530/6744/3544 3591/6839/3605
f 3546/6775/3560 3547/6777/3561 3576/6816/3590
f 3531/6745/3545 3513/6700/3527 3577/6817/3591
f 3493/6662/3507 3563/6796/3577 3576/6816/3590
f 3535/6756/3549 3581/6840/3595 3456/6664/3470
f 3579/6822/3593 3564/6799/3578 3534/6753/3548
f 3532/6751/3546 3592/6841/3606 3580/6823/3594
f 3519/6708/3533 3566/6802/3580 3593/6842/3607
f 3391/6702/3405 3473/6843/3487 3514/6703/3528
f 3532/6751/3546 3526/6798/3540 3592/6841/3606
f 3406/6844/3420 3594/6845/3608 3407/6846/3421
f 3539/6761/3553 3470/6618/3484 3541/6764/3555
f 3541/6764/3555 3470/6618/3484 3551/6782/3565
f 3538/6760/3552 3595/6847/3609 3565/6800/3579
f 3538/6760/3552 3551/6782/3565 3595/6847/3609
f 3596/6848/3610 3568/6805/3582 3564/6799/3578
f 3429/6849/3443 3597/6850/3611 3598/6851/3612
f 3429/6849/3443 3599/6852/3613 3597/6850/3611
f 3429/6849/3443 3598/6851/3612 3503/6853/3517
f 3503/6853/3517 3600/6854/3614 3409/6855/3423
f 3568/6829/3582 3585/6856/3599 3542/6767/3556
f 3429/6849/3443 3601/6857/3615 3599/6852/3613
f 3429/6849/3443 3569/6858/3583 3601/6857/3615
f 3542/6769/3556 3585/6833/3599 3288/6413/3302
f 3330/6830/3344 3584/6832/3598 3450/6859/3464
f 3552/6783/3566 3602/6860/3616 3553/6784/3567
f 3485/6650/3499 3602/6860/3616 3552/6783/3566
f 3569/6861/3583 3450/6859/3464 3603/6862/3617
f 3554/6785/3568 3586/6834/3600 3570/6809/3584
f 3464/6600/3478 3553/6784/3567 3587/6835/3601
f 3588/6836/3602 3604/6863/3618 3555/6787/3569
f 3555/6787/3569 3604/6863/3618 3589/6837/3603
f 1864/6455/1873 3117/5893/3130 3605/6864/3619
f 3488/6865/3502 3557/6790/3571 3452/6570/3466
f 3422/6494/3436 3512/6866/3526 3509/6695/3523
f 3454/6573/3468 3606/6867/3620 3466/6605/3480
f 3560/6793/3574 3591/6839/3605 3559/6792/3573
f 3607/6868/3621 3561/6869/3575 3407/6870/3421
f 3516/6826/3530 3593/6842/3607 3566/6802/3580
f 3519/6708/3533 3608/6871/3622 3582/6825/3596
f 3519/6708/3533 3593/6842/3607 3608/6871/3622
f 3595/6847/3609 3609/6872/3623 3565/6800/3579
f 3596/6873/3610 3586/6834/3600 3568/6874/3582
f 3597/6850/3611 3610/6875/3624 3598/6851/3612
f 3568/6874/3582 3586/6834/3600 3585/6833/3599
f 3409/6468/3423 3611/6876/3625 3502/6681/3516
f 3462/6877/3476 3485/6650/3499 3431/6878/3445
f 3603/6862/3617 3450/6859/3464 3612/6879/3626
f 3556/6880/3570 3473/6881/3487 3442/6882/3456
f 3553/6784/3567 3613/6883/3627 3587/6835/3601
f 3587/6835/3601 3613/6883/3627 3614/6884/3628
f 3587/6835/3601 3614/6884/3628 3571/6810/3585
f 3527/6740/3541 3451/6739/3465 3571/6885/3585
f 3507/6788/3521 3589/6837/3603 3556/6886/3570
f 1864/6455/1873 3605/6864/3619 3487/6887/3501
f 3615/6888/3629 3616/6889/3629 3143/6890/3630
f 3144/5939/3157 3617/6891/3631 3117/5893/3130
f 3052/5859/3065 3375/6389/3389 3573/6892/3587
f 3230/6429/3244 3529/6742/3543 3376/6391/3390
f 3052/5859/3065 3573/6892/3587 3311/6893/3325
f 3388/6431/3402 3590/6838/3604 3387/6894/3401
f 3510/6696/3524 3618/6895/3632 3352/6492/3366
f 3453/6698/3467 3619/6896/3633 3511/6697/3525
f 3559/6792/3573 3578/6897/3592 3276/6659/3290
f 3581/6824/3595 3582/6825/3596 3620/6898/3634
f 3516/6826/3530 3583/6899/3597 3593/6842/3607
f 3565/6800/3579 3621/6900/3635 3583/6827/3597
f 3609/6872/3623 3621/6900/3635 3565/6800/3579
f 3551/6782/3565 3622/6901/3636 3595/6847/3609
f 3551/6782/3565 3470/6618/3484 3622/6901/3636
f 3597/6850/3611 3599/6852/3613 3610/6875/3624
f 3623/6902/3637 3586/6903/3600 3596/6904/3610
f 3515/6828/3529 3624/6905/3638 3462/6591/3476
f 3406/6463/3420 3502/6681/3516 3625/6906/3639
f 3598/6851/3612 3626/6907/3640 3503/6853/3517
f 3449/6562/3463 3418/6563/3432 3627/6908/3641
f 3570/6809/3584 3628/6909/3642 3588/6836/3602
f 3588/6836/3602 3628/6909/3642 3604/6863/3618
f 3589/6837/3603 3629/6910/3643 3556/6886/3570
f 2716/6386/2726 3374/6388/3388 3572/6812/3586
f 3144/5939/3157 3386/6523/3400 3617/6891/3631
f 3510/6696/3524 3465/6604/3479 3630/6911/3644
f 3544/6773/3558 3352/6344/3366 3618/6912/3632
f 3510/6913/3524 3630/6914/3644 3618/6915/3632
f 3575/6815/3589 3606/6867/3620 3454/6573/3468
f 3436/6526/3450 3491/6660/3505 3575/6815/3589
f 3297/6241/3311 3631/6916/3645 3253/6196/3267
f 3531/6745/3545 3632/6917/3646 3492/6746/3506
f 3576/6816/3590 3563/6796/3577 3620/6918/3634
f 3514/6703/3528 3633/6919/3647 3577/6920/3591
f 3456/6664/3470 3620/6918/3634 3563/6796/3577
f 3548/6779/3562 3515/6704/3529 3378/6394/3392
f 3456/6664/3470 3581/6840/3595 3620/6918/3634
f 3580/6823/3594 3564/6799/3578 3579/6822/3593
f 3593/6842/3607 3583/6899/3597 3634/6921/3648
f 3583/6827/3597 3621/6900/3635 3635/6922/3649
f 3526/6798/3540 3449/6923/3463 3592/6841/3606
f 3623/6924/3637 3636/6925/3650 3586/6834/3600
f 3450/6859/3464 3584/6832/3598 3612/6879/3626
f 3601/6926/3615 3612/6879/3626 3599/6927/3613
f 3503/6853/3517 3626/6907/3640 3600/6854/3614
f 3603/6862/3617 3612/6879/3626 3601/6926/3615
f 3603/6862/3617 3601/6926/3615 3569/6861/3583
f 3627/6928/3641 3418/6738/3432 3527/6740/3541
f 3586/6834/3600 3636/6925/3650 3570/6809/3584
f 3553/6784/3567 3637/6929/3651 3613/6883/3627
f 3613/6883/3627 3637/6929/3651 3614/6884/3628
f 3637/6929/3651 3638/6930/3652 3614/6884/3628
f 3614/6931/3628 3639/6932/3653 3571/6885/3585
f 3614/6884/3628 3638/6930/3652 3639/6933/3653
f 3562/6795/3576 3546/6775/3560 3576/6816/3590
f 3253/6196/3267 3631/6916/3645 3491/6660/3505
f 3512/6699/3526 3492/6746/3506 3640/6934/3654
f 3531/6745/3545 3577/6817/3591 3632/6917/3646
f 3641/6935/3655 3580/6823/3594 3642/6936/3656
f 3407/6870/3421 3594/6937/3608 3607/6868/3621
f 3620/6898/3634 3582/6825/3596 3643/6938/3657
f 3596/6939/3610 3644/6940/3658 3645/6941/3659
f 3596/6904/3610 3645/6942/3659 3623/6902/3637
f 3583/6943/3597 3635/6944/3649 3634/6945/3648
f 3608/6871/3622 3643/6938/3657 3582/6825/3596
f 3608/6871/3622 3646/6946/3660 3643/6938/3657
f 3608/6871/3622 3593/6842/3607 3646/6946/3660
f 3647/6947/3661 3624/6948/3638 3515/6949/3529
f 3449/6923/3463 3627/6950/3641 3592/6841/3606
f 3599/6927/3613 3612/6879/3626 3648/6951/3662
f 3409/6855/3423 3600/6854/3614 3611/6952/3625
f 3649/6953/3663 3650/6954/3664 3651/6955/3665
f 3527/6740/3541 3571/6885/3585 3652/6956/3666
f 3570/6809/3584 3636/6925/3650 3628/6909/3642
f 3652/6956/3666 3571/6885/3585 3639/6932/3653
f 3629/6910/3643 3653/6957/3667 3556/6886/3570
f 3589/6837/3603 3654/6958/3668 3629/6910/3643
f 3509/6695/3523 3655/6959/3669 3590/6838/3604
f 3509/6695/3523 3512/6866/3526 3655/6959/3669
f 3333/6305/3347 3656/6960/3670 3297/6458/3311
f 3575/6961/3589 3657/6962/3671 3606/6963/3620
f 3545/6964/3559 3421/6965/3435 3658/6966/3672
f 3492/6746/3506 3632/6917/3646 3640/6934/3654
f 3466/6605/3480 3606/6867/3620 3548/6779/3562
f 3580/6823/3594 3659/6967/3673 3642/6936/3656
f 3494/6665/3508 3660/6968/3674 3567/6803/3581
f 3580/6823/3594 3592/6841/3606 3659/6967/3673
f 3564/6969/3578 3644/6940/3658 3596/6939/3610
f 3549/6780/3563 3622/6901/3636 3470/6618/3484
f 3593/6842/3607 3634/6921/3648 3661/6970/3675
f 3634/6945/3648 3662/6971/3676 3661/6972/3675
f 3593/6842/3607 3661/6970/3675 3646/6946/3660
f 3635/6944/3649 3663/6973/3677 3634/6945/3648
f 3634/6945/3648 3663/6973/3677 3662/6971/3676
f 3635/6922/3649 3621/6900/3635 3663/6974/3677
f 3595/6847/3609 3622/6901/3636 3664/6975/3678
f 3599/6852/3613 3648/6976/3662 3610/6875/3624
f 3612/6879/3626 3584/6832/3598 3665/6977/3679
f 3666/6978/3680 3667/6979/3681 3649/6980/3663
f 3649/6953/3663 3667/6981/3681 3650/6954/3664
f 3650/6954/3664 3667/6981/3681 3668/6982/3682
f 3626/6907/3640 3669/6983/3683 3600/6854/3614
f 3649/6953/3663 3651/6955/3665 3666/6984/3680
f 3651/6955/3665 3670/6985/3684 3666/6984/3680
f 3650/6954/3664 3671/6986/3685 3651/6955/3665
f 3651/6987/3665 3671/6988/3685 3670/6989/3684
f 3473/6881/3487 3556/6880/3570 3672/6990/3686
f 3553/6784/3567 3602/6860/3616 3637/6929/3651
f 3639/6932/3653 3673/6991/3687 3652/6956/3666
f 3638/6992/3652 3673/6991/3687 3639/6932/3653
f 3604/6863/3618 3628/6909/3642 3654/6958/3668
f 3604/6863/3618 3654/6958/3668 3589/6837/3603
f 3375/6389/3389 3419/6490/3433 3573/6892/3587
f 3230/6429/3244 3385/6993/3399 3529/6742/3543
f 3232/6094/3246 3529/6742/3543 3488/6655/3502
f 3465/6604/3479 3545/6774/3559 3630/6911/3644
f 3545/6964/3559 3658/6966/3672 3674/6994/3688
f 3675/6995/3689 3575/6815/3589 3491/6660/3505
f 3562/6795/3576 3676/6996/3690 3677/6997/3691
f 3562/6795/3576 3576/6816/3590 3676/6996/3690
f 3677/6997/3691 3678/6998/3692 3562/6795/3576
f 3576/6816/3590 3620/6918/3634 3676/6996/3690
f 3577/6817/3591 3633/6999/3647 3632/6917/3646
f 3620/6918/3634 3679/7000/3693 3676/6996/3690
f 3680/7001/3694 3641/7002/3655 3681/7003/3695
f 3641/7002/3655 3642/7004/3656 3681/7003/3695
f 3641/7002/3655 3680/7001/3694 3580/7005/3594
f 3580/7005/3594 3680/7001/3694 3564/7006/3578
f 3633/6919/3647 3514/6703/3528 3682/7007/3696
f 3473/6843/3487 3682/7007/3696 3514/6703/3528
f 3406/6844/3420 3625/7008/3639 3594/6845/3608
f 3643/7009/3657 3646/7010/3660 3683/7011/3697
f 3621/6900/3635 3684/7012/3698 3663/6974/3677
f 3621/6900/3635 3609/6872/3623 3684/7012/3698
f 3685/7013/3699 3664/7014/3678 3622/7015/3636
f 3686/7016/3700 3610/6875/3624 3648/6976/3662
f 3665/6977/3679 3648/6951/3662 3612/6879/3626
f 3595/6847/3609 3664/6975/3678 3609/6872/3623
f 3609/6872/3623 3664/6975/3678 3687/7017/3701
f 3688/7018/3702 3598/6851/3612 3610/6875/3624
f 3689/7019/3703 3667/6979/3681 3666/6978/3680
f 3668/7020/3682 3671/6988/3685 3650/7021/3664
f 3690/7022/3704 3669/6983/3683 3626/6907/3640
f 3462/6877/3476 3691/7023/3705 3485/6650/3499
f 3691/7023/3705 3602/6860/3616 3485/6650/3499
f 3653/6957/3667 3629/6910/3643 3654/6958/3668
f 3528/6741/3542 3374/6388/3388 2946/5892/2959
f 3208/6032/3222 3231/6089/3245 3692/7024/3706
f 3419/6490/3433 3693/7025/3707 3573/6892/3587
f 3694/7026/3708 3435/6525/3449 3574/6814/3588
f 3179/6236/3192 3558/6791/3572 2929/5535/2942
f 3656/6960/3670 3333/6305/3347 3558/6791/3572
f 3675/7027/3689 3657/6962/3671 3575/6961/3589
f 3695/7028/3709 3677/7029/3691 3676/7030/3690
f 3591/6839/3605 3511/6697/3525 3619/6896/3633
f 3494/6665/3508 3562/6821/3576 3696/7031/3710
f 3679/7032/3693 3620/7033/3634 3643/7034/3657
f 3697/7035/3711 3645/6941/3659 3644/6940/3658
f 3584/6832/3598 3567/6831/3581 3660/7036/3674
f 3662/6971/3676 3698/7037/3712 3661/6972/3675
f 3685/7013/3699 3622/7015/3636 3549/7038/3563
f 3661/6972/3675 3698/7037/3712 3646/7010/3660
f 3663/6973/3677 3699/7039/3713 3662/6971/3676
f 3663/6973/3677 3684/7040/3698 3699/7039/3713
f 3683/7011/3697 3646/7010/3660 3700/7041/3714
f 3646/7010/3660 3698/7037/3712 3700/7041/3714
f 3700/7041/3714 3698/7037/3712 3701/7042/3715
f 3662/6971/3676 3702/7043/3716 3698/7037/3712
f 3662/6971/3676 3699/7039/3713 3702/7043/3716
f 3703/7044/3717 3610/6875/3624 3686/7016/3700
f 3703/7044/3717 3688/7018/3702 3610/6875/3624
f 3702/7043/3716 3699/7039/3713 3704/7045/3718
f 3687/7046/3701 3664/7014/3678 3705/7047/3719
f 3688/7018/3702 3626/6907/3640 3598/6851/3612
f 3688/7018/3702 3690/7022/3704 3626/6907/3640
f 3667/6979/3681 3689/7019/3703 3706/7048/3720
f 3706/7048/3720 3707/7049/3721 3667/6979/3681
f 3667/6981/3681 3707/7050/3721 3668/6982/3682
f 3689/7019/3703 3666/6978/3680 3706/7048/3720
f 3666/6978/3680 3708/7051/3722 3706/7048/3720
f 3666/7052/3680 3670/7053/3684 3708/7054/3722
f 3709/7055/3723 3710/7056/3724 3671/6988/3685
f 3673/6991/3687 3711/7057/3725 3652/6956/3666
f 3638/6992/3652 3711/7057/3725 3673/6991/3687
f 3638/6930/3652 3637/6929/3651 3711/7058/3725
f 3712/7059/3726 3713/7060/3727 3637/6929/3651
f 3143/7061/3156 3714/7062/3728 3249/7063/3263
f 3573/6813/3587 3715/7064/3729 3179/5990/3192
f 3618/6912/3632 3630/7065/3644 3716/7066/3730
f 3545/6964/3559 3674/6994/3688 3630/7067/3644
f 3717/7068/3731 3591/6839/3605 3619/6896/3633
f 3656/6960/3670 3631/7069/3645 3297/6458/3311
f 3675/7070/3689 3491/7071/3505 3631/7072/3645
f 3678/6998/3692 3696/7073/3710 3562/6795/3576
f 3640/6934/3654 3655/7074/3669 3512/6699/3526
f 3718/7075/3732 3548/7076/3562 3606/6963/3620
f 3681/7077/3695 3642/6936/3656 3659/6967/3673
f 3515/7078/3529 3719/7079/3733 3647/7080/3661
f 3720/7081/3734 3549/6819/3563 3578/6818/3592
f 3643/7009/3657 3683/7011/3697 3721/7082/3735
f 3698/7037/3712 3722/7083/3736 3701/7042/3715
f 3683/7011/3697 3700/7041/3714 3721/7082/3735
f 3684/7012/3698 3609/6872/3623 3723/7084/3737
f 3684/7085/3698 3723/7086/3737 3724/7087/3738
f 3700/7041/3714 3701/7042/3715 3725/7088/3739
f 3698/7037/3712 3726/7089/3740 3722/7083/3736
f 3699/7039/3713 3684/7040/3698 3704/7045/3718
f 3698/7037/3712 3702/7043/3716 3726/7089/3740
f 3609/7090/3623 3687/7046/3701 3723/7086/3737
f 3704/7045/3718 3726/7089/3740 3702/7043/3716
f 3705/7047/3719 3723/7086/3737 3687/7046/3701
f 3685/7013/3699 3705/7047/3719 3664/7014/3678
f 3611/7091/3625 3625/7092/3639 3502/7093/3516
f 3668/7020/3682 3707/7094/3721 3727/7095/3741
f 3671/6988/3685 3668/7020/3682 3709/7055/3723
f 3709/7055/3723 3668/7020/3682 3728/7096/3742
f 3671/6988/3685 3710/7056/3724 3670/6989/3684
f 3709/7055/3723 3728/7096/3742 3710/7056/3724
f 3710/7056/3724 3728/7096/3742 3670/6989/3684
f 3654/6958/3668 3628/6909/3642 3729/7097/3743
f 3637/6929/3651 3713/7060/3727 3711/7058/3725
f 3556/6880/3570 3653/7098/3667 3730/7099/3744
f 3250/6141/3264 3434/6524/3448 3231/6091/3245
f 3529/6742/3543 3731/7100/3745 3488/6655/3502
f 3590/6838/3604 3732/7101/3746 3387/6894/3401
f 3453/6698/3467 3733/7102/3747 3619/6896/3633
f 3657/6962/3671 3718/7075/3732 3606/6963/3620
f 3548/7076/3562 3719/7079/3733 3515/7078/3529
f 3591/6839/3605 3578/6897/3592 3559/6792/3573
f 3734/7103/3748 3564/7006/3578 3680/7001/3694
f 3734/7104/3748 3644/6940/3658 3564/6969/3578
f 3734/7104/3748 3697/7035/3711 3644/6940/3658
f 3473/6881/3487 3735/7105/3749 3682/7106/3696
f 3645/7107/3659 3636/7108/3650 3623/7109/3637
f 3473/6881/3487 3672/6990/3686 3735/7105/3749
f 3686/7110/3700 3648/6951/3662 3736/7111/3750
f 3648/6951/3662 3665/6977/3679 3736/7111/3750
f 3701/7042/3715 3722/7083/3736 3725/7088/3739
f 3736/7111/3750 3737/7112/3751 3686/7110/3700
f 3722/7083/3736 3726/7089/3740 3738/7113/3752
f 3686/7016/3700 3737/7114/3751 3703/7044/3717
f 3726/7089/3740 3704/7045/3718 3738/7113/3752
f 3704/7045/3718 3684/7040/3698 3738/7113/3752
f 3462/7115/3476 3624/7116/3638 3691/7117/3705
f 3669/6983/3683 3690/7022/3704 3739/7118/3753
f 3690/7022/3704 3740/7119/3754 3739/7118/3753
f 3741/7120/3755 3712/7059/3726 3637/6929/3651
f 3713/7060/3727 3712/7059/3726 3742/7121/3756
f 3487/7122/3501 3605/7123/3619 3743/7124/3757
f 3433/6522/3447 3178/5989/3191 3528/6741/3542
f 3117/7125/3130 3744/7126/3758 3605/7123/3619
f 3419/7127/3433 3249/7063/3263 3745/7128/3759
f 3732/7101/3746 3590/6838/3604 3655/6959/3669
f 3557/6790/3571 3733/7129/3747 3453/6571/3467
f 3733/7102/3747 3717/7068/3731 3619/6896/3633
f 3746/7130/3760 3657/6962/3671 3675/7027/3689
f 3746/7130/3760 3718/7075/3732 3657/6962/3671
f 3747/7131/3761 3674/6994/3688 3658/6966/3672
f 3748/7132/3762 3681/7003/3695 3659/7133/3673
f 3749/7134/3763 3734/7103/3748 3680/7001/3694
f 3696/7031/3710 3660/6968/3674 3494/6665/3508
f 3750/7135/3764 3584/7136/3598 3660/7137/3674
f 3584/7136/3598 3750/7135/3764 3751/7138/3765
f 3697/7139/3711 3636/7108/3650 3645/7107/3659
f 3752/7140/3766 3627/6928/3641 3527/6740/3541
f 3753/7141/3767 3736/7111/3750 3665/6977/3679
f 3725/7088/3739 3721/7082/3735 3700/7041/3714
f 3527/6740/3541 3652/6956/3666 3754/7142/3768
f 3755/7143/3769 3756/7144/3770 3725/7088/3739
f 3725/7088/3739 3757/7145/3771 3755/7143/3769
f 3688/7018/3702 3740/7119/3754 3690/7022/3704
f 3758/7146/3772 3724/7147/3738 3706/7148/3720
f 3706/7148/3720 3724/7147/3738 3707/7149/3721
f 3727/7095/3741 3759/7150/3773 3668/7020/3682
f 3668/7020/3682 3759/7150/3773 3728/7096/3742
f 3672/6990/3686 3760/7151/3774 3735/7105/3749
f 3706/7148/3720 3708/7054/3722 3758/7146/3772
f 3728/7096/3742 3759/7150/3773 3670/6989/3684
f 3600/7152/3614 3669/7153/3683 3761/7154/3775
f 3739/7118/3753 3762/7155/3776 3669/6983/3683
f 3636/6925/3650 3729/7097/3743 3628/6909/3642
f 3602/6860/3616 3763/7156/3777 3741/7120/3755
f 3602/6860/3616 3741/7120/3755 3637/6929/3651
f 3143/7061/3156 3487/7122/3501 3714/7062/3728
f 3293/7157/3307 3694/7158/3708 3386/6523/3400
f 3435/6569/3449 3694/7159/3708 3293/6231/3307
f 3434/6524/3448 3387/6430/3401 3764/7160/3778
f 3488/6865/3502 3765/7161/3779 3557/6790/3571
f 3765/7161/3779 3733/7129/3747 3557/6790/3571
f 3695/7028/3709 3676/7030/3690 3766/7162/3780
f 3640/6934/3654 3767/7163/3781 3655/7074/3669
f 3718/7075/3732 3768/7164/3782 3548/7076/3562
f 3632/6917/3646 3769/7165/3783 3640/6934/3654
f 3548/7076/3562 3768/7164/3782 3719/7079/3733
f 3748/7132/3762 3749/7134/3763 3681/7003/3695
f 3632/6917/3646 3633/6999/3647 3769/7165/3783
f 3681/7003/3695 3749/7134/3763 3680/7001/3694
f 3750/7135/3764 3660/7137/3674 3696/7166/3710
f 3749/7134/3763 3770/7167/3784 3734/7103/3748
f 3633/7168/3647 3682/7169/3696 3771/7170/3785
f 3647/7080/3661 3719/7079/3733 3772/7171/3786
f 3665/7172/3679 3584/7136/3598 3751/7138/3765
f 3682/7169/3696 3735/7173/3749 3773/7174/3787
f 3594/7175/3608 3625/7176/3639 3774/7177/3788
f 3754/7178/3768 3752/7179/3766 3527/7180/3541
f 3549/7038/3563 3775/7181/3789 3685/7013/3699
f 3722/7083/3736 3776/7182/3790 3725/7088/3739
f 3722/7083/3736 3738/7113/3752 3776/7182/3790
f 3736/7111/3750 3777/7183/3791 3737/7112/3751
f 3736/7111/3750 3753/7141/3767 3777/7183/3791
f 3737/7112/3751 3778/7184/3792 3703/7185/3717
f 3737/7112/3751 3777/7183/3791 3778/7184/3792
f 3756/7144/3770 3779/7186/3793 3725/7088/3739
f 3725/7088/3739 3780/7187/3794 3757/7145/3771
f 3725/7088/3739 3776/7182/3790 3780/7187/3794
f 3684/7040/3698 3724/7188/3738 3738/7113/3752
f 3755/7143/3769 3779/7186/3793 3756/7144/3770
f 3757/7145/3771 3780/7187/3794 3755/7143/3769
f 3755/7143/3769 3780/7187/3794 3779/7186/3793
f 3723/7086/3737 3705/7047/3719 3781/7189/3795
f 3723/7086/3737 3781/7189/3795 3724/7087/3738
f 3707/7094/3721 3724/7190/3738 3727/7095/3741
f 3724/7190/3738 3781/7191/3795 3727/7095/3741
f 3688/7192/3702 3782/7193/3796 3740/7194/3754
f 3727/7095/3741 3781/7191/3795 3759/7150/3773
f 3556/6880/3570 3760/7151/3774 3672/6990/3686
f 3740/7119/3754 3782/7195/3796 3762/7155/3776
f 3739/7118/3753 3740/7119/3754 3762/7155/3776
f 3652/6956/3666 3711/7057/3725 3754/7142/3768
f 3556/6880/3570 3730/7099/3744 3783/7196/3797
f 3784/7197/3798 3712/7059/3726 3741/7120/3755
f 3654/6958/3668 3729/7097/3743 3785/7198/3799
f 3711/7058/3725 3786/7199/3800 3787/7200/3801
f 3712/7059/3726 3784/7197/3798 3742/7121/3756
f 3711/7058/3725 3713/7060/3727 3786/7199/3800
f 3654/6958/3668 3785/7198/3799 3653/6957/3667
f 3572/6812/3586 3374/6388/3388 3528/6741/3542
f 3788/7201/3802 3630/7202/3644 3674/7203/3688
f 3789/7204/3803 3675/7205/3689 3631/7206/3645
f 3790/7207/3804 3696/7208/3710 3678/7209/3692
f 3747/7131/3761 3658/6966/3672 3421/6965/3435
f 3791/7210/3805 3748/7211/3762 3659/7212/3673
f 3697/7139/3711 3792/7213/3806 3636/7108/3650
f 3679/7214/3693 3643/7009/3657 3721/7082/3735
f 3793/7215/3807 3777/7216/3791 3753/7217/3767
f 3794/7218/3808 3738/7219/3752 3795/7220/3809
f 3794/7221/3808 3776/7182/3790 3738/7113/3752
f 3796/7222/3810 3688/7192/3702 3703/7223/3717
f 3703/7223/3717 3778/7224/3792 3797/7225/3811
f 3725/7088/3739 3779/7186/3793 3721/7082/3735
f 3794/7221/3808 3798/7226/3812 3776/7182/3790
f 3798/7226/3812 3780/7187/3794 3776/7182/3790
f 3738/7219/3752 3724/7147/3738 3795/7220/3809
f 3799/7227/3813 3705/7047/3719 3685/7013/3699
f 3779/7186/3793 3780/7187/3794 3798/7226/3812
f 3799/7227/3813 3781/7189/3795 3705/7047/3719
f 3724/7147/3738 3758/7146/3772 3795/7220/3809
f 3795/7220/3809 3758/7146/3772 3800/7228/3814
f 3801/7229/3815 3759/7150/3773 3781/7191/3795
f 3800/7228/3814 3758/7146/3772 3708/7054/3722
f 3801/7230/3815 3708/7054/3722 3670/7053/3684
f 3800/7228/3814 3708/7054/3722 3801/7230/3815
f 3801/7229/3815 3670/6989/3684 3759/7150/3773
f 3802/7231/3816 3691/7117/3705 3624/7116/3638
f 3754/7232/3768 3711/7233/3725 3803/7234/3817
f 3804/7235/3818 3529/6742/3543 3385/6993/3399
f 3231/6091/3245 3434/6524/3448 3805/7236/3819
f 3764/7160/3778 3806/7237/3820 3434/6524/3448
f 3731/7100/3745 3765/7238/3779 3488/6655/3502
f 3630/7202/3644 3788/7201/3802 3716/7239/3730
f 3807/7240/3821 3544/6773/3558 3618/6912/3632
f 3678/7209/3692 3677/7029/3691 3695/7028/3709
f 3695/7028/3709 3790/7207/3804 3678/7209/3692
f 3766/7162/3780 3676/7030/3690 3808/7241/3822
f 3718/7075/3732 3809/7242/3823 3768/7164/3782
f 3808/7241/3822 3676/7030/3690 3810/7243/3824
f 3578/6818/3592 3591/7244/3605 3720/7081/3734
f 3720/7081/3734 3811/7245/3825 3549/6819/3563
f 3752/7246/3766 3659/6967/3673 3592/6841/3606
f 3752/7246/3766 3592/6841/3606 3627/6950/3641
f 3812/7247/3826 3697/7035/3711 3734/7104/3748
f 3812/7247/3826 3792/7248/3806 3697/7035/3711
f 3772/7171/3786 3624/7249/3638 3647/7080/3661
f 3703/7223/3717 3813/7250/3827 3796/7222/3810
f 3703/7223/3717 3797/7225/3811 3813/7250/3827
f 3797/7225/3811 3778/7224/3792 3793/7215/3807
f 3793/7215/3807 3778/7224/3792 3777/7216/3791
f 3794/7221/3808 3814/7251/3828 3798/7226/3812
f 3815/7252/3829 3781/7189/3795 3799/7227/3813
f 3796/7222/3810 3782/7193/3796 3688/7192/3702
f 3735/7105/3749 3760/7151/3774 3773/7253/3787
f 3816/7254/3830 3801/7229/3815 3781/7191/3795
f 3556/6880/3570 3783/7196/3797 3760/7151/3774
f 3782/7193/3796 3817/7255/3831 3762/7256/3776
f 3669/7153/3683 3762/7257/3776 3761/7154/3775
f 3762/7257/3776 3818/7258/3832 3761/7154/3775
f 3711/7259/3725 3787/7260/3801 3819/7261/3833
f 3785/7198/3799 3730/7262/3744 3653/6957/3667
f 3742/7121/3756 3786/7199/3800 3713/7060/3727
f 3745/7128/3759 3693/7263/3707 3419/7127/3433
f 3694/7158/3708 3617/6891/3631 3386/6523/3400
f 3805/7236/3819 3434/6524/3448 3806/7237/3820
f 3387/6430/3401 3732/7264/3746 3764/7160/3778
f 3618/6912/3632 3716/7066/3730 3807/7240/3821
f 3789/7265/3803 3746/7130/3760 3675/7027/3689
f 3421/6965/3435 3820/7266/3834 3747/7131/3761
f 3717/7068/3731 3821/7267/3835 3591/6839/3605
f 3421/6965/3435 3561/6869/3575 3820/7266/3834
f 3822/7268/3836 3749/7269/3763 3748/7211/3762
f 3561/6869/3575 3607/6868/3621 3820/7266/3834
f 3749/7269/3763 3823/7270/3837 3770/7271/3784
f 3676/6996/3690 3679/7000/3693 3810/7272/3824
f 3659/7273/3673 3752/7179/3766 3791/7274/3805
f 3811/7245/3825 3775/7275/3789 3549/6819/3563
f 3753/7217/3767 3665/7276/3679 3824/7277/3838
f 3775/7181/3789 3799/7227/3813 3685/7013/3699
f 3772/7278/3786 3802/7279/3816 3624/7280/3638
f 3793/7215/3807 3813/7250/3827 3797/7225/3811
f 3779/7186/3793 3798/7226/3812 3814/7251/3828
f 3815/7252/3829 3816/7281/3830 3781/7189/3795
f 3816/7254/3830 3815/7282/3829 3801/7229/3815
f 3795/7220/3809 3800/7228/3814 3825/7283/3839
f 3825/7283/3839 3800/7228/3814 3815/7284/3829
f 3815/7284/3829 3800/7228/3814 3801/7230/3815
f 3826/7285/3840 3600/7152/3614 3827/7286/3841
f 3826/7285/3840 3611/7091/3625 3600/7152/3614
f 3827/7286/3841 3600/7152/3614 3761/7154/3775
f 3817/7287/3831 3818/7258/3832 3762/7257/3776
f 3828/7288/3842 3741/7289/3755 3763/7290/3777
f 3828/7288/3842 3784/7291/3798 3741/7289/3755
f 3742/7121/3756 3784/7197/3798 3786/7199/3800
f 3829/7292/3843 3528/6741/3542 3178/5989/3191
f 3743/7124/3757 3714/7062/3728 3487/7122/3501
f 3830/7293/3844 3117/7125/3130 3617/7294/3631
f 3831/7295/3845 3731/7100/3745 3529/6742/3543
f 3574/6814/3588 3544/6773/3558 3807/7240/3821
f 3832/7296/3846 3788/7201/3802 3674/7203/3688
f 3789/7204/3803 3833/7297/3847 3746/7298/3760
f 3832/7299/3846 3674/6994/3688 3747/7131/3761
f 3718/7075/3732 3746/7130/3760 3834/7300/3848
f 3835/7301/3849 3769/7165/3783 3633/6999/3647
f 3823/7302/3837 3734/7103/3748 3770/7167/3784
f 3719/7079/3733 3836/7303/3850 3772/7171/3786
f 3751/7138/3765 3837/7304/3851 3665/7172/3679
f 3838/7305/3852 3793/7215/3807 3753/7217/3767
f 3838/7305/3852 3813/7250/3827 3793/7215/3807
f 3796/7222/3810 3813/7250/3827 3782/7193/3796
f 3779/7186/3793 3814/7251/3828 3839/7306/3853
f 3794/7218/3808 3840/7307/3854 3814/7308/3828
f 3794/7218/3808 3795/7220/3809 3840/7307/3854
f 3814/7308/3828 3841/7309/3855 3839/7310/3853
f 3782/7193/3796 3813/7250/3827 3842/7311/3856
f 3814/7308/3828 3840/7307/3854 3841/7309/3855
f 3840/7307/3854 3795/7220/3809 3843/7312/3857
f 3825/7283/3839 3843/7312/3857 3795/7220/3809
f 3625/7092/3639 3611/7091/3625 3844/7313/3858
f 3782/7193/3796 3845/7314/3859 3817/7255/3831
f 3761/7154/3775 3826/7285/3840 3827/7286/3841
f 3826/7285/3840 3761/7154/3775 3818/7258/3832
f 3691/7023/3705 3763/7156/3777 3602/6860/3616
f 3846/7315/3860 3786/7199/3800 3784/7197/3798
f 3117/7125/3130 3830/7293/3844 3744/7126/3758
f 3178/5989/3191 3208/6032/3222 3692/7024/3706
f 3573/6892/3587 3693/7025/3707 3847/7316/3861
f 3806/7237/3820 3764/7160/3778 3848/7317/3862
f 3715/7318/3729 3849/7319/3863 3179/6236/3192
f 3179/6236/3192 3849/7319/3863 3558/6791/3572
f 3732/7101/3746 3655/6959/3669 3767/7320/3781
f 3695/7028/3709 3850/7321/3864 3851/7322/3865
f 3852/7323/3866 3631/7069/3645 3656/6960/3670
f 3853/7324/3867 3717/7068/3731 3733/7102/3747
f 3695/7028/3709 3766/7162/3780 3854/7325/3868
f 3750/7135/3764 3696/7166/3710 3790/7326/3804
f 3640/6934/3654 3769/7165/3783 3855/7327/3869
f 3856/7328/3870 3748/7211/3762 3791/7210/3805
f 3856/7328/3870 3822/7268/3836 3748/7211/3762
f 3749/7269/3763 3822/7268/3836 3823/7270/3837
f 3594/6937/3608 3774/7329/3788 3607/6868/3621
f 3811/7330/3825 3857/7331/3871 3775/7332/3789
f 3682/7169/3696 3773/7174/3787 3858/7333/3872
f 3625/7092/3639 3859/7334/3873 3774/7335/3788
f 3838/7305/3852 3860/7336/3874 3813/7250/3827
f 3841/7309/3855 3861/7337/3875 3839/7310/3853
f 3813/7250/3827 3860/7336/3874 3842/7311/3856
f 3840/7307/3854 3862/7338/3876 3841/7309/3855
f 3841/7309/3855 3862/7338/3876 3861/7337/3875
f 3840/7307/3854 3843/7312/3857 3862/7338/3876
f 3782/7193/3796 3842/7311/3856 3845/7314/3859
f 3843/7312/3857 3863/7339/3877 3862/7338/3876
f 3825/7283/3839 3863/7339/3877 3843/7312/3857
f 3845/7340/3859 3818/7258/3832 3817/7287/3831
f 3691/7117/3705 3802/7231/3816 3864/7341/3878
f 3691/7117/3705 3864/7341/3878 3763/7290/3777
f 3819/7342/3833 3787/7343/3801 3786/7344/3800
f 3231/6089/3245 3805/7345/3819 3692/7024/3706
f 3617/7294/3631 3694/7346/3708 3865/7347/3879
f 3866/7348/3880 3807/7240/3821 3716/7066/3730
f 3866/7349/3880 3716/7239/3730 3788/7201/3802
f 3850/7321/3864 3695/7028/3709 3854/7325/3868
f 3855/7327/3869 3767/7163/3781 3640/6934/3654
f 3867/7350/3881 3821/7267/3835 3717/7068/3731
f 3750/7135/3764 3790/7326/3804 3695/7351/3709
f 3868/7352/3882 3822/7268/3836 3856/7328/3870
f 3868/7352/3882 3823/7270/3837 3822/7268/3836
f 3869/7353/3883 3835/7354/3849 3771/7170/3785
f 3771/7170/3785 3835/7354/3849 3633/7168/3647
f 3870/7355/3884 3720/7081/3734 3591/7244/3605
f 3771/7170/3785 3682/7169/3696 3858/7333/3872
f 3871/7356/3885 3752/7179/3766 3754/7178/3768
f 3679/7000/3693 3721/7357/3735 3810/7272/3824
f 3810/7358/3824 3721/7359/3735 3779/7360/3793
f 3837/7361/3851 3824/7277/3838 3665/7276/3679
f 3824/7277/3838 3838/7305/3852 3753/7217/3767
f 3779/7186/3793 3839/7306/3853 3872/7362/3886
f 3861/7363/3875 3872/7364/3886 3839/7365/3853
f 3859/7334/3873 3625/7092/3639 3873/7366/3887
f 3815/7284/3829 3863/7339/3877 3825/7283/3839
f 3862/7338/3876 3863/7339/3877 3861/7337/3875
f 3873/7366/3887 3625/7092/3639 3844/7313/3858
f 3611/7091/3625 3826/7285/3840 3874/7367/3888
f 3803/7234/3817 3711/7233/3725 3819/7368/3833
f 3785/7198/3799 3729/7097/3743 3730/7262/3744
f 3831/7295/3845 3529/6742/3543 3804/7235/3818
f 3847/7316/3861 3715/7369/3729 3573/6892/3587
f 3732/7101/3746 3767/7320/3781 3875/7370/3889
f 3851/7322/3865 3850/7321/3864 3876/7371/3890
f 3852/7323/3866 3656/6960/3670 3558/6791/3572
f 3631/7206/3645 3833/7297/3847 3789/7204/3803
f 3833/7297/3847 3834/7372/3848 3746/7298/3760
f 3747/7131/3761 3820/7266/3834 3877/7373/3891
f 3720/7081/3734 3870/7355/3884 3811/7245/3825
f 3878/7374/3892 3879/7375/3893 3857/7331/3871
f 3879/7375/3893 3775/7332/3789 3857/7331/3871
f 3879/7375/3893 3799/7376/3813 3775/7332/3789
f 3873/7366/3887 3774/7335/3788 3859/7334/3873
f 3815/7377/3829 3880/7378/3894 3863/7379/3877
f 3860/7336/3874 3845/7314/3859 3842/7311/3856
f 3881/7380/3895 3729/7381/3743 3636/7382/3650
f 3818/7383/3832 3845/7314/3859 3860/7336/3874
f 3826/7285/3840 3818/7258/3832 3882/7384/3896
f 3763/7290/3777 3864/7341/3878 3828/7288/3842
f 3831/7295/3845 3883/7385/3897 3731/7100/3745
f 3847/7386/3861 3884/7387/3898 3715/7318/3729
f 3764/7160/3778 3732/7264/3746 3885/7388/3899
f 3788/7201/3802 3832/7296/3846 3886/7389/3900
f 3767/7163/3781 3855/7327/3869 3887/7390/3901
f 3791/7210/3805 3888/7391/3902 3856/7328/3870
f 3889/7392/3903 3888/7391/3902 3791/7210/3805
f 3888/7391/3902 3868/7352/3882 3856/7328/3870
f 3791/7274/3805 3752/7179/3766 3889/7393/3903
f 3734/7394/3748 3823/7270/3837 3812/7395/3826
f 3751/7138/3765 3824/7396/3838 3837/7304/3851
f 3811/7245/3825 3878/7397/3892 3857/7398/3871
f 3810/7358/3824 3779/7360/3793 3890/7399/3904
f 3799/7227/3813 3879/7400/3893 3815/7252/3829
f 3879/7375/3893 3880/7378/3894 3815/7377/3829
f 3772/7401/3786 3891/7402/3905 3802/7403/3816
f 3773/7253/3787 3760/7151/3774 3892/7404/3906
f 3792/7213/3806 3881/7405/3895 3636/7108/3650
f 3826/7285/3840 3882/7384/3896 3874/7367/3888
f 3730/7099/3744 3893/7406/3907 3783/7196/3797
f 3611/7091/3625 3894/7407/3908 3844/7313/3858
f 3874/7367/3888 3894/7407/3908 3611/7091/3625
f 3730/7408/3744 3729/7381/3743 3881/7380/3895
f 3802/7231/3816 3895/7409/3909 3864/7341/3878
f 3864/7341/3878 3896/7410/3910 3828/7288/3842
f 3732/7101/3746 3875/7370/3889 3885/7411/3899
f 3765/7161/3779 3897/7412/3911 3733/7129/3747
f 3631/7206/3645 3852/7413/3866 3833/7297/3847
f 3850/7321/3864 3854/7325/3868 3876/7371/3890
f 3833/7297/3847 3852/7413/3866 3834/7372/3848
f 3766/7162/3780 3898/7414/3912 3854/7325/3868
f 3766/7162/3780 3808/7241/3822 3898/7414/3912
f 3809/7242/3823 3899/7415/3913 3768/7164/3782
f 3823/7270/3837 3868/7352/3882 3900/7416/3914
f 3769/7165/3783 3835/7301/3849 3855/7327/3869
f 3719/7079/3733 3768/7164/3782 3901/7417/3915
f 3870/7355/3884 3591/7244/3605 3902/7418/3916
f 3719/7079/3733 3903/7419/3917 3836/7303/3850
f 3779/7420/3793 3872/7364/3886 3890/7421/3904
f 3858/7422/3872 3773/7423/3787 3892/7424/3906
f 3838/7305/3852 3824/7277/3838 3860/7336/3874
f 3863/7425/3877 3872/7364/3886 3861/7363/3875
f 3892/7404/3906 3760/7151/3774 3783/7196/3797
f 3882/7426/3896 3818/7383/3832 3860/7336/3874
f 3846/7427/3860 3819/7342/3833 3786/7344/3800
f 3894/7407/3908 3904/7428/3918 3844/7313/3858
f 3802/7231/3816 3891/7429/3905 3895/7409/3909
f 3528/6741/3542 3905/7430/3919 3572/6812/3586
f 3852/7413/3866 3906/7431/3920 3834/7372/3848
f 3767/7320/3781 3887/7432/3901 3875/7370/3889
f 3717/7068/3731 3853/7324/3867 3867/7350/3881
f 3821/7267/3835 3867/7350/3881 3591/6839/3605
f 3808/7241/3822 3810/7243/3824 3907/7433/3921
f 3752/7179/3766 3908/7434/3922 3889/7393/3903
f 3908/7434/3922 3752/7179/3766 3909/7435/3923
f 3771/7170/3785 3858/7333/3872 3910/7436/3924
f 3754/7178/3768 3803/7437/3817 3911/7438/3925
f 3772/7401/3786 3836/7439/3850 3891/7402/3905
f 3863/7425/3877 3912/7440/3926 3872/7364/3886
f 3880/7378/3894 3912/7441/3926 3863/7379/3877
f 3803/7442/3817 3819/7443/3833 3913/7444/3927
f 3873/7366/3887 3844/7313/3858 3914/7445/3928
f 3819/7446/3833 3846/7447/3860 3784/7448/3798
f 3844/7313/3858 3904/7428/3918 3914/7445/3928
f 3874/7367/3888 3904/7428/3918 3894/7407/3908
f 3829/7292/3843 3905/7430/3919 3528/6741/3542
f 3694/7346/3708 3915/7449/3929 3865/7347/3879
f 3693/7263/3707 3916/7450/3930 3847/7451/3861
f 3694/7026/3708 3574/6814/3588 3917/7452/3931
f 3558/6791/3572 3906/7453/3920 3852/7323/3866
f 3886/7389/3900 3866/7349/3880 3788/7201/3802
f 3832/7296/3846 3877/7454/3891 3886/7389/3900
f 3747/7131/3761 3877/7373/3891 3832/7299/3846
f 3851/7322/3865 3918/7455/3932 3695/7028/3709
f 3834/7300/3848 3809/7242/3823 3718/7075/3732
f 3820/7266/3834 3919/7456/3933 3877/7373/3891
f 3808/7241/3822 3907/7433/3921 3898/7414/3912
f 3918/7457/3932 3750/7135/3764 3695/7351/3709
f 3751/7138/3765 3750/7135/3764 3920/7458/3934
f 3768/7164/3782 3899/7415/3913 3901/7417/3915
f 3771/7170/3785 3910/7436/3924 3869/7353/3883
f 3607/6868/3621 3774/7329/3788 3921/7459/3935
f 3811/7245/3825 3870/7355/3884 3878/7397/3892
f 3878/7374/3892 3922/7460/3936 3879/7375/3893
f 3923/7461/3937 3858/7333/3872 3892/7462/3906
f 3923/7463/3937 3892/7464/3906 3924/7465/3938
f 3925/7466/3939 3864/7341/3878 3895/7409/3909
f 3896/7410/3910 3864/7341/3878 3925/7466/3939
f 3692/7024/3706 3829/7292/3843 3178/5989/3191
f 3926/7467/3940 3745/7128/3759 3249/7063/3263
f 3865/7347/3879 3830/7293/3844 3617/7294/3631
f 3927/7468/3941 3848/7317/3862 3764/7160/3778
f 3928/7469/3942 3906/7453/3920 3558/6791/3572
f 3929/7470/3943 3851/7322/3865 3876/7371/3890
f 3918/7455/3932 3851/7322/3865 3929/7470/3943
f 3930/7471/3944 3887/7390/3901 3855/7327/3869
f 3931/7472/3945 3919/7456/3933 3820/7266/3834
f 3932/7473/3946 3820/7266/3834 3921/7459/3935
f 3820/7266/3834 3607/6868/3621 3921/7459/3935
f 3752/7179/3766 3871/7356/3885 3909/7435/3923
f 3921/7474/3935 3774/7475/3788 3933/7476/3947
f 3907/7433/3921 3810/7243/3824 3890/7477/3904
f 3812/7478/3826 3881/7405/3895 3792/7213/3806
f 3890/7421/3904 3872/7364/3886 3912/7440/3926
f 3879/7375/3893 3922/7460/3936 3880/7378/3894
f 3934/7479/3948 3860/7336/3874 3824/7277/3838
f 3892/7464/3906 3783/7480/3797 3893/7481/3907
f 3893/7481/3907 3730/7482/3744 3881/7483/3895
f 3743/7124/3757 3605/7123/3619 3935/7484/3949
f 3714/7062/3728 3936/7485/3950 3249/7063/3263
f 3937/7486/3951 3805/7236/3819 3806/7237/3820
f 3731/7487/3745 3938/7488/3952 3765/7161/3779
f 3765/7161/3779 3938/7488/3952 3897/7412/3911
f 3906/7431/3920 3939/7489/3953 3834/7372/3848
f 3939/7489/3953 3809/7490/3823 3834/7372/3848
f 3889/7392/3903 3908/7491/3922 3940/7492/3954
f 3888/7391/3902 3941/7493/3955 3868/7352/3882
f 3918/7457/3932 3942/7494/3956 3750/7135/3764
f 3932/7473/3946 3931/7472/3945 3820/7266/3834
f 3942/7494/3956 3920/7458/3934 3750/7135/3764
f 3867/7350/3881 3902/7495/3916 3591/6839/3605
f 3719/7079/3733 3901/7417/3915 3903/7419/3917
f 3751/7138/3765 3943/7496/3957 3824/7396/3838
f 3944/7497/3958 3909/7435/3923 3871/7356/3885
f 3910/7436/3924 3858/7333/3872 3923/7461/3937
f 3911/7498/3925 3803/7442/3817 3913/7444/3927
f 3774/7475/3788 3873/7499/3887 3945/7500/3959
f 3873/7366/3887 3946/7501/3960 3945/7502/3959
f 3934/7479/3948 3947/7503/3961 3860/7336/3874
f 3947/7503/3961 3882/7426/3896 3860/7336/3874
f 3873/7366/3887 3914/7445/3928 3946/7501/3960
f 3784/7504/3798 3948/7505/3962 3819/7443/3833
f 3882/7384/3896 3904/7428/3918 3874/7367/3888
f 3828/7288/3842 3948/7506/3962 3784/7291/3798
f 3949/7507/3963 3895/7508/3909 3891/7402/3905
f 3829/7292/3843 3950/7509/3964 3905/7430/3919
f 3829/7292/3843 3692/7024/3706 3950/7509/3964
f 3572/7510/3586 3951/7511/3965 3385/7512/3399
f 3875/7370/3889 3952/7513/3966 3885/7411/3899
f 3887/7432/3901 3952/7513/3966 3875/7370/3889
f 3849/7319/3863 3928/7469/3942 3558/6791/3572
f 3733/7129/3747 3953/7514/3967 3853/7515/3867
f 3809/7242/3823 3954/7516/3968 3899/7415/3913
f 3920/7458/3934 3942/7494/3956 3955/7517/3969
f 3835/7301/3849 3930/7471/3944 3855/7327/3869
f 3920/7458/3934 3943/7496/3957 3751/7138/3765
f 3899/7415/3913 3956/7518/3970 3901/7417/3915
f 3900/7416/3914 3812/7395/3826 3823/7270/3837
f 3754/7178/3768 3911/7438/3925 3871/7356/3885
f 3946/7501/3960 3914/7445/3928 3957/7519/3971
f 3958/7520/3972 3957/7519/3971 3904/7428/3918
f 3904/7428/3918 3957/7519/3971 3914/7445/3928
f 3895/7409/3909 3959/7521/3973 3925/7466/3939
f 3905/7522/3919 3960/7523/3974 3572/7510/3586
f 3249/7063/3263 3936/7485/3950 3926/7467/3940
f 3865/7347/3879 3915/7449/3929 3961/7524/3975
f 3831/7525/3845 3804/7526/3818 3962/7527/3976
f 3806/7237/3820 3848/7317/3862 3937/7486/3951
f 3915/7449/3929 3694/7346/3708 3917/7528/3931
f 3731/7529/3745 3883/7530/3897 3963/7531/3977
f 3897/7412/3911 3938/7488/3952 3733/7129/3747
f 3733/7129/3747 3938/7488/3952 3953/7514/3967
f 3918/7532/3932 3929/7533/3943 3964/7534/3978
f 3868/7352/3882 3941/7493/3955 3900/7416/3914
f 3909/7435/3923 3965/7535/3979 3908/7434/3922
f 3870/7355/3884 3966/7536/3980 3878/7397/3892
f 3921/7474/3935 3933/7476/3947 3967/7537/3981
f 3774/7475/3788 3945/7500/3959 3933/7476/3947
f 3923/7538/3937 3924/7539/3938 3968/7540/3982
f 3892/7464/3906 3893/7481/3907 3924/7465/3938
f 3946/7501/3960 3969/7541/3983 3945/7502/3959
f 3958/7520/3972 3904/7428/3918 3882/7384/3896
f 3958/7520/3972 3970/7542/3984 3957/7519/3971
f 3828/7288/3842 3971/7543/3985 3948/7506/3962
f 3896/7410/3910 3971/7543/3985 3828/7288/3842
f 3692/7024/3706 3805/7345/3819 3972/7544/3986
f 3805/7545/3819 3973/7546/3987 3972/7547/3986
f 3693/7263/3707 3745/7128/3759 3916/7450/3930
f 3962/7527/3976 3883/7530/3897 3831/7525/3845
f 3574/6814/3588 3807/7240/3821 3917/7452/3931
f 3952/7513/3966 3887/7432/3901 3974/7548/3988
f 3906/7431/3920 3928/7549/3942 3939/7489/3953
f 3887/7432/3901 3930/7550/3944 3974/7548/3988
f 3939/7489/3953 3975/7551/3989 3809/7490/3823
f 3889/7392/3903 3940/7492/3954 3888/7391/3902
f 3877/7373/3891 3919/7456/3933 3976/7552/3990
f 3919/7456/3933 3931/7472/3945 3977/7553/3991
f 3888/7391/3902 3978/7554/3992 3941/7493/3955
f 3941/7493/3955 3979/7555/3993 3900/7416/3914
f 3867/7556/3881 3980/7557/3994 3902/7558/3916
f 3921/7474/3935 3967/7537/3981 3932/7559/3946
f 3981/7560/3995 3891/7402/3905 3836/7439/3850
f 3878/7561/3892 3982/7562/3996 3922/7563/3936
f 3880/7378/3894 3983/7564/3997 3912/7441/3926
f 3984/7565/3998 3985/7566/3999 3881/7567/3895
f 3881/7483/3895 3985/7568/3999 3893/7481/3907
f 3946/7501/3960 3970/7542/3984 3969/7541/3983
f 3946/7501/3960 3957/7519/3971 3970/7542/3984
f 3949/7569/3963 3959/7521/3973 3895/7409/3909
f 3925/7466/3939 3959/7521/3973 3896/7410/3910
f 3896/7410/3910 3959/7521/3973 3986/7570/4000
f 3764/7571/3778 3987/7572/4001 3927/7573/3941
f 3885/7574/3899 3987/7572/4001 3764/7571/3778
f 3952/7575/3966 3988/7576/4002 3885/7577/3899
f 3866/7349/3880 3989/7578/4003 3807/7579/3821
f 3886/7389/3900 3877/7454/3891 3866/7349/3880
f 3975/7551/3989 3990/7580/4004 3809/7490/3823
f 3930/7581/3944 3991/7582/4005 3974/7583/3988
f 3918/7584/3932 3992/7585/4006 3942/7586/3956
f 3919/7456/3933 3977/7553/3991 3976/7552/3990
f 3920/7458/3934 3955/7517/3969 3993/7587/4007
f 3943/7496/3957 3920/7458/3934 3993/7587/4007
f 3909/7435/3923 3944/7497/3958 3965/7535/3979
f 3994/7588/4008 3836/7303/3850 3903/7419/3917
f 3994/7589/4008 3981/7560/3995 3836/7439/3850
f 3982/7590/3996 3878/7591/3892 3966/7592/3980
f 3910/7436/3924 3923/7461/3937 3869/7353/3883
f 3922/7460/3936 3983/7564/3997 3880/7378/3894
f 3913/7444/3927 3819/7443/3833 3995/7593/4009
f 3744/7126/3758 3830/7293/3844 3996/7594/4010
f 3927/7573/3941 3937/7595/3951 3848/7596/3862
f 3997/7597/4011 3807/7240/3821 3989/7598/4003
f 3998/7599/4012 3953/7600/3967 3938/7601/3952
f 3998/7599/4012 3853/7602/3867 3953/7600/3967
f 3999/7603/4013 3975/7551/3989 3928/7549/3942
f 3975/7551/3989 3939/7489/3953 3928/7549/3942
f 3866/7349/3880 3877/7454/3891 4000/7604/4014
f 3809/7490/3823 3990/7580/4004 3954/7605/3968
f 3931/7472/3945 3932/7473/3946 4001/7606/4015
f 4001/7606/4015 3932/7473/3946 3967/7607/3981
f 3870/7355/3884 3902/7418/3916 3966/7536/3980
f 3824/7396/3838 3943/7496/3957 3934/7608/3948
f 3944/7497/3958 3871/7356/3885 3911/7438/3925
f 3912/7441/3926 3983/7564/3997 3890/7609/3904
f 4002/7610/4016 3945/7500/3959 3969/7611/3983
f 3969/7541/3983 3970/7542/3984 3958/7520/3972
f 3995/7593/4009 3819/7443/3833 3948/7505/3962
f 3743/7124/3757 4003/7612/4017 3714/7062/3728
f 3926/7467/3940 4004/7613/4018 3745/7128/3759
f 3963/7531/3977 3938/7614/3952 3731/7529/3745
f 3917/7452/3931 3807/7240/3821 3997/7597/4011
f 3884/7387/3898 3849/7319/3863 3715/7318/3729
f 3876/7371/3890 3964/7615/3978 3929/7470/3943
f 3876/7371/3890 3854/7325/3868 4005/7616/4019
f 4006/7617/4020 3918/7532/3932 3964/7534/3978
f 3877/7454/3891 3976/7618/3990 4007/7619/4021
f 3940/7492/3954 3978/7554/3992 3888/7391/3902
f 4001/7606/4015 3977/7553/3991 3931/7472/3945
f 4001/7620/4015 3967/7621/3981 4008/7622/4022
f 3994/7588/4008 3903/7419/3917 3901/7417/3915
f 3900/7416/3914 3979/7555/3993 3812/7395/3826
f 3907/7433/3921 3890/7477/3904 4009/7623/4023
f 3911/7438/3925 4010/7624/4024 3944/7497/3958
f 3981/7560/3995 3949/7507/3963 3891/7402/3905
f 4002/7610/4016 4008/7625/4022 3945/7500/3959
f 3911/7438/3925 3913/7626/3927 4011/7627/4025
f 3890/7628/3904 4012/7629/4026 4013/7630/4027
f 3983/7564/3997 4012/7631/4026 3890/7609/3904
f 4002/7610/4016 3969/7611/3983 4014/7632/4028
f 3969/7541/3983 4015/7633/4029 4014/7634/4028
f 3947/7503/3961 4016/7635/4030 3882/7426/3896
f 3985/7568/3999 4017/7636/4031 3893/7481/3907
f 3893/7481/3907 4018/7637/4032 3924/7465/3938
f 3882/7384/3896 4016/7638/4030 3958/7520/3972
f 3949/7507/3963 4019/7639/4033 3959/7640/3973
f 4003/7612/4017 3936/7485/3950 3714/7062/3728
f 3937/7595/3951 4020/7641/4034 3805/7642/3819
f 3952/7575/3966 3974/7583/3988 3988/7576/4002
f 3853/7602/3867 3998/7599/4012 4021/7643/4035
f 3877/7454/3891 4007/7619/4021 4000/7604/4014
f 3898/7414/3912 3907/7433/3921 4022/7644/4036
f 3867/7645/3881 4023/7646/4037 3980/7647/3994
f 3942/7586/3956 4006/7648/4020 3955/7649/3969
f 3908/7650/3922 3965/7651/3979 3940/7652/3954
f 4014/7634/4028 4015/7633/4029 4016/7638/4030
f 3947/7503/3961 4024/7653/4038 4016/7635/4030
f 3958/7520/3972 4016/7638/4030 4015/7633/4029
f 4017/7636/4031 4025/7654/4039 3893/7481/3907
f 3958/7520/3972 4015/7633/4029 3969/7541/3983
f 4019/7655/4033 3986/7570/4000 3959/7521/3973
f 3743/7124/3757 3935/7484/3949 4003/7612/4017
f 3744/7126/3758 4026/7656/4040 3605/7123/3619
f 3805/7545/3819 4020/7657/4034 3973/7546/3987
f 3883/7530/3897 3962/7527/3976 4027/7658/4041
f 3847/7386/3861 4028/7659/4042 3884/7387/3898
f 3885/7574/3899 3988/7660/4002 3987/7572/4001
f 3989/7578/4003 3866/7349/3880 4000/7604/4014
f 3854/7325/3868 3898/7414/3912 4005/7616/4019
f 4029/7661/4043 3990/7580/4004 3975/7551/3989
f 3992/7585/4006 4006/7648/4020 3942/7586/3956
f 3907/7433/3921 4009/7623/4023 4022/7644/4036
f 3993/7587/4007 4030/7662/4044 3943/7496/3957
f 3933/7476/3947 3945/7500/3959 4008/7625/4022
f 3911/7438/3925 4011/7627/4025 4010/7624/4024
f 3869/7663/3883 3923/7664/3937 3968/7665/3982
f 4031/7666/4045 4002/7610/4016 4014/7632/4028
f 4014/7632/4028 4024/7667/4038 4031/7666/4045
f 4024/7653/4038 4014/7668/4028 4016/7635/4030
f 3896/7410/3910 4032/7669/4046 3971/7543/3985
f 3986/7570/4000 4032/7669/4046 3896/7410/3910
f 3605/7123/3619 4026/7656/4040 3935/7484/3949
f 3865/7347/3879 3961/7524/3975 3830/7293/3844
f 3963/7531/3977 3883/7530/3897 4033/7670/4047
f 3992/7585/4006 3918/7584/3932 4006/7648/4020
f 3867/7645/3881 3853/7671/3867 4021/7672/4035
f 4007/7673/4021 3976/7674/3990 4034/7675/4048
f 3980/7647/3994 4023/7646/4037 4035/7676/4049
f 3954/7516/3968 4036/7677/4050 3899/7415/3913
f 3933/7476/3947 4008/7625/4022 3967/7537/3981
f 4037/7678/4051 3947/7679/3961 3934/7680/3948
f 4038/7681/4052 3986/7682/4000 4019/7639/4033
f 3893/7481/3907 4025/7654/4039 4018/7637/4032
f 3971/7683/3985 3995/7593/4009 3948/7505/3962
f 3830/7293/3844 3961/7524/3975 3996/7594/4010
f 3849/7319/3863 3884/7387/3898 4039/7684/4053
f 3898/7414/3912 4022/7644/4036 4005/7616/4019
f 4040/7685/4054 3930/7686/3944 4041/7687/4055
f 3994/7588/4008 3901/7417/3915 3956/7518/3970
f 3944/7497/3958 4042/7688/4056 3965/7535/3979
f 4041/7687/4055 3930/7686/3944 3835/7689/3849
f 4043/7690/4057 3981/7691/3995 3994/7692/4008
f 4044/7693/4058 3869/7663/3883 3968/7665/3982
f 4037/7694/4051 4024/7653/4038 3947/7503/3961
f 4031/7666/4045 4024/7667/4038 4037/7695/4051
f 4045/7696/4059 3922/7697/3936 3982/7590/3996
f 3949/7507/3963 4038/7681/4052 4019/7639/4033
f 4046/7698/4060 3983/7564/3997 3922/7460/3936
f 3960/7523/3974 3905/7522/3919 4047/7699/4061
f 3950/7509/3964 3692/7024/3706 4048/7700/4062
f 4033/7670/4047 3883/7530/3897 4027/7658/4041
f 3916/7450/3930 4028/7701/4042 3847/7451/3861
f 4028/7702/4042 4049/7703/4063 3884/7704/3898
f 3999/7705/4013 3849/7706/3863 4039/7707/4053
f 3999/7603/4013 3928/7549/3942 3849/7708/3863
f 4050/7709/4064 3876/7710/3890 4005/7711/4019
f 3867/7645/3881 4021/7672/4035 4023/7646/4037
f 3991/7712/4005 3930/7686/3944 4040/7685/4054
f 3956/7518/3970 3899/7415/3913 4036/7677/4050
f 4010/7624/4024 4051/7713/4065 3944/7497/3958
f 4042/7688/4056 3944/7497/3958 4051/7713/4065
f 3943/7496/3957 4037/7714/4051 3934/7608/3948
f 3835/7689/3849 3869/7715/3883 4044/7716/4058
f 4008/7625/4022 4002/7610/4016 4031/7666/4045
f 4052/7717/4066 3949/7507/3963 3981/7560/3995
f 4052/7717/4066 4038/7681/4052 3949/7507/3963
f 3968/7665/3982 3924/7718/3938 4018/7719/4032
f 4017/7720/4031 3985/7721/3999 3984/7722/3998
f 3971/7683/3985 3913/7444/3927 3995/7593/4009
f 3905/7522/3919 4048/7723/4062 4047/7699/4061
f 3950/7509/3964 4048/7700/4062 3905/7430/3919
f 3385/7512/3399 3951/7511/3965 3804/7724/3818
f 4053/7725/4067 3961/7524/3975 3915/7449/3929
f 4054/7726/4068 3955/7649/3969 4006/7648/4020
f 4055/7727/4069 3977/7553/3991 4001/7606/4015
f 3993/7728/4007 3955/7649/3969 4030/7729/4044
f 3941/7730/3955 3978/7731/3992 4056/7732/4070
f 4030/7662/4044 4037/7714/4051 3943/7496/3957
f 3983/7733/3997 4046/7734/4060 4012/7629/4026
f 4038/7681/4052 4032/7735/4046 3986/7682/4000
f 3927/7573/3941 4057/7736/4071 3937/7595/3951
f 3963/7737/3977 4058/7738/4072 3938/7601/3952
f 3997/7739/4011 3989/7740/4003 4059/7741/4073
f 3974/7583/3988 4060/7742/4074 3988/7576/4002
f 4061/7743/4075 3989/7740/4003 4062/7744/4076
f 3990/7580/4004 4029/7661/4043 4063/7745/4077
f 4063/7746/4077 4064/7747/4078 3990/7748/4004
f 4064/7747/4078 3954/7749/3968 3990/7748/4004
f 4065/7750/4079 3976/7552/3990 3977/7553/3991
f 4066/7751/4080 3954/7749/3968 4064/7747/4078
f 4067/7752/4081 3965/7753/3979 4042/7754/4056
f 4067/7755/4081 3940/7652/3954 3965/7651/3979
f 4030/7662/4044 4068/7756/4082 4037/7714/4051
f 4041/7687/4055 3835/7689/3849 4044/7716/4058
f 4069/7757/4083 3966/7592/3980 3902/7558/3916
f 3984/7565/3998 3881/7567/3895 3812/7758/3826
f 4070/7759/4084 3922/7697/3936 4045/7696/4059
f 4046/7760/4060 3922/7697/3936 4070/7759/4084
f 4071/7761/4085 4048/7723/4062 3692/7762/3706
f 4072/7763/4086 3962/7527/3976 3804/7526/3818
f 3745/7128/3759 4004/7613/4018 3916/7450/3930
f 4073/7764/4087 3988/7576/4002 4060/7742/4074
f 3955/7649/3969 4054/7726/4068 4074/7765/4088
f 4074/7765/4088 4030/7729/4044 3955/7649/3969
f 4055/7766/4069 4001/7620/4015 4008/7622/4022
f 4055/7727/4069 4065/7750/4079 3977/7553/3991
f 3976/7674/3990 4065/7767/4079 4075/7768/4089
f 4075/7768/4089 4034/7675/4048 3976/7674/3990
f 4042/7754/4056 4076/7769/4090 4067/7752/4081
f 3954/7749/3968 4066/7751/4080 4036/7770/4050
f 4052/7717/4066 3981/7560/3995 4043/7771/4057
f 4010/7624/4024 4011/7627/4025 4051/7713/4065
f 4077/7772/4091 4009/7773/4023 3890/7774/3904
f 4078/7775/4092 4011/7776/4025 3913/7777/3927
f 3812/7778/3826 4079/7779/4093 3984/7722/3998
f 3913/7777/3927 3971/7780/3985 4078/7775/4092
f 4038/7681/4052 3971/7781/3985 4032/7735/4046
f 4071/7761/4085 3692/7762/3706 3972/7547/3986
f 3927/7573/3941 3987/7572/4001 4057/7736/4071
f 3917/7452/3931 3997/7597/4011 4059/7782/4073
f 3987/7572/4001 3988/7660/4002 4073/7783/4087
f 3989/7740/4003 4061/7743/4075 4059/7741/4073
f 3999/7603/4013 4029/7661/4043 3975/7551/3989
f 4074/7765/4088 4054/7726/4068 4080/7784/4094
f 4080/7784/4094 4054/7726/4068 4081/7785/4095
f 4054/7726/4068 4006/7648/4020 4081/7785/4095
f 3991/7582/4005 4040/7786/4054 3974/7583/3988
f 4034/7675/4048 4082/7787/4096 4007/7673/4021
f 4031/7788/4045 4083/7789/4097 4008/7622/4022
f 3902/7558/3916 3980/7557/3994 4069/7757/4083
f 4036/7677/4050 4084/7790/4098 3956/7518/3970
f 4043/7690/4057 4085/7791/4099 4052/7792/4066
f 4051/7713/4065 4011/7627/4025 4078/7793/4092
f 4013/7630/4027 4086/7794/4100 3890/7628/3904
f 3971/7781/3985 4038/7681/4052 4078/7795/4092
f 4046/7734/4060 4070/7796/4084 4012/7629/4026
f 4087/7797/4101 4018/7719/4032 4025/7798/4039
f 4003/7612/4017 3935/7484/3949 3936/7485/3950
f 4033/7670/4047 4058/7799/4072 3963/7531/3977
f 3917/7452/3931 4059/7782/4073 4088/7800/4102
f 3884/7387/3898 4049/7801/4063 4089/7802/4103
f 3884/7387/3898 4089/7802/4103 4039/7684/4053
f 4039/7707/4053 4089/7803/4103 3999/7705/4013
f 3998/7599/4012 4090/7804/4104 4021/7643/4035
f 3876/7710/3890 4050/7709/4064 3964/7534/3978
f 4091/7805/4105 4005/7616/4019 4022/7644/4036
f 4069/7757/4083 3980/7557/3994 4035/7806/4049
f 4082/7787/4096 4034/7675/4048 4092/7807/4106
f 4092/7807/4106 4034/7675/4048 4075/7768/4089
f 4093/7808/4107 3994/7588/4008 3956/7518/3970
f 3994/7692/4008 4094/7809/4108 4043/7690/4057
f 4093/7808/4107 3956/7518/3970 4084/7790/4098
f 4095/7810/4109 4036/7770/4050 4066/7751/4080
f 4096/7811/4110 4078/7795/4092 4038/7681/4052
f 4051/7713/4065 4078/7793/4092 4096/7812/4110
f 4097/7813/4111 4045/7696/4059 3982/7590/3996
f 4098/7814/4112 4025/7815/4039 4017/7816/4031
f 4026/7656/4040 3936/7485/3950 3935/7484/3949
f 4047/7699/4061 4048/7723/4062 4071/7761/4085
f 3973/7546/3987 4071/7761/4085 3972/7547/3986
f 4099/7817/4113 4027/7658/4041 3962/7527/3976
f 4089/7803/4103 4100/7818/4114 3999/7705/4013
f 4101/7819/4115 4055/7766/4069 4102/7820/4116
f 4055/7766/4069 4101/7819/4115 4103/7821/4117
f 3964/7534/3978 4104/7822/4118 4006/7617/4020
f 4065/7823/4079 4055/7766/4069 4103/7821/4117
f 4083/7824/4097 4031/7825/4045 4105/7826/4119
f 4076/7769/4090 4042/7754/4056 4106/7827/4120
f 4021/7672/4035 4107/7828/4121 4023/7646/4037
f 4105/7829/4119 4031/7830/4045 4037/7831/4051
f 4068/7832/4082 4105/7833/4119 4037/7834/4051
f 4094/7809/4108 3994/7692/4008 4093/7835/4107
f 4108/7836/4122 4042/7754/4056 4051/7837/4065
f 4036/7770/4050 4095/7810/4109 4084/7838/4098
f 3979/7839/3993 4079/7779/4093 3812/7778/3826
f 4097/7813/4111 4109/7840/4123 4045/7696/4059
f 4109/7840/4123 4110/7841/4124 4045/7696/4059
f 4070/7759/4084 4045/7696/4059 4110/7841/4124
f 4098/7814/4112 4111/7842/4125 4025/7815/4039
f 4072/7763/4086 4099/7817/4113 3962/7527/3976
f 4053/7843/4067 3915/7844/3929 4088/7845/4102
f 3915/7844/3929 3917/7846/3931 4088/7845/4102
f 3987/7572/4001 4112/7847/4126 4057/7736/4071
f 4112/7847/4126 3987/7572/4001 4073/7783/4087
f 3938/7601/3952 4090/7804/4104 3998/7599/4012
f 3999/7705/4013 4100/7818/4114 4029/7848/4043
f 4055/7766/4069 4008/7622/4022 4102/7820/4116
f 3989/7578/4003 4000/7604/4014 4062/7849/4076
f 3964/7534/3978 4050/7709/4064 4113/7850/4127
f 4029/7661/4043 4114/7851/4128 4063/7745/4077
f 4006/7617/4020 4104/7822/4118 4081/7852/4095
f 4042/7754/4056 4108/7836/4122 4106/7827/4120
f 4007/7673/4021 4082/7787/4096 4115/7853/4129
f 4067/7755/4081 4116/7854/4130 3940/7652/3954
f 4075/7768/4089 4117/7855/4131 4092/7807/4106
f 3966/7592/3980 4097/7813/4111 3982/7590/3996
f 3984/7722/3998 4118/7856/4132 4017/7720/4031
f 4025/7815/4039 4111/7842/4125 4087/7857/4101
f 4047/7699/4061 4119/7858/4133 3960/7523/3974
f 3936/7485/3950 4120/7859/4134 3926/7467/3940
f 3951/7511/3965 4121/7860/4135 3804/7724/3818
f 4033/7670/4047 4122/7861/4136 4058/7799/4072
f 4123/7862/4137 4080/7784/4094 4124/7863/4138
f 4123/7862/4137 4125/7864/4139 4080/7784/4094
f 4102/7820/4116 4126/7865/4140 4101/7819/4115
f 4080/7784/4094 4125/7864/4139 4074/7765/4088
f 4080/7784/4094 4081/7785/4095 4124/7863/4138
f 4127/7866/4141 4030/7729/4044 4074/7765/4088
f 4103/7821/4117 4128/7867/4142 4065/7823/4079
f 4104/7822/4118 3964/7534/3978 4129/7868/4143
f 4076/7869/4090 4116/7854/4130 4067/7755/4081
f 4022/7644/4036 4009/7623/4023 4091/7805/4105
f 4066/7751/4080 4064/7747/4078 4130/7870/4144
f 4082/7787/4096 4092/7807/4106 4131/7871/4145
f 4095/7810/4109 4132/7872/4146 4084/7838/4098
f 4096/7873/4110 4133/7874/4147 4051/7837/4065
f 3966/7592/3980 4069/7757/4083 4134/7875/4148
f 3890/7774/3904 4086/7876/4100 4077/7772/4091
f 4109/7840/4123 4097/7813/4111 4110/7841/4124
f 4110/7841/4124 4097/7813/4111 4070/7759/4084
f 4070/7796/4084 4135/7877/4149 4012/7629/4026
f 3984/7722/3998 4079/7779/4093 4118/7856/4132
f 4118/7878/4132 4098/7814/4112 4017/7816/4031
f 4026/7656/4040 3744/7126/3758 4136/7879/4150
f 4047/7699/4061 4071/7761/4085 4137/7880/4151
f 3744/7126/3758 3996/7594/4010 4136/7879/4150
f 4058/7738/4072 4090/7804/4104 3938/7601/3952
f 4138/7881/4152 4123/7862/4137 4124/7863/4138
f 4125/7864/4139 4123/7862/4137 4074/7765/4088
f 4139/7882/4153 4102/7820/4116 4083/7789/4097
f 4100/7818/4114 4089/7803/4103 4114/7883/4128
f 4008/7622/4022 4083/7789/4097 4102/7820/4116
f 4127/7866/4141 4068/7832/4082 4030/7729/4044
f 4100/7818/4114 4114/7883/4128 4029/7848/4043
f 4081/7852/4095 4104/7822/4118 4129/7868/4143
f 3974/7583/3988 4040/7786/4054 4060/7742/4074
f 4140/7884/4154 3978/7731/3992 3940/7652/3954
f 3978/7731/3992 4140/7884/4154 4056/7732/4070
f 4092/7807/4106 4117/7855/4131 4131/7871/4145
f 4131/7871/4145 4141/7885/4155 4082/7787/4096
f 4142/7886/4156 4038/7887/4052 4052/7792/4066
f 4084/7838/4098 4132/7872/4146 4093/7888/4107
f 4143/7889/4157 4096/7890/4110 4038/7891/4052
f 4041/7687/4055 4044/7716/4058 4144/7892/4158
f 4044/7693/4058 3968/7665/3982 4145/7893/4159
f 4146/7894/4160 4070/7759/4084 4097/7813/4111
f 3968/7665/3982 4018/7719/4032 4147/7895/4161
f 4013/7630/4027 4148/7896/4162 4086/7794/4100
f 4148/7896/4162 4013/7630/4027 4135/7877/4149
f 4012/7629/4026 4135/7877/4149 4013/7630/4027
f 4073/7783/4087 4149/7897/4163 4112/7847/4126
f 4058/7738/4072 4150/7898/4164 4090/7804/4104
f 4127/7866/4141 4074/7765/4088 4123/7862/4137
f 4126/7865/4140 4102/7820/4116 4139/7882/4153
f 4101/7819/4115 4151/7899/4165 4103/7821/4117
f 4103/7821/4117 4151/7899/4165 4128/7867/4142
f 4075/7768/4089 4065/7767/4079 4152/7900/4166
f 4085/7791/4099 4142/7886/4156 4052/7792/4066
f 4064/7747/4078 4063/7746/4077 4130/7870/4144
f 4082/7787/4096 4153/7901/4167 4115/7853/4129
f 4082/7787/4096 4141/7885/4155 4153/7901/4167
f 3966/7592/3980 4154/7902/4168 4097/7813/4111
f 4154/7902/4168 4155/7903/4169 4097/7813/4111
f 4004/7613/4018 4156/7904/4170 3916/7450/3930
f 4157/7905/4171 4126/7865/4140 4158/7906/4172
f 4158/7906/4172 4126/7865/4140 4159/7907/4173
f 4126/7865/4140 4151/7899/4165 4101/7819/4115
f 4005/7711/4019 4160/7908/4174 4050/7709/4064
f 3964/7534/3978 4161/7909/4175 4129/7868/4143
f 4162/7910/4176 4094/7809/4108 4093/7835/4107
f 4051/7837/4065 4133/7874/4147 4163/7911/4177
f 4142/7912/4156 4143/7913/4157 4038/7914/4052
f 4076/7869/4090 4164/7915/4178 4116/7854/4130
f 4134/7875/4148 4154/7902/4168 3966/7592/3980
f 4154/7902/4168 4165/7916/4179 4155/7903/4169
f 3968/7665/3982 4147/7895/4161 4145/7893/4159
f 4146/7917/4160 4135/7877/4149 4070/7796/4084
f 3916/7918/3930 4166/7919/4180 4028/7702/4042
f 4123/7920/4137 4138/7921/4152 4167/7922/4181
f 4159/7907/4173 4126/7865/4140 4139/7882/4153
f 4073/7764/4087 4060/7742/4074 4149/7923/4163
f 4061/7743/4075 4062/7744/4076 4168/7924/4182
f 4068/7832/4082 4127/7866/4141 4105/7833/4119
f 4108/7836/4122 4169/7925/4183 4106/7827/4120
f 4170/7926/4184 4043/7690/4057 4094/7809/4108
f 4043/7690/4057 4170/7926/4184 4085/7791/4099
f 4051/7837/4065 4163/7911/4177 4108/7836/4122
f 3964/7534/3978 4113/7850/4127 4161/7909/4175
f 4065/7823/4079 4128/7867/4142 4152/7927/4166
f 4075/7768/4089 4152/7900/4166 4117/7855/4131
f 4131/7871/4145 4171/7928/4185 4172/7929/4186
f 4131/7871/4145 4117/7855/4131 4171/7928/4185
f 4141/7885/4155 4173/7930/4187 4153/7901/4167
f 4131/7871/4145 4172/7929/4186 4141/7885/4155
f 4141/7885/4155 4172/7929/4186 4173/7930/4187
f 4093/7931/4107 4132/7932/4146 4174/7933/4188
f 4069/7757/4083 4175/7934/4189 4134/7875/4148
f 4066/7751/4080 4176/7935/4190 4095/7810/4109
f 4044/7716/4058 4145/7936/4159 4144/7892/4158
f 4134/7875/4148 4165/7916/4179 4154/7902/4168
f 4097/7937/4111 4177/7938/4191 4146/7939/4160
f 4155/7903/4169 4177/7940/4191 4097/7813/4111
f 4148/7896/4162 4178/7941/4192 4179/7942/4193
f 4135/7877/4149 4178/7941/4192 4148/7896/4162
f 4018/7719/4032 4087/7797/4101 4180/7943/4194
f 4079/7779/4093 4098/7944/4112 4118/7856/4132
f 4027/7658/4041 4122/7861/4136 4033/7670/4047
f 4167/7922/4181 4127/7945/4141 4123/7920/4137
f 4157/7905/4171 4181/7946/4195 4126/7865/4140
f 4061/7743/4075 4168/7924/4182 4059/7741/4073
f 4089/7803/4103 4182/7947/4196 4114/7883/4128
f 4081/7852/4095 4183/7948/4197 4124/7949/4138
f 4162/7910/4176 4170/7926/4184 4094/7809/4108
f 4081/7852/4095 4129/7868/4143 4183/7948/4197
f 4106/7950/4120 4184/7951/4198 4076/7952/4090
f 4090/7953/4104 4185/7954/4199 4021/7672/4035
f 4116/7854/4130 4164/7915/4178 3940/7652/3954
f 4021/7672/4035 4185/7954/4199 4107/7828/4121
f 3940/7652/3954 4164/7915/4178 4140/7884/4154
f 4146/7939/4160 4177/7938/4191 4186/7955/4200
f 4146/7917/4160 4178/7941/4192 4135/7877/4149
f 4147/7895/4161 4018/7719/4032 4180/7943/4194
f 4086/7794/4100 4148/7896/4162 4179/7942/4193
f 4047/7699/4061 4137/7880/4151 4119/7858/4133
f 4057/7736/4071 4187/7956/4201 3937/7595/3951
f 4057/7736/4071 4112/7847/4126 4187/7956/4201
f 4122/7861/4136 4188/7957/4202 4058/7799/4072
f 4049/7958/4063 4182/7947/4196 4089/7803/4103
f 4158/7906/4172 4181/7946/4195 4157/7905/4171
f 4138/7881/4152 4124/7863/4138 4189/7959/4203
f 4105/7960/4119 4127/7945/4141 4190/7961/4204
f 4085/7791/4099 4170/7926/4184 4142/7886/4156
f 4093/7835/4107 4191/7962/4205 4162/7910/4176
f 4113/7850/4127 4192/7963/4206 4161/7909/4175
f 4161/7909/4175 4193/7964/4207 4129/7868/4143
f 4000/7965/4014 4194/7966/4208 4062/7967/4076
f 4091/7968/4105 4195/7969/4209 4005/7711/4019
f 4040/7685/4054 4196/7970/4210 4060/7971/4074
f 4007/7673/4021 4115/7853/4129 4000/7965/4014
f 4130/7870/4144 4176/7935/4190 4066/7751/4080
f 4041/7687/4055 4144/7892/4158 4040/7685/4054
f 4095/7972/4109 4197/7973/4211 4132/7932/4146
f 4176/7935/4190 4197/7974/4211 4095/7810/4109
f 4198/7975/4212 4165/7916/4179 4134/7875/4148
f 4145/7893/4159 4147/7895/4161 4199/7976/4213
f 4077/7772/4091 4086/7876/4100 4200/7977/4214
f 4111/7842/4125 4201/7978/4215 4087/7857/4101
f 4079/7979/4093 4202/7980/4216 4098/7814/4112
f 3926/7467/3940 4120/7859/4134 4004/7613/4018
f 4072/7981/4086 3804/7724/3818 4121/7860/4135
f 4156/7982/4170 4166/7919/4180 3916/7918/3930
f 4162/7910/4176 4203/7983/4217 4170/7926/4184
f 4113/7850/4127 4050/7709/4064 4192/7963/4206
f 4128/7867/4142 4204/7984/4218 4152/7927/4166
f 4133/7874/4147 4096/7873/4110 4205/7985/4219
f 4115/7853/4129 4206/7986/4220 4000/7965/4014
f 4076/7869/4090 4140/7884/4154 4164/7915/4178
f 4114/7883/4128 4207/7987/4221 4063/7988/4077
f 4171/7928/4185 4208/7989/4222 4172/7929/4186
f 4153/7901/4167 4209/7990/4223 4115/7853/4129
f 4208/7989/4222 4209/7990/4223 4173/7930/4187
f 4153/7901/4167 4173/7930/4187 4209/7990/4223
f 4172/7929/4186 4208/7989/4222 4173/7930/4187
f 4177/7940/4191 4210/7991/4224 4211/7992/4225
f 4177/7940/4191 4155/7903/4169 4210/7991/4224
f 4165/7916/4179 4210/7991/4224 4155/7903/4169
f 4198/7975/4212 4210/7991/4224 4165/7916/4179
f 4079/7779/4093 3979/7839/3993 4212/7993/4226
f 4186/7955/4200 4213/7994/4227 4146/7939/4160
f 4146/7995/4160 4214/7996/4228 4179/7997/4193
f 4146/7917/4160 4179/7942/4193 4178/7941/4192
f 4086/7876/4100 4214/7998/4228 4200/7977/4214
f 4086/7794/4100 4179/7942/4193 4214/7999/4228
f 4087/7857/4101 4201/7978/4215 4215/8000/4229
f 4098/7814/4112 4201/7978/4215 4111/7842/4125
f 4098/7814/4112 4216/8001/4230 4201/7978/4215
f 4079/7779/4093 4217/8002/4231 4218/8003/4232
f 4079/7779/4093 4218/8003/4232 4202/8004/4216
f 4098/7814/4112 4202/7980/4216 4219/8005/4233
f 4071/7761/4085 4220/8006/4234 4137/7880/4151
f 3960/7523/3974 3951/7511/3965 3572/7510/3586
f 3961/7524/3975 4053/7725/4067 3996/7594/4010
f 4099/7817/4113 4122/7861/4136 4027/7658/4041
f 4058/7799/4072 4188/7957/4202 4150/8007/4164
f 4190/7961/4204 4083/8008/4097 4105/7960/4119
f 4169/7925/4183 4108/7836/4122 4221/8009/4235
f 4151/7899/4165 4204/7984/4218 4128/7867/4142
f 4133/8010/4147 4222/8011/4236 4163/8012/4177
f 4169/8013/4183 4184/8014/4198 4106/8015/4120
f 4205/8016/4219 4096/8017/4110 4143/7913/4157
f 4133/8010/4147 4205/8016/4219 4222/8011/4236
f 4196/7970/4210 4223/8018/4237 4060/7971/4074
f 4035/7676/4049 4224/8019/4238 4069/8020/4083
f 4035/7676/4049 4023/7646/4037 4224/8019/4238
f 4107/7828/4121 4225/8021/4239 4023/7646/4037
f 4063/7746/4077 4176/7935/4190 4130/7870/4144
f 4132/7932/4146 4197/7973/4211 4174/7933/4188
f 4175/7934/4189 4198/7975/4212 4134/7875/4148
f 4186/7955/4200 4177/7938/4191 4226/8022/4240
f 4226/8022/4240 4227/8023/4241 4186/7955/4200
f 4213/8024/4227 4214/7996/4228 4146/7995/4160
f 4147/7895/4161 4180/7943/4194 4199/7976/4213
f 4087/7797/4101 4215/8025/4229 4180/7943/4194
f 4098/7814/4112 4219/8005/4233 4216/8001/4230
f 4028/7702/4042 4166/7919/4180 4049/7703/4063
f 4228/8026/4242 4158/7906/4172 4159/7907/4173
f 4167/7922/4181 4190/7961/4204 4127/7945/4141
f 4168/7924/4182 4229/8027/4243 4059/7741/4073
f 4126/7865/4140 4204/7984/4218 4151/7899/4165
f 4149/7923/4163 4060/7742/4074 4230/8028/4244
f 4231/8029/4245 4162/7910/4176 4191/7962/4205
f 4232/8030/4246 4090/7804/4104 4150/7898/4164
f 4183/7948/4197 4129/7868/4143 4193/7964/4207
f 4194/7966/4208 4000/7965/4014 4206/7986/4220
f 4233/8031/4247 4093/7931/4107 4174/7933/4188
f 4195/8032/4209 4091/8033/4105 4009/8034/4023
f 4225/8021/4239 4107/7828/4121 4185/7954/4199
f 4176/7935/4190 4063/7746/4077 4207/8035/4221
f 4234/8036/4248 4115/7853/4129 4209/7990/4223
f 4235/8037/4249 4198/7975/4212 4175/7934/4189
f 4226/8022/4240 4177/7938/4191 4211/8038/4225
f 4144/8039/4158 4145/7893/4159 4199/7976/4213
f 4077/7772/4091 4200/7977/4214 4236/8040/4250
f 4237/8041/4251 4201/7978/4215 4216/8001/4230
f 4219/8042/4233 4202/8004/4216 4218/8003/4232
f 4119/7858/4133 4137/7880/4151 4220/8006/4234
f 4188/7957/4202 4122/7861/4136 4099/7817/4113
f 4238/8043/4252 4158/7906/4172 4228/8026/4242
f 4139/7882/4153 4083/7789/4097 4159/7907/4173
f 4181/7946/4195 4158/7906/4172 4238/8043/4252
f 4190/7961/4204 4239/8044/4253 4083/8008/4097
f 4170/7926/4184 4203/7983/4217 4240/8045/4254
f 4189/8046/4203 4124/8047/4138 4241/8048/4255
f 4221/8049/4235 4184/8050/4198 4169/8051/4183
f 4168/7924/4182 4062/7744/4076 4242/8052/4256
f 4232/8053/4246 4185/7954/4199 4090/7953/4104
f 4152/7927/4166 4243/8054/4257 4117/8055/4131
f 4171/7928/4185 4209/7990/4223 4208/7989/4222
f 4223/8018/4237 4040/7685/4054 4244/8056/4258
f 4040/7685/4054 4144/7892/4158 4244/8056/4258
f 4212/7993/4226 4217/8002/4231 4079/7779/4093
f 4214/7996/4228 4245/8057/4259 4200/8058/4214
f 3951/7511/3965 3960/7523/3974 4121/7860/4135
f 3973/7546/3987 4246/8059/4260 4071/7761/4085
f 3937/7595/3951 4187/7956/4201 4247/8060/4261
f 4159/8061/4173 4083/8008/4097 4239/8044/4253
f 4167/7922/4181 4138/7921/4152 4189/8062/4203
f 4181/7946/4195 4238/8043/4252 4248/8063/4262
f 4059/7741/4073 4229/8027/4243 4088/8064/4102
f 4248/8063/4262 4126/7865/4140 4181/7946/4195
f 4142/7912/4156 4249/8065/4263 4143/7913/4157
f 4124/8047/4138 4183/8066/4197 4241/8048/4255
f 4093/7835/4107 4233/8067/4247 4191/7962/4205
f 4050/7709/4064 4160/7908/4174 4192/7963/4206
f 4005/7711/4019 4250/8068/4264 4160/7908/4174
f 4194/8069/4208 4251/8070/4265 4062/7744/4076
f 4195/7969/4209 4250/8068/4264 4005/7711/4019
f 4069/8020/4083 4224/8019/4238 4252/8071/4266
f 4171/7928/4185 4117/7855/4131 4253/8072/4267
f 4209/7990/4223 4171/7928/4185 4234/8036/4248
f 4056/7732/4070 3979/8073/3993 3941/7730/3955
f 4196/7970/4210 4040/7685/4054 4223/8018/4237
f 4198/7975/4212 4235/8037/4249 4210/7991/4224
f 4227/8023/4241 4254/8074/4268 4186/7955/4200
f 4213/8075/4227 4186/8076/4200 4255/8077/4269
f 4077/7772/4091 4236/8040/4250 4256/8078/4270
f 4213/8024/4227 4257/8079/4271 4214/7996/4228
f 4214/7996/4228 4258/8080/4272 4245/8057/4259
f 4245/8057/4259 4258/8080/4272 4200/8058/4214
f 4216/8001/4230 4259/8081/4273 4237/8041/4251
f 4218/8003/4232 4260/8082/4274 4219/8042/4233
f 4150/8007/4164 4188/7957/4202 4261/8083/4275
f 4159/8061/4173 4239/8044/4253 4262/8084/4276
f 4167/7922/4181 4263/8085/4277 4190/7961/4204
f 4162/7910/4176 4231/8029/4245 4203/7983/4217
f 4108/7836/4122 4163/7911/4177 4221/8009/4235
f 4126/7865/4140 4248/8063/4262 4204/7984/4218
f 4221/8049/4235 4264/8086/4278 4184/8050/4198
f 4114/7883/4128 4182/7947/4196 4207/7987/4221
f 4060/7971/4074 4223/8018/4237 4230/8087/4244
f 4023/7646/4037 4265/8088/4279 4224/8019/4238
f 4115/7853/4129 4266/8089/4280 4206/7986/4220
f 4234/8036/4248 4266/8089/4280 4115/7853/4129
f 4225/8021/4239 4265/8088/4279 4023/7646/4037
f 4185/7954/4199 4267/8090/4281 4225/8021/4239
f 4265/8088/4279 4268/8091/4282 4269/8092/4283
f 4225/8021/4239 4268/8091/4282 4265/8088/4279
f 4225/8021/4239 4267/8090/4281 4268/8091/4282
f 4268/8091/4282 4270/8093/4284 4269/8092/4283
f 4267/8090/4281 4270/8093/4284 4268/8091/4282
f 4210/7991/4224 4271/8094/4285 4211/7992/4225
f 4077/8095/4091 4256/8096/4270 4009/8097/4023
f 4227/8023/4241 4226/8022/4240 4272/8098/4286
f 4186/8076/4200 4273/8099/4287 4255/8077/4269
f 4213/8024/4227 4255/8100/4269 4274/8101/4288
f 4213/8024/4227 4274/8101/4288 4257/8079/4271
f 4257/8079/4271 4275/8102/4289 4214/7996/4228
f 4214/7996/4228 4275/8102/4289 4258/8080/4272
f 4200/7977/4214 4276/8103/4290 4236/8040/4250
f 4217/8002/4231 4212/7993/4226 4277/8104/4291
f 4200/7977/4214 4258/8105/4272 4278/8106/4292
f 4119/7858/4133 4279/8107/4293 3960/7523/3974
f 4119/7858/4133 4220/8006/4234 4279/8107/4293
f 4246/8059/4260 4220/8006/4234 4071/7761/4085
f 3973/7546/3987 4020/7657/4034 4246/8059/4260
f 3937/7595/3951 4247/8060/4261 4020/7641/4034
f 4159/7907/4173 4238/8043/4252 4228/8026/4242
f 4150/8007/4164 4261/8083/4275 4280/8108/4294
f 4203/7983/4217 4231/8029/4245 4240/8045/4254
f 4191/7962/4205 4233/8067/4247 4281/8109/4295
f 4150/7898/4164 4282/8110/4296 4232/8030/4246
f 4242/8052/4256 4062/7744/4076 4251/8070/4265
f 4204/7984/4218 4283/8111/4297 4152/7927/4166
f 4076/7869/4090 4284/8112/4298 4140/7884/4154
f 4174/7933/4188 4197/7973/4211 4233/8031/4247
f 4140/7884/4154 4285/8113/4299 4056/7732/4070
f 4265/8088/4279 4286/8114/4300 4224/8019/4238
f 4265/8088/4279 4269/8092/4283 4286/8114/4300
f 4267/8090/4281 4287/8115/4301 4286/8114/4300
f 4185/7954/4199 4287/8115/4301 4267/8090/4281
f 4270/8093/4284 4286/8114/4300 4269/8092/4283
f 4267/8090/4281 4286/8114/4300 4270/8093/4284
f 4227/8023/4241 4272/8098/4286 4254/8074/4268
f 4186/7955/4200 4254/8074/4268 4273/8116/4287
f 4144/8039/4158 4199/7976/4213 4288/8117/4302
f 4199/7976/4213 4180/7943/4194 4288/8117/4302
f 4257/8079/4271 4289/8118/4303 4290/8119/4304
f 4274/8101/4288 4289/8118/4303 4257/8079/4271
f 4180/7943/4194 4215/8025/4229 4291/8120/4305
f 4290/8119/4304 4275/8102/4289 4257/8079/4271
f 4215/8121/4229 4201/8122/4215 4237/8123/4251
f 4216/8124/4230 4292/8125/4306 4259/8126/4273
f 4026/7656/4040 4120/7859/4134 3936/7485/3950
f 4120/7859/4134 4293/8127/4307 4004/7613/4018
f 4088/7845/4102 4294/8128/4308 4053/7843/4067
f 4149/7897/4163 4295/8129/4309 4112/7847/4126
f 4142/7886/4156 4170/7926/4184 4296/8130/4310
f 4142/7912/4156 4296/8131/4310 4249/8065/4263
f 4149/7897/4163 4230/8132/4244 4295/8129/4309
f 4182/7947/4196 4297/8133/4311 4207/7987/4221
f 4230/8087/4244 4223/8018/4237 4298/8134/4312
f 4184/8135/4198 4299/8136/4313 4076/8137/4090
f 4299/8138/4313 4284/8112/4298 4076/7869/4090
f 4117/8055/4131 4243/8054/4257 4253/8139/4267
f 4140/7884/4154 4284/8112/4298 4285/8113/4299
f 4171/7928/4185 4253/8072/4267 4234/8036/4248
f 4234/8036/4248 4253/8072/4267 4300/8140/4314
f 4185/7954/4199 4301/8141/4315 4302/8142/4316
f 4234/8036/4248 4303/8143/4317 4266/8089/4280
f 4304/8144/4318 4305/8145/4319 4197/7973/4211
f 4235/8037/4249 4271/8094/4285 4210/7991/4224
f 4211/8038/4225 4306/8146/4320 4226/8022/4240
f 4144/7892/4158 4307/8147/4321 4244/8056/4258
f 4273/8099/4287 4308/8148/4322 4255/8077/4269
f 4308/8148/4322 4309/8149/4323 4255/8077/4269
f 4255/8100/4269 4310/8150/4324 4274/8101/4288
f 4309/8149/4323 4310/8151/4324 4255/8077/4269
f 4288/8117/4302 4180/7943/4194 4291/8120/4305
f 4310/8150/4324 4311/8152/4325 4274/8101/4288
f 4290/8119/4304 4312/8153/4326 4275/8102/4289
f 4289/8118/4303 4312/8153/4326 4290/8119/4304
f 4200/7977/4214 4278/8106/4292 4276/8103/4290
f 4292/8125/4306 4216/8124/4230 4313/8154/4327
f 4219/8005/4233 4313/8155/4327 4216/8001/4230
f 4217/8002/4231 4277/8104/4291 4218/8003/4232
f 4220/8006/4234 4246/8059/4260 4279/8107/4293
f 4239/8044/4253 4190/7961/4204 4314/8156/4328
f 4315/8157/4329 4238/8158/4252 4159/8159/4173
f 4167/7922/4181 4189/8062/4203 4263/8085/4277
f 4240/8045/4254 4296/8130/4310 4170/7926/4184
f 4168/7924/4182 4242/8052/4256 4229/8027/4243
f 4316/8160/4330 4194/8069/4208 4206/8161/4220
f 4069/7757/4083 4317/8162/4331 4175/7934/4189
f 4300/8163/4314 4253/8164/4267 4318/8165/4332
f 4317/8162/4331 4235/8037/4249 4175/7934/4189
f 4319/8166/4333 4206/7986/4220 4266/8089/4280
f 4316/8160/4330 4206/8161/4220 4319/8167/4333
f 4056/7732/4070 4285/8113/4299 4320/8168/4334
f 4302/8142/4316 4287/8115/4301 4185/7954/4199
f 4306/8169/4320 4211/7992/4225 4271/8094/4285
f 4304/8170/4318 4197/7974/4211 4176/7935/4190
f 4321/8171/4335 4273/8099/4287 4254/8172/4268
f 4308/8148/4322 4273/8099/4287 4321/8171/4335
f 4322/8173/4336 4309/8149/4323 4308/8148/4322
f 4256/8078/4270 4236/8040/4250 4311/8174/4325
f 4310/8151/4324 4309/8149/4323 4322/8173/4336
f 4311/8174/4325 4236/8040/4250 4323/8175/4337
f 4311/8152/4325 4324/8176/4338 4274/8101/4288
f 4312/8153/4326 4289/8118/4303 4324/8176/4338
f 4324/8176/4338 4289/8118/4303 4274/8101/4288
f 4215/8121/4229 4237/8123/4251 4259/8177/4273
f 4312/8153/4326 4258/8080/4272 4275/8102/4289
f 4313/8155/4327 4219/8005/4233 4260/8178/4274
f 4277/8104/4291 4325/8179/4339 4218/8003/4232
f 4325/8179/4339 4260/8082/4274 4218/8003/4232
f 4099/7817/4113 4072/7763/4086 4326/8180/4340
f 4294/8128/4308 4088/7845/4102 4327/8181/4341
f 4328/8182/4342 4262/8084/4276 4239/8044/4253
f 4315/8157/4329 4159/8159/4173 4262/8183/4276
f 4329/8184/4343 4182/8185/4196 4049/7703/4063
f 4330/8186/4344 4240/8045/4254 4231/8029/4245
f 4205/8016/4219 4143/7913/4157 4331/8187/4345
f 4264/8086/4278 4221/8049/4235 4163/8188/4177
f 4192/7963/4206 4332/8189/4346 4161/7909/4175
f 4223/8018/4237 4333/8190/4347 4298/8134/4312
f 4232/8053/4246 4334/8191/4348 4185/7954/4199
f 4194/8069/4208 4335/8192/4349 4336/8193/4350
f 4335/8192/4349 4337/8194/4351 4338/8195/4352
f 4337/8196/4351 4253/8197/4267 4338/8198/4352
f 4194/8069/4208 4316/8160/4330 4335/8192/4349
f 4317/8162/4331 4069/7757/4083 4339/8199/4353
f 4252/8071/4266 4339/8200/4353 4069/8020/4083
f 4337/8196/4351 4318/8201/4332 4253/8197/4267
f 4316/8160/4330 4340/8202/4354 4335/8192/4349
f 4317/8162/4331 4341/8203/4355 4235/8037/4249
f 4316/8160/4330 4319/8167/4333 4340/8202/4354
f 4266/8089/4280 4303/8143/4317 4319/8166/4333
f 4342/8204/4356 4286/8114/4300 4302/8142/4316
f 4286/8114/4300 4287/8115/4301 4302/8142/4316
f 4304/8170/4318 4176/7935/4190 4207/8035/4221
f 4341/8203/4355 4271/8094/4285 4235/8037/4249
f 4343/8205/4357 3979/8206/3993 4056/8207/4070
f 4223/8018/4237 4244/8056/4258 4344/8208/4358
f 4306/8146/4320 4272/8098/4286 4226/8022/4240
f 3979/8209/3993 4343/8210/4357 4212/8211/4226
f 4345/8212/4359 4321/8213/4335 4254/8214/4268
f 4291/8215/4305 4215/8121/4229 4346/8216/4360
f 4276/8103/4290 4278/8106/4292 4347/8217/4361
f 4347/8217/4361 4278/8106/4292 4258/8105/4272
f 4313/8218/4327 4260/8219/4274 4348/8220/4362
f 4188/7957/4202 4099/7817/4113 4349/8221/4363
f 4112/7847/4126 4295/8129/4309 4187/7956/4201
f 4350/8222/4364 4190/7961/4204 4263/8085/4277
f 4328/8182/4342 4239/8044/4253 4314/8156/4328
f 4328/8223/4342 4315/8157/4329 4262/8183/4276
f 4315/8157/4329 4351/8224/4365 4238/8158/4252
f 4351/8225/4365 4248/8226/4262 4238/8227/4252
f 4249/8065/4263 4331/8187/4345 4143/7913/4157
f 4352/8228/4366 4163/8012/4177 4222/8011/4236
f 4233/8229/4247 4353/8230/4367 4281/8231/4295
f 4161/8232/4175 4332/8233/4346 4193/8234/4207
f 4338/8195/4352 4336/8193/4350 4335/8192/4349
f 4252/8071/4266 4224/8019/4238 4339/8200/4353
f 4334/8191/4348 4301/8141/4315 4185/7954/4199
f 4340/8202/4354 4354/8235/4368 4335/8192/4349
f 4335/8192/4349 4354/8235/4368 4337/8194/4351
f 4300/8163/4314 4318/8165/4332 4355/8236/4369
f 4319/8166/4333 4303/8143/4317 4340/8237/4354
f 4300/8140/4314 4355/8238/4369 4234/8036/4248
f 4234/8036/4248 4355/8238/4369 4303/8143/4317
f 4272/8098/4286 4356/8239/4370 4254/8074/4268
f 4256/8240/4270 4321/8213/4335 4345/8212/4359
f 4256/8240/4270 4357/8241/4371 4321/8213/4335
f 4308/8148/4322 4358/8242/4372 4322/8173/4336
f 4256/8240/4270 4311/8243/4325 4357/8241/4371
f 4310/8244/4324 4359/8245/4373 4311/8243/4325
f 4322/8173/4336 4360/8246/4374 4310/8151/4324
f 4215/8121/4229 4292/8247/4306 4346/8216/4360
f 4259/8177/4273 4292/8247/4306 4215/8121/4229
f 4361/8248/4375 4246/8059/4260 4020/7657/4034
f 4004/7613/4018 4293/8127/4307 4156/7904/4170
f 4187/7956/4201 4295/8129/4309 4362/8249/4376
f 4350/8222/4364 4363/8250/4377 4190/7961/4204
f 4190/7961/4204 4363/8250/4377 4314/8156/4328
f 4350/8222/4364 4263/8085/4277 4364/8251/4378
f 4240/8045/4254 4330/8186/4344 4296/8130/4310
f 4163/8188/4177 4365/8252/4379 4264/8086/4278
f 4189/8046/4203 4241/8048/4255 4366/8253/4380
f 4248/8226/4262 4367/8254/4381 4204/8255/4218
f 4280/8256/4294 4282/8110/4296 4150/7898/4164
f 4192/7963/4206 4160/7908/4174 4250/8068/4264
f 4282/8257/4296 4334/8191/4348 4232/8053/4246
f 4368/8258/4382 4251/8070/4265 4194/8069/4208
f 4368/8258/4382 4194/8069/4208 4336/8193/4350
f 4338/8259/4352 4253/8260/4267 4369/8261/4383
f 4370/8262/4384 4337/8194/4351 4354/8235/4368
f 4371/8263/4385 4318/8201/4332 4337/8196/4351
f 4370/8264/4384 4371/8263/4385 4337/8196/4351
f 4370/8262/4384 4354/8235/4368 4372/8265/4386
f 4372/8265/4386 4354/8235/4368 4340/8202/4354
f 4371/8266/4385 4355/8267/4369 4318/8268/4332
f 4284/8112/4298 4320/8168/4334 4285/8113/4299
f 4372/8265/4386 4340/8202/4354 4303/8269/4317
f 4223/8018/4237 4373/8270/4387 4333/8190/4347
f 4374/8271/4388 4306/8169/4320 4271/8094/4285
f 4373/8270/4387 4223/8018/4237 4344/8208/4358
f 4009/8097/4023 4256/8096/4270 4375/8272/4389
f 4376/8273/4390 4254/8274/4268 4356/8275/4370
f 4376/8276/4390 4345/8277/4359 4254/8278/4268
f 4377/8279/4391 4256/8096/4270 4345/8280/4359
f 4378/8281/4392 4358/8242/4372 4308/8148/4322
f 4379/8282/4393 4322/8173/4336 4358/8242/4372
f 4357/8241/4371 4311/8243/4325 4359/8245/4373
f 4359/8283/4373 4310/8284/4324 4380/8285/4394
f 4360/8246/4374 4380/8286/4394 4310/8151/4324
f 4379/8282/4393 4360/8246/4374 4322/8173/4336
f 4261/8083/4275 4188/7957/4202 4349/8221/4363
f 4296/8131/4310 4381/8287/4395 4249/8065/4263
f 4366/8253/4380 4263/8288/4277 4189/8046/4203
f 4382/8289/4396 4191/8290/4205 4281/8291/4295
f 4241/8292/4255 4183/8293/4197 4383/8294/4397
f 4299/8136/4313 4184/8135/4198 4264/8295/4278
f 4384/8296/4398 4283/8297/4297 4204/8255/4218
f 4250/8298/4264 4195/8032/4209 4385/8299/4399
f 4283/8111/4297 4243/8054/4257 4152/7927/4166
f 4299/8136/4313 4386/8300/4400 4284/8301/4298
f 4286/8114/4300 4342/8204/4356 4224/8019/4238
f 4370/8302/4384 4355/8267/4369 4371/8266/4385
f 4370/8303/4384 4372/8304/4386 4355/8238/4369
f 4372/8304/4386 4303/8143/4317 4355/8238/4369
f 4342/8204/4356 4302/8142/4316 4301/8141/4315
f 4271/8094/4285 4341/8203/4355 4374/8271/4388
f 4056/8207/4070 4387/8305/4401 4343/8205/4357
f 4375/8272/4389 4256/8096/4270 4388/8306/4402
f 4388/8306/4402 4256/8096/4270 4377/8279/4391
f 4345/8280/4359 4376/8307/4390 4377/8279/4391
f 4389/8308/4403 4291/8120/4305 4346/8309/4360
f 4321/8171/4335 4378/8281/4392 4308/8148/4322
f 4390/8310/4404 4391/8311/4405 4378/8312/4392
f 4378/8312/4392 4391/8311/4405 4358/8313/4372
f 4391/8311/4405 4379/8314/4393 4358/8313/4372
f 4390/8310/4404 4380/8315/4394 4391/8311/4405
f 4391/8311/4405 4380/8315/4394 4392/8316/4406
f 4380/8315/4394 4360/8317/4374 4392/8316/4406
f 4391/8311/4405 4360/8317/4374 4379/8314/4393
f 4391/8311/4405 4392/8316/4406 4360/8317/4374
f 4323/8175/4337 4236/8040/4250 4393/8318/4407
f 4324/8176/4338 4394/8319/4408 4312/8153/4326
f 4394/8319/4408 4258/8080/4272 4312/8153/4326
f 4349/8221/4363 4099/7817/4113 4326/8180/4340
f 4395/8320/4409 4247/8060/4261 4187/7956/4201
f 4166/7919/4180 4329/8184/4343 4049/7703/4063
f 4088/7845/4102 4229/8321/4243 4327/8181/4341
f 4381/8322/4395 4296/8323/4310 4330/8324/4344
f 4263/8288/4277 4366/8253/4380 4364/8325/4378
f 4396/8326/4410 4352/8228/4366 4222/8011/4236
f 4397/8327/4411 4205/8016/4219 4331/8187/4345
f 4397/8327/4411 4222/8011/4236 4205/8016/4219
f 4352/8228/4366 4398/8328/4412 4163/8012/4177
f 4398/8329/4412 4365/8252/4379 4163/8188/4177
f 4295/8330/4309 4230/8331/4244 4298/8332/4312
f 4365/8252/4379 4399/8333/4413 4264/8086/4278
f 4333/8190/4347 4400/8334/4414 4298/8134/4312
f 4251/8070/4265 4368/8258/4382 4401/8335/4415
f 4224/8019/4238 4402/8336/4416 4339/8200/4353
f 4253/8260/4267 4243/8337/4257 4369/8261/4383
f 4009/8034/4023 4375/8338/4389 4403/8339/4417
f 4288/8117/4302 4291/8120/4305 4144/8039/4158
f 4292/8247/4306 4404/8340/4418 4346/8216/4360
f 4321/8213/4335 4405/8341/4419 4406/8342/4420
f 4357/8241/4371 4405/8341/4419 4321/8213/4335
f 4378/8312/4392 4406/8343/4420 4390/8310/4404
f 4321/8213/4335 4406/8342/4420 4378/8344/4392
f 4357/8241/4371 4359/8245/4373 4405/8341/4419
f 4323/8345/4337 4407/8346/4421 4311/8347/4325
f 4311/8348/4325 4408/8349/4422 4324/8350/4338
f 4258/8351/4272 4394/8352/4408 4409/8353/4423
f 4236/8040/4250 4276/8103/4290 4393/8318/4407
f 4258/8105/4272 4410/8354/4424 4347/8217/4361
f 4347/8217/4361 4410/8354/4424 4276/8103/4290
f 4246/8059/4260 4411/8355/4425 4279/8107/4293
f 4026/7656/4040 4412/8356/4426 4120/7859/4134
f 4412/8356/4426 4293/8127/4307 4120/7859/4134
f 4314/8357/4328 4315/8157/4329 4328/8223/4342
f 4350/8222/4364 4364/8251/4378 4363/8250/4377
f 4315/8157/4329 4413/8358/4427 4351/8224/4365
f 4396/8326/4410 4398/8328/4412 4352/8228/4366
f 4396/8326/4410 4222/8011/4236 4397/8327/4411
f 4367/8254/4381 4384/8296/4398 4204/8255/4218
f 4251/8070/4265 4401/8335/4415 4242/8052/4256
f 4336/8193/4350 4414/8359/4428 4368/8258/4382
f 4338/8195/4352 4414/8359/4428 4336/8193/4350
f 4297/8133/4311 4415/8360/4429 4207/7987/4221
f 4334/8191/4348 4416/8361/4430 4301/8141/4315
f 4301/8141/4315 4416/8361/4430 4342/8204/4356
f 4341/8362/4355 4317/8363/4331 4339/8364/4353
f 4207/7987/4221 4417/8365/4431 4304/8366/4318
f 4373/8270/4387 4344/8208/4358 4418/8367/4432
f 4307/8147/4321 4419/8368/4433 4244/8056/4258
f 4418/8367/4432 4344/8208/4358 4244/8056/4258
f 4374/8369/4388 4272/8098/4286 4306/8146/4320
f 4420/8370/4434 4212/8211/4226 4343/8210/4357
f 4421/8371/4435 4388/8306/4402 4377/8279/4391
f 4422/8372/4436 4376/8273/4390 4356/8275/4370
f 4422/8373/4436 4356/8239/4370 4272/8098/4286
f 4423/8374/4437 4390/8310/4404 4406/8343/4420
f 4423/8374/4437 4380/8315/4394 4390/8310/4404
f 4359/8283/4373 4380/8285/4394 4423/8375/4437
f 4407/8346/4421 4408/8376/4422 4311/8347/4325
f 4394/8352/4408 4324/8350/4338 4408/8349/4422
f 4277/8377/4291 4212/8211/4226 4420/8370/4434
f 4323/8345/4337 4393/8378/4407 4407/8346/4421
f 4292/8379/4306 4313/8380/4327 4424/8381/4438
f 4425/8382/4439 4393/8318/4407 4276/8103/4290
f 4425/8382/4439 4276/8103/4290 4410/8354/4424
f 4411/8355/4425 3960/7523/3974 4279/8107/4293
f 4426/8383/4440 4136/7879/4150 3996/7594/4010
f 4427/8384/4441 4121/7860/4135 3960/7523/3974
f 4381/8287/4395 4331/8187/4345 4249/8065/4263
f 4428/8385/4442 4397/8327/4411 4331/8187/4345
f 4397/8327/4411 4398/8328/4412 4396/8326/4410
f 4261/8083/4275 4429/8386/4443 4282/8387/4296
f 4261/8083/4275 4282/8387/4296 4280/8108/4294
f 4297/8133/4311 4182/7947/4196 4430/8388/4444
f 4231/8029/4245 4191/7962/4205 4382/8389/4396
f 4399/8333/4413 4431/8390/4445 4264/8086/4278
f 4432/8391/4446 4383/8294/4397 4433/8392/4447
f 4433/8392/4447 4383/8294/4397 4183/8293/4197
f 4433/8392/4447 4183/8293/4197 4193/8234/4207
f 4433/8392/4447 4193/8234/4207 4434/8393/4448
f 4414/8394/4428 4338/8259/4352 4369/8261/4383
f 4416/8361/4430 4402/8336/4416 4224/8019/4238
f 4435/8395/4449 4386/8300/4400 4299/8136/4313
f 4195/8032/4209 4009/8034/4023 4385/8299/4399
f 4416/8361/4430 4224/8019/4238 4342/8204/4356
f 4386/8396/4400 4320/8168/4334 4284/8112/4298
f 4144/8039/4158 4291/8120/4305 4307/8397/4321
f 4436/8398/4450 4272/8399/4286 4374/8400/4388
f 4437/8401/4451 4291/8120/4305 4389/8308/4403
f 4438/8402/4452 4377/8279/4391 4376/8307/4390
f 4422/8372/4436 4438/8403/4452 4376/8273/4390
f 4258/8351/4272 4409/8353/4423 4410/8404/4424
f 4277/8104/4291 4439/8405/4453 4325/8179/4339
f 4348/8406/4362 4260/8082/4274 4439/8405/4453
f 4325/8179/4339 4439/8405/4453 4260/8082/4274
f 4136/7879/4150 4426/8383/4440 4026/7656/4040
f 4326/8180/4340 4440/8407/4454 4349/8221/4363
f 4363/8408/4377 4315/8157/4329 4314/8357/4328
f 4362/8249/4376 4395/8320/4409 4187/7956/4201
f 4441/8409/4455 4351/8224/4365 4413/8358/4427
f 4442/8410/4456 4428/8385/4442 4331/8187/4345
f 4398/8329/4412 4443/8411/4457 4365/8252/4379
f 4330/8412/4344 4231/8413/4245 4382/8414/4396
f 4242/8052/4256 4401/8335/4415 4229/8027/4243
f 4241/8048/4255 4383/8415/4397 4444/8416/4458
f 4445/8417/4459 4334/8191/4348 4282/8257/4296
f 4193/8234/4207 4332/8233/4346 4434/8393/4448
f 4192/8418/4206 4446/8419/4460 4332/8233/4346
f 4419/8368/4433 4333/8190/4347 4373/8270/4387
f 4339/8364/4353 4374/8400/4388 4341/8362/4355
f 4009/8034/4023 4403/8339/4417 4385/8299/4399
f 4373/8270/4387 4418/8367/4432 4419/8368/4433
f 4320/8420/4334 4447/8421/4461 4056/8422/4070
f 4419/8368/4433 4418/8367/4432 4244/8056/4258
f 4291/8120/4305 4448/8423/4462 4307/8397/4321
f 4448/8423/4462 4291/8120/4305 4437/8401/4451
f 4272/8424/4286 4436/8425/4450 4449/8426/4463
f 4272/8427/4286 4449/8428/4463 4422/8372/4436
f 4346/8216/4360 4404/8340/4418 4389/8429/4403
f 4377/8279/4391 4438/8402/4452 4421/8371/4435
f 4405/8341/4419 4450/8430/4464 4406/8342/4420
f 4393/8378/4407 4451/8431/4465 4407/8346/4421
f 4408/8349/4422 4409/8353/4423 4394/8352/4408
f 4072/7981/4086 4121/7860/4135 4427/8384/4441
f 4452/8432/4466 4329/8184/4343 4166/7919/4180
f 4453/8433/4467 4442/8434/4456 4381/8322/4395
f 4381/8287/4395 4442/8410/4456 4331/8187/4345
f 4398/8329/4412 4454/8435/4468 4443/8411/4457
f 4330/8412/4344 4382/8414/4396 4455/8436/4469
f 4182/7947/4196 4329/8437/4343 4430/8388/4444
f 4365/8252/4379 4443/8411/4457 4399/8333/4413
f 4383/8415/4397 4456/8438/4470 4444/8416/4458
f 4383/8294/4397 4432/8391/4446 4456/8439/4470
f 4445/8417/4459 4416/8361/4430 4334/8191/4348
f 4264/8295/4278 4431/8440/4445 4299/8136/4313
f 4400/8334/4414 4333/8190/4347 4419/8368/4433
f 4368/8258/4382 4414/8359/4428 4401/8335/4415
f 4416/8441/4430 4457/8442/4471 4402/8443/4416
f 4369/8261/4383 4243/8337/4257 4414/8394/4428
f 4283/8297/4297 4458/8444/4472 4243/8337/4257
f 4197/7973/4211 4459/8445/4473 4233/8031/4247
f 4305/8145/4319 4459/8445/4473 4197/7973/4211
f 4422/8372/4436 4460/8446/4474 4438/8403/4452
f 4405/8341/4419 4438/8447/4452 4450/8430/4464
f 4405/8448/4419 4461/8449/4475 4438/8450/4452
f 4405/8448/4419 4359/8451/4373 4461/8449/4475
f 4359/8451/4373 4423/8452/4437 4407/8346/4421
f 4359/8451/4373 4407/8346/4421 4461/8449/4475
f 4420/8370/4434 4462/8453/4476 4277/8377/4291
f 4393/8378/4407 4463/8454/4477 4451/8431/4465
f 4393/8455/4407 4464/8456/4478 4463/8457/4477
f 4425/8458/4439 4464/8456/4478 4393/8455/4407
f 4425/8382/4439 4410/8354/4424 4464/8459/4478
f 4072/7981/4086 4427/8384/4441 4326/8460/4340
f 4395/8320/4409 4362/8249/4376 4465/8461/4479
f 4330/8324/4344 4466/8462/4480 4453/8433/4467
f 4330/8324/4344 4453/8433/4467 4381/8322/4395
f 4397/8327/4411 4467/8463/4481 4398/8328/4412
f 4330/8324/4344 4455/8464/4469 4468/8465/4482
f 4295/8129/4309 4298/8466/4312 4469/8467/4483
f 4444/8416/4458 4364/8325/4378 4366/8253/4380
f 4248/8226/4262 4351/8225/4365 4367/8254/4381
f 4241/8048/4255 4444/8416/4458 4366/8253/4380
f 4332/8233/4346 4446/8419/4460 4434/8393/4448
f 4339/8468/4353 4402/8443/4416 4457/8442/4471
f 4414/8394/4428 4243/8337/4257 4458/8444/4472
f 4207/7987/4221 4415/8360/4429 4417/8365/4431
f 4320/8469/4334 4386/8300/4400 4447/8470/4461
f 4389/8471/4403 4470/8472/4484 4437/8473/4451
f 4388/8306/4402 4421/8371/4435 4471/8474/4485
f 4460/8446/4474 4422/8372/4436 4449/8428/4463
f 4460/8475/4474 4472/8476/4486 4438/8477/4452
f 4438/8447/4452 4472/8478/4486 4450/8430/4464
f 4450/8430/4464 4472/8478/4486 4406/8342/4420
f 4460/8446/4474 4449/8428/4463 4473/8479/4487
f 4406/8480/4420 4472/8476/4486 4423/8481/4437
f 4472/8476/4486 4460/8475/4474 4474/8482/4488
f 4460/8446/4474 4473/8479/4487 4474/8483/4488
f 4473/8479/4487 4449/8428/4463 4475/8484/4489
f 4423/8481/4437 4472/8476/4486 4407/8485/4421
f 4475/8484/4489 4474/8483/4488 4473/8479/4487
f 4451/8431/4465 4461/8449/4475 4407/8346/4421
f 4451/8431/4465 4463/8454/4477 4461/8449/4475
f 4020/7657/4034 4247/8486/4261 4361/8248/4375
f 4156/7904/4170 4293/8127/4307 4476/8487/4490
f 3996/8488/4010 4053/7843/4067 4477/8489/4491
f 4294/8128/4308 4477/8489/4491 4053/7843/4067
f 4156/7982/4170 4476/8490/4490 4452/8432/4466
f 4363/8408/4377 4413/8358/4427 4315/8157/4329
f 4397/8327/4411 4428/8385/4442 4467/8463/4481
f 4229/8027/4243 4401/8335/4415 4478/8491/4492
f 4283/8297/4297 4384/8296/4398 4458/8444/4472
f 4457/8442/4471 4416/8441/4430 4479/8492/4493
f 4250/8493/4264 4480/8494/4494 4192/8418/4206
f 4339/8364/4353 4481/8495/4495 4374/8400/4388
f 4414/8394/4428 4482/8496/4496 4401/8497/4415
f 4299/8136/4313 4431/8440/4445 4435/8395/4449
f 4436/8398/4450 4483/8498/4497 4449/8499/4463
f 4483/8498/4497 4484/8500/4498 4449/8499/4463
f 4421/8501/4435 4438/8450/4452 4461/8449/4475
f 4484/8502/4498 4475/8484/4489 4449/8428/4463
f 4475/8484/4489 4484/8502/4498 4474/8483/4488
f 4461/8449/4475 4463/8454/4477 4421/8501/4435
f 4472/8476/4486 4474/8482/4488 4408/8503/4422
f 4472/8476/4486 4408/8503/4422 4407/8485/4421
f 4474/8504/4488 4484/8505/4498 4409/8353/4423
f 4408/8349/4422 4474/8504/4488 4409/8353/4423
f 4410/8404/4424 4409/8353/4423 4464/8506/4478
f 4247/8060/4261 4395/8320/4409 4485/8507/4499
f 4156/7982/4170 4452/8432/4466 4166/7919/4180
f 4442/8434/4456 4453/8433/4467 4428/8508/4442
f 4351/8224/4365 4441/8409/4455 4486/8509/4500
f 4229/8027/4243 4478/8491/4492 4327/8510/4341
f 4398/8328/4412 4467/8463/4481 4454/8511/4468
f 4362/8249/4376 4295/8129/4309 4469/8467/4483
f 4282/8512/4296 4429/8513/4443 4445/8514/4459
f 4298/8515/4312 4400/8516/4414 4469/8517/4483
f 4399/8333/4413 4443/8411/4457 4431/8390/4445
f 4297/8133/4311 4487/8518/4501 4415/8360/4429
f 4445/8514/4459 4488/8519/4502 4416/8441/4430
f 4233/8229/4247 4459/8520/4473 4353/8230/4367
f 4434/8393/4448 4446/8419/4460 4489/8521/4503
f 4192/8418/4206 4480/8494/4494 4446/8419/4460
f 4431/8440/4445 4490/8522/4504 4435/8395/4449
f 4435/8395/4449 4447/8470/4461 4386/8300/4400
f 4403/8339/4417 4375/8338/4389 4491/8523/4505
f 4447/8524/4461 4492/8525/4506 4056/8526/4070
f 4470/8527/4484 4404/8528/4418 4493/8529/4507
f 4389/8429/4403 4404/8340/4418 4470/8530/4484
f 4404/8340/4418 4292/8247/4306 4424/8531/4438
f 4484/8505/4498 4464/8506/4478 4409/8353/4423
f 4439/8405/4453 4277/8104/4291 4494/8532/4508
f 4495/8533/4509 4363/8408/4377 4364/8534/4378
f 4496/8535/4510 4428/8508/4442 4453/8433/4467
f 4495/8536/4509 4364/8537/4378 4497/8538/4511
f 4466/8462/4480 4330/8324/4344 4468/8465/4482
f 4498/8539/4512 4384/8296/4398 4367/8254/4381
f 4481/8540/4495 4339/8468/4353 4499/8541/4513
f 4433/8392/4447 4434/8393/4448 4500/8542/4514
f 4458/8444/4472 4482/8496/4496 4414/8394/4428
f 4374/8400/4388 4501/8543/4515 4436/8398/4450
f 4385/8299/4399 4403/8339/4417 4491/8523/4505
f 4459/8520/4473 4305/8544/4319 4502/8545/4516
f 4437/8473/4451 4470/8472/4484 4448/8546/4462
f 4503/8547/4517 4447/8470/4461 4435/8395/4449
f 4387/8548/4401 4056/8549/4070 4492/8550/4506
f 4504/8551/4518 4483/8498/4497 4436/8398/4450
f 4483/8498/4497 4505/8552/4519 4484/8500/4498
f 4404/8528/4418 4424/8553/4438 4493/8529/4507
f 4505/8552/4519 4506/8554/4520 4484/8500/4498
f 4421/8371/4435 4463/8457/4477 4507/8555/4521
f 4507/8555/4521 4463/8457/4477 4506/8556/4520
f 4484/8505/4498 4506/8557/4520 4464/8506/4478
f 4494/8558/4508 4277/8377/4291 4462/8453/4476
f 4463/8457/4477 4464/8456/4478 4506/8556/4520
f 4313/8380/4327 4348/8559/4362 4424/8381/4438
f 3960/7523/3974 4246/8059/4260 4508/8560/4522
f 3960/7523/3974 4411/8355/4425 4246/8059/4260
f 4294/8128/4308 4327/8181/4341 4477/8489/4491
f 4486/8561/4500 4367/8254/4381 4351/8225/4365
f 4467/8562/4481 4443/8411/4457 4454/8435/4468
f 4444/8416/4458 4509/8563/4523 4364/8325/4378
f 4478/8491/4492 4401/8335/4415 4482/8564/4496
f 4456/8439/4470 4432/8391/4446 4510/8565/4524
f 4499/8541/4513 4339/8468/4353 4457/8442/4471
f 4432/8391/4446 4433/8392/4447 4500/8542/4514
f 4511/8566/4525 4490/8522/4504 4431/8440/4445
f 4434/8567/4448 4512/8568/4526 4500/8569/4514
f 4434/8393/4448 4489/8521/4503 4512/8570/4526
f 4489/8521/4503 4446/8419/4460 4513/8571/4527
f 4513/8571/4527 4446/8419/4460 4480/8494/4494
f 4490/8522/4504 4514/8572/4528 4435/8395/4449
f 4490/8522/4504 4511/8566/4525 4514/8572/4528
f 4511/8573/4525 4515/8574/4529 4514/8575/4528
f 4516/8576/4530 4385/8299/4399 4517/8577/4531
f 4385/8299/4399 4491/8523/4505 4517/8577/4531
f 4518/8578/4532 4307/8579/4321 4448/8580/4462
f 4514/8572/4528 4515/8581/4529 4435/8395/4449
f 4519/8582/4533 4436/8398/4450 4501/8543/4515
f 4520/8583/4534 4304/8584/4318 4417/8585/4431
f 4520/8583/4534 4305/8544/4319 4304/8584/4318
f 4521/8586/4535 4436/8398/4450 4519/8582/4533
f 4522/8587/4536 4504/8551/4518 4436/8398/4450
f 4523/8588/4537 4388/8589/4402 4471/8590/4485
f 4524/8591/4538 4483/8498/4497 4504/8551/4518
f 4524/8592/4538 4505/8593/4519 4483/8594/4497
f 4421/8371/4435 4507/8555/4521 4525/8595/4539
f 4507/8555/4521 4506/8556/4520 4505/8593/4519
f 3960/7523/3974 4508/8560/4522 4427/8384/4441
f 4363/8408/4377 4495/8533/4509 4413/8358/4427
f 4496/8535/4510 4467/8596/4481 4428/8508/4442
f 4364/8325/4378 4509/8563/4523 4497/8597/4511
f 4382/8289/4396 4281/8291/4295 4455/8598/4469
f 4430/8388/4444 4487/8518/4501 4297/8133/4311
f 4526/8599/4540 4384/8296/4398 4498/8539/4512
f 4456/8438/4470 4527/8600/4541 4444/8416/4458
f 4488/8519/4502 4479/8492/4493 4416/8441/4430
f 4431/8601/4445 4528/8602/4542 4511/8603/4525
f 4458/8444/4472 4526/8599/4540 4482/8496/4496
f 4250/8604/4264 4529/8605/4543 4480/8606/4494
f 4530/8607/4544 4518/8608/4532 4470/8472/4484
f 4470/8472/4484 4518/8608/4532 4448/8546/4462
f 4307/8579/4321 4518/8578/4532 4419/8609/4433
f 4491/8523/4505 4531/8610/4545 4517/8577/4531
f 4515/8574/4529 4532/8611/4546 4435/8612/4449
f 4491/8523/4505 4375/8338/4389 4531/8610/4545
f 4435/8612/4449 4533/8613/4547 4503/8614/4517
f 4523/8588/4537 4524/8615/4538 4534/8616/4548
f 4534/8617/4548 4524/8591/4538 4504/8551/4518
f 4436/8398/4450 4521/8586/4535 4522/8587/4536
f 4523/8588/4537 4535/8618/4549 4524/8615/4538
f 4523/8588/4537 4471/8590/4485 4535/8618/4549
f 4471/8474/4485 4525/8595/4539 4535/8619/4549
f 4535/8619/4549 4525/8595/4539 4524/8592/4538
f 4421/8371/4435 4525/8595/4539 4471/8474/4485
f 4524/8592/4538 4525/8595/4539 4505/8593/4519
f 4505/8593/4519 4525/8595/4539 4507/8555/4521
f 4348/8559/4362 4536/8620/4550 4424/8381/4438
f 4537/8621/4551 4412/8356/4426 4026/7656/4040
f 4537/8621/4551 4293/8127/4307 4412/8356/4426
f 4538/8622/4552 4361/8248/4375 4247/8486/4261
f 4485/8507/4499 4395/8320/4409 4465/8461/4479
f 4539/8623/4553 4540/8624/4554 4261/8083/4275
f 4541/8625/4555 4453/8433/4467 4466/8462/4480
f 4542/8626/4556 4497/8597/4511 4509/8563/4523
f 4543/8627/4557 4443/8411/4457 4467/8562/4481
f 4487/8518/4501 4430/8388/4444 4329/8437/4343
f 4443/8411/4457 4528/8628/4542 4431/8390/4445
f 4544/8629/4558 4478/8630/4492 4482/8496/4496
f 4527/8631/4541 4456/8632/4470 4545/8633/4559
f 4510/8634/4524 4432/8635/4446 4500/8569/4514
f 4526/8599/4540 4458/8444/4472 4384/8296/4398
f 4400/8334/4414 4419/8368/4433 4546/8636/4560
f 4417/8365/4431 4415/8360/4429 4487/8518/4501
f 4528/8602/4542 4532/8637/4546 4511/8603/4525
f 4516/8576/4530 4250/8298/4264 4385/8299/4399
f 4512/8570/4526 4489/8521/4503 4513/8571/4527
f 4517/8577/4531 4531/8610/4545 4534/8616/4548
f 4515/8574/4529 4511/8573/4525 4532/8611/4546
f 4470/8527/4484 4493/8529/4507 4547/8638/4561
f 4532/8611/4546 4548/8639/4562 4435/8612/4449
f 4375/8338/4389 4549/8640/4563 4531/8610/4545
f 4549/8640/4563 4523/8588/4537 4531/8610/4545
f 4523/8588/4537 4534/8616/4548 4531/8610/4545
f 4435/8612/4449 4548/8639/4562 4533/8613/4547
f 4388/8589/4402 4549/8640/4563 4375/8338/4389
f 4388/8589/4402 4523/8588/4537 4549/8640/4563
f 4504/8551/4518 4522/8587/4536 4534/8617/4548
f 4521/8586/4535 4534/8617/4548 4522/8587/4536
f 4492/8641/4506 4447/8642/4461 4503/8614/4517
f 4349/8221/4363 4440/8407/4454 4261/8083/4275
f 4550/8643/4564 4441/8409/4455 4413/8358/4427
f 4551/8644/4565 4541/8625/4555 4466/8462/4480
f 4550/8643/4564 4486/8509/4500 4441/8409/4455
f 4498/8539/4512 4367/8254/4381 4526/8599/4540
f 4443/8411/4457 4543/8627/4557 4528/8628/4542
f 4457/8442/4471 4552/8645/4566 4499/8541/4513
f 4552/8645/4566 4457/8442/4471 4479/8492/4493
f 4456/8632/4470 4553/8646/4567 4545/8633/4559
f 4456/8632/4470 4510/8634/4524 4553/8646/4567
f 4554/8647/4568 4250/8604/4264 4516/8648/4530
f 4459/8520/4473 4502/8545/4516 4555/8649/4569
f 4470/8472/4484 4547/8650/4561 4556/8651/4570
f 4555/8649/4569 4502/8545/4516 4520/8583/4534
f 4557/8652/4571 4517/8577/4531 4534/8616/4548
f 4502/8545/4516 4305/8544/4319 4520/8583/4534
f 4557/8652/4571 4534/8616/4548 4558/8653/4572
f 4547/8638/4561 4493/8529/4507 4559/8654/4573
f 4348/8559/4362 4439/8655/4453 4536/8620/4550
f 4426/8383/4440 4560/8656/4574 4026/7656/4040
f 4246/8059/4260 4561/8657/4575 4508/8560/4522
f 4246/8059/4260 4361/8248/4375 4561/8657/4575
f 4477/8489/4491 4327/8181/4341 4562/8658/4576
f 4453/8433/4467 4541/8625/4555 4496/8535/4510
f 4466/8462/4480 4468/8465/4482 4551/8644/4565
f 4261/8083/4275 4540/8624/4554 4429/8386/4443
f 4469/8467/4483 4400/8659/4414 4563/8660/4577
f 4455/8661/4469 4281/8231/4295 4564/8662/4578
f 4482/8496/4496 4526/8599/4540 4544/8629/4558
f 4250/8604/4264 4554/8647/4568 4529/8605/4543
f 4528/8602/4542 4565/8663/4579 4532/8637/4546
f 4512/8568/4526 4566/8664/4580 4500/8569/4514
f 4513/8665/4527 4567/8666/4581 4512/8568/4526
f 4557/8667/4571 4516/8648/4530 4517/8668/4531
f 4534/8617/4548 4521/8586/4535 4558/8669/4572
f 4424/8553/4438 4568/8670/4582 4493/8529/4507
f 4569/8671/4583 4424/8553/4438 4536/8672/4550
f 4462/8453/4476 4439/8673/4453 4494/8558/4508
f 4426/8383/4440 3996/7594/4010 4560/8656/4574
f 4537/8621/4551 4570/8674/4584 4293/8127/4307
f 3996/8488/4010 4477/8489/4491 4571/8675/4585
f 4495/8533/4509 4497/8676/4511 4572/8677/4586
f 4496/8535/4510 4573/8678/4587 4467/8596/4481
f 4497/8597/4511 4542/8626/4556 4574/8679/4588
f 4575/8680/4589 4467/8596/4481 4573/8678/4587
f 4509/8563/4523 4444/8416/4458 4527/8600/4541
f 4527/8631/4541 4545/8633/4559 4553/8646/4567
f 4576/8681/4590 4417/8585/4431 4487/8682/4501
f 4577/8683/4591 4565/8663/4579 4528/8602/4542
f 4519/8582/4533 4501/8543/4515 4578/8684/4592
f 4555/8649/4569 4520/8583/4534 4576/8681/4590
f 4529/8605/4543 4513/8685/4527 4480/8606/4494
f 4579/8686/4593 4516/8648/4530 4557/8667/4571
f 4566/8664/4580 4512/8568/4526 4567/8666/4581
f 4558/8669/4572 4521/8586/4535 4580/8687/4594
f 4580/8687/4594 4521/8586/4535 4519/8582/4533
f 4565/8688/4579 4548/8639/4562 4532/8611/4546
f 4492/8641/4506 4503/8614/4517 4533/8613/4547
f 4439/8673/4453 4462/8453/4476 4420/8370/4434
f 4581/8689/4595 4427/8384/4441 4508/8560/4522
f 4581/8689/4595 4508/8560/4522 4561/8657/4575
f 4497/8597/4511 4574/8679/4588 4572/8690/4586
f 4467/8562/4481 4575/8691/4589 4543/8627/4557
f 4582/8692/4596 4374/8400/4388 4481/8495/4495
f 4445/8514/4459 4479/8492/4493 4488/8519/4502
f 4374/8400/4388 4582/8692/4596 4501/8543/4515
f 4353/8230/4367 4459/8520/4473 4583/8693/4597
f 4459/8520/4473 4555/8649/4569 4583/8693/4597
f 4530/8607/4544 4470/8472/4484 4556/8651/4570
f 4510/8634/4524 4500/8569/4514 4553/8646/4567
f 4419/8609/4433 4518/8578/4532 4584/8694/4598
f 4579/8686/4593 4557/8667/4571 4585/8695/4599
f 4585/8695/4599 4557/8667/4571 4558/8696/4572
f 4516/8648/4530 4579/8686/4593 4554/8647/4568
f 4500/8569/4514 4566/8664/4580 4586/8697/4600
f 4566/8664/4580 4567/8666/4581 4586/8697/4600
f 4559/8654/4573 4493/8529/4507 4568/8670/4582
f 4568/8670/4582 4424/8553/4438 4569/8671/4583
f 4569/8671/4583 4536/8672/4550 4439/8698/4453
f 4026/7656/4040 4560/8656/4574 4537/8621/4551
f 4247/8486/4261 4485/8699/4499 4538/8622/4552
f 4477/8489/4491 4587/8700/4601 4571/8675/4585
f 4477/8489/4491 4562/8658/4576 4587/8700/4601
f 4495/8533/4509 4588/8701/4602 4413/8358/4427
f 4542/8626/4556 4509/8563/4523 4574/8679/4588
f 4362/8249/4376 4469/8467/4483 4563/8660/4577
f 4327/8181/4341 4478/8702/4492 4589/8703/4603
f 4329/8184/4343 4590/8704/4604 4487/8705/4501
f 4591/8706/4605 4518/8578/4532 4530/8707/4544
f 4353/8230/4367 4583/8693/4597 4281/8231/4295
f 4530/8707/4544 4556/8708/4570 4591/8706/4605
f 4582/8692/4596 4578/8684/4592 4501/8543/4515
f 4592/8709/4606 4546/8710/4560 4593/8711/4607
f 4500/8569/4514 4594/8712/4608 4553/8646/4567
f 4520/8583/4534 4417/8585/4431 4576/8681/4590
f 4578/8684/4592 4595/8713/4609 4519/8582/4533
f 4567/8714/4581 4513/8715/4527 4596/8716/4610
f 4387/8717/4401 4597/8718/4611 4343/8719/4357
f 4343/8720/4357 4598/8721/4612 4420/8722/4434
f 4533/8723/4547 4599/8724/4613 4492/8725/4506
f 4420/8370/4434 4600/8726/4614 4439/8673/4453
f 4440/8407/4454 4539/8623/4553 4261/8083/4275
f 4362/8249/4376 4563/8660/4577 4465/8461/4479
f 4329/8184/4343 4601/8727/4615 4590/8704/4604
f 4602/8728/4616 4367/8254/4381 4486/8561/4500
f 4526/8599/4540 4367/8254/4381 4603/8729/4617
f 4481/8540/4495 4604/8730/4618 4582/8731/4596
f 4544/8629/4558 4526/8599/4540 4603/8729/4617
f 4605/8732/4619 4556/8651/4570 4547/8650/4561
f 4606/8733/4620 4579/8686/4593 4585/8695/4599
f 4579/8686/4593 4606/8733/4620 4554/8647/4568
f 4585/8695/4599 4558/8696/4572 4606/8733/4620
f 4606/8733/4620 4558/8696/4572 4607/8734/4621
f 4608/8735/4622 4513/8685/4527 4529/8605/4543
f 4519/8582/4533 4595/8713/4609 4580/8687/4594
f 4609/8736/4623 4547/8638/4561 4559/8654/4573
f 4610/8737/4624 4559/8654/4573 4568/8670/4582
f 4492/8725/4506 4611/8738/4625 4387/8739/4401
f 4612/8740/4626 4387/8717/4401 4611/8741/4625
f 4613/8742/4627 4533/8613/4547 4548/8639/4562
f 4568/8670/4582 4569/8671/4583 4610/8737/4624
f 4599/8724/4613 4611/8738/4625 4492/8725/4506
f 4598/8721/4612 4600/8743/4614 4420/8722/4434
f 4610/8737/4624 4569/8671/4583 4439/8698/4453
f 4581/8689/4595 4561/8657/4575 4361/8248/4375
f 4614/8744/4628 4570/8674/4584 4537/8621/4551
f 4615/8745/4629 4541/8625/4555 4551/8644/4565
f 4616/8746/4630 4481/8540/4495 4499/8541/4513
f 4499/8541/4513 4552/8645/4566 4617/8747/4631
f 4589/8748/4603 4478/8749/4492 4544/8750/4558
f 4618/8751/4632 4619/8752/4633 4445/8514/4459
f 4479/8492/4493 4445/8514/4459 4619/8752/4633
f 4620/8753/4634 4518/8578/4532 4591/8706/4605
f 4620/8753/4634 4584/8694/4598 4518/8578/4532
f 4621/8754/4635 4546/8710/4560 4592/8709/4606
f 4591/8706/4605 4556/8708/4570 4605/8755/4619
f 4593/8711/4607 4546/8710/4560 4419/8609/4433
f 4555/8649/4569 4576/8681/4590 4583/8693/4597
f 4578/8684/4592 4622/8756/4636 4595/8713/4609
f 4594/8712/4608 4500/8569/4514 4623/8757/4637
f 4558/8669/4572 4580/8687/4594 4607/8758/4621
f 4559/8654/4573 4610/8737/4624 4609/8736/4623
f 4612/8740/4626 4597/8718/4611 4387/8717/4401
f 4343/8719/4357 4597/8718/4611 4624/8759/4638
f 4599/8724/4613 4625/8760/4639 4611/8738/4625
f 4533/8723/4547 4626/8761/4640 4599/8724/4613
f 4626/8761/4640 4625/8760/4639 4599/8724/4613
f 4627/8762/4641 4413/8358/4427 4588/8701/4602
f 4627/8762/4641 4550/8643/4564 4413/8358/4427
f 4495/8533/4509 4572/8677/4586 4588/8701/4602
f 4628/8763/4642 4550/8643/4564 4627/8762/4641
f 4541/8625/4555 4615/8745/4629 4629/8764/4643
f 4617/8747/4631 4616/8746/4630 4499/8541/4513
f 4575/8691/4589 4630/8765/4644 4543/8627/4557
f 4429/8513/4443 4618/8751/4632 4445/8514/4459
f 4400/8766/4414 4546/8767/4560 4563/8768/4577
f 4455/8661/4469 4564/8662/4578 4468/8769/4482
f 4481/8540/4495 4616/8746/4630 4604/8730/4618
f 4617/8747/4631 4552/8645/4566 4619/8752/4633
f 4589/8770/4603 4544/8629/4558 4631/8771/4645
f 4619/8752/4633 4552/8645/4566 4479/8492/4493
f 4527/8631/4541 4553/8646/4567 4509/8772/4523
f 4487/8682/4501 4632/8773/4646 4576/8681/4590
f 4577/8683/4591 4528/8602/4542 4633/8774/4647
f 4595/8713/4609 4622/8756/4636 4580/8687/4594
f 4500/8569/4514 4586/8697/4600 4623/8757/4637
f 4567/8714/4581 4596/8716/4610 4634/8775/4648
f 4596/8716/4610 4513/8715/4527 4608/8776/4622
f 4565/8688/4579 4635/8777/4649 4548/8639/4562
f 4635/8777/4649 4613/8742/4627 4548/8639/4562
f 4624/8759/4638 4598/8778/4612 4343/8719/4357
f 4610/8737/4624 4439/8698/4453 4600/8779/4614
f 4427/8384/4441 4581/8689/4595 4636/8780/4650
f 4452/8432/4466 4601/8727/4615 4329/8184/4343
f 4541/8625/4555 4629/8764/4643 4496/8535/4510
f 4468/8465/4482 4637/8781/4651 4551/8644/4565
f 4281/8231/4295 4637/8782/4651 4564/8662/4578
f 4638/8783/4652 4553/8646/4567 4594/8712/4608
f 4607/8758/4621 4580/8687/4594 4622/8756/4636
f 4623/8757/4637 4638/8783/4652 4594/8712/4608
f 4529/8605/4543 4554/8647/4568 4639/8784/4653
f 4606/8733/4620 4607/8734/4621 4554/8647/4568
f 4640/8785/4654 4586/8786/4600 4634/8775/4648
f 4634/8775/4648 4586/8786/4600 4567/8714/4581
f 4639/8784/4653 4554/8647/4568 4641/8787/4655
f 4641/8787/4655 4554/8647/4568 4607/8734/4621
f 4642/8788/4656 4600/8789/4614 4598/8778/4612
f 4612/8740/4626 4611/8741/4625 4643/8790/4657
f 4636/8780/4650 4644/8791/4658 4427/8384/4441
f 4326/8180/4340 4645/8792/4659 4440/8407/4454
f 4646/8793/4660 4615/8745/4629 4551/8644/4565
f 4628/8763/4642 4647/8794/4661 4550/8643/4564
f 4550/8643/4564 4647/8794/4661 4486/8509/4500
f 4646/8793/4660 4551/8644/4565 4637/8781/4651
f 4618/8795/4632 4429/8386/4443 4540/8624/4554
f 4602/8728/4616 4603/8729/4617 4367/8254/4381
f 4621/8796/4635 4563/8660/4577 4546/8797/4560
f 4590/8798/4604 4632/8773/4646 4487/8682/4501
f 4584/8694/4598 4593/8711/4607 4419/8609/4433
f 4582/8692/4596 4622/8756/4636 4578/8684/4592
f 4586/8697/4600 4640/8799/4654 4623/8757/4637
f 4607/8734/4621 4648/8800/4662 4641/8787/4655
f 4649/8801/4663 4650/8802/4664 4638/8783/4652
f 4638/8783/4652 4651/8803/4665 4649/8801/4663
f 4651/8803/4665 4650/8802/4664 4649/8801/4663
f 4596/8716/4610 4608/8776/4622 4652/8804/4666
f 4653/8805/4667 4610/8737/4624 4654/8806/4668
f 4610/8737/4624 4600/8779/4614 4654/8806/4668
f 4598/8778/4612 4624/8759/4638 4655/8807/4669
f 4613/8808/4627 4626/8761/4640 4533/8723/4547
f 4625/8760/4639 4656/8809/4670 4643/8810/4657
f 4611/8738/4625 4625/8760/4639 4643/8810/4657
f 4656/8809/4670 4625/8760/4639 4626/8761/4640
f 4614/8744/4628 4537/8621/4551 4657/8811/4671
f 4658/8812/4672 4326/8460/4340 4427/8384/4441
f 4647/8794/4661 4602/8813/4616 4486/8509/4500
f 4616/8814/4630 4659/8815/4673 4604/8816/4618
f 4574/8679/4588 4509/8563/4523 4660/8817/4674
f 4633/8818/4647 4528/8628/4542 4543/8627/4557
f 4577/8683/4591 4633/8774/4647 4565/8663/4579
f 4529/8605/4543 4639/8784/4653 4661/8819/4675
f 4529/8605/4543 4661/8819/4675 4608/8735/4622
f 4651/8803/4665 4638/8783/4652 4623/8757/4637
f 4651/8803/4665 4623/8757/4637 4640/8799/4654
f 4648/8800/4662 4662/8820/4676 4641/8787/4655
f 4596/8716/4610 4663/8821/4677 4634/8775/4648
f 4650/8802/4664 4651/8803/4665 4664/8822/4678
f 4651/8803/4665 4665/8823/4679 4664/8822/4678
f 4596/8716/4610 4652/8804/4666 4663/8821/4677
f 4608/8776/4622 4666/8824/4680 4652/8804/4666
f 4664/8822/4678 4667/8825/4681 4650/8802/4664
f 4664/8822/4678 4668/8826/4682 4667/8825/4681
f 4664/8822/4678 4665/8823/4679 4668/8826/4682
f 4652/8804/4666 4666/8824/4680 4669/8827/4683
f 4652/8804/4666 4670/8828/4684 4663/8821/4677
f 4652/8804/4666 4669/8827/4683 4670/8828/4684
f 4654/8829/4668 4600/8789/4614 4642/8788/4656
f 4612/8740/4626 4671/8830/4685 4597/8718/4611
f 4598/8778/4612 4655/8807/4669 4642/8788/4656
f 4612/8740/4626 4672/8831/4686 4671/8830/4685
f 4643/8790/4657 4672/8831/4686 4612/8740/4626
f 4361/8248/4375 4636/8780/4650 4581/8689/4595
f 4440/8407/4454 4645/8792/4659 4673/8832/4687
f 4440/8407/4454 4673/8832/4687 4539/8623/4553
f 4327/8181/4341 4674/8833/4688 4562/8658/4576
f 4592/8709/4606 4675/8834/4689 4621/8754/4635
f 4281/8231/4295 4583/8693/4597 4637/8782/4651
f 4543/8627/4557 4630/8765/4644 4633/8818/4647
f 4605/8835/4619 4547/8836/4561 4676/8837/4690
f 4583/8693/4597 4576/8681/4590 4632/8773/4646
f 4553/8646/4567 4638/8783/4652 4677/8838/4691
f 4609/8736/4623 4678/8839/4692 4547/8638/4561
f 4653/8805/4667 4609/8736/4623 4610/8737/4624
f 4640/8799/4654 4679/8840/4693 4651/8803/4665
f 4608/8841/4622 4680/8842/4694 4666/8843/4680
f 4641/8787/4655 4662/8820/4676 4639/8784/4653
f 4663/8821/4677 4666/8824/4680 4634/8775/4648
f 4651/8844/4665 4679/8845/4693 4665/8846/4679
f 4667/8825/4681 4681/8847/4695 4650/8802/4664
f 4665/8846/4679 4679/8845/4693 4682/8848/4696
f 4663/8821/4677 4683/8849/4697 4666/8824/4680
f 4683/8849/4697 4684/8850/4698 4666/8824/4680
f 4666/8824/4680 4684/8850/4698 4669/8827/4683
f 4667/8825/4681 4668/8826/4682 4681/8847/4695
f 4682/8848/4696 4681/8851/4695 4668/8852/4682
f 4665/8846/4679 4682/8848/4696 4668/8852/4682
f 4663/8821/4677 4670/8828/4684 4683/8849/4697
f 4669/8827/4683 4683/8849/4697 4670/8828/4684
f 4669/8827/4683 4684/8850/4698 4683/8849/4697
f 4671/8830/4685 4624/8759/4638 4597/8718/4611
f 4656/8809/4670 4672/8853/4686 4643/8810/4657
f 4560/8656/4574 4657/8811/4671 4537/8621/4551
f 4657/8811/4671 4570/8674/4584 4614/8744/4628
f 4685/8854/4699 4540/8624/4554 4539/8623/4553
f 4686/8855/4700 4615/8745/4629 4646/8793/4660
f 4616/8814/4630 4687/8856/4701 4659/8815/4673
f 4604/8730/4618 4659/8857/4673 4582/8731/4596
f 4564/8662/4578 4637/8782/4651 4468/8769/4482
f 4553/8646/4567 4677/8838/4691 4509/8772/4523
f 4609/8736/4623 4653/8805/4667 4678/8839/4692
f 4608/8841/4622 4688/8858/4702 4680/8842/4694
f 4608/8735/4622 4661/8819/4675 4688/8859/4702
f 4640/8785/4654 4634/8775/4648 4679/8845/4693
f 4639/8784/4653 4662/8820/4676 4661/8819/4675
f 4650/8802/4664 4681/8847/4695 4689/8860/4703
f 4666/8824/4680 4680/8861/4694 4634/8775/4648
f 4679/8845/4693 4681/8851/4695 4682/8848/4696
f 4689/8862/4703 4681/8851/4695 4679/8845/4693
f 4672/8831/4686 4690/8863/4704 4671/8830/4685
f 4671/8830/4685 4690/8863/4704 4624/8759/4638
f 4626/8761/4640 4691/8864/4705 4656/8809/4670
f 3996/8488/4010 4571/8675/4585 4560/8865/4574
f 4636/8780/4650 4361/8248/4375 4692/8866/4706
f 4293/8127/4307 4570/8674/4584 4476/8487/4490
f 4615/8745/4629 4693/8867/4707 4694/8868/4708
f 4327/8181/4341 4589/8703/4603 4674/8833/4688
f 4465/8461/4479 4563/8660/4577 4695/8869/4709
f 4616/8814/4630 4617/8870/4631 4696/8871/4710
f 4617/8870/4631 4619/8872/4633 4696/8871/4710
f 4659/8815/4673 4687/8856/4701 4582/8873/4596
f 4591/8874/4605 4697/8875/4711 4620/8876/4634
f 4697/8877/4711 4584/8694/4598 4620/8753/4634
f 4591/8878/4605 4605/8879/4619 4698/8880/4712
f 4544/8629/4558 4603/8729/4617 4631/8771/4645
f 4603/8729/4617 4699/8881/4713 4631/8771/4645
f 4593/8711/4607 4584/8694/4598 4700/8882/4714
f 4607/8758/4621 4622/8756/4636 4648/8883/4662
f 4638/8783/4652 4650/8802/4664 4701/8884/4715
f 4679/8845/4693 4634/8775/4648 4702/8885/4716
f 4691/8864/4705 4672/8853/4686 4656/8809/4670
f 4361/8248/4375 4538/8622/4552 4692/8866/4706
f 4615/8745/4629 4694/8868/4708 4629/8764/4643
f 4496/8535/4510 4629/8764/4643 4573/8678/4587
f 4592/8709/4606 4700/8882/4714 4675/8834/4689
f 4593/8711/4607 4700/8882/4714 4592/8709/4606
f 4583/8693/4597 4703/8886/4717 4637/8782/4651
f 4547/8638/4561 4678/8839/4692 4676/8887/4690
f 4678/8839/4692 4653/8805/4667 4704/8888/4718
f 4654/8806/4668 4704/8888/4718 4653/8805/4667
f 4688/8859/4702 4705/8889/4719 4680/8890/4694
f 4661/8819/4675 4705/8889/4719 4688/8859/4702
f 4661/8819/4675 4662/8820/4676 4705/8889/4719
f 4689/8860/4703 4701/8884/4715 4650/8802/4664
f 4634/8775/4648 4680/8861/4694 4702/8885/4716
f 4613/8808/4627 4691/8864/4705 4626/8761/4640
f 4636/8780/4650 4692/8866/4706 4644/8791/4658
f 4465/8461/4479 4695/8869/4709 4706/8891/4720
f 4707/8892/4721 4647/8893/4661 4627/8894/4641
f 4615/8895/4629 4686/8896/4700 4693/8897/4707
f 4540/8624/4554 4685/8854/4699 4618/8795/4632
f 4589/8898/4603 4708/8899/4722 4674/8900/4688
f 4631/8901/4645 4708/8899/4722 4589/8898/4603
f 4602/8728/4616 4699/8881/4713 4603/8729/4617
f 4622/8756/4636 4582/8692/4596 4709/8902/4723
f 4638/8783/4652 4710/8903/4724 4677/8838/4691
f 4711/8904/4725 4635/8905/4649 4565/8663/4579
f 4712/8906/4726 4701/8907/4715 4689/8862/4703
f 4712/8906/4726 4689/8862/4703 4679/8845/4693
f 4702/8885/4716 4680/8861/4694 4712/8906/4726
f 4712/8906/4726 4679/8845/4693 4702/8885/4716
f 4485/8507/4499 4465/8461/4479 4706/8891/4720
f 4713/8908/4727 4588/8701/4602 4572/8677/4586
f 4628/8763/4642 4627/8762/4641 4647/8794/4661
f 4694/8868/4708 4573/8678/4587 4629/8764/4643
f 4695/8869/4709 4563/8660/4577 4714/8909/4728
f 4647/8893/4661 4715/8910/4729 4602/8911/4616
f 4686/8855/4700 4646/8793/4660 4637/8781/4651
f 4716/8912/4730 4696/8871/4710 4619/8872/4633
f 4676/8913/4690 4698/8880/4712 4605/8879/4619
f 4717/8914/4731 4675/8915/4689 4700/8916/4714
f 4590/8798/4604 4718/8917/4732 4632/8773/4646
f 4719/8918/4733 4582/8873/4596 4687/8856/4701
f 4632/8773/4646 4703/8886/4717 4583/8693/4597
f 4710/8919/4724 4638/8920/4652 4701/8907/4715
f 4720/8921/4734 4704/8888/4718 4654/8806/4668
f 4721/8922/4735 4662/8820/4676 4648/8800/4662
f 4705/8889/4719 4662/8820/4676 4721/8922/4735
f 4691/8864/4705 4722/8923/4736 4672/8853/4686
f 4690/8924/4704 4672/8853/4686 4722/8923/4736
f 4624/8759/4638 4690/8863/4704 4655/8807/4669
f 4560/8656/4574 4570/8674/4584 4657/8811/4671
f 4723/8925/4737 4692/8866/4706 4538/8622/4552
f 4687/8856/4701 4616/8814/4630 4724/8926/4738
f 4725/8927/4739 4616/8814/4630 4696/8871/4710
f 4676/8913/4690 4591/8878/4605 4698/8880/4712
f 4719/8918/4733 4709/8928/4723 4582/8873/4596
f 4711/8904/4725 4565/8663/4579 4633/8774/4647
f 4654/8806/4668 4642/8929/4656 4720/8921/4734
f 4711/8930/4725 4613/8808/4627 4635/8931/4649
f 4587/8700/4601 4726/8932/4740 4571/8675/4585
f 4588/8701/4602 4713/8908/4727 4727/8933/4741
f 4573/8678/4587 4694/8868/4708 4728/8934/4742
f 4696/8935/4710 4716/8936/4730 4725/8937/4739
f 4563/8660/4577 4621/8796/4635 4714/8909/4728
f 4584/8694/4598 4697/8877/4711 4700/8882/4714
f 4729/8938/4743 4719/8918/4733 4687/8856/4701
f 4676/8913/4690 4678/8939/4692 4730/8940/4744
f 4622/8756/4636 4709/8902/4723 4731/8941/4745
f 4678/8839/4692 4704/8888/4718 4732/8942/4746
f 4712/8906/4726 4710/8919/4724 4701/8907/4715
f 4680/8861/4694 4733/8943/4747 4712/8906/4726
f 4711/8930/4725 4691/8864/4705 4613/8808/4627
f 4655/8807/4669 4734/8944/4748 4642/8788/4656
f 4692/8866/4706 4723/8925/4737 4644/8791/4658
f 4644/8791/4658 4658/8812/4672 4427/8384/4441
f 4562/8658/4576 4726/8932/4740 4587/8700/4601
f 4452/8432/4466 4476/8490/4490 4735/8945/4749
f 4539/8623/4553 4736/8946/4750 4685/8854/4699
f 4574/8947/4588 4737/8948/4751 4572/8677/4586
f 4573/8678/4587 4728/8934/4742 4575/8680/4589
f 4725/8927/4739 4724/8926/4738 4616/8814/4630
f 4618/8949/4632 4716/8936/4730 4619/8950/4633
f 4591/8874/4605 4700/8951/4714 4697/8875/4711
f 4678/8939/4692 4738/8952/4752 4730/8940/4744
f 4633/8774/4647 4630/8953/4644 4711/8904/4725
f 4712/8906/4726 4733/8943/4747 4710/8919/4724
f 4705/8889/4719 4721/8922/4735 4739/8954/4753
f 4690/8863/4704 4740/8955/4754 4655/8807/4669
f 4560/8656/4574 4741/8956/4755 4570/8674/4584
f 4570/8957/4584 4742/8958/4756 4476/8490/4490
f 4452/8432/4466 4735/8945/4749 4601/8727/4615
f 4647/8893/4661 4743/8959/4757 4715/8910/4729
f 4618/8949/4632 4685/8960/4699 4716/8936/4730
f 4509/8563/4523 4677/8961/4691 4660/8817/4674
f 4678/8939/4692 4732/8962/4746 4738/8952/4752
f 4622/8756/4636 4731/8941/4745 4648/8883/4662
f 4705/8963/4719 4733/8943/4747 4680/8861/4694
f 4733/8943/4747 4744/8964/4758 4710/8919/4724
f 4326/8180/4340 4658/8965/4672 4645/8792/4659
f 4647/8893/4661 4707/8892/4721 4743/8959/4757
f 4694/8966/4708 4745/8967/4759 4728/8968/4742
f 4621/8969/4635 4675/8915/4689 4714/8970/4728
f 4704/8888/4718 4720/8921/4734 4732/8942/4746
f 4741/8971/4755 4742/8958/4756 4570/8957/4584
f 4637/8782/4651 4746/8972/4760 4747/8973/4761
f 4729/8938/4743 4748/8974/4762 4719/8918/4733
f 4718/8917/4732 4749/8975/4763 4632/8773/4646
f 4746/8972/4760 4703/8886/4717 4632/8773/4646
f 4710/8919/4724 4750/8976/4764 4677/8977/4691
f 4732/8962/4746 4751/8978/4765 4752/8979/4766
f 4732/8942/4746 4720/8921/4734 4751/8980/4765
f 4710/8919/4724 4744/8964/4758 4750/8976/4764
f 4722/8981/4736 4740/8955/4754 4690/8863/4704
f 4655/8807/4669 4740/8955/4754 4734/8944/4748
f 4601/8727/4615 4735/8945/4749 4753/8982/4767
f 4694/8966/4708 4693/8983/4707 4754/8984/4768
f 4591/8874/4605 4717/8985/4731 4700/8951/4714
f 4715/8986/4729 4755/8987/4769 4602/8728/4616
f 4756/8988/4770 4676/8913/4690 4730/8940/4744
f 4755/8987/4769 4699/8881/4713 4602/8728/4616
f 4637/8782/4651 4703/8886/4717 4746/8972/4760
f 4738/8952/4752 4732/8962/4746 4752/8979/4766
f 4711/8930/4725 4757/8989/4771 4691/8864/4705
f 4734/8944/4748 4720/8990/4734 4642/8788/4656
f 4539/8623/4553 4673/8832/4687 4645/8792/4659
f 4737/8948/4751 4713/8908/4727 4572/8677/4586
f 4737/8948/4751 4574/8947/4588 4660/8991/4674
f 4758/8992/4772 4759/8993/4773 4575/8680/4589
f 4575/8994/4589 4759/8995/4773 4630/8996/4644
f 4733/8997/4747 4705/8889/4719 4739/8954/4753
f 4731/8998/4745 4721/8922/4735 4648/8800/4662
f 4644/8791/4658 4723/8925/4737 4760/8999/4774
f 4723/8925/4737 4538/8622/4552 4760/8999/4774
f 4560/8865/4574 4742/8958/4756 4741/8971/4755
f 4627/8762/4641 4588/8701/4602 4707/9000/4721
f 4755/9001/4769 4715/8910/4729 4743/8959/4757
f 4753/8982/4767 4590/8704/4604 4601/8727/4615
f 4717/8914/4731 4714/8970/4728 4675/8915/4689
f 4709/8928/4723 4761/9002/4775 4731/9003/4745
f 4720/9004/4734 4762/9005/4776 4751/8978/4765
f 4711/8930/4725 4630/9006/4644 4763/9007/4777
f 4739/8954/4753 4721/8922/4735 4764/9008/4778
f 4691/8864/4705 4757/8989/4771 4722/8923/4736
f 4765/9009/4779 4760/8999/4774 4538/8622/4552
f 4727/9010/4741 4713/9011/4727 4766/9012/4780
f 4714/8909/4728 4706/8891/4720 4695/8869/4709
f 4716/8936/4730 4724/9013/4738 4725/8937/4739
f 4747/9014/4761 4686/8896/4700 4637/9015/4651
f 4575/8680/4589 4728/8934/4742 4758/8992/4772
f 4731/9016/4745 4764/9017/4778 4721/9018/4735
f 4726/8932/4740 4562/8658/4576 4674/8833/4688
f 4727/9010/4741 4766/9012/4780 4588/9019/4602
f 4685/8960/4699 4736/9020/4750 4716/8936/4730
f 4753/9021/4767 4749/9022/4763 4590/9023/4604
f 4718/9024/4732 4590/9023/4604 4749/9022/4763
f 4746/9025/4760 4632/9026/4646 4749/9022/4763
f 4767/9027/4781 4719/8918/4733 4748/8974/4762
f 4756/8988/4770 4738/8952/4752 4768/9028/4782
f 4756/8988/4770 4730/8940/4744 4738/8952/4752
f 4757/8989/4771 4711/8930/4725 4763/9007/4777
f 4754/8984/4768 4745/8967/4759 4694/8966/4708
f 4769/9029/4783 4687/8856/4701 4724/8926/4738
f 4745/8967/4759 4758/9030/4772 4728/8968/4742
f 4747/8973/4761 4746/8972/4760 4770/9031/4784
f 4767/9027/4781 4709/8928/4723 4719/8918/4733
f 4768/9028/4782 4738/8952/4752 4752/8979/4766
f 4750/9032/4764 4771/9033/4785 4677/9034/4691
f 4733/9035/4747 4739/9036/4753 4772/9037/4786
f 4687/8856/4701 4769/9029/4783 4748/8974/4762
f 4773/9038/4787 4686/8896/4700 4747/9014/4761
f 4708/8899/4722 4631/8901/4645 4774/9039/4788
f 4774/9040/4788 4699/8881/4713 4755/8987/4769
f 4660/9041/4674 4775/9042/4789 4737/9043/4751
f 4750/9032/4764 4744/9044/4758 4771/9033/4785
f 4733/9035/4747 4772/9037/4786 4744/9044/4758
f 4762/9005/4776 4720/9004/4734 4734/9045/4748
f 4538/8622/4552 4485/8699/4499 4765/9009/4779
f 4476/8490/4490 4776/9046/4790 4735/8945/4749
f 4777/9047/4791 4743/8959/4757 4707/8892/4721
f 4716/8936/4730 4736/9020/4750 4724/9013/4738
f 4687/8856/4701 4748/8974/4762 4729/8938/4743
f 4631/8771/4645 4699/8881/4713 4774/9040/4788
f 4709/8928/4723 4778/9048/4792 4761/9002/4775
f 4772/9037/4786 4779/9049/4793 4744/9044/4758
f 4780/9050/4794 4772/9037/4786 4739/9036/4753
f 4658/8812/4672 4644/8791/4658 4781/9051/4795
f 4560/8865/4574 4571/8675/4585 4782/9052/4796
f 4707/8892/4721 4588/9019/4602 4783/9053/4797
f 4677/8961/4691 4784/9054/4798 4660/8817/4674
f 4752/8979/4766 4785/9055/4799 4786/9056/4800
f 4778/9048/4792 4731/9003/4745 4761/9002/4775
f 4751/8978/4765 4785/9055/4799 4752/8979/4766
f 4771/9033/4785 4744/9044/4758 4779/9049/4793
f 4764/9057/4778 4780/9050/4794 4739/9036/4753
f 4645/8792/4659 4736/8946/4750 4539/8623/4553
f 4693/8897/4707 4686/8896/4700 4773/9038/4787
f 4714/8970/4728 4717/8914/4731 4787/9058/4801
f 4788/9059/4802 4717/8914/4731 4591/9060/4605
f 4788/9061/4802 4676/8913/4690 4756/8988/4770
f 4788/9061/4802 4591/8878/4605 4676/8913/4690
f 4784/9062/4798 4775/9042/4789 4660/9041/4674
f 4752/8979/4766 4786/9056/4800 4768/9028/4782
f 4789/9063/4803 4763/9064/4777 4630/9065/4644
f 4763/9066/4777 4789/9067/4803 4790/9068/4804
f 4731/9016/4745 4791/9069/4805 4764/9017/4778
f 4790/9070/4804 4757/9071/4771 4763/9072/4777
f 4644/8791/4658 4760/8999/4774 4792/9073/4806
f 4726/8932/4740 4782/9052/4796 4571/8675/4585
f 4742/8958/4756 4776/9046/4790 4476/8490/4490
f 4777/9047/4791 4755/9001/4769 4743/8959/4757
f 4674/8900/4688 4708/8899/4722 4774/9039/4788
f 4773/9038/4787 4747/9014/4761 4770/9074/4784
f 4767/9027/4781 4778/9048/4792 4709/8928/4723
f 4778/9048/4792 4791/9075/4805 4731/9003/4745
f 4762/9005/4776 4793/9076/4807 4751/8978/4765
f 4740/9077/4754 4794/9078/4808 4734/9079/4748
f 4734/9079/4748 4795/9080/4809 4762/9081/4776
f 4760/8999/4774 4765/9009/4779 4792/9073/4806
f 4742/8958/4756 4560/8865/4574 4776/9046/4790
f 4658/8965/4672 4796/9082/4810 4645/8792/4659
f 4717/8914/4731 4788/9059/4802 4787/9058/4801
f 4753/9021/4767 4797/9083/4811 4749/9022/4763
f 4737/9043/4751 4775/9042/4789 4713/9084/4727
f 4748/8974/4762 4798/9085/4812 4767/9027/4781
f 4758/9086/4772 4799/9087/4813 4759/8995/4773
f 4784/9062/4798 4677/9088/4691 4771/9089/4785
f 4560/8865/4574 4782/9052/4796 4800/9090/4814
f 4706/8891/4720 4765/9091/4779 4485/8507/4499
f 4714/8970/4728 4801/9092/4815 4706/9093/4720
f 4713/9011/4727 4802/9094/4816 4766/9012/4780
f 4787/9058/4801 4801/9092/4815 4714/8970/4728
f 4768/9028/4782 4786/9056/4800 4756/8988/4770
f 4767/9027/4781 4798/9085/4812 4778/9048/4792
f 4722/9095/4736 4803/9096/4817 4740/9077/4754
f 4795/9080/4809 4734/9079/4748 4794/9078/4808
f 4804/9097/4818 4724/9013/4738 4736/9020/4750
f 4756/9098/4770 4805/9099/4819 4788/9059/4802
f 4749/9022/4763 4797/9083/4811 4746/9025/4760
f 4745/9100/4759 4799/9087/4813 4758/9086/4772
f 4806/9101/4820 4791/9075/4805 4778/9048/4792
f 4791/9075/4805 4807/9102/4821 4764/9103/4778
f 4751/8978/4765 4793/9076/4807 4808/9104/4822
f 4751/8978/4765 4808/9104/4822 4785/9055/4799
f 4803/9096/4817 4809/9105/4823 4740/9077/4754
f 4776/9046/4790 4560/8865/4574 4800/9090/4814
f 4781/9051/4795 4644/8791/4658 4792/9073/4806
f 4736/9020/4750 4645/9106/4659 4804/9097/4818
f 4777/9107/4791 4810/9108/4824 4755/9109/4769
f 4811/9110/4825 4713/9084/4727 4775/9042/4789
f 4789/9067/4803 4759/8995/4773 4799/9087/4813
f 4759/8995/4773 4789/9067/4803 4630/8996/4644
f 4806/9101/4820 4778/9048/4792 4798/9085/4812
f 4812/9111/4826 4791/9075/4805 4806/9101/4820
f 4757/9071/4771 4813/9112/4827 4722/9095/4736
f 4809/9105/4823 4794/9078/4808 4740/9077/4754
f 4658/8812/4672 4814/9113/4828 4796/9114/4810
f 4674/8900/4688 4815/9115/4829 4726/9116/4740
f 4755/9109/4769 4810/9108/4824 4774/9039/4788
f 4773/9038/4787 4816/9117/4830 4693/8897/4707
f 4779/9049/4793 4817/9118/4831 4771/9033/4785
f 4764/9057/4778 4807/9119/4821 4780/9050/4794
f 4722/9095/4736 4813/9112/4827 4803/9096/4817
f 4781/9051/4795 4814/9113/4828 4658/8812/4672
f 4777/9047/4791 4707/8892/4721 4818/9120/4832
f 4588/9019/4602 4766/9012/4780 4783/9053/4797
f 4713/9084/4727 4811/9110/4825 4802/9121/4816
f 4745/9100/4759 4819/9122/4833 4820/9123/4834
f 4748/8974/4762 4821/9124/4835 4798/9085/4812
f 4785/9055/4799 4808/9104/4822 4786/9056/4800
f 4812/9111/4826 4807/9102/4821 4791/9075/4805
f 4780/9050/4794 4807/9119/4821 4822/9125/4836
f 4790/9070/4804 4823/9126/4837 4757/9071/4771
f 4816/9117/4830 4824/9127/4838 4693/8897/4707
f 4786/9056/4800 4825/9128/4839 4756/8988/4770
f 4826/9129/4840 4771/9089/4785 4817/9130/4831
f 4827/9131/4841 4817/9118/4831 4779/9049/4793
f 4772/9037/4786 4780/9050/4794 4822/9125/4836
f 4793/9076/4807 4828/9132/4842 4808/9104/4822
f 4815/9115/4829 4782/9133/4796 4726/9116/4740
f 4674/8900/4688 4774/9039/4788 4815/9115/4829
f 4819/9134/4833 4745/8967/4759 4754/8984/4768
f 4770/9135/4784 4829/9136/4843 4773/9137/4787
f 4820/9123/4834 4799/9087/4813 4745/9100/4759
f 4830/9138/4844 4756/8988/4770 4825/9128/4839
f 4775/9042/4789 4784/9062/4798 4771/9089/4785
f 4825/9128/4839 4786/9056/4800 4808/9104/4822
f 4799/9087/4813 4790/9068/4804 4789/9067/4803
f 4779/9049/4793 4772/9037/4786 4827/9131/4841
f 4796/9082/4810 4804/9139/4818 4645/8792/4659
f 4706/9093/4720 4801/9092/4815 4831/9140/4845
f 4772/9037/4786 4832/9141/4846 4827/9131/4841
f 4823/9126/4837 4813/9112/4827 4757/9071/4771
f 4833/9142/4847 4794/9078/4808 4809/9105/4823
f 4794/9078/4808 4833/9142/4847 4795/9080/4809
f 4693/8983/4707 4834/9143/4848 4754/8984/4768
f 4748/8974/4762 4769/9029/4783 4821/9124/4835
f 4808/9104/4822 4835/9144/4849 4825/9128/4839
f 4826/9129/4840 4817/9130/4831 4836/9145/4850
f 4808/9104/4822 4828/9132/4842 4837/9146/4851
f 4793/9076/4807 4838/9147/4852 4828/9132/4842
f 4762/9005/4776 4838/9147/4852 4793/9076/4807
f 4795/9148/4809 4838/9147/4852 4762/9005/4776
f 4795/9080/4809 4833/9142/4847 4838/9149/4852
f 4753/9021/4767 4839/9150/4853 4797/9083/4811
f 4774/9039/4788 4810/9108/4824 4840/9151/4854
f 4693/8897/4707 4824/9127/4838 4834/9152/4848
f 4773/9137/4787 4829/9136/4843 4816/9153/4830
f 4825/9128/4839 4835/9144/4849 4830/9138/4844
f 4771/9089/4785 4826/9129/4840 4841/9154/4855
f 4812/9155/4826 4842/9156/4856 4807/9157/4821
f 4822/9125/4836 4807/9119/4821 4842/9158/4856
f 4822/9125/4836 4832/9141/4846 4772/9037/4786
f 4781/9051/4795 4792/9073/4806 4843/9159/4857
f 4765/9009/4779 4843/9159/4857 4792/9073/4806
f 4774/9039/4788 4840/9151/4854 4815/9115/4829
f 4805/9160/4819 4756/8988/4770 4830/9138/4844
f 4770/9135/4784 4746/9025/4760 4829/9136/4843
f 4809/9105/4823 4803/9096/4817 4844/9161/4858
f 4821/9124/4835 4806/9101/4820 4798/9085/4812
f 4827/9131/4841 4832/9141/4846 4817/9118/4831
f 4845/9162/4859 4803/9163/4817 4813/9164/4827
f 4782/9052/4796 4846/9165/4860 4800/9090/4814
f 4847/9166/4861 4769/9167/4783 4724/9013/4738
f 4797/9083/4811 4848/9168/4862 4746/9025/4760
f 4775/9042/4789 4771/9089/4785 4849/9169/4863
f 4833/9142/4847 4844/9161/4858 4850/9170/4864
f 4833/9142/4847 4809/9105/4823 4844/9161/4858
f 4803/9096/4817 4845/9171/4859 4844/9161/4858
f 4735/9172/4749 4839/9150/4853 4753/9021/4767
f 4804/9097/4818 4851/9173/4865 4724/9013/4738
f 4783/9053/4797 4818/9120/4832 4707/8892/4721
f 4830/9138/4844 4835/9144/4849 4805/9160/4819
f 4746/9025/4760 4848/9168/4862 4829/9136/4843
f 4811/9110/4825 4775/9042/4789 4852/9174/4866
f 4821/9175/4835 4853/9176/4867 4806/9177/4820
f 4823/9178/4837 4845/9162/4859 4813/9164/4827
f 4833/9142/4847 4850/9170/4864 4838/9149/4852
f 4765/9009/4779 4706/9179/4720 4854/9180/4868
f 4820/9123/4834 4855/9181/4869 4799/9087/4813
f 4771/9089/4785 4841/9154/4855 4849/9169/4863
f 4808/9104/4822 4837/9146/4851 4835/9144/4849
f 4856/9182/4870 4832/9141/4846 4822/9125/4836
f 4823/9178/4837 4857/9183/4871 4845/9162/4859
f 4776/9046/4790 4858/9184/4872 4735/8945/4749
f 4851/9173/4865 4847/9166/4861 4724/9013/4738
f 4802/9121/4816 4859/9185/4873 4766/9186/4780
f 4802/9121/4816 4860/9187/4874 4859/9185/4873
f 4860/9187/4874 4802/9121/4816 4811/9110/4825
f 4849/9169/4863 4841/9154/4855 4861/9188/4875
f 4832/9189/4846 4836/9145/4850 4817/9130/4831
f 4858/9184/4872 4776/9046/4790 4800/9090/4814
f 4840/9151/4854 4810/9108/4824 4777/9107/4791
f 4859/9190/4873 4783/9053/4797 4766/9012/4780
f 4811/9110/4825 4862/9191/4876 4860/9187/4874
f 4811/9110/4825 4852/9174/4866 4862/9191/4876
f 4812/9155/4826 4806/9177/4820 4853/9176/4867
f 4863/9192/4877 4835/9193/4849 4837/9194/4851
f 4843/9159/4857 4864/9195/4878 4781/9051/4795
f 4800/9090/4814 4846/9165/4860 4858/9184/4872
f 4865/9196/4879 4735/9172/4749 4858/9197/4872
f 4831/9140/4845 4854/9198/4868 4706/9093/4720
f 4783/9053/4797 4866/9199/4880 4818/9120/4832
f 4866/9199/4880 4783/9053/4797 4859/9190/4873
f 4821/9200/4835 4769/9201/4783 4867/9202/4881
f 4812/9155/4826 4853/9176/4867 4842/9156/4856
f 4790/9068/4804 4868/9203/4882 4823/9178/4837
f 4828/9204/4842 4838/9205/4852 4869/9206/4883
f 4782/9052/4796 4870/9207/4884 4846/9165/4860
f 4782/9133/4796 4871/9208/4885 4870/9209/4884
f 4781/9051/4795 4864/9195/4878 4814/9113/4828
f 4815/9115/4829 4871/9208/4885 4782/9133/4796
f 4870/9207/4884 4858/9184/4872 4846/9165/4860
f 4851/9173/4865 4804/9097/4818 4796/9210/4810
f 4840/9151/4854 4872/9211/4886 4815/9115/4829
f 4819/9122/4833 4873/9212/4887 4820/9123/4834
f 4837/9194/4851 4828/9204/4842 4863/9192/4877
f 4836/9213/4850 4832/9214/4846 4856/9215/4870
f 4823/9178/4837 4868/9203/4882 4857/9183/4871
f 4850/9216/4864 4869/9206/4883 4838/9205/4852
f 4865/9196/4879 4874/9217/4888 4735/9172/4749
f 4754/9218/4768 4834/9219/4848 4873/9212/4887
f 4788/9059/4802 4805/9099/4819 4787/9058/4801
f 4873/9212/4887 4819/9122/4833 4754/9218/4768
f 4845/9220/4859 4875/9221/4889 4844/9222/4858
f 4876/9223/4890 4843/9159/4857 4765/9009/4779
f 4765/9009/4779 4854/9180/4868 4876/9223/4890
f 4775/9042/4789 4849/9169/4863 4852/9174/4866
f 4826/9129/4840 4861/9188/4875 4841/9154/4855
f 4799/9087/4813 4868/9203/4882 4790/9068/4804
f 4877/9224/4891 4858/9197/4872 4870/9209/4884
f 4858/9197/4872 4877/9224/4891 4865/9196/4879
f 4874/9217/4888 4839/9150/4853 4735/9172/4749
f 4777/9107/4791 4818/9225/4832 4840/9151/4854
f 4820/9123/4834 4873/9212/4887 4855/9181/4869
f 4814/9113/4828 4864/9195/4878 4876/9223/4890
f 4870/9209/4884 4871/9208/4885 4877/9224/4891
f 4867/9226/4881 4853/9176/4867 4821/9175/4835
f 4836/9213/4850 4856/9215/4870 4826/9227/4840
f 4863/9192/4877 4828/9204/4842 4869/9206/4883
f 4815/9115/4829 4878/9228/4892 4871/9208/4885
f 4871/9208/4885 4865/9196/4879 4877/9224/4891
f 4871/9208/4885 4879/9229/4893 4865/9196/4879
f 4843/9159/4857 4876/9223/4890 4864/9195/4878
f 4815/9115/4829 4872/9211/4886 4878/9228/4892
f 4860/9187/4874 4862/9191/4876 4859/9185/4873
f 4852/9174/4866 4849/9169/4863 4862/9191/4876
f 4880/9230/4894 4868/9203/4882 4799/9087/4813
f 4814/9231/4828 4881/9232/4895 4796/9210/4810
f 4839/9150/4853 4848/9168/4862 4797/9083/4811
f 4829/9136/4843 4848/9168/4862 4816/9153/4830
f 4805/9099/4819 4882/9233/4896 4787/9058/4801
f 4862/9191/4876 4883/9234/4897 4859/9185/4873
f 4884/9235/4898 4880/9230/4894 4799/9087/4813
f 4879/9229/4893 4874/9217/4888 4865/9196/4879
f 4769/9201/4783 4847/9236/4861 4867/9202/4881
f 4822/9237/4836 4842/9238/4856 4856/9215/4870
f 4868/9203/4882 4880/9230/4894 4857/9183/4871
f 4844/9161/4858 4869/9239/4883 4850/9170/4864
f 4814/9231/4828 4885/9240/4899 4881/9232/4895
f 4814/9231/4828 4876/9241/4890 4885/9240/4899
f 4874/9217/4888 4848/9168/4862 4839/9150/4853
f 4801/9092/4815 4787/9058/4801 4831/9140/4845
f 4835/9193/4849 4886/9242/4900 4805/9243/4819
f 4835/9193/4849 4863/9192/4877 4886/9242/4900
f 4866/9244/4880 4859/9185/4873 4883/9234/4897
f 4862/9191/4876 4887/9245/4901 4883/9234/4897
f 4862/9191/4876 4849/9169/4863 4887/9245/4901
f 4842/9156/4856 4853/9176/4867 4888/9246/4902
f 4799/9087/4813 4855/9181/4869 4884/9235/4898
f 4863/9192/4877 4869/9206/4883 4886/9242/4900
f 4848/9168/4862 4889/9247/4903 4816/9153/4830
f 4888/9246/4902 4890/9248/4904 4842/9156/4856
f 4856/9215/4870 4891/9249/4905 4826/9227/4840
f 4875/9221/4889 4845/9220/4859 4857/9250/4871
f 4875/9221/4889 4892/9251/4906 4844/9222/4858
f 4871/9208/4885 4878/9228/4892 4879/9229/4893
f 4885/9240/4899 4876/9241/4890 4854/9198/4868
f 4882/9233/4896 4831/9140/4845 4787/9058/4801
f 4805/9252/4819 4886/9253/4900 4882/9254/4896
f 4893/9255/4907 4855/9181/4869 4873/9212/4887
f 4826/9129/4840 4894/9256/4908 4861/9188/4875
f 4844/9222/4858 4892/9251/4906 4895/9257/4909
f 4878/9228/4892 4874/9217/4888 4879/9229/4893
f 4893/9255/4907 4873/9212/4887 4834/9219/4848
f 4861/9188/4875 4887/9245/4901 4849/9169/4863
f 4867/9226/4881 4896/9258/4910 4853/9176/4867
f 4856/9215/4870 4897/9259/4911 4891/9249/4905
f 4881/9232/4895 4885/9240/4899 4898/9260/4912
f 4796/9210/4810 4899/9261/4913 4851/9173/4865
f 4854/9198/4868 4898/9260/4912 4885/9240/4899
f 4872/9211/4886 4840/9151/4854 4878/9228/4892
f 4826/9227/4840 4891/9249/4905 4894/9262/4908
f 4842/9238/4856 4890/9263/4904 4856/9215/4870
f 4796/9210/4810 4881/9232/4895 4899/9261/4913
f 4874/9217/4888 4900/9264/4914 4848/9168/4862
f 4861/9188/4875 4894/9256/4908 4887/9245/4901
f 4855/9181/4869 4893/9255/4907 4884/9235/4898
f 4884/9235/4898 4901/9265/4915 4880/9230/4894
f 4891/9249/4905 4897/9259/4911 4902/9266/4916
f 4903/9267/4917 4875/9221/4889 4857/9250/4871
f 4853/9176/4867 4896/9258/4910 4888/9246/4902
f 4869/9206/4883 4904/9268/4918 4886/9242/4900
f 4890/9263/4904 4897/9259/4911 4856/9215/4870
f 4844/9222/4858 4895/9257/4909 4869/9269/4883
f 4854/9198/4868 4905/9270/4919 4898/9260/4912
f 4831/9140/4845 4906/9271/4920 4854/9198/4868
f 4889/9247/4903 4824/9272/4838 4816/9153/4830
f 4834/9219/4848 4907/9273/4921 4893/9255/4907
f 4901/9265/4915 4903/9274/4917 4880/9230/4894
f 4902/9266/4916 4894/9262/4908 4891/9249/4905
f 4881/9232/4895 4898/9260/4912 4905/9270/4919
f 4908/9275/4922 4889/9247/4903 4848/9168/4862
f 4866/9276/4880 4883/9277/4897 4909/9278/4923
f 4847/9236/4861 4910/9279/4924 4867/9202/4881
f 4893/9255/4907 4901/9265/4915 4884/9235/4898
f 4881/9232/4895 4905/9270/4919 4899/9261/4913
f 4878/9228/4892 4900/9264/4914 4874/9217/4888
f 4851/9173/4865 4899/9261/4913 4911/9280/4925
f 4909/9278/4923 4912/9281/4926 4866/9276/4880
f 4890/9263/4904 4888/9282/4902 4897/9259/4911
f 4880/9230/4894 4903/9274/4917 4857/9183/4871
f 4854/9198/4868 4906/9271/4920 4905/9270/4919
f 4900/9264/4914 4908/9275/4922 4848/9168/4862
f 4867/9202/4881 4910/9279/4924 4896/9283/4910
f 4895/9284/4909 4904/9268/4918 4869/9206/4883
f 4899/9261/4913 4905/9270/4919 4913/9285/4927
f 4906/9271/4920 4913/9285/4927 4905/9270/4919
f 4914/9286/4928 4903/9267/4917 4901/9287/4915
f 4899/9261/4913 4913/9285/4927 4915/9288/4929
f 4878/9228/4892 4908/9275/4922 4900/9264/4914
f 4840/9151/4854 4818/9225/4832 4916/9289/4930
f 4883/9234/4897 4887/9245/4901 4917/9290/4931
f 4897/9259/4911 4888/9282/4902 4902/9266/4916
f 4895/9257/4909 4892/9251/4906 4904/9291/4918
f 4875/9221/4889 4903/9267/4917 4892/9251/4906
f 4840/9151/4854 4918/9292/4932 4878/9228/4892
f 4906/9271/4920 4915/9288/4929 4913/9285/4927
f 4831/9140/4845 4919/9293/4933 4906/9271/4920
f 4824/9272/4838 4920/9294/4934 4834/9295/4848
f 4893/9255/4907 4914/9296/4928 4901/9265/4915
f 4878/9228/4892 4918/9292/4932 4908/9275/4922
f 4851/9173/4865 4910/9297/4924 4847/9166/4861
f 4834/9298/4848 4920/9299/4934 4907/9300/4921
f 4851/9173/4865 4911/9280/4925 4910/9297/4924
f 4906/9271/4920 4921/9301/4935 4915/9288/4929
f 4866/9302/4880 4912/9303/4926 4818/9225/4832
f 4917/9290/4931 4909/9304/4923 4883/9234/4897
f 4894/9305/4908 4922/9306/4936 4917/9307/4931
f 4907/9273/4921 4914/9296/4928 4893/9255/4907
f 4894/9262/4908 4902/9266/4916 4922/9308/4936
f 4899/9261/4913 4915/9288/4929 4921/9301/4935
f 4840/9151/4854 4916/9289/4930 4918/9292/4932
f 4887/9309/4901 4894/9305/4908 4917/9307/4931
f 4922/9306/4936 4923/9310/4937 4917/9307/4931
f 4899/9261/4913 4921/9301/4935 4924/9311/4938
f 4889/9247/4903 4908/9275/4922 4925/9312/4939
f 4899/9261/4913 4924/9311/4938 4911/9280/4925
f 4906/9271/4920 4919/9293/4933 4921/9301/4935
f 4831/9140/4845 4926/9313/4940 4919/9293/4933
f 4904/9268/4918 4927/9314/4941 4886/9242/4900
f 4921/9301/4935 4919/9293/4933 4924/9311/4938
f 4908/9275/4922 4928/9315/4942 4925/9312/4939
f 4818/9225/4832 4912/9303/4926 4916/9289/4930
f 4929/9316/4943 4920/9294/4934 4824/9272/4838
f 4914/9286/4928 4930/9317/4944 4903/9267/4917
f 4931/9318/4945 4910/9297/4924 4911/9280/4925
f 4932/9319/4946 4831/9320/4845 4882/9254/4896
f 4923/9310/4937 4933/9321/4947 4917/9307/4931
f 4934/9322/4948 4902/9323/4916 4888/9324/4902
f 4935/9325/4949 4904/9291/4918 4892/9251/4906
f 4935/9325/4949 4892/9251/4906 4930/9317/4944
f 4918/9292/4932 4928/9315/4942 4908/9275/4922
f 4911/9280/4925 4924/9311/4938 4936/9326/4950
f 4904/9268/4918 4935/9327/4949 4927/9314/4941
f 4903/9267/4917 4930/9317/4944 4892/9251/4906
f 4911/9280/4925 4936/9326/4950 4937/9328/4951
f 4919/9293/4933 4936/9326/4950 4924/9311/4938
f 4910/9279/4924 4938/9329/4952 4939/9330/4953
f 4910/9279/4924 4940/9331/4954 4896/9283/4910
f 4902/9266/4916 4934/9332/4948 4922/9308/4936
f 4911/9280/4925 4937/9328/4951 4931/9318/4945
f 4931/9333/4945 4938/9329/4952 4910/9279/4924
f 4919/9293/4933 4937/9328/4951 4936/9326/4950
f 4932/9334/4946 4926/9313/4940 4831/9140/4845
f 4886/9253/4900 4941/9335/4955 4882/9254/4896
f 4926/9313/4940 4937/9328/4951 4919/9293/4933
f 4920/9299/4934 4929/9336/4943 4942/9337/4956
f 4920/9299/4934 4942/9337/4956 4907/9300/4921
f 4918/9292/4932 4916/9289/4930 4928/9315/4942
f 4910/9279/4924 4939/9330/4953 4943/9338/4957
f 4925/9312/4939 4929/9316/4943 4889/9247/4903
f 4888/9246/4902 4940/9339/4954 4934/9340/4948
f 4931/9318/4945 4937/9328/4951 4926/9313/4940
f 4928/9315/4942 4916/9289/4930 4925/9312/4939
f 4896/9258/4910 4940/9339/4954 4888/9246/4902
f 4944/9341/4958 4938/9329/4952 4931/9333/4945
f 4926/9342/4940 4944/9341/4958 4931/9333/4945
f 4935/9325/4949 4930/9317/4944 4927/9343/4941
f 4926/9342/4940 4932/9319/4946 4944/9341/4958
f 4941/9335/4955 4932/9319/4946 4882/9254/4896
f 4934/9332/4948 4923/9344/4937 4922/9308/4936
f 4934/9332/4948 4940/9345/4954 4923/9344/4937
f 4945/9346/4959 4941/9335/4955 4886/9253/4900
f 4938/9329/4952 4944/9341/4958 4932/9319/4946
f 4925/9312/4939 4916/9289/4930 4929/9316/4943
f 4889/9247/4903 4929/9316/4943 4824/9272/4838
f 4943/9338/4957 4940/9331/4954 4910/9279/4924
f 4917/9307/4931 4933/9321/4947 4909/9347/4923
f 4930/9317/4944 4914/9286/4928 4946/9348/4960
f 4938/9329/4952 4947/9349/4961 4939/9330/4953
f 4912/9303/4926 4948/9350/4962 4916/9289/4930
f 4938/9329/4952 4932/9319/4946 4947/9349/4961
f 4933/9351/4947 4923/9352/4937 4949/9353/4963
f 4933/9351/4947 4949/9353/4963 4909/9278/4923
f 4947/9349/4961 4932/9319/4946 4939/9330/4953
f 4945/9354/4959 4927/9343/4941 4930/9317/4944
f 4939/9330/4953 4932/9319/4946 4950/9355/4964
f 4886/9253/4900 4927/9356/4941 4945/9346/4959
f 4946/9348/4960 4945/9354/4959 4930/9317/4944
f 4939/9330/4953 4951/9357/4965 4943/9338/4957
f 4939/9330/4953 4950/9355/4964 4951/9357/4965
f 4923/9344/4937 4940/9345/4954 4952/9358/4966
f 4916/9289/4930 4948/9350/4962 4929/9316/4943
f 4950/9355/4964 4932/9319/4946 4941/9335/4955
f 4907/9359/4921 4953/9360/4967 4914/9361/4928
f 4941/9335/4955 4951/9357/4965 4950/9355/4964
f 4953/9360/4967 4945/9362/4959 4946/9363/4960
f 4914/9361/4928 4953/9360/4967 4946/9363/4960
f 4952/9364/4966 4949/9353/4963 4923/9352/4937
f 4942/9337/4956 4953/9365/4967 4907/9300/4921
f 4943/9338/4957 4954/9366/4968 4940/9331/4954
f 4943/9338/4957 4951/9357/4965 4955/9367/4969
f 4941/9335/4955 4955/9367/4969 4951/9357/4965
f 4949/9353/4963 4952/9364/4966 4956/9368/4970
f 4943/9338/4957 4955/9367/4969 4954/9366/4968
f 4948/9369/4962 4912/9281/4926 4957/9370/4971
f 4954/9366/4968 4952/9371/4966 4940/9331/4954
f 4948/9350/4962 4958/9372/4972 4929/9316/4943
f 4945/9346/4959 4955/9367/4969 4941/9335/4955
f 4948/9350/4962 4959/9373/4973 4958/9372/4972
f 4954/9366/4968 4955/9367/4969 4945/9346/4959
f 4957/9370/4971 4959/9374/4973 4948/9369/4962
f 4909/9278/4923 4960/9375/4974 4912/9281/4926
f 4909/9278/4923 4949/9353/4963 4960/9375/4974
f 4952/9376/4966 4954/9377/4968 4956/9378/4970
f 4958/9379/4972 4959/9374/4973 4929/9336/4943
f 4945/9346/4959 4961/9380/4975 4954/9366/4968
f 4929/9336/4943 4959/9374/4973 4957/9370/4971
f 4929/9336/4943 4957/9370/4971 4942/9337/4956
f 4912/9281/4926 4962/9381/4976 4957/9370/4971
f 4963/9382/4977 4962/9381/4976 4912/9281/4926
f 4960/9375/4974 4963/9382/4977 4912/9281/4926
f 4942/9337/4956 4957/9370/4971 4962/9381/4976
f 4964/9383/4978 4953/9365/4967 4942/9337/4956
f 4949/9353/4963 4964/9383/4978 4960/9375/4974
f 4949/9353/4963 4956/9368/4970 4965/9384/4979
f 4956/9378/4970 4945/9362/4959 4966/9385/4980
f 4956/9378/4970 4967/9386/4981 4945/9362/4959
f 4954/9377/4968 4967/9386/4981 4956/9378/4970
f 4954/9366/4968 4961/9380/4975 4967/9387/4981
f 4945/9346/4959 4967/9387/4981 4961/9380/4975
f 4953/9360/4967 4966/9385/4980 4945/9362/4959
f 4949/9353/4963 4968/9388/4982 4964/9383/4978
f 4949/9353/4963 4965/9384/4979 4968/9388/4982
f 4956/9368/4970 4966/9389/4980 4965/9384/4979
f 4969/9390/4983 4962/9381/4976 4963/9382/4977
f 4969/9390/4983 4942/9337/4956 4962/9381/4976
f 4942/9337/4956 4969/9390/4983 4970/9391/4984
f 4953/9365/4967 4968/9388/4982 4966/9389/4980
f 4942/9337/4956 4970/9391/4984 4964/9383/4978
f 4963/9382/4977 4970/9391/4984 4969/9390/4983
f 4963/9382/4977 4960/9375/4974 4970/9391/4984
f 4964/9383/4978 4970/9391/4984 4960/9375/4974
f 4966/9389/4980 4968/9388/4982 4965/9384/4979
f 4953/9365/4967 4971/9392/4985 4968/9388/4982
f 4968/9388/4982 4971/9392/4985 4964/9383/4978
f 4953/9365/4967 4964/9383/4978 4971/9392/4985
