# Blender 4.4.0
# www.blender.org
mtllib Meshy_AI_Geometric_Bigfoot_0528234801_texture.mtl
o Meshy_AI_Geometric_Bigfoot_0528234801_texture
v 0.134906 0.363923 -0.477266
v 0.140878 0.362347 -0.474993
v 0.134737 0.358553 -0.476163
v 0.124279 0.361277 -0.473344
v 0.134504 0.370710 -0.472954
v 0.134214 0.335657 -0.457345
v 0.140714 0.346794 -0.462253
v 0.152110 0.360231 -0.457836
v 0.117741 0.405327 -0.449032
v 0.125966 0.391524 -0.458395
v 0.132965 0.323076 -0.445623
v 0.106302 0.290666 -0.415087
v 0.056647 0.355151 -0.444363
v -0.386477 0.203250 -0.441318
v -0.372797 0.239557 -0.446640
v -0.379232 0.216106 -0.442206
v -0.368301 0.237626 -0.442118
v -0.361829 0.247644 -0.443206
v 0.061310 0.384039 -0.431946
v 0.101580 0.433442 -0.428214
v 0.111671 0.433159 -0.418364
v 0.111009 0.420334 -0.437423
v -0.398921 0.169452 -0.436071
v -0.472539 0.206483 -0.425890
v -0.353748 0.253596 -0.438589
v 0.068929 0.324699 -0.425330
v 0.036114 0.354757 -0.436025
v 0.194208 0.356455 -0.386056
v 0.027541 0.355841 -0.433041
v 0.086185 0.417575 -0.429867
v -0.396080 0.170336 -0.434579
v -0.414196 0.268183 -0.436820
v 0.121880 0.292845 -0.420008
v 0.144857 0.408450 -0.403837
v -0.415184 0.120519 -0.428127
v -0.408499 0.128597 -0.428156
v -0.455847 0.136367 -0.426440
v -0.463952 0.309564 -0.424568
v -0.014961 0.340337 -0.430239
v 0.026796 0.376901 -0.427620
v 0.052373 0.384608 -0.428987
v 0.085157 0.426291 -0.427001
v -0.453030 0.076903 -0.411309
v -0.514296 0.161237 -0.425144
v -0.525226 0.164383 -0.423793
v -0.509673 0.193130 -0.424602
v -0.495653 0.230564 -0.423881
v -0.345291 0.272894 -0.429579
v -0.343040 0.261735 -0.421210
v -0.337363 0.306186 -0.416431
v 0.117601 0.282891 -0.414107
v 0.156040 0.316299 -0.399270
v -0.110222 0.270128 -0.408922
v -0.105684 0.327900 -0.427376
v -0.035703 0.472783 -0.423070
v -0.101736 0.476734 -0.419942
v 0.042717 0.505628 -0.421599
v 0.096443 0.446860 -0.420274
v -0.396628 0.116751 -0.404206
v -0.361685 0.229324 -0.409095
v -0.470102 0.317614 -0.416631
v -0.423171 0.384043 -0.390071
v -0.217757 0.373626 -0.399484
v 0.106626 0.442454 -0.415869
v -0.154890 0.505963 -0.406361
v -0.006911 0.592482 -0.415807
v -0.533553 0.132225 -0.414287
v -0.532606 0.160546 -0.416764
v -0.463522 0.325526 -0.418188
v -0.320649 0.393155 -0.384279
v 0.129235 0.509653 -0.395404
v -0.043649 0.592327 -0.412068
v -0.541880 0.111380 -0.405778
v -0.329575 0.253799 -0.383906
v -0.061020 0.220306 -0.388506
v 0.005772 0.237102 -0.391391
v -0.465238 0.066519 -0.407493
v 0.121986 0.186502 -0.386348
v 0.076900 0.257846 -0.400067
v -0.511635 0.325682 -0.349905
v 0.149234 0.409339 -0.399097
v -0.139190 0.588589 -0.400235
v -0.561654 0.048968 -0.382185
v -0.486526 0.037733 -0.398428
v -0.352350 0.220606 -0.375483
v -0.151819 0.612034 -0.380634
v -0.495206 0.021317 -0.391406
v -0.180104 0.270006 -0.382032
v -0.430204 0.440109 -0.369487
v -0.255225 0.443590 -0.386374
v -0.275955 0.596409 -0.369663
v -0.243041 0.592798 -0.378542
v -0.214304 0.595801 -0.382798
v -0.566357 0.031595 -0.375943
v -0.118815 0.178609 -0.379990
v 0.207946 0.253060 -0.348711
v -0.305567 0.406485 -0.374057
v -0.581427 0.094079 -0.349678
v -0.582203 0.144237 -0.349621
v 0.182452 0.376134 -0.386524
v 0.108758 0.604676 -0.372096
v -0.530721 0.000624 -0.373198
v -0.515354 -0.007793 -0.370501
v -0.547253 0.007947 -0.373880
v -0.495708 0.004294 -0.370699
v -0.402598 0.062955 -0.341387
v -0.536668 0.238533 -0.362147
v 0.207349 0.356316 -0.377534
v -0.507298 -0.000519 -0.374914
v -0.123222 0.119866 -0.362899
v -0.316510 0.401694 -0.379570
v -0.315234 0.386496 -0.370795
v -0.322239 0.442893 -0.363288
v 0.203885 0.459945 -0.359518
v -0.268159 0.600275 -0.369960
v -0.007065 0.682545 -0.352663
v -0.437490 0.046974 -0.358060
v -0.373151 0.099998 -0.354185
v -0.365882 0.132504 -0.358470
v 0.026972 0.157905 -0.358499
v -0.315572 0.417483 -0.372614
v -0.311722 0.405569 -0.373660
v -0.051789 0.674648 -0.349654
v -0.581874 -0.265696 -0.368514
v -0.580618 -0.259424 -0.370607
v -0.565612 -0.258920 -0.367792
v -0.570298 -0.226759 -0.370054
v -0.588370 -0.266446 -0.367924
v -0.555430 -0.187167 -0.371042
v -0.559337 -0.151907 -0.367066
v -0.548622 -0.183945 -0.371658
v -0.572222 -0.025768 -0.361522
v -0.570777 0.011247 -0.369960
v -0.209049 0.199261 -0.349336
v -0.315754 0.240877 -0.341789
v -0.309688 0.294516 -0.341399
v -0.312411 0.340345 -0.358175
v -0.312527 0.390950 -0.370688
v -0.306168 0.379647 -0.365037
v -0.540534 -0.259259 -0.361995
v -0.557449 -0.253371 -0.363393
v -0.561581 -0.248914 -0.362505
v -0.607369 -0.239135 -0.353016
v -0.571520 -0.201813 -0.366710
v -0.566396 -0.196968 -0.365155
v -0.563452 -0.188803 -0.365379
v -0.559699 -0.190758 -0.365375
v -0.540327 -0.186376 -0.366720
v -0.518923 -0.175273 -0.361126
v -0.566528 -0.181261 -0.362363
v -0.532688 -0.110637 -0.350227
v -0.146303 -0.113682 -0.365119
v -0.139707 -0.085248 -0.364806
v -0.135604 -0.129841 -0.367483
v -0.516039 -0.024332 -0.361216
v 0.064942 0.103084 -0.353592
v 0.130285 0.111333 -0.370800
v 0.134250 0.094337 -0.368483
v 0.158052 0.110591 -0.354804
v -0.094628 0.124235 -0.358534
v -0.007103 0.115610 -0.344057
v 0.187095 0.173777 -0.346309
v -0.303261 0.229914 -0.319075
v -0.312955 0.365359 -0.362575
v -0.312334 0.378312 -0.365812
v 0.274764 0.335867 -0.341751
v -0.339119 0.459502 -0.355929
v -0.279803 0.598657 -0.366110
v -0.588087 -0.277784 -0.356667
v -0.535687 -0.252916 -0.361667
v -0.555081 -0.236237 -0.346090
v -0.561864 -0.200054 -0.358832
v -0.587008 -0.168235 -0.345212
v -0.500146 -0.170767 -0.353443
v -0.564563 -0.110371 -0.361229
v -0.131997 -0.158901 -0.359250
v -0.049535 -0.117953 -0.338251
v -0.571555 -0.101790 -0.359235
v -0.162784 -0.105041 -0.357089
v -0.175537 -0.089293 -0.350320
v -0.578645 -0.017949 -0.359799
v 0.138811 -0.043231 -0.360496
v 0.158433 -0.018253 -0.353529
v -0.466568 0.011955 -0.354019
v -0.342529 0.216623 -0.354246
v -0.398580 0.492588 -0.346116
v -0.355683 0.480606 -0.348571
v 0.249317 0.563912 -0.319388
v -0.325674 0.571707 -0.355577
v 0.220791 0.617655 -0.326930
v -0.234625 0.649317 -0.332685
v -0.600439 -0.262648 -0.357999
v -0.528153 -0.250397 -0.358481
v -0.554202 -0.241487 -0.349665
v -0.526893 -0.240099 -0.355704
v -0.557900 -0.195298 -0.358296
v -0.554165 -0.207216 -0.335998
v -0.612048 -0.190017 -0.337110
v -0.137862 -0.150756 -0.359031
v -0.590681 -0.076376 -0.348520
v 0.146297 -0.118084 -0.359501
v 0.142027 -0.154533 -0.358827
v -0.572585 -0.068821 -0.353794
v -0.560847 -0.068252 -0.352778
v -0.135466 0.010992 -0.360629
v -0.181636 -0.014077 -0.340298
v -0.579869 -0.038546 -0.358300
v -0.513100 -0.012309 -0.366338
v -0.509021 -0.016593 -0.355459
v -0.496231 -0.028921 -0.331352
v -0.442137 0.033585 -0.353500
v -0.094775 0.019408 -0.352371
v -0.306820 0.353254 -0.356624
v -0.333886 0.591530 -0.339917
v -0.584738 -0.285718 -0.346198
v -0.607935 -0.273917 -0.333779
v -0.577748 -0.294520 -0.325626
v -0.547477 -0.244383 -0.349836
v -0.516865 -0.238232 -0.352871
v -0.514250 -0.223468 -0.351901
v -0.506975 -0.218996 -0.350438
v -0.087112 -0.192708 -0.336361
v -0.158263 -0.133923 -0.346863
v -0.540569 -0.076329 -0.347754
v -0.580462 -0.068342 -0.352514
v -0.556384 -0.059116 -0.353416
v 0.179068 -0.051490 -0.346161
v -0.516290 -0.033475 -0.355962
v -0.065797 -0.034806 -0.344076
v -0.188101 0.111308 -0.331904
v 0.006294 0.111190 -0.343175
v 0.220754 0.281600 -0.348758
v -0.307117 0.311652 -0.344757
v -0.409897 0.504008 -0.344271
v -0.500124 -0.229600 -0.345505
v -0.533606 -0.232328 -0.346337
v -0.557543 -0.208483 -0.342322
v -0.558284 -0.203586 -0.346611
v -0.142536 -0.204786 -0.345863
v -0.132176 -0.216657 -0.346069
v 0.102747 -0.187839 -0.344305
v 0.130238 -0.183747 -0.351630
v 0.126548 -0.201966 -0.344640
v 0.129922 -0.211564 -0.335543
v -0.504519 -0.131922 -0.341731
v 0.224787 -0.117817 -0.322083
v -0.602632 -0.076444 -0.341156
v 0.002335 -0.009541 -0.331553
v -0.589969 0.213098 -0.317973
v -0.556362 0.280074 -0.317189
v -0.485362 0.396435 -0.333023
v -0.380127 0.518264 -0.338028
v -0.500039 -0.248853 -0.329867
v -0.498312 -0.241056 -0.337427
v -0.541766 -0.237555 -0.342341
v -0.508329 -0.202412 -0.336832
v -0.496322 -0.210577 -0.344637
v -0.498888 -0.206749 -0.344693
v -0.167051 -0.200374 -0.334846
v -0.497035 -0.167480 -0.350496
v -0.499628 -0.144328 -0.342508
v -0.612226 -0.172834 -0.328772
v -0.604167 -0.088665 -0.337704
v -0.512554 -0.080185 -0.336042
v 0.225010 0.131807 -0.319983
v -0.321955 0.229221 -0.341387
v -0.258947 0.115613 -0.298589
v -0.389986 0.522085 -0.335612
v -0.375267 0.555317 -0.336591
v -0.632860 -0.255058 -0.316486
v -0.492376 -0.225792 -0.339548
v -0.484648 -0.226240 -0.329430
v -0.615497 -0.206013 -0.337829
v -0.515848 -0.190326 -0.336918
v -0.499988 -0.190413 -0.332481
v -0.495342 -0.197413 -0.336980
v -0.120667 -0.216222 -0.341108
v -0.204456 -0.220851 -0.305218
v -0.506076 -0.106308 -0.332975
v 0.225049 0.044077 -0.323439
v -0.395965 0.052656 -0.328776
v 0.250062 0.085882 -0.314067
v -0.617266 0.160420 -0.308542
v -0.546534 0.313344 -0.313528
v -0.548547 -0.237325 -0.337737
v -0.537451 -0.229431 -0.325660
v -0.136065 -0.244395 -0.316072
v -0.554548 -0.212843 -0.329921
v -0.492380 -0.202600 -0.337712
v 0.106735 -0.215420 -0.323620
v -0.500816 -0.181820 -0.333594
v -0.037452 -0.161972 -0.327321
v -0.007503 -0.142446 -0.321026
v -0.007070 -0.034546 -0.328412
v 0.216533 0.106136 -0.327991
v -0.321314 0.203815 -0.320903
v -0.309499 0.236257 -0.326668
v -0.307855 0.265677 -0.331330
v 0.299569 0.323696 -0.328962
v -0.400087 0.531423 -0.336688
v 0.187986 0.620975 -0.337631
v -0.549025 -0.286487 -0.314132
v -0.543763 -0.234028 -0.329432
v -0.516191 -0.207486 -0.333031
v -0.528332 -0.198309 -0.333474
v -0.513486 -0.201292 -0.332417
v -0.514598 -0.194118 -0.332599
v -0.509167 -0.197999 -0.333909
v -0.518428 -0.195221 -0.332622
v -0.511388 -0.191752 -0.333723
v -0.499948 -0.185358 -0.330096
v 0.249416 -0.134768 -0.307697
v -0.430453 -0.015154 -0.279703
v -0.373855 0.038072 -0.295349
v -0.628747 0.109935 -0.291513
v -0.337862 0.102803 -0.306129
v 0.291198 0.294707 -0.328613
v -0.395927 0.546382 -0.330971
v -0.384194 0.555353 -0.331136
v -0.388301 0.595544 -0.309898
v -0.010580 0.729320 -0.320113
v -0.006978 0.740341 -0.311043
v -0.634306 -0.234782 -0.313687
v -0.483449 -0.233081 -0.322103
v -0.550445 -0.230470 -0.329475
v -0.532467 -0.219644 -0.316569
v -0.522363 -0.210893 -0.325135
v -0.527185 -0.200857 -0.325428
v -0.521914 -0.200315 -0.329060
v -0.517091 -0.201275 -0.329583
v -0.492483 -0.193480 -0.326235
v -0.632340 -0.197722 -0.305350
v 0.064864 -0.244331 -0.278437
v -0.199909 -0.142525 -0.311533
v -0.501058 -0.076270 -0.324181
v -0.496604 -0.046753 -0.324562
v 0.257510 0.032017 -0.310862
v -0.365275 0.062565 -0.307870
v -0.311717 0.212405 -0.320931
v 0.292545 0.286443 -0.324859
v -0.309699 0.227905 -0.325145
v -0.307906 0.253352 -0.328348
v -0.420486 0.529746 -0.311906
v -0.387694 0.567403 -0.324615
v -0.176587 0.714175 -0.290849
v -0.068285 0.720442 -0.311511
v -0.529529 -0.277071 -0.314108
v -0.627323 -0.269676 -0.315255
v -0.496976 -0.248036 -0.322389
v -0.481769 -0.226267 -0.322092
v -0.545617 -0.211949 -0.316673
v -0.534571 -0.207098 -0.321117
v -0.525558 -0.203817 -0.322168
v 0.208119 -0.195639 -0.303150
v -0.502744 -0.121731 -0.317761
v -0.501008 -0.101253 -0.324800
v 0.253325 -0.109780 -0.308292
v -0.645198 0.027386 -0.270920
v 0.299614 0.384828 -0.316078
v 0.307587 0.335846 -0.321088
v -0.399348 0.558929 -0.316376
v -0.380447 0.594793 -0.312295
v -0.372099 0.615330 -0.278986
v -0.288148 0.626526 -0.320871
v 0.237440 0.629594 -0.314353
v -0.201368 0.721036 -0.278538
v -0.577505 -0.297344 -0.314488
v -0.620120 -0.278018 -0.312576
v -0.525065 -0.273538 -0.311250
v -0.544571 -0.225420 -0.316273
v -0.549934 -0.218279 -0.316502
v -0.528053 -0.213305 -0.320973
v -0.531342 -0.208146 -0.319683
v -0.486507 -0.199109 -0.306741
v -0.012205 -0.148814 -0.319307
v 0.249647 -0.117948 -0.311133
v -0.450617 -0.033600 -0.284992
v -0.651850 0.006121 -0.259699
v -0.403526 0.007161 -0.283045
v -0.280762 0.066970 -0.281945
v 0.264443 0.110625 -0.307838
v -0.296296 0.207863 -0.311333
v -0.308531 0.204096 -0.309847
v 0.313896 0.340485 -0.312740
v 0.312633 0.352260 -0.316741
v 0.291103 0.501522 -0.298786
v 0.142141 0.752382 -0.249830
v -0.597974 -0.298093 -0.296078
v -0.539243 -0.225185 -0.315825
v -0.083211 -0.244557 -0.284489
v -0.539003 -0.211154 -0.314080
v -0.492189 -0.192973 -0.302827
v -0.484132 -0.084219 -0.307930
v -0.266635 -0.055793 -0.294730
v -0.341140 0.091284 -0.305705
v -0.308430 0.145151 -0.287250
v 0.261983 0.127631 -0.308372
v -0.303581 0.222730 -0.315343
v -0.508680 -0.258030 -0.307257
v -0.136175 -0.270086 -0.291150
v -0.484832 -0.226105 -0.303420
v -0.544662 -0.218546 -0.311480
v -0.538812 -0.218595 -0.309789
v -0.533449 -0.212718 -0.313545
v -0.636045 -0.197310 -0.295350
v -0.502858 -0.180600 -0.298571
v -0.261791 0.015161 -0.290589
v 0.261899 0.077784 -0.310004
v -0.302797 0.212524 -0.310928
v -0.560184 0.271692 -0.315184
v -0.522584 0.384245 -0.300287
v -0.501285 0.459238 -0.280660
v -0.419713 0.550817 -0.302573
v -0.014610 0.779038 -0.274929
v -0.548914 -0.285974 -0.311280
v -0.625186 -0.270500 -0.312222
v 0.159801 -0.240099 -0.301877
v 0.171302 -0.244829 -0.295031
v -0.488946 -0.236849 -0.299454
v -0.634051 -0.210216 -0.306188
v 0.228654 -0.170776 -0.303263
v -0.617247 0.163598 -0.306483
v -0.300860 0.183083 -0.298697
v 0.324618 0.381350 -0.304724
v -0.536347 0.346818 -0.305730
v 0.191543 0.703588 -0.274354
v 0.038250 0.749307 -0.287681
v -0.583651 -0.294250 -0.298239
v -0.614685 -0.282657 -0.307404
v -0.632299 -0.242421 -0.309369
v -0.225361 -0.233542 -0.287284
v -0.634817 -0.222257 -0.307018
v -0.501616 -0.138146 -0.293281
v 0.256353 -0.101154 -0.304468
v -0.332420 0.097894 -0.303505
v -0.298646 0.086956 -0.300647
v -0.325395 0.119303 -0.297138
v -0.301813 0.145053 -0.285077
v -0.308323 0.182795 -0.300714
v 0.352497 0.448487 -0.279316
v -0.246097 0.682144 -0.283346
v -0.611371 -0.286555 -0.300465
v -0.610230 -0.290605 -0.295455
v -0.578904 -0.291240 -0.299734
v -0.566590 -0.274177 -0.292754
v -0.614696 -0.271952 -0.301692
v -0.616748 -0.258822 -0.302885
v -0.164198 -0.265975 -0.291260
v -0.621832 -0.245995 -0.303218
v -0.627701 -0.233860 -0.302550
v -0.631760 -0.222300 -0.302375
v -0.632479 -0.209543 -0.296098
v -0.501378 -0.186538 -0.299749
v -0.009727 -0.215633 -0.256237
v -0.477480 -0.099446 -0.280535
v -0.441996 -0.028624 -0.279085
v -0.273027 0.083561 -0.289962
v -0.293353 0.127324 -0.285449
v -0.544996 0.297258 -0.286419
v -0.531905 0.330201 -0.273414
v 0.245900 0.646153 -0.299846
v -0.590340 -0.297950 -0.296752
v -0.616359 -0.279602 -0.296814
v -0.622045 -0.279994 -0.295066
v -0.547718 -0.257928 -0.282711
v -0.671032 -0.267842 -0.293039
v -0.663461 -0.260505 -0.294528
v -0.625112 -0.246476 -0.294526
v -0.620226 -0.254707 -0.296740
v -0.520661 -0.253416 -0.290302
v -0.511269 -0.253027 -0.294888
v -0.505408 -0.248627 -0.289341
v -0.637876 -0.226422 -0.294318
v -0.629076 -0.238039 -0.296022
v -0.633796 -0.234197 -0.295040
v 0.064376 -0.270623 -0.237583
v -0.490859 -0.229960 -0.290732
v -0.632604 -0.225233 -0.297312
v -0.634696 -0.222825 -0.295018
v -0.254236 -0.155005 -0.269753
v 0.257749 -0.162702 -0.279306
v -0.340808 0.041787 -0.279150
v -0.295023 0.063545 -0.282878
v -0.282822 0.086928 -0.296546
v 0.257582 0.645433 -0.291600
v 0.274915 0.634370 -0.282632
v -0.589982 -0.303939 -0.290856
v -0.583058 -0.296730 -0.290412
v -0.577475 -0.308357 -0.289463
v -0.586515 -0.299071 -0.292011
v -0.580774 -0.290547 -0.292587
v -0.573433 -0.282755 -0.295189
v -0.527601 -0.261284 -0.295610
v -0.653280 -0.235853 -0.290077
v -0.641219 -0.205974 -0.290645
v -0.492938 -0.214812 -0.286525
v -0.659306 -0.101668 -0.250210
v -0.324141 0.043904 -0.275157
v -0.272799 0.098271 -0.291599
v -0.276590 0.106236 -0.290240
v -0.285019 0.118721 -0.287446
v -0.307700 0.135422 -0.285258
v 0.337078 0.307335 -0.242351
v -0.421960 0.613633 -0.278772
v -0.363664 0.631940 -0.252493
v -0.598132 -0.323898 -0.279886
v -0.589870 -0.315475 -0.286643
v -0.578010 -0.311282 -0.287712
v -0.561487 -0.303413 -0.287098
v -0.561068 -0.300743 -0.288476
v -0.574910 -0.287712 -0.288916
v -0.569795 -0.289527 -0.286355
v -0.674075 -0.271307 -0.290597
v -0.575486 -0.285774 -0.287799
v -0.574385 -0.278971 -0.289187
v -0.570810 -0.274330 -0.289829
v -0.565728 -0.266384 -0.287201
v -0.674052 -0.260644 -0.287665
v -0.534939 -0.258765 -0.285467
v -0.527903 -0.259034 -0.289918
v -0.509784 -0.251728 -0.289028
v -0.514816 -0.251195 -0.289693
v 0.183719 -0.262325 -0.274549
v -0.662673 -0.236074 -0.283316
v -0.500761 -0.194601 -0.288017
v -0.648885 -0.185650 -0.275636
v -0.355362 0.030821 -0.276724
v -0.573088 0.158949 -0.199789
v -0.547670 -0.286171 -0.283759
v -0.535367 -0.284624 -0.283570
v -0.535952 -0.291736 -0.282355
v -0.515150 -0.279417 -0.284582
v -0.570540 -0.280408 -0.283379
v -0.565430 -0.282500 -0.282214
v -0.157945 -0.308558 -0.267268
v -0.571010 -0.281934 -0.284821
v -0.570786 -0.276924 -0.291347
v -0.574303 -0.277226 -0.286001
v -0.541261 -0.263811 -0.275247
v -0.675237 -0.274418 -0.281080
v -0.676635 -0.271152 -0.281360
v -0.570116 -0.270762 -0.289481
v -0.574179 -0.270628 -0.285524
v -0.523112 -0.263078 -0.282723
v -0.506991 -0.259020 -0.284313
v -0.495212 -0.270885 -0.280354
v -0.491437 -0.264158 -0.279710
v -0.527297 -0.261891 -0.283063
v -0.530570 -0.259783 -0.283776
v -0.514553 -0.253059 -0.285299
v -0.504786 -0.250129 -0.285810
v -0.500627 -0.251614 -0.282003
v 0.185104 -0.278225 -0.257308
v -0.674183 -0.227352 -0.263224
v -0.502195 -0.246331 -0.283144
v -0.500330 -0.242396 -0.284645
v 0.219565 -0.224414 -0.270667
v -0.499788 -0.215880 -0.275026
v -0.505566 -0.188010 -0.282807
v -0.438709 -0.040854 -0.260595
v -0.303916 -0.047817 -0.265993
v -0.284832 0.023186 -0.270909
v -0.387228 0.014828 -0.280071
v -0.282995 0.057934 -0.276591
v -0.302200 0.135289 -0.284300
v 0.282606 0.637231 -0.274774
v -0.553133 -0.301050 -0.276579
v -0.540275 -0.298450 -0.278772
v -0.628752 -0.314704 -0.267940
v -0.657832 -0.290934 -0.276541
v -0.180387 -0.313146 -0.274465
v -0.171846 -0.275217 -0.285166
v -0.515932 -0.290831 -0.278370
v -0.484521 -0.271072 -0.274034
v -0.570437 -0.277711 -0.280786
v -0.561336 -0.269750 -0.273004
v -0.571508 -0.272093 -0.279812
v -0.570627 -0.267213 -0.285483
v -0.573068 -0.266265 -0.281046
v -0.569980 -0.263873 -0.281670
v -0.560664 -0.261003 -0.283347
v -0.537712 -0.259345 -0.279178
v -0.496992 -0.237220 -0.279899
v -0.494062 -0.232392 -0.280966
v -0.491446 -0.228826 -0.276974
v -0.489639 -0.226367 -0.281222
v -0.505130 -0.198113 -0.284108
v -0.477349 -0.099289 -0.273750
v -0.453760 -0.066159 -0.265152
v 0.281041 -0.047165 -0.238572
v -0.420948 -0.003195 -0.281083
v -0.641463 0.051657 -0.272967
v -0.303736 0.055740 -0.279160
v 0.369650 0.493733 -0.263647
v -0.478516 0.542666 -0.263512
v -0.523917 -0.304267 -0.267815
v -0.512415 -0.298337 -0.267420
v -0.213264 -0.275200 -0.264232
v -0.566770 -0.267526 -0.275100
v -0.551667 -0.265391 -0.270042
v -0.484382 -0.268060 -0.274280
v -0.148892 -0.303922 -0.265898
v -0.566320 -0.262180 -0.275857
v -0.557899 -0.256283 -0.277628
v -0.547573 -0.254488 -0.278843
v -0.541311 -0.259026 -0.282366
v -0.539001 -0.259494 -0.276377
v -0.541429 -0.255234 -0.276315
v -0.495023 -0.234056 -0.275868
v -0.492226 -0.224106 -0.274045
v -0.513688 -0.207463 -0.273883
v -0.509310 -0.195904 -0.277889
v -0.504594 -0.184403 -0.259894
v -0.318788 -0.069260 -0.250959
v -0.413245 0.005537 -0.272739
v -0.407790 0.007674 -0.278736
v -0.370286 0.024293 -0.274451
v -0.350191 0.034833 -0.275415
v -0.341132 0.039262 -0.275106
v -0.308010 0.053249 -0.275142
v -0.316719 0.046848 -0.271402
v -0.294462 0.060224 -0.275331
v -0.288208 0.059660 -0.273553
v -0.538878 0.246980 -0.236764
v 0.333116 0.575843 -0.265995
v 0.293516 0.629476 -0.270385
v 0.009166 0.806214 -0.241206
v -0.496010 -0.288241 -0.263932
v -0.562077 -0.262553 -0.270764
v -0.559064 -0.259540 -0.270388
v -0.545827 -0.261018 -0.269839
v -0.540902 -0.258951 -0.273467
v -0.551148 -0.252198 -0.272022
v -0.547409 -0.251027 -0.272812
v -0.543793 -0.253113 -0.272443
v -0.492135 -0.234636 -0.270896
v -0.491818 -0.230276 -0.272554
v -0.513654 -0.200358 -0.273588
v -0.334297 -0.126196 -0.224911
v -0.498564 -0.133590 -0.268991
v -0.403650 0.013744 -0.275068
v -0.357464 0.029956 -0.274224
v -0.286926 0.057512 -0.268717
v -0.286970 0.056590 -0.271583
v -0.289853 0.059242 -0.273981
v -0.145054 -0.635219 -0.261890
v -0.148941 -0.658861 -0.266456
v -0.155210 -0.651472 -0.264404
v -0.605877 -0.328728 -0.264088
v -0.155951 -0.408819 -0.256918
v -0.535350 -0.306406 -0.263627
v -0.246660 -0.337726 -0.237877
v -0.481689 -0.270876 -0.268276
v -0.674802 -0.266373 -0.265629
v -0.481379 -0.264356 -0.267803
v 0.193167 -0.274953 -0.253592
v -0.552504 -0.259305 -0.267264
v -0.546996 -0.253835 -0.268623
v -0.258828 -0.258467 -0.257559
v -0.491118 -0.231699 -0.268418
v -0.496680 -0.222645 -0.268572
v -0.508239 -0.212710 -0.268642
v -0.396853 0.022015 -0.269358
v -0.386431 0.025288 -0.271478
v -0.348777 0.038085 -0.271610
v 0.293629 0.006882 -0.201412
v -0.298572 0.061934 -0.272059
v -0.292182 0.065850 -0.271013
v -0.289233 0.062491 -0.270194
v -0.297954 0.076863 -0.272615
v -0.290619 0.077295 -0.270924
v -0.293192 0.086574 -0.270795
v -0.296517 0.091462 -0.272041
v -0.527793 0.335115 -0.244818
v -0.454096 0.621901 -0.254319
v 0.353208 0.630139 -0.208278
v 0.158222 0.741958 -0.254440
v -0.192761 0.753365 -0.249547
v -0.084899 0.796657 -0.236855
v -0.165143 -0.724768 -0.246401
v -0.122383 -0.662758 -0.236459
v -0.141613 -0.355171 -0.254328
v -0.643319 -0.302624 -0.265121
v -0.509071 -0.297539 -0.260499
v -0.676695 -0.254735 -0.256846
v -0.484456 -0.244079 -0.259919
v -0.015442 -0.259585 -0.216770
v -0.505919 -0.212634 -0.262954
v -0.511581 -0.206706 -0.262805
v -0.508683 -0.201195 -0.258408
v -0.421619 -0.016151 -0.255829
v -0.392057 0.026031 -0.265098
v -0.365292 0.038643 -0.268253
v -0.378358 0.038279 -0.261310
v -0.293321 0.035925 -0.250222
v -0.289266 0.065829 -0.264297
v -0.340115 0.053155 -0.267908
v -0.311192 0.057136 -0.269919
v -0.315723 0.086506 -0.269668
v -0.291142 0.069697 -0.269508
v -0.290350 0.073289 -0.264711
v -0.294444 0.091478 -0.263404
v -0.321175 0.087119 -0.266997
v -0.311867 0.096416 -0.267938
v -0.296765 0.096655 -0.264301
v -0.305761 0.100510 -0.266443
v 0.361344 0.382473 -0.230690
v 0.373604 0.485763 -0.253969
v 0.369378 0.434612 -0.241237
v 0.382635 0.517842 -0.253879
v -0.446945 0.629658 -0.250969
v 0.164926 -0.936653 -0.255956
v 0.179501 -0.930341 -0.258806
v 0.176509 -0.936313 -0.257071
v 0.166249 -0.931374 -0.257356
v 0.173171 -0.927284 -0.258393
v -0.133048 -0.565304 -0.248570
v -0.149147 -0.417554 -0.255364
v -0.608579 -0.328213 -0.256648
v -0.565170 -0.312362 -0.231419
v -0.560605 -0.309810 -0.246911
v -0.548408 -0.312071 -0.242998
v -0.480916 -0.263753 -0.260606
v -0.267846 -0.283216 -0.241221
v 0.039708 -0.260978 -0.252826
v -0.497082 -0.206976 -0.246668
v -0.669752 -0.193924 -0.246450
v -0.500647 -0.151601 -0.227334
v -0.475928 -0.090389 -0.261845
v -0.303623 -0.040348 -0.263409
v -0.299419 -0.019119 -0.250920
v -0.370599 0.042976 -0.262225
v -0.361965 0.045704 -0.262851
v -0.340361 0.067319 -0.261970
v -0.320903 0.092068 -0.261803
v -0.311867 0.102450 -0.262304
v -0.299278 0.095692 -0.258900
v -0.301349 0.100356 -0.260133
v -0.304747 0.103622 -0.260482
v 0.302134 0.111343 -0.184916
v 0.196136 -0.945388 -0.250264
v 0.187752 -0.935937 -0.256051
v 0.177187 -0.882256 -0.224048
v 0.177139 -0.898236 -0.237264
v -0.192551 -0.610584 -0.235399
v -0.649604 -0.290977 -0.249414
v 0.185348 -0.292070 -0.251652
v 0.182072 -0.283115 -0.253722
v -0.487690 -0.266662 -0.232257
v 0.165170 -0.286251 -0.242552
v -0.088220 -0.291170 -0.232177
v -0.483431 -0.247971 -0.252571
v -0.678345 -0.230154 -0.235545
v -0.291932 -0.226095 -0.238631
v -0.500228 -0.207795 -0.253386
v -0.502848 -0.197464 -0.249929
v -0.304461 -0.159400 -0.237650
v 0.286462 -0.193305 -0.188245
v -0.442264 -0.041040 -0.253862
v -0.367283 0.047497 -0.252540
v -0.333601 0.088382 -0.231709
v -0.312100 0.091501 -0.241299
v -0.316123 0.100921 -0.255345
v -0.311272 0.104468 -0.255805
v 0.378845 0.502691 -0.254804
v -0.463042 0.601015 -0.252033
v -0.406167 0.633324 -0.242255
v -0.300497 0.694960 -0.209694
v -0.225186 0.732732 -0.245790
v 0.152629 -0.940904 -0.250997
v 0.203347 -0.945753 -0.245926
v -0.200586 -0.940687 -0.249069
v -0.197317 -0.937830 -0.252031
v -0.194612 -0.940753 -0.250773
v -0.194841 -0.937896 -0.251886
v 0.219676 -0.943900 -0.228657
v -0.197517 -0.930567 -0.249317
v -0.599851 -0.326406 -0.236058
v -0.536952 -0.307736 -0.236120
v 0.185322 -0.308863 -0.249758
v 0.174486 -0.287341 -0.245938
v -0.271775 -0.274871 -0.245564
v 0.011672 -0.280130 -0.220547
v -0.495243 -0.210566 -0.240514
v -0.500196 -0.121735 -0.227747
v -0.317703 -0.065234 -0.230278
v -0.415657 -0.007403 -0.248564
v -0.300228 -0.002099 -0.242066
v -0.608197 0.092916 -0.228424
v -0.332922 0.069412 -0.205483
v -0.320536 0.096876 -0.247352
v -0.316649 0.101657 -0.252022
v -0.309370 0.100183 -0.249737
v 0.379864 0.481635 -0.248596
v 0.396312 0.489466 -0.252071
v 0.424292 0.442893 -0.245184
v -0.453555 0.624462 -0.251483
v -0.449564 0.627890 -0.251865
v -0.258574 0.720424 -0.225454
v 0.177395 -0.957039 -0.240024
v -0.187060 -0.944637 -0.245643
v -0.238292 -0.945376 -0.220869
v 0.145108 -0.942325 -0.245453
v 0.179814 -0.894642 -0.234116
v -0.166452 -0.547484 -0.227436
v -0.128259 -0.534480 -0.243753
v -0.130264 -0.547643 -0.244694
v -0.125050 -0.534547 -0.241747
v -0.135845 -0.484363 -0.245726
v -0.132595 -0.488776 -0.245252
v -0.117044 -0.421808 -0.235639
v -0.009116 -0.257941 -0.221104
v -0.660140 -0.035354 -0.243171
v -0.421073 -0.009631 -0.241478
v -0.315066 0.099348 -0.245950
v -0.525164 0.247663 -0.199629
v 0.421763 0.439899 -0.246580
v 0.312241 0.661722 -0.200429
v -0.333322 0.661978 -0.230748
v 0.195827 -0.969830 -0.237927
v 0.136682 -0.949211 -0.237252
v -0.229807 -0.704196 -0.212738
v 0.180762 -0.634075 -0.242017
v 0.181125 -0.627363 -0.240828
v 0.183235 -0.633823 -0.241449
v -0.123158 -0.492905 -0.237012
v -0.155057 -0.479723 -0.239729
v 0.181798 -0.334091 -0.243153
v 0.181247 -0.359116 -0.239631
v 0.166064 -0.291639 -0.238128
v 0.221857 -0.258422 -0.236806
v 0.274237 -0.225543 -0.208053
v -0.679373 -0.210039 -0.230385
v -0.498671 -0.184849 -0.231996
v -0.667101 -0.089558 -0.227473
v -0.331974 -0.113877 -0.229007
v -0.473285 -0.066825 -0.241237
v -0.467302 -0.049952 -0.237985
v -0.656700 -0.056735 -0.211887
v -0.371558 0.045020 -0.220047
v -0.325844 0.092984 -0.244035
v -0.318719 0.097808 -0.242492
v -0.314785 0.096613 -0.242721
v 0.438580 0.402953 -0.240363
v 0.433785 0.419037 -0.243362
v 0.414381 0.378922 -0.227365
v 0.375240 0.444731 -0.240178
v -0.456625 0.612342 -0.223492
v -0.279355 0.699485 -0.225323
v 0.211390 0.723841 -0.212821
v -0.007042 0.825454 -0.224643
v 0.189519 -0.981907 -0.230016
v -0.188908 -0.981676 -0.212427
v 0.135949 -0.947026 -0.237262
v -0.145759 -0.945899 -0.219864
v -0.193797 -0.898699 -0.230119
v 0.137486 -0.914979 -0.212267
v 0.183451 -0.687735 -0.229275
v -0.217500 -0.646735 -0.237944
v -0.113245 -0.468074 -0.228590
v -0.049460 -0.291374 -0.204165
v -0.583505 -0.318853 -0.230580
v -0.555802 -0.313656 -0.235686
v 0.157001 -0.299799 -0.228496
v -0.640694 -0.274555 -0.213932
v -0.515976 -0.289004 -0.220902
v -0.297597 -0.287755 -0.232273
v -0.672165 -0.232486 -0.214920
v 0.250761 -0.241958 -0.220059
v -0.328418 -0.094128 -0.234951
v -0.316281 0.087130 -0.234766
v -0.325378 0.093448 -0.239170
v -0.317557 0.092755 -0.237222
v -0.574574 0.146765 -0.192390
v 0.348542 0.307939 -0.212114
v 0.458712 0.365009 -0.233270
v 0.450225 0.385623 -0.236712
v 0.451992 0.426108 -0.220129
v 0.380129 0.571339 -0.220769
v -0.417601 0.643852 -0.209919
v -0.354876 0.640724 -0.235177
v -0.349451 0.645011 -0.239246
v 0.245307 0.699022 -0.212999
v 0.195389 -0.977404 -0.232968
v 0.165341 -0.969167 -0.226732
v 0.181204 -0.692020 -0.228981
v 0.158150 -0.671063 -0.215244
v 0.161593 -0.642362 -0.228232
v 0.212084 -0.626031 -0.220480
v -0.101854 -0.534772 -0.200211
v -0.204814 -0.471328 -0.219507
v 0.174097 -0.408626 -0.228367
v 0.180371 -0.396550 -0.233602
v 0.241190 -0.284216 -0.221126
v -0.432898 -0.012011 -0.233716
v -0.383590 0.030014 -0.224206
v -0.323506 0.002640 -0.200823
v -0.607339 0.041188 -0.171087
v -0.322695 0.093188 -0.236104
v 0.345232 0.286803 -0.208935
v 0.457179 0.376526 -0.232829
v 0.362354 0.361665 -0.223489
v -0.345677 0.647401 -0.218679
v -0.251426 0.770408 -0.171299
v 0.192223 -0.982104 -0.229441
v 0.125954 -0.950993 -0.224807
v -0.145303 -0.898552 -0.199584
v -0.117438 -0.699739 -0.212385
v -0.275924 -0.642579 -0.217727
v 0.209726 -0.646146 -0.215716
v -0.246311 -0.547263 -0.189149
v 0.179634 -0.412865 -0.229226
v 0.178303 -0.421144 -0.226632
v 0.178724 -0.404204 -0.230619
v -0.540676 -0.306811 -0.228846
v -0.499375 -0.271249 -0.211655
v 0.039359 -0.289123 -0.203770
v 0.011204 -0.289403 -0.207812
v -0.362578 -0.305025 -0.204477
v -0.505112 -0.206798 -0.225233
v -0.350423 -0.185443 -0.209894
v -0.333296 -0.114518 -0.226309
v -0.467151 -0.019810 -0.217035
v -0.325225 0.085060 -0.225011
v -0.327579 0.090611 -0.229874
v 0.471359 0.335798 -0.228978
v -0.507219 0.410640 -0.174057
v -0.425660 0.638281 -0.222735
v -0.401131 0.652440 -0.184710
v -0.176432 0.803186 -0.202111
v 0.188980 -0.983916 -0.226097
v -0.171062 -0.960538 -0.220491
v 0.246605 -0.950168 -0.199680
v -0.187842 -0.833053 -0.214360
v 0.186548 -0.763142 -0.214778
v 0.180891 -0.720971 -0.224241
v -0.296427 -0.674812 -0.200314
v 0.174529 -0.416740 -0.224657
v 0.212189 -0.400546 -0.207121
v -0.590216 -0.323315 -0.225685
v -0.578154 -0.317651 -0.225443
v -0.569575 -0.316201 -0.223141
v -0.560951 -0.311106 -0.225883
v -0.554474 -0.310211 -0.226915
v -0.550140 -0.306698 -0.223925
v -0.602522 -0.315231 -0.214564
v 0.144550 -0.301349 -0.220213
v 0.106983 -0.302351 -0.203717
v -0.493860 -0.267616 -0.216864
v -0.500197 -0.226220 -0.223501
v -0.501063 -0.234751 -0.221509
v -0.501191 -0.211164 -0.228542
v -0.357897 -0.255540 -0.205905
v 0.281248 -0.217495 -0.204473
v -0.326797 -0.089706 -0.222498
v -0.337992 0.084808 -0.228049
v -0.331463 0.089367 -0.226493
v -0.544263 0.221346 -0.212280
v -0.510187 0.318381 -0.191276
v 0.480169 0.311188 -0.224788
v 0.482372 0.318374 -0.224363
v 0.483343 0.310810 -0.224300
v 0.426922 0.340752 -0.219127
v -0.316835 0.678878 -0.218532
v 0.043276 0.824208 -0.208142
v 0.168738 -0.984958 -0.212917
v 0.216171 -0.973418 -0.204856
v 0.120584 -0.961030 -0.211262
v -0.100658 -0.939598 -0.187410
v -0.190231 -0.865116 -0.209744
v 0.153892 -0.619270 -0.211415
v 0.178760 -0.543491 -0.208045
v -0.275615 -0.492186 -0.182017
v 0.145831 -0.404786 -0.206702
v -0.588785 -0.324901 -0.221453
v -0.576094 -0.329099 -0.222319
v -0.568307 -0.332884 -0.221072
v -0.564507 -0.329533 -0.223158
v -0.558699 -0.331583 -0.220907
v -0.595822 -0.323562 -0.223670
v -0.557383 -0.326412 -0.222175
v -0.557289 -0.317449 -0.219672
v -0.554604 -0.311696 -0.220360
v 0.007999 -0.284353 -0.212664
v -0.499380 -0.221856 -0.222486
v -0.513833 -0.200823 -0.212082
v -0.510858 -0.184112 -0.207777
v -0.512896 -0.109301 -0.178481
v -0.657359 -0.081335 -0.199257
v -0.328716 0.082900 -0.217570
v -0.330196 0.087258 -0.221611
v -0.335829 0.088092 -0.224095
v -0.533017 0.230907 -0.209561
v 0.334061 0.232552 -0.197219
v 0.499620 0.277009 -0.215924
v 0.491941 0.286115 -0.219560
v 0.456693 0.291150 -0.212085
v 0.357979 0.345030 -0.219676
v -0.481444 0.509469 -0.185754
v -0.408922 0.648750 -0.193805
v 0.104038 0.799513 -0.208764
v -0.105664 0.832022 -0.194992
v -0.258359 -0.953227 -0.203173
v 0.219651 -0.902004 -0.199409
v -0.295914 -0.643056 -0.209573
v 0.224267 -0.687846 -0.194876
v 0.266784 -0.614037 -0.196050
v 0.208108 -0.543327 -0.191660
v -0.076379 -0.596988 -0.170738
v 0.177497 -0.471549 -0.217075
v -0.051076 -0.371523 -0.192259
v -0.561090 -0.334824 -0.214067
v -0.591843 -0.325976 -0.217713
v -0.584081 -0.330834 -0.217018
v -0.550604 -0.328019 -0.216321
v -0.545576 -0.321461 -0.213323
v -0.550407 -0.313809 -0.215926
v 0.258194 -0.313362 -0.208660
v -0.550874 -0.308772 -0.217321
v -0.540854 -0.299124 -0.221065
v -0.548981 -0.303524 -0.218952
v -0.048531 -0.286320 -0.208354
v -0.500997 -0.239555 -0.219675
v -0.500177 -0.229730 -0.218415
v -0.678678 -0.226491 -0.202686
v -0.676334 -0.214911 -0.211312
v -0.411519 0.016885 -0.221378
v -0.339832 0.088374 -0.221516
v -0.333555 0.090875 -0.219754
v 0.500738 0.265604 -0.214693
v 0.448158 0.278673 -0.203549
v 0.353821 0.320139 -0.213303
v 0.519714 0.347200 -0.159191
v -0.454259 0.596261 -0.144764
v -0.342671 0.654226 -0.180655
v 0.277768 0.694876 -0.183734
v -0.230366 -0.981209 -0.183575
v 0.108739 -0.947298 -0.196374
v 0.252334 -0.939623 -0.186618
v -0.192850 -0.859158 -0.208089
v -0.185746 -0.837343 -0.211785
v -0.258852 -0.783213 -0.172768
v 0.185294 -0.787480 -0.211239
v 0.178731 -0.754294 -0.213151
v 0.107538 -0.647381 -0.194779
v -0.076289 -0.512796 -0.170773
v -0.572308 -0.334132 -0.214029
v 0.128554 -0.316578 -0.201847
v -0.548170 -0.305240 -0.212132
v -0.546437 -0.300844 -0.214163
v -0.523874 -0.282782 -0.212854
v -0.010052 -0.269126 -0.201099
v -0.016511 -0.275665 -0.183968
v -0.503531 -0.251836 -0.212929
v -0.504521 -0.246370 -0.211854
v 0.273216 -0.229669 -0.206871
v -0.500247 -0.233619 -0.213735
v -0.496136 -0.226112 -0.210364
v -0.499630 -0.216366 -0.211472
v -0.508330 -0.210827 -0.216009
v -0.511576 -0.206353 -0.216609
v -0.331735 -0.110872 -0.206166
v -0.440671 0.016561 -0.212689
v -0.375215 0.049488 -0.208588
v -0.331544 0.086697 -0.213988
v -0.332486 0.089959 -0.215693
v -0.335345 0.095044 -0.217296
v -0.339497 0.098217 -0.218245
v -0.185729 -0.987134 -0.204620
v -0.258467 -0.950622 -0.203875
v 0.114441 -0.906038 -0.182903
v -0.187493 -0.864776 -0.208575
v -0.187893 -0.859384 -0.207632
v 0.190964 -0.779579 -0.209256
v 0.153879 -0.597852 -0.203662
v 0.177651 -0.525553 -0.209744
v 0.180143 -0.533720 -0.208916
v 0.153739 -0.429374 -0.199310
v -0.616714 -0.323650 -0.192412
v -0.609973 -0.311670 -0.208303
v -0.541830 -0.304163 -0.207440
v -0.542214 -0.293287 -0.210787
v -0.543868 -0.295833 -0.208772
v -0.641252 -0.278477 -0.208755
v -0.533411 -0.286325 -0.211109
v 0.005657 -0.286368 -0.205126
v -0.654511 -0.257607 -0.209809
v -0.014417 -0.264940 -0.205283
v -0.358414 -0.239321 -0.204893
v -0.414582 0.045125 -0.202812
v -0.386409 0.046085 -0.204780
v -0.358040 0.078045 -0.210447
v -0.331706 0.110498 -0.211376
v -0.339460 0.119520 -0.216413
v -0.332637 0.115291 -0.214380
v -0.332712 0.119794 -0.211827
v -0.340505 0.131318 -0.215721
v -0.333814 0.134856 -0.216376
v -0.329426 0.139525 -0.211346
v -0.335454 0.139412 -0.218513
v -0.362195 0.157940 -0.207558
v -0.335978 0.174741 -0.215841
v -0.329624 0.174374 -0.211973
v -0.334691 0.179391 -0.212554
v -0.537860 0.229691 -0.211976
v 0.524709 0.227075 -0.203716
v 0.349326 0.287831 -0.204128
v 0.372296 0.282975 -0.198427
v -0.314200 0.678537 -0.198021
v 0.195329 0.750729 -0.183841
v -0.196974 -0.985663 -0.196620
v 0.144323 -0.986340 -0.196377
v -0.160995 -0.985204 -0.183690
v -0.095738 -0.953600 -0.184198
v -0.097050 -0.950546 -0.187212
v 0.128683 -0.864176 -0.174761
v 0.187585 -0.838291 -0.199953
v 0.183424 -0.839034 -0.200399
v -0.152403 -0.824823 -0.174610
v -0.298684 -0.646480 -0.205810
v -0.299223 -0.622728 -0.195946
v -0.261932 -0.552183 -0.182172
v 0.162302 -0.543192 -0.196018
v 0.212265 -0.450762 -0.198711
v -0.345805 -0.387473 -0.182369
v 0.271186 -0.367128 -0.195715
v -0.529403 -0.304637 -0.200364
v -0.535084 -0.292866 -0.202897
v -0.537955 -0.290984 -0.206217
v 0.073354 -0.307293 -0.179631
v -0.636670 -0.297337 -0.200286
v -0.535086 -0.287011 -0.204665
v -0.528925 -0.282328 -0.205773
v -0.520603 -0.277789 -0.208376
v -0.511949 -0.273645 -0.209386
v -0.503434 -0.264137 -0.211224
v -0.514673 -0.267647 -0.203411
v 0.298709 -0.272578 -0.189771
v -0.513095 -0.249918 -0.201949
v 0.283849 -0.218193 -0.199971
v -0.500357 -0.233676 -0.203868
v -0.500109 -0.223282 -0.204216
v -0.517368 -0.206233 -0.202816
v -0.654069 -0.160225 -0.157978
v -0.450003 0.016475 -0.209267
v -0.340095 0.182264 -0.203874
v -0.329546 0.174335 -0.206013
v -0.333440 0.181158 -0.201858
v 0.468826 0.220825 -0.183576
v 0.525594 0.219183 -0.203505
v 0.354732 0.287217 -0.201668
v 0.411522 0.617864 -0.146781
v -0.289095 0.707525 -0.201370
v -0.266199 0.735885 -0.196427
v -0.179986 0.833662 -0.166474
v -0.023912 0.890166 -0.142428
v 0.164121 -0.992646 -0.152087
v 0.105067 -0.959102 -0.194596
v -0.246003 -0.906353 -0.188574
v -0.130791 -0.903475 -0.188221
v -0.175325 -0.864874 -0.191691
v 0.141343 -0.699741 -0.192324
v -0.084210 -0.695442 -0.174691
v 0.225147 -0.408861 -0.199893
v -0.553695 -0.333087 -0.181404
v -0.526950 -0.303601 -0.196606
v 0.014320 -0.310250 -0.166181
v -0.523399 -0.283962 -0.199173
v -0.047169 -0.295359 -0.196460
v -0.523857 -0.278992 -0.200156
v -0.517912 -0.273230 -0.202158
v -0.365115 -0.305444 -0.200880
v -0.516922 -0.211739 -0.200309
v -0.479400 -0.008557 -0.183067
v -0.441713 0.045058 -0.203171
v -0.440644 0.036828 -0.205504
v -0.394183 0.048811 -0.202238
v -0.407585 0.124272 -0.200569
v 0.498628 0.207698 -0.185334
v 0.534302 0.203030 -0.202496
v -0.520900 0.218953 -0.203015
v -0.528736 0.232079 -0.206110
v 0.342218 0.274242 -0.193481
v 0.351864 0.281448 -0.196264
v -0.516881 0.352286 -0.216234
v 0.473343 0.438833 -0.187029
v 0.372434 0.632747 -0.183722
v -0.076827 0.890581 -0.145433
v 0.211792 -0.984854 -0.192001
v 0.095209 -0.969162 -0.180334
v -0.270963 -0.961564 -0.190795
v 0.245547 -0.974723 -0.170993
v 0.254865 -0.954093 -0.187883
v -0.274070 -0.934905 -0.177689
v -0.156627 -0.877897 -0.179314
v -0.161633 -0.842024 -0.178456
v -0.071539 -0.634742 -0.166986
v -0.076689 -0.560222 -0.166817
v 0.133109 -0.442376 -0.178517
v -0.056090 -0.429667 -0.179526
v 0.316194 -0.380071 -0.176638
v -0.048023 -0.313666 -0.196875
v -0.512918 -0.283584 -0.192466
v -0.008869 -0.272971 -0.192102
v -0.513478 -0.271969 -0.195093
v -0.516743 -0.264427 -0.197437
v -0.517472 -0.254579 -0.197447
v -0.512740 -0.246421 -0.198792
v 0.294142 -0.239439 -0.191585
v -0.512354 -0.242402 -0.194780
v -0.513509 -0.239573 -0.191030
v -0.521240 -0.210237 -0.195356
v -0.514939 -0.184194 -0.194688
v -0.436092 0.048634 -0.204937
v -0.432704 0.065577 -0.203394
v -0.429158 0.083078 -0.201280
v -0.424437 0.090761 -0.201929
v -0.391299 0.139177 -0.201038
v -0.395494 0.141705 -0.196350
v 0.547304 0.185035 -0.195308
v 0.554074 0.160603 -0.195365
v 0.543289 0.182221 -0.197755
v 0.308202 0.111680 -0.167888
v -0.336100 0.184105 -0.199245
v 0.519049 0.199682 -0.193259
v -0.517255 0.210071 -0.200549
v -0.519767 0.223893 -0.201558
v -0.181978 -0.989439 -0.196761
v 0.209207 -0.989576 -0.180601
v -0.225640 -0.855339 -0.186820
v -0.142279 -0.891053 -0.175912
v -0.112492 -0.778645 -0.153808
v 0.249405 -0.749770 -0.162453
v -0.299699 -0.737893 -0.175573
v 0.054008 -0.589675 -0.137688
v 0.246066 -0.450581 -0.184667
v -0.593967 -0.336586 -0.148618
v -0.612883 -0.326752 -0.188899
v 0.039051 -0.313011 -0.150479
v -0.043515 -0.303883 -0.175216
v -0.511689 -0.251586 -0.191754
v -0.504915 -0.264288 -0.187595
v -0.517350 -0.219580 -0.191856
v -0.643188 -0.081456 -0.162394
v 0.318830 -0.018305 -0.102328
v -0.412166 0.137916 -0.191291
v 0.561527 0.140417 -0.192057
v 0.558378 0.152408 -0.193455
v 0.571259 0.119310 -0.189873
v -0.332862 0.135644 -0.189355
v -0.334100 0.182595 -0.189188
v 0.559581 0.155618 -0.191364
v 0.527853 0.174596 -0.184583
v -0.339231 0.188716 -0.195181
v 0.502668 0.194668 -0.187369
v -0.500384 0.193455 -0.190377
v 0.369094 0.254011 -0.182798
v 0.346105 0.280599 -0.192088
v 0.347941 0.272147 -0.180046
v 0.452866 0.521497 -0.159828
v -0.337296 0.657244 -0.180765
v 0.046292 0.869042 -0.137045
v 0.127922 -0.985849 -0.184193
v -0.255744 -0.984926 -0.166874
v 0.087506 -0.962188 -0.179096
v -0.263368 -0.863734 -0.178439
v 0.294767 -0.621155 -0.181481
v -0.300273 -0.547353 -0.159742
v 0.283638 -0.543357 -0.157136
v 0.089341 -0.429888 -0.149134
v -0.353976 -0.366959 -0.183991
v -0.545161 -0.327423 -0.161182
v -0.633094 -0.315658 -0.183870
v 0.087104 -0.315260 -0.174750
v -0.666154 -0.287366 -0.146798
v -0.673294 -0.258681 -0.159840
v -0.000496 -0.298786 -0.134772
v 0.305600 -0.293368 -0.183300
v -0.512424 -0.243719 -0.189868
v 0.305027 -0.097262 -0.138322
v -0.331632 -0.056067 -0.164266
v -0.425030 0.145576 -0.178288
v -0.336392 0.069168 -0.176869
v 0.578126 0.102916 -0.186791
v 0.572254 0.111485 -0.189066
v 0.573248 0.099811 -0.185732
v -0.344335 0.190442 -0.187339
v -0.337412 0.189616 -0.185513
v -0.491696 0.189854 -0.186172
v 0.490623 0.199208 -0.178077
v -0.506839 0.269142 -0.167456
v 0.419140 0.225909 -0.174646
v 0.343312 0.275000 -0.188593
v 0.345998 0.273930 -0.183434
v -0.490716 0.360907 -0.166582
v -0.320147 0.674929 -0.180462
v 0.083480 0.836219 -0.166324
v -0.035925 0.877348 -0.161588
v -0.283770 -0.966886 -0.179456
v -0.094954 -0.953849 -0.177598
v -0.103457 -0.927725 -0.180710
v 0.116526 -0.893598 -0.180329
v -0.242467 -0.838765 -0.178351
v 0.232736 -0.834577 -0.166067
v -0.296046 -0.750085 -0.174270
v 0.053620 -0.646733 -0.164906
v 0.291657 -0.606467 -0.184413
v 0.299858 -0.605232 -0.179403
v 0.298761 -0.585927 -0.170630
v 0.128251 -0.538929 -0.169841
v 0.131154 -0.471819 -0.174098
v -0.633967 -0.319720 -0.172106
v -0.501425 -0.264282 -0.180530
v -0.515370 -0.235741 -0.186532
v -0.533653 -0.213577 -0.157260
v -0.516433 -0.159733 -0.169416
v -0.482628 0.032804 -0.150159
v 0.495091 0.186149 -0.181310
v 0.342458 0.270707 -0.184521
v 0.307885 0.680066 -0.175383
v 0.237086 0.743468 -0.150354
v 0.262838 0.741391 -0.125570
v -0.170193 -0.991465 -0.180196
v -0.284101 -0.973275 -0.174776
v 0.082727 -0.943357 -0.167493
v 0.265987 -0.909552 -0.158833
v -0.113254 -0.916001 -0.180251
v -0.293332 -0.917675 -0.162749
v 0.253774 -0.851615 -0.154127
v 0.157895 -0.830933 -0.178240
v 0.154048 -0.817476 -0.173479
v 0.120751 -0.775513 -0.147665
v -0.296293 -0.800228 -0.154713
v 0.116009 -0.756526 -0.149184
v 0.282909 -0.741593 -0.152870
v -0.068503 -0.525349 -0.154443
v -0.329804 -0.458530 -0.166624
v 0.303358 -0.462819 -0.166113
v -0.033650 -0.351061 -0.109765
v 0.044184 -0.316047 -0.145909
v -0.517097 -0.303208 -0.135378
v -0.009674 -0.281221 -0.165660
v -0.655125 -0.205935 -0.149359
v -0.338264 -0.097469 -0.101903
v -0.331293 -0.018338 -0.147590
v 0.307134 0.056806 -0.155478
v 0.586196 0.110311 -0.170938
v 0.536383 0.141029 -0.176618
v -0.398781 0.158669 -0.170421
v -0.455546 0.151629 -0.166242
v -0.483428 0.176842 -0.180784
v 0.494498 0.173746 -0.178150
v 0.562613 0.176691 -0.174893
v -0.336854 0.191088 -0.177806
v -0.339529 0.192209 -0.182964
v 0.561375 0.189273 -0.174666
v 0.486927 0.191184 -0.172399
v 0.336456 0.677414 -0.147876
v -0.218296 -0.991365 -0.167574
v 0.079469 -0.960621 -0.168576
v -0.290781 -0.970977 -0.170065
v -0.113825 -0.912625 -0.168448
v -0.142395 -0.886164 -0.170478
v -0.283764 -0.834549 -0.166374
v 0.134796 -0.796728 -0.157544
v 0.261721 -0.800616 -0.141962
v -0.299003 -0.766851 -0.166291
v -0.046762 -0.675193 -0.147544
v -0.057099 -0.609895 -0.146286
v -0.304768 -0.580952 -0.171075
v -0.065594 -0.555582 -0.143048
v 0.319078 -0.380203 -0.174266
v -0.039084 -0.312095 -0.146984
v -0.629381 -0.328657 -0.141076
v -0.528883 -0.314977 -0.139730
v -0.500370 -0.264715 -0.169298
v -0.520271 -0.232222 -0.174221
v -0.331628 0.007034 -0.151793
v -0.483082 0.060869 -0.138054
v -0.600086 0.051309 -0.169725
v -0.424176 0.150169 -0.175872
v 0.522803 0.124533 -0.165454
v -0.378971 0.193948 -0.141945
v -0.343200 0.197061 -0.179577
v 0.452560 0.209811 -0.173717
v 0.381669 0.241641 -0.175251
v 0.339362 0.249184 -0.164038
v 0.347881 0.263964 -0.170319
v -0.495873 0.451291 -0.157016
v 0.369423 0.640339 -0.172116
v -0.387791 0.659379 -0.156697
v 0.110565 -0.991788 -0.135265
v 0.110913 -0.989509 -0.151503
v 0.083342 -0.966360 -0.167654
v -0.259235 -0.822384 -0.170264
v -0.299483 -0.754407 -0.168036
v 0.091146 -0.568780 -0.153202
v -0.321768 -0.500279 -0.158910
v -0.342121 -0.416728 -0.171796
v 0.040688 -0.324470 -0.137050
v 0.012407 -0.316024 -0.147464
v -0.521745 -0.127007 -0.144869
v -0.512677 -0.029779 -0.137871
v 0.490066 0.141369 -0.164089
v 0.486772 0.161372 -0.170223
v -0.344194 0.204589 -0.170709
v 0.366030 0.249409 -0.175358
v 0.347854 0.251661 -0.153867
v 0.341145 0.254193 -0.163014
v 0.554379 0.297176 -0.133234
v -0.351954 0.664706 -0.137899
v 0.141392 0.808062 -0.150412
v -0.173436 -0.996869 -0.159907
v -0.300459 -0.993338 -0.138327
v -0.121457 -0.993565 -0.109962
v 0.260931 -0.962494 -0.171174
v 0.267073 -0.967076 -0.151244
v -0.108153 -0.934917 -0.157521
v -0.114799 -0.906754 -0.159008
v 0.081296 -0.913382 -0.154711
v 0.078688 -0.864233 -0.142443
v -0.271690 -0.800724 -0.162846
v -0.320355 -0.667272 -0.101536
v -0.321647 -0.517076 -0.151216
v -0.533852 -0.219041 -0.153173
v -0.533544 0.076261 -0.155783
v -0.455414 0.115042 -0.155253
v -0.462353 0.161494 -0.168043
v 0.483403 0.182097 -0.165614
v 0.478891 0.183015 -0.159969
v -0.337295 0.199893 -0.170312
v -0.336103 0.199027 -0.167062
v 0.566430 0.234573 -0.145753
v -0.342439 0.660018 -0.159466
v -0.243681 -0.996001 -0.142963
v 0.238475 -0.990410 -0.147696
v -0.295974 -0.985886 -0.154650
v -0.296642 -0.979577 -0.158833
v 0.265772 -0.985573 -0.138509
v -0.105135 -0.875537 -0.129072
v 0.049465 -0.649997 -0.161786
v -0.311819 -0.550478 -0.152541
v 0.294849 -0.512791 -0.158904
v -0.355203 -0.375551 -0.122890
v -0.641572 -0.319870 -0.147564
v -0.011061 -0.287615 -0.150752
v -0.004782 -0.290956 -0.146927
v -0.656442 -0.236115 -0.132939
v -0.522062 -0.097079 -0.154080
v 0.506773 0.074914 -0.141515
v 0.510942 0.099621 -0.150617
v -0.449686 0.131415 -0.158066
v -0.435487 0.152714 -0.168297
v -0.331603 0.160471 -0.110658
v -0.431996 0.158399 -0.168183
v 0.466637 0.131845 -0.145789
v 0.591695 0.164254 -0.145377
v -0.333783 0.181613 -0.152592
v -0.337140 0.203395 -0.168473
v -0.338173 0.208755 -0.167539
v 0.339391 0.232525 -0.138903
v 0.369275 0.217634 -0.122548
v -0.503981 0.418703 -0.166209
v 0.427217 0.607881 -0.137177
v -0.346040 0.671843 -0.121811
v -0.143147 0.893361 -0.113023
v 0.099537 -0.984930 -0.151148
v 0.266569 -0.978346 -0.146517
v -0.109952 -0.888412 -0.138413
v -0.070046 -0.724352 -0.146876
v 0.070981 -0.703057 -0.149679
v 0.042647 -0.646572 -0.155739
v 0.044975 -0.643857 -0.158081
v 0.293692 -0.538887 -0.150696
v 0.291848 -0.543452 -0.154514
v -0.063766 -0.525741 -0.142898
v -0.661372 -0.299154 -0.140095
v -0.672556 -0.275959 -0.132290
v 0.586630 0.024832 -0.142193
v 0.583556 0.029155 -0.145652
v 0.461291 0.107746 -0.137165
v -0.445173 0.143551 -0.161902
v -0.455345 0.157658 -0.166071
v -0.448065 0.156569 -0.166447
v -0.451027 0.183316 -0.149260
v 0.339483 0.241865 -0.151285
v 0.340526 0.250396 -0.159575
v -0.483379 0.489022 -0.136677
v 0.498727 0.472099 -0.145559
v 0.187063 0.769498 -0.162885
v 0.088407 -0.980857 -0.135194
v 0.083970 -0.830139 -0.133906
v 0.091318 -0.745343 -0.141481
v 0.046509 -0.657130 -0.155007
v 0.064225 -0.530607 -0.124586
v -0.316994 -0.541855 -0.150437
v 0.337977 -0.363852 -0.134019
v -0.605500 -0.336038 -0.144102
v 0.020157 -0.328412 -0.125522
v -0.021461 -0.298992 -0.146839
v 0.313214 -0.201849 -0.133950
v 0.610411 0.069677 -0.125930
v 0.470141 0.132253 -0.149601
v 0.343570 0.250984 -0.154691
v 0.215978 0.782281 -0.113349
v -0.299786 -0.989514 -0.145248
v 0.083087 -0.970648 -0.148684
v -0.113434 -0.908906 -0.152113
v 0.078626 -0.900443 -0.147488
v 0.272293 -0.888505 -0.142253
v 0.292426 -0.838051 -0.084716
v -0.093964 -0.787675 -0.131596
v 0.282781 -0.761938 -0.145051
v 0.270674 -0.778730 -0.141563
v 0.285713 -0.770158 -0.137503
v 0.042951 -0.650216 -0.148543
v 0.046107 -0.627401 -0.149836
v -0.060465 -0.524810 -0.122786
v -0.574038 -0.327153 -0.145473
v -0.670573 -0.283432 -0.135507
v -0.530556 -0.245125 -0.124291
v -0.621306 -0.082651 -0.135616
v -0.608997 -0.048366 -0.141859
v 0.548550 0.000338 -0.115887
v -0.473773 0.085297 -0.143951
v 0.599147 0.123364 -0.150132
v -0.336060 0.220590 -0.149862
v -0.339635 0.222353 -0.151026
v 0.353819 0.238267 -0.141148
v 0.347810 0.243396 -0.141458
v 0.341746 0.246258 -0.150442
v 0.457397 0.546468 -0.142314
v 0.444744 0.603741 -0.121189
v -0.445351 0.603289 -0.136208
v 0.321953 0.690881 -0.142477
v 0.087438 0.859250 -0.125367
v 0.091986 -0.913208 -0.073487
v -0.305010 -0.788434 -0.126391
v 0.031505 -0.323621 -0.134047
v 0.352351 -0.285183 -0.072307
v 0.498373 0.082645 -0.140344
v -0.446045 0.207962 -0.133663
v 0.316444 0.111145 -0.114028
v -0.332265 0.227636 -0.140554
v -0.339780 0.230190 -0.142384
v -0.463807 0.343955 -0.125306
v 0.494649 0.513233 -0.130972
v 0.374439 0.645719 -0.122512
v -0.216730 0.863903 -0.100714
v -0.069009 0.896787 -0.138081
v -0.036125 0.889931 -0.145797
v -0.128154 -0.996909 -0.106107
v 0.076501 -0.879828 -0.139766
v 0.276095 -0.867426 -0.133768
v 0.285714 -0.809009 -0.125414
v 0.093712 -0.766738 -0.129171
v 0.086604 -0.740936 -0.138237
v 0.309394 -0.721165 -0.064164
v -0.046838 -0.671677 -0.140815
v 0.051970 -0.593551 -0.135208
v 0.041526 -0.475586 -0.108010
v -0.582123 -0.327589 -0.140058
v -0.548512 -0.319549 -0.140477
v -0.532339 -0.316484 -0.136034
v -0.369583 -0.297021 -0.093586
v 0.040135 -0.320012 -0.139859
v 0.017505 -0.329046 -0.120483
v -0.520934 -0.179829 -0.123099
v 0.587063 0.005411 -0.132503
v -0.341972 0.056703 -0.085306
v 0.436830 0.157900 -0.088544
v 0.466527 0.174797 -0.139900
v 0.381940 0.206698 -0.109140
v -0.334920 0.225054 -0.145842
v 0.343628 0.242671 -0.142252
v -0.101513 0.895300 -0.129691
v -0.293427 -0.995792 -0.134713
v 0.095348 -0.986876 -0.130855
v 0.270218 -0.985461 -0.126505
v -0.311359 -0.972097 -0.105337
v 0.089937 -0.986249 -0.102252
v 0.281353 -0.838084 -0.129016
v 0.282659 -0.778472 -0.135079
v 0.093396 -0.780457 -0.128857
v -0.065497 -0.712058 -0.140971
v 0.320442 -0.662869 -0.061083
v 0.300751 -0.538564 -0.129982
v -0.577944 -0.327290 -0.140234
v -0.574234 -0.324699 -0.139795
v -0.646417 -0.315425 -0.141076
v -0.034149 -0.313962 -0.130344
v -0.665924 -0.290470 -0.133684
v -0.004751 -0.293976 -0.136518
v -0.360820 -0.243733 -0.076820
v -0.539839 -0.217800 -0.127290
v -0.635504 -0.181369 -0.125062
v -0.529234 -0.119392 -0.133272
v -0.616018 -0.098319 -0.121693
v -0.529216 -0.067592 -0.133776
v -0.517740 0.022875 -0.137574
v 0.453969 0.079043 -0.123866
v -0.492893 0.051144 -0.134382
v 0.623329 0.164749 -0.116481
v 0.636190 0.176436 -0.100616
v -0.402027 0.208730 -0.129765
v 0.341656 0.237864 -0.138016
v 0.347258 0.238704 -0.133940
v 0.568317 0.338197 -0.097749
v 0.538522 0.413711 -0.113077
v 0.481282 0.545359 -0.125388
v 0.157194 0.836438 -0.092310
v -0.114605 -0.912324 -0.110531
v -0.106778 -0.883295 -0.129878
v 0.066679 -0.708129 -0.107033
v -0.066481 -0.593226 -0.120161
v 0.316053 -0.572425 -0.101157
v -0.318700 -0.567141 -0.118155
v 0.028513 -0.333449 -0.126354
v -0.597636 -0.337993 -0.127298
v -0.505823 -0.271949 -0.140444
v -0.527053 -0.160920 -0.107613
v -0.500043 0.015889 -0.136505
v 0.580517 -0.015903 -0.118443
v 0.606425 -0.009483 -0.100455
v -0.495127 0.036728 -0.132655
v 0.444904 0.082515 -0.120977
v -0.438177 0.220662 -0.123379
v -0.362307 0.225743 -0.121869
v -0.334633 0.234546 -0.138801
v -0.336767 0.238556 -0.133899
v -0.329637 0.240664 -0.124347
v -0.331516 0.232286 -0.136535
v 0.511671 0.488064 -0.126495
v -0.363912 0.669239 -0.127214
v 0.355620 0.657330 -0.127008
v 0.289800 0.723237 -0.122297
v -0.319710 0.729061 -0.085008
v -0.184159 0.873936 -0.116987
v -0.015536 0.900171 -0.121312
v -0.173273 -0.999621 -0.135351
v -0.308267 -0.996350 -0.121744
v -0.119495 -0.987820 -0.102782
v 0.079098 -0.867298 -0.111047
v -0.311109 -0.767475 -0.085248
v 0.057403 -0.560267 -0.126294
v 0.054596 -0.508694 -0.117063
v 0.330784 -0.458753 -0.097032
v -0.564991 -0.329780 -0.121404
v 0.027539 -0.328081 -0.128345
v -0.536285 -0.318917 -0.126184
v -0.519910 -0.303639 -0.114393
v -0.006609 -0.297258 -0.125740
v -0.670562 -0.279003 -0.129144
v -0.671627 -0.272496 -0.128492
v -0.538952 -0.226689 -0.123744
v -0.541010 -0.102918 -0.125895
v -0.537548 -0.093481 -0.130406
v -0.577140 -0.091357 -0.126453
v -0.555772 -0.043767 -0.134733
v -0.519949 -0.034654 -0.134143
v -0.502566 0.019651 -0.134591
v 0.317397 0.006604 -0.105586
v 0.444171 0.097719 -0.120924
v -0.373949 0.209797 -0.130139
v 0.343078 0.234107 -0.129807
v 0.030032 0.914381 -0.075281
v -0.319546 -0.992460 -0.100996
v -0.116689 -0.933957 -0.123433
v -0.093056 -0.858908 -0.118984
v -0.072201 -0.667347 -0.081851
v 0.054044 -0.605499 -0.111113
v -0.600853 -0.336212 -0.125184
v -0.625285 -0.308276 -0.126118
v -0.529360 -0.315334 -0.122591
v -0.513427 -0.296055 -0.124138
v -0.511298 -0.284533 -0.124555
v -0.667617 -0.265056 -0.125071
v -0.512404 -0.265394 -0.124026
v -0.536375 -0.076540 -0.130978
v -0.552584 -0.096338 -0.126611
v 0.587308 -0.003572 -0.126182
v 0.341435 0.229368 -0.125926
v -0.334331 0.242697 -0.129613
v -0.457685 0.306760 -0.112870
v -0.473688 0.427412 -0.112218
v 0.498179 0.512841 -0.126475
v 0.441417 0.607775 -0.117962
v -0.366585 0.654431 -0.094846
v -0.350131 0.673532 -0.114104
v -0.345184 0.678766 -0.110403
v -0.237075 0.853165 -0.079433
v 0.091444 -0.989505 -0.090406
v -0.094008 -0.866540 -0.119021
v 0.091080 -0.784782 -0.053204
v -0.071097 -0.559029 -0.115578
v -0.012981 -0.303449 -0.117617
v -0.662194 -0.267473 -0.119279
v -0.513099 -0.268359 -0.120675
v -0.653144 -0.244368 -0.121168
v -0.636746 -0.206383 -0.113080
v 0.328556 -0.155972 -0.088332
v 0.333224 -0.051935 -0.064305
v 0.609454 0.229941 -0.096313
v 0.352877 0.217070 -0.100686
v 0.347285 0.230774 -0.120909
v -0.228217 0.853076 -0.100571
v 0.054437 0.910722 -0.067039
v 0.095830 0.888368 -0.071569
v 0.082373 -0.826281 -0.053509
v 0.060481 -0.530067 -0.114516
v 0.059782 -0.525157 -0.114410
v 0.015519 -0.400442 -0.099755
v -0.593555 -0.336176 -0.122904
v -0.528123 -0.319476 -0.102817
v 0.352724 -0.318106 -0.084986
v -0.002561 -0.302730 -0.117758
v -0.621406 -0.295694 -0.120780
v -0.630249 -0.197405 -0.109143
v -0.600467 -0.111560 -0.100776
v 0.580602 -0.032224 -0.103890
v -0.335777 0.006823 -0.097703
v 0.453455 0.050319 -0.107518
v 0.438435 0.090038 -0.112331
v 0.641554 0.061668 -0.075271
v -0.327442 0.214585 -0.085490
v -0.356387 0.250289 -0.103257
v 0.343304 0.220940 -0.109161
v -0.337434 0.255345 -0.112804
v -0.328820 0.254744 -0.112330
v -0.327200 0.252715 -0.106742
v -0.441794 0.327367 -0.096360
v 0.455353 0.595747 -0.114126
v 0.271398 -0.985624 -0.110148
v 0.283267 -0.985800 -0.068578
v 0.290352 -0.985979 -0.043120
v -0.108073 -0.899288 -0.102822
v 0.081250 -0.745425 -0.094177
v -0.328358 -0.571858 -0.060080
v -0.078156 -0.580393 -0.086770
v -0.046393 -0.479391 -0.089341
v -0.339767 -0.467132 -0.080832
v 0.345894 -0.383917 -0.101543
v -0.026695 -0.328959 -0.084532
v -0.576883 -0.328187 -0.117896
v -0.584154 -0.320485 -0.115246
v -0.604645 -0.308225 -0.119416
v -0.027870 -0.324365 -0.096742
v -0.013518 -0.319099 -0.083619
v -0.006920 -0.304619 -0.108924
v -0.517333 -0.281557 -0.116200
v -0.537827 -0.247011 -0.113371
v -0.543279 -0.242724 -0.107163
v -0.521231 -0.194035 -0.069775
v -0.608884 -0.156768 -0.091825
v 0.556840 -0.009983 -0.112159
v -0.420805 0.286888 -0.090722
v 0.600110 0.255101 -0.093488
v 0.261538 0.751168 -0.097701
v 0.082135 -0.993210 -0.006264
v 0.273622 -0.983218 -0.109989
v 0.350517 -0.355267 -0.101902
v 0.012334 -0.355016 -0.109244
v -0.524990 -0.316441 -0.099281
v -0.004711 -0.315367 -0.091687
v -0.518154 -0.300593 -0.109146
v -0.518081 -0.286184 -0.110796
v -0.522754 -0.273332 -0.113334
v -0.537331 -0.256914 -0.110308
v -0.561545 -0.129423 -0.084122
v -0.547957 -0.124290 -0.100330
v 0.320571 0.044121 -0.080836
v 0.345370 0.204727 -0.080431
v 0.346117 0.219829 -0.104585
v -0.353290 0.249564 -0.104230
v -0.449178 0.584514 -0.078116
v 0.452700 0.599007 -0.106790
v 0.419873 0.625366 -0.102249
v 0.362537 0.656891 -0.089382
v -0.191706 0.881954 -0.100696
v 0.059757 -0.650611 -0.079025
v 0.326468 -0.609594 -0.076677
v 0.327170 -0.625542 -0.065154
v -0.331639 -0.554744 -0.039535
v 0.041458 -0.487256 -0.101393
v -0.508369 -0.295532 -0.097271
v -0.516275 -0.286188 -0.104386
v -0.522145 -0.279363 -0.105588
v -0.534349 -0.265825 -0.107458
v -0.539077 -0.258434 -0.106591
v -0.543801 -0.247552 -0.107285
v -0.537353 -0.234176 -0.080865
v -0.617468 -0.188535 -0.087603
v 0.611385 -0.042293 -0.070805
v 0.460395 0.017507 -0.088387
v 0.417167 0.153360 -0.048126
v 0.436756 0.152212 -0.087778
v -0.335769 0.263558 -0.101358
v -0.328930 0.255848 -0.107735
v 0.540658 0.396711 -0.065143
v -0.450839 0.493664 -0.074963
v 0.512432 0.475517 -0.094365
v 0.467236 0.567064 -0.069124
v 0.439160 0.607376 -0.090266
v 0.140883 0.854447 -0.080366
v -0.176193 0.889401 -0.100573
v -0.114236 0.905220 -0.088769
v -0.056076 0.914014 -0.088682
v -0.014893 0.918560 -0.079176
v 0.272101 -0.989807 -0.022975
v -0.117401 -0.908585 -0.077827
v -0.314497 -0.867439 -0.085316
v -0.109375 -0.779367 -0.086826
v 0.060489 -0.529561 -0.081472
v -0.356509 -0.392256 -0.064411
v -0.020692 -0.349865 -0.060126
v -0.515672 -0.303050 -0.101476
v -0.510246 -0.290297 -0.100025
v -0.530653 -0.261923 -0.096493
v -0.617009 -0.268268 -0.096638
v -0.539336 -0.243612 -0.088561
v -0.620386 -0.217919 -0.105065
v -0.629581 -0.209919 -0.109559
v -0.521670 -0.191900 -0.097641
v 0.346356 0.218618 -0.099956
v -0.418044 0.266446 -0.097770
v -0.444685 0.590844 -0.073780
v 0.403588 0.636514 -0.093747
v -0.349167 0.670394 -0.103054
v 0.303336 0.708071 -0.094156
v -0.334187 -0.998096 -0.063777
v -0.116592 -0.997647 -0.043428
v -0.118395 -0.871778 -0.041885
v 0.089802 -0.883683 -0.069801
v -0.315159 -0.817537 -0.085095
v -0.313308 -0.784711 -0.085346
v 0.022215 -0.445836 -0.092501
v -0.528414 -0.318502 -0.099745
v -0.505599 -0.289734 -0.088560
v -0.604034 -0.271502 -0.085884
v -0.608549 -0.251748 -0.098468
v -0.611311 -0.234450 -0.098694
v -0.618024 -0.208784 -0.100041
v -0.547016 -0.136894 -0.092088
v 0.322563 0.006348 -0.076803
v 0.643378 0.161125 -0.088525
v 0.351275 0.211841 -0.088109
v 0.617401 0.213170 -0.093902
v -0.339873 0.275120 -0.088069
v -0.328583 0.262189 -0.097581
v 0.283910 0.728422 -0.089980
v 0.211552 0.795517 -0.068426
v -0.183870 0.889347 -0.093198
v -0.330577 -0.995453 -0.076064
v -0.344378 -0.992508 -0.043803
v -0.314979 -0.955718 -0.076426
v 0.088838 -0.963601 -0.047971
v 0.319183 -0.534457 -0.081265
v -0.032598 -0.437775 -0.056981
v 0.014017 -0.425343 -0.088242
v 0.337638 -0.429418 -0.077039
v 0.005663 -0.366997 -0.085154
v -0.008787 -0.325178 -0.078875
v -0.004608 -0.320100 -0.087864
v -0.529312 -0.307757 -0.086627
v -0.549946 -0.298399 -0.088225
v -0.606226 -0.246180 -0.096079
v 0.643567 0.163631 -0.085190
v -0.335402 0.269969 -0.096414
v -0.328506 0.267867 -0.095269
v -0.327775 0.266417 -0.089667
v -0.436790 0.311433 -0.092098
v 0.345186 0.667818 -0.077198
v 0.236612 0.773233 -0.080979
v 0.012756 -0.429511 -0.073310
v -0.001407 -0.350087 -0.080347
v -0.525574 -0.309525 -0.086010
v -0.576285 -0.286648 -0.083890
v -0.582889 -0.272567 -0.074242
v -0.601001 -0.260539 -0.087909
v -0.598724 -0.254381 -0.082917
v -0.594930 -0.149482 -0.075866
v -0.588955 -0.125487 -0.084514
v 0.579535 -0.077898 -0.049523
v 0.552770 -0.069763 -0.040182
v -0.343370 0.002513 -0.031490
v 0.673978 0.094240 -0.029819
v 0.332933 0.124001 -0.051966
v 0.350726 0.200141 -0.060426
v 0.600169 0.242372 -0.073951
v -0.326559 0.248194 -0.080943
v -0.335576 0.272510 -0.091694
v -0.332296 0.271897 -0.090679
v -0.413341 0.304143 -0.077599
v 0.570641 0.313483 -0.061236
v 0.522013 0.438204 -0.031853
v 0.378836 0.650060 -0.081118
v 0.328035 0.679810 -0.060964
v 0.136469 0.863147 -0.060146
v -0.158884 0.914743 -0.022553
v 0.013790 0.921656 -0.067234
v 0.090101 -0.766932 -0.077574
v -0.088609 -0.684061 -0.054273
v -0.082941 -0.567095 -0.069991
v -0.020853 -0.327794 -0.073851
v -0.009463 -0.319635 -0.081849
v -0.501412 -0.286902 -0.072421
v -0.590392 -0.262455 -0.065663
v -0.533004 -0.174322 -0.070911
v -0.557827 -0.136657 -0.079689
v -0.346750 -0.063966 -0.036257
v 0.494205 -0.005833 -0.078977
v 0.459754 0.000685 -0.067202
v -0.332873 0.275753 -0.083144
v -0.436378 0.448217 -0.049945
v -0.105906 0.913278 -0.063806
v 0.091470 -0.742465 -0.049748
v 0.298386 -0.812985 -0.064671
v 0.061883 -0.563519 -0.044365
v -0.014272 -0.323365 -0.077897
v -0.529160 -0.308429 -0.080388
v -0.541424 -0.299084 -0.081721
v -0.549335 -0.293792 -0.082337
v -0.554390 -0.290317 -0.082826
v -0.592640 -0.262529 -0.074940
v -0.534438 -0.231234 -0.063861
v 0.403636 0.160898 -0.036599
v -0.331215 0.269809 -0.068278
v -0.331738 0.275509 -0.077316
v -0.338360 0.279418 -0.082936
v -0.302836 0.766337 -0.060148
v -0.229162 0.862062 -0.051852
v 0.029593 0.928823 -0.051023
v -0.116701 -0.938415 -0.064616
v -0.316053 -0.913698 -0.043079
v -0.115649 -0.851103 -0.049640
v -0.310682 -0.805053 -0.049512
v 0.319375 -0.525963 -0.060697
v 0.039040 -0.481766 -0.056918
v -0.047430 -0.474907 -0.065557
v 0.332026 -0.462714 -0.027044
v -0.554711 -0.289902 -0.076844
v -0.501134 -0.287971 -0.068364
v -0.562375 -0.285922 -0.078799
v -0.566281 -0.281350 -0.077991
v -0.575944 -0.279953 -0.080166
v -0.595010 -0.267309 -0.080163
v -0.523459 -0.204158 -0.065592
v -0.577079 -0.133592 -0.076243
v 0.536026 -0.078503 -0.022842
v 0.325222 0.010860 -0.035570
v 0.413580 0.054632 -0.023354
v 0.327792 0.107358 -0.055705
v 0.403726 0.089854 -0.031316
v -0.416841 0.325384 -0.063665
v -0.395936 0.370790 -0.017349
v 0.428057 0.611314 -0.056911
v -0.052148 0.924511 -0.055328
v -0.113710 -0.994775 -0.043190
v 0.082745 -0.833528 -0.053386
v -0.112819 -0.746034 -0.050570
v 0.078459 -0.683414 -0.045535
v -0.084081 -0.663711 -0.054148
v 0.327488 -0.614023 -0.065173
v -0.084853 -0.549582 -0.032881
v -0.008669 -0.344376 -0.064064
v -0.021662 -0.337854 -0.068512
v -0.013811 -0.332789 -0.068335
v -0.020861 -0.333064 -0.068987
v -0.570907 -0.278694 -0.072599
v -0.594993 -0.177601 -0.050637
v 0.342360 -0.135075 -0.047408
v 0.339356 -0.157692 -0.059470
v -0.565538 -0.136959 -0.075173
v 0.620080 -0.061881 -0.042904
v 0.674961 0.048812 -0.006231
v 0.344815 0.196166 -0.064641
v -0.336172 0.284252 -0.073839
v -0.342115 0.288372 -0.075300
v -0.391979 0.382979 -0.005161
v 0.460422 0.576009 -0.006739
v 0.403235 0.631787 -0.065329
v 0.240420 0.773888 -0.052147
v 0.083276 0.897490 -0.064227
v 0.116232 0.881095 -0.060271
v -0.057375 0.994256 -0.071700
v -0.053884 0.997923 -0.070555
v -0.054369 0.993800 -0.070317
v -0.063570 0.996960 -0.071902
v -0.064089 0.999303 -0.070974
v -0.053386 1.000000 -0.067738
v 0.087200 -0.987157 -0.055757
v 0.296338 -0.859513 -0.060027
v 0.295420 -0.850858 -0.060741
v -0.121361 -0.783736 -0.053627
v -0.327672 -0.675602 -0.036942
v -0.014266 -0.336720 -0.065516
v -0.531280 -0.314552 -0.064115
v -0.538681 -0.319853 -0.047124
v -0.578708 -0.275498 -0.068166
v -0.534391 -0.225736 -0.064639
v -0.580352 -0.149838 -0.063682
v 0.327630 -0.027039 -0.048542
v -0.343623 0.143622 -0.028372
v -0.335346 0.256287 -0.046727
v -0.340438 0.295553 -0.065894
v -0.341168 0.291075 -0.069910
v -0.393255 0.320814 -0.063323
v -0.432892 0.552341 -0.041954
v 0.005839 0.941235 -0.019152
v -0.064203 0.969568 -0.061968
v -0.072304 0.992759 -0.066226
v -0.067247 0.999465 -0.067944
v -0.042847 0.985561 -0.056971
v -0.185654 -0.998085 0.014216
v -0.342799 -0.960297 -0.017351
v -0.311839 -0.830614 -0.036959
v 0.075338 -0.658493 -0.032991
v 0.062239 -0.613256 -0.057237
v 0.322091 -0.596617 -0.045134
v -0.091465 -0.605286 -0.049722
v -0.340375 -0.508660 -0.043076
v -0.357882 -0.417436 -0.018116
v -0.016004 -0.344031 -0.059762
v -0.014399 -0.340783 -0.063939
v -0.549869 -0.311379 -0.048450
v -0.578276 -0.278401 -0.060819
v -0.344092 -0.093303 -0.039556
v 0.645286 -0.041955 -0.012855
v -0.346608 0.052706 -0.024231
v 0.411246 0.154221 -0.036139
v 0.370410 0.184223 -0.040277
v 0.582778 0.259112 -0.032276
v -0.439620 0.588016 -0.054349
v -0.408113 0.608445 -0.033660
v -0.077456 0.924217 -0.045520
v -0.062053 0.958236 -0.056884
v -0.070743 0.997529 -0.064443
v 0.307899 -0.989907 0.019385
v -0.122896 -0.892540 -0.037308
v 0.096579 -0.864018 -0.037617
v 0.305891 -0.745757 -0.057140
v -0.095246 -0.570666 -0.033100
v 0.036548 -0.462148 -0.019700
v -0.009090 -0.344445 -0.052786
v 0.357441 -0.259811 -0.022711
v -0.514367 -0.253770 -0.036474
v -0.534208 -0.222173 -0.056676
v -0.524699 -0.201529 -0.062302
v -0.541157 -0.202493 -0.053127
v -0.587856 -0.169101 -0.051044
v 0.417509 0.045861 -0.022485
v -0.334862 0.273696 -0.055951
v -0.345044 0.308122 -0.052861
v 0.217856 0.794787 -0.031576
v 0.183011 0.824615 -0.035433
v -0.082804 0.988357 -0.057450
v -0.083418 0.989281 -0.052648
v -0.041052 0.988288 -0.054602
v -0.060624 0.994118 -0.051873
v -0.342324 -0.999731 -0.043086
v 0.087463 -0.990418 -0.051526
v -0.116902 -0.914159 -0.035120
v 0.293495 -0.650745 -0.012698
v 0.013665 -0.358334 0.009572
v -0.532925 -0.319379 -0.039611
v -0.380443 -0.289136 -0.015531
v -0.533811 -0.223580 -0.052904
v -0.533955 -0.213825 -0.054994
v -0.365059 -0.214680 -0.028132
v 0.474076 -0.036477 -0.033036
v 0.328666 0.077418 -0.015741
v 0.664865 0.070043 -0.038849
v 0.638173 0.162987 -0.031865
v 0.334291 0.144307 -0.049245
v 0.339907 0.195371 -0.043772
v 0.353326 0.197420 -0.047939
v -0.340359 0.193667 -0.036538
v 0.344977 0.198642 -0.056648
v -0.336923 0.239574 -0.044281
v -0.440610 0.580939 -0.053544
v 0.440488 0.599037 -0.040212
v 0.407364 0.626195 -0.048602
v -0.351030 0.654103 -0.036127
v 0.323840 0.681672 -0.044310
v -0.265231 0.827894 -0.047631
v 0.116147 0.881828 -0.027551
v -0.071551 0.930112 -0.045722
v -0.053218 0.996577 -0.057883
v 0.295057 -0.860656 -0.049006
v -0.330873 -0.646618 -0.036681
v 0.062374 -0.525275 -0.015109
v -0.495228 -0.281211 -0.035140
v -0.558308 -0.255638 -0.015821
v -0.538987 -0.215007 -0.051237
v -0.565646 -0.242917 -0.021972
v 0.387047 0.172326 -0.036737
v -0.349485 0.317172 -0.050646
v -0.353455 0.329906 -0.042026
v -0.366878 0.367146 -0.017421
v 0.502570 0.479727 -0.015263
v -0.379044 0.625208 -0.017163
v -0.257465 0.845275 -0.010335
v -0.206360 0.886030 0.002256
v -0.064774 0.929677 -0.047771
v -0.053530 0.927903 -0.045887
v -0.027587 0.935666 -0.025703
v -0.091195 0.980645 -0.048758
v 0.290919 -0.864778 -0.032847
v -0.313891 -0.877451 -0.015337
v 0.090287 -0.797347 -0.050329
v -0.320557 -0.721137 -0.032283
v -0.091313 -0.650641 -0.046578
v -0.331265 -0.596918 -0.032251
v 0.062618 -0.520960 0.001330
v -0.351347 -0.475412 -0.026642
v 0.317434 -0.545576 0.008425
v 0.024623 -0.400255 0.013434
v -0.031159 -0.362891 -0.011385
v -0.022387 -0.345099 -0.036200
v 0.347564 -0.172929 -0.031857
v 0.324781 -0.064179 -0.032964
v 0.333906 -0.093900 -0.045353
v 0.498461 -0.074060 -0.009786
v 0.332019 0.119424 -0.044363
v 0.639354 0.145516 0.043025
v -0.341602 0.290853 -0.039848
v 0.576201 0.280356 -0.032217
v -0.424777 0.497661 -0.029927
v -0.424413 0.596509 -0.042713
v -0.347230 0.647079 0.003435
v 0.132441 0.869251 -0.023208
v -0.058696 0.933616 -0.045060
v 0.013856 0.939440 -0.033704
v -0.050675 0.939588 -0.038901
v -0.030881 0.973745 -0.037372
v -0.098908 0.972014 -0.038717
v -0.031904 0.979337 -0.038833
v 0.197294 -0.992646 0.010278
v 0.286527 -0.869378 -0.020670
v 0.296362 -0.746536 -0.033157
v 0.568568 -0.462450 -0.038463
v 0.565162 -0.447710 -0.042296
v 0.578506 -0.442991 -0.040016
v 0.007456 -0.353064 -0.019339
v -0.540695 -0.319326 -0.041331
v -0.580204 -0.198579 -0.038191
v -0.567859 -0.227552 -0.025030
v 0.405262 0.079319 -0.028114
v 0.330853 0.161119 -0.037281
v 0.347534 0.201302 -0.045106
v 0.604605 0.217011 -0.019568
v -0.333128 0.269323 -0.044919
v -0.345877 0.311532 -0.043954
v -0.349714 0.328408 -0.036250
v 0.265339 0.738794 -0.015370
v 0.281967 0.723942 -0.031851
v -0.289293 0.795958 -0.023180
v 0.083077 0.899640 -0.035530
v -0.092656 0.924391 -0.037421
v -0.045720 0.932589 -0.037265
v -0.100514 0.960317 -0.033268
v -0.092179 0.979874 -0.041072
v -0.064567 0.981304 -0.028899
v -0.114380 -0.922178 -0.030368
v -0.123522 -0.898018 -0.033333
v 0.300811 -0.873966 -0.032238
v -0.121091 -0.875991 -0.038193
v 0.100352 -0.860109 -0.034726
v 0.579286 -0.431357 -0.037903
v -0.015297 -0.341391 -0.035631
v -0.497150 -0.287427 -0.024909
v 0.326005 -0.034898 -0.036636
v -0.336006 0.231040 -0.041101
v 0.559723 0.325989 -0.015817
v 0.543705 0.371566 -0.012583
v 0.497702 0.492224 -0.019389
v 0.465965 0.558861 0.009826
v -0.113792 0.921104 -0.029875
v -0.042709 0.939087 -0.030013
v -0.033168 0.942636 -0.021207
v -0.021874 0.969296 -0.018656
v 0.294952 -0.870211 -0.031768
v -0.175536 -0.847124 -0.005798
v -0.315102 -0.750320 -0.028951
v -0.175521 -0.780069 -0.013751
v 0.125259 -0.692011 -0.018501
v -0.158683 -0.679361 -0.011553
v 0.116084 -0.678826 -0.020724
v 0.082857 -0.683168 -0.040656
v -0.322903 -0.700552 -0.032870
v -0.099911 -0.617489 -0.033851
v 0.318240 -0.567345 -0.024177
v 0.565946 -0.475749 -0.032754
v 0.570937 -0.487149 -0.029207
v 0.564007 -0.475471 -0.030044
v 0.586921 -0.392868 -0.024102
v 0.570009 -0.431082 -0.033546
v 0.580821 -0.415258 -0.032380
v -0.040127 -0.421344 -0.024188
v -0.534253 -0.315931 -0.029177
v 0.359054 -0.263979 0.001273
v -0.343785 -0.093417 -0.032663
v 0.440748 -0.004102 -0.009500
v 0.365687 0.192122 -0.033363
v 0.357058 0.200229 -0.028537
v 0.348280 0.204582 -0.037857
v 0.341857 0.208647 -0.037697
v -0.323663 0.248162 -0.029033
v -0.326774 0.257468 -0.032783
v -0.328788 0.270446 0.001291
v -0.352228 0.333142 -0.037164
v 0.344904 0.655458 0.034488
v 0.236186 0.770103 -0.017259
v -0.110052 0.929782 -0.024849
v -0.096263 0.971200 -0.028407
v -0.351039 -0.998893 -0.018663
v -0.349127 -0.947539 0.003521
v 0.098983 -0.881601 -0.015836
v 0.305966 -0.884615 -0.022415
v -0.308189 -0.860419 -0.017264
v -0.303360 -0.830001 -0.025660
v -0.328433 -0.571292 -0.023971
v 0.569684 -0.494636 -0.025088
v 0.322700 -0.524772 0.013204
v 0.587015 -0.491218 -0.017133
v 0.578822 -0.402795 -0.024913
v 0.349820 -0.417676 0.041442
v 0.003481 -0.348932 -0.006709
v -0.020891 -0.343175 -0.031454
v -0.528910 -0.314156 -0.028507
v -0.542745 -0.279553 -0.007993
v 0.573188 -0.107319 -0.017978
v 0.579955 -0.111410 -0.015965
v 0.413224 0.147981 -0.033053
v 0.412763 0.158609 -0.029444
v 0.343218 0.216214 -0.029719
v -0.352645 0.341015 0.001379
v -0.420330 0.468832 -0.025569
v 0.411539 0.617718 -0.015410
v -0.339371 0.671913 0.009274
v -0.269649 0.832960 0.039363
v -0.143438 0.921145 -0.013601
v -0.109299 0.923974 -0.028764
v -0.015512 0.939760 -0.013478
v -0.364194 -0.992614 0.007606
v 0.081239 -0.990538 -0.014017
v -0.111302 -0.919202 -0.018410
v -0.326949 -0.898200 -0.013705
v -0.317195 -0.889334 -0.026144
v 0.306245 -0.900374 -0.013718
v 0.281654 -0.742422 -0.005528
v 0.078647 -0.640899 -0.019018
v -0.105327 -0.570594 -0.016989
v 0.566531 -0.491206 -0.025553
v -0.356710 -0.450935 -0.018001
v 0.561618 -0.447718 -0.022266
v 0.598125 -0.450743 -0.020552
v 0.571123 -0.410869 -0.018786
v -0.530125 -0.295758 -0.005321
v -0.494997 -0.284274 -0.028311
v -0.508179 -0.265431 -0.029279
v 0.353709 -0.214732 -0.015793
v 0.327360 -0.175607 0.008156
v 0.615816 -0.082302 -0.019844
v 0.631788 -0.074817 -0.008871
v 0.466412 -0.040999 -0.017189
v 0.679373 0.085108 -0.015089
v 0.420348 0.114355 -0.008660
v -0.336616 0.189320 -0.029912
v 0.622909 0.179282 0.017652
v 0.337061 0.217157 -0.025715
v 0.344708 0.220900 -0.020782
v -0.354197 0.345233 -0.023564
v -0.356476 0.345985 -0.029107
v 0.448918 0.586778 0.001402
v -0.321803 0.709302 0.034122
v 0.319933 0.677285 0.013721
v 0.083088 0.899825 -0.019066
v -0.033660 0.936963 -0.024159
v -0.111516 0.933764 -0.021031
v -0.341921 -0.914775 0.003149
v -0.121475 -0.907650 -0.024529
v 0.162376 -0.847477 0.004350
v -0.291909 -0.839193 -0.013311
v -0.308722 -0.771665 -0.024807
v -0.304558 -0.692310 -0.017793
v 0.074991 -0.595479 0.008363
v -0.122030 -0.612516 -0.014176
v 0.291441 -0.633761 -0.003858
v -0.316250 -0.613029 -0.012713
v 0.066163 -0.575649 -0.015404
v 0.571307 -0.497799 -0.021312
v 0.578727 -0.497896 -0.017611
v 0.558142 -0.458993 -0.013197
v 0.605888 -0.430625 -0.004442
v 0.586967 -0.373531 -0.014276
v -0.025672 -0.347434 -0.010972
v -0.020907 -0.344519 -0.018798
v 0.585258 -0.313676 -0.019341
v 0.588552 -0.267970 -0.019883
v 0.587326 -0.305335 -0.019509
v -0.500072 -0.282020 -0.023526
v -0.560234 -0.240306 -0.020553
v 0.577135 -0.229833 -0.018391
v 0.587705 -0.210151 -0.019409
v 0.470245 -0.057422 -0.003858
v -0.323347 -0.014083 -0.001112
v 0.325871 0.040331 -0.015758
v 0.306223 0.169262 0.008521
v 0.433722 0.152616 -0.001063
v 0.386931 0.198663 -0.008455
v -0.028617 0.937889 -0.021149
v -0.103945 0.962600 -0.018953
v -0.064386 0.963118 0.017208
v -0.107377 -0.996251 0.014398
v -0.102047 -0.930675 -0.000813
v -0.142209 -0.897398 -0.012662
v 0.111771 -0.879374 -0.004431
v 0.282414 -0.874255 -0.008998
v 0.166563 -0.763284 0.007163
v -0.193685 -0.708794 0.007047
v -0.312065 -0.650103 -0.017578
v 0.071567 -0.574134 0.020959
v -0.345228 -0.504088 0.000876
v 0.574878 -0.376705 -0.003462
v 0.582569 -0.359173 -0.013071
v 0.586320 -0.342403 -0.016807
v 0.590814 -0.351208 -0.013012
v -0.527860 -0.305834 -0.012883
v 0.577849 -0.242701 -0.016615
v 0.564598 -0.233210 -0.014249
v 0.536504 -0.214123 -0.015385
v 0.594170 -0.205930 -0.012648
v 0.588081 -0.185334 -0.015578
v 0.321602 -0.001360 -0.012032
v 0.430061 0.016558 -0.007225
v 0.408796 0.085702 -0.020514
v 0.338223 0.225809 -0.020604
v -0.361235 0.362820 -0.015980
v 0.531899 0.401237 0.000691
v -0.408025 0.435513 -0.015274
v -0.349479 0.535301 0.011464
v 0.319764 0.680690 -0.002866
v 0.165452 0.840405 -0.002904
v 0.125095 0.870046 0.030685
v -0.142638 0.926998 0.002788
v -0.025215 0.941392 -0.016261
v -0.010908 0.958376 -0.001513
v 0.097683 -0.893791 0.001362
v -0.105975 -0.994210 -0.001514
v 0.311468 -0.894414 0.005597
v -0.292620 -0.817389 -0.013615
v 0.282707 -0.834048 -0.013042
v -0.275114 -0.742474 -0.005182
v -0.324178 -0.579527 -0.016313
v 0.593099 -0.490158 -0.009770
v 0.062696 -0.499930 0.033714
v 0.555382 -0.451700 -0.008771
v -0.057127 -0.412388 0.041706
v 0.602635 -0.372414 -0.002255
v 0.586930 -0.367714 -0.013029
v 0.586497 -0.350833 -0.014475
v -0.377691 -0.322128 -0.002879
v -0.521883 -0.302065 -0.012616
v -0.508511 -0.288495 -0.015567
v 0.540214 -0.228492 -0.009031
v 0.539950 -0.191278 -0.011231
v 0.586491 -0.117929 -0.010121
v -0.336213 -0.172774 0.004216
v 0.580220 -0.117027 -0.012494
v 0.544316 -0.117251 -0.000379
v -0.332199 -0.089393 -0.003254
v 0.445919 -0.029459 0.006663
v -0.334150 0.060695 -0.000378
v 0.348745 0.230147 0.024985
v 0.332369 0.229031 -0.013280
v 0.340884 0.229558 -0.011752
v -0.313900 0.223191 -0.012824
v -0.313921 0.227862 -0.012259
v 0.544044 0.351165 -0.009284
v -0.363108 0.585023 -0.001059
v 0.148859 0.853208 0.017901
v 0.045637 0.918624 0.014152
v -0.130027 0.931079 0.003380
v -0.020308 0.946207 -0.008337
v -0.003745 0.941755 0.002217
v -0.104890 0.961559 -0.007072
v 0.101543 -0.996809 0.056048
v -0.103748 -0.927174 0.001704
v -0.162412 -0.890704 0.005136
v -0.174263 -0.873405 0.003565
v 0.287330 -0.883307 0.004761
v -0.306242 -0.869748 -0.007975
v 0.274339 -0.868912 -0.004611
v 0.166488 -0.687927 0.011146
v 0.124075 -0.632510 0.009212
v 0.310668 -0.570431 0.000282
v 0.604251 -0.478911 -0.000915
v 0.605042 -0.455029 -0.009039
v 0.563501 -0.342623 0.000769
v -0.524219 -0.289672 -0.006518
v 0.540353 -0.258875 0.006338
v 0.531812 -0.249896 0.006345
v 0.552279 -0.152042 -0.007836
v -0.324787 0.040173 0.013181
v 0.417199 0.085902 -0.009176
v 0.306207 0.141225 0.016928
v 0.432797 0.158255 -0.000250
v -0.299078 0.185657 0.007796
v -0.304293 0.202749 -0.000212
v 0.328409 0.229072 -0.008005
v 0.377058 0.213797 0.001686
v 0.345735 0.225672 0.009440
v 0.335468 0.230620 -0.012874
v 0.578618 0.250813 0.004099
v -0.380635 0.390994 0.001860
v -0.366123 0.371241 -0.012737
v -0.388317 0.386968 -0.001341
v 0.456664 0.578678 0.009879
v 0.004886 0.939994 -0.002648
v -0.118971 0.949182 0.014753
v -0.013516 0.960900 -0.002562
v -0.365580 -0.996809 0.019116
v -0.095594 -0.939139 0.023160
v 0.157810 -0.852693 0.003257
v -0.279294 -0.852786 0.007935
v -0.277268 -0.662457 0.007351
v -0.299355 -0.629330 0.003451
v -0.070403 -0.470486 0.016758
v 0.568695 -0.505340 0.014527
v 0.565599 -0.502768 0.006648
v 0.562768 -0.499073 0.006585
v 0.586667 -0.495578 0.010218
v -0.365302 -0.429759 0.017760
v 0.556255 -0.479230 0.003077
v 0.539464 -0.458576 0.015491
v 0.610639 -0.380918 0.004238
v -0.526978 -0.299318 -0.006612
v -0.538810 -0.280702 -0.006318
v -0.547107 -0.268548 -0.010025
v 0.511800 -0.217101 0.003124
v 0.607086 -0.155550 0.008371
v 0.630671 -0.112914 0.025337
v -0.328147 -0.077148 -0.000351
v 0.459481 -0.062442 0.012242
v 0.314027 -0.013957 0.008234
v 0.290084 0.024399 0.047729
v 0.425205 0.052921 -0.004737
v 0.676798 0.084998 -0.008737
v 0.656826 0.117817 0.021745
v 0.334811 0.234613 -0.005683
v -0.308783 0.249624 0.071949
v -0.371343 0.379804 -0.006664
v 0.489511 0.492483 0.042092
v 0.083027 0.897332 0.026640
v -0.124778 0.940820 0.014956
v 0.099472 -0.890768 0.000540
v -0.269419 -0.755246 -0.001376
v 0.182563 -0.662273 0.030219
v -0.191692 -0.641308 0.024086
v 0.303577 -0.587342 -0.000208
v -0.298035 -0.595880 0.016283
v 0.616968 -0.442584 0.020059
v 0.349224 -0.429607 0.039041
v -0.030460 -0.353537 0.001353
v -0.025829 -0.347645 0.006037
v 0.502527 -0.091482 -0.000465
v 0.299556 0.069614 0.045821
v 0.356147 0.227474 0.024832
v 0.335627 0.237936 0.000152
v 0.330694 0.235378 -0.005137
v 0.511270 0.359931 0.017763
v -0.369747 0.385953 0.005431
v -0.362434 0.447638 0.007499
v 0.265518 0.732555 0.009921
v -0.233123 0.875759 0.043889
v 0.073959 -0.994448 0.019117
v 0.071968 -0.991470 0.023623
v 0.089066 -0.926764 0.019211
v 0.093627 -0.907043 0.022195
v 0.251232 -0.865830 0.016372
v -0.188428 -0.851869 0.007440
v 0.240690 -0.805073 0.017940
v -0.274852 -0.818039 0.003150
v -0.193321 -0.763357 0.002419
v -0.268645 -0.712927 0.003013
v -0.133675 -0.595765 0.003526
v -0.307489 -0.558645 0.014157
v 0.336492 -0.466598 0.037815
v -0.369376 -0.413579 0.022339
v 0.656035 -0.367559 0.070546
v -0.531223 -0.289256 -0.004625
v 0.504143 -0.263024 0.024814
v 0.503717 -0.205914 0.009722
v 0.502726 -0.142842 0.022388
v 0.302419 -0.097952 0.019659
v 0.519583 -0.130086 0.012816
v 0.478192 -0.087447 0.009723
v 0.435856 0.003352 0.000621
v 0.325427 0.240804 0.003257
v 0.331208 0.241546 0.000159
v -0.358559 0.365913 0.021466
v -0.370021 0.393910 0.006791
v 0.382470 0.629962 0.026202
v -0.009269 0.946228 0.003754
v -0.064443 0.953492 0.041994
v -0.103112 -0.994148 0.014913
v -0.093648 -0.991307 0.040465
v 0.071143 -0.984692 0.027791
v -0.320808 -0.890212 0.038814
v -0.270301 -0.853505 0.021148
v -0.195115 -0.809492 0.007489
v -0.262877 -0.742335 0.003808
v 0.098989 -0.607375 0.015752
v 0.067690 -0.532935 0.029429
v 0.609883 -0.474916 0.011914
v 0.346641 -0.437721 0.041679
v 0.536842 -0.409766 0.040039
v 0.017375 -0.353329 0.042709
v 0.356118 -0.305688 0.016986
v -0.312132 -0.276396 0.095699
v 0.619071 -0.218240 0.024591
v 0.668490 -0.093003 0.055600
v 0.669469 -0.058878 0.032304
v 0.466571 0.153555 0.037788
v 0.301906 0.177869 0.020160
v 0.382523 0.217776 0.013923
v 0.320163 0.245913 0.009847
v 0.333224 0.241932 0.009234
v -0.375299 0.391043 0.003362
v -0.333195 0.618311 0.015340
v -0.338769 0.668543 0.012214
v -0.120509 0.948001 0.022682
v -0.008495 0.953142 0.013743
v -0.374705 -0.993961 0.032034
v -0.357112 -0.926975 0.027850
v -0.096215 -0.940841 0.038401
v 0.252205 -0.654582 0.015175
v -0.200385 -0.659408 0.024040
v 0.278299 -0.602265 0.015534
v 0.562072 -0.498974 0.014149
v 0.571788 -0.504025 0.025493
v 0.614941 -0.473555 0.031161
v 0.514438 -0.296327 0.024921
v -0.325290 -0.123029 0.020562
v 0.451978 -0.050578 0.014544
v 0.426159 0.209163 0.066557
v 0.377328 0.222168 0.016379
v 0.326878 0.247399 0.009759
v 0.513313 0.280389 0.048986
v -0.330819 0.315248 0.062904
v -0.245756 0.861805 0.023009
v -0.134558 0.941581 0.051917
v -0.005230 0.945850 0.011679
v -0.000207 0.941536 0.010557
v -0.363449 -0.931943 0.040024
v 0.295816 -0.894335 0.025775
v -0.199604 -0.852084 0.020422
v 0.246930 -0.860432 0.015769
v -0.251109 -0.835720 0.024062
v 0.203593 -0.771761 0.040711
v 0.245074 -0.729982 0.015286
v -0.221325 -0.767860 0.034444
v -0.236891 -0.763317 0.028014
v 0.245113 -0.645515 0.022930
v -0.142417 -0.566236 0.028474
v -0.100740 -0.507794 0.024152
v 0.621146 -0.466313 0.040124
v -0.033838 -0.351528 0.026321
v 0.553915 -0.374770 0.016260
v 0.531830 -0.341612 0.024744
v 0.356801 -0.268646 0.008358
v 0.507279 -0.275403 0.024880
v 0.494387 -0.213383 0.020450
v 0.312821 -0.202213 0.041329
v 0.491402 -0.155840 0.026913
v 0.488231 -0.145443 0.028205
v 0.481025 -0.125002 0.023996
v 0.295828 0.007461 0.032903
v 0.454909 -0.009909 0.023668
v 0.311082 0.253655 0.024483
v 0.582685 0.237558 0.011526
v 0.328581 0.247363 0.013620
v 0.321712 0.248453 0.011995
v -0.345643 0.572282 0.013156
v -0.328997 0.572273 0.024619
v -0.306688 0.656572 0.037205
v -0.287031 0.783887 0.072309
v -0.191983 0.903615 0.044261
v -0.011817 0.944709 0.042492
v 0.316394 -0.903434 0.030250
v -0.188492 -0.877781 0.025038
v -0.215684 -0.835107 0.037374
v 0.179012 -0.853098 0.024797
v 0.183027 -0.848089 0.025027
v 0.144957 -0.621935 0.028399
v -0.306996 -0.504506 0.032500
v 0.539309 -0.458596 0.018224
v 0.050594 -0.462952 0.041549
v 0.543666 -0.379658 0.033288
v 0.491168 -0.197192 0.023983
v 0.493339 -0.189214 0.020956
v 0.459951 -0.075230 0.022804
v 0.302699 -0.005615 0.022346
v -0.297227 -0.026442 0.041453
v 0.458495 0.073367 0.024189
v 0.605997 0.199957 0.029433
v 0.566142 0.234298 0.019980
v 0.319051 0.250677 0.015776
v 0.323134 0.252520 0.017152
v 0.321900 0.665894 0.054304
v 0.140479 0.857431 0.039898
v 0.099524 0.886264 0.043243
v -0.314716 -0.996809 0.097481
v 0.144984 -0.886699 0.033871
v 0.209326 -0.847891 0.044881
v -0.225126 -0.827834 0.042923
v 0.203692 -0.692387 0.042613
v -0.187831 -0.611406 0.043129
v 0.124328 -0.592410 0.045197
v 0.074414 -0.566631 0.028962
v 0.249792 -0.541875 0.065402
v 0.554928 -0.482651 0.025472
v 0.647543 -0.400161 0.069530
v -0.047008 -0.362420 0.062073
v -0.038832 -0.353208 0.042614
v 0.001918 -0.346452 0.055560
v 0.521122 -0.321042 0.028301
v 0.490528 -0.217657 0.031827
v -0.315350 -0.189315 0.058403
v 0.464378 0.093873 0.033533
v -0.283939 0.106031 0.049568
v 0.471616 0.114632 0.045452
v 0.634748 0.150846 0.054748
v -0.279903 0.156610 0.041681
v 0.367932 0.234292 0.038139
v 0.318043 0.256731 0.020102
v 0.452313 0.351089 0.073306
v 0.513492 0.438883 0.020894
v -0.307835 0.643754 0.034544
v -0.099909 -0.994506 0.027316
v 0.073017 -0.996231 0.035724
v -0.333831 -0.904046 0.062903
v 0.321406 -0.910894 0.039456
v -0.188435 -0.884506 0.033742
v 0.231976 -0.856422 0.028365
v 0.205688 -0.839139 0.045348
v -0.225076 -0.772122 0.037136
v 0.212126 -0.725898 0.042111
v -0.227532 -0.711580 0.043658
v 0.572077 -0.497983 0.037276
v -0.358225 -0.391980 0.040964
v 0.311458 -0.343159 0.087705
v -0.323469 -0.206155 0.041469
v 0.655796 0.043797 0.045894
v 0.628495 0.154480 0.059286
v 0.319144 0.259753 0.025653
v -0.312688 0.559585 0.041098
v -0.302583 0.635430 0.040952
v -0.324086 0.698008 0.031505
v 0.025176 0.926872 0.063998
v -0.375927 -0.996440 0.039817
v -0.091703 -0.995463 0.052538
v 0.070375 -0.994765 0.031745
v 0.340113 -0.994615 0.099966
v 0.316298 -0.909150 0.051110
v 0.241525 -0.879965 0.075856
v -0.217344 -0.641735 0.043956
v 0.207608 -0.583140 0.095059
v 0.570232 -0.486941 0.049759
v -0.295593 -0.441984 0.061349
v 0.537782 -0.430025 0.034743
v -0.369831 -0.396993 0.028931
v -0.037267 -0.350582 0.059194
v 0.505715 -0.291588 0.044452
v -0.259784 -0.097758 0.082166
v 0.266332 -0.101720 0.053839
v 0.473421 -0.088477 0.050289
v 0.463165 0.002377 0.033194
v -0.296360 0.010729 0.053753
v -0.286570 0.195528 0.067460
v 0.290172 0.227863 0.045614
v 0.382797 0.236601 0.045999
v 0.545466 0.209320 0.040874
v 0.312527 0.258199 0.024808
v 0.313986 0.263495 0.029233
v -0.322753 0.489444 0.053642
v 0.362515 0.636756 0.063001
v 0.203210 0.766277 0.087245
v 0.107427 0.875562 0.113752
v -0.125599 0.944454 0.030799
v 0.088722 -0.915040 0.035221
v 0.091102 -0.913973 0.042757
v -0.196681 -0.903411 0.096638
v -0.158245 -0.911001 0.063463
v 0.201882 -0.849597 0.051131
v -0.234780 -0.832438 0.037343
v -0.221193 -0.632541 0.052172
v 0.244577 -0.587342 0.055981
v 0.616045 -0.472215 0.038287
v 0.558465 -0.466711 0.045536
v 0.534258 -0.374685 0.047324
v -0.352689 -0.363724 0.049000
v 0.011688 -0.348881 0.042980
v 0.644411 -0.238543 0.054267
v 0.484722 -0.251208 0.066072
v 0.486879 -0.113507 0.080055
v 0.395144 0.242984 0.079040
v 0.315329 0.266470 0.037654
v 0.307828 0.262576 0.032337
v -0.324978 0.546397 0.042704
v -0.321217 0.558650 0.034942
v 0.411742 0.603967 0.063830
v 0.407503 0.611061 0.034593
v -0.316146 0.714637 0.046010
v 0.174148 0.820692 0.030110
v -0.384306 -0.994785 0.053204
v 0.065860 -0.996829 0.052172
v 0.066007 -0.995004 0.044588
v 0.213443 -0.853327 0.045598
v -0.223683 -0.813874 0.038829
v -0.225199 -0.763049 0.035595
v 0.208934 -0.646465 0.048511
v 0.074674 -0.504288 0.045410
v 0.604260 -0.471629 0.045041
v 0.030114 -0.382692 0.062300
v 0.260272 -0.110909 0.061357
v 0.289812 0.202521 0.041376
v 0.303386 0.269326 0.041055
v 0.309566 0.267190 0.033840
v 0.249691 0.737334 0.046807
v 0.267408 0.715868 0.063360
v -0.252652 0.856812 0.081025
v -0.064594 0.944959 0.063099
v -0.081998 -0.996071 0.110162
v 0.062621 -0.992133 0.052903
v 0.045622 -0.995822 0.110513
v 0.336664 -0.946662 0.082049
v -0.091031 -0.948563 0.047387
v 0.157550 -0.899231 0.067409
v 0.201915 -0.854221 0.062370
v -0.221129 -0.827044 0.041402
v -0.221514 -0.832237 0.045295
v -0.223744 -0.805129 0.039606
v -0.233972 -0.666657 0.050593
v -0.238047 -0.614149 0.078184
v 0.620255 -0.465684 0.046258
v 0.536991 -0.413356 0.042458
v 0.349993 -0.401164 0.041541
v -0.011269 -0.346519 0.059265
v 0.495617 -0.275499 0.053284
v 0.490271 -0.138612 0.068176
v -0.297162 -0.088892 0.040935
v 0.475358 0.153332 0.049821
v 0.377319 0.241754 0.049792
v 0.311186 0.272083 0.042574
v 0.460660 0.555700 0.070771
v -0.311969 0.702824 0.045673
v -0.048633 0.947660 0.050585
v -0.401953 -0.992092 0.086498
v -0.076898 -0.976963 0.082235
v 0.078188 -0.927298 0.072192
v -0.270710 -0.870441 0.059095
v -0.225162 -0.830598 0.045493
v 0.207943 -0.734128 0.043049
v 0.206567 -0.692087 0.044387
v -0.235973 -0.639290 0.060916
v 0.205953 -0.640571 0.050778
v -0.208715 -0.594857 0.078155
v 0.091592 -0.562582 0.044502
v 0.572855 -0.490135 0.048532
v 0.595914 -0.470456 0.048577
v 0.336544 -0.450075 0.046790
v 0.274846 -0.478979 0.079600
v 0.629938 -0.449527 0.055410
v 0.507280 -0.307832 0.077552
v 0.312759 -0.293590 0.074545
v 0.665311 -0.276265 0.081956
v 0.484228 -0.222469 0.069291
v -0.265756 -0.059298 0.086989
v 0.647474 -0.002053 0.083768
v -0.274365 0.162525 0.057736
v 0.521486 0.180666 0.062722
v 0.528204 0.197414 0.055007
v 0.507824 0.223159 0.069387
v 0.320287 0.273160 0.062867
v 0.303785 0.275629 0.045239
v 0.307050 0.280323 0.053945
v 0.448775 0.364510 0.072281
v 0.470222 0.530639 0.062391
v -0.286329 0.573023 0.069425
v -0.199956 0.911146 0.098105
v -0.019513 0.943425 0.055412
v -0.104755 -0.954813 0.092615
v 0.205507 -0.847872 0.048968
v -0.229266 -0.658676 0.051888
v 0.574904 -0.483065 0.051692
v 0.604959 -0.466117 0.048797
v 0.624485 -0.456669 0.053613
v -0.150047 -0.512514 0.066790
v -0.063251 -0.402718 0.057609
v 0.541952 -0.385269 0.059133
v -0.329284 -0.379683 0.063718
v 0.526816 -0.361955 0.060873
v 0.491672 -0.284562 0.065906
v -0.275313 -0.156484 0.086729
v 0.667917 -0.109678 0.060947
v 0.254762 0.003835 0.078549
v 0.470982 0.027465 0.080384
v 0.275227 0.069575 0.095602
v 0.476779 0.127007 0.054656
v 0.484310 0.162880 0.072757
v 0.294636 0.285708 0.066330
v -0.287409 0.426787 0.102760
v -0.300220 0.546345 0.056061
v -0.287588 0.542862 0.066506
v -0.291161 0.623635 0.079359
v 0.049746 0.913748 0.080942
v -0.003845 0.936664 0.084385
v -0.392471 -0.996490 0.073119
v -0.071228 -0.994635 0.092190
v -0.083097 -0.965385 0.075901
v 0.245022 -0.555177 0.067467
v -0.251806 -0.578691 0.091097
v 0.095138 -0.504255 0.063187
v 0.568590 -0.471281 0.055545
v 0.066557 -0.449207 0.065238
v 0.579087 -0.437018 0.059939
v 0.568275 -0.441264 0.062131
v 0.036290 -0.399952 0.062256
v 0.538323 -0.378906 0.055027
v -0.042784 -0.353343 0.062310
v 0.016077 -0.347007 0.062442
v -0.336881 -0.330421 0.066370
v 0.666796 -0.142886 0.062252
v -0.266095 -0.038713 0.087793
v 0.472008 -0.017532 0.055043
v 0.469654 0.011157 0.067855
v 0.476082 0.105232 0.074863
v 0.522085 0.175590 0.064690
v 0.264198 0.190204 0.096043
v 0.478132 0.268715 0.086110
v 0.300834 0.280912 0.053009
v -0.299839 0.513630 0.085310
v 0.448893 0.578781 0.080289
v 0.404320 0.605780 0.078967
v 0.346032 0.647831 0.061694
v 0.052064 -0.998325 0.098467
v 0.304589 -0.921108 0.138338
v -0.234024 -0.645391 0.057199
v -0.235655 -0.615355 0.078260
v 0.193970 -0.602469 0.086597
v 0.232272 -0.571921 0.076526
v 0.141275 -0.570974 0.077837
v -0.167132 -0.545549 0.065626
v 0.568942 -0.462401 0.059682
v 0.570756 -0.463213 0.058294
v 0.571105 -0.458591 0.058597
v 0.587427 -0.432543 0.061163
v 0.549952 -0.395180 0.067209
v 0.018315 -0.349406 0.062821
v 0.010468 -0.345045 0.062278
v 0.471247 -0.270716 0.087288
v -0.300120 -0.248447 0.103724
v 0.656415 -0.060362 0.079591
v 0.481226 -0.051236 0.071530
v 0.240054 -0.021952 0.086511
v 0.475923 0.080261 0.091028
v -0.257601 0.170283 0.082846
v 0.482888 0.152973 0.066631
v 0.632317 0.150822 0.058588
v 0.629640 0.158537 0.054480
v 0.340710 0.263246 0.070884
v 0.301703 0.286058 0.058877
v -0.317237 0.286113 0.083520
v -0.290162 0.589651 0.065443
v 0.320598 0.663328 0.056754
v 0.290449 0.693108 0.063110
v 0.312164 0.670130 0.060859
v -0.312297 0.718563 0.063317
v 0.170335 0.811955 0.071902
v -0.220681 0.894831 0.130684
v -0.081479 0.937181 0.117977
v -0.238586 -0.587295 0.098905
v -0.270552 -0.471671 0.090427
v -0.286841 -0.417128 0.076908
v 0.571493 -0.466881 0.065207
v 0.570965 -0.475086 0.066752
v 0.574829 -0.455991 0.063415
v 0.569606 -0.455322 0.058686
v 0.570785 -0.455652 0.066345
v 0.573844 -0.454153 0.066030
v 0.571959 -0.446810 0.059740
v 0.629616 -0.437497 0.065200
v 0.570485 -0.439297 0.064165
v 0.573903 -0.438362 0.063399
v 0.583379 -0.431997 0.063488
v 0.596462 -0.421985 0.065613
v -0.036803 -0.348833 0.062229
v -0.011260 -0.345376 0.062360
v 0.505965 -0.350282 0.131469
v 0.668681 -0.168065 0.068725
v 0.666888 -0.234361 0.077932
v 0.487831 -0.156354 0.085876
v 0.224120 -0.123162 0.094330
v 0.479458 0.131110 0.066232
v 0.520762 0.185078 0.062252
v 0.377763 0.256003 0.073999
v 0.290564 0.300112 0.087062
v 0.466092 0.284991 0.091878
v -0.302074 0.248912 0.105010
v 0.302931 0.288698 0.066586
v -0.283547 0.538203 0.071029
v 0.313194 0.654863 0.060928
v -0.040052 0.941672 0.080456
v -0.077987 -0.996959 0.092512
v 0.331051 -0.931068 0.068966
v 0.328886 -0.927037 0.130182
v -0.300185 -0.903876 0.092113
v -0.242208 -0.857598 0.096270
v -0.231273 -0.844176 0.075108
v 0.182605 -0.578557 0.106795
v 0.148733 -0.547009 0.079927
v 0.132656 -0.555087 0.073353
v 0.532597 -0.475344 0.099343
v 0.575325 -0.455528 0.068454
v 0.582755 -0.437932 0.071011
v 0.568415 -0.446686 0.070804
v 0.572262 -0.446917 0.068739
v 0.575036 -0.441884 0.068701
v 0.569245 -0.437833 0.068159
v 0.578782 -0.436891 0.068638
v 0.567342 -0.429999 0.068131
v 0.582272 -0.433595 0.069808
v 0.586777 -0.422185 0.067177
v 0.584513 -0.424811 0.069153
v 0.640537 -0.416771 0.071114
v 0.563565 -0.425021 0.066389
v 0.592441 -0.420926 0.067736
v 0.295253 -0.322067 0.107684
v 0.019448 -0.345716 0.066280
v -0.048724 -0.340778 0.068873
v -0.325088 -0.309517 0.078883
v 0.667652 -0.205587 0.076421
v 0.275919 -0.235467 0.112018
v 0.277340 -0.206887 0.098421
v -0.246447 0.106260 0.103634
v 0.628967 0.092772 0.091449
v 0.628701 0.135911 0.069428
v 0.472631 0.178908 0.078692
v 0.353366 0.276290 0.103657
v 0.299270 0.288764 0.066368
v -0.296693 0.513012 0.087824
v -0.304951 0.524961 0.074751
v 0.387575 0.616026 0.074783
v 0.388170 0.612379 0.078194
v 0.288702 0.642064 0.069032
v 0.286212 0.692301 0.069504
v -0.304262 0.722656 0.092157
v 0.266141 0.712501 0.075118
v 0.119420 0.861865 0.117815
v -0.167477 0.932580 0.093449
v 0.142995 -0.996829 0.172128
v -0.398719 -0.962112 0.105537
v -0.391579 -0.953446 0.097347
v -0.232737 -0.591130 0.098639
v 0.570130 -0.491359 0.071951
v 0.598423 -0.474409 0.083454
v 0.562385 -0.430607 0.079392
v 0.566697 -0.429672 0.073422
v 0.610141 -0.420500 0.068445
v 0.590868 -0.424139 0.073077
v 0.603590 -0.420517 0.079877
v 0.565211 -0.417132 0.071795
v 0.594484 -0.416158 0.071675
v 0.601182 -0.414803 0.072783
v 0.605837 -0.415767 0.071808
v 0.646805 -0.403582 0.071934
v 0.005385 -0.331941 0.073712
v 0.026084 -0.315720 0.080778
v 0.482582 -0.222729 0.074173
v 0.487245 -0.080389 0.084258
v 0.501111 0.152508 0.068047
v 0.486240 0.148566 0.068512
v 0.515005 0.159465 0.068379
v -0.258443 0.179559 0.088804
v -0.277985 0.192055 0.083174
v 0.294729 0.288164 0.071070
v 0.288182 0.647135 0.067647
v 0.253648 0.721449 0.081108
v 0.199006 0.767643 0.090983
v -0.127204 0.939871 0.076369
v -0.407347 -0.977193 0.107045
v -0.354628 -0.923187 0.083735
v 0.077935 -0.932227 0.096759
v -0.174456 -0.909329 0.084053
v 0.147507 -0.915157 0.104512
v -0.216880 -0.873227 0.104224
v 0.200146 -0.547171 0.083829
v 0.237833 -0.495882 0.083351
v 0.568326 -0.503702 0.077377
v 0.562228 -0.520067 0.087811
v 0.570090 -0.506267 0.079522
v 0.615581 -0.425655 0.086683
v 0.564043 -0.417622 0.078187
v 0.603680 -0.416286 0.076665
v 0.607497 -0.409788 0.075637
v 0.613769 -0.411982 0.072432
v 0.633804 -0.407237 0.077682
v 0.605610 -0.412146 0.077745
v 0.617237 -0.410331 0.074943
v 0.562971 -0.407316 0.077158
v 0.613810 -0.408777 0.077400
v -0.057370 -0.333196 0.073564
v 0.553389 -0.398972 0.071829
v 0.661679 -0.367243 0.081745
v 0.543671 -0.399707 0.099198
v 0.031833 -0.320956 0.078600
v -0.252514 -0.091847 0.090957
v 0.575445 0.108796 0.095987
v -0.274920 0.539185 0.076441
v -0.262770 0.552713 0.090650
v 0.367688 0.579034 0.103585
v -0.290876 0.759173 0.113579
v -0.266534 0.837460 0.089178
v -0.070035 -0.991993 0.091158
v -0.075804 -0.977176 0.088793
v -0.366883 -0.933155 0.092332
v 0.220687 -0.560674 0.079681
v 0.565747 -0.518593 0.087123
v 0.549893 -0.409654 0.093846
v 0.111588 -0.404690 0.093597
v 0.614828 -0.411561 0.082574
v 0.620812 -0.405161 0.080075
v 0.618441 -0.406984 0.082451
v 0.645180 -0.399408 0.078795
v 0.553683 -0.403283 0.086053
v 0.266369 -0.371020 0.125294
v 0.499053 -0.307424 0.110643
v 0.474880 -0.279894 0.094399
v 0.457509 -0.258855 0.103713
v 0.265234 -0.289551 0.146485
v 0.467012 -0.243508 0.091374
v 0.637363 -0.085173 0.137682
v 0.535035 0.125157 0.093963
v 0.270295 0.073228 0.103496
v -0.228938 0.164429 0.125109
v 0.445336 0.209481 0.086819
v 0.438894 0.220320 0.092754
v 0.319240 0.299528 0.115669
v 0.296945 0.298386 0.082736
v -0.287375 0.314276 0.115987
v 0.424100 0.452251 0.096051
v -0.267166 0.529796 0.084360
v 0.449400 0.575824 0.083351
v -0.261788 0.581882 0.099255
v -0.277253 0.607135 0.086814
v 0.254910 0.630308 0.076578
v 0.091059 0.887829 0.118162
v 0.016877 0.928695 0.080384
v 0.049637 -0.997447 0.118356
v -0.082673 -0.974433 0.096631
v -0.235491 -0.601324 0.090532
v 0.153274 -0.560162 0.083756
v -0.166744 -0.450495 0.090828
v 0.604147 -0.466618 0.086763
v 0.532300 -0.468240 0.099655
v -0.275271 -0.430115 0.089512
v 0.624091 -0.407389 0.085980
v 0.628820 -0.403619 0.083778
v 0.632528 -0.399854 0.082249
v -0.286481 -0.379665 0.085954
v 0.652973 -0.374497 0.087310
v 0.663635 -0.334472 0.084618
v -0.295998 -0.325422 0.094191
v 0.666137 -0.255564 0.084225
v -0.011618 -0.297957 0.111680
v 0.491122 -0.135004 0.093556
v 0.459425 0.199420 0.085321
v 0.412017 0.359965 0.102048
v 0.247133 0.616918 0.082758
v 0.280690 0.583693 0.108147
v 0.221711 0.681017 0.081232
v 0.229418 0.738549 0.087856
v 0.029636 0.919849 0.105275
v -0.019681 0.938374 0.101189
v -0.215287 -0.990517 0.175998
v -0.402857 -0.992301 0.090892
v -0.072240 -0.984636 0.092693
v 0.344226 -0.955768 0.106666
v 0.070373 -0.936333 0.097580
v 0.336455 -0.932226 0.126892
v -0.320884 -0.916485 0.095979
v 0.211120 -0.880353 0.120662
v 0.213151 -0.879342 0.118161
v 0.191553 -0.582212 0.107188
v 0.180217 -0.548194 0.092157
v 0.560472 -0.527123 0.095427
v 0.184510 -0.454351 0.117782
v 0.180494 -0.542181 0.091901
v 0.624764 -0.412523 0.090488
v 0.634714 -0.391080 0.087741
v -0.086194 -0.295784 0.095219
v -0.195641 -0.346467 0.127269
v -0.026817 -0.272151 0.148952
v 0.047503 -0.291353 0.092972
v 0.656422 -0.259767 0.105070
v 0.649673 -0.180652 0.116706
v 0.481183 -0.177265 0.090873
v -0.255593 -0.018470 0.116227
v 0.475945 -0.017733 0.126257
v -0.249024 0.010317 0.115793
v 0.437560 0.581074 0.090432
v 0.272270 0.595546 0.101010
v 0.208370 0.659717 0.088032
v 0.213451 0.697778 0.081669
v -0.015049 0.693197 0.083967
v -0.015608 0.700342 0.087365
v -0.020268 0.693418 0.086241
v -0.009462 0.693076 0.086141
v 0.192386 0.760225 0.089871
v 0.192189 0.731259 0.086002
v 0.066299 0.903232 0.126526
v -0.404476 -0.995453 0.094878
v -0.148007 -0.993218 0.122421
v -0.406259 -0.991923 0.095110
v -0.334296 -0.937116 0.112783
v -0.329407 -0.930033 0.104298
v 0.165618 -0.924331 0.120912
v 0.556458 -0.528456 0.099046
v 0.635888 -0.382837 0.096076
v 0.052712 -0.291812 0.094009
v 0.458858 -0.235427 0.107662
v 0.472135 -0.177864 0.115273
v -0.262705 -0.194303 0.104612
v -0.245640 0.182697 0.103063
v 0.381526 0.277859 0.110980
v -0.309354 0.269295 0.095724
v 0.292333 0.305100 0.091631
v 0.287262 0.304136 0.100527
v -0.258813 0.525736 0.090186
v -0.258385 0.530964 0.089209
v 0.209080 0.571307 0.103402
v 0.186858 0.726802 0.088392
v -0.029231 0.688239 0.093289
v -0.014650 0.686340 0.090108
v -0.038021 0.690304 0.098678
v -0.000344 0.687886 0.094035
v -0.004325 0.693890 0.090267
v -0.004905 0.704770 0.099699
v 0.181605 0.722721 0.094757
v 0.186418 0.748198 0.090558
v 0.181779 0.784289 0.104576
v -0.249159 0.865418 0.197108
v -0.122853 0.935337 0.126376
v -0.122989 0.938035 0.097210
v -0.064881 0.937886 0.113809
v -0.048342 0.934572 0.142915
v -0.400688 -0.997158 0.137609
v -0.078888 -0.994715 0.101271
v -0.075784 -0.991249 0.100856
v -0.075797 -0.985151 0.101115
v -0.141709 -0.929786 0.117667
v -0.191037 -0.920558 0.142239
v -0.320517 -0.932074 0.125550
v 0.189060 -0.585172 0.106625
v 0.543810 -0.516431 0.107956
v -0.246113 -0.400823 0.104404
v 0.652440 -0.365901 0.100011
v -0.267118 -0.362900 0.098725
v 0.496159 -0.308003 0.131301
v -0.097545 -0.270312 0.108692
v 0.643456 -0.301210 0.129572
v 0.046812 -0.286658 0.096203
v -0.237510 -0.109843 0.098192
v 0.490465 -0.105269 0.101821
v 0.636215 -0.027055 0.121090
v 0.232786 -0.012887 0.099661
v 0.627650 0.038950 0.115734
v 0.475296 0.043739 0.112606
v -0.250501 0.188061 0.103299
v -0.288006 0.228054 0.127428
v 0.426222 0.237327 0.098364
v 0.334912 0.291708 0.115379
v 0.293664 0.310875 0.104999
v 0.433275 0.322632 0.100520
v 0.371406 0.542737 0.128764
v 0.227364 0.578927 0.098680
v 0.222203 0.579174 0.098080
v 0.247393 0.575396 0.109525
v 0.187065 0.593173 0.110515
v 0.178076 0.685018 0.098868
v -0.020347 0.704556 0.096412
v 0.191816 0.769264 0.092720
v -0.408491 -0.996321 0.113771
v 0.047520 -0.998664 0.109919
v -0.411510 -0.994497 0.110134
v -0.413195 -0.988410 0.113918
v -0.095843 -0.961346 0.118210
v 0.070698 -0.941579 0.117377
v 0.185319 -0.577629 0.107238
v 0.557104 -0.531345 0.103014
v -0.219473 -0.500452 0.111391
v 0.585771 -0.507402 0.130475
v 0.604643 -0.478574 0.119088
v 0.530329 -0.475624 0.102916
v 0.181769 -0.437742 0.122270
v 0.617192 -0.433405 0.097397
v 0.536624 -0.400902 0.111786
v 0.631552 -0.349516 0.151310
v 0.125334 -0.338056 0.114931
v 0.060395 -0.274053 0.102044
v 0.084011 -0.241835 0.115197
v 0.450315 -0.257968 0.116799
v 0.199443 -0.131099 0.115115
v -0.224804 -0.117953 0.106777
v -0.231203 -0.108687 0.103159
v -0.248699 -0.079424 0.102980
v -0.239258 -0.050376 0.129219
v -0.252721 -0.026014 0.120368
v 0.260936 0.061335 0.110926
v 0.449790 0.301868 0.096833
v -0.242021 0.517848 0.101650
v -0.228613 0.514465 0.110646
v 0.309900 0.567328 0.115603
v -0.036942 0.682911 0.099426
v -0.027781 0.682059 0.099142
v 0.012787 0.694157 0.108443
v -0.032868 0.709000 0.112731
v -0.006417 0.709772 0.108822
v 0.164000 0.800265 0.125072
v -0.174927 0.927468 0.105417
v -0.076943 -0.994054 0.118274
v -0.081988 -0.974159 0.118110
v -0.379436 -0.959995 0.137594
v -0.112930 -0.947762 0.118073
v -0.348283 -0.944740 0.124081
v -0.243233 -0.865254 0.112490
v 0.185665 -0.582458 0.108103
v -0.210625 -0.446375 0.119720
v 0.628693 -0.379246 0.117184
v -0.162068 -0.264061 0.131259
v -0.093977 -0.281270 0.102478
v 0.640827 -0.126556 0.133432
v 0.194455 -0.046115 0.132777
v -0.279387 0.215573 0.116859
v -0.259302 0.203990 0.115929
v 0.279503 0.298808 0.125294
v 0.372285 0.283590 0.112833
v 0.400509 0.290034 0.109825
v 0.222886 0.574779 0.100910
v -0.247352 0.657456 0.145248
v -0.043042 0.684584 0.103070
v -0.045388 0.674162 0.116420
v -0.010255 0.680503 0.104395
v 0.003333 0.685729 0.100142
v 0.008616 0.687528 0.103888
v 0.161060 0.647640 0.119802
v 0.042266 0.907353 0.159498
v 0.356409 -0.991999 0.136308
v -0.406964 -0.974072 0.113784
v -0.368068 -0.953125 0.133667
v 0.355076 -0.968576 0.144302
v -0.329207 -0.933788 0.112578
v -0.157760 -0.924702 0.125596
v 0.541158 -0.520519 0.115539
v -0.207601 -0.421226 0.124819
v -0.179445 -0.429924 0.102512
v 0.192410 -0.383329 0.135791
v -0.245707 -0.392211 0.106091
v -0.007749 -0.277742 0.133625
v -0.298656 -0.263673 0.110612
v 0.474551 0.014968 0.125320
v 0.624674 0.063480 0.107573
v 0.547033 0.092090 0.115065
v 0.256384 0.119315 0.119164
v -0.237853 0.186831 0.109738
v 0.347399 0.287127 0.114785
v 0.412970 0.326966 0.105802
v 0.399931 0.398303 0.109427
v 0.387424 0.435676 0.117371
v -0.230192 0.488344 0.124493
v 0.205984 0.561926 0.110319
v -0.055248 0.690382 0.115717
v -0.294360 0.706539 0.116171
v 0.025399 0.698917 0.124350
v -0.167736 0.919674 0.184523
v 0.357660 -0.998395 0.144093
v 0.159389 -0.929206 0.129681
v 0.549003 -0.532032 0.115006
v 0.561074 -0.535495 0.130485
v 0.555192 -0.537817 0.123427
v 0.606161 -0.475304 0.125580
v 0.517286 -0.373959 0.128024
v 0.625637 -0.366193 0.137118
v -0.283342 -0.267574 0.123890
v 0.445857 -0.257605 0.126593
v -0.106916 -0.262551 0.111347
v 0.045879 -0.236823 0.145066
v 0.208966 -0.194095 0.134797
v 0.489071 -0.123422 0.147183
v 0.485831 -0.076311 0.141556
v 0.199545 -0.001510 0.166399
v 0.227799 0.032019 0.139370
v 0.304416 0.306080 0.113050
v 0.287222 0.313082 0.113123
v 0.301608 0.311658 0.117712
v 0.384064 0.364933 0.107767
v 0.371975 0.286586 0.114191
v 0.363483 0.356351 0.110781
v 0.304858 0.344251 0.116123
v -0.229898 0.511246 0.110954
v 0.200445 0.567324 0.107715
v 0.158424 0.560021 0.131981
v 0.234923 0.567000 0.115435
v 0.155777 0.618317 0.127782
v -0.055347 0.683822 0.115952
v -0.001345 0.675936 0.121354
v 0.024325 0.712116 0.137789
v -0.266865 0.830169 0.171903
v 0.107221 0.872485 0.134638
v 0.000477 0.918555 0.167780
v -0.087333 -0.997188 0.155364
v 0.047056 -0.993461 0.118040
v -0.411566 -0.984694 0.117397
v 0.048572 -0.989443 0.147002
v -0.077220 -0.985191 0.125969
v 0.543044 -0.528207 0.123218
v 0.527951 -0.400168 0.136174
v -0.222895 -0.354674 0.141617
v -0.114362 -0.250196 0.116372
v 0.077107 -0.254600 0.110662
v 0.084758 -0.246617 0.113617
v 0.094418 -0.252076 0.115731
v 0.093757 -0.239214 0.113106
v 0.087716 -0.238157 0.113693
v 0.097100 -0.229363 0.113903
v 0.095885 -0.224328 0.117547
v -0.234939 -0.252557 0.150676
v 0.102402 -0.230255 0.114841
v 0.626805 -0.218190 0.162457
v -0.204572 0.189152 0.129680
v 0.285226 0.315623 0.120686
v -0.234326 0.310386 0.139674
v 0.379740 0.423542 0.117766
v 0.192420 0.557758 0.114739
v -0.281624 0.699421 0.133003
v 0.025618 0.692112 0.124865
v -0.018800 0.719920 0.155110
v -0.040315 0.714467 0.129694
v -0.279854 0.784676 0.142455
v 0.161460 0.772414 0.132653
v -0.361297 -0.994264 0.140545
v -0.310374 -0.994665 0.121986
v -0.335939 -0.993970 0.133660
v 0.047476 -0.998115 0.127044
v 0.045400 -0.995812 0.127248
v 0.289294 -0.996141 0.192085
v -0.408700 -0.991907 0.129530
v -0.077713 -0.991808 0.134106
v 0.045709 -0.993074 0.138680
v -0.330321 -0.942706 0.119038
v 0.106886 -0.943266 0.162919
v -0.196393 -0.922350 0.154711
v 0.537749 -0.512853 0.142490
v 0.527003 -0.408772 0.144997
v 0.185355 -0.366910 0.142464
v -0.211038 -0.404739 0.129128
v 0.258142 -0.337713 0.141792
v -0.230730 -0.325202 0.148675
v 0.140660 -0.276681 0.138436
v 0.005083 -0.241316 0.165220
v 0.446760 -0.252081 0.124293
v -0.123782 -0.247139 0.117190
v -0.131587 -0.233930 0.117929
v -0.129986 -0.229041 0.121128
v 0.105684 -0.221610 0.115498
v 0.117909 -0.203684 0.118685
v 0.116801 -0.200007 0.120500
v 0.123453 -0.205439 0.119664
v -0.190682 -0.137545 0.127906
v 0.187255 -0.096517 0.126474
v 0.477936 0.030049 0.123589
v 0.555235 0.067282 0.128764
v -0.222184 0.190822 0.119569
v -0.213395 0.195734 0.125793
v -0.283886 0.221713 0.124961
v 0.291344 0.335803 0.119286
v -0.176028 0.414629 0.154840
v -0.212823 0.500968 0.123977
v -0.220903 0.510241 0.116731
v -0.207581 0.506835 0.127691
v 0.209952 0.550235 0.128465
v 0.179049 0.554939 0.121571
v 0.263620 0.497670 0.131429
v -0.057650 0.679767 0.121154
v -0.062222 0.686063 0.121820
v -0.151509 0.925309 0.167849
v -0.300166 -0.993209 0.151596
v -0.383737 -0.965465 0.141496
v -0.325706 -0.951095 0.123610
v -0.323715 -0.942703 0.123985
v -0.331328 -0.951502 0.123238
v 0.065261 -0.952893 0.134381
v -0.323701 -0.938428 0.124727
v -0.125107 -0.947242 0.142146
v -0.252054 -0.883314 0.143289
v 0.545731 -0.536445 0.143492
v 0.554743 -0.538768 0.134470
v 0.600178 -0.486992 0.129618
v -0.101003 -0.232689 0.133139
v -0.129532 -0.211676 0.134646
v -0.144504 -0.222269 0.119464
v -0.134274 -0.225183 0.119938
v -0.133310 -0.220639 0.123701
v 0.103860 -0.208426 0.124667
v -0.143887 -0.217890 0.119165
v -0.147742 -0.208448 0.120063
v -0.150267 -0.200383 0.123170
v -0.156591 -0.205669 0.121651
v -0.159558 -0.188377 0.121552
v -0.164376 -0.184464 0.121779
v 0.126402 -0.192263 0.120577
v 0.134609 -0.179815 0.121905
v -0.163797 -0.179834 0.121936
v -0.168150 -0.175986 0.122470
v -0.173691 -0.172536 0.122144
v -0.167748 -0.171758 0.122461
v -0.176224 -0.158635 0.123145
v 0.484221 -0.133083 0.151905
v -0.188265 -0.142188 0.127881
v 0.183697 -0.127137 0.122219
v 0.629637 -0.056437 0.145153
v 0.579185 0.013363 0.152284
v 0.211804 0.085743 0.141850
v -0.220861 0.159271 0.134961
v 0.228162 0.199391 0.157265
v 0.240832 0.165408 0.140659
v 0.249758 0.282160 0.170315
v 0.286252 0.344611 0.125355
v 0.329697 0.415007 0.129420
v 0.363407 0.522969 0.130766
v 0.184335 0.549514 0.122333
v 0.197193 0.541739 0.134206
v -0.104948 0.675309 0.123610
v -0.103367 0.673116 0.125079
v -0.097210 0.674525 0.121888
v -0.074182 0.676489 0.123514
v -0.060590 0.671075 0.123905
v -0.060351 0.676243 0.120941
v -0.070202 0.672226 0.123960
v -0.052622 0.672788 0.123690
v -0.098495 0.681716 0.119275
v -0.087508 0.681843 0.128102
v -0.070904 0.682992 0.123836
v 0.157702 0.702270 0.137369
v -0.024678 0.929538 0.167748
v 0.054207 -0.998145 0.193377
v -0.314478 -0.993120 0.128259
v -0.309036 -0.993264 0.130326
v -0.300725 -0.993596 0.155785
v -0.078734 -0.994458 0.134165
v -0.092778 -0.982188 0.167121
v -0.322738 -0.968028 0.128011
v -0.318636 -0.954335 0.129055
v -0.320879 -0.955019 0.126295
v 0.350139 -0.948556 0.156341
v 0.218981 -0.893016 0.150136
v 0.529556 -0.434305 0.143288
v 0.508925 -0.366613 0.140688
v 0.493053 -0.303491 0.139403
v 0.436188 -0.249716 0.156210
v -0.201645 -0.173365 0.129489
v 0.229701 -0.227593 0.140096
v -0.149875 -0.195545 0.125814
v 0.169426 -0.197898 0.135267
v 0.137377 -0.166864 0.125071
v -0.175753 -0.154030 0.125521
v 0.150883 -0.150894 0.124987
v -0.194229 -0.160222 0.127317
v 0.167541 -0.130305 0.125349
v -0.184040 -0.141249 0.129827
v 0.184634 -0.164672 0.132865
v 0.166165 -0.108367 0.133967
v -0.215178 -0.078034 0.154836
v -0.222975 -0.052073 0.174837
v 0.478645 -0.026503 0.133107
v 0.477743 0.018034 0.128176
v 0.277754 0.373593 0.139493
v -0.211979 0.544888 0.141895
v 0.322154 0.497797 0.134590
v 0.171250 0.546397 0.127454
v 0.172368 0.538944 0.132096
v -0.052323 0.659434 0.150378
v -0.074408 0.669976 0.128911
v -0.108430 0.674851 0.128186
v -0.089359 0.669836 0.130201
v -0.084403 0.676869 0.128180
v -0.079382 0.677622 0.128118
v -0.112908 0.682794 0.132240
v -0.099033 0.713031 0.149396
v 0.031692 0.697274 0.133307
v -0.065975 0.720508 0.158109
v -0.319795 -0.990501 0.131468
v -0.313128 -0.987639 0.132395
v -0.398917 -0.985183 0.140684
v -0.317038 -0.975960 0.131989
v -0.316161 -0.967542 0.130423
v -0.322912 -0.976702 0.130667
v -0.100558 -0.964517 0.142216
v -0.320019 -0.935918 0.138130
v 0.161320 -0.950454 0.166203
v 0.146201 -0.931606 0.145926
v 0.222486 -0.896167 0.158800
v -0.208359 -0.916222 0.168211
v 0.577580 -0.516448 0.133513
v 0.593802 -0.494914 0.133235
v 0.516361 -0.379532 0.136646
v 0.177629 -0.288764 0.156544
v 0.257966 -0.269470 0.144400
v 0.434202 -0.239207 0.157360
v 0.140601 -0.145769 0.135311
v -0.195198 -0.120061 0.142123
v -0.204708 0.056098 0.165763
v 0.571686 0.026006 0.148113
v -0.200741 0.194595 0.130879
v -0.230194 0.220224 0.145564
v -0.196234 0.493310 0.134887
v -0.082120 0.671173 0.129813
v -0.116970 0.677686 0.132335
v -0.112179 0.671227 0.132757
v -0.111561 0.669448 0.135504
v -0.081536 0.678761 0.131122
v -0.018472 0.660762 0.156834
v 0.023110 0.678465 0.155111
v -0.277727 0.706966 0.145409
v 0.032108 0.703488 0.137621
v 0.074671 0.896074 0.168214
v -0.060780 0.933854 0.151245
v -0.396462 -0.991970 0.144620
v -0.344809 -0.990984 0.138551
v -0.307345 -0.990522 0.137884
v -0.201982 -0.988361 0.175123
v -0.312023 -0.979103 0.134422
v -0.312181 -0.974830 0.137329
v -0.372883 -0.960643 0.139953
v 0.550314 -0.537701 0.142473
v 0.544591 -0.532891 0.149932
v 0.531907 -0.479963 0.141973
v 0.259022 -0.297107 0.152028
v 0.432140 -0.231342 0.168716
v 0.088067 -0.199455 0.137538
v -0.146663 -0.157439 0.170504
v 0.176950 -0.235558 0.144637
v 0.108354 -0.149066 0.178201
v 0.172151 -0.087514 0.140883
v 0.486268 -0.002287 0.136951
v 0.611723 -0.002684 0.142065
v 0.493955 -0.002652 0.140012
v -0.179720 0.198618 0.141522
v -0.196773 0.200143 0.135263
v 0.271400 0.464137 0.136971
v -0.179174 0.485728 0.146296
v 0.158932 0.538084 0.134103
v 0.107725 0.535987 0.166666
v -0.120407 0.677251 0.136870
v -0.083359 0.687589 0.136947
v 0.034154 0.691387 0.146604
v 0.035498 0.697131 0.142161
v 0.029514 0.712526 0.147074
v 0.147456 0.816932 0.141759
v 0.082836 0.892001 0.138945
v -0.212678 0.898083 0.151314
v -0.389488 -0.994675 0.145270
v -0.303609 -0.991713 0.146608
v -0.307409 -0.966101 0.172011
v 0.126881 -0.942151 0.174924
v -0.177840 -0.937656 0.179339
v -0.208261 -0.906909 0.150520
v 0.520914 -0.395492 0.145528
v 0.506747 -0.379907 0.149600
v 0.603883 -0.357080 0.174808
v -0.224143 -0.276679 0.152299
v 0.148751 -0.116502 0.145409
v 0.503015 -0.043858 0.151980
v -0.183609 0.163480 0.158817
v -0.167612 0.202854 0.147406
v 0.270989 0.447568 0.139206
v -0.179768 0.464321 0.151354
v 0.145753 0.534532 0.141936
v -0.090168 0.658247 0.158674
v -0.128783 0.671866 0.140570
v -0.134022 0.674538 0.144867
v -0.270164 0.707169 0.155581
v 0.140663 0.727266 0.157528
v 0.111965 0.858919 0.179394
v -0.064978 0.930000 0.188831
v -0.270284 -0.992764 0.233365
v -0.085062 -0.992188 0.159728
v -0.392305 -0.980817 0.144446
v -0.384449 -0.968788 0.143351
v -0.116361 -0.981696 0.212116
v -0.161313 -0.945531 0.187244
v 0.547190 -0.531992 0.152833
v 0.565205 -0.503118 0.161731
v 0.578597 -0.486735 0.166703
v 0.530718 -0.438213 0.151995
v 0.526857 -0.425094 0.154114
v 0.499310 -0.405337 0.161235
v 0.602247 -0.367264 0.168774
v 0.590416 -0.413110 0.173671
v 0.491724 -0.304136 0.160434
v -0.243037 -0.284035 0.157399
v -0.250107 -0.273303 0.150956
v -0.105424 -0.208114 0.149306
v 0.270249 0.426716 0.142309
v 0.245381 0.360624 0.174242
v 0.142960 0.508648 0.158152
v 0.142593 0.525644 0.145058
v 0.119170 0.643731 0.156458
v 0.095120 0.681514 0.182272
v -0.133234 0.668739 0.144673
v -0.119588 0.666075 0.145870
v 0.030007 0.686046 0.151771
v 0.035258 0.693023 0.153130
v 0.035385 0.703139 0.147433
v 0.023312 0.716099 0.152009
v -0.261959 0.752173 0.174478
v 0.103009 0.743948 0.192995
v -0.122614 0.928385 0.188732
v 0.050072 -0.995433 0.151245
v 0.365330 -0.968730 0.177759
v -0.305573 -0.963007 0.200609
v 0.541319 -0.509234 0.149392
v 0.582700 -0.467083 0.169921
v 0.222016 -0.304762 0.155537
v 0.606271 -0.329338 0.211118
v -0.236076 -0.300703 0.153942
v 0.116551 -0.137062 0.179858
v -0.195409 -0.113636 0.159298
v 0.627752 -0.085590 0.157737
v -0.224932 -0.062353 0.150489
v -0.197882 -0.010651 0.182186
v 0.165396 0.135781 0.172812
v 0.196831 0.198972 0.167317
v -0.158712 0.207459 0.152134
v 0.240627 0.326992 0.182675
v 0.125158 0.517998 0.153038
v 0.126227 0.512737 0.154423
v -0.137185 0.665581 0.152177
v 0.007210 0.661172 0.179970
v -0.246098 0.711290 0.182963
v 0.031280 0.707187 0.153458
v 0.029277 0.712975 0.152677
v -0.061235 0.721975 0.159556
v 0.362981 -0.999741 0.164566
v 0.545485 -0.529232 0.153513
v 0.533574 -0.448632 0.154854
v 0.530494 -0.441595 0.157191
v 0.526880 -0.444953 0.162774
v 0.501864 -0.393713 0.161028
v 0.185810 -0.304874 0.157658
v -0.235064 -0.308449 0.151237
v -0.018677 -0.251023 0.165272
v 0.454713 -0.186940 0.160717
v 0.498763 -0.110638 0.157536
v 0.153367 -0.083094 0.170894
v 0.564300 0.009345 0.152141
v -0.070398 0.180978 0.218915
v -0.146521 0.206024 0.157182
v -0.125991 0.273029 0.168618
v 0.159232 0.430540 0.172763
v -0.047887 0.647822 0.188122
v 0.024592 0.674344 0.167408
v 0.029659 0.687999 0.156895
v 0.025711 0.693343 0.162020
v -0.081784 0.721691 0.174189
v 0.022373 0.711946 0.161144
v 0.019150 0.715737 0.156512
v 0.310706 -0.999372 0.200757
v -0.099369 -0.996989 0.189016
v 0.050385 -0.995762 0.168031
v 0.371447 -0.995353 0.177950
v 0.062091 -0.983117 0.212142
v -0.313629 -0.943683 0.167111
v -0.278826 -0.928462 0.221247
v -0.194683 -0.935941 0.178078
v 0.549714 -0.521243 0.157974
v 0.559499 -0.503649 0.165129
v 0.557190 -0.488652 0.163078
v 0.531601 -0.444817 0.159245
v 0.185275 -0.297221 0.158333
v 0.054435 -0.182655 0.161071
v 0.067505 -0.177420 0.160776
v -0.158266 -0.140368 0.178978
v 0.507354 -0.114487 0.170718
v 0.507758 -0.106467 0.165321
v 0.195361 -0.009135 0.170346
v 0.587273 -0.015034 0.159357
v 0.178509 0.035401 0.172054
v -0.158724 0.156094 0.175197
v 0.208501 0.200437 0.164877
v -0.163118 0.472368 0.157474
v -0.163384 0.482444 0.157779
v 0.118177 0.504398 0.159741
v -0.146526 0.666724 0.157329
v 0.025894 0.679406 0.162608
v 0.026283 0.683499 0.160200
v 0.023314 0.698789 0.161570
v -0.083539 0.716669 0.165976
v -0.098721 0.717577 0.154794
v 0.104676 0.871489 0.187728
v -0.156330 -0.993087 0.195675
v -0.090918 -0.995124 0.171484
v 0.279782 -0.996321 0.205423
v 0.154471 -0.947157 0.161812
v 0.133082 -0.944086 0.176189
v 0.338345 -0.955487 0.207837
v 0.266564 -0.919689 0.187700
v 0.544601 -0.450465 0.162278
v 0.517049 -0.463269 0.171574
v 0.528670 -0.448236 0.166284
v 0.534633 -0.444619 0.163211
v 0.537675 -0.444812 0.162521
v 0.486533 -0.430505 0.174696
v 0.483312 -0.290903 0.185246
v 0.446289 -0.257268 0.185696
v 0.435979 -0.249306 0.163934
v 0.431778 -0.234409 0.171829
v -0.050890 -0.203356 0.177657
v -0.076356 -0.165872 0.192792
v 0.611026 -0.164580 0.192571
v 0.491610 -0.133621 0.187731
v 0.619523 -0.102272 0.169190
v 0.583857 -0.057246 0.172828
v -0.130313 0.215549 0.163836
v -0.068186 0.239011 0.183679
v 0.227727 0.233000 0.179559
v -0.146914 0.473852 0.164407
v 0.104903 0.500786 0.162990
v -0.224042 0.645992 0.170847
v -0.145065 0.662242 0.162472
v 0.002442 0.718218 0.163829
v 0.015183 0.715659 0.168961
v 0.020422 0.712660 0.169190
v -0.103374 0.720411 0.162778
v 0.057993 0.901924 0.167899
v -0.105218 -0.989786 0.208554
v -0.141348 -0.958493 0.195408
v 0.156762 -0.955500 0.169843
v 0.516846 -0.469748 0.177344
v 0.532060 -0.446535 0.168685
v 0.470200 -0.451479 0.187921
v 0.540086 -0.440200 0.166726
v 0.543446 -0.440669 0.165060
v 0.464678 -0.273864 0.186093
v 0.020991 -0.170492 0.183289
v 0.131794 -0.104230 0.187723
v -0.216237 -0.075953 0.196372
v -0.118229 0.447879 0.171798
v 0.109537 0.484381 0.171786
v 0.092009 0.492773 0.168816
v -0.179397 0.549165 0.182722
v -0.140460 0.647772 0.200679
v -0.153896 0.661470 0.170549
v 0.029935 0.679414 0.167016
v 0.029760 0.690614 0.165453
v 0.029480 0.692644 0.173915
v 0.021153 0.698849 0.177096
v -0.081694 0.726614 0.183671
v -0.167584 0.913749 0.226033
v -0.040102 0.928982 0.192952
v 0.108674 -0.997158 0.195162
v 0.134205 -0.996311 0.179733
v 0.371075 -0.998066 0.181851
v 0.090049 -0.965929 0.199563
v 0.366884 -0.965511 0.193592
v -0.204629 -0.927429 0.180722
v 0.580124 -0.459121 0.172335
v 0.550826 -0.432766 0.168201
v 0.540978 -0.436751 0.171691
v 0.550650 -0.430112 0.170120
v 0.617874 -0.263961 0.183338
v 0.477449 -0.282376 0.200959
v 0.442566 -0.249651 0.184544
v 0.456162 -0.178304 0.188971
v 0.514853 -0.112342 0.173435
v 0.514827 -0.107130 0.169620
v 0.535069 -0.111915 0.178093
v 0.163255 0.176490 0.177119
v 0.147321 0.197281 0.168713
v 0.155860 0.203265 0.168566
v 0.113684 0.201930 0.170076
v 0.130841 0.208946 0.171553
v -0.100943 0.222838 0.175004
v 0.241171 0.347296 0.177560
v -0.114111 0.469168 0.171675
v -0.118043 0.474446 0.171963
v -0.135188 0.477397 0.169708
v -0.164594 0.570247 0.216606
v 0.085555 0.602163 0.189755
v -0.191309 0.599180 0.191519
v 0.081999 0.635451 0.194951
v -0.060710 0.644857 0.196546
v 0.024260 0.669824 0.184519
v 0.032954 0.684662 0.173853
v 0.011902 0.713653 0.177616
v -0.078390 0.724038 0.175367
v -0.094025 0.930205 0.188846
v 0.145229 -0.994855 0.183658
v 0.191211 -0.998514 0.246045
v -0.096958 -0.994795 0.188899
v 0.152330 -0.961883 0.173237
v 0.150963 -0.956836 0.170470
v 0.146190 -0.960470 0.174056
v 0.153606 -0.965830 0.177812
v 0.125667 -0.944907 0.179701
v 0.358431 -0.965801 0.215652
v 0.288206 -0.931612 0.182220
v 0.508164 -0.477335 0.178204
v 0.551468 -0.428448 0.196310
v 0.559652 -0.428827 0.171270
v 0.549714 -0.428219 0.176124
v 0.554524 -0.427984 0.171248
v 0.553954 -0.425616 0.175150
v 0.558452 -0.424207 0.173960
v 0.567136 -0.412648 0.173622
v 0.570688 -0.412884 0.173637
v 0.594027 -0.366742 0.177436
v -0.015243 -0.224682 0.183361
v -0.117910 -0.162398 0.182041
v 0.474572 -0.149170 0.180161
v -0.200282 -0.103125 0.187731
v 0.580121 -0.106259 0.186255
v 0.167573 -0.042236 0.195440
v 0.150227 0.164133 0.183277
v 0.092700 0.206007 0.171760
v 0.080220 0.205337 0.174201
v 0.109825 0.207466 0.170372
v 0.068144 0.216576 0.175685
v 0.211599 0.245079 0.207100
v -0.137256 0.508744 0.203514
v -0.158273 0.657171 0.184502
v -0.168203 0.667221 0.178179
v -0.171640 0.674915 0.183149
v 0.027918 0.679898 0.176839
v 0.028887 0.685095 0.177645
v 0.025338 0.692673 0.178397
v 0.018943 0.708001 0.177759
v -0.120559 0.722083 0.178835
v -0.258230 0.818947 0.195931
v 0.095250 0.882306 0.197169
v -0.110290 0.929258 0.197086
v -0.212650 -0.986489 0.180316
v -0.206731 -0.986065 0.177841
v -0.201520 -0.986307 0.178242
v 0.148351 -0.972296 0.177511
v 0.113427 -0.952982 0.189186
v -0.291428 -0.936012 0.208533
v -0.245415 -0.924340 0.204581
v 0.507894 -0.478996 0.181769
v 0.501970 -0.481315 0.182775
v 0.478035 -0.470632 0.188901
v 0.552778 -0.426270 0.180972
v 0.587491 -0.417926 0.174955
v 0.473731 -0.419735 0.215292
v 0.565098 -0.411802 0.179281
v 0.569884 -0.408231 0.175650
v 0.579626 -0.396289 0.175568
v 0.574671 -0.396259 0.177889
v 0.577793 -0.383170 0.179361
v 0.440018 -0.242623 0.189267
v 0.599012 -0.255927 0.224371
v 0.183284 -0.018780 0.182001
v 0.072123 0.210619 0.173536
v 0.197552 0.241133 0.207672
v 0.046917 0.215056 0.176975
v -0.072604 0.348046 0.180619
v -0.031104 0.444034 0.186627
v -0.068504 0.475060 0.180999
v -0.064202 0.469212 0.179541
v 0.036893 0.464795 0.185466
v -0.223612 0.665052 0.190067
v -0.222070 0.660413 0.196185
v -0.163257 0.661287 0.179626
v -0.172222 0.669597 0.183898
v 0.016428 0.712277 0.189726
v -0.060691 0.729415 0.196916
v -0.208486 0.888733 0.221808
v -0.020857 0.923262 0.197043
v 0.139253 -0.994032 0.182007
v -0.203344 -0.966829 0.180232
v -0.197403 -0.963228 0.180817
v 0.143793 -0.986170 0.181104
v 0.150276 -0.977499 0.182408
v 0.142882 -0.976575 0.178759
v 0.105259 -0.959801 0.195075
v -0.203891 -0.946697 0.181892
v -0.198380 -0.946604 0.179589
v -0.180988 -0.940326 0.183357
v 0.486265 -0.482452 0.190631
v 0.496527 -0.485385 0.190120
v 0.519158 -0.465283 0.201299
v 0.466662 -0.458467 0.191551
v 0.460653 -0.451906 0.199490
v 0.570538 -0.395934 0.182915
v 0.487140 -0.321806 0.209812
v 0.441752 -0.230876 0.197057
v 0.437346 -0.219117 0.184096
v 0.462788 -0.167464 0.188494
v 0.542611 -0.120698 0.187886
v -0.196115 -0.032312 0.192759
v 0.154143 0.001849 0.194841
v 0.141907 0.155866 0.187979
v 0.088429 0.167669 0.195520
v 0.034257 0.213682 0.179751
v 0.122696 0.236979 0.199487
v 0.034692 0.219863 0.179169
v 0.017486 0.218416 0.181236
v 0.013723 0.224430 0.182801
v 0.237617 0.298208 0.186540
v 0.237219 0.326682 0.185188
v 0.176080 0.359722 0.185885
v -0.047793 0.318914 0.184759
v 0.051365 0.426855 0.185276
v -0.141356 0.520702 0.211417
v -0.110841 0.646035 0.200567
v -0.212805 0.672008 0.181313
v -0.206142 0.667773 0.183016
v -0.205232 0.672170 0.179287
v -0.201147 0.671238 0.183095
v -0.206848 0.678945 0.181127
v -0.209756 0.679412 0.182989
v -0.202922 0.678527 0.182749
v 0.032877 0.678995 0.183615
v -0.165750 0.685537 0.185923
v 0.033107 0.685143 0.181816
v 0.031783 0.691426 0.182554
v 0.024561 0.696282 0.183957
v -0.169971 0.704335 0.208883
v 0.021502 0.699592 0.189200
v 0.020422 0.707602 0.184298
v 0.007609 0.716631 0.189224
v 0.004734 0.915011 0.184608
v -0.105999 0.926446 0.230404
v -0.183881 -0.986423 0.185698
v 0.055128 -0.992943 0.215681
v -0.297894 -0.979059 0.221730
v 0.154781 -0.977111 0.192442
v 0.283245 -0.953288 0.185666
v 0.289144 -0.968083 0.188887
v 0.284427 -0.938346 0.183940
v -0.164277 -0.948457 0.189936
v 0.278461 -0.943132 0.186574
v 0.278648 -0.927712 0.184952
v 0.488671 -0.489111 0.195478
v 0.491203 -0.489336 0.201665
v 0.556663 -0.424224 0.188725
v 0.487633 -0.317900 0.212462
v 0.461082 -0.274331 0.189586
v 0.459593 -0.278392 0.192407
v 0.467280 -0.278537 0.194127
v 0.442287 -0.262951 0.192630
v 0.453019 -0.266032 0.188944
v 0.441592 -0.250724 0.190833
v 0.445483 -0.202784 0.192503
v 0.080085 -0.128887 0.203935
v 0.104590 -0.135928 0.190186
v 0.506774 -0.127027 0.195400
v 0.559563 -0.119485 0.185818
v 0.583704 -0.118717 0.185764
v 0.142223 -0.071100 0.220655
v 0.173919 -0.031628 0.190675
v -0.134398 0.023339 0.211346
v 0.004992 0.217324 0.185582
v 0.151736 0.237808 0.202952
v -0.003415 0.222876 0.185385
v -0.002626 0.228500 0.185844
v 0.223875 0.269249 0.198773
v -0.018205 0.470332 0.189061
v -0.039263 0.645957 0.200836
v -0.216177 0.672526 0.188668
v -0.212762 0.667586 0.188572
v -0.172303 0.671773 0.188275
v -0.213133 0.678452 0.188602
v -0.200516 0.678623 0.187068
v 0.025198 0.670449 0.190082
v 0.032722 0.679629 0.191377
v -0.207729 0.684290 0.192289
v -0.172514 0.685420 0.180602
v -0.176164 0.678617 0.187940
v -0.171129 0.678146 0.187683
v -0.176944 0.685635 0.182523
v -0.178479 0.684994 0.188991
v -0.167164 0.681396 0.187058
v 0.036807 0.678021 0.190703
v 0.036760 0.685139 0.184079
v 0.039981 0.684453 0.191476
v -0.177100 0.690964 0.187294
v 0.032093 0.692721 0.190817
v 0.035480 0.690971 0.183614
v 0.041060 0.690778 0.188808
v 0.035484 0.694765 0.190437
v 0.021140 0.703039 0.196757
v -0.141780 0.722072 0.199626
v -0.018098 0.726495 0.218214
v -0.136593 0.724861 0.200516
v -0.043786 0.729740 0.205375
v -0.026758 0.728494 0.218086
v 0.060607 -0.997168 0.216774
v 0.379135 -0.998464 0.202380
v -0.281343 -0.994596 0.234770
v -0.134470 -0.996620 0.204879
v 0.154800 -0.994655 0.200545
v -0.167367 -0.990878 0.192777
v 0.283113 -0.960378 0.188558
v 0.287921 -0.977039 0.191793
v 0.382722 -0.989386 0.206301
v -0.135900 -0.965950 0.202746
v 0.267475 -0.931080 0.194797
v -0.224985 -0.927691 0.194942
v 0.257245 -0.927987 0.203597
v 0.478633 -0.478248 0.193215
v 0.470880 -0.469987 0.194882
v 0.459057 -0.444338 0.210270
v 0.478346 -0.402350 0.228933
v 0.565060 -0.370462 0.203645
v 0.489003 -0.356005 0.217685
v 0.439170 -0.296081 0.196444
v 0.436046 -0.256284 0.195050
v 0.415993 -0.285607 0.201920
v 0.439734 -0.243402 0.193661
v 0.442053 -0.218701 0.196271
v -0.023913 -0.179848 0.202187
v 0.448279 -0.198765 0.205207
v 0.482872 -0.148560 0.195490
v 0.599747 -0.210609 0.212364
v 0.116023 -0.119165 0.202938
v -0.204750 -0.065714 0.207510
v -0.188431 -0.023627 0.192410
v -0.011112 0.227240 0.186119
v -0.014997 0.232136 0.187274
v -0.040072 0.234835 0.187354
v 0.018946 0.236301 0.192065
v 0.093574 0.233865 0.195287
v -0.052558 0.234122 0.188944
v 0.018333 0.414478 0.188719
v -0.002473 0.439859 0.188004
v 0.084981 0.355994 0.193463
v -0.001453 0.466318 0.191601
v 0.021477 0.462001 0.189742
v -0.002502 0.492282 0.218023
v -0.101762 0.504243 0.211672
v 0.057968 0.577691 0.215529
v -0.201224 0.636976 0.233843
v -0.162902 0.664901 0.201978
v -0.150835 0.652956 0.197501
v -0.213267 0.668288 0.197875
v -0.207004 0.664953 0.193963
v -0.200482 0.666367 0.192088
v 0.025110 0.676236 0.194958
v -0.200992 0.683434 0.188366
v -0.173287 0.677290 0.191627
v -0.176441 0.680151 0.192910
v -0.169830 0.681597 0.188767
v 0.028447 0.685328 0.193806
v 0.035250 0.689820 0.193527
v 0.089501 0.702340 0.194482
v -0.179703 0.689275 0.192620
v 0.025674 0.689807 0.196200
v -0.174016 0.701262 0.196019
v -0.177130 0.695357 0.191512
v -0.166321 0.696662 0.195350
v 0.019275 0.708276 0.196404
v 0.085563 0.801736 0.211040
v -0.256387 0.847468 0.213499
v -0.254079 0.858286 0.218217
v 0.088227 0.887842 0.217637
v 0.009014 0.909889 0.226282
v -0.146556 -0.991435 0.199831
v -0.110808 -0.998255 0.205685
v 0.293555 -0.994705 0.195211
v 0.287724 -0.994348 0.196565
v -0.146583 -0.987455 0.201664
v -0.234262 -0.967608 0.215356
v 0.293470 -0.985460 0.193859
v 0.301704 -0.994775 0.198599
v -0.152424 -0.953720 0.193895
v 0.219332 -0.924116 0.208639
v 0.234566 -0.912655 0.200026
v 0.482954 -0.488923 0.202623
v 0.529744 -0.448946 0.221140
v 0.438054 -0.302371 0.200241
v 0.431285 -0.302926 0.201313
v 0.419522 -0.295406 0.201578
v 0.452766 -0.289784 0.199154
v -0.134771 -0.116987 0.206360
v 0.567211 -0.156451 0.198252
v 0.120699 0.006200 0.218345
v 0.133462 0.085302 0.201015
v 0.013790 0.462455 0.191714
v 0.006476 0.471365 0.198770
v -0.216520 0.663555 0.206607
v -0.218619 0.672328 0.207765
v -0.201594 0.663553 0.196433
v -0.208792 0.664979 0.201191
v -0.195069 0.666574 0.200322
v 0.015852 0.662127 0.201934
v 0.022535 0.680318 0.202148
v -0.194487 0.681907 0.199528
v -0.201913 0.688412 0.196354
v -0.179943 0.684116 0.201391
v -0.180195 0.694353 0.196670
v 0.085337 0.743917 0.214974
v -0.241093 0.723187 0.195975
v 0.096647 0.879378 0.200249
v 0.079335 0.892771 0.226502
v 0.042362 0.902783 0.205534
v 0.283812 -0.994645 0.200628
v 0.383135 -0.995234 0.206548
v 0.100314 -0.994735 0.201985
v 0.287733 -0.992062 0.198849
v 0.292410 -0.990334 0.196739
v -0.245578 -0.989523 0.212441
v -0.247199 -0.974998 0.227527
v 0.174941 -0.965389 0.216670
v 0.373118 -0.974129 0.209087
v -0.272840 -0.926395 0.224370
v 0.241954 -0.922825 0.216372
v 0.484594 -0.490868 0.213687
v 0.457482 -0.450949 0.209539
v 0.591227 -0.324609 0.237103
v 0.433204 -0.248775 0.206832
v 0.449663 -0.207975 0.220692
v -0.101633 -0.129559 0.210460
v 0.498622 -0.157733 0.219793
v -0.177177 -0.096131 0.205886
v -0.211738 -0.082930 0.204295
v -0.210618 -0.077002 0.207671
v -0.197096 -0.050449 0.202441
v -0.176596 -0.043784 0.199112
v 0.013526 0.184378 0.204926
v 0.151603 0.301888 0.199330
v 0.209355 0.255792 0.206609
v 0.020575 0.494778 0.207180
v -0.145985 0.648627 0.205534
v 0.022255 0.672021 0.203660
v -0.214056 0.674039 0.204514
v -0.193183 0.667183 0.205246
v -0.204025 0.688706 0.201093
v -0.195175 0.687081 0.199830
v 0.026292 0.688501 0.201920
v -0.179926 0.695126 0.206177
v 0.026201 0.697496 0.205616
v -0.174751 0.701177 0.200707
v 0.023585 0.702378 0.199568
v 0.020207 0.712716 0.205326
v -0.226952 0.715256 0.237994
v -0.248005 0.857107 0.254871
v -0.032489 0.922282 0.246985
v -0.089872 0.929231 0.201331
v -0.107410 -0.996131 0.212065
v 0.367504 -1.000000 0.217711
v 0.379219 -0.998923 0.209576
v -0.134652 -0.994635 0.207447
v -0.291620 -0.992052 0.205139
v 0.323349 -0.952078 0.203819
v 0.315577 -0.995672 0.206182
v 0.092846 -0.968987 0.202270
v 0.203635 -0.958523 0.245151
v 0.482388 -0.490129 0.214101
v 0.423886 -0.302627 0.206929
v 0.434568 -0.306874 0.207040
v 0.412181 -0.294895 0.207324
v 0.407278 -0.288713 0.211229
v 0.470380 -0.279257 0.209274
v 0.446734 -0.206978 0.213307
v 0.506362 -0.133672 0.202555
v -0.163862 -0.103939 0.204595
v -0.202179 -0.083462 0.211262
v 0.148642 -0.060153 0.215166
v -0.205476 -0.077099 0.212498
v -0.164718 -0.072494 0.202795
v -0.057282 0.192363 0.217639
v -0.129658 0.533522 0.236812
v 0.004069 0.544608 0.244679
v -0.217363 0.659692 0.208527
v -0.000893 0.653041 0.214007
v -0.212139 0.665986 0.204506
v -0.196388 0.663270 0.205217
v 0.007655 0.657651 0.214988
v -0.170908 0.670400 0.218306
v -0.223720 0.682443 0.215745
v -0.213615 0.675788 0.209334
v -0.191882 0.681340 0.209619
v 0.022632 0.680255 0.206484
v -0.193201 0.687075 0.209671
v -0.196893 0.690011 0.205350
v -0.180721 0.689062 0.206034
v -0.169630 0.704561 0.205233
v 0.027234 0.701823 0.205586
v 0.025963 0.707905 0.205850
v -0.248735 0.813843 0.212586
v -0.254659 0.855169 0.234051
v 0.089515 0.860344 0.206757
v 0.382815 -0.995962 0.212231
v 0.162037 -0.994655 0.212172
v 0.282303 -0.993212 0.208515
v -0.122429 -0.981611 0.212858
v 0.377425 -0.981787 0.212210
v 0.270976 -0.989056 0.233217
v 0.256291 -0.969044 0.245410
v 0.441259 -0.307082 0.215093
v 0.482795 -0.288068 0.208391
v 0.410004 -0.278399 0.219241
v 0.476776 -0.277044 0.208027
v 0.482622 -0.277657 0.216190
v 0.425357 -0.258868 0.215167
v -0.043561 -0.142166 0.218717
v 0.579557 -0.207213 0.214528
v 0.064161 -0.096040 0.232236
v -0.003539 -0.148889 0.206770
v 0.116434 -0.101166 0.224322
v 0.128875 -0.083109 0.233268
v -0.186566 -0.068813 0.205081
v 0.013373 0.097566 0.221944
v -0.171234 0.599203 0.262631
v 0.069332 0.623617 0.209929
v -0.213477 0.664198 0.208097
v -0.215898 0.668762 0.205039
v -0.205579 0.661213 0.230142
v 0.011901 0.662771 0.215743
v -0.208776 0.679154 0.230618
v -0.201557 0.687910 0.235715
v 0.024527 0.702123 0.211877
v 0.020942 0.711047 0.211269
v -0.154911 0.717135 0.208636
v -0.145971 0.723903 0.209241
v -0.111090 -0.997268 0.212813
v 0.075555 -0.995254 0.212322
v 0.279311 -0.994805 0.213050
v 0.262229 -0.996141 0.246131
v 0.344286 -0.995962 0.219539
v 0.063986 -0.992388 0.218974
v -0.301230 -0.967833 0.212576
v 0.351556 -0.965043 0.216808
v 0.486705 -0.488433 0.221705
v 0.519930 -0.417144 0.249723
v 0.488569 -0.361052 0.220373
v 0.423789 -0.304496 0.235055
v 0.448343 -0.302464 0.218985
v 0.474152 -0.276223 0.221837
v 0.529070 -0.178160 0.221976
v -0.023711 -0.141902 0.220096
v 0.497161 -0.180245 0.235944
v -0.101824 -0.109702 0.210647
v -0.076785 0.011051 0.220712
v -0.084617 0.098112 0.226230
v -0.220245 0.677216 0.217500
v -0.217020 0.674873 0.213271
v -0.192577 0.671780 0.221904
v -0.197943 0.690346 0.218196
v -0.176766 0.683893 0.222759
v 0.016421 0.693005 0.220366
v 0.021101 0.707437 0.215998
v 0.069348 0.702033 0.227993
v -0.284634 -0.993390 0.241724
v -0.114779 -0.992100 0.217662
v -0.112041 -0.991946 0.217352
v 0.367106 -0.998355 0.221470
v -0.290004 -0.990760 0.237692
v 0.374704 -0.992538 0.219422
v -0.118303 -0.988798 0.217163
v 0.367124 -0.972972 0.216127
v -0.273048 -0.945986 0.239842
v -0.275976 -0.944225 0.238029
v 0.235654 -0.934562 0.236974
v 0.477813 -0.482582 0.237984
v 0.554373 -0.342207 0.238722
v 0.557354 -0.344544 0.236178
v 0.488444 -0.300941 0.215148
v 0.567093 -0.239539 0.224319
v -0.089344 -0.034793 0.217740
v 0.063554 -0.010470 0.232616
v -0.072745 0.527385 0.244906
v 0.054897 0.603148 0.224710
v -0.055215 0.634807 0.251128
v -0.137899 0.642673 0.231235
v -0.159371 0.660971 0.231097
v -0.004509 0.652343 0.231382
v -0.195798 0.663914 0.218682
v -0.177693 0.695040 0.231006
v -0.147830 0.721736 0.251923
v 0.078586 0.860689 0.224571
v -0.105711 0.923129 0.259415
v -0.089990 0.927000 0.230445
v 0.352104 -0.998634 0.220691
v 0.358834 -0.969100 0.217974
v -0.276187 -0.932306 0.229973
v 0.240618 -0.936913 0.236142
v -0.273245 -0.934102 0.231798
v 0.483169 -0.489528 0.222433
v 0.462279 -0.443262 0.233977
v 0.463196 -0.436065 0.226279
v 0.415911 -0.300910 0.258695
v 0.594638 -0.314199 0.236026
v 0.404892 -0.285753 0.234964
v 0.480700 -0.272844 0.220530
v 0.411887 -0.274410 0.257604
v 0.116988 -0.039843 0.228603
v -0.156040 0.566625 0.229242
v 0.040374 0.591346 0.237063
v 0.052862 0.611712 0.237609
v -0.195051 0.666042 0.222391
v -0.217117 0.676629 0.224954
v 0.059070 0.673286 0.253960
v 0.012640 0.706686 0.228434
v -0.136943 0.729079 0.230567
v -0.089899 0.739840 0.268162
v 0.062065 0.743667 0.249766
v 0.052758 0.810062 0.254255
v 0.029928 0.904590 0.226340
v 0.181170 -0.994825 0.237271
v 0.359880 -0.995952 0.222765
v 0.367195 -0.988964 0.221755
v 0.467302 -0.466237 0.234489
v 0.571278 -0.333150 0.238963
v 0.596028 -0.260555 0.227101
v 0.002275 -0.063788 0.228290
v -0.060643 0.184609 0.220931
v -0.023939 0.534282 0.260855
v -0.132589 0.640302 0.230522
v -0.026549 0.644536 0.230568
v -0.004439 0.658067 0.247263
v 0.003146 0.667651 0.236484
v -0.167443 0.670780 0.239446
v -0.190043 0.681539 0.234039
v -0.193745 0.688250 0.235722
v -0.178355 0.689039 0.235170
v 0.056103 0.702119 0.221998
v 0.052285 0.701568 0.223528
v 0.056082 0.697723 0.224331
v 0.060300 0.701640 0.225080
v 0.056309 0.706445 0.225349
v -0.017904 0.727184 0.247461
v 0.085620 0.887940 0.225532
v 0.264609 -0.994586 0.245556
v 0.190689 -0.964813 0.236761
v 0.483621 -0.486287 0.234049
v 0.483035 -0.385675 0.228081
v 0.498765 -0.364176 0.227472
v 0.516192 -0.360164 0.235183
v 0.515591 -0.334167 0.234968
v 0.507850 -0.321484 0.231972
v 0.405817 -0.290887 0.243370
v 0.452880 -0.299078 0.246161
v 0.499690 -0.287765 0.236412
v 0.487354 -0.273947 0.228732
v 0.478692 -0.272372 0.230464
v 0.430611 -0.245352 0.242519
v 0.490565 -0.190279 0.241001
v 0.132611 -0.076550 0.232176
v -0.064295 0.131204 0.229608
v -0.048107 0.114764 0.232242
v -0.064610 0.631882 0.254549
v -0.207504 0.658433 0.232193
v -0.196907 0.661447 0.234959
v -0.189870 0.667836 0.234776
v 0.059708 0.684038 0.253619
v 0.000595 0.680984 0.247784
v -0.199325 0.689531 0.235632
v 0.047105 0.696582 0.227757
v 0.051487 0.692780 0.229092
v 0.051319 0.696076 0.225418
v 0.058131 0.696344 0.230092
v 0.045549 0.704826 0.233212
v 0.060156 0.703636 0.231432
v 0.056645 0.706168 0.231193
v 0.004835 0.711864 0.241497
v -0.004291 0.720631 0.243706
v -0.179368 0.902451 0.250893
v -0.270749 -0.982342 0.243097
v -0.270674 -0.964102 0.247008
v 0.467755 -0.459126 0.245489
v 0.466426 -0.432210 0.233066
v 0.438733 -0.309564 0.251102
v 0.484355 -0.269238 0.233535
v 0.477744 -0.273035 0.238546
v 0.591860 -0.318161 0.237761
v 0.487962 -0.222150 0.255437
v 0.052018 -0.063766 0.235995
v 0.117755 -0.084287 0.237358
v -0.010703 0.056450 0.234502
v -0.008436 0.652345 0.243688
v -0.213412 0.678184 0.238635
v -0.172353 0.679250 0.239650
v -0.176400 0.689263 0.256326
v 0.069615 0.696461 0.229152
v 0.002730 0.706598 0.248730
v 0.047169 0.690734 0.232315
v 0.040373 0.698235 0.235101
v 0.059439 0.697373 0.233542
v 0.057686 0.703351 0.237795
v 0.059191 0.702496 0.234761
v 0.061622 0.696732 0.236507
v 0.061168 0.704364 0.240919
v 0.052478 0.706528 0.239002
v -0.038856 0.731428 0.289393
v -0.219198 0.731290 0.274885
v -0.222897 0.802732 0.266568
v 0.008994 0.902405 0.271716
v -0.028729 0.919701 0.259400
v -0.270765 -0.970925 0.246894
v 0.507983 -0.438258 0.253054
v 0.465486 -0.447946 0.241442
v 0.527293 -0.347075 0.238784
v 0.444673 -0.307038 0.250097
v 0.554814 -0.281041 0.232542
v 0.488115 -0.269138 0.236834
v 0.512654 -0.255312 0.242613
v 0.440693 -0.232860 0.241602
v 0.461374 -0.219671 0.240489
v 0.492822 -0.202883 0.250187
v 0.047554 -0.030822 0.236841
v 0.001812 0.023349 0.236033
v -0.121611 0.562413 0.274864
v 0.044519 0.602853 0.245982
v -0.125225 0.637465 0.247981
v -0.142196 0.651111 0.244714
v -0.195859 0.661418 0.243615
v -0.191037 0.667575 0.247552
v -0.188109 0.681510 0.238286
v -0.197967 0.688411 0.238601
v -0.189515 0.687481 0.243631
v 0.040859 0.693083 0.234095
v 0.036617 0.694213 0.239384
v 0.043333 0.686566 0.236463
v 0.059334 0.690442 0.245970
v 0.046923 0.707091 0.238230
v 0.075668 0.891098 0.246109
v -0.148473 0.910826 0.270975
v -0.012214 0.914000 0.246777
v -0.284232 -0.990787 0.244118
v 0.264770 -0.989009 0.245322
v -0.274204 -0.964373 0.247535
v 0.480365 -0.479304 0.249686
v 0.477511 -0.475095 0.253938
v 0.525191 -0.401565 0.248884
v 0.538387 -0.368311 0.243564
v 0.534954 -0.343099 0.240282
v 0.518621 -0.317612 0.239832
v 0.502531 -0.279410 0.241654
v 0.483038 -0.262211 0.244269
v -0.153862 0.571356 0.241721
v -0.198637 0.651978 0.253853
v -0.157171 0.663694 0.252795
v -0.187505 0.681598 0.243656
v -0.200221 0.686196 0.248326
v -0.194057 0.689882 0.243419
v 0.040151 0.681877 0.240995
v 0.037246 0.689292 0.237663
v 0.035832 0.683694 0.239815
v 0.033409 0.685562 0.239961
v 0.049220 0.685648 0.254259
v 0.036955 0.706073 0.245548
v 0.055701 0.705108 0.243087
v 0.042180 0.707287 0.241674
v 0.048793 0.707523 0.247038
v -0.001306 0.716754 0.248338
v -0.132987 0.730147 0.247749
v -0.111806 0.736132 0.256042
v -0.249257 0.852960 0.263542
v 0.064087 0.874110 0.253897
v 0.077239 0.888812 0.245601
v 0.058560 0.891993 0.271219
v -0.094005 0.921701 0.284222
v 0.191940 -0.995313 0.248978
v 0.211375 -0.960998 0.253045
v 0.477645 -0.460612 0.252750
v 0.405768 -0.288420 0.258855
v 0.493232 -0.254495 0.246588
v 0.488854 -0.258188 0.244337
v -0.137078 0.570902 0.262115
v 0.024584 0.591035 0.262453
v -0.014168 0.648849 0.260768
v -0.001626 0.663189 0.250910
v -0.209826 0.679864 0.251378
v -0.167489 0.668719 0.255934
v 0.030954 0.672561 0.246934
v 0.030880 0.674184 0.243770
v 0.026994 0.674755 0.246562
v -0.204512 0.682631 0.288872
v -0.189764 0.680885 0.248522
v 0.028511 0.681064 0.242731
v 0.036128 0.679030 0.241267
v -0.192184 0.688434 0.248853
v 0.044042 0.709831 0.250800
v 0.241956 -0.998046 0.275508
v 0.261913 -0.992333 0.249419
v -0.276547 -0.975446 0.248330
v 0.256851 -0.994875 0.258353
v 0.234531 -0.949165 0.252851
v 0.480833 -0.474326 0.255822
v 0.478053 -0.471835 0.255546
v 0.500584 -0.454146 0.252937
v 0.406858 -0.281907 0.258411
v 0.424494 -0.258174 0.253253
v 0.485970 -0.211289 0.251898
v -0.028495 0.550325 0.276134
v 0.042892 0.640449 0.270464
v -0.173608 0.608200 0.270941
v -0.107335 0.628894 0.267566
v -0.004223 0.655460 0.260489
v -0.192533 0.662395 0.250605
v -0.161933 0.665071 0.256723
v 0.031088 0.674311 0.253415
v 0.024230 0.680021 0.252537
v 0.040579 0.679491 0.255404
v -0.200346 0.684295 0.260044
v -0.191683 0.684610 0.252477
v 0.026007 0.690400 0.250644
v 0.058173 0.686700 0.253649
v 0.056718 0.706028 0.250464
v 0.037466 0.708931 0.248093
v -0.155562 0.713183 0.260648
v 0.050098 0.776238 0.266331
v -0.232540 0.825274 0.270965
v 0.056936 0.848112 0.252849
v 0.200032 -0.996031 0.256754
v 0.253286 -0.989107 0.262813
v 0.249090 -0.973197 0.258004
v 0.423148 -0.304418 0.258527
v 0.441364 -0.283610 0.263612
v 0.475938 -0.239012 0.253980
v 0.431223 -0.273692 0.262810
v 0.011813 0.575069 0.256587
v -0.116929 0.632788 0.264046
v -0.058795 0.631961 0.259517
v -0.190135 0.663795 0.257830
v -0.142194 0.664353 0.262018
v -0.152479 0.665561 0.257894
v 0.002451 0.672475 0.253248
v -0.189925 0.681964 0.258452
v 0.029858 0.681602 0.258877
v 0.034829 0.679598 0.257720
v -0.170962 0.679400 0.259870
v 0.026620 0.684709 0.257904
v 0.001358 0.693729 0.259139
v -0.171682 0.692356 0.267895
v 0.026367 0.694630 0.256078
v 0.053544 0.684479 0.257728
v 0.032207 0.706495 0.254250
v 0.032657 0.709058 0.259032
v 0.048512 0.707935 0.259891
v 0.039591 0.711131 0.260052
v 0.057058 0.711116 0.258582
v 0.004628 0.700258 0.270370
v -0.030066 0.728393 0.289637
v -0.175377 0.895323 0.279532
v 0.210952 -0.995712 0.265809
v 0.234460 -0.973631 0.271009
v 0.484581 -0.467785 0.256783
v 0.429589 -0.302424 0.260676
v 0.031942 0.648623 0.290963
v -0.191522 0.655381 0.262231
v 0.004761 0.661758 0.259987
v 0.003916 0.662959 0.256742
v 0.007878 0.667231 0.259934
v -0.166581 0.669720 0.262530
v -0.149874 0.675524 0.269744
v 0.005482 0.677409 0.257486
v -0.205304 0.680632 0.276046
v -0.192734 0.685518 0.258842
v 0.032215 0.687096 0.262206
v 0.037720 0.679492 0.260114
v 0.042830 0.678087 0.262167
v -0.177675 0.690131 0.259802
v -0.175886 0.686039 0.260326
v 0.027429 0.693864 0.260349
v 0.027262 0.696913 0.262807
v -0.163242 0.693018 0.281222
v 0.029319 0.703160 0.258959
v 0.062860 0.888686 0.270331
v -0.101512 0.920194 0.288267
v -0.032605 0.917230 0.279767
v 0.227553 -0.998943 0.275542
v 0.415180 -0.295568 0.264959
v 0.429781 -0.292012 0.265207
v -0.033029 0.566969 0.290260
v -0.117231 0.634573 0.273677
v -0.186497 0.640201 0.272315
v -0.133716 0.658490 0.273435
v -0.121825 0.645355 0.286032
v -0.047013 0.645475 0.273025
v -0.017993 0.648498 0.265458
v -0.187216 0.654108 0.270287
v -0.004829 0.662522 0.270036
v 0.004162 0.670782 0.267037
v -0.201599 0.681908 0.285350
v -0.187643 0.682474 0.261129
v -0.167159 0.674227 0.265588
v -0.160431 0.674082 0.269201
v 0.008171 0.673296 0.262558
v 0.013570 0.673587 0.266365
v 0.008967 0.682277 0.262343
v 0.018001 0.681106 0.259652
v 0.018075 0.674759 0.260867
v 0.022445 0.680952 0.261432
v 0.049656 0.674548 0.265432
v -0.194391 0.687526 0.263835
v 0.018832 0.686604 0.260451
v -0.182329 0.688849 0.259473
v -0.185748 0.690603 0.261642
v -0.182628 0.686111 0.261046
v -0.176502 0.690658 0.259446
v -0.174454 0.690734 0.265258
v -0.172886 0.690415 0.261384
v -0.181829 0.693885 0.262414
v -0.176387 0.693656 0.263256
v 0.028823 0.691496 0.266767
v 0.034222 0.711251 0.263702
v 0.050292 0.708760 0.271890
v -0.137760 0.722090 0.277589
v 0.036591 0.716162 0.316388
v -0.243566 0.849889 0.282958
v 0.234970 -0.989569 0.280282
v 0.241001 -0.985666 0.275130
v 0.414772 -0.292888 0.265432
v 0.442453 -0.276023 0.264516
v -0.170325 0.627929 0.295691
v -0.072848 0.624440 0.271313
v -0.039168 0.646684 0.273116
v 0.048750 0.667875 0.270508
v -0.181512 0.656809 0.270445
v -0.180217 0.663537 0.265010
v -0.180207 0.676434 0.267054
v -0.140848 0.677523 0.290199
v -0.000411 0.675113 0.273335
v 0.002297 0.676828 0.273885
v 0.005649 0.673489 0.270029
v 0.019212 0.671406 0.271958
v 0.023566 0.674502 0.267156
v -0.170335 0.676058 0.266816
v 0.013005 0.680640 0.262439
v 0.025316 0.680796 0.267018
v 0.037199 0.678666 0.267151
v 0.041660 0.675174 0.267172
v -0.191203 0.688053 0.263814
v -0.192526 0.688898 0.267675
v -0.185933 0.686235 0.262558
v -0.177633 0.679238 0.266795
v 0.012664 0.686924 0.264322
v -0.187496 0.692031 0.266987
v 0.017140 0.695472 0.267397
v 0.023786 0.690228 0.265861
v 0.036701 0.679482 0.274955
v 0.025476 0.697215 0.266140
v 0.002476 0.704355 0.276815
v -0.012034 0.721809 0.269014
v 0.020532 0.830726 0.290690
v -0.241674 0.853759 0.283089
v 0.022858 0.848489 0.290826
v -0.217105 0.866212 0.283521
v 0.244790 -0.995712 0.274388
v -0.085315 0.572012 0.294786
v -0.090393 0.623274 0.275511
v -0.072168 0.623621 0.276137
v -0.172357 0.653388 0.275864
v -0.176939 0.658101 0.267107
v -0.170415 0.658730 0.269470
v -0.010321 0.661248 0.280985
v -0.166929 0.673861 0.269641
v -0.166030 0.663623 0.272342
v 0.009166 0.672962 0.275028
v 0.025484 0.674942 0.275024
v 0.041098 0.674850 0.270986
v -0.192350 0.684372 0.301784
v -0.187137 0.692745 0.272740
v 0.027558 0.687623 0.270288
v 0.010157 0.701054 0.276061
v 0.024096 0.703481 0.268507
v -0.020134 0.721973 0.290147
v -0.112046 0.727222 0.294289
v -0.012368 0.575440 0.282709
v 0.016168 0.627714 0.299194
v -0.091120 0.623699 0.286058
v -0.035741 0.649316 0.281602
v -0.029472 0.656137 0.282877
v -0.180239 0.653150 0.277720
v -0.166464 0.653669 0.278488
v -0.004581 0.663756 0.279353
v -0.163443 0.671848 0.274672
v -0.155460 0.677213 0.276894
v -0.165087 0.692299 0.284853
v -0.176472 0.695168 0.275934
v -0.137986 0.712920 0.299011
v -0.005361 0.703939 0.293812
v -0.206542 0.759788 0.304196
v -0.134283 0.908124 0.291901
v 0.235097 -0.994895 0.280228
v -0.114446 0.571420 0.286541
v -0.117991 0.617487 0.345551
v -0.081353 0.621731 0.280511
v -0.056656 0.636816 0.281244
v -0.046557 0.644307 0.281029
v -0.131853 0.675045 0.297638
v -0.019192 0.662023 0.283483
v -0.160000 0.671902 0.283235
v -0.159457 0.675907 0.280278
v 0.002795 0.671618 0.278059
v 0.010352 0.671196 0.281785
v 0.017504 0.668991 0.281027
v 0.024341 0.668471 0.280089
v 0.026575 0.671368 0.280113
v -0.144323 0.677508 0.289578
v 0.031299 0.674217 0.281577
v 0.025736 0.712524 0.284056
v 0.044850 0.709837 0.284139
v -0.073017 0.739769 0.289148
v 0.028124 0.738617 0.325365
v -0.198997 0.814320 0.311931
v -0.209798 0.823745 0.299211
v 0.053206 0.887828 0.282763
v 0.042276 0.891521 0.287774
v -0.020201 0.904008 0.299785
v -0.080973 0.624131 0.290624
v -0.067270 0.632168 0.295666
v -0.116840 0.641154 0.286787
v -0.052137 0.644538 0.294563
v -0.042903 0.646867 0.294188
v -0.172090 0.648796 0.286656
v -0.126124 0.662249 0.303485
v -0.022690 0.667128 0.287714
v -0.000697 0.663084 0.283275
v 0.008185 0.671548 0.285232
v 0.022886 0.669358 0.284529
v 0.032950 0.659456 0.291290
v 0.018106 0.674860 0.287168
v -0.151695 0.677297 0.291599
v 0.013658 0.681503 0.289893
v -0.178803 0.695584 0.293380
v 0.008169 0.705974 0.295823
v -0.091633 0.628547 0.293736
v -0.170594 0.644985 0.290936
v -0.158386 0.650512 0.288974
v -0.033072 0.667396 0.297828
v -0.028721 0.674317 0.298625
v -0.011875 0.665889 0.294298
v -0.008214 0.663145 0.293731
v -0.020709 0.675745 0.298471
v -0.025072 0.676808 0.298636
v 0.003786 0.666945 0.298783
v 0.025414 0.669728 0.284193
v 0.019781 0.675809 0.289686
v 0.023922 0.664573 0.295444
v -0.153977 0.675100 0.291312
v -0.201993 0.680672 0.289280
v -0.168110 0.696588 0.296774
v -0.199963 0.714472 0.337649
v -0.102118 0.914753 0.303987
v -0.048115 0.572564 0.299122
v -0.025653 0.628111 0.343732
v -0.086443 0.628019 0.296024
v -0.081135 0.627799 0.296149
v -0.086927 0.641650 0.308131
v -0.159151 0.647339 0.291458
v -0.036570 0.654173 0.298549
v -0.151541 0.655421 0.295412
v -0.001138 0.662797 0.293320
v 0.013978 0.678146 0.299440
v -0.136276 0.677512 0.300750
v -0.149858 0.694292 0.306381
v 0.026159 0.713958 0.297168
v -0.068899 0.734778 0.315183
v -0.063880 0.737754 0.293245
v -0.216078 0.844670 0.302555
v -0.218749 0.854827 0.302859
v 0.041544 0.887750 0.295244
v -0.073776 0.908731 0.308134
v -0.133168 0.620024 0.336354
v 0.016119 0.653266 0.312139
v -0.157772 0.627381 0.311714
v -0.063840 0.645965 0.310289
v -0.099782 0.658391 0.311819
v -0.146361 0.650768 0.303821
v -0.042202 0.649833 0.299194
v 0.021797 0.655186 0.303259
v -0.130050 0.667063 0.301849
v -0.008299 0.663553 0.298672
v -0.001399 0.661829 0.297882
v 0.006726 0.673761 0.301340
v 0.017601 0.715548 0.300561
v 0.030979 0.712809 0.313727
v 0.038611 0.713319 0.304861
v -0.155250 0.643894 0.307868
v -0.151602 0.644220 0.307272
v -0.054780 0.654156 0.308547
v -0.043963 0.657039 0.308440
v -0.123908 0.668484 0.312119
v -0.037780 0.657387 0.304656
v -0.149063 0.671484 0.303670
v -0.001577 0.666247 0.304508
v -0.013020 0.669856 0.302816
v 0.000753 0.673392 0.306996
v -0.024591 0.676871 0.304570
v -0.010576 0.704878 0.308969
v -0.029281 0.720838 0.310540
v 0.007056 0.843635 0.306539
v 0.015714 0.831194 0.299428
v -0.159087 0.880786 0.329131
v -0.117770 0.905961 0.312520
v -0.048910 0.592439 0.324027
v -0.052233 0.660757 0.314195
v -0.033618 0.662810 0.304951
v -0.031169 0.670772 0.304445
v 0.011493 0.662217 0.307255
v -0.130215 0.670157 0.305940
v -0.010916 0.671358 0.307424
v -0.020802 0.676307 0.304558
v -0.020206 0.673413 0.307657
v -0.196797 0.682093 0.313660
v -0.169267 0.696949 0.306061
v -0.170017 0.693338 0.327166
v -0.022289 0.707394 0.322960
v 0.018466 0.716296 0.305657
v -0.095559 0.721812 0.328061
v -0.038562 0.728917 0.302437
v 0.011475 0.830294 0.303003
v -0.057230 0.901579 0.316347
v -0.142935 0.651430 0.306683
v -0.090985 0.653239 0.315132
v -0.084984 0.650843 0.312303
v -0.069975 0.657907 0.316404
v -0.063960 0.654235 0.313142
v -0.077579 0.656819 0.313414
v -0.044527 0.659761 0.314394
v -0.033259 0.660394 0.310052
v -0.126848 0.669249 0.313856
v 0.003374 0.671141 0.308462
v -0.132088 0.671113 0.307976
v -0.014549 0.671483 0.310028
v -0.009512 0.675463 0.314059
v -0.002946 0.676548 0.311306
v -0.160592 0.698014 0.313743
v -0.133310 0.700306 0.320159
v 0.037849 0.712810 0.309382
v -0.055386 0.730415 0.319372
v -0.195783 0.864434 0.316675
v -0.086387 0.902438 0.324872
v -0.017050 0.635076 0.337815
v -0.147640 0.639726 0.315490
v -0.143350 0.641130 0.311519
v -0.137640 0.642135 0.312464
v -0.133179 0.667101 0.311058
v -0.096265 0.659176 0.322092
v -0.089835 0.655531 0.319886
v -0.065453 0.658714 0.319093
v -0.138918 0.667726 0.308265
v -0.077149 0.665673 0.319140
v -0.036611 0.661178 0.315235
v -0.108199 0.667896 0.318938
v -0.030293 0.666844 0.314920
v 0.003858 0.658204 0.317367
v -0.026260 0.668519 0.313808
v -0.019048 0.668430 0.312477
v -0.012627 0.670636 0.313278
v -0.000160 0.675446 0.313132
v -0.196574 0.683077 0.321366
v -0.006142 0.676987 0.315319
v -0.193096 0.682533 0.325663
v -0.135977 0.695743 0.326838
v -0.018881 0.707013 0.322301
v 0.009060 0.715098 0.313653
v 0.009882 0.715161 0.322802
v -0.193458 0.788778 0.324674
v 0.001487 0.792444 0.340731
v -0.141886 0.629500 0.327107
v -0.089016 0.656505 0.323903
v -0.082625 0.665516 0.322334
v -0.061151 0.658208 0.321097
v -0.043078 0.658715 0.322587
v -0.033621 0.671332 0.327184
v -0.128649 0.668046 0.317162
v -0.024171 0.673118 0.323702
v -0.016243 0.667176 0.322096
v -0.013695 0.668064 0.317026
v -0.010066 0.669392 0.319626
v -0.123079 0.670629 0.318600
v 0.029525 0.714105 0.321445
v -0.046565 0.724457 0.324009
v -0.193244 0.822963 0.320379
v -0.021555 0.842694 0.341104
v -0.192170 0.859029 0.328395
v -0.009038 0.868838 0.327658
v -0.133519 0.637644 0.319678
v -0.121120 0.667441 0.328272
v -0.047794 0.658616 0.321404
v -0.077968 0.667742 0.323846
v -0.004070 0.671642 0.318347
v -0.111640 0.669729 0.321877
v -0.118715 0.669958 0.325380
v -0.152290 0.697278 0.326948
v -0.002950 0.713446 0.330729
v -0.059598 0.726077 0.332615
v -0.068964 0.725832 0.336881
v -0.013645 0.851585 0.331463
v -0.085330 0.612438 0.353156
v -0.130026 0.633027 0.325869
v -0.125121 0.638939 0.326444
v -0.003736 0.658507 0.321718
v -0.007742 0.646652 0.329881
v -0.099663 0.661812 0.325328
v -0.080716 0.666541 0.325163
v -0.071216 0.661094 0.324826
v -0.047563 0.657275 0.325927
v -0.013289 0.662853 0.323344
v -0.021161 0.672050 0.329650
v -0.120380 0.695411 0.332647
v -0.031322 0.706050 0.339428
v -0.117654 0.703800 0.329664
v 0.013445 0.710156 0.343570
v 0.023706 0.715651 0.336828
v -0.055004 0.717949 0.341341
v -0.182915 0.780640 0.341528
v -0.179592 0.869939 0.329739
v -0.021277 0.879484 0.338058
v -0.053631 0.621196 0.355901
v -0.102025 0.653520 0.332969
v -0.060708 0.651144 0.328829
v -0.066968 0.653998 0.327816
v -0.052938 0.653143 0.330295
v -0.046884 0.662285 0.338622
v -0.012088 0.650623 0.329127
v -0.077907 0.659036 0.331388
v -0.027256 0.673931 0.331254
v 0.021028 0.712499 0.337777
v -0.082972 0.717522 0.345936
v -0.065551 0.896507 0.328895
v -0.102489 0.894059 0.348327
v -0.113391 0.626226 0.340756
v -0.108291 0.642208 0.336810
v -0.118634 0.667150 0.329277
v -0.111082 0.655354 0.330911
v -0.016134 0.642152 0.332460
v -0.089983 0.650292 0.333238
v -0.082315 0.650061 0.334548
v -0.069645 0.650397 0.331896
v -0.064303 0.649038 0.332349
v -0.059528 0.649820 0.333716
v -0.105865 0.653682 0.331127
v -0.053675 0.653199 0.338647
v -0.021190 0.651968 0.333746
v -0.028922 0.667401 0.337697
v -0.041021 0.664680 0.335043
v -0.189300 0.684355 0.337639
v -0.191507 0.698544 0.349747
v -0.131208 0.698140 0.342950
v -0.126277 0.694192 0.334910
v -0.112236 0.691304 0.340225
v -0.098195 0.707992 0.345557
v -0.171988 0.772930 0.357705
v -0.175812 0.857994 0.353705
v -0.033157 0.626562 0.348276
v -0.113525 0.618557 0.347840
v -0.109487 0.629698 0.340739
v -0.024683 0.642705 0.335503
v -0.073145 0.642017 0.335797
v -0.067553 0.644802 0.335678
v -0.062897 0.644938 0.340685
v -0.029270 0.659964 0.339454
v -0.094083 0.648833 0.345023
v -0.030994 0.669149 0.336297
v -0.182074 0.688250 0.346562
v -0.097162 0.691787 0.353378
v -0.046329 0.709200 0.345324
v -0.010728 0.711395 0.344092
v -0.015918 0.711861 0.338721
v -0.064072 0.718110 0.345788
v -0.074019 0.875693 0.374681
v -0.036450 0.632824 0.343960
v -0.078306 0.634932 0.340097
v -0.087750 0.642736 0.344918
v -0.072287 0.630509 0.345511
v -0.049268 0.633726 0.346435
v -0.049524 0.654575 0.344540
v -0.046679 0.659151 0.344985
v -0.106553 0.688376 0.347786
v -0.027865 0.707733 0.356017
v -0.091644 0.714133 0.345175
v -0.167205 0.850529 0.374515
v -0.033939 0.874965 0.352712
v -0.045852 0.873922 0.364058
v -0.057328 0.888346 0.341446
v -0.085130 0.618437 0.355518
v -0.100771 0.630678 0.345486
v -0.086722 0.634336 0.346055
v -0.081355 0.628262 0.349412
v -0.100414 0.646025 0.344735
v -0.064212 0.631860 0.348844
v -0.059696 0.637736 0.346041
v -0.195584 0.709630 0.345246
v -0.087773 0.699992 0.358099
v -0.069294 0.699815 0.365805
v -0.174332 0.764128 0.354652
v 0.001222 0.771615 0.349179
v -0.037143 0.846751 0.361984
v -0.109365 0.867805 0.399808
v -0.093861 0.630304 0.347439
v -0.044729 0.628778 0.350550
v -0.176283 0.692149 0.359013
v -0.155885 0.693832 0.367213
v -0.102769 0.688956 0.352171
v -0.187177 0.695062 0.353172
v -0.139956 0.692816 0.360543
v -0.105918 0.695205 0.362883
v -0.122721 0.696427 0.351367
v -0.044836 0.703434 0.360109
v -0.052630 0.702177 0.360889
v -0.011898 0.703936 0.367952
v 0.001426 0.707815 0.352279
v 0.011752 0.711735 0.349645
v -0.022320 0.820983 0.353110
v -0.065255 0.619153 0.358404
v -0.065041 0.621716 0.357881
v -0.166673 0.698668 0.371674
v -0.072616 0.618617 0.358085
v -0.094801 0.693142 0.362229
v -0.087124 0.695906 0.365012
v -0.040061 0.704103 0.369056
v -0.157728 0.726597 0.374272
v -0.012005 0.755258 0.378651
v -0.046260 0.870010 0.370085
v -0.167300 0.696113 0.368920
v -0.175240 0.695091 0.363902
v -0.056987 0.699821 0.381435
v -0.154749 0.735321 0.379067
v -0.050587 0.866238 0.378433
v -0.102304 0.871696 0.395593
v -0.106798 0.696076 0.368289
v -0.065622 0.698040 0.372930
v -0.027050 0.702664 0.369892
v -0.015603 0.704252 0.374428
v -0.153764 0.845708 0.399779
v -0.135398 0.691775 0.382973
v -0.057043 0.690336 0.401876
v -0.052105 0.697537 0.386461
v -0.024151 0.699349 0.377166
v -0.153747 0.714787 0.382484
v -0.054801 0.851013 0.391398
v -0.053929 0.868022 0.378667
v -0.081511 0.688668 0.418935
v -0.038282 0.780431 0.411932
v -0.140369 0.834628 0.428760
v -0.019894 0.727472 0.390594
v -0.132742 0.836365 0.437093
v -0.139571 0.756961 0.419961
v -0.070420 0.688872 0.412081
v -0.057569 0.695010 0.406909
v -0.051566 0.796998 0.428666
v -0.067806 0.841591 0.424630
v -0.081528 0.691628 0.421616
v -0.101967 0.828401 0.474308
v -0.070998 0.848888 0.420228
v -0.085885 0.711921 0.433142
v -0.050799 0.764982 0.425451
v -0.067267 0.817513 0.454213
v -0.090893 0.844619 0.441265
v -0.109610 0.832086 0.466479
v -0.117255 0.828826 0.465701
v -0.086874 0.753374 0.450799
v -0.131106 0.790220 0.444787
v -0.089533 0.740862 0.445875
v -0.124291 0.825544 0.460037
v -0.075230 0.836939 0.441232
v -0.125224 0.803115 0.455601
v -0.087563 0.806786 0.469112
v -0.093553 0.790701 0.464749
v -0.091720 0.824888 0.474978
v -0.075344 0.822126 0.465726
v -0.075456 0.818934 0.466891
v -0.116836 0.822939 0.468294
v -0.094409 0.822396 0.476995
v -0.097906 0.822969 0.477266
vn 0.0158 0.2159 -0.9763
vn 0.6659 0.0453 -0.7447
vn 0.0451 -0.4630 -0.8852
vn -0.3879 -0.0842 -0.9179
vn 0.1762 0.5998 -0.7805
vn 0.1853 -0.6432 -0.7429
vn 0.6170 -0.5360 -0.5762
vn 0.8520 0.0420 -0.5218
vn 0.1089 0.6224 -0.7751
vn 0.4631 0.6401 -0.6130
vn 0.4924 -0.6407 -0.5891
vn -0.1492 -0.4418 -0.8846
vn -0.3739 -0.1104 -0.9209
vn 0.4172 -0.2917 -0.8607
vn 0.2148 -0.0176 -0.9765
vn 0.6706 -0.4042 -0.6220
vn 0.7056 -0.4608 -0.5383
vn 0.1070 0.4705 -0.8759
vn -0.3388 0.3499 -0.8734
vn 0.1247 0.5744 -0.8090
vn 0.6175 0.5652 -0.5470
vn 0.4270 0.6712 -0.6059
vn 0.1878 -0.1957 -0.9625
vn -0.1080 0.0030 -0.9941
vn 0.5921 -0.1213 -0.7967
vn -0.1753 -0.4551 -0.8730
vn -0.3356 -0.4880 -0.8058
vn 0.6538 0.0223 -0.7564
vn -0.1502 0.0161 -0.9885
vn -0.3165 0.3340 -0.8878
vn 0.7071 -0.2990 -0.6408
vn -0.0830 0.2010 -0.9761
vn -0.8496 -0.0842 -0.5206
vn 0.5804 0.5903 -0.5609
vn 0.2759 -0.4372 -0.8560
vn 0.5595 -0.3536 -0.7496
vn -0.1207 -0.1535 -0.9808
vn -0.2838 0.2747 -0.9187
vn -0.0112 -0.1370 -0.9905
vn -0.0673 0.1362 -0.9884
vn -0.1756 0.2159 -0.9605
vn -0.0920 0.2182 -0.9715
vn 0.2385 -0.5415 -0.8062
vn -0.1093 -0.1201 -0.9867
vn -0.4863 0.0868 -0.8695
vn -0.4256 0.2009 -0.8823
vn -0.4698 0.1794 -0.8643
vn 0.7004 0.0831 -0.7089
vn 0.8990 -0.1988 -0.3902
vn 0.7343 0.1014 -0.6712
vn 0.1782 -0.3770 -0.9089
vn 0.6351 -0.4045 -0.6581
vn -0.1508 -0.2988 -0.9423
vn -0.1485 -0.1458 -0.9781
vn -0.0243 0.0573 -0.9981
vn -0.1311 0.0743 -0.9886
vn 0.1326 0.1402 -0.9812
vn 0.2871 0.2944 -0.9115
vn 0.7006 -0.4859 -0.5226
vn 0.7959 -0.5109 -0.3247
vn -0.6927 0.3396 -0.6363
vn 0.0759 0.3685 -0.9265
vn -0.2980 -0.1124 -0.9479
vn 0.5319 0.3236 -0.7826
vn -0.2127 0.0831 -0.9736
vn 0.0723 0.3555 -0.9319
vn -0.3000 -0.2518 -0.9201
vn -0.7431 0.1438 -0.6536
vn -0.3202 0.4298 -0.8442
vn 0.5393 0.1780 -0.8231
vn 0.3877 0.1925 -0.9015
vn -0.1134 0.3634 -0.9247
vn -0.5052 -0.1394 -0.8517
vn 0.8650 -0.3339 -0.3745
vn 0.0695 -0.3377 -0.9387
vn 0.0201 -0.3659 -0.9304
vn 0.1994 -0.4840 -0.8521
vn 0.1640 -0.2299 -0.9593
vn -0.0698 -0.3598 -0.9304
vn -0.7469 0.3614 -0.5582
vn 0.5710 0.3671 -0.7343
vn -0.1526 0.3598 -0.9205
vn -0.5845 -0.1275 -0.8013
vn 0.0899 -0.4063 -0.9093
vn 0.8075 -0.4209 -0.4132
vn -0.1391 0.6131 -0.7777
vn 0.2196 -0.5372 -0.8144
vn -0.3565 -0.2680 -0.8950
vn -0.3453 0.4428 -0.8275
vn -0.2708 0.0639 -0.9605
vn -0.3236 0.3376 -0.8839
vn -0.2147 0.2419 -0.9463
vn -0.1559 0.5192 -0.8403
vn -0.5867 -0.1256 -0.8000
vn -0.1174 -0.2870 -0.9507
vn 0.4517 -0.1872 -0.8723
vn -0.1930 -0.0666 -0.9789
vn -0.8004 0.0144 -0.5992
vn -0.7830 -0.0662 -0.6185
vn 0.5542 0.2639 -0.7894
vn 0.2829 0.4219 -0.8614
vn -0.1032 -0.4415 -0.8913
vn 0.1572 -0.5833 -0.7969
vn -0.1760 -0.2875 -0.9415
vn 0.5027 -0.6610 -0.5572
vn 0.5715 -0.5598 -0.6000
vn -0.7311 0.3393 -0.5919
vn 0.5168 0.0413 -0.8551
vn 0.3589 -0.7224 -0.5911
vn -0.1144 -0.1536 -0.9815
vn 0.5941 0.1381 -0.7924
vn 0.7596 -0.2048 -0.6173
vn -0.1685 0.2317 -0.9581
vn 0.4772 0.1344 -0.8684
vn -0.2348 0.5540 -0.7987
vn 0.0537 0.5888 -0.8065
vn 0.5435 -0.5423 -0.6407
vn 0.7112 -0.4705 -0.5223
vn 0.8328 -0.2294 -0.5038
vn -0.0814 -0.3059 -0.9486
vn 0.2702 0.3663 -0.8904
vn 0.3748 -0.0189 -0.9269
vn -0.1637 0.6176 -0.7693
vn 0.1144 -0.5592 -0.8211
vn -0.1096 -0.0768 -0.9910
vn 0.2785 -0.1258 -0.9522
vn 0.2549 0.0971 -0.9621
vn -0.3840 -0.3751 -0.8437
vn -0.1720 -0.4423 -0.8802
vn -0.1847 0.1078 -0.9769
vn 0.1757 -0.2073 -0.9624
vn -0.1727 -0.2019 -0.9641
vn -0.5346 -0.0982 -0.8394
vn -0.3829 -0.2700 -0.8834
vn 0.8448 -0.2652 -0.4648
vn 0.7764 -0.1667 -0.6078
vn 0.7345 -0.1783 -0.6548
vn 0.5263 -0.2751 -0.8046
vn -0.0816 -0.3024 -0.9497
vn 0.3347 -0.4923 -0.8035
vn 0.2435 0.5056 -0.8277
vn 0.6448 0.3126 -0.6975
vn -0.6729 0.0621 -0.7371
vn -0.2088 0.1962 -0.9581
vn 0.3712 -0.0726 -0.9257
vn -0.4220 -0.0330 -0.9060
vn 0.0219 -0.6587 -0.7521
vn 0.3583 -0.6549 -0.6654
vn 0.3798 -0.0989 -0.9198
vn -0.5750 0.1290 -0.8079
vn 0.3975 0.2068 -0.8940
vn -0.3628 -0.0570 -0.9301
vn -0.0603 0.0658 -0.9960
vn -0.1118 -0.1660 -0.9798
vn 0.4479 -0.4177 -0.7905
vn -0.2081 -0.1521 -0.9662
vn 0.1350 -0.1483 -0.9797
vn 0.1443 -0.0545 -0.9880
vn 0.4644 0.0117 -0.8856
vn 0.1505 -0.1984 -0.9685
vn 0.0773 -0.2164 -0.9732
vn 0.4795 -0.1348 -0.8671
vn 0.1687 -0.3419 -0.9245
vn 0.6764 -0.1768 -0.7150
vn 0.4154 -0.2680 -0.8693
vn 0.4531 -0.0320 -0.8909
vn -0.1549 0.2379 -0.9588
vn -0.3921 0.6211 -0.6786
vn -0.2730 -0.7438 -0.6102
vn 0.1866 0.1768 -0.9664
vn 0.7823 0.4008 -0.4768
vn 0.4240 -0.7490 -0.5092
vn -0.5753 0.0547 -0.8161
vn 0.6267 -0.2764 -0.7286
vn 0.0956 0.1517 -0.9838
vn -0.0120 -0.2340 -0.9722
vn 0.3070 -0.0839 -0.9480
vn -0.2796 0.0954 -0.9554
vn -0.5823 -0.1633 -0.7964
vn -0.5104 -0.0736 -0.8568
vn -0.1432 -0.2609 -0.9547
vn 0.0566 -0.0304 -0.9979
vn 0.3819 -0.0100 -0.9242
vn 0.5219 -0.6048 -0.6015
vn 0.7737 -0.3773 -0.5089
vn 0.0990 0.3289 -0.9392
vn -0.1473 0.2099 -0.9666
vn 0.5595 0.1518 -0.8148
vn -0.3737 0.2278 -0.8992
vn 0.4119 0.2881 -0.8645
vn -0.2889 0.6830 -0.6708
vn -0.6924 -0.3350 -0.6390
vn 0.5208 -0.2224 -0.8242
vn 0.3929 0.5938 -0.7022
vn -0.0533 0.3532 -0.9340
vn 0.4744 -0.7262 -0.4975
vn 0.6145 -0.6628 -0.4278
vn -0.7000 0.2645 -0.6634
vn -0.4958 -0.2190 -0.8404
vn -0.5102 0.0883 -0.8555
vn 0.2150 -0.0293 -0.9762
vn 0.1155 -0.1874 -0.9755
vn -0.0736 0.1897 -0.9791
vn 0.1566 -0.0004 -0.9877
vn -0.1122 0.0117 -0.9936
vn -0.4617 0.0529 -0.8854
vn -0.3030 -0.1282 -0.9443
vn 0.8250 -0.1539 -0.5437
vn 0.6544 -0.5000 -0.5672
vn 0.6599 -0.4467 -0.6042
vn 0.4860 -0.4998 -0.7170
vn 0.1938 -0.0520 -0.9797
vn 0.0932 -0.2433 -0.9654
vn -0.4253 0.4445 -0.7884
vn 0.0281 -0.8605 -0.5087
vn -0.5894 -0.6827 -0.4320
vn -0.0226 -0.9415 -0.3363
vn -0.0101 0.7674 -0.6411
vn 0.4691 -0.1853 -0.8635
vn -0.1784 0.4189 -0.8903
vn 0.1522 0.2728 -0.9500
vn 0.4201 -0.4084 -0.8104
vn -0.6075 -0.2122 -0.7654
vn 0.2920 -0.0647 -0.9542
vn -0.2705 -0.0125 -0.9627
vn 0.0735 -0.1925 -0.9785
vn 0.3915 -0.0010 -0.9202
vn 0.5352 -0.3730 -0.7579
vn 0.2396 -0.0280 -0.9705
vn -0.4336 -0.1203 -0.8930
vn -0.0859 -0.1756 -0.9807
vn 0.4106 -0.2137 -0.8864
vn 0.1567 -0.2979 -0.9417
vn -0.3167 0.4090 -0.8558
vn 0.5744 -0.2421 -0.7820
vn -0.5717 0.7097 -0.4116
vn 0.9375 -0.0794 -0.3387
vn 0.8077 -0.4244 -0.4094
vn -0.3773 -0.2590 -0.8891
vn 0.0040 -0.4902 -0.8716
vn -0.3168 -0.3501 -0.8815
vn 0.1804 -0.3338 -0.9252
vn 0.1480 -0.5329 -0.8332
vn 0.1145 -0.6601 -0.7424
vn 0.5474 0.2978 -0.7821
vn 0.4348 -0.0654 -0.8982
vn -0.7011 -0.0488 -0.7114
vn -0.0249 -0.0914 -0.9955
vn -0.8750 0.4487 -0.1817
vn -0.8063 0.3175 -0.4990
vn -0.6883 0.3932 -0.6096
vn -0.2616 0.1164 -0.9581
vn 0.6288 -0.6794 -0.3782
vn 0.6036 -0.5369 -0.5894
vn -0.4723 0.8239 -0.3133
vn -0.4455 0.5222 -0.7272
vn 0.6089 0.1338 -0.7819
vn 0.1232 0.4821 -0.8674
vn -0.5057 -0.2133 -0.8359
vn 0.8794 -0.0046 -0.4761
vn 0.8962 0.2221 -0.3840
vn -0.7346 0.1382 -0.6643
vn -0.7432 -0.0272 -0.6685
vn 0.5703 -0.0925 -0.8162
vn 0.3824 -0.0192 -0.9238
vn 0.6455 -0.4053 -0.6474
vn -0.4223 -0.1666 -0.8910
vn 0.0398 0.2127 -0.9763
vn -0.4492 0.2099 -0.8684
vn -0.9711 -0.2255 -0.0787
vn 0.7318 -0.1794 -0.6575
vn 0.8663 -0.1197 -0.4850
vn -0.7754 0.1589 -0.6112
vn 0.3546 -0.7036 -0.6158
vn 0.4080 0.3493 -0.8435
vn 0.4994 0.5858 -0.6383
vn 0.3898 -0.5586 -0.7322
vn -0.5370 -0.2362 -0.8098
vn 0.7629 0.0906 -0.6402
vn 0.3956 -0.0063 -0.9184
vn 0.5772 -0.4983 -0.6470
vn 0.3735 0.0064 -0.9276
vn -0.8708 0.1420 -0.4706
vn -0.9157 0.3313 -0.2274
vn 0.2708 0.8575 -0.4373
vn -0.5218 0.7689 -0.3695
vn 0.0344 -0.7132 -0.7001
vn 0.9107 -0.2029 -0.3597
vn 0.7915 0.3230 -0.5189
vn -0.2573 -0.7053 -0.6606
vn 0.2317 -0.6627 -0.7122
vn 0.4308 -0.4537 -0.7801
vn 0.0544 -0.3137 -0.9480
vn 0.0831 -0.1051 -0.9910
vn 0.4125 0.1128 -0.9039
vn 0.6644 -0.3766 -0.6455
vn 0.8218 -0.1191 -0.5572
vn 0.6139 -0.2119 -0.7604
vn 0.6272 -0.0876 -0.7739
vn -0.2484 0.3823 -0.8900
vn 0.2868 0.4598 -0.8404
vn 0.3851 -0.9176 -0.0990
vn -0.0325 0.8889 -0.4569
vn -0.6796 0.4592 -0.5722
vn 0.2676 -0.8170 -0.5107
vn -0.5072 0.1186 -0.8536
vn -0.2145 -0.5102 -0.8329
vn -0.2581 0.2128 -0.9424
vn 0.0946 -0.5760 -0.8120
vn 0.4151 -0.0649 -0.9075
vn 0.9700 0.1800 -0.1637
vn 0.6837 -0.2481 -0.6863
vn 0.6758 -0.6117 -0.4112
vn 0.4750 -0.6046 -0.6394
vn -0.9744 0.1684 -0.1489
vn 0.6612 -0.1410 -0.7368
vn 0.4725 -0.2146 -0.8548
vn -0.4656 0.3530 -0.8115
vn -0.3936 0.2616 -0.8813
vn -0.3485 0.6278 -0.6960
vn 0.0013 0.6023 -0.7982
vn 0.0802 0.6431 -0.7616
vn -0.9776 -0.0212 -0.2093
vn 0.8811 -0.4503 -0.1450
vn 0.6765 0.5804 -0.4533
vn -0.6993 0.4122 -0.5840
vn -0.7689 0.2295 -0.5968
vn 0.0524 -0.8572 -0.5124
vn -0.2654 -0.5879 -0.7642
vn -0.3454 0.0077 -0.9384
vn 0.8248 0.5177 -0.2273
vn -0.9186 0.1897 -0.3468
vn -0.2105 -0.7288 -0.6516
vn -0.6050 -0.1584 -0.7803
vn 0.7090 -0.0482 -0.7036
vn 0.7216 -0.1888 -0.6660
vn 0.7008 -0.0335 -0.7126
vn 0.5543 -0.4654 -0.6901
vn 0.6290 -0.4490 -0.6346
vn 0.6653 -0.2557 -0.7014
vn 0.7935 -0.2196 -0.5676
vn 0.7305 -0.1613 -0.6636
vn -0.6485 0.3888 -0.6545
vn -0.5492 0.3818 -0.7434
vn -0.1854 0.6380 -0.7474
vn -0.1928 0.6205 -0.7601
vn 0.5033 -0.8629 -0.0455
vn -0.8674 -0.4955 -0.0458
vn 0.7113 -0.7003 -0.0601
vn 0.9928 -0.0262 -0.1172
vn 0.4789 -0.6918 -0.5404
vn 0.1342 -0.7842 -0.6058
vn -0.3647 -0.4443 -0.8183
vn 0.5003 -0.4337 -0.7494
vn 0.9750 -0.0888 -0.2035
vn 0.8292 -0.1197 -0.5460
vn 0.7395 -0.0698 -0.6696
vn -0.8737 0.0395 -0.4849
vn 0.4792 0.1678 -0.8615
vn 0.7193 -0.0348 -0.6939
vn -0.6728 0.3695 -0.6410
vn -0.0492 0.9704 -0.2364
vn -0.1796 0.8572 -0.4827
vn -0.4108 0.7455 -0.5249
vn 0.4532 0.3703 -0.8109
vn -0.3406 0.6627 -0.6670
vn 0.1331 -0.9892 -0.0615
vn -0.6943 -0.7139 -0.0912
vn 0.5521 -0.7820 0.2892
vn 0.3179 0.6987 -0.6409
vn 0.8188 -0.0019 -0.5741
vn -0.5691 -0.1592 -0.8067
vn 0.1610 -0.0487 -0.9858
vn 0.9084 0.3887 0.1541
vn 0.5127 -0.5683 -0.6436
vn 0.5718 -0.0621 -0.8181
vn 0.7157 -0.3360 -0.6123
vn -0.9743 0.1691 -0.1486
vn 0.5117 -0.8572 -0.0572
vn -0.2404 -0.3930 -0.8876
vn 0.7459 0.0479 -0.6643
vn -0.6331 -0.4054 -0.6594
vn 0.5109 -0.4062 -0.7576
vn 0.8559 -0.1801 -0.4847
vn 0.6074 0.0348 -0.7936
vn 0.5120 0.1558 -0.8447
vn 0.3632 0.7204 -0.5908
vn -0.3954 -0.8716 -0.2897
vn -0.2500 0.7662 -0.5920
vn 0.4536 -0.6457 -0.6142
vn 0.0401 -0.6725 -0.7390
vn 0.7243 0.6370 0.2639
vn 0.7825 -0.2211 -0.5821
vn -0.5699 -0.0861 -0.8172
vn 0.4862 -0.3583 -0.7970
vn 0.5114 -0.2312 -0.8277
vn 0.6676 -0.0815 -0.7400
vn 0.2296 -0.4128 -0.8814
vn 0.6129 -0.7508 0.2463
vn 0.1886 -0.6562 -0.7306
vn 0.9541 -0.0665 0.2921
vn 0.4572 0.0492 -0.8880
vn -0.2320 0.0825 -0.9692
vn -0.3533 -0.1852 -0.9170
vn -0.8315 0.0122 -0.5554
vn 0.9932 0.0685 0.0940
vn -0.5793 0.0113 -0.8150
vn 0.7058 -0.0273 -0.7079
vn 0.1644 -0.4379 -0.8839
vn -0.8995 0.3791 0.2173
vn -0.7194 0.3567 -0.5960
vn -0.8772 0.3425 -0.3366
vn -0.5857 0.3108 -0.7486
vn -0.0166 0.6964 -0.7175
vn 0.3439 -0.8482 0.4029
vn -0.7493 -0.3507 0.5617
vn 0.0027 -0.7550 -0.6557
vn 0.3071 -0.6002 -0.7386
vn 0.8160 -0.4978 0.2940
vn -0.9799 0.1116 -0.1652
vn 0.5298 -0.4143 -0.7401
vn -0.9247 0.3784 -0.0410
vn -0.2273 -0.3360 -0.9140
vn 0.6172 0.0480 -0.7854
vn -0.9318 0.3244 -0.1626
vn 0.3372 0.6474 -0.6835
vn 0.2489 0.6320 -0.7339
vn 0.5944 -0.7929 0.1343
vn -0.8045 -0.5197 0.2878
vn -0.8138 -0.2022 0.5448
vn -0.4974 -0.3061 -0.8117
vn -0.9788 -0.0155 0.2042
vn 0.9768 -0.2040 -0.0656
vn 0.8971 -0.0688 -0.4365
vn 0.2775 0.1125 -0.9541
vn 0.1732 -0.1693 -0.9702
vn 0.6183 -0.0767 -0.7822
vn -0.0774 -0.2548 -0.9639
vn 0.4721 -0.3158 -0.8230
vn 0.6957 -0.0190 -0.7181
vn -0.5049 0.6766 -0.5359
vn -0.7773 -0.5999 -0.1894
vn -0.3933 -0.5787 -0.7144
vn 0.5593 -0.5459 0.6238
vn 0.3191 -0.6204 0.7164
vn -0.9721 -0.2246 -0.0682
vn -0.9351 -0.2442 0.2570
vn -0.2219 -0.5483 -0.8063
vn -0.8716 -0.3851 0.3034
vn -0.9052 -0.3930 0.1618
vn -0.9696 -0.2381 0.0558
vn -0.9065 0.0248 -0.4215
vn 0.8671 0.4706 0.1633
vn 0.0119 -0.6600 -0.7512
vn 0.8573 -0.4709 -0.2080
vn 0.6366 -0.5434 -0.5473
vn -0.0375 -0.3081 -0.9506
vn -0.1043 0.0792 -0.9914
vn -0.9381 0.2336 0.2557
vn -0.9483 0.2779 0.1534
vn 0.4244 0.5468 -0.7217
vn 0.2167 -0.9209 -0.3240
vn -0.4797 -0.3640 -0.7984
vn -0.1844 -0.1016 -0.9776
vn 0.1143 -0.7697 0.6281
vn -0.4289 -0.0378 -0.9026
vn -0.2785 0.1442 -0.9495
vn -0.5196 -0.2352 -0.8214
vn -0.7495 -0.2004 -0.6309
vn 0.4721 -0.8815 -0.0091
vn 0.2605 -0.9076 0.3292
vn 0.6853 -0.7264 -0.0520
vn -0.3794 0.0424 -0.9242
vn -0.6211 -0.4622 -0.6330
vn -0.8828 -0.4694 0.0155
vn -0.0879 -0.8313 -0.5488
vn 0.9289 -0.2607 0.2630
vn -0.5601 -0.5205 -0.6445
vn -0.7494 0.2620 -0.6080
vn -0.5670 -0.1545 -0.8091
vn 0.8153 -0.3016 -0.4942
vn 0.3623 -0.6531 -0.6650
vn 0.2218 -0.6877 -0.6913
vn 0.3110 -0.1770 -0.9338
vn 0.5594 0.5546 -0.6161
vn 0.5831 0.2933 -0.7576
vn 0.0379 -0.4566 -0.8889
vn 0.5107 -0.3357 -0.7915
vn 0.1442 -0.3250 -0.9347
vn 0.5773 -0.6520 -0.4915
vn 0.7565 -0.6058 -0.2465
vn 0.7720 -0.5686 0.2840
vn 0.3253 -0.7739 0.5434
vn -0.4934 0.2823 -0.8227
vn -0.6156 0.1238 -0.7782
vn 0.8863 0.2861 0.3641
vn -0.8911 0.0494 -0.4511
vn 0.3012 -0.8814 -0.3638
vn -0.1157 0.0306 -0.9928
vn -0.3357 -0.0076 -0.9419
vn -0.2571 -0.0089 -0.9664
vn 0.3704 0.0863 -0.9249
vn 0.8956 -0.2363 -0.3770
vn -0.3194 0.6219 -0.7150
vn -0.2621 0.8696 -0.4185
vn 0.0346 -0.8536 -0.5198
vn -0.0725 -0.5283 -0.8459
vn 0.3195 -0.7431 -0.5880
vn 0.5152 -0.6708 -0.5335
vn 0.3282 -0.2135 -0.9202
vn 0.3749 -0.5873 -0.7174
vn 0.2930 0.2146 -0.9317
vn -0.7090 -0.3281 -0.6242
vn 0.8218 0.3755 -0.4285
vn 0.9013 -0.4177 -0.1149
vn 0.3928 -0.9196 0.0089
vn 0.2699 -0.6392 0.7201
vn -0.8090 0.2626 -0.5259
vn -0.1199 -0.9853 -0.1214
vn 0.3475 -0.9350 0.0710
vn 0.3006 -0.8893 -0.3447
vn 0.0606 -0.8459 0.5299
vn 0.3750 -0.6325 -0.6777
vn -0.6485 0.3443 -0.6789
vn 0.7610 0.3416 0.5516
vn -0.8028 0.1512 -0.5768
vn 0.5120 -0.8255 -0.2375
vn -0.7923 0.4105 0.4513
vn -0.0347 0.3953 -0.9179
vn -0.0271 0.0708 -0.9971
vn 0.2462 -0.4255 -0.8708
vn 0.1612 -0.2358 -0.9583
vn 0.4427 -0.2667 -0.8561
vn 0.1164 0.4892 -0.8644
vn 0.2862 -0.2955 -0.9115
vn 0.4342 0.9005 0.0236
vn 0.3974 0.3200 0.8600
vn 0.9701 0.2376 0.0499
vn -0.5591 0.2604 -0.7871
vn -0.8085 -0.5879 -0.0258
vn -0.9796 -0.1887 -0.0696
vn 0.3087 -0.4341 0.8464
vn 0.8771 -0.4774 0.0532
vn -0.1120 -0.2263 -0.9676
vn 0.1816 -0.1563 -0.9709
vn 0.3782 -0.2869 -0.8802
vn 0.5397 0.1124 -0.8343
vn -0.1247 -0.8024 -0.5836
vn 0.0551 -0.5033 -0.8624
vn 0.0771 -0.6650 -0.7429
vn 0.3875 -0.6872 -0.6144
vn 0.4803 -0.0859 -0.8729
vn 0.1666 -0.6115 -0.7735
vn -0.9094 0.2189 -0.3537
vn 0.7915 -0.1617 -0.5894
vn 0.8353 -0.5445 -0.0764
vn 0.6214 -0.4993 -0.6038
vn 0.6106 0.6136 0.5007
vn 0.9518 -0.1634 0.2596
vn 0.8255 -0.5627 -0.0444
vn -0.7232 0.0839 -0.6855
vn -0.8089 0.0365 -0.5868
vn 0.4430 -0.8951 0.0498
vn -0.7123 -0.2569 -0.6532
vn 0.0406 0.0800 -0.9960
vn 0.5643 0.5822 -0.5853
vn 0.2331 -0.9429 -0.2378
vn 0.2392 -0.7627 -0.6009
vn -0.5510 -0.8103 -0.1996
vn -0.6208 -0.7651 -0.1709
vn -0.1032 -0.2104 -0.9721
vn -0.2575 -0.3213 -0.9113
vn 0.3300 -0.5957 -0.7323
vn 0.7034 -0.3756 -0.6035
vn 0.4058 0.3024 -0.8625
vn 0.2787 0.4014 -0.8725
vn 0.7811 0.1759 -0.5991
vn 0.5547 0.0370 0.8312
vn 0.9407 -0.3217 -0.1078
vn 0.4456 -0.8951 -0.0148
vn 0.3335 -0.7689 0.5455
vn -0.6251 -0.4978 -0.6013
vn 0.9078 -0.2748 -0.3168
vn 0.8243 -0.5613 0.0739
vn 0.7393 -0.6600 -0.1334
vn 0.9962 -0.0466 0.0732
vn 0.6030 0.2283 0.7644
vn 0.8361 -0.5371 0.1113
vn 0.8390 -0.5402 0.0650
vn 0.9544 -0.0437 -0.2952
vn 0.5884 -0.4535 0.6694
vn -0.9711 0.2350 0.0409
vn 0.3716 -0.7971 -0.4759
vn 0.6448 -0.0212 -0.7641
vn -0.8655 0.3057 -0.3969
vn 0.2804 -0.8920 -0.3546
vn 0.4823 -0.7858 -0.3872
vn -0.3754 -0.3408 -0.8619
vn 0.5763 -0.0934 -0.8119
vn -0.0828 0.4347 -0.8968
vn 0.7668 0.0339 -0.6410
vn 0.4347 -0.4549 -0.7772
vn 0.9235 -0.3734 -0.0872
vn 0.4869 -0.8593 0.1568
vn -0.0836 -0.8563 0.5096
vn -0.4942 0.0752 0.8661
vn -0.9983 0.0083 -0.0569
vn -0.3956 -0.8785 -0.2679
vn 0.8911 -0.2680 -0.3662
vn 0.8401 0.4194 0.3439
vn 0.8548 0.3994 0.3314
vn 0.7048 0.0721 0.7057
vn 0.9790 -0.1625 -0.1234
vn -0.8713 0.1221 -0.4754
vn 0.7245 -0.6853 -0.0746
vn 0.5064 -0.7234 0.4694
vn 0.2935 -0.7313 0.6157
vn 0.5578 -0.7994 0.2232
vn 0.3274 -0.9394 -0.1016
vn 0.5526 -0.8283 0.0930
vn 0.4146 -0.7582 0.5032
vn 0.1974 -0.9604 0.1964
vn -0.0873 -0.6596 -0.7466
vn -0.8757 0.3393 0.3436
vn 0.5457 0.3018 -0.7818
vn 0.6057 0.4430 -0.6610
vn 0.2088 0.7130 -0.6694
vn 0.6612 -0.7373 -0.1386
vn 0.4041 -0.2844 -0.8694
vn 0.9291 0.1329 -0.3451
vn -0.4881 0.2888 -0.8236
vn -0.7569 -0.1460 -0.6370
vn 0.3919 -0.8920 -0.2250
vn -0.0927 -0.9956 0.0154
vn -0.7864 -0.6004 -0.1453
vn 0.8834 0.0512 -0.4658
vn 0.9993 -0.0316 -0.0212
vn 0.9599 -0.1895 0.2066
vn -0.5724 -0.1028 -0.8135
vn 0.9486 -0.3159 0.0199
vn 0.4867 -0.7067 0.5135
vn 0.3825 -0.7823 0.4917
vn -0.9474 -0.2801 -0.1549
vn -0.1725 -0.9847 -0.0223
vn -0.4968 -0.0580 0.8659
vn 0.3976 0.1229 -0.9093
vn 0.2093 -0.1363 -0.9683
vn -0.3144 0.0775 -0.9461
vn -0.0411 -0.9828 -0.1800
vn -0.0829 -0.1477 -0.9855
vn 0.0332 -0.9468 -0.3200
vn -0.3685 -0.2307 -0.9005
vn 0.9148 -0.3752 -0.1495
vn -0.8511 -0.4392 0.2876
vn 0.9509 0.1122 -0.2883
vn 0.5540 -0.3933 -0.7338
vn 0.1595 -0.0195 -0.9870
vn -0.2722 -0.4494 -0.8508
vn -0.4597 -0.3069 -0.8334
vn 0.9435 0.2629 -0.2017
vn 0.7639 0.6449 0.0245
vn 0.6625 0.7489 -0.0143
vn 0.5639 -0.7753 0.2846
vn 0.2977 -0.6999 0.6493
vn 0.2730 -0.5730 0.7728
vn 0.9619 -0.0351 -0.2711
vn 0.2051 -0.3620 0.9093
vn -0.4142 -0.4512 0.7905
vn -0.7805 -0.4453 0.4387
vn -0.0569 0.0174 0.9982
vn -0.7565 0.2490 0.6048
vn -0.7845 -0.2491 0.5679
vn -0.4178 -0.4086 0.8115
vn -0.9635 0.1684 0.2083
vn -0.6993 0.4653 -0.5427
vn 0.5934 0.5916 -0.5458
vn 0.3407 0.7286 -0.5942
vn -0.3481 0.6872 -0.6376
vn -0.2038 0.6870 -0.6975
vn 0.0972 -0.3053 -0.9473
vn 0.7527 -0.1281 -0.6458
vn 0.4807 -0.0771 -0.8735
vn -0.6487 -0.7433 0.1634
vn 0.5306 -0.8452 0.0635
vn -0.9804 -0.1607 0.1143
vn 0.9497 0.2760 -0.1480
vn 0.1649 -0.8014 -0.5750
vn 0.5688 0.6767 -0.4674
vn 0.8638 0.2696 -0.4257
vn 0.8764 -0.1300 -0.4638
vn 0.8151 -0.5614 -0.1428
vn 0.6217 -0.7807 0.0629
vn 0.2775 -0.5308 0.8007
vn 0.5794 -0.7500 0.3190
vn -0.8726 -0.0502 -0.4859
vn -0.9634 -0.2120 -0.1643
vn 0.1793 -0.2831 0.9422
vn 0.1680 -0.1326 0.9768
vn 0.2602 -0.1608 0.9521
vn -0.8556 -0.0228 0.5171
vn -0.9893 -0.1214 -0.0813
vn -0.9123 -0.3301 -0.2424
vn 0.5622 -0.3947 0.7267
vn 0.3538 -0.4717 0.8077
vn -0.6855 -0.7280 -0.0062
vn -0.1448 -0.7478 0.6479
vn 0.7445 -0.2387 -0.6235
vn 0.7261 -0.2164 -0.6526
vn 0.7286 -0.2348 -0.6434
vn 0.5904 0.2528 -0.7665
vn -0.4046 0.8734 -0.2712
vn -0.1551 -0.4307 -0.8891
vn 0.2672 0.1601 -0.9502
vn -0.0393 -0.4574 -0.8884
vn -0.3547 0.1720 -0.9190
vn -0.1350 0.3407 -0.9304
vn 0.2503 0.1288 -0.9596
vn 0.2888 -0.0772 -0.9543
vn -0.3590 -0.9256 0.1196
vn 0.2197 -0.9755 -0.0041
vn -0.5765 -0.7390 -0.3486
vn 0.1343 -0.9841 -0.1162
vn 0.9950 -0.0498 0.0863
vn -0.2576 -0.3398 -0.9045
vn -0.2291 -0.7186 -0.6566
vn 0.8977 0.3396 -0.2808
vn -0.8762 0.1864 -0.4444
vn 0.9883 -0.0477 0.1446
vn 0.8049 -0.4843 0.3430
vn -0.1282 0.4977 -0.8578
vn -0.9306 0.2148 -0.2965
vn 0.4182 -0.7556 0.5042
vn 0.5229 -0.7069 0.4763
vn 0.6308 -0.5393 0.5580
vn 0.7213 -0.5880 0.3659
vn 0.4038 -0.7973 0.4487
vn -0.7503 -0.4697 -0.4652
vn -0.8397 -0.5430 0.0074
vn -0.4316 -0.9020 0.0093
vn 0.9373 -0.1529 -0.3131
vn 0.2856 -0.3518 -0.8915
vn 0.4444 0.1028 -0.8899
vn -0.0298 0.5651 -0.8245
vn -0.1572 0.5987 -0.7854
vn -0.3841 0.2931 -0.8755
vn -0.6836 -0.6382 0.3540
vn 0.1534 -0.1445 -0.9776
vn -0.5657 -0.2150 -0.7961
vn 0.9116 -0.2595 0.3187
vn -0.2387 -0.6991 -0.6740
vn 0.4677 -0.6195 -0.6304
vn 0.9719 0.1757 0.1568
vn -0.9885 -0.1493 0.0254
vn -0.5052 -0.0618 -0.8608
vn 0.6765 0.5113 -0.5300
vn 0.8813 0.1566 -0.4459
vn -0.5078 -0.1084 -0.8546
vn 0.9283 0.0503 -0.3683
vn 0.6599 -0.5757 0.4828
vn 0.6250 -0.7709 0.1232
vn 0.5692 -0.8218 0.0242
vn -0.6573 -0.3965 -0.6408
vn 0.6235 -0.7748 0.1050
vn 0.1378 -0.9627 -0.2328
vn 0.4981 -0.1484 -0.8543
vn -0.9324 0.3179 -0.1721
vn -0.0235 0.9275 -0.3730
vn -0.4826 0.7387 -0.4705
vn -0.5361 0.6216 -0.5711
vn -0.3848 -0.3569 -0.8512
vn 0.6447 -0.0616 -0.7619
vn -0.4218 -0.4646 -0.7786
vn -0.2686 -0.0428 -0.9623
vn 0.0971 -0.5181 -0.8498
vn 0.2957 0.0446 -0.9542
vn 0.7127 0.2158 -0.6675
vn -0.1262 0.4651 -0.8762
vn -0.1463 -0.9728 0.1793
vn 0.4041 -0.8944 0.1919
vn -0.0651 -0.2100 -0.9755
vn -0.5109 -0.3754 -0.7734
vn -0.3191 -0.3374 -0.8856
vn -0.3709 -0.6851 -0.6269
vn 0.9621 0.2064 0.1781
vn 0.9501 -0.2157 0.2252
vn -0.9182 0.2665 -0.2930
vn 0.7518 -0.6451 0.1368
vn -0.8894 0.1149 -0.4424
vn -0.8801 0.3262 0.3450
vn -0.9351 -0.1144 -0.3355
vn 0.5807 -0.8130 -0.0427
vn 0.3806 -0.9245 0.0219
vn -0.4461 -0.6982 -0.5599
vn 0.2067 -0.2429 -0.9478
vn 0.2668 0.0156 -0.9636
vn 0.5936 0.2222 -0.7735
vn -0.7667 0.6350 -0.0948
vn -0.3806 0.7662 -0.5178
vn -0.5845 0.6220 -0.5211
vn -0.1981 -0.5621 -0.8030
vn 0.3799 -0.4653 -0.7995
vn -0.6289 0.0344 -0.7767
vn -0.6509 0.1357 -0.7469
vn 0.3737 0.5858 -0.7191
vn -0.4125 0.0968 -0.9058
vn 0.1361 0.0264 -0.9903
vn 0.7046 0.0373 -0.7086
vn 0.7077 0.0227 -0.7062
vn 0.1335 -0.0462 -0.9900
vn 0.4847 0.1883 -0.8542
vn 0.5571 -0.0622 -0.8281
vn -0.4621 -0.6335 -0.6206
vn -0.9851 0.1679 -0.0382
vn 0.6013 -0.6632 0.4457
vn 0.0385 -0.8023 -0.5957
vn -0.8981 0.0894 0.4306
vn 0.1161 -0.0846 -0.9896
vn 0.4935 0.7454 -0.4482
vn -0.6122 0.7587 -0.2229
vn 0.2689 -0.5129 -0.8152
vn -0.4851 -0.4933 -0.7221
vn -0.4134 -0.2540 -0.8744
vn -0.2064 -0.0158 -0.9783
vn -0.0863 0.3086 -0.9473
vn 0.4299 -0.0059 -0.9029
vn 0.7272 0.0044 -0.6864
vn -0.3619 -0.1680 -0.9170
vn -0.6604 -0.0935 -0.7451
vn -0.0255 -0.1791 -0.9835
vn -0.4422 -0.4468 -0.7777
vn 0.6094 -0.3204 -0.7252
vn 0.6907 -0.4008 -0.6019
vn -0.9919 0.1024 -0.0746
vn 0.9913 0.0278 0.1290
vn -0.9944 0.1052 -0.0120
vn -0.8682 0.0010 -0.4962
vn 0.8740 -0.3452 0.3419
vn 0.6658 -0.4593 0.5880
vn -0.9201 0.2389 0.3105
vn 0.7175 -0.6309 0.2953
vn 0.6174 -0.7834 0.0718
vn -0.1043 -0.9707 -0.2164
vn -0.0346 -0.4677 -0.8832
vn -0.0885 -0.2233 -0.9707
vn 0.3578 0.0137 -0.9337
vn -0.1165 -0.2423 -0.9632
vn 0.2296 -0.2505 -0.9405
vn -0.8399 0.5242 0.1405
vn -0.5673 0.6563 -0.4974
vn 0.5405 0.7433 -0.3941
vn 0.0863 0.7583 -0.6461
vn -0.1510 -0.7120 -0.6857
vn 0.0169 -0.7730 -0.6342
vn -0.7411 0.0995 -0.6640
vn 0.5242 -0.2820 -0.8036
vn -0.0756 0.5213 -0.8500
vn -0.6371 0.4492 -0.6264
vn 0.4618 -0.1769 -0.8691
vn -0.3696 0.0112 -0.9291
vn 0.6880 -0.1116 -0.7171
vn 0.6887 -0.3947 -0.6083
vn 0.3801 -0.9249 0.0083
vn 0.0322 -0.9985 0.0433
vn -0.5417 -0.3172 -0.7784
vn -0.7755 -0.6309 -0.0254
vn 0.4413 -0.7351 0.5146
vn -0.3471 -0.1561 -0.9248
vn -0.7577 -0.6463 0.0900
vn 0.5858 -0.2376 -0.7748
vn -0.9542 0.1670 -0.2483
vn -0.6263 -0.4261 -0.6528
vn 0.2228 -0.9741 -0.0398
vn -0.2936 -0.6692 -0.6826
vn -0.6100 0.3625 0.7046
vn 0.7549 -0.2673 -0.5989
vn 0.1829 -0.0752 -0.9802
vn 0.4629 0.0733 -0.8834
vn 0.7466 0.2801 -0.6034
vn 0.6963 0.4081 -0.5904
vn -0.4742 0.8799 -0.0301
vn -0.4080 0.8959 -0.1755
vn -0.7124 0.6951 0.0964
vn 0.5155 0.7393 -0.4332
vn 0.4386 -0.5912 -0.6768
vn -0.2724 -0.6294 -0.7278
vn -0.2047 -0.1779 -0.9625
vn -0.5614 -0.2519 -0.7882
vn -0.5609 -0.0282 -0.8274
vn 0.4974 0.0372 -0.8667
vn 0.8450 0.0467 -0.5327
vn -0.4037 -0.1843 -0.8961
vn -0.4930 -0.2245 -0.8406
vn 0.0988 -0.2042 -0.9739
vn 0.4893 -0.1323 -0.8620
vn 0.4645 -0.5466 0.6968
vn 0.6236 -0.6986 0.3509
vn -0.9433 -0.0163 -0.3315
vn -0.7450 0.3138 0.5886
vn -0.1055 -0.9190 -0.3800
vn 0.8540 -0.3195 -0.4106
vn 0.6911 0.1833 -0.6991
vn 0.1798 -0.2728 -0.9451
vn -0.5918 0.8052 -0.0379
vn -0.6558 0.6052 -0.4513
vn 0.3108 -0.8049 -0.5056
vn -0.7833 -0.0651 -0.6182
vn 0.5695 0.4971 -0.6546
vn 0.7034 -0.3401 -0.6242
vn -0.3484 0.0525 -0.9359
vn 0.5561 -0.2232 -0.8006
vn -0.4431 0.1081 -0.8899
vn 0.8635 0.3161 -0.3930
vn -0.0667 -0.2709 -0.9603
vn -0.3589 -0.2544 -0.8980
vn 0.3493 -0.8139 0.4642
vn 0.5550 -0.3450 0.7569
vn -0.0380 -0.8828 -0.4681
vn -0.2966 -0.8483 -0.4386
vn -0.6181 -0.1481 -0.7720
vn 0.8323 0.1650 0.5293
vn -0.8577 0.0812 -0.5076
vn -0.9669 0.1452 -0.2098
vn 0.6949 -0.4265 0.5790
vn -0.3123 -0.8556 -0.4127
vn 0.1263 -0.8246 -0.5515
vn 0.1678 -0.0759 -0.9829
vn -0.9561 0.0273 0.2917
vn -0.6890 0.6541 0.3122
vn -0.2027 0.9646 -0.1686
vn -0.2494 0.7178 -0.6500
vn -0.0082 -0.9450 -0.3271
vn 0.4302 -0.6490 -0.6275
vn 0.7574 -0.1554 -0.6341
vn 0.0826 -0.2373 -0.9679
vn 0.1653 -0.1478 -0.9751
vn -0.1780 -0.1974 -0.9640
vn -0.5893 -0.2518 -0.7677
vn -0.6608 -0.3261 -0.6760
vn 0.4699 -0.1965 -0.8605
vn 0.5360 -0.7668 -0.3532
vn 0.2174 -0.8329 -0.5090
vn 0.2869 -0.5208 -0.8040
vn 0.1676 -0.9137 -0.3703
vn 0.3629 -0.9300 0.0583
vn 0.6037 -0.7501 0.2700
vn -0.7360 -0.6479 -0.1961
vn -0.3754 -0.5507 -0.7455
vn -0.2659 -0.7622 -0.5902
vn 0.8277 -0.2197 0.5163
vn 0.9960 -0.0694 0.0561
vn 0.9742 0.0571 0.2185
vn 0.8605 0.3697 0.3504
vn -0.5207 0.0209 -0.8535
vn 0.8516 -0.2178 -0.4767
vn -0.9742 0.2126 -0.0758
vn 0.6448 -0.6817 0.3457
vn -0.0213 -0.9968 -0.0775
vn -0.7323 0.4627 0.4996
vn -0.9043 0.1412 0.4028
vn -0.0356 -0.1771 -0.9836
vn 0.5967 0.1160 -0.7941
vn 0.3409 -0.0164 -0.9399
vn -0.1513 -0.2784 -0.9485
vn -0.7072 0.7067 -0.0219
vn 0.2695 0.7593 -0.5924
vn -0.2074 -0.8929 -0.3997
vn 0.5956 -0.6705 -0.4424
vn -0.6354 -0.4925 -0.5947
vn 0.7902 0.3201 -0.5225
vn -0.0123 0.2979 -0.9545
vn -0.5825 0.3098 -0.7515
vn -0.0876 0.0953 -0.9916
vn -0.4206 -0.1950 -0.8860
vn -0.6285 -0.2224 -0.7454
vn -0.0520 -0.8438 -0.5341
vn -0.1696 -0.5222 -0.8358
vn -0.0644 -0.7976 -0.5997
vn 0.0851 -0.2568 -0.9627
vn 0.3745 -0.6678 -0.6433
vn -0.4432 -0.8671 0.2272
vn 0.3568 -0.0069 -0.9342
vn 0.4425 -0.1813 -0.8783
vn 0.6750 -0.5888 -0.4446
vn -0.5489 -0.6797 -0.4866
vn 0.9698 -0.0017 -0.2440
vn 0.9002 -0.1188 0.4190
vn 0.9205 -0.1694 0.3522
vn 0.9340 -0.1279 0.3335
vn -0.9335 0.1613 0.3201
vn -0.7675 -0.4408 -0.4654
vn -0.1498 -0.8372 -0.5260
vn -0.1350 -0.7986 0.5865
vn -0.6599 0.1610 0.7339
vn 0.9431 -0.2380 -0.2322
vn 0.5998 0.0898 -0.7951
vn 0.0757 -0.1912 -0.9786
vn -0.2960 -0.3399 -0.8927
vn 0.3408 -0.2847 -0.8960
vn -0.9630 0.2598 0.0717
vn -0.4972 0.8674 0.0222
vn 0.3880 0.7613 -0.5195
vn -0.2363 0.6913 -0.6829
vn -0.4790 -0.4851 -0.7316
vn 0.6383 0.3469 -0.6872
vn -0.6003 0.0862 -0.7951
vn 0.5324 -0.1995 -0.8227
vn 0.3979 0.0699 -0.9147
vn 0.4435 0.1220 -0.8879
vn 0.8063 0.0367 -0.5904
vn -0.1113 -0.1241 -0.9860
vn 0.8533 -0.1259 -0.5060
vn 0.2337 -0.9586 -0.1624
vn -0.4704 -0.8063 -0.3587
vn -0.3039 -0.8628 -0.4039
vn 0.6890 -0.5598 -0.4604
vn 0.7014 -0.1345 -0.7000
vn 0.6833 -0.0773 -0.7260
vn 0.2549 -0.2382 -0.9372
vn 0.9869 -0.0995 -0.1266
vn 0.4499 -0.7029 0.5509
vn 0.7716 -0.6297 0.0893
vn 0.5010 -0.6679 -0.5504
vn 0.9207 0.0656 0.3847
vn 0.9598 -0.2065 -0.1901
vn -0.9926 -0.0912 0.0797
vn -0.9369 0.2487 0.2456
vn 0.2826 -0.5642 0.7758
vn 0.4239 -0.5829 0.6931
vn -0.3177 -0.9291 0.1893
vn 0.0136 -0.2413 -0.9704
vn -0.1964 -0.3553 -0.9139
vn 0.4592 -0.2923 -0.8388
vn 0.7829 0.2314 -0.5776
vn -0.8546 0.5023 0.1315
vn -0.2738 0.9393 -0.2066
vn 0.4959 0.7392 -0.4557
vn -0.2820 -0.8233 -0.4926
vn -0.7610 0.1848 -0.6218
vn 0.7478 0.2745 -0.6045
vn -0.2678 0.0306 -0.9630
vn 0.6409 -0.1872 -0.7444
vn -0.4418 -0.2247 -0.8685
vn -0.0113 -0.1828 -0.9831
vn -0.5871 -0.2043 -0.7833
vn -0.5078 0.0016 -0.8615
vn 0.7870 -0.1973 -0.5845
vn -0.1434 -0.9765 -0.1610
vn -0.5370 -0.3468 -0.7691
vn 0.7721 -0.2214 -0.5957
vn 0.8254 -0.5515 -0.1206
vn 0.3792 -0.7151 0.5873
vn -0.6101 -0.7323 -0.3024
vn 0.3250 -0.8649 -0.3825
vn 0.7101 0.1041 0.6963
vn 0.8751 -0.1756 0.4510
vn 0.5936 -0.1896 -0.7821
vn 0.9511 -0.3042 -0.0533
vn 0.9947 -0.0362 0.0959
vn 0.7766 0.5779 0.2506
vn 0.7375 0.6562 -0.1593
vn 0.8209 0.2831 0.4960
vn -0.9748 0.2192 -0.0412
vn 0.2875 -0.4110 0.8651
vn 0.5356 -0.4435 0.7186
vn -0.9705 -0.2059 -0.1255
vn -0.8365 -0.5256 -0.1547
vn -0.5870 -0.1760 0.7902
vn 0.0318 -0.2020 0.9789
vn 0.0734 -0.8746 -0.4793
vn -0.6811 0.0960 -0.7259
vn -0.6669 0.3129 -0.6763
vn 0.5326 0.2697 -0.8022
vn 0.5100 0.0141 -0.8600
vn 0.5834 -0.1341 -0.8010
vn -0.5928 0.2565 -0.7634
vn -0.3628 -0.1250 -0.9234
vn 0.2766 -0.1089 -0.9548
vn -0.6318 -0.2550 -0.7320
vn -0.5237 -0.7354 -0.4299
vn -0.6317 -0.5354 -0.5607
vn 0.5935 0.0576 -0.8027
vn 0.7112 -0.6954 0.1033
vn 0.8342 -0.3049 -0.4596
vn -0.6432 -0.5000 -0.5799
vn 0.4861 -0.8279 0.2798
vn -0.6568 -0.6840 -0.3174
vn -0.7949 -0.5422 -0.2722
vn -0.1496 -0.9006 -0.4081
vn -0.9051 0.0838 -0.4168
vn 0.0238 -0.2660 0.9637
vn 0.2864 -0.3915 0.8745
vn 0.4446 -0.1710 0.8793
vn -0.9544 -0.0545 0.2936
vn -0.0961 -0.0730 0.9927
vn -0.6032 0.1292 0.7870
vn -0.9162 -0.0632 0.3956
vn 0.1501 0.0998 0.9836
vn -0.5113 0.2205 0.8306
vn -0.9629 0.0689 0.2610
vn -0.2169 0.0768 0.9732
vn 0.4251 -0.3181 0.8474
vn 0.0378 -0.3900 0.9200
vn -0.8430 -0.3385 0.4181
vn -0.1426 -0.7980 0.5855
vn -0.5369 0.5089 0.6728
vn 0.6257 0.1531 -0.7649
vn 0.5951 -0.3888 -0.7034
vn -0.0147 -0.3853 -0.9227
vn -0.7408 0.6715 -0.0140
vn 0.5103 0.7424 -0.4341
vn -0.2626 -0.9018 -0.3432
vn -0.2373 -0.8986 -0.3690
vn 0.4108 -0.7687 -0.4903
vn 0.8735 -0.3778 -0.3070
vn 0.8062 -0.0538 -0.5892
vn -0.5351 0.3831 -0.7530
vn 0.3980 0.0861 -0.9133
vn -0.3197 0.2240 -0.9206
vn 0.6821 -0.2558 -0.6851
vn -0.8833 -0.0371 -0.4673
vn -0.8115 0.2418 -0.5320
vn -0.4573 0.3350 -0.8238
vn -0.6050 0.0681 -0.7933
vn 0.4548 -0.1232 -0.8820
vn -0.4962 -0.2931 -0.8173
vn 0.3162 -0.1764 -0.9322
vn 0.7175 -0.2179 -0.6616
vn 0.5022 -0.1216 -0.8562
vn 0.7080 -0.5427 -0.4520
vn -0.1427 -0.9161 -0.3747
vn -0.6591 -0.4946 -0.5665
vn 0.6842 -0.6125 -0.3959
vn 0.5493 -0.8339 -0.0536
vn 0.5539 -0.7626 0.3341
vn 0.4321 -0.5385 0.7234
vn 0.4010 0.0555 0.9144
vn 0.8761 -0.1627 0.4539
vn 0.6587 0.0204 -0.7522
vn 0.7841 -0.3142 0.5352
vn 0.7973 0.0405 -0.6022
vn 0.8347 -0.2518 0.4897
vn 0.7284 0.2840 0.6236
vn 0.6367 0.5505 0.5400
vn -0.8920 0.1291 0.4333
vn 0.5679 -0.3621 0.7392
vn 0.2309 -0.8376 0.4951
vn -0.9600 -0.2773 -0.0379
vn -0.6649 -0.7239 0.1841
vn -0.2343 -0.4445 -0.8646
vn -0.1328 -0.1990 -0.9710
vn 0.1396 -0.4810 -0.8655
vn 0.6335 0.6524 -0.4159
vn -0.6928 0.6676 -0.2727
vn -0.6826 0.6039 -0.4115
vn -0.3748 0.6914 -0.6177
vn 0.1809 0.8308 -0.5263
vn -0.0103 -0.9981 -0.0611
vn -0.7241 -0.0408 -0.6885
vn -0.5352 0.2654 -0.8020
vn 0.6444 0.6536 -0.3969
vn 0.7331 0.2239 -0.6423
vn -0.5799 -0.2852 -0.7631
vn 0.6787 -0.3695 -0.6347
vn 0.3429 -0.2019 -0.9174
vn 0.3877 -0.9216 0.0200
vn 0.8139 -0.4911 -0.3106
vn -0.2583 -0.8783 -0.4024
vn 0.6223 -0.3036 -0.7215
vn 0.8485 -0.3608 -0.3870
vn 0.8981 -0.3397 -0.2794
vn 0.7741 -0.6264 -0.0919
vn -0.9388 -0.0948 -0.3312
vn 0.6927 0.4943 0.5252
vn 0.8219 -0.3314 0.4634
vn 0.6114 -0.2728 0.7429
vn -0.2016 -0.2720 0.9409
vn 0.2002 -0.1371 0.9701
vn 0.3589 -0.2357 0.9031
vn -0.3901 -0.3451 -0.8536
vn 0.2090 -0.0435 -0.9769
vn -0.5471 -0.0196 0.8368
vn -0.6238 -0.2036 0.7546
vn 0.9336 -0.3393 -0.1153
vn -0.2030 -0.7627 -0.6141
vn -0.9055 -0.0607 0.4201
vn 0.7369 0.2830 -0.6139
vn 0.6205 0.6188 -0.4817
vn -0.1569 0.7638 -0.6261
vn 0.4644 -0.8106 -0.3568
vn -0.5415 -0.6587 -0.5224
vn -0.5265 -0.3394 -0.7795
vn 0.4850 -0.7259 -0.4876
vn 0.7807 -0.2839 -0.5567
vn -0.6236 0.2171 -0.7510
vn 0.6881 0.4577 -0.5631
vn 0.7054 -0.1120 -0.6999
vn 0.7674 0.1089 -0.6318
vn 0.8576 0.1653 -0.4870
vn -0.6162 -0.1903 -0.7642
vn 0.8761 -0.1866 -0.4445
vn 0.5093 -0.1172 -0.8526
vn 0.9502 -0.0655 -0.3048
vn 0.7889 -0.3877 -0.4768
vn -0.4959 -0.8124 -0.3067
vn 0.8165 -0.0520 -0.5750
vn 0.9556 0.1628 -0.2458
vn 0.9779 -0.1864 -0.0949
vn 0.8834 -0.4213 0.2052
vn 0.8194 0.1132 -0.5619
vn 0.9446 -0.1531 0.2904
vn 0.9317 0.1332 0.3378
vn 0.8985 0.1321 0.4186
vn 0.9497 -0.2117 0.2306
vn 0.1352 -0.1030 0.9854
vn 0.2128 -0.1296 0.9685
vn 0.6243 -0.2449 0.7418
vn 0.3297 -0.1854 0.9257
vn 0.4873 -0.5098 0.7090
vn 0.4576 -0.6057 0.6509
vn 0.6703 0.1900 -0.7173
vn 0.1216 -0.0840 -0.9890
vn -0.0063 -0.1806 -0.9835
vn 0.9580 -0.1618 -0.2369
vn -0.0612 -0.9963 0.0599
vn -0.3818 -0.3156 -0.8687
vn -0.3929 0.1511 0.9071
vn -0.6279 -0.2063 0.7504
vn 0.1344 -0.9308 -0.3399
vn 0.1586 -0.9701 -0.1838
vn -0.4562 0.0667 -0.8874
vn 0.6698 0.6764 -0.3064
vn 0.6859 -0.3123 -0.6573
vn 0.5086 -0.2384 -0.8273
vn -0.8483 -0.1861 -0.4957
vn -0.7393 0.3014 -0.6022
vn 0.3302 -0.1567 -0.9308
vn 0.0743 -0.9701 0.2309
vn -0.3626 -0.9090 -0.2053
vn -0.0113 -0.8940 -0.4480
vn 0.8649 -0.4112 -0.2877
vn 0.8292 0.0222 -0.5584
vn 0.8186 0.0167 -0.5741
vn 0.3123 0.3837 0.8691
vn -0.8461 0.2127 0.4887
vn 0.9521 -0.0085 -0.3057
vn 0.4200 -0.5221 0.7423
vn -0.2884 -0.2180 -0.9324
vn 0.5595 0.1020 -0.8225
vn 0.4713 0.0769 -0.8786
vn -0.9975 0.0399 -0.0587
vn -0.9430 -0.3304 0.0397
vn 0.7650 0.2334 -0.6003
vn -0.3479 -0.3614 -0.8651
vn -0.2718 -0.8335 0.4810
vn -0.3940 -0.1528 -0.9063
vn -0.3252 0.1967 0.9250
vn -0.3526 -0.5962 -0.7213
vn 0.3698 -0.8098 -0.4556
vn -0.0383 -0.7735 -0.6327
vn 0.6749 0.3756 -0.6351
vn -0.6128 0.7731 -0.1635
vn 0.3062 0.8043 -0.5093
vn -0.3320 -0.8653 -0.3755
vn -0.1766 -0.8174 -0.5484
vn -0.7217 -0.2064 -0.6607
vn -0.3633 0.1060 -0.9256
vn 0.6390 -0.1883 -0.7458
vn -0.5022 0.0730 -0.8616
vn 0.3967 0.1536 -0.9050
vn -0.5989 -0.1480 -0.7870
vn -0.8728 -0.2792 -0.4004
vn 0.4637 -0.8772 0.1249
vn -0.6716 -0.6333 -0.3845
vn -0.4371 -0.6154 -0.6559
vn -0.8593 -0.4352 -0.2688
vn -0.7974 -0.5022 -0.3346
vn -0.7453 -0.6166 -0.2538
vn 0.8370 0.0855 -0.5404
vn 0.9558 0.2805 -0.0877
vn 0.9507 -0.0232 -0.3092
vn -0.9931 0.0407 -0.1101
vn 0.5699 -0.3397 0.7482
vn -0.9961 -0.0317 -0.0821
vn 0.4994 -0.2140 -0.8395
vn -0.1285 -0.1944 -0.9725
vn 0.1638 -0.8659 -0.4726
vn 0.2534 -0.8365 0.4859
vn -0.5749 -0.7965 0.1875
vn -0.5527 -0.0782 0.8297
vn -0.4721 -0.3008 -0.8286
vn -0.7965 -0.0575 0.6018
vn -0.2859 -0.6868 -0.6682
vn 0.1741 -0.9847 -0.0058
vn 0.5236 -0.6501 -0.5507
vn -0.8644 -0.0624 0.4988
vn -0.7325 0.6491 -0.2055
vn 0.3881 0.7820 -0.4877
vn 0.0552 0.7820 -0.6208
vn -0.7009 -0.1210 -0.7029
vn 0.4881 -0.8143 0.3142
vn 0.8607 0.4662 -0.2047
vn -0.3664 0.2539 -0.8951
vn -0.4007 0.0729 -0.9133
vn 0.6280 0.0896 -0.7731
vn -0.5119 -0.3040 -0.8035
vn -0.5053 0.0698 -0.8601
vn 0.4061 0.2101 -0.8894
vn 0.7804 0.1014 -0.6170
vn 0.7153 0.3252 -0.6186
vn -0.5795 0.0976 -0.8091
vn -0.6214 -0.0590 -0.7812
vn -0.6205 -0.7467 -0.2398
vn 0.9759 -0.0094 -0.2179
vn 0.9181 0.3477 0.1905
vn 0.9664 -0.1220 0.2264
vn 0.9847 -0.0288 0.1720
vn 0.7772 -0.2837 0.5616
vn -0.6228 -0.1177 -0.7735
vn 0.8341 -0.4463 -0.3241
vn 0.4979 0.7375 -0.4563
vn 0.4986 0.7356 -0.4586
vn 0.5243 0.7391 -0.4229
vn 0.3006 -0.9053 -0.3000
vn -0.3812 -0.6366 -0.6704
vn -0.9242 0.1611 -0.3462
vn 0.8491 0.1158 -0.5154
vn 0.6846 0.6496 -0.3307
vn -0.7971 0.0494 -0.6019
vn 0.6526 0.1817 -0.7356
vn -0.5670 0.2334 -0.7900
vn -0.6440 0.0021 -0.7650
vn -0.6213 -0.0749 -0.7800
vn -0.7633 -0.0886 -0.6399
vn -0.5718 -0.3124 -0.7586
vn 0.7095 -0.2457 -0.6605
vn 0.8809 -0.1452 -0.4504
vn -0.5394 -0.2784 -0.7947
vn 0.6577 -0.2055 -0.7247
vn 0.9731 -0.0590 -0.2229
vn -0.2613 -0.7604 -0.5946
vn 0.8056 -0.5923 -0.0140
vn -0.1739 -0.9233 -0.3424
vn -0.9019 0.1901 0.3879
vn -0.9932 0.0743 -0.0895
vn -0.9926 0.0276 -0.1182
vn 0.9738 -0.0316 -0.2251
vn 0.8438 0.1124 -0.5247
vn -0.4417 -0.2816 -0.8518
vn 0.2744 -0.7096 0.6490
vn -0.1969 0.2175 0.9560
vn -0.2722 0.2408 0.9316
vn -0.3681 -0.2730 -0.8888
vn 0.7847 0.1727 -0.5953
vn -0.8814 -0.4241 0.2079
vn -0.7728 -0.1556 0.6152
vn 0.7582 0.2105 -0.6171
vn -0.5868 -0.3537 -0.7284
vn 0.6328 0.7478 -0.2010
vn -0.3028 -0.8247 -0.4776
vn -0.9619 -0.1257 -0.2427
vn -0.7700 -0.1572 -0.6184
vn 0.6273 0.7165 -0.3052
vn 0.6464 0.4832 -0.5905
vn -0.4488 0.1141 -0.8863
vn -0.6102 0.0021 -0.7923
vn 0.5880 -0.0779 -0.8051
vn -0.7838 -0.2273 -0.5779
vn 0.9413 -0.1836 -0.2832
vn 0.9277 0.1290 -0.3502
vn -0.8599 0.1556 -0.4862
vn 0.9853 0.0048 -0.1705
vn 0.8038 -0.0912 -0.5878
vn 0.8644 -0.4323 -0.2568
vn -0.4951 -0.8175 0.2942
vn 0.6340 -0.7733 -0.0072
vn 0.9952 0.0712 0.0667
vn 0.8564 0.4334 0.2806
vn -0.9907 -0.0782 -0.1115
vn 0.5298 -0.0498 0.8467
vn -0.4572 0.3093 0.8338
vn 0.2112 -0.5985 0.7728
vn -0.3512 -0.3160 -0.8814
vn 0.3256 -0.6654 0.6717
vn -0.3430 -0.7463 0.5704
vn -0.3201 -0.6188 -0.7174
vn -0.3403 -0.7611 -0.5522
vn 0.9481 -0.2640 -0.1775
vn -0.1124 -0.7730 -0.6244
vn -0.9629 0.2097 0.1697
vn 0.5971 0.7602 -0.2562
vn -0.3665 0.9303 -0.0111
vn -0.1743 -0.9811 -0.0846
vn -0.2529 -0.9477 -0.1950
vn -0.7001 -0.6481 -0.2998
vn -0.2799 0.1716 -0.9446
vn -0.9212 -0.1125 -0.3724
vn -0.5212 0.2628 -0.8120
vn -0.6349 -0.2372 -0.7353
vn -0.9309 -0.2670 -0.2494
vn -0.4766 -0.3860 -0.7899
vn -0.6830 -0.6945 -0.2263
vn 0.9433 0.1187 0.3101
vn 0.7007 -0.2227 0.6778
vn -0.3172 -0.3600 -0.8774
vn -0.5717 -0.1980 -0.7962
vn 0.1705 -0.6766 0.7163
vn -0.5470 -0.6472 -0.5309
vn -0.1471 -0.8404 -0.5216
vn 0.7604 -0.4491 -0.4692
vn 0.7687 0.2553 -0.5864
vn -0.1007 0.9446 -0.3123
vn 0.4921 0.7382 -0.4614
vn 0.0978 -0.9797 -0.1752
vn -0.3806 -0.8329 -0.4018
vn 0.6589 -0.7424 -0.1213
vn 0.8686 -0.2432 -0.4317
vn 0.9521 -0.1037 -0.2877
vn 0.9469 0.1721 0.2717
vn 0.8500 0.4297 -0.3047
vn -0.6474 0.2440 -0.7221
vn -0.8603 0.2175 -0.4611
vn -0.3717 -0.0552 -0.9267
vn -0.9838 -0.0522 -0.1717
vn -0.9456 -0.1876 -0.2658
vn 0.9233 0.2795 0.2634
vn -0.2658 0.3074 0.9137
vn 0.6399 -0.0920 0.7629
vn -0.6359 -0.3516 0.6871
vn -0.8032 -0.0593 -0.5928
vn -0.6289 -0.4716 -0.6180
vn -0.7047 -0.6243 0.3371
vn -0.9494 -0.1764 0.2597
vn 0.7474 0.2815 -0.6018
vn -0.4699 0.8372 -0.2797
vn -0.0527 -0.9767 -0.2080
vn 0.2024 -0.9586 -0.2002
vn -0.4775 -0.6934 -0.5396
vn -0.8334 -0.2395 -0.4980
vn 0.5430 -0.7868 -0.2932
vn 0.7225 -0.0406 -0.6901
vn -0.6065 -0.1886 -0.7724
vn -0.7929 -0.1294 -0.5954
vn 0.6088 -0.2171 -0.7631
vn -0.9798 -0.1901 -0.0618
vn -0.6498 -0.7527 -0.1055
vn 0.2231 -0.8915 -0.3944
vn -0.5114 -0.8185 -0.2618
vn -0.8652 0.3142 0.3908
vn 0.8789 -0.0600 0.4733
vn -0.3558 -0.3755 -0.8558
vn -0.3489 -0.3223 -0.8800
vn 0.3132 0.1338 0.9402
vn 0.6781 -0.3141 0.6645
vn -0.9983 0.0584 0.0017
vn 0.1932 -0.4707 0.8609
vn -0.7916 0.0116 -0.6109
vn 0.7094 0.1385 -0.6911
vn -0.9528 0.2330 0.1946
vn -0.7282 -0.0695 0.6818
vn -0.4969 -0.5469 0.6738
vn 0.9202 -0.3152 -0.2320
vn -0.4080 -0.8155 -0.4105
vn -0.9250 0.0282 0.3790
vn 0.6569 0.4057 -0.6355
vn -0.5149 0.7895 -0.3339
vn -0.2378 0.8634 -0.4450
vn -0.4824 -0.8386 -0.2530
vn 0.8029 -0.4293 -0.4135
vn 0.9147 0.0344 -0.4026
vn 0.8353 -0.3957 -0.3817
vn -0.6216 -0.4244 -0.6584
vn -0.9400 0.3032 -0.1566
vn -0.7752 0.2180 -0.5929
vn 0.8231 0.0296 -0.5671
vn 0.4069 0.4412 -0.7998
vn 0.9596 -0.1128 -0.2577
vn -0.8008 -0.5985 0.0249
vn -0.9863 -0.0675 0.1502
vn 0.6098 -0.3321 -0.7196
vn 0.0077 -0.4848 -0.8746
vn -0.4494 -0.2685 -0.8520
vn 0.2237 0.2181 0.9499
vn -0.1627 -0.2394 0.9572
vn 0.0273 0.2368 0.9712
vn -0.3318 -0.4681 0.8190
vn 0.9296 -0.2942 -0.2221
vn 0.5719 -0.8200 -0.0229
vn -0.9464 0.1708 0.2742
vn 0.6921 0.2643 -0.6716
vn 0.4948 0.7325 -0.4676
vn -0.7307 -0.6714 -0.1238
vn -0.8550 0.2221 -0.4686
vn -0.5891 -0.4281 -0.6854
vn -0.8180 -0.4095 -0.4041
vn -0.7678 0.0804 -0.6356
vn -0.8454 -0.2559 -0.4688
vn 0.9216 -0.0330 -0.3867
vn -0.1098 -0.9925 -0.0536
vn -0.3646 -0.8116 -0.4564
vn 0.6085 -0.7266 -0.3190
vn 0.9018 0.1303 -0.4120
vn 0.8310 -0.1524 -0.5349
vn -0.7104 -0.0911 -0.6979
vn 0.4465 -0.8444 -0.2961
vn 0.5606 0.7574 -0.3349
vn -0.7717 -0.4626 -0.4364
vn -0.9562 -0.2928 0.0067
vn 0.9982 0.0356 -0.0490
vn -0.9868 -0.0494 -0.1542
vn 0.8980 0.0496 -0.4371
vn 0.9732 -0.0833 -0.2143
vn 0.9558 -0.2075 -0.2083
vn 0.5810 -0.3324 -0.7429
vn 0.4560 -0.2830 -0.8438
vn 0.8297 -0.2389 -0.5045
vn -0.9910 -0.1281 0.0387
vn -0.8817 0.2802 -0.3795
vn 0.9762 -0.2064 -0.0666
vn 0.2801 -0.8560 0.4345
vn -0.9087 -0.4163 0.0302
vn 0.7746 0.4827 0.4086
vn -0.5259 0.3702 0.7658
vn -0.2636 0.2523 0.9311
vn -0.3271 -0.5135 -0.7933
vn 0.1511 0.2112 0.9657
vn 0.8098 0.0654 -0.5831
vn -0.5881 -0.5317 0.6094
vn -0.2303 -0.7155 0.6596
vn -0.5171 -0.7318 -0.4440
vn -0.1384 -0.8496 -0.5090
vn 0.7536 -0.5048 -0.4209
vn 0.5725 0.3819 -0.7255
vn 0.6687 0.5961 -0.4444
vn -0.6874 0.7098 0.1537
vn 0.6203 0.7469 -0.2396
vn 0.4030 0.7772 -0.4832
vn -0.9933 -0.0217 0.1134
vn -0.9761 -0.0447 -0.2127
vn -0.1794 -0.7389 -0.6495
vn 0.9605 0.1093 -0.2560
vn -0.3236 -0.2889 -0.9010
vn -0.5234 -0.3504 0.7767
vn 0.9755 -0.1269 -0.1796
vn -0.8301 -0.2893 0.4767
vn 0.1993 -0.7151 0.6700
vn -0.8215 -0.0449 0.5684
vn 0.6440 0.3664 -0.6716
vn 0.5073 0.8486 -0.1502
vn -0.5748 0.7247 -0.3801
vn -0.0497 0.8785 -0.4752
vn 0.0867 0.8298 -0.5513
vn 0.2465 -0.9624 -0.1146
vn -0.9939 -0.0031 -0.1103
vn 0.8687 -0.0037 -0.4953
vn 0.8494 -0.0819 -0.5213
vn -0.8588 -0.2235 -0.4610
vn -0.8384 -0.4297 -0.3353
vn 0.9712 -0.1538 -0.1821
vn 0.9729 -0.0910 0.2124
vn -0.9762 0.2016 -0.0800
vn -0.7351 -0.1741 -0.6553
vn 0.3260 -0.9432 0.0634
vn 0.1693 -0.9742 0.1495
vn 0.3537 -0.9348 0.0340
vn -0.9962 0.0104 -0.0860
vn -0.2794 -0.6846 -0.6732
vn -0.7267 -0.4689 -0.5020
vn 0.9900 -0.1233 0.0690
vn 0.3303 -0.4631 -0.8225
vn -0.9967 -0.0197 -0.0792
vn -0.7993 -0.3796 -0.4658
vn -0.7312 -0.3484 -0.5866
vn -0.4131 -0.8180 -0.4003
vn -0.5780 -0.5361 0.6152
vn 0.4512 -0.8486 -0.2760
vn -0.2223 0.8422 -0.4912
vn -0.0833 -0.9600 -0.2674
vn -0.4792 -0.8684 -0.1270
vn 0.7031 -0.6929 -0.1596
vn -0.9455 0.1598 -0.2838
vn -0.9098 -0.4130 -0.0422
vn 0.8441 -0.0509 -0.5338
vn 0.3030 -0.3244 -0.8961
vn -0.8781 0.1190 -0.4634
vn 0.8902 -0.3745 0.2593
vn 0.9799 -0.1459 0.1359
vn 0.9455 -0.0032 -0.3256
vn 0.1819 -0.7731 0.6077
vn 0.3287 -0.9433 0.0464
vn -0.6217 -0.6848 0.3800
vn 0.6863 -0.6549 -0.3163
vn -0.7005 -0.5579 0.4450
vn -0.4803 -0.8293 -0.2858
vn -0.9809 0.1639 -0.1049
vn 0.9866 -0.1363 0.0892
vn -0.8370 0.1931 0.5120
vn 0.8305 0.2801 0.4815
vn -0.6980 0.2714 0.6626
vn 0.6308 -0.1777 0.7553
vn -0.2008 0.1221 0.9720
vn -0.3632 -0.3901 -0.8461
vn -0.0388 0.1949 0.9800
vn 0.7442 0.0982 -0.6607
vn 0.8664 0.2653 -0.4230
vn -0.0060 -0.5719 0.8203
vn 0.7198 -0.4104 -0.5599
vn 0.0293 -0.8437 -0.5359
vn 0.9192 0.3411 -0.1965
vn 0.9156 0.2839 -0.2848
vn 0.7947 0.4595 -0.3967
vn 0.5646 0.7471 -0.3508
vn 0.9726 -0.2321 0.0104
vn 0.9095 -0.2973 -0.2905
vn -0.9435 -0.3003 0.1399
vn 0.9422 0.1303 0.3086
vn 0.9506 0.1145 -0.2887
vn -0.9624 -0.2023 -0.1810
vn -0.5133 -0.2974 -0.8050
vn 0.0123 -0.9962 0.0859
vn 0.9614 0.1638 0.2209
vn 0.9090 0.3085 0.2802
vn 0.4256 -0.2300 0.8752
vn -0.0355 -0.6252 -0.7797
vn 0.7674 -0.3265 -0.5518
vn 0.2800 -0.0814 0.9565
vn -0.6865 -0.2892 -0.6672
vn -0.3370 -0.4119 0.8466
vn 0.4970 -0.6406 0.5853
vn -0.3694 -0.6624 0.6517
vn 0.1369 -0.7391 0.6596
vn -0.9316 -0.1986 0.3044
vn -0.8947 -0.2702 0.3556
vn 0.8728 0.3790 -0.3075
vn -0.3301 0.9437 -0.0224
vn 0.6318 0.7734 -0.0511
vn 0.6455 0.7476 -0.1564
vn -0.7846 0.5431 -0.2990
vn -0.3890 0.7129 -0.5835
vn 0.1486 0.8804 -0.4504
vn 0.0404 -0.9967 -0.0703
vn -0.5251 -0.8021 -0.2844
vn 0.9870 -0.1608 0.0058
vn -0.9937 -0.0478 0.1010
vn -0.9956 -0.0389 -0.0849
vn -0.9740 0.1669 -0.1533
vn -0.7957 -0.1741 -0.5801
vn 0.9598 -0.2009 -0.1958
vn 0.1591 -0.9734 0.1652
vn -0.3236 -0.5234 -0.7882
vn 0.3617 -0.9213 -0.1429
vn 0.9035 -0.4287 0.0050
vn -0.2025 -0.8989 -0.3885
vn -0.7003 -0.3809 0.6037
vn -0.9197 0.1086 0.3773
vn 0.7828 0.2998 0.5453
vn 0.5768 0.3706 0.7280
vn 0.8145 -0.0720 0.5756
vn 0.0715 0.5813 0.8105
vn -0.0914 0.1162 0.9890
vn 0.2590 -0.0400 0.9651
vn -0.0449 -0.3209 0.9460
vn 0.9819 0.0395 -0.1850
vn -0.8140 0.0593 -0.5778
vn 0.1998 -0.6130 0.7644
vn 0.4264 -0.7096 -0.5608
vn 0.2394 0.8366 -0.4928
vn -0.9181 -0.0343 -0.3948
vn 0.9957 -0.0182 0.0910
vn 0.9790 -0.0677 -0.1923
vn 0.9199 -0.0968 0.3800
vn -0.9882 0.0576 0.1418
vn -0.3597 -0.6580 0.6615
vn -0.3499 -0.3879 0.8527
vn 0.6648 -0.7402 -0.1010
vn 0.9124 -0.3405 0.2271
vn 0.9124 -0.0895 0.3995
vn -0.8120 0.2925 0.5051
vn 0.8192 0.4736 0.3234
vn 0.2173 0.0712 0.9735
vn 0.0271 0.1936 0.9807
vn 0.4203 -0.5323 -0.7349
vn 0.8146 -0.4726 -0.3361
vn -0.2877 -0.7061 0.6470
vn -0.7066 -0.0824 0.7028
vn -0.8537 -0.0813 0.5143
vn 0.8620 0.4463 -0.2405
vn 0.5985 0.7800 -0.1826
vn -0.5966 0.7704 0.2248
vn -0.5371 0.8426 -0.0397
vn -0.8093 0.5722 -0.1325
vn -0.6999 0.6810 -0.2153
vn -0.5039 -0.8585 -0.0946
vn 0.9525 -0.2023 -0.2277
vn -0.9968 0.0602 -0.0525
vn 0.9672 -0.1844 0.1746
vn 0.5289 -0.7767 -0.3420
vn -0.5469 -0.0911 0.8323
vn 0.7610 0.2182 0.6110
vn -0.8644 0.3730 0.3371
vn -0.6885 0.1728 0.7043
vn 0.9212 0.0815 -0.3804
vn 0.9955 0.0789 -0.0517
vn 0.8787 0.4044 -0.2536
vn -0.3644 -0.8379 -0.4064
vn 0.1770 -0.8416 -0.5102
vn -0.6866 0.6114 -0.3934
vn 0.3664 0.8288 -0.4228
vn 0.4352 0.8066 -0.3999
vn -0.8442 0.0528 0.5334
vn -0.9870 0.0078 -0.1603
vn -0.9476 -0.2771 -0.1589
vn -0.8174 -0.1653 -0.5518
vn -0.0550 -0.7287 0.6827
vn 0.4839 -0.8734 0.0551
vn 0.9754 0.0407 -0.2167
vn -0.6514 -0.7168 -0.2488
vn -0.3552 -0.4521 0.8181
vn -0.7751 0.0577 0.6292
vn -0.4014 0.5711 0.7161
vn 0.0340 -0.7154 -0.6979
vn -0.9950 -0.0274 -0.0960
vn -0.6135 -0.4658 -0.6377
vn -0.8900 -0.0826 -0.4484
vn 0.8402 -0.1760 -0.5129
vn -0.9957 0.0519 -0.0767
vn 0.0332 -0.5480 0.8358
vn 0.7348 -0.5651 -0.3752
vn 0.2202 -0.8011 0.5565
vn -0.6143 -0.6914 0.3801
vn -0.9781 -0.1587 0.1347
vn -0.7964 -0.0858 0.5987
vn 0.7948 0.5677 -0.2147
vn 0.4783 -0.8731 -0.0949
vn 0.6238 -0.7625 -0.1717
vn 0.7012 -0.6835 -0.2029
vn 0.9164 -0.3820 0.1195
vn -0.9414 -0.3352 0.0385
vn -0.9873 -0.0117 -0.1586
vn 0.9551 0.0360 0.2942
vn 0.9613 -0.2733 -0.0354
vn -0.9750 -0.1791 -0.1317
vn 0.9664 -0.1714 -0.1915
vn 0.8598 -0.4067 -0.3088
vn 0.1438 -0.3999 0.9052
vn -0.2346 -0.4927 0.8380
vn -0.3937 -0.3869 0.8338
vn 0.6259 -0.7115 -0.3193
vn 0.2233 -0.8486 -0.4796
vn -0.0659 -0.8957 -0.4397
vn 0.8308 0.0919 0.5490
vn 0.7109 0.3211 0.6257
vn 0.9875 -0.0534 0.1481
vn 0.9273 0.1639 0.3365
vn -0.8013 0.2621 0.5377
vn -0.1887 -0.5181 -0.8342
vn -0.5609 -0.3127 0.7665
vn 0.9188 0.3598 -0.1621
vn 0.6546 0.7490 -0.1022
vn -0.3297 -0.9363 -0.1209
vn -0.2625 -0.9615 0.0808
vn 0.9909 -0.0572 -0.1217
vn -0.7902 -0.1756 -0.5871
vn 0.6692 -0.7071 0.2285
vn -0.5144 -0.6739 -0.5304
vn 0.8934 -0.2781 -0.3528
vn 0.9734 0.2152 -0.0788
vn 0.6581 0.3768 0.6518
vn 0.6944 0.2955 0.6561
vn 0.2993 0.7035 0.6446
vn 0.6376 0.4961 0.5893
vn 0.9920 -0.0077 -0.1263
vn 0.7938 -0.5347 -0.2897
vn 0.2424 -0.8439 -0.4786
vn 0.3181 -0.6323 0.7063
vn -0.9236 0.2865 0.2549
vn 0.7263 0.6865 0.0356
vn 0.5675 0.8219 -0.0487
vn 0.4653 0.8769 -0.1202
vn -0.4936 0.7750 -0.3946
vn -0.9604 -0.1356 0.2435
vn 0.9896 0.0244 -0.1415
vn 0.9842 -0.1446 0.1018
vn -0.9875 -0.1359 -0.0801
vn -0.9062 -0.3498 -0.2373
vn 0.8869 -0.3546 -0.2960
vn 0.7688 0.5245 -0.3659
vn 0.8111 0.5726 -0.1189
vn 0.7960 0.5900 0.1354
vn 0.8784 0.4731 0.0674
vn 0.9558 0.1594 0.2470
vn 0.9667 -0.2170 -0.1354
vn -0.8646 0.0467 0.5002
vn 0.6562 -0.5005 -0.5647
vn -0.6170 -0.5492 -0.5637
vn -0.8567 -0.2756 -0.4359
vn -0.9363 0.0328 -0.3497
vn 0.0118 -0.7374 0.6754
vn -0.6399 -0.6867 0.3448
vn 0.9717 0.2321 0.0445
vn -0.8753 0.0176 0.4833
vn 0.8703 0.4717 0.1414
vn 0.9028 0.4267 0.0532
vn 0.6290 0.7671 0.1262
vn 0.5802 0.7472 -0.3241
vn -0.2805 0.8796 -0.3842
vn -0.1549 0.9521 -0.2637
vn -0.0869 0.9509 -0.2971
vn 0.0153 0.9322 -0.3616
vn 0.0728 -0.9961 -0.0502
vn 0.9865 -0.1129 0.1184
vn -0.9928 0.0078 -0.1192
vn 0.9336 -0.1169 0.3388
vn -0.9826 -0.1838 0.0275
vn -0.9781 -0.1803 -0.1042
vn 0.9458 -0.3002 -0.1236
vn 0.7672 -0.6186 -0.1692
vn 0.7296 0.1364 -0.6701
vn 0.7482 0.5436 -0.3803
vn -0.5333 -0.1328 0.8355
vn 0.9088 0.2642 -0.3229
vn -0.5980 -0.0808 0.7974
vn -0.4589 -0.0323 0.8879
vn 0.9579 -0.2711 -0.0948
vn 0.4859 -0.8131 -0.3205
vn -0.1883 -0.4191 0.8882
vn -0.7596 0.6110 0.2230
vn 0.5281 0.8489 -0.0218
vn -0.7615 0.6270 0.1641
vn 0.7169 0.6954 0.0491
vn -0.5248 -0.8219 -0.2216
vn 0.3975 -0.9156 -0.0608
vn 0.8690 0.0019 0.4948
vn -0.9620 -0.1356 0.2371
vn -0.9971 0.0215 -0.0736
vn -0.9945 0.0977 -0.0387
vn -0.8816 -0.3110 -0.3551
vn 0.1418 -0.8373 0.5280
vn 0.9188 0.2556 -0.3009
vn -0.5835 -0.1841 0.7910
vn -0.5456 0.1552 0.8235
vn -0.8046 -0.1715 0.5686
vn -0.8033 -0.2324 0.5483
vn 0.7341 0.4475 0.5107
vn 0.9893 0.0883 -0.1159
vn 0.9037 0.0758 -0.4213
vn -0.0839 -0.8830 -0.4618
vn 0.8876 0.4516 0.0910
vn 0.2800 -0.8024 0.5270
vn -0.7224 -0.4937 0.4842
vn 0.7258 0.6877 0.0169
vn 0.6380 0.7594 -0.1276
vn -0.4170 0.8768 -0.2393
vn -0.8131 -0.4183 -0.4048
vn -0.9275 0.0259 -0.3730
vn -0.9491 0.1865 -0.2540
vn -0.9927 0.1083 -0.0532
vn 0.9873 -0.0420 -0.1530
vn 0.9685 -0.2385 0.0720
vn -0.9419 -0.1600 -0.2953
vn 0.9802 -0.1960 -0.0266
vn -0.9539 -0.2415 -0.1784
vn -0.6354 -0.4429 -0.6325
vn -0.7010 -0.4436 -0.5584
vn -0.4032 -0.8842 0.2359
vn -0.3149 -0.6753 0.6670
vn -0.8144 -0.1316 0.5651
vn 0.9263 0.3690 -0.0759
vn 0.0103 -0.7235 0.6902
vn -0.6766 -0.6450 0.3553
vn -0.9309 -0.3598 0.0626
vn -0.6829 -0.2588 0.6831
vn 0.4838 0.8666 -0.1221
vn 0.6128 0.7795 -0.1296
vn -0.9649 -0.2623 0.0121
vn -0.8916 -0.2826 -0.3538
vn 0.1972 -0.9696 0.1447
vn -0.1999 -0.6009 0.7739
vn -0.5544 -0.7033 0.4450
vn -0.7445 0.1097 0.6586
vn -0.8879 -0.2357 0.3951
vn -0.6947 0.3903 0.6042
vn -0.2355 0.6423 0.7294
vn -0.0229 -0.7303 -0.6827
vn -0.2899 -0.7359 -0.6119
vn -0.9782 -0.0420 0.2032
vn 0.9507 0.1716 -0.2583
vn 0.9805 -0.1874 -0.0588
vn 0.0295 -0.9748 -0.2211
vn 0.8975 0.4033 0.1782
vn -0.9927 -0.0191 -0.1192
vn -0.2192 -0.8698 0.4421
vn -0.5847 -0.7009 0.4085
vn -0.3335 -0.4966 0.8013
vn 0.9234 0.3423 0.1738
vn 0.9239 0.3664 0.1105
vn 0.4959 0.8684 0.0028
vn 0.6179 0.7852 0.0415
vn 0.6548 0.7475 -0.1121
vn -0.3888 0.9033 -0.1814
vn 0.0871 0.8956 -0.4363
vn -0.4081 0.5967 0.6909
vn 0.7479 -0.2312 0.6222
vn 0.9512 -0.1764 0.2530
vn 0.4968 -0.6711 -0.5504
vn -0.2099 -0.7583 -0.6172
vn 0.9577 0.1613 -0.2383
vn -0.8313 -0.4152 0.3696
vn 0.6254 0.4856 0.6109
vn 0.5017 0.5467 0.6704
vn -0.9855 0.0134 0.1689
vn -0.3566 -0.7162 -0.5999
vn -0.6320 -0.5994 -0.4912
vn -0.6621 -0.7003 0.2668
vn -0.8293 -0.0858 0.5522
vn -0.1647 0.9484 -0.2708
vn -0.8285 -0.1284 0.5450
vn 0.9937 -0.1098 -0.0206
vn -0.9982 -0.0034 0.0597
vn -0.0881 -0.7680 -0.6343
vn -0.5924 -0.7702 -0.2362
vn -0.5923 -0.7583 0.2722
vn -0.5507 -0.7736 0.3135
vn -0.3899 -0.8049 0.4473
vn -0.8000 -0.4551 0.3910
vn 0.9494 0.2128 -0.2310
vn -0.6040 -0.7942 0.0672
vn -0.9619 -0.2057 -0.1800
vn -0.8808 -0.4727 0.0264
vn -0.3616 -0.6840 0.6335
vn -0.8685 0.4823 -0.1144
vn -0.5908 0.8000 -0.1049
vn 0.3150 0.8952 -0.3152
vn 0.9976 0.0193 -0.0661
vn -0.9565 0.1593 -0.2442
vn 0.8913 0.0659 0.4486
vn -0.9923 -0.0062 0.1233
vn 0.9959 -0.0896 0.0073
vn -0.9044 -0.4161 0.0945
vn 0.9097 -0.3963 0.1242
vn 0.9716 -0.2271 -0.0663
vn -0.5672 -0.8066 -0.1666
vn 0.8610 -0.5014 -0.0850
vn -0.3986 -0.8083 0.4334
vn -0.5891 -0.7406 0.3234
vn -0.1211 -0.6553 0.7456
vn -0.6465 -0.1448 0.7491
vn 0.9337 -0.2742 0.2302
vn 0.0323 0.6836 0.7292
vn -0.3434 -0.6170 -0.7080
vn 0.9998 -0.0041 0.0196
vn -0.9408 -0.3390 -0.0086
vn 0.9748 -0.1609 -0.1545
vn -1.0000 -0.0043 0.0058
vn -0.4512 -0.5089 0.7331
vn -0.4034 -0.5631 0.7212
vn 0.6138 0.7805 0.1188
vn -0.0655 0.9315 -0.3577
vn 0.9128 -0.3846 -0.1371
vn -0.9565 -0.0305 0.2902
vn 0.7453 -0.2246 0.6278
vn -0.8090 -0.3137 0.4972
vn 0.8085 -0.0701 0.5842
vn 0.9941 0.0731 0.0798
vn 0.8593 -0.3968 0.3226
vn -0.6740 -0.7076 -0.2123
vn 0.7034 -0.3218 -0.6338
vn -0.3300 -0.5506 -0.7668
vn 0.5034 -0.3754 -0.7783
vn -0.5185 -0.8531 -0.0588
vn -0.6839 0.2273 0.6933
vn 0.9889 0.1123 -0.0971
vn 0.9506 0.0726 -0.3017
vn 0.2700 0.5742 0.7729
vn 0.6437 -0.5401 -0.5422
vn 0.9930 -0.1045 -0.0543
vn 0.8914 -0.4529 -0.0191
vn -0.8050 -0.5371 0.2520
vn -0.4101 -0.6678 0.6212
vn -0.4459 -0.4682 0.7629
vn 0.8413 0.5356 0.0733
vn 0.5643 0.8137 0.1396
vn 0.6963 0.7174 0.0220
vn 0.4541 0.8679 -0.2015
vn 0.5489 0.8166 -0.1788
vn 0.1553 -0.1640 -0.9742
vn 0.4739 0.4064 -0.7812
vn 0.5175 -0.2502 -0.8183
vn -0.2269 0.1003 -0.9687
vn -0.2487 0.6804 -0.6894
vn 0.4325 0.8787 -0.2020
vn -0.9692 0.2354 -0.0724
vn 0.9951 0.0798 -0.0590
vn 0.9994 0.0262 0.0212
vn 0.7982 -0.0486 0.6005
vn -0.9815 -0.1151 0.1530
vn -0.4082 -0.4120 -0.8147
vn 0.2441 -0.9391 -0.2420
vn -0.1975 -0.9568 -0.2136
vn -0.6019 -0.7838 -0.1527
vn 0.9701 -0.2423 0.0107
vn -0.1120 0.5547 0.8245
vn 0.9919 0.0798 0.0989
vn -0.9540 0.1081 0.2797
vn -0.9804 0.0591 0.1879
vn -0.7323 -0.5953 0.3306
vn -0.7548 -0.4058 0.5153
vn -0.1570 -0.6057 0.7801
vn -0.7419 0.0570 0.6681
vn 0.2965 0.9550 0.0084
vn -0.1876 -0.3582 -0.9146
vn -0.6503 0.0591 -0.7574
vn -0.4650 0.8445 -0.2658
vn 0.7171 -0.2014 -0.6673
vn 0.0090 -0.9997 0.0228
vn -0.8705 0.2921 -0.3962
vn -0.9278 0.1810 0.3263
vn -0.8304 -0.2999 0.4696
vn -0.9692 -0.0987 0.2254
vn 0.9587 -0.0498 0.2799
vn 0.9161 -0.0028 0.4008
vn -0.9547 -0.1834 -0.2343
vn -0.9682 -0.1258 -0.2163
vn 0.2907 -0.9015 -0.3207
vn -0.1314 -0.6126 -0.7794
vn -0.7189 -0.6946 -0.0278
vn -0.7753 -0.6214 0.1128
vn -1.0000 -0.0070 0.0014
vn 0.8144 -0.3009 -0.4963
vn -0.9769 -0.0360 0.2106
vn -0.9004 -0.4134 0.1354
vn -0.5709 -0.8195 0.0511
vn 0.9032 0.3834 0.1930
vn -0.7766 0.4121 0.4765
vn -0.6368 0.5114 0.5771
vn -0.2988 0.7227 -0.6232
vn 0.3506 -0.3909 -0.8510
vn -0.5576 0.8275 -0.0655
vn 0.6680 -0.6933 -0.2705
vn 0.9912 -0.0086 0.1319
vn -0.8917 0.0607 0.4486
vn 0.9717 -0.1140 0.2071
vn 0.8751 -0.2453 0.4171
vn -0.9212 -0.3371 0.1944
vn -0.3050 -0.9519 0.0310
vn 0.9929 0.0629 -0.1006
vn 0.7247 0.6413 0.2520
vn 0.9782 0.0009 0.2075
vn 0.7277 0.0906 0.6799
vn 0.4988 0.3047 0.8114
vn -0.1745 0.5220 0.8349
vn -0.8798 -0.4257 -0.2112
vn -0.9723 -0.2155 -0.0908
vn -0.9113 -0.3893 0.1338
vn 0.6942 0.7158 0.0753
vn 0.6567 0.7524 -0.0511
vn -0.7184 0.3109 -0.6222
vn -0.5282 0.8371 0.1424
vn 0.8525 0.3973 -0.3398
vn -0.0489 0.8944 0.4446
vn -0.0019 -0.9998 -0.0222
vn 0.2990 -0.8167 -0.4936
vn 0.9633 0.2487 -0.1006
vn 0.8854 -0.1104 0.4515
vn -0.9521 -0.2615 0.1586
vn 0.3231 -0.9411 0.0998
vn -0.9834 0.0913 0.1570
vn 0.9014 0.4248 -0.0833
vn 0.6709 -0.0888 0.7362
vn -0.9664 0.2037 0.1571
vn -0.4833 -0.6714 -0.5618
vn 0.9775 -0.0124 0.2104
vn 0.8560 -0.2158 -0.4698
vn 0.8723 0.4784 0.1014
vn 0.9429 -0.0623 0.3272
vn 0.8465 -0.3917 0.3604
vn -0.5154 -0.8568 -0.0140
vn -0.9787 0.1047 0.1767
vn 0.4853 -0.8681 0.1047
vn -0.9768 0.1045 0.1869
vn -0.8454 0.0594 0.5308
vn 0.6413 0.7597 0.1080
vn 0.5829 0.8028 0.1254
vn -0.8185 0.5569 0.1415
vn 0.6421 0.7613 0.0902
vn -0.7977 0.5778 -0.1728
vn 0.5525 0.8335 0.0087
vn -0.3103 0.0676 -0.9482
vn 0.1941 0.9130 0.3589
vn 0.8614 0.4446 0.2457
vn -0.9585 -0.0796 0.2737
vn -0.9955 -0.0723 0.0607
vn 0.9863 0.1620 -0.0310
vn -0.5012 -0.0073 0.8653
vn 0.6228 0.2797 0.7307
vn -0.6382 -0.0023 0.7698
vn -0.5720 -0.7811 0.2504
vn -0.8707 -0.4275 0.2431
vn -0.7411 -0.5146 0.4312
vn -0.3442 -0.6427 0.6845
vn 0.9152 0.3877 0.1095
vn -0.6544 0.4900 0.5759
vn -0.7552 0.6479 -0.0997
vn -0.5475 0.8263 -0.1321
vn -0.1587 0.5895 -0.7921
vn 0.1497 0.8227 -0.5484
vn 0.0743 0.9203 -0.3842
vn -0.8313 0.1807 -0.5256
vn 0.8580 0.3512 0.3748
vn -0.9122 0.3743 0.1666
vn -0.7390 0.1005 0.6662
vn -0.9373 -0.1151 0.3291
vn 0.6665 -0.0788 0.7413
vn -0.9729 -0.0472 0.2265
vn -0.9540 -0.2770 0.1149
vn -0.9424 -0.1269 -0.3095
vn 0.8676 -0.2970 0.3990
vn -0.9415 -0.2656 0.2076
vn 0.9474 -0.2570 0.1909
vn 0.7717 -0.6224 0.1307
vn 0.9837 0.1556 0.0901
vn 0.9307 0.0869 0.3553
vn 0.9255 0.1661 0.3403
vn -0.3908 -0.5728 -0.7205
vn 0.9868 -0.1549 -0.0475
vn 0.8737 0.4717 0.1189
vn -0.9491 -0.3142 0.0216
vn 0.9455 0.2917 0.1446
vn -0.7001 0.0318 0.7134
vn -0.6503 0.3487 0.6749
vn -0.7837 0.2254 0.5787
vn 0.6264 0.7795 0.0034
vn 0.3837 0.0745 -0.9204
vn -0.0057 0.9721 -0.2346
vn 0.6632 -0.0847 -0.7437
vn 0.8089 -0.1719 -0.5623
vn -0.8832 0.2786 -0.3772
vn 0.8420 0.5021 -0.1970
vn 0.0222 -0.9995 -0.0209
vn 0.7775 0.3788 0.5020
vn 0.9018 -0.0692 0.4265
vn -0.0573 -0.3248 -0.9440
vn -0.5510 0.0866 -0.8300
vn 0.4434 -0.0126 -0.8963
vn -0.7637 -0.6369 0.1052
vn -0.4960 -0.8283 0.2606
vn -0.3165 0.2687 0.9097
vn -0.1556 0.3177 0.9353
vn -0.9719 -0.2256 0.0679
vn 0.8659 -0.1663 0.4718
vn 0.0149 -0.9646 0.2635
vn 0.8462 0.5110 0.1510
vn -0.9759 -0.0734 0.2057
vn -0.9598 -0.2766 0.0476
vn -0.9259 -0.3297 0.1843
vn 0.7210 0.6799 0.1340
vn 0.7204 0.6882 0.0855
vn -0.8817 0.4711 -0.0255
vn 0.4824 0.8754 -0.0313
vn -0.3873 0.5699 -0.7247
vn 0.3770 0.6719 -0.6375
vn -0.3178 -0.3156 -0.8941
vn -0.5603 0.7966 0.2269
vn -0.0486 0.9041 0.4245
vn 0.9678 0.1067 -0.2282
vn 0.7739 0.3566 0.5234
vn 0.6966 0.6677 0.2626
vn 0.7176 0.0514 0.6945
vn -0.6573 0.2591 0.7077
vn 0.2952 0.2692 -0.9167
vn 0.0202 -0.9996 0.0199
vn 0.8314 -0.3525 0.4296
vn 0.9783 -0.0306 0.2051
vn -0.7677 0.1608 0.6203
vn 0.8684 0.3989 0.2945
vn 0.8850 0.1930 0.4236
vn 0.9266 0.3747 0.0330
vn 0.9041 0.4040 0.1391
vn -0.2910 0.8606 -0.4180
vn 0.6543 0.1668 -0.7376
vn 0.6678 0.0860 -0.7393
vn 0.7304 0.6829 -0.0127
vn 0.5882 0.7082 0.3905
vn 0.6378 0.1666 0.7520
vn -0.8464 -0.1017 0.5228
vn 0.6215 0.0001 0.7834
vn -0.5615 -0.1619 0.8115
vn 0.5425 -0.1924 0.8177
vn -0.4865 -0.3382 0.8056
vn -0.2604 -0.8815 0.3939
vn -0.7619 -0.0743 0.6434
vn 0.7712 -0.0884 0.6304
vn 0.9754 -0.1123 0.1896
vn -0.5620 -0.2996 -0.7710
vn 0.1219 -0.4197 -0.8995
vn -0.8959 -0.2122 -0.3902
vn 0.2228 0.3344 -0.9157
vn -0.7129 0.3999 -0.5760
vn -0.1842 0.3665 -0.9120
vn 0.9476 -0.1490 0.2825
vn -0.2850 -0.8126 0.5084
vn 0.9691 0.1242 0.2133
vn -0.9801 -0.0442 0.1935
vn -0.8534 -0.4106 -0.3210
vn -0.4132 -0.7274 0.5479
vn -0.6274 -0.7026 0.3358
vn -0.4725 -0.6617 0.5821
vn 0.5192 -0.5755 0.6318
vn -0.8796 -0.0228 0.4752
vn -0.9342 -0.2929 0.2038
vn -0.9168 -0.3741 0.1396
vn -0.6858 -0.5649 0.4589
vn 0.5619 0.8095 0.1701
vn 0.7115 0.6744 0.1972
vn -0.4952 0.3789 -0.7818
vn -0.5054 0.8086 0.3011
vn -0.5072 -0.8421 -0.1833
vn -0.8378 0.2925 -0.4610
vn -0.8638 0.3956 0.3121
vn 0.9741 0.1127 -0.1961
vn -0.7076 0.3503 0.6137
vn -0.7767 0.1359 0.6150
vn -0.9664 -0.1396 0.2158
vn -0.1885 -0.6885 -0.7003
vn 0.9713 -0.2372 -0.0169
vn 0.6208 -0.4827 -0.6178
vn -0.6099 0.3947 -0.6872
vn 0.9136 -0.0889 0.3967
vn -0.4031 -0.9142 0.0417
vn 0.5011 -0.8651 0.0212
vn 0.4481 -0.8406 0.3043
vn -0.6120 -0.2387 0.7539
vn -0.3372 -0.6600 -0.6713
vn 0.1790 -0.5876 -0.7891
vn -0.7909 0.1050 0.6029
vn -0.6597 -0.5704 0.4893
vn -0.1479 -0.7573 0.6361
vn -0.9426 -0.3163 0.1073
vn -0.7163 -0.0245 0.6973
vn 0.5785 0.8045 0.1349
vn -0.9311 0.2873 0.2248
vn -0.8628 0.5056 -0.0024
vn -0.1868 0.9260 -0.3280
vn -0.2982 0.6027 -0.7402
vn 0.1343 0.9206 -0.3666
vn -0.9172 -0.1437 -0.3717
vn -0.9502 -0.2622 -0.1684
vn 0.8740 0.4628 -0.1479
vn -0.8454 0.4654 -0.2622
vn -0.2898 0.6144 -0.7338
vn 0.9608 -0.0944 -0.2605
vn 0.7091 -0.0421 0.7038
vn -0.4703 -0.4729 0.7451
vn 0.7504 -0.3097 0.5839
vn -0.6647 -0.4170 -0.6199
vn -0.9495 -0.0926 -0.2997
vn -0.9421 0.2100 -0.2615
vn 0.7673 -0.0710 -0.6373
vn -0.8476 0.3143 -0.4275
vn -0.2413 -0.3376 0.9098
vn 0.9794 -0.1623 0.1202
vn 0.6130 0.5708 0.5463
vn 0.9659 0.1977 0.1672
vn 0.8399 0.2269 0.4930
vn 0.5508 -0.6445 -0.5304
vn 0.7123 -0.4768 -0.5151
vn -0.7015 -0.5468 -0.4570
vn 0.9930 0.1138 -0.0312
vn -0.8068 0.1246 0.5776
vn -0.7638 0.1456 0.6289
vn 0.8369 0.5302 0.1361
vn 0.5404 -0.5061 0.6722
vn -0.6296 -0.6557 0.4167
vn -0.9146 -0.3786 0.1417
vn -0.7130 -0.5242 0.4657
vn 0.6207 0.7674 0.1608
vn -0.9240 0.1915 0.3310
vn 0.6350 0.7561 0.1584
vn 0.4679 0.8836 0.0148
vn 0.2597 0.7703 -0.5824
vn -0.8137 0.3593 -0.4570
vn -0.8613 0.3288 -0.3872
vn 0.5098 0.7160 0.4768
vn -0.6364 0.2138 0.7411
vn -0.6959 0.2060 0.6879
vn -0.6216 -0.0411 0.7823
vn -0.5794 -0.1069 0.8080
vn -0.7417 -0.4137 0.5279
vn 0.6037 -0.2534 0.7558
vn 0.7111 -0.1867 0.6779
vn -0.7912 -0.1372 0.5960
vn -0.9861 -0.0760 0.1477
vn -0.1766 -0.8611 -0.4768
vn 0.3875 -0.8163 -0.4285
vn -0.9214 -0.1043 -0.3745
vn 0.8689 0.0523 -0.4923
vn -0.0065 0.2899 -0.9570
vn 0.7631 -0.6441 0.0535
vn 0.1821 -0.9777 -0.1042
vn -0.2355 -0.0649 -0.9697
vn 0.3197 -0.0000 -0.9475
vn 0.3479 -0.0253 -0.9372
vn 0.6048 0.3791 0.7004
vn 0.0552 0.3900 0.9192
vn -0.1694 -0.0760 -0.9826
vn 0.3322 0.0684 -0.9407
vn -0.5631 -0.5712 -0.5972
vn -0.8567 -0.0450 0.5138
vn 0.9601 -0.0806 0.2678
vn 0.9130 -0.0327 0.4067
vn -0.7986 -0.0345 0.6009
vn -0.5558 -0.6589 0.5069
vn 0.4681 0.7506 -0.4664
vn -0.8631 0.4982 -0.0830
vn -0.0354 0.9304 0.3648
vn 0.2346 -0.9712 -0.0418
vn 0.9004 -0.2423 -0.3614
vn 0.6221 0.6123 0.4880
vn -0.4994 0.6806 0.5361
vn 0.5551 0.7131 0.4282
vn -0.6356 -0.0172 0.7718
vn 0.6484 -0.1082 0.7535
vn -0.6833 -0.1582 0.7128
vn -0.8398 -0.3155 0.4418
vn -0.8640 -0.2993 0.4049
vn -0.7416 0.0758 -0.6666
vn -0.4298 -0.1032 -0.8970
vn 0.0575 -0.1187 -0.9913
vn 0.4848 -0.1054 -0.8682
vn -0.0391 -0.7840 0.6195
vn -0.4859 -0.1525 -0.8606
vn -0.2874 -0.3421 -0.8947
vn -0.3732 -0.0824 -0.9241
vn 0.7615 0.0510 -0.6462
vn 0.3481 0.1207 -0.9296
vn 0.9547 -0.0279 0.2962
vn -0.9386 -0.3101 0.1515
vn -0.8534 0.0007 0.5213
vn 0.0097 -0.7090 0.7051
vn -0.8041 -0.5018 0.3187
vn 0.8799 0.1671 0.4447
vn -0.6942 -0.0515 0.7179
vn -0.6754 0.0680 0.7343
vn 0.6438 0.7560 0.1183
vn 0.6929 0.7148 0.0950
vn 0.5783 0.8127 0.0712
vn -0.4101 0.8740 -0.2607
vn 0.4064 0.6186 -0.6724
vn 0.9087 0.3186 -0.2698
vn -0.9283 0.3603 0.0923
vn 0.8223 -0.5362 -0.1906
vn 0.8573 0.5144 0.0220
vn -0.6805 -0.0023 0.7327
vn 0.7998 -0.0403 0.5989
vn -0.5373 -0.0471 0.8421
vn -0.8501 -0.1788 0.4954
vn 0.7055 -0.6272 -0.3301
vn -0.8608 -0.2923 0.4166
vn -0.8709 0.1109 -0.4788
vn 0.8535 -0.3347 0.3993
vn 0.7135 0.1142 -0.6913
vn 0.4437 0.0804 -0.8926
vn 0.2302 -0.2028 -0.9518
vn -0.9872 -0.0210 0.1582
vn 0.5491 -0.6400 0.5375
vn 0.5668 0.0087 0.8238
vn -0.3025 -0.4620 -0.8337
vn -0.3414 0.1744 -0.9236
vn 0.4857 -0.1163 -0.8663
vn -0.8845 0.1499 0.4418
vn 0.0565 -0.4082 -0.9111
vn -0.3526 -0.2322 -0.9065
vn -0.8936 0.0913 0.4396
vn -0.9482 -0.3110 0.0651
vn -0.8054 0.0617 0.5896
vn -0.4814 -0.7724 0.4143
vn 0.5070 -0.6191 0.5997
vn -0.5830 -0.7406 0.3340
vn -0.7941 0.0345 0.6068
vn -0.9295 -0.1997 0.3102
vn 0.7870 0.2256 0.5742
vn -0.5579 0.0928 0.8247
vn 0.6579 0.7472 0.0941
vn 0.4722 0.8801 0.0497
vn -0.3865 0.8007 -0.4577
vn 0.6651 0.2793 -0.6925
vn 0.3274 0.9266 -0.1852
vn -0.4545 0.8725 0.1792
vn 0.0129 -0.9997 -0.0204
vn 0.7359 0.6750 0.0535
vn 0.6004 0.6791 0.4223
vn 0.6725 0.3969 0.6247
vn 0.4466 0.8376 0.3145
vn -0.7368 0.5681 0.3665
vn 0.6879 0.2580 0.6784
vn -0.5982 -0.1370 0.7895
vn -0.4248 -0.4903 0.7610
vn 0.8775 -0.3604 0.3163
vn 0.8392 -0.4030 -0.3650
vn 0.8799 -0.0887 -0.4669
vn -0.6101 -0.1237 -0.7826
vn 0.3953 0.1627 0.9040
vn -0.4383 -0.2138 -0.8730
vn -0.3937 -0.3745 -0.8395
vn -0.2264 0.1399 -0.9639
vn -0.8275 -0.0104 0.5614
vn -0.7512 -0.0269 0.6595
vn 0.9073 0.0955 0.4094
vn -0.7186 -0.4547 0.5262
vn -0.8081 0.0558 0.5864
vn -0.8661 -0.0754 0.4941
vn 0.7124 -0.3906 0.5830
vn -0.2850 -0.8017 0.5254
vn -0.7146 -0.6558 0.2433
vn -0.0465 -0.5360 0.8429
vn 0.7566 0.4222 0.4993
vn -0.3639 -0.2740 0.8902
vn -0.5873 -0.6358 0.5008
vn -0.3099 -0.3741 0.8741
vn 0.7767 0.6196 0.1132
vn 0.3285 0.9430 0.0527
vn -0.7766 0.6120 -0.1497
vn 0.4970 0.8543 0.1521
vn -0.3937 -0.9059 -0.1561
vn 0.9295 0.3493 -0.1184
vn -0.5521 0.5103 0.6594
vn -0.6782 0.4388 0.5895
vn -0.6483 -0.2569 0.7167
vn -0.7165 -0.2619 0.6466
vn 0.7976 -0.3950 0.4559
vn -0.1748 -0.9820 0.0712
vn -0.5662 -0.8069 -0.1681
vn -0.8369 -0.5188 -0.1744
vn 0.5447 -0.8386 0.0017
vn -0.8872 -0.3064 0.3450
vn -0.8640 -0.3057 -0.4001
vn -0.9368 -0.1625 -0.3099
vn 0.8011 0.1139 -0.5876
vn 0.1287 -0.4909 0.8617
vn -0.0907 0.1567 0.9835
vn -0.4651 0.1036 0.8792
vn -0.6095 -0.1653 -0.7754
vn 0.7149 -0.0093 -0.6992
vn 0.6696 -0.2982 -0.6802
vn -0.7634 0.0887 0.6398
vn -0.7415 -0.4247 -0.5194
vn 0.8879 -0.0136 0.4599
vn 0.8059 -0.2345 0.5437
vn -0.7537 -0.0840 0.6519
vn 0.8950 0.0720 0.4403
vn 0.9113 0.3166 0.2633
vn -0.0349 -0.8165 0.5763
vn -0.9263 -0.3351 0.1721
vn -0.3857 -0.7062 0.5938
vn 0.9146 0.3170 0.2509
vn 0.5043 0.8619 0.0526
vn -0.4811 0.7282 -0.4881
vn -0.6215 0.6712 0.4040
vn -0.5947 0.0357 0.8032
vn -0.5257 -0.2392 0.8163
vn 0.5649 -0.3650 0.7400
vn 0.7911 -0.3156 0.5241
vn -0.7812 -0.2056 0.5894
vn 0.9114 -0.0833 -0.4030
vn 0.9717 -0.1804 0.1525
vn 0.8853 -0.4483 0.1238
vn 0.5198 -0.8541 0.0179
vn -0.3465 -0.4485 -0.8239
vn 0.8970 -0.0238 0.4415
vn -0.1807 -0.8306 0.5268
vn -0.6311 -0.7139 0.3035
vn 0.1894 -0.6105 0.7690
vn 0.6674 0.0862 0.7397
vn -0.7742 -0.3799 0.5063
vn -0.6387 0.0662 0.7666
vn 0.6944 0.6956 0.1843
vn -0.6461 0.7569 -0.0984
vn -0.5960 -0.7843 -0.1720
vn -0.9522 -0.2137 -0.2183
vn -0.9572 0.2338 -0.1704
vn -0.7888 0.5999 0.1336
vn 0.5557 0.7051 0.4404
vn 0.7063 0.2228 0.6719
vn 0.5897 0.0008 0.8076
vn -0.6582 0.1184 0.7435
vn 0.7054 -0.0165 0.7086
vn -0.6294 -0.1342 0.7654
vn 0.6528 -0.3467 0.6735
vn -0.7686 -0.2282 0.5976
vn 0.8489 -0.3696 0.3778
vn -0.9125 -0.2672 0.3097
vn 0.8541 -0.1008 -0.5102
vn -0.0050 0.0727 0.9973
vn -0.7627 -0.2429 -0.5994
vn -0.6559 0.0349 -0.7541
vn -0.4346 -0.0464 -0.8994
vn 0.8004 0.1248 0.5863
vn -0.3302 -0.2762 -0.9026
vn -0.4921 -0.3878 -0.7793
vn -0.8739 -0.1707 0.4552
vn 0.2078 -0.7418 0.6376
vn -0.1020 -0.8752 0.4728
vn -0.9011 -0.1604 0.4029
vn -0.6056 -0.0062 0.7958
vn 0.5712 0.8058 0.1564
vn 0.7746 0.4703 -0.4228
vn -0.0359 0.9328 0.3585
vn 0.4731 -0.8751 -0.1015
vn 0.9071 -0.2774 -0.3165
vn -0.9528 0.1529 -0.2623
vn -0.6113 0.7725 0.1718
vn -0.5875 0.7099 0.3883
vn 0.7231 0.0901 0.6848
vn -0.6628 -0.0605 0.7464
vn -0.4345 -0.5444 0.7175
vn -0.9533 -0.1621 0.2550
vn 0.8926 -0.3652 -0.2643
vn 0.8566 -0.2426 0.4553
vn -0.9565 0.0416 -0.2886
vn -0.8195 -0.5532 0.1498
vn 0.9373 0.0403 0.3463
vn -0.7500 0.0017 0.6614
vn 0.7969 0.0045 -0.6040
vn 0.9839 -0.1259 -0.1270
vn 0.9735 -0.1436 -0.1779
vn -0.7358 -0.3155 0.5992
vn 0.8872 -0.0394 0.4597
vn -0.5858 -0.6922 0.4215
vn 0.5508 -0.4882 0.6770
vn -0.6171 -0.7455 0.2519
vn -0.3027 -0.2408 0.9222
vn -0.6145 0.0770 0.7852
vn -0.8039 0.0445 0.5932
vn -0.4626 0.8798 0.1090
vn 0.7193 0.6859 0.1101
vn -0.8705 -0.2720 -0.4101
vn -0.8735 0.3698 -0.3167
vn 0.6406 0.7434 0.1924
vn 0.5377 -0.1362 0.8320
vn 0.6168 -0.2156 0.7570
vn 0.6134 -0.2945 0.7328
vn -0.7870 -0.6029 0.1311
vn -0.1327 -0.9439 0.3022
vn 0.6798 -0.7320 0.0454
vn -0.6967 -0.2183 -0.6833
vn -0.8391 0.1641 0.5187
vn -0.9633 -0.2684 0.0045
vn -0.5728 -0.6659 0.4780
vn -0.2327 -0.8428 0.4854
vn -0.2440 -0.8458 0.4744
vn 0.6435 0.2632 0.7188
vn -0.8923 -0.1119 0.4373
vn -0.7059 0.7034 -0.0831
vn -0.3057 0.9518 -0.0249
vn 0.4583 0.5534 -0.6955
vn 0.5117 0.8588 -0.0239
vn -0.8300 0.5077 -0.2311
vn 0.4092 0.8784 0.2470
vn 0.7922 0.2778 0.5434
vn 0.6374 0.3081 0.7063
vn -0.6152 0.3344 0.7140
vn -0.5467 0.0233 0.8370
vn 0.5606 -0.0290 0.8276
vn 0.6080 0.0451 0.7926
vn -0.6514 -0.1213 0.7490
vn 0.5647 -0.3114 0.7643
vn 0.6644 -0.3801 0.6435
vn 0.6528 -0.4280 0.6250
vn 0.8829 -0.4601 -0.0935
vn 0.7393 -0.6571 0.1472
vn -0.6570 -0.4325 -0.6174
vn -0.7279 -0.3024 -0.6154
vn 0.8663 0.1695 0.4698
vn -0.7171 -0.2188 -0.6617
vn -0.8310 -0.1301 -0.5408
vn 0.8121 0.2164 0.5420
vn -0.3561 0.0902 -0.9301
vn -0.8347 -0.2240 -0.5032
vn -0.6908 -0.3731 -0.6194
vn 0.5963 -0.3579 0.7186
vn -0.7928 -0.0303 0.6087
vn 0.6959 -0.3170 0.6445
vn 0.4762 0.5404 0.6937
vn -0.5568 -0.8049 0.2053
vn 0.1175 -0.7823 0.6118
vn -0.6161 0.1238 0.7779
vn -0.5974 0.1947 0.7780
vn -0.8390 -0.1407 0.5256
vn -0.9316 0.3521 0.0904
vn -0.5363 0.8250 -0.1782
vn 0.3352 0.9230 0.1890
vn 0.5935 0.7862 0.1724
vn 0.7453 0.4897 0.4525
vn 0.8012 0.3119 0.5107
vn -0.6092 0.5894 0.5305
vn -0.6868 0.3603 0.6312
vn -0.4419 -0.5605 0.7004
vn -0.7162 -0.1964 0.6696
vn -0.9437 -0.2918 0.1561
vn -0.8459 -0.3501 0.4024
vn -0.8114 -0.0396 -0.5831
vn -0.9269 -0.0077 -0.3751
vn -0.7670 0.0525 -0.6395
vn -0.9511 -0.3083 -0.0167
vn 0.7285 -0.1125 0.6757
vn -0.8488 -0.0524 0.5262
vn -0.7471 -0.0416 0.6634
vn 0.7386 0.6007 0.3060
vn 0.4796 0.3334 0.8117
vn 0.3826 -0.5882 0.7125
vn -0.3727 -0.7679 0.5209
vn 0.5710 0.6846 0.4531
vn 0.6835 0.7185 0.1292
vn 0.5391 0.8411 0.0443
vn 0.0061 -0.9991 0.0429
vn -0.4656 0.7463 0.4757
vn 0.6360 0.3169 0.7036
vn -0.1943 0.4479 0.8727
vn -0.5762 -0.0566 0.8154
vn 0.5719 -0.5267 0.6289
vn -0.4732 -0.6038 0.6415
vn -0.6962 -0.3255 0.6398
vn 0.5059 -0.2548 0.8241
vn -0.8112 -0.4856 0.3259
vn 0.9068 -0.2555 -0.3354
vn 0.7046 -0.3227 0.6320
vn 0.7563 -0.6374 0.1473
vn -0.0207 -0.9926 0.1196
vn -0.8548 -0.3127 -0.4141
vn -0.9506 -0.1190 -0.2869
vn -0.8178 0.1743 0.5484
vn -0.8430 -0.0552 0.5351
vn -0.8003 0.1475 0.5812
vn -0.8810 0.1044 0.4614
vn 0.8312 0.4061 0.3797
vn -0.8651 -0.0634 0.4976
vn -0.0501 -0.8583 0.5106
vn 0.2044 -0.7503 0.6287
vn 0.6243 0.2762 0.7307
vn 0.8542 0.1720 0.4906
vn -0.7063 -0.0091 0.7078
vn 0.6639 -0.7161 -0.2155
vn -0.1193 -0.9841 -0.1315
vn -0.5201 0.8213 0.2346
vn 0.8810 0.4726 -0.0201
vn 0.7091 0.6228 0.3306
vn 0.6162 0.5563 0.5574
vn -0.2179 0.2010 0.9550
vn -0.0646 0.1063 0.9922
vn 0.3569 -0.0482 0.9329
vn 0.0328 -0.1561 0.9872
vn -0.1671 -0.8470 0.5046
vn -0.6151 -0.2026 0.7620
vn 0.8051 0.0702 0.5890
vn -0.8886 0.1494 0.4336
vn 0.9245 0.1133 0.3639
vn 0.4754 0.5458 0.6900
vn -0.3433 -0.8127 0.4708
vn -0.6170 0.2727 0.7382
vn -0.8624 -0.0235 0.5056
vn -0.7619 -0.0615 0.6448
vn 0.4160 0.9071 0.0647
vn -0.3610 -0.9164 -0.1727
vn 0.3901 -0.9023 -0.1832
vn -0.5146 -0.7756 -0.3656
vn 0.6277 -0.7242 -0.2857
vn 0.4771 0.8642 0.1598
vn 0.4249 0.8694 0.2524
vn 0.6207 -0.2744 0.7345
vn 0.5836 -0.2864 0.7598
vn -0.4608 -0.4735 0.7506
vn -0.6083 -0.2504 0.7532
vn -0.9464 -0.1804 0.2680
vn -0.8712 -0.1218 0.4755
vn 0.3812 -0.8989 0.2159
vn -0.8744 -0.3844 -0.2961
vn -0.6883 0.0371 0.7245
vn 0.6849 0.0575 0.7264
vn -0.8974 0.0191 0.4407
vn -0.8910 -0.0195 0.4537
vn -0.8340 -0.0166 0.5514
vn -0.8780 -0.4033 0.2578
vn 0.8660 -0.1541 0.4757
vn -0.5567 -0.7168 0.4199
vn 0.5444 0.1996 0.8147
vn 0.5409 -0.3816 0.7496
vn 0.0949 -0.8289 0.5513
vn -0.7987 0.0597 0.5988
vn 0.5239 0.7997 0.2933
vn 0.6076 0.4427 0.6594
vn 0.6601 0.7445 0.0998
vn -0.4016 0.9151 0.0372
vn -0.8773 0.4773 -0.0497
vn -0.4899 0.8480 0.2021
vn 0.6570 0.7086 0.2574
vn 0.4572 0.8574 0.2363
vn -0.3870 0.7882 0.4786
vn -0.5860 0.6531 0.4796
vn 0.5564 -0.4837 0.6756
vn 0.6988 -0.2666 0.6637
vn 0.4393 -0.8699 0.2242
vn -0.7679 -0.3031 0.5643
vn -0.9335 -0.3163 -0.1690
vn -0.7411 0.0043 0.6714
vn -0.4004 -0.9087 0.1179
vn 0.7412 -0.0565 -0.6689
vn -0.8827 -0.0635 -0.4656
vn -0.9658 -0.1219 0.2289
vn -0.5678 -0.6752 0.4708
vn -0.5091 -0.7589 0.4060
vn 0.5692 -0.4490 0.6887
vn -0.6432 0.3325 0.6897
vn -0.5032 0.4239 0.7531
vn 0.5418 0.8307 0.1282
vn 0.5001 0.8534 0.1470
vn -0.9415 -0.0000 0.3370
vn 0.7829 0.6010 0.1609
vn -0.7242 -0.5925 -0.3527
vn -0.3038 -0.9457 -0.1160
vn -0.8190 -0.4953 -0.2898
vn 0.5989 0.6289 0.4959
vn 0.7360 0.0515 0.6750
vn -0.1942 -0.0486 0.9798
vn 0.1488 -0.1751 0.9732
vn -0.6731 -0.2628 0.6913
vn 0.0635 -0.8929 0.4458
vn -0.8836 -0.2936 0.3647
vn 0.6035 0.2922 0.7419
vn 0.8699 -0.0420 0.4914
vn 0.6255 -0.4854 0.6109
vn -0.0491 -0.5501 0.8336
vn 0.6639 0.7127 0.2267
vn 0.6645 0.7074 0.2409
vn -0.7756 0.6307 -0.0257
vn -0.0190 0.9761 0.2167
vn 0.1845 -0.9828 0.0086
vn -0.9572 -0.0781 -0.2788
vn -0.9844 -0.1759 -0.0092
vn 0.9527 0.0296 -0.3026
vn 0.7879 0.6026 0.1273
vn -0.4660 0.7873 0.4037
vn -0.1172 0.8936 0.4333
vn 0.6021 0.3423 0.7214
vn 0.5958 0.6008 0.5330
vn 0.8068 0.0339 0.5898
vn -0.3690 -0.2401 0.8979
vn -0.5261 -0.5142 0.6774
vn 0.5257 -0.7139 0.4626
vn -0.9335 -0.1640 0.3189
vn 0.8972 0.0060 0.4416
vn 0.1020 -0.9778 0.1829
vn -0.8629 -0.2489 -0.4399
vn -0.9980 -0.0585 0.0258
vn -0.4522 -0.8838 0.1203
vn -0.8354 -0.2272 0.5005
vn -0.1826 -0.8464 0.5002
vn -0.3296 -0.8034 0.4959
vn 0.8736 0.2020 0.4427
vn -0.8771 -0.2122 0.4309
vn 0.0761 0.9073 0.4135
vn -0.9085 -0.1015 -0.4055
vn 0.9383 0.2391 -0.2499
vn -0.7696 0.6384 -0.0088
vn -0.5609 0.7729 0.2969
vn -0.0512 0.8133 0.5796
vn -0.1125 -0.9933 0.0272
vn -0.3204 -0.0657 0.9450
vn -0.0066 -0.5182 0.8553
vn -0.0024 -0.5734 0.8193
vn 0.5636 -0.4464 0.6950
vn -0.5717 -0.2895 0.7677
vn -0.0135 -0.7041 0.7100
vn 0.2986 -0.4611 0.8356
vn 0.6385 -0.2903 0.7128
vn 0.4355 -0.3520 0.8285
vn 0.8381 -0.4820 0.2554
vn -0.8757 -0.4366 -0.2062
vn 0.8107 0.1613 0.5627
vn 0.9358 -0.0308 -0.3512
vn -0.9727 0.0492 -0.2269
vn -0.8033 -0.1275 0.5818
vn 0.9302 0.1248 0.3453
vn -0.5192 -0.7167 0.4656
vn 0.2941 0.2759 0.9151
vn 0.5968 0.0983 0.7964
vn 0.5840 0.0906 0.8067
vn -0.5672 -0.7199 0.4000
vn 0.7756 -0.5746 0.2613
vn -0.3996 -0.7866 0.4706
vn 0.6368 0.0865 0.7662
vn 0.7425 0.0558 0.6675
vn -0.7516 -0.0246 0.6592
vn -0.5894 0.8047 -0.0711
vn 0.1191 0.9777 0.1730
vn 0.5921 0.7925 0.1463
vn 0.5009 0.5277 0.6860
vn 0.4526 -0.1741 0.8745
vn 0.1592 -0.3751 0.9132
vn 0.0775 -0.4703 0.8791
vn 0.4036 -0.6296 0.6638
vn 0.5150 -0.3178 0.7961
vn 0.6158 -0.3443 0.7087
vn -0.7466 0.0045 0.6653
vn -0.5178 -0.2144 0.8282
vn -0.8975 -0.4069 -0.1701
vn -0.7723 -0.5123 -0.3757
vn -0.6293 0.2098 0.7483
vn 0.9828 -0.0372 -0.1809
vn 0.7538 -0.3066 0.5812
vn -0.9910 0.0194 0.1326
vn 0.8489 -0.1338 0.5113
vn -0.9495 0.0973 0.2981
vn -0.2172 -0.3336 0.9174
vn 0.7355 -0.5161 0.4389
vn -0.6158 0.0784 0.7840
vn -0.4648 0.4552 0.7594
vn -0.6363 0.1170 0.7625
vn -0.8612 -0.2341 0.4512
vn 0.4739 0.8800 0.0332
vn 0.3071 0.9417 0.1375
vn -0.4318 -0.8777 -0.2079
vn 0.7695 -0.6346 0.0717
vn 0.7468 0.6408 0.1780
vn 0.6390 -0.0823 0.7648
vn -0.6854 -0.2835 0.6707
vn -0.5143 -0.2396 0.8234
vn -0.3169 -0.2606 0.9119
vn -0.5206 -0.2819 0.8059
vn 0.3383 -0.5039 0.7948
vn -0.4514 -0.4921 0.7443
vn -0.6834 -0.2844 0.6724
vn -0.8685 -0.4642 0.1739
vn 0.6077 -0.4856 0.6284
vn -0.4966 -0.7689 0.4026
vn -0.7411 -0.0100 0.6713
vn 0.7949 -0.0687 -0.6029
vn -0.8401 -0.1399 0.5240
vn -0.9600 -0.1533 0.2342
vn -0.9830 -0.0998 0.1543
vn -0.9371 0.2066 0.2815
vn 0.0890 0.4039 0.9105
vn 0.8928 -0.0580 0.4468
vn 0.5105 0.0597 0.8578
vn 0.3787 -0.6404 0.6682
vn -0.6676 0.0810 0.7401
vn 0.7161 0.6525 0.2478
vn 0.3995 0.7825 0.4775
vn 0.3456 0.7353 0.5830
vn -0.2052 -0.9731 -0.1044
vn 0.3417 0.9061 0.2493
vn 0.6332 -0.2046 0.7465
vn 0.0908 -0.6357 0.7665
vn -0.3398 -0.7031 0.6247
vn 0.6177 -0.0822 0.7821
vn -0.5505 -0.2730 0.7889
vn 0.5913 -0.3119 0.7437
vn 0.9459 -0.0358 -0.3224
vn -0.7186 0.3804 0.5822
vn 0.8895 -0.3235 0.3226
vn 0.2267 -0.5058 0.8323
vn -0.8263 -0.5166 0.2243
vn -0.8018 -0.4381 0.4065
vn -0.1352 -0.8267 0.5462
vn -0.8159 -0.3484 -0.4614
vn -0.7073 0.2871 0.6460
vn 0.9362 0.1108 0.3335
vn -0.9704 -0.1130 0.2132
vn 0.7428 -0.1588 0.6504
vn -0.7775 0.3027 0.5512
vn -0.7503 -0.3357 0.5695
vn -0.8216 -0.0914 0.5627
vn 0.8311 0.4061 0.3799
vn 0.6808 0.4717 0.5604
vn 0.4756 0.5458 0.6899
vn -0.4779 -0.7580 0.4440
vn 0.0331 -0.8712 0.4898
vn -0.8968 -0.1010 0.4307
vn -0.9157 -0.1688 0.3647
vn 0.3534 0.3821 0.8539
vn 0.6696 0.6226 0.4048
vn 0.5224 0.2810 0.8051
vn -0.9729 -0.0048 0.2310
vn 0.7641 0.6107 0.2077
vn -0.6531 0.7569 0.0244
vn -0.0283 0.9932 0.1132
vn -0.4091 -0.3118 0.8576
vn -0.6325 -0.0810 0.7703
vn -0.7701 -0.1338 0.6237
vn -0.9636 0.2039 -0.1728
vn -0.0649 -0.2015 -0.9773
vn -0.9510 -0.2495 0.1825
vn 0.4960 0.0576 0.8664
vn 0.7828 -0.5147 -0.3498
vn 0.0563 -0.5571 -0.8285
vn -0.1994 0.0078 0.9799
vn 0.2323 -0.4786 0.8468
vn 0.4978 -0.8662 -0.0443
vn 0.3816 -0.9059 -0.1835
vn 0.0967 -0.9934 -0.0613
vn 0.0716 -0.6001 0.7967
vn 0.1926 -0.7303 0.6554
vn 0.0996 -0.8477 0.5211
vn -0.9370 -0.2942 -0.1884
vn 0.9840 -0.0387 -0.1737
vn 0.9369 -0.0691 -0.3426
vn -0.9670 0.1594 -0.1986
vn 0.6224 0.1647 0.7652
vn -0.7663 0.2191 0.6039
vn 0.4395 0.0809 0.8946
vn -0.3445 -0.7955 0.4985
vn 0.6852 -0.5220 0.5079
vn 0.4839 0.1181 0.8671
vn -0.9166 -0.2502 0.3118
vn -0.2140 -0.8863 0.4106
vn -0.4240 0.4784 0.7690
vn 0.1932 0.2506 0.9486
vn 0.0487 0.9922 0.1149
vn 0.1888 -0.9778 0.0906
vn 0.9414 0.3213 -0.1026
vn 0.4585 0.8753 0.1540
vn -0.5125 0.7905 0.3352
vn -0.4772 0.8189 0.3190
vn 0.0580 0.8945 0.4432
vn -0.4941 -0.1143 0.8618
vn -0.4146 -0.0407 0.9091
vn -0.5534 0.2589 0.7917
vn -0.7469 -0.1271 -0.6527
vn 0.4407 -0.0760 -0.8944
vn 0.5013 -0.2362 -0.8324
vn -0.6835 -0.0282 -0.7294
vn -0.3500 -0.0244 -0.9364
vn 0.4400 -0.2746 -0.8550
vn -0.9889 -0.1095 -0.1006
vn 0.4575 -0.6421 -0.6151
vn -0.9205 -0.3742 0.1124
vn 0.9784 -0.0869 -0.1877
vn 0.5312 -0.8284 0.1777
vn 0.8716 -0.4687 -0.1438
vn 0.7416 -0.4530 0.4949
vn -0.7494 -0.3028 0.5888
vn -0.0663 -0.9954 -0.0696
vn 0.7767 -0.0069 0.6298
vn -0.4996 -0.3080 0.8097
vn 0.4075 -0.1162 0.9058
vn -0.4993 -0.2139 0.8396
vn 0.9783 0.0049 0.2073
vn 0.7807 0.2211 0.5845
vn 0.6592 0.3150 0.6828
vn -0.8158 0.0862 0.5719
vn 0.6304 0.3340 0.7008
vn 0.4715 0.4111 0.7802
vn 0.7076 0.2951 0.6420
vn -0.1454 -0.4492 0.8815
vn -0.1730 -0.8042 0.5686
vn 0.0753 -0.7291 0.6802
vn -0.5085 0.3041 0.8055
vn -0.5209 0.4903 0.6988
vn 0.2483 0.6873 0.6826
vn 0.1946 0.6164 0.7630
vn 0.0805 0.4158 0.9059
vn 0.4916 0.2640 0.8298
vn -0.9587 0.0205 0.2838
vn 0.6601 0.5911 0.4635
vn 0.7580 0.6349 0.1494
vn -0.3939 0.9181 -0.0445
vn 0.0020 -0.9993 0.0368
vn -0.7701 0.6357 0.0520
vn -0.7406 0.6717 0.0190
vn 0.1692 -0.4324 0.8857
vn -0.0550 -0.3514 -0.9346
vn 0.7145 -0.3975 -0.5757
vn -0.7341 0.1002 -0.6716
vn -0.8888 0.3872 -0.2451
vn -0.0858 -0.4755 0.8755
vn 0.5684 -0.4694 -0.6757
vn 0.5039 -0.3028 -0.8090
vn -0.9434 -0.2133 0.2538
vn 0.6034 -0.7970 0.0268
vn 0.0266 -0.9993 -0.0246
vn -0.4884 -0.8677 0.0926
vn 0.9021 -0.4254 0.0723
vn 0.1551 -0.6605 0.7347
vn 0.1230 -0.5685 0.8134
vn -0.8879 0.1182 -0.4446
vn -0.9786 -0.0975 0.1811
vn 0.0911 -0.1052 0.9903
vn -0.1914 -0.1415 0.9713
vn -0.3009 0.3368 0.8922
vn -0.5805 -0.5225 0.6245
vn -0.6698 -0.5927 0.4474
vn -0.0898 -0.8645 0.4946
vn 0.1942 0.1293 0.9724
vn 0.5217 0.3506 0.7778
vn 0.5981 0.0202 0.8012
vn -0.0683 0.9936 0.0902
vn -0.8928 0.3569 -0.2748
vn -0.4641 0.8349 0.2957
vn -0.3634 0.9022 0.2323
vn 0.3491 0.9106 0.2210
vn -0.0539 0.9332 0.3552
vn 0.6382 0.6639 0.3898
vn 0.3918 0.0721 0.9172
vn 0.2970 -0.2970 0.9075
vn -0.1473 -0.4025 -0.9035
vn -0.2998 -0.5633 -0.7699
vn 0.4593 -0.5372 -0.7074
vn 0.5175 -0.1730 -0.8380
vn -0.9037 -0.0164 -0.4279
vn 0.9632 -0.1444 0.2267
vn 0.4962 -0.8415 0.2135
vn -0.1655 -0.5252 0.8347
vn 0.1495 -0.5064 0.8493
vn 0.7303 -0.5753 -0.3683
vn 0.0202 -0.7733 0.6337
vn -0.8734 -0.4695 -0.1291
vn -0.0902 -0.9930 -0.0762
vn 0.3081 -0.2792 0.9095
vn -0.5658 -0.7920 -0.2294
vn 0.9673 -0.2511 0.0357
vn -0.8307 -0.4112 -0.3753
vn -0.2534 -0.3333 0.9081
vn -0.7066 -0.2809 0.6495
vn 0.2038 0.5109 0.8352
vn -0.6071 0.0187 0.7944
vn -0.6723 -0.1659 0.7215
vn 0.1026 0.5558 0.8249
vn -0.9490 0.2948 0.1119
vn -0.8897 0.4563 0.0165
vn 0.9197 -0.2431 -0.3082
vn 0.8237 0.5525 0.1276
vn -0.4846 0.8399 0.2445
vn 0.2386 0.0360 0.9704
vn 0.4739 -0.6700 -0.5714
vn -0.7712 -0.0474 -0.6349
vn -0.4192 -0.2020 0.8851
vn 0.4669 -0.5498 -0.6927
vn 0.3352 -0.9223 0.1923
vn 0.6361 -0.7063 -0.3106
vn 0.5551 -0.4668 0.6884
vn -0.6941 -0.5802 -0.4262
vn 0.4558 -0.2787 0.8453
vn -0.5521 -0.8260 -0.1136
vn -0.7237 -0.6406 -0.2567
vn -0.8573 -0.1717 -0.4853
vn 0.6793 0.1315 0.7220
vn -0.8290 0.1101 -0.5483
vn 0.9140 0.0825 0.3972
vn -0.1018 0.5006 0.8597
vn 0.7545 -0.0544 0.6540
vn -0.7166 0.1972 0.6690
vn -0.4649 -0.6196 0.6324
vn -0.1412 -0.4370 0.8883
vn -0.3624 -0.6651 0.6530
vn -0.1256 -0.8449 0.5200
vn -0.6021 0.1028 0.7918
vn 0.5690 -0.0248 0.8220
vn -0.3841 0.4486 0.8070
vn 0.7407 0.2888 0.6065
vn -0.7441 -0.1977 0.6381
vn -0.7456 -0.2438 0.6202
vn 0.1920 0.2297 0.9541
vn 0.5723 0.8183 0.0530
vn 0.3881 0.9153 0.1078
vn -0.3926 -0.9197 0.0080
vn 0.7072 0.6711 0.2224
vn -0.1856 -0.6263 0.7571
vn -0.4524 0.1594 0.8774
vn 0.4582 -0.2130 0.8629
vn 0.8357 -0.3348 -0.4353
vn -0.7656 0.0818 -0.6381
vn -0.6149 -0.0663 0.7858
vn 0.3720 -0.6159 -0.6945
vn 0.6388 -0.7400 0.2104
vn 0.5001 -0.4911 0.7133
vn -0.4975 -0.1693 0.8508
vn 0.6525 -0.5331 0.5385
vn 0.9922 -0.0499 0.1139
vn -0.4205 -0.1637 0.8924
vn 0.9747 -0.0132 0.2230
vn 0.3089 -0.6954 0.6488
vn -0.9946 0.0987 -0.0334
vn 0.0896 -0.2221 0.9709
vn 0.4097 0.0718 0.9094
vn -0.0703 0.4825 0.8731
vn -0.0055 0.4552 0.8903
vn 0.2203 0.0234 0.9752
vn 0.3151 0.2127 0.9249
vn 0.3440 0.9280 0.1433
vn 0.1844 0.9721 0.1453
vn 0.1685 -0.9530 0.2518
vn -0.9499 0.0898 -0.2993
vn 0.9196 0.3473 0.1838
vn 0.9573 0.1833 -0.2238
vn -0.7532 0.6554 0.0568
vn 0.7510 0.6600 -0.0198
vn -0.4996 0.7433 0.4448
vn -0.3312 0.8371 0.4353
vn 0.2324 0.9097 0.3441
vn 0.4210 -0.0641 0.9048
vn -0.0396 0.2510 0.9672
vn 0.2179 -0.8228 -0.5249
vn 0.0706 -0.2882 0.9550
vn 0.0048 -0.1469 0.9891
vn 0.9026 -0.3978 -0.1647
vn 0.6717 -0.4982 0.5482
vn 0.2671 -0.3164 0.9103
vn 0.4291 -0.1556 0.8898
vn -0.0788 -0.6583 0.7486
vn -0.0698 -0.4912 0.8682
vn 0.9018 -0.0066 0.4321
vn 0.9092 0.0225 0.4156
vn -0.8864 0.1936 -0.4205
vn -0.8382 0.0415 0.5438
vn -0.9770 -0.0689 0.2016
vn -0.7780 0.1346 0.6137
vn 0.4715 0.4801 0.7397
vn -0.0445 0.5367 0.8426
vn 0.3842 0.1369 0.9131
vn 0.1125 -0.0027 0.9937
vn 0.0162 0.1296 0.9914
vn 0.0329 -0.6765 0.7357
vn 0.4775 0.0474 0.8773
vn -0.4637 0.0410 0.8850
vn 0.3312 -0.1754 0.9271
vn 0.2404 -0.0642 0.9685
vn 0.4459 0.8926 0.0665
vn -0.6220 -0.7196 -0.3088
vn -0.0354 -0.9990 0.0278
vn -0.8487 0.0080 -0.5288
vn -0.2280 0.7539 0.6161
vn -0.4986 0.7466 0.4404
vn -0.3833 0.8154 0.4339
vn -0.5385 -0.6118 -0.5794
vn 0.7166 -0.5502 0.4287
vn -0.2559 -0.3092 0.9159
vn -0.8680 0.1941 -0.4570
vn -0.9052 0.3182 -0.2816
vn -0.5314 0.2995 0.7924
vn -0.6510 -0.2661 0.7109
vn -0.1491 -0.5041 0.8507
vn -0.8566 -0.0316 0.5151
vn 0.1932 -0.8601 0.4721
vn 0.8357 -0.4417 0.3264
vn -0.3826 0.4058 0.8300
vn -0.5846 0.0146 0.8112
vn 0.2251 0.3865 0.8944
vn 0.5823 0.0171 0.8128
vn 0.3924 0.4426 0.8063
vn -0.0281 0.7732 0.6336
vn 0.6144 -0.2306 0.7546
vn -0.5398 0.4891 0.6851
vn -0.6118 -0.2960 0.7336
vn -0.3853 -0.7573 0.5272
vn 0.8313 -0.0461 0.5539
vn 0.6482 -0.1183 0.7522
vn 0.8381 0.3016 0.4546
vn -0.7357 0.6754 0.0504
vn -0.0831 0.9910 0.1053
vn -0.0233 0.9953 0.0939
vn -0.0231 0.9913 0.1292
vn 0.0390 0.9906 0.1314
vn -0.4546 -0.7876 0.4160
vn 0.7694 -0.6234 0.1397
vn 0.9027 -0.3514 0.2482
vn 0.9270 0.3086 0.2131
vn 0.4841 0.8539 0.1909
vn 0.3274 0.8945 0.3044
vn -0.7128 0.6234 0.3213
vn -0.0649 -0.6850 0.7256
vn -0.7700 -0.3575 -0.5284
vn -0.5064 -0.1300 0.8524
vn 0.7313 -0.5111 0.4517
vn -0.5381 -0.2153 0.8149
vn -0.9381 -0.3157 -0.1426
vn -0.2884 -0.5585 0.7778
vn 0.9039 -0.0167 0.4274
vn 0.1886 -0.5785 0.7936
vn -0.5512 0.0610 0.8321
vn -0.9975 -0.0681 0.0173
vn 0.9099 0.1369 0.3915
vn 0.7701 -0.3540 0.5307
vn 0.7252 0.2530 0.6403
vn -0.7890 0.3275 0.5198
vn -0.4518 -0.6076 0.6532
vn -0.6646 -0.2890 0.6890
vn -0.1092 -0.3962 0.9117
vn -0.2033 -0.5118 0.8347
vn -0.0623 -0.9163 0.3956
vn 0.3837 0.1493 0.9113
vn 0.2162 0.2533 0.9429
vn -0.2012 0.5399 0.8174
vn 0.0842 0.3858 0.9187
vn -0.1091 0.4768 0.8722
vn 0.4854 0.1453 0.8621
vn 0.5967 0.0825 0.7982
vn 0.2448 -0.8377 0.4882
vn 0.3105 -0.3976 0.8635
vn -0.3955 -0.9167 0.0568
vn -0.4427 -0.8966 -0.0051
vn -0.8338 -0.5410 -0.1100
vn -0.9351 -0.1867 0.3012
vn 0.6540 0.7506 0.0939
vn -0.5577 0.7908 0.2523
vn 0.0324 0.3621 0.9316
vn -0.0082 -0.9234 -0.3837
vn 0.0604 -0.1383 0.9885
vn 0.7887 -0.6106 0.0719
vn 0.8804 -0.4604 -0.1137
vn -0.9501 -0.1153 -0.2900
vn -0.2012 -0.2442 0.9486
vn 0.9550 -0.2966 0.0033
vn -0.8010 0.4752 -0.3641
vn 0.8016 -0.3655 0.4731
vn -0.4430 -0.1940 0.8753
vn -0.0125 -0.3726 0.9279
vn 0.4652 -0.3568 0.8101
vn -0.8723 -0.2179 -0.4378
vn 0.5281 0.1703 0.8319
vn -0.5001 0.0614 0.8638
vn -0.6761 -0.2945 0.6754
vn -0.7759 -0.3133 0.5476
vn -0.8518 -0.3035 0.4269
vn -0.8842 -0.1874 0.4279
vn 0.7040 -0.1499 0.6942
vn 0.4032 0.1365 0.9049
vn -0.4263 0.3035 0.8521
vn -0.6167 0.0060 0.7872
vn -0.0046 0.3972 0.9177
vn 0.3367 0.6106 0.7167
vn 0.1056 0.9291 0.3544
vn -0.7248 -0.2194 0.6531
vn 0.3262 -0.8294 0.4536
vn -0.1746 -0.9213 0.3474
vn 0.8177 0.3560 0.4523
vn -0.4935 0.8658 0.0826
vn 0.8021 -0.5960 0.0383
vn 0.7688 0.6382 0.0406
vn -0.4043 0.7518 0.5209
vn 0.4739 0.6661 -0.5759
vn 0.0632 0.7271 0.6836
vn -0.0304 0.8753 0.4827
vn -0.5280 -0.5251 0.6674
vn 0.0365 -0.1866 0.9818
vn 0.9082 -0.2898 0.3019
vn 0.3188 -0.0232 0.9475
vn 0.0246 -0.4302 0.9024
vn 0.9119 0.0261 0.4095
vn 0.7601 -0.3039 0.5743
vn -0.4713 -0.7635 0.4416
vn -0.3244 -0.7034 0.6325
vn 0.8951 -0.2022 0.3975
vn -0.0886 -0.6025 0.7932
vn 0.1893 -0.0378 0.9812
vn -0.1329 0.6512 0.7472
vn -0.7329 -0.3276 0.5962
vn 0.6393 0.2959 0.7097
vn 0.1797 0.9108 0.3718
vn -0.1314 0.9149 0.3818
vn -0.4385 0.7775 0.4508
vn -0.6837 0.5486 0.4812
vn 0.8386 -0.0104 0.5446
vn 0.2949 0.9487 0.1141
vn 0.9353 -0.0820 -0.3443
vn -0.8303 0.5339 0.1597
vn -0.1141 0.7685 0.6296
vn 0.9325 0.2611 -0.2496
vn -0.6093 0.6548 0.4472
vn 0.3392 0.9013 0.2696
vn -0.8841 -0.3739 -0.2803
vn 0.3961 -0.1836 0.8996
vn 0.5723 -0.1136 0.8121
vn 0.2119 -0.3051 0.9284
vn -0.6601 -0.1581 0.7343
vn 0.3053 -0.6999 0.6457
vn -0.6908 0.0394 0.7220
vn -0.8967 0.0471 0.4402
vn 0.4421 0.3941 0.8058
vn -0.0424 0.4973 0.8665
vn 0.7249 -0.0420 0.6876
vn -0.4516 -0.3562 0.8180
vn -0.0945 -0.4721 0.8765
vn 0.2191 0.0703 0.9732
vn 0.3447 -0.0811 0.9352
vn 0.3711 -0.0615 0.9266
vn -0.3833 0.2853 0.8785
vn -0.0507 0.7076 0.7048
vn 0.6541 -0.3244 0.6833
vn -0.8976 -0.1251 0.4227
vn -0.7211 -0.3310 0.6087
vn -0.3572 0.9247 0.1318
vn 0.6035 -0.7628 -0.2324
vn 0.1567 0.8815 0.4454
vn -0.6217 -0.7065 -0.3381
vn 0.6399 -0.7612 0.1058
vn 0.0251 -0.9766 -0.2134
vn 0.9286 -0.2976 0.2218
vn -0.8350 -0.3775 -0.4003
vn 0.7465 -0.4628 0.4781
vn -0.6395 0.0260 0.7683
vn -0.8877 -0.3919 -0.2415
vn 0.1230 -0.3228 0.9384
vn 0.4406 -0.4889 0.7528
vn 0.2916 0.2708 0.9174
vn -0.9456 0.2879 0.1515
vn -0.9101 -0.0232 0.4138
vn 0.7348 -0.0877 0.6726
vn 0.7222 -0.0867 0.6862
vn -0.4764 -0.8240 0.3068
vn 0.3586 -0.8553 0.3740
vn -0.1558 -0.4542 0.8772
vn 0.1503 -0.0307 0.9882
vn 0.0681 -0.1657 0.9838
vn 0.0695 0.1509 0.9861
vn 0.2439 -0.1323 0.9607
vn -0.4254 0.3761 0.8232
vn 0.3721 0.1707 0.9123
vn 0.4991 0.0978 0.8610
vn 0.0032 0.5832 0.8124
vn 0.6081 0.0471 0.7925
vn 0.6492 0.3112 0.6941
vn -0.3137 0.8971 0.3111
vn -0.4148 -0.8203 0.3937
vn -0.9603 0.2269 0.1622
vn 0.6979 0.7094 0.0986
vn 0.3367 0.9311 0.1407
vn 0.4278 -0.8959 0.1193
vn -0.1182 -0.9914 0.0559
vn -0.9277 0.2653 0.2625
vn -0.9561 0.2490 0.1543
vn 0.9451 0.2876 0.1549
vn -0.8570 -0.4922 -0.1524
vn -0.8655 -0.3392 -0.3685
vn -0.0608 -0.2486 0.9667
vn -0.0513 -0.3308 0.9423
vn 0.8628 0.3488 0.3659
vn -0.0561 -0.1293 0.9900
vn -0.2917 0.1865 0.9381
vn -0.1286 0.0558 0.9901
vn 0.3510 -0.2748 0.8951
vn 0.0254 -0.3792 0.9250
vn 0.5195 -0.5096 0.6859
vn -0.1439 0.2937 0.9450
vn -0.2192 -0.0249 0.9754
vn 0.8985 0.0132 0.4388
vn -0.4876 0.2328 0.8415
vn 0.6845 -0.3193 0.6553
vn -0.3305 0.0679 0.9414
vn 0.2301 -0.1526 0.9611
vn 0.1455 0.5777 0.8032
vn -0.7596 -0.3648 0.5384
vn -0.7646 0.4299 0.4802
vn -0.0717 -0.9822 0.1733
vn 0.0684 -0.9454 0.3187
vn -0.9315 0.0330 0.3622
vn 0.7621 0.0491 0.6456
vn 0.1369 -0.7437 0.6544
vn -0.1199 -0.9827 0.1412
vn 0.1450 -0.8642 0.4818
vn -0.3737 -0.9260 -0.0537
vn -0.9700 -0.2350 -0.0624
vn 0.0064 -0.9896 0.1439
vn -0.8981 -0.1825 0.4000
vn 0.9731 -0.0743 0.2180
vn -0.9943 0.0575 0.0901
vn -0.6030 0.3934 0.6940
vn -0.3027 0.8939 0.3306
vn 0.6635 0.6743 0.3243
vn -0.9545 -0.2027 0.2189
vn -0.8926 -0.2125 -0.3977
vn -0.1583 -0.2604 0.9524
vn -0.0083 -0.2147 0.9766
vn 0.4213 -0.2654 0.8672
vn -0.1020 -0.2420 0.9649
vn -0.4367 -0.0222 0.8993
vn 0.3742 -0.5196 0.7681
vn -0.9058 0.0922 -0.4136
vn 0.1760 0.1572 0.9718
vn -0.0466 -0.1439 0.9885
vn -0.5089 -0.4470 0.7357
vn 0.0361 -0.1608 0.9863
vn -0.0548 -0.3228 0.9449
vn 0.3501 -0.4326 0.8309
vn -0.2461 0.0112 0.9692
vn -0.5931 -0.4589 0.6615
vn 0.5333 -0.2116 0.8190
vn -0.5528 0.3723 0.7456
vn 0.0008 0.4573 0.8893
vn -0.4909 -0.1784 0.8528
vn -0.3688 -0.4545 0.8108
vn -0.6345 -0.6578 0.4058
vn 0.4275 -0.1235 0.8955
vn -0.3377 0.0297 0.9408
vn -0.4694 0.2765 0.8386
vn -0.5911 0.0619 0.8042
vn -0.6420 -0.1809 0.7450
vn 0.0328 0.5752 0.8173
vn 0.4012 0.2863 0.8701
vn 0.0971 0.2438 0.9649
vn 0.2858 0.3080 0.9075
vn 0.1451 0.5527 0.8207
vn -0.1891 0.9737 0.1268
vn -0.1227 -0.9921 -0.0274
vn -0.4459 0.6189 0.6466
vn -0.2837 0.0872 0.9549
vn -0.6571 -0.0010 0.7538
vn 0.0030 0.3654 0.9308
vn -0.8068 0.5677 0.1635
vn -0.8401 0.1125 0.5306
vn 0.5201 0.8023 0.2928
vn -0.1746 0.8764 0.4488
vn -0.6107 -0.7774 0.1505
vn 0.2020 -0.9685 0.1455
vn 0.8639 -0.4576 0.2104
vn -0.3671 -0.5218 0.7700
vn -0.4381 -0.5653 0.6989
vn 0.0710 0.0327 0.9969
vn -0.3353 -0.4212 0.8427
vn -0.5491 -0.4571 0.6997
vn 0.4994 -0.5497 0.6697
vn -0.1252 -0.0562 0.9905
vn -0.1928 -0.2721 0.9428
vn -0.3568 -0.3046 0.8831
vn 0.0906 -0.0600 0.9941
vn -0.2753 -0.1581 0.9483
vn 0.1166 0.0229 0.9929
vn 0.0411 -0.1261 0.9912
vn -0.0251 -0.1012 0.9945
vn -0.2725 -0.1993 0.9413
vn -0.0241 -0.0643 0.9976
vn 0.1201 0.0241 0.9925
vn -0.3748 -0.2403 0.8954
vn -0.1243 -0.2304 0.9651
vn -0.8733 0.4868 -0.0200
vn -0.3055 -0.1571 0.9391
vn 0.2939 0.0384 0.9551
vn 0.7976 0.1988 0.5694
vn 0.1852 0.3493 0.9185
vn 0.5519 0.0015 0.8339
vn -0.6516 0.2234 0.7250
vn 0.6142 -0.3373 0.7134
vn 0.6928 -0.0592 0.7187
vn 0.8108 -0.1530 0.5650
vn 0.6873 -0.1505 0.7106
vn 0.2307 -0.1412 0.9627
vn 0.1917 0.0016 0.9815
vn 0.0886 0.6227 0.7774
vn 0.0389 0.5415 0.8398
vn 0.5552 0.3438 0.7573
vn 0.2589 0.7931 0.5513
vn -0.1570 0.5445 0.8240
vn 0.4929 0.1253 0.8610
vn -0.0002 0.7394 0.6732
vn 0.0108 0.2268 0.9739
vn 0.1857 0.5460 0.8170
vn 0.0679 0.7957 0.6019
vn -0.0208 -0.2330 0.9723
vn -0.5244 -0.4212 0.7400
vn 0.4933 -0.5103 0.7045
vn 0.7728 -0.0975 0.6271
vn 0.2473 0.9606 0.1269
vn -0.5683 -0.8188 0.0814
vn 0.0108 -0.8492 0.5279
vn -0.4946 -0.7869 0.3689
vn -0.5270 -0.8474 0.0643
vn 0.7117 -0.6890 0.1371
vn 0.7533 0.5781 0.3136
vn -0.1187 0.2462 0.9619
vn -0.8645 -0.1076 0.4911
vn -0.6382 -0.0297 0.7693
vn 0.8234 0.5550 -0.1185
vn -0.4332 0.7880 0.4375
vn -0.9953 -0.0816 0.0519
vn -0.8885 -0.2518 -0.3836
vn -0.8004 -0.5977 -0.0457
vn -0.8846 -0.4531 -0.1105
vn -0.0970 0.1964 0.9757
vn 0.2875 0.3195 0.9029
vn -0.6551 -0.4361 0.6169
vn -0.2847 0.1570 0.9457
vn 0.5320 -0.3880 0.7526
vn -0.5339 -0.5015 0.6808
vn 0.4289 -0.3379 0.8377
vn 0.4253 -0.1182 0.8973
vn 0.2210 -0.0992 0.9702
vn -0.5607 -0.5449 0.6234
vn 0.0549 0.2079 0.9766
vn 0.5422 -0.3658 0.7564
vn -0.8505 -0.4757 0.2243
vn -0.8873 0.0915 0.4520
vn -0.8251 -0.0109 0.5649
vn -0.5386 0.2430 0.8068
vn 0.5909 -0.0802 0.8028
vn -0.7210 -0.2916 0.6286
vn 0.0253 0.0942 0.9952
vn 0.2550 0.3611 0.8970
vn -0.0124 0.6438 0.7651
vn -0.0192 0.9352 0.3536
vn 0.2140 0.7682 0.6034
vn 0.6205 0.3519 0.7008
vn -0.0736 0.7952 0.6019
vn -0.4957 -0.0206 0.8683
vn 0.6396 -0.1427 0.7553
vn 0.6238 -0.4624 0.6301
vn 0.0341 -0.7207 0.6924
vn -0.8887 0.0600 0.4546
vn 0.3851 -0.8039 0.4532
vn 0.1391 -0.3343 0.9321
vn -0.3524 -0.3919 0.8498
vn -0.7294 0.3326 0.5977
vn -0.4527 0.0580 0.8898
vn -0.6738 0.0423 0.7377
vn -0.0144 0.1846 0.9827
vn 0.6187 0.7376 0.2704
vn -0.7773 0.5386 0.3253
vn -0.3587 0.7397 0.5694
vn 0.2315 0.8791 0.4166
vn -0.1212 0.9133 0.3888
vn 0.5121 0.7316 0.4500
vn 0.7211 -0.6146 0.3199
vn 0.7726 -0.5232 0.3597
vn -0.7965 -0.4152 -0.4395
vn -0.2504 0.0448 0.9671
vn 0.4625 0.3110 0.8302
vn -0.9550 0.0710 -0.2879
vn 0.6719 -0.3988 0.6241
vn -0.7182 -0.5769 0.3891
vn -0.6522 0.1191 0.7486
vn 0.1500 0.4453 0.8827
vn -0.4201 -0.1280 0.8984
vn -0.2729 -0.3580 0.8929
vn -0.4625 0.2390 0.8538
vn 0.0649 -0.0007 0.9979
vn 0.6466 0.0200 0.7625
vn 0.4104 0.7325 0.5431
vn 0.2680 0.8225 0.5016
vn 0.0392 -0.5248 0.8503
vn -0.1746 0.9427 0.2843
vn -0.6777 0.6965 0.2358
vn -0.8048 -0.2609 0.5332
vn -0.8016 -0.4322 0.4131
vn 0.4719 0.8810 0.0342
vn 0.0189 0.9939 0.1090
vn -0.4562 -0.1866 0.8701
vn 0.2380 -0.2297 0.9437
vn -0.8322 -0.3828 0.4011
vn 0.0104 -0.9183 0.3957
vn -0.6896 -0.2293 0.6870
vn -0.7312 -0.0425 0.6809
vn 0.0491 0.4612 0.8859
vn 0.1833 -0.9233 0.3376
vn -0.6948 -0.6102 0.3807
vn -0.9216 -0.1449 0.3600
vn 0.4067 -0.0221 0.9133
vn -0.9643 0.2268 -0.1368
vn 0.3263 -0.5119 0.7947
vn -0.5434 -0.5996 0.5875
vn -0.0439 0.2072 0.9773
vn 0.4323 -0.5943 0.6782
vn 0.6733 -0.3478 0.6525
vn -0.4883 0.1500 0.8597
vn 0.5147 0.2896 0.8070
vn -0.2760 0.2574 0.9260
vn -0.3929 -0.1374 0.9093
vn -0.2832 -0.5712 0.7704
vn 0.1648 0.1820 0.9694
vn -0.5609 -0.0613 0.8256
vn 0.2919 0.3603 0.8860
vn 0.5731 -0.1044 0.8128
vn 0.1692 0.8195 0.5475
vn -0.6403 -0.5369 0.5493
vn -0.8268 0.5350 0.1738
vn -0.9593 0.1033 0.2629
vn -0.6741 -0.7223 0.1541
vn 0.8194 0.3405 0.4612
vn 0.5809 0.8122 0.0535
vn -0.5830 0.8027 0.1253
vn 0.0012 -0.5697 0.8219
vn -0.7622 -0.6214 0.1816
vn -0.9208 -0.3710 0.1204
vn -0.0598 0.9010 0.4298
vn 0.1511 0.8765 0.4570
vn 0.6916 0.6396 0.3356
vn -0.6855 -0.3810 -0.6204
vn -0.8525 -0.1834 -0.4895
vn 0.6451 -0.5775 0.5003
vn 0.3018 0.0216 0.9531
vn 0.7102 -0.4285 0.5585
vn -0.4105 0.1637 0.8970
vn -0.5214 0.2593 0.8130
vn -0.3127 -0.3251 0.8925
vn 0.4451 0.0534 0.8939
vn -0.4164 0.1046 0.9031
vn 0.4113 0.1590 0.8975
vn 0.0608 0.9372 0.3435
vn 0.4326 0.2817 0.8564
vn 0.6678 -0.2322 0.7072
vn -0.6502 -0.4765 0.5918
vn 0.6891 -0.0659 0.7216
vn 0.8676 0.2820 0.4095
vn 0.0134 0.9958 0.0911
vn 0.3677 -0.8515 0.3738
vn 0.9470 -0.0755 0.3123
vn -0.2551 0.2182 0.9420
vn -0.2463 0.3367 0.9088
vn 0.4037 0.6780 0.6142
vn 0.2238 0.8086 0.5441
vn 0.0354 -0.6851 0.7276
vn 0.5537 -0.5721 0.6050
vn 0.5205 -0.3861 0.7616
vn -0.9726 -0.1920 -0.1307
vn -0.7221 -0.2888 -0.6287
vn -0.7542 -0.0433 -0.6552
vn 0.7420 -0.3048 0.5971
vn 0.7180 -0.1415 0.6815
vn -0.9422 -0.3142 -0.1166
vn -0.2681 -0.0790 0.9601
vn -0.5305 0.2359 0.8142
vn -0.3370 -0.5748 0.7457
vn 0.7246 0.0748 0.6851
vn 0.4659 0.1716 0.8680
vn 0.1017 0.4350 0.8947
vn 0.2055 0.4204 0.8838
vn 0.6433 -0.0609 0.7632
vn 0.7287 -0.1236 0.6736
vn 0.5263 0.5472 0.6508
vn 0.1697 0.9225 0.3467
vn -0.7498 0.6602 -0.0433
vn -0.9055 0.2035 -0.3724
vn -0.9475 -0.3152 -0.0531
vn -0.2786 -0.9587 -0.0564
vn -0.8376 -0.1006 0.5370
vn 0.7311 -0.0695 0.6787
vn -0.1415 0.9846 0.1030
vn -0.9887 -0.0795 0.1270
vn 0.8999 0.3561 -0.2518
vn -0.9559 0.0093 0.2934
vn -0.7735 -0.0481 0.6320
vn 0.6061 -0.2127 0.7665
vn 0.0908 -0.0814 0.9925
vn 0.8090 -0.3453 0.4757
vn 0.0010 -0.2523 0.9676
vn 0.6698 -0.5237 0.5264
vn -0.7672 -0.6200 0.1644
vn 0.7547 0.1690 0.6339
vn -0.8630 -0.4447 0.2395
vn -0.6228 0.2338 0.7466
vn 0.5130 -0.0227 0.8581
vn 0.2175 0.2481 0.9440
vn -0.2799 -0.3035 0.9108
vn 0.6748 0.0683 0.7348
vn 0.4170 0.1170 0.9014
vn 0.1361 0.4368 0.8892
vn 0.3220 0.7521 0.5750
vn -0.3648 0.9083 0.2049
vn -0.8195 -0.2723 0.5043
vn -0.8087 -0.3123 -0.4984
vn -0.7245 -0.6362 -0.2653
vn 0.0876 -0.9584 0.2716
vn 0.4299 -0.8808 -0.1983
vn -0.6395 -0.2777 0.7169
vn -0.7927 -0.3888 0.4695
vn -0.5937 -0.5866 -0.5508
vn -0.3930 -0.5348 -0.7480
vn -0.9553 0.1707 -0.2413
vn -0.2140 -0.1806 0.9600
vn 0.0172 -0.1533 0.9880
vn -0.0613 -0.5862 0.8078
vn -0.8844 0.4333 -0.1736
vn -0.7498 0.1275 0.6492
vn 0.7866 -0.4637 0.4077
vn -0.1603 0.2772 0.9473
vn -0.3839 0.3212 0.8657
vn -0.4462 0.2168 0.8683
vn -0.2402 0.0219 0.9705
vn 0.2164 0.2348 0.9476
vn -0.0895 0.9612 0.2608
vn -0.5874 0.7591 0.2805
vn -0.7791 0.3883 -0.4921
vn -0.9482 -0.2524 -0.1930
vn 0.3647 -0.7994 0.4774
vn -0.7818 -0.5033 -0.3682
vn -0.2795 -0.9375 -0.2075
vn -0.2734 -0.8829 0.3817
vn 0.3392 -0.9332 0.1185
vn -0.1962 -0.9495 -0.2449
vn 0.9110 -0.2041 -0.3584
vn -0.4609 0.7011 0.5441
vn -0.9134 0.2961 0.2792
vn -0.6196 0.6862 0.3811
vn 0.2329 0.5548 0.7987
vn -0.3078 -0.2554 0.9165
vn -0.0831 -0.2921 0.9528
vn -0.5250 -0.0361 0.8503
vn 0.0900 -0.9156 0.3919
vn -0.0683 0.0727 0.9950
vn 0.3524 -0.4750 0.8063
vn 0.2107 -0.6378 0.7408
vn -0.5187 -0.6367 0.5706
vn -0.5729 0.6481 0.5018
vn -0.5953 0.2842 0.7516
vn 0.8156 -0.2232 0.5338
vn 0.3334 0.2870 0.8980
vn 0.5600 0.1266 0.8188
vn -0.4942 0.1865 0.8491
vn 0.2045 -0.5296 0.8232
vn -0.4357 0.0838 0.8962
vn -0.5743 -0.2971 0.7628
vn 0.0935 0.4486 0.8888
vn 0.6037 0.4012 0.6889
vn -0.8490 0.3351 0.4085
vn -0.9613 0.2403 -0.1348
vn -0.8444 -0.3135 -0.4343
vn -0.6023 -0.6211 0.5015
vn 0.0143 -0.8168 0.5768
vn 0.8583 0.4075 0.3119
vn -0.2434 -0.8284 0.5044
vn 0.7517 -0.6024 0.2686
vn 0.3274 -0.9367 0.1239
vn -0.1468 -0.4602 0.8756
vn 0.3565 0.5940 0.7212
vn 0.1482 0.8174 0.5566
vn 0.4484 0.7796 0.4371
vn -0.4552 -0.2431 0.8566
vn 0.0633 -0.4652 -0.8829
vn 0.4310 -0.7313 -0.5286
vn 0.0498 -0.9967 -0.0633
vn -0.0125 -0.8030 0.5958
vn -0.6771 0.0154 -0.7357
vn -0.9047 -0.4133 -0.1038
vn -0.7864 -0.5581 -0.2649
vn -0.8469 -0.5261 0.0774
vn -0.9862 -0.0850 0.1420
vn -0.3641 -0.4950 0.7890
vn -0.2725 -0.5511 0.7887
vn 0.7022 0.1496 0.6961
vn -0.6311 0.6788 0.3755
vn 0.5125 0.2269 0.8282
vn 0.1132 0.2622 0.9583
vn -0.4234 0.2990 0.8552
vn -0.2235 0.2414 0.9443
vn 0.7829 -0.3151 0.5365
vn -0.3595 -0.2929 0.8860
vn 0.2035 0.3320 0.9211
vn -0.8138 -0.3358 0.4744
vn 0.2622 0.8592 0.4393
vn -0.1699 -0.9850 0.0302
vn -0.3037 -0.9263 -0.2229
vn -0.7644 -0.5809 -0.2797
vn 0.2182 -0.8895 0.4014
vn 0.3020 0.9526 0.0356
vn 0.8121 0.3450 0.4707
vn 0.3826 0.8058 0.4520
vn -0.0788 0.6430 0.7618
vn 0.6620 -0.6760 -0.3237
vn 0.6653 -0.7380 -0.1130
vn -0.6151 -0.0253 -0.7880
vn 0.4018 -0.7602 0.5106
vn 0.0829 -0.5372 0.8393
vn -0.5628 -0.7971 -0.2189
vn 0.3408 -0.4770 0.8101
vn 0.7849 -0.4997 0.3662
vn -0.9468 -0.1278 0.2954
vn -0.2154 0.0121 0.9764
vn 0.1174 0.3154 0.9417
vn 0.2201 0.2030 0.9541
vn -0.7633 -0.3066 0.5686
vn 0.1986 0.9490 0.2449
vn 0.3915 0.7980 0.4582
vn -0.8386 0.4042 0.3652
vn -0.8230 -0.3185 0.4703
vn -0.7996 -0.5382 -0.2665
vn -0.8865 -0.4555 -0.0813
vn 0.0536 -0.9694 0.2394
vn -0.3588 0.9205 0.1549
vn 0.0808 0.9918 0.0991
vn 0.2013 -0.9060 0.3724
vn 0.1909 -0.9201 0.3421
vn 0.7823 -0.5364 -0.3168
vn -0.2076 0.7795 0.5911
vn 0.7265 0.6867 0.0255
vn 0.5519 0.4919 0.6734
vn 0.1005 -0.1269 0.9868
vn 0.0583 -0.4535 0.8893
vn 0.6484 -0.7267 0.2270
vn -0.4871 -0.7478 0.4512
vn 0.9084 0.0147 0.4179
vn -0.6914 -0.6985 0.1845
vn -0.9148 -0.3966 0.0765
vn -0.8715 0.4846 0.0748
vn -0.2646 0.7020 0.6612
vn -0.3724 0.3703 0.8510
vn -0.1976 0.4748 0.8577
vn 0.2127 0.1764 0.9611
vn 0.0556 0.2144 0.9752
vn 0.0010 -0.3818 0.9243
vn 0.0838 0.2015 0.9759
vn -0.0173 -0.5296 0.8481
vn -0.4338 0.4223 0.7959
vn 0.8922 -0.1632 0.4210
vn -0.1899 -0.0745 0.9790
vn -0.1969 -0.2504 0.9479
vn -0.1596 -0.6612 0.7330
vn -0.7845 -0.4619 0.4137
vn 0.7226 -0.0338 0.6904
vn -0.8162 -0.3808 0.4346
vn 0.8032 -0.0815 0.5901
vn -0.0110 0.9718 0.2355
vn -0.6075 0.7869 0.1082
vn -0.9638 0.0892 -0.2515
vn -0.5248 -0.8491 -0.0604
vn 0.3260 -0.8439 0.4260
vn -0.0111 0.9950 0.0988
vn -0.5471 -0.5475 0.6332
vn -0.3980 -0.8451 0.3570
vn 0.8628 -0.3714 0.3431
vn -0.5898 0.4212 0.6890
vn 0.0123 0.6262 0.7795
vn 0.3098 0.3824 0.8705
vn -0.5411 0.5317 0.6516
vn 0.1118 0.6841 0.7208
vn 0.3883 0.7536 0.5303
vn 0.2753 0.6182 0.7362
vn 0.1243 -0.6411 -0.7574
vn 0.8221 -0.5130 0.2468
vn -0.0431 -0.2922 0.9554
vn 0.6000 -0.7849 0.1548
vn 0.1411 -0.7319 0.6667
vn 0.3871 -0.8705 0.3040
vn 0.5514 -0.5244 0.6489
vn 0.2470 -0.7060 0.6637
vn 0.0965 -0.2576 0.9614
vn 0.6262 -0.4331 0.6483
vn 0.0384 -0.4521 0.8912
vn -0.3159 -0.5822 0.7491
vn -0.7729 0.6086 0.1796
vn -0.6462 -0.6714 0.3630
vn 0.0998 0.1597 0.9821
vn 0.8273 -0.3525 0.4374
vn 0.3048 0.1837 0.9345
vn 0.1317 0.1385 0.9816
vn 0.1669 0.3165 0.9338
vn 0.0197 -0.2719 0.9621
vn 0.0031 -0.5086 0.8610
vn 0.4024 -0.2763 0.8728
vn -0.4678 -0.6347 0.6150
vn 0.4624 0.8770 0.1308
vn 0.7585 0.3166 0.5696
vn 0.8254 -0.2304 0.5154
vn -0.9279 0.3708 0.0388
vn -0.9926 -0.1175 -0.0316
vn -0.7878 -0.6151 -0.0332
vn -0.8592 -0.4922 -0.1397
vn 0.3527 -0.8355 0.4213
vn -0.9102 -0.1194 0.3965
vn 0.7183 0.6956 0.0173
vn -0.0750 0.9954 0.0591
vn 0.4855 -0.5665 0.6659
vn 0.2522 -0.2710 0.9290
vn -0.2178 -0.5092 0.8327
vn -0.3001 0.3997 0.8661
vn 0.2857 0.4928 0.8219
vn -0.7713 0.5183 0.3694
vn 0.3606 0.7384 0.5698
vn 0.5353 -0.8316 -0.1482
vn -0.0640 -0.7531 -0.6548
vn -0.4794 -0.3380 -0.8099
vn 0.6233 -0.7819 -0.0112
vn 0.2631 -0.0993 0.9596
vn -0.8506 0.4516 -0.2692
vn 0.7810 -0.4967 0.3787
vn 0.5815 -0.3176 0.7490
vn 0.1724 -0.1521 0.9732
vn 0.5729 -0.2976 0.7637
vn 0.5724 -0.3318 0.7499
vn -0.9772 -0.1827 0.1083
vn 0.7204 0.1217 0.6828
vn 0.6369 0.0655 0.7681
vn -0.1020 -0.1167 0.9879
vn 0.0170 -0.3353 0.9420
vn 0.2148 -0.6794 0.7016
vn -0.1827 0.0048 0.9831
vn -0.1306 -0.0019 0.9914
vn -0.1537 -0.5842 0.7969
vn -0.1697 -0.1489 0.9742
vn 0.2736 -0.1689 0.9469
vn -0.9150 -0.2554 0.3124
vn -0.9436 -0.0941 0.3176
vn 0.5825 0.7595 0.2896
vn 0.9243 0.3451 0.1628
vn -0.5852 -0.8054 -0.0945
vn -0.0161 -0.9867 0.1619
vn -0.5406 0.8297 0.1387
vn 0.4035 0.9080 0.1133
vn -0.0068 -0.1684 0.9857
vn 0.3509 -0.1528 0.9238
vn -0.1945 -0.0206 0.9807
vn -0.3099 0.2058 0.9282
vn -0.6960 0.3714 0.6146
vn 0.0878 0.2477 0.9649
vn 0.2121 0.4465 0.8693
vn 0.5112 0.0652 0.8570
vn 0.0860 0.0935 0.9919
vn -0.1113 0.5529 0.8258
vn -0.4120 -0.5528 -0.7243
vn 0.1206 -0.9060 -0.4058
vn 0.7045 -0.6957 0.1405
vn -0.7314 -0.2443 -0.6367
vn -0.9083 0.0017 -0.4184
vn 0.7768 -0.3038 0.5517
vn -1.0000 -0.0069 -0.0017
vn -0.9858 0.1553 0.0633
vn -0.9463 0.2605 0.1916
vn -0.8015 0.5659 0.1934
vn 0.0743 0.6283 0.7744
vn -0.5550 0.3905 0.7345
vn 0.5602 0.1765 0.8093
vn 0.3284 0.2051 0.9220
vn 0.1917 0.3420 0.9199
vn 0.1791 0.3270 0.9279
vn -0.0706 -0.3681 0.9271
vn 0.0823 -0.2175 0.9726
vn 0.2214 0.1991 0.9547
vn 0.1249 -0.3374 0.9330
vn 0.7117 -0.0004 0.7025
vn 0.3895 0.1745 0.9043
vn 0.1165 0.2081 0.9711
vn -0.1127 0.0149 0.9935
vn 0.0834 0.1044 0.9910
vn -0.6560 -0.4999 0.5654
vn 0.0457 0.9646 0.2596
vn 0.6537 0.1871 0.7333
vn -0.0689 0.8342 0.5472
vn -0.2185 0.1932 0.9565
vn -0.7556 0.2953 0.5848
vn -0.0194 -0.6279 0.7781
vn 0.5047 -0.6665 0.5487
vn -0.5380 -0.6610 0.5231
vn -0.8827 0.3880 0.2652
vn 0.1366 -0.5820 0.8016
vn -0.7446 -0.0470 0.6659
vn -0.7576 -0.4970 0.4232
vn -0.6289 -0.7521 0.1969
vn 0.5860 -0.8032 0.1068
vn -0.8931 -0.4490 0.0286
vn -0.9072 -0.4013 0.1261
vn -0.4091 -0.9124 0.0121
vn 0.3066 0.9462 0.1031
vn -0.1098 0.9888 0.1015
vn -0.4240 -0.1956 0.8843
vn -0.8212 -0.0202 0.5703
vn -0.9276 -0.1483 0.3428
vn -0.8266 0.3403 0.4482
vn 0.2974 0.2155 0.9301
vn -0.0488 0.2258 0.9729
vn 0.2293 0.1260 0.9652
vn -0.1201 0.4707 0.8741
vn 0.5922 0.1862 0.7840
vn 0.4442 0.2005 0.8732
vn -0.1494 -0.8914 -0.4278
vn 0.4005 -0.9160 0.0226
vn 0.7900 -0.6027 0.1119
vn -0.9187 -0.0346 0.3934
vn -0.5438 -0.4155 -0.7291
vn -0.0585 -0.4537 -0.8892
vn 0.1452 -0.8856 -0.4412
vn -0.4181 -0.2033 -0.8854
vn -0.4789 -0.5547 -0.6804
vn -0.8409 -0.1536 -0.5190
vn -0.9282 0.3505 0.1250
vn 0.1572 -0.6591 0.7354
vn 0.3019 -0.6755 0.6727
vn -0.2971 0.7633 0.5737
vn -0.0490 0.3276 0.9436
vn 0.1808 0.1894 0.9651
vn 0.8151 -0.3689 0.4467
vn 0.7238 -0.0445 0.6886
vn -0.3370 0.0545 0.9399
vn 0.2620 0.4083 0.8744
vn -0.0932 -0.2998 0.9494
vn 0.3098 0.3671 0.8771
vn 0.1177 -0.5262 0.8422
vn 0.6019 -0.0168 0.7984
vn -0.2053 -0.4955 0.8440
vn -0.1660 0.9675 0.1906
vn 0.9859 0.0419 0.1622
vn 0.5675 0.7960 0.2107
vn 0.9025 0.4306 0.0065
vn 0.8037 -0.5701 0.1706
vn -0.7026 -0.4226 0.5725
vn -0.7146 0.6873 -0.1302
vn -0.3759 0.6863 -0.6226
vn 0.6611 -0.7220 -0.2041
vn -0.1028 -0.0229 0.9944
vn 0.5985 0.7387 0.3100
vn -0.3255 0.8839 0.3358
vn 0.6855 -0.0214 0.7278
vn 0.9632 -0.0705 -0.2595
vn -0.8769 0.4721 -0.0897
vn -0.3467 0.9171 -0.1968
vn -0.5726 0.1508 0.8059
vn -0.8463 0.2755 -0.4559
vn 0.6884 -0.4560 0.5641
vn -0.1070 -0.8886 -0.4461
vn 0.2250 -0.3385 0.9137
vn -0.9277 -0.3731 0.0126
vn -0.0594 -0.9725 -0.2254
vn -0.9062 -0.3014 0.2966
vn 0.4952 -0.7381 0.4583
vn -0.2876 -0.9570 0.0373
vn 0.2467 -0.9342 0.2576
vn -0.0998 -0.9880 0.1175
vn -0.1825 -0.9811 0.0645
vn -0.2063 -0.7661 0.6087
vn 0.5501 -0.8162 -0.1767
vn -0.0183 -0.9961 0.0860
vn -0.2580 -0.9317 0.2557
vn -0.7674 -0.4415 0.4648
vn -0.3820 -0.5002 0.7771
vn 0.6295 0.3324 0.7023
vn 0.5130 0.3343 0.7906
vn 0.9595 0.2784 -0.0437
vn 0.0156 0.5602 0.8282
vn 0.7137 0.2030 0.6704
vn 0.5217 0.4954 0.6945
vn 0.6420 0.4897 0.5899
vn -0.6198 -0.5497 -0.5601
vn -0.7694 -0.5036 -0.3930
vn -0.9111 0.3802 -0.1594
vn -0.9239 0.3220 0.2065
vn 0.6922 -0.4624 0.5541
vn -0.9364 0.1312 0.3254
vn 0.0344 -0.3707 -0.9281
vn -0.7010 0.1413 -0.6990
vn -0.6185 0.1434 -0.7726
vn -0.9557 0.1153 -0.2708
vn -0.9527 0.1359 0.2717
vn 0.0547 -0.4422 0.8953
vn -0.8699 0.4338 0.2349
vn -0.6352 0.6018 0.4841
vn 0.3576 0.2534 0.8988
vn 0.5991 -0.6336 0.4896
vn -0.5200 0.4080 0.7504
vn -0.3819 0.2767 0.8818
vn 0.0740 0.0702 0.9948
vn -0.0507 -0.3902 0.9193
vn 0.0090 0.2692 0.9630
vn -0.0458 -0.3154 0.9479
vn -0.0399 -0.6660 0.7448
vn 0.0175 0.6334 0.7737
vn 0.0010 0.0516 0.9987
vn -0.0023 -0.0541 0.9985
vn 0.0052 0.0901 0.9959
vn -0.1556 -0.4180 0.8950
vn 0.2588 -0.4337 0.8631
vn 0.1433 -0.6362 0.7581
vn -0.1616 -0.7615 0.6276
vn 0.6567 -0.1912 0.7295
vn -0.8763 -0.3876 0.2861
vn 0.6490 0.7594 -0.0458
vn 0.5673 0.8235 0.0027
vn 0.7696 0.6214 -0.1467
vn 0.2131 0.9606 0.1785
vn -0.4310 0.8080 0.4017
vn -0.7104 0.3423 -0.6149
vn -0.2366 -0.5281 0.8156
vn -0.1730 0.7609 -0.6255
vn 0.9512 0.3009 0.0680
vn 0.1263 -0.7976 -0.5898
vn -0.4080 0.0546 -0.9113
vn -0.1712 -0.2638 -0.9493
vn 0.7024 -0.2275 0.6745
vn 0.9825 -0.0670 0.1740
vn -0.9295 -0.1208 -0.3486
vn 0.0943 -0.9489 0.3013
vn 0.6554 -0.5457 0.5222
vn -0.9108 -0.3678 0.1877
vn -0.8049 -0.5500 0.2228
vn 0.7816 0.0094 0.6237
vn -0.5196 -0.7603 0.3899
vn -0.7987 0.5979 0.0680
vn 0.8548 0.4524 0.2541
vn 0.2935 0.9487 0.1175
vn -0.4249 -0.2433 0.8719
vn 0.0911 -0.9944 0.0529
vn -0.1871 -0.5878 0.7871
vn 0.4487 -0.6793 0.5807
vn -0.4208 -0.0980 0.9019
vn 0.7090 -0.0204 0.7049
vn -0.0232 0.3361 0.9416
vn -0.4055 -0.1541 0.9010
vn 0.1090 0.6744 0.7303
vn -0.4738 0.7617 0.4419
vn -0.0077 0.9074 0.4202
vn -0.5572 -0.8005 -0.2208
vn 0.7663 -0.5061 0.3957
vn 0.2544 -0.7167 -0.6493
vn -0.2444 -0.6760 -0.6952
vn -0.4406 -0.3883 -0.8094
vn 0.5501 -0.7542 -0.3587
vn -0.2349 -0.2969 0.9256
vn 0.1720 0.3522 0.9200
vn 0.3811 0.1711 0.9085
vn 0.4047 0.1271 0.9056
vn -0.0660 -0.9743 0.2152
vn -0.0988 -0.6829 0.7238
vn -0.6877 0.2627 0.6768
vn -0.3188 -0.7034 0.6353
vn -0.1609 0.9408 0.2984
vn 0.3591 0.9285 -0.0943
vn -0.8166 0.4527 0.3581
vn -0.6403 0.7651 -0.0677
vn -0.9753 0.1873 -0.1170
vn -0.8889 -0.1987 0.4128
vn -0.1745 -0.9593 0.2222
vn 0.9573 0.2860 0.0423
vn 0.9355 -0.2153 0.2802
vn 0.8070 -0.0622 0.5872
vn -0.9091 -0.0840 0.4081
vn 0.8985 0.2401 0.3676
vn 0.4324 0.8942 0.1164
vn 0.2411 0.9678 0.0716
vn 0.7086 -0.5527 0.4386
vn 0.9354 -0.3226 -0.1447
vn 0.4006 -0.3631 0.8412
vn 0.7237 -0.2625 0.6383
vn 0.1285 0.1560 0.9794
vn 0.5279 -0.6897 0.4956
vn 0.6594 -0.2360 0.7138
vn -0.7029 0.5188 0.4866
vn 0.7327 0.6445 0.2185
vn -0.0450 0.8123 0.5816
vn 0.3755 0.7659 0.5219
vn 0.0215 -0.9938 0.1089
vn -0.9900 -0.1177 -0.0775
vn 0.5080 -0.3706 0.7775
vn -0.8759 0.3069 -0.3723
vn -0.6401 0.5839 0.4992
vn -0.2079 -0.2965 0.9321
vn -0.3062 0.6061 0.7341
vn -0.0866 -0.3523 0.9319
vn -0.7478 -0.4911 0.4468
vn -0.7854 0.0867 0.6129
vn -0.1674 0.4053 0.8987
vn -0.1258 0.1514 0.9804
vn 0.2046 0.3713 0.9057
vn -0.0114 0.1197 0.9927
vn 0.1546 0.1296 0.9794
vn 0.1706 -0.5424 0.8226
vn 0.4914 0.8651 0.1003
vn -0.9018 0.2944 -0.3164
vn 0.9898 -0.1160 0.0833
vn -0.9271 0.3431 0.1509
vn 0.3795 -0.9156 0.1325
vn -0.4905 -0.4667 0.7359
vn -0.9764 0.2071 -0.0606
vn 0.9169 -0.3939 -0.0636
vn -0.9961 0.0699 -0.0541
vn 0.4726 -0.8651 0.1681
vn -0.7899 0.0648 0.6098
vn -0.3864 -0.9223 0.0011
vn -0.9343 -0.2242 0.2773
vn -0.6396 0.7439 0.1936
vn 0.1908 0.9750 0.1141
vn -0.0068 0.9978 0.0662
vn 0.6641 -0.5395 0.5176
vn 0.1083 -0.9594 0.2606
vn 0.3959 -0.9118 0.1089
vn -0.4325 -0.4521 0.7801
vn -0.6929 -0.7085 0.1343
vn -0.2567 0.4331 0.8640
vn -0.4329 -0.2510 0.8658
vn 0.2013 0.4056 0.8916
vn -0.5574 0.5753 0.5986
vn -0.5603 -0.8270 0.0469
vn -0.4626 -0.8348 -0.2985
vn -0.0211 -0.9544 -0.2979
vn -0.7078 -0.5492 -0.4442
vn -0.9284 -0.0299 -0.3704
vn 0.3526 -0.9282 0.1186
vn -0.8791 0.4283 0.2092
vn -0.2861 0.6492 0.7048
vn -0.1799 -0.3456 0.9210
vn -0.2052 -0.5220 0.8279
vn 0.6805 0.0378 0.7318
vn -0.2955 0.0238 0.9551
vn -0.0381 0.0399 0.9985
vn -0.0540 0.4651 0.8836
vn -0.4192 -0.6763 0.6057
vn 0.5763 -0.3769 0.7251
vn -0.8985 0.1380 0.4168
vn -0.3576 0.9322 0.0558
vn 0.5906 0.4791 0.6494
vn -0.3856 0.9195 0.0761
vn -0.6270 0.7583 -0.1783
vn 0.7715 0.6337 -0.0570
vn -0.9176 -0.3454 0.1966
vn 0.6835 -0.7189 0.1268
vn -0.9939 -0.1071 0.0268
vn -0.9178 0.2176 -0.3321
vn -0.8596 -0.5076 0.0579
vn -0.3006 -0.9399 0.1616
vn 1.0000 0.0046 -0.0074
vn -0.3443 -0.9329 0.1056
vn -0.9965 0.0081 0.0832
vn -0.8852 -0.4590 0.0760
vn -0.8997 -0.2173 0.3786
vn -0.9321 0.3231 0.1637
vn 0.8229 -0.0668 0.5643
vn 0.8408 -0.3414 0.4201
vn -0.7643 -0.3960 0.5089
vn 0.7761 -0.5271 0.3461
vn -0.1928 0.4075 0.8926
vn 0.7734 0.4464 0.4502
vn 0.8923 0.1101 0.4377
vn 0.7529 0.4142 0.5114
vn 0.3905 -0.9003 -0.1923
vn -0.8478 -0.1836 0.4975
vn -0.8319 0.5098 -0.2192
vn -0.1059 -0.9077 0.4060
vn -0.5991 -0.6676 0.4421
vn -0.8534 0.4652 -0.2351
vn -0.1466 -0.1321 0.9803
vn 0.2408 0.2828 0.9285
vn 0.0205 -0.3776 0.9257
vn 0.3125 -0.5360 0.7843
vn 0.3109 -0.6622 0.6818
vn 0.5811 -0.3958 0.7111
vn 0.2468 0.1180 0.9618
vn 0.1929 0.1822 0.9642
vn -0.7114 -0.5920 0.3787
vn 0.8285 -0.3170 0.4616
vn -0.1621 0.8276 0.5373
vn 0.4942 0.0569 0.8675
vn -0.4408 0.8591 0.2599
vn -0.7965 0.4880 -0.3570
vn 0.5549 -0.8317 -0.0213
vn 0.6593 -0.7382 -0.1430
vn -0.8648 0.0025 -0.5022
vn -0.5930 -0.7652 -0.2507
vn 0.6169 -0.7536 0.2270
vn 0.4631 -0.8690 0.1745
vn 0.1134 -0.8657 0.4876
vn 0.3155 -0.6128 0.7246
vn 0.6988 -0.6369 0.3257
vn 0.4856 -0.8113 0.3257
vn -0.3331 -0.2408 0.9116
vn 0.0359 0.0200 0.9992
vn -0.8785 0.1875 0.4393
vn -0.0431 0.4886 0.8715
vn 0.4842 -0.8502 0.2067
vn 0.6294 -0.1957 0.7520
vn -0.6649 0.3731 0.6471
vn -0.4250 -0.9043 -0.0405
vn 0.6505 -0.7418 -0.1630
vn 0.5312 -0.8427 0.0877
vn 0.3399 0.4145 0.8442
vn 0.0445 -0.3125 0.9489
vn 0.0255 0.5393 0.8417
vn -0.1394 -0.0389 0.9895
vn -0.1636 -0.0572 0.9849
vn -0.3145 0.0477 0.9481
vn -0.7066 -0.6720 0.2216
vn 0.1706 -0.9451 0.2787
vn -0.9593 0.2431 0.1435
vn -0.0829 -0.9965 -0.0143
vn 0.9546 0.2874 -0.0779
vn -0.8434 0.1429 -0.5180
vn -0.7787 -0.3246 -0.5368
vn 0.8334 -0.0400 0.5513
vn -0.1961 -0.8315 0.5198
vn -0.0774 -0.3131 0.9466
vn 0.4291 -0.0161 0.9031
vn 0.1963 -0.5928 0.7810
vn -0.8153 -0.4075 0.4113
vn 0.5390 0.0017 0.8423
vn -0.1858 0.1838 0.9652
vn 0.5170 0.5212 0.6790
vn 0.1642 0.4470 0.8793
vn -0.5335 0.4201 0.7341
vn 0.0121 0.7889 0.6144
vn -0.6517 -0.7302 0.2051
vn 0.2648 -0.2912 0.9193
vn 0.1654 -0.7051 0.6895
vn -0.8023 -0.1121 0.5863
vn 0.2259 0.1588 0.9611
vn -0.1572 -0.0368 0.9869
vn 0.1481 0.1560 0.9766
vn -0.1239 -0.7481 0.6519
vn 0.7903 -0.2648 0.5525
vn -0.2796 0.9566 0.0822
vn 0.5431 0.8369 -0.0675
vn 0.6610 0.7436 -0.1004
vn -0.4996 0.8535 -0.1482
vn -0.6255 0.7764 -0.0768
vn 0.9138 -0.4029 -0.0510
vn 0.5773 -0.8085 -0.1142
vn 0.8359 -0.1367 0.5317
vn -0.1779 0.9760 0.1254
vn 0.0037 0.9957 0.0931
vn -0.1263 -0.7654 0.6311
vn 0.1724 0.3758 0.9105
vn -0.4612 0.5913 0.6616
vn 0.6016 0.5971 0.5306
vn 0.1680 0.5943 0.7865
vn -0.4379 -0.8795 0.1861
vn -0.9300 0.1490 0.3359
vn -0.9207 0.3819 0.0805
vn -0.5614 -0.7806 0.2750
vn 0.6965 0.0110 0.7175
vn -0.9877 0.1501 -0.0435
vn -0.0122 -0.8761 0.4820
vn -0.6522 0.5370 0.5351
vn 0.3172 0.1983 0.9274
vn -0.7548 -0.5085 0.4144
vn 0.7011 -0.4416 0.5598
vn 0.8360 -0.3381 0.4323
vn -0.7705 0.6371 0.0221
vn -0.3727 -0.9004 0.2245
vn 0.8575 -0.0830 0.5077
vn -0.8770 -0.0788 -0.4740
vn 0.3215 -0.9452 0.0563
vn 0.0856 -0.9958 -0.0323
vn 0.8853 0.0190 0.4646
vn 0.7940 0.0338 0.6069
vn 0.2339 0.9670 0.1010
vn -0.7658 -0.1784 0.6179
vn -0.0507 -0.1744 0.9834
vn 0.2280 0.1756 0.9577
vn -0.8929 -0.4262 0.1452
vn 0.2002 -0.3093 0.9296
vn 0.3075 0.1807 0.9343
vn -0.1495 -0.0644 0.9867
vn -0.0155 0.3251 0.9455
vn 0.0420 -0.6923 0.7203
vn 0.2544 0.9590 0.1251
vn -0.2860 0.9561 0.0639
vn -0.8473 0.5281 -0.0565
vn -0.8997 0.2542 -0.3549
vn 0.7749 0.6293 -0.0597
vn -0.9395 -0.2508 0.2333
vn -0.5501 -0.8226 0.1439
vn 0.9871 0.1529 -0.0480
vn -0.1008 -0.1052 0.9893
vn 0.5388 -0.0544 0.8407
vn 0.0911 0.8626 0.4977
vn -0.8945 0.0002 0.4471
vn -0.1511 -0.8790 0.4523
vn -0.3335 -0.9424 -0.0274
vn 0.8964 0.2736 0.3488
vn 0.7561 -0.4274 0.4957
vn -0.6755 0.4375 0.5935
vn 0.1492 -0.9242 0.3516
vn -0.7206 0.3208 0.6146
vn -0.4135 0.3209 0.8521
vn -0.4106 -0.0120 0.9118
vn -0.4802 -0.1007 0.8714
vn -0.6082 -0.1325 0.7826
vn -0.8822 -0.4708 0.0007
vn 0.7314 -0.6628 0.1604
vn -0.7097 -0.2599 0.6548
vn -0.5504 -0.6816 0.4822
vn 0.4261 -0.8966 0.1205
vn -0.8217 0.5472 0.1594
vn -0.3965 0.5457 0.7383
vn 0.6003 -0.0459 0.7984
vn -0.1963 0.1231 0.9728
vn 0.0269 0.0887 0.9957
vn -0.1211 0.9403 0.3181
vn -0.8197 0.4061 0.4039
vn -0.3840 0.9172 0.1067
vn -0.8926 0.4396 0.1004
vn 0.7743 0.2230 0.5923
vn -0.9967 0.0570 -0.0579
vn 0.3387 -0.9178 -0.2071
vn 0.5708 0.0915 0.8160
vn -0.1685 0.8040 0.5702
vn 0.1057 0.4371 0.8932
vn -0.7087 0.6848 0.1694
vn 0.4825 -0.7052 0.5195
vn -0.9129 -0.3668 -0.1791
vn -0.3152 -0.9442 -0.0958
vn -0.8071 -0.4354 -0.3988
vn -0.5510 -0.8247 -0.1277
vn -0.4399 0.8690 0.2267
vn 0.4846 -0.4340 0.7595
vn 0.4142 0.1971 0.8886
vn -0.8284 -0.0851 0.5537
vn -0.8263 0.3778 0.4177
vn 0.1400 -0.9287 0.3435
vn 0.0454 -0.8553 0.5161
vn 0.7034 -0.6639 0.2539
vn 0.3390 -0.0085 0.9407
vn 0.0098 0.0730 0.9973
vn -0.0789 -0.0783 0.9938
vn 0.1895 -0.2551 0.9482
vn 0.0214 0.0585 0.9981
vn -0.5806 0.8116 -0.0649
vn -0.2399 -0.9610 0.1379
vn 0.8756 0.4807 -0.0474
vn 0.9949 -0.1003 0.0042
vn 0.7504 0.3179 0.5796
vn -0.9589 -0.1476 -0.2423
vn 0.4347 0.4319 0.7902
vn 0.7349 -0.1919 0.6505
vn -0.8628 0.0875 0.4979
vn -0.6292 -0.7557 0.1817
vn -0.9142 -0.0617 -0.4006
vn 0.1480 0.4148 0.8978
vn 0.0038 -0.9274 0.3740
vn -0.1829 -0.9810 -0.0640
vn -0.2800 -0.9546 -0.1020
vn -0.9514 -0.0822 0.2969
vn -0.8873 -0.1998 0.4157
vn 0.2694 0.9459 0.1806
vn 0.3136 0.9356 0.1623
vn 0.4735 -0.1093 0.8740
vn 0.4288 -0.1354 0.8932
vn -0.7415 0.1810 0.6461
vn -0.2791 -0.0018 0.9603
vn 0.5594 -0.7248 0.4023
vn 0.1248 0.1083 0.9863
vn -0.4247 -0.6560 0.6240
vn 0.2483 -0.1002 0.9635
vn -0.5137 0.6089 0.6045
vn -0.4194 0.5071 0.7530
vn 0.0204 0.3981 0.9171
vn 0.0214 0.0401 0.9990
vn -0.1212 -0.0067 0.9926
vn -0.4783 -0.5745 0.6642
vn 0.7761 -0.4478 0.4440
vn 0.5984 0.7850 -0.1604
vn 0.5843 0.7293 -0.3559
vn -0.5314 0.8432 0.0814
vn -0.9471 0.3148 0.0624
vn -0.9418 -0.1968 0.2724
vn -0.7914 -0.6101 -0.0377
vn -0.0594 -0.9532 0.2963
vn 0.5573 0.1521 0.8162
vn 0.7772 -0.1692 0.6061
vn -0.0287 0.7446 0.6669
vn 0.1309 0.8702 0.4750
vn -0.0233 -0.9655 0.2593
vn 0.5782 0.7611 0.2940
vn -0.3300 0.9102 0.2502
vn 0.4824 0.8162 0.3180
vn -0.2606 -0.3706 0.8915
vn 0.8401 0.1789 0.5120
vn -0.3086 0.2337 0.9220
vn 0.0864 -0.8608 0.5016
vn -0.6038 -0.5406 0.5858
vn 0.1624 0.0756 0.9838
vn -0.0797 0.1363 0.9874
vn -0.0455 0.0516 0.9976
vn -0.3932 -0.1809 0.9015
vn -0.2613 -0.2114 0.9418
vn 0.4305 -0.4490 0.7830
vn -0.5841 -0.7177 0.3793
vn -0.8954 0.0907 0.4359
vn 0.3764 0.8951 -0.2391
vn -0.9820 -0.0964 -0.1627
vn 0.4947 -0.8391 -0.2262
vn -0.0511 -0.9974 -0.0501
vn -0.4161 0.6969 0.5841
vn 0.3197 -0.0396 0.9467
vn 0.1066 0.3237 0.9401
vn 0.5105 0.0076 0.8599
vn -0.3425 0.8671 0.3618
vn 0.6223 -0.6045 0.4973
vn -0.2117 -0.9691 0.1268
vn 0.2644 -0.9199 0.2897
vn -0.2294 -0.9545 0.1907
vn -0.5664 -0.7214 -0.3985
vn 0.3721 -0.9237 -0.0917
vn 0.1918 -0.9814 0.0056
vn -0.9454 0.1721 0.2766
vn 0.7828 -0.3602 0.5074
vn 0.9047 -0.0041 0.4259
vn 0.4222 0.8432 0.3327
vn 0.0103 0.9719 0.2352
vn -0.7093 -0.0884 0.6994
vn -0.4728 0.5035 0.7231
vn -0.4198 0.2462 0.8736
vn -0.8691 -0.1259 0.4783
vn -0.0473 -0.2833 0.9578
vn 0.1139 -0.4449 0.8883
vn -0.6333 -0.5788 0.5137
vn 0.6565 -0.5458 0.5206
vn -0.4332 0.8853 -0.1692
vn -0.8795 0.4273 0.2094
vn 0.1894 -0.9815 0.0266
vn 0.7676 0.6371 -0.0699
vn -0.0468 0.9936 0.1032
vn 0.0785 0.6900 0.7195
vn 0.7722 0.5809 0.2574
vn -0.7878 -0.5985 0.1453
vn -0.9642 -0.1048 -0.2435
vn 0.6649 0.0378 0.7460
vn -0.1882 0.5732 0.7975
vn -0.3550 -0.7883 -0.5025
vn -0.1275 -0.9771 0.1702
vn 0.3573 -0.7489 0.5581
vn 0.8459 -0.2351 0.4788
vn -0.1902 -0.0616 0.9798
vn 0.8024 -0.3423 0.4888
vn 0.1503 0.6652 0.7314
vn 0.1460 -0.5325 0.8337
vn -0.4985 -0.0714 0.8640
vn 0.5672 -0.3705 0.7355
vn -0.6504 0.3285 0.6849
vn -0.4695 0.5765 0.6688
vn -0.3464 0.3564 0.8677
vn 0.2826 -0.6152 0.7359
vn 0.8266 -0.2478 0.5052
vn -0.7016 -0.5399 0.4650
vn 0.2621 0.9606 0.0928
vn -0.6301 0.7540 -0.1857
vn -0.8171 0.5054 0.2773
vn 0.2997 0.9211 -0.2486
vn 0.1148 0.8629 -0.4921
vn 0.9467 0.2688 -0.1776
vn -0.4010 0.9138 0.0650
vn 0.4543 -0.8908 0.0082
vn -0.6069 -0.7715 -0.1908
vn 0.9301 -0.2298 0.2867
vn 0.4368 0.6913 0.5756
vn 0.1830 -0.9430 0.2778
vn 0.3121 -0.7911 0.5260
vn 0.6847 -0.6960 -0.2162
vn 0.8687 0.1518 0.4714
vn -0.7865 -0.4632 0.4084
vn 0.7739 -0.1421 0.6171
vn -0.6172 -0.2870 0.7326
vn 0.8006 0.2127 0.5602
vn 0.6762 0.4436 0.5881
vn -0.2449 -0.8746 0.4185
vn 0.4015 -0.2629 0.8773
vn 0.0504 0.0459 0.9977
vn -0.1638 0.3431 0.9249
vn 0.5906 -0.7241 0.3562
vn 0.4920 0.8695 -0.0441
vn -0.5059 0.8593 0.0749
vn -0.8206 0.2840 0.4959
vn 0.5759 0.6788 -0.4556
vn 0.1933 0.7915 -0.5799
vn -0.7953 0.1206 0.5942
vn -0.8729 -0.3170 0.3710
vn 0.3467 0.4788 -0.8066
vn 0.0788 0.7465 -0.6607
vn 0.8656 0.4993 0.0380
vn 0.7838 0.1429 -0.6044
vn -0.9753 -0.0337 0.2184
vn 0.2072 -0.9727 -0.1044
vn 0.9752 -0.2209 0.0119
vn 0.1631 0.6961 0.6991
vn 0.7619 -0.5587 0.3276
vn 0.6609 -0.7358 0.1478
vn -0.2172 -0.9761 0.0088
vn -0.1063 -0.9894 -0.0988
vn 0.8823 -0.3051 0.3585
vn -0.7802 -0.5187 0.3496
vn -0.3999 -0.8940 -0.2024
vn -0.4527 0.8317 0.3216
vn -0.5980 -0.2183 0.7712
vn 0.0689 0.5499 0.8324
vn 0.1293 -0.0990 0.9867
vn 0.1801 -0.5748 0.7982
vn 0.7795 -0.2129 0.5892
vn -0.7122 0.4604 0.5299
vn -0.7326 0.6757 -0.0825
vn -0.6464 0.5263 0.5524
vn -0.9855 0.1677 0.0263
vn 0.3709 0.6409 -0.6720
vn 0.2490 0.8660 -0.4337
vn -0.8489 -0.0561 0.5256
vn -0.2342 -0.9672 0.0982
vn -0.2924 -0.9266 0.2367
vn 0.7648 0.5289 -0.3680
vn 0.4043 0.9138 -0.0391
vn 0.0638 0.8802 0.4704
vn 0.8865 -0.4616 0.0340
vn 0.4750 0.6613 0.5806
vn 0.9411 0.2178 -0.2586
vn 0.9749 0.0711 0.2112
vn 0.4892 -0.8400 -0.2346
vn 0.8681 -0.2194 0.4454
vn 0.8215 0.1293 0.5554
vn -0.1592 0.9556 0.2481
vn 0.2202 0.9315 0.2895
vn -0.2892 -0.7550 0.5886
vn -0.3691 -0.4628 0.8060
vn 0.1715 -0.2199 0.9603
vn 0.3729 -0.6092 0.6999
vn 0.6220 0.7478 -0.2322
vn -0.8556 -0.1934 0.4801
vn 0.7871 0.5459 -0.2871
vn 0.7412 0.5795 -0.3388
vn -0.4103 0.9095 -0.0670
vn -0.2989 0.9135 -0.2761
vn -0.6740 0.4967 0.5468
vn -0.6819 0.6140 -0.3974
vn -0.6792 0.5249 -0.5130
vn 0.1971 -0.9793 -0.0469
vn -0.5672 -0.2668 0.7791
vn 0.5402 0.8241 -0.1703
vn 0.0091 0.9011 -0.4335
vn -0.2443 0.8333 0.4960
vn 0.0612 0.9054 0.4202
vn -0.3693 -0.2847 0.8846
vn 0.0876 0.0037 0.9961
vn -0.0076 0.6278 0.7783
vn -0.7190 -0.0226 0.6946
vn 0.4881 0.5293 0.6939
vn 0.2553 -0.9301 0.2640
vn -0.1022 -0.3650 0.9254
vn 0.3063 0.0269 0.9516
vn 0.8083 -0.1069 0.5791
vn 0.3362 0.4607 0.8214
vn -0.2168 -0.3346 0.9171
vn 0.7180 0.0327 -0.6953
vn -0.8604 -0.1021 0.4993
vn 0.1817 -0.8661 0.4657
vn -0.2144 -0.9543 0.2082
vn 0.5099 0.6356 0.5796
vn 0.2733 -0.9454 0.1777
vn 0.4556 -0.8576 0.2387
vn 0.4828 -0.8358 -0.2612
vn 0.8207 -0.3176 0.4749
vn -0.8558 -0.0831 0.5105
vn 0.0033 0.2128 0.9771
vn 0.5708 0.3558 0.7400
vn -0.3407 -0.0122 0.9401
vn 0.1804 0.0626 0.9816
vn -0.7809 -0.2406 0.5765
vn -0.1215 0.9444 0.3056
vn -0.2736 0.9500 -0.1504
vn 0.7857 0.1529 0.5994
vn -0.1831 0.8036 0.5663
vn -0.3891 0.2326 0.8914
vn -0.3795 0.0745 0.9222
vn 0.3248 0.9184 -0.2258
vn -0.6924 0.7189 -0.0616
vn -0.1060 0.9882 0.1103
vn 0.0439 0.9383 -0.3430
vn -0.1765 0.9636 0.2008
vn -0.6974 0.6314 0.3392
vn 0.3621 0.7910 0.4931
vn 0.3437 0.1317 0.9298
vn -0.9069 0.1135 0.4057
vn 0.6971 0.7094 0.1040
vn 0.3897 0.8745 0.2888
vn -0.0490 -0.8235 0.5652
vn 0.5410 -0.8316 0.1258
vn 0.1260 -0.2919 0.9481
vn -0.0171 0.4252 0.9049
vn 0.3607 -0.4591 0.8118
vn 0.5476 -0.7611 0.3475
vn 0.3225 -0.4696 0.8219
vn -0.4142 -0.0753 0.9071
vn 0.5862 0.6515 0.4815
vn 0.5592 0.0240 0.8287
vn -0.5984 -0.7998 -0.0463
vn -0.6056 -0.7784 -0.1655
vn 0.7904 0.0780 0.6076
vn -0.6487 0.6058 0.4606
vn 0.7281 -0.2587 0.6348
vn -0.4849 0.7983 0.3571
vn 0.6909 -0.1912 0.6972
vn -0.1122 -0.7752 0.6217
vn 0.1621 0.9615 0.2218
vn -0.3756 0.9264 -0.0249
vn -0.1159 0.8712 0.4770
vn -0.0519 0.5838 0.8102
vn -0.4938 0.4417 0.7490
vn -0.2700 0.9224 -0.2763
vn -0.2951 0.7460 0.5970
vn -0.8043 0.2137 0.5545
vn 0.1757 0.9615 0.2113
vn -0.7647 0.5376 0.3553
vn 0.6538 0.7469 0.1212
vn 0.5137 -0.8557 -0.0619
vn 0.4537 -0.8909 -0.0204
vn -0.3847 0.5126 0.7676
vn 0.0186 -0.8910 0.4536
vn 0.6228 -0.5611 0.5452
vn -0.6170 -0.7400 -0.2677
vn 0.3312 -0.9044 -0.2692
vn 0.5134 -0.6618 0.5463
vn 0.7022 -0.3841 0.5995
vn 0.3002 0.9104 -0.2848
vn -0.6546 0.7477 -0.1118
vn -0.4382 0.6891 -0.5772
vn -0.3917 0.6672 0.6336
vn -0.5639 0.6149 0.5513
vn -0.5647 0.7739 0.2867
vn -0.7955 0.3812 0.4709
vn -0.1583 0.9811 -0.1115
vn -0.0875 -0.9925 0.0851
vn -0.0669 -0.9925 0.1023
vn 0.5727 -0.7139 -0.4030
vn -0.3440 -0.9336 -0.1003
vn -0.9180 0.0777 0.3890
vn -0.3404 0.8722 0.3513
vn 0.0376 -0.3116 0.9495
vn -0.3491 -0.7065 0.6157
vn -0.4770 -0.3673 0.7985
vn -0.0580 0.9982 -0.0174
vn -0.6296 0.7636 -0.1437
vn -0.4528 0.8910 -0.0324
vn 0.7255 0.6807 -0.1020
vn -0.0689 0.6536 -0.7537
vn -0.8473 0.2595 0.4634
vn -0.6452 0.7522 0.1340
vn -0.2892 0.7351 0.6132
vn 0.0391 0.9965 -0.0738
vn 0.1782 0.9786 -0.1033
vn -0.3644 0.8939 0.2609
vn -0.6829 0.6745 0.2807
vn 0.0007 0.9993 -0.0371
vn -0.0000 0.6340 0.7733
vn 0.2309 -0.9421 0.2430
vn 0.1685 -0.9705 0.1724
vn -0.0089 -0.9987 -0.0510
vn 0.8420 0.1811 0.5082
vn -0.8464 -0.0192 0.5322
vn -0.7432 -0.2908 0.6026
vn 0.7418 0.1755 0.6472
vn 0.3206 0.8755 0.3617
vn 0.2443 0.8618 0.4445
vn -0.1127 0.9129 -0.3923
vn -0.4271 0.7730 -0.4691
vn 0.5312 0.6848 -0.4989
vn -0.4503 0.8079 -0.3801
vn -0.4224 0.8632 -0.2764
vn -0.2677 0.7576 0.5953
vn 0.7058 0.6045 -0.3694
vn -0.1050 0.6853 -0.7206
vn -0.4662 0.8441 0.2648
vn -0.5257 0.8404 -0.1321
vn -0.0675 0.8507 -0.5213
vn 0.6969 0.2448 0.6741
vn 0.3137 0.6533 -0.6890
vn -0.3646 0.8926 0.2653
vn -0.0453 0.9526 -0.3007
vn 0.3414 -0.9391 -0.0402
vn 0.3582 -0.8829 0.3035
vn 0.3943 0.7257 -0.5638
vn -0.5579 0.4873 0.6718
vn -0.5914 0.4556 0.6653
vn -0.8700 0.4518 -0.1973
vn -0.7279 0.6635 -0.1728
vn 0.5482 0.7766 -0.3104
vn 0.3226 0.9437 -0.0738
vn 0.4050 0.8464 -0.3459
vn -0.1974 0.9213 -0.3350
vn -0.7437 0.6059 -0.2826
vn 0.2507 0.6974 0.6713
vn 0.7350 0.6723 -0.0882
vn 0.6906 0.4873 0.5344
vn -0.7874 0.3961 0.4724
vn -0.0941 -0.9892 -0.1124
vn -0.1099 -0.9862 0.1239
vn -0.9085 -0.0153 0.4176
vn -0.0714 0.9228 0.3787
vn 0.0062 -0.7598 0.6501
vn 0.4851 -0.1003 0.8687
vn 0.2091 0.7694 -0.6036
vn -0.1116 0.7399 -0.6634
vn 0.1816 0.5813 -0.7932
vn -0.3789 0.7618 0.5255
vn -0.7831 0.5438 -0.3016
vn -0.8062 0.0765 0.5867
vn -0.3373 0.9382 0.0779
vn 0.2308 0.7673 0.5983
vn 0.1755 0.9277 0.3295
vn 0.2835 -0.9519 -0.1163
vn -0.1844 -0.9807 0.0649
vn 0.0189 -0.9591 -0.2823
vn -0.2209 -0.9717 -0.0837
vn -0.6141 -0.2541 0.7472
vn -0.6502 0.3404 0.6793
vn 0.6168 0.3098 0.7236
vn 0.1203 0.8936 0.4324
vn -0.5348 -0.5508 0.6407
vn 0.6983 0.1712 0.6950
vn -0.7526 -0.1497 0.6412
vn -0.3314 0.5647 -0.7558
vn 0.4831 0.6960 -0.5312
vn -0.7069 0.3724 0.6013
vn -0.4035 0.7551 -0.5168
vn 0.7179 0.2959 0.6302
vn 0.7734 0.5523 0.3110
vn 0.4148 0.8517 -0.3201
vn -0.2684 0.9455 -0.1845
vn -0.4406 0.8469 0.2976
vn 0.2572 -0.9282 0.2689
vn -0.1019 -0.9888 0.1086
vn 0.4466 -0.8595 0.2485
vn -0.4049 0.7507 0.5219
vn -0.2268 0.8312 0.5076
vn -0.3775 0.6444 -0.6650
vn -0.1963 0.8269 -0.5269
vn 0.1142 0.8457 -0.5212
vn -0.4976 0.7878 -0.3629
vn -0.6252 0.3777 0.6830
vn -0.2512 0.6476 -0.7194
vn 0.5548 0.7809 -0.2870
vn 0.1019 0.8789 -0.4660
vn -0.2482 0.9120 0.3267
vn 0.0287 -0.9886 0.1477
vn -0.5461 -0.7577 -0.3574
vn 0.7277 -0.0840 0.6808
vn 0.7765 -0.3366 0.5327
vn -0.3943 0.8255 0.4039
vn -0.3170 0.8675 0.3834
vn 0.2077 -0.7359 0.6444
vn -0.1215 0.9627 -0.2418
vn -0.9160 0.3807 0.1267
vn -0.7867 0.6019 0.1367
vn 0.5357 0.4856 0.6908
vn 0.7782 0.6252 -0.0597
vn 0.0311 0.8579 -0.5128
vn 0.3845 0.8742 0.2966
vn 0.2237 0.8042 0.5506
vn -0.0798 -0.9959 0.0418
vn 0.1278 -0.9910 -0.0398
vn 0.2117 -0.9689 -0.1278
vn -0.3727 -0.8886 -0.2673
vn -0.0300 -0.9982 0.0528
vn 0.3915 -0.8257 -0.4062
vn -0.4267 -0.8791 -0.2125
vn 0.7432 0.1768 0.6453
vn 0.1730 0.8650 0.4711
vn -0.5261 0.2178 0.8220
vn 0.3375 0.7586 -0.5573
vn -0.2505 0.5398 -0.8037
vn 0.1941 0.5470 -0.8143
vn -0.3000 0.5128 -0.8043
vn -0.0141 0.4241 -0.9055
vn -0.0207 0.9897 -0.1420
vn -0.7081 0.7019 -0.0776
vn -0.1071 0.9898 -0.0939
vn 0.7062 0.5794 0.4069
vn 0.0993 0.8520 0.5141
vn 0.0270 0.9950 0.0962
vn -0.5746 0.8113 0.1078
vn 0.0829 0.9475 -0.3088
vn 0.0834 -0.9965 -0.0062
vn 0.4821 -0.7265 -0.4896
vn 0.6634 -0.7396 0.1139
vn -0.2910 -0.9074 -0.3031
vn -0.5614 0.7200 0.4079
vn 0.1509 0.8914 0.4274
vn 0.5156 0.1212 0.8482
vn -0.0723 0.7688 0.6354
vn -0.0867 0.7254 0.6828
vn -0.4898 0.4541 0.7442
vn -0.5633 0.4341 0.7031
vn 0.5456 0.8350 0.0716
vn 0.0842 0.9125 -0.4003
vn 0.1570 0.9236 -0.3496
vn -0.3436 0.2638 0.9013
vn 0.0406 0.7754 -0.6302
vn -0.4267 0.8438 -0.3254
vn 0.4315 0.8564 -0.2836
vn -0.6531 0.7380 -0.1697
vn 0.5483 0.3905 0.7395
vn -0.1584 0.9760 0.1495
vn -0.0851 0.8634 0.4973
vn -0.5742 0.6422 0.5078
vn 0.6377 0.7035 0.3137
vn -0.7120 -0.6615 0.2357
vn -0.0881 0.9168 0.3896
vn 0.0653 -0.9909 0.1176
vn 0.0627 -0.9916 -0.1134
vn 0.0904 -0.9868 0.1341
vn 0.3745 -0.9091 0.1821
vn 0.0249 -0.9931 -0.1143
vn -0.8528 0.0936 0.5138
vn 0.7523 0.2801 0.5963
vn -0.4803 0.4609 0.7462
vn -0.2179 0.9534 0.2088
vn -0.6642 0.6920 -0.2829
vn 0.0674 0.9140 0.4000
vn -0.4049 0.9124 -0.0593
vn -0.5331 0.8350 -0.1362
vn -0.6618 0.6393 0.3914
vn 0.1687 0.9454 -0.2788
vn 0.4379 0.8749 0.2067
vn -0.3228 0.9154 0.2403
vn -0.2363 0.6606 0.7125
vn -0.1681 0.9856 0.0195
vn 0.1982 -0.9716 0.1295
vn -0.4496 -0.7880 -0.4207
vn -0.8411 -0.0414 0.5393
vn 0.7747 0.1694 0.6092
vn -0.7857 0.2786 0.5523
vn 0.6615 -0.0956 0.7439
vn -0.4653 0.5809 0.6679
vn -0.5034 0.4681 0.7263
vn -0.0733 0.9478 0.3104
vn 0.1453 0.9748 0.1691
vn 0.3368 0.4175 0.8440
vn 0.2999 0.9445 0.1339
vn -0.0295 0.9202 0.3904
vn 0.0787 -0.9928 -0.0900
vn 0.1524 -0.9882 0.0132
vn -0.2706 -0.8509 -0.4504
vn 0.0218 -0.8720 -0.4889
vn 0.7838 -0.0468 0.6192
vn -0.1414 -0.6364 0.7583
vn -0.3710 0.6233 0.6884
vn -0.6028 0.2460 0.7590
vn 0.4054 0.3396 0.8487
vn 0.3890 0.2915 0.8739
vn 0.5745 0.6585 0.4861
vn -0.3924 0.7816 0.4848
vn 0.5022 0.6740 0.5418
vn -0.3694 0.9270 0.0648
vn 0.5260 0.4118 0.7441
vn 0.6139 0.6835 0.3949
vn 0.3016 -0.7090 -0.6375
vn 0.0118 -0.9953 -0.0956
vn 0.5441 -0.5527 -0.6313
vn 0.2574 -0.9636 0.0730
vn 0.8196 -0.2290 0.5251
vn -0.3903 -0.7169 -0.5777
vn -0.7955 0.1191 0.5942
vn -0.4977 0.7618 0.4147
vn 0.5081 0.5468 0.6654
vn 0.3176 -0.1764 0.9317
vn -0.1527 0.7585 0.6335
vn 0.0579 0.8810 0.4696
vn 0.2031 0.5645 0.8000
vn -0.5031 0.8376 0.2131
vn -0.5859 0.8035 0.1051
vn 0.3688 0.3148 0.8746
vn 0.0563 0.5163 0.8546
vn -0.0040 0.9422 0.3350
vn 0.5965 -0.7343 0.3240
vn 0.2236 -0.7688 -0.5991
vn 0.1340 0.8889 0.4382
vn -0.0609 0.9008 0.4300
vn -0.3703 0.5489 0.7494
vn -0.5800 0.3253 0.7468
vn -0.0437 0.4987 0.8657
vn 0.3390 0.4218 0.8409
vn 0.1666 0.4490 0.8779
vn 0.0888 0.9245 0.3707
vn 0.1150 0.6106 0.7836
vn 0.1801 0.5085 0.8421
vn -0.1921 0.6900 0.6978
vn -0.3558 0.8767 0.3237
vn -0.0867 0.5347 0.8406
vn -0.6992 0.6943 0.1703
vn 0.5220 0.0547 0.8512
vn 0.3646 0.4236 0.8292
vn -0.5303 0.8424 -0.0961
vn -0.1740 -0.9484 0.2652
vn -0.7975 -0.2107 0.5654
vn -0.0980 -0.9952 0.0055
vn -0.1770 -0.9827 -0.0548
vn 0.3130 -0.7371 -0.5989
vn 0.5820 -0.5082 -0.6348
vn -0.8485 -0.0293 0.5284
vn -0.5893 0.6622 0.4629
vn 0.5078 -0.2419 0.8268
vn -0.3308 0.0848 0.9399
vn -0.5063 0.3854 0.7715
vn 0.3730 0.2196 0.9015
vn -0.0436 0.5000 0.8649
vn -0.3515 0.6073 0.7125
vn -0.5511 0.5825 0.5975
vn 0.4718 0.0921 0.8769
vn 0.0697 0.6497 0.7570
vn -0.1508 0.7678 0.6227
vn 0.3169 -0.9473 0.0470
vn 0.6068 -0.6860 -0.4015
vn -0.3753 -0.7650 -0.5235
vn 0.0375 -0.9869 -0.1569
vn -0.3496 -0.3533 0.8677
vn -0.1791 -0.7338 -0.6553
vn 0.2088 0.8681 0.4503
vn 0.2283 0.5645 0.7932
vn 0.2061 0.5899 0.7807
vn 0.4273 0.3135 0.8480
vn -0.2104 0.8504 0.4823
vn 0.2270 0.4878 0.8429
vn -0.7997 0.5265 0.2886
vn -0.2772 0.4830 0.8306
vn 0.1123 -0.9782 -0.1748
vn 0.1364 -0.9809 -0.1385
vn 0.4398 -0.6804 -0.5862
vn -0.8403 0.2459 0.4830
vn 0.6852 0.3132 0.6576
vn 0.3223 0.8135 0.4842
vn 0.2199 0.8635 0.4538
vn -0.2144 0.0934 0.9723
vn -0.3708 0.1785 0.9114
vn 0.2396 0.3601 0.9016
vn -0.0127 0.6584 0.7526
vn -0.4352 0.3948 0.8092
vn -0.3323 0.6551 0.6786
vn -0.1476 0.4522 0.8796
vn -0.8044 0.0174 0.5939
vn 0.4788 -0.6024 -0.6386
vn 0.1033 -0.8709 -0.4804
vn -0.7585 0.0685 0.6480
vn 0.7812 0.2763 0.5597
vn 0.8251 0.2153 0.5223
vn -0.2957 0.8467 0.4423
vn -0.1386 0.3332 0.9326
vn 0.2085 0.5481 0.8100
vn -0.1477 -0.9001 0.4099
vn -0.1202 -0.9770 0.1760
vn 0.1214 -0.9874 0.1019
vn -0.6464 -0.4178 0.6385
vn 0.0425 -0.9936 -0.1046
vn -0.1533 -0.9460 0.2858
vn 0.1381 -0.9524 -0.2719
vn 0.1937 -0.9805 -0.0325
vn 0.0690 -0.9686 -0.2388
vn 0.2948 -0.9554 0.0164
vn 0.1489 -0.9818 -0.1182
vn 0.6649 -0.5061 0.5493
vn 0.7794 0.3119 0.5434
vn 0.1113 -0.3089 0.9446
vn -0.0020 0.4238 0.9058
vn -0.4924 -0.3572 0.7937
vn -0.1170 -0.0601 0.9913
vn 0.1041 -0.8784 0.4665
vn 0.2210 -0.9724 -0.0748
vn 0.0754 -0.9682 -0.2387
vn -0.7713 0.0746 0.6321
vn 0.8135 0.1611 0.5587
vn 0.6461 0.4996 0.5771
vn -0.1836 -0.7848 0.5919
vn -0.5232 -0.4724 0.7093
vn 0.0624 -0.9727 -0.2233
vn -0.8831 -0.0322 0.4681
vn 0.6799 0.4826 0.5521
vn -0.0108 0.8936 0.4488
vn 0.0642 -0.9965 -0.0543
vn 0.1143 -0.9929 -0.0336
vn -0.0297 -0.8286 -0.5591
vn 0.6195 -0.5642 0.5459
vn -0.6484 0.5848 0.4875
vn -0.3172 -0.8573 0.4054
vn 0.2799 -0.9532 0.1139
vn -0.1005 -0.8943 -0.4360
vn 0.3098 -0.9503 0.0305
vn -0.6991 -0.1506 0.6990
vn 0.8830 0.2008 0.4242
vn 0.3319 0.7944 0.5088
vn -0.0045 -0.9011 0.4337
vn 0.8289 0.1410 0.5413
vn -0.8325 0.2467 0.4960
vn 0.7071 -0.1751 0.6851
vn -0.5472 0.6880 0.4766
vn -0.7665 -0.2539 0.5899
vn 0.1676 -0.9716 0.1668
vn 0.5875 -0.4485 0.6736
vn 0.8378 0.5283 0.1374
vn 0.7649 0.4742 0.4359
vn 0.0323 -0.5594 0.8283
vn -0.1591 0.5900 0.7916
vn 0.5016 0.6942 0.5162
vn -0.0127 -0.4586 0.8885
vn 0.6843 -0.1478 0.7140
vn 0.8365 0.1622 0.5234
vn 0.2634 0.8343 0.4843
vn -0.2537 0.8051 0.5361
vn -0.5243 0.5493 0.6506
vn 0.2189 -0.3196 0.9219
vn -0.7028 -0.2874 0.6508
vn -0.2080 -0.4104 0.8879
vn -0.7860 0.2201 0.5778
vn 0.5379 0.6954 0.4765
vn -0.6481 -0.2451 0.7211
vn 0.4355 -0.3178 0.8422
vn -0.0848 -0.3653 0.9270
vn 0.3762 0.5513 0.7447
vn 0.6480 0.4861 0.5863
vn 0.6832 -0.1375 0.7172
vn -0.5482 -0.0032 0.8364
vn 0.2224 0.0521 0.9736
vn -0.1295 0.0681 0.9892
vt 0.608586 0.794724
vt 0.607325 0.795898
vt 0.607852 0.793550
vt 0.611164 0.792397
vt 0.609364 0.796658
vt 0.600727 0.786608
vt 0.600490 0.791669
vt 0.600883 0.796241
vt 0.615313 0.804182
vt 0.612760 0.802129
vt 0.596261 0.783771
vt 0.595242 0.767579
vt 0.624321 0.768199
vt 0.465193 0.603770
vt 0.453472 0.608704
vt 0.460516 0.604858
vt 0.452880 0.606624
vt 0.449081 0.607458
vt 0.630451 0.777439
vt 0.283794 0.340092
vt 0.301364 0.349362
vt 0.294925 0.346919
vt 0.290703 0.344885
vt 0.303409 0.353074
vt 0.299439 0.349618
vt 0.476057 0.599116
vt 0.484316 0.624784
vt 0.445508 0.607129
vt 0.614027 0.762985
vt 0.277474 0.699005
vt 0.276838 0.690867
vt 0.282684 0.699446
vt 0.577115 0.795896
vt 0.285135 0.700025
vt 0.278962 0.707371
vt 0.633790 0.786548
vt 0.619771 0.814069
vt 0.299822 0.346432
vt 0.475211 0.598441
vt 0.054974 0.033515
vt 0.086156 0.052080
vt 0.057179 0.050748
vt 0.454253 0.625340
vt 0.593794 0.772124
vt 0.299916 0.366534
vt 0.283111 0.356800
vt 0.491395 0.591919
vt 0.488039 0.592135
vt 0.496846 0.605013
vt 0.058069 0.073046
vt 0.295181 0.693067
vt 0.286821 0.705293
vt 0.280502 0.708719
vt 0.270903 0.708015
vt 0.291344 0.339440
vt 0.301776 0.346374
vt 0.510898 0.590856
vt 0.283210 0.267934
vt 0.299994 0.273882
vt 0.290543 0.286851
vt 0.281050 0.264587
vt 0.292294 0.261274
vt 0.097885 0.058512
vt 0.085241 0.063372
vt 0.437569 0.604405
vt 0.440279 0.600700
vt 0.425889 0.603371
vt 0.592644 0.768806
vt 0.583010 0.779871
vt 0.315082 0.672648
vt 0.316636 0.687403
vt 0.307654 0.725546
vt 0.325107 0.723931
vt 0.289617 0.738150
vt 0.307062 0.349022
vt 0.275086 0.719999
vt 0.312006 0.336456
vt 0.487496 0.582656
vt 0.452188 0.595000
vt 0.057780 0.077398
vt 0.028287 0.081834
vt 0.266408 0.684147
vt 0.346849 0.690366
vt 0.601158 0.809595
vt 0.306987 0.352467
vt 0.341260 0.727196
vt 0.309125 0.753820
vt 0.274903 0.271916
vt 0.277662 0.262662
vt 0.053714 0.076914
vt 0.046714 0.032454
vt 0.001967 0.058872
vt 0.330388 0.349233
vt 0.277923 0.754724
vt 0.319579 0.753121
vt 0.268871 0.278764
vt 0.438580 0.587676
vt 0.301359 0.660839
vt 0.285615 0.667574
vt 0.516223 0.591370
vt 0.577125 0.743047
vt 0.595541 0.754722
vt 0.270911 0.673282
vt 0.069539 0.101444
vt 0.028740 0.041487
vt 0.586411 0.810540
vt 0.285304 0.363935
vt 0.300630 0.368808
vt 0.345843 0.744778
vt 0.523004 0.619407
vt 0.249705 0.278492
vt 0.528118 0.589832
vt 0.451220 0.583363
vt 0.345968 0.752960
vt 0.534254 0.587855
vt 0.332408 0.665929
vt 0.015159 0.097416
vt 0.482897 0.153834
vt 0.435210 0.140007
vt 0.479145 0.118791
vt 0.361965 0.746875
vt 0.436445 0.129545
vt 0.433130 0.122393
vt 0.429936 0.105965
vt 0.355874 0.757732
vt 0.241832 0.278879
vt 0.238764 0.298586
vt 0.101935 0.426316
vt 0.079199 0.435576
vt 0.073850 0.408798
vt 0.061403 0.568513
vt 0.031403 0.569635
vt 0.048035 0.543209
vt 0.054394 0.581669
vt 0.361965 0.702415
vt 0.281685 0.992329
vt 0.262851 0.971953
vt 0.281685 0.967364
vt 0.247303 0.256933
vt 0.260717 0.246594
vt 0.029569 0.020446
vt 0.286154 0.382812
vt 0.292807 0.380680
vt 0.346579 0.304699
vt 0.361185 0.331777
vt 0.597171 0.279454
vt 0.586886 0.287318
vt 0.593535 0.276019
vt 0.212672 0.247837
vt 0.212672 0.266192
vt 0.208681 0.252149
vt 0.539426 0.580851
vt 0.227514 0.281674
vt 0.508685 0.562583
vt 0.058041 0.426274
vt 0.096472 0.086096
vt 0.041372 0.596847
vt 0.045923 0.597619
vt 0.590703 0.278394
vt 0.292142 0.238614
vt 0.070093 0.391399
vt 0.047200 0.602805
vt 0.257496 0.970650
vt 0.255237 0.976008
vt 0.254537 0.971180
vt 0.262818 0.959505
vt 0.324353 0.378596
vt 0.432933 0.136729
vt 0.916883 0.836509
vt 0.894287 0.820579
vt 0.909713 0.797545
vt 0.871900 0.550617
vt 0.871033 0.523797
vt 0.876698 0.538773
vt 0.486753 0.564892
vt 0.476729 0.569190
vt 0.022544 0.446470
vt 0.025456 0.415443
vt 0.039245 0.437313
vt 0.260776 0.967196
vt 0.260454 0.971419
vt 0.923345 0.564043
vt 0.929372 0.557124
vt 0.939418 0.591057
vt 0.891293 0.829016
vt 0.980180 0.615608
vt 0.981841 0.616377
vt 0.981659 0.620944
vt 0.693369 0.395048
vt 0.684944 0.402104
vt 0.688500 0.392273
vt 0.698179 0.395760
vt 0.673994 0.412581
vt 0.670897 0.421781
vt 0.671867 0.413253
vt 0.195784 0.244197
vt 0.186040 0.256947
vt 0.191358 0.243407
vt 0.585757 0.277350
vt 0.234700 0.277196
vt 0.517363 0.571931
vt 0.103746 0.399413
vt 0.437390 0.572730
vt 0.008658 0.022859
vt 0.004426 0.038870
vt 0.249524 0.983483
vt 0.257203 0.974999
vt 0.257578 0.978893
vt 0.980673 0.613136
vt 0.977553 0.629423
vt 0.982337 0.625288
vt 0.984943 0.625053
vt 0.685181 0.393866
vt 0.698578 0.408463
vt 0.681362 0.409734
vt 0.678737 0.410163
vt 0.676825 0.412908
vt 0.675818 0.411531
vt 0.668903 0.412281
vt 0.982976 0.830856
vt 0.985896 0.831128
vt 0.975799 0.833443
vt 0.677083 0.415417
vt 0.985482 0.844743
vt 0.969025 0.853504
vt 0.129361 0.143393
vt 0.121841 0.137381
vt 0.136394 0.142809
vt 0.596094 0.268272
vt 0.200068 0.245807
vt 0.201534 0.258188
vt 0.052064 0.515433
vt 0.037718 0.525344
vt 0.034582 0.521069
vt 0.029273 0.528321
vt 0.061681 0.395963
vt 0.034996 0.401243
vt 0.577608 0.723975
vt 0.027982 0.547900
vt 0.129575 0.409887
vt 0.126829 0.446470
vt 0.253250 0.981065
vt 0.255353 0.978299
vt 0.292018 0.391530
vt 0.298874 0.414147
vt 0.483089 0.182730
vt 0.475239 0.210560
vt 0.470664 0.175184
vt 0.462429 0.176758
vt 0.431629 0.139682
vt 0.891293 0.859138
vt 0.975435 0.612409
vt 0.978611 0.631317
vt 0.677624 0.392260
vt 0.676429 0.408343
vt 0.677942 0.425240
vt 0.969025 0.832040
vt 0.179620 0.301038
vt 0.182686 0.284884
vt 0.192126 0.291816
vt 0.146174 0.143853
vt 0.143881 0.111189
vt 0.179473 0.282996
vt 0.128295 0.148027
vt 0.123874 0.150398
vt 0.184522 0.254198
vt 0.540727 0.444485
vt 0.547877 0.488019
vt 0.534992 0.453168
vt 0.892940 0.557736
vt 0.888494 0.547226
vt 0.449395 0.575874
vt 0.446247 0.190657
vt 0.455640 0.208176
vt 0.453774 0.178776
vt 0.359625 0.384553
vt 0.432413 0.158833
vt 0.373768 0.368414
vt 0.414184 0.122047
vt 0.979748 0.607312
vt 0.990121 0.604627
vt 0.978807 0.633592
vt 0.987492 0.632315
vt 0.985837 0.629841
vt 0.073398 0.262631
vt 0.077780 0.265866
vt 0.074102 0.265519
vt 0.674115 0.409159
vt 0.671218 0.402512
vt 0.692368 0.423303
vt 0.143167 0.145479
vt 0.172956 0.273539
vt 0.535724 0.420938
vt 0.535804 0.409193
vt 0.180708 0.272667
vt 0.184898 0.273370
vt 0.090171 0.128445
vt 0.093912 0.146335
vt 0.182481 0.261385
vt 0.593474 0.273213
vt 0.591693 0.268681
vt 0.587721 0.258000
vt 0.881013 0.538636
vt 0.058083 0.361583
vt 0.049692 0.370307
vt 0.253166 0.985506
vt 0.001119 0.046815
vt 0.000646 0.041818
vt 0.424940 0.158004
vt 0.970740 0.612154
vt 0.974575 0.603700
vt 0.962602 0.614318
vt 0.984737 0.631003
vt 0.080253 0.259061
vt 0.077710 0.269931
vt 0.083648 0.268327
vt 0.085341 0.270715
vt 0.165402 0.303515
vt 0.162308 0.131208
vt 0.136314 0.152797
vt 0.191402 0.277777
vt 0.177765 0.271729
vt 0.187249 0.270598
vt 0.526845 0.443374
vt 0.201007 0.262650
vt 0.112685 0.108420
vt 0.069853 0.348014
vt 0.087619 0.378156
vt 0.030839 0.400975
vt 0.000527 0.421678
vt 0.061971 0.511450
vt 0.019719 0.008293
vt 0.030394 0.578123
vt 0.248045 0.995755
vt 0.024801 0.597458
vt 0.441145 0.192770
vt 0.082685 0.274334
vt 0.084060 0.261789
vt 0.673415 0.403262
vt 0.673581 0.405242
vt 0.160287 0.151759
vt 0.165272 0.149521
vt 0.547877 0.397052
vt 0.538972 0.399350
vt 0.539964 0.393074
vt 0.533659 0.389221
vt 0.204440 0.294079
vt 0.209429 0.300795
vt 0.508080 0.424095
vt 0.169014 0.271300
vt 0.573772 0.268226
vt 0.091242 0.111780
vt 0.060545 0.487179
vt 0.018290 0.370969
vt 0.017269 0.398977
vt 0.274483 0.223136
vt 0.093060 0.107613
vt 0.083097 0.914067
vt 0.068300 0.890471
vt 0.083097 0.853809
vt 0.005717 0.028066
vt 0.038639 0.110435
vt 0.449761 0.230277
vt 0.440186 0.181691
vt 0.069716 0.274454
vt 0.069811 0.264449
vt 0.018310 0.183095
vt 0.015524 0.175166
vt 0.018310 0.172579
vt 0.082921 0.257654
vt 0.079141 0.277769
vt 0.093950 0.270155
vt 0.088249 0.274250
vt 0.090959 0.273220
vt 0.156595 0.160135
vt 0.064161 0.731741
vt 0.065173 0.732171
vt 0.057029 0.733922
vt 0.056457 0.738014
vt 0.154077 0.300331
vt 0.165324 0.274752
vt 0.201865 0.279537
vt 0.595939 0.264580
vt 0.110871 0.084231
vt 0.090171 0.031650
vt 0.137162 0.042310
vt 0.012043 0.542192
vt 0.441556 0.571707
vt 0.831714 0.076946
vt 0.866311 0.098459
vt 0.831773 0.112255
vt 0.438144 0.184328
vt 0.430553 0.176080
vt 0.427619 0.103926
vt 0.990003 0.595178
vt 0.084497 0.277567
vt 0.085727 0.281362
vt 0.697565 0.420132
vt 0.330504 0.527708
vt 0.318711 0.535201
vt 0.318711 0.521447
vt 0.095773 0.272585
vt 0.164690 0.230030
vt 0.161080 0.229540
vt 0.167232 0.229039
vt 0.168629 0.144568
vt 0.972511 0.820305
vt 0.161028 0.177404
vt 0.202637 0.287524
vt 0.513988 0.475611
vt 0.004163 0.515457
vt 0.011465 0.500261
vt 0.877649 0.520116
vt 0.001399 0.528703
vt 0.255371 0.230041
vt 0.073441 0.117819
vt 0.987372 0.635157
vt 0.985452 0.635170
vt 0.088827 0.256317
vt 0.174940 0.155467
vt 0.671063 0.399747
vt 0.091022 0.276568
vt 0.153880 0.312351
vt 0.149948 0.301437
vt 0.160272 0.306056
vt 0.092199 0.276831
vt 0.167062 0.223369
vt 0.175037 0.220452
vt 0.170671 0.227368
vt 0.176053 0.221561
vt 0.689176 0.429569
vt 0.160248 0.110802
vt 0.168554 0.060188
vt 0.158411 0.098587
vt 0.119547 0.089801
vt 0.011067 0.534623
vt 0.446982 0.562600
vt 0.016020 0.003877
vt 0.011361 0.012850
vt 0.014067 0.000235
vt 0.014717 0.597465
vt 0.434415 0.186547
vt 0.374876 0.358775
vt 0.958295 0.625081
vt 0.988061 0.638016
vt 0.086899 0.254488
vt 0.095532 0.267866
vt 0.163825 0.308955
vt 0.323641 0.522170
vt 0.318964 0.515629
vt 0.322011 0.515882
vt 0.320538 0.517277
vt 0.319658 0.519221
vt 0.318754 0.517122
vt 0.320751 0.520094
vt 0.165371 0.223569
vt 0.165299 0.222305
vt 0.164929 0.225906
vt 0.166849 0.225234
vt 0.163752 0.225782
vt 0.170456 0.229098
vt 0.498634 0.419528
vt 0.207768 0.297768
vt 0.564209 0.239426
vt 0.889267 0.508783
vt 0.858472 0.513095
vt 0.840198 0.515065
vt 0.236442 0.227168
vt 0.856733 0.152110
vt 0.830748 0.135645
vt 0.870405 0.133816
vt 0.012751 0.589357
vt 0.430338 0.183601
vt 0.429228 0.179100
vt 0.416226 0.175289
vt 0.559768 0.047499
vt 0.563082 0.046722
vt 0.549243 0.054253
vt 0.971328 0.740694
vt 0.987305 0.746091
vt 0.972949 0.748536
vt 0.226365 0.077051
vt 0.226756 0.080771
vt 0.219458 0.081085
vt 0.990121 0.636072
vt 0.220425 0.084208
vt 0.093597 0.257573
vt 0.095376 0.263658
vt 0.325517 0.519405
vt 0.323220 0.519132
vt 0.321809 0.518165
vt 0.167637 0.232419
vt 0.163181 0.230812
vt 0.987305 0.722169
vt 0.986444 0.734468
vt 0.973958 0.728304
vt 0.182850 0.069573
vt 0.136967 0.170727
vt 0.207677 0.279832
vt 0.212121 0.270660
vt 0.591628 0.252622
vt 0.502490 0.473012
vt 0.879616 0.506262
vt 0.839102 0.124452
vt 0.442879 0.562583
vt 0.010767 0.587465
vt 0.438656 0.565713
vt 0.436399 0.567297
vt 0.012972 0.008863
vt 0.428061 0.194378
vt 0.425045 0.178738
vt 0.380967 0.306992
vt 0.914271 0.605622
vt 0.914271 0.546986
vt 0.956696 0.105632
vt 0.950261 0.090941
vt 0.963217 0.088180
vt 0.973067 0.764774
vt 0.969427 0.753436
vt 0.223999 0.075866
vt 0.218300 0.083430
vt 0.086385 0.283743
vt 0.333026 0.521094
vt 0.333190 0.527054
vt 0.329885 0.519442
vt 0.325813 0.515499
vt 0.326156 0.518017
vt 0.507418 0.397643
vt 0.210262 0.292030
vt 0.206357 0.286789
vt 0.498261 0.427810
vt 0.211589 0.231139
vt 0.263375 0.700023
vt 0.259586 0.707029
vt 0.249196 0.688312
vt 0.106454 0.373264
vt 0.431497 0.570008
vt 0.436700 0.563512
vt 0.306049 0.426018
vt 0.322545 0.422881
vt 0.311374 0.428551
vt 0.424442 0.184039
vt 0.416320 0.172396
vt 0.405542 0.169931
vt 0.412633 0.136260
vt 0.378274 0.372965
vt 0.402772 0.105100
vt 0.549046 0.036421
vt 0.958854 0.614460
vt 0.972621 0.599059
vt 0.962138 0.086471
vt 0.950539 0.087702
vt 0.237574 0.009859
vt 0.238268 0.004868
vt 0.240062 0.009731
vt 0.241563 0.007303
vt 0.668903 0.395638
vt 0.672761 0.392794
vt 0.235361 0.004430
vt 0.329899 0.514856
vt 0.328502 0.516058
vt 0.328580 0.518236
vt 0.095773 0.285910
vt 0.168535 0.239432
vt 0.160673 0.100325
vt 0.499436 0.425017
vt 0.573993 0.238998
vt 0.363373 0.326754
vt 0.340905 0.289312
vt 0.346304 0.286882
vt 0.139734 0.240051
vt 0.554403 0.244508
vt 0.845844 0.890111
vt 0.857412 0.898411
vt 0.841724 0.928151
vt 0.565566 0.722473
vt 0.563644 0.738014
vt 0.557018 0.735963
vt 0.096477 0.347549
vt 0.002799 0.537719
vt 0.839987 0.111861
vt 0.835159 0.117594
vt 0.839723 0.117125
vt 0.296060 0.214363
vt 0.313395 0.431512
vt 0.316287 0.429360
vt 0.351146 0.407167
vt 0.409851 0.332845
vt 0.955539 0.604866
vt 0.107040 0.029577
vt 0.100779 0.019570
vt 0.107040 0.013713
vt 0.958528 0.632365
vt 0.967399 0.755348
vt 0.239877 0.004150
vt 0.242366 0.002679
vt 0.335205 0.522393
vt 0.183185 0.133569
vt 0.331989 0.518917
vt 0.140568 0.327057
vt 0.171129 0.239275
vt 0.214554 0.285174
vt 0.607260 0.549447
vt 0.578280 0.573077
vt 0.586303 0.535410
vt 0.872602 0.496418
vt 0.557789 0.726733
vt 0.565990 0.710336
vt 0.859604 0.117730
vt 0.002344 0.544760
vt 0.830748 0.114127
vt 0.834140 0.113081
vt 0.010028 0.602805
vt 0.956091 0.082808
vt 0.181970 0.162633
vt 0.212988 0.079833
vt 0.209007 0.087322
vt 0.236815 0.002523
vt 0.238683 0.001458
vt 0.234045 0.002277
vt 0.234811 0.000052
vt 0.240719 0.000787
vt 0.243657 0.000052
vt 0.331286 0.517202
vt 0.971008 0.726631
vt 0.176053 0.238537
vt 0.048031 0.725661
vt 0.623734 0.559100
vt 0.561490 0.557617
vt 0.798576 0.950686
vt 0.788035 0.918212
vt 0.798576 0.902035
vt 0.252761 0.686124
vt 0.571213 0.723289
vt 0.557966 0.713664
vt 0.563613 0.706817
vt 0.837926 0.114081
vt 0.295018 0.212674
vt 0.087093 0.111947
vt 0.048595 0.124577
vt 0.409851 0.073154
vt 0.390645 0.094635
vt 0.358056 0.073883
vt 0.421485 0.191242
vt 0.686110 0.876566
vt 0.692944 0.883668
vt 0.686110 0.930968
vt 0.278398 0.907765
vt 0.288727 0.931015
vt 0.278398 0.940827
vt 0.572027 0.038084
vt 0.191092 0.220183
vt 0.189443 0.213366
vt 0.192554 0.219966
vt 0.968473 0.752765
vt 0.081024 0.752098
vt 0.070118 0.739889
vt 0.088182 0.730154
vt 0.172543 0.324394
vt 0.176477 0.327735
vt 0.213387 0.075974
vt 0.514771 0.379225
vt 0.970807 0.732775
vt 0.502541 0.406735
vt 0.255679 0.228691
vt 0.848258 0.114890
vt 0.327277 0.431726
vt 0.061908 0.121626
vt 0.399403 0.365363
vt 0.574125 0.053354
vt 0.594032 0.072529
vt 0.952503 0.613849
vt 0.334363 0.140432
vt 0.336882 0.131208
vt 0.338080 0.128204
vt 0.964337 0.757583
vt 0.971389 0.089144
vt 0.970057 0.743466
vt 0.220568 0.068514
vt 0.165643 0.186616
vt 0.969689 0.736313
vt 0.052202 0.715147
vt 0.496972 0.430707
vt 0.248879 0.684818
vt 0.246685 0.672926
vt 0.229515 0.686060
vt 0.241188 0.686843
vt 0.862881 0.115074
vt 0.847367 0.118001
vt 0.023019 0.133943
vt 0.352407 0.436357
vt 0.599955 0.087951
vt 0.598127 0.104886
vt 0.447861 0.555213
vt 0.465487 0.549129
vt 0.464631 0.566186
vt 0.335469 0.133829
vt 0.334192 0.134925
vt 0.952539 0.615908
vt 0.189443 0.232390
vt 0.196446 0.228754
vt 0.963651 0.753307
vt 0.424634 0.277574
vt 0.424050 0.274263
vt 0.426752 0.276321
vt 0.964903 0.748730
vt 0.180847 0.169357
vt 0.966134 0.744334
vt 0.966906 0.739901
vt 0.967558 0.735663
vt 0.968640 0.730644
vt 0.174273 0.239115
vt 0.185912 0.098070
vt 0.224213 0.290642
vt 0.218330 0.301170
vt 0.616411 0.578453
vt 0.595750 0.237854
vt 0.570277 0.237501
vt 0.239308 0.632589
vt 0.249074 0.662580
vt 0.243093 0.664103
vt 0.232194 0.676828
vt 0.107493 0.367897
vt 0.081530 0.124814
vt 0.068044 0.132404
vt 0.384373 0.375506
vt 0.339430 0.147653
vt 0.334467 0.143271
vt 0.335308 0.146177
vt 0.335778 0.130933
vt 0.418828 0.278888
vt 0.420241 0.273450
vt 0.421689 0.275720
vt 0.971767 0.076575
vt 0.412188 0.258945
vt 0.415614 0.258728
vt 0.423975 0.264742
vt 0.960938 0.754695
vt 0.963099 0.743205
vt 0.963490 0.746945
vt 0.960913 0.076033
vt 0.096745 0.731489
vt 0.090451 0.740728
vt 0.957534 0.077717
vt 0.955501 0.076814
vt 0.951627 0.736225
vt 0.963897 0.734988
vt 0.212412 0.068514
vt 0.964250 0.740249
vt 0.963870 0.738111
vt 0.142916 0.345464
vt 0.209494 0.076228
vt 0.965787 0.736155
vt 0.965290 0.734339
vt 0.606165 0.600331
vt 0.636805 0.599259
vt 0.487915 0.411447
vt 0.067604 0.712552
vt 0.892468 0.495851
vt 0.252959 0.666484
vt 0.243163 0.668334
vt 0.385898 0.378621
vt 0.385782 0.386529
vt 0.404920 0.121780
vt 0.331128 0.143693
vt 0.332723 0.146971
vt 0.327440 0.147824
vt 0.332631 0.145204
vt 0.336815 0.147893
vt 0.335113 0.148178
vt 0.338089 0.151601
vt 0.192923 0.231270
vt 0.204221 0.225988
vt 0.963676 0.079049
vt 0.956301 0.733410
vt 0.966685 0.728094
vt 0.159021 0.000602
vt 0.157415 0.009893
vt 0.152340 0.009922
vt 0.126065 0.276577
vt 0.892940 0.489654
vt 0.263375 0.669849
vt 0.236273 0.668229
vt 0.228322 0.666040
vt 0.234529 0.669178
vt 0.232501 0.671310
vt 0.232203 0.683443
vt 0.228300 0.684399
vt 0.559722 0.474697
vt 0.585904 0.454261
vt 0.584100 0.525342
vt 0.351034 0.077666
vt 0.402772 0.183980
vt 0.019718 0.402342
vt 0.013451 0.409523
vt 0.000110 0.382632
vt 0.323103 0.142132
vt 0.326334 0.144208
vt 0.326225 0.147357
vt 0.323103 0.150546
vt 0.327209 0.152049
vt 0.149293 0.646615
vt 0.144716 0.649940
vt 0.144614 0.649021
vt 0.409745 0.288727
vt 0.335953 0.150595
vt 0.335722 0.152110
vt 0.230919 0.345479
vt 0.234495 0.348109
vt 0.229942 0.350520
vt 0.409745 0.258586
vt 0.232266 0.345177
vt 0.233191 0.347149
vt 0.233825 0.345924
vt 0.193965 0.232267
vt 0.051524 0.025319
vt 0.053520 0.026782
vt 0.051524 0.028168
vt 0.196036 0.230876
vt 0.199953 0.229531
vt 0.270760 0.799984
vt 0.271172 0.796305
vt 0.272647 0.799550
vt 0.967017 0.075923
vt 0.275274 0.798503
vt 0.963987 0.076919
vt 0.956726 0.074765
vt 0.958663 0.074996
vt 0.356419 0.614930
vt 0.356159 0.617815
vt 0.355404 0.616253
vt 0.180616 0.336966
vt 0.275289 0.788923
vt 0.277459 0.791501
vt 0.507149 0.373149
vt 0.636103 0.611356
vt 0.030985 0.143881
vt 0.003874 0.144494
vt 0.000300 0.112047
vt 0.164041 0.007112
vt 0.162690 0.001166
vt 0.286795 0.960117
vt 0.286703 0.964706
vt 0.285146 0.959898
vt 0.165987 0.002498
vt 0.966780 0.719787
vt 0.844102 0.877723
vt 0.849035 0.881690
vt 0.246260 0.192138
vt 0.234031 0.355893
vt 0.232784 0.359882
vt 0.141784 0.660310
vt 0.140163 0.658427
vt 0.139425 0.667593
vt 0.234987 0.345488
vt 0.236235 0.347285
vt 0.237483 0.349602
vt 0.093694 0.714040
vt 0.236565 0.344978
vt 0.239169 0.347827
vt 0.239233 0.345541
vt 0.240576 0.346954
vt 0.237795 0.345086
vt 0.241193 0.362138
vt 0.375798 0.676897
vt 0.376716 0.675861
vt 0.378866 0.677981
vt 0.242368 0.345291
vt 0.243013 0.346963
vt 0.196867 0.230010
vt 0.199316 0.230629
vt 0.969250 0.071854
vt 0.962687 0.072553
vt 0.966494 0.065861
vt 0.956942 0.071329
vt 0.959130 0.064337
vt 0.200354 0.231578
vt 0.267751 0.797909
vt 0.953028 0.065769
vt 0.352207 0.616651
vt 0.348407 0.620910
vt 0.346307 0.618725
vt 0.964188 0.074400
vt 0.965327 0.075274
vt 0.958788 0.073717
vt 0.354948 0.618155
vt 0.353627 0.619588
vt 0.179859 0.344516
vt 0.270579 0.781446
vt 0.355468 0.619759
vt 0.357257 0.620533
vt 0.361965 0.622586
vt 0.955750 0.727623
vt 0.495663 0.387644
vt 0.159280 0.014454
vt 0.289522 0.966097
vt 0.570955 0.229464
vt 0.320335 0.138026
vt 0.320335 0.110554
vt 0.330334 0.133916
vt 0.854912 0.891817
vt 0.005681 0.965920
vt 0.003760 0.966831
vt 0.000367 0.946619
vt 0.231278 0.681767
vt 0.390068 0.388187
vt 0.209396 0.311535
vt 0.214739 0.307343
vt 0.196752 0.334595
vt 0.139822 0.650393
vt 0.148134 0.645043
vt 0.138923 0.655395
vt 0.362264 0.691536
vt 0.370576 0.682432
vt 0.102898 0.715183
vt 0.099600 0.727999
vt 0.136288 0.664526
vt 0.957474 0.059961
vt 0.950261 0.062181
vt 0.240454 0.348798
vt 0.242001 0.353630
vt 0.242443 0.349138
vt 0.244853 0.347674
vt 0.244436 0.349206
vt 0.245577 0.345962
vt 0.245670 0.349470
vt 0.202115 0.231365
vt 0.200669 0.231559
vt 0.202603 0.229613
vt 0.968661 0.074350
vt 0.357892 0.622967
vt 0.359535 0.624113
vt 0.360142 0.626218
vt 0.361735 0.625919
vt 0.153897 0.012914
vt 0.164738 0.009547
vt 0.286770 0.966085
vt 0.226651 0.293023
vt 0.595870 0.225792
vt 0.580930 0.226434
vt 0.476053 0.449887
vt 0.562885 0.582261
vt 0.559390 0.240742
vt 0.007731 0.956730
vt 0.216718 0.226551
vt 0.005394 0.971311
vt 0.004276 0.974976
vt 0.000367 0.981650
vt 0.365316 0.432767
vt 0.360676 0.100276
vt 0.330841 0.089185
vt 0.363373 0.145597
vt 0.355415 0.169758
vt 0.350698 0.159778
vt 0.362430 0.175493
vt 0.361731 0.185912
vt 0.132764 0.658883
vt 0.573228 0.533944
vt 0.569264 0.532500
vt 0.571496 0.528120
vt 0.115877 0.730129
vt 0.243458 0.351828
vt 0.242707 0.358025
vt 0.345989 0.623318
vt 0.346914 0.623514
vt 0.089078 0.714786
vt 0.247883 0.350672
vt 0.245101 0.352632
vt 0.195771 0.213341
vt 0.193396 0.214699
vt 0.193396 0.211092
vt 0.193944 0.218306
vt 0.975888 0.075050
vt 0.973355 0.074951
vt 0.971427 0.073927
vt 0.971208 0.072215
vt 0.972374 0.072905
vt 0.358252 0.624912
vt 0.155527 0.015122
vt 0.165015 0.014845
vt 0.167551 0.011445
vt 0.288821 0.968913
vt 0.061844 0.703271
vt 0.594771 0.223381
vt 0.565078 0.593650
vt 0.554295 0.238500
vt 0.859705 0.897792
vt 0.866038 0.900517
vt 0.852723 0.884879
vt 0.847798 0.879615
vt 0.845944 0.876711
vt 0.004265 0.976863
vt 0.002259 0.980917
vt 0.007415 0.972079
vt 0.007120 0.968547
vt 0.557834 0.454261
vt 0.280366 0.188473
vt 0.299994 0.201339
vt 0.379732 0.410922
vt 0.388903 0.392241
vt 0.584610 0.038081
vt 0.568060 0.546027
vt 0.565474 0.538602
vt 0.244209 0.354643
vt 0.118883 0.745806
vt 0.247200 0.356230
vt 0.245616 0.358338
vt 0.243087 0.361114
vt 0.242469 0.363051
vt 0.972491 0.071204
vt 0.247883 0.360509
vt 0.975559 0.073569
vt 0.977446 0.074827
vt 0.974760 0.073170
vt 0.244684 0.363373
vt 0.974105 0.072494
vt 0.357276 0.626938
vt 0.358879 0.627362
vt 0.154012 0.015545
vt 0.167602 0.014173
vt 0.289267 0.971340
vt 0.296042 0.972397
vt 0.576428 0.614319
vt 0.229478 0.301637
vt 0.863747 0.897763
vt 0.860155 0.895176
vt 0.849888 0.881467
vt 0.842402 0.872120
vt 0.008450 0.967502
vt 0.007847 0.968119
vt 0.008198 0.970018
vt 0.105810 0.184925
vt 0.109772 0.192067
vt 0.106532 0.191358
vt 0.349310 0.168497
vt 0.105892 0.681283
vt 0.133212 0.654058
vt 0.132392 0.709470
vt 0.566705 0.546468
vt 0.373743 0.671272
vt 0.344839 0.625018
vt 0.346782 0.626457
vt 0.183268 0.342290
vt 0.244828 0.360106
vt 0.245382 0.362429
vt 0.629005 0.628886
vt 0.644936 0.623916
vt 0.976326 0.072406
vt 0.357771 0.628316
vt 0.360232 0.628543
vt 0.154172 0.016536
vt 0.157056 0.017025
vt 0.162261 0.016693
vt 0.951235 0.720337
vt 0.130606 0.303515
vt 0.048031 0.708125
vt 0.503022 0.487718
vt 0.859736 0.891248
vt 0.857289 0.888030
vt 0.349174 0.282384
vt 0.848669 0.877813
vt 0.841724 0.869056
vt 0.619706 0.721571
vt 0.007663 0.974329
vt 0.010639 0.971651
vt 0.010069 0.969864
vt 0.693632 0.532235
vt 0.692800 0.529467
vt 0.695631 0.529995
vt 0.697466 0.530897
vt 0.067576 0.142322
vt 0.331990 0.103397
vt 0.402234 0.413092
vt 0.609023 0.108844
vt 0.596861 0.076384
vt 0.223370 0.313396
vt 0.533696 0.008853
vt 0.561953 0.019922
vt 0.116724 0.214723
vt 0.120438 0.183826
vt 0.094462 0.696212
vt 0.364356 0.685371
vt 0.566558 0.532963
vt 0.261810 0.788442
vt 0.352374 0.630922
vt 0.470110 0.774442
vt 0.497056 0.774072
vt 0.495247 0.794806
vt 0.162331 0.018736
vt 0.165322 0.018319
vt 0.289710 0.976152
vt 0.292159 0.976714
vt 0.559166 0.231674
vt 0.876039 0.897513
vt 0.859634 0.888849
vt 0.352106 0.769426
vt 0.352034 0.779701
vt 0.349521 0.776259
vt 0.854833 0.879354
vt 0.011837 0.960451
vt 0.013858 0.970070
vt 0.849116 0.871625
vt 0.004566 0.979676
vt 0.000631 0.988713
vt 0.009677 0.988253
vt 0.012681 0.972070
vt 0.016353 0.971707
vt 0.692016 0.540079
vt 0.701943 0.536749
vt 0.014515 0.974947
vt 0.017190 0.973470
vt 0.692016 0.527046
vt 0.697000 0.527902
vt 0.704292 0.536857
vt 0.702706 0.533012
vt 0.699449 0.528615
vt 0.702118 0.530446
vt 0.293485 0.603245
vt 0.273201 0.573987
vt 0.312468 0.581446
vt 0.327909 0.588052
vt 0.312067 0.599571
vt 0.365628 0.436611
vt 0.373823 0.434566
vt 0.328182 0.103000
vt 0.848308 0.045600
vt 0.843833 0.045452
vt 0.845508 0.043931
vt 0.847600 0.047745
vt 0.845123 0.047949
vt 0.094238 0.163705
vt 0.103978 0.676940
vt 0.346815 0.168099
vt 0.344472 0.185912
vt 0.347294 0.154079
vt 0.569073 0.508538
vt 0.563390 0.513273
vt 0.560426 0.514301
vt 0.563938 0.518862
vt 0.571509 0.523634
vt 0.128637 0.645043
vt 0.345743 0.629062
vt 0.632188 0.637875
vt 0.374256 0.666487
vt 0.024664 0.155652
vt 0.152340 0.023943
vt 0.269700 0.769067
vt 0.277459 0.765599
vt 0.016901 0.091713
vt 0.004835 0.095773
vt 0.004835 0.063645
vt 0.314078 0.965768
vt 0.312687 0.976146
vt 0.590310 0.219453
vt 0.561043 0.582993
vt 0.329577 0.117030
vt 0.349353 0.779241
vt 0.350363 0.781813
vt 0.352106 0.789338
vt 0.851266 0.867244
vt 0.023943 0.176466
vt 0.020245 0.180278
vt 0.020245 0.165978
vt 0.022535 0.973290
vt 0.706248 0.535210
vt 0.708947 0.543651
vt 0.704601 0.530936
vt 0.701210 0.527058
vt 0.702792 0.527701
vt 0.703542 0.528948
vt 0.604499 0.687811
vt 0.319297 0.076358
vt 0.838512 0.038803
vt 0.840263 0.042796
vt 0.837708 0.065468
vt 0.839767 0.058837
vt 0.085916 0.187728
vt 0.362015 0.678807
vt 0.182498 0.348539
vt 0.180454 0.347201
vt 0.554854 0.544138
vt 0.646466 0.647875
vt 0.174256 0.351877
vt 0.067909 0.722450
vt 0.238024 0.135209
vt 0.235761 0.132371
vt 0.238024 0.122499
vt 0.477496 0.797773
vt 0.500799 0.367660
vt 0.350865 0.633813
vt 0.259232 0.778979
vt 0.611864 0.630927
vt 0.162766 0.022434
vt 0.286991 0.985723
vt 0.291180 0.981431
vt 0.292564 0.983467
vt 0.295210 0.979284
vt 0.596723 0.616686
vt 0.456788 0.403682
vt 0.570440 0.226374
vt 0.555252 0.580847
vt 0.345823 0.781159
vt 0.921109 0.246871
vt 0.917220 0.253513
vt 0.905761 0.248526
vt 0.707891 0.522262
vt 0.707206 0.530799
vt 0.705829 0.529301
vt 0.329796 0.583381
vt 0.333498 0.584809
vt 0.337287 0.581899
vt 0.339757 0.104034
vt 0.316427 0.094546
vt 0.309217 0.081245
vt 0.458765 0.516529
vt 0.492990 0.534307
vt 0.224285 0.304244
vt 0.852189 0.044739
vt 0.834828 0.040645
vt 0.063446 0.921582
vt 0.061663 0.921063
vt 0.061165 0.919747
vt 0.059971 0.920051
vt 0.827992 0.043010
vt 0.060012 0.922968
vt 0.340453 0.173245
vt 0.559924 0.521918
vt 0.184519 0.354452
vt 0.177702 0.350345
vt 0.629273 0.635605
vt 0.792618 0.154450
vt 0.793675 0.171370
vt 0.784621 0.165613
vt 0.013721 0.167904
vt 0.361965 0.638016
vt 0.285146 0.992938
vt 0.294032 0.985892
vt 0.241545 0.303309
vt 0.231050 0.292867
vt 0.558801 0.599101
vt 0.555574 0.229569
vt 0.541703 0.230279
vt 0.335205 0.120521
vt 0.222716 0.200657
vt 0.895165 0.281685
vt 0.896214 0.253031
vt 0.912819 0.263107
vt 0.709845 0.531307
vt 0.707871 0.530101
vt 0.706859 0.527560
vt 0.266163 0.603210
vt 0.328800 0.590552
vt 0.336410 0.590066
vt 0.337624 0.604256
vt 0.331120 0.104409
vt 0.329258 0.103367
vt 0.489211 0.550107
vt 0.479303 0.563921
vt 0.844824 0.034485
vt 0.060442 0.916692
vt 0.074665 0.933038
vt 0.854739 0.044965
vt 0.838113 0.060319
vt 0.708437 0.698891
vt 0.693946 0.705316
vt 0.691875 0.695098
vt 0.680786 0.696953
vt 0.685202 0.695756
vt 0.679611 0.695100
vt 0.673728 0.711215
vt 0.673863 0.708711
vt 0.104418 0.651665
vt 0.095805 0.665317
vt 0.339276 0.153769
vt 0.003304 0.162718
vt 0.000300 0.164200
vt 0.129292 0.252700
vt 0.556470 0.226029
vt 0.465023 0.468190
vt 0.317822 0.165417
vt 0.319712 0.179582
vt 0.310115 0.169866
vt 0.340736 0.759749
vt 0.708724 0.528444
vt 0.910042 0.257093
vt 0.912859 0.256343
vt 0.913863 0.258357
vt 0.283040 0.176844
vt 0.097885 0.156269
vt 0.336036 0.604847
vt 0.180714 0.677661
vt 0.200139 0.695319
vt 0.189445 0.708764
vt 0.000110 0.414076
vt 0.837468 0.029916
vt 0.857615 0.041364
vt 0.093041 0.223809
vt 0.481311 0.270622
vt 0.482157 0.268330
vt 0.482140 0.270740
vt 0.670725 0.705139
vt 0.677111 0.716542
vt 0.186444 0.363325
vt 0.189529 0.371101
vt 0.175251 0.354248
vt 0.485083 0.376490
vt 0.463562 0.392504
vt 0.261495 0.771765
vt 0.302113 0.983449
vt 0.120731 0.267188
vt 0.098950 0.275984
vt 0.572233 0.609449
vt 0.579953 0.214178
vt 0.574230 0.215283
vt 0.912072 0.366731
vt 0.910742 0.353147
vt 0.919700 0.377457
vt 0.335566 0.781807
vt 0.915967 0.233248
vt 0.910568 0.252155
vt 0.911988 0.254232
vt 0.910503 0.254584
vt 0.911613 0.256245
vt 0.557050 0.637719
vt 0.903533 0.101516
vt 0.911914 0.095170
vt 0.907243 0.100000
vt 0.334576 0.616332
vt 0.890568 0.092984
vt 0.909764 0.077115
vt 0.317031 0.600840
vt 0.803908 0.759204
vt 0.801350 0.771433
vt 0.800461 0.770237
vt 0.801998 0.771816
vt 0.487540 0.541857
vt 0.610228 0.082212
vt 0.586758 0.029946
vt 0.840457 0.025659
vt 0.072834 0.911288
vt 0.858267 0.041595
vt 0.051203 0.906576
vt 0.053836 0.933588
vt 0.857705 0.058118
vt 0.473377 0.284116
vt 0.087157 0.203220
vt 0.113754 0.656744
vt 0.662533 0.709336
vt 0.059988 0.693766
vt 0.340546 0.179663
vt 0.561444 0.516860
vt 0.173534 0.359710
vt 0.324244 0.157500
vt 0.552973 0.529431
vt 0.626782 0.643899
vt 0.362015 0.655732
vt 0.230708 0.128805
vt 0.470334 0.385230
vt 0.567459 0.603347
vt 0.320659 0.286540
vt 0.906186 0.255432
vt 0.908699 0.252155
vt 0.908096 0.254708
vt 0.240889 0.188409
vt 0.267428 0.611023
vt 0.895175 0.108021
vt 0.901004 0.105387
vt 0.912658 0.106479
vt 0.346483 0.616889
vt 0.390488 0.430244
vt 0.621115 0.757732
vt 0.609352 0.748171
vt 0.621115 0.742501
vt 0.496829 0.503015
vt 0.499133 0.508769
vt 0.496834 0.510998
vt 0.494679 0.519830
vt 0.614280 0.092768
vt 0.613672 0.114082
vt 0.837990 0.027101
vt 0.849692 0.030076
vt 0.472021 0.284681
vt 0.467724 0.274741
vt 0.474766 0.267976
vt 0.492119 0.271448
vt 0.665331 0.685793
vt 0.688357 0.729563
vt 0.190834 0.387455
vt 0.193458 0.384378
vt 0.469623 0.371381
vt 0.591374 0.189161
vt 0.598009 0.185987
vt 0.604448 0.222531
vt 0.597171 0.207363
vt 0.547520 0.583017
vt 0.557367 0.220969
vt 0.335035 0.775429
vt 0.338204 0.757959
vt 0.310121 0.192954
vt 0.327301 0.247267
vt 0.351418 0.255994
vt 0.907692 0.252967
vt 0.755156 0.444251
vt 0.763015 0.440975
vt 0.766247 0.446737
vt 0.898865 0.108967
vt 0.883286 0.076620
vt 0.906555 0.075404
vt 0.502648 0.513453
vt 0.245124 0.304138
vt 0.839613 0.025093
vt 0.969820 0.939759
vt 0.964188 0.940417
vt 0.969649 0.938987
vt 0.036008 0.928628
vt 0.134548 0.188515
vt 0.069263 0.213726
vt 0.488085 0.276483
vt 0.054581 0.182102
vt 0.132392 0.660309
vt 0.662471 0.721310
vt 0.193964 0.388734
vt 0.195202 0.391530
vt 0.192937 0.386417
vt 0.557413 0.520369
vt 0.464426 0.785237
vt 0.484742 0.811068
vt 0.548478 0.537080
vt 0.783029 0.183317
vt 0.772902 0.183348
vt 0.806221 0.651090
vt 0.774755 0.673226
vt 0.781122 0.652674
vt 0.065536 0.586222
vt 0.066196 0.602722
vt 0.057236 0.585735
vt 0.586129 0.175839
vt 0.595921 0.167875
vt 0.593736 0.177252
vt 0.297367 0.990065
vt 0.589930 0.629122
vt 0.572649 0.611791
vt 0.563444 0.208715
vt 0.566186 0.261040
vt 0.551726 0.278868
vt 0.551726 0.253274
vt 0.333786 0.755139
vt 0.903034 0.251311
vt 0.905508 0.250869
vt 0.887320 0.113562
vt 0.099617 0.512821
vt 0.123075 0.540949
vt 0.085371 0.556327
vt 0.287325 0.607122
vt 0.612680 0.751281
vt 0.600580 0.743104
vt 0.617456 0.725558
vt 0.221890 0.341231
vt 0.236946 0.323358
vt 0.841214 0.024126
vt 0.064389 0.906019
vt 0.816673 0.037794
vt 0.129213 0.251217
vt 0.462797 0.303299
vt 0.467322 0.291396
vt 0.068625 0.227769
vt 0.192542 0.390737
vt 0.208226 0.382678
vt 0.338504 0.177583
vt 0.338380 0.181353
vt 0.337360 0.183466
vt 0.561908 0.507780
vt 0.558440 0.512943
vt 0.558076 0.509743
vt 0.558016 0.515911
vt 0.556143 0.516737
vt 0.332545 0.174518
vt 0.168374 0.361628
vt 0.800768 0.187788
vt 0.585389 0.152783
vt 0.595081 0.151710
vt 0.052732 0.590055
vt 0.059537 0.602580
vt 0.056915 0.601139
vt 0.064573 0.605254
vt 0.294823 0.989417
vt 0.597123 0.647875
vt 0.461722 0.395601
vt 0.863609 0.559144
vt 0.854959 0.548470
vt 0.866180 0.545057
vt 0.564126 0.605110
vt 0.900172 0.360822
vt 0.878150 0.277652
vt 0.905147 0.246449
vt 0.903831 0.249035
vt 0.268049 0.184061
vt 0.073743 0.161264
vt 0.879840 0.119875
vt 0.882981 0.119135
vt 0.880188 0.120774
vt 0.876486 0.091255
vt 0.335614 0.114014
vt 0.610093 0.722993
vt 0.622523 0.107946
vt 0.494685 0.527974
vt 0.597616 0.038919
vt 0.850161 0.022875
vt 0.825777 0.023642
vt 0.959542 0.944325
vt 0.038059 0.901761
vt 0.046914 0.944413
vt 0.475548 0.257682
vt 0.495679 0.245206
vt 0.079279 0.165685
vt 0.764718 0.583331
vt 0.793192 0.580490
vt 0.767431 0.632065
vt 0.179692 0.395013
vt 0.337153 0.178156
vt 0.335903 0.181963
vt 0.334060 0.184023
vt 0.967839 0.438201
vt 0.970403 0.438979
vt 0.966894 0.439588
vt 0.964975 0.438993
vt 0.336862 0.175754
vt 0.964743 0.440657
vt 0.026995 0.015042
vt 0.029577 0.013305
vt 0.029577 0.018310
vt 0.969258 0.443264
vt 0.207441 0.341977
vt 0.965359 0.443758
vt 0.556382 0.512384
vt 0.556413 0.514249
vt 0.014047 0.173252
vt 0.012759 0.171003
vt 0.716847 0.980767
vt 0.723929 0.985224
vt 0.718686 0.982792
vt 0.060335 0.603690
vt 0.412525 0.307200
vt 0.413904 0.312519
vt 0.407739 0.316895
vt 0.407311 0.306910
vt 0.329571 0.346472
vt 0.316374 0.334072
vt 0.329571 0.316907
vt 0.896790 0.354057
vt 0.536718 0.603876
vt 0.899855 0.250458
vt 0.901835 0.249320
vt 0.902420 0.246952
vt 0.275570 0.180498
vt 0.768043 0.465252
vt 0.635033 0.750207
vt 0.631911 0.748677
vt 0.626467 0.744155
vt 0.876201 0.126007
vt 0.868401 0.111916
vt 0.281079 0.609327
vt 0.371773 0.127354
vt 0.604065 0.746020
vt 0.603942 0.053818
vt 0.570964 0.005247
vt 0.082778 0.933097
vt 0.962825 0.926815
vt 0.818895 0.057323
vt 0.063424 0.217989
vt 0.482917 0.288954
vt 0.507131 0.276872
vt 0.505246 0.249289
vt 0.708437 0.667580
vt 0.671039 0.663123
vt 0.201536 0.405475
vt 0.001127 0.330979
vt 0.001127 0.289334
vt 0.012676 0.300744
vt 0.965159 0.436567
vt 0.335016 0.177429
vt 0.335059 0.179684
vt 0.962060 0.439898
vt 0.961041 0.443663
vt 0.963287 0.445473
vt 0.965249 0.445740
vt 0.217770 0.352307
vt 0.965298 0.448065
vt 0.964188 0.446805
vt 0.553762 0.520159
vt 0.554316 0.516632
vt 0.554571 0.515429
vt 0.154872 0.364733
vt 0.486508 0.807416
vt 0.054879 0.599499
vt 0.801594 0.667645
vt 0.057432 0.602708
vt 0.601938 0.167453
vt 0.603101 0.181053
vt 0.329134 0.767932
vt 0.902377 0.245037
vt 0.899745 0.247295
vt 0.637072 0.754587
vt 0.824116 0.470429
vt 0.812852 0.473230
vt 0.812913 0.464058
vt 0.864629 0.111719
vt 0.271675 0.611015
vt 0.897482 0.138025
vt 0.797514 0.765632
vt 0.815677 0.728837
vt 0.819920 0.757769
vt 0.591059 0.726475
vt 0.760613 0.436611
vt 0.734251 0.431516
vt 0.747798 0.424668
vt 0.087718 0.917760
vt 0.952719 0.940053
vt 0.811125 0.038827
vt 0.258510 0.794032
vt 0.249684 0.790987
vt 0.251443 0.790401
vt 0.231222 0.818210
vt 0.458985 0.309638
vt 0.460908 0.299906
vt 0.458606 0.259653
vt 0.648780 0.684928
vt 0.333060 0.182944
vt 0.968511 0.435781
vt 0.161517 0.370333
vt 0.962816 0.448387
vt 0.964985 0.448398
vt 0.963978 0.450027
vt 0.552391 0.517165
vt 0.549433 0.526594
vt 0.002084 0.170218
vt 0.500878 0.805474
vt 0.715337 0.988549
vt 0.712611 0.985026
vt 0.052795 0.601358
vt 0.051430 0.600714
vt 0.463254 0.391126
vt 0.055429 0.602823
vt 0.056547 0.605079
vt 0.059791 0.606588
vt 0.416174 0.314298
vt 0.415714 0.309343
vt 0.419324 0.308398
vt 0.414188 0.308714
vt 0.309862 0.986690
vt 0.567281 0.615892
vt 0.550207 0.213413
vt 0.331701 0.782894
vt 0.913694 0.231869
vt 0.897075 0.247958
vt 0.897938 0.246868
vt 0.897355 0.244660
vt 0.897785 0.242894
vt 0.762498 0.504867
vt 0.813898 0.456394
vt 0.876331 0.130878
vt 0.899231 0.285247
vt 0.903916 0.276981
vt 0.900725 0.287820
vt 0.082874 0.933774
vt 0.949872 0.924438
vt 0.249727 0.364587
vt 0.250720 0.364267
vt 0.266179 0.373446
vt 0.248033 0.363450
vt 0.249584 0.362775
vt 0.258891 0.792372
vt 0.097189 0.254738
vt 0.463298 0.308875
vt 0.478647 0.251223
vt 0.054415 0.151394
vt 0.499399 0.240705
vt 0.498594 0.243297
vt 0.508752 0.227580
vt 0.185437 0.400919
vt 0.453033 0.853504
vt 0.485975 0.837409
vt 0.325923 0.179339
vt 0.595700 0.133388
vt 0.603013 0.131929
vt 0.597516 0.135448
vt 0.961886 0.448325
vt 0.549742 0.519309
vt 0.964082 0.451381
vt 0.963549 0.450400
vt 0.596924 0.149757
vt 0.548478 0.522984
vt 0.011738 0.173296
vt 0.598063 0.157203
vt 0.498085 0.798471
vt 0.500451 0.799587
vt 0.546833 0.128255
vt 0.545421 0.109308
vt 0.548557 0.133634
vt 0.784764 0.724891
vt 0.793253 0.724863
vt 0.791700 0.734217
vt 0.800643 0.732074
vt 0.329125 0.780244
vt 0.904465 0.238359
vt 0.891796 0.240084
vt 0.892330 0.236010
vt 0.891339 0.238552
vt 0.890027 0.238313
vt 0.889658 0.232026
vt 0.887669 0.231348
vt 0.885626 0.230986
vt 0.192113 0.188390
vt 0.192954 0.190015
vt 0.189614 0.189202
vt 0.189614 0.201405
vt 0.956736 0.899280
vt 0.960354 0.900685
vt 0.956741 0.901002
vt 0.967651 0.909613
vt 0.957165 0.909280
vt 0.969838 0.908808
vt 0.969341 0.910952
vt 0.270941 0.181928
vt 0.649429 0.763124
vt 0.768978 0.443758
vt 0.761170 0.438345
vt 0.881086 0.073821
vt 0.864629 0.072266
vt 0.502857 0.528586
vt 0.616142 0.074301
vt 0.505569 0.559520
vt 0.893650 0.287375
vt 0.878360 0.282761
vt 0.961734 0.957094
vt 0.971812 0.958122
vt 0.913469 0.267040
vt 0.910967 0.288474
vt 0.928151 0.261537
vt 0.814069 0.022262
vt 0.804447 0.037920
vt 0.801146 0.034575
vt 0.859138 0.074852
vt 0.826446 0.078353
vt 0.828002 0.078872
vt 0.253048 0.772873
vt 0.449675 0.322569
vt 0.450957 0.322993
vt 0.062993 0.219881
vt 0.055495 0.215642
vt 0.050611 0.186550
vt 0.491464 0.240147
vt 0.214179 0.401258
vt 0.808891 0.621139
vt 0.225883 0.370079
vt 0.957777 0.449853
vt 0.960902 0.452475
vt 0.962362 0.452567
vt 0.790573 0.195900
vt 0.600973 0.143711
vt 0.963470 0.454802
vt 0.962027 0.453841
vt 0.963414 0.458066
vt 0.961523 0.456183
vt 0.005220 0.018327
vt 0.002742 0.016760
vt 0.005634 0.015673
vt 0.005634 0.022535
vt 0.000418 0.019026
vt 0.721802 0.976962
vt 0.714296 0.976984
vt 0.714428 0.981314
vt 0.711287 0.977625
vt 0.450296 0.380307
vt 0.708106 0.984356
vt 0.711812 0.986854
vt 0.350527 0.534415
vt 0.354666 0.536724
vt 0.341987 0.546287
vt 0.052907 0.604821
vt 0.056028 0.606937
vt 0.414480 0.303128
vt 0.850196 0.531386
vt 0.624193 0.194936
vt 0.614962 0.222332
vt 0.775221 0.741715
vt 0.789548 0.739016
vt 0.804882 0.722227
vt 0.885010 0.219336
vt 0.969880 0.915012
vt 0.972291 0.908297
vt 0.971966 0.912569
vt 0.832378 0.446078
vt 0.812852 0.438933
vt 0.650222 0.766822
vt 0.770732 0.442174
vt 0.261330 0.616889
vt 0.761318 0.431946
vt 0.775402 0.437191
vt 0.782598 0.884964
vt 0.790126 0.905390
vt 0.782598 0.936602
vt 0.514261 0.517236
vt 0.498424 0.538697
vt 0.503489 0.547749
vt 0.247616 0.326754
vt 0.604715 0.010388
vt 0.844788 0.003660
vt 0.951702 0.944216
vt 0.071928 0.949658
vt 0.272488 0.371185
vt 0.256266 0.360574
vt 0.456193 0.278967
vt 0.145944 0.176051
vt 0.276070 0.403771
vt 0.290696 0.403371
vt 0.286190 0.427116
vt 0.214722 0.385964
vt 0.957382 0.429851
vt 0.956600 0.450630
vt 0.013269 0.188729
vt 0.958845 0.456372
vt 0.489040 0.812350
vt 0.960983 0.459146
vt 0.958549 0.457903
vt 0.712709 0.973007
vt 0.714364 0.975039
vt 0.711414 0.975316
vt 0.800937 0.673226
vt 0.807742 0.651239
vt 0.049101 0.603235
vt 0.354531 0.535276
vt 0.422532 0.306053
vt 0.416717 0.302008
vt 0.585853 0.182390
vt 0.561299 0.196507
vt 0.798311 0.741807
vt 0.796541 0.739154
vt 0.804849 0.724931
vt 0.323834 0.790125
vt 0.863668 0.812424
vt 0.869642 0.810512
vt 0.878669 0.848644
vt 0.359532 0.229730
vt 0.864347 0.845276
vt 0.647816 0.780388
vt 0.657129 0.770354
vt 0.271404 0.175335
vt 0.277917 0.177312
vt 0.830356 0.468428
vt 0.771566 0.450434
vt 0.772099 0.444343
vt 0.770212 0.412503
vt 0.783532 0.413473
vt 0.062016 0.152830
vt 0.109788 0.519518
vt 0.427394 0.742407
vt 0.418998 0.733938
vt 0.441852 0.708585
vt 0.195565 0.717514
vt 0.593354 0.000567
vt 0.827059 0.017922
vt 0.945847 0.947264
vt 0.088731 0.932624
vt 0.078710 0.444728
vt 0.091179 0.442553
vt 0.088340 0.447023
vt 0.799334 0.034262
vt 0.086271 0.944801
vt 0.047499 0.946344
vt 0.265988 0.361397
vt 0.781675 0.929306
vt 0.758834 0.932235
vt 0.774749 0.918453
vt 0.257790 0.777749
vt 0.706940 0.655247
vt 0.674897 0.645589
vt 0.660630 0.671035
vt 0.036052 0.172161
vt 0.499856 0.209842
vt 0.632566 0.705403
vt 0.243085 0.369528
vt 0.488023 0.818450
vt 0.955467 0.458143
vt 0.712619 0.971603
vt 0.708784 0.970431
vt 0.502773 0.802829
vt 0.505397 0.796704
vt 0.708677 0.975020
vt 0.708793 0.978157
vt 0.707376 0.981644
vt 0.706069 0.984682
vt 0.350279 0.542108
vt 0.706090 0.990121
vt 0.050484 0.609945
vt 0.050601 0.611256
vt 0.415849 0.298760
vt 0.362168 0.538271
vt 0.407615 0.301759
vt 0.561961 0.485470
vt 0.551686 0.494357
vt 0.561385 0.480765
vt 0.800091 0.739030
vt 0.804252 0.737789
vt 0.809870 0.735459
vt 0.862522 0.812523
vt 0.858851 0.834523
vt 0.858665 0.814660
vt 0.811252 0.729802
vt 0.023943 0.470837
vt 0.016770 0.474245
vt 0.017950 0.471658
vt 0.868294 0.849012
vt 0.865196 0.853103
vt 0.183958 0.067666
vt 0.187320 0.080618
vt 0.183958 0.091547
vt 0.666383 0.770937
vt 0.674442 0.775720
vt 0.665450 0.773044
vt 0.770699 0.505624
vt 0.972008 0.914520
vt 0.655082 0.776551
vt 0.267911 0.174157
vt 0.273365 0.173869
vt 0.808394 0.420369
vt 0.409851 0.423010
vt 0.901147 0.291207
vt 0.957078 0.973220
vt 0.827834 0.013810
vt 0.084088 0.434311
vt 0.280276 0.383091
vt 0.752061 0.946079
vt 0.757505 0.951604
vt 0.054598 0.957728
vt 0.272138 0.363617
vt 0.257451 0.352775
vt 0.241856 0.753880
vt 0.485082 0.314732
vt 0.077836 0.248535
vt 0.449843 0.232521
vt 0.230785 0.396875
vt 0.625194 0.719973
vt 0.616890 0.119410
vt 0.598615 0.119874
vt 0.598504 0.115645
vt 0.604865 0.129303
vt 0.767409 0.203044
vt 0.778203 0.205606
vt 0.496226 0.816779
vt 0.704579 0.981951
vt 0.703870 0.976315
vt 0.704018 0.985146
vt 0.049101 0.609698
vt 0.420037 0.299180
vt 0.428161 0.299678
vt 0.890296 0.344617
vt 0.416348 0.545983
vt 0.395750 0.511683
vt 0.413511 0.516936
vt 0.778018 0.754435
vt 0.859078 0.851961
vt 0.682408 0.779010
vt 0.678532 0.776647
vt 0.691012 0.781145
vt 0.881179 0.231995
vt 0.878150 0.220287
vt 0.988713 0.899280
vt 0.975066 0.916303
vt 0.677965 0.775433
vt 0.663602 0.781663
vt 0.972721 0.918090
vt 0.651571 0.783529
vt 0.262458 0.168091
vt 0.638374 0.788486
vt 0.784716 0.444344
vt 0.772125 0.446928
vt 0.776924 0.449217
vt 0.629045 0.720083
vt 0.373232 0.602178
vt 0.091465 0.533792
vt 0.059460 0.493665
vt 0.095773 0.493665
vt 0.513612 0.519638
vt 0.715749 0.412083
vt 0.235841 0.341619
vt 0.614251 0.026925
vt 0.954772 0.956257
vt 0.024817 0.729915
vt 0.019035 0.717544
vt 0.030268 0.721944
vt 0.014226 0.722268
vt 0.943598 0.944413
vt 0.007963 0.718943
vt 0.015567 0.716872
vt 0.094999 0.446236
vt 0.273931 0.814458
vt 0.259039 0.820606
vt 0.256553 0.807315
vt 0.276070 0.455852
vt 0.294156 0.455713
vt 0.298496 0.467027
vt 0.037067 0.192907
vt 0.309506 0.438813
vt 0.509849 0.211560
vt 0.155922 0.412668
vt 0.810147 0.628985
vt 0.970403 0.414740
vt 0.951320 0.426461
vt 0.607236 0.136950
vt 0.808435 0.193382
vt 0.795282 0.199584
vt 0.315801 0.561739
vt 0.332980 0.530195
vt 0.621209 0.148366
vt 0.616214 0.157669
vt 0.518749 0.812171
vt 0.337405 0.550653
vt 0.702473 0.983727
vt 0.702208 0.985360
vt 0.392148 0.543244
vt 0.542596 0.615507
vt 0.919700 0.315215
vt 0.001422 0.487314
vt 0.885641 0.253213
vt 0.697508 0.783260
vt 0.693691 0.782461
vt 0.696112 0.784921
vt 0.973696 0.922053
vt 0.975249 0.919818
vt 0.261187 0.164591
vt 0.647044 0.786483
vt 0.282700 0.167124
vt 0.801699 0.435747
vt 0.773407 0.450156
vt 0.774911 0.448877
vt 0.129075 0.523584
vt 0.119204 0.508105
vt 0.340208 0.141296
vt 0.510235 0.528261
vt 0.611256 0.040899
vt 0.598786 0.010059
vt 0.820555 0.010855
vt 0.012960 0.726545
vt 0.799729 0.036364
vt 0.803032 0.043336
vt 0.809690 0.047522
vt 0.752741 0.941712
vt 0.250531 0.813425
vt 0.463233 0.332388
vt 0.152110 0.221967
vt 0.081042 0.251376
vt 0.442512 0.251606
vt 0.300623 0.459799
vt 0.302707 0.461336
vt 0.307842 0.453844
vt 0.480029 0.230279
vt 0.494486 0.216541
vt 0.265581 0.412668
vt 0.178742 0.408730
vt 0.611293 0.134919
vt 0.701106 0.975193
vt 0.699808 0.985527
vt 0.426765 0.298249
vt 0.407311 0.286918
vt 0.551686 0.473411
vt 0.866180 0.524977
vt 0.794754 0.766743
vt 0.310267 0.820121
vt 0.312391 0.820961
vt 0.310996 0.823625
vt 0.851950 0.855563
vt 0.651439 0.790263
vt 0.293978 0.159149
vt 0.775108 0.451614
vt 0.759704 0.425810
vt 0.732963 0.404836
vt 0.743729 0.398721
vt 0.909883 0.293659
vt 0.014496 0.729028
vt 0.939321 0.939620
vt 0.103970 0.459625
vt 0.805350 0.046024
vt 0.112484 0.442147
vt 0.276051 0.836000
vt 0.122511 0.464931
vt 0.763653 0.917932
vt 0.807361 0.078872
vt 0.763960 0.912842
vt 0.440031 0.312279
vt 0.434107 0.294374
vt 0.235917 0.832830
vt 0.217944 0.828883
vt 0.435209 0.288187
vt 0.495300 0.322303
vt 0.297071 0.507717
vt 0.646077 0.679354
vt 0.810272 0.595418
vt 0.248436 0.395926
vt 0.781664 0.863201
vt 0.808435 0.849245
vt 0.802289 0.859270
vt 0.507858 0.841972
vt 0.781749 0.207600
vt 0.709599 0.963070
vt 0.694748 0.954284
vt 0.507822 0.808630
vt 0.617717 0.173150
vt 0.541889 0.637733
vt 0.378866 0.287318
vt 0.354853 0.287318
vt 0.362816 0.275531
vt 0.001422 0.447110
vt 0.000072 0.618298
vt 0.000072 0.596799
vt 0.005634 0.599653
vt 0.698578 0.778971
vt 0.675846 0.787214
vt 0.865954 0.862201
vt 0.084803 0.000083
vt 0.094364 0.010221
vt 0.084803 0.042253
vt 0.654598 0.791850
vt 0.673956 0.767444
vt 0.257952 0.160993
vt 0.977275 0.921272
vt 0.975580 0.922151
vt 0.672239 0.764395
vt 0.645413 0.790661
vt 0.407060 0.131744
vt 0.214992 0.709979
vt 0.879401 0.288383
vt 0.939922 0.945629
vt 0.011497 0.729237
vt 0.088729 0.952872
vt 0.803664 0.049257
vt 0.736373 0.953503
vt 0.277500 0.372462
vt 0.272086 0.361003
vt 0.248362 0.828704
vt 0.435877 0.303945
vt 0.482528 0.331622
vt 0.223900 0.831300
vt 0.679018 0.628799
vt 0.509849 0.310151
vt 0.664418 0.652059
vt 0.042766 0.203433
vt 0.652155 0.666671
vt 0.316103 0.562729
vt 0.504937 0.824452
vt 0.622465 0.130220
vt 0.942270 0.427310
vt 0.697031 0.972988
vt 0.426926 0.295759
vt 0.225257 0.986049
vt 0.202181 0.972761
vt 0.225348 0.975281
vt 0.031712 0.038027
vt 0.031712 0.001343
vt 0.045070 0.018188
vt 0.811252 0.811252
vt 0.794345 0.776055
vt 0.329432 0.243573
vt 0.309631 0.824124
vt 0.304156 0.819429
vt 0.854540 0.857127
vt 0.674339 0.796308
vt 0.971929 0.942235
vt 0.975718 0.924517
vt 0.635602 0.796749
vt 0.626467 0.803890
vt 0.791316 0.444723
vt 0.781165 0.458936
vt 0.780142 0.451846
vt 0.392406 0.137501
vt 0.179132 0.719730
vt 0.191922 0.736376
vt 0.200388 0.718759
vt 0.590222 0.740611
vt 0.939321 0.965752
vt 0.942829 0.960593
vt 0.037593 0.726592
vt 0.939811 0.946683
vt 0.000810 0.716844
vt 0.244618 0.819500
vt 0.060562 0.147060
vt 0.058753 0.149300
vt 0.058753 0.143022
vt 0.695052 0.629489
vt 0.463497 0.231313
vt 0.811252 0.580513
vt 0.547555 0.207114
vt 0.546420 0.191912
vt 0.547377 0.173668
vt 0.244252 0.369613
vt 0.781847 0.212055
vt 0.768932 0.208583
vt 0.756032 0.200512
vt 0.611229 0.544258
vt 0.619814 0.535745
vt 0.625488 0.548595
vt 0.560015 0.176710
vt 0.661139 0.801618
vt 0.654254 0.797586
vt 0.551031 0.142313
vt 0.571820 0.154066
vt 0.551031 0.169011
vt 0.253159 0.149698
vt 0.977144 0.929277
vt 0.786457 0.447328
vt 0.785580 0.456749
vt 0.781124 0.455923
vt 0.650097 0.729157
vt 0.399217 0.753817
vt 0.529432 0.522438
vt 0.533648 0.507191
vt 0.621190 0.053051
vt 0.912202 0.302411
vt 0.018635 0.742289
vt 0.767244 0.039753
vt 0.777902 0.012169
vt 0.083272 0.451908
vt 0.082524 0.456956
vt 0.793930 0.045696
vt 0.801386 0.052974
vt 0.811397 0.051875
vt 0.735358 0.944236
vt 0.279982 0.362541
vt 0.737963 0.928079
vt 0.132276 0.461831
vt 0.754831 0.903671
vt 0.236944 0.824030
vt 0.059811 0.153518
vt 0.039264 0.247401
vt 0.022930 0.183731
vt 0.545842 0.228164
vt 0.761574 0.213837
vt 0.694748 0.986809
vt 0.684506 0.015748
vt 0.693884 0.010870
vt 0.687793 0.025566
vt 0.690143 0.024997
vt 0.376049 0.477455
vt 0.368385 0.472944
vt 0.376049 0.457490
vt 0.202181 0.990121
vt 0.333808 0.216898
vt 0.815223 0.880265
vt 0.835325 0.868469
vt 0.567683 0.879925
vt 0.585442 0.877735
vt 0.579430 0.884490
vt 0.881673 0.880265
vt 0.942203 0.646824
vt 0.957728 0.640448
vt 0.938756 0.649821
vt 0.645554 0.794126
vt 0.643742 0.795943
vt 0.978039 0.926295
vt 0.978635 0.926481
vt 0.663739 0.748151
vt 0.127172 0.491299
vt 0.521035 0.521518
vt 0.211657 0.697256
vt 0.042393 0.712287
vt 0.036669 0.737900
vt 0.071663 0.434435
vt 0.066120 0.445172
vt 0.067743 0.435862
vt 0.014128 0.737448
vt 0.011565 0.733938
vt 0.073252 0.456190
vt 0.280276 0.342668
vt 0.255762 0.346186
vt 0.440118 0.251700
vt 0.034369 0.196669
vt 0.261584 0.405552
vt 0.547707 0.222024
vt 0.802900 0.864960
vt 0.526977 0.180258
vt 0.549285 0.151254
vt 0.620695 0.135319
vt 0.511302 0.812930
vt 0.513631 0.810941
vt 0.630721 0.167105
vt 0.630974 0.220784
vt 0.581264 0.172075
vt 0.342247 0.823920
vt 0.590208 0.865905
vt 0.841001 0.866449
vt 0.851023 0.861097
vt 0.913227 0.192954
vt 0.919959 0.164200
vt 0.916872 0.189835
vt 0.853461 0.860816
vt 0.649955 0.811252
vt 0.290224 0.839420
vt 0.286362 0.828853
vt 0.684793 0.764941
vt 0.919149 0.180471
vt 0.920140 0.187810
vt 0.978498 0.928564
vt 0.978856 0.930452
vt 0.789170 0.465780
vt 0.803249 0.460204
vt 0.125852 0.543919
vt 0.129068 0.555567
vt 0.179132 0.761764
vt 0.192870 0.743677
vt 0.534303 0.529022
vt 0.261801 0.342247
vt 0.939843 0.957047
vt 0.076752 0.456072
vt 0.799830 0.064572
vt 0.808414 0.058750
vt 0.078331 0.257741
vt 0.075998 0.254238
vt 0.914387 0.093857
vt 0.925575 0.095968
vt 0.930671 0.119716
vt 0.432455 0.267682
vt 0.528610 0.609521
vt 0.538018 0.624543
vt 0.528610 0.632382
vt 0.572512 0.799741
vt 0.576045 0.799661
vt 0.575958 0.801298
vt 0.573121 0.798513
vt 0.314665 0.438949
vt 0.312712 0.440281
vt 0.644132 0.675793
vt 0.478956 0.853504
vt 0.808435 0.245066
vt 0.623994 0.144274
vt 0.696464 0.948518
vt 0.625549 0.153271
vt 0.320252 0.791629
vt 0.320977 0.793439
vt 0.589566 0.856668
vt 0.363373 0.188903
vt 0.603933 0.873798
vt 0.901784 0.189842
vt 0.611705 0.860354
vt 0.610816 0.881115
vt 0.845654 0.864779
vt 0.939133 0.647124
vt 0.936907 0.647795
vt 0.934246 0.652377
vt 0.932838 0.646714
vt 0.939016 0.636180
vt 0.785610 0.461585
vt 0.783515 0.458718
vt 0.378609 0.144440
vt 0.400037 0.729998
vt 0.713152 0.402282
vt 0.695799 0.390256
vt 0.824116 0.000590
vt 0.180710 0.628112
vt 0.181227 0.633867
vt 0.171432 0.631187
vt 0.171072 0.632357
vt 0.735425 0.914988
vt 0.276051 0.756291
vt 0.429421 0.280767
vt 0.917776 0.077345
vt 0.575172 0.820444
vt 0.573843 0.803979
vt 0.458202 0.213749
vt 0.313669 0.432775
vt 0.031161 0.195422
vt 0.025122 0.189518
vt 0.324743 0.572755
vt 0.619876 0.122536
vt 0.774440 0.215065
vt 0.510665 0.818550
vt 0.365441 0.554826
vt 0.301137 0.797713
vt 0.612987 0.869296
vt 0.615109 0.868448
vt 0.933700 0.656419
vt 0.784950 0.458249
vt 0.725684 0.386286
vt 0.260558 0.502548
vt 0.223043 0.521117
vt 0.231004 0.498183
vt 0.899828 0.315234
vt 0.928151 0.321121
vt 0.014050 0.740999
vt 0.176825 0.635295
vt 0.798149 0.054844
vt 0.166003 0.637407
vt 0.160744 0.653087
vt 0.161327 0.647846
vt 0.110377 0.467137
vt 0.116555 0.492948
vt 0.935947 0.117266
vt 0.493851 0.325935
vt 0.489924 0.327989
vt 0.302325 0.519310
vt 0.299949 0.516527
vt 0.569899 0.800440
vt 0.571777 0.792718
vt 0.570827 0.779550
vt 0.270417 0.409344
vt 0.640820 0.672183
vt 0.963604 0.415323
vt 0.624866 0.150678
vt 0.675011 0.031717
vt 0.672898 0.010870
vt 0.883312 0.335581
vt 0.430977 0.524842
vt 0.293181 0.236509
vt 0.341606 0.793589
vt 0.335798 0.195947
vt 0.295500 0.817530
vt 0.929596 0.674635
vt 0.982676 0.936143
vt 0.981485 0.937991
vt 0.791774 0.459743
vt 0.788814 0.460685
vt 0.785917 0.460126
vt 0.404080 0.134539
vt 0.390503 0.753432
vt 0.196848 0.752400
vt 0.823354 0.729446
vt 0.836937 0.753520
vt 0.219745 0.705669
vt 0.766182 0.414623
vt 0.620631 0.034498
vt 0.183833 0.668922
vt 0.154872 0.662852
vt 0.536234 0.887153
vt 0.550693 0.890932
vt 0.542790 0.896528
vt 0.778023 0.212457
vt 0.349390 0.581009
vt 0.609924 0.534520
vt 0.593888 0.857349
vt 0.945961 0.630843
vt 0.129675 0.941776
vt 0.112537 0.950686
vt 0.112537 0.898087
vt 0.143659 0.469005
vt 0.136543 0.456351
vt 0.139165 0.459092
vt 0.982882 0.941927
vt 0.142144 0.348972
vt 0.118353 0.370415
vt 0.118353 0.341765
vt 0.146434 0.518511
vt 0.389093 0.736800
vt 0.212619 0.729518
vt 0.266700 0.323662
vt 0.226818 0.496801
vt 0.223043 0.482058
vt 0.603406 0.008378
vt 0.259340 0.429453
vt 0.262394 0.430192
vt 0.263518 0.452104
vt 0.159329 0.660156
vt 0.801959 0.069301
vt 0.115519 0.473435
vt 0.140138 0.476763
vt 0.133586 0.482739
vt 0.814069 0.102815
vt 0.806484 0.100540
vt 0.425520 0.287333
vt 0.565437 0.831789
vt 0.565746 0.833468
vt 0.336560 0.508842
vt 0.895132 0.061586
vt 0.917940 0.074374
vt 0.569046 0.780884
vt 0.791534 0.265405
vt 0.791027 0.281565
vt 0.787620 0.248543
vt 0.774500 0.890523
vt 0.619390 0.112610
vt 0.620511 0.114786
vt 0.955301 0.415277
vt 0.432077 0.870405
vt 0.428363 0.864797
vt 0.432260 0.862358
vt 0.512034 0.154774
vt 0.780784 0.210076
vt 0.772726 0.216617
vt 0.631973 0.559144
vt 0.639342 0.537213
vt 0.647653 0.551855
vt 0.891416 0.326685
vt 0.760309 0.767682
vt 0.197594 0.104189
vt 0.189786 0.103314
vt 0.191037 0.101700
vt 0.213283 0.947637
vt 0.826720 0.875860
vt 0.742479 0.597627
vt 0.761445 0.588212
vt 0.760417 0.606394
vt 0.503911 0.989639
vt 0.502642 0.966255
vt 0.532384 0.991530
vt 0.634998 0.864292
vt 0.626558 0.874748
vt 0.639994 0.803198
vt 0.935038 0.186539
vt 0.811252 0.459845
vt 0.811252 0.431400
vt 0.138101 0.457365
vt 0.138677 0.454573
vt 0.139811 0.458400
vt 0.788343 0.461844
vt 0.380871 0.768999
vt 0.225017 0.509191
vt 0.604845 0.001152
vt 0.022370 0.743080
vt 0.182204 0.626156
vt 0.184584 0.635633
vt 0.186169 0.632041
vt 0.070427 0.460082
vt 0.002418 0.740142
vt 0.189631 0.645487
vt 0.123768 0.479259
vt 0.189543 0.949477
vt 0.181155 0.948232
vt 0.185160 0.940454
vt 0.490884 0.331726
vt 0.423693 0.290745
vt 0.300953 0.521935
vt 0.296870 0.522525
vt 0.925626 0.091201
vt 0.338453 0.488336
vt 0.092694 0.554785
vt 0.118954 0.560380
vt 0.090170 0.561862
vt 0.259087 0.371195
vt 0.964531 0.413548
vt 0.965790 0.413291
vt 0.963140 0.413485
vt 0.623321 0.136775
vt 0.427664 0.866592
vt 0.510871 0.825503
vt 0.626751 0.148228
vt 0.516952 0.812866
vt 0.503220 0.137219
vt 0.685045 0.034320
vt 0.631634 0.471082
vt 0.613396 0.467934
vt 0.627462 0.458651
vt 0.618602 0.530357
vt 0.595068 0.488545
vt 0.607722 0.496703
vt 0.601002 0.498067
vt 0.592591 0.537870
vt 0.601731 0.529742
vt 0.314366 0.205875
vt 0.608878 0.847058
vt 0.325969 0.201673
vt 0.329291 0.198782
vt 0.341883 0.189010
vt 0.277686 0.817600
vt 0.626527 0.882460
vt 0.479797 0.701395
vt 0.502814 0.682446
vt 0.496734 0.701395
vt 0.239197 0.622468
vt 0.250699 0.614786
vt 0.250699 0.653508
vt 0.683869 0.934386
vt 0.673744 0.937947
vt 0.670558 0.915760
vt 0.789116 0.463885
vt 0.791411 0.463091
vt 0.418895 0.690143
vt 0.445819 0.688343
vt 0.400072 0.704840
vt 0.384013 0.747343
vt 0.703314 0.368500
vt 0.786627 0.062345
vt 0.798490 0.067108
vt 0.748802 0.897077
vt 0.735358 0.898543
vt 0.426526 0.281584
vt 0.553175 0.818234
vt 0.780043 0.274833
vt 0.323386 0.439938
vt 0.331654 0.453223
vt 0.025002 0.205684
vt 0.777611 0.217157
vt 0.626195 0.119324
vt 0.440909 0.852809
vt 0.437063 0.853390
vt 0.445614 0.846485
vt 0.668669 0.019891
vt 0.632495 0.451733
vt 0.699986 0.038835
vt 0.634941 0.529065
vt 0.783821 0.771122
vt 0.200748 0.109749
vt 0.212209 0.100862
vt 0.790520 0.772120
vt 0.612640 0.845199
vt 0.963362 0.847617
vt 0.954631 0.843873
vt 0.951544 0.818480
vt 0.929596 0.620902
vt 0.692944 0.943609
vt 0.683907 0.949240
vt 0.135874 0.453893
vt 0.134783 0.451632
vt 0.130305 0.452543
vt 0.134692 0.454795
vt 0.391434 0.724889
vt 0.534762 0.521266
vt 0.216746 0.721519
vt 0.754580 0.401863
vt 0.549110 0.553649
vt 0.262118 0.331402
vt 0.610211 0.006624
vt 0.053176 0.747096
vt 0.059154 0.743853
vt 0.270417 0.445682
vt 0.017071 0.749425
vt 0.768059 0.043139
vt 0.162915 0.667712
vt 0.186008 0.937536
vt 0.550693 0.850748
vt 0.527264 0.873484
vt 0.571258 0.772177
vt 0.576045 0.764664
vt 0.964275 0.255686
vt 0.948480 0.287318
vt 0.956056 0.252934
vt 0.111548 0.584836
vt 0.430596 0.848567
vt 0.777164 0.214731
vt 0.428773 0.861731
vt 0.587316 0.963782
vt 0.596931 0.963612
vt 0.593283 0.967875
vt 0.520817 0.815302
vt 0.759648 0.216638
vt 0.759429 0.212349
vt 0.627170 0.152393
vt 0.912799 0.203023
vt 0.921927 0.192531
vt 0.922759 0.193802
vt 0.681145 0.034646
vt 0.613512 0.524295
vt 0.609778 0.526425
vt 0.607078 0.512554
vt 0.590434 0.504754
vt 0.510896 0.495734
vt 0.521117 0.471306
vt 0.521117 0.511258
vt 0.148620 0.402618
vt 0.150701 0.386402
vt 0.150701 0.405153
vt 0.313339 0.199569
vt 0.319680 0.199578
vt 0.314446 0.200692
vt 0.728187 0.612129
vt 0.617752 0.850188
vt 0.503769 0.689598
vt 0.100243 0.167602
vt 0.100243 0.151273
vt 0.101406 0.157436
vt 0.682681 0.941955
vt 0.143659 0.443985
vt 0.791688 0.465004
vt 0.622523 0.007630
vt 0.716555 0.957707
vt 0.722811 0.948408
vt 0.732380 0.960173
vt 0.785541 0.053821
vt 0.798508 0.074819
vt 0.207038 0.954974
vt 0.940827 0.061586
vt 0.559983 0.781399
vt 0.146582 0.585943
vt 0.627985 0.120484
vt 0.630974 0.133330
vt 0.425981 0.863101
vt 0.592422 0.960435
vt 0.597171 0.985896
vt 0.589492 0.969277
vt 0.588885 0.978961
vt 0.587120 0.972108
vt 0.628734 0.153331
vt 0.921951 0.196715
vt 0.584314 0.977716
vt 0.582961 0.985807
vt 0.604085 0.526974
vt 0.609211 0.520774
vt 0.591971 0.522734
vt 0.590434 0.533314
vt 0.149499 0.416893
vt 0.505832 0.484033
vt 0.301021 0.192172
vt 0.200345 0.105334
vt 0.189673 0.123274
vt 0.723189 0.606319
vt 0.659140 0.937617
vt 0.792496 0.466545
vt 0.132041 0.451557
vt 0.146476 0.353506
vt 0.151851 0.505842
vt 0.147159 0.548025
vt 0.387584 0.735572
vt 0.199486 0.750752
vt 0.544720 0.522594
vt 0.536740 0.528530
vt 0.537390 0.531826
vt 0.237766 0.698664
vt 0.263626 0.283128
vt 0.271438 0.317792
vt 0.267041 0.026155
vt 0.241740 0.014672
vt 0.259529 0.000129
vt 0.194040 0.644538
vt 0.797268 0.073027
vt 0.230402 0.842237
vt 0.875607 0.858695
vt 0.885459 0.883811
vt 0.872016 0.859924
vt 0.566430 0.840746
vt 0.544991 0.842237
vt 0.644696 0.664994
vt 0.976037 0.260442
vt 0.520846 0.818555
vt 0.942823 0.190862
vt 0.924556 0.197751
vt 0.926834 0.188906
vt 0.923734 0.191718
vt 0.583119 0.975927
vt 0.918949 0.204450
vt 0.913853 0.217663
vt 0.906866 0.217668
vt 0.445367 0.936512
vt 0.487314 0.908645
vt 0.487314 0.960545
vt 0.381909 0.563104
vt 0.411340 0.559722
vt 0.934416 0.833659
vt 0.486207 0.671428
vt 0.803079 0.467770
vt 0.676725 0.732805
vt 0.794790 0.465641
vt 0.155946 0.475255
vt 0.266409 0.319914
vt 0.261425 0.054785
vt 0.252125 0.041381
vt 0.280198 0.033657
vt 0.723280 0.961953
vt 0.162065 0.684494
vt 0.146386 0.669451
vt 0.948480 0.245618
vt 0.958699 0.250322
vt 0.960040 0.251389
vt 0.753293 0.871786
vt 0.744666 0.849245
vt 0.443340 0.846038
vt 0.446202 0.845623
vt 0.594218 0.959243
vt 0.589242 0.955177
vt 0.341730 0.581339
vt 0.975072 0.093096
vt 0.964988 0.095999
vt 0.963112 0.093459
vt 0.939857 0.196846
vt 0.638932 0.469029
vt 0.637981 0.472597
vt 0.617274 0.500334
vt 0.208397 0.116575
vt 0.098553 0.085914
vt 0.098553 0.066533
vt 0.107040 0.083260
vt 0.602296 0.836540
vt 0.618888 0.846950
vt 0.290302 0.779854
vt 0.938276 0.166127
vt 0.941321 0.181289
vt 0.679048 0.959729
vt 0.796452 0.468909
vt 0.691564 0.954901
vt 0.685728 0.961268
vt 0.124546 0.448806
vt 0.123627 0.450390
vt 0.692944 0.967018
vt 0.688904 0.964656
vt 0.688110 0.962880
vt 0.159252 0.513202
vt 0.196596 0.756407
vt 0.188482 0.771647
vt 0.064845 0.462574
vt 0.058284 0.474431
vt 0.054431 0.481858
vt 0.785134 0.068724
vt 0.544764 0.830934
vt 0.009887 0.222723
vt 0.770124 0.286695
vt 0.619221 0.672868
vt 0.518368 0.214612
vt 0.136067 0.594222
vt 0.521200 0.834849
vt 0.435738 0.846217
vt 0.453512 0.836425
vt 0.437191 0.843692
vt 0.423256 0.861248
vt 0.952094 0.196980
vt 0.945776 0.196201
vt 0.519021 0.832413
vt 0.529567 0.828081
vt 0.961797 0.098318
vt 0.964670 0.099365
vt 0.583712 0.970628
vt 0.581655 0.985355
vt 0.672583 0.035079
vt 0.668127 0.031045
vt 0.674654 0.038712
vt 0.650692 0.525016
vt 0.630164 0.488523
vt 0.360919 0.256294
vt 0.195067 0.122112
vt 0.532384 0.954423
vt 0.946460 0.178518
vt 0.166899 0.499199
vt 0.449287 0.674156
vt 0.745374 0.388582
vt 0.215673 0.654090
vt 0.065870 0.463713
vt 0.190902 0.961953
vt 0.762537 0.253259
vt 0.764980 0.232324
vt 0.145258 0.598068
vt 0.885902 0.317539
vt 0.884847 0.302391
vt 0.890123 0.294901
vt 0.587001 0.955678
vt 0.968317 0.104650
vt 0.585016 0.963096
vt 0.582586 0.968183
vt 0.581129 0.972880
vt 0.577243 0.977908
vt 0.664173 0.040258
vt 0.670457 0.037964
vt 0.627859 0.511326
vt 0.624493 0.517990
vt 0.567683 0.833769
vt 0.740265 0.620158
vt 0.124541 0.901586
vt 0.134505 0.906889
vt 0.126732 0.901406
vt 0.120311 0.896327
vt 0.129420 0.900260
vt 0.680227 0.959096
vt 0.463851 0.670841
vt 0.479742 0.665440
vt 0.825953 0.711422
vt 0.797514 0.689606
vt 0.201212 0.757499
vt 0.210282 0.747118
vt 0.225609 0.731186
vt 0.266784 0.331011
vt 0.269590 0.058526
vt 0.547246 0.797484
vt 0.337941 0.467031
vt 0.340473 0.473975
vt 0.637540 0.659877
vt 0.000152 0.220264
vt 0.974502 0.256069
vt 0.968000 0.108740
vt 0.579236 0.962237
vt 0.580142 0.967040
vt 0.579270 0.969816
vt 0.576201 0.975146
vt 0.664173 0.041379
vt 0.668632 0.040198
vt 0.670487 0.039803
vt 0.673381 0.038833
vt 0.678001 0.047886
vt 0.639025 0.482016
vt 0.222056 0.110532
vt 0.175555 0.150820
vt 0.596276 0.823859
vt 0.315897 0.771877
vt 0.640833 0.843173
vt 0.924922 0.820400
vt 0.931569 0.834244
vt 0.913611 0.852096
vt 0.685257 0.964150
vt 0.687672 0.963538
vt 0.386688 0.695312
vt 0.374639 0.168297
vt 0.384342 0.719379
vt 0.364928 0.746941
vt 0.209665 0.756907
vt 0.242969 0.023937
vt 0.266455 0.335095
vt 0.493648 0.923166
vt 0.506301 0.928185
vt 0.495318 0.936812
vt 0.516282 0.945828
vt 0.515686 0.959816
vt 0.498243 0.947240
vt 0.050584 0.434188
vt 0.044346 0.487984
vt 0.775464 0.067762
vt 0.922517 0.039300
vt 0.903055 0.063379
vt 0.898540 0.017003
vt 0.134451 0.678451
vt 0.901821 0.995755
vt 0.873697 0.995755
vt 0.902799 0.979163
vt 0.966131 0.241656
vt 0.781620 0.306409
vt 0.775951 0.324232
vt 0.776186 0.295965
vt 0.507940 0.189429
vt 0.016901 0.932719
vt 0.007666 0.947869
vt 0.007666 0.896728
vt 0.155352 0.607820
vt 0.582981 0.960530
vt 0.578912 0.964606
vt 0.572504 0.973601
vt 0.936665 0.209344
vt 0.668272 0.043130
vt 0.673715 0.045265
vt 0.922141 0.219856
vt 0.917058 0.218822
vt 0.914550 0.220349
vt 0.695771 0.046836
vt 0.128822 0.901927
vt 0.657075 0.957808
vt 0.651323 0.959977
vt 0.850688 0.726564
vt 0.216975 0.743583
vt 0.566186 0.496460
vt 0.539887 0.531163
vt 0.242736 0.709728
vt 0.764901 0.395733
vt 0.502538 0.963361
vt 0.005403 0.768355
vt 0.270417 0.411397
vt 0.922517 0.002442
vt 0.779105 0.083525
vt 0.175901 0.673713
vt 0.519574 0.886615
vt 0.525035 0.878644
vt 0.571149 0.759974
vt 0.772838 0.892772
vt 0.759025 0.886252
vt 0.588320 0.954784
vt 0.597171 0.947535
vt 0.575322 0.961994
vt 0.942055 0.212395
vt 0.933763 0.215387
vt 0.930516 0.218786
vt 0.921392 0.223035
vt 0.641700 0.474168
vt 0.134612 0.759179
vt 0.142855 0.773981
vt 0.136562 0.768011
vt 0.629532 0.517775
vt 0.727865 0.622272
vt 0.016579 0.857250
vt 0.030533 0.869785
vt 0.022184 0.885618
vt 0.510272 0.680912
vt 0.538989 0.697256
vt 0.126906 0.892921
vt 0.132776 0.892395
vt 0.132194 0.902192
vt 0.492132 0.673650
vt 0.239517 0.852833
vt 0.232941 0.855293
vt 0.240161 0.846341
vt 0.243832 0.853772
vt 0.240362 0.855619
vt 0.244777 0.854886
vt 0.756557 0.390530
vt 0.728189 0.370216
vt 0.269283 0.333383
vt 0.494580 0.907994
vt 0.708320 0.954656
vt 0.700539 0.947745
vt 0.716828 0.940447
vt 0.203944 0.665560
vt 0.207038 0.915165
vt 0.000502 0.287371
vt 0.018052 0.294984
vt 0.021207 0.303440
vt 0.085320 0.579129
vt 0.357949 0.612423
vt 0.390344 0.633731
vt 0.371773 0.635909
vt 0.886059 0.329432
vt 0.882936 0.326407
vt 0.118137 0.595354
vt 0.877624 0.307912
vt 0.984488 0.099780
vt 0.971498 0.109425
vt 0.970052 0.105876
vt 0.582781 0.952191
vt 0.583782 0.944605
vt 0.419679 0.836425
vt 0.933684 0.217237
vt 0.901784 0.133102
vt 0.510106 0.679399
vt 0.236869 0.854544
vt 0.238275 0.856111
vt 0.237621 0.857780
vt 0.161802 0.507788
vt 0.398952 0.155548
vt 0.195602 0.771816
vt 0.233476 0.728570
vt 0.737047 0.378755
vt 0.258601 0.426513
vt 0.732380 0.912544
vt 0.489585 0.732540
vt 0.497457 0.732941
vt 0.488737 0.745163
vt 0.510868 0.900721
vt 0.877958 0.331593
vt 0.876407 0.302125
vt 0.965575 0.113435
vt 0.962785 0.112419
vt 0.582004 0.953881
vt 0.181996 0.976913
vt 0.196682 0.983068
vt 0.178604 0.987305
vt 0.189640 0.969937
vt 0.191163 0.964349
vt 0.201405 0.964047
vt 0.938543 0.215480
vt 0.938267 0.218643
vt 0.632384 0.496040
vt 0.625693 0.502035
vt 0.228246 0.130468
vt 0.223878 0.138207
vt 0.422523 0.542742
vt 0.182962 0.600318
vt 0.162845 0.614073
vt 0.148849 0.586742
vt 0.540256 0.675075
vt 0.149024 0.931360
vt 0.141740 0.904724
vt 0.486475 0.661590
vt 0.683748 0.964615
vt 0.241755 0.863226
vt 0.235076 0.855527
vt 0.235537 0.856468
vt 0.654028 0.967587
vt 0.455408 0.652183
vt 0.466361 0.646457
vt 0.371777 0.703003
vt 0.225818 0.737937
vt 0.243267 0.725454
vt 0.221539 0.000129
vt 0.238888 0.030525
vt 0.526637 0.907994
vt 0.271914 0.064869
vt 0.292248 0.055254
vt 0.704161 0.954213
vt 0.159152 0.553651
vt 0.159152 0.578665
vt 0.142532 0.578862
vt 0.879145 0.886453
vt 0.873083 0.885020
vt 0.762076 0.232622
vt 0.750643 0.252457
vt 0.763534 0.292522
vt 0.342235 0.442162
vt 0.633548 0.946013
vt 0.602894 0.955661
vt 0.602894 0.932121
vt 0.774169 0.914067
vt 0.754188 0.892393
vt 0.980489 0.110993
vt 0.969555 0.113149
vt 0.969584 0.108258
vt 0.570210 0.959350
vt 0.943148 0.221428
vt 0.644763 0.519482
vt 0.630932 0.512255
vt 0.983079 0.331381
vt 0.970115 0.353514
vt 0.970115 0.308864
vt 0.189156 0.146727
vt 0.595728 0.814041
vt 0.253502 0.866133
vt 0.232872 0.857993
vt 0.171460 0.505624
vt 0.389281 0.179813
vt 0.517410 0.927595
vt 0.017891 0.076536
vt 0.022535 0.086055
vt 0.017891 0.091547
vt 0.897224 0.873039
vt 0.539598 0.835221
vt 0.533982 0.825704
vt 0.109857 0.918767
vt 0.093528 0.953502
vt 0.100633 0.925148
vt 0.171254 0.679616
vt 0.168668 0.703862
vt 0.159793 0.693760
vt 0.402698 0.591117
vt 0.405843 0.596403
vt 0.404692 0.608025
vt 0.969784 0.110495
vt 0.580801 0.950927
vt 0.581648 0.945771
vt 0.582135 0.942858
vt 0.183221 0.972749
vt 0.181604 0.974741
vt 0.941528 0.218804
vt 0.127932 0.784279
vt 0.137947 0.785256
vt 0.120594 0.790549
vt 0.133764 0.782663
vt 0.924363 0.813324
vt 0.232498 0.864493
vt 0.232358 0.860120
vt 0.232811 0.845469
vt 0.230136 0.856509
vt 0.166387 0.491583
vt 0.271421 0.291449
vt 0.278214 0.320126
vt 0.263871 0.066449
vt 0.762855 0.062122
vt 0.715140 0.922590
vt 0.514075 0.753664
vt 0.494338 0.750451
vt 0.133832 0.552225
vt 0.509193 0.872914
vt 0.542069 0.771632
vt 0.085100 0.586765
vt 0.877978 0.349876
vt 0.890123 0.360490
vt 0.376619 0.639651
vt 0.100661 0.606300
vt 0.580540 0.940737
vt 0.569017 0.957527
vt 0.581818 0.940832
vt 0.184260 0.969794
vt 0.185439 0.968055
vt 0.181678 0.971243
vt 0.188987 0.967323
vt 0.944978 0.218247
vt 0.941920 0.216108
vt 0.142660 0.777396
vt 0.629767 0.505394
vt 0.225489 0.147854
vt 0.425274 0.550368
vt 0.182680 0.158155
vt 0.729694 0.636632
vt 0.608422 0.808527
vt 0.761341 0.627676
vt 0.636191 0.839554
vt 0.173614 0.512814
vt 0.190319 0.529562
vt 0.569550 0.297103
vt 0.545890 0.281293
vt 0.580270 0.277263
vt 0.542310 0.281861
vt 0.545135 0.263413
vt 0.221622 0.759909
vt 0.559651 0.566186
vt 0.526609 0.941288
vt 0.036619 0.166316
vt 0.025773 0.171828
vt 0.025773 0.156396
vt 0.470870 0.704342
vt 0.484496 0.703762
vt 0.470660 0.706042
vt 0.915237 0.865938
vt 0.899782 0.872921
vt 0.893946 0.964568
vt 0.531812 0.801972
vt 0.752357 0.259538
vt 0.341448 0.469827
vt 0.753899 0.301829
vt 0.868140 0.299078
vt 0.406413 0.601990
vt 0.972943 0.113968
vt 0.970525 0.114916
vt 0.970979 0.116526
vt 0.184745 0.965686
vt 0.644575 0.495760
vt 0.391390 0.572429
vt 0.383814 0.571558
vt 0.631449 0.509134
vt 0.232881 0.114604
vt 0.277686 0.756861
vt 0.145457 0.857910
vt 0.124980 0.856626
vt 0.138023 0.827735
vt 0.148758 0.937581
vt 0.140526 0.908290
vt 0.228883 0.859830
vt 0.226864 0.857540
vt 0.215227 0.839267
vt 0.194391 0.534155
vt 0.543615 0.108696
vt 0.526365 0.084531
vt 0.546468 0.108512
vt 0.225285 0.749656
vt 0.741764 0.369871
vt 0.253422 0.047164
vt 0.244318 0.038194
vt 0.932588 0.714326
vt 0.933821 0.713974
vt 0.933295 0.714782
vt 0.931319 0.711009
vt 0.931845 0.710651
vt 0.934613 0.713495
vt 0.204463 0.653183
vt 0.103709 0.910388
vt 0.103330 0.913149
vt 0.959445 0.054877
vt 0.958770 0.043173
vt 0.970891 0.049490
vt 0.870937 0.963374
vt 0.528705 0.839740
vt 0.978247 0.117913
vt 0.973638 0.115453
vt 0.576518 0.948747
vt 0.121347 0.836156
vt 0.129785 0.827237
vt 0.120941 0.842237
vt 0.120594 0.822185
vt 0.188194 0.963564
vt 0.946559 0.219730
vt 0.139451 0.783727
vt 0.635641 0.502772
vt 0.430623 0.560625
vt 0.419515 0.561227
vt 0.937590 0.134474
vt 0.233577 0.872911
vt 0.224389 0.860631
vt 0.225923 0.859342
vt 0.180503 0.508111
vt 0.189650 0.488733
vt 0.548355 0.298243
vt 0.536146 0.109956
vt 0.577454 0.946342
vt 0.554944 0.941044
vt 0.575979 0.930959
vt 0.975608 0.970675
vt 0.967287 0.965664
vt 0.968897 0.964333
vt 0.967277 0.969048
vt 0.965713 0.966786
vt 0.940039 0.717365
vt 0.931529 0.708610
vt 0.452431 0.676942
vt 0.481657 0.676942
vt 0.697110 0.931238
vt 0.505020 0.881291
vt 0.530677 0.796149
vt 0.540524 0.784527
vt 0.349780 0.465572
vt 0.753734 0.280292
vt 0.768396 0.326754
vt 0.621686 0.957952
vt 0.613663 0.980262
vt 0.406461 0.606035
vt 0.407660 0.604739
vt 0.974643 0.116686
vt 0.125124 0.823002
vt 0.130467 0.831161
vt 0.186578 0.961589
vt 0.947719 0.221427
vt 0.919771 0.230393
vt 0.525254 0.777820
vt 0.506527 0.788717
vt 0.505035 0.758593
vt 0.236047 0.073166
vt 0.239432 0.104804
vt 0.038807 0.898811
vt 0.126798 0.861634
vt 0.927303 0.799544
vt 0.149688 0.898865
vt 0.486668 0.644654
vt 0.541106 0.288567
vt 0.528523 0.294647
vt 0.510232 0.276595
vt 0.530247 0.931587
vt 0.980326 0.971870
vt 0.969638 0.963638
vt 0.965775 0.968373
vt 0.482438 0.724072
vt 0.879900 0.856321
vt 0.879900 0.792439
vt 0.897655 0.806239
vt 0.480908 0.742722
vt 0.175294 0.681890
vt 0.978854 0.071830
vt 0.880252 0.896541
vt 0.092101 0.945303
vt 0.750755 0.294028
vt 0.864885 0.348209
vt 0.975074 0.118994
vt 0.979145 0.124177
vt 0.178604 0.950814
vt 0.510118 0.233837
vt 0.515483 0.244794
vt 0.510118 0.263375
vt 0.141992 0.797355
vt 0.142974 0.783964
vt 0.144145 0.777356
vt 0.922527 0.246474
vt 0.147862 0.769983
vt 0.149858 0.780957
vt 0.642832 0.499169
vt 0.763640 0.408443
vt 0.786719 0.395666
vt 0.789928 0.396572
vt 0.229351 0.869183
vt 0.218626 0.860307
vt 0.421322 0.675552
vt 0.734892 0.359138
vt 0.220043 0.018168
vt 0.562434 0.925187
vt 0.938366 0.726746
vt 0.966684 0.973751
vt 0.965050 0.974719
vt 0.940827 0.715983
vt 0.936780 0.707942
vt 0.698888 0.948516
vt 0.205859 0.653617
vt 0.476466 0.735704
vt 0.340326 0.516610
vt 0.358580 0.485753
vt 0.350175 0.440789
vt 0.495118 0.201330
vt 0.847709 0.314665
vt 0.124787 0.807318
vt 0.134692 0.826246
vt 0.484638 0.157299
vt 0.124469 0.806474
vt 0.143737 0.785522
vt 0.145132 0.782343
vt 0.520498 0.751876
vt 0.191813 0.568053
vt 0.188408 0.576081
vt 0.180662 0.558241
vt 0.201345 0.163553
vt 0.750966 0.642712
vt 0.544677 0.683573
vt 0.518909 0.661157
vt 0.149868 0.924211
vt 0.147766 0.907547
vt 0.146022 0.904028
vt 0.250965 0.885529
vt 0.143132 0.906865
vt 0.237942 0.876315
vt 0.543005 0.289633
vt 0.526576 0.101817
vt 0.529020 0.112342
vt 0.229817 0.754155
vt 0.869757 0.281685
vt 0.853544 0.269634
vt 0.877758 0.275809
vt 0.249882 0.727245
vt 0.878856 0.237663
vt 0.209980 0.005874
vt 0.277589 0.307756
vt 0.235142 0.044784
vt 0.985915 0.981719
vt 0.932095 0.707667
vt 0.937099 0.711612
vt 0.912836 0.874949
vt 0.101654 0.907685
vt 0.013840 0.248671
vt 0.152238 0.712646
vt 0.135093 0.808329
vt 0.007633 0.496969
vt 0.014084 0.479360
vt 0.014084 0.499990
vt 0.146868 0.783879
vt 0.952094 0.239127
vt 0.924972 0.805798
vt 0.215446 0.858313
vt 0.818273 0.626659
vt 0.814188 0.639894
vt 0.816730 0.610833
vt 0.198740 0.523867
vt 0.362126 0.711747
vt 0.544669 0.088803
vt 0.515497 0.294606
vt 0.287591 0.311685
vt 0.291727 0.326874
vt 0.286744 0.340464
vt 0.992412 0.979059
vt 0.987848 0.982356
vt 0.987727 0.979366
vt 0.990368 0.977199
vt 0.563565 0.949045
vt 0.967051 0.978762
vt 0.097550 0.904604
vt 0.491045 0.892443
vt 0.889899 0.881441
vt 0.517173 0.849608
vt 0.017455 0.257741
vt 0.747545 0.263932
vt 0.030663 0.293587
vt 0.148448 0.717077
vt 0.137695 0.696782
vt 0.623504 0.968738
vt 0.069322 0.605735
vt 0.846675 0.328054
vt 0.418112 0.620688
vt 0.413513 0.609859
vt 0.484638 0.130527
vt 0.360773 0.591538
vt 0.382964 0.580159
vt 0.411794 0.569328
vt 0.402526 0.568958
vt 0.219929 0.161306
vt 0.150701 0.932885
vt 0.542227 0.642856
vt 0.220832 0.868950
vt 0.480658 0.641288
vt 0.210746 0.858001
vt 0.371464 0.186067
vt 0.536091 0.292484
vt 0.506550 0.295256
vt 0.229736 0.039755
vt 0.987373 0.976971
vt 0.554933 0.935725
vt 0.262726 0.074704
vt 0.989089 0.973600
vt 0.989889 0.963638
vt 0.968288 0.984256
vt 0.949756 0.717773
vt 0.947554 0.716295
vt 0.188047 0.607507
vt 0.236539 0.609571
vt 0.491744 0.907025
vt 0.092101 0.903680
vt 0.348517 0.516955
vt 0.950450 0.652964
vt 0.950725 0.647251
vt 0.954775 0.647061
vt 0.854652 0.308317
vt 0.984488 0.132885
vt 0.133143 0.828063
vt 0.931697 0.246278
vt 0.159962 0.794418
vt 0.149293 0.028168
vt 0.132433 0.016949
vt 0.149293 0.001046
vt 0.048570 0.884202
vt 0.016579 0.921109
vt 0.617612 0.813005
vt 0.963445 0.824234
vt 0.967207 0.825022
vt 0.964720 0.859138
vt 0.921566 0.815972
vt 0.898845 0.754919
vt 0.905688 0.751484
vt 0.895284 0.766873
vt 0.147178 0.905412
vt 0.502169 0.648152
vt 0.228641 0.873418
vt 0.215993 0.861640
vt 0.823208 0.628577
vt 0.821395 0.622630
vt 0.827205 0.624673
vt 0.566182 0.306439
vt 0.840723 0.264317
vt 0.760442 0.363986
vt 0.765203 0.372307
vt 0.281575 0.297331
vt 0.245189 0.053432
vt 0.991126 0.984041
vt 0.991649 0.973932
vt 0.969779 0.987466
vt 0.965461 0.981120
vt 0.933065 0.701521
vt 0.943765 0.702995
vt 0.473069 0.732689
vt 0.478582 0.742638
vt 0.919357 0.492948
vt 0.919357 0.438748
vt 0.923973 0.448378
vt 0.927082 0.449467
vt 0.930078 0.456077
vt 0.486017 0.745913
vt 0.503916 0.769985
vt 0.913016 0.876427
vt 0.037979 0.274328
vt 0.184503 0.703278
vt 0.787555 0.950366
vt 0.784351 0.944642
vt 0.786924 0.945542
vt 0.415220 0.606756
vt 0.977132 0.126147
vt 0.137117 0.811049
vt 0.140181 0.008546
vt 0.418834 0.565147
vt 0.264784 0.894848
vt 0.240138 0.878722
vt 0.470853 0.628421
vt 0.381697 0.674156
vt 0.546468 0.056393
vt 0.544522 0.061225
vt 0.523066 0.076245
vt 0.531830 0.920729
vt 0.570558 0.950990
vt 0.992938 0.971564
vt 0.563048 0.964414
vt 0.562199 0.953323
vt 0.567305 0.952749
vt 0.955974 0.716597
vt 0.930886 0.454306
vt 0.476543 0.769703
vt 0.507837 0.855089
vt 0.630731 0.897103
vt 0.638418 0.899583
vt 0.630731 0.942750
vt 0.978854 0.027265
vt 0.520074 0.811014
vt 0.740252 0.233937
vt 0.725272 0.246694
vt 0.522172 0.803285
vt 0.529998 0.801400
vt 0.521840 0.844860
vt 0.746453 0.277706
vt 0.359577 0.459045
vt 0.376926 0.670139
vt 0.948774 0.657610
vt 0.950612 0.661693
vt 0.947423 0.657739
vt 0.957006 0.643919
vt 0.967061 0.634727
vt 0.782621 0.947904
vt 0.779278 0.942562
vt 0.772360 0.938348
vt 0.402999 0.635937
vt 0.144378 0.829469
vt 0.141712 0.829700
vt 0.141085 0.826013
vt 0.388727 0.799918
vt 0.394359 0.828915
vt 0.388727 0.835195
vt 0.650484 0.495169
vt 0.194147 0.567687
vt 0.768716 0.388001
vt 0.557736 0.677148
vt 0.893829 0.779417
vt 0.896087 0.780604
vt 0.896172 0.786730
vt 0.891562 0.775615
vt 0.894929 0.772936
vt 0.149697 0.904444
vt 0.892667 0.772502
vt 0.891002 0.769616
vt 0.233174 0.880573
vt 0.229902 0.878406
vt 0.218606 0.880185
vt 0.834978 0.624358
vt 0.819930 0.628937
vt 0.172023 0.556327
vt 0.269009 0.750142
vt 0.746582 0.358638
vt 0.531850 0.926330
vt 0.535662 0.922417
vt 0.536242 0.929826
vt 0.980262 0.994716
vt 0.937621 0.691776
vt 0.935208 0.696229
vt 0.934502 0.692936
vt 0.875473 0.961704
vt 0.870685 0.961280
vt 0.871992 0.953151
vt 0.017149 0.492948
vt 0.894898 0.947201
vt 0.904109 0.966077
vt 0.891813 0.955409
vt 0.798795 0.121107
vt 0.804461 0.114677
vt 0.822519 0.120205
vt 0.930595 0.460367
vt 0.931121 0.452484
vt 0.494967 0.886708
vt 0.500881 0.876377
vt 0.029098 0.303920
vt 0.950252 0.664528
vt 0.075374 0.610244
vt 0.957241 0.665227
vt 0.774870 0.942047
vt 0.107707 0.635948
vt 0.982402 0.135209
vt 0.415611 0.609926
vt 0.009594 0.004612
vt 0.011267 0.001170
vt 0.011267 0.005634
vt 0.149569 0.830750
vt 0.139373 0.824595
vt 0.155952 0.814205
vt 0.167367 0.821316
vt 0.159732 0.804645
vt 0.237643 0.140339
vt 0.704350 0.062099
vt 0.716852 0.080224
vt 0.701077 0.076773
vt 0.763720 0.630712
vt 0.128995 0.862952
vt 0.921166 0.813763
vt 0.922127 0.797492
vt 0.887271 0.769886
vt 0.825506 0.641794
vt 0.381188 0.189154
vt 0.517990 0.121410
vt 0.514013 0.110251
vt 0.843527 0.255436
vt 0.251233 0.706172
vt 0.298083 0.304321
vt 0.839683 0.889793
vt 0.834396 0.886776
vt 0.837834 0.878510
vt 0.533089 0.922091
vt 0.557677 0.948630
vt 0.876626 0.943392
vt 0.898574 0.796793
vt 0.214192 0.658763
vt 0.470092 0.736700
vt 0.484256 0.896765
vt 0.490347 0.897593
vt 0.929855 0.466126
vt 0.359094 0.515849
vt 0.874230 0.582824
vt 0.884643 0.575418
vt 0.887200 0.580296
vt 0.044504 0.262767
vt 0.040821 0.266911
vt 0.883002 0.591995
vt 0.896250 0.597901
vt 0.888907 0.598154
vt 0.744456 0.295499
vt 0.067030 0.592471
vt 0.797405 0.961661
vt 0.793185 0.958186
vt 0.799099 0.961819
vt 0.599988 0.937604
vt 0.595909 0.932677
vt 0.595115 0.925542
vt 0.783840 0.955721
vt 0.964731 0.653256
vt 0.775226 0.946907
vt 0.147633 0.818103
vt 0.136627 0.809599
vt 0.140873 0.802877
vt 0.373168 0.588849
vt 0.387485 0.591538
vt 0.714032 0.065410
vt 0.710168 0.049828
vt 0.717365 0.059080
vt 0.203454 0.169093
vt 0.546232 0.674161
vt 0.365250 0.486760
vt 0.367598 0.478277
vt 0.367598 0.504215
vt 0.141205 0.869984
vt 0.251828 0.889045
vt 0.518834 0.642058
vt 0.884800 0.767699
vt 0.883551 0.771220
vt 0.849701 0.634733
vt 0.820238 0.635412
vt 0.818010 0.633466
vt 0.519351 0.090080
vt 0.842276 0.238162
vt 0.105864 0.958139
vt 0.131208 0.960476
vt 0.131803 0.970241
vt 0.240685 0.056896
vt 0.564357 0.951706
vt 0.536612 0.921077
vt 0.545060 0.918891
vt 0.970108 0.995755
vt 0.868155 0.967587
vt 0.905374 0.950614
vt 0.473868 0.741733
vt 0.912658 0.960189
vt 0.935557 0.452605
vt 0.921109 0.899088
vt 0.494652 0.879878
vt 0.500134 0.858649
vt 0.516585 0.839383
vt 0.912589 0.604719
vt 0.892136 0.615481
vt 0.738618 0.278078
vt 0.364686 0.483155
vt 0.041022 0.295370
vt 0.168566 0.716727
vt 0.799984 0.963409
vt 0.953986 0.666643
vt 0.951223 0.666067
vt 0.872041 0.364782
vt 0.785091 0.960459
vt 0.974117 0.650971
vt 0.764752 0.938681
vt 0.420201 0.614454
vt 0.418979 0.611663
vt 0.432303 0.390167
vt 0.416623 0.391823
vt 0.429352 0.389972
vt 0.138643 0.809472
vt 0.158591 0.800113
vt 0.160002 0.798701
vt 0.174644 0.800469
vt 0.166273 0.788573
vt 0.904419 0.488530
vt 0.908605 0.482679
vt 0.908110 0.499990
vt 0.210643 0.169757
vt 0.203204 0.598780
vt 0.739063 0.646437
vt 0.883926 0.744959
vt 0.126587 0.875495
vt 0.914257 0.809055
vt 0.913611 0.797332
vt 0.409851 0.203517
vt 0.138025 0.944274
vt 0.875775 0.219959
vt 0.561845 0.950871
vt 0.931319 0.679035
vt 0.937854 0.686168
vt 0.956465 0.692894
vt 0.453729 0.704911
vt 0.462441 0.733535
vt 0.191689 0.684494
vt 0.470630 0.750473
vt 0.792888 0.116990
vt 0.939328 0.454010
vt 0.803107 0.112476
vt 0.949575 0.423910
vt 0.932037 0.417765
vt 0.947598 0.400038
vt 0.898868 0.922517
vt 0.928457 0.439428
vt 0.911393 0.428085
vt 0.504344 0.692644
vt 0.518300 0.719295
vt 0.504344 0.728155
vt 0.046850 0.282975
vt 0.367656 0.436177
vt 0.387316 0.436177
vt 0.379687 0.460554
vt 0.164557 0.731278
vt 0.016180 0.325792
vt 0.764741 0.942803
vt 0.448027 0.388356
vt 0.441988 0.387983
vt 0.444568 0.385073
vt 0.143972 0.820440
vt 0.408747 0.397148
vt 0.904247 0.492454
vt 0.899899 0.489214
vt 0.892470 0.481136
vt 0.911692 0.481613
vt 0.908964 0.474437
vt 0.909167 0.448055
vt 0.918292 0.438817
vt 0.909333 0.450243
vt 0.430072 0.567997
vt 0.725697 0.644621
vt 0.776859 0.388455
vt 0.965292 0.821096
vt 0.881664 0.768716
vt 0.815475 0.640253
vt 0.730622 0.768918
vt 0.728536 0.785080
vt 0.720798 0.769602
vt 0.366780 0.689976
vt 0.392203 0.195659
vt 0.572739 0.315179
vt 0.577892 0.328312
vt 0.536260 0.332364
vt 0.264272 0.732763
vt 0.215396 0.031242
vt 0.215746 0.052278
vt 0.840829 0.911755
vt 0.828026 0.887911
vt 0.559466 0.951403
vt 0.551487 0.955519
vt 0.219498 0.682159
vt 0.457569 0.707264
vt 0.820800 0.132274
vt 0.792357 0.125718
vt 0.937271 0.464888
vt 0.494277 0.874054
vt 0.649027 0.903860
vt 0.638039 0.932389
vt 0.896810 0.155504
vt 0.903218 0.179206
vt 0.890803 0.176886
vt 0.872016 0.917602
vt 0.102295 0.152169
vt 0.112674 0.152169
vt 0.104787 0.167602
vt 0.033299 0.304403
vt 0.959510 0.666850
vt 0.015493 0.371406
vt 0.015493 0.395767
vt 0.002959 0.376005
vt 0.781997 0.961329
vt 0.423501 0.647471
vt 0.760975 0.933967
vt 0.268517 0.917134
vt 0.271745 0.917886
vt 0.273265 0.919271
vt 0.276898 0.913479
vt 0.267198 0.914193
vt 0.268349 0.913110
vt 0.444950 0.387448
vt 0.590036 0.896842
vt 0.595772 0.886712
vt 0.450871 0.378459
vt 0.143420 0.818606
vt 0.141578 0.812434
vt 0.892475 0.486013
vt 0.893085 0.473172
vt 0.909422 0.453125
vt 0.184022 0.546808
vt 0.907071 0.452199
vt 0.901308 0.437810
vt 0.234247 0.156675
vt 0.203316 0.573678
vt 0.197630 0.179931
vt 0.188815 0.177621
vt 0.798528 0.399705
vt 0.976708 0.445630
vt 0.978854 0.471822
vt 0.968477 0.446670
vt 0.974629 0.814483
vt 0.893485 0.792942
vt 0.877925 0.766975
vt 0.878551 0.769506
vt 0.237653 0.890066
vt 0.236085 0.888935
vt 0.744103 0.773837
vt 0.741494 0.788717
vt 0.736051 0.768222
vt 0.523615 0.316932
vt 0.213555 0.041268
vt 0.240331 0.075351
vt 0.543684 0.915798
vt 0.556239 0.952265
vt 0.552592 0.947215
vt 0.941329 0.684873
vt 0.238024 0.654431
vt 0.461837 0.735447
vt 0.464783 0.758975
vt 0.467450 0.766165
vt 0.941654 0.458495
vt 0.489462 0.889172
vt 0.641895 0.944810
vt 0.894485 0.561029
vt 0.907760 0.583785
vt 0.371824 0.453466
vt 0.368428 0.460923
vt 0.965579 0.665282
vt 0.968608 0.657025
vt 0.270498 0.924268
vt 0.443968 0.398354
vt 0.147769 0.814399
vt 0.861436 0.628033
vt 0.876090 0.622069
vt 0.864417 0.635922
vt 0.304233 0.544759
vt 0.315589 0.536513
vt 0.319712 0.540384
vt 0.301894 0.541204
vt 0.307419 0.533480
vt 0.539238 0.757222
vt 0.896643 0.459330
vt 0.892053 0.441741
vt 0.061971 0.887608
vt 0.053158 0.904898
vt 0.978820 0.438038
vt 0.964887 0.816233
vt 0.916883 0.728190
vt 0.889250 0.737230
vt 0.416589 0.254204
vt 0.416672 0.252862
vt 0.426752 0.260558
vt 0.243284 0.904453
vt 0.239996 0.898866
vt 0.877117 0.764645
vt 0.010017 0.103921
vt 0.015493 0.099301
vt 0.015493 0.114082
vt 0.866180 0.946700
vt 0.865983 0.965135
vt 0.862120 0.961806
vt 0.879179 0.778278
vt 0.853691 0.964252
vt 0.849613 0.963036
vt 0.853200 0.966229
vt 0.852249 0.967199
vt 0.498084 0.633612
vt 0.199623 0.535501
vt 0.200503 0.522070
vt 0.200051 0.525604
vt 0.196426 0.535228
vt 0.190972 0.553239
vt 0.519371 0.082727
vt 0.551014 0.944129
vt 0.537402 0.933298
vt 0.945430 0.676355
vt 0.551025 0.956741
vt 0.555494 0.960809
vt 0.542915 0.973579
vt 0.874413 0.938630
vt 0.452816 0.731931
vt 0.940835 0.452074
vt 0.785068 0.095162
vt 0.486750 0.882983
vt 0.784503 0.092208
vt 0.875617 0.550777
vt 0.063020 0.286342
vt 0.050846 0.295265
vt 0.172517 0.729371
vt 0.734154 0.325563
vt 0.797938 0.974606
vt 0.797121 0.971898
vt 0.954547 0.677139
vt 0.795629 0.971386
vt 0.960396 0.673780
vt 0.638390 0.979199
vt 0.789296 0.967803
vt 0.780734 0.971157
vt 0.980262 0.636289
vt 0.183387 0.165440
vt 0.187320 0.176446
vt 0.183387 0.178870
vt 0.258884 0.919633
vt 0.295167 0.491487
vt 0.296473 0.495765
vt 0.287853 0.490787
vt 0.146103 0.818008
vt 0.153675 0.814048
vt 0.156025 0.810164
vt 0.307660 0.527941
vt 0.297261 0.528804
vt 0.918292 0.465547
vt 0.733224 0.066736
vt 0.205927 0.577775
vt 0.212352 0.177590
vt 0.723930 0.612394
vt 0.719547 0.623455
vt 0.713453 0.619925
vt 0.727335 0.672304
vt 0.789558 0.388954
vt 0.800839 0.396891
vt 0.547607 0.671832
vt 0.545842 0.653703
vt 0.853633 0.969030
vt 0.855907 0.967016
vt 0.210746 0.905616
vt 0.200139 0.529672
vt 0.524720 0.050474
vt 0.109742 0.954217
vt 0.226699 0.065752
vt 0.943155 0.673534
vt 0.000810 0.784794
vt 0.792398 0.124212
vt 0.486175 0.852463
vt 0.891558 0.182358
vt 0.885890 0.152549
vt 0.904208 0.152821
vt 0.909191 0.560971
vt 0.103816 0.303251
vt 0.126152 0.294445
vt 0.131707 0.307612
vt 0.368101 0.466402
vt 0.048509 0.308540
vt 0.645058 0.957870
vt 0.979369 0.658653
vt 0.102634 0.632276
vt 0.422843 0.618880
vt 0.425402 0.616437
vt 0.161969 0.642241
vt 0.416850 0.411080
vt 0.894349 0.623137
vt 0.721163 0.080990
vt 0.225981 0.165948
vt 0.184047 0.183777
vt 0.748777 0.665245
vt 0.953182 0.814483
vt 0.933278 0.482550
vt 0.958993 0.518300
vt 0.946710 0.510628
vt 0.350098 0.913486
vt 0.364782 0.930635
vt 0.350429 0.917327
vt 0.353440 0.926810
vt 0.858496 0.967097
vt 0.856191 0.968558
vt 0.727898 0.752875
vt 0.203309 0.533200
vt 0.812583 0.641160
vt 0.811086 0.647415
vt 0.564527 0.344926
vt 0.765474 0.356516
vt 0.301259 0.319522
vt 0.826700 0.883993
vt 0.820987 0.884652
vt 0.829077 0.876115
vt 0.225114 0.657810
vt 0.226081 0.659077
vt 0.776065 0.160560
vt 0.780961 0.137454
vt 0.783674 0.129103
vt 0.952094 0.452577
vt 0.639745 0.946460
vt 0.651343 0.946071
vt 0.950686 0.391038
vt 0.942723 0.394616
vt 0.660406 0.927199
vt 0.489465 0.874710
vt 0.921557 0.414671
vt 0.885306 0.169590
vt 0.139271 0.318562
vt 0.123917 0.313790
vt 0.038353 0.318094
vt 0.405716 0.662318
vt 0.090687 0.626309
vt 0.584881 0.929494
vt 0.582756 0.924630
vt 0.395049 0.392101
vt 0.444289 0.348056
vt 0.149415 0.815999
vt 0.290203 0.544965
vt 0.293672 0.524969
vt 0.879455 0.478196
vt 0.878391 0.454086
vt 0.723930 0.558701
vt 0.719021 0.591490
vt 0.698315 0.592598
vt 0.239432 0.166969
vt 0.221330 0.173789
vt 0.409436 0.587583
vt 0.188497 0.184843
vt 0.719527 0.651577
vt 0.772398 0.384948
vt 0.859034 0.971374
vt 0.858623 0.969081
vt 0.464855 0.620336
vt 0.817498 0.652741
vt 0.203517 0.536391
vt 0.497911 0.105960
vt 0.551266 0.950446
vt 0.537402 0.974629
vt 0.452345 0.706604
vt 0.443255 0.709968
vt 0.768572 0.158363
vt 0.416446 0.892721
vt 0.412238 0.903472
vt 0.398406 0.893791
vt 0.411738 0.876976
vt 0.416547 0.880606
vt 0.904208 0.204756
vt 0.899810 0.206021
vt 0.931171 0.402123
vt 0.886530 0.178906
vt 0.913458 0.595294
vt 0.151482 0.730244
vt 0.969594 0.666999
vt 0.099600 0.631877
vt 0.760975 0.973298
vt 0.279419 0.488260
vt 0.272138 0.481389
vt 0.288199 0.493385
vt 0.726175 0.547973
vt 0.726175 0.492931
vt 0.727791 0.508297
vt 0.554392 0.886712
vt 0.752366 0.100967
vt 0.739585 0.102815
vt 0.734445 0.085130
vt 0.742086 0.051269
vt 0.701522 0.018736
vt 0.729432 0.043810
vt 0.149293 0.876059
vt 0.124980 0.891532
vt 0.969044 0.501778
vt 0.878139 0.741549
vt 0.357222 0.930968
vt 0.348233 0.928236
vt 0.860982 0.974094
vt 0.861340 0.969315
vt 0.201357 0.535344
vt 0.192933 0.241425
vt 0.209855 0.229120
vt 0.209855 0.247882
vt 0.362851 0.763056
vt 0.356192 0.767587
vt 0.347283 0.755250
vt 0.480942 0.113098
vt 0.842102 0.255885
vt 0.199746 0.000187
vt 0.947196 0.675185
vt 0.547721 0.953477
vt 0.874791 0.934144
vt 0.900162 0.939225
vt 0.447065 0.735177
vt 0.416369 0.750606
vt 0.430997 0.769388
vt 0.414102 0.780462
vt 0.102737 0.298089
vt 0.449982 0.773308
vt 0.440500 0.781761
vt 0.795171 0.974072
vt 0.576398 0.342139
vt 0.581950 0.337642
vt 0.580872 0.341651
vt 0.974165 0.671154
vt 0.431471 0.419603
vt 0.396768 0.376210
vt 0.883700 0.447770
vt 0.214531 0.565921
vt 0.207554 0.179677
vt 0.402042 0.260558
vt 0.821111 0.951393
vt 0.807657 0.963362
vt 0.806863 0.925571
vt 0.348973 0.925382
vt 0.868930 0.763521
vt 0.861899 0.972246
vt 0.766471 0.758992
vt 0.758274 0.737270
vt 0.840945 0.659573
vt 0.508284 0.318747
vt 0.124313 0.975966
vt 0.295945 0.315755
vt 0.811138 0.894338
vt 0.548378 0.950090
vt 0.547629 0.948125
vt 0.897062 0.932285
vt 0.866331 0.488852
vt 0.873807 0.491020
vt 0.868698 0.498296
vt 0.937939 0.388536
vt 0.654775 0.944590
vt 0.889763 0.213098
vt 0.956225 0.391733
vt 0.981671 0.385698
vt 0.981671 0.409851
vt 0.664325 0.902345
vt 0.911966 0.398487
vt 0.876786 0.187222
vt 0.868628 0.191059
vt 0.855399 0.194028
vt 0.849843 0.178116
vt 0.415687 0.786774
vt 0.121523 0.324478
vt 0.725272 0.313309
vt 0.978426 0.669986
vt 0.836333 0.354838
vt 0.429329 0.622306
vt 0.456164 0.401937
vt 0.446242 0.411834
vt 0.263625 0.931491
vt 0.728252 0.495147
vt 0.420583 0.424634
vt 0.424654 0.422980
vt 0.288818 0.527586
vt 0.894349 0.638676
vt 0.286333 0.507808
vt 0.290288 0.503138
vt 0.237350 0.178734
vt 0.231346 0.178685
vt 0.722716 0.665724
vt 0.767980 0.374541
vt 0.364782 0.872812
vt 0.357468 0.894997
vt 0.351834 0.896653
vt 0.503958 0.633770
vt 0.863119 0.972016
vt 0.862329 0.974295
vt 0.523015 0.327813
vt 0.517013 0.331190
vt 0.369741 0.779209
vt 0.355460 0.776210
vt 0.095975 0.950909
vt 0.840723 0.208627
vt 0.302195 0.331317
vt 0.963362 0.686737
vt 0.539521 0.955506
vt 0.227068 0.660487
vt 0.871234 0.481609
vt 0.461990 0.771194
vt 0.945740 0.383049
vt 0.927228 0.383792
vt 0.774646 0.088837
vt 0.776109 0.085823
vt 0.409720 0.758485
vt 0.115271 0.285513
vt 0.916883 0.578732
vt 0.464780 0.772955
vt 0.032203 0.336820
vt 0.780368 0.972076
vt 0.829987 0.341951
vt 0.964618 0.545870
vt 0.984488 0.546108
vt 0.964745 0.555322
vt 0.261203 0.938138
vt 0.286797 0.522152
vt 0.288361 0.519291
vt 0.874186 0.455697
vt 0.216686 0.181975
vt 0.706672 0.623224
vt 0.212985 0.601732
vt 0.197295 0.187263
vt 0.796779 0.373785
vt 0.800941 0.392173
vt 0.513118 0.630418
vt 0.103667 0.177086
vt 0.101466 0.171926
vt 0.109943 0.174761
vt 0.863142 0.975958
vt 0.863987 0.980263
vt 0.864031 0.975098
vt 0.095975 0.970365
vt 0.209026 0.048170
vt 0.218091 0.063347
vt 0.954911 0.917098
vt 0.915716 0.906411
vt 0.947423 0.902864
vt 0.915716 0.957728
vt 0.055919 0.805618
vt 0.776910 0.108172
vt 0.978854 0.783521
vt 0.961657 0.778494
vt 0.972315 0.769798
vt 0.414021 0.869223
vt 0.900700 0.218306
vt 0.875847 0.212385
vt 0.965276 0.369425
vt 0.978188 0.364429
vt 0.100642 0.314725
vt 0.398596 0.832766
vt 0.401278 0.817959
vt 0.409466 0.831794
vt 0.174537 0.741255
vt 0.160939 0.734951
vt 0.456089 0.803995
vt 0.141466 0.727780
vt 0.960980 0.680268
vt 0.789074 0.977096
vt 0.983726 0.571700
vt 0.436442 0.637023
vt 0.433062 0.626950
vt 0.273992 0.477420
vt 0.439919 0.416851
vt 0.509844 0.729975
vt 0.541001 0.712573
vt 0.864537 0.638956
vt 0.284844 0.529423
vt 0.285092 0.504260
vt 0.550073 0.742436
vt 0.560552 0.774760
vt 0.230508 0.551316
vt 0.702211 0.628132
vt 0.803879 0.369991
vt 0.959359 0.476655
vt 0.811200 0.365649
vt 0.824627 0.368927
vt 0.736345 0.208643
vt 0.722725 0.206961
vt 0.726733 0.204509
vt 0.969696 0.488019
vt 0.971812 0.506740
vt 0.344385 0.919727
vt 0.864722 0.977813
vt 0.122533 0.151974
vt 0.726435 0.725868
vt 0.809612 0.647729
vt 0.022535 0.457027
vt 0.017695 0.467597
vt 0.017695 0.438899
vt 0.698299 0.776494
vt 0.704837 0.763938
vt 0.370238 0.774449
vt 0.303521 0.290693
vt 0.816318 0.884837
vt 0.817961 0.883170
vt 0.450571 0.702576
vt 0.640251 0.152220
vt 0.634861 0.147495
vt 0.644684 0.149978
vt 0.869118 0.572929
vt 0.864901 0.580320
vt 0.866475 0.575306
vt 0.737337 0.850688
vt 0.736346 0.844015
vt 0.766519 0.836619
vt 0.388461 0.896866
vt 0.871646 0.476817
vt 0.858445 0.505624
vt 0.459281 0.771816
vt 0.967796 0.772923
vt 0.768572 0.074008
vt 0.870343 0.192169
vt 0.675610 0.904542
vt 0.864196 0.171579
vt 0.171251 0.748754
vt 0.140138 0.339156
vt 0.583804 0.343176
vt 0.585466 0.335423
vt 0.591494 0.946460
vt 0.575157 0.919798
vt 0.267477 0.947079
vt 0.752911 0.527636
vt 0.290963 0.549285
vt 0.542342 0.740901
vt 0.721974 0.007603
vt 0.522374 0.621211
vt 0.866180 0.978997
vt 0.541204 0.043053
vt 0.516313 0.340701
vt 0.366174 0.752999
vt 0.375073 0.774545
vt 0.357960 0.789279
vt 0.357207 0.793432
vt 0.822114 0.914845
vt 0.794044 0.549006
vt 0.806750 0.535085
vt 0.804028 0.560849
vt 0.782300 0.536804
vt 0.785752 0.533294
vt 0.872506 0.933639
vt 0.868131 0.570583
vt 0.860609 0.581727
vt 0.230335 0.659424
vt 0.167655 0.194362
vt 0.167104 0.189885
vt 0.168078 0.191312
vt 0.770449 0.811500
vt 0.812660 0.844724
vt 0.781107 0.850688
vt 0.867088 0.475106
vt 0.841164 0.491330
vt 0.972580 0.767916
vt 0.962595 0.409692
vt 0.909066 0.550777
vt 0.089330 0.301999
vt 0.434544 0.811159
vt 0.590362 0.333398
vt 0.590370 0.342777
vt 0.014580 0.350214
vt 0.599988 0.346472
vt 0.078770 0.674635
vt 0.078770 0.640098
vt 0.107040 0.644376
vt 0.768352 0.974659
vt 0.580473 0.919783
vt 0.438417 0.628363
vt 0.432383 0.427090
vt 0.243615 0.582053
vt 0.686142 0.594240
vt 0.217423 0.191047
vt 0.772254 0.370211
vt 0.931660 0.467691
vt 0.646916 0.372258
vt 0.645388 0.350098
vt 0.655647 0.360878
vt 0.531849 0.637853
vt 0.351196 0.881929
vt 0.339744 0.926365
vt 0.122533 0.178870
vt 0.351650 0.899234
vt 0.351002 0.897315
vt 0.349035 0.897249
vt 0.540067 0.354975
vt 0.486013 0.100509
vt 0.173246 0.027212
vt 0.195551 0.073613
vt 0.815082 0.887862
vt 0.776998 0.132862
vt 0.776706 0.131099
vt 0.335635 0.053149
vt 0.342866 0.068729
vt 0.329572 0.084505
vt 0.439892 0.760757
vt 0.323863 0.069824
vt 0.417264 0.837020
vt 0.419732 0.839096
vt 0.413429 0.853980
vt 0.193750 0.910065
vt 0.197930 0.921190
vt 0.196597 0.922545
vt 0.197504 0.910087
vt 0.412298 0.862496
vt 0.413444 0.858096
vt 0.683085 0.887200
vt 0.088843 0.306099
vt 0.441430 0.799877
vt 0.976439 0.671829
vt 0.776143 0.981671
vt 0.256515 0.942022
vt 0.573114 0.910507
vt 0.249627 0.929986
vt 0.273843 0.480703
vt 0.459841 0.414202
vt 0.401541 0.361848
vt 0.274267 0.542194
vt 0.595479 0.370748
vt 0.601243 0.348865
vt 0.614072 0.363431
vt 0.391472 0.000776
vt 0.392366 0.012021
vt 0.376663 0.001314
vt 0.376690 0.017479
vt 0.247882 0.981671
vt 0.232377 0.976519
vt 0.241452 0.953796
vt 0.424925 0.229342
vt 0.636202 0.350458
vt 0.329846 0.929902
vt 0.346338 0.897550
vt 0.348157 0.894981
vt 0.523823 0.341144
vt 0.519108 0.338082
vt 0.499324 0.340282
vt 0.495347 0.085532
vt 0.501535 0.096243
vt 0.473925 0.117929
vt 0.473224 0.109508
vt 0.358966 0.798537
vt 0.347283 0.822871
vt 0.201820 0.032188
vt 0.868945 0.931244
vt 0.852279 0.546482
vt 0.647324 0.151524
vt 0.647730 0.148056
vt 0.649465 0.149501
vt 0.170419 0.187246
vt 0.170419 0.194289
vt 0.911566 0.931135
vt 0.961728 0.775545
vt 0.921890 0.384771
vt 0.869925 0.188869
vt 0.398560 0.802525
vt 0.396542 0.797314
vt 0.406923 0.800951
vt 0.391023 0.787868
vt 0.140210 0.734044
vt 0.579973 0.320711
vt 0.978162 0.674661
vt 0.828218 0.322416
vt 0.766182 0.094671
vt 0.683943 0.591080
vt 0.746464 0.173716
vt 0.736847 0.194464
vt 0.730740 0.172082
vt 0.872536 0.733029
vt 0.864810 0.728190
vt 0.344815 0.892049
vt 0.346618 0.895262
vt 0.122902 0.990122
vt 0.113070 0.990102
vt 0.766182 0.342556
vt 0.309292 0.312061
vt 0.364782 0.145134
vt 0.364782 0.169011
vt 0.358227 0.164652
vt 0.844948 0.593030
vt 0.651516 0.147238
vt 0.648832 0.154422
vt 0.664776 0.133522
vt 0.751331 0.815315
vt 0.443436 0.734682
vt 0.185009 0.934578
vt 0.174563 0.926503
vt 0.202813 0.892391
vt 0.190069 0.908621
vt 0.185686 0.892880
vt 0.393862 0.833916
vt 0.413659 0.856475
vt 0.411771 0.856047
vt 0.417042 0.855562
vt 0.418901 0.854758
vt 0.919632 0.386989
vt 0.426752 0.850499
vt 0.911393 0.397211
vt 0.962144 0.812660
vt 0.862791 0.156787
vt 0.843722 0.164836
vt 0.079385 0.316817
vt 0.846242 0.157290
vt 0.836494 0.143861
vt 0.847871 0.151535
vt 0.959979 0.565740
vt 0.960330 0.568087
vt 0.956830 0.566605
vt 0.598772 0.335203
vt 0.274631 0.949036
vt 0.268289 0.948634
vt 0.727677 0.542462
vt 0.442464 0.621172
vt 0.428173 0.432941
vt 0.930678 0.046141
vt 0.940159 0.050867
vt 0.925067 0.054928
vt 0.269714 0.503630
vt 0.224269 0.580956
vt 0.824592 0.363777
vt 0.002817 0.561553
vt 0.002817 0.583087
vt 0.000192 0.562904
vt 0.821111 0.917363
vt 0.339032 0.923515
vt 0.343626 0.895177
vt 0.580270 0.366735
vt 0.505585 0.061781
vt 0.362370 0.794142
vt 0.794353 0.505501
vt 0.792286 0.512107
vt 0.787181 0.508018
vt 0.084317 0.556327
vt 0.058238 0.541730
vt 0.084505 0.548979
vt 0.873715 0.920311
vt 0.878856 0.592378
vt 0.857559 0.595213
vt 0.664776 0.171828
vt 0.872059 0.596071
vt 0.772518 0.141427
vt 0.398547 0.873621
vt 0.411954 0.857623
vt 0.959454 0.780979
vt 0.956672 0.801156
vt 0.956348 0.378201
vt 0.960065 0.372070
vt 0.959360 0.367797
vt 0.083818 0.293520
vt 0.082451 0.305748
vt 0.409292 0.802239
vt 0.089834 0.324754
vt 0.158301 0.744016
vt 0.050267 0.629404
vt 0.588904 0.332700
vt 0.589053 0.322722
vt 0.980262 0.677317
vt 0.093900 0.632641
vt 0.070245 0.642241
vt 0.955542 0.571344
vt 0.966886 0.570486
vt 0.764743 0.980910
vt 0.453339 0.374581
vt 0.276194 0.475944
vt 0.442429 0.434855
vt 0.874664 0.665926
vt 0.412474 0.348015
vt 0.272039 0.532411
vt 0.221285 0.202859
vt 0.236628 0.596624
vt 0.195356 0.192485
vt 0.739664 0.019194
vt 0.656700 0.365630
vt 0.697755 0.237229
vt 0.710088 0.242350
vt 0.702271 0.240976
vt 0.626924 0.378775
vt 0.696895 0.249953
vt 0.772737 0.725369
vt 0.780031 0.732055
vt 0.336781 0.897551
vt 0.342588 0.892893
vt 0.339041 0.892643
vt 0.719929 0.728003
vt 0.510969 0.053599
vt 0.402352 0.770346
vt 0.398892 0.761202
vt 0.315195 0.329813
vt 0.799704 0.873611
vt 0.797489 0.521008
vt 0.322938 0.935278
vt 0.326755 0.946722
vt 0.320017 0.928477
vt 0.876039 0.461667
vt 0.875797 0.596179
vt 0.878856 0.620469
vt 0.859064 0.608859
vt 0.175686 0.950918
vt 0.956672 0.775925
vt 0.960118 0.778555
vt 0.959250 0.778204
vt 0.397137 0.797030
vt 0.861219 0.155346
vt 0.093060 0.287323
vt 0.085866 0.296570
vt 0.591054 0.330993
vt 0.029577 0.001065
vt 0.029577 0.004225
vt 0.027319 0.003699
vt 0.957229 0.573243
vt 0.963846 0.570269
vt 0.950367 0.333188
vt 0.968995 0.345980
vt 0.950367 0.381683
vt 0.406395 0.673226
vt 0.433202 0.646845
vt 0.256883 0.948103
vt 0.564287 0.912891
vt 0.258796 0.486155
vt 0.457600 0.420718
vt 0.925379 0.045195
vt 0.931096 0.035982
vt 0.934792 0.041366
vt 0.244027 0.563623
vt 0.747063 0.055485
vt 0.719527 0.680607
vt 0.780905 0.353668
vt 0.771816 0.657289
vt 0.751621 0.683085
vt 0.815676 0.362249
vt 0.001317 0.009155
vt 0.002817 0.000149
vt 0.002817 0.014084
vt 0.725311 0.243380
vt 0.296314 0.158626
vt 0.281457 0.153328
vt 0.278971 0.144555
vt 0.548002 0.380274
vt 0.517292 0.347590
vt 0.514922 0.351598
vt 0.508574 0.349842
vt 0.389073 0.783007
vt 0.812072 0.564778
vt 0.816006 0.541519
vt 0.809009 0.522567
vt 0.794215 0.525073
vt 0.321148 0.930380
vt 0.326373 0.941311
vt 0.852264 0.592975
vt 0.861350 0.597897
vt 0.086899 0.173236
vt 0.086899 0.159282
vt 0.088731 0.171175
vt 0.194571 0.909443
vt 0.450498 0.807009
vt 0.071492 0.330559
vt 0.119014 0.339208
vt 0.137695 0.743406
vt 0.595767 0.331627
vt 0.827249 0.149749
vt 0.599988 0.320000
vt 0.961400 0.182324
vt 0.955155 0.177203
vt 0.961953 0.175564
vt 0.826664 0.326597
vt 0.256023 0.945330
vt 0.438455 0.632170
vt 0.268181 0.475860
vt 0.566748 0.900997
vt 0.753794 0.064009
vt 0.233524 0.603620
vt 0.201381 0.199250
vt 0.192806 0.203745
vt 0.808093 0.355323
vt 0.696489 0.235045
vt 0.313086 0.133287
vt 0.308309 0.156850
vt 0.755406 0.718651
vt 0.277673 0.148549
vt 0.339296 0.890865
vt 0.525397 0.358819
vt 0.499353 0.068933
vt 0.488733 0.082435
vt 0.477800 0.102412
vt 0.084505 0.537008
vt 0.645421 0.138109
vt 0.846954 0.459645
vt 0.084019 0.301727
vt 0.080771 0.316556
vt 0.423802 0.812126
vt 0.443722 0.807794
vt 0.161908 0.761922
vt 0.108547 0.334324
vt 0.953581 0.175750
vt 0.955866 0.175516
vt 0.953183 0.178140
vt 0.951822 0.182479
vt 0.213429 0.203209
vt 0.216897 0.216897
vt 0.213602 0.216734
vt 0.216897 0.203121
vt 0.820424 0.347817
vt 0.281685 0.963361
vt 0.257732 0.953246
vt 0.249599 0.941729
vt 0.266874 0.476516
vt 0.269530 0.474474
vt 0.753016 0.509890
vt 0.943805 0.041572
vt 0.551487 0.718332
vt 0.604892 0.371507
vt 0.745581 0.037710
vt 0.211557 0.204121
vt 0.676819 0.623007
vt 0.799176 0.349722
vt 0.707103 0.159954
vt 0.661014 0.371767
vt 0.824646 0.357410
vt 0.828153 0.355373
vt 0.004225 0.028168
vt 0.002091 0.027593
vt 0.004225 0.025217
vt 0.332736 0.904309
vt 0.337871 0.890339
vt 0.276232 0.147171
vt 0.853504 0.658653
vt 0.395032 0.773507
vt 0.472090 0.109039
vt 0.461081 0.117041
vt 0.468296 0.111082
vt 0.452984 0.123941
vt 0.361876 0.804359
vt 0.189003 0.039582
vt 0.322365 0.322869
vt 0.806339 0.923159
vt 0.782300 0.484142
vt 0.810194 0.493237
vt 0.077297 0.330644
vt 0.841784 0.165534
vt 0.643505 0.868178
vt 0.647112 0.890385
vt 0.618121 0.895757
vt 0.953426 0.172287
vt 0.951093 0.172329
vt 0.956920 0.173156
vt 0.958185 0.175144
vt 0.637755 0.894311
vt 0.950831 0.179490
vt 0.957499 0.172143
vt 0.951058 0.180571
vt 0.230981 0.181458
vt 0.228771 0.189646
vt 0.228263 0.182837
vt 0.959896 0.173637
vt 0.225733 0.183361
vt 0.226440 0.185247
vt 0.225154 0.187163
vt 0.970658 0.574778
vt 0.225596 0.188459
vt 0.226478 0.189482
vt 0.229764 0.191094
vt 0.000153 0.002334
vt 0.001408 0.003366
vt 0.000153 0.005634
vt 0.966095 0.585909
vt 0.961452 0.585765
vt 0.551649 0.925893
vt 0.439819 0.630100
vt 0.276043 0.475359
vt 0.283423 0.477357
vt 0.463371 0.445766
vt 0.091476 0.901391
vt 0.085013 0.878616
vt 0.100399 0.893745
vt 0.264228 0.510313
vt 0.760733 0.068388
vt 0.669411 0.590680
vt 0.496270 0.336167
vt 0.502807 0.356403
vt 0.496270 0.364782
vt 0.817216 0.357974
vt 0.720470 0.208524
vt 0.698076 0.238578
vt 0.331019 0.923130
vt 0.275845 0.134569
vt 0.745425 0.713346
vt 0.632572 0.385355
vt 0.608706 0.369998
vt 0.334461 0.890978
vt 0.275158 0.149913
vt 0.274648 0.144275
vt 0.519056 0.004683
vt 0.515104 0.354937
vt 0.467961 0.108235
vt 0.803067 0.511279
vt 0.850472 0.591875
vt 0.873490 0.467407
vt 0.857142 0.454717
vt 0.382978 0.881950
vt 0.391635 0.858318
vt 0.400929 0.856628
vt 0.430232 0.820888
vt 0.152165 0.763619
vt 0.155739 0.758424
vt 0.945615 0.154338
vt 0.949141 0.180547
vt 0.945615 0.187320
vt 0.220785 0.191776
vt 0.222272 0.189208
vt 0.223012 0.190378
vt 0.224878 0.190928
vt 0.220824 0.192887
vt 0.227138 0.193113
vt 0.332232 0.011382
vt 0.329791 0.010239
vt 0.332849 0.008045
vt 0.226958 0.191618
vt 0.327754 0.009542
vt 0.230981 0.192424
vt 0.228198 0.194362
vt 0.960475 0.588665
vt 0.964235 0.588295
vt 0.428998 0.205661
vt 0.432386 0.208398
vt 0.430784 0.208124
vt 0.978026 0.574297
vt 0.326114 0.008501
vt 0.339430 0.001029
vt 0.320586 0.000502
vt 0.965438 0.587662
vt 0.459430 0.673226
vt 0.762917 0.522973
vt 0.455885 0.348064
vt 0.266109 0.474973
vt 0.254522 0.491410
vt 0.443371 0.631860
vt 0.561270 0.895680
vt 0.398292 0.351003
vt 0.095247 0.886425
vt 0.681694 0.551359
vt 0.682401 0.559413
vt 0.406278 0.043273
vt 0.387740 0.039340
vt 0.705453 0.189136
vt 0.715874 0.202893
vt 0.721335 0.206932
vt 0.615513 0.320687
vt 0.577336 0.315918
vt 0.593927 0.284599
vt 0.015276 0.195771
vt 0.015276 0.178998
vt 0.021126 0.191648
vt 0.319428 0.910505
vt 0.620601 0.389662
vt 0.276306 0.143926
vt 0.838235 0.233269
vt 0.813362 0.249414
vt 0.810677 0.233269
vt 0.523884 0.354060
vt 0.486395 0.088132
vt 0.484618 0.085624
vt 0.460871 0.109235
vt 0.459277 0.116262
vt 0.367628 0.812390
vt 0.451226 0.121525
vt 0.174727 0.003762
vt 0.190754 0.069258
vt 0.801720 0.909571
vt 0.864772 0.787121
vt 0.840540 0.754186
vt 0.864772 0.730057
vt 0.197179 0.302977
vt 0.196755 0.307764
vt 0.185504 0.328163
vt 0.079885 0.329970
vt 0.046025 0.356331
vt 0.684516 0.744635
vt 0.675757 0.756323
vt 0.680780 0.739830
vt 0.689110 0.732150
vt 0.957922 0.168484
vt 0.326983 0.012738
vt 0.326840 0.010600
vt 0.427747 0.204679
vt 0.970635 0.583735
vt 0.428783 0.210414
vt 0.427067 0.215014
vt 0.322687 0.009178
vt 0.964441 0.590087
vt 0.965875 0.590129
vt 0.967440 0.587953
vt 0.968928 0.587022
vt 0.969660 0.586037
vt 0.037939 0.156258
vt 0.040390 0.158550
vt 0.037939 0.167602
vt 0.982979 0.573099
vt 0.270725 0.470690
vt 0.264791 0.462492
vt 0.270294 0.532718
vt 0.584127 0.366990
vt 0.585713 0.377802
vt 0.574948 0.372700
vt 0.775264 0.358017
vt 0.824784 0.350893
vt 0.823220 0.355977
vt 0.691926 0.234960
vt 0.688846 0.238946
vt 0.659288 0.376058
vt 0.326754 0.168307
vt 0.689325 0.245132
vt 0.651711 0.376132
vt 0.222625 0.961469
vt 0.277459 0.141852
vt 0.115022 0.785285
vt 0.119570 0.787755
vt 0.113877 0.787865
vt 0.459836 0.110572
vt 0.103945 0.813729
vt 0.109426 0.823100
vt 0.096731 0.830970
vt 0.172796 0.029158
vt 0.804846 0.896821
vt 0.635559 0.125873
vt 0.635426 0.122765
vt 0.646466 0.129077
vt 0.194410 0.297620
vt 0.185504 0.298701
vt 0.465286 0.949771
vt 0.479044 0.972854
vt 0.465286 0.987305
vt 0.910713 0.924722
vt 0.480452 0.966790
vt 0.485906 0.979100
vt 0.341582 0.059250
vt 0.162094 0.929478
vt 0.391507 0.845391
vt 0.424617 0.833787
vt 0.446984 0.820716
vt 0.464780 0.816726
vt 0.687809 0.748085
vt 0.691599 0.753628
vt 0.688577 0.747685
vt 0.676437 0.720943
vt 0.421948 0.216343
vt 0.421520 0.194344
vt 0.323019 0.011835
vt 0.971054 0.588566
vt 0.972112 0.586839
vt 0.973630 0.586068
vt 0.974002 0.584412
vt 0.979330 0.579501
vt 0.973623 0.586756
vt 0.975589 0.584025
vt 0.319843 0.011609
vt 0.975613 0.585568
vt 0.042253 0.162026
vt 0.446830 0.632533
vt 0.039796 0.166108
vt 0.443581 0.343798
vt 0.457079 0.347221
vt 0.991530 0.677243
vt 0.986265 0.696032
vt 0.966244 0.682358
vt 0.262657 0.463470
vt 0.708703 0.552002
vt 0.244426 0.586210
vt 0.680587 0.239561
vt 0.693696 0.205535
vt 0.686860 0.243468
vt 0.524779 0.360248
vt 0.513373 0.356556
vt 0.507405 0.360671
vt 0.474088 0.071755
vt 0.110763 0.816208
vt 0.108624 0.811833
vt 0.362478 0.826114
vt 0.309981 0.303382
vt 0.826968 0.759706
vt 0.852626 0.593840
vt 0.855705 0.597189
vt 0.912658 0.916722
vt 0.910139 0.922423
vt 0.445560 0.812885
vt 0.012676 0.323963
vt 0.012676 0.347880
vt 0.002387 0.338198
vt 0.691909 0.752257
vt 0.320135 0.017474
vt 0.805717 0.160324
vt 0.426032 0.219559
vt 0.977390 0.587215
vt 0.978134 0.583789
vt 0.978205 0.585135
vt 0.983283 0.576485
vt 0.002705 0.220928
vt 0.003761 0.224458
vt 0.000719 0.227876
vt 0.815247 0.133732
vt 0.005013 0.229361
vt 0.007042 0.219818
vt 0.007042 0.230981
vt 0.456033 0.344603
vt 0.727857 0.560109
vt 0.769805 0.542369
vt 0.249599 0.961214
vt 0.936149 0.024746
vt 0.943283 0.037081
vt 0.952047 0.042160
vt 0.893929 0.688719
vt 0.263377 0.540874
vt 0.766182 0.034783
vt 0.971812 0.469335
vt 0.685755 0.219120
vt 0.617494 0.317836
vt 0.670409 0.376120
vt 0.689380 0.250699
vt 0.231408 0.949810
vt 0.247882 0.938713
vt 0.233962 0.945835
vt 0.785900 0.723683
vt 0.263369 0.131419
vt 0.274217 0.137219
vt 0.623468 0.405840
vt 0.611795 0.393897
vt 0.498159 0.028977
vt 0.806761 0.256674
vt 0.812916 0.259742
vt 0.807759 0.259840
vt 0.498828 0.066842
vt 0.408443 0.776217
vt 0.397050 0.780376
vt 0.103337 0.781183
vt 0.115431 0.803054
vt 0.834617 0.551698
vt 0.810805 0.530157
vt 0.939689 0.249841
vt 0.932778 0.254485
vt 0.921123 0.248721
vt 0.631705 0.136617
vt 0.634025 0.122130
vt 0.828495 0.784496
vt 0.854476 0.600740
vt 0.079640 0.324260
vt 0.159093 0.764002
vt 0.116237 0.356331
vt 0.072818 0.553447
vt 0.062214 0.549438
vt 0.060682 0.546741
vt 0.003336 0.906742
vt 0.000248 0.928151
vt 0.003362 0.904289
vt 0.650915 0.881739
vt 0.339430 0.030985
vt 0.651828 0.220092
vt 0.632859 0.229098
vt 0.627843 0.171298
vt 0.424139 0.222531
vt 0.980023 0.584506
vt 0.981538 0.582206
vt 0.981767 0.580271
vt 0.658318 0.894932
vt 0.447167 0.341346
vt 0.549513 0.913703
vt 0.226346 0.479773
vt 0.432256 0.344336
vt 0.550585 0.899298
vt 0.405304 0.348036
vt 0.278721 0.465184
vt 0.258726 0.546767
vt 0.105563 0.898620
vt 0.600603 0.378890
vt 0.821574 0.337171
vt 0.410586 0.061325
vt 0.383481 0.053367
vt 0.778188 0.702796
vt 0.776992 0.700105
vt 0.785900 0.703452
vt 0.884792 0.439939
vt 0.868193 0.450695
vt 0.872153 0.435328
vt 0.717998 0.709692
vt 0.099547 0.776147
vt 0.109128 0.762622
vt 0.131355 0.781715
vt 0.093125 0.803405
vt 0.098621 0.819387
vt 0.820859 0.531496
vt 0.812350 0.515291
vt 0.407572 0.275686
vt 0.401933 0.324642
vt 0.374230 0.274806
vt 0.327671 0.947922
vt 0.327992 0.955026
vt 0.852999 0.596179
vt 0.755789 0.805327
vt 0.478571 0.964687
vt 0.747805 0.798339
vt 0.747069 0.817686
vt 0.745092 0.796903
vt 0.378366 0.888843
vt 0.168909 0.901437
vt 0.169989 0.900670
vt 0.432472 0.816451
vt 0.439033 0.827631
vt 0.155078 0.772367
vt 0.695017 0.755878
vt 0.842179 0.206942
vt 0.811196 0.191545
vt 0.841896 0.199402
vt 0.821899 0.215489
vt 0.627843 0.237841
vt 0.074513 0.558419
vt 0.748061 0.576722
vt 0.421520 0.221521
vt 0.980339 0.586117
vt 0.455354 0.339108
vt 0.460233 0.339991
vt 0.458549 0.340853
vt 0.984488 0.584278
vt 0.644721 0.156471
vt 0.675250 0.183774
vt 0.704681 0.458999
vt 0.731413 0.431910
vt 0.735197 0.440773
vt 0.461963 0.629725
vt 0.261185 0.452113
vt 0.115240 0.891680
vt 0.102620 0.868779
vt 0.262740 0.517894
vt 0.608230 0.376934
vt 0.407932 0.000474
vt 0.415110 0.008134
vt 0.765299 0.337705
vt 0.610910 0.343655
vt 0.628557 0.341570
vt 0.414370 0.016608
vt 0.091548 0.165986
vt 0.090143 0.171828
vt 0.090143 0.161377
vt 0.766467 0.700464
vt 0.844333 0.682031
vt 0.695664 0.708972
vt 0.494639 0.068950
vt 0.107010 0.767189
vt 0.087058 0.796130
vt 0.089014 0.808064
vt 0.029223 0.827071
vt 0.029323 0.824512
vt 0.030642 0.826662
vt 0.027815 0.827230
vt 0.083845 0.827189
vt 0.082781 0.817664
vt 0.833162 0.541311
vt 0.329921 0.947490
vt 0.153518 0.445062
vt 0.131212 0.420125
vt 0.141648 0.393190
vt 0.328906 0.949011
vt 0.372487 0.895776
vt 0.380204 0.904208
vt 0.374965 0.893130
vt 0.155164 0.952094
vt 0.154727 0.917002
vt 0.430860 0.833035
vt 0.441745 0.827558
vt 0.003085 0.883191
vt 0.004796 0.883204
vt 0.000842 0.885476
vt 0.451314 0.335458
vt 0.259335 0.450467
vt 0.256813 0.539243
vt 0.253895 0.519185
vt 0.613107 0.384084
vt 0.353960 0.667593
vt 0.351516 0.642594
vt 0.360556 0.662801
vt 0.203647 0.223939
vt 0.662568 0.380121
vt 0.870511 0.403058
vt 0.883982 0.413810
vt 0.872052 0.411109
vt 0.626939 0.388279
vt 0.273772 0.132771
vt 0.274219 0.128736
vt 0.816422 0.261543
vt 0.815022 0.262613
vt 0.808078 0.267897
vt 0.803089 0.277447
vt 0.797645 0.269040
vt 0.133800 0.754152
vt 0.083331 0.764609
vt 0.079389 0.818695
vt 0.032915 0.827453
vt 0.029069 0.830028
vt 0.035780 0.825272
vt 0.024959 0.829569
vt 0.025935 0.827455
vt 0.023609 0.823258
vt 0.155935 0.026375
vt 0.158900 0.023889
vt 0.164762 0.028447
vt 0.161307 0.023090
vt 0.169342 0.029187
vt 0.170242 0.014387
vt 0.173827 0.038610
vt 0.336613 0.307286
vt 0.950686 0.263408
vt 0.930198 0.268162
vt 0.930141 0.259957
vt 0.810866 0.499122
vt 0.822364 0.500877
vt 0.075865 0.516792
vt 0.848177 0.593507
vt 0.849370 0.595659
vt 0.850709 0.598764
vt 0.359111 0.057033
vt 0.366190 0.070744
vt 0.347928 0.041309
vt 0.368793 0.885688
vt 0.430362 0.817238
vt 0.152446 0.774633
vt 0.847871 0.189165
vt 0.007158 0.889421
vt 0.665352 0.882663
vt 0.463371 0.337447
vt 0.442469 0.336828
vt 0.669001 0.895757
vt 0.542140 0.908558
vt 0.938003 0.017560
vt 0.925067 0.013808
vt 0.719703 0.456738
vt 0.701631 0.428895
vt 0.711900 0.426945
vt 0.418886 0.328858
vt 0.261931 0.450438
vt 0.010498 0.613607
vt 0.015122 0.636881
vt 0.001013 0.628495
vt 0.088227 0.841286
vt 0.342008 0.641591
vt 0.592381 0.384140
vt 0.564543 0.391958
vt 0.754750 0.019756
vt 0.676150 0.633790
vt 0.672396 0.626445
vt 0.696551 0.155781
vt 0.692359 0.176050
vt 0.786470 0.342403
vt 0.660896 0.382273
vt 0.643063 0.390258
vt 0.868193 0.386172
vt 0.873152 0.393057
vt 0.878243 0.424977
vt 0.884011 0.431963
vt 0.270590 0.128338
vt 0.809612 0.691536
vt 0.731118 0.708910
vt 0.471120 0.056264
vt 0.091136 0.764404
vt 0.089235 0.765596
vt 0.098691 0.759651
vt 0.074393 0.779519
vt 0.072936 0.809538
vt 0.028675 0.820760
vt 0.075196 0.819622
vt 0.171655 0.031510
vt 0.312174 0.283128
vt 0.343944 0.952794
vt 0.335023 0.950552
vt 0.635071 0.123237
vt 0.333313 0.951084
vt 0.332851 0.953211
vt 0.847823 0.609318
vt 0.856550 0.622523
vt 0.484199 0.961597
vt 0.635199 0.664119
vt 0.631088 0.667591
vt 0.628012 0.655396
vt 0.431860 0.820140
vt 0.004933 0.881496
vt 0.682738 0.259150
vt 0.673415 0.234654
vt 0.707029 0.743178
vt 0.643126 0.828494
vt 0.652209 0.851451
vt 0.690954 0.729676
vt 0.702986 0.729949
vt 0.005274 0.904569
vt 0.805775 0.188920
vt 0.067382 0.559793
vt 0.991530 0.719704
vt 0.981702 0.698104
vt 0.989989 0.698491
vt 0.434833 0.318482
vt 0.229543 0.453592
vt 0.259754 0.443376
vt 0.253264 0.430312
vt 0.405831 0.339985
vt 0.957413 0.041141
vt 0.033093 0.624556
vt 0.657927 0.588282
vt 0.337857 0.645232
vt 0.250439 0.581900
vt 0.251915 0.584686
vt 0.246572 0.592511
vt 0.249558 0.604797
vt 0.416991 0.006320
vt 0.623186 0.319199
vt 0.759551 0.698814
vt 0.738904 0.710802
vt 0.822760 0.264775
vt 0.826523 0.268335
vt 0.115360 0.755230
vt 0.034901 0.827888
vt 0.032552 0.830324
vt 0.018295 0.828020
vt 0.029300 0.814629
vt 0.021411 0.820314
vt 0.172847 0.049425
vt 0.800032 0.914448
vt 0.843853 0.596169
vt 0.845846 0.603969
vt 0.335926 0.968261
vt 0.320017 0.974629
vt 0.322944 0.964509
vt 0.849930 0.614964
vt 0.621920 0.659183
vt 0.385658 0.854855
vt 0.430841 0.819067
vt 0.671334 0.219209
vt 0.757421 0.587313
vt 0.452160 0.327878
vt 0.070421 0.668982
vt 0.051818 0.704651
vt 0.042349 0.675312
vt 0.047284 0.700961
vt 0.043425 0.699526
vt 0.253703 0.547529
vt 0.096052 0.852252
vt 0.340046 0.641091
vt 0.654147 0.617158
vt 0.243733 0.610175
vt 0.648149 0.386958
vt 0.655899 0.387078
vt 0.276792 0.119922
vt 0.885150 0.418492
vt 0.739208 0.695016
vt 0.089174 0.763271
vt 0.786390 0.284778
vt 0.793453 0.281892
vt 0.795725 0.308526
vt 0.588743 0.665159
vt 0.594245 0.665285
vt 0.588029 0.667189
vt 0.039082 0.829864
vt 0.028448 0.836474
vt 0.037119 0.827872
vt 0.023554 0.830986
vt 0.021022 0.830122
vt 0.064576 0.802771
vt 0.840446 0.529146
vt 0.765628 0.794248
vt 0.330072 0.957162
vt 0.326040 0.960700
vt 0.617455 0.666320
vt 0.757277 0.791448
vt 0.627925 0.653096
vt 0.630253 0.652899
vt 0.632954 0.648401
vt 0.355293 0.051963
vt 0.081371 0.346500
vt 0.010986 0.887294
vt 0.698312 0.720943
vt 0.670972 0.211992
vt 0.659119 0.213117
vt 0.791534 0.556983
vt 0.084505 0.565652
vt 0.667913 0.884716
vt 0.734528 0.473071
vt 0.711774 0.463537
vt 0.753074 0.979079
vt 0.748719 0.953610
vt 0.757732 0.953273
vt 0.718544 0.500592
vt 0.728826 0.482178
vt 0.726220 0.488486
vt 0.547967 0.711950
vt 0.671731 0.533733
vt 0.776611 0.338082
vt 0.693048 0.183032
vt 0.389779 0.940467
vt 0.380099 0.950053
vt 0.375798 0.937712
vt 0.614518 0.300516
vt 0.665186 0.382879
vt 0.883578 0.426467
vt 0.727845 0.702396
vt 0.738014 0.355861
vt 0.718580 0.360556
vt 0.726595 0.351540
vt 0.716177 0.347076
vt 0.834905 0.261742
vt 0.082330 0.761484
vt 0.038101 0.818748
vt 0.379594 0.814557
vt 0.010373 0.826969
vt 0.836142 0.558767
vt 0.799704 0.935193
vt 0.311994 0.894395
vt 0.335593 0.884326
vt 0.310988 0.898574
vt 0.825997 0.580519
vt 0.767005 0.790827
vt 0.626460 0.648055
vt 0.151459 0.920334
vt 0.010669 0.882475
vt 0.000248 0.871838
vt 0.541006 0.227387
vt 0.538778 0.234825
vt 0.537724 0.231504
vt 0.549285 0.233410
vt 0.543208 0.246602
vt 0.528976 0.223377
vt 0.529949 0.226054
vt 0.512105 0.223377
vt 0.060682 0.573228
vt 0.971207 0.690060
vt 0.150331 0.022535
vt 0.150331 0.006818
vt 0.152110 0.014931
vt 0.741017 0.953273
vt 0.959275 0.037920
vt 0.041389 0.695896
vt 0.704889 0.489497
vt 0.551661 0.707524
vt 0.652745 0.567951
vt 0.598632 0.398105
vt 0.582664 0.398796
vt 0.640607 0.340946
vt 0.659142 0.322454
vt 0.641425 0.320042
vt 0.887968 0.409415
vt 0.266709 0.128610
vt 0.271122 0.124484
vt 0.266452 0.125788
vt 0.902792 0.407640
vt 0.918292 0.414016
vt 0.887022 0.419145
vt 0.714835 0.702661
vt 0.413665 0.967871
vt 0.416893 0.974950
vt 0.401533 0.950999
vt 0.412963 0.987118
vt 0.706932 0.705202
vt 0.679605 0.347622
vt 0.828090 0.266497
vt 0.079817 0.762676
vt 0.065623 0.764549
vt 0.091917 0.758280
vt 0.666737 0.352122
vt 0.666524 0.330226
vt 0.059836 0.788615
vt 0.593066 0.661188
vt 0.019402 0.838492
vt 0.586887 0.665924
vt 0.591431 0.659848
vt 0.006020 0.821258
vt 0.329061 0.298173
vt 0.227679 0.148257
vt 0.233798 0.146218
vt 0.233798 0.153518
vt 0.837324 0.514239
vt 0.832205 0.601403
vt 0.634029 0.120607
vt 0.333704 0.954309
vt 0.631705 0.114542
vt 0.842466 0.600988
vt 0.253638 0.583004
vt 0.264784 0.576612
vt 0.264784 0.602805
vt 0.334766 0.973127
vt 0.014084 0.879365
vt 0.535270 0.227993
vt 0.531388 0.228848
vt 0.705199 0.728566
vt 0.688814 0.209477
vt 0.171459 0.495765
vt 0.199477 0.461697
vt 0.193166 0.486744
vt 0.972964 0.700099
vt 0.690127 0.205933
vt 0.680891 0.187966
vt 0.445119 0.321097
vt 0.037725 0.693097
vt 0.722480 0.501796
vt 0.719276 0.501777
vt 0.720369 0.504851
vt 0.717442 0.504698
vt 0.716479 0.502579
vt 0.715605 0.507346
vt 0.713453 0.508774
vt 0.044134 0.645789
vt 0.718087 0.509206
vt 0.123941 0.867901
vt 0.354512 0.954911
vt 0.401671 0.064740
vt 0.414645 0.070556
vt 0.404098 0.066802
vt 0.270342 0.121117
vt 0.913226 0.423747
vt 0.889590 0.439806
vt 0.241552 0.131586
vt 0.257063 0.122352
vt 0.637557 0.419395
vt 0.608614 0.423235
vt 0.401533 0.988713
vt 0.077614 0.759582
vt 0.061181 0.820858
vt 0.046889 0.835658
vt 0.037865 0.806086
vt 0.386004 0.815914
vt 0.011181 0.829514
vt 0.015008 0.806373
vt 0.028640 0.808198
vt 0.365516 0.839420
vt 0.163470 0.045945
vt 0.060805 0.520525
vt 0.373412 0.308583
vt 0.367690 0.309562
vt 0.373503 0.299548
vt 0.632528 0.120130
vt 0.632863 0.119159
vt 0.792870 0.785045
vt 0.339665 0.953890
vt 0.840105 0.599663
vt 0.632170 0.116805
vt 0.624631 0.652966
vt 0.939707 0.546847
vt 0.960545 0.554095
vt 0.937998 0.556360
vt 0.347321 0.036898
vt 0.523534 0.234095
vt 0.970835 0.703810
vt 0.195560 0.483099
vt 0.204241 0.457319
vt 0.674033 0.207853
vt 0.778500 0.532482
vt 0.755355 0.989978
vt 0.734963 0.983122
vt 0.227804 0.430039
vt 0.253011 0.424230
vt 0.782226 0.516521
vt 0.698038 0.474718
vt 0.246120 0.421668
vt 0.959898 0.040029
vt 0.250619 0.545890
vt 0.036642 0.689877
vt 0.032241 0.687683
vt 0.560552 0.695102
vt 0.030156 0.688897
vt 0.715749 0.510899
vt 0.712690 0.515005
vt 0.711028 0.516421
vt 0.713359 0.516372
vt 0.326181 0.651257
vt 0.653488 0.599502
vt 0.781877 0.338337
vt 0.371139 0.928202
vt 0.401401 0.922663
vt 0.408892 0.069396
vt 0.669034 0.389596
vt 0.411461 0.071637
vt 0.645988 0.389488
vt 0.260513 0.135053
vt 0.262130 0.119956
vt 0.719984 0.343268
vt 0.923572 0.640170
vt 0.899338 0.636550
vt 0.930968 0.611482
vt 0.897096 0.614993
vt 0.835177 0.266539
vt 0.830650 0.268161
vt 0.837001 0.269187
vt 0.081919 0.755621
vt 0.072512 0.759613
vt 0.096406 0.741840
vt 0.596106 0.660879
vt 0.594709 0.658441
vt 0.943476 0.290515
vt 0.937893 0.283834
vt 0.383091 0.296082
vt 0.361192 0.314078
vt 0.337596 0.966234
vt 0.620652 0.651097
vt 0.623347 0.650208
vt 0.621002 0.653015
vt 0.942544 0.541052
vt 0.934564 0.551580
vt 0.624537 0.649348
vt 0.864145 0.912507
vt 0.871814 0.922686
vt 0.860970 0.922946
vt 0.326666 0.045129
vt 0.370692 0.850234
vt 0.531901 0.234364
vt 0.536070 0.233940
vt 0.548090 0.258067
vt 0.544113 0.255567
vt 0.961175 0.157737
vt 0.964614 0.171828
vt 0.956482 0.162038
vt 0.031638 0.700166
vt 0.023202 0.691582
vt 0.243275 0.416155
vt 0.027599 0.683559
vt 0.028810 0.687269
vt 0.026661 0.687948
vt 0.707846 0.511216
vt 0.025791 0.683828
vt 0.022094 0.682524
vt 0.018345 0.682164
vt 0.021106 0.678835
vt 0.015305 0.677608
vt 0.014358 0.675459
vt 0.713399 0.519345
vt 0.715038 0.522979
vt 0.012949 0.676086
vt 0.012076 0.674254
vt 0.011326 0.672071
vt 0.010821 0.674455
vt 0.007455 0.671203
vt 0.602064 0.399114
vt 0.325921 0.652906
vt 0.651964 0.589903
vt 0.307036 0.172110
vt 0.307036 0.191546
vt 0.295257 0.168361
vt 0.804934 0.319604
vt 0.375330 0.905617
vt 0.635427 0.300901
vt 0.414485 0.060637
vt 0.612673 0.268262
vt 0.613252 0.282097
vt 0.286806 0.102823
vt 0.261818 0.116827
vt 0.710809 0.330638
vt 0.737264 0.329187
vt 0.684706 0.342471
vt 0.660147 0.315092
vt 0.680209 0.305308
vt 0.074035 0.757373
vt 0.077285 0.752498
vt 0.607162 0.645557
vt 0.607547 0.646477
vt 0.605294 0.647017
vt 0.599253 0.656008
vt 0.600801 0.660370
vt 0.597883 0.660369
vt 0.600598 0.657277
vt 0.599128 0.662616
vt 0.042253 0.830213
vt 0.603155 0.645253
vt 0.602042 0.648626
vt 0.596615 0.655834
vt 0.057936 0.815249
vt 0.142649 0.033449
vt 0.833481 0.505563
vt 0.838649 0.807026
vt 0.367964 0.305250
vt 0.366169 0.305916
vt 0.083253 0.046025
vt 0.088913 0.048461
vt 0.090136 0.050703
vt 0.400121 0.259875
vt 0.398119 0.259096
vt 0.839523 0.599006
vt 0.830596 0.609727
vt 0.940717 0.527182
vt 0.614508 0.649849
vt 0.618936 0.648275
vt 0.618823 0.649386
vt 0.749762 0.788385
vt 0.952423 0.574637
vt 0.159779 0.894555
vt 0.547004 0.259343
vt 0.238473 0.111021
vt 0.256239 0.101976
vt 0.242808 0.112674
vt 0.689776 0.182569
vt 0.878044 0.057255
vt 0.878317 0.051192
vt 0.878981 0.070421
vt 0.941203 0.015506
vt 0.966178 0.028155
vt 0.249892 0.547897
vt 0.238922 0.546705
vt 0.013014 0.662322
vt 0.655127 0.555152
vt 0.015433 0.681829
vt 0.635901 0.572047
vt 0.630161 0.582766
vt 0.623774 0.576571
vt 0.152758 0.883693
vt 0.154791 0.880002
vt 0.153162 0.891981
vt 0.006032 0.671300
vt 0.639424 0.588003
vt 0.632868 0.585962
vt 0.330644 0.662031
vt 0.328064 0.658461
vt 0.323426 0.660369
vt 0.322860 0.658090
vt 0.646412 0.589900
vt 0.323781 0.652630
vt 0.646621 0.578502
vt 0.645352 0.597302
vt 0.324039 0.627046
vt 0.343374 0.629475
vt 0.262525 0.604942
vt 0.263375 0.614073
vt 0.564704 0.394849
vt 0.559791 0.385179
vt 0.777644 0.336583
vt 0.255077 0.109653
vt 0.232893 0.118232
vt 0.828252 0.284782
vt 0.687276 0.325615
vt 0.069205 0.757827
vt 0.068504 0.754637
vt 0.609029 0.666612
vt 0.602293 0.655868
vt 0.609238 0.644898
vt 0.604082 0.651077
vt 0.601832 0.650755
vt 0.599717 0.653753
vt 0.602310 0.680268
vt 0.611256 0.642138
vt 0.626723 0.068901
vt 0.634753 0.055632
vt 0.630657 0.068099
vt 0.006617 0.827884
vt 0.578192 0.651081
vt 0.581246 0.642716
vt 0.578988 0.658068
vt 0.045524 0.871014
vt 0.053821 0.881673
vt 0.037866 0.869214
vt 0.290867 0.868839
vt 0.317444 0.850943
vt 0.310297 0.876821
vt 0.368269 0.301798
vt 0.366406 0.303299
vt 0.340867 0.959051
vt 0.365224 0.298107
vt 0.363546 0.295454
vt 0.367140 0.297364
vt 0.365272 0.294659
vt 0.361192 0.290686
vt 0.841010 0.613364
vt 0.624152 0.644655
vt 0.733830 0.883593
vt 0.721664 0.885604
vt 0.737564 0.881521
vt 0.026401 0.107119
vt 0.030985 0.112777
vt 0.026401 0.122533
vt 0.157511 0.892391
vt 0.368793 0.837710
vt 0.540769 0.243452
vt 0.542354 0.252413
vt 0.973743 0.712224
vt 0.969320 0.155066
vt 0.973220 0.123782
vt 0.873502 0.054349
vt 0.874409 0.051034
vt 0.210868 0.430877
vt 0.665588 0.541163
vt 0.238128 0.543097
vt 0.237302 0.407461
vt 0.634622 0.594060
vt 0.153899 0.874829
vt 0.159209 0.873573
vt 0.322175 0.643834
vt 0.294322 0.160896
vt 0.680587 0.163536
vt 0.430357 0.033589
vt 0.372903 0.910847
vt 0.415324 0.072381
vt 0.660388 0.399538
vt 0.901061 0.644123
vt 0.897611 0.640693
vt 0.662265 0.290622
vt 0.663121 0.285478
vt 0.658284 0.298269
vt 0.602591 0.653140
vt 0.113025 0.003089
vt 0.115474 0.005593
vt 0.113109 0.004983
vt 0.112516 0.005529
vt 0.110961 0.000840
vt 0.599805 0.652364
vt 0.015670 0.851170
vt 0.115616 0.003861
vt 0.630588 0.069783
vt 0.006320 0.839346
vt 0.051628 0.840974
vt 0.042819 0.837776
vt 0.005092 0.825365
vt 0.847871 0.538878
vt 0.823650 0.495869
vt 0.343669 0.958608
vt 0.376012 0.297165
vt 0.363840 0.304607
vt 0.087196 0.047169
vt 0.135587 0.394558
vt 0.364363 0.300357
vt 0.089416 0.045642
vt 0.088947 0.042994
vt 0.363198 0.298732
vt 0.613065 0.667593
vt 0.336988 0.969866
vt 0.533469 0.234865
vt 0.530232 0.235943
vt 0.513457 0.237060
vt 0.243379 0.098003
vt 0.969049 0.692901
vt 0.784291 0.519815
vt 0.233951 0.540743
vt 0.700915 0.508473
vt 0.001013 0.691071
vt 0.638068 0.558858
vt 0.177144 0.878090
vt 0.647198 0.603989
vt 0.651773 0.632793
vt 0.763640 0.329869
vt 0.772511 0.330134
vt 0.293107 0.184348
vt 0.773531 0.327460
vt 0.421561 0.075298
vt 0.416389 0.074388
vt 0.695899 0.307117
vt 0.897096 0.642267
vt 0.904551 0.647808
vt 0.064775 0.756586
vt 0.217311 0.801867
vt 0.206084 0.818754
vt 0.204226 0.783120
vt 0.025448 0.858191
vt 0.115809 0.007057
vt 0.599889 0.649230
vt 0.003759 0.832438
vt 0.292319 0.557069
vt 0.289884 0.555746
vt 0.294119 0.555945
vt 0.290024 0.557919
vt 0.290514 0.561720
vt 0.287765 0.560380
vt 0.172913 0.059370
vt 0.839898 0.545875
vt 0.318446 0.877757
vt 0.273583 0.400225
vt 0.274534 0.422486
vt 0.273583 0.425344
vt 0.347273 0.958343
vt 0.354730 0.961211
vt 0.828381 0.700576
vt 0.870406 0.659102
vt 0.870406 0.729563
vt 0.084997 0.045961
vt 0.088449 0.041640
vt 0.364029 0.653508
vt 0.364029 0.635504
vt 0.373232 0.646449
vt 0.090139 0.035670
vt 0.402029 0.258355
vt 0.398098 0.245741
vt 0.413664 0.247115
vt 0.721064 0.897848
vt 0.741174 0.892079
vt 0.723745 0.906236
vt 0.730215 0.889596
vt 0.742239 0.866497
vt 0.358901 0.033375
vt 0.341799 0.033812
vt 0.968657 0.699405
vt 0.868074 0.048998
vt 0.875008 0.045897
vt 0.947601 0.154428
vt 0.051248 0.653234
vt 0.686579 0.439333
vt 0.213373 0.402668
vt 0.689336 0.526750
vt 0.303412 0.659098
vt 0.156005 0.859930
vt 0.162339 0.863535
vt 0.570767 0.407018
vt 0.688093 0.161164
vt 0.426533 0.064956
vt 0.424971 0.077509
vt 0.701483 0.306943
vt 0.910606 0.645231
vt 0.060549 0.756020
vt 0.611256 0.653373
vt 0.116170 0.009859
vt 0.118496 0.010692
vt 0.631436 0.073238
vt 0.055834 0.840402
vt 0.363373 0.001010
vt 0.363373 0.025352
vt 0.353540 0.008840
vt 0.184503 0.625340
vt 0.167234 0.615063
vt 0.184503 0.602304
vt 0.798573 0.482284
vt 0.835381 0.489942
vt 0.805618 0.966178
vt 0.800255 0.957588
vt 0.805618 0.928582
vt 0.369214 0.248626
vt 0.357740 0.964179
vt 0.831564 0.604437
vt 0.341186 0.961902
vt 0.339092 0.966405
vt 0.367400 0.631770
vt 0.839777 0.934529
vt 0.851153 0.912731
vt 0.857043 0.940180
vt 0.366190 0.034613
vt 0.346425 0.028143
vt 0.529982 0.237025
vt 0.528083 0.248656
vt 0.528088 0.256716
vt 0.256013 0.098308
vt 0.971749 0.714432
vt 0.969427 0.710242
vt 0.859812 0.050211
vt 0.864954 0.041607
vt 0.949521 0.150583
vt 0.947241 0.133409
vt 0.733883 0.990121
vt 0.726691 0.989872
vt 0.927162 0.001395
vt 0.940012 0.009109
vt 0.732058 0.969654
vt 0.785775 0.510003
vt 0.055002 0.636562
vt 0.051598 0.644953
vt 0.021289 0.701000
vt 0.157394 0.851589
vt 0.558130 0.396205
vt 0.406409 0.079892
vt 0.726893 0.301535
vt 0.708549 0.303757
vt 0.726759 0.284919
vt 0.057936 0.746347
vt 0.217681 0.791423
vt 0.218194 0.788016
vt 0.221385 0.795426
vt 0.188571 0.842237
vt 0.187795 0.817075
vt 0.949277 0.756260
vt 0.931736 0.734830
vt 0.949277 0.731044
vt 0.115969 0.011932
vt 0.112862 0.009282
vt 0.103854 0.005248
vt 0.298081 0.552182
vt 0.296183 0.554630
vt 0.295686 0.557122
vt 0.292635 0.559345
vt 0.626603 0.061423
vt 0.289801 0.564115
vt 0.060424 0.856560
vt 0.937048 0.777580
vt 0.923534 0.787059
vt 0.918768 0.752801
vt 0.301721 0.826207
vt 0.315520 0.834195
vt 0.926923 0.289061
vt 0.275163 0.414302
vt 0.276506 0.418676
vt 0.277459 0.415625
vt 0.753140 0.780218
vt 0.389701 0.240152
vt 0.522581 0.237354
vt 0.528793 0.263375
vt 0.197065 0.433568
vt 0.183538 0.439335
vt 0.550414 0.085259
vt 0.549258 0.067423
vt 0.571195 0.088146
vt 0.732357 0.975685
vt 0.725702 0.971068
vt 0.660629 0.533062
vt 0.966124 0.543651
vt 0.961787 0.517452
vt 0.983079 0.540539
vt 0.210680 0.413453
vt 0.176863 0.872646
vt 0.316477 0.639469
vt 0.085013 0.831915
vt 0.094034 0.835759
vt 0.323814 0.619638
vt 0.328418 0.612774
vt 0.317852 0.613599
vt 0.575530 0.448447
vt 0.567203 0.450444
vt 0.544269 0.444178
vt 0.557907 0.398850
vt 0.439243 0.015878
vt 0.354512 0.897720
vt 0.642653 0.275910
vt 0.622853 0.263057
vt 0.427407 0.079571
vt 0.319195 0.107660
vt 0.273348 0.092894
vt 0.214064 0.782175
vt 0.215251 0.780664
vt 0.221027 0.781140
vt 0.114912 0.015068
vt 0.006282 0.852682
vt 0.068989 0.842507
vt 0.936820 0.758286
vt 0.293921 0.561367
vt 0.291743 0.562772
vt 0.003135 0.816681
vt 0.924094 0.491192
vt 0.923213 0.501239
vt 0.921551 0.500592
vt 0.026582 0.797850
vt 0.843018 0.556315
vt 0.764420 0.783367
vt 0.821578 0.619296
vt 0.413582 0.234923
vt 0.529310 0.237014
vt 0.254197 0.095083
vt 0.256395 0.096535
vt 0.970669 0.716289
vt 0.968501 0.717685
vt 0.030416 0.367598
vt 0.030416 0.339876
vt 0.042253 0.354605
vt 0.869056 0.040639
vt 0.207438 0.435562
vt 0.733504 0.977607
vt 0.186558 0.425100
vt 0.732501 0.962949
vt 0.198934 0.407175
vt 0.696957 0.465474
vt 0.052678 0.648448
vt 0.481681 0.854001
vt 0.478991 0.870719
vt 0.461897 0.858150
vt 0.595092 0.403969
vt 0.152758 0.836729
vt 0.168374 0.850247
vt 0.436074 0.002891
vt 0.548853 0.420949
vt 0.371317 0.903405
vt 0.460908 0.079333
vt 0.431181 0.080171
vt 0.670409 0.434223
vt 0.635719 0.454921
vt 0.693970 0.261437
vt 0.665939 0.263557
vt 0.847871 0.277225
vt 0.979980 0.274643
vt 0.983928 0.260685
vt 0.991169 0.274643
vt 0.004739 0.843433
vt 0.297492 0.555514
vt 0.299433 0.556946
vt 0.625246 0.064195
vt 0.625731 0.049422
vt 0.911407 0.488609
vt 0.915671 0.506068
vt 0.293403 0.565454
vt 0.003030 0.814533
vt 0.290640 0.565669
vt 0.851339 0.374702
vt 0.869080 0.366972
vt 0.865941 0.373532
vt 0.900682 0.690982
vt 0.893638 0.693323
vt 0.906188 0.667303
vt 0.822115 0.603113
vt 0.098590 0.017787
vt 0.098178 0.025352
vt 0.097182 0.009054
vt 0.761516 0.778840
vt 0.960545 0.524785
vt 0.401861 0.235506
vt 0.418302 0.233919
vt 0.383197 0.224246
vt 0.353024 0.030168
vt 0.408973 0.204024
vt 0.739813 0.866265
vt 0.527097 0.240356
vt 0.525351 0.246586
vt 0.520302 0.247270
vt 0.241286 0.086706
vt 0.258186 0.095385
vt 0.256570 0.094564
vt 0.959405 0.703661
vt 0.207692 0.433288
vt 0.057141 0.649331
vt 0.688241 0.501039
vt 0.237532 0.523795
vt 0.687684 0.506532
vt 0.303239 0.650809
vt 0.597154 0.409475
vt 0.594215 0.408437
vt 0.648185 0.632031
vt 0.681011 0.154190
vt 0.422216 0.433672
vt 0.408277 0.426409
vt 0.416116 0.418428
vt 0.435373 0.065010
vt 0.618913 0.264420
vt 0.910189 0.649459
vt 0.908122 0.651066
vt 0.214362 0.776398
vt 0.116519 0.018774
vt 0.300016 0.553477
vt 0.298914 0.554290
vt 0.297743 0.559988
vt 0.626675 0.050937
vt 0.633468 0.052865
vt 0.850636 0.379875
vt 0.823618 0.966178
vt 0.825972 0.937735
vt 0.839012 0.950317
vt 0.827760 0.603460
vt 0.980262 0.854778
vt 0.980262 0.901391
vt 0.975049 0.901192
vt 0.842752 0.965698
vt 0.719335 0.888447
vt 0.720125 0.895686
vt 0.841164 0.434053
vt 0.899817 0.395767
vt 0.878267 0.395767
vt 0.874784 0.362117
vt 0.254868 0.089908
vt 0.012459 0.358052
vt 0.014427 0.365091
vt 0.012757 0.364855
vt 0.259150 0.094346
vt 0.256884 0.093262
vt 0.256287 0.092526
vt 0.692944 0.354589
vt 0.691508 0.368822
vt 0.682070 0.365258
vt 0.942265 0.002054
vt 0.611256 0.263375
vt 0.600351 0.240423
vt 0.611256 0.237503
vt 0.236269 0.546855
vt 0.232969 0.541885
vt 0.677841 0.461721
vt 0.004221 0.715479
vt 0.122233 0.846344
vt 0.604490 0.409441
vt 0.550138 0.436949
vt 0.582388 0.445852
vt 0.170085 0.820534
vt 0.569001 0.434666
vt 0.544802 0.429990
vt 0.435203 0.084273
vt 0.450833 0.096633
vt 0.306250 0.099007
vt 0.911653 0.652678
vt 0.211012 0.772824
vt 0.810889 0.315487
vt 0.071512 0.820398
vt 0.113875 0.020010
vt 0.004444 0.841780
vt 0.005838 0.807594
vt 0.293685 0.567866
vt 0.291101 0.570940
vt 0.295569 0.566460
vt 0.635463 0.049869
vt 0.868185 0.383099
vt 0.867479 0.397677
vt 0.862984 0.393997
vt 0.860651 0.388977
vt 0.911119 0.672896
vt 0.818047 0.607965
vt 0.849539 0.938785
vt 0.717690 0.886681
vt 0.009778 0.356617
vt 0.011822 0.366040
vt 0.026760 0.349912
vt 0.258975 0.093287
vt 0.660550 0.334896
vt 0.658483 0.335570
vt 0.659799 0.332117
vt 0.658341 0.336746
vt 0.257498 0.090914
vt 0.597214 0.248658
vt 0.677464 0.490357
vt 0.661933 0.459690
vt 0.177383 0.859020
vt 0.310106 0.620803
vt 0.707028 0.051745
vt 0.668824 0.068176
vt 0.670477 0.051124
vt 0.738014 0.279338
vt 0.657948 0.063954
vt 0.215352 0.767787
vt 0.208538 0.767759
vt 0.842128 0.298366
vt 0.108187 0.031796
vt 0.115087 0.024301
vt 0.951316 0.591255
vt 0.944274 0.567966
vt 0.956482 0.581223
vt 0.300576 0.551480
vt 0.301802 0.553211
vt 0.301145 0.557079
vt 0.302046 0.559414
vt 0.301492 0.562486
vt 0.627993 0.041614
vt 0.916262 0.509514
vt 0.914632 0.503879
vt 0.900465 0.788717
vt 0.347688 0.876333
vt 0.839751 0.497493
vt 0.697741 0.914516
vt 0.689358 0.928151
vt 0.698981 0.898848
vt 0.699201 0.902960
vt 0.762416 0.777501
vt 0.710980 0.913700
vt 0.706926 0.924381
vt 0.750589 0.775499
vt 0.350561 0.025128
vt 0.901391 0.375873
vt 0.238473 0.083232
vt 0.248520 0.076498
vt 0.523793 0.263127
vt 0.149293 0.180378
vt 0.149293 0.190137
vt 0.148215 0.183190
vt 0.258650 0.085224
vt 0.656625 0.335963
vt 0.660509 0.335403
vt 0.656516 0.340219
vt 0.220026 0.959136
vt 0.224115 0.939077
vt 0.226056 0.948323
vt 0.655480 0.339281
vt 0.572902 0.066486
vt 0.947165 0.103602
vt 0.954899 0.123941
vt 0.947378 0.109329
vt 0.954680 0.104794
vt 0.979429 0.516531
vt 0.608153 0.236920
vt 0.229041 0.548573
vt 0.471908 0.877942
vt 0.595998 0.412174
vt 0.593822 0.411366
vt 0.593929 0.418895
vt 0.636463 0.263096
vt 0.638104 0.255096
vt 0.634501 0.254749
vt 0.647477 0.247931
vt 0.641060 0.248636
vt 0.443246 0.088924
vt 0.432469 0.102187
vt 0.731748 0.281392
vt 0.661628 0.072492
vt 0.659321 0.072070
vt 0.657451 0.068061
vt 0.239432 0.759890
vt 0.901218 0.673226
vt 0.182224 0.795968
vt 0.833518 0.310809
vt 0.529811 0.568241
vt 0.545597 0.558175
vt 0.545063 0.576041
vt 0.971342 0.271905
vt 0.979390 0.256596
vt 0.303898 0.547627
vt 0.304106 0.557993
vt 0.297920 0.568994
vt 0.917191 0.506635
vt 0.870535 0.411060
vt 0.921123 0.287765
vt 0.318015 0.246906
vt 0.312711 0.268937
vt 0.302798 0.267255
vt 0.701548 0.895813
vt 0.956751 0.872399
vt 0.822556 0.604351
vt 0.713972 0.888159
vt 0.715949 0.888532
vt 0.714400 0.890726
vt 0.711900 0.887012
vt 0.719327 0.898871
vt 0.915402 0.707669
vt 0.921279 0.703015
vt 0.929854 0.722091
vt 0.893718 0.715335
vt 0.902136 0.728155
vt 0.890531 0.720975
vt 0.010463 0.351767
vt 0.001117 0.374641
vt 0.660550 0.353514
vt 0.653375 0.342537
vt 0.650956 0.333787
vt 0.653200 0.338562
vt 0.653866 0.340806
vt 0.652240 0.340006
vt 0.651473 0.341464
vt 0.647165 0.343734
vt 0.646776 0.344959
vt 0.946960 0.148076
vt 0.899150 0.042564
vt 0.556712 0.095013
vt 0.600939 0.237438
vt 0.687713 0.471206
vt 0.227945 0.520446
vt 0.001698 0.701058
vt 0.462960 0.869700
vt 0.454755 0.868423
vt 0.308060 0.631812
vt 0.588302 0.433485
vt 0.175980 0.834579
vt 0.642964 0.264175
vt 0.452479 0.466555
vt 0.452343 0.471701
vt 0.451336 0.474706
vt 0.453414 0.468034
vt 0.647727 0.245600
vt 0.456418 0.475279
vt 0.455434 0.465458
vt 0.302437 0.087248
vt 0.658848 0.058855
vt 0.646636 0.062877
vt 0.847054 0.312466
vt 0.523821 0.558175
vt 0.114359 0.029701
vt 0.119254 0.028506
vt 0.122857 0.029245
vt 0.001197 0.848982
vt 0.305708 0.556530
vt 0.304717 0.559219
vt 0.302981 0.560899
vt 0.298405 0.566443
vt 0.641879 0.043421
vt 0.063756 0.877983
vt 0.849432 0.385091
vt 0.318304 0.276264
vt 0.313442 0.273826
vt 0.138443 0.390969
vt 0.136191 0.392452
vt 0.134517 0.393476
vt 0.710198 0.889939
vt 0.715717 0.903932
vt 0.387727 0.229118
vt 0.347501 0.011726
vt 0.008719 0.351612
vt 0.008289 0.349661
vt 0.210735 0.932535
vt 0.219944 0.933117
vt 0.651055 0.338366
vt 0.933549 0.125416
vt 0.945375 0.132885
vt 0.940129 0.134812
vt 0.931984 0.123782
vt 0.689714 0.383294
vt 0.645794 0.342111
vt 0.644950 0.344403
vt 0.942221 0.139440
vt 0.640280 0.345607
vt 0.640025 0.347101
vt 0.555080 0.110165
vt 0.558158 0.107230
vt 0.556201 0.111402
vt 0.556795 0.098424
vt 0.554939 0.097089
vt 0.225880 0.543777
vt 0.983079 0.501096
vt 0.403690 0.425990
vt 0.407566 0.425296
vt 0.453289 0.475768
vt 0.613063 0.244408
vt 0.452559 0.481304
vt 0.322215 0.102282
vt 0.306834 0.084885
vt 0.694195 0.074161
vt 0.671335 0.092939
vt 0.659763 0.084715
vt 0.662367 0.085797
vt 0.665123 0.129121
vt 0.665556 0.111710
vt 0.669417 0.135844
vt 0.084777 0.966853
vt 0.075519 0.965371
vt 0.084167 0.963909
vt 0.083498 0.985896
vt 0.116744 0.028545
vt 0.120596 0.030858
vt 0.301649 0.568751
vt 0.923002 0.514535
vt 0.335883 0.862313
vt 0.843683 0.503332
vt 0.700748 0.900887
vt 0.129352 0.388157
vt 0.126185 0.388393
vt 0.831603 0.933105
vt 0.823618 0.925623
vt 0.704322 0.894854
vt 0.706894 0.889325
vt 0.707599 0.892691
vt 0.712972 0.907078
vt 0.123267 0.383177
vt 0.354403 0.025650
vt 0.358045 0.023926
vt 0.354848 0.027086
vt 0.358710 0.031473
vt 0.381512 0.210237
vt 0.387220 0.193887
vt 0.006067 0.344391
vt 0.005559 0.347369
vt 0.001789 0.356750
vt 0.224791 0.936065
vt 0.229154 0.935879
vt 0.640100 0.344171
vt 0.557695 0.113301
vt 0.893123 0.024645
vt 0.223745 0.539392
vt 0.228889 0.535938
vt 0.292742 0.662180
vt 0.468159 0.875740
vt 0.600652 0.457977
vt 0.597049 0.423021
vt 0.443273 0.010202
vt 0.173034 0.823470
vt 0.403955 0.437147
vt 0.657885 0.307580
vt 0.647291 0.264895
vt 0.439470 0.456677
vt 0.439199 0.471540
vt 0.450457 0.485319
vt 0.637325 0.235116
vt 0.659142 0.236152
vt 0.452314 0.485465
vt 0.449903 0.490331
vt 0.450459 0.492116
vt 0.283160 0.094463
vt 0.270474 0.090426
vt 0.274355 0.092000
vt 0.736059 0.274865
vt 0.724653 0.260325
vt 0.700688 0.081319
vt 0.691049 0.153518
vt 0.676929 0.152823
vt 0.676419 0.116719
vt 0.643668 0.060525
vt 0.655767 0.136299
vt 0.187320 0.223939
vt 0.176073 0.202716
vt 0.187320 0.187396
vt 0.116899 0.505397
vt 0.097194 0.512666
vt 0.113870 0.495759
vt 0.942335 0.584583
vt 0.934270 0.567813
vt 0.625340 0.032598
vt 0.623825 0.035211
vt 0.622069 0.034298
vt 0.008451 0.204852
vt 0.006809 0.203773
vt 0.008451 0.202966
vt 0.622310 0.032288
vt 0.623109 0.031488
vt 0.006597 0.201357
vt 0.620876 0.032135
vt 0.307715 0.555166
vt 0.127791 0.025743
vt 0.305339 0.558645
vt 0.305178 0.560496
vt 0.133800 0.004129
vt 0.303810 0.562629
vt 0.958339 0.318932
vt 0.940093 0.343655
vt 0.953608 0.310786
vt 0.304300 0.564555
vt 0.300274 0.566926
vt 0.659397 0.034663
vt 0.298512 0.571820
vt 0.938010 0.503903
vt 0.864435 0.411805
vt 0.863979 0.421026
vt 0.925191 0.302811
vt 0.125291 0.393344
vt 0.043257 0.624981
vt 0.045070 0.608491
vt 0.045070 0.632382
vt 0.381355 0.243030
vt 0.705244 0.886439
vt 0.890073 0.708004
vt 0.891780 0.703045
vt 0.891635 0.712900
vt 0.363340 0.028727
vt 0.888738 0.712278
vt 0.860427 0.943274
vt 0.856668 0.942550
vt 0.892027 0.716568
vt 0.036592 0.979890
vt 0.040873 0.973980
vt 0.038608 0.978222
vt 0.213772 0.925606
vt 0.216502 0.925183
vt 0.216442 0.928629
vt 0.001117 0.345452
vt 0.549258 0.122567
vt 0.552025 0.121998
vt 0.553165 0.125043
vt 0.648316 0.337624
vt 0.552421 0.117347
vt 0.934413 0.103775
vt 0.941534 0.115878
vt 0.596574 0.247042
vt 0.594985 0.247316
vt 0.379199 0.054210
vt 0.380578 0.052361
vt 0.381683 0.057859
vt 0.378337 0.051523
vt 0.597156 0.239445
vt 0.598074 0.243489
vt 0.599510 0.237334
vt 0.225355 0.546612
vt 0.226292 0.529547
vt 0.673983 0.511767
vt 0.182367 0.873837
vt 0.602548 0.414965
vt 0.594127 0.428274
vt 0.591960 0.436638
vt 0.186990 0.845735
vt 0.174857 0.829045
vt 0.401294 0.427956
vt 0.456094 0.030569
vt 0.448163 0.494437
vt 0.628153 0.239000
vt 0.448619 0.496374
vt 0.449671 0.496742
vt 0.443031 0.126758
vt 0.293418 0.090667
vt 0.451861 0.120053
vt 0.662316 0.097682
vt 0.989083 0.257597
vt 0.098590 0.956113
vt 0.095930 0.958228
vt 0.095734 0.957208
vt 0.097059 0.954875
vt 0.122032 0.031605
vt 0.097303 0.958396
vt 0.624261 0.030673
vt 0.005040 0.201712
vt 0.307612 0.551378
vt 0.653911 0.251657
vt 0.656850 0.253876
vt 0.653767 0.253881
vt 0.622027 0.028656
vt 0.620246 0.030345
vt 0.129250 0.030134
vt 0.127592 0.031569
vt 0.127389 0.030504
vt 0.128985 0.031596
vt 0.127986 0.032545
vt 0.127004 0.029184
vt 0.308445 0.557986
vt 0.650549 0.251407
vt 0.652499 0.253984
vt 0.649487 0.252949
vt 0.651111 0.254697
vt 0.129719 0.033014
vt 0.306882 0.562195
vt 0.306760 0.558988
vt 0.308028 0.560152
vt 0.649996 0.255439
vt 0.648587 0.256044
vt 0.650012 0.258393
vt 0.650151 0.257102
vt 0.304056 0.567453
vt 0.648561 0.036002
vt 0.001197 0.800096
vt 0.003675 0.789768
vt 0.646822 0.035505
vt 0.928307 0.518539
vt 0.933827 0.523589
vt 0.308611 0.283093
vt 0.700576 0.923910
vt 0.761224 0.771039
vt 0.371770 0.247444
vt 0.835526 0.942681
vt 0.698952 0.887511
vt 0.927222 0.679562
vt 0.928439 0.680081
vt 0.922814 0.684126
vt 0.840910 0.953875
vt 0.843849 0.959020
vt 0.854137 0.959802
vt 0.125393 0.153577
vt 0.129575 0.154737
vt 0.125393 0.177461
vt 0.888787 0.706081
vt 0.890695 0.699594
vt 0.932376 0.700076
vt 0.927351 0.699760
vt 0.928008 0.688053
vt 0.846023 0.940154
vt 0.861340 0.954023
vt 0.039740 0.987788
vt 0.043736 0.979433
vt 0.042545 0.990196
vt 0.040242 0.983805
vt 0.350987 0.018245
vt 0.047313 0.975159
vt 0.219395 0.929763
vt 0.222974 0.932353
vt 0.234627 0.934891
vt 0.863529 0.012876
vt 0.567619 0.107785
vt 0.881246 0.020311
vt 0.368941 0.050907
vt 0.377674 0.043708
vt 0.377641 0.040332
vt 0.365377 0.041592
vt 0.380372 0.040690
vt 0.381683 0.038237
vt 0.224347 0.543862
vt 0.224505 0.535000
vt 0.670909 0.474456
vt 0.479264 0.883492
vt 0.475688 0.886474
vt 0.184317 0.890768
vt 0.458532 0.873698
vt 0.614072 0.463371
vt 0.184536 0.866233
vt 0.304330 0.616162
vt 0.304392 0.604600
vt 0.444146 0.013427
vt 0.440034 0.446933
vt 0.448466 0.498947
vt 0.449537 0.500374
vt 0.448185 0.506454
vt 0.453894 0.493116
vt 0.463089 0.477908
vt 0.446691 0.509171
vt 0.447061 0.513714
vt 0.468814 0.515688
vt 0.492244 0.516891
vt 0.685408 0.108263
vt 0.674905 0.102092
vt 0.688468 0.125705
vt 0.664757 0.101525
vt 0.665137 0.107672
vt 0.652668 0.102493
vt 0.644871 0.076731
vt 0.176103 0.781626
vt 0.097194 0.492749
vt 0.966178 0.598550
vt 0.958949 0.599153
vt 0.955788 0.593409
vt 0.112172 0.033869
vt 0.308445 0.544928
vt 0.093582 0.959338
vt 0.093591 0.957808
vt 0.005601 0.206856
vt 0.094046 0.955192
vt 0.121461 0.036619
vt 0.656201 0.256192
vt 0.620262 0.028696
vt 0.126740 0.031421
vt 0.125525 0.032829
vt 0.126116 0.029475
vt 0.653625 0.257151
vt 0.651507 0.256497
vt 0.546468 0.584496
vt 0.129011 0.035043
vt 0.653503 0.259075
vt 0.133800 0.030829
vt 0.131163 0.032796
vt 0.956836 0.314379
vt 0.958617 0.312003
vt 0.650899 0.262590
vt 0.303220 0.568818
vt 0.936791 0.523781
vt 0.900609 0.764993
vt 0.320312 0.829490
vt 0.324603 0.837025
vt 0.325247 0.844286
vt 0.844725 0.390106
vt 0.851684 0.415034
vt 0.838646 0.946543
vt 0.831064 0.937520
vt 0.894390 0.694376
vt 0.892554 0.694109
vt 0.098590 0.001306
vt 0.840198 0.945809
vt 0.757523 0.769526
vt 0.138894 0.375568
vt 0.893620 0.697470
vt 0.046129 0.995121
vt 0.897007 0.694658
vt 0.852833 0.940825
vt 0.041805 0.942240
vt 0.016726 0.937353
vt 0.025611 0.921844
vt 0.036592 0.956551
vt 0.054470 0.959627
vt 0.048111 0.963879
vt 0.219208 0.924987
vt 0.216584 0.922465
vt 0.558388 0.137109
vt 0.549992 0.141189
vt 0.681903 0.387950
vt 0.933120 0.104515
vt 0.366511 0.051833
vt 0.364751 0.050324
vt 0.364173 0.045558
vt 0.373258 0.054285
vt 0.207038 0.070333
vt 0.207038 0.097181
vt 0.185125 0.095936
vt 0.192811 0.877759
vt 0.287714 0.644109
vt 0.448554 0.869060
vt 0.602585 0.436695
vt 0.400781 0.447484
vt 0.422500 0.452453
vt 0.467378 0.473400
vt 0.707028 0.127451
vt 0.664561 0.105395
vt 0.661989 0.103551
vt 0.960615 0.593035
vt 0.012390 0.867589
vt 0.088167 0.962383
vt 0.090284 0.964471
vt 0.007368 0.208232
vt 0.005421 0.208557
vt 0.092312 0.959135
vt 0.092887 0.957408
vt 0.002788 0.208348
vt 0.214080 0.095773
vt 0.208438 0.089867
vt 0.214080 0.087950
vt 0.657546 0.259212
vt 0.000444 0.201730
vt 0.620703 0.026216
vt 0.617239 0.026418
vt 0.965442 0.310843
vt 0.965552 0.307893
vt 0.968275 0.307970
vt 0.962999 0.311131
vt 0.962188 0.310022
vt 0.910539 0.747496
vt 0.072643 0.848053
vt 0.848161 0.384502
vt 0.843338 0.394075
vt 0.853803 0.402776
vt 0.890822 0.693516
vt 0.888750 0.692853
vt 0.925095 0.686336
vt 0.700910 0.913515
vt 0.891919 0.695005
vt 0.893649 0.695650
vt 0.147200 0.377725
vt 0.143760 0.371701
vt 0.703457 0.876414
vt 0.924967 0.696690
vt 0.746691 0.768759
vt 0.043661 0.948610
vt 0.032119 0.957436
vt 0.381395 0.221546
vt 0.052850 0.969074
vt 0.220887 0.921481
vt 0.232789 0.933729
vt 0.240977 0.940264
vt 0.580283 0.092846
vt 0.585403 0.074008
vt 0.379203 0.035827
vt 0.222043 0.527598
vt 0.475104 0.892627
vt 0.280853 0.667593
vt 0.278664 0.652810
vt 0.452521 0.882172
vt 0.299848 0.628595
vt 0.306936 0.622841
vt 0.306369 0.620572
vt 0.302571 0.610074
vt 0.446238 0.005067
vt 0.449213 0.008511
vt 0.436369 0.493064
vt 0.455733 0.097354
vt 0.316962 0.064309
vt 0.295108 0.061897
vt 0.326754 0.027584
vt 0.299040 0.085612
vt 0.272689 0.067759
vt 0.299029 0.035418
vt 0.702234 0.147145
vt 0.654860 0.109557
vt 0.951752 0.594047
vt 0.542223 0.493281
vt 0.545060 0.496091
vt 0.540114 0.496401
vt 0.092931 0.961168
vt 0.001270 0.209146
vt 0.660624 0.257358
vt 0.127917 0.034973
vt 0.620845 0.023896
vt 0.617010 0.024972
vt 0.655762 0.261373
vt 0.960182 0.308445
vt 0.655292 0.265250
vt 0.957917 0.310944
vt 0.651311 0.265973
vt 0.652569 0.266252
vt 0.650628 0.268076
vt 0.304475 0.571333
vt 0.085914 0.845921
vt 0.471271 0.474749
vt 0.465762 0.469895
vt 0.483122 0.481583
vt 0.338048 0.840979
vt 0.850727 0.429965
vt 0.873222 0.419248
vt 0.307366 0.273570
vt 0.831512 0.935639
vt 0.918503 0.687233
vt 0.922622 0.685733
vt 0.836524 0.942101
vt 0.825643 0.935965
vt 0.381852 0.250089
vt 0.908837 0.707942
vt 0.902536 0.692887
vt 0.709283 0.913151
vt 0.016726 0.955479
vt 0.221609 0.921758
vt 0.950578 0.225685
vt 0.949307 0.220687
vt 0.951687 0.222185
vt 0.950112 0.218062
vt 0.363431 0.051677
vt 0.953074 0.226913
vt 0.949447 0.230242
vt 0.955137 0.229049
vt 0.378242 0.059221
vt 0.219226 0.545495
vt 0.218940 0.530305
vt 0.604124 0.416556
vt 0.296044 0.633927
vt 0.303829 0.622265
vt 0.184593 0.841708
vt 0.293349 0.611074
vt 0.303773 0.619917
vt 0.294051 0.605981
vt 0.454923 0.001537
vt 0.429320 0.514378
vt 0.431501 0.509192
vt 0.313286 0.072098
vt 0.636453 0.060606
vt 0.637466 0.109145
vt 0.078642 0.953098
vt 0.086606 0.961425
vt 0.001230 0.863645
vt 0.542639 0.502712
vt 0.533430 0.497717
vt 0.090896 0.960516
vt 0.002616 0.210295
vt 0.534662 0.494692
vt 0.974629 0.300184
vt 0.974045 0.305267
vt 0.967437 0.300236
vt 0.091902 0.969491
vt 0.092005 0.962230
vt 0.040844 0.028659
vt 0.040844 0.033802
vt 0.037354 0.032884
vt 0.659360 0.260005
vt 0.009859 0.008031
vt 0.008263 0.011267
vt 0.008263 0.007182
vt 0.023317 0.007996
vt 0.025295 0.008472
vt 0.024605 0.011873
vt 0.616931 0.023753
vt 0.026321 0.010431
vt 0.962594 0.307512
vt 0.955319 0.311427
vt 0.654785 0.266890
vt 0.654349 0.269124
vt 0.098590 0.983150
vt 0.653437 0.271901
vt 0.325598 0.827814
vt 0.329316 0.840056
vt 0.842398 0.381180
vt 0.924529 0.687663
vt 0.701122 0.925506
vt 0.697050 0.882012
vt 0.888738 0.693896
vt 0.153518 0.367631
vt 0.839693 0.936913
vt 0.925234 0.692509
vt 0.061778 0.992167
vt 0.064159 0.982392
vt 0.947964 0.216852
vt 0.952109 0.215026
vt 0.945044 0.100484
vt 0.957813 0.232390
vt 0.380280 0.060071
vt 0.381232 0.063370
vt 0.955962 0.238917
vt 0.373448 0.033848
vt 0.656068 0.473977
vt 0.427907 0.880405
vt 0.425268 0.900343
vt 0.418578 0.900484
vt 0.646358 0.507765
vt 0.664316 0.484889
vt 0.212672 0.892940
vt 0.206428 0.868617
vt 0.448796 0.872394
vt 0.192108 0.860705
vt 0.290184 0.625732
vt 0.192761 0.851045
vt 0.296916 0.619620
vt 0.414524 0.485081
vt 0.165611 0.759890
vt 0.932118 0.784334
vt 0.953698 0.798010
vt 0.935225 0.804006
vt 0.522019 0.569660
vt 0.089336 0.961102
vt 0.090021 0.962037
vt 0.087008 0.956679
vt 0.535861 0.492705
vt 0.093592 0.964626
vt 0.543351 0.490757
vt 0.016724 0.101567
vt 0.021027 0.117496
vt 0.017442 0.115186
vt 0.625340 0.013267
vt 0.544923 0.482804
vt 0.656956 0.267958
vt 0.655352 0.272071
vt 0.648587 0.276606
vt 0.653534 0.033491
vt 0.650029 0.032380
vt 0.830776 0.366972
vt 0.867500 0.426466
vt 0.832503 0.936276
vt 0.701719 0.919572
vt 0.689358 0.868535
vt 0.056391 0.999513
vt 0.058248 0.997452
vt 0.068053 0.992269
vt 0.055476 0.998195
vt 0.912700 0.691618
vt 0.703718 0.921526
vt 0.051146 0.999980
vt 0.384783 0.239951
vt 0.121788 0.372534
vt 0.918472 0.703002
vt 0.221587 0.918242
vt 0.577351 0.130139
vt 0.878912 0.017837
vt 0.959745 0.219731
vt 0.951563 0.211717
vt 0.366098 0.059337
vt 0.948579 0.097300
vt 0.378419 0.063379
vt 0.194969 0.081156
vt 0.476618 0.890345
vt 0.442259 0.889632
vt 0.646358 0.457424
vt 0.657816 0.480078
vt 0.435671 0.867267
vt 0.454040 0.891539
vt 0.276308 0.645822
vt 0.473230 0.031605
vt 0.464645 0.055328
vt 0.179152 0.191876
vt 0.173258 0.195771
vt 0.172165 0.194401
vt 0.092943 0.967053
vt 0.092248 0.964668
vt 0.504931 0.619151
vt 0.500355 0.621957
vt 0.499334 0.617140
vt 0.508234 0.628745
vt 0.499334 0.632382
vt 0.502257 0.627578
vt 0.028168 0.006374
vt 0.028168 0.012676
vt 0.961092 0.302465
vt 0.539339 0.482592
vt 0.657196 0.271211
vt 0.661204 0.268448
vt 0.474901 0.489287
vt 0.649724 0.287318
vt 0.371931 0.244863
vt 0.834822 0.935922
vt 0.834155 0.935276
vt 0.918908 0.688570
vt 0.374160 0.243568
vt 0.922517 0.690136
vt 0.836520 0.936286
vt 0.922350 0.698207
vt 0.142066 0.358827
vt 0.376331 0.227957
vt 0.346992 0.000861
vt 0.061131 0.968937
vt 0.230026 0.917628
vt 0.210375 0.911635
vt 0.220135 0.901967
vt 0.584596 0.109280
vt 0.582346 0.107967
vt 0.894607 0.023605
vt 0.939751 0.100011
vt 0.430315 0.911574
vt 0.256327 0.665789
vt 0.262564 0.622058
vt 0.183008 0.819493
vt 0.473230 0.017888
vt 0.391662 0.462777
vt 0.634494 0.087082
vt 0.139329 0.985896
vt 0.139967 0.976898
vt 0.148685 0.973270
vt 0.970663 0.241822
vt 0.991530 0.241005
vt 0.942772 0.599694
vt 0.950817 0.606128
vt 0.527877 0.496801
vt 0.000453 0.214080
vt 0.502228 0.609361
vt 0.507723 0.614153
vt 0.504049 0.615579
vt 0.499555 0.615806
vt 0.015493 0.422201
vt 0.013406 0.428456
vt 0.006665 0.427452
vt 0.500673 0.624061
vt 0.955298 0.302516
vt 0.655070 0.018713
vt 0.071053 0.878092
vt 0.837040 0.384884
vt 0.177110 0.426308
vt 0.188729 0.403817
vt 0.179835 0.436952
vt 0.302798 0.280923
vt 0.914511 0.690059
vt 0.920267 0.700886
vt 0.380085 0.224533
vt 0.060406 0.971009
vt 0.378459 0.224369
vt 0.368027 0.210892
vt 0.223139 0.919224
vt 0.240471 0.929307
vt 0.240884 0.933316
vt 0.968038 0.220524
vt 0.583288 0.090623
vt 0.964132 0.228655
vt 0.207986 0.216924
vt 0.209894 0.214393
vt 0.210103 0.216756
vt 0.972892 0.230178
vt 0.215553 0.549285
vt 0.389436 0.447732
vt 0.957728 0.763915
vt 0.953013 0.781051
vt 0.947684 0.780050
vt 0.153727 0.977599
vt 0.154206 0.967014
vt 0.147069 0.969613
vt 0.616741 0.426626
vt 0.623931 0.423304
vt 0.607456 0.434026
vt 0.505200 0.616724
vt 0.441271 0.674436
vt 0.437945 0.672635
vt 0.440628 0.673369
vt 0.441559 0.675370
vt 0.257762 0.399992
vt 0.257762 0.376720
vt 0.280275 0.388018
vt 0.441596 0.672833
vt 0.661959 0.273737
vt 0.940093 0.295643
vt 0.648564 0.022805
vt 0.911407 0.537463
vt 0.176053 0.205850
vt 0.171900 0.219714
vt 0.154820 0.196419
vt 0.152369 0.215239
vt 0.849191 0.408786
vt 0.023192 0.970404
vt 0.026403 0.968362
vt 0.034571 0.968348
vt 0.917501 0.690362
vt 0.920451 0.692152
vt 0.374881 0.228223
vt 0.234250 0.923282
vt 0.581523 0.100879
vt 0.419878 0.918292
vt 0.135209 0.704901
vt 0.134904 0.721113
vt 0.134120 0.703076
vt 0.287224 0.866716
vt 0.272337 0.887653
vt 0.256581 0.854864
vt 0.370360 0.486519
vt 0.381406 0.513879
vt 0.373042 0.516891
vt 0.202932 0.488037
vt 0.221122 0.482179
vt 0.213004 0.495128
vt 0.393694 0.432662
vt 0.428973 0.510273
vt 0.634250 0.099362
vt 0.172499 0.975354
vt 0.623931 0.448804
vt 0.940873 0.598297
vt 0.428921 0.246474
vt 0.428680 0.227830
vt 0.436220 0.237991
vt 0.443159 0.246474
vt 0.524653 0.502807
vt 0.524653 0.491598
vt 0.529394 0.488480
vt 0.434800 0.672753
vt 0.007294 0.432690
vt 0.508828 0.623736
vt 0.508841 0.626521
vt 0.015317 0.433436
vt 0.013048 0.437547
vt 0.031258 0.261806
vt 0.030655 0.262770
vt 0.030640 0.261382
vt 0.031246 0.260897
vt 0.032331 0.261673
vt 0.937741 0.532540
vt 0.842625 0.391654
vt 0.861770 0.445062
vt 0.871359 0.433318
vt 0.066656 0.991647
vt 0.022782 0.958754
vt 0.226293 0.916283
vt 0.692944 0.390133
vt 0.869407 0.013545
vt 0.879929 0.014315
vt 0.884681 0.010610
vt 0.893258 0.012714
vt 0.896638 0.014672
vt 0.929254 0.095582
vt 0.965095 0.226327
vt 0.951984 0.199875
vt 0.960792 0.207917
vt 0.940453 0.090344
vt 0.947935 0.092226
vt 0.949338 0.095390
vt 0.209408 0.220259
vt 0.212672 0.219885
vt 0.206969 0.543016
vt 0.216259 0.529697
vt 0.457725 0.894703
vt 0.192485 0.848079
vt 0.197979 0.494854
vt 0.467573 0.066155
vt 0.412101 0.502131
vt 0.271341 0.545576
vt 0.274642 0.544135
vt 0.274642 0.570411
vt 0.178071 0.190269
vt 0.509266 0.616269
vt 0.509205 0.619243
vt 0.280276 0.384292
vt 0.529017 0.482174
vt 0.508443 0.628051
vt 0.015493 0.438256
vt 0.031407 0.264433
vt 0.028567 0.263938
vt 0.029766 0.263492
vt 0.029903 0.260022
vt 0.034562 0.263908
vt 0.031945 0.259939
vt 0.033032 0.260286
vt 0.133524 0.161053
vt 0.135209 0.155756
vt 0.135209 0.167602
vt 0.481506 0.016841
vt 0.470861 0.000060
vt 0.482113 0.011560
vt 0.470861 0.012836
vt 0.477992 0.020661
vt 0.351380 0.866632
vt 0.151441 0.363607
vt 0.146881 0.360188
vt 0.071876 0.962817
vt 0.239260 0.922239
vt 0.243455 0.930892
vt 0.250322 0.934504
vt 0.963041 0.213627
vt 0.135209 0.684296
vt 0.955270 0.197391
vt 0.211084 0.222242
vt 0.207986 0.222887
vt 0.538018 0.387316
vt 0.530630 0.368401
vt 0.538018 0.358439
vt 0.460900 0.906297
vt 0.287454 0.899014
vt 0.300892 0.896961
vt 0.196245 0.853269
vt 0.197936 0.499810
vt 0.221122 0.515003
vt 0.399554 0.487481
vt 0.403300 0.508607
vt 0.412837 0.506587
vt 0.701686 0.082415
vt 0.713301 0.087774
vt 0.697395 0.106786
vt 0.423543 0.608439
vt 0.420017 0.600114
vt 0.423935 0.602297
vt 0.433087 0.670389
vt 0.009351 0.435396
vt 0.007108 0.441916
vt 0.470340 0.488798
vt 0.188423 0.081689
vt 0.188423 0.069828
vt 0.191546 0.076986
vt 0.030673 0.265750
vt 0.034872 0.266701
vt 0.029997 0.258508
vt 0.032566 0.257946
vt 0.031854 0.259142
vt 0.470769 0.492239
vt 0.472379 0.494212
vt 0.034939 0.259576
vt 0.930345 0.547877
vt 0.491540 0.491840
vt 0.112674 0.383685
vt 0.108358 0.397175
vt 0.108358 0.368723
vt 0.270417 0.573228
vt 0.245516 0.573228
vt 0.269657 0.544785
vt 0.837455 0.419461
vt 0.845520 0.430139
vt 0.148300 0.361191
vt 0.574726 0.137733
vt 0.241358 0.926046
vt 0.892505 0.009594
vt 0.962305 0.211399
vt 0.593804 0.083293
vt 0.582510 0.092025
vt 0.958453 0.196839
vt 0.452217 0.524673
vt 0.439875 0.532670
vt 0.430807 0.516028
vt 0.947480 0.089149
vt 0.948960 0.090009
vt 0.457738 0.538797
vt 0.971793 0.239432
vt 0.207752 0.537550
vt 0.478276 0.904021
vt 0.470569 0.900687
vt 0.458327 0.899754
vt 0.314078 0.906697
vt 0.196355 0.496687
vt 0.214461 0.522525
vt 0.256581 0.918292
vt 0.380344 0.463598
vt 0.385871 0.464618
vt 0.392640 0.481741
vt 0.942235 0.313015
vt 0.937580 0.339465
vt 0.932593 0.327174
vt 0.149727 0.965039
vt 0.936479 0.604071
vt 0.942579 0.606749
vt 0.182140 0.189228
vt 0.512073 0.615678
vt 0.512666 0.617505
vt 0.510425 0.623767
vt 0.511355 0.626352
vt 0.021561 0.117290
vt 0.021877 0.118383
vt 0.531189 0.473918
vt 0.663367 0.635525
vt 0.661266 0.636322
vt 0.663136 0.633317
vt 0.033574 0.267215
vt 0.031876 0.267600
vt 0.465762 0.498108
vt 0.663179 0.637204
vt 0.028567 0.254786
vt 0.031161 0.257328
vt 0.035927 0.261535
vt 0.484274 0.008154
vt 0.485250 0.011944
vt 0.634579 0.006649
vt 0.771816 0.094054
vt 0.754710 0.128184
vt 0.754184 0.107888
vt 0.818113 0.378475
vt 0.837857 0.397038
vt 0.357517 0.876278
vt 0.847417 0.423695
vt 0.371417 0.243531
vt 0.368027 0.243141
vt 0.065932 0.989822
vt 0.370609 0.234848
vt 0.233177 0.915460
vt 0.235682 0.915625
vt 0.582660 0.126630
vt 0.885136 0.003375
vt 0.893994 0.007848
vt 0.900835 0.009713
vt 0.588158 0.110010
vt 0.594355 0.092984
vt 0.430807 0.554919
vt 0.450672 0.546493
vt 0.941607 0.087039
vt 0.927320 0.090945
vt 0.962277 0.194782
vt 0.210656 0.226756
vt 0.212133 0.223583
vt 0.203172 0.522025
vt 0.623094 0.076757
vt 0.955892 0.784735
vt 0.181931 0.184581
vt 0.420982 0.597280
vt 0.945659 0.613312
vt 0.005437 0.104512
vt 0.003999 0.109663
vt 0.000308 0.105597
vt 0.001972 0.110254
vt 0.018825 0.121672
vt 0.022849 0.120241
vt 0.004038 0.111686
vt 0.023943 0.118928
vt 0.510748 0.627621
vt 0.593821 0.473267
vt 0.593584 0.470506
vt 0.594774 0.471644
vt 0.595424 0.470811
vt 0.591491 0.471712
vt 0.661541 0.634831
vt 0.659490 0.633869
vt 0.591537 0.478266
vt 0.586814 0.470150
vt 0.468097 0.495828
vt 0.660173 0.641105
vt 0.040473 0.263156
vt 0.035261 0.255159
vt 0.035657 0.257475
vt 0.037815 0.262411
vt 0.038228 0.259197
vt 0.483516 0.014757
vt 0.648834 0.016161
vt 0.641401 0.012504
vt 0.339940 0.838135
vt 0.830968 0.394080
vt 0.837372 0.395946
vt 0.832146 0.404596
vt 0.176024 0.445331
vt 0.172273 0.427156
vt 0.022063 0.969398
vt 0.072983 0.966819
vt 0.240787 0.917840
vt 0.849912 0.000938
vt 0.873563 0.002582
vt 0.895190 0.000938
vt 0.909841 0.007259
vt 0.970821 0.224661
vt 0.944482 0.078507
vt 0.949262 0.081654
vt 0.949997 0.082990
vt 0.950447 0.085370
vt 0.449765 0.917623
vt 0.927856 0.340830
vt 0.915729 0.337005
vt 0.924919 0.319918
vt 0.917592 0.340116
vt 0.157213 0.959174
vt 0.172165 0.182344
vt 0.443940 0.229626
vt 0.444157 0.235968
vt 0.000955 0.432509
vt 0.420839 0.594776
vt 0.423635 0.596267
vt 0.526400 0.485308
vt 0.430365 0.673910
vt 0.002423 0.435777
vt 0.597912 0.474083
vt 0.598025 0.473088
vt 0.599195 0.473770
vt 0.425404 0.657240
vt 0.178130 0.217814
vt 0.177634 0.230550
vt 0.177634 0.213360
vt 0.006010 0.109413
vt 0.599078 0.470786
vt 0.595556 0.472771
vt 0.022221 0.122367
vt 0.006406 0.111981
vt 0.004476 0.113229
vt 0.656540 0.633397
vt 0.586814 0.477580
vt 0.040534 0.260188
vt 0.812810 0.812162
vt 0.806757 0.781592
vt 0.825283 0.809404
vt 0.952611 0.892392
vt 0.960761 0.898099
vt 0.067925 0.990262
vt 0.369491 0.239007
vt 0.071068 0.988842
vt 0.150388 0.360105
vt 0.368596 0.236587
vt 0.369505 0.234276
vt 0.067260 0.973442
vt 0.236043 0.914358
vt 0.236930 0.915609
vt 0.570777 0.144849
vt 0.971666 0.226717
vt 0.954911 0.072055
vt 0.202713 0.547405
vt 0.974629 0.235536
vt 0.460993 0.902274
vt 0.178870 0.958979
vt 0.139329 0.954212
vt 0.953983 0.802314
vt 0.714332 0.094235
vt 0.712333 0.103542
vt 0.415329 0.599507
vt 0.415702 0.596321
vt 0.183095 0.187295
vt 0.004614 0.102460
vt 0.006325 0.102688
vt 0.001010 0.434703
vt 0.598271 0.476276
vt 0.601397 0.474481
vt 0.595332 0.478321
vt 0.016724 0.125350
vt 0.008615 0.110795
vt 0.007686 0.113467
vt 0.009859 0.114082
vt 0.653062 0.634451
vt 0.654788 0.637528
vt 0.587697 0.480938
vt 0.588364 0.479844
vt 0.038049 0.256023
vt 0.660225 0.642343
vt 0.662504 0.643977
vt 0.032408 0.252954
vt 0.670409 0.011156
vt 0.657292 0.014507
vt 0.167260 0.195878
vt 0.342215 0.826207
vt 0.825624 0.387753
vt 0.153897 0.439087
vt 0.952580 0.875630
vt 0.944858 0.868457
vt 0.955910 0.871712
vt 0.071359 0.986546
vt 0.075603 0.959652
vt 0.069294 0.981829
vt 0.237393 0.907767
vt 0.967136 0.218019
vt 0.972059 0.210293
vt 0.974629 0.193393
vt 0.007586 0.181410
vt 0.000690 0.199996
vt 0.000690 0.182775
vt 0.467795 0.909752
vt 0.468727 0.918292
vt 0.207247 0.529134
vt 0.011206 0.198777
vt 0.627681 0.099010
vt 0.163114 0.961113
vt 0.610056 0.449287
vt 0.714639 0.100605
vt 0.045070 0.012676
vt 0.042425 0.012676
vt 0.043358 0.009506
vt 0.007069 0.098430
vt 0.008355 0.102396
vt 0.938771 0.614284
vt 0.945307 0.615429
vt 0.943477 0.615225
vt 0.421186 0.590517
vt 0.423855 0.588098
vt 0.009339 0.109107
vt 0.599578 0.478226
vt 0.597671 0.478460
vt 0.003719 0.439610
vt 0.600897 0.477260
vt 0.651886 0.637223
vt 0.170419 0.095773
vt 0.166657 0.091217
vt 0.170419 0.086879
vt 0.004638 0.445638
vt 0.653804 0.639643
vt 0.590503 0.480217
vt 0.656528 0.642514
vt 0.656574 0.644171
vt 0.042240 0.257485
vt 0.446470 0.661769
vt 0.011570 0.452104
vt 0.658568 0.646091
vt 0.659982 0.648608
vt 0.483847 0.498582
vt 0.494357 0.007859
vt 0.475292 0.039436
vt 0.360556 0.861042
vt 0.949137 0.879680
vt 0.939502 0.876347
vt 0.074549 0.977967
vt 0.238127 0.913457
vt 0.238628 0.903423
vt 0.257741 0.901967
vt 0.572681 0.149293
vt 0.967776 0.215817
vt 0.915868 0.351289
vt 0.141790 0.944777
vt 0.009859 0.099365
vt 0.417429 0.592602
vt 0.418666 0.592832
vt 0.418068 0.590563
vt 0.001188 0.437742
vt 0.142251 0.026938
vt 0.137945 0.028847
vt 0.140189 0.023499
vt 0.420639 0.587965
vt 0.425404 0.678860
vt 0.178356 0.226239
vt 0.669395 0.515450
vt 0.670096 0.518025
vt 0.668404 0.517287
vt 0.668555 0.518809
vt 0.423935 0.582203
vt 0.600029 0.479469
vt 0.596705 0.479658
vt 0.594906 0.480760
vt 0.661245 0.523574
vt 0.661401 0.522708
vt 0.663151 0.522345
vt 0.664165 0.524787
vt 0.652360 0.640008
vt 0.650459 0.636995
vt 0.649777 0.639394
vt 0.659707 0.521229
vt 0.652611 0.641761
vt 0.652020 0.526750
vt 0.654268 0.518694
vt 0.934507 0.962483
vt 0.930603 0.966059
vt 0.933117 0.959393
vt 0.654424 0.643269
vt 0.038974 0.253642
vt 0.746711 0.125968
vt 0.829932 0.400859
vt 0.837819 0.808545
vt 0.828875 0.798690
vt 0.816184 0.823595
vt 0.839923 0.433232
vt 0.950842 0.886036
vt 0.957577 0.898044
vt 0.970581 0.220219
vt 0.970784 0.215068
vt 0.301403 0.245736
vt 0.297104 0.257741
vt 0.296253 0.243650
vt 0.716832 0.103132
vt 0.048597 0.156335
vt 0.048597 0.142048
vt 0.053520 0.149170
vt 0.725338 0.098027
vt 0.722391 0.104841
vt 0.434892 0.221476
vt 0.443306 0.227628
vt 0.447879 0.230869
vt 0.007042 0.007125
vt 0.007042 0.014084
vt 0.006190 0.011011
vt 0.934270 0.616889
vt 0.412933 0.592324
vt 0.415695 0.588394
vt 0.177676 0.309083
vt 0.178761 0.328163
vt 0.177676 0.324844
vt 0.673226 0.522105
vt 0.667661 0.519313
vt 0.140146 0.039436
vt 0.139357 0.035112
vt 0.140236 0.036987
vt 0.137911 0.037403
vt 0.142251 0.037762
vt 0.042253 0.007042
vt 0.038955 0.007042
vt 0.040159 0.001833
vt 0.139574 0.032354
vt 0.475794 0.361444
vt 0.476367 0.359300
vt 0.477046 0.363373
vt 0.417634 0.587039
vt 0.180278 0.319495
vt 0.478966 0.362146
vt 0.481132 0.359714
vt 0.478993 0.358843
vt 0.481464 0.357717
vt 0.588398 0.484563
vt 0.593918 0.483689
vt 0.667059 0.515877
vt 0.033856 0.001425
vt 0.035211 0.000473
vt 0.035211 0.002817
vt 0.664296 0.520316
vt 0.664119 0.519132
vt 0.665393 0.520414
vt 0.662854 0.521009
vt 0.660765 0.521801
vt 0.661911 0.521341
vt 0.939393 0.962106
vt 0.662616 0.518931
vt 0.661704 0.520224
vt 0.650818 0.641004
vt 0.656736 0.646359
vt 0.663367 0.647729
vt 0.660854 0.652236
vt 0.042253 0.251294
vt 0.988615 0.174303
vt 0.982190 0.157254
vt 0.995755 0.153195
vt 0.652899 0.008029
vt 0.326754 0.954481
vt 0.317650 0.961953
vt 0.317087 0.935550
vt 0.346319 0.834676
vt 0.157044 0.452197
vt 0.947538 0.889716
vt 0.076914 0.982341
vt 0.971402 0.220423
vt 0.008564 0.173629
vt 0.001500 0.176849
vt 0.004254 0.172579
vt 0.002486 0.174210
vt 0.974325 0.209783
vt 0.011267 0.182671
vt 0.957728 0.812660
vt 0.514631 0.361497
vt 0.509921 0.366520
vt 0.508292 0.364422
vt 0.066324 0.001409
vt 0.081689 0.013379
vt 0.072247 0.012388
vt 0.506853 0.367783
vt 0.513951 0.373193
vt 0.437458 0.222450
vt 0.592734 0.495765
vt 0.593955 0.486465
vt 0.069389 0.017710
vt 0.070022 0.019731
vt 0.067182 0.017624
vt 0.409904 0.596990
vt 0.066339 0.021815
vt 0.068481 0.022702
vt 0.002817 0.024465
vt 0.000253 0.028168
vt 0.000253 0.022359
vt 0.671481 0.524742
vt 0.667661 0.522705
vt 0.075523 0.043661
vt 0.072292 0.040027
vt 0.079202 0.036124
vt 0.073053 0.034977
vt 0.412474 0.587476
vt 0.471546 0.362015
vt 0.471766 0.360988
vt 0.473613 0.361879
vt 0.473424 0.360441
vt 0.476076 0.356136
vt 0.478602 0.356116
vt 0.666110 0.526459
vt 0.666439 0.525248
vt 0.479157 0.360846
vt 0.480847 0.355444
vt 0.597235 0.481349
vt 0.595846 0.482400
vt 0.667559 0.507988
vt 0.666632 0.516889
vt 0.665700 0.515451
vt 0.666117 0.519026
vt 0.666456 0.522979
vt 0.480764 0.362720
vt 0.482215 0.361272
vt 0.483957 0.357684
vt 0.664225 0.517228
vt 0.937076 0.964161
vt 0.487314 0.356405
vt 0.486125 0.358803
vt 0.484638 0.355028
vt 0.486632 0.351603
vt 0.481208 0.349184
vt 0.483983 0.348532
vt 0.484974 0.353678
vt 0.651684 0.642496
vt 0.928424 0.966316
vt 0.922785 0.958022
vt 0.493245 0.014671
vt 0.923725 0.951663
vt 0.916416 0.958595
vt 0.150609 0.183723
vt 0.153518 0.198624
vt 0.150609 0.199996
vt 0.808961 0.392169
vt 0.346859 0.836206
vt 0.812149 0.396199
vt 0.352421 0.844360
vt 0.953565 0.897131
vt 0.952375 0.893279
vt 0.078872 0.981912
vt 0.615601 0.879244
vt 0.614199 0.901240
vt 0.601789 0.892944
vt 0.615658 0.090299
vt 0.708861 0.109239
vt 0.702909 0.110878
vt 0.516321 0.361796
vt 0.065950 0.014202
vt 0.073767 0.021517
vt 0.070366 0.021861
vt 0.071941 0.023459
vt 0.407920 0.592026
vt 0.070518 0.028455
vt 0.072726 0.025947
vt 0.667091 0.526750
vt 0.472835 0.358333
vt 0.477794 0.353293
vt 0.138264 0.035736
vt 0.138323 0.034311
vt 0.483930 0.346991
vt 0.482840 0.346991
vt 0.596089 0.483179
vt 0.660683 0.504754
vt 0.662760 0.515561
vt 0.482821 0.353385
vt 0.930737 0.969031
vt 0.649555 0.641197
vt 0.648939 0.642851
vt 0.936516 0.971193
vt 0.935070 0.972414
vt 0.935133 0.968822
vt 0.650916 0.643911
vt 0.938068 0.977762
vt 0.938294 0.973384
vt 0.918292 0.961902
vt 0.641712 0.000564
vt 0.152369 0.178312
vt 0.948987 0.893621
vt 0.294512 0.249260
vt 0.148683 0.942299
vt 0.711139 0.112042
vt 0.033268 0.138771
vt 0.033924 0.141160
vt 0.032858 0.143439
vt 0.478026 0.335050
vt 0.483193 0.343063
vt 0.472166 0.341477
vt 0.072833 0.018904
vt 0.075461 0.023023
vt 0.028729 0.137244
vt 0.231996 0.188729
vt 0.231996 0.181047
vt 0.238024 0.184374
vt 0.409484 0.590961
vt 0.072816 0.028873
vt 0.484764 0.344383
vt 0.073607 0.032033
vt 0.135311 0.030699
vt 0.654252 0.517220
vt 0.658872 0.517061
vt 0.936650 0.966233
vt 0.657786 0.002159
vt 0.664949 0.007996
vt 0.924111 0.968224
vt 0.940827 0.988713
vt 0.923566 0.987937
vt 0.937686 0.986532
vt 0.770946 0.141071
vt 0.762558 0.147629
vt 0.826840 0.820152
vt 0.949593 0.889498
vt 0.938061 0.342598
vt 0.002040 0.260217
vt 0.007737 0.258880
vt 0.002622 0.271754
vt 0.942235 0.367598
vt 0.707045 0.112309
vt 0.703514 0.112453
vt 0.517273 0.369025
vt 0.516760 0.373362
vt 0.513910 0.375949
vt 0.516828 0.377506
vt 0.236355 0.143103
vt 0.246299 0.145575
vt 0.237153 0.151122
vt 0.246185 0.141710
vt 0.031384 0.149750
vt 0.033273 0.147223
vt 0.075978 0.029613
vt 0.075032 0.030786
vt 0.007888 0.002817
vt 0.007326 0.000572
vt 0.008451 0.000572
vt 0.470210 0.358742
vt 0.471587 0.356053
vt 0.473603 0.354184
vt 0.475102 0.352246
vt 0.476174 0.351505
vt 0.178870 0.229603
vt 0.078913 0.035012
vt 0.477368 0.349622
vt 0.931009 0.977677
vt 0.658059 0.654917
vt 0.933324 0.986301
vt 0.915516 0.546465
vt 0.304523 0.959916
vt 0.308263 0.934847
vt 0.744539 0.143733
vt 0.742326 0.138186
vt 0.826075 0.403421
vt 0.828882 0.411057
vt 0.832266 0.430978
vt 0.179341 0.446337
vt 0.602567 0.897874
vt 0.095773 0.015493
vt 0.094753 0.004537
vt 0.095773 0.000346
vt 0.708955 0.115304
vt 0.705258 0.119716
vt 0.720703 0.106315
vt 0.522804 0.365755
vt 0.521662 0.372458
vt 0.521002 0.375661
vt 0.077278 0.019551
vt 0.245467 0.150712
vt 0.035894 0.147140
vt 0.465343 0.362773
vt 0.467767 0.360073
vt 0.467090 0.362249
vt 0.470776 0.361106
vt 0.469582 0.356333
vt 0.473742 0.351252
vt 0.473605 0.344954
vt 0.471195 0.352657
vt 0.079107 0.032812
vt 0.019441 0.001787
vt 0.022310 0.004917
vt 0.019441 0.005465
vt 0.656777 0.511357
vt 0.924481 0.972698
vt 0.625246 0.000969
vt 0.735312 0.126196
vt 0.713599 0.113939
vt 0.079211 0.018865
vt 0.236355 0.153601
vt 0.080072 0.023479
vt 0.041472 0.144219
vt 0.041126 0.146712
vt 0.036029 0.151895
vt 0.034794 0.152951
vt 0.030691 0.153234
vt 0.040017 0.149607
vt 0.040786 0.148342
vt 0.033657 0.157850
vt 0.028729 0.156869
vt 0.474157 0.350160
vt 0.470879 0.351650
vt 0.471025 0.346756
vt 0.079182 0.031426
vt 0.178617 0.230981
vt 0.667105 0.506523
vt 0.469738 0.352656
vt 0.652838 0.512635
vt 0.968517 0.176270
vt 0.967409 0.156701
vt 0.820212 0.829274
vt 0.294512 0.239417
vt 0.025352 0.283316
vt 0.393743 0.975327
vt 0.388272 0.951370
vt 0.398584 0.941792
vt 0.711852 0.115811
vt 0.709693 0.117480
vt 0.718152 0.119041
vt 0.081056 0.022488
vt 0.521334 0.379329
vt 0.377999 0.954227
vt 0.376608 0.957604
vt 0.373272 0.953223
vt 0.041952 0.139729
vt 0.033279 0.154932
vt 0.467874 0.349941
vt 0.047775 0.026058
vt 0.047886 0.028699
vt 0.043248 0.024586
vt 0.047204 0.024979
vt 0.314078 0.015624
vt 0.304122 0.020303
vt 0.306394 0.013074
vt 0.927520 0.980226
vt 0.285977 0.040844
vt 0.281173 0.032373
vt 0.295227 0.032321
vt 0.042253 0.600731
vt 0.040932 0.612098
vt 0.040315 0.603552
vt 0.734097 0.135666
vt 0.357520 0.837873
vt 0.821486 0.406118
vt 0.171272 0.456520
vt 0.028444 0.501030
vt 0.036619 0.490740
vt 0.036619 0.511258
vt 0.000890 0.278561
vt 0.391276 0.969109
vt 0.465926 0.340966
vt 0.466926 0.333565
vt 0.387748 0.958255
vt 0.381326 0.951731
vt 0.528165 0.370383
vt 0.725338 0.117662
vt 0.379387 0.954514
vt 0.378481 0.960494
vt 0.522002 0.376671
vt 0.468519 0.342885
vt 0.246292 0.148725
vt 0.036111 0.154403
vt 0.034436 0.155548
vt 0.032674 0.160560
vt 0.024864 0.000221
vt 0.248118 0.145143
vt 0.024270 0.007042
vt 0.025352 0.003184
vt 0.181430 0.224551
vt 0.180243 0.215485
vt 0.184503 0.221259
vt 0.180243 0.225348
vt 0.925151 0.978255
vt 0.924204 0.984585
vt 0.926883 0.986661
vt 0.182578 0.451798
vt 0.025352 0.261871
vt 0.530976 0.362690
vt 0.524521 0.361005
vt 0.382039 0.959372
vt 0.381239 0.960225
vt 0.527242 0.374567
vt 0.525770 0.378328
vt 0.248782 0.152376
vt 0.523684 0.379963
vt 0.004269 0.000041
vt 0.008451 0.004758
vt 0.004269 0.007042
vt 0.035678 0.156659
vt 0.667209 0.370210
vt 0.668087 0.367775
vt 0.669357 0.370100
vt 0.039513 0.152794
vt 0.670430 0.366893
vt 0.671882 0.369281
vt 0.081689 0.034530
vt 0.042492 0.149053
vt 0.043248 0.029577
vt 0.920285 0.968435
vt 0.042090 0.619027
vt 0.034448 0.617558
vt 0.042253 0.615058
vt 0.281043 0.040158
vt 0.417793 0.964028
vt 0.413867 0.957339
vt 0.418465 0.960477
vt 0.730185 0.134407
vt 0.413466 0.964770
vt 0.845182 0.826252
vt 0.826790 0.831623
vt 0.010275 0.290135
vt 0.529049 0.377140
vt 0.371050 0.960119
vt 0.245713 0.160560
vt 0.523772 0.382337
vt 0.044297 0.142838
vt 0.043243 0.145899
vt 0.465343 0.344039
vt 0.247763 0.148753
vt 0.041155 0.153839
vt 0.665331 0.367165
vt 0.667184 0.363984
vt 0.042052 0.150434
vt 0.043177 0.151695
vt 0.989020 0.175339
vt 0.982037 0.180408
vt 0.986490 0.180340
vt 0.991173 0.189009
vt 0.987971 0.189482
vt 0.991721 0.184606
vt 0.980772 0.191220
vt 0.989698 0.196030
vt 0.041102 0.000905
vt 0.044517 0.004812
vt 0.045485 0.010665
vt 0.042202 0.626748
vt 0.031145 0.622339
vt 0.923820 0.979757
vt 0.306444 0.028822
vt 0.286815 0.022892
vt 0.036654 0.613165
vt 0.031225 0.603325
vt 0.279932 0.953439
vt 0.279642 0.951519
vt 0.281792 0.956346
vt 0.419036 0.958494
vt 0.170835 0.465453
vt 0.022722 0.502596
vt 0.022147 0.493508
vt 0.601789 0.924081
vt 0.378039 0.962241
vt 0.627882 0.344550
vt 0.630903 0.349422
vt 0.627765 0.349448
vt 0.626304 0.347477
vt 0.619101 0.348139
vt 0.616796 0.344531
vt 0.616838 0.347570
vt 0.623569 0.347998
vt 0.530226 0.372616
vt 0.527821 0.379329
vt 0.046478 0.142057
vt 0.045956 0.143510
vt 0.672679 0.371824
vt 0.676788 0.367559
vt 0.249291 0.151287
vt 0.672412 0.366632
vt 0.248589 0.148642
vt 0.370076 0.965387
vt 0.367741 0.963461
vt 0.666937 0.361988
vt 0.668744 0.362485
vt 0.665355 0.361466
vt 0.669923 0.364630
vt 0.986349 0.193163
vt 0.299038 0.013692
vt 0.925198 0.986395
vt 0.029874 0.608807
vt 0.805412 0.398463
vt 0.861955 0.807078
vt 0.856366 0.814843
vt 0.829761 0.443392
vt 0.179268 0.459538
vt 0.362232 0.505626
vt 0.364782 0.523239
vt 0.362232 0.526750
vt 0.139434 0.176472
vt 0.129580 0.177461
vt 0.129580 0.161653
vt 0.383642 0.962781
vt 0.381934 0.963947
vt 0.380944 0.965287
vt 0.372052 0.966021
vt 0.629210 0.352309
vt 0.627033 0.351398
vt 0.617390 0.350196
vt 0.372092 0.963812
vt 0.621509 0.350335
vt 0.613301 0.348856
vt 0.527026 0.382018
vt 0.524888 0.382333
vt 0.009859 0.242861
vt 0.006827 0.237875
vt 0.009859 0.233953
vt 0.046114 0.147296
vt 0.676584 0.362704
vt 0.370602 0.967596
vt 0.045416 0.149007
vt 0.665377 0.357965
vt 0.666732 0.359543
vt 0.668055 0.361118
vt 0.670899 0.364712
vt 0.979604 0.181548
vt 0.669787 0.362991
vt 0.978779 0.183282
vt 0.307629 0.009695
vt 0.298561 0.010782
vt 0.046630 0.009452
vt 0.920628 0.977976
vt 0.918513 0.980317
vt 0.751101 0.151359
vt 0.286857 0.934178
vt 0.387732 0.966214
vt 0.626885 0.353214
vt 0.622943 0.351710
vt 0.615834 0.351535
vt 0.752210 0.437756
vt 0.748780 0.438725
vt 0.750392 0.436653
vt 0.680268 0.366032
vt 0.006352 0.232750
vt 0.530976 0.385908
vt 0.171828 0.009859
vt 0.166755 0.005612
vt 0.171036 0.007119
vt 0.371817 0.968528
vt 0.171754 0.005535
vt 0.168904 0.002840
vt 0.171828 0.001370
vt 0.669701 0.357738
vt 0.668961 0.359639
vt 0.670399 0.360069
vt 0.369253 0.968596
vt 0.009397 0.243959
vt 0.007521 0.242982
vt 0.049403 0.000300
vt 0.920975 0.986250
vt 0.028206 0.612941
vt 0.739191 0.146383
vt 0.414810 0.941669
vt 0.431940 0.945071
vt 0.725174 0.143714
vt 0.802131 0.409390
vt 0.383255 0.967927
vt 0.373720 0.973467
vt 0.753506 0.441440
vt 0.750131 0.439128
vt 0.530321 0.380821
vt 0.621499 0.351791
vt 0.671372 0.362101
vt 0.005899 0.239255
vt 0.008039 0.245066
vt 0.003989 0.242937
vt 0.005031 0.241801
vt 0.982744 0.197179
vt 0.302952 0.007815
vt 0.055828 0.003831
vt 0.053668 0.009961
vt 0.056540 0.006114
vt 0.424919 0.974966
vt 0.425590 0.971819
vt 0.429608 0.972991
vt 0.425271 0.978752
vt 0.431629 0.974289
vt 0.411851 0.946270
vt 0.406379 0.948585
vt 0.724781 0.138340
vt 0.616111 0.925512
vt 0.385395 0.969948
vt 0.383277 0.971532
vt 0.675246 0.359543
vt 0.678288 0.356072
vt 0.004438 0.234443
vt 0.622695 0.352502
vt 0.618987 0.353066
vt 0.749339 0.440274
vt 0.747922 0.435753
vt 0.742718 0.436329
vt 0.671839 0.357645
vt 0.168799 0.000541
vt 0.293444 0.011532
vt 0.047553 0.015020
vt 0.292940 0.014876
vt 0.060638 0.011897
vt 0.916416 0.988452
vt 0.431800 0.968727
vt 0.313899 0.927833
vt 0.768921 0.167146
vt 0.749817 0.159339
vt 0.852691 0.822027
vt 0.816135 0.429342
vt 0.738002 0.470413
vt 0.735483 0.455309
vt 0.744395 0.459608
vt 0.680268 0.350882
vt 0.630974 0.352568
vt 0.630730 0.356464
vt 0.615388 0.355779
vt 0.617464 0.355518
vt 0.752092 0.444684
vt 0.750282 0.442708
vt 0.745744 0.442257
vt 0.675056 0.354453
vt 0.621981 0.355523
vt 0.668864 0.355149
vt 0.176932 0.095773
vt 0.177178 0.093021
vt 0.179892 0.093838
vt 0.179012 0.091676
vt 0.064669 0.003733
vt 0.021734 0.614895
vt 0.064788 0.009308
vt 0.063126 0.009605
vt 0.435264 0.981671
vt 0.437785 0.975492
vt 0.157018 0.469596
vt 0.160392 0.477037
vt 0.174817 0.466419
vt 0.816455 0.843008
vt 0.188729 0.468658
vt 0.625340 0.913100
vt 0.389117 0.976557
vt 0.382299 0.978421
vt 0.373337 0.975230
vt 0.376873 0.978467
vt 0.678038 0.352953
vt 0.626796 0.357409
vt 0.624279 0.358443
vt 0.618840 0.357799
vt 0.616943 0.358227
vt 0.615434 0.357360
vt 0.751027 0.445049
vt 0.000570 0.235475
vt 0.000542 0.237342
vt 0.000537 0.234024
vt 0.748709 0.444985
vt 0.180278 0.083729
vt 0.176919 0.084906
vt 0.003391 0.241208
vt 0.174941 0.090700
vt 0.744020 0.440084
vt 0.739731 0.436657
vt 0.974797 0.185426
vt 0.968518 0.183776
vt 0.294546 0.005946
vt 0.294523 0.009599
vt 0.289774 0.010076
vt 0.284378 0.015889
vt 0.749696 0.167167
vt 0.718650 0.151038
vt 0.716375 0.144062
vt 0.738972 0.456078
vt 0.393439 0.976755
vt 0.387261 0.977839
vt 0.678407 0.350353
vt 0.620285 0.360849
vt 0.617934 0.360108
vt 0.378061 0.981368
vt 0.377413 0.980443
vt 0.616063 0.360559
vt 0.750256 0.449264
vt 0.751720 0.446757
vt 0.174941 0.082047
vt 0.734926 0.448925
vt 0.734627 0.444897
vt 0.738839 0.442978
vt 0.628524 0.361165
vt 0.740292 0.439370
vt 0.739363 0.440108
vt 0.972945 0.189185
vt 0.283096 0.009881
vt 0.433282 0.964180
vt 0.425709 0.965656
vt 0.189352 0.212672
vt 0.189352 0.201302
vt 0.191546 0.207432
vt 0.053801 0.015911
vt 0.051385 0.016531
vt 0.434341 0.970688
vt 0.176859 0.480025
vt 0.732487 0.451481
vt 0.739518 0.453404
vt 0.622246 0.363415
vt 0.626225 0.362827
vt 0.619885 0.365479
vt 0.744204 0.452878
vt 0.747019 0.446098
vt 0.745418 0.444716
vt 0.287020 0.008504
vt 0.049380 0.022250
vt 0.282726 0.018089
vt 0.439639 0.978042
vt 0.716888 0.161800
vt 0.403359 0.936767
vt 0.401803 0.943710
vt 0.165400 0.481681
vt 0.170261 0.473467
vt 0.393032 0.985896
vt 0.387810 0.981011
vt 0.625233 0.365506
vt 0.622926 0.367310
vt 0.382648 0.981954
vt 0.751737 0.449900
vt 0.750105 0.454009
vt 0.616802 0.366193
vt 0.748249 0.451737
vt 0.630905 0.361414
vt 0.967409 0.179550
vt 0.441689 0.979142
vt 0.444557 0.973704
vt 0.443177 0.966903
vt 0.771816 0.170683
vt 0.752824 0.168054
vt 0.292512 0.928855
vt 0.413042 0.933405
vt 0.708352 0.145811
vt 0.853211 0.847755
vt 0.935430 0.874527
vt 0.938782 0.862651
vt 0.948207 0.862069
vt 0.398584 0.982700
vt 0.388144 0.983340
vt 0.000865 0.029368
vt 0.002817 0.031691
vt 0.000865 0.033802
vt 0.742523 0.455848
vt 0.382645 0.984052
vt 0.627484 0.367598
vt 0.158433 0.228745
vt 0.153497 0.229269
vt 0.162400 0.227318
vt 0.163377 0.235207
vt 0.148609 0.235207
vt 0.285044 0.008144
vt 0.156015 0.225641
vt 0.157024 0.223608
vt 0.306193 0.003882
vt 0.295310 0.000052
vt 0.283656 0.003733
vt 0.290774 0.004682
vt 0.447160 0.976956
vt 0.430313 0.960808
vt 0.438479 0.959738
vt 0.439367 0.962368
vt 0.098590 0.166194
vt 0.094329 0.162130
vt 0.098590 0.157604
vt 0.056896 0.023453
vt 0.058437 0.016646
vt 0.061114 0.014237
vt 0.422189 0.937087
vt 0.440101 0.942694
vt 0.953503 0.850266
vt 0.945041 0.856916
vt 0.622580 0.928598
vt 0.749534 0.459249
vt 0.617182 0.927286
vt 0.618847 0.930024
vt 0.617316 0.932143
vt 0.749125 0.458251
vt 0.147716 0.230904
vt 0.156277 0.219276
vt 0.617140 0.933785
vt 0.620485 0.928338
vt 0.750982 0.459961
vt 0.753506 0.458423
vt 0.085064 0.177461
vt 0.079933 0.162802
vt 0.085914 0.162802
vt 0.281043 0.007117
vt 0.447386 0.971832
vt 0.436933 0.956102
vt 0.441350 0.956350
vt 0.770785 0.184828
vt 0.760212 0.182426
vt 0.293604 0.916159
vt 0.404387 0.929270
vt 0.149020 0.231137
vt 0.151500 0.228981
vt 0.448599 0.974572
vt 0.445728 0.960514
vt 0.181036 0.234775
vt 0.181036 0.227759
vt 0.187320 0.235207
vt 0.757232 0.182293
vt 0.446470 0.932510
vt 0.407050 0.926686
vt 0.935614 0.863816
vt 0.934113 0.892592
vt 0.942398 0.886967
vt 0.283814 0.002488
vt 0.452668 0.975903
vt 0.445129 0.964874
vt 0.184933 0.231350
vt 0.312644 0.921757
vt 0.453954 0.974987
vt 0.057000 0.025955
vt 0.662525 0.858462
vt 0.676739 0.853577
vt 0.664916 0.873222
vt 0.002817 0.097181
vt 0.000140 0.095529
vt 0.002817 0.064116
vt 0.806757 0.859138
vt 0.676068 0.793965
vt 0.680741 0.793319
vt 0.683136 0.799465
vt 0.450028 0.954440
vt 0.446076 0.956987
vt 0.439198 0.952269
vt 0.186462 0.228840
vt 0.183483 0.226935
vt 0.763054 0.187320
vt 0.409537 0.921729
vt 0.668124 0.855324
vt 0.930216 0.867538
vt 0.461506 0.953554
vt 0.463371 0.981671
vt 0.085823 0.129131
vt 0.088731 0.120650
vt 0.088731 0.132392
vt 0.440541 0.949545
vt 0.674389 0.807049
vt 0.671686 0.815945
vt 0.671377 0.810050
vt 0.435827 0.915811
vt 0.930288 0.866782
vt 0.672103 0.800471
vt 0.279642 0.906396
vt 0.663150 0.826725
vt 0.685274 0.848059
vt 0.706342 0.798377
vt 0.064788 0.032394
vt 0.688976 0.850337
vt 0.439904 0.946375
vt 0.445175 0.938016
vt 0.300323 0.907707
vt 0.684665 0.822396
vt 0.695402 0.865028
vt 0.456198 0.953704
vt 0.451662 0.952618
vt 0.733788 0.854993
vt 0.728049 0.838936
vt 0.732435 0.833621
vt 0.401803 0.912162
vt 0.905282 0.850266
vt 0.706873 0.799523
vt 0.723605 0.854002
vt 0.705823 0.846575
vt 0.698218 0.867666
vt 0.459202 0.949737
vt 0.906998 0.853269
vt 0.707686 0.795563
vt 0.715670 0.797830
vt 0.703050 0.804924
vt 0.733788 0.806008
vt 0.725314 0.823608
vt 0.719811 0.843560
vt 0.709780 0.856833
vt 0.721724 0.857795
vt 0.731636 0.868019
vt 0.926113 0.904208
vt 0.701834 0.847806
vt 0.699084 0.846286
vt 0.709327 0.815545
vt 0.692073 0.834267
vt 0.706598 0.814102
vt 0.696287 0.845424
vt 0.717738 0.852021
vt 0.696112 0.838199
vt 0.714446 0.838061
vt 0.709422 0.832491
vt 0.709048 0.845219
vt 0.714858 0.845146
vt 0.714766 0.843740
vt 0.699714 0.844332
vt 0.708887 0.843192
vt 0.707306 0.843944
s 1
usemtl Material.001
f 1/1/1 2/2/2 3/3/3
f 4/4/4 1/1/1 3/3/3
f 1/1/1 5/5/5 2/2/2
f 3/3/3 2/2/2 6/6/6
f 6/6/6 2/2/2 7/7/7
f 4/4/4 5/5/5 1/1/1
f 4/4/4 3/3/3 6/6/6
f 2/2/2 8/8/8 7/7/7
f 4/4/4 9/9/9 5/5/5
f 9/9/9 10/10/10 5/5/5
f 5/5/5 10/10/10 2/2/2
f 6/6/6 7/7/7 11/11/11
f 6/6/6 12/12/12 4/4/4
f 4/4/4 12/12/12 13/13/13
f 14/14/14 15/15/15 16/16/16
f 15/15/15 17/17/17 16/16/16
f 15/15/15 18/18/18 17/17/17
f 13/13/13 19/19/19 4/4/4
f 4/20/4 20/21/20 9/22/9
f 10/23/10 9/22/9 21/24/21
f 9/22/9 20/21/20 22/25/22
f 9/22/9 22/25/22 21/24/21
f 23/26/23 24/27/24 14/14/14
f 24/27/24 15/15/15 14/14/14
f 18/18/18 25/28/25 17/17/17
f 15/15/15 25/28/25 18/18/18
f 26/29/26 13/13/13 12/12/12
f 13/30/13 26/31/26 27/32/27
f 7/7/7 8/8/8 28/33/28
f 27/32/27 29/34/29 13/30/13
f 29/34/29 19/35/19 13/30/13
f 19/19/19 30/36/30 4/4/4
f 10/10/10 21/37/21 2/2/2
f 30/38/30 20/21/20 4/20/4
f 23/26/23 14/14/14 31/39/31
f 15/40/15 24/41/24 32/42/32
f 32/43/32 25/28/25 15/15/15
f 12/12/12 6/6/6 33/44/33
f 6/6/6 11/11/11 33/44/33
f 7/7/7 28/33/28 11/11/11
f 21/24/21 34/45/34 2/46/2
f 35/47/35 23/26/23 36/48/36
f 37/49/37 23/26/23 35/47/35
f 23/26/23 31/39/31 36/48/36
f 23/26/23 37/49/37 24/27/24
f 24/41/24 38/50/38 32/42/32
f 27/32/27 26/31/26 29/34/29
f 29/34/29 39/51/39 40/52/40
f 29/34/29 40/52/40 41/53/41
f 29/34/29 41/53/41 19/35/19
f 19/35/19 41/53/41 30/54/30
f 41/55/41 42/56/42 30/38/30
f 42/56/42 20/21/20 30/38/30
f 43/57/43 37/49/37 35/47/35
f 44/58/44 24/59/24 37/60/37
f 45/61/45 46/62/46 44/58/44
f 44/58/44 46/62/46 24/59/24
f 46/63/46 47/64/47 24/41/24
f 48/65/48 49/66/49 25/28/25
f 47/64/47 38/50/38 24/41/24
f 25/28/25 50/67/50 48/65/48
f 11/11/11 51/68/51 33/44/33
f 51/68/51 11/11/11 52/69/52
f 53/70/53 54/71/54 39/51/39
f 29/34/29 26/31/26 39/51/39
f 39/51/39 54/71/54 55/72/55
f 39/51/39 55/72/55 40/52/40
f 54/71/54 56/73/56 55/72/55
f 40/52/40 55/72/55 57/74/57
f 40/52/40 57/74/57 41/53/41
f 42/56/42 58/75/58 20/21/20
f 20/21/20 21/24/21 22/25/22
f 41/53/41 57/74/57 42/76/42
f 42/56/42 57/77/57 58/75/58
f 35/47/35 36/48/36 59/78/59
f 17/17/17 60/79/60 16/16/16
f 25/28/25 60/79/60 17/17/17
f 38/50/38 47/64/47 61/80/61
f 32/42/32 38/50/38 62/81/62
f 39/51/39 26/31/26 12/82/12
f 54/71/54 63/83/63 56/73/56
f 2/2/2 34/84/34 8/8/8
f 20/21/20 58/75/58 64/85/64
f 20/21/20 64/85/64 21/24/21
f 56/73/56 63/83/63 65/86/65
f 56/73/56 66/87/66 55/72/55
f 55/72/55 66/87/66 57/74/57
f 67/88/67 45/61/45 44/58/44
f 45/61/45 67/88/67 68/89/68
f 14/14/14 16/16/16 60/79/60
f 48/65/48 50/67/50 49/66/49
f 38/50/38 61/80/61 69/90/69
f 25/91/25 32/42/32 70/92/70
f 38/50/38 69/90/69 62/81/62
f 28/33/28 52/69/52 11/11/11
f 58/75/58 71/93/71 64/85/64
f 58/75/58 57/77/57 71/93/71
f 57/74/57 66/87/66 71/94/71
f 72/95/72 66/87/66 56/73/56
f 73/96/73 67/88/67 44/58/44
f 44/58/44 37/60/37 73/96/73
f 36/48/36 31/39/31 59/78/59
f 74/97/74 25/28/25 49/66/49
f 33/44/33 51/68/51 12/12/12
f 39/51/39 75/98/75 53/70/53
f 12/82/12 76/99/76 39/51/39
f 63/83/63 54/71/54 53/70/53
f 70/92/70 32/42/32 62/81/62
f 64/85/64 34/45/34 21/24/21
f 77/100/77 37/49/37 43/57/43
f 68/89/68 67/88/67 73/96/73
f 60/79/60 25/28/25 74/97/74
f 78/101/78 79/102/79 51/68/51
f 79/102/79 12/12/12 51/68/51
f 76/99/76 12/82/12 79/103/79
f 76/99/76 75/98/75 39/51/39
f 47/64/47 80/104/80 61/80/61
f 50/105/50 25/91/25 70/92/70
f 28/33/28 8/8/8 81/106/81
f 8/107/8 34/45/34 81/108/81
f 56/73/56 82/109/82 72/95/72
f 73/110/73 37/49/37 77/100/77
f 73/96/73 83/111/83 68/89/68
f 34/45/34 64/85/64 81/108/81
f 65/86/65 82/109/82 56/73/56
f 77/100/77 84/112/84 73/110/73
f 60/79/60 85/113/85 14/14/14
f 49/66/49 50/67/50 74/97/74
f 72/95/72 82/109/82 86/114/86
f 84/112/84 77/100/77 87/115/87
f 84/112/84 87/115/87 73/110/73
f 88/116/88 63/83/63 53/70/53
f 61/80/61 89/117/89 69/90/69
f 90/118/90 91/119/91 65/120/65
f 65/86/65 92/121/92 82/109/82
f 92/122/92 93/123/93 82/124/82
f 93/125/93 86/114/86 82/109/82
f 94/126/94 83/111/83 87/127/87
f 83/111/83 73/96/73 87/127/87
f 14/14/14 85/113/85 31/39/31
f 60/79/60 74/97/74 85/113/85
f 88/128/88 53/129/53 95/130/95
f 51/131/51 96/132/96 78/133/78
f 51/131/51 52/134/52 96/132/96
f 62/81/62 69/90/69 89/117/89
f 63/83/63 90/135/90 65/86/65
f 63/136/63 97/137/97 90/138/90
f 65/120/65 91/119/91 92/122/92
f 83/111/83 98/139/98 68/89/68
f 68/89/68 98/139/98 99/140/99
f 74/141/74 50/105/50 70/92/70
f 28/142/28 81/108/81 100/143/100
f 71/93/71 66/144/66 101/145/101
f 102/146/102 87/147/87 103/148/103
f 104/149/104 87/150/87 102/151/102
f 87/115/87 77/100/77 105/152/105
f 94/126/94 87/127/87 104/153/104
f 43/57/43 35/47/35 106/154/106
f 95/130/95 53/129/53 75/155/75
f 46/63/46 107/156/107 80/104/80
f 46/63/46 80/104/80 47/64/47
f 52/134/52 108/157/108 96/132/96
f 52/134/52 28/158/28 108/157/108
f 87/147/87 109/159/109 103/148/103
f 68/89/68 107/160/107 45/61/45
f 95/130/95 110/161/110 88/128/88
f 45/61/45 107/160/107 46/62/46
f 61/80/61 80/104/80 89/117/89
f 28/158/28 100/162/100 108/157/108
f 111/163/111 112/164/112 70/165/70
f 70/165/70 113/166/113 111/163/111
f 64/85/64 71/93/71 114/167/114
f 92/122/92 115/168/115 93/123/93
f 116/169/116 72/170/72 86/171/86
f 77/172/77 106/173/106 117/174/117
f 77/100/77 43/57/43 106/154/106
f 106/154/106 35/47/35 59/78/59
f 59/78/59 31/39/31 118/175/118
f 31/39/31 119/176/119 118/175/118
f 79/177/79 120/178/120 76/179/76
f 113/166/113 121/180/121 111/163/111
f 111/163/111 121/180/121 122/181/122
f 64/85/64 114/167/114 81/108/81
f 123/182/123 116/183/116 86/184/86
f 72/170/72 116/169/116 66/185/66
f 124/186/124 125/187/125 126/188/126
f 125/189/125 127/190/127 126/191/126
f 125/189/125 128/192/128 127/190/127
f 129/193/129 130/194/130 131/195/131
f 104/196/104 132/197/132 133/198/133
f 109/159/109 87/147/87 105/199/105
f 94/126/94 104/153/104 133/200/133
f 105/152/105 77/100/77 117/201/117
f 88/128/88 110/161/110 134/202/134
f 74/97/74 135/203/135 85/113/85
f 70/92/70 136/204/136 74/141/74
f 70/92/70 137/205/137 136/204/136
f 112/164/112 137/206/137 70/165/70
f 112/164/112 111/163/111 138/207/138
f 111/163/111 122/181/122 138/207/138
f 138/207/138 122/181/122 139/208/139
f 97/137/97 139/208/139 122/181/122
f 113/166/113 97/137/97 121/180/121
f 121/180/121 97/137/97 122/181/122
f 97/137/97 113/166/113 90/138/90
f 91/119/91 115/168/115 92/122/92
f 124/186/124 128/209/128 125/187/125
f 124/186/124 126/188/126 140/210/140
f 126/188/126 141/211/141 140/210/140
f 126/188/126 142/212/142 141/211/141
f 126/191/126 127/190/127 142/213/142
f 127/190/127 143/214/143 144/215/144
f 144/215/144 145/216/145 127/190/127
f 146/217/146 129/193/129 147/218/147
f 145/216/145 146/217/146 147/218/147
f 131/195/131 148/219/148 129/193/129
f 148/220/148 131/221/131 149/222/149
f 150/223/150 130/194/130 146/217/146
f 146/217/146 130/194/130 129/193/129
f 131/221/131 130/224/130 149/222/149
f 130/224/130 151/225/151 149/222/149
f 152/226/152 153/227/153 154/228/154
f 155/229/155 102/146/102 103/148/103
f 102/230/102 132/197/132 104/196/104
f 102/230/102 155/231/155 132/197/132
f 109/159/109 105/199/105 103/148/103
f 156/232/156 157/233/157 158/234/158
f 158/234/158 157/233/157 159/235/159
f 110/161/110 95/130/95 160/236/160
f 75/155/75 76/179/76 161/237/161
f 120/238/120 79/102/79 78/101/78
f 78/133/78 96/132/96 162/239/162
f 163/240/163 63/241/63 88/128/88
f 137/206/137 112/164/112 164/242/164
f 97/137/97 63/136/63 139/208/139
f 112/164/112 138/207/138 165/243/165
f 165/243/165 138/207/138 139/208/139
f 108/244/108 100/143/100 166/245/166
f 100/143/100 81/108/81 166/245/166
f 70/246/70 62/247/62 113/248/113
f 113/248/113 62/247/62 167/249/167
f 168/250/168 115/168/115 91/119/91
f 116/169/116 101/251/101 66/185/66
f 128/209/128 124/186/124 169/252/169
f 140/210/140 141/211/141 170/253/170
f 142/213/142 127/190/127 171/254/171
f 127/190/127 128/192/128 143/214/143
f 145/216/145 147/218/147 172/255/172
f 145/216/145 144/215/144 150/223/150
f 145/216/145 150/223/150 146/217/146
f 130/194/130 150/223/150 173/256/173
f 151/225/151 174/257/174 149/222/149
f 130/258/130 175/259/175 151/260/151
f 176/261/176 154/228/154 177/262/177
f 178/263/178 175/259/175 130/258/130
f 154/228/154 179/264/179 152/226/152
f 180/265/180 153/227/153 152/226/152
f 154/228/154 153/227/153 177/262/177
f 132/197/132 181/266/181 133/198/133
f 182/267/182 158/268/158 183/269/183
f 105/270/105 117/174/117 184/271/184
f 98/139/98 83/111/83 94/126/94
f 160/236/160 75/155/75 161/237/161
f 75/155/75 160/236/160 95/130/95
f 78/133/78 162/239/162 157/233/157
f 85/113/85 119/176/119 31/39/31
f 85/113/85 135/203/135 185/272/185
f 134/202/134 163/240/163 88/128/88
f 112/164/112 165/243/165 164/242/164
f 164/242/164 165/243/165 139/208/139
f 186/273/186 62/247/62 89/274/89
f 167/249/167 91/119/91 113/248/113
f 113/248/113 91/119/91 90/118/90
f 91/119/91 167/249/167 187/275/187
f 71/93/71 188/276/188 114/167/114
f 187/275/187 189/277/189 91/119/91
f 101/145/101 190/278/190 71/93/71
f 115/168/115 191/279/191 93/123/93
f 192/280/192 143/281/143 128/209/128
f 170/253/170 193/282/193 140/210/140
f 142/212/142 171/283/171 194/284/194
f 170/285/170 195/286/195 193/287/193
f 172/255/172 147/218/147 196/288/196
f 129/193/129 196/288/196 147/218/147
f 129/193/129 197/289/197 196/288/196
f 144/215/144 198/290/198 150/223/150
f 148/220/148 149/222/149 174/257/174
f 176/261/176 199/291/199 154/228/154
f 200/292/200 178/263/178 130/258/130
f 182/267/182 201/293/201 202/294/202
f 152/226/152 179/264/179 180/265/180
f 178/263/178 203/295/203 175/259/175
f 175/259/175 203/295/203 204/296/204
f 205/297/205 153/227/153 206/298/206
f 207/299/207 132/197/132 155/231/155
f 132/197/132 207/299/207 181/266/181
f 103/148/103 208/300/208 155/229/155
f 208/300/208 209/301/209 155/229/155
f 208/300/208 103/148/103 209/301/209
f 103/148/103 105/199/105 210/302/210
f 117/174/117 211/303/211 184/271/184
f 205/304/205 110/161/110 212/305/212
f 157/233/157 156/232/156 78/133/78
f 85/113/85 185/272/185 119/176/119
f 63/136/63 213/306/213 139/208/139
f 164/307/164 213/308/213 137/205/137
f 164/242/164 139/208/139 213/306/213
f 62/247/62 186/273/186 167/249/167
f 214/309/214 168/250/168 91/119/91
f 215/310/215 169/252/169 124/186/124
f 216/311/216 128/209/128 169/252/169
f 124/186/124 140/210/140 217/312/217
f 216/311/216 192/280/192 128/209/128
f 194/284/194 141/211/141 142/212/142
f 218/313/218 170/253/170 141/211/141
f 218/313/218 141/211/141 194/284/194
f 170/285/170 218/314/218 195/286/195
f 193/287/193 195/286/195 219/315/219
f 218/314/218 220/316/220 195/286/195
f 219/315/219 195/286/195 221/317/221
f 220/316/220 221/317/221 195/286/195
f 127/190/127 145/216/145 171/254/171
f 197/289/197 129/193/129 148/219/148
f 198/290/198 144/215/144 143/214/143
f 173/318/173 200/292/200 130/258/130
f 176/261/176 177/262/177 222/319/222
f 223/320/223 154/228/154 199/291/199
f 175/259/175 204/296/204 151/260/151
f 151/260/151 204/296/204 224/321/224
f 178/263/178 225/322/225 203/295/203
f 200/292/200 225/322/225 178/263/178
f 153/227/153 180/265/180 206/298/206
f 203/295/203 225/322/225 226/323/226
f 203/295/203 226/323/226 204/296/204
f 225/322/225 207/299/207 226/323/226
f 201/293/201 182/267/182 227/324/227
f 155/231/155 226/323/226 207/299/207
f 226/323/226 155/231/155 228/325/228
f 229/326/229 153/227/153 205/297/205
f 182/267/182 183/269/183 227/324/227
f 209/301/209 103/148/103 210/302/210
f 205/304/205 206/327/206 110/161/110
f 110/161/110 160/236/160 212/305/212
f 134/202/134 110/161/110 230/328/230
f 231/329/231 120/178/120 78/330/78
f 78/133/78 156/232/156 231/331/231
f 157/233/157 162/239/162 159/235/159
f 120/178/120 161/237/161 76/179/76
f 135/332/135 74/141/74 136/204/136
f 96/132/96 108/157/108 232/333/232
f 233/334/233 213/306/213 63/136/63
f 232/333/232 108/157/108 166/335/166
f 187/275/187 167/249/167 186/273/186
f 89/274/89 234/336/234 186/273/186
f 189/277/189 214/309/214 91/119/91
f 215/310/215 216/311/216 169/252/169
f 124/186/124 217/312/217 215/310/215
f 221/317/221 235/337/235 219/315/219
f 218/314/218 236/338/236 220/316/220
f 171/254/171 145/216/145 237/339/237
f 238/340/238 172/255/172 196/288/196
f 237/339/237 172/255/172 238/340/238
f 145/216/145 172/255/172 237/339/237
f 238/340/238 196/288/196 197/289/197
f 239/341/239 176/261/176 240/342/240
f 241/343/241 202/294/202 242/344/242
f 243/345/243 242/344/242 244/346/244
f 202/294/202 244/346/244 242/344/242
f 176/261/176 222/319/222 240/342/240
f 151/260/151 245/347/245 174/348/174
f 241/343/241 182/267/182 202/294/202
f 223/320/223 179/264/179 154/228/154
f 202/294/202 201/293/201 246/349/246
f 200/292/200 247/350/247 225/322/225
f 247/350/247 207/299/207 225/322/225
f 204/296/204 226/323/226 224/321/224
f 224/321/224 226/323/226 228/325/228
f 181/266/181 207/299/207 247/350/247
f 210/302/210 105/199/105 184/351/184
f 205/297/205 212/352/212 229/326/229
f 133/200/133 98/139/98 94/126/94
f 158/234/158 248/353/248 156/232/156
f 206/327/206 230/328/230 110/161/110
f 248/354/248 231/329/231 156/355/156
f 212/305/212 160/236/160 161/237/161
f 68/89/68 249/356/249 107/160/107
f 250/357/250 80/104/80 107/156/107
f 163/358/163 233/359/233 63/360/63
f 136/204/136 137/205/137 233/361/233
f 233/361/233 137/205/137 213/308/213
f 80/104/80 251/362/251 89/117/89
f 89/274/89 251/363/251 234/336/234
f 252/364/252 189/277/189 187/275/187
f 193/287/193 253/365/253 140/366/140
f 193/287/193 219/315/219 253/365/253
f 219/367/219 254/368/254 253/369/253
f 194/284/194 171/283/171 218/313/218
f 218/314/218 255/370/255 236/338/236
f 219/315/219 235/337/235 254/371/254
f 236/338/236 256/372/256 220/316/220
f 221/317/221 257/373/257 235/337/235
f 220/316/220 256/372/256 221/317/221
f 256/372/256 258/374/258 221/317/221
f 221/317/221 258/374/258 257/373/257
f 259/375/259 239/341/239 240/342/240
f 239/341/239 259/375/259 176/261/176
f 242/344/242 243/345/243 241/343/241
f 259/375/259 199/291/199 176/261/176
f 260/376/260 174/377/174 261/378/261
f 174/377/174 245/379/245 261/378/261
f 262/380/262 263/381/263 200/292/200
f 201/293/201 227/324/227 246/349/246
f 263/381/263 247/350/247 200/292/200
f 224/321/224 228/325/228 264/382/264
f 155/229/155 210/302/210 228/383/228
f 209/301/209 210/302/210 155/229/155
f 248/384/248 158/385/158 182/386/182
f 212/352/212 248/384/248 229/326/229
f 106/173/106 211/303/211 117/174/117
f 158/234/158 159/235/159 265/387/265
f 231/329/231 161/237/161 120/178/120
f 266/388/266 185/272/185 135/203/135
f 134/389/134 267/390/267 163/391/163
f 81/108/81 114/167/114 166/245/166
f 187/275/187 186/273/186 268/392/268
f 252/364/252 269/393/269 189/277/189
f 188/276/188 71/93/71 190/278/190
f 86/394/86 93/123/93 191/279/191
f 192/280/192 270/395/270 143/281/143
f 254/371/254 235/337/235 271/396/271
f 235/337/235 257/373/257 271/396/271
f 271/396/271 257/373/257 272/397/272
f 273/398/273 198/290/198 143/214/143
f 237/339/237 238/340/238 197/289/197
f 197/399/197 148/400/148 274/401/274
f 256/372/256 275/402/275 258/374/258
f 276/403/276 258/404/258 275/405/275
f 277/406/277 240/342/240 222/319/222
f 148/220/148 174/257/174 274/407/274
f 223/320/223 259/375/259 278/408/278
f 259/375/259 223/320/223 199/291/199
f 200/292/200 173/318/173 262/380/262
f 245/347/245 151/260/151 279/409/279
f 151/260/151 224/321/224 279/409/279
f 247/350/247 133/198/133 181/266/181
f 183/269/183 280/410/280 227/324/227
f 280/411/280 183/412/183 158/234/158
f 281/413/281 211/303/211 106/173/106
f 212/305/212 161/237/161 248/354/248
f 280/411/280 158/234/158 282/414/282
f 99/140/99 283/415/283 68/89/68
f 283/415/283 249/356/249 68/89/68
f 250/357/250 284/416/284 80/104/80
f 186/273/186 234/336/234 268/392/268
f 268/392/268 252/364/252 187/275/187
f 115/168/115 168/250/168 191/279/191
f 218/313/218 171/283/171 285/417/285
f 218/313/218 285/417/285 255/418/255
f 286/419/286 236/338/236 255/370/255
f 240/342/240 277/406/277 287/420/287
f 237/339/237 288/421/288 171/254/171
f 272/397/272 257/373/257 289/422/289
f 257/373/257 258/374/258 289/422/289
f 290/423/290 241/424/241 243/425/243
f 258/374/258 276/426/276 289/422/289
f 274/427/274 174/428/174 291/429/291
f 174/428/174 260/430/260 291/429/291
f 198/290/198 262/431/262 150/223/150
f 262/431/262 173/256/173 150/223/150
f 222/319/222 177/262/177 292/432/292
f 241/433/241 293/434/293 182/386/182
f 180/265/180 179/264/179 223/320/223
f 153/227/153 229/326/229 177/262/177
f 177/262/177 229/326/229 294/435/294
f 248/354/248 161/237/161 231/329/231
f 158/234/158 295/436/295 282/414/282
f 265/387/265 295/436/295 158/234/158
f 98/139/98 283/415/283 99/140/99
f 159/235/159 162/239/162 265/387/265
f 266/388/266 296/437/296 185/272/185
f 96/132/96 265/387/265 162/239/162
f 96/132/96 232/333/232 265/387/265
f 135/332/135 136/204/136 297/438/297
f 136/204/136 233/361/233 298/439/298
f 298/439/298 233/361/233 163/440/163
f 166/335/166 299/441/299 232/333/232
f 80/104/80 284/416/284 251/362/251
f 234/336/234 300/442/300 268/392/268
f 101/145/101 301/443/301 190/278/190
f 217/312/217 140/210/140 302/444/302
f 285/417/285 303/445/303 255/418/255
f 255/370/255 303/446/303 286/419/286
f 271/396/271 272/397/272 254/371/254
f 236/338/236 286/419/286 304/447/304
f 237/339/237 197/289/197 288/421/288
f 236/338/236 304/447/304 256/372/256
f 244/448/244 290/423/290 243/425/243
f 240/342/240 278/408/278 259/375/259
f 274/401/274 305/449/305 197/399/197
f 256/450/256 304/451/304 306/452/306
f 306/452/306 307/453/307 308/454/308
f 256/450/256 306/452/306 308/454/308
f 305/449/305 274/401/274 309/455/309
f 274/427/274 307/456/307 309/457/309
f 274/427/274 308/458/308 307/456/307
f 274/427/274 310/459/310 308/458/308
f 256/460/256 308/458/308 275/405/275
f 308/458/308 310/459/310 275/405/275
f 198/290/198 273/398/273 262/431/262
f 274/427/274 291/429/291 310/459/310
f 291/429/291 275/405/275 310/459/310
f 291/429/291 311/461/311 275/405/275
f 244/346/244 202/294/202 312/462/312
f 202/294/202 246/349/246 312/462/312
f 245/347/245 279/409/279 261/463/261
f 279/409/279 224/321/224 264/382/264
f 184/351/184 313/464/313 210/302/210
f 229/326/229 248/384/248 294/435/294
f 211/303/211 314/465/314 184/271/184
f 281/413/281 314/465/314 211/303/211
f 118/466/118 106/173/106 59/467/59
f 315/468/315 283/415/283 98/139/98
f 119/469/119 185/470/185 316/471/316
f 317/472/317 232/333/232 299/441/299
f 166/245/166 114/167/114 188/276/188
f 300/442/300 318/473/318 268/392/268
f 268/392/268 319/474/319 252/364/252
f 252/364/252 319/474/319 269/393/269
f 320/475/320 214/309/214 189/277/189
f 321/476/321 322/477/322 116/478/116
f 323/479/323 143/480/143 270/481/270
f 253/482/253 254/483/254 324/484/324
f 171/283/171 325/485/325 285/417/285
f 303/445/303 285/417/285 325/485/325
f 254/483/254 272/486/272 324/484/324
f 326/487/326 304/447/304 286/419/286
f 326/487/326 327/488/327 304/447/304
f 197/399/197 305/449/305 328/489/328
f 329/490/329 330/491/330 304/451/304
f 304/451/304 330/491/330 306/452/306
f 329/490/329 305/449/305 309/455/309
f 329/490/329 309/455/309 330/491/330
f 306/452/306 330/491/330 309/455/309
f 309/455/309 307/453/307 306/452/306
f 331/492/331 289/493/289 276/403/276
f 262/494/262 273/495/273 332/496/332
f 331/492/331 276/403/276 275/405/275
f 331/492/331 275/405/275 311/461/311
f 291/429/291 260/430/260 311/461/311
f 333/497/333 293/434/293 241/433/241
f 334/498/334 223/320/223 278/408/278
f 279/409/279 264/382/264 335/499/335
f 294/435/294 293/434/293 177/262/177
f 293/434/293 248/384/248 182/386/182
f 264/382/264 228/325/228 336/500/336
f 228/383/228 210/302/210 336/501/336
f 337/502/337 227/324/227 280/410/280
f 281/413/281 106/173/106 338/503/338
f 316/471/316 185/470/185 296/504/296
f 339/505/339 296/437/296 266/388/266
f 266/388/266 135/203/135 339/505/339
f 232/333/232 340/506/340 265/387/265
f 341/507/341 135/203/135 297/508/297
f 297/438/297 298/439/298 342/509/342
f 163/440/163 342/509/342 298/439/298
f 317/472/317 340/506/340 232/333/232
f 297/438/297 136/204/136 298/439/298
f 251/363/251 343/510/343 234/336/234
f 318/473/318 319/474/319 268/392/268
f 318/473/318 344/511/344 319/474/319
f 319/474/319 344/511/344 269/393/269
f 344/511/344 189/277/189 269/393/269
f 344/511/344 320/475/320 189/277/189
f 101/145/101 116/512/116 301/443/301
f 345/513/345 123/182/123 86/184/86
f 123/182/123 346/514/346 116/183/116
f 140/515/140 253/516/253 347/517/347
f 192/518/192 348/519/348 270/481/270
f 253/482/253 324/484/324 349/520/349
f 143/480/143 323/479/323 273/495/273
f 272/486/272 350/521/350 324/484/324
f 272/397/272 289/422/289 350/522/350
f 197/399/197 351/523/351 288/524/288
f 197/399/197 352/525/352 351/523/351
f 352/525/352 197/399/197 328/489/328
f 327/526/327 353/527/353 304/451/304
f 353/527/353 329/490/329 304/451/304
f 353/527/353 328/489/328 329/490/329
f 328/489/328 305/449/305 329/490/329
f 244/346/244 312/462/312 354/528/354
f 292/432/292 177/262/177 293/434/293
f 261/463/261 279/409/279 355/529/355
f 279/409/279 335/499/335 356/530/356
f 246/349/246 227/324/227 357/531/357
f 293/434/293 294/435/294 248/384/248
f 264/382/264 336/500/336 335/499/335
f 227/324/227 337/502/337 357/531/357
f 133/200/133 358/532/358 98/139/98
f 118/533/118 119/534/119 316/535/316
f 267/536/267 134/202/134 230/328/230
f 339/505/339 135/203/135 341/507/341
f 297/508/297 342/537/342 163/538/163
f 317/472/317 299/441/299 340/506/340
f 299/539/299 359/540/359 360/541/360
f 299/539/299 166/245/166 359/540/359
f 234/336/234 343/510/343 361/542/361
f 234/336/234 361/542/361 300/442/300
f 214/309/214 362/543/362 168/250/168
f 363/544/363 364/545/364 168/250/168
f 190/278/190 301/443/301 365/546/365
f 191/279/191 366/547/366 86/394/86
f 346/548/346 321/476/321 116/478/116
f 215/310/215 217/312/217 367/549/367
f 216/311/216 368/550/368 192/280/192
f 253/516/253 369/551/369 347/517/347
f 253/516/253 349/552/349 369/551/369
f 325/553/325 370/554/370 303/555/303
f 303/555/303 370/554/370 286/556/286
f 171/254/171 371/557/371 325/558/325
f 325/553/325 371/559/371 370/554/370
f 171/254/171 288/421/288 371/557/371
f 326/560/326 372/561/372 327/526/327
f 372/561/372 352/525/352 373/562/373
f 328/489/328 373/562/373 352/525/352
f 328/489/328 353/527/353 373/562/373
f 373/562/373 353/527/353 372/561/372
f 372/561/372 353/527/353 327/526/327
f 289/422/289 374/563/374 350/522/350
f 273/495/273 323/479/323 332/496/332
f 289/493/289 331/492/331 374/564/374
f 292/432/292 293/434/293 375/565/375
f 246/349/246 376/566/376 312/462/312
f 279/409/279 356/530/356 355/529/355
f 210/302/210 377/567/377 336/501/336
f 133/568/133 378/569/378 358/570/358
f 247/350/247 378/571/378 133/198/133
f 379/572/379 313/464/313 184/351/184
f 314/573/314 379/574/379 184/575/184
f 282/576/282 337/577/337 280/578/280
f 380/579/380 230/328/230 206/327/206
f 295/436/295 265/387/265 381/580/381
f 163/391/163 267/390/267 382/581/382
f 296/504/296 339/582/339 383/583/383
f 341/507/341 297/508/297 163/538/163
f 107/160/107 249/356/249 250/584/250
f 299/539/299 360/541/360 384/585/384
f 360/541/360 359/540/359 385/586/385
f 166/245/166 188/276/188 386/587/386
f 300/442/300 361/542/361 318/473/318
f 318/473/318 361/542/361 344/511/344
f 188/276/188 190/278/190 365/546/365
f 168/250/168 364/545/364 191/279/191
f 301/443/301 116/512/116 387/588/387
f 215/310/215 367/549/367 388/589/388
f 217/312/217 302/444/302 367/549/367
f 388/590/388 368/591/368 216/592/216
f 215/310/215 388/589/388 216/311/216
f 140/210/140 347/593/347 302/444/302
f 368/594/368 348/519/348 192/518/192
f 370/554/370 389/595/389 286/556/286
f 286/556/286 389/595/389 326/596/326
f 288/524/288 351/523/351 371/597/371
f 277/406/277 222/319/222 390/598/390
f 351/523/351 352/525/352 391/599/391
f 290/423/290 333/600/333 241/424/241
f 331/492/331 392/601/392 374/564/374
f 331/492/331 311/461/311 392/601/392
f 356/530/356 393/602/393 355/529/355
f 246/349/246 357/531/357 376/566/376
f 335/499/335 393/602/393 356/530/356
f 180/603/180 394/604/394 206/605/206
f 281/413/281 338/503/338 314/465/314
f 118/466/118 395/606/395 106/173/106
f 282/576/282 295/607/295 381/608/381
f 316/471/316 296/504/296 396/609/396
f 397/610/397 265/387/265 340/506/340
f 339/582/339 341/611/341 398/612/398
f 341/611/341 163/391/163 398/612/398
f 163/391/163 382/581/382 398/612/398
f 299/441/299 384/613/384 340/506/340
f 166/245/166 386/587/386 359/540/359
f 361/542/361 320/475/320 344/511/344
f 320/475/320 362/543/362 214/309/214
f 369/551/369 349/552/349 399/614/399
f 400/615/400 287/420/287 277/406/277
f 324/484/324 350/521/350 401/616/401
f 350/521/350 374/617/374 401/616/401
f 370/554/370 371/559/371 402/618/402
f 402/618/402 403/619/403 389/595/389
f 370/554/370 402/618/402 389/595/389
f 389/595/389 403/619/403 326/596/326
f 371/559/371 351/620/351 402/618/402
f 351/620/351 391/621/391 402/618/402
f 326/596/326 391/621/391 404/622/404
f 326/596/326 403/619/403 391/621/391
f 326/596/326 404/622/404 372/623/372
f 352/525/352 404/624/404 391/599/391
f 372/561/372 404/624/404 352/525/352
f 332/496/332 405/625/405 262/494/262
f 260/430/260 406/626/406 311/461/311
f 260/376/260 261/378/261 355/627/355
f 223/628/223 394/604/394 180/603/180
f 407/629/407 206/605/206 394/604/394
f 206/630/206 407/631/407 380/632/380
f 106/173/106 395/606/395 338/503/338
f 118/533/118 316/535/316 395/633/395
f 282/576/282 381/608/381 408/634/408
f 381/608/381 265/635/265 397/636/397
f 339/582/339 409/637/409 383/583/383
f 339/582/339 398/612/398 409/637/409
f 409/637/409 398/612/398 382/581/382
f 250/584/250 249/356/249 410/638/410
f 250/357/250 410/639/410 284/416/284
f 360/541/360 385/586/385 384/585/384
f 284/416/284 411/640/411 251/362/251
f 251/641/251 412/642/412 343/643/343
f 343/510/343 413/644/413 361/542/361
f 413/644/413 320/475/320 361/542/361
f 168/250/168 362/543/362 363/544/363
f 366/645/366 345/646/345 86/647/86
f 345/648/345 346/649/346 123/650/123
f 321/476/321 346/548/346 414/651/414
f 321/476/321 414/651/414 322/477/322
f 302/652/302 347/653/347 415/654/415
f 368/594/368 416/655/416 348/519/348
f 348/519/348 416/655/416 270/481/270
f 277/656/277 390/657/390 400/658/400
f 417/659/417 244/448/244 418/660/418
f 324/484/324 401/616/401 419/661/419
f 244/346/244 354/528/354 418/662/418
f 402/618/402 391/621/391 403/619/403
f 323/479/323 420/663/420 332/496/332
f 354/528/354 312/462/312 421/664/421
f 376/566/376 357/531/357 312/462/312
f 336/500/336 393/602/393 335/499/335
f 337/577/337 282/576/282 408/634/408
f 283/415/283 422/665/422 249/356/249
f 423/666/423 409/637/409 382/581/382
f 385/586/385 424/667/424 384/585/384
f 425/668/425 411/640/411 284/416/284
f 424/667/424 385/586/385 359/540/359
f 365/546/365 301/443/301 426/669/426
f 427/670/427 387/671/387 116/478/116
f 116/478/116 322/477/322 427/670/427
f 302/444/302 428/672/428 367/549/367
f 388/673/388 429/674/429 368/675/368
f 368/594/368 429/676/429 416/655/416
f 347/517/347 369/551/369 415/677/415
f 416/655/416 430/678/430 270/481/270
f 270/481/270 430/678/430 323/479/323
f 349/520/349 324/484/324 399/679/399
f 240/342/240 431/680/431 278/408/278
f 244/448/244 417/659/417 290/423/290
f 323/479/323 430/678/430 432/681/432
f 432/681/432 420/663/420 323/479/323
f 292/432/292 375/565/375 222/319/222
f 355/627/355 433/682/433 260/376/260
f 357/531/357 337/502/337 434/683/434
f 358/532/358 315/468/315 98/139/98
f 395/633/395 435/684/435 436/685/436
f 395/633/395 316/535/316 435/684/435
f 396/686/396 437/687/437 316/535/316
f 382/581/382 267/390/267 438/688/438
f 296/504/296 383/583/383 439/689/439
f 383/583/383 423/666/423 439/689/439
f 383/583/383 409/637/409 423/666/423
f 251/362/251 411/640/411 412/690/412
f 359/540/359 386/587/386 440/691/440
f 188/276/188 365/546/365 386/587/386
f 387/671/387 426/692/426 301/693/301
f 191/694/191 441/695/441 366/696/366
f 442/697/442 388/673/388 443/698/443
f 428/672/428 302/444/302 444/699/444
f 444/700/444 302/652/302 415/654/415
f 442/697/442 429/674/429 388/673/388
f 444/700/444 415/654/415 445/701/445
f 446/702/446 416/655/416 429/676/429
f 442/703/442 446/704/446 429/705/429
f 447/706/447 416/655/416 446/702/446
f 240/342/240 287/420/287 448/707/448
f 416/655/416 447/706/447 430/678/430
f 430/678/430 447/706/447 449/708/449
f 450/709/450 430/678/430 449/708/449
f 419/661/419 399/679/399 324/484/324
f 451/710/451 432/681/432 430/678/430
f 451/710/451 430/678/430 450/709/450
f 451/710/451 420/663/420 432/681/432
f 452/711/452 332/496/332 420/663/420
f 390/598/390 222/319/222 375/565/375
f 453/712/453 392/601/392 311/461/311
f 453/712/453 311/461/311 406/626/406
f 454/713/454 375/565/375 293/434/293
f 455/714/455 433/715/433 355/529/355
f 455/714/455 355/529/355 393/602/393
f 334/716/334 394/604/394 223/628/223
f 377/567/377 393/717/393 336/501/336
f 456/718/456 377/567/377 210/302/210
f 230/719/230 380/720/380 457/721/457
f 458/722/458 436/685/436 435/684/435
f 435/684/435 316/535/316 437/687/437
f 458/722/458 435/684/435 437/687/437
f 457/723/457 267/536/267 230/328/230
f 315/468/315 422/665/422 283/415/283
f 438/688/438 423/666/423 382/581/382
f 410/639/410 459/724/459 284/416/284
f 284/416/284 460/725/460 425/668/425
f 440/691/440 424/667/424 359/540/359
f 365/546/365 426/669/426 461/726/461
f 388/673/388 367/727/367 462/728/462
f 367/727/367 428/729/428 462/728/462
f 442/697/442 443/698/443 463/730/463
f 443/731/443 464/732/464 463/733/463
f 442/703/442 463/733/463 446/704/446
f 465/734/465 415/677/415 369/551/369
f 466/735/466 467/736/467 464/732/464
f 464/732/464 446/704/446 463/733/463
f 467/736/467 468/737/468 464/732/464
f 464/738/464 468/739/468 469/740/469
f 464/738/464 469/740/469 446/702/446
f 446/702/446 469/740/469 447/706/447
f 369/551/369 399/614/399 470/741/470
f 400/658/400 448/742/448 287/743/287
f 471/744/471 399/614/399 472/745/472
f 469/740/469 468/739/468 449/708/449
f 469/740/469 449/708/449 447/706/447
f 431/680/431 240/342/240 448/707/448
f 467/746/467 473/747/473 468/739/468
f 472/748/472 399/679/399 419/661/419
f 468/739/468 450/709/450 449/708/449
f 468/739/468 474/749/474 450/709/450
f 468/739/468 473/747/473 475/750/475
f 474/749/474 475/750/475 450/709/450
f 468/739/468 475/750/475 474/749/474
f 290/423/290 476/751/476 333/600/333
f 419/661/419 401/616/401 477/752/477
f 473/747/473 478/753/478 475/750/475
f 450/709/450 478/753/478 451/710/451
f 475/750/475 478/753/478 450/709/450
f 473/747/473 451/710/451 478/753/478
f 473/747/473 479/754/479 451/710/451
f 451/710/451 479/754/479 420/663/420
f 479/754/479 452/711/452 420/663/420
f 452/711/452 405/625/405 332/496/332
f 480/755/480 334/716/334 278/756/278
f 421/664/421 312/462/312 481/757/481
f 406/758/406 260/376/260 433/682/433
f 210/302/210 313/464/313 456/718/456
f 314/465/314 338/503/338 482/759/482
f 338/503/338 395/606/395 482/759/482
f 395/633/395 436/685/436 483/760/483
f 436/685/436 458/722/458 484/761/484
f 296/504/296 439/689/439 396/609/396
f 365/546/365 461/726/461 485/762/485
f 365/546/365 485/762/485 486/763/486
f 364/545/364 441/764/441 191/279/191
f 487/765/487 488/766/488 489/767/489
f 462/728/462 487/765/487 388/673/388
f 462/728/462 490/768/490 487/765/487
f 487/765/487 490/768/490 488/766/488
f 443/698/443 388/673/388 487/765/487
f 462/728/462 428/729/428 490/768/490
f 428/729/428 488/766/488 490/768/490
f 428/729/428 444/769/444 491/770/491
f 428/729/428 491/770/491 488/766/488
f 444/769/444 492/771/492 491/770/491
f 444/700/444 445/701/445 492/772/492
f 443/731/443 466/735/466 464/732/464
f 465/773/465 445/701/445 415/654/415
f 369/551/369 493/774/493 465/734/465
f 470/741/470 493/774/493 369/551/369
f 399/614/399 471/744/471 470/741/470
f 467/746/467 494/775/494 473/747/473
f 290/423/290 417/659/417 476/751/476
f 473/747/473 494/775/494 479/754/479
f 401/616/401 374/617/374 477/752/477
f 494/775/494 495/776/495 479/754/479
f 374/777/374 496/778/496 477/779/477
f 479/754/479 495/776/495 452/711/452
f 495/776/495 405/625/405 452/711/452
f 375/565/375 454/713/454 390/598/390
f 262/380/262 497/780/497 263/381/263
f 395/606/395 498/781/498 482/759/482
f 395/633/395 483/760/483 498/782/498
f 436/685/436 484/761/484 483/760/483
f 484/761/484 499/783/499 457/721/457
f 457/721/457 499/783/499 267/784/267
f 484/761/484 458/722/458 499/783/499
f 500/785/500 267/784/267 499/783/499
f 500/785/500 501/786/501 267/784/267
f 458/722/458 437/687/437 502/787/502
f 396/686/396 502/787/502 437/687/437
f 267/784/267 501/786/501 458/722/458
f 267/784/267 458/722/458 438/788/438
f 396/609/396 439/689/439 423/666/423
f 340/789/340 503/790/503 397/791/397
f 284/416/284 459/724/459 460/725/460
f 411/640/411 425/668/425 412/690/412
f 343/643/343 412/642/412 413/792/413
f 413/644/413 504/793/504 320/475/320
f 386/587/386 365/546/365 486/763/486
f 363/794/363 505/795/505 364/796/364
f 506/797/506 487/765/487 507/798/507
f 487/765/487 489/767/489 507/798/507
f 507/798/507 489/767/489 508/799/508
f 508/799/508 489/767/489 509/800/509
f 443/698/443 487/765/487 506/797/506
f 489/767/489 488/766/488 510/801/510
f 489/802/489 510/803/510 509/804/509
f 443/731/443 506/805/506 466/735/466
f 491/770/491 511/806/511 488/766/488
f 488/766/488 511/806/511 512/807/512
f 488/808/488 512/809/512 510/810/510
f 506/805/506 513/811/513 466/735/466
f 491/770/491 492/771/492 511/806/511
f 492/812/492 512/809/512 511/813/511
f 492/812/492 514/814/514 512/809/512
f 445/701/445 515/815/515 492/772/492
f 492/816/492 515/817/515 514/818/514
f 445/701/445 516/819/516 515/815/515
f 465/773/465 517/820/517 445/701/445
f 513/821/513 518/822/518 466/823/466
f 493/774/493 519/824/519 465/734/465
f 466/823/466 518/822/518 467/825/467
f 493/774/493 520/826/520 519/824/519
f 493/774/493 470/741/470 520/826/520
f 470/741/470 521/827/521 522/828/522
f 470/741/470 471/744/471 521/827/521
f 471/829/471 472/830/472 521/831/521
f 417/659/417 418/660/418 523/832/523
f 467/825/467 518/822/518 524/833/524
f 524/833/524 494/834/494 467/825/467
f 354/528/354 523/835/523 418/662/418
f 419/661/419 477/752/477 472/748/472
f 354/528/354 421/664/421 523/835/523
f 431/836/431 480/755/480 278/756/278
f 333/837/333 454/838/454 293/839/293
f 374/777/374 525/840/525 496/778/496
f 392/841/392 525/840/525 374/777/374
f 406/842/406 525/843/525 453/844/453
f 392/841/392 453/845/453 525/840/525
f 405/625/405 526/846/526 262/494/262
f 263/381/263 378/571/378 247/350/247
f 314/573/314 482/847/482 527/848/527
f 484/761/484 457/721/457 483/760/483
f 458/722/458 501/786/501 499/783/499
f 499/783/499 501/786/501 500/785/500
f 396/609/396 423/666/423 438/688/438
f 422/665/422 528/849/528 249/356/249
f 362/543/362 320/475/320 363/544/363
f 512/809/512 529/850/529 510/810/510
f 510/810/510 529/850/529 530/851/530
f 510/803/510 530/852/530 531/853/531
f 531/853/531 530/852/530 532/854/532
f 515/855/515 533/856/533 512/809/512
f 514/814/514 515/855/515 512/809/512
f 512/809/512 533/856/533 534/857/534
f 512/809/512 534/857/534 529/850/529
f 535/858/535 448/742/448 400/658/400
f 515/855/515 516/859/516 533/856/533
f 536/860/536 537/861/537 538/862/538
f 534/857/534 537/861/537 536/860/536
f 445/863/445 537/861/537 534/857/534
f 516/859/516 534/857/534 533/856/533
f 516/859/516 445/863/445 534/857/534
f 529/850/529 539/864/539 530/851/530
f 540/865/540 541/866/541 513/867/513
f 537/861/537 542/868/542 538/862/538
f 538/862/538 542/868/542 543/869/543
f 445/701/445 517/820/517 537/870/537
f 537/870/537 517/820/517 542/871/542
f 539/872/539 544/873/544 530/874/530
f 530/874/530 545/875/545 532/876/532
f 517/820/517 543/877/543 542/871/542
f 530/874/530 544/873/544 545/875/545
f 513/821/513 541/878/541 518/822/518
f 532/876/532 545/875/545 546/879/546
f 545/880/545 547/881/547 546/882/546
f 548/883/548 549/884/549 520/826/520
f 519/824/519 520/826/520 549/884/549
f 470/741/470 548/883/548 520/826/520
f 470/741/470 544/873/544 548/883/548
f 470/741/470 550/885/550 544/873/544
f 544/873/544 550/885/550 545/875/545
f 521/827/521 545/875/545 550/885/550
f 521/831/521 551/886/551 545/880/545
f 545/880/545 551/886/551 552/887/552
f 417/659/417 523/832/523 553/888/553
f 470/741/470 522/828/522 550/885/550
f 521/827/521 550/885/550 522/828/522
f 521/831/521 472/830/472 551/886/551
f 518/822/518 554/889/554 524/833/524
f 472/830/472 552/887/552 551/886/551
f 472/830/472 555/890/555 552/887/552
f 472/830/472 556/891/556 555/890/555
f 477/892/477 556/891/556 472/830/472
f 494/775/494 524/893/524 495/776/495
f 421/664/421 557/894/557 523/835/523
f 496/778/496 525/840/525 558/895/558
f 525/843/525 406/842/406 559/896/559
f 393/717/393 377/567/377 560/897/560
f 407/898/407 561/899/561 562/900/562
f 379/574/379 314/573/314 563/901/563
f 314/573/314 527/848/527 563/901/563
f 564/902/564 380/903/380 407/904/407
f 457/721/457 380/720/380 483/760/483
f 502/787/502 565/905/565 458/722/458
f 458/722/458 565/905/565 438/788/438
f 502/787/502 438/788/438 565/905/565
f 396/686/396 438/788/438 502/787/502
f 460/725/460 412/690/412 425/668/425
f 566/906/566 486/763/486 485/762/485
f 426/669/426 485/762/485 461/726/461
f 345/907/345 366/908/366 346/909/346
f 508/799/508 506/797/506 507/798/507
f 509/804/509 567/910/567 508/911/508
f 510/803/510 567/910/567 509/804/509
f 510/803/510 568/912/568 567/910/567
f 513/867/513 569/913/569 570/914/570
f 531/853/531 568/912/568 510/803/510
f 571/915/571 572/916/572 535/858/535
f 532/854/532 573/917/573 531/853/531
f 448/742/448 535/858/535 572/916/572
f 513/867/513 570/914/570 540/865/540
f 546/879/546 573/918/573 532/876/532
f 546/879/546 574/919/574 573/918/573
f 536/860/536 538/862/538 575/920/575
f 536/860/536 575/920/575 534/857/534
f 534/857/534 576/921/576 529/850/529
f 543/869/543 577/922/577 575/920/575
f 538/862/538 543/869/543 575/920/575
f 575/920/575 577/922/577 534/857/534
f 577/922/577 578/923/578 579/924/579
f 543/869/543 517/925/517 577/922/577
f 517/925/517 578/923/578 577/922/577
f 578/923/578 580/926/580 579/924/579
f 517/820/517 580/927/580 578/928/578
f 517/820/517 581/929/581 580/927/580
f 517/820/517 465/773/465 581/929/581
f 539/872/539 548/883/548 544/873/544
f 519/824/519 548/883/548 539/872/539
f 539/872/539 582/930/582 519/824/519
f 465/734/465 519/824/519 582/930/582
f 549/884/549 548/883/548 519/824/519
f 547/881/547 545/880/545 552/887/552
f 556/891/556 583/931/583 555/890/555
f 556/891/556 477/892/477 583/931/583
f 477/892/477 584/932/584 583/931/583
f 477/892/477 585/933/585 584/932/584
f 477/892/477 586/934/586 585/933/585
f 477/779/477 496/778/496 586/935/586
f 524/893/524 526/846/526 495/776/495
f 558/895/558 525/840/525 587/936/587
f 495/776/495 526/846/526 405/625/405
f 587/937/587 525/843/525 559/896/559
f 421/664/421 481/757/481 557/894/557
f 357/531/357 481/757/481 312/462/312
f 455/714/455 588/938/588 433/715/433
f 455/939/455 393/717/393 589/940/589
f 434/683/434 337/502/337 590/941/590
f 394/604/394 561/942/561 407/629/407
f 313/464/313 379/572/379 591/943/591
f 407/904/407 562/944/562 564/902/564
f 315/468/315 358/532/358 592/945/592
f 483/946/483 593/947/593 498/948/498
f 386/587/386 594/949/594 440/691/440
f 595/950/595 504/951/504 413/792/413
f 320/475/320 504/793/504 363/544/363
f 513/952/513 506/953/506 569/954/569
f 508/955/508 567/956/567 506/953/506
f 531/853/531 596/957/596 568/912/568
f 531/853/531 573/917/573 596/957/596
f 573/958/573 597/959/597 596/960/596
f 598/961/598 572/916/572 571/915/571
f 577/922/577 599/962/599 534/857/534
f 599/962/599 576/921/576 534/857/534
f 577/922/577 579/924/579 599/962/599
f 576/921/576 600/963/600 529/850/529
f 529/850/529 600/963/600 539/864/539
f 546/882/546 547/881/547 574/964/574
f 547/881/547 601/965/601 574/964/574
f 400/658/400 390/657/390 602/966/602
f 579/924/579 580/926/580 599/962/599
f 580/926/580 581/967/581 599/962/599
f 581/967/581 603/968/603 599/962/599
f 599/962/599 603/968/603 576/921/576
f 581/969/581 604/970/604 603/971/603
f 581/969/581 605/972/605 604/970/604
f 581/973/581 465/734/465 605/974/605
f 539/872/539 606/975/606 465/734/465
f 465/734/465 582/930/582 539/872/539
f 539/872/539 607/976/607 606/975/606
f 606/975/606 605/974/605 465/734/465
f 606/975/606 608/977/608 605/974/605
f 607/976/607 608/977/608 606/975/606
f 547/881/547 552/887/552 601/965/601
f 518/822/518 541/878/541 554/889/554
f 552/887/552 555/890/555 601/965/601
f 555/890/555 583/931/583 601/965/601
f 583/931/583 609/978/609 601/965/601
f 584/932/584 609/978/609 583/931/583
f 584/932/584 585/933/585 609/978/609
f 496/778/496 610/979/610 586/935/586
f 496/778/496 558/895/558 610/979/610
f 587/936/587 611/980/611 558/895/558
f 587/936/587 612/981/612 611/980/611
f 587/937/587 559/896/559 612/982/612
f 406/758/406 433/682/433 613/983/613
f 455/939/455 589/940/589 588/984/588
f 393/717/393 560/897/560 589/940/589
f 614/985/614 561/942/561 394/604/394
f 591/943/591 615/986/615 313/464/313
f 379/574/379 616/987/616 591/988/591
f 379/574/379 563/901/563 616/987/616
f 527/848/527 617/989/617 563/901/563
f 482/847/482 618/990/618 527/848/527
f 482/847/482 619/991/619 618/990/618
f 498/948/498 620/992/620 621/993/621
f 498/948/498 593/947/593 620/992/620
f 593/947/593 622/994/622 620/992/620
f 593/947/593 483/946/483 622/994/622
f 483/946/483 623/995/623 622/994/622
f 380/903/380 564/902/564 623/995/623
f 380/903/380 623/995/623 483/946/483
f 340/789/340 384/996/384 503/790/503
f 410/638/410 624/997/624 459/998/459
f 625/999/625 386/587/386 486/763/486
f 486/763/486 566/906/566 626/1000/626
f 427/670/427 322/477/322 627/1001/627
f 535/858/535 400/658/400 602/966/602
f 573/958/573 574/1002/574 628/1003/628
f 573/958/573 628/1003/628 597/959/597
f 448/742/448 572/916/572 598/961/598
f 576/921/576 603/968/603 629/1004/629
f 576/921/576 629/1004/629 600/963/600
f 448/742/448 598/961/598 431/1005/431
f 603/968/603 604/1006/604 629/1004/629
f 604/1006/604 600/963/600 629/1004/629
f 604/1006/604 630/1007/630 600/963/600
f 539/864/539 631/1008/631 632/1009/632
f 539/864/539 600/963/600 631/1008/631
f 539/872/539 632/1010/632 607/976/607
f 604/1006/604 633/1011/633 630/1007/630
f 605/974/605 633/1012/633 604/1013/604
f 605/974/605 634/1014/634 633/1012/633
f 631/1008/631 635/1015/635 632/1009/632
f 632/1010/632 635/1016/635 605/974/605
f 605/974/605 608/977/608 632/1010/632
f 605/974/605 635/1016/635 634/1014/634
f 607/976/607 632/1010/632 608/977/608
f 601/965/601 609/978/609 636/1017/636
f 609/978/609 585/933/585 636/1017/636
f 585/933/585 637/1018/637 636/1017/636
f 585/933/585 586/934/586 637/1018/637
f 586/935/586 610/979/610 637/1019/637
f 612/981/612 638/1020/638 611/980/611
f 612/982/612 559/896/559 638/1021/638
f 559/896/559 613/1022/613 638/1021/638
f 559/896/559 406/842/406 613/1022/613
f 334/716/334 480/755/480 639/1023/639
f 433/715/433 588/938/588 640/1024/640
f 334/716/334 614/985/614 394/604/394
f 377/567/377 456/718/456 560/897/560
f 616/987/616 615/1025/615 591/988/591
f 615/1025/615 616/987/616 641/1026/641
f 616/987/616 563/901/563 641/1026/641
f 527/848/527 642/1027/642 617/989/617
f 618/990/618 642/1027/642 527/848/527
f 482/847/482 498/1028/498 619/991/619
f 562/944/562 643/1029/643 564/902/564
f 643/1029/643 644/1030/644 564/902/564
f 622/994/622 644/1030/644 645/1031/645
f 622/994/622 623/995/623 644/1030/644
f 564/902/564 644/1030/644 623/995/623
f 384/585/384 424/667/424 440/691/440
f 412/642/412 595/950/595 413/792/413
f 594/949/594 386/587/386 625/999/625
f 646/1032/646 647/1033/647 648/1034/648
f 569/954/569 506/953/506 649/1035/649
f 650/1036/650 571/915/571 535/858/535
f 651/1037/651 567/910/567 568/912/568
f 651/1037/651 568/912/568 596/957/596
f 598/961/598 571/915/571 652/1038/652
f 628/1003/628 574/1002/574 653/1039/653
f 654/1040/654 541/866/541 540/865/540
f 574/964/574 601/965/601 653/1041/653
f 653/1041/653 601/965/601 655/1042/655
f 553/888/553 523/832/523 656/1043/656
f 600/963/600 630/1007/630 657/1044/657
f 600/963/600 657/1044/657 631/1008/631
f 630/1007/630 633/1011/633 657/1044/657
f 633/1011/633 658/1045/658 657/1044/657
f 631/1008/631 657/1044/657 658/1045/658
f 631/1008/631 658/1045/658 635/1015/635
f 659/1046/659 431/836/431 598/1047/598
f 633/1012/633 634/1014/634 658/1048/658
f 635/1016/635 658/1048/658 634/1014/634
f 655/1042/655 601/965/601 660/1049/660
f 660/1049/660 601/965/601 636/1017/636
f 636/1017/636 637/1018/637 660/1049/660
f 637/1018/637 610/1050/610 660/1049/660
f 660/1051/660 610/979/610 661/1052/661
f 661/1052/661 610/979/610 558/895/558
f 661/1052/661 558/895/558 662/1053/662
f 554/1054/554 526/846/526 524/893/524
f 662/1053/662 558/895/558 611/980/611
f 497/780/497 262/380/262 526/1055/526
f 433/682/433 640/1056/640 613/983/613
f 639/1023/639 614/985/614 334/716/334
f 590/941/590 337/502/337 408/1057/408
f 456/718/456 313/464/313 560/897/560
f 663/1058/663 641/1026/641 563/901/563
f 615/1025/615 641/1026/641 663/1058/663
f 663/1058/663 563/901/563 664/1059/664
f 664/1059/664 563/901/563 617/989/617
f 378/569/378 592/1060/592 358/570/358
f 617/989/617 642/1027/642 665/1061/665
f 665/1061/665 642/1027/642 618/990/618
f 665/1061/665 618/990/618 619/991/619
f 665/1061/665 619/991/619 621/1062/621
f 621/1062/621 619/991/619 498/1028/498
f 408/634/408 381/608/381 666/1063/666
f 621/993/621 620/992/620 667/1064/667
f 667/1064/667 620/992/620 622/994/622
f 643/1029/643 645/1031/645 644/1030/644
f 622/994/622 668/1065/668 667/1064/667
f 669/1066/669 668/1065/668 622/994/622
f 669/1066/669 622/994/622 645/1031/645
f 643/1029/643 669/1066/669 645/1031/645
f 670/1067/670 671/1068/671 672/1069/672
f 670/1067/670 672/1069/672 673/1070/673
f 315/468/315 528/849/528 422/665/422
f 528/849/528 624/997/624 249/356/249
f 410/638/410 249/356/249 624/997/624
f 460/725/460 674/1071/674 412/690/412
f 486/763/486 626/1000/626 625/999/625
f 675/1072/675 504/951/504 595/950/595
f 626/1000/626 566/906/566 676/1073/676
f 485/1074/485 426/692/426 677/1075/677
f 366/908/366 678/1076/678 346/909/346
f 678/1077/678 679/1078/679 346/548/346
f 680/1079/680 648/1034/648 647/1033/647
f 647/1033/647 646/1032/646 681/1080/681
f 650/1036/650 535/858/535 682/1081/682
f 569/913/569 683/1082/683 570/914/570
f 597/959/597 684/1083/684 596/960/596
f 683/1082/683 540/865/540 570/914/570
f 684/1083/684 597/959/597 628/1003/628
f 541/878/541 685/1084/685 554/889/554
f 655/1042/655 660/1049/660 686/1085/686
f 390/1086/390 454/1087/454 687/1088/687
f 662/1053/662 688/1089/688 661/1052/661
f 662/1053/662 689/1090/689 688/1089/688
f 662/1053/662 611/980/611 689/1090/689
f 611/980/611 638/1020/638 689/1090/689
f 689/1091/689 638/1021/638 690/1092/690
f 638/1021/638 613/1022/613 690/1092/690
f 263/381/263 497/780/497 378/571/378
f 560/897/560 313/464/313 691/1093/691
f 313/464/313 615/986/615 691/1093/691
f 691/1094/691 615/1025/615 692/1095/692
f 615/1025/615 663/1058/663 692/1095/692
f 663/1058/663 664/1059/664 692/1095/692
f 692/1096/692 693/1097/693 694/1098/694
f 664/1059/664 693/1099/693 692/1095/692
f 617/989/617 693/1099/693 664/1059/664
f 665/1061/665 693/1099/693 617/989/617
f 562/944/562 695/1100/695 643/1029/643
f 695/1100/695 696/1101/696 643/1029/643
f 665/1061/665 621/1062/621 697/1102/697
f 621/993/621 698/1103/698 697/1104/697
f 667/1064/667 698/1103/698 621/993/621
f 643/1029/643 696/1101/696 669/1066/669
f 698/1103/698 699/1105/699 697/1104/697
f 669/1066/669 696/1101/696 668/1065/668
f 668/1065/668 700/1106/700 667/1064/667
f 668/1065/668 696/1101/696 701/1107/701
f 668/1065/668 701/1107/701 700/1106/700
f 698/1108/698 673/1070/673 699/1109/699
f 667/1064/667 670/1110/670 698/1103/698
f 700/1106/700 701/1107/701 670/1110/670
f 700/1106/700 670/1110/670 667/1064/667
f 698/1108/698 670/1067/670 673/1070/673
f 701/1107/701 671/1111/671 670/1110/670
f 701/1112/701 702/1113/702 671/1068/671
f 671/1068/671 702/1113/702 672/1069/672
f 672/1069/672 702/1113/702 673/1070/673
f 703/1114/703 699/1109/699 704/1115/704
f 673/1070/673 704/1115/704 699/1109/699
f 673/1070/673 702/1113/702 705/1116/705
f 673/1070/673 706/1117/706 704/1115/704
f 673/1070/673 705/1116/705 706/1117/706
f 707/1118/707 384/1119/384 440/1120/440
f 440/1120/440 708/1121/708 709/1122/709
f 440/691/440 594/949/594 708/1123/708
f 594/949/594 625/999/625 710/1124/710
f 626/1000/626 676/1073/676 625/999/625
f 504/951/504 675/1072/675 711/1125/711
f 387/671/387 677/1075/677 426/692/426
f 712/1126/712 713/1127/713 714/1128/714
f 715/1129/715 716/1130/716 712/1126/712
f 712/1126/712 716/1130/716 713/1127/713
f 646/1032/646 648/1034/648 717/1131/717
f 650/1036/650 682/1081/682 718/1132/718
f 649/1035/649 719/1133/719 569/954/569
f 567/956/567 720/1134/720 506/953/506
f 569/954/569 719/1133/719 683/1135/683
f 567/1136/567 721/1137/721 720/1138/720
f 596/960/596 722/1139/722 651/1140/651
f 567/910/567 651/1037/651 721/1141/721
f 553/888/553 476/751/476 417/659/417
f 655/1042/655 723/1142/723 653/1041/653
f 598/1047/598 724/1143/724 659/1046/659
f 541/866/541 654/1040/654 685/1144/685
f 655/1042/655 686/1085/686 723/1142/723
f 333/837/333 725/1145/725 454/838/454
f 661/1052/661 726/1146/726 660/1051/660
f 554/889/554 727/1147/727 526/1148/526
f 526/1149/526 727/1150/727 497/1151/497
f 640/1152/640 728/1153/728 613/1022/613
f 589/940/589 729/1154/729 588/984/588
f 561/942/561 614/985/614 730/1155/730
f 561/899/561 731/1156/731 562/900/562
f 693/1097/693 732/1157/732 694/1098/694
f 693/1097/693 733/1158/733 732/1157/732
f 693/1097/693 734/1159/734 733/1158/733
f 693/1099/693 665/1061/665 697/1102/697
f 693/1099/693 697/1102/697 734/1160/734
f 734/1161/734 697/1162/697 699/1163/699
f 696/1101/696 702/1164/702 701/1107/701
f 703/1114/703 735/1165/735 734/1166/734
f 699/1109/699 703/1114/703 734/1166/734
f 703/1114/703 736/1167/736 735/1165/735
f 703/1114/703 704/1115/704 736/1167/736
f 702/1113/702 737/1168/737 705/1116/705
f 704/1115/704 706/1117/706 736/1167/736
f 737/1168/737 738/1169/738 706/1117/706
f 706/1117/706 705/1116/705 737/1168/737
f 706/1117/706 739/1170/739 736/1167/736
f 738/1169/738 739/1170/739 706/1117/706
f 381/608/381 397/636/397 740/1171/740
f 459/724/459 674/1071/674 460/725/460
f 504/951/504 711/1125/711 363/1172/363
f 427/670/427 627/1001/627 387/671/387
f 322/477/322 414/651/414 627/1001/627
f 741/1173/741 714/1128/714 742/1174/742
f 713/1127/713 742/1174/742 714/1128/714
f 716/1130/716 715/1129/715 743/1175/743
f 743/1175/743 744/1176/744 716/1130/716
f 716/1130/716 744/1176/744 713/1127/713
f 745/1177/745 717/1131/717 648/1034/648
f 650/1036/650 652/1038/652 571/915/571
f 535/858/535 602/966/602 682/1081/682
f 596/960/596 684/1083/684 722/1139/722
f 540/865/540 683/1082/683 746/1178/746
f 747/1179/747 748/1180/748 553/888/553
f 653/1039/653 749/1181/749 628/1003/628
f 652/1182/652 724/1143/724 598/1047/598
f 553/888/553 750/1183/750 476/751/476
f 602/966/602 390/657/390 751/1184/751
f 653/1185/653 723/1186/723 749/1187/749
f 390/1086/390 687/1088/687 751/1188/751
f 523/835/523 557/894/557 656/1189/656
f 723/1142/723 686/1085/686 752/1190/752
f 685/1084/685 753/1191/753 554/889/554
f 431/836/431 754/1192/754 480/755/480
f 688/1089/688 689/1090/689 755/1193/755
f 688/1089/688 755/1193/755 661/1052/661
f 661/1194/661 755/1195/755 726/1196/726
f 689/1091/689 690/1092/690 756/1197/756
f 689/1091/689 756/1197/756 755/1195/755
f 639/1023/639 480/755/480 757/1198/757
f 357/531/357 434/683/434 758/1199/758
f 589/940/589 759/1200/759 729/1154/729
f 589/940/589 560/897/560 759/1200/759
f 730/1155/730 731/1201/731 561/942/561
f 694/1098/694 760/1202/760 692/1096/692
f 732/1157/732 760/1202/760 694/1098/694
f 733/1158/733 760/1202/760 732/1157/732
f 733/1158/733 734/1159/734 760/1202/760
f 696/1101/696 695/1100/695 702/1164/702
f 734/1203/734 735/1204/735 761/1205/761
f 702/1113/702 762/1206/762 737/1168/737
f 735/1165/735 736/1167/736 763/1207/763
f 737/1168/737 762/1206/762 738/1169/738
f 736/1167/736 764/1208/764 763/1207/763
f 738/1169/738 764/1208/764 739/1170/739
f 736/1167/736 739/1170/739 764/1208/764
f 440/1120/440 709/1122/709 707/1118/707
f 594/1209/594 765/1210/765 708/1121/708
f 594/1209/594 710/1211/710 765/1210/765
f 766/1212/766 675/1072/675 595/950/595
f 363/1172/363 711/1125/711 767/1213/767
f 363/1172/363 767/1213/767 505/1214/505
f 364/1215/364 768/1216/768 441/695/441
f 366/908/366 769/1217/769 678/1076/678
f 679/1078/679 414/651/414 346/548/346
f 714/1128/714 770/1218/770 712/1126/712
f 741/1173/741 742/1174/742 771/1219/771
f 772/1220/772 773/1221/773 774/1222/774
f 774/1222/774 773/1221/773 775/1223/775
f 712/1126/712 770/1218/770 715/1129/715
f 771/1219/771 742/1174/742 776/1224/776
f 773/1221/773 777/1225/777 775/1223/775
f 649/1035/649 778/1226/778 719/1133/719
f 651/1140/651 722/1139/722 721/1137/721
f 684/1083/684 779/1227/779 722/1139/722
f 780/1228/780 748/1180/748 747/1179/747
f 656/1043/656 780/1228/780 747/1179/747
f 553/888/553 656/1043/656 747/1179/747
f 781/1229/781 553/888/553 748/1180/748
f 540/865/540 746/1178/746 654/1040/654
f 659/1046/659 724/1143/724 782/1230/782
f 333/1231/333 476/1232/476 725/1233/725
f 725/1145/725 783/1234/783 454/838/454
f 660/1049/660 784/1235/784 686/1085/686
f 660/1236/660 726/1196/726 784/1237/784
f 755/1195/755 756/1197/756 726/1196/726
f 690/1092/690 613/1022/613 756/1197/756
f 640/1024/640 588/938/588 785/1238/785
f 588/938/588 729/1239/729 785/1238/785
f 614/985/614 786/1240/786 730/1155/730
f 560/897/560 787/1241/787 759/1200/759
f 560/897/560 691/1093/691 787/1241/787
f 691/1093/691 692/1242/692 787/1241/787
f 731/1156/731 788/1243/788 562/900/562
f 592/945/592 789/1244/789 315/468/315
f 695/1245/695 790/1246/790 702/1247/702
f 735/1165/735 763/1207/763 791/1248/791
f 763/1207/763 792/1249/792 791/1248/791
f 763/1207/763 793/1250/793 792/1249/792
f 762/1206/762 793/1250/793 738/1169/738
f 763/1207/763 764/1208/764 793/1250/793
f 738/1169/738 793/1250/793 764/1208/764
f 384/1119/384 707/1118/707 503/1251/503
f 708/1121/708 765/1210/765 794/1252/794
f 765/1210/765 795/1253/795 794/1252/794
f 710/1211/710 796/1254/796 795/1253/795
f 765/1210/765 710/1211/710 795/1253/795
f 766/1212/766 797/1255/797 675/1072/675
f 675/1072/675 797/1255/797 798/1256/798
f 675/1072/675 798/1256/798 711/1125/711
f 366/696/366 441/695/441 799/1257/799
f 366/696/366 799/1257/799 769/1258/769
f 714/1128/714 741/1173/741 800/1259/800
f 775/1223/775 801/1260/801 774/1222/774
f 772/1220/772 802/1261/802 773/1221/773
f 773/1221/773 802/1261/802 777/1225/777
f 803/1262/803 715/1129/715 770/1218/770
f 744/1176/744 804/1263/804 713/1127/713
f 745/1264/745 805/1265/805 717/1266/717
f 806/1267/806 807/1268/807 717/1266/717
f 717/1266/717 807/1268/807 808/1269/808
f 809/1270/809 810/1271/810 806/1267/806
f 809/1272/809 650/1036/650 718/1132/718
f 718/1132/718 811/1273/811 809/1272/809
f 506/953/506 778/1226/778 649/1035/649
f 778/1226/778 506/953/506 720/1134/720
f 719/1133/719 746/1274/746 683/1135/683
f 780/1228/780 781/1229/781 748/1180/748
f 553/888/553 781/1229/781 750/1183/750
f 431/836/431 659/1046/659 754/1192/754
f 454/838/454 812/1275/812 687/1276/687
f 686/1085/686 784/1235/784 752/1190/752
f 613/1022/613 728/1153/728 756/1197/756
f 497/780/497 813/1277/813 378/571/378
f 759/1200/759 787/1241/787 814/1278/814
f 408/1057/408 666/1279/666 590/941/590
f 562/1280/562 788/1281/788 695/1282/695
f 692/1096/692 760/1202/760 787/1283/787
f 666/1063/666 381/608/381 740/1171/740
f 792/1249/792 815/1284/815 791/1248/791
f 762/1285/762 815/1286/815 793/1287/793
f 792/1249/792 793/1250/793 815/1284/815
f 624/997/624 816/1288/816 459/998/459
f 459/724/459 816/1289/816 674/1071/674
f 817/1290/817 795/1253/795 796/1254/796
f 795/1253/795 817/1290/817 794/1252/794
f 566/1291/566 818/1292/818 676/1293/676
f 505/795/505 819/1294/819 364/796/364
f 800/1259/800 741/1173/741 820/1295/820
f 820/1295/820 741/1173/741 771/1219/771
f 770/1218/770 714/1128/714 821/1296/821
f 800/1259/800 821/1296/821 714/1128/714
f 803/1262/803 770/1218/770 821/1296/821
f 742/1174/742 713/1127/713 776/1224/776
f 822/1297/822 648/1034/648 680/1079/680
f 823/1298/823 824/1299/824 825/1300/825
f 805/1265/805 806/1267/806 717/1266/717
f 807/1268/807 806/1267/806 808/1269/808
f 806/1267/806 826/1301/826 808/1269/808
f 806/1267/806 810/1271/810 826/1301/826
f 809/1270/809 806/1267/806 805/1265/805
f 805/1265/805 827/1302/827 809/1270/809
f 809/1270/809 826/1301/826 810/1271/810
f 828/1303/828 780/1228/780 829/1304/829
f 778/1226/778 746/1274/746 719/1133/719
f 780/1228/780 830/1305/830 781/1229/781
f 830/1305/830 750/1183/750 781/1229/781
f 659/1046/659 782/1230/782 754/1192/754
f 831/1306/831 656/1189/656 557/894/557
f 557/894/557 832/1307/832 831/1306/831
f 833/1308/833 727/1147/727 554/889/554
f 557/894/557 481/757/481 832/1307/832
f 757/1198/757 480/755/480 754/1192/754
f 726/1196/726 756/1197/756 834/1309/834
f 758/1199/758 481/757/481 357/531/357
f 835/1310/835 497/780/497 727/1311/727
f 639/1023/639 836/1312/836 614/985/614
f 837/1313/837 729/1154/729 838/1314/838
f 729/1154/729 759/1200/759 838/1314/838
f 786/1240/786 731/1201/731 730/1155/730
f 838/1314/838 759/1200/759 814/1278/814
f 813/1315/813 839/1316/839 378/1317/378
f 760/1202/760 734/1159/734 840/1318/840
f 840/1319/840 734/1203/734 761/1205/761
f 761/1205/761 735/1204/735 841/1320/841
f 841/1320/841 791/1321/791 842/1322/842
f 841/1320/841 735/1204/735 791/1321/791
f 842/1322/842 791/1321/791 762/1285/762
f 762/1285/762 791/1321/791 843/1323/843
f 791/1321/791 815/1286/815 843/1323/843
f 762/1285/762 843/1323/843 815/1286/815
f 397/636/397 503/1324/503 740/1171/740
f 844/1325/844 817/1326/817 845/1327/845
f 845/1328/845 817/1290/817 796/1254/796
f 846/1329/846 847/1330/847 817/1326/817
f 709/1122/709 708/1121/708 847/1331/847
f 817/1290/817 847/1331/847 794/1252/794
f 794/1252/794 847/1331/847 708/1121/708
f 848/1332/848 798/1333/798 797/1334/797
f 848/1332/848 711/1335/711 798/1333/798
f 849/1336/849 799/1257/799 441/695/441
f 485/1074/485 677/1075/677 850/1337/850
f 851/1338/851 627/1001/627 414/651/414
f 820/1295/820 852/1339/852 800/1259/800
f 853/1340/853 774/1222/774 801/1260/801
f 803/1262/803 821/1296/821 854/1341/854
f 801/1260/801 775/1223/775 855/1342/855
f 802/1261/802 856/1343/856 777/1225/777
f 715/1129/715 803/1262/803 857/1344/857
f 743/1175/743 715/1129/715 857/1344/857
f 858/1345/858 823/1298/823 825/1300/825
f 859/1346/859 745/1177/745 648/1034/648
f 827/1347/827 650/1036/650 809/1272/809
f 860/1348/860 826/1301/826 809/1270/809
f 682/1081/682 861/1349/861 718/1132/718
f 720/1134/720 862/1350/862 778/1226/778
f 722/1139/722 863/1351/863 721/1137/721
f 721/1137/721 863/1351/863 720/1138/720
f 863/1351/863 722/1139/722 779/1227/779
f 828/1303/828 864/1352/864 780/1228/780
f 682/1081/682 602/966/602 861/1349/861
f 864/1352/864 830/1305/830 780/1228/780
f 778/1226/778 865/1353/865 746/1274/746
f 684/1083/684 866/1354/866 779/1227/779
f 684/1083/684 628/1003/628 866/1354/866
f 724/1143/724 867/1355/867 782/1230/782
f 654/1040/654 746/1178/746 868/1356/868
f 723/1186/723 752/1357/752 749/1187/749
f 868/1356/868 685/1144/685 654/1040/654
f 783/1234/783 812/1275/812 454/838/454
f 831/1306/831 832/1307/832 869/1358/869
f 753/1191/753 833/1308/833 554/889/554
f 784/1237/784 726/1196/726 834/1309/834
f 836/1312/836 870/1359/870 614/985/614
f 839/1360/839 592/1060/592 378/569/378
f 871/1361/871 762/1285/762 702/1247/702
f 761/1205/761 841/1320/841 872/1362/872
f 871/1361/871 873/1363/873 762/1285/762
f 841/1320/841 842/1322/842 873/1363/873
f 872/1362/872 841/1320/841 873/1363/873
f 762/1285/762 873/1363/873 842/1322/842
f 874/1364/874 315/468/315 789/1244/789
f 874/1364/874 528/849/528 315/468/315
f 503/1251/503 707/1118/707 875/1365/875
f 876/1366/876 844/1325/844 877/1367/877
f 844/1325/844 845/1327/845 877/1367/877
f 845/1327/845 878/1368/878 877/1367/877
f 846/1329/846 817/1326/817 844/1325/844
f 845/1328/845 796/1254/796 878/1369/878
f 625/999/625 879/1370/879 710/1124/710
f 711/1371/711 880/1372/880 767/1373/767
f 505/1374/505 881/1375/881 882/1376/882
f 505/1374/505 882/1376/882 819/1377/819
f 485/1074/485 883/1378/883 566/1379/566
f 852/1339/852 820/1295/820 884/1380/884
f 885/1381/885 800/1259/800 852/1339/852
f 853/1340/853 772/1220/772 774/1222/774
f 800/1259/800 885/1381/885 821/1296/821
f 854/1341/854 857/1344/857 803/1262/803
f 713/1127/713 804/1263/804 776/1224/776
f 822/1297/822 859/1346/859 648/1034/648
f 886/1382/886 887/1383/887 823/1298/823
f 886/1382/886 823/1298/823 858/1345/858
f 887/1383/887 888/1384/888 823/1298/823
f 888/1384/888 824/1299/824 823/1298/823
f 825/1300/825 824/1299/824 889/1385/889
f 826/1301/826 890/1386/890 808/1269/808
f 891/1387/891 827/1302/827 805/1265/805
f 892/1388/892 829/1304/829 893/1389/893
f 718/1132/718 861/1349/861 811/1273/811
f 864/1352/864 828/1303/828 829/1304/829
f 829/1304/829 780/1228/780 656/1043/656
f 830/1305/830 864/1352/864 750/1183/750
f 867/1355/867 754/1192/754 782/1230/782
f 894/1390/894 656/1189/656 831/1306/831
f 831/1306/831 869/1358/869 894/1390/894
f 727/1391/727 833/1392/833 835/1393/835
f 756/1197/756 728/1153/728 834/1309/834
f 835/1310/835 813/1277/813 497/780/497
f 729/1154/729 837/1313/837 785/1394/785
f 870/1359/870 786/1240/786 614/985/614
f 786/1240/786 788/1395/788 731/1201/731
f 838/1314/838 814/1278/814 895/1396/895
f 787/1283/787 896/1397/896 814/1398/814
f 788/1281/788 897/1399/897 695/1282/695
f 760/1202/760 896/1397/896 787/1283/787
f 898/1400/898 789/1401/789 592/1060/592
f 760/1202/760 840/1318/840 896/1397/896
f 790/1246/790 871/1361/871 702/1247/702
f 872/1362/872 899/1402/899 761/1205/761
f 871/1361/871 899/1402/899 873/1363/873
f 873/1363/873 899/1402/899 872/1362/872
f 503/1403/503 875/1404/875 900/1405/900
f 876/1366/876 877/1367/877 901/1406/901
f 877/1367/877 878/1368/878 901/1406/901
f 902/1407/902 847/1330/847 846/1329/846
f 709/1408/709 847/1330/847 902/1407/902
f 882/1376/882 903/1409/903 819/1377/819
f 819/1377/819 768/1216/768 364/1215/364
f 441/695/441 768/1216/768 849/1336/849
f 769/1217/769 904/1410/904 678/1076/678
f 852/1339/852 884/1380/884 905/1411/905
f 821/1412/821 906/1413/906 854/1414/854
f 856/1343/856 907/1415/907 777/1225/777
f 647/1033/647 908/1416/908 680/1079/680
f 822/1297/822 909/1417/909 859/1346/859
f 858/1345/858 825/1300/825 910/1418/910
f 859/1346/859 911/1419/911 745/1177/745
f 827/1347/827 891/1420/891 650/1036/650
f 891/1420/891 652/1038/652 650/1036/650
f 809/1270/809 811/1421/811 860/1348/860
f 912/1422/912 893/1389/893 913/1423/913
f 892/1388/892 914/1424/914 912/1422/912
f 912/1422/912 914/1424/914 893/1389/893
f 893/1389/893 914/1424/914 892/1388/892
f 892/1388/892 864/1352/864 829/1304/829
f 863/1351/863 779/1227/779 915/1425/915
f 602/1426/602 751/1188/751 861/1427/861
f 779/1227/779 866/1354/866 915/1425/915
f 628/1003/628 916/1428/916 866/1354/866
f 749/1181/749 916/1428/916 628/1003/628
f 725/1233/725 917/1429/917 918/1430/918
f 919/1431/919 754/1432/754 867/1433/867
f 752/1434/752 784/1435/784 749/1436/749
f 685/1437/685 868/1438/868 753/1439/753
f 784/1237/784 834/1309/834 920/1440/920
f 757/1198/757 754/1192/754 921/1441/921
f 434/683/434 590/941/590 758/1199/758
f 836/1312/836 922/1442/922 870/1359/870
f 895/1396/895 923/1443/923 838/1314/838
f 788/1444/788 786/1445/786 897/1446/897
f 814/1398/814 896/1397/896 895/1447/895
f 839/1360/839 898/1400/898 592/1060/592
f 899/1402/899 871/1361/871 924/1448/924
f 924/1448/924 925/1449/925 899/1402/899
f 761/1205/761 899/1402/899 925/1449/925
f 846/1329/846 876/1366/876 926/1450/926
f 926/1450/926 876/1366/876 901/1406/901
f 876/1366/876 846/1329/846 844/1325/844
f 674/1451/674 927/1452/927 412/1453/412
f 707/1118/707 709/1122/709 902/1454/902
f 625/999/625 676/1073/676 879/1370/879
f 711/1371/711 928/1455/928 880/1372/880
f 767/1373/767 929/1456/929 505/1457/505
f 881/1375/881 903/1409/903 882/1376/882
f 485/1074/485 850/1337/850 883/1378/883
f 679/1458/679 678/1076/678 930/1459/930
f 852/1339/852 905/1411/905 931/1460/931
f 801/1260/801 932/1461/932 853/1340/853
f 801/1260/801 855/1342/855 932/1461/932
f 771/1219/771 933/1462/933 820/1295/820
f 775/1223/775 777/1225/777 907/1415/907
f 744/1176/744 743/1175/743 804/1263/804
f 934/1463/934 822/1297/822 680/1079/680
f 886/1382/886 935/1464/935 936/1465/936
f 886/1382/886 858/1345/858 935/1464/935
f 681/1080/681 908/1416/908 647/1033/647
f 936/1465/936 887/1383/887 886/1382/886
f 937/1466/937 909/1417/909 822/1297/822
f 825/1300/825 889/1385/889 910/1418/910
f 859/1346/859 909/1417/909 911/1419/911
f 890/1386/890 826/1301/826 860/1348/860
f 913/1423/913 892/1388/892 912/1422/912
f 913/1423/913 938/1467/938 892/1388/892
f 893/1389/893 829/1304/829 939/1468/939
f 829/1304/829 656/1043/656 939/1468/939
f 862/1350/862 940/1469/940 778/1226/778
f 862/1350/862 941/1470/941 940/1469/940
f 862/1350/862 942/1471/942 941/1470/941
f 862/1472/862 943/1473/943 942/1474/942
f 720/1138/720 943/1473/943 862/1472/862
f 863/1351/863 944/1475/944 720/1138/720
f 720/1138/720 944/1475/944 943/1473/943
f 863/1351/863 915/1425/915 944/1475/944
f 915/1425/915 945/1476/945 944/1475/944
f 946/1477/946 865/1353/865 778/1226/778
f 864/1352/864 947/1478/947 750/1183/750
f 476/1232/476 948/1479/948 917/1429/917
f 725/1233/725 476/1232/476 917/1429/917
f 746/1480/746 865/1481/865 868/1438/868
f 784/1435/784 949/1482/949 749/1436/749
f 784/1435/784 950/1483/950 951/1484/951
f 784/1435/784 952/1485/952 950/1483/950
f 920/1440/920 952/1486/952 784/1237/784
f 754/1192/754 953/1487/953 921/1441/921
f 954/1488/954 481/757/481 758/1199/758
f 757/1198/757 921/1441/921 639/1023/639
f 640/1489/640 785/1490/785 728/1491/728
f 639/1023/639 922/1442/922 836/1312/836
f 870/1359/870 955/1492/955 786/1240/786
f 835/1493/835 839/1316/839 813/1315/813
f 897/1494/897 790/1246/790 695/1245/695
f 840/1319/840 761/1205/761 956/1495/956
f 761/1205/761 957/1496/957 956/1495/956
f 761/1205/761 924/1448/924 957/1496/957
f 761/1205/761 925/1449/925 924/1448/924
f 528/849/528 958/1497/958 624/997/624
f 816/1289/816 959/1498/959 674/1071/674
f 960/1499/960 961/1500/961 962/1501/962
f 960/1499/960 926/1450/926 961/1500/961
f 846/1329/846 926/1450/926 960/1499/960
f 926/1450/926 901/1406/901 961/1500/961
f 846/1329/846 963/1502/963 902/1407/902
f 766/1212/766 848/1503/848 797/1255/797
f 505/1457/505 929/1456/929 881/1504/881
f 566/1379/566 883/1378/883 818/1505/818
f 819/1377/819 964/1506/964 768/1216/768
f 851/1338/851 965/1507/965 627/1001/627
f 852/1339/852 931/1460/931 966/1508/966
f 852/1339/852 966/1508/966 885/1381/885
f 884/1380/884 967/1509/967 905/1411/905
f 821/1412/821 968/1510/968 906/1413/906
f 771/1219/771 776/1224/776 933/1462/933
f 855/1342/855 775/1223/775 969/1511/969
f 970/1512/970 907/1415/907 856/1343/856
f 888/1384/888 971/1513/971 824/1299/824
f 889/1385/889 824/1299/824 972/1514/972
f 745/1177/745 911/1419/911 805/1515/805
f 891/1516/891 973/1517/973 652/1518/652
f 938/1467/938 974/1519/974 892/1388/892
f 893/1389/893 939/1468/939 913/1423/913
f 974/1519/974 864/1352/864 892/1388/892
f 975/1520/975 976/1521/976 977/1522/977
f 977/1523/977 976/1524/976 978/1525/978
f 977/1523/977 978/1525/978 979/1526/979
f 975/1520/975 778/1226/778 940/1469/940
f 980/1527/980 778/1226/778 975/1520/975
f 975/1520/975 941/1470/941 976/1521/976
f 978/1525/978 981/1528/981 979/1526/979
f 946/1477/946 778/1226/778 980/1527/980
f 941/1470/941 975/1520/975 940/1469/940
f 941/1529/941 942/1530/942 976/1531/976
f 976/1524/976 942/1532/942 978/1525/978
f 894/1533/894 939/1468/939 656/1043/656
f 942/1532/942 982/1534/982 978/1525/978
f 978/1525/978 982/1534/982 981/1528/981
f 943/1473/943 982/1535/982 942/1474/942
f 944/1475/944 982/1535/982 943/1473/943
f 982/1535/982 944/1475/944 983/1536/983
f 983/1536/983 944/1475/944 945/1476/945
f 918/1537/918 783/1234/783 725/1145/725
f 984/1538/984 812/1275/812 783/1234/783
f 916/1539/916 749/1540/749 949/1541/949
f 985/1542/985 950/1483/950 952/1485/952
f 986/1543/986 920/1544/920 834/1545/834
f 986/1543/986 834/1545/834 987/1546/987
f 955/1492/955 870/1359/870 922/1442/922
f 988/1547/988 785/1548/785 837/1549/837
f 989/1550/989 839/1316/839 835/1493/835
f 837/1313/837 838/1314/838 923/1443/923
f 897/1551/897 786/1240/786 955/1492/955
f 990/1552/990 871/1361/871 790/1246/790
f 991/1553/991 956/1495/956 957/1496/957
f 992/1554/992 956/1495/956 991/1553/991
f 991/1553/991 957/1496/957 924/1448/924
f 993/1555/993 816/1288/816 624/997/624
f 994/1556/994 503/1403/503 900/1405/900
f 995/1557/995 996/1558/996 962/1559/962
f 962/1501/962 996/1560/996 960/1499/960
f 963/1502/963 846/1329/846 997/1561/997
f 846/1329/846 960/1499/960 997/1561/997
f 875/1365/875 707/1118/707 998/1562/998
f 998/1562/998 707/1118/707 902/1454/902
f 595/950/595 999/1563/999 766/1212/766
f 1000/1564/1000 928/1455/928 711/1371/711
f 1001/1565/1001 627/1001/627 965/1507/965
f 1002/1566/1002 414/651/414 679/1078/679
f 884/1380/884 820/1295/820 967/1509/967
f 1003/1567/1003 802/1261/802 772/1220/772
f 1003/1567/1003 772/1220/772 853/1340/853
f 854/1414/854 906/1413/906 857/1568/857
f 776/1224/776 804/1263/804 1004/1569/1004
f 1004/1569/1004 804/1263/804 743/1175/743
f 937/1466/937 1005/1570/1005 909/1417/909
f 1006/1571/1006 858/1345/858 910/1418/910
f 910/1418/910 889/1385/889 1007/1572/1007
f 971/1513/971 972/1514/972 824/1299/824
f 972/1514/972 1008/1573/1008 889/1385/889
f 646/1574/646 717/1266/717 1009/1575/1009
f 1009/1575/1009 717/1266/717 808/1269/808
f 913/1423/913 939/1468/939 1010/1576/1010
f 1011/1577/1011 860/1578/860 811/1579/811
f 979/1526/979 1012/1580/1012 977/1523/977
f 1013/1581/1013 975/1520/975 1014/1582/1014
f 1014/1582/1014 975/1520/975 977/1522/977
f 981/1528/981 1015/1583/1015 979/1526/979
f 652/1182/652 867/1355/867 724/1143/724
f 980/1527/980 975/1520/975 1013/1581/1013
f 981/1528/981 1016/1584/1016 1015/1583/1015
f 981/1528/981 982/1534/982 1016/1584/1016
f 982/1534/982 1017/1585/1017 1016/1584/1016
f 982/1534/982 983/1586/983 1017/1585/1017
f 939/1468/939 894/1533/894 1018/1587/1018
f 983/1586/983 945/1588/945 1017/1585/1017
f 1017/1585/1017 945/1588/945 1019/1589/1019
f 945/1476/945 915/1425/915 1020/1590/1020
f 1020/1590/1020 1021/1591/1021 945/1476/945
f 945/1476/945 1021/1591/1021 1019/1592/1019
f 948/1593/948 476/751/476 750/1183/750
f 861/1427/861 751/1188/751 1022/1594/1022
f 687/1088/687 1022/1594/1022 751/1188/751
f 949/1482/949 784/1435/784 1023/1595/1023
f 784/1435/784 951/1484/951 1023/1595/1023
f 919/1431/919 953/1596/953 754/1432/754
f 951/1484/951 950/1483/950 1024/1597/1024
f 1024/1597/1024 950/1483/950 985/1542/985
f 868/1438/868 1025/1598/1025 753/1439/753
f 753/1439/753 1025/1598/1025 833/1392/833
f 1025/1598/1025 1026/1599/1026 833/1392/833
f 832/1307/832 481/757/481 954/1488/954
f 833/1392/833 1026/1599/1026 835/1393/835
f 922/1442/922 639/1023/639 921/1441/921
f 895/1447/895 896/1397/896 1027/1600/1027
f 871/1361/871 990/1552/990 924/1448/924
f 956/1495/956 992/1554/992 1028/1601/1028
f 990/1552/990 1029/1602/1029 992/1554/992
f 990/1552/990 992/1554/992 991/1553/991
f 990/1552/990 991/1553/991 924/1448/924
f 992/1554/992 1029/1602/1029 1028/1601/1028
f 996/1558/996 995/1557/995 1030/1603/1030
f 997/1604/997 960/1605/960 996/1606/996
f 1031/1607/1031 963/1502/963 997/1561/997
f 1032/1608/1032 875/1365/875 998/1562/998
f 901/1406/901 878/1368/878 1033/1609/1033
f 766/1610/766 1034/1611/1034 848/1332/848
f 848/1332/848 1000/1612/1000 711/1335/711
f 928/1455/928 1000/1564/1000 880/1372/880
f 880/1372/880 929/1456/929 767/1373/767
f 1035/1613/1035 881/1504/881 929/1456/929
f 818/1614/818 883/1615/883 1036/1616/1036
f 1001/1565/1001 387/671/387 627/1001/627
f 966/1508/966 821/1296/821 885/1381/885
f 1003/1567/1003 853/1340/853 1037/1617/1037
f 820/1295/820 933/1462/933 967/1509/967
f 968/1510/968 1038/1618/1038 906/1413/906
f 775/1223/775 907/1415/907 969/1511/969
f 802/1261/802 970/1512/970 856/1343/856
f 776/1224/776 1004/1569/1004 1039/1619/1039
f 1040/1620/1040 934/1621/934 1041/1622/1041
f 1040/1620/1040 1042/1623/1042 934/1621/934
f 1043/1624/1043 1044/1625/1044 935/1464/935
f 935/1464/935 1044/1625/1044 936/1465/936
f 680/1079/680 908/1416/908 934/1463/934
f 888/1384/888 1045/1626/1045 971/1513/971
f 890/1386/890 860/1348/860 1046/1627/1046
f 977/1522/977 1047/1628/1047 1014/1582/1014
f 977/1523/977 1012/1580/1012 1047/1629/1047
f 980/1527/980 1013/1581/1013 946/1477/946
f 974/1519/974 1048/1630/1048 864/1352/864
f 1017/1585/1017 1049/1631/1049 1016/1584/1016
f 1017/1585/1017 1019/1589/1019 1049/1631/1049
f 1019/1589/1019 1021/1632/1021 1049/1631/1049
f 947/1478/947 864/1352/864 1048/1630/1048
f 1021/1632/1021 1050/1633/1050 1049/1631/1049
f 1020/1590/1020 1050/1634/1050 1021/1591/1021
f 947/1478/947 948/1593/948 750/1183/750
f 915/1425/915 1051/1635/1051 1020/1590/1020
f 915/1425/915 866/1354/866 1051/1635/1051
f 783/1234/783 918/1537/918 984/1538/984
f 984/1538/984 1052/1636/1052 812/1275/812
f 1022/1594/1022 687/1088/687 1053/1637/1053
f 1052/1636/1052 687/1276/687 812/1275/812
f 949/1541/949 1023/1638/1023 1054/1639/1054
f 1023/1595/1023 1055/1640/1055 1054/1641/1054
f 869/1358/869 1056/1642/1056 894/1390/894
f 1023/1595/1023 1057/1643/1057 1055/1640/1055
f 951/1484/951 1057/1643/1057 1023/1595/1023
f 951/1484/951 1024/1597/1024 1057/1643/1057
f 1024/1597/1024 1058/1644/1058 1057/1643/1057
f 869/1358/869 832/1307/832 1056/1642/1056
f 1024/1597/1024 985/1542/985 1058/1644/1058
f 985/1542/985 1059/1645/1059 1058/1644/1058
f 985/1542/985 952/1485/952 1059/1645/1059
f 952/1646/952 1060/1647/1060 1059/1648/1059
f 1060/1647/1060 920/1544/920 1061/1649/1061
f 952/1646/952 920/1544/920 1060/1647/1060
f 986/1543/986 1061/1649/1061 920/1544/920
f 834/1309/834 728/1153/728 987/1650/987
f 922/1442/922 1062/1651/1062 955/1492/955
f 923/1443/923 895/1396/895 1063/1652/1063
f 840/1318/840 1064/1653/1064 896/1397/896
f 956/1495/956 1064/1654/1064 840/1319/840
f 956/1495/956 1028/1601/1028 1064/1654/1064
f 990/1552/990 1065/1655/1065 1029/1602/1029
f 1028/1601/1028 1029/1602/1029 1066/1656/1066
f 1029/1602/1029 1065/1655/1065 1066/1656/1066
f 1067/1657/1067 1028/1601/1028 1066/1656/1066
f 1067/1657/1067 1068/1658/1068 1028/1601/1028
f 503/1403/503 994/1556/994 740/1659/740
f 996/1606/996 1030/1660/1030 997/1604/997
f 995/1661/995 962/1501/962 961/1500/961
f 412/642/412 999/1563/999 595/950/595
f 677/1075/677 387/671/387 850/1337/850
f 853/1662/853 932/1663/932 1069/1664/1069
f 1003/1567/1003 1070/1665/1070 802/1261/802
f 906/1413/906 1071/1666/1071 857/1568/857
f 970/1667/970 1072/1668/1072 907/1669/907
f 970/1667/970 1040/1670/1040 1073/1671/1073
f 970/1667/970 1073/1671/1073 1072/1668/1072
f 1073/1672/1073 1040/1620/1040 1041/1622/1041
f 822/1297/822 934/1463/934 1042/1673/1042
f 1043/1624/1043 935/1464/935 1074/1674/1074
f 910/1418/910 1007/1572/1007 1006/1571/1006
f 972/1514/972 971/1513/971 1075/1675/1075
f 911/1419/911 891/1676/891 805/1515/805
f 972/1514/972 1076/1677/1076 1077/1678/1077
f 1076/1677/1076 1010/1679/1010 1077/1678/1077
f 1010/1576/1010 1078/1680/1078 913/1423/913
f 1078/1680/1078 938/1467/938 913/1423/913
f 811/1681/811 861/1427/861 1011/1682/1011
f 979/1526/979 1015/1583/1015 1012/1580/1012
f 867/1433/867 652/1518/652 919/1431/919
f 1014/1582/1014 1079/1683/1079 1013/1581/1013
f 946/1684/946 1079/1685/1079 1080/1686/1080
f 1013/1581/1013 1079/1683/1079 946/1477/946
f 1016/1584/1016 1049/1631/1049 1081/1687/1081
f 947/1478/947 1048/1630/1048 948/1593/948
f 1081/1687/1081 1049/1631/1049 1050/1633/1050
f 1050/1634/1050 1020/1590/1020 1082/1688/1082
f 1050/1633/1050 1082/1689/1082 1083/1690/1083
f 1050/1633/1050 1083/1690/1083 1081/1687/1081
f 1080/1686/1080 1084/1691/1084 946/1684/946
f 946/1684/946 1084/1691/1084 865/1481/865
f 1020/1590/1020 1085/1692/1085 1082/1688/1082
f 1020/1590/1020 1051/1635/1051 1085/1692/1085
f 984/1538/984 1086/1693/1086 1052/1636/1052
f 865/1481/865 1084/1691/1084 1087/1694/1087
f 687/1088/687 1088/1695/1088 1053/1637/1053
f 1052/1696/1052 1088/1695/1088 687/1088/687
f 865/1481/865 1087/1694/1087 868/1438/868
f 1089/1697/1089 921/1698/921 953/1699/953
f 895/1700/895 1027/1701/1027 1063/1702/1063
f 1027/1701/1027 1090/1703/1090 1063/1702/1063
f 1027/1600/1027 896/1397/896 1091/1704/1091
f 1066/1656/1066 1065/1655/1065 1067/1657/1067
f 1028/1601/1028 1068/1658/1068 1092/1705/1092
f 1067/1657/1067 1093/1706/1093 1068/1658/1068
f 1067/1657/1067 1065/1655/1065 1093/1706/1093
f 1068/1658/1068 1094/1707/1094 1092/1705/1092
f 1068/1658/1068 1093/1706/1093 1094/1707/1094
f 1093/1706/1093 1095/1708/1095 1094/1707/1094
f 1093/1706/1093 1096/1709/1096 1095/1708/1095
f 1095/1708/1095 1096/1709/1096 1094/1707/1094
f 1092/1705/1092 1094/1707/1094 1097/1710/1097
f 1094/1707/1094 1096/1709/1096 1097/1710/1097
f 1096/1709/1096 1098/1711/1098 1097/1710/1097
f 1098/1711/1098 1096/1709/1096 1099/1712/1099
f 1098/1713/1098 1100/1714/1100 1097/1715/1097
f 1097/1715/1097 1100/1714/1100 1101/1716/1101
f 1098/1717/1098 1099/1718/1099 1100/1719/1100
f 1100/1719/1100 1102/1720/1102 1101/1721/1101
f 1100/1719/1100 1099/1718/1099 1103/1722/1103
f 1100/1719/1100 1103/1722/1103 1102/1720/1102
f 1103/1722/1103 1104/1723/1104 1102/1720/1102
f 958/1497/958 1105/1724/1105 624/997/624
f 1105/1724/1105 993/1555/993 624/997/624
f 1030/1603/1030 995/1557/995 1106/1725/1106
f 900/1405/900 875/1404/875 1107/1726/1107
f 1107/1726/1107 875/1404/875 1032/1727/1032
f 998/1728/998 902/1407/902 1108/1729/1108
f 903/1409/903 1109/1730/1109 819/1377/819
f 1109/1730/1109 964/1506/964 819/1377/819
f 1110/1731/1110 883/1378/883 850/1337/850
f 799/1257/799 904/1732/904 769/1258/769
f 853/1662/853 1069/1664/1069 1111/1733/1111
f 1037/1734/1037 853/1662/853 1111/1733/1111
f 1112/1735/1112 821/1412/821 966/1736/966
f 968/1510/968 821/1412/821 1112/1735/1112
f 932/1663/932 855/1737/855 1113/1738/1113
f 855/1737/855 1114/1739/1114 1113/1738/1113
f 855/1740/855 969/1741/969 1115/1742/1115
f 1116/1743/1116 743/1175/743 857/1344/857
f 1004/1569/1004 743/1175/743 1117/1744/1117
f 743/1175/743 1118/1745/1118 1117/1744/1117
f 934/1621/934 1119/1746/1119 1041/1622/1041
f 1118/1747/1118 1043/1624/1043 1117/1748/1117
f 1043/1624/1043 1074/1674/1074 1117/1748/1117
f 1120/1749/1120 1005/1570/1005 937/1466/937
f 1120/1749/1120 1121/1750/1121 1005/1570/1005
f 909/1417/909 1122/1751/1122 911/1419/911
f 1077/1678/1077 1008/1573/1008 972/1514/972
f 1076/1677/1076 1123/1752/1123 1010/1679/1010
f 1077/1678/1077 1010/1679/1010 1008/1573/1008
f 939/1468/939 1124/1753/1124 1010/1576/1010
f 973/1517/973 1125/1754/1125 652/1518/652
f 1078/1680/1078 974/1519/974 938/1467/938
f 1126/1755/1126 939/1468/939 1018/1587/1018
f 1125/1754/1125 919/1431/919 652/1518/652
f 1016/1584/1016 1127/1756/1127 1015/1583/1015
f 1016/1584/1016 1081/1687/1081 1127/1756/1127
f 1081/1687/1081 1128/1757/1128 1127/1756/1127
f 1081/1687/1081 1083/1690/1083 1128/1757/1128
f 1082/1689/1082 1129/1758/1129 1083/1690/1083
f 1083/1690/1083 1129/1758/1129 1128/1757/1128
f 1130/1759/1130 917/1429/917 948/1479/948
f 1131/1760/1131 1084/1691/1084 1080/1686/1080
f 1082/1689/1082 1085/1761/1085 1129/1758/1129
f 1129/1758/1129 1085/1761/1085 1132/1762/1132
f 1129/1758/1129 1132/1762/1132 1128/1757/1128
f 1085/1761/1085 1051/1763/1051 1132/1762/1132
f 1051/1763/1051 1133/1764/1133 1132/1762/1132
f 1131/1760/1131 1087/1694/1087 1084/1691/1084
f 1051/1765/1051 1134/1766/1134 1133/1767/1133
f 1051/1765/1051 866/1768/866 1135/1769/1135
f 1051/1765/1051 1135/1769/1135 1134/1766/1134
f 866/1770/866 916/1539/916 1135/1771/1135
f 1135/1771/1135 916/1539/916 1136/1772/1136
f 916/1539/916 1054/1639/1054 1136/1772/1136
f 916/1539/916 949/1541/949 1054/1639/1054
f 1136/1772/1136 1054/1639/1054 1137/1773/1137
f 894/1390/894 1056/1642/1056 1138/1774/1138
f 1137/1773/1137 1054/1639/1054 1139/1775/1139
f 1054/1639/1054 1055/1776/1055 1139/1775/1139
f 1056/1777/1056 1140/1778/1140 1138/1779/1138
f 1055/1640/1055 1057/1643/1057 1141/1780/1141
f 1057/1643/1057 1058/1644/1058 1141/1780/1141
f 832/1307/832 954/1488/954 1056/1642/1056
f 1059/1645/1059 1142/1781/1142 1058/1644/1058
f 1061/1649/1061 1059/1648/1059 1060/1647/1060
f 1061/1649/1061 986/1543/986 1143/1782/1143
f 785/1490/785 988/1783/988 728/1491/728
f 1144/1784/1144 989/1785/989 835/1393/835
f 923/1786/923 1063/1702/1063 1145/1787/1145
f 1090/1703/1090 1027/1701/1027 1091/1788/1091
f 896/1397/896 1064/1653/1064 1091/1704/1091
f 1064/1654/1064 1028/1601/1028 1092/1705/1092
f 790/1246/790 1065/1655/1065 990/1552/990
f 1097/1710/1097 1101/1789/1101 1092/1705/1092
f 1146/1790/1146 1101/1721/1101 1102/1720/1102
f 1147/1791/1147 1103/1722/1103 1099/1718/1099
f 1102/1720/1102 1104/1723/1104 1146/1790/1146
f 1146/1790/1146 1104/1723/1104 1148/1792/1148
f 1147/1791/1147 1104/1723/1104 1103/1722/1103
f 1148/1792/1148 1104/1723/1104 1147/1791/1147
f 1149/1793/1149 1030/1660/1030 1150/1794/1150
f 1150/1795/1150 1030/1603/1030 1106/1725/1106
f 997/1604/997 1030/1660/1030 1149/1793/1149
f 995/1661/995 961/1500/961 1033/1609/1033
f 1107/1726/1107 1032/1727/1032 1151/1796/1151
f 1032/1608/1032 998/1562/998 1151/1797/1151
f 1151/1796/1151 998/1798/998 1108/1799/1108
f 902/1407/902 963/1502/963 1108/1729/1108
f 710/1800/710 879/1801/879 1152/1802/1152
f 1035/1803/1035 903/1409/903 881/1375/881
f 1153/1804/1153 768/1216/768 964/1506/964
f 1153/1804/1153 849/1336/849 768/1216/768
f 1154/1805/1154 799/1257/799 849/1336/849
f 678/1076/678 1155/1806/1155 930/1459/930
f 1156/1807/1156 965/1507/965 851/1338/851
f 1157/1808/1157 966/1508/966 931/1460/931
f 1069/1664/1069 932/1663/932 1113/1738/1113
f 1158/1809/1158 1038/1618/1038 968/1510/968
f 1038/1618/1038 1071/1666/1071 906/1413/906
f 802/1261/802 1159/1810/1159 970/1512/970
f 1160/1811/1160 907/1669/907 1072/1668/1072
f 1161/1812/1161 1072/1668/1072 1073/1671/1073
f 1118/1747/1118 1044/1625/1044 1043/1624/1043
f 1162/1813/1162 936/1465/936 1044/1625/1044
f 934/1463/934 908/1416/908 1163/1814/1163
f 1042/1673/1042 937/1466/937 822/1297/822
f 1162/1813/1162 887/1383/887 936/1465/936
f 908/1416/908 681/1080/681 1163/1814/1163
f 1045/1626/1045 888/1384/888 887/1383/887
f 1005/1570/1005 1122/1751/1122 909/1417/909
f 1008/1573/1008 1007/1572/1007 889/1385/889
f 1123/1752/1123 972/1514/972 1075/1675/1075
f 972/1514/972 1123/1752/1123 1076/1677/1076
f 1010/1815/1010 1124/1816/1124 1008/1817/1008
f 939/1468/939 1164/1818/1164 1124/1753/1124
f 1165/1819/1165 1012/1580/1012 1015/1583/1015
f 1166/1820/1166 1015/1583/1015 1127/1756/1127
f 1167/1821/1167 1086/1693/1086 984/1538/984
f 1167/1821/1167 984/1538/984 918/1537/918
f 1128/1757/1128 1132/1762/1132 1168/1822/1168
f 1127/1756/1127 1128/1757/1128 1168/1822/1168
f 861/1427/861 1022/1594/1022 1169/1823/1169
f 1169/1823/1169 1022/1594/1022 1053/1637/1053
f 1133/1764/1133 1168/1822/1168 1132/1762/1132
f 1133/1764/1133 1134/1824/1134 1168/1822/1168
f 1168/1822/1168 1134/1824/1134 1170/1825/1170
f 1170/1826/1170 1134/1827/1134 1171/1828/1171
f 1134/1827/1134 1135/1771/1135 1171/1828/1171
f 1171/1828/1171 1135/1771/1135 1137/1773/1137
f 1136/1772/1136 1137/1773/1137 1135/1771/1135
f 1089/1829/1089 919/1431/919 1172/1830/1172
f 919/1431/919 1089/1829/1089 953/1596/953
f 1139/1831/1139 1055/1640/1055 1141/1780/1141
f 1025/1598/1025 868/1438/868 1087/1694/1087
f 1141/1780/1141 1058/1644/1058 1142/1781/1142
f 1056/1777/1056 954/1832/954 1140/1778/1140
f 1142/1833/1142 1059/1648/1059 1173/1834/1173
f 1173/1834/1173 1061/1649/1061 1143/1782/1143
f 1173/1834/1173 1059/1648/1059 1061/1649/1061
f 988/1835/988 837/1313/837 1174/1836/1174
f 837/1313/837 923/1443/923 1174/1836/1174
f 1145/1787/1145 1063/1702/1063 1175/1837/1175
f 1175/1837/1175 1063/1702/1063 1176/1838/1176
f 1091/1788/1091 1177/1839/1177 1090/1703/1090
f 1064/1653/1064 1092/1840/1092 1091/1704/1091
f 790/1246/790 1093/1706/1093 1065/1655/1065
f 1091/1841/1091 1092/1842/1092 1101/1843/1101
f 789/1401/789 898/1400/898 874/1844/874
f 1091/1841/1091 1101/1843/1101 1178/1845/1178
f 874/1364/874 1105/1724/1105 958/1497/958
f 1179/1846/1179 1150/1795/1150 1180/1847/1180
f 1106/1725/1106 1180/1847/1180 1150/1795/1150
f 1181/1848/1181 1182/1849/1182 993/1555/993
f 1182/1849/1182 816/1288/816 993/1555/993
f 1149/1793/1149 1031/1850/1031 997/1604/997
f 994/1556/994 900/1405/900 1183/1851/1183
f 900/1405/900 1107/1726/1107 1184/1852/1184
f 1184/1852/1184 1107/1726/1107 1151/1796/1151
f 1108/1799/1108 963/1853/963 1031/1854/1031
f 674/1071/674 959/1498/959 1185/1855/1185
f 961/1500/961 901/1406/901 1033/1609/1033
f 1185/1856/1185 927/1452/927 674/1451/674
f 878/1857/878 1186/1858/1186 1033/1859/1033
f 676/1293/676 818/1292/818 1187/1860/1187
f 1109/1730/1109 1153/1804/1153 964/1506/964
f 1153/1804/1153 1154/1805/1154 849/1336/849
f 850/1337/850 387/671/387 1110/1731/1110
f 851/1338/851 414/651/414 1188/1861/1188
f 905/1411/905 967/1509/967 1189/1862/1189
f 1190/1863/1190 968/1510/968 1112/1735/1112
f 1190/1863/1190 1158/1809/1158 968/1510/968
f 1191/1864/1191 1070/1665/1070 1003/1567/1003
f 1192/1865/1192 933/1866/933 1193/1867/1193
f 855/1740/855 1115/1742/1115 1114/1868/1114
f 933/1462/933 776/1224/776 1039/1619/1039
f 1194/1869/1194 802/1261/802 1070/1665/1070
f 1159/1810/1159 1040/1870/1040 970/1512/970
f 1072/1668/1072 1195/1871/1195 1160/1811/1160
f 743/1872/743 1116/1873/1116 1118/1874/1118
f 1072/1668/1072 1161/1812/1161 1195/1871/1195
f 1041/1622/1041 1196/1875/1196 1073/1672/1073
f 935/1464/935 1006/1571/1006 1074/1674/1074
f 858/1345/858 1006/1571/1006 935/1464/935
f 681/1876/681 646/1574/646 1197/1877/1197
f 1005/1570/1005 1121/1750/1121 1122/1751/1122
f 808/1269/808 890/1386/890 1198/1878/1198
f 911/1419/911 973/1879/973 891/1676/891
f 1123/1752/1123 1199/1880/1199 1010/1679/1010
f 1200/1881/1200 1046/1627/1046 860/1348/860
f 939/1468/939 1126/1755/1126 1164/1818/1164
f 1126/1755/1126 1018/1587/1018 1201/1882/1201
f 1125/1754/1125 1172/1830/1172 919/1431/919
f 1131/1760/1131 1080/1686/1080 1079/1685/1079
f 1011/1682/1011 861/1427/861 1202/1883/1202
f 1018/1587/1018 894/1533/894 1201/1882/1201
f 1127/1756/1127 1168/1822/1168 1166/1820/1166
f 1168/1822/1168 1203/1884/1203 1166/1820/1166
f 1168/1885/1168 1170/1826/1170 1203/1886/1203
f 1204/1887/1204 1052/1696/1052 1086/1888/1086
f 1170/1826/1170 1171/1828/1171 1203/1886/1203
f 1171/1828/1171 1205/1889/1205 1203/1886/1203
f 1088/1695/1088 1052/1696/1052 1204/1887/1204
f 1171/1828/1171 1137/1773/1137 1205/1889/1205
f 1205/1889/1205 1137/1773/1137 1206/1890/1206
f 1206/1890/1206 1137/1773/1137 1207/1891/1207
f 1137/1773/1137 1139/1775/1139 1207/1891/1207
f 1139/1775/1139 1208/1892/1208 1207/1891/1207
f 1140/1778/1140 1209/1893/1209 1138/1779/1138
f 1139/1775/1139 1141/1894/1141 1208/1892/1208
f 1141/1780/1141 1142/1781/1142 1210/1895/1210
f 1210/1895/1210 1142/1781/1142 1211/1896/1211
f 1143/1782/1143 1212/1897/1212 1173/1834/1173
f 1143/1782/1143 986/1543/986 1212/1897/1212
f 954/1832/954 758/1898/758 1140/1778/1140
f 986/1543/986 987/1546/987 1213/1899/1213
f 987/1900/987 728/1901/728 1213/1902/1213
f 1063/1702/1063 1090/1703/1090 1176/1838/1176
f 1176/1838/1176 1214/1903/1214 1175/1837/1175
f 1176/1838/1176 1090/1703/1090 1214/1903/1214
f 1214/1903/1214 1215/1904/1215 1175/1837/1175
f 1175/1837/1175 1215/1904/1215 1216/1905/1216
f 1214/1903/1214 1090/1703/1090 1215/1904/1215
f 1177/1906/1177 1217/1907/1217 1090/1908/1090
f 1090/1703/1090 1217/1909/1217 1215/1904/1215
f 1177/1906/1177 1091/1841/1091 1217/1907/1217
f 1215/1910/1215 1217/1911/1217 1216/1912/1216
f 1091/1841/1091 1178/1845/1178 1217/1907/1217
f 1178/1845/1178 1101/1843/1101 1218/1913/1218
f 1218/1913/1218 1101/1843/1101 1219/1914/1219
f 1219/1915/1219 1101/1916/1101 1146/1917/1146
f 1220/1918/1220 1221/1919/1221 1222/1920/1222
f 1223/1921/1223 740/1659/740 994/1556/994
f 1224/1922/1224 1146/1790/1146 1148/1792/1148
f 874/1364/874 958/1497/958 528/849/528
f 1222/1920/1222 1180/1847/1180 1220/1918/1220
f 1225/1923/1225 1180/1847/1180 1222/1920/1222
f 1179/1846/1179 1180/1847/1180 1225/1923/1225
f 1105/1724/1105 1226/1924/1226 1181/1848/1181
f 1105/1724/1105 1181/1848/1181 993/1555/993
f 1227/1925/1227 1182/1849/1182 1181/1848/1181
f 1108/1799/1108 1031/1854/1031 1149/1926/1149
f 879/1370/879 676/1073/676 1187/1927/1187
f 1000/1564/1000 929/1456/929 880/1372/880
f 1228/1928/1228 1069/1664/1069 1113/1738/1113
f 1157/1929/1157 1112/1735/1112 966/1736/966
f 931/1460/931 905/1411/905 1229/1930/1229
f 1229/1930/1229 905/1411/905 1189/1862/1189
f 967/1931/967 933/1866/933 1192/1865/1192
f 969/1932/969 907/1669/907 1160/1811/1160
f 1071/1933/1071 1116/1873/1116 857/1934/857
f 1159/1810/1159 1230/1935/1230 1040/1870/1040
f 1231/1936/1231 1160/1811/1160 1195/1871/1195
f 1073/1671/1073 1196/1937/1196 1161/1812/1161
f 1196/1875/1196 1041/1622/1041 1119/1746/1119
f 1119/1746/1119 934/1621/934 1232/1938/1232
f 1233/1939/1233 1074/1674/1074 1006/1571/1006
f 1234/1940/1234 1120/1749/1120 937/1466/937
f 1162/1813/1162 1045/1626/1045 887/1383/887
f 1235/1941/1235 971/1513/971 1045/1626/1045
f 1164/1818/1164 1236/1942/1236 1124/1753/1124
f 860/1348/860 1011/1943/1011 1200/1881/1200
f 1164/1818/1164 1126/1755/1126 1236/1942/1236
f 1237/1944/1237 1014/1945/1014 1047/1946/1047
f 1238/1947/1238 1079/1685/1079 1014/1945/1014
f 1167/1948/1167 918/1430/918 1239/1949/1239
f 1239/1949/1239 918/1430/918 917/1429/917
f 1169/1823/1169 1053/1637/1053 1240/1950/1240
f 1204/1887/1204 1053/1637/1053 1088/1695/1088
f 1205/1889/1205 1206/1890/1206 1241/1951/1241
f 1205/1889/1205 1242/1952/1242 1203/1886/1203
f 1205/1889/1205 1241/1951/1241 1242/1952/1242
f 1206/1890/1206 1207/1891/1207 1241/1951/1241
f 1207/1891/1207 1208/1892/1208 1241/1951/1241
f 1241/1951/1241 1208/1892/1208 1210/1953/1210
f 1208/1954/1208 1141/1780/1141 1210/1895/1210
f 1243/1955/1243 1211/1956/1211 1142/1833/1142
f 1142/1833/1142 1173/1834/1173 1243/1955/1243
f 1243/1955/1243 1173/1834/1173 1212/1897/1212
f 1212/1897/1212 986/1543/986 1213/1899/1213
f 1144/1784/1144 835/1393/835 1026/1599/1026
f 1244/1957/1244 839/1316/839 989/1550/989
f 1245/1958/1245 590/1959/590 666/1960/666
f 1174/1961/1174 923/1786/923 1145/1787/1145
f 1246/1962/1246 1178/1845/1178 1219/1914/1219
f 1178/1845/1178 1218/1913/1218 1219/1914/1219
f 1247/1963/1247 1248/1964/1248 1249/1965/1249
f 1221/1919/1221 1248/1964/1248 1247/1963/1247
f 1099/1712/1099 1250/1966/1250 1147/1967/1147
f 1147/1791/1147 1250/1968/1250 1251/1969/1251
f 1248/1964/1248 1221/1919/1221 1252/1970/1252
f 1253/1971/1253 1222/1920/1222 1221/1919/1221
f 1221/1919/1221 1220/1918/1220 1252/1970/1252
f 1251/1969/1251 1148/1792/1148 1147/1791/1147
f 1148/1792/1148 1251/1969/1251 1224/1922/1224
f 1251/1969/1251 1146/1790/1146 1224/1922/1224
f 1254/1972/1254 1146/1790/1146 1251/1969/1251
f 1222/1920/1222 1253/1971/1253 1225/1923/1225
f 1255/1973/1255 1179/1846/1179 1225/1923/1225
f 874/1364/874 1226/1924/1226 1105/1724/1105
f 1256/1974/1256 1227/1925/1227 1226/1924/1226
f 1226/1924/1226 1227/1925/1227 1181/1848/1181
f 1179/1846/1179 1149/1975/1149 1150/1795/1150
f 1184/1852/1184 1151/1796/1151 1257/1976/1257
f 1257/1976/1257 1151/1796/1151 1108/1799/1108
f 1258/1977/1258 1184/1852/1184 1259/1978/1259
f 1183/1851/1183 900/1405/900 1258/1977/1258
f 1258/1977/1258 900/1405/900 1184/1852/1184
f 995/1557/995 1033/1979/1033 1106/1725/1106
f 796/1254/796 710/1211/710 1260/1980/1260
f 710/1981/710 1152/1982/1152 1260/1983/1260
f 1035/1803/1035 1261/1984/1261 903/1409/903
f 883/1615/883 1110/1985/1110 1036/1616/1036
f 1155/1806/1155 1002/1986/1002 679/1458/679
f 965/1507/965 1156/1807/1156 1262/1987/1262
f 1190/1863/1190 1112/1735/1112 1263/1988/1263
f 1264/1989/1264 1003/1990/1003 1037/1991/1037
f 1191/1992/1191 1003/1990/1003 1264/1989/1264
f 1190/1863/1190 1265/1993/1265 1158/1809/1158
f 1191/1992/1191 1194/1994/1194 1070/1995/1070
f 933/1866/933 1039/1996/1039 1193/1867/1193
f 1159/1997/1159 1266/1998/1266 1230/1999/1230
f 1006/2000/1006 1007/2001/1007 1267/2002/1267
f 1235/1941/1235 1075/1675/1075 971/1513/971
f 1268/2003/1268 973/1879/973 911/1419/911
f 1124/1816/1124 1269/2004/1269 1008/1817/1008
f 1010/1679/1010 1199/1880/1199 1078/2005/1078
f 1236/1942/1236 1126/1755/1126 1201/1882/1201
f 1270/2006/1270 1048/1630/1048 974/1519/974
f 1125/1754/1125 1271/2007/1271 1172/1830/1172
f 1047/1629/1047 1012/1580/1012 1237/2008/1237
f 1272/2009/1272 1015/1583/1015 1166/1820/1166
f 1079/1685/1079 1273/2010/1273 1131/1760/1131
f 1048/2011/1048 1274/2012/1274 948/1479/948
f 861/1427/861 1169/1823/1169 1202/1883/1202
f 1201/2013/1201 894/2014/894 1138/1779/1138
f 1275/2015/1275 1276/2016/1276 1131/1760/1131
f 1086/1888/1086 1277/2017/1277 1204/1887/1204
f 1276/2016/1276 1087/1694/1087 1131/1760/1131
f 1138/1779/1138 1209/1893/1209 1278/2018/1278
f 1242/1952/1242 1241/1951/1241 1279/2019/1279
f 1276/2016/1276 1025/1598/1025 1087/1694/1087
f 1241/1951/1241 1210/1953/1210 1279/2019/1279
f 1279/2019/1279 1210/1953/1210 1211/2020/1211
f 1140/1778/1140 758/1898/758 1209/1893/1209
f 758/1898/758 590/1959/590 1280/2021/1280
f 1281/2022/1281 897/1551/897 955/1492/955
f 1244/1957/1244 898/2023/898 839/1316/839
f 1145/1787/1145 1175/1837/1175 1174/1961/1174
f 1216/1912/1216 1217/1911/1217 1282/2024/1282
f 1093/1706/1093 1283/2025/1283 1096/1709/1096
f 1284/2026/1284 1285/2027/1285 1249/1965/1249
f 1285/2027/1285 1286/2028/1286 1247/1963/1247
f 1096/1709/1096 1250/1966/1250 1099/1712/1099
f 1285/2027/1285 1247/1963/1247 1249/1965/1249
f 1178/1845/1178 1246/1962/1246 1217/1907/1217
f 1248/1964/1248 1252/1970/1252 1249/1965/1249
f 1146/1790/1146 1254/1972/1254 1287/2029/1287
f 1287/2029/1287 1254/1972/1254 1288/2030/1288
f 1288/2030/1288 1254/1972/1254 1251/1969/1251
f 1255/1973/1255 1225/1923/1225 1253/1971/1253
f 1256/1974/1256 1226/1924/1226 874/1364/874
f 1256/1974/1256 1289/2031/1289 1227/1925/1227
f 1290/2032/1290 1149/1975/1149 1179/1846/1179
f 1291/2033/1291 1182/1849/1182 1227/1925/1227
f 1149/1926/1149 1292/2034/1292 1108/1799/1108
f 1257/1976/1257 1259/1978/1259 1184/1852/1184
f 1293/2035/1293 1183/1851/1183 1294/2036/1294
f 1294/2036/1294 1183/1851/1183 1258/1977/1258
f 1294/2036/1294 1258/1977/1258 1259/1978/1259
f 1295/2037/1295 1185/1856/1185 959/2038/959
f 1295/2037/1295 927/1452/927 1185/1856/1185
f 1034/2039/1034 766/1212/766 999/1563/999
f 1261/1984/1261 1109/1730/1109 903/1409/903
f 1296/2040/1296 1154/1805/1154 1153/1804/1153
f 1154/1805/1154 904/1732/904 799/1257/799
f 1155/1806/1155 679/1458/679 930/1459/930
f 1001/1565/1001 965/1507/965 1297/2041/1297
f 1297/2041/1297 965/1507/965 1262/1987/1262
f 1298/2042/1298 851/1338/851 1188/1861/1188
f 1156/1807/1156 851/1338/851 1298/2042/1298
f 1228/1928/1228 1111/1733/1111 1069/1664/1069
f 1189/1862/1189 967/1509/967 1192/2043/1192
f 1194/1994/1194 1191/1992/1191 1299/2044/1299
f 1114/1868/1114 1115/1742/1115 1300/2045/1300
f 1300/2045/1300 1115/1742/1115 969/1741/969
f 1194/1869/1194 1159/1810/1159 802/1261/802
f 1301/2046/1301 969/1741/969 1160/2047/1160
f 1302/2048/1302 1116/1873/1116 1071/1933/1071
f 1230/1999/1230 1303/2049/1303 1040/1620/1040
f 1304/2050/1304 1117/1748/1117 1074/1674/1074
f 934/1463/934 1163/1814/1163 1232/2051/1232
f 1042/1673/1042 1305/2052/1305 937/1466/937
f 1162/1813/1162 1306/2053/1306 1045/1626/1045
f 1007/2001/1007 1307/2054/1307 1267/2002/1267
f 1267/2002/1267 1307/2054/1307 1308/2055/1308
f 1309/2056/1309 1307/2054/1307 1007/2001/1007
f 1121/1750/1121 1268/2003/1268 1122/1751/1122
f 1009/1575/1009 808/1269/808 1198/1878/1198
f 1310/2057/1310 1311/2058/1311 1123/1752/1123
f 1269/2059/1269 1124/1753/1124 1236/1942/1236
f 1199/2060/1199 974/1519/974 1078/1680/1078
f 1312/2061/1312 1273/2010/1273 1079/1685/1079
f 1312/2061/1312 1079/1685/1079 1238/1947/1238
f 1273/2010/1273 1275/2015/1275 1131/1760/1131
f 1202/1883/1202 1169/1823/1169 1240/1950/1240
f 1239/1949/1239 917/1429/917 1130/1759/1130
f 1203/1886/1203 1242/1952/1242 1313/2062/1313
f 1313/2062/1313 1242/1952/1242 1279/2019/1279
f 1279/2019/1279 1211/2020/1211 1314/2063/1314
f 1314/2064/1314 1211/1956/1211 1243/1955/1243
f 1314/2064/1314 1243/1955/1243 1212/1897/1212
f 1315/2065/1315 1212/1897/1212 1213/1899/1213
f 1213/1902/1213 728/1901/728 1316/2066/1316
f 728/1491/728 988/1783/988 1316/2067/1316
f 1317/2068/1317 1175/1837/1175 1216/1905/1216
f 1283/2025/1283 1093/1706/1093 790/1246/790
f 1284/2069/1284 1286/2070/1286 1285/2071/1285
f 1283/2025/1283 1250/1966/1250 1096/1709/1096
f 1217/1907/1217 1246/1962/1246 1282/2072/1282
f 1318/2073/1318 1290/2032/1290 1255/1973/1255
f 1290/2032/1290 1179/1846/1179 1255/1973/1255
f 1257/1976/1257 1108/1799/1108 1292/2034/1292
f 816/1288/816 1291/2033/1291 959/2074/959
f 1319/2075/1319 1293/2035/1293 1294/2036/1294
f 1183/1851/1183 1293/2035/1293 1319/2075/1319
f 796/1254/796 1260/1980/1260 878/1369/878
f 1261/1984/1261 1296/2040/1296 1109/1730/1109
f 1109/1730/1109 1296/2040/1296 1153/1804/1153
f 818/1614/818 1036/1616/1036 1320/2076/1320
f 1321/2077/1321 1322/2078/1322 1036/1616/1036
f 1002/1566/1002 1188/1861/1188 414/651/414
f 1228/1928/1228 1113/1738/1113 1323/2079/1323
f 1324/2080/1324 1299/2044/1299 1191/1992/1191
f 1158/1809/1158 1325/2081/1325 1038/1618/1038
f 1265/1993/1265 1325/2081/1325 1158/1809/1158
f 1300/2045/1300 969/1741/969 1301/2046/1301
f 1039/1996/1039 1326/2082/1326 1193/1867/1193
f 1038/1618/1038 1325/2081/1325 1071/1666/1071
f 1301/2046/1301 1160/2047/1160 1327/2083/1327
f 1039/1996/1039 1004/2084/1004 1326/2082/1326
f 1328/2085/1328 1266/1998/1266 1159/1997/1159
f 1004/2084/1004 1329/2086/1329 1326/2082/1326
f 1303/2049/1303 1230/1999/1230 1266/1998/1266
f 1118/1874/1118 1116/1873/1116 1330/2087/1330
f 1117/1744/1117 1304/2088/1304 1004/1569/1004
f 1330/2087/1330 1331/2089/1331 1118/1874/1118
f 1303/2049/1303 1042/1623/1042 1040/1620/1040
f 1331/2090/1331 1044/1625/1044 1118/1747/1118
f 1332/2091/1332 1162/1813/1162 1044/1625/1044
f 1333/2092/1333 1305/2093/1305 1042/1623/1042
f 1332/2091/1332 1334/2094/1334 1162/1813/1162
f 1305/2052/1305 1234/1940/1234 937/1466/937
f 1006/1571/1006 1335/2095/1335 1233/1939/1233
f 1267/2002/1267 1308/2055/1308 1335/2096/1335
f 1307/2054/1307 1309/2056/1309 1308/2055/1308
f 1310/2057/1310 1123/1752/1123 1075/1675/1075
f 1046/1627/1046 1200/1881/1200 1336/2097/1336
f 973/1517/973 1337/2098/1337 1125/1754/1125
f 1236/1942/1236 1201/1882/1201 1338/2099/1338
f 1270/2100/1270 974/2101/974 1199/2102/1199
f 1339/2103/1339 1011/1682/1011 1202/1883/1202
f 1014/1945/1014 1237/1944/1237 1238/1947/1238
f 1201/2013/1201 1138/1779/1138 1278/2018/1278
f 1274/2012/1274 1340/2104/1340 948/1479/948
f 1130/1759/1130 948/1479/948 1340/2104/1340
f 1166/2105/1166 1203/1886/1203 1341/2106/1341
f 1053/1637/1053 1204/1887/1204 1342/2107/1342
f 1279/2019/1279 1314/2063/1314 1313/2062/1313
f 1025/1598/1025 1343/2108/1343 1026/1599/1026
f 1343/2108/1343 1144/1784/1144 1026/1599/1026
f 1062/1651/1062 1344/2109/1344 955/1492/955
f 955/1492/955 1344/2109/1344 1281/2022/1281
f 897/2110/897 1281/2111/1281 1345/2112/1345
f 1317/2113/1317 1216/1912/1216 1282/2024/1282
f 1346/2114/1346 740/2115/740 1223/2116/1223
f 1252/1970/1252 1347/2117/1347 1249/1965/1249
f 1348/2118/1348 1247/1963/1247 1286/2028/1286
f 1348/2118/1348 1221/1919/1221 1247/1963/1247
f 1246/1962/1246 1219/1914/1219 1349/2119/1349
f 1348/2118/1348 1253/1971/1253 1221/1919/1221
f 1350/2120/1350 1351/2121/1351 874/2122/874
f 1352/2123/1352 1255/1973/1255 1253/1971/1253
f 1352/2123/1352 1318/2073/1318 1255/1973/1255
f 1252/1970/1252 1220/1918/1220 1353/2124/1353
f 874/1364/874 1351/2125/1351 1256/1974/1256
f 1256/1974/1256 1351/2125/1351 1289/2031/1289
f 1354/2126/1354 1355/2127/1355 1287/2029/1287
f 1287/2029/1287 1288/2030/1288 1354/2126/1354
f 1251/1969/1251 1354/2126/1354 1288/2030/1288
f 1353/2124/1353 1220/1918/1220 1356/2128/1356
f 1290/2032/1290 1357/2129/1357 1149/1975/1149
f 1319/2075/1319 1294/2036/1294 1259/1978/1259
f 927/2130/927 999/1563/999 412/642/412
f 818/1292/818 1358/2131/1358 1187/1860/1187
f 1155/1806/1155 678/1076/678 904/1410/904
f 387/671/387 1001/1565/1001 1110/1731/1110
f 931/1460/931 1229/1930/1229 1157/1808/1157
f 1037/1734/1037 1111/1733/1111 1359/2132/1359
f 1113/1738/1113 1114/1739/1114 1323/2079/1323
f 1264/1989/1264 1324/2080/1324 1191/1992/1191
f 1360/2133/1360 1325/2081/1325 1265/1993/1265
f 1299/2044/1299 1361/2134/1361 1194/1994/1194
f 1194/1869/1194 1328/2135/1328 1159/1810/1159
f 1327/2083/1327 1362/2136/1362 1301/2046/1301
f 1325/2137/1325 1302/2048/1302 1071/1933/1071
f 1160/1811/1160 1231/1936/1231 1327/2138/1327
f 1195/1871/1195 1363/2139/1363 1231/1936/1231
f 1266/1998/1266 1364/2140/1364 1303/2049/1303
f 1044/1625/1044 1331/2090/1331 1365/2141/1365
f 1074/1674/1074 1233/1939/1233 1366/2142/1366
f 1333/2092/1333 1367/2143/1367 1305/2093/1305
f 1368/2144/1368 681/1876/681 1197/1877/1197
f 1006/1571/1006 1267/2145/1267 1335/2095/1335
f 646/1574/646 1009/1575/1009 1369/2146/1369
f 1370/2147/1370 1268/2003/1268 1121/1750/1121
f 1008/1817/1008 1269/2004/1269 1007/2001/1007
f 1198/1878/1198 890/1386/890 1371/2148/1371
f 1123/1752/1123 1311/2058/1311 1199/1880/1199
f 1337/2098/1337 1271/2007/1271 1125/1754/1125
f 1201/2013/1201 1278/2018/1278 1372/2149/1372
f 1165/1819/1165 1237/2008/1237 1012/1580/1012
f 1202/1883/1202 1373/2150/1373 1339/2103/1339
f 1238/1947/1238 1374/2151/1374 1312/2061/1312
f 1015/1583/1015 1272/2009/1272 1165/1819/1165
f 1272/2009/1272 1166/1820/1166 1375/2152/1375
f 1273/2010/1273 1312/2061/1312 1275/2015/1275
f 1202/1883/1202 1240/1950/1240 1373/2150/1373
f 1203/1886/1203 1313/2062/1313 1376/2153/1376
f 1314/2064/1314 1212/1897/1212 1377/2154/1377
f 922/1442/922 921/1441/921 1062/1651/1062
f 1175/1837/1175 1317/2068/1317 1174/1961/1174
f 790/2155/790 1378/2156/1378 1283/2157/1283
f 666/2158/666 740/2159/740 1346/2160/1346
f 1282/2161/1282 1379/2162/1379 1317/2068/1317
f 874/1844/874 898/1400/898 1380/2163/1380
f 1284/2069/1284 1249/2164/1249 1347/2165/1347
f 1246/1962/1246 1381/2166/1381 1282/2072/1282
f 1382/2167/1382 1253/1971/1253 1348/2118/1348
f 1253/1971/1253 1382/2167/1382 1352/2123/1352
f 1252/1970/1252 1353/2124/1353 1347/2117/1347
f 1287/2029/1287 1383/2168/1383 1146/1790/1146
f 1318/2073/1318 1357/2129/1357 1290/2032/1290
f 1355/2127/1355 1384/2169/1384 1287/2029/1287
f 1355/2127/1355 1354/2126/1354 1384/2169/1384
f 1149/1975/1149 1357/2129/1357 1385/2170/1385
f 1149/1975/1149 1385/2170/1385 1292/2171/1292
f 1292/2034/1292 1386/2172/1386 1257/1976/1257
f 994/1556/994 1183/1851/1183 1387/2173/1387
f 1182/1849/1182 1291/2033/1291 816/1288/816
f 1183/1851/1183 1319/2075/1319 1387/2173/1387
f 1257/1976/1257 1388/2174/1388 1259/1978/1259
f 927/2130/927 1389/2175/1389 999/1563/999
f 879/2176/879 1187/1860/1187 1152/2177/1152
f 1187/1860/1187 1358/2131/1358 1390/2178/1390
f 929/1456/929 1000/1564/1000 1391/2179/1391
f 1035/1613/1035 929/1456/929 1391/2179/1391
f 1036/1616/1036 1322/2078/1322 1320/2076/1320
f 1036/1616/1036 1110/1985/1110 1321/2077/1321
f 1228/1928/1228 1359/2132/1359 1111/1733/1111
f 1157/1929/1157 1392/2180/1392 1112/1735/1112
f 1112/1735/1112 1393/2181/1393 1263/1988/1263
f 1359/2182/1359 1264/1989/1264 1037/1991/1037
f 1324/2080/1324 1361/2134/1361 1299/2044/1299
f 1265/1993/1265 1394/2183/1394 1360/2133/1360
f 1190/1863/1190 1394/2183/1394 1265/1993/1265
f 1361/2134/1361 1328/2184/1328 1194/1994/1194
f 1328/2085/1328 1364/2140/1364 1266/1998/1266
f 1161/1812/1161 1196/1937/1196 1195/1871/1195
f 1303/2049/1303 1364/2140/1364 1395/2185/1395
f 1074/1674/1074 1366/2142/1366 1304/2050/1304
f 1044/1625/1044 1365/2141/1365 1332/2091/1332
f 1305/2186/1305 1396/2187/1396 1234/2188/1234
f 681/1876/681 1368/2144/1368 1163/2189/1163
f 646/1574/646 1369/2146/1369 1197/1877/1197
f 1235/1941/1235 1397/2190/1397 1075/1675/1075
f 1007/2001/1007 1269/2004/1269 1309/2056/1309
f 1268/2003/1268 911/1419/911 1122/1751/1122
f 890/1386/890 1046/1627/1046 1371/2148/1371
f 1236/1942/1236 1338/2099/1338 1269/2059/1269
f 1398/2191/1398 1337/2098/1337 973/1517/973
f 1337/2192/1337 1399/2193/1399 1271/2194/1271
f 1201/1882/1201 1372/2195/1372 1338/2099/1338
f 1048/2011/1048 1400/2196/1400 1274/2012/1274
f 1167/1948/1167 1401/2197/1401 1086/2198/1086
f 1203/1886/1203 1376/2153/1376 1341/2106/1341
f 1313/2062/1313 1314/2063/1314 1376/2153/1376
f 988/2199/988 1402/2200/1402 1316/2201/1316
f 590/1959/590 1245/1958/1245 1280/2021/1280
f 988/1835/988 1174/1836/1174 1403/2202/1403
f 1381/2166/1381 1246/1962/1246 1349/2119/1349
f 1352/2123/1352 1382/2167/1382 1404/2203/1404
f 1405/2204/1405 1318/2073/1318 1352/2123/1352
f 1219/2205/1219 1146/2206/1146 1383/2207/1383
f 1351/2125/1351 1350/2208/1350 1289/2031/1289
f 1384/2169/1384 1406/2209/1406 1287/2029/1287
f 1384/2169/1384 1354/2126/1354 1406/2209/1406
f 1220/1918/1220 1180/1847/1180 1356/2128/1356
f 1227/1925/1227 1289/2031/1289 1291/2033/1291
f 1257/1976/1257 1386/2172/1386 1407/2210/1407
f 1257/1976/1257 1407/2210/1407 1408/2211/1408
f 1257/1976/1257 1408/2211/1408 1388/2174/1388
f 1319/2075/1319 1409/2212/1409 1387/2173/1387
f 1259/1978/1259 1388/2174/1388 1409/2212/1409
f 1319/2075/1319 1259/1978/1259 1409/2212/1409
f 1033/1979/1033 1410/2213/1410 1106/1725/1106
f 878/1857/878 1260/2214/1260 1186/1858/1186
f 1152/2177/1152 1187/1860/1187 1390/2178/1390
f 1411/2215/1411 1035/1803/1035 1391/2216/1391
f 1297/2041/1297 1412/2217/1412 1001/1565/1001
f 1413/2218/1413 1228/1928/1228 1323/2079/1323
f 1393/2181/1393 1112/1735/1112 1392/2180/1392
f 1264/1989/1264 1359/2182/1359 1414/2219/1414
f 1415/2220/1415 1323/2221/1323 1114/1868/1114
f 1416/2222/1416 1193/1867/1193 1417/2223/1417
f 1193/1867/1193 1326/2082/1326 1417/2223/1417
f 1300/2045/1300 1301/2046/1301 1418/2224/1418
f 1301/2046/1301 1362/2136/1362 1419/2225/1419
f 1362/2136/1362 1327/2083/1327 1231/2226/1231
f 1420/2227/1420 1302/2048/1302 1325/2137/1325
f 1362/2136/1362 1231/2226/1231 1419/2225/1419
f 1419/2228/1419 1231/1936/1231 1363/2139/1363
f 1302/2048/1302 1421/2229/1421 1116/1873/1116
f 1421/2229/1421 1330/2087/1330 1116/1873/1116
f 1304/2230/1304 1329/2086/1329 1004/2084/1004
f 1365/2231/1365 1331/2089/1331 1330/2087/1330
f 1422/2232/1422 1303/2049/1303 1395/2185/1395
f 1422/2232/1422 1042/1623/1042 1303/2049/1303
f 1396/2187/1396 1305/2186/1305 1367/2233/1367
f 1234/1940/1234 1423/2234/1423 1120/1749/1120
f 1045/1626/1045 1306/2053/1306 1235/1941/1235
f 1369/2146/1369 1009/1575/1009 1198/1878/1198
f 1397/2190/1397 1310/2057/1310 1075/1675/1075
f 1398/2235/1398 973/1879/973 1268/2003/1268
f 1424/2236/1424 1399/2193/1399 1337/2192/1337
f 1401/2197/1401 1277/2237/1277 1086/2198/1086
f 1376/2153/1376 1314/2063/1314 1377/2238/1377
f 1377/2239/1377 1212/2240/1212 1425/2241/1425
f 1425/2241/1425 1212/2240/1212 1315/2242/1315
f 1345/2243/1345 1378/2244/1378 897/2245/897
f 1378/2156/1378 790/2155/790 897/2246/897
f 1380/2163/1380 1426/2247/1426 874/1844/874
f 1379/2248/1379 1282/2072/1282 1427/2249/1427
f 1286/2250/1286 1382/2251/1382 1348/2252/1348
f 1404/2203/1404 1405/2204/1405 1352/2123/1352
f 1349/2119/1349 1219/1914/1219 1383/2253/1383
f 1428/2254/1428 1289/2255/1289 1350/2256/1350
f 1429/2257/1429 1430/2258/1430 1357/2129/1357
f 1429/2257/1429 1357/2129/1357 1318/2073/1318
f 1385/2170/1385 1357/2129/1357 1430/2258/1430
f 1431/2259/1431 1406/2209/1406 1354/2126/1354
f 1432/2260/1432 1431/2259/1431 1354/2126/1354
f 1433/2261/1433 1180/1847/1180 1106/1725/1106
f 1291/2262/1291 1295/2037/1295 959/2038/959
f 1411/2215/1411 1434/2263/1434 1035/1803/1035
f 1035/1803/1035 1434/2263/1434 1261/1984/1261
f 818/1292/818 1320/2264/1320 1358/2131/1358
f 1110/1731/1110 1001/1565/1001 1412/2217/1412
f 1228/2265/1228 1435/2266/1435 1359/2182/1359
f 1189/2267/1189 1436/2268/1436 1229/2269/1229
f 1437/2270/1437 1324/2080/1324 1264/1989/1264
f 1189/2267/1189 1192/1865/1192 1436/2268/1436
f 1437/2270/1437 1438/2271/1438 1324/2080/1324
f 1438/2271/1438 1361/2134/1361 1324/2080/1324
f 1192/1865/1192 1193/1867/1193 1439/2272/1439
f 1193/1867/1193 1416/2222/1416 1439/2272/1439
f 1301/2046/1301 1419/2225/1419 1418/2224/1418
f 1196/1937/1196 1440/2273/1440 1195/1871/1195
f 1440/2273/1440 1196/1937/1196 1119/2274/1119
f 1364/2140/1364 1422/2232/1422 1395/2185/1395
f 1422/2232/1422 1333/2092/1333 1042/1623/1042
f 1162/1813/1162 1441/2275/1441 1306/2053/1306
f 1370/2147/1370 1442/2276/1442 1268/2003/1268
f 1442/2276/1442 1398/2235/1398 1268/2003/1268
f 1269/2059/1269 1338/2099/1338 1443/2277/1443
f 1424/2236/1424 1337/2192/1337 1398/2278/1398
f 1199/2102/1199 1311/2279/1311 1270/2100/1270
f 1165/1819/1165 1272/2009/1272 1237/2008/1237
f 1271/2194/1271 1444/2280/1444 1172/2281/1172
f 1445/2282/1445 1312/2061/1312 1374/2151/1374
f 1240/1950/1240 1053/1637/1053 1446/2283/1446
f 1447/2284/1447 1204/1887/1204 1277/2017/1277
f 1053/1637/1053 1342/2107/1342 1446/2283/1446
f 1447/2284/1447 1342/2107/1342 1204/1887/1204
f 1025/1598/1025 1448/2285/1448 1343/2108/1343
f 1144/1784/1144 1244/2286/1244 989/1785/989
f 1449/2287/1449 988/1835/988 1403/2202/1403
f 1284/2069/1284 1450/2288/1450 1286/2070/1286
f 1451/2289/1451 1382/2251/1382 1286/2250/1286
f 1427/2249/1427 1282/2072/1282 1452/2290/1452
f 1282/2072/1282 1453/2291/1453 1452/2290/1452
f 1251/2292/1251 1454/2293/1454 1354/2294/1354
f 1282/2072/1282 1455/2295/1455 1453/2291/1453
f 1282/2072/1282 1381/2166/1381 1455/2295/1455
f 1456/2296/1456 1318/2073/1318 1405/2204/1405
f 1347/2165/1347 1353/2297/1353 1457/2298/1457
f 1353/2124/1353 1356/2128/1356 1457/2299/1457
f 1287/2029/1287 1406/2209/1406 1383/2168/1383
f 1354/2294/1354 1458/2300/1458 1432/2301/1432
f 1432/2260/1432 1406/2209/1406 1431/2259/1431
f 1432/2260/1432 1459/2302/1459 1406/2209/1406
f 1459/2302/1459 1460/2303/1460 1406/2209/1406
f 1432/2260/1432 1460/2303/1460 1459/2302/1459
f 994/1556/994 1387/2173/1387 1461/2304/1461
f 1386/2172/1386 1292/2034/1292 1462/2305/1462
f 1408/2211/1408 1409/2212/1409 1388/2174/1388
f 1463/2306/1463 1389/2307/1389 927/1452/927
f 1260/2308/1260 1152/2177/1152 1464/2309/1464
f 848/1332/848 1034/1611/1034 1000/1612/1000
f 1296/2040/1296 1261/1984/1261 1465/2310/1465
f 1466/2311/1466 1002/1986/1002 1155/1806/1155
f 1467/2312/1467 1190/1863/1190 1263/1988/1263
f 1467/2312/1467 1394/2183/1394 1190/1863/1190
f 1468/2313/1468 1439/2272/1439 1416/2222/1416
f 1328/2184/1328 1361/2134/1361 1438/2271/1438
f 1469/2314/1469 1419/2225/1419 1363/2315/1363
f 1421/2229/1421 1302/2048/1302 1420/2227/1420
f 1195/1871/1195 1440/2273/1440 1363/2139/1363
f 1333/2092/1333 1364/2140/1364 1328/2085/1328
f 1364/2140/1364 1333/2092/1333 1422/2232/1422
f 1367/2316/1367 1423/2234/1423 1396/2317/1396
f 1423/2234/1423 1234/1940/1234 1396/2317/1396
f 1163/2318/1163 1470/2319/1470 1232/2320/1232
f 1471/2321/1471 1441/2275/1441 1162/1813/1162
f 1423/2234/1423 1121/1750/1121 1120/1749/1120
f 1368/2322/1368 1197/2323/1197 1369/2324/1369
f 1472/2325/1472 1306/2326/1306 1441/2327/1441
f 1472/2325/1472 1473/2328/1473 1306/2326/1306
f 1474/2329/1474 1309/2056/1309 1475/2330/1475
f 1269/2004/1269 1475/2330/1475 1309/2056/1309
f 1371/2148/1371 1046/1627/1046 1336/2097/1336
f 1476/2331/1476 1336/2097/1336 1200/1881/1200
f 1011/1682/1011 1339/2103/1339 1200/2332/1200
f 1270/2333/1270 1400/2196/1400 1048/2011/1048
f 1445/2282/1445 1477/2334/1477 1312/2061/1312
f 1400/2196/1400 1340/2104/1340 1274/2012/1274
f 1340/2104/1340 1239/1949/1239 1130/1759/1130
f 1375/2335/1375 1166/2105/1166 1341/2106/1341
f 1276/2016/1276 1478/2336/1478 1025/1598/1025
f 1478/2336/1478 1448/2285/1448 1025/1598/1025
f 1284/2069/1284 1479/2337/1479 1480/2338/1480
f 1450/2339/1450 1451/2289/1451 1286/2250/1286
f 1426/2247/1426 1350/2340/1350 874/1844/874
f 1451/2289/1451 1404/2341/1404 1382/2251/1382
f 1250/2342/1250 1454/2293/1454 1251/2292/1251
f 1481/2343/1481 1405/2344/1405 1404/2341/1404
f 1452/2290/1452 1453/2291/1453 1482/2345/1482
f 1350/2256/1350 1483/2346/1483 1428/2254/1428
f 1350/2256/1350 1484/2347/1484 1483/2346/1483
f 1482/2348/1482 1455/2349/1455 1484/2347/1484
f 1453/2291/1453 1455/2295/1455 1482/2345/1482
f 1455/2349/1455 1483/2346/1483 1484/2347/1484
f 1485/2350/1485 1483/2346/1483 1455/2349/1455
f 1223/1921/1223 994/1556/994 1461/2304/1461
f 1486/2351/1486 1387/2173/1387 1487/2352/1487
f 1387/2173/1387 1409/2212/1409 1408/2211/1408
f 1487/2352/1487 1387/2173/1387 1408/2211/1408
f 1389/2175/1389 1488/2353/1488 999/1563/999
f 1186/1858/1186 1260/2214/1260 1489/2354/1489
f 1321/2077/1321 1110/1985/1110 1490/2355/1490
f 1490/2355/1490 1110/1985/1110 1412/2356/1412
f 1157/1808/1157 1229/1930/1229 1436/2357/1436
f 1414/2219/1414 1437/2270/1437 1264/1989/1264
f 1192/1865/1192 1439/2272/1439 1436/2268/1436
f 1467/2358/1467 1491/2359/1491 1394/2360/1394
f 1491/2359/1491 1360/2361/1360 1394/2360/1394
f 1114/1868/1114 1300/2045/1300 1418/2224/1418
f 1421/2229/1421 1492/2362/1492 1330/2087/1330
f 1492/2362/1492 1365/2231/1365 1330/2087/1330
f 1119/1746/1119 1232/1938/1232 1440/2363/1440
f 1493/2364/1493 1471/2321/1471 1162/1813/1162
f 1163/2318/1163 1368/2365/1368 1470/2319/1470
f 1471/2366/1471 1494/2367/1494 1441/2327/1441
f 1441/2327/1441 1494/2367/1494 1472/2325/1472
f 1423/2234/1423 1370/2147/1370 1121/1750/1121
f 1397/2190/1397 1495/2368/1495 1310/2057/1310
f 1269/2004/1269 1474/2329/1474 1475/2330/1475
f 1269/2004/1269 1443/2369/1443 1474/2329/1474
f 1442/2276/1442 1496/2370/1496 1398/2235/1398
f 1496/2370/1496 1424/2371/1424 1398/2235/1398
f 1278/2018/1278 1497/2372/1497 1372/2149/1372
f 1238/1947/1238 1237/1944/1237 1498/2373/1498
f 1499/2374/1499 1401/2197/1401 1167/1948/1167
f 1499/2374/1499 1167/1948/1167 1239/1949/1239
f 1477/2334/1477 1275/2015/1275 1312/2061/1312
f 1240/1950/1240 1446/2283/1446 1500/2375/1500
f 1446/2283/1446 1342/2107/1342 1447/2284/1447
f 1209/1893/1209 758/1898/758 1501/2376/1501
f 1347/2165/1347 1502/2377/1502 1284/2069/1284
f 1503/2378/1503 1405/2344/1405 1481/2343/1481
f 1503/2378/1503 1456/2379/1456 1405/2344/1405
f 1452/2380/1452 1484/2347/1484 1350/2256/1350
f 1452/2380/1452 1482/2348/1482 1484/2347/1484
f 1483/2346/1483 1485/2350/1485 1428/2254/1428
f 1381/2166/1381 1349/2119/1349 1455/2295/1455
f 1461/2304/1461 1387/2173/1387 1486/2351/1486
f 1486/2351/1486 1487/2352/1487 1504/2381/1504
f 1487/2352/1487 1408/2211/1408 1504/2381/1504
f 1106/1725/1106 1410/2213/1410 1433/2261/1433
f 1434/2263/1434 1465/2310/1465 1261/1984/1261
f 1490/2355/1490 1412/2356/1412 1505/2382/1505
f 1002/2383/1002 1466/2384/1466 1188/2385/1188
f 1228/1928/1228 1413/2218/1413 1435/2386/1435
f 1415/2387/1415 1413/2218/1413 1323/2079/1323
f 1437/2270/1437 1414/2219/1414 1506/2388/1506
f 1393/2181/1393 1467/2312/1467 1263/1988/1263
f 1416/2222/1416 1417/2223/1417 1468/2313/1468
f 1491/2359/1491 1507/2389/1507 1360/2361/1360
f 1418/2224/1418 1419/2225/1419 1508/2390/1508
f 1325/2391/1325 1509/2392/1509 1420/2393/1420
f 1326/2082/1326 1510/2394/1510 1511/2395/1511
f 1419/2225/1419 1469/2314/1469 1508/2390/1508
f 1232/2320/1232 1470/2319/1470 1512/2396/1512
f 1335/2095/1335 1513/2397/1513 1233/1939/1233
f 1233/1939/1233 1513/2397/1513 1514/2398/1514
f 1335/2096/1335 1515/2399/1515 1513/2400/1513
f 1334/2094/1334 1493/2364/1493 1162/1813/1162
f 1472/2325/1472 1516/2401/1516 1473/2328/1473
f 1516/2401/1516 1517/2402/1517 1473/2328/1473
f 1473/2328/1473 1517/2402/1517 1306/2326/1306
f 1517/2402/1517 1235/2403/1235 1306/2326/1306
f 1474/2404/1474 1443/2277/1443 1338/2099/1338
f 1476/2331/1476 1200/1881/1200 1518/2405/1518
f 1444/2280/1444 1271/2194/1271 1399/2193/1399
f 1519/2406/1519 1237/2008/1237 1272/2009/1272
f 1500/2375/1500 1373/2150/1373 1240/1950/1240
f 1275/2015/1275 1520/2407/1520 1276/2016/1276
f 1521/2408/1521 1376/2409/1376 1377/2239/1377
f 1522/2410/1522 898/2023/898 1244/1957/1244
f 1245/1958/1245 666/1960/666 1346/2411/1346
f 1523/2412/1523 1426/2247/1426 1380/2163/1380
f 1524/2413/1524 1450/2288/1450 1284/2069/1284
f 1426/2247/1426 1525/2414/1525 1350/2340/1350
f 1347/2165/1347 1526/2415/1526 1502/2377/1502
f 1452/2380/1452 1350/2256/1350 1525/2416/1525
f 1526/2415/1526 1347/2165/1347 1457/2298/1457
f 1456/2296/1456 1429/2257/1429 1318/2073/1318
f 1485/2350/1485 1289/2255/1289 1428/2254/1428
f 1527/2417/1527 1460/2303/1460 1432/2260/1432
f 1356/2128/1356 1180/1847/1180 1433/2261/1433
f 1406/2209/1406 1460/2303/1460 1528/2418/1528
f 1527/2417/1527 1528/2418/1528 1460/2303/1460
f 1529/2419/1529 1407/2210/1407 1386/2172/1386
f 1407/2210/1407 1529/2419/1529 1408/2211/1408
f 1530/2420/1530 1408/2211/1408 1529/2419/1529
f 1530/2420/1530 1504/2381/1504 1408/2211/1408
f 1531/2421/1531 1504/2381/1504 1530/2420/1530
f 1531/2421/1531 1486/2351/1486 1504/2381/1504
f 1463/2422/1463 1488/2353/1488 1389/2175/1389
f 1489/2354/1489 1260/2214/1260 1532/2423/1532
f 1260/2308/1260 1464/2309/1464 1533/2424/1533
f 1534/2425/1534 1000/1612/1000 1034/1611/1034
f 1534/2425/1534 1391/2426/1391 1000/1612/1000
f 1535/2427/1535 1358/2131/1358 1320/2264/1320
f 1535/2428/1535 1320/2076/1320 1322/2078/1322
f 1321/2077/1321 1490/2355/1490 1322/2078/1322
f 1536/2429/1536 1297/2041/1297 1262/1987/1262
f 1435/2266/1435 1414/2219/1414 1359/2182/1359
f 1506/2388/1506 1438/2271/1438 1437/2270/1437
f 1507/2389/1507 1325/2391/1325 1360/2361/1360
f 1417/2223/1417 1326/2082/1326 1511/2395/1511
f 1325/2391/1325 1537/2430/1537 1509/2392/1509
f 1509/2392/1509 1421/2431/1421 1420/2393/1420
f 1538/2432/1538 1367/2433/1367 1333/2434/1333
f 1366/2142/1366 1233/1939/1233 1514/2398/1514
f 1516/2401/1516 1472/2325/1472 1494/2367/1494
f 1198/1878/1198 1371/2148/1371 1369/2146/1369
f 1310/2057/1310 1495/2368/1495 1311/2058/1311
f 1498/2373/1498 1374/2151/1374 1238/1947/1238
f 1239/1949/1239 1539/2435/1539 1499/2374/1499
f 1209/1893/1209 1501/2376/1501 1540/2436/1540
f 1402/2200/1402 988/2199/988 1449/2437/1449
f 1523/2412/1523 1380/2163/1380 898/1400/898
f 1284/2069/1284 1502/2377/1502 1479/2337/1479
f 1450/2339/1450 1541/2438/1541 1451/2289/1451
f 1541/2438/1541 1404/2341/1404 1451/2289/1451
f 1481/2343/1481 1456/2379/1456 1503/2378/1503
f 1454/2293/1454 1458/2300/1458 1354/2294/1354
f 1289/2255/1289 1485/2350/1485 1542/2439/1542
f 1543/2440/1543 1223/2441/1223 1461/2442/1461
f 1432/2443/1432 1544/2444/1544 1527/2445/1527
f 1406/2209/1406 1545/2446/1545 1383/2168/1383
f 1406/2209/1406 1528/2418/1528 1545/2446/1545
f 1486/2351/1486 1531/2421/1531 1530/2420/1530
f 1542/2447/1542 1291/2448/1291 1289/2449/1289
f 1295/2037/1295 1546/2450/1546 927/1452/927
f 1489/2354/1489 1532/2423/1532 1547/2451/1547
f 1152/2177/1152 1390/2178/1390 1548/2452/1548
f 1411/2215/1411 1465/2310/1465 1434/2263/1434
f 1465/2310/1465 1154/1805/1154 1296/2040/1296
f 904/1410/904 1549/2453/1549 1155/1806/1155
f 1188/2385/1188 1550/2454/1550 1298/2455/1298
f 1156/1807/1156 1298/2042/1298 1551/2456/1551
f 1415/2457/1415 1552/2458/1552 1413/2459/1413
f 1509/2392/1509 1553/2460/1553 1421/2431/1421
f 1363/2315/1363 1440/2461/1440 1469/2314/1469
f 1326/2082/1326 1329/2086/1329 1510/2394/1510
f 1329/2086/1329 1554/2462/1554 1510/2394/1510
f 1366/2463/1366 1555/2464/1555 1304/2230/1304
f 1232/2465/1232 1512/2466/1512 1440/2461/1440
f 1556/2467/1556 1334/2094/1334 1332/2091/1332
f 1557/2468/1557 1471/2366/1471 1493/2469/1493
f 1557/2468/1557 1494/2367/1494 1471/2366/1471
f 1515/2399/1515 1335/2096/1335 1558/2470/1558
f 1368/2365/1368 1369/2471/1369 1559/2472/1559
f 1516/2401/1516 1560/2473/1560 1517/2402/1517
f 1369/2474/1369 1371/2475/1371 1559/2476/1559
f 1517/2402/1517 1560/2473/1560 1235/2403/1235
f 1336/2097/1336 1476/2331/1476 1371/2148/1371
f 1311/2279/1311 1561/2477/1561 1270/2100/1270
f 1237/1944/1237 1519/2478/1519 1562/2479/1562
f 1272/2009/1272 1563/2480/1563 1519/2406/1519
f 1272/2481/1272 1564/2482/1564 1563/2483/1563
f 1444/2280/1444 1565/2484/1565 1172/2281/1172
f 1239/1949/1239 1566/2485/1566 1539/2435/1539
f 1400/2196/1400 1566/2485/1566 1340/2104/1340
f 1239/1949/1239 1340/2104/1340 1566/2485/1566
f 1401/2197/1401 1567/2486/1567 1277/2237/1277
f 1520/2407/1520 1478/2336/1478 1276/2016/1276
f 1425/2241/1425 1521/2408/1521 1377/2239/1377
f 1213/2487/1213 1568/2488/1568 1315/2489/1315
f 1522/2410/1522 1523/2490/1523 898/2023/898
f 1403/2491/1403 1174/1961/1174 1317/2068/1317
f 1569/2492/1569 1480/2493/1480 1479/2494/1479
f 1524/2413/1524 1284/2069/1284 1480/2338/1480
f 1378/2156/1378 1570/2495/1570 1283/2157/1283
f 1541/2438/1541 1481/2343/1481 1404/2341/1404
f 1427/2249/1427 1452/2290/1452 1525/2496/1525
f 1346/2497/1346 1223/2498/1223 1543/2499/1543
f 1250/2500/1250 1283/2501/1283 1454/2502/1454
f 1571/2503/1571 1572/2504/1572 1456/2379/1456
f 1572/2505/1572 1430/2258/1430 1429/2257/1429
f 1455/2295/1455 1349/2119/1349 1383/2253/1383
f 1458/2300/1458 1544/2506/1544 1432/2301/1432
f 1573/2507/1573 1292/2034/1292 1385/2508/1385
f 1462/2305/1462 1292/2034/1292 1573/2507/1573
f 1574/2509/1574 1545/2510/1545 1528/2511/1528
f 1574/2509/1574 1528/2511/1528 1527/2445/1527
f 1544/2444/1544 1574/2509/1574 1527/2445/1527
f 1575/2512/1575 1486/2351/1486 1530/2420/1530
f 1546/2450/1546 1295/2037/1295 1291/2262/1291
f 1034/2039/1034 999/1563/999 1488/2353/1488
f 1260/2214/1260 1533/2513/1533 1532/2423/1532
f 1412/2217/1412 1297/2041/1297 1536/2429/1536
f 1576/2514/1576 1188/2385/1188 1466/2384/1466
f 1550/2515/1550 1551/2456/1551 1298/2042/1298
f 1577/2516/1577 1414/2219/1414 1435/2266/1435
f 1393/2517/1393 1578/2518/1578 1467/2358/1467
f 1578/2518/1578 1393/2517/1393 1392/2519/1392
f 1579/2520/1579 1436/2268/1436 1439/2272/1439
f 1580/2521/1580 1438/2271/1438 1506/2388/1506
f 1578/2518/1578 1491/2359/1491 1467/2358/1467
f 1581/2522/1581 1507/2389/1507 1491/2359/1491
f 1468/2313/1468 1417/2223/1417 1579/2520/1579
f 1580/2521/1580 1328/2184/1328 1438/2271/1438
f 1582/2523/1582 1329/2086/1329 1304/2230/1304
f 1582/2523/1582 1304/2230/1304 1555/2464/1555
f 1555/2524/1555 1366/2525/1366 1583/2526/1583
f 1514/2398/1514 1583/2527/1583 1366/2142/1366
f 1584/2528/1584 1556/2467/1556 1332/2091/1332
f 1583/2529/1583 1514/2530/1514 1513/2400/1513
f 1583/2529/1583 1513/2400/1513 1515/2399/1515
f 1334/2094/1334 1556/2467/1556 1493/2364/1493
f 1470/2319/1470 1368/2365/1368 1585/2531/1585
f 1585/2531/1585 1368/2365/1368 1559/2472/1559
f 1335/2096/1335 1308/2055/1308 1586/2532/1586
f 1235/1941/1235 1495/2368/1495 1397/2190/1397
f 1474/2533/1474 1338/2534/1338 1587/2535/1587
f 1338/2099/1338 1372/2195/1372 1497/2536/1497
f 1498/2373/1498 1237/1944/1237 1562/2479/1562
f 1588/2537/1588 1562/2538/1562 1519/2406/1519
f 1588/2537/1588 1519/2406/1519 1589/2539/1589
f 1589/2539/1589 1519/2406/1519 1563/2480/1563
f 1590/2540/1590 1445/2282/1445 1374/2151/1374
f 1272/2481/1272 1375/2541/1375 1564/2482/1564
f 1567/2486/1567 1401/2197/1401 1499/2374/1499
f 1400/2196/1400 1539/2435/1539 1566/2485/1566
f 1591/2542/1591 1373/2150/1373 1500/2375/1500
f 1590/2540/1590 1477/2334/1477 1445/2282/1445
f 1592/2543/1592 1275/2015/1275 1477/2334/1477
f 1593/2544/1593 1446/2283/1446 1447/2284/1447
f 1593/2544/1593 1447/2284/1447 1277/2017/1277
f 1592/2543/1592 1520/2407/1520 1275/2015/1275
f 1594/2545/1594 921/1698/921 1089/1697/1089
f 1425/2241/1425 1315/2242/1315 1595/2546/1595
f 1596/2547/1596 1144/2548/1144 1343/2549/1343
f 1316/2201/1316 1402/2200/1402 1568/2488/1568
f 1597/2550/1597 1402/2200/1402 1449/2437/1449
f 1244/2551/1244 1598/2552/1598 1522/2553/1522
f 1403/2554/1403 1599/2555/1599 1449/2437/1449
f 1600/2556/1600 1426/2247/1426 1523/2412/1523
f 1601/2557/1601 1541/2438/1541 1450/2339/1450
f 1602/2558/1602 1525/2414/1525 1426/2247/1426
f 1379/2559/1379 1427/2560/1427 1525/2414/1525
f 1541/2438/1541 1601/2557/1601 1481/2343/1481
f 1457/2298/1457 1603/2561/1603 1526/2415/1526
f 1456/2379/1456 1572/2504/1572 1429/2562/1429
f 1356/2563/1356 1604/2564/1604 1457/2565/1457
f 1385/2566/1385 1430/2567/1430 1573/2568/1573
f 1383/2569/1383 1605/2570/1605 1455/2571/1455
f 1574/2509/1574 1544/2444/1544 1545/2510/1545
f 1529/2419/1529 1386/2172/1386 1462/2305/1462
f 1461/2304/1461 1486/2351/1486 1606/2572/1606
f 1607/2573/1607 1575/2512/1575 1530/2420/1530
f 1606/2572/1606 1575/2512/1575 1607/2573/1607
f 1486/2351/1486 1575/2512/1575 1606/2572/1606
f 1529/2419/1529 1607/2573/1607 1530/2420/1530
f 1033/1859/1033 1608/2574/1608 1410/2575/1410
f 1186/1858/1186 1489/2354/1489 1609/2576/1609
f 1547/2451/1547 1532/2423/1532 1610/2577/1610
f 1532/2423/1532 1533/2513/1533 1610/2577/1610
f 1490/2355/1490 1505/2382/1505 1322/2078/1322
f 1412/2356/1412 1611/2578/1611 1505/2382/1505
f 1188/2385/1188 1576/2514/1576 1550/2454/1550
f 1439/2272/1439 1468/2313/1468 1579/2520/1579
f 1507/2389/1507 1581/2522/1581 1325/2391/1325
f 1508/2390/1508 1469/2314/1469 1612/2579/1612
f 1469/2314/1469 1440/2461/1440 1613/2580/1613
f 1329/2086/1329 1582/2523/1582 1554/2462/1554
f 1492/2362/1492 1332/2581/1332 1365/2231/1365
f 1492/2362/1492 1584/2582/1584 1332/2581/1332
f 1470/2319/1470 1585/2531/1585 1512/2396/1512
f 1556/2467/1556 1557/2583/1557 1493/2364/1493
f 1494/2367/1494 1614/2584/1614 1516/2401/1516
f 1559/2476/1559 1371/2475/1371 1615/2585/1615
f 1587/2586/1587 1616/2587/1616 1309/2056/1309
f 1442/2276/1442 1617/2588/1617 1496/2370/1496
f 1270/2333/1270 1618/2589/1618 1400/2196/1400
f 1498/2373/1498 1619/2590/1619 1374/2151/1374
f 1498/2373/1498 1562/2479/1562 1619/2590/1619
f 1562/2591/1562 1589/2592/1589 1619/2593/1619
f 1588/2537/1588 1589/2539/1589 1562/2538/1562
f 1590/2540/1590 1592/2543/1592 1477/2334/1477
f 1620/2594/1620 1376/2409/1376 1521/2408/1521
f 1521/2408/1521 1425/2241/1425 1595/2546/1595
f 1343/2549/1343 1448/2595/1448 1596/2547/1596
f 1595/2546/1595 1315/2242/1315 1568/2596/1568
f 1213/2487/1213 1316/2201/1316 1568/2488/1568
f 921/1441/921 1344/2109/1344 1062/1651/1062
f 1402/2200/1402 1597/2550/1597 1621/2597/1621
f 1144/2548/1144 1598/2552/1598 1244/2551/1244
f 1317/2068/1317 1622/2598/1622 1403/2491/1403
f 1480/2493/1480 1569/2492/1569 1623/2599/1623
f 1479/2494/1479 1624/2600/1624 1569/2492/1569
f 1317/2068/1317 1625/2601/1625 1622/2598/1622
f 1600/2556/1600 1602/2558/1602 1426/2247/1426
f 1626/2602/1626 1456/2379/1456 1481/2343/1481
f 1430/2603/1430 1572/2604/1572 1573/2605/1573
f 1485/2350/1485 1455/2349/1455 1627/2606/1627
f 1383/2569/1383 1545/2607/1545 1628/2608/1628
f 1545/2510/1545 1629/2609/1629 1630/2610/1630
f 1545/2510/1545 1544/2444/1544 1629/2609/1629
f 1544/2444/1544 1631/2611/1631 1632/2612/1632
f 1544/2444/1544 1632/2612/1632 1629/2609/1629
f 1529/2419/1529 1462/2305/1462 1607/2573/1607
f 1461/2304/1461 1606/2572/1606 1607/2573/1607
f 1609/2576/1609 1489/2354/1489 1633/2613/1633
f 1633/2613/1633 1489/2354/1489 1547/2451/1547
f 1533/2424/1533 1464/2309/1464 1152/2177/1152
f 1634/2614/1634 1411/2215/1411 1391/2216/1391
f 1635/2615/1635 1390/2178/1390 1358/2131/1358
f 1535/2428/1535 1322/2078/1322 1636/2616/1636
f 904/1732/904 1154/1805/1154 1637/2617/1637
f 1549/2453/1549 1638/2618/1638 1155/1806/1155
f 1639/2619/1639 1156/1807/1156 1551/2456/1551
f 1640/2620/1640 1577/2516/1577 1435/2266/1435
f 1640/2620/1640 1435/2266/1435 1413/2621/1413
f 1640/2622/1640 1413/2459/1413 1552/2458/1552
f 1641/2623/1641 1414/2219/1414 1577/2516/1577
f 1415/2220/1415 1114/1868/1114 1642/2624/1642
f 1510/2394/1510 1554/2462/1554 1511/2395/1511
f 1553/2460/1553 1643/2625/1643 1421/2431/1421
f 1555/2524/1555 1583/2526/1583 1515/2626/1515
f 1538/2432/1538 1423/2627/1423 1367/2433/1367
f 1538/2432/1538 1644/2628/1644 1423/2627/1423
f 1617/2588/1617 1442/2276/1442 1370/2147/1370
f 1645/2629/1645 1495/2630/1495 1235/2403/1235
f 1371/2148/1371 1476/2331/1476 1518/2405/1518
f 1646/2631/1646 1311/2632/1311 1495/2633/1495
f 1587/2535/1587 1338/2534/1338 1647/2634/1647
f 1619/2593/1619 1589/2592/1589 1648/2635/1648
f 1649/2636/1649 1400/2196/1400 1618/2589/1618
f 1649/2636/1649 1499/2374/1499 1539/2435/1539
f 1649/2636/1649 1539/2435/1539 1400/2196/1400
f 1650/2637/1650 1589/2592/1589 1563/2483/1563
f 1563/2483/1563 1564/2482/1564 1650/2637/1650
f 1651/2638/1651 1375/2639/1375 1341/2640/1341
f 1652/2641/1652 1446/2283/1446 1593/2544/1593
f 1652/2642/1652 1593/2643/1593 1277/2237/1277
f 1653/2644/1653 1520/2407/1520 1592/2543/1592
f 1653/2644/1653 1478/2336/1478 1520/2407/1520
f 1594/2545/1594 1089/1697/1089 1172/2281/1172
f 1448/2645/1448 1478/2646/1478 1654/2647/1654
f 1655/2648/1655 1521/2408/1521 1595/2546/1595
f 1597/2550/1597 1449/2437/1449 1656/2649/1656
f 1599/2555/1599 1657/2650/1657 1449/2437/1449
f 1522/2553/1522 1658/2651/1658 1523/2652/1523
f 1659/2653/1659 1600/2654/1600 1523/2655/1523
f 1403/2656/1403 1622/2657/1622 1660/2658/1660
f 1622/2659/1622 1625/2660/1625 1661/2661/1661
f 1600/2556/1600 1625/2660/1625 1602/2558/1602
f 1661/2661/1661 1625/2660/1625 1600/2556/1600
f 1625/2601/1625 1317/2068/1317 1379/2162/1379
f 1379/2559/1379 1525/2414/1525 1602/2558/1602
f 1346/2497/1346 1543/2499/1543 1662/2662/1662
f 1481/2343/1481 1601/2557/1601 1626/2602/1626
f 1663/2663/1663 1456/2379/1456 1626/2602/1626
f 1603/2664/1603 1457/2565/1457 1604/2564/1604
f 1485/2665/1485 1627/2666/1627 1542/2667/1542
f 1664/2668/1664 1383/2569/1383 1628/2608/1628
f 1545/2510/1545 1630/2610/1630 1628/2669/1628
f 1630/2610/1630 1629/2609/1629 1632/2612/1632
f 1665/2670/1665 1461/2304/1461 1607/2573/1607
f 1262/1987/1262 1156/1807/1156 1666/2671/1666
f 1550/2515/1550 1639/2619/1639 1551/2456/1551
f 1641/2623/1641 1506/2388/1506 1414/2219/1414
f 1667/2672/1667 1580/2673/1580 1506/2674/1506
f 1668/2675/1668 1508/2390/1508 1612/2579/1612
f 1612/2579/1612 1469/2314/1469 1613/2580/1613
f 1440/2461/1440 1512/2466/1512 1669/2676/1669
f 1555/2524/1555 1515/2626/1515 1511/2677/1511
f 1585/2531/1585 1559/2472/1559 1670/2678/1670
f 1558/2470/1558 1335/2096/1335 1586/2532/1586
f 1516/2401/1516 1671/2679/1671 1560/2473/1560
f 1309/2056/1309 1616/2587/1616 1308/2055/1308
f 1560/2473/1560 1645/2629/1645 1235/2403/1235
f 1309/2056/1309 1474/2329/1474 1587/2586/1587
f 1496/2370/1496 1617/2588/1617 1424/2371/1424
f 1647/2634/1647 1338/2534/1338 1497/2680/1497
f 1374/2151/1374 1619/2590/1619 1672/2681/1672
f 1567/2486/1567 1499/2374/1499 1618/2589/1618
f 1618/2589/1618 1499/2374/1499 1649/2636/1649
f 1589/2592/1589 1650/2637/1650 1648/2635/1648
f 1374/2151/1374 1672/2681/1672 1673/2682/1673
f 1375/2541/1375 1674/2683/1674 1564/2482/1564
f 1374/2151/1374 1673/2682/1673 1590/2540/1590
f 1375/2639/1375 1651/2638/1651 1674/2684/1674
f 1341/2640/1341 1376/2685/1376 1675/2686/1675
f 1376/2685/1376 1620/2687/1620 1675/2686/1675
f 1675/2686/1675 1620/2687/1620 1676/2688/1676
f 1653/2644/1653 1654/2689/1654 1478/2336/1478
f 1654/2647/1654 1677/2690/1677 1448/2645/1448
f 1678/2691/1678 1620/2687/1620 1521/2692/1521
f 1449/2437/1449 1657/2650/1657 1656/2649/1656
f 1599/2555/1599 1679/2693/1679 1657/2650/1657
f 1658/2651/1658 1680/2694/1680 1523/2652/1523
f 1680/2694/1680 1659/2695/1659 1523/2652/1523
f 1599/2555/1599 1660/2696/1660 1679/2693/1679
f 1599/2697/1599 1403/2656/1403 1660/2658/1660
f 1660/2696/1660 1659/2695/1659 1679/2693/1679
f 1660/2698/1660 1600/2654/1600 1659/2653/1659
f 1660/2699/1660 1622/2659/1622 1600/2556/1600
f 1623/2599/1623 1569/2492/1569 1681/2700/1681
f 1569/2492/1569 1624/2600/1624 1681/2700/1681
f 1622/2659/1622 1661/2661/1661 1600/2556/1600
f 1623/2599/1623 1524/2701/1524 1480/2493/1480
f 1662/2662/1662 1245/2702/1245 1346/2497/1346
f 1625/2660/1625 1379/2559/1379 1602/2558/1602
f 1603/2561/1603 1502/2377/1502 1526/2415/1526
f 1627/2703/1627 1455/2571/1455 1605/2570/1605
f 1383/2569/1383 1664/2668/1664 1605/2570/1605
f 1682/2704/1682 1665/2670/1665 1607/2573/1607
f 1461/2304/1461 1665/2670/1665 1682/2704/1682
f 1632/2612/1632 1683/2705/1683 1630/2610/1630
f 1632/2612/1632 1631/2611/1631 1683/2705/1683
f 1542/2447/1542 1627/2706/1627 1291/2448/1291
f 1684/2707/1684 1546/2450/1546 1291/2262/1291
f 1186/1858/1186 1608/2574/1608 1033/1859/1033
f 927/1452/927 1546/2450/1546 1685/2708/1685
f 927/1452/927 1685/2708/1685 1463/2306/1463
f 1547/2451/1547 1686/2709/1686 1633/2613/1633
f 1547/2451/1547 1610/2577/1610 1686/2709/1686
f 1152/2177/1152 1548/2452/1548 1687/2710/1687
f 1390/2178/1390 1635/2615/1635 1548/2452/1548
f 1688/2711/1688 1634/2614/1634 1391/2216/1391
f 1634/2614/1634 1689/2712/1689 1411/2215/1411
f 1465/2310/1465 1690/2713/1690 1154/1805/1154
f 1637/2617/1637 1154/1805/1154 1690/2713/1690
f 1535/2427/1535 1636/2714/1636 1635/2615/1635
f 904/1410/904 1637/2715/1637 1691/2716/1691
f 1536/2717/1536 1611/2718/1611 1412/2719/1412
f 1155/1806/1155 1638/2618/1638 1466/2311/1466
f 1577/2516/1577 1640/2620/1640 1641/2623/1641
f 1578/2518/1578 1392/2519/1392 1692/2720/1692
f 1578/2518/1578 1581/2522/1581 1491/2359/1491
f 1418/2224/1418 1642/2624/1642 1114/1868/1114
f 1418/2224/1418 1508/2390/1508 1668/2675/1668
f 1613/2580/1613 1440/2461/1440 1693/2721/1693
f 1440/2461/1440 1669/2676/1669 1693/2721/1693
f 1328/2085/1328 1538/2722/1538 1333/2092/1333
f 1554/2462/1554 1582/2523/1582 1511/2395/1511
f 1584/2723/1584 1694/2724/1694 1556/2725/1556
f 1556/2726/1556 1694/2727/1694 1557/2468/1557
f 1695/2728/1695 1371/2148/1371 1518/2405/1518
f 1646/2631/1646 1561/2729/1561 1311/2632/1311
f 1564/2482/1564 1674/2683/1674 1650/2637/1650
f 1277/2237/1277 1567/2486/1567 1652/2642/1652
f 1590/2540/1590 1673/2682/1673 1592/2543/1592
f 1446/2283/1446 1696/2730/1696 1500/2375/1500
f 1446/2283/1446 1652/2641/1652 1696/2730/1696
f 1341/2640/1341 1675/2686/1675 1651/2638/1651
f 1673/2731/1673 1697/2732/1697 1592/2733/1592
f 1592/2733/1592 1697/2732/1697 1653/2734/1653
f 1653/2734/1653 1697/2732/1697 1654/2647/1654
f 1620/2687/1620 1678/2691/1678 1698/2735/1698
f 1677/2690/1677 1699/2736/1699 1448/2645/1448
f 1448/2645/1448 1700/2737/1700 1596/2738/1596
f 921/2739/921 1594/2740/1594 1344/2741/1344
f 758/1898/758 1701/2742/1701 1501/2376/1501
f 1568/2488/1568 1402/2200/1402 1621/2597/1621
f 1280/2021/1280 1702/2743/1702 758/1898/758
f 1656/2649/1656 1679/2693/1679 1680/2694/1680
f 1657/2650/1657 1679/2693/1679 1656/2649/1656
f 1680/2694/1680 1679/2693/1679 1659/2695/1659
f 1456/2379/1456 1663/2663/1663 1571/2503/1571
f 1572/2604/1572 1571/2744/1571 1573/2605/1573
f 1356/2563/1356 1703/2745/1703 1604/2564/1604
f 1462/2305/1462 1704/2746/1704 1607/2573/1607
f 1433/2261/1433 1703/2747/1703 1356/2128/1356
f 1607/2573/1607 1705/2748/1705 1682/2704/1682
f 1291/2262/1291 1627/2749/1627 1684/2707/1684
f 1186/1858/1186 1609/2576/1609 1608/2574/1608
f 1533/2424/1533 1152/2177/1152 1687/2710/1687
f 1411/2215/1411 1689/2712/1689 1465/2310/1465
f 1322/2078/1322 1505/2382/1505 1636/2616/1636
f 904/1410/904 1706/2750/1706 1549/2453/1549
f 1707/2751/1707 1708/2752/1708 1262/2753/1262
f 1536/2717/1536 1262/2753/1262 1708/2752/1708
f 1506/2674/1506 1641/2754/1641 1667/2672/1667
f 1578/2518/1578 1692/2720/1692 1581/2522/1581
f 1581/2522/1581 1537/2430/1537 1325/2391/1325
f 1509/2392/1509 1537/2430/1537 1553/2460/1553
f 1613/2580/1613 1693/2721/1693 1612/2579/1612
f 1537/2430/1537 1643/2625/1643 1553/2460/1553
f 1421/2431/1421 1709/2755/1709 1492/2756/1492
f 1645/2757/1645 1710/2758/1710 1495/2633/1495
f 1710/2758/1710 1711/2759/1711 1495/2633/1495
f 1270/2100/1270 1712/2760/1712 1618/2761/1618
f 1619/2593/1619 1713/2762/1713 1672/2763/1672
f 1619/2593/1619 1648/2635/1648 1713/2762/1713
f 1650/2764/1650 1674/2684/1674 1714/2765/1714
f 1278/2018/1278 1715/2766/1715 1497/2372/1497
f 1567/2767/1567 1716/2768/1716 1652/2769/1652
f 1278/2018/1278 1209/1893/1209 1715/2766/1715
f 1673/2731/1673 1717/2770/1717 1697/2732/1697
f 1620/2687/1620 1698/2735/1698 1676/2688/1676
f 1654/2647/1654 1697/2732/1697 1677/2690/1677
f 1697/2732/1697 1699/2736/1699 1677/2690/1677
f 1699/2736/1699 1700/2737/1700 1448/2645/1448
f 1700/2771/1700 1718/2772/1718 1596/2547/1596
f 1701/2742/1701 758/1898/758 1702/2743/1702
f 1598/2552/1598 1144/2548/1144 1719/2773/1719
f 1597/2550/1597 1656/2649/1656 1621/2597/1621
f 1656/2649/1656 1680/2694/1680 1658/2651/1658
f 1720/2774/1720 1524/2701/1524 1623/2599/1623
f 1345/2775/1345 1721/2776/1721 1378/2777/1378
f 1601/2557/1601 1450/2339/1450 1722/2778/1722
f 1601/2557/1601 1722/2778/1722 1626/2602/1626
f 1626/2602/1626 1723/2779/1723 1663/2663/1663
f 1502/2377/1502 1603/2561/1603 1724/2780/1724
f 1454/2293/1454 1725/2781/1725 1458/2300/1458
f 1458/2300/1458 1631/2782/1631 1544/2506/1544
f 1627/2703/1627 1605/2570/1605 1726/2783/1726
f 1461/2304/1461 1682/2704/1682 1727/2784/1727
f 1607/2573/1607 1704/2746/1704 1705/2748/1705
f 1630/2785/1630 1728/2786/1728 1628/2608/1628
f 1683/2705/1683 1728/2787/1728 1630/2610/1630
f 1631/2611/1631 1729/2788/1729 1683/2705/1683
f 1631/2789/1631 1730/2790/1730 1729/2791/1729
f 1729/2788/1729 1728/2787/1728 1683/2705/1683
f 1546/2450/1546 1684/2707/1684 1731/2792/1731
f 1533/2424/1533 1732/2793/1732 1610/2794/1610
f 1533/2424/1533 1687/2710/1687 1732/2793/1732
f 1358/2131/1358 1535/2427/1535 1635/2615/1635
f 1579/2520/1579 1733/2795/1733 1436/2268/1436
f 1436/2268/1436 1733/2795/1733 1734/2796/1734
f 1418/2224/1418 1668/2675/1668 1642/2624/1642
f 1417/2223/1417 1511/2395/1511 1735/2797/1735
f 1612/2579/1612 1693/2721/1693 1736/2798/1736
f 1421/2431/1421 1643/2625/1643 1709/2755/1709
f 1557/2468/1557 1737/2799/1737 1494/2367/1494
f 1423/2234/1423 1738/2800/1738 1370/2147/1370
f 1371/2475/1371 1739/2801/1739 1615/2585/1615
f 1518/2405/1518 1200/1881/1200 1740/2802/1740
f 1561/2477/1561 1712/2760/1712 1270/2100/1270
f 1399/2193/1399 1741/2803/1741 1444/2280/1444
f 1647/2634/1647 1497/2680/1497 1742/2804/1742
f 1373/2150/1373 1743/2805/1743 1339/2103/1339
f 1648/2635/1648 1744/2806/1744 1713/2762/1713
f 1672/2763/1672 1713/2762/1713 1673/2807/1673
f 1713/2762/1713 1745/2808/1745 1673/2807/1673
f 1650/2637/1650 1714/2809/1714 1648/2635/1648
f 1673/2731/1673 1745/2810/1745 1746/2811/1746
f 1373/2150/1373 1747/2812/1747 1743/2805/1743
f 1591/2542/1591 1747/2812/1747 1373/2150/1373
f 1500/2375/1500 1747/2812/1747 1591/2542/1591
f 1500/2375/1500 1748/2813/1748 1747/2812/1747
f 1500/2375/1500 1696/2730/1696 1748/2813/1748
f 1696/2814/1696 1652/2769/1652 1749/2815/1749
f 1716/2768/1716 1749/2815/1749 1652/2769/1652
f 1673/2731/1673 1746/2811/1746 1717/2770/1717
f 1675/2686/1675 1676/2688/1676 1651/2638/1651
f 1676/2688/1676 1750/2816/1750 1651/2638/1651
f 1676/2688/1676 1698/2735/1698 1750/2816/1750
f 1678/2691/1678 1751/2817/1751 1698/2735/1698
f 1521/2408/1521 1751/2818/1751 1678/2819/1678
f 1521/2408/1521 1655/2648/1655 1751/2818/1751
f 1655/2648/1655 1595/2546/1595 1752/2820/1752
f 1568/2488/1568 1621/2597/1621 1753/2821/1753
f 1596/2547/1596 1754/2822/1754 1144/2548/1144
f 1280/2021/1280 1245/1958/1245 1702/2743/1702
f 1623/2599/1623 1681/2700/1681 1720/2774/1720
f 1281/2111/1281 1721/2823/1721 1345/2112/1345
f 1524/2701/1524 1720/2774/1720 1755/2824/1755
f 1283/2501/1283 1570/2825/1570 1454/2502/1454
f 1664/2668/1664 1726/2783/1726 1605/2570/1605
f 1682/2704/1682 1705/2748/1705 1727/2784/1727
f 1725/2781/1725 1730/2826/1730 1631/2782/1631
f 1433/2261/1433 1410/2213/1410 1703/2747/1703
f 1627/2749/1627 1756/2827/1756 1684/2707/1684
f 1410/2575/1410 1608/2574/1608 1757/2828/1757
f 1636/2616/1636 1505/2382/1505 1758/2829/1758
f 1691/2716/1691 1706/2750/1706 904/1410/904
f 1666/2671/1666 1156/1807/1156 1639/2619/1639
f 1759/2830/1759 1692/2720/1692 1392/2519/1392
f 1760/2831/1760 1733/2795/1733 1579/2520/1579
f 1579/2520/1579 1417/2223/1417 1734/2796/1734
f 1417/2223/1417 1735/2797/1735 1734/2796/1734
f 1642/2624/1642 1668/2675/1668 1612/2579/1612
f 1582/2832/1582 1555/2524/1555 1511/2677/1511
f 1670/2833/1670 1559/2476/1559 1615/2585/1615
f 1671/2679/1671 1645/2629/1645 1560/2473/1560
f 1738/2800/1738 1617/2588/1617 1370/2147/1370
f 1495/2633/1495 1711/2759/1711 1646/2631/1646
f 1712/2834/1712 1567/2486/1567 1618/2589/1618
f 1742/2804/1742 1497/2680/1497 1761/2835/1761
f 1712/2836/1712 1762/2837/1762 1567/2838/1567
f 1713/2762/1713 1744/2806/1744 1745/2808/1745
f 1745/2808/1745 1744/2806/1744 1648/2635/1648
f 1714/2765/1714 1674/2684/1674 1763/2839/1763
f 1763/2839/1763 1674/2684/1674 1651/2638/1651
f 1764/2840/1764 1716/2768/1716 1567/2767/1567
f 1765/2841/1765 1651/2638/1651 1766/2842/1766
f 1651/2638/1651 1750/2816/1750 1766/2842/1766
f 1715/2766/1715 1209/1893/1209 1540/2436/1540
f 1766/2842/1766 1750/2816/1750 1767/2843/1767
f 1750/2816/1750 1698/2735/1698 1767/2843/1767
f 1565/2484/1565 1594/2545/1594 1172/2281/1172
f 1767/2843/1767 1698/2735/1698 1768/2844/1768
f 1698/2845/1698 1751/2818/1751 1768/2846/1768
f 1769/2847/1769 1770/2848/1770 1656/2649/1656
f 1522/2553/1522 1598/2552/1598 1719/2773/1719
f 1522/2553/1522 1719/2773/1719 1658/2651/1658
f 1524/2849/1524 1722/2778/1722 1450/2339/1450
f 1662/2662/1662 1543/2499/1543 1771/2850/1771
f 1724/2780/1724 1479/2337/1479 1502/2377/1502
f 1725/2781/1725 1631/2782/1631 1458/2300/1458
f 1461/2442/1461 1727/2851/1727 1772/2852/1772
f 1773/2853/1773 1727/2851/1727 1705/2854/1705
f 1773/2853/1773 1705/2854/1705 1704/2855/1704
f 1628/2608/1628 1774/2856/1774 1664/2668/1664
f 1726/2783/1726 1664/2668/1664 1774/2856/1774
f 1728/2786/1728 1774/2856/1774 1628/2608/1628
f 1703/2745/1703 1410/2857/1410 1757/2858/1757
f 1775/2859/1775 1034/1611/1034 1488/2860/1488
f 1732/2793/1732 1687/2710/1687 1776/2861/1776
f 1687/2710/1687 1777/2862/1777 1776/2861/1776
f 1777/2862/1777 1687/2710/1687 1548/2452/1548
f 1548/2452/1548 1635/2615/1635 1778/2863/1778
f 1634/2614/1634 1688/2711/1688 1689/2712/1689
f 1690/2713/1690 1465/2310/1465 1689/2712/1689
f 1549/2453/1549 1779/2864/1779 1638/2618/1638
f 1666/2865/1666 1707/2751/1707 1262/2753/1262
f 1733/2795/1733 1760/2831/1760 1734/2796/1734
f 1760/2831/1760 1579/2520/1579 1734/2796/1734
f 1557/2468/1557 1694/2727/1694 1737/2799/1737
f 1737/2799/1737 1614/2584/1614 1494/2367/1494
f 1614/2584/1614 1780/2866/1780 1516/2401/1516
f 1308/2055/1308 1781/2867/1781 1782/2868/1782
f 1371/2148/1371 1695/2728/1695 1739/2869/1739
f 1617/2588/1617 1783/2870/1783 1424/2371/1424
f 1784/2871/1784 1561/2729/1561 1646/2631/1646
f 1763/2839/1763 1651/2638/1651 1765/2841/1765
f 1696/2814/1696 1749/2815/1749 1748/2872/1748
f 1764/2840/1764 1749/2815/1749 1716/2768/1716
f 1765/2841/1765 1766/2842/1766 1785/2873/1785
f 1785/2873/1785 1766/2842/1766 1786/2874/1786
f 1766/2842/1766 1787/2875/1787 1786/2874/1786
f 1787/2875/1787 1766/2842/1766 1767/2843/1767
f 1787/2875/1787 1767/2843/1767 1788/2876/1788
f 1767/2877/1767 1768/2846/1768 1788/2878/1788
f 1788/2878/1788 1768/2846/1768 1789/2879/1789
f 1768/2846/1768 1751/2818/1751 1789/2879/1789
f 1789/2879/1789 1751/2818/1751 1790/2880/1790
f 1697/2732/1697 1700/2737/1700 1699/2736/1699
f 1790/2880/1790 1751/2818/1751 1752/2820/1752
f 1751/2818/1751 1655/2648/1655 1752/2820/1752
f 1752/2820/1752 1595/2546/1595 1791/2881/1791
f 1596/2547/1596 1718/2772/1718 1792/2882/1792
f 1658/2651/1658 1769/2847/1769 1656/2649/1656
f 1720/2774/1720 1681/2700/1681 1793/2883/1793
f 1681/2700/1681 1624/2600/1624 1793/2883/1793
f 1755/2824/1755 1794/2884/1794 1524/2701/1524
f 1722/2778/1722 1524/2849/1524 1794/2885/1794
f 1624/2886/1624 1479/2337/1479 1724/2780/1724
f 1663/2663/1663 1723/2779/1723 1795/2887/1795
f 1795/2888/1795 1796/2889/1796 1663/2890/1663
f 1663/2890/1663 1796/2889/1796 1571/2744/1571
f 1772/2852/1772 1727/2851/1727 1773/2853/1773
f 1728/2786/1728 1797/2891/1797 1774/2856/1774
f 1729/2791/1729 1798/2892/1798 1728/2786/1728
f 1728/2786/1728 1798/2892/1798 1797/2891/1797
f 1730/2790/1730 1798/2892/1798 1729/2791/1729
f 1609/2576/1609 1633/2613/1633 1799/2893/1799
f 1488/2353/1488 1463/2422/1463 1800/2894/1800
f 1633/2613/1633 1686/2709/1686 1801/2895/1801
f 1610/2577/1610 1802/2896/1802 1686/2709/1686
f 1777/2862/1777 1803/2897/1803 1776/2861/1776
f 1536/2717/1536 1708/2752/1708 1804/2898/1804
f 1638/2618/1638 1805/2899/1805 1466/2311/1466
f 1466/2900/1466 1806/2901/1806 1576/2902/1576
f 1807/2903/1807 1808/2904/1808 1550/2905/1550
f 1157/2906/1157 1436/2268/1436 1809/2907/1809
f 1612/2579/1612 1810/2908/1810 1642/2624/1642
f 1811/2909/1811 1538/2910/1538 1328/2911/1328
f 1492/2756/1492 1709/2755/1709 1584/2912/1584
f 1512/2913/1512 1585/2914/1585 1812/2915/1812
f 1780/2866/1780 1671/2679/1671 1516/2401/1516
f 1308/2055/1308 1616/2587/1616 1781/2867/1781
f 1645/2757/1645 1813/2916/1813 1710/2758/1710
f 1518/2917/1518 1740/2918/1740 1695/2919/1695
f 1711/2759/1711 1784/2871/1784 1646/2631/1646
f 1424/2236/1424 1741/2803/1741 1399/2193/1399
f 1741/2803/1741 1814/2920/1814 1444/2280/1444
f 1339/2921/1339 1815/2922/1815 1200/2923/1200
f 1444/2280/1444 1814/2920/1814 1565/2484/1565
f 1497/2680/1497 1715/2924/1715 1761/2835/1761
f 1763/2839/1763 1765/2841/1765 1816/2925/1816
f 1765/2841/1765 1785/2873/1785 1816/2925/1816
f 1746/2811/1746 1745/2810/1745 1717/2770/1717
f 1785/2873/1785 1786/2874/1786 1817/2926/1817
f 1787/2875/1787 1817/2926/1817 1786/2874/1786
f 1788/2876/1788 1818/2927/1818 1787/2875/1787
f 1819/2928/1819 1700/2737/1700 1697/2732/1697
f 1789/2879/1789 1818/2929/1818 1788/2878/1788
f 1790/2880/1790 1820/2930/1820 1789/2879/1789
f 1790/2880/1790 1752/2820/1752 1820/2930/1820
f 1700/2737/1700 1821/2931/1821 1822/2932/1822
f 1700/2737/1700 1822/2932/1822 1718/2933/1718
f 1822/2932/1822 1821/2931/1821 1718/2933/1718
f 1568/2596/1568 1823/2934/1823 1595/2546/1595
f 1754/2822/1754 1719/2773/1719 1144/2548/1144
f 1773/2853/1773 1824/2935/1824 1772/2852/1772
f 1704/2855/1704 1824/2935/1824 1773/2853/1773
f 1726/2783/1726 1825/2936/1825 1627/2703/1627
f 1627/2703/1627 1825/2936/1825 1756/2937/1756
f 1731/2792/1731 1685/2708/1685 1546/2450/1546
f 1534/2425/1534 1826/2938/1826 1391/2426/1391
f 1827/2939/1827 1777/2862/1777 1548/2452/1548
f 1391/2216/1391 1826/2940/1826 1688/2711/1688
f 1548/2452/1548 1778/2863/1778 1827/2939/1827
f 1689/2712/1689 1828/2941/1828 1690/2713/1690
f 1636/2714/1636 1829/2942/1829 1635/2615/1635
f 1636/2616/1636 1758/2829/1758 1829/2943/1829
f 1638/2618/1638 1779/2864/1779 1805/2899/1805
f 1550/2905/1550 1808/2904/1808 1639/2944/1639
f 1641/2623/1641 1640/2620/1640 1830/2945/1830
f 1640/2622/1640 1552/2458/1552 1831/2946/1831
f 1436/2268/1436 1734/2796/1734 1809/2907/1809
f 1612/2579/1612 1736/2798/1736 1810/2908/1810
f 1580/2947/1580 1811/2909/1811 1328/2911/1328
f 1736/2798/1736 1693/2721/1693 1832/2948/1832
f 1537/2430/1537 1833/2949/1833 1643/2625/1643
f 1834/2950/1834 1835/2951/1835 1538/2432/1538
f 1671/2679/1671 1813/2952/1813 1645/2629/1645
f 1711/2759/1711 1813/2916/1813 1784/2871/1784
f 1784/2953/1784 1836/2954/1836 1561/2477/1561
f 1561/2477/1561 1836/2954/1836 1712/2760/1712
f 1714/2765/1714 1837/2955/1837 1648/2956/1648
f 1714/2765/1714 1763/2839/1763 1837/2955/1837
f 1748/2872/1748 1749/2815/1749 1764/2840/1764
f 1817/2926/1817 1787/2875/1787 1818/2927/1818
f 1817/2926/1817 1818/2927/1818 1838/2957/1838
f 1717/2770/1717 1819/2928/1819 1697/2732/1697
f 1717/2770/1717 1839/2958/1839 1819/2928/1819
f 1789/2879/1789 1820/2930/1820 1818/2929/1818
f 1819/2928/1819 1840/2959/1840 1700/2737/1700
f 1700/2737/1700 1840/2959/1840 1821/2931/1821
f 1841/2960/1841 1842/2961/1842 1821/2931/1821
f 1821/2931/1821 1842/2961/1842 1718/2933/1718
f 1718/2772/1718 1842/2962/1842 1792/2882/1792
f 1595/2546/1595 1823/2934/1823 1791/2881/1791
f 1568/2963/1568 1753/2964/1753 1823/2965/1823
f 1792/2882/1792 1754/2822/1754 1596/2547/1596
f 1621/2597/1621 1656/2649/1656 1843/2966/1843
f 1662/2662/1662 1771/2850/1771 1844/2967/1844
f 1378/2968/1378 1721/2969/1721 1570/2970/1570
f 1603/2664/1603 1845/2971/1845 1724/2972/1724
f 1462/2973/1462 1573/2974/1573 1846/2975/1846
f 1604/2564/1604 1703/2745/1703 1847/2976/1847
f 1704/2855/1704 1846/2975/1846 1824/2935/1824
f 1462/2973/1462 1846/2975/1846 1704/2855/1704
f 1797/2977/1797 1848/2978/1848 1774/2979/1774
f 1798/2980/1798 1849/2981/1849 1797/2977/1797
f 1798/2980/1798 1730/2982/1730 1849/2981/1849
f 1688/2711/1688 1828/2941/1828 1689/2712/1689
f 1829/2943/1829 1758/2829/1758 1850/2983/1850
f 1505/2382/1505 1611/2578/1611 1851/2984/1851
f 1611/2718/1611 1536/2717/1536 1804/2898/1804
f 1549/2453/1549 1706/2750/1706 1691/2716/1691
f 1549/2453/1549 1691/2716/1691 1852/2985/1852
f 1852/2985/1852 1779/2864/1779 1549/2453/1549
f 1779/2864/1779 1852/2985/1852 1805/2899/1805
f 1466/2900/1466 1852/2986/1852 1806/2901/1806
f 1576/2902/1576 1807/2903/1807 1550/2905/1550
f 1853/2987/1853 1854/2988/1854 1667/2672/1667
f 1667/2672/1667 1854/2988/1854 1855/2989/1855
f 1667/2672/1667 1855/2989/1855 1580/2673/1580
f 1581/2522/1581 1856/2990/1856 1537/2430/1537
f 1515/2626/1515 1558/2991/1558 1511/2677/1511
f 1617/2992/1617 1738/2993/1738 1783/2994/1783
f 1587/2535/1587 1647/2634/1647 1857/2995/1857
f 1813/2916/1813 1711/2759/1711 1710/2758/1710
f 1200/2996/1200 1858/2997/1858 1740/2998/1740
f 1836/2999/1836 1859/3000/1859 1712/2836/1712
f 1647/2634/1647 1742/2804/1742 1860/3001/1860
f 1712/2836/1712 1861/3002/1861 1762/2837/1762
f 1567/2767/1567 1762/3003/1762 1862/3004/1862
f 1567/2767/1567 1862/3004/1862 1863/3005/1863
f 1567/2767/1567 1863/3005/1863 1764/2840/1764
f 1837/2955/1837 1864/3006/1864 1865/3007/1865
f 1648/2635/1648 1837/3008/1837 1745/2808/1745
f 1745/2810/1745 1839/2958/1839 1717/2770/1717
f 1817/2926/1817 1838/2957/1838 1785/2873/1785
f 1840/2959/1840 1866/3009/1866 1841/2960/1841
f 1752/2820/1752 1791/2881/1791 1820/2930/1820
f 1840/2959/1840 1841/2960/1841 1821/2931/1821
f 1656/2649/1656 1770/2848/1770 1843/2966/1843
f 1719/2773/1719 1769/2847/1769 1658/2651/1658
f 1603/2664/1603 1604/2564/1604 1845/2971/1845
f 1454/2293/1454 1570/3010/1570 1725/2781/1725
f 1461/2442/1461 1772/2852/1772 1543/2440/1543
f 1604/2564/1604 1847/2976/1847 1867/3011/1867
f 1772/2852/1772 1824/2935/1824 1846/2975/1846
f 1797/2977/1797 1868/3012/1868 1848/2978/1848
f 1797/2977/1797 1849/2981/1849 1868/3012/1868
f 1849/2981/1849 1869/3013/1869 1868/3012/1868
f 1849/2981/1849 1730/2982/1730 1870/3014/1870
f 1849/2981/1849 1870/3014/1870 1869/3013/1869
f 1684/2707/1684 1756/2827/1756 1871/3015/1871
f 1684/2707/1684 1871/3015/1871 1731/2792/1731
f 1463/2422/1463 1685/3016/1685 1800/2894/1800
f 1732/2793/1732 1802/3017/1802 1610/2794/1610
f 1635/2615/1635 1872/3018/1872 1778/2863/1778
f 1505/2382/1505 1873/3019/1873 1758/2829/1758
f 1805/2899/1805 1852/2985/1852 1466/2311/1466
f 1415/2457/1415 1642/3020/1642 1831/2946/1831
f 1855/2989/1855 1811/3021/1811 1580/2673/1580
f 1810/3022/1810 1736/3023/1736 1832/3024/1832
f 1811/3025/1811 1834/2950/1834 1538/2432/1538
f 1833/2949/1833 1709/2755/1709 1643/2625/1643
f 1835/2951/1835 1644/2628/1644 1538/2432/1538
f 1782/2868/1782 1586/2532/1586 1308/2055/1308
f 1859/3000/1859 1874/3026/1874 1712/2836/1712
f 1874/3026/1874 1861/3002/1861 1712/2836/1712
f 1861/3002/1861 1875/3027/1875 1762/2837/1762
f 1743/3028/1743 1747/3029/1747 1748/2872/1748
f 1863/3005/1863 1748/2872/1748 1764/2840/1764
f 1837/2955/1837 1763/2839/1763 1864/3006/1864
f 1864/3006/1864 1763/2839/1763 1876/3030/1876
f 1876/3030/1876 1763/2839/1763 1816/2925/1816
f 1865/3031/1865 1745/3032/1745 1837/3033/1837
f 1877/3034/1877 1878/3035/1878 1745/3032/1745
f 1878/3035/1878 1839/3036/1839 1745/3032/1745
f 1879/3037/1879 1840/2959/1840 1819/2928/1819
f 1879/3037/1879 1880/3038/1880 1840/2959/1840
f 1880/3038/1880 1866/3009/1866 1840/2959/1840
f 1880/3038/1880 1841/2960/1841 1866/3009/1866
f 1881/3039/1881 1719/2773/1719 1754/2822/1754
f 1882/3040/1882 1769/2847/1769 1719/2773/1719
f 1883/3041/1883 1884/3042/1884 1720/2774/1720
f 1245/1958/1245 1662/3043/1662 1702/2743/1702
f 1885/3044/1885 1721/3045/1721 1281/3046/1281
f 1724/2972/1724 1845/2971/1845 1886/3047/1886
f 1543/2440/1543 1772/2852/1772 1887/3048/1887
f 1845/2971/1845 1604/2564/1604 1867/3011/1867
f 1888/3049/1888 1846/2975/1846 1573/2974/1573
f 1847/2976/1847 1703/2745/1703 1889/3050/1889
f 1889/3050/1889 1703/2745/1703 1757/2858/1757
f 1774/2856/1774 1848/3051/1848 1726/2783/1726
f 1890/3052/1890 1870/3014/1870 1730/2982/1730
f 1891/3053/1891 1868/3012/1868 1892/3054/1892
f 1892/3054/1892 1868/3012/1868 1870/3014/1870
f 1870/3014/1870 1868/3012/1868 1869/3013/1869
f 1893/3055/1893 1825/2936/1825 1726/2783/1726
f 1757/2858/1757 1608/3056/1608 1894/3057/1894
f 1799/2893/1799 1633/2613/1633 1895/3058/1895
f 1633/2613/1633 1801/2895/1801 1895/3058/1895
f 1803/2897/1803 1777/2862/1777 1827/2939/1827
f 1896/3059/1896 1827/2939/1827 1778/2863/1778
f 1872/3018/1872 1635/2615/1635 1897/3060/1897
f 1897/3060/1897 1635/2615/1635 1829/2942/1829
f 1851/3061/1851 1611/2718/1611 1898/3062/1898
f 1899/3063/1899 1806/2901/1806 1852/2986/1852
f 1900/3064/1900 1666/2865/1666 1639/3065/1639
f 1641/2754/1641 1830/3066/1830 1667/2672/1667
f 1667/2672/1667 1830/3066/1830 1853/2987/1853
f 1415/2457/1415 1831/2946/1831 1552/2458/1552
f 1693/2721/1693 1669/2676/1669 1832/2948/1832
f 1669/3067/1669 1512/3068/1512 1812/3069/1812
f 1901/3070/1901 1737/3071/1737 1694/2724/1694
f 1585/3072/1585 1670/2833/1670 1902/3073/1902
f 1739/2801/1739 1695/2919/1695 1903/3074/1903
f 1616/2587/1616 1587/2586/1587 1857/3075/1857
f 1783/3076/1783 1741/3077/1741 1424/3078/1424
f 1813/3079/1813 1874/3080/1874 1784/2953/1784
f 1875/3081/1875 1862/3004/1862 1762/3003/1762
f 1743/3028/1743 1748/2872/1748 1904/3082/1904
f 1905/3083/1905 1748/2872/1748 1863/3005/1863
f 1745/3032/1745 1865/3031/1865 1877/3034/1877
f 1816/2925/1816 1785/2873/1785 1876/3030/1876
f 1838/2957/1838 1906/3084/1906 1785/2873/1785
f 1906/3084/1906 1838/2957/1838 1818/2927/1818
f 1819/2928/1819 1839/2958/1839 1879/3037/1879
f 1841/2960/1841 1907/3085/1907 1842/2961/1842
f 1501/2376/1501 1701/2742/1701 1540/2436/1540
f 1621/2597/1621 1843/2966/1843 1908/3086/1908
f 1770/2848/1770 1909/3087/1909 1843/2966/1843
f 1770/2848/1770 1769/2847/1769 1909/3087/1909
f 1344/3088/1344 1910/3089/1910 1281/3090/1281
f 1794/2884/1794 1755/2824/1755 1911/3091/1911
f 1912/3092/1912 1722/2778/1722 1794/2885/1794
f 1725/3093/1725 1890/3052/1890 1730/2982/1730
f 1891/3053/1891 1848/2978/1848 1868/3012/1868
f 1891/3053/1891 1913/3094/1913 1848/2978/1848
f 1892/3054/1892 1913/3094/1913 1891/3053/1891
f 1756/2827/1756 1893/3095/1893 1871/3015/1871
f 1685/3016/1685 1914/3096/1914 1800/2894/1800
f 1873/3019/1873 1505/2382/1505 1851/2984/1851
f 1806/2901/1806 1915/3097/1915 1576/2902/1576
f 1576/2902/1576 1915/3097/1915 1807/2903/1807
f 1639/3098/1639 1808/3099/1808 1900/3100/1900
f 1692/2720/1692 1759/2830/1759 1581/2522/1581
f 1584/2723/1584 1709/3101/1709 1694/2724/1694
f 1901/3102/1901 1916/3103/1916 1737/2799/1737
f 1511/3104/1511 1558/3105/1558 1917/3106/1917
f 1737/2799/1737 1916/3103/1916 1614/2584/1614
f 1671/3107/1671 1918/3108/1918 1813/3109/1813
f 1339/3110/1339 1743/3111/1743 1815/3112/1815
f 1742/2804/1742 1761/2835/1761 1715/2924/1715
f 1748/2872/1748 1919/3113/1919 1904/3082/1904
f 1748/2872/1748 1905/3083/1905 1862/3004/1862
f 1748/2872/1748 1862/3004/1862 1919/3113/1919
f 1862/3004/1862 1905/3083/1905 1863/3005/1863
f 1864/3006/1864 1876/3030/1876 1920/3114/1920
f 1864/3006/1864 1920/3114/1920 1865/3007/1865
f 1865/3007/1865 1920/3114/1920 1921/3115/1921
f 1865/3007/1865 1921/3115/1921 1922/3116/1922
f 1865/3031/1865 1923/3117/1923 1877/3034/1877
f 1922/3118/1922 1923/3117/1923 1865/3031/1865
f 1924/3119/1924 1880/3038/1880 1879/3037/1879
f 1880/3038/1880 1907/3085/1907 1841/2960/1841
f 1820/3120/1820 1925/3121/1925 1818/3122/1818
f 1820/3120/1820 1791/3123/1791 1925/3121/1925
f 1792/2882/1792 1881/3039/1881 1754/2822/1754
f 1621/2597/1621 1908/3086/1908 1753/2821/1753
f 1571/2744/1571 1926/3124/1926 1573/2605/1573
f 1890/3052/1890 1927/3125/1927 1870/3014/1870
f 1870/3014/1870 1928/3126/1928 1892/3054/1892
f 1726/3127/1726 1848/2978/1848 1929/3128/1929
f 1892/3054/1892 1928/3126/1928 1913/3094/1913
f 1913/3094/1913 1929/3128/1929 1848/2978/1848
f 1825/3129/1825 1893/3095/1893 1756/2827/1756
f 1930/3130/1930 1691/2716/1691 1637/2715/1637
f 1898/3062/1898 1611/2718/1611 1804/2898/1804
f 1931/3131/1931 1852/2985/1852 1691/2716/1691
f 1899/3063/1899 1915/3097/1915 1806/2901/1806
f 1932/3132/1932 1707/2751/1707 1666/2865/1666
f 1642/2624/1642 1810/2908/1810 1933/3133/1933
f 1934/3134/1934 1811/3021/1811 1855/2989/1855
f 1832/3024/1832 1669/3135/1669 1935/3136/1935
f 1812/3069/1812 1935/3137/1935 1669/3067/1669
f 1834/2950/1834 1936/3138/1936 1835/2951/1835
f 1936/3138/1936 1644/2628/1644 1835/2951/1835
f 1780/2866/1780 1918/3139/1918 1671/2679/1671
f 1616/2587/1616 1857/3075/1857 1781/2867/1781
f 1857/2995/1857 1647/2634/1647 1937/3140/1937
f 1938/3141/1938 1874/3026/1874 1813/3142/1813
f 1939/3143/1939 1740/2998/1740 1858/2997/1858
f 1874/3080/1874 1836/2954/1836 1784/2953/1784
f 1874/3026/1874 1859/3000/1859 1836/2999/1836
f 1940/3144/1940 1647/2634/1647 1860/3001/1860
f 1200/2996/1200 1815/3112/1815 1858/2997/1858
f 1941/3145/1941 1921/3115/1921 1920/3114/1920
f 1922/3116/1922 1921/3115/1921 1941/3145/1941
f 1876/3030/1876 1785/2873/1785 1942/3146/1942
f 1941/3145/1941 1923/3147/1923 1922/3116/1922
f 1943/3148/1943 1944/3149/1944 1877/3034/1877
f 1943/3148/1943 1877/3034/1877 1923/3117/1923
f 1943/3148/1943 1923/3117/1923 1941/3150/1941
f 1785/2873/1785 1906/3084/1906 1942/3146/1942
f 1877/3034/1877 1945/3151/1945 1878/3035/1878
f 1877/3034/1877 1944/3149/1944 1945/3151/1945
f 1878/3152/1878 1946/3153/1946 1839/2958/1839
f 1946/3153/1946 1879/3037/1879 1839/2958/1839
f 1924/3119/1924 1879/3037/1879 1946/3153/1946
f 1907/3085/1907 1880/3038/1880 1924/3119/1924
f 1791/3123/1791 1823/2965/1823 1947/3154/1947
f 1843/2966/1843 1909/3087/1909 1908/3086/1908
f 1882/3040/1882 1948/3155/1948 1769/2847/1769
f 1720/2774/1720 1949/3156/1949 1755/2824/1755
f 1662/3043/1662 1844/3157/1844 1702/2743/1702
f 1911/3091/1911 1912/3158/1912 1794/2884/1794
f 1771/2850/1771 1950/3159/1950 1844/2967/1844
f 1722/2778/1722 1912/3092/1912 1951/3160/1951
f 1543/2499/1543 1952/3161/1952 1771/2850/1771
f 1626/2602/1626 1953/3162/1953 1723/2779/1723
f 1846/2975/1846 1888/3049/1888 1772/2852/1772
f 1913/3094/1913 1928/3126/1928 1929/3128/1929
f 1757/2858/1757 1894/3057/1894 1889/3050/1889
f 1954/3163/1954 1871/3015/1871 1893/3095/1893
f 1955/3164/1955 1731/2792/1731 1871/3015/1871
f 1800/3165/1800 1775/3166/1775 1488/3167/1488
f 1775/2859/1775 1534/2425/1534 1034/1611/1034
f 1775/3166/1775 1826/3168/1826 1534/3169/1534
f 1803/2897/1803 1827/2939/1827 1956/3170/1956
f 1690/2713/1690 1828/2941/1828 1930/3171/1930
f 1690/2713/1690 1930/3171/1930 1637/2617/1637
f 1915/3097/1915 1957/3172/1957 1807/2903/1807
f 1807/3173/1807 1957/3174/1957 1808/3175/1808
f 1831/3176/1831 1642/3177/1642 1958/3178/1958
f 1833/3179/1833 1959/3180/1959 1709/3101/1709
f 1585/2914/1585 1960/3181/1960 1812/2915/1812
f 1614/2584/1614 1961/3182/1961 1780/2866/1780
f 1615/2585/1615 1962/3183/1962 1670/2833/1670
f 1781/2867/1781 1963/3184/1963 1782/2868/1782
f 1962/3183/1962 1615/2585/1615 1739/2801/1739
f 1903/3074/1903 1695/2919/1695 1964/3185/1964
f 1695/2919/1695 1740/2918/1740 1964/3185/1964
f 1875/3027/1875 1861/3002/1861 1965/3186/1965
f 1815/3112/1815 1743/3111/1743 1966/3187/1966
f 1967/3188/1967 1862/3004/1862 1875/3081/1875
f 1968/3189/1968 1743/3028/1743 1904/3082/1904
f 1966/3190/1966 1743/3028/1743 1968/3189/1968
f 1968/3189/1968 1904/3082/1904 1967/3188/1967
f 1904/3082/1904 1919/3113/1919 1967/3188/1967
f 1967/3188/1967 1919/3113/1919 1862/3004/1862
f 1969/3191/1969 1943/3148/1943 1941/3150/1941
f 1943/3148/1943 1969/3191/1969 1944/3149/1944
f 1969/3191/1969 1945/3151/1945 1944/3149/1944
f 1945/3151/1945 1969/3191/1969 1878/3035/1878
f 1946/3153/1946 1878/3152/1878 1924/3119/1924
f 1823/2965/1823 1753/2964/1753 1947/3154/1947
f 1792/2882/1792 1970/3192/1970 1881/3039/1881
f 1701/2742/1701 1971/3193/1971 1972/3194/1972
f 1908/3086/1908 1909/3087/1909 1973/3195/1973
f 1881/3039/1881 1882/3040/1882 1719/2773/1719
f 1948/3155/1948 1973/3195/1973 1769/2847/1769
f 1973/3195/1973 1909/3087/1909 1769/2847/1769
f 1701/2742/1701 1702/2743/1702 1971/3193/1971
f 1720/2774/1720 1793/2883/1793 1974/3196/1974
f 1949/3156/1949 1720/2774/1720 1884/3042/1884
f 1624/2886/1624 1724/2780/1724 1975/3197/1975
f 1626/2602/1626 1722/2778/1722 1951/3160/1951
f 1953/3198/1953 1795/3199/1795 1723/3200/1723
f 1952/3201/1952 1543/2440/1543 1887/3048/1887
f 1976/3202/1976 1772/2852/1772 1888/3049/1888
f 1870/3014/1870 1927/3125/1927 1928/3126/1928
f 1928/3126/1928 1977/3203/1977 1929/3128/1929
f 1928/3126/1928 1927/3125/1927 1977/3203/1977
f 1929/3128/1929 1977/3203/1977 1978/3204/1978
f 1929/3128/1929 1893/3205/1893 1726/3127/1726
f 1871/3015/1871 1954/3163/1954 1955/3164/1955
f 1731/2792/1731 1979/3206/1979 1685/2708/1685
f 1776/3207/1776 1980/3208/1980 1732/3209/1732
f 1827/2939/1827 1981/3210/1981 1956/3170/1956
f 1778/2863/1778 1872/3018/1872 1896/3059/1896
f 1758/2829/1758 1982/3211/1982 1850/2983/1850
f 1758/2829/1758 1873/3019/1873 1982/3211/1982
f 1708/2752/1708 1707/2751/1707 1983/3212/1983
f 1708/2752/1708 1983/3212/1983 1984/3213/1984
f 1985/3214/1985 1986/3215/1986 1987/3216/1987
f 1985/3214/1985 1988/3217/1988 1986/3215/1986
f 1988/3217/1988 1989/3218/1989 1990/3219/1990
f 1990/3219/1990 1986/3215/1986 1988/3217/1988
f 1853/2987/1853 1830/3066/1830 1854/2988/1854
f 1581/2522/1581 1759/2830/1759 1991/3220/1991
f 1992/3221/1992 1511/3104/1511 1993/3222/1993
f 1511/3104/1511 1917/3106/1917 1993/3222/1993
f 1812/3223/1812 1960/3224/1960 1994/3225/1994
f 1585/2914/1585 1902/3226/1902 1960/3181/1960
f 1644/2628/1644 1995/3227/1995 1423/2627/1423
f 1875/3081/1875 1965/3228/1965 1967/3188/1967
f 1966/3190/1966 1967/3188/1967 1996/3229/1996
f 1966/3190/1966 1968/3189/1968 1967/3188/1967
f 1876/3030/1876 1997/3230/1997 1920/3114/1920
f 1941/3231/1941 1998/3232/1998 1969/3233/1969
f 1920/3234/1920 1998/3232/1998 1941/3231/1941
f 1969/3191/1969 1999/3235/1999 1878/3035/1878
f 1878/3152/1878 1999/3236/1999 1907/3085/1907
f 1878/3152/1878 1907/3085/1907 1924/3119/1924
f 1791/3123/1791 2000/3237/2000 1925/3121/1925
f 1791/3123/1791 1947/3154/1947 2000/3237/2000
f 1540/2436/1540 1701/2742/1701 1972/3194/1972
f 2001/3238/2001 1948/3155/1948 1882/3040/1882
f 1844/3157/1844 1950/3239/1950 2002/3240/2002
f 1725/2781/1725 1570/3010/1570 2003/3241/2003
f 2004/3242/2004 1927/3125/1927 1890/3052/1890
f 1927/3125/1927 2005/3243/2005 1977/3203/1977
f 2005/3243/2005 2006/3244/2006 1977/3203/1977
f 2006/3244/2006 1978/3204/1978 1977/3203/1977
f 1978/3204/1978 1893/3205/1893 1929/3128/1929
f 2007/3245/2007 1893/3095/1893 1978/3246/1978
f 1800/3165/1800 2008/3247/2008 1775/3166/1775
f 1980/3208/1980 1776/3207/1776 1803/3248/1803
f 1981/3210/1981 1827/2939/1827 1896/3059/1896
f 1984/3213/1984 1804/2898/1804 1708/2752/1708
f 1957/3249/1957 2009/3250/2009 1808/3251/1808
f 2010/3252/2010 1988/3253/1988 1985/3254/1985
f 2010/3252/2010 2011/3255/2011 1988/3253/1988
f 2012/3256/2012 1988/3253/1988 2011/3255/2011
f 1987/3216/1987 1986/3215/1986 2013/3257/2013
f 1988/3217/1988 2012/3258/2012 1989/3218/1989
f 2012/3258/2012 1990/3219/1990 1989/3218/1989
f 2014/3259/2014 1640/3260/1640 1831/3176/1831
f 1991/3220/1991 1856/2990/1856 1581/2522/1581
f 2015/3261/2015 1855/2989/1855 1854/2988/1854
f 1934/3134/1934 1855/2989/1855 2015/3261/2015
f 2016/3262/2016 1936/3138/1936 1834/2950/1834
f 2017/3263/2017 1780/2866/1780 1961/3182/1961
f 2018/3264/2018 1918/3139/1918 1780/2866/1780
f 1963/3184/1963 1781/2867/1781 2019/3265/2019
f 1903/3074/1903 2020/3266/2020 1739/2801/1739
f 1964/3185/1964 1740/2918/1740 1939/3267/1939
f 2021/3268/2021 2022/3269/2022 1741/3077/1741
f 1937/3140/1937 1647/2634/1647 1940/3144/1940
f 1815/3112/1815 1966/3187/1966 2023/3270/2023
f 2023/3270/2023 1966/3187/1966 2024/3271/2024
f 1965/3228/1965 2024/3272/2024 1967/3188/1967
f 1966/3190/1966 1996/3229/1996 2024/3272/2024
f 1967/3188/1967 2024/3272/2024 1996/3229/1996
f 1998/3232/1998 1920/3234/1920 1997/3273/1997
f 1998/3232/1998 2025/3274/2025 1969/3233/1969
f 1999/3235/1999 1969/3191/1969 2026/3275/2026
f 2026/3276/2026 1907/3085/1907 1999/3236/1999
f 1792/3277/1792 1842/2961/1842 1907/3085/1907
f 2027/3278/2027 1344/3279/1344 1594/3280/1594
f 1793/2883/1793 1624/2600/1624 1974/3196/1974
f 1624/2600/1624 1975/3281/1975 2028/3282/2028
f 1721/2969/1721 2029/3283/2029 1570/2970/1570
f 2030/3284/2030 1795/3199/1795 1953/3198/1953
f 1887/3048/1887 1772/2852/1772 1976/3202/1976
f 2031/3285/2031 1573/2605/1573 1926/3124/1926
f 2031/3286/2031 1888/3049/1888 1573/2974/1573
f 1889/3050/1889 1894/3057/1894 2032/3287/2032
f 2006/3244/2006 2005/3243/2005 1978/3204/1978
f 1955/3164/1955 1979/3206/1979 1731/2792/1731
f 1775/3166/1775 2033/3288/2033 1826/3168/1826
f 2034/3289/2034 1688/3290/1688 1826/3168/1826
f 1804/2898/1804 1984/3213/1984 1898/3062/1898
f 1915/3097/1915 1899/3063/1899 2035/3291/2035
f 2036/3292/2036 2010/3252/2010 1987/3293/1987
f 2010/3252/2010 1985/3254/1985 1987/3293/1987
f 2037/3294/2037 2012/3256/2012 2011/3255/2011
f 1958/3178/1958 1642/3177/1642 1933/3295/1933
f 1511/3296/1511 2038/3297/2038 1735/3298/1735
f 2039/3299/2039 1810/3022/1810 1832/3024/1832
f 1537/2430/1537 2040/3300/2040 1833/2949/1833
f 1935/3301/1935 1812/3223/1812 1994/3225/1994
f 1694/2724/1694 1916/3302/1916 1901/3070/1901
f 2041/3303/2041 1917/3106/1917 1558/3105/1558
f 1916/3103/1916 1961/3182/1961 1614/2584/1614
f 2017/3263/2017 2018/3264/2018 1780/2866/1780
f 1782/2868/1782 1963/3184/1963 2019/3265/2019
f 2042/3304/2042 1903/3074/1903 1964/3185/1964
f 2019/3265/2019 1781/2867/1781 1857/3075/1857
f 1938/3141/1938 2043/3305/2043 1874/3026/1874
f 2023/3306/2023 1965/3228/1965 2044/3307/2044
f 2023/3306/2023 2024/3272/2024 1965/3228/1965
f 2025/3308/2025 2026/3275/2026 1969/3191/1969
f 1715/3309/1715 1540/3310/1540 2045/3311/2045
f 1818/3122/1818 1925/3121/1925 2046/3312/2046
f 2047/3313/2047 2000/3237/2000 1947/3154/1947
f 1947/3154/1947 1753/2964/1753 2048/3314/2048
f 1907/3085/1907 1970/3315/1970 1792/3277/1792
f 2048/3314/2048 1908/3316/1908 2049/3317/2049
f 2048/3314/2048 1753/2964/1753 1908/3316/1908
f 1881/3039/1881 2050/3318/2050 2001/3238/2001
f 1881/3039/1881 2001/3238/2001 1882/3040/1882
f 1948/3155/1948 2001/3238/2001 1973/3195/1973
f 1883/3041/1883 1720/2774/1720 1974/3196/1974
f 1755/2824/1755 1949/3156/1949 1911/3091/1911
f 1974/3196/1974 1624/2600/1624 2028/3282/2028
f 1912/3319/1912 2051/3320/2051 1951/3321/1951
f 1845/2971/1845 1867/3011/1867 1886/3047/1886
f 1796/2889/1796 1795/2888/1795 1571/2744/1571
f 1927/3125/1927 2004/3242/2004 2052/3322/2052
f 2005/3243/2005 2053/3323/2053 1978/3204/1978
f 1893/3095/1893 2007/3245/2007 1954/3163/1954
f 1608/2574/1608 1609/2576/1609 1894/3324/1894
f 1851/2984/1851 2054/3325/2054 1873/3019/1873
f 1851/3061/1851 1898/3062/1898 2055/3326/2055
f 1707/2751/1707 1932/3132/1932 1983/3212/1983
f 1808/3251/1808 2009/3250/2009 1900/3327/1900
f 1666/2865/1666 1900/3064/1900 1932/3132/1932
f 1987/3216/1987 2013/3257/2013 2036/3328/2036
f 2010/3252/2010 2056/3329/2056 2011/3255/2011
f 2011/3255/2011 2056/3329/2056 2057/3330/2057
f 2013/3257/2013 1990/3219/1990 2058/3331/2058
f 2011/3255/2011 2057/3330/2057 2037/3294/2037
f 2013/3257/2013 1986/3215/1986 1990/3219/1990
f 2012/3258/2012 2059/3332/2059 1990/3219/1990
f 1854/2988/1854 1830/3066/1830 2060/3333/2060
f 1759/2830/1759 2061/3334/2061 1991/3220/1991
f 1810/3022/1810 2062/3335/2062 1933/3295/1933
f 1558/2470/1558 1586/2532/1586 2041/3336/2041
f 1782/2868/1782 2063/3337/2063 1586/2532/1586
f 1857/3075/1857 1937/3338/1937 2019/3265/2019
f 1741/2803/1741 2022/3339/2022 1814/2920/1814
f 1861/3002/1861 1874/3026/1874 2064/3340/2064
f 1997/3273/1997 1942/3341/1942 2065/3342/2065
f 1876/3030/1876 1942/3146/1942 1997/3230/1997
f 1594/2545/1594 1565/2484/1565 2066/3343/2066
f 1906/3344/1906 1818/3122/1818 2046/3312/2046
f 2000/3237/2000 2067/3345/2067 1925/3121/1925
f 2000/3237/2000 2047/3313/2047 2067/3345/2067
f 2047/3313/2047 1947/3154/1947 2068/3346/2068
f 1947/3154/1947 2048/3314/2048 2068/3346/2068
f 1881/3039/1881 1970/3192/1970 2050/3318/2050
f 1594/3280/1594 2069/3347/2069 2027/3278/2027
f 2027/3348/2027 1910/3349/1910 1344/3350/1344
f 1949/3156/1949 2070/3351/2070 1911/3091/1911
f 1844/3157/1844 2002/3240/2002 1702/2743/1702
f 1771/2850/1771 1952/3161/1952 2071/3352/2071
f 1724/2972/1724 1886/3047/1886 2072/3353/2072
f 1867/3011/1867 2073/3354/2073 1886/3047/1886
f 1887/3048/1887 1976/3202/1976 2074/3355/2074
f 1867/3011/1867 1847/2976/1847 2073/3354/2073
f 2074/3355/2074 1976/3202/1976 2075/3356/2075
f 1888/3049/1888 2031/3286/2031 2076/3357/2076
f 1725/3093/1725 2077/3358/2077 1890/3052/1890
f 1976/3202/1976 2078/3359/2078 2075/3356/2075
f 1976/3202/1976 1888/3049/1888 2078/3359/2078
f 1888/3049/1888 2076/3357/2076 2078/3359/2078
f 2079/3360/2079 2004/3242/2004 1890/3052/1890
f 1927/3125/1927 2052/3322/2052 2005/3243/2005
f 2008/3247/2008 2080/3361/2080 1775/3166/1775
f 1775/3166/1775 2080/3361/2080 2033/3288/2033
f 1826/3168/1826 2033/3288/2033 2034/3289/2034
f 1803/3248/1803 2081/3362/2081 1980/3208/1980
f 1803/3248/1803 1956/3363/1956 2081/3362/2081
f 1981/3210/1981 1896/3059/1896 2082/3364/2082
f 1688/3365/1688 2083/3366/2083 1828/3367/1828
f 1897/3060/1897 1896/3059/1896 1872/3018/1872
f 1897/3060/1897 2084/3368/2084 1896/3059/1896
f 1897/3060/1897 1829/2942/1829 2084/3368/2084
f 1828/3367/1828 2083/3366/2083 1930/3369/1930
f 1851/3061/1851 2055/3326/2055 2054/3370/2054
f 1691/2716/1691 1930/3130/1930 2085/3371/2085
f 1984/3213/1984 1983/3212/1983 2086/3372/2086
f 1915/3097/1915 2035/3291/2035 1957/3172/1957
f 2010/3252/2010 2036/3292/2036 2087/3373/2087
f 2037/3374/2037 2059/3332/2059 2012/3258/2012
f 2059/3332/2059 2088/3375/2088 1990/3219/1990
f 1734/2796/1734 1735/2797/1735 1809/2907/1809
f 1833/3179/1833 2040/3376/2040 1959/3180/1959
f 1992/3221/1992 1993/3222/1993 2089/3377/2089
f 2016/3262/2016 1834/2950/1834 1811/3025/1811
f 1902/3073/1902 1670/2833/1670 1962/3183/1962
f 1423/2234/1423 2090/3378/2090 1738/2800/1738
f 1962/3183/1962 1739/2801/1739 2020/3266/2020
f 1918/3108/1918 2091/3379/2091 1813/3109/1813
f 1741/3077/1741 1783/3076/1783 2021/3268/2021
f 1998/3232/1998 1997/3273/1997 2065/3342/2065
f 1942/3341/1942 1906/3344/1906 2092/3380/2092
f 2026/3381/2026 2093/3382/2093 1907/3383/1907
f 2046/3312/2046 1925/3121/1925 2067/3345/2067
f 2047/3313/2047 2094/3384/2094 2067/3345/2067
f 2047/3313/2047 2068/3346/2068 2094/3384/2094
f 2068/3346/2068 2048/3314/2048 2094/3384/2094
f 2095/3385/2095 1970/3315/1970 1907/3085/1907
f 1973/3195/1973 2001/3238/2001 2050/3318/2050
f 1911/3091/1911 2070/3351/2070 1912/3158/1912
f 1950/3159/1950 1771/2850/1771 2071/3352/2071
f 1571/2744/1571 1795/2888/1795 1926/3124/1926
f 1926/3124/1926 2096/3386/2096 2031/3285/2031
f 1978/3204/1978 2053/3323/2053 2097/3387/2097
f 2098/3388/2098 2099/3389/2099 1978/3390/1978
f 2007/3245/2007 1978/3246/1978 2099/3391/2099
f 1895/3058/1895 1801/2895/1801 2100/3392/2100
f 1801/2895/1801 1686/2709/1686 2100/3392/2100
f 1732/3209/1732 1980/3208/1980 1802/3393/1802
f 2034/3289/2034 2101/3394/2101 1688/3290/1688
f 1691/2716/1691 2085/3371/2085 2102/3395/2102
f 1852/2985/1852 2103/3396/2103 1899/3397/1899
f 1957/3398/1957 2035/3399/2035 2104/3400/2104
f 1957/3398/1957 2104/3400/2104 2105/3401/2105
f 1957/3249/1957 2106/3402/2106 2009/3250/2009
f 2010/3252/2010 2107/3403/2107 2056/3329/2056
f 2056/3329/2056 2107/3403/2107 2057/3330/2057
f 1993/3222/1993 2108/3404/2108 2089/3377/2089
f 1811/3025/1811 2109/3405/2109 2016/3262/2016
f 2108/3404/2108 1993/3222/1993 1917/3106/1917
f 1959/3180/1959 2110/3406/2110 1709/3101/1709
f 1709/3101/1709 2110/3406/2110 1694/2724/1694
f 1936/3138/1936 2111/3407/2111 1644/2628/1644
f 1995/3408/1995 2090/3378/2090 1423/2234/1423
f 1902/3073/1902 1962/3183/1962 2112/3409/2112
f 2063/3337/2063 1782/2868/1782 2019/3265/2019
f 1962/3183/1962 2020/3266/2020 2112/3409/2112
f 1903/3074/1903 2042/3304/2042 2020/3266/2020
f 2113/3410/2113 1783/2994/1783 1738/2993/1738
f 1813/3109/1813 2114/3411/2114 1938/3412/1938
f 2021/3268/2021 2115/3413/2115 2022/3269/2022
f 1937/3140/1937 1940/3144/1940 2116/3414/2116
f 1874/3026/1874 2043/3305/2043 2117/3415/2117
f 1815/3112/1815 2118/3416/2118 1858/2997/1858
f 1815/3112/1815 2023/3270/2023 2119/3417/2119
f 2066/3343/2066 2069/3418/2069 1594/2545/1594
f 1540/2436/1540 1972/3194/1972 2045/3419/2045
f 2094/3384/2094 2048/3314/2048 2049/3317/2049
f 1972/3194/1972 1971/3193/1971 2120/3420/2120
f 1973/3195/1973 2050/3318/2050 1908/3086/1908
f 1702/2743/1702 2121/3421/2121 2122/3422/2122
f 1910/3349/1910 1885/3044/1885 1281/3046/1281
f 1949/3156/1949 2123/3423/2123 2070/3351/2070
f 1887/3048/1887 2074/3355/2074 2124/3424/2124
f 2073/3354/2073 2125/3425/2125 1886/3047/1886
f 1890/3052/1890 2077/3358/2077 2079/3360/2079
f 2052/3322/2052 2126/3426/2126 2005/3243/2005
f 2032/3287/2032 1894/3057/1894 2127/3427/2127
f 2005/3243/2005 2126/3426/2126 2053/3323/2053
f 1978/3204/1978 2097/3387/2097 2098/3428/2098
f 2007/3245/2007 1955/3164/1955 1954/3163/1954
f 2007/3245/2007 2099/3391/2099 1955/3164/1955
f 1914/3096/1914 2128/3429/2128 1800/2894/1800
f 1686/2709/1686 1802/2896/1802 2100/3392/2100
f 2034/3289/2034 2033/3288/2033 2129/3430/2129
f 1981/3210/1981 2082/3364/2082 1956/3170/1956
f 2101/3394/2101 2130/3431/2130 1688/3290/1688
f 2131/3432/2131 2055/3326/2055 1898/3062/1898
f 2103/3396/2103 1852/2985/1852 1931/3131/1931
f 2035/3399/2035 2087/3373/2087 2104/3400/2104
f 2104/3400/2104 2087/3373/2087 2132/3433/2132
f 2104/3400/2104 2132/3433/2132 2105/3401/2105
f 2133/3434/2133 1900/3327/1900 2009/3250/2009
f 2133/3435/2133 1932/3132/1932 1900/3064/1900
f 2036/3292/2036 2132/3433/2132 2087/3373/2087
f 2036/3292/2036 2134/3436/2134 2132/3433/2132
f 2134/3436/2134 2036/3292/2036 2135/3437/2135
f 2136/3438/2136 2010/3252/2010 2087/3373/2087
f 2135/3439/2135 2036/3328/2036 2013/3257/2013
f 2136/3438/2136 2107/3403/2107 2010/3252/2010
f 2135/3439/2135 2013/3257/2013 2058/3331/2058
f 2137/3440/2137 2058/3331/2058 1990/3219/1990
f 2137/3440/2137 1990/3219/1990 2088/3375/2088
f 1392/2519/1392 1157/3441/1157 2138/3442/2138
f 1810/3022/1810 2039/3299/2039 2062/3335/2062
f 1934/3443/1934 2109/3405/2109 1811/3025/1811
f 2110/3406/2110 1959/3180/1959 2040/3376/2040
f 2041/3303/2041 2139/3444/2139 1917/3106/1917
f 1644/2628/1644 2111/3407/2111 1995/3227/1995
f 2140/3445/2140 2041/3336/2041 1586/2532/1586
f 2141/3446/2141 2142/3447/2142 2143/3448/2143
f 2144/3449/2144 1965/3186/1965 1861/3002/1861
f 2144/3449/2144 1861/3002/1861 2064/3340/2064
f 2144/3450/2144 2044/3307/2044 1965/3228/1965
f 2022/3339/2022 1565/2484/1565 1814/2920/1814
f 2145/3451/2145 1998/3232/1998 2065/3342/2065
f 2145/3451/2145 2025/3274/2025 1998/3232/1998
f 2046/3312/2046 2092/3380/2092 1906/3344/1906
f 2046/3312/2046 2067/3345/2067 2094/3384/2094
f 2146/3452/2146 1970/3315/1970 2095/3385/2095
f 1908/3316/1908 2147/3453/2147 2049/3317/2049
f 1908/3454/1908 2050/3455/2050 2147/3456/2147
f 1971/3193/1971 1702/2743/1702 2122/3422/2122
f 1885/3457/1885 2029/3283/2029 1721/2969/1721
f 2003/3458/2003 1570/2970/1570 2029/3283/2029
f 2148/3459/2148 1626/2602/1626 1951/3160/1951
f 2148/3460/2148 1953/3461/1953 1626/3462/1626
f 1952/3201/1952 1887/3048/1887 2124/3424/2124
f 2030/3463/2030 1926/3124/1926 1795/2888/1795
f 2149/3464/2149 2074/3465/2074 2075/3466/2075
f 2031/3286/2031 2150/3467/2150 2076/3357/2076
f 2150/3467/2150 2075/3356/2075 2078/3359/2078
f 2150/3467/2150 2078/3359/2078 2076/3357/2076
f 2073/3354/2073 1847/2976/1847 1889/3050/1889
f 2151/3468/2151 1889/3050/1889 2032/3287/2032
f 2152/3469/2152 2052/3322/2052 2004/3242/2004
f 2126/3426/2126 2153/3470/2153 2053/3323/2053
f 2153/3470/2153 2097/3387/2097 2053/3323/2053
f 2154/3471/2154 2098/3388/2098 2097/3472/2097
f 2153/3473/2153 2154/3471/2154 2097/3472/2097
f 2128/3474/2128 2008/3247/2008 1800/3165/1800
f 2033/3288/2033 2080/3361/2080 2129/3430/2129
f 2130/3475/2130 2083/3366/2083 1688/3365/1688
f 1850/2983/1850 2155/3476/2155 2156/3477/2156
f 1850/2983/1850 1982/3211/1982 2155/3476/2155
f 1873/3019/1873 2054/3325/2054 1982/3211/1982
f 2157/3478/2157 2085/3371/2085 1930/3130/1930
f 1691/2716/1691 2102/3395/2102 1931/3131/1931
f 1898/3062/1898 1984/3213/1984 2086/3372/2086
f 2131/3432/2131 1898/3062/1898 2086/3372/2086
f 1983/3212/1983 1932/3132/1932 2158/3479/2158
f 2159/3480/2159 2087/3373/2087 2035/3399/2035
f 2132/3433/2132 2160/3481/2160 2105/3401/2105
f 2132/3433/2132 2134/3436/2134 2160/3481/2160
f 2161/3482/2161 2136/3438/2136 2087/3373/2087
f 2135/3439/2135 2058/3331/2058 2137/3440/2137
f 2107/3403/2107 2162/3483/2162 2057/3330/2057
f 2057/3484/2057 2059/3332/2059 2037/3374/2037
f 2059/3332/2059 2163/3485/2163 2088/3375/2088
f 1958/3178/1958 1933/3295/1933 2164/3486/2164
f 2164/3486/2164 1933/3295/1933 2062/3335/2062
f 2062/3335/2062 2039/3299/2039 2165/3487/2165
f 2038/3488/2038 1511/3489/1511 1992/3490/1992
f 1992/3490/1992 2089/3491/2089 2166/3492/2166
f 2167/3493/2167 1935/3136/1935 1994/3494/1994
f 2040/3376/2040 2168/3495/2168 2110/3406/2110
f 1917/3106/1917 2139/3444/2139 2108/3404/2108
f 2110/3406/2110 1916/3302/1916 1694/2724/1694
f 2090/3496/2090 2113/3410/2113 1738/2993/1738
f 2018/3497/2018 2091/3379/2091 1918/3108/1918
f 2142/3498/2142 2169/3499/2169 2143/3500/2143
f 1815/3112/1815 2119/3417/2119 2118/3416/2118
f 2119/3417/2119 2023/3270/2023 2170/3501/2170
f 2044/3307/2044 2170/3502/2170 2023/3306/2023
f 2022/3339/2022 2066/3343/2066 1565/2484/1565
f 2065/3342/2065 1942/3341/1942 2171/3503/2171
f 2171/3503/2171 1942/3341/1942 2092/3380/2092
f 2146/3504/2146 2147/3456/2147 2050/3455/2050
f 1702/2743/1702 2002/3240/2002 2121/3421/2121
f 2002/3240/2002 1950/3239/1950 2172/3505/2172
f 2003/3506/2003 2077/3358/2077 1725/3093/1725
f 2077/3358/2077 2173/3507/2173 2079/3360/2079
f 2127/3427/2127 1894/3057/1894 2174/3508/2174
f 1609/2576/1609 1799/2893/1799 2175/3509/2175
f 2100/3510/2100 1802/3393/1802 2176/3511/2176
f 2177/3512/2177 1802/3393/1802 1980/3208/1980
f 1896/3059/1896 2084/3368/2084 2082/3364/2082
f 2035/3291/2035 1899/3063/1899 2178/3513/2178
f 1932/3132/1932 2133/3435/2133 2158/3479/2158
f 2105/3401/2105 2160/3481/2160 1957/3398/1957
f 2160/3514/2160 2106/3402/2106 1957/3249/1957
f 2135/3437/2135 2179/3515/2179 2134/3436/2134
f 2135/3516/2135 2180/3517/2180 2179/3518/2179
f 2107/3403/2107 2136/3438/2136 2162/3483/2162
f 2088/3375/2088 2181/3519/2181 2137/3440/2137
f 1832/3024/1832 2167/3493/2167 2039/3299/2039
f 2089/3491/2089 2182/3520/2182 2166/3492/2166
f 1832/3024/1832 1935/3136/1935 2167/3493/2167
f 2167/3493/2167 1994/3494/1994 2183/3521/2183
f 1936/3138/1936 2184/3522/2184 2111/3407/2111
f 2041/3523/2041 2140/3524/2140 2139/3525/2139
f 1994/3225/1994 1960/3224/1960 2185/3526/2185
f 1916/3103/1916 2186/3527/2186 1961/3182/1961
f 1960/3528/1960 1902/3073/1902 2187/3529/2187
f 1961/3182/1961 2188/3530/2188 2189/3531/2189
f 2111/3407/2111 2190/3532/2190 1995/3227/1995
f 1961/3182/1961 2189/3531/2189 2017/3263/2017
f 1902/3073/1902 2112/3409/2112 2187/3529/2187
f 2112/3409/2112 2020/3266/2020 2191/3533/2191
f 2019/3265/2019 1937/3338/1937 2192/3534/2192
f 1813/3109/1813 2091/3379/2091 2114/3411/2114
f 1964/3535/1964 1939/3143/1939 1858/2997/1858
f 2193/3536/2193 2141/3446/2141 2194/3537/2194
f 2141/3446/2141 2143/3448/2143 2194/3537/2194
f 2193/3536/2193 2195/3538/2195 2141/3446/2141
f 2141/3446/2141 2195/3538/2195 2142/3447/2142
f 2143/3448/2143 2169/3539/2169 2196/3540/2196
f 1860/3001/1860 1742/2804/1742 1940/3144/1940
f 2169/3499/2169 2142/3498/2142 2197/3541/2197
f 2169/3499/2169 2198/3542/2198 2196/3543/2196
f 2169/3499/2169 2197/3541/2197 2198/3542/2198
f 2117/3415/2117 2064/3340/2064 1874/3026/1874
f 1858/2997/1858 2118/3416/2118 2199/3544/2199
f 2145/3545/2145 2065/3546/2065 2200/3547/2200
f 1715/3548/1715 2045/3549/2045 2201/3550/2201
f 2094/3384/2094 2049/3317/2049 2147/3453/2147
f 1970/3192/1970 2146/3551/2146 2050/3318/2050
f 2120/3420/2120 1971/3193/1971 2122/3422/2122
f 2202/3552/2202 1910/3349/1910 2027/3348/2027
f 2121/3421/2121 2002/3240/2002 2172/3505/2172
f 2203/3553/2203 2051/3320/2051 1912/3319/1912
f 1724/2972/1724 2072/3353/2072 1975/3554/1975
f 2204/3555/2204 2031/3556/2031 2096/3557/2096
f 2205/3558/2205 2150/3559/2150 2031/3556/2031
f 2205/3558/2205 2031/3556/2031 2204/3555/2204
f 2206/3560/2206 2075/3356/2075 2150/3467/2150
f 2206/3561/2206 2150/3559/2150 2205/3558/2205
f 2206/3561/2206 2207/3562/2207 2075/3466/2075
f 2173/3507/2173 2077/3358/2077 2208/3563/2208
f 2073/3354/2073 1889/3050/1889 2151/3468/2151
f 2208/3563/2208 2079/3360/2079 2173/3507/2173
f 2208/3563/2208 2004/3242/2004 2079/3360/2079
f 2208/3563/2208 2152/3469/2152 2004/3242/2004
f 2208/3563/2208 2209/3564/2209 2152/3469/2152
f 2210/3565/2210 2052/3322/2052 2152/3469/2152
f 2210/3565/2210 2126/3426/2126 2052/3322/2052
f 2126/3566/2126 2154/3471/2154 2153/3473/2153
f 2154/3471/2154 2211/3567/2211 2098/3388/2098
f 1894/3324/1894 1609/2576/1609 2175/3509/2175
f 1979/3206/1979 1914/3568/1914 1685/2708/1685
f 2176/3511/2176 1802/3393/1802 2177/3512/2177
f 2008/3247/2008 2129/3430/2129 2080/3361/2080
f 2212/3569/2212 2082/3364/2082 2084/3368/2084
f 2155/3476/2155 1982/3211/1982 2213/3570/2213
f 2086/3372/2086 1983/3212/1983 2158/3479/2158
f 2159/3571/2159 2035/3291/2035 2178/3513/2178
f 2159/3571/2159 2214/3572/2214 2087/3573/2087
f 2214/3574/2214 2161/3482/2161 2087/3373/2087
f 2160/3481/2160 2134/3436/2134 2179/3515/2179
f 2106/3402/2106 2160/3514/2160 2179/3518/2179
f 2215/3575/2215 2162/3576/2162 2136/3577/2136
f 2163/3485/2163 2181/3519/2181 2088/3375/2088
f 1854/3578/1854 2060/3579/2060 2216/3580/2216
f 2138/3581/2138 1157/2906/1157 1809/2907/1809
f 2217/3582/2217 1934/3583/1934 2015/3584/2015
f 2165/3487/2165 2039/3299/2039 2167/3493/2167
f 2218/3585/2218 2040/3586/2040 1537/3587/1537
f 2219/3588/2219 1992/3490/1992 2166/3492/2166
f 2108/3589/2108 2182/3520/2182 2089/3491/2089
f 2220/3590/2220 2221/3591/2221 2016/3262/2016
f 2221/3591/2221 1936/3138/1936 2016/3262/2016
f 2191/3533/2191 2020/3266/2020 2042/3304/2042
f 2222/3592/2222 1783/2994/1783 2113/3410/2113
f 1783/3076/1783 2115/3413/2115 2021/3268/2021
f 2223/3593/2223 2195/3538/2195 2193/3536/2193
f 2223/3593/2223 2193/3536/2193 2194/3537/2194
f 2116/3414/2116 1940/3144/1940 2224/3594/2224
f 2143/3448/2143 2225/3595/2225 2194/3537/2194
f 2226/3596/2226 2198/3542/2198 2197/3541/2197
f 2226/3596/2226 2196/3543/2196 2198/3542/2198
f 1742/2804/1742 1715/2924/1715 2227/3597/2227
f 2228/3598/2228 2044/3307/2044 2144/3450/2144
f 2119/3417/2119 2170/3501/2170 2229/3599/2229
f 2200/3600/2200 2065/3601/2065 2230/3602/2230
f 2200/3547/2200 2025/3603/2025 2145/3545/2145
f 2230/3604/2230 2065/3342/2065 2171/3503/2171
f 2231/3605/2231 2026/3606/2026 2025/3603/2025
f 2231/3605/2231 2093/3607/2093 2026/3606/2026
f 2094/3384/2094 2147/3453/2147 2046/3312/2046
f 1949/3156/1949 1884/3042/1884 2232/3608/2232
f 2232/3608/2232 1884/3042/1884 1883/3041/1883
f 1974/3609/1974 2233/3610/2233 1883/3611/1883
f 1952/3161/1952 2124/3612/2124 2071/3352/2071
f 2234/3613/2234 2030/3284/2030 1953/3198/1953
f 2030/3463/2030 2235/3614/2235 1926/3124/1926
f 1926/3124/1926 2235/3614/2235 2096/3386/2096
f 2235/3614/2235 2204/3615/2204 2096/3386/2096
f 2207/3562/2207 2236/3616/2236 2075/3466/2075
f 2206/3561/2206 2236/3616/2236 2207/3562/2207
f 2209/3564/2209 2210/3565/2210 2152/3469/2152
f 2126/3566/2126 2237/3617/2237 2154/3471/2154
f 1914/3096/1914 2238/3618/2238 2128/3429/2128
f 2082/3619/2082 2239/3620/2239 1956/3363/1956
f 1930/3369/1930 2083/3366/2083 2240/3621/2240
f 1829/2942/1829 1850/3622/1850 2084/3368/2084
f 2213/3570/2213 1982/3211/1982 2054/3325/2054
f 2241/3623/2241 2085/3371/2085 2157/3478/2157
f 1899/3624/1899 2242/3625/2242 2178/3626/2178
f 2159/3571/2159 2178/3513/2178 2243/3627/2243
f 2159/3571/2159 2243/3627/2243 2214/3572/2214
f 2244/3628/2244 2009/3250/2009 2106/3402/2106
f 2181/3519/2181 2135/3439/2135 2137/3440/2137
f 2162/3576/2162 2059/3332/2059 2057/3484/2057
f 2059/3332/2059 2162/3576/2162 2163/3485/2163
f 2216/3580/2216 2245/3629/2245 1854/3578/1854
f 1735/3298/1735 2038/3297/2038 1809/3630/1809
f 2061/3334/2061 2246/3631/2246 1991/3220/1991
f 2164/3486/2164 2062/3335/2062 2247/3632/2247
f 2062/3335/2062 2165/3487/2165 2247/3632/2247
f 1934/3443/1934 2248/3633/2248 2249/3634/2249
f 2249/3634/2249 2109/3405/2109 1934/3443/1934
f 2250/3635/2250 1992/3490/1992 2219/3588/2219
f 1936/3138/1936 2221/3591/2221 2184/3522/2184
f 2111/3407/2111 2184/3522/2184 2190/3532/2190
f 2140/3445/2140 1586/2532/1586 2251/3636/2251
f 1961/3637/1961 2186/3638/2186 2188/3639/2188
f 2190/3640/2190 2090/3496/2090 1995/3641/1995
f 2189/3642/2189 2252/3643/2252 2017/3644/2017
f 2019/3265/2019 2192/3534/2192 2063/3337/2063
f 2042/3304/2042 1964/3185/1964 2253/3645/2253
f 2192/3646/2192 1937/3140/1937 2116/3414/2116
f 2254/3647/2254 2195/3648/2195 2223/3649/2223
f 2115/3650/2115 2255/3651/2255 2022/3652/2022
f 2142/3498/2142 2256/3653/2256 2197/3541/2197
f 2257/3654/2257 2143/3448/2143 2196/3540/2196
f 2258/3655/2258 2226/3596/2226 2197/3541/2197
f 2025/3603/2025 2259/3656/2259 2231/3605/2231
f 2092/3380/2092 2260/3657/2260 2171/3503/2171
f 2092/3380/2092 2261/3658/2261 2260/3657/2260
f 2046/3312/2046 2261/3658/2261 2092/3380/2092
f 2045/3419/2045 1972/3194/1972 2262/3659/2262
f 2120/3420/2120 2262/3659/2262 1972/3194/1972
f 2121/3421/2121 2263/3660/2263 2122/3422/2122
f 1974/3609/1974 2264/3661/2264 2233/3610/2233
f 1974/3609/1974 2028/3662/2028 2265/3663/2265
f 2070/3351/2070 2266/3664/2266 1912/3158/1912
f 1886/3047/1886 2267/3665/2267 2072/3353/2072
f 2124/3666/2124 2074/3667/2074 2071/3668/2071
f 1953/3198/1953 2268/3669/2268 2234/3613/2234
f 2003/3506/2003 2269/3670/2269 2077/3358/2077
f 2073/3354/2073 2151/3468/2151 2270/3671/2270
f 2236/3616/2236 2271/3672/2271 2075/3466/2075
f 2206/3561/2206 2272/3673/2272 2236/3616/2236
f 2206/3561/2206 2205/3558/2205 2272/3673/2272
f 2210/3674/2210 2237/3617/2237 2126/3566/2126
f 2237/3617/2237 2273/3675/2273 2154/3471/2154
f 2154/3471/2154 2273/3675/2273 2211/3567/2211
f 2211/3567/2211 2273/3675/2273 2098/3388/2098
f 2098/3388/2098 2273/3675/2273 2274/3676/2274
f 2081/3362/2081 2275/3677/2275 1980/3208/1980
f 2129/3430/2129 2008/3247/2008 2034/3289/2034
f 1956/3363/1956 2239/3620/2239 2081/3362/2081
f 2240/3621/2240 2276/3678/2276 1930/3369/1930
f 2277/3679/2277 2156/3680/2156 2155/3681/2155
f 2278/3682/2278 2086/3372/2086 2158/3479/2158
f 2279/3683/2279 2106/3402/2106 2179/3518/2179
f 2214/3572/2214 2280/3684/2280 2161/3685/2161
f 2136/3438/2136 2161/3482/2161 2280/3686/2280
f 2216/3580/2216 2060/3579/2060 1830/3687/1830
f 2281/3688/2281 1934/3583/1934 2217/3582/2217
f 2247/3632/2247 2165/3487/2165 2282/3689/2282
f 2281/3688/2281 2248/3690/2248 1934/3583/1934
f 2166/3492/2166 2182/3520/2182 2139/3691/2139
f 2182/3520/2182 2108/3589/2108 2139/3691/2139
f 2167/3493/2167 2183/3521/2183 2165/3487/2165
f 2168/3495/2168 2283/3692/2283 2110/3406/2110
f 2284/3693/2284 2221/3591/2221 2220/3590/2220
f 2221/3591/2221 2285/3694/2285 2184/3522/2184
f 1916/3302/1916 2110/3406/2110 2283/3692/2283
f 2285/3694/2285 2190/3532/2190 2184/3522/2184
f 2286/3695/2286 2190/3532/2190 2285/3694/2285
f 2017/3644/2017 2287/3696/2287 2018/3697/2018
f 2288/3698/2288 2112/3409/2112 2191/3533/2191
f 2289/3699/2289 2063/3337/2063 2192/3534/2192
f 2290/3700/2290 2113/3410/2113 2090/3496/2090
f 2291/3701/2291 2091/3379/2091 2018/3497/2018
f 2254/3647/2254 2223/3649/2223 2292/3702/2292
f 2223/3593/2223 2293/3703/2293 2292/3704/2292
f 2223/3593/2223 2194/3537/2194 2293/3703/2293
f 2225/3595/2225 2293/3703/2293 2194/3537/2194
f 2114/3705/2114 2043/3305/2043 1938/3141/1938
f 2294/3706/2294 2256/3653/2256 2142/3498/2142
f 2295/3707/2295 2257/3654/2257 2196/3540/2196
f 2296/3708/2296 2196/3543/2196 2226/3596/2226
f 2118/3416/2118 2119/3417/2119 2297/3709/2297
f 2119/3417/2119 2229/3599/2229 2297/3709/2297
f 2297/3709/2297 2229/3599/2229 2298/3710/2298
f 2298/3710/2298 2229/3599/2229 2170/3501/2170
f 2259/3656/2259 2025/3603/2025 2200/3547/2200
f 2299/3711/2299 2300/3712/2300 2301/3713/2301
f 2302/3714/2302 2260/3657/2260 2261/3658/2261
f 2261/3658/2261 2046/3312/2046 2303/3715/2303
f 2095/3716/2095 1907/3717/1907 2093/3607/2093
f 2095/3716/2095 2147/3453/2147 2146/3718/2146
f 2304/3719/2304 2305/3720/2305 2300/3721/2300
f 2306/3722/2306 2070/3351/2070 2123/3423/2123
f 2307/3723/2307 1885/3044/1885 1910/3349/1910
f 1950/3159/1950 2071/3352/2071 2308/3724/2308
f 2074/3465/2074 2149/3464/2149 2309/3725/2309
f 2310/3726/2310 2030/3284/2030 2234/3613/2234
f 2310/3727/2310 2235/3614/2235 2030/3463/2030
f 2311/3728/2311 2204/3615/2204 2235/3614/2235
f 2271/3672/2271 2236/3616/2236 2272/3673/2272
f 2208/3563/2208 2077/3358/2077 2269/3670/2269
f 2098/3388/2098 2274/3676/2274 2099/3389/2099
f 2238/3618/2238 1914/3096/1914 1979/3729/1979
f 1850/3730/1850 2156/3680/2156 2277/3679/2277
f 2157/3731/2157 1930/3369/1930 2276/3678/2276
f 2178/3513/2178 2214/3572/2214 2243/3627/2243
f 2279/3683/2279 2179/3518/2179 2180/3517/2180
f 2180/3517/2180 2312/3732/2312 2106/3402/2106
f 2279/3683/2279 2180/3517/2180 2106/3402/2106
f 2312/3732/2312 2244/3628/2244 2106/3402/2106
f 2280/3733/2280 2313/3734/2313 2136/3577/2136
f 2163/3485/2163 2314/3735/2314 2181/3519/2181
f 1831/3176/1831 1958/3178/1958 2315/3736/2315
f 1759/2830/1759 2246/3631/2246 2061/3334/2061
f 2246/3631/2246 1856/2990/1856 1991/3220/1991
f 2247/3632/2247 2316/3737/2316 2164/3486/2164
f 2038/3488/2038 1992/3490/1992 2250/3635/2250
f 1856/2990/1856 2218/3738/2218 1537/2430/1537
f 2165/3487/2165 2317/3739/2317 2282/3689/2282
f 2248/3633/2248 2109/3405/2109 2249/3634/2249
f 2218/3585/2218 2318/3740/2318 2040/3586/2040
f 2166/3492/2166 2139/3691/2139 2319/3741/2319
f 2318/3740/2318 2168/3742/2168 2040/3586/2040
f 2109/3405/2109 2220/3590/2220 2016/3262/2016
f 1994/3743/1994 2185/3744/2185 2183/3745/2183
f 2283/3692/2283 2320/3746/2320 1916/3302/1916
f 2185/3744/2185 1960/3747/1960 2321/3748/2321
f 1960/3749/1960 2187/3750/2187 2321/3751/2321
f 2188/3639/2188 2252/3643/2252 2189/3642/2189
f 2322/3752/2322 2090/3496/2090 2190/3640/2190
f 2112/3753/2112 2288/3754/2288 2187/3755/2187
f 2018/3497/2018 2323/3756/2323 2291/3701/2291
f 2191/3533/2191 2042/3304/2042 2253/3645/2253
f 1783/2994/1783 2222/3592/2222 2324/3757/2324
f 2143/3448/2143 2257/3654/2257 2225/3595/2225
f 2195/3648/2195 2294/3706/2294 2142/3498/2142
f 2256/3653/2256 2258/3655/2258 2197/3541/2197
f 2325/3758/2325 2296/3708/2296 2226/3596/2226
f 2228/3598/2228 2170/3502/2170 2044/3307/2044
f 2326/3759/2326 2299/3711/2299 2327/3760/2327
f 2327/3760/2327 2301/3713/2301 2328/3761/2328
f 2327/3760/2327 2299/3711/2299 2301/3713/2301
f 2200/3547/2200 2230/3604/2230 2329/3762/2329
f 2171/3503/2171 2260/3657/2260 2302/3714/2302
f 2299/3711/2299 2330/3763/2330 2300/3712/2300
f 2330/3764/2330 2304/3719/2304 2300/3721/2300
f 2303/3715/2303 2046/3312/2046 2147/3453/2147
f 2095/3716/2095 2303/3715/2303 2147/3453/2147
f 2304/3719/2304 2330/3764/2330 2331/3765/2331
f 2304/3719/2304 2332/3766/2332 2305/3720/2305
f 2300/3721/2300 2305/3720/2305 2333/3767/2333
f 2305/3720/2305 2332/3766/2332 2334/3768/2334
f 2305/3720/2305 2334/3768/2334 2333/3767/2333
f 2120/3420/2120 2122/3422/2122 2263/3660/2263
f 2232/3769/2232 1883/3770/1883 2233/3771/2233
f 2264/3661/2264 1974/3609/1974 2265/3663/2265
f 2306/3722/2306 2266/3664/2266 2070/3351/2070
f 2172/3505/2172 1950/3239/1950 2335/3772/2335
f 2335/3773/2335 1950/3159/1950 2308/3724/2308
f 2203/3553/2203 2336/3774/2336 2051/3320/2051
f 2336/3774/2336 1951/3321/1951 2051/3320/2051
f 2337/3775/2337 1953/3461/1953 2148/3460/2148
f 2075/3466/2075 2271/3672/2271 2149/3464/2149
f 2272/3673/2272 2338/3776/2338 2271/3672/2271
f 2127/3427/2127 2174/3508/2174 2032/3287/2032
f 2274/3676/2274 2339/3777/2339 2099/3389/2099
f 2274/3676/2274 2273/3675/2273 2339/3777/2339
f 2175/3778/2175 1799/3779/1799 2340/3780/2340
f 1799/2893/1799 1895/3058/1895 2340/3781/2340
f 2341/3782/2341 2238/3618/2238 1979/3729/1979
f 2238/3783/2238 2341/3784/2341 2128/3474/2128
f 2342/3785/2342 2008/3247/2008 2128/3474/2128
f 2275/3677/2275 2081/3362/2081 2239/3620/2239
f 2084/3368/2084 1850/3622/1850 2343/3786/2343
f 2241/3623/2241 2102/3395/2102 2085/3371/2085
f 2055/3326/2055 2131/3432/2131 2344/3787/2344
f 2131/3432/2131 2086/3372/2086 2345/3788/2345
f 2103/3789/2103 2346/3790/2346 1899/3624/1899
f 2178/3513/2178 2280/3684/2280 2214/3572/2214
f 2312/3732/2312 2347/3791/2347 2244/3628/2244
f 2180/3517/2180 2347/3791/2347 2312/3732/2312
f 2180/3517/2180 2135/3516/2135 2348/3792/2348
f 2015/3584/2015 1854/3578/1854 2245/3629/2245
f 2246/3631/2246 2349/3793/2349 1856/2990/1856
f 1958/3178/1958 2164/3486/2164 2350/3794/2350
f 1856/3795/1856 2349/3796/2349 2218/3585/2218
f 2250/3635/2250 2219/3588/2219 2351/3797/2351
f 2219/3588/2219 2166/3492/2166 2351/3797/2351
f 2221/3591/2221 2352/3798/2352 2285/3694/2285
f 2139/3525/2139 2251/3799/2251 2353/3800/2353
f 2139/3525/2139 2140/3524/2140 2251/3799/2251
f 2286/3801/2286 2285/3802/2285 2354/3803/2354
f 2186/3804/2186 1916/3302/1916 2320/3746/2320
f 2251/3636/2251 1586/2532/1586 2063/3337/2063
f 2252/3643/2252 2287/3696/2287 2017/3644/2017
f 2322/3752/2322 2290/3700/2290 2090/3496/2090
f 2288/3805/2288 2191/3806/2191 2253/3807/2253
f 2355/3808/2355 2222/3592/2222 2113/3410/2113
f 2293/3703/2293 2225/3595/2225 2356/3809/2356
f 2357/3810/2357 2043/3811/2043 2114/3812/2114
f 2358/3813/2358 2256/3653/2256 2294/3706/2294
f 1858/2997/1858 2199/3544/2199 2359/3814/2359
f 2196/3543/2196 2296/3708/2296 2360/3815/2360
f 2326/3816/2326 2361/3817/2361 2296/3818/2296
f 2360/3819/2360 2296/3818/2296 2361/3817/2361
f 2326/3816/2326 2362/3820/2362 2361/3817/2361
f 2328/3821/2328 2361/3817/2361 2362/3820/2362
f 2360/3819/2360 2361/3817/2361 2328/3821/2328
f 2327/3760/2327 2362/3822/2362 2326/3759/2326
f 2327/3760/2327 2328/3761/2328 2362/3822/2362
f 2363/3823/2363 2066/3824/2066 2022/3652/2022
f 2360/3825/2360 2328/3761/2328 2301/3713/2301
f 2259/3656/2259 2200/3547/2200 2329/3762/2329
f 2364/3826/2364 2230/3604/2230 2171/3503/2171
f 2360/3825/2360 2301/3713/2301 2300/3712/2300
f 2171/3503/2171 2302/3714/2302 2365/3827/2365
f 2365/3827/2365 2302/3714/2302 2261/3658/2261
f 2093/3607/2093 2303/3715/2303 2095/3716/2095
f 2331/3765/2331 2366/3828/2366 2332/3766/2332
f 2331/3765/2331 2332/3766/2332 2304/3719/2304
f 2367/3829/2367 2334/3768/2334 2332/3766/2332
f 2262/3659/2262 2120/3420/2120 2263/3660/2263
f 2367/3829/2367 2368/3830/2368 2334/3768/2334
f 2369/3831/2369 2202/3552/2202 2027/3348/2027
f 2370/3832/2370 2232/3769/2232 2233/3771/2233
f 1949/3833/1949 2232/3769/2232 2370/3832/2370
f 2123/3423/2123 1949/3156/1949 2371/3834/2371
f 2372/3835/2372 1910/3349/1910 2202/3552/2202
f 2372/3835/2372 2307/3723/2307 1910/3349/1910
f 2266/3664/2266 2373/3836/2373 1912/3158/1912
f 2373/3836/2373 2203/3837/2203 1912/3158/1912
f 2336/3774/2336 2148/3838/2148 1951/3321/1951
f 2374/3839/2374 2003/3840/2003 2029/3841/2029
f 2267/3665/2267 1975/3554/1975 2072/3353/2072
f 2337/3775/2337 2268/3842/2268 1953/3461/1953
f 2073/3354/2073 2270/3671/2270 2125/3425/2125
f 2375/3843/2375 2205/3558/2205 2204/3555/2204
f 2376/3844/2376 2271/3672/2271 2338/3776/2338
f 2377/3845/2377 2338/3776/2338 2272/3673/2272
f 2378/3846/2378 2208/3563/2208 2269/3670/2269
f 2376/3844/2376 2338/3776/2338 2377/3845/2377
f 2379/3847/2379 2208/3563/2208 2378/3846/2378
f 2379/3847/2379 2209/3564/2209 2208/3563/2208
f 2174/3848/2174 1894/3849/1894 2380/3850/2380
f 2380/3850/2380 1894/3849/1894 2175/3778/2175
f 2034/3289/2034 2008/3247/2008 2381/3851/2381
f 2054/3370/2054 2055/3326/2055 2344/3787/2344
f 2344/3787/2344 2131/3432/2131 2382/3852/2382
f 2278/3682/2278 2158/3479/2158 2383/3853/2383
f 2384/3854/2384 2280/3684/2280 2178/3513/2178
f 2383/3853/2383 2158/3479/2158 2133/3435/2133
f 2347/3791/2347 2180/3517/2180 2385/3855/2385
f 2385/3855/2385 2244/3628/2244 2347/3791/2347
f 2386/3856/2386 2133/3434/2133 2009/3250/2009
f 2385/3855/2385 2180/3517/2180 2348/3792/2348
f 2215/3575/2215 2136/3577/2136 2313/3734/2313
f 2387/3857/2387 2215/3575/2215 2313/3734/2313
f 2314/3735/2314 2163/3485/2163 2162/3576/2162
f 2315/3736/2315 2014/3259/2014 1831/3176/1831
f 2388/3858/2388 1759/2830/1759 1392/2519/1392
f 2316/3737/2316 2247/3632/2247 2389/3859/2389
f 2390/3860/2390 2282/3689/2282 2317/3739/2317
f 2165/3487/2165 2391/3861/2391 2317/3739/2317
f 2166/3492/2166 2319/3741/2319 2392/3862/2392
f 2109/3405/2109 2393/3863/2393 2220/3590/2220
f 2394/3864/2394 2139/3525/2139 2353/3800/2353
f 2284/3693/2284 2352/3798/2352 2221/3591/2221
f 2395/3865/2395 2188/3639/2188 2186/3638/2186
f 2188/3639/2188 2396/3866/2396 2252/3643/2252
f 2290/3700/2290 2355/3808/2355 2113/3410/2113
f 2222/3592/2222 2355/3808/2355 2324/3757/2324
f 2192/3534/2192 2116/3867/2116 2397/3868/2397
f 2356/3809/2356 2225/3595/2225 2398/3869/2398
f 2254/3647/2254 2294/3706/2294 2195/3648/2195
f 2225/3595/2225 2257/3654/2257 2398/3869/2398
f 2257/3654/2257 2399/3870/2399 2398/3869/2398
f 2256/3653/2256 2325/3758/2325 2258/3655/2258
f 2258/3655/2258 2325/3758/2325 2226/3596/2226
f 2296/3818/2296 2325/3871/2325 2326/3816/2326
f 2400/3872/2400 2299/3711/2299 2326/3759/2326
f 2230/3604/2230 2364/3826/2364 2329/3762/2329
f 2364/3826/2364 2171/3503/2171 2365/3827/2365
f 2261/3658/2261 2303/3715/2303 2401/3873/2401
f 2045/3874/2045 2262/3875/2262 2201/3876/2201
f 2402/3877/2402 2331/3878/2331 2330/3879/2330
f 2403/3880/2403 2366/3881/2366 2331/3878/2331
f 2069/3347/2069 2369/3882/2369 2027/3278/2027
f 2367/3829/2367 2404/3883/2404 2368/3830/2368
f 2404/3883/2404 2370/3832/2370 2368/3830/2368
f 2370/3832/2370 2233/3771/2233 2368/3830/2368
f 2371/3884/2371 1949/3833/1949 2370/3832/2370
f 2307/3885/2307 2405/3886/2405 1885/3457/1885
f 2405/3886/2405 2029/3283/2029 1885/3457/1885
f 2405/3887/2405 2374/3839/2374 2029/3841/2029
f 2406/3888/2406 2268/3842/2268 2337/3775/2337
f 2071/3889/2071 2074/3465/2074 2407/3890/2407
f 2310/3891/2310 2408/3892/2408 2235/3893/2235
f 2409/3894/2409 2410/3895/2410 2269/3670/2269
f 2309/3725/2309 2149/3464/2149 2411/3896/2411
f 2311/3897/2311 2412/3898/2412 2204/3899/2204
f 2205/3900/2205 2375/3901/2375 2413/3902/2413
f 2205/3558/2205 2413/3903/2413 2272/3673/2272
f 2149/3464/2149 2271/3672/2271 2411/3896/2411
f 2413/3902/2413 2377/3904/2377 2272/3905/2272
f 2377/3904/2377 2414/3906/2414 2376/3907/2376
f 2415/3908/2415 2032/3287/2032 2174/3508/2174
f 2237/3617/2237 2339/3777/2339 2273/3675/2273
f 1955/3164/1955 2099/3391/2099 2416/3909/2416
f 2339/3910/2339 2417/3911/2417 2099/3391/2099
f 1979/3206/1979 2418/3912/2418 2341/3913/2341
f 2342/3785/2342 2381/3851/2381 2008/3247/2008
f 1980/3208/1980 2275/3677/2275 2419/3914/2419
f 2381/3851/2381 2101/3394/2101 2034/3289/2034
f 2212/3569/2212 2084/3368/2084 2343/3786/2343
f 1899/3624/1899 2346/3790/2346 2242/3625/2242
f 2420/3915/2420 2383/3916/2383 2133/3434/2133
f 2280/3733/2280 2421/3917/2421 2313/3734/2313
f 2421/3917/2421 2387/3857/2387 2313/3734/2313
f 2348/3792/2348 2135/3516/2135 2422/3918/2422
f 2135/3516/2135 2181/3919/2181 2422/3918/2422
f 2181/3919/2181 2314/3920/2314 2422/3918/2422
f 2216/3580/2216 2423/3921/2423 2245/3629/2245
f 2315/3736/2315 1958/3178/1958 2350/3794/2350
f 2164/3486/2164 2316/3737/2316 2424/3922/2424
f 2247/3632/2247 2282/3689/2282 2389/3859/2389
f 2390/3860/2390 2317/3739/2317 2391/3861/2391
f 2319/3741/2319 2139/3691/2139 2394/3923/2394
f 2425/3924/2425 2168/3742/2168 2318/3740/2318
f 2391/3861/2391 2165/3487/2165 2183/3521/2183
f 2220/3590/2220 2426/3925/2426 2284/3693/2284
f 2425/3924/2425 2283/3926/2283 2168/3742/2168
f 2394/3864/2394 2353/3800/2353 2251/3799/2251
f 2320/3927/2320 2395/3865/2395 2186/3638/2186
f 2190/3640/2190 2427/3928/2427 2322/3752/2322
f 2322/3752/2322 2428/3929/2428 2290/3700/2290
f 2018/3497/2018 2287/3930/2287 2323/3756/2323
f 1964/3185/1964 2429/3931/2429 2253/3645/2253
f 2292/3702/2292 2430/3932/2430 2431/3933/2431
f 2292/3704/2292 2293/3703/2293 2430/3934/2430
f 2254/3647/2254 2292/3702/2292 2432/3935/2432
f 2356/3809/2356 2433/3936/2433 2293/3703/2293
f 2293/3703/2293 2433/3936/2433 2430/3934/2430
f 1783/3076/1783 2434/3937/2434 2115/3413/2115
f 2254/3647/2254 2435/3938/2435 2294/3706/2294
f 2358/3813/2358 2294/3706/2294 2436/3939/2436
f 2257/3654/2257 2295/3707/2295 2399/3870/2399
f 2358/3813/2358 2325/3758/2325 2256/3653/2256
f 2295/3707/2295 2196/3540/2196 2437/3940/2437
f 2196/3941/2196 2360/3942/2360 2437/3943/2437
f 2400/3944/2400 2326/3816/2326 2325/3871/2325
f 2298/3945/2298 2170/3946/2170 2228/3947/2228
f 2329/3762/2329 2364/3826/2364 2438/3948/2438
f 2438/3948/2438 2364/3826/2364 2365/3827/2365
f 2400/3872/2400 2330/3763/2330 2299/3711/2299
f 2261/3658/2261 2401/3873/2401 2365/3827/2365
f 2439/3949/2439 2303/3715/2303 2440/3950/2440
f 2093/3607/2093 2231/3605/2231 2303/3715/2303
f 2303/3715/2303 2231/3605/2231 2440/3950/2440
f 2402/3877/2402 2403/3880/2403 2331/3878/2331
f 2403/3880/2403 2332/3951/2332 2366/3881/2366
f 2403/3880/2403 2441/3952/2441 2332/3951/2332
f 2371/3884/2371 2404/3883/2404 2367/3829/2367
f 2368/3830/2368 2442/3953/2442 2334/3768/2334
f 2371/3884/2371 2370/3832/2370 2404/3883/2404
f 2233/3610/2233 2264/3661/2264 2443/3954/2443
f 2444/3955/2444 2307/3723/2307 2372/3835/2372
f 2445/3956/2445 2266/3664/2266 2306/3722/2306
f 2445/3956/2445 2373/3836/2373 2266/3664/2266
f 2172/3957/2172 2335/3958/2335 2446/3959/2446
f 2447/3960/2447 2335/3773/2335 2308/3724/2308
f 2448/3961/2448 2337/3962/2337 2336/3774/2336
f 2337/3962/2337 2148/3838/2148 2336/3774/2336
f 1975/3554/1975 2267/3665/2267 2449/3963/2449
f 2374/3839/2374 2405/3887/2405 2003/3840/2003
f 2449/3963/2449 2267/3665/2267 2450/3964/2450
f 2415/3908/2415 2270/3671/2270 2151/3468/2151
f 2378/3846/2378 2269/3670/2269 2410/3895/2410
f 2271/3672/2271 2376/3844/2376 2411/3896/2411
f 2411/3965/2411 2376/3907/2376 2451/3966/2451
f 2451/3966/2451 2376/3907/2376 2414/3906/2414
f 2451/3966/2451 2414/3906/2414 2377/3904/2377
f 2415/3908/2415 2151/3468/2151 2032/3287/2032
f 2210/3565/2210 2209/3564/2209 2452/3967/2452
f 1979/3206/1979 1955/3164/1955 2418/3912/2418
f 2418/3912/2418 1955/3164/1955 2416/3909/2416
f 2416/3909/2416 2099/3391/2099 2453/3968/2453
f 2417/3911/2417 2453/3968/2453 2099/3391/2099
f 1895/3058/1895 2100/3392/2100 2340/3781/2340
f 2100/3510/2100 2176/3511/2176 2454/3969/2454
f 2343/3970/2343 1850/3730/1850 2277/3679/2277
f 2382/3852/2382 2131/3432/2131 2345/3788/2345
f 2455/3971/2455 2086/3372/2086 2278/3682/2278
f 2346/3790/2346 2178/3626/2178 2242/3625/2242
f 2456/3972/2456 2421/3917/2421 2280/3733/2280
f 2244/3628/2244 2386/3856/2386 2009/3250/2009
f 2420/3915/2420 2133/3434/2133 2386/3856/2386
f 2387/3857/2387 2314/3735/2314 2215/3575/2215
f 2314/3735/2314 2162/3576/2162 2215/3575/2215
f 1640/2620/1640 2216/3973/2216 1830/2945/1830
f 2350/3794/2350 2164/3486/2164 2424/3922/2424
f 2248/3633/2248 2393/3863/2393 2109/3405/2109
f 2457/3974/2457 2318/3740/2318 2218/3585/2218
f 2393/3863/2393 2426/3925/2426 2220/3590/2220
f 2352/3798/2352 2458/3975/2458 2285/3694/2285
f 2458/3976/2458 2354/3803/2354 2285/3802/2285
f 2286/3801/2286 2427/3977/2427 2190/3978/2190
f 2395/3865/2395 2459/3979/2459 2188/3639/2188
f 2251/3636/2251 2063/3337/2063 2289/3699/2289
f 2460/3980/2460 2187/3981/2187 2288/3982/2288
f 2289/3699/2289 2192/3534/2192 2461/3983/2461
f 2290/3700/2290 2462/3984/2462 2355/3808/2355
f 2461/3983/2461 2192/3534/2192 2397/3868/2397
f 2431/3933/2431 2432/3935/2432 2292/3702/2292
f 2324/3985/2324 2434/3937/2434 1783/3076/1783
f 2295/3707/2295 2463/3986/2463 2399/3870/2399
f 1940/3144/1940 1742/2804/1742 2464/3987/2464
f 2464/3987/2464 1742/2804/1742 2227/3597/2227
f 2118/3416/2118 2297/3709/2297 2465/3988/2465
f 2297/3709/2297 2298/3710/2298 2466/3989/2466
f 1715/2924/1715 2201/3990/2201 2227/3597/2227
f 2329/3762/2329 2438/3948/2438 2259/3656/2259
f 2438/3948/2438 2365/3827/2365 2401/3873/2401
f 2402/3991/2402 2330/3763/2330 2400/3872/2400
f 2259/3656/2259 2439/3949/2439 2231/3605/2231
f 2231/3605/2231 2439/3949/2439 2440/3950/2440
f 2439/3949/2439 2401/3873/2401 2303/3715/2303
f 2262/3875/2262 2263/3992/2263 2201/3876/2201
f 2233/3610/2233 2443/3954/2443 2368/3993/2368
f 2467/3994/2467 2123/3423/2123 2371/3834/2371
f 2264/3661/2264 2265/3663/2265 2443/3954/2443
f 2467/3994/2467 2306/3722/2306 2123/3423/2123
f 2373/3836/2373 2336/3995/2336 2203/3837/2203
f 2308/3724/2308 2071/3352/2071 2468/3996/2468
f 2448/3997/2448 2406/3888/2406 2337/3775/2337
f 2405/3998/2405 2269/3999/2269 2003/4000/2003
f 2268/3669/2268 2310/3726/2310 2234/3613/2234
f 1886/3047/1886 2125/3425/2125 2450/3964/2450
f 2375/4001/2375 2204/4002/2204 2469/4003/2469
f 2204/4002/2204 2412/4004/2412 2469/4003/2469
f 2378/3846/2378 2410/3895/2410 2379/3847/2379
f 2377/3904/2377 2470/4005/2470 2451/3966/2451
f 2413/3902/2413 2470/4005/2470 2377/3904/2377
f 2451/3966/2451 2471/4006/2471 2411/3965/2411
f 2451/3966/2451 2470/4005/2470 2471/4006/2471
f 2380/3850/2380 2175/3778/2175 2472/4007/2472
f 2472/4007/2472 2175/3778/2175 2340/3780/2340
f 2417/3911/2417 2473/4008/2473 2453/3968/2453
f 2417/4009/2417 2339/3777/2339 2473/4010/2473
f 2341/3784/2341 2474/4011/2474 2128/3474/2128
f 2130/3475/2130 2240/3621/2240 2083/3366/2083
f 2155/3476/2155 2213/3570/2213 2475/4012/2475
f 2476/4013/2476 2103/3396/2103 1931/3131/1931
f 2455/3971/2455 2278/3682/2278 2383/3853/2383
f 2384/4014/2384 2178/3626/2178 2346/3790/2346
f 2384/4014/2384 2456/4015/2456 2280/4016/2280
f 2246/3631/2246 2477/4017/2477 2478/4018/2478
f 2477/4017/2477 2246/3631/2246 1759/2830/1759
f 2246/4019/2246 2479/4020/2479 2349/3796/2349
f 2316/3737/2316 2389/3859/2389 2424/3922/2424
f 2349/3796/2349 2479/4020/2479 2480/4021/2480
f 2349/3796/2349 2457/3974/2457 2218/3585/2218
f 2166/3492/2166 2392/3862/2392 2351/3797/2351
f 2392/3862/2392 2319/3741/2319 2481/4022/2481
f 2319/4023/2319 2394/3864/2394 2481/4024/2481
f 2391/4025/2391 2183/3745/2183 2482/4026/2482
f 2394/3864/2394 2251/3799/2251 2483/4027/2483
f 2284/3693/2284 2484/4028/2484 2352/3798/2352
f 2185/3744/2185 2321/3748/2321 2485/4029/2485
f 2354/3803/2354 2486/4030/2486 2286/3801/2286
f 2486/4030/2486 2427/3977/2427 2286/3801/2286
f 2459/3979/2459 2396/3866/2396 2188/3639/2188
f 2290/3700/2290 2428/3929/2428 2462/3984/2462
f 2288/3982/2288 2253/4031/2253 2487/4032/2487
f 2488/4033/2488 2324/3757/2324 2355/3808/2355
f 1964/3535/1964 1858/2997/1858 2429/4034/2429
f 2224/3594/2224 1940/3144/1940 2489/4035/2489
f 2435/3938/2435 2436/3939/2436 2294/3706/2294
f 2115/3650/2115 2434/4036/2434 2255/3651/2255
f 2255/3651/2255 2490/4037/2490 2022/3652/2022
f 2199/3544/2199 2118/3416/2118 2359/3814/2359
f 2490/4037/2490 2363/3823/2363 2022/3652/2022
f 2297/3709/2297 2466/3989/2466 2465/3988/2465
f 2300/3712/2300 2333/4038/2333 2491/4039/2491
f 2438/3948/2438 2492/4040/2492 2259/3656/2259
f 2438/3948/2438 2401/3873/2401 2492/4040/2492
f 2259/3656/2259 2492/4040/2492 2439/3949/2439
f 2401/3873/2401 2439/3949/2439 2492/4040/2492
f 2493/4041/2493 2441/3952/2441 2403/3880/2403
f 2441/3952/2441 2494/4042/2494 2332/3951/2332
f 2332/3766/2332 2494/4043/2494 2367/3829/2367
f 2495/4044/2495 2371/3884/2371 2367/3829/2367
f 2263/4045/2263 2121/4046/2121 2496/4047/2496
f 2371/3834/2371 2497/4048/2497 2467/3994/2467
f 2467/3994/2467 2498/4049/2498 2306/3722/2306
f 2121/3421/2121 2172/3505/2172 2496/4050/2496
f 2373/3836/2373 2499/4051/2499 2336/3995/2336
f 2335/3773/2335 2447/3960/2447 2446/4052/2446
f 2499/4053/2499 2448/3961/2448 2336/3774/2336
f 2267/3665/2267 1886/3047/1886 2450/3964/2450
f 2471/4006/2471 2500/4054/2500 2411/3965/2411
f 2471/4006/2471 2501/4055/2501 2500/4054/2500
f 2470/4005/2470 2501/4055/2501 2471/4006/2471
f 2174/3508/2174 2380/4056/2380 2415/3908/2415
f 2339/3777/2339 2237/3617/2237 2502/4057/2502
f 2416/3909/2416 2453/3968/2453 2473/4008/2473
f 2416/3909/2416 2503/4058/2503 2341/3913/2341
f 2082/3619/2082 2504/4059/2504 2239/3620/2239
f 2455/3971/2455 2345/3788/2345 2086/3372/2086
f 2385/3855/2385 2505/4060/2505 2244/3628/2244
f 2505/4060/2505 2386/3856/2386 2244/3628/2244
f 2385/3855/2385 2348/3792/2348 2505/4060/2505
f 2314/3920/2314 2506/4061/2506 2422/3918/2422
f 2350/3794/2350 2507/4062/2507 2315/3736/2315
f 2350/3794/2350 2424/3922/2424 2508/4063/2508
f 2246/4019/2246 2509/4064/2509 2479/4020/2479
f 2390/3860/2390 2389/3859/2389 2282/3689/2282
f 2393/4065/2393 2248/4066/2248 2510/4067/2510
f 2393/4065/2393 2511/4068/2511 2426/4069/2426
f 2482/4026/2482 2183/3745/2183 2185/3744/2185
f 2352/4070/2352 2484/4071/2484 2458/3976/2458
f 2185/3744/2185 2485/4029/2485 2512/4072/2512
f 2458/3976/2458 2513/4073/2513 2354/3803/2354
f 2354/3803/2354 2513/4073/2513 2486/4030/2486
f 2396/3866/2396 2514/4074/2514 2252/3643/2252
f 2288/3982/2288 2487/4032/2487 2460/3980/2460
f 2252/3643/2252 2514/4074/2514 2287/3696/2287
f 2462/3984/2462 2488/4033/2488 2355/3808/2355
f 2461/3983/2461 2397/3868/2397 2116/3867/2116
f 2091/3379/2091 2515/4075/2515 2114/3411/2114
f 2254/3647/2254 2432/3935/2432 2435/3938/2435
f 2398/3869/2398 2399/3870/2399 2516/4076/2516
f 2255/3651/2255 2434/4036/2434 2490/4037/2490
f 1940/3144/1940 2464/3987/2464 2517/4077/2517
f 2358/3813/2358 2436/3939/2436 2518/4078/2518
f 2518/4078/2518 2325/3758/2325 2358/3813/2358
f 2064/4079/2064 2519/4080/2519 2144/4081/2144
f 2144/4081/2144 2519/4080/2519 2228/3947/2228
f 2227/4082/2227 2201/4083/2201 2520/4084/2520
f 2363/3823/2363 2521/4085/2521 2066/3824/2066
f 2522/4086/2522 2333/4087/2333 2442/4088/2442
f 2333/3767/2333 2334/3768/2334 2442/3953/2442
f 2494/4043/2494 2495/4044/2495 2367/3829/2367
f 2443/3954/2443 2265/3663/2265 2523/4089/2523
f 2498/4049/2498 2445/3956/2445 2306/3722/2306
f 2028/3662/2028 1975/4090/1975 2524/4091/2524
f 2268/3669/2268 2406/4092/2406 2525/4093/2525
f 2405/3998/2405 2409/4094/2409 2269/3999/2269
f 2074/3465/2074 2309/3725/2309 2407/3890/2407
f 2411/3896/2411 2526/4095/2526 2309/3725/2309
f 2311/4096/2311 2527/4097/2527 2412/4004/2412
f 2411/3965/2411 2500/4054/2500 2528/4098/2528
f 2501/4055/2501 2529/4099/2529 2500/4054/2500
f 2501/4055/2501 2470/4005/2470 2529/4099/2529
f 2473/4008/2473 2530/4100/2530 2416/3909/2416
f 2418/3912/2418 2416/3909/2416 2341/3913/2341
f 2341/4101/2341 2503/4102/2503 2474/4103/2474
f 2128/3474/2128 2474/4011/2474 2342/3785/2342
f 2531/4104/2531 2130/4105/2130 2101/4106/2101
f 2082/3619/2082 2212/4107/2212 2504/4059/2504
f 2130/3475/2130 2532/4108/2532 2240/3621/2240
f 2054/3370/2054 2344/3787/2344 2213/4109/2213
f 2421/3917/2421 2533/4110/2533 2387/3857/2387
f 2348/3792/2348 2422/3918/2422 2534/4111/2534
f 2245/3629/2245 2423/3921/2423 2535/4112/2535
f 1392/2519/1392 2138/3442/2138 2388/3858/2388
f 2217/3582/2217 2536/4113/2536 2281/3688/2281
f 2390/3860/2390 2537/4114/2537 2389/3859/2389
f 2349/3796/2349 2480/4021/2480 2457/3974/2457
f 2484/4028/2484 2284/3693/2284 2426/3925/2426
f 2185/3744/2185 2512/4072/2512 2482/4026/2482
f 2251/4115/2251 2289/4116/2289 2538/4117/2538
f 2460/3980/2460 2539/4118/2539 2187/3981/2187
f 2289/4116/2289 2461/4119/2461 2540/4120/2540
f 2091/3379/2091 2291/3701/2291 2515/4075/2515
f 2431/3933/2431 2430/3932/2430 2541/4121/2541
f 2431/3933/2431 2541/4121/2541 2432/3935/2432
f 2433/4122/2433 2542/4123/2542 2430/4124/2430
f 2435/3938/2435 2432/3935/2432 2436/3939/2436
f 2398/3869/2398 2543/4125/2543 2356/3809/2356
f 2398/3869/2398 2516/4076/2516 2543/4125/2543
f 1940/3144/1940 2517/4077/2517 2489/4035/2489
f 2300/3712/2300 2491/4039/2491 2360/3825/2360
f 2400/3872/2400 2544/4126/2544 2402/3991/2402
f 2333/4038/2333 2522/4127/2522 2491/4039/2491
f 2402/3877/2402 2493/4041/2493 2403/3880/2403
f 2495/4044/2495 2497/4128/2497 2371/3884/2371
f 2368/3993/2368 2443/3954/2443 2442/4088/2442
f 2202/3552/2202 2545/4129/2545 2372/3835/2372
f 2545/4129/2545 2444/3955/2444 2372/3835/2372
f 2028/3662/2028 2524/4091/2524 2265/3663/2265
f 2373/3836/2373 2445/3956/2445 2546/4130/2546
f 2449/3963/2449 2450/3964/2450 1975/3554/1975
f 2310/3891/2310 2525/4131/2525 2408/3892/2408
f 2311/4132/2311 2235/4133/2235 2547/4134/2547
f 2412/4004/2412 2527/4097/2527 2548/4135/2548
f 2411/3896/2411 2528/4136/2528 2526/4095/2526
f 2413/3902/2413 2529/4099/2529 2470/4005/2470
f 2500/4054/2500 2549/4137/2549 2528/4098/2528
f 2529/4099/2529 2549/4137/2549 2500/4054/2500
f 2415/4138/2415 2380/3850/2380 2550/4139/2550
f 2551/4140/2551 2237/3617/2237 2210/3674/2210
f 2473/4010/2473 2339/3777/2339 2502/4057/2502
f 2473/4008/2473 2503/4058/2503 2530/4100/2530
f 2503/4058/2503 2416/3909/2416 2530/4100/2530
f 2381/3851/2381 2531/4141/2531 2101/3394/2101
f 2277/3679/2277 2155/3681/2155 2475/4142/2475
f 2552/4143/2552 1931/3131/1931 2102/3395/2102
f 2552/4143/2552 2476/4013/2476 1931/3131/1931
f 2553/4144/2553 2346/3790/2346 2103/3789/2103
f 2554/4145/2554 2386/3856/2386 2505/4060/2505
f 2555/4146/2555 2386/3856/2386 2554/4145/2554
f 2555/4146/2555 2420/3915/2420 2386/3856/2386
f 2554/4145/2554 2505/4060/2505 2534/4111/2534
f 2505/4060/2505 2348/3792/2348 2534/4111/2534
f 2507/4062/2507 2350/3794/2350 2508/4063/2508
f 2556/4147/2556 2536/4113/2536 2217/3582/2217
f 2248/3690/2248 2281/3688/2281 2536/4113/2536
f 2557/4148/2557 2351/4149/2351 2392/4150/2392
f 2391/4025/2391 2482/4026/2482 2558/4151/2558
f 2559/4152/2559 2481/4024/2481 2394/3864/2394
f 2484/4071/2484 2560/4153/2560 2458/3976/2458
f 2561/4154/2561 2320/4155/2320 2283/4156/2283
f 2251/3799/2251 2562/4157/2562 2483/4027/2483
f 2512/4072/2512 2485/4029/2485 2563/4158/2563
f 2513/4073/2513 2564/4159/2564 2486/4030/2486
f 2563/4160/2563 2485/4161/2485 2321/4162/2321
f 2322/3752/2322 2427/3928/2427 2428/3929/2428
f 2565/4163/2565 2538/4117/2538 2540/4120/2540
f 2538/4117/2538 2289/4116/2289 2540/4120/2540
f 2253/4031/2253 2566/4164/2566 2487/4032/2487
f 2291/3701/2291 2323/3756/2323 2515/4075/2515
f 2429/3931/2429 2567/4165/2567 2253/3645/2253
f 2356/3809/2356 2543/4125/2543 2433/3936/2433
f 2432/3935/2432 2541/4121/2541 2436/3939/2436
f 2399/3870/2399 2568/4166/2568 2516/4076/2516
f 2357/4167/2357 2117/3415/2117 2043/3305/2043
f 2465/3988/2465 2569/4168/2569 2118/3416/2118
f 2466/3989/2466 2569/4168/2569 2465/3988/2465
f 2400/3872/2400 2570/4169/2570 2571/4170/2571
f 2325/3871/2325 2570/4171/2570 2400/3944/2400
f 2571/4170/2571 2544/4126/2544 2400/3872/2400
f 2572/4172/2572 2520/4084/2520 2201/4083/2201
f 2493/4173/2493 2402/3991/2402 2573/4174/2573
f 2441/3952/2441 2493/4041/2493 2574/4175/2574
f 2441/3952/2441 2574/4175/2574 2494/4042/2494
f 2263/3992/2263 2575/4176/2575 2201/3876/2201
f 2576/4177/2576 2495/4178/2495 2494/4042/2494
f 2577/4179/2577 2578/4180/2578 2467/3994/2467
f 2497/4048/2497 2577/4179/2577 2467/3994/2467
f 2467/3994/2467 2578/4180/2578 2498/4049/2498
f 2265/3663/2265 2524/4091/2524 2523/4089/2523
f 2446/3959/2446 2496/4047/2496 2172/3957/2172
f 2447/3960/2447 2579/4181/2579 2446/4052/2446
f 2499/4053/2499 2580/4182/2580 2448/3961/2448
f 2310/3726/2310 2268/3669/2268 2525/4093/2525
f 2526/4183/2526 2528/4184/2528 2581/4185/2581
f 2415/3908/2415 2582/4186/2582 2270/3671/2270
f 2529/4099/2529 2583/4187/2583 2549/4137/2549
f 2584/4188/2584 2528/4098/2528 2549/4137/2549
f 2583/4187/2583 2584/4188/2584 2549/4137/2549
f 2585/4189/2585 2381/3851/2381 2342/3785/2342
f 2585/4189/2585 2586/4190/2586 2381/3851/2381
f 2130/4105/2130 2587/4191/2587 2532/4192/2532
f 2277/3679/2277 2212/4193/2212 2343/3970/2343
f 2588/4194/2588 2157/3731/2157 2276/3678/2276
f 2589/4195/2589 2103/3396/2103 2476/4013/2476
f 2314/3735/2314 2387/3857/2387 2506/4196/2506
f 2506/4061/2506 2590/4197/2590 2422/3918/2422
f 2478/4018/2478 2509/4198/2509 2246/3631/2246
f 2351/4149/2351 2557/4148/2557 2591/4199/2591
f 2390/3860/2390 2391/3861/2391 2592/4200/2592
f 2391/4025/2391 2558/4151/2558 2592/4201/2592
f 2558/4151/2558 2482/4026/2482 2593/4202/2593
f 2425/3924/2425 2594/4203/2594 2283/3926/2283
f 2594/4203/2594 2595/4204/2595 2283/3926/2283
f 2559/4152/2559 2394/3864/2394 2483/4027/2483
f 2482/4026/2482 2512/4072/2512 2593/4202/2593
f 2458/3976/2458 2564/4159/2564 2513/4073/2513
f 2562/4205/2562 2251/4115/2251 2538/4117/2538
f 2321/4206/2321 2187/3981/2187 2539/4118/2539
f 2596/4207/2596 2514/4074/2514 2396/3866/2396
f 2461/4119/2461 2116/4208/2116 2540/4120/2540
f 2488/4033/2488 2597/4209/2597 2324/3757/2324
f 2541/4121/2541 2598/4210/2598 2436/3939/2436
f 2357/4167/2357 2599/4211/2599 2117/3415/2117
f 2429/4034/2429 1858/2997/1858 2359/3814/2359
f 2295/4212/2295 2437/4213/2437 2463/4214/2463
f 2600/4215/2600 2570/4171/2570 2325/3871/2325
f 2544/4126/2544 2573/4174/2573 2402/3991/2402
f 2601/4216/2601 2602/4217/2602 2574/4175/2574
f 2574/4175/2574 2602/4217/2602 2494/4042/2494
f 2602/4217/2602 2576/4177/2576 2494/4042/2494
f 2495/4044/2495 2577/4218/2577 2497/4128/2497
f 2445/3956/2445 2498/4049/2498 2578/4180/2578
f 2603/4219/2603 2546/4130/2546 2445/3956/2445
f 2496/4047/2496 2446/3959/2446 2604/4220/2604
f 2444/3955/2444 2605/4221/2605 2307/3723/2307
f 2373/3836/2373 2580/4222/2580 2499/4051/2499
f 2448/3961/2448 2606/4223/2606 2406/4224/2406
f 2548/4135/2548 2469/4003/2469 2412/4004/2412
f 2607/4225/2607 2270/3671/2270 2582/4186/2582
f 2582/4226/2582 2415/4227/2415 2608/4228/2608
f 2584/4188/2584 2609/4229/2609 2581/4230/2581
f 2581/4230/2581 2528/4098/2528 2584/4188/2584
f 2583/4187/2583 2610/4231/2610 2584/4188/2584
f 2584/4188/2584 2610/4231/2610 2609/4229/2609
f 2586/4190/2586 2531/4141/2531 2381/3851/2381
f 2275/3677/2275 2239/3620/2239 2419/3914/2419
f 2532/4108/2532 2276/3678/2276 2240/3621/2240
f 2277/3679/2277 2475/4142/2475 2611/4232/2611
f 2344/3787/2344 2382/3852/2382 2612/4233/2612
f 2455/3971/2455 2613/4234/2613 2345/3788/2345
f 2346/3790/2346 2456/4015/2456 2384/4014/2384
f 2554/4145/2554 2534/4111/2534 2555/4146/2555
f 2216/4235/2216 2614/4236/2614 2423/4237/2423
f 2216/4235/2216 2014/4238/2014 2614/4236/2614
f 1640/2620/1640 2014/4239/2014 2216/3973/2216
f 2457/3974/2457 2615/4240/2615 2318/3740/2318
f 2318/3740/2318 2615/4240/2615 2425/3924/2425
f 2425/3924/2425 2615/4240/2615 2594/4203/2594
f 2483/4241/2483 2616/4242/2616 2559/4243/2559
f 2426/4069/2426 2511/4068/2511 2560/4244/2560
f 2426/4245/2426 2560/4153/2560 2484/4071/2484
f 2560/4153/2560 2617/4246/2617 2458/3976/2458
f 2320/4155/2320 2618/4247/2618 2395/4248/2395
f 2459/3979/2459 2596/4207/2596 2396/3866/2396
f 2460/3980/2460 2487/4032/2487 2619/4249/2619
f 2514/4250/2514 2596/4251/2596 2620/4252/2620
f 2287/3930/2287 2514/4253/2514 2621/4254/2621
f 2116/4208/2116 2622/4255/2622 2540/4120/2540
f 2515/4075/2515 2357/4256/2357 2114/3411/2114
f 2433/3936/2433 2543/4125/2543 2542/4257/2542
f 2623/4258/2623 2598/4210/2598 2541/4121/2541
f 2463/3986/2463 2568/4166/2568 2399/3870/2399
f 2463/4214/2463 2437/4213/2437 2624/4259/2624
f 2118/3416/2118 2625/4260/2625 2359/3814/2359
f 2118/3416/2118 2569/4168/2569 2626/4261/2626
f 2228/3947/2228 2627/4262/2627 2298/3945/2298
f 2544/4126/2544 2571/4170/2571 2628/4263/2628
f 2066/4264/2066 2521/4265/2521 2069/3347/2069
f 2572/4266/2572 2201/3876/2201 2575/4176/2575
f 2574/4175/2574 2629/4267/2629 2601/4216/2601
f 2601/4216/2601 2576/4177/2576 2602/4217/2602
f 2576/4177/2576 2577/4268/2577 2495/4178/2495
f 2369/3882/2369 2630/4269/2630 2202/4270/2202
f 2202/3552/2202 2630/4271/2630 2545/4129/2545
f 2445/3956/2445 2578/4180/2578 2603/4219/2603
f 2546/4130/2546 2580/4222/2580 2373/3836/2373
f 2446/3959/2446 2579/4272/2579 2604/4220/2604
f 2448/3961/2448 2580/4182/2580 2606/4223/2606
f 2606/4223/2606 2631/4273/2631 2406/4224/2406
f 2405/3998/2405 2632/4274/2632 2409/4094/2409
f 2406/4224/2406 2633/4275/2633 2525/4276/2525
f 2270/4277/2270 2634/4278/2634 2125/4279/2125
f 2409/4094/2409 2635/4280/2635 2410/4281/2410
f 2469/4003/2469 2548/4135/2548 2636/4282/2636
f 2379/3847/2379 2452/3967/2452 2209/3564/2209
f 2609/4229/2609 2637/4283/2637 2581/4230/2581
f 2609/4229/2609 2610/4231/2610 2637/4283/2637
f 2415/4227/2415 2550/4284/2550 2608/4228/2608
f 2380/3850/2380 2638/4285/2638 2550/4139/2550
f 2380/3850/2380 2472/4007/2472 2638/4285/2638
f 2473/4010/2473 2502/4057/2502 2503/4286/2503
f 2503/4287/2503 2502/4288/2502 2474/4289/2474
f 2340/3780/2340 2100/4290/2100 2639/4291/2639
f 2177/3512/2177 2454/3969/2454 2176/3511/2176
f 2130/4105/2130 2640/4292/2640 2587/4191/2587
f 2588/4293/2588 2241/3623/2241 2157/3478/2157
f 2456/4015/2456 2533/4294/2533 2421/4295/2421
f 2387/3857/2387 2533/4110/2533 2506/4196/2506
f 2507/4062/2507 2641/4296/2641 2315/3736/2315
f 2477/4297/2477 2388/4298/2388 2642/4299/2642
f 1759/2830/1759 2388/3858/2388 2477/4017/2477
f 2507/4300/2507 2508/4301/2508 2641/4302/2641
f 2015/3584/2015 2556/4147/2556 2217/3582/2217
f 2250/4303/2250 2351/4304/2351 2038/4305/2038
f 2248/4066/2248 2643/4306/2643 2510/4067/2510
f 2351/4149/2351 2591/4199/2591 2644/4307/2644
f 2392/4150/2392 2481/4308/2481 2557/4148/2557
f 2390/3860/2390 2592/4200/2592 2645/4309/2645
f 2510/4067/2510 2511/4068/2511 2393/4065/2393
f 2558/4151/2558 2593/4202/2593 2592/4201/2592
f 2559/4243/2559 2616/4242/2616 2646/4310/2646
f 2595/4204/2595 2647/4311/2647 2283/3926/2283
f 2458/3976/2458 2648/4312/2648 2564/4159/2564
f 2483/4027/2483 2562/4157/2562 2649/4313/2649
f 2563/4160/2563 2321/4162/2321 2650/4314/2650
f 2514/4253/2514 2620/4315/2620 2621/4254/2621
f 2287/3930/2287 2621/4254/2621 2323/3756/2323
f 2253/4031/2253 2567/4316/2567 2566/4164/2566
f 2541/4317/2541 2430/4124/2430 2651/4318/2651
f 2430/4124/2430 2542/4123/2542 2651/4318/2651
f 2516/4076/2516 2568/4166/2568 2543/4125/2543
f 2434/4036/2434 2324/4319/2324 2652/4320/2652
f 2434/4036/2434 2652/4320/2652 2490/4037/2490
f 2518/4321/2518 2600/4215/2600 2325/3871/2325
f 2544/4126/2544 2628/4263/2628 2573/4174/2573
f 2520/4084/2520 2572/4172/2572 2653/4322/2653
f 2573/4323/2573 2629/4267/2629 2493/4041/2493
f 2629/4267/2629 2574/4175/2574 2493/4041/2493
f 2069/3347/2069 2654/4324/2654 2369/3882/2369
f 2601/4216/2601 2577/4268/2577 2576/4177/2576
f 1975/4090/1975 2655/4325/2655 2524/4091/2524
f 2406/4224/2406 2631/4273/2631 2633/4275/2633
f 2607/4225/2607 2582/4186/2582 2656/4326/2656
f 2413/3902/2413 2375/3901/2375 2529/4099/2529
f 2529/4099/2529 2375/3901/2375 2583/4187/2583
f 2583/4187/2583 2375/3901/2375 2610/4231/2610
f 2637/4283/2637 2657/4327/2657 2581/4230/2581
f 2637/4283/2637 2610/4231/2610 2657/4327/2657
f 2551/4140/2551 2502/4057/2502 2237/3617/2237
f 2639/4291/2639 2472/4007/2472 2340/3780/2340
f 2100/3510/2100 2454/3969/2454 2639/4328/2639
f 2177/3512/2177 1980/3208/1980 2419/3914/2419
f 2585/4189/2585 2658/4329/2658 2586/4190/2586
f 2586/4330/2586 2659/4331/2659 2531/4104/2531
f 2531/4104/2531 2640/4292/2640 2130/4105/2130
f 2532/4192/2532 2660/4332/2660 2276/4333/2276
f 2552/4143/2552 2102/3395/2102 2241/3623/2241
f 2382/3852/2382 2345/3788/2345 2612/4233/2612
f 2103/3789/2103 2589/4334/2589 2553/4144/2553
f 2383/4335/2383 2661/4336/2661 2455/4337/2455
f 2420/4338/2420 2555/4339/2555 2661/4336/2661
f 2456/4015/2456 2346/3790/2346 2533/4294/2533
f 2535/4112/2535 2423/3921/2423 2662/4340/2662
f 2315/4341/2315 2641/4302/2641 2663/4342/2663
f 2477/4017/2477 2642/4343/2642 2478/4018/2478
f 2478/4344/2478 2642/4345/2642 2664/4346/2664
f 2665/4347/2665 2138/4348/2138 1809/4349/1809
f 1809/4349/1809 2038/4305/2038 2665/4347/2665
f 2536/4113/2536 2556/4147/2556 2248/3690/2248
f 2480/4021/2480 2615/4240/2615 2457/3974/2457
f 2557/4148/2557 2666/4350/2666 2591/4199/2591
f 2557/4148/2557 2481/4308/2481 2667/4351/2667
f 2559/4243/2559 2646/4310/2646 2481/4352/2481
f 2283/4156/2283 2647/4353/2647 2561/4154/2561
f 2617/4246/2617 2648/4312/2648 2458/3976/2458
f 2650/4314/2650 2486/4030/2486 2564/4159/2564
f 2459/3979/2459 2395/3865/2395 2618/4354/2618
f 2321/4206/2321 2539/4118/2539 2668/4355/2668
f 2668/4355/2668 2539/4118/2539 2460/3980/2460
f 2565/4163/2565 2540/4120/2540 2669/4356/2669
f 2621/4254/2621 2515/4075/2515 2323/3756/2323
f 2489/4035/2489 2116/3414/2116 2224/3594/2224
f 2670/4357/2670 2623/4358/2623 2541/4317/2541
f 2597/4209/2597 2671/4359/2671 2324/3757/2324
f 2670/4357/2670 2598/4360/2598 2623/4358/2623
f 2324/4361/2324 2671/4362/2671 2652/4363/2652
f 2598/4210/2598 2672/4364/2672 2436/3939/2436
f 2672/4364/2672 2518/4078/2518 2436/3939/2436
f 2673/4365/2673 2490/4037/2490 2652/4320/2652
f 2673/4365/2673 2363/3823/2363 2490/4037/2490
f 2674/4366/2674 2626/4261/2626 2569/4168/2569
f 2675/4367/2675 2573/4174/2573 2628/4263/2628
f 2630/4269/2630 2369/3882/2369 2654/4324/2654
f 2577/4179/2577 2603/4219/2603 2578/4180/2578
f 2676/4368/2676 2444/3955/2444 2545/4129/2545
f 2677/4369/2677 2496/4047/2496 2604/4220/2604
f 2678/4370/2678 2546/4130/2546 2603/4219/2603
f 2679/4371/2679 2606/4223/2606 2580/4182/2580
f 2679/4371/2679 2631/4273/2631 2606/4223/2606
f 2632/4274/2632 2405/3998/2405 2680/4372/2680
f 2632/4274/2632 2635/4280/2635 2409/4094/2409
f 2309/3725/2309 2526/4095/2526 2407/3890/2407
f 2681/4373/2681 2410/4374/2410 2635/4375/2635
f 2607/4225/2607 2634/4376/2634 2270/3671/2270
f 2682/4377/2682 2526/4183/2526 2581/4185/2581
f 2683/4378/2683 2548/4135/2548 2527/4097/2527
f 2684/4379/2684 2582/4226/2582 2608/4228/2608
f 2581/4185/2581 2657/4380/2657 2685/4381/2685
f 2375/3901/2375 2657/4327/2657 2610/4231/2610
f 2581/4185/2581 2685/4381/2685 2686/4382/2686
f 2686/4382/2686 2685/4381/2685 2657/4380/2657
f 2342/3785/2342 2474/4011/2474 2687/4383/2687
f 2688/4384/2688 2239/3620/2239 2504/4059/2504
f 2689/4385/2689 2213/4109/2213 2344/3787/2344
f 2612/4233/2612 2345/3788/2345 2690/4386/2690
f 2690/4386/2690 2345/3788/2345 2613/4234/2613
f 2661/4336/2661 2383/4335/2383 2420/4338/2420
f 2691/4387/2691 2533/4294/2533 2346/3790/2346
f 2424/3922/2424 2389/3859/2389 2537/4114/2537
f 2692/4388/2692 2480/4021/2480 2479/4020/2479
f 2692/4388/2692 2693/4389/2693 2480/4021/2480
f 2694/4390/2694 2695/4391/2695 2390/4392/2390
f 2695/4393/2695 2537/4114/2537 2390/3860/2390
f 2694/4390/2694 2390/4392/2390 2645/4394/2645
f 2645/4395/2645 2592/4396/2592 2593/4397/2593
f 2696/4398/2696 2595/4399/2595 2594/4400/2594
f 2647/4401/2647 2595/4399/2595 2696/4398/2696
f 2697/4402/2697 2560/4244/2560 2511/4068/2511
f 2617/4403/2617 2560/4244/2560 2697/4402/2697
f 2593/4202/2593 2512/4072/2512 2563/4158/2563
f 2618/4247/2618 2320/4155/2320 2561/4154/2561
f 2562/4157/2562 2538/4404/2538 2649/4313/2649
f 2698/4405/2698 2460/3980/2460 2619/4249/2619
f 2669/4356/2669 2540/4120/2540 2699/4406/2699
f 2540/4120/2540 2622/4255/2622 2699/4406/2699
f 2515/4075/2515 2621/4254/2621 2357/4256/2357
f 2651/4318/2651 2670/4357/2670 2541/4317/2541
f 2543/4125/2543 2568/4166/2568 2700/4407/2700
f 2598/4210/2598 2701/4408/2701 2672/4364/2672
f 2518/4321/2518 2702/4409/2702 2600/4215/2600
f 2118/3416/2118 2626/4261/2626 2625/4260/2625
f 2673/4365/2673 2703/4410/2703 2363/3823/2363
f 2570/4171/2570 2702/4409/2702 2571/4411/2571
f 2569/4168/2569 2466/3989/2466 2674/4366/2674
f 2519/4080/2519 2704/4412/2704 2228/3947/2228
f 2571/4170/2571 2702/4413/2702 2628/4263/2628
f 2491/4039/2491 2522/4127/2522 2705/4414/2705
f 2706/4415/2706 2629/4267/2629 2573/4323/2573
f 2707/4416/2707 2603/4417/2603 2577/4418/2577
f 2546/4130/2546 2678/4370/2678 2580/4222/2580
f 2605/4419/2605 2680/4420/2680 2307/4421/2307
f 2680/4420/2680 2405/4422/2405 2307/4421/2307
f 2408/4423/2408 2525/4424/2525 2547/4425/2547
f 2408/3892/2408 2547/4426/2547 2235/3893/2235
f 2681/4373/2681 2379/4427/2379 2410/4374/2410
f 2708/4428/2708 2527/4097/2527 2311/4096/2311
f 2375/4001/2375 2709/4429/2709 2657/4380/2657
f 2581/4185/2581 2686/4382/2686 2710/4430/2710
f 2686/4382/2686 2657/4380/2657 2709/4429/2709
f 2710/4430/2710 2686/4382/2686 2709/4429/2709
f 2342/3785/2342 2687/4383/2687 2711/4431/2711
f 2342/3785/2342 2711/4431/2711 2585/4189/2585
f 2177/3512/2177 2419/3914/2419 2454/3969/2454
f 2712/4432/2712 2658/4329/2658 2585/4189/2585
f 2658/4329/2658 2659/4433/2659 2586/4190/2586
f 2713/4434/2713 2419/3914/2419 2239/3620/2239
f 2713/4434/2713 2239/3620/2239 2714/4435/2714
f 2212/4107/2212 2277/4436/2277 2611/4437/2611
f 2715/4438/2715 2588/4439/2588 2276/4333/2276
f 2689/4385/2689 2344/3787/2344 2716/4440/2716
f 2716/4440/2716 2344/3787/2344 2612/4233/2612
f 2590/4197/2590 2534/4111/2534 2422/3918/2422
f 2717/4441/2717 2535/4112/2535 2662/4340/2662
f 2315/4341/2315 2663/4342/2663 2014/4442/2014
f 2664/4443/2664 2718/4444/2718 2719/4445/2719
f 2664/4443/2664 2642/4299/2642 2718/4444/2718
f 2719/4446/2719 2478/4344/2478 2664/4346/2664
f 2719/4446/2719 2509/4447/2509 2478/4344/2478
f 2556/4147/2556 2643/4448/2643 2248/3690/2248
f 2480/4021/2480 2693/4389/2693 2615/4240/2615
f 2644/4307/2644 2591/4199/2591 2666/4350/2666
f 2646/4310/2646 2720/4449/2720 2481/4352/2481
f 2593/4202/2593 2563/4158/2563 2721/4450/2721
f 2648/4312/2648 2722/4451/2722 2564/4159/2564
f 2486/4030/2486 2650/4314/2650 2427/3977/2427
f 2459/4452/2459 2618/4453/2618 2723/4454/2723
f 2538/4117/2538 2723/4454/2723 2649/4455/2649
f 2538/4117/2538 2565/4163/2565 2723/4454/2723
f 2723/4454/2723 2596/4251/2596 2459/4452/2459
f 2621/4254/2621 2724/4456/2724 2357/4256/2357
f 2542/4123/2542 2543/4457/2543 2651/4318/2651
f 2543/4125/2543 2700/4407/2700 2725/4458/2725
f 2117/3415/2117 2726/4459/2726 2064/3340/2064
f 2600/4215/2600 2702/4409/2702 2570/4171/2570
f 2228/3947/2228 2704/4412/2704 2627/4262/2627
f 2442/4088/2442 2705/4460/2705 2522/4086/2522
f 2727/4461/2727 2496/4047/2496 2677/4369/2677
f 1975/4462/1975 2450/4463/2450 2655/4464/2655
f 2450/4463/2450 2125/4279/2125 2634/4278/2634
f 2407/3890/2407 2526/4095/2526 2728/4465/2728
f 2526/4095/2526 2682/4466/2682 2728/4465/2728
f 2527/4097/2527 2708/4428/2708 2683/4378/2683
f 2710/4430/2710 2729/4467/2729 2581/4185/2581
f 2730/4468/2730 2729/4467/2729 2710/4430/2710
f 2710/4430/2710 2709/4429/2709 2730/4468/2730
f 2711/4431/2711 2712/4432/2712 2585/4189/2585
f 2714/4435/2714 2688/4384/2688 2713/4434/2713
f 2714/4435/2714 2239/3620/2239 2688/4384/2688
f 2531/4104/2531 2659/4331/2659 2640/4292/2640
f 2640/4292/2640 2659/4331/2659 2587/4191/2587
f 2587/4191/2587 2660/4332/2660 2532/4192/2532
f 2475/4142/2475 2731/4469/2731 2732/4470/2732
f 2475/4012/2475 2213/3570/2213 2731/4471/2731
f 2241/3623/2241 2733/4472/2733 2552/4143/2552
f 2534/4111/2534 2590/4197/2590 2555/4146/2555
f 2533/4473/2533 2734/4474/2734 2506/4475/2506
f 2014/4442/2014 2663/4342/2663 2735/4476/2735
f 2641/4302/2641 2508/4301/2508 2663/4342/2663
f 2719/4445/2719 2736/4477/2736 2509/4478/2509
f 2535/4112/2535 2556/4147/2556 2245/3629/2245
f 2736/4477/2736 2737/4479/2737 2509/4478/2509
f 2245/3629/2245 2556/4147/2556 2015/3584/2015
f 2351/4304/2351 2738/4480/2738 2038/4305/2038
f 2537/4114/2537 2739/4481/2739 2424/3922/2424
f 2615/4482/2615 2740/4483/2740 2594/4400/2594
f 2481/4484/2481 2741/4485/2741 2667/4486/2667
f 2593/4397/2593 2694/4487/2694 2645/4395/2645
f 2594/4400/2594 2741/4485/2741 2696/4398/2696
f 2646/4310/2646 2616/4242/2616 2720/4449/2720
f 2593/4397/2593 2742/4488/2742 2743/4489/2743
f 2593/4397/2593 2721/4490/2721 2742/4488/2742
f 2721/4490/2721 2744/4491/2744 2617/4403/2617
f 2563/4158/2563 2744/4492/2744 2721/4450/2721
f 2617/4403/2617 2744/4491/2744 2648/4493/2648
f 2563/4158/2563 2648/4494/2648 2744/4492/2744
f 2483/4241/2483 2649/4495/2649 2616/4242/2616
f 2563/4160/2563 2722/4451/2722 2648/4312/2648
f 2564/4159/2564 2722/4451/2722 2650/4314/2650
f 2563/4160/2563 2650/4314/2650 2722/4451/2722
f 2427/3977/2427 2650/4314/2650 2745/4496/2745
f 2321/4162/2321 2668/4497/2668 2650/4314/2650
f 2460/3980/2460 2698/4405/2698 2668/4355/2668
f 2428/3929/2428 2427/3928/2427 2746/4498/2746
f 2428/3929/2428 2746/4498/2746 2462/3984/2462
f 2724/4499/2724 2599/4500/2599 2357/4501/2357
f 2568/4502/2568 2747/4503/2747 2700/4504/2700
f 2670/4357/2670 2701/4505/2701 2598/4360/2598
f 2464/3987/2464 2227/3597/2227 2517/4077/2517
f 2672/4506/2672 2748/4507/2748 2518/4321/2518
f 2463/4214/2463 2624/4259/2624 2568/4502/2568
f 2652/4320/2652 2703/4410/2703 2673/4365/2673
f 2227/4082/2227 2520/4084/2520 2749/4508/2749
f 2298/3710/2298 2750/4509/2750 2466/3989/2466
f 2675/4367/2675 2751/4510/2751 2573/4174/2573
f 2751/4511/2751 2706/4512/2706 2573/4513/2573
f 2443/3954/2443 2705/4460/2705 2442/4088/2442
f 2601/4216/2601 2752/4514/2752 2577/4268/2577
f 2444/3955/2444 2676/4368/2676 2753/4515/2753
f 2633/4275/2633 2754/4516/2754 2525/4276/2525
f 2634/4517/2634 2607/4518/2607 2656/4519/2656
f 2311/4132/2311 2547/4134/2547 2708/4520/2708
f 2548/4135/2548 2755/4521/2755 2636/4282/2636
f 2730/4468/2730 2756/4522/2756 2729/4467/2729
f 2730/4468/2730 2709/4429/2709 2756/4522/2756
f 2502/4523/2502 2687/4383/2687 2474/4011/2474
f 2419/3914/2419 2757/4524/2757 2454/3969/2454
f 2587/4191/2587 2758/4525/2758 2660/4332/2660
f 2475/4142/2475 2732/4470/2732 2611/4232/2611
f 2660/4332/2660 2758/4525/2758 2276/4333/2276
f 2734/4526/2734 2759/4527/2759 2506/4528/2506
f 2423/4529/2423 2614/4530/2614 2662/4531/2662
f 2535/4112/2535 2760/4532/2760 2556/4147/2556
f 2508/4301/2508 2424/4533/2424 2761/4534/2761
f 2509/4478/2509 2737/4479/2737 2479/4535/2479
f 2424/4533/2424 2739/4536/2739 2761/4534/2761
f 2479/4020/2479 2762/4537/2762 2692/4388/2692
f 2511/4068/2511 2510/4067/2510 2763/4538/2763
f 2594/4400/2594 2740/4483/2740 2741/4485/2741
f 2511/4068/2511 2763/4538/2763 2697/4402/2697
f 2697/4402/2697 2764/4539/2764 2617/4403/2617
f 2743/4489/2743 2617/4403/2617 2764/4539/2764
f 2742/4488/2742 2617/4403/2617 2743/4489/2743
f 2742/4488/2742 2721/4490/2721 2617/4403/2617
f 2616/4242/2616 2649/4495/2649 2647/4540/2647
f 2647/4540/2647 2649/4495/2649 2561/4541/2561
f 2561/4154/2561 2649/4542/2649 2618/4247/2618
f 2649/4542/2649 2765/4543/2765 2618/4247/2618
f 2765/4543/2765 2766/4544/2766 2618/4247/2618
f 2765/4543/2765 2649/4542/2649 2766/4544/2766
f 2427/3928/2427 2745/4545/2745 2767/4546/2767
f 2723/4454/2723 2768/4547/2768 2596/4251/2596
f 2619/4249/2619 2487/4032/2487 2769/4548/2769
f 2621/4254/2621 2770/4549/2770 2724/4456/2724
f 2116/3414/2116 2489/4035/2489 2622/4550/2622
f 2651/4318/2651 2543/4457/2543 2771/4551/2771
f 2543/4457/2543 2772/4552/2772 2771/4551/2771
f 2543/4125/2543 2725/4458/2725 2772/4553/2772
f 2489/4035/2489 2773/4554/2773 2774/4555/2774
f 2700/4504/2700 2747/4503/2747 2725/4556/2725
f 2568/4502/2568 2775/4557/2775 2747/4503/2747
f 2489/4035/2489 2517/4077/2517 2773/4554/2773
f 2672/4364/2672 2701/4408/2701 2748/4558/2748
f 2748/4507/2748 2702/4409/2702 2518/4321/2518
f 2437/4559/2437 2360/3825/2360 2491/4039/2491
f 2749/4508/2749 2520/4084/2520 2653/4322/2653
f 2298/3945/2298 2627/4262/2627 2750/4560/2750
f 2675/4367/2675 2628/4263/2628 2776/4561/2776
f 2575/4176/2575 2777/4562/2777 2572/4266/2572
f 2491/4039/2491 2705/4414/2705 2778/4563/2778
f 2521/4265/2521 2654/4324/2654 2069/3347/2069
f 2779/4564/2779 2601/4216/2601 2629/4267/2629
f 2707/4565/2707 2678/4370/2678 2603/4219/2603
f 2780/4566/2780 2444/3955/2444 2753/4515/2753
f 2679/4567/2679 2580/4222/2580 2678/4370/2678
f 2524/4091/2524 2655/4325/2655 2781/4568/2781
f 2782/4569/2782 2681/4373/2681 2635/4375/2635
f 2783/4570/2783 2684/4571/2684 2784/4572/2784
f 2681/4373/2681 2452/4573/2452 2379/4427/2379
f 2684/4571/2684 2785/4574/2785 2784/4572/2784
f 2755/4521/2755 2548/4135/2548 2683/4378/2683
f 2785/4575/2785 2684/4576/2684 2550/4139/2550
f 2684/4379/2684 2608/4228/2608 2550/4284/2550
f 2682/4377/2682 2581/4185/2581 2729/4467/2729
f 2709/4429/2709 2375/4001/2375 2786/4577/2786
f 2787/4578/2787 2756/4522/2756 2788/4579/2788
f 2729/4467/2729 2756/4522/2756 2787/4578/2787
f 2789/4580/2789 2472/4007/2472 2639/4291/2639
f 2639/4328/2639 2454/3969/2454 2790/4581/2790
f 2711/4431/2711 2658/4329/2658 2712/4432/2712
f 2791/4582/2791 2659/4331/2659 2658/4583/2658
f 2659/4331/2659 2758/4525/2758 2587/4191/2587
f 2715/4438/2715 2276/4333/2276 2758/4525/2758
f 2476/4013/2476 2792/4584/2792 2589/4195/2589
f 2553/4144/2553 2691/4387/2691 2346/3790/2346
f 2691/4387/2691 2734/4585/2734 2533/4294/2533
f 2793/4586/2793 2506/4528/2506 2759/4527/2759
f 2717/4587/2717 2760/4588/2760 2535/4589/2535
f 2738/4590/2738 2351/4149/2351 2644/4307/2644
f 2537/4591/2537 2695/4592/2695 2794/4593/2794
f 2693/4594/2693 2740/4483/2740 2615/4482/2615
f 2593/4397/2593 2743/4489/2743 2694/4487/2694
f 2481/4352/2481 2720/4449/2720 2741/4595/2741
f 2616/4242/2616 2795/4596/2795 2720/4449/2720
f 2795/4596/2795 2647/4540/2647 2696/4597/2696
f 2616/4242/2616 2647/4540/2647 2795/4596/2795
f 2649/4455/2649 2723/4454/2723 2766/4598/2766
f 2766/4598/2766 2723/4454/2723 2618/4453/2618
f 2796/4599/2796 2745/4496/2745 2650/4314/2650
f 2650/4600/2650 2668/4355/2668 2796/4601/2796
f 2767/4546/2767 2746/4498/2746 2427/3928/2427
f 2487/4032/2487 2566/4164/2566 2769/4548/2769
f 2670/4357/2670 2651/4318/2651 2771/4551/2771
f 2771/4551/2771 2772/4552/2772 2797/4602/2797
f 2772/4603/2772 2725/4604/2725 2798/4605/2798
f 2798/4606/2798 2725/4556/2725 2799/4607/2799
f 2747/4503/2747 2799/4607/2799 2725/4556/2725
f 2800/4608/2800 2567/4609/2567 2801/4610/2801
f 2567/4611/2567 2429/4034/2429 2801/4612/2801
f 2359/3814/2359 2801/4612/2801 2429/4034/2429
f 2117/3415/2117 2599/4211/2599 2726/4459/2726
f 2748/4507/2748 2802/4613/2802 2702/4409/2702
f 2803/4614/2803 2703/4410/2703 2652/4320/2652
f 2064/4079/2064 2726/4615/2726 2519/4080/2519
f 2466/3989/2466 2750/4509/2750 2674/4366/2674
f 2702/4413/2702 2804/4616/2804 2628/4263/2628
f 2675/4617/2675 2776/4618/2776 2805/4619/2805
f 2675/4617/2675 2805/4619/2805 2751/4511/2751
f 2630/4271/2630 2806/4620/2806 2545/4129/2545
f 2443/3954/2443 2523/4089/2523 2807/4621/2807
f 2523/4089/2523 2524/4091/2524 2781/4568/2781
f 2579/4181/2579 2447/3960/2447 2808/4622/2808
f 2679/4371/2679 2809/4623/2809 2631/4273/2631
f 2071/3352/2071 2407/4624/2407 2810/4625/2810
f 2633/4275/2633 2811/4626/2811 2754/4516/2754
f 2754/4627/2754 2812/4628/2812 2525/4629/2525
f 2582/4630/2582 2684/4571/2684 2783/4570/2783
f 2682/4631/2682 2729/4632/2729 2813/4633/2813
f 2787/4578/2787 2788/4579/2788 2729/4467/2729
f 2814/4634/2814 2687/4383/2687 2502/4523/2502
f 2711/4431/2711 2815/4635/2815 2658/4329/2658
f 2658/4329/2658 2816/4636/2816 2791/4637/2791
f 2659/4331/2659 2817/4638/2817 2758/4525/2758
f 2613/4639/2613 2455/4337/2455 2818/4640/2818
f 2555/4339/2555 2819/4641/2819 2661/4336/2661
f 2691/4387/2691 2553/4144/2553 2734/4585/2734
f 2506/4528/2506 2793/4586/2793 2590/4642/2590
f 2662/4643/2662 2820/4644/2820 2717/4587/2717
f 2663/4342/2663 2508/4301/2508 2821/4645/2821
f 2822/4646/2822 2739/4536/2739 2537/4591/2537
f 2692/4647/2692 2762/4648/2762 2693/4649/2693
f 2741/4485/2741 2795/4650/2795 2696/4398/2696
f 2720/4449/2720 2795/4596/2795 2741/4595/2741
f 2723/4454/2723 2565/4163/2565 2768/4547/2768
f 2699/4406/2699 2622/4255/2622 2823/4651/2823
f 2462/3984/2462 2824/4652/2824 2488/4033/2488
f 2824/4652/2824 2597/4209/2597 2488/4033/2488
f 2566/4164/2566 2567/4316/2567 2800/4653/2800
f 2770/4549/2770 2825/4654/2825 2724/4456/2724
f 2670/4357/2670 2771/4551/2771 2826/4655/2826
f 2771/4551/2771 2797/4602/2797 2826/4655/2826
f 2724/4499/2724 2827/4656/2827 2599/4500/2599
f 2670/4357/2670 2826/4655/2826 2701/4505/2701
f 2797/4602/2797 2828/4657/2828 2826/4655/2826
f 2797/4602/2797 2772/4552/2772 2828/4657/2828
f 2747/4503/2747 2775/4557/2775 2799/4607/2799
f 2701/4658/2701 2826/4659/2826 2829/4660/2829
f 2775/4557/2775 2568/4502/2568 2624/4259/2624
f 2599/4211/2599 2830/4661/2830 2726/4459/2726
f 2801/4612/2801 2359/3814/2359 2625/4260/2625
f 2702/4409/2702 2802/4613/2802 2831/4662/2831
f 2626/4261/2626 2832/4663/2832 2625/4260/2625
f 2626/4261/2626 2674/4366/2674 2832/4663/2832
f 2704/4412/2704 2519/4080/2519 2833/4664/2833
f 2776/4561/2776 2628/4263/2628 2804/4616/2804
f 2703/4410/2703 2834/4665/2834 2363/3823/2363
f 2834/4665/2834 2521/4085/2521 2363/3823/2363
f 2443/3954/2443 2835/4666/2835 2705/4460/2705
f 2443/3954/2443 2807/4621/2807 2835/4666/2835
f 2444/3955/2444 2836/4667/2836 2605/4221/2605
f 2837/4668/2837 2838/4669/2838 2679/4567/2679
f 2308/3724/2308 2468/3996/2468 2447/3960/2447
f 2631/4273/2631 2839/4670/2839 2633/4275/2633
f 2450/4463/2450 2634/4278/2634 2655/4464/2655
f 2840/4671/2840 2582/4630/2582 2783/4570/2783
f 2682/4631/2682 2841/4672/2841 2728/4673/2728
f 2469/4003/2469 2636/4282/2636 2375/4001/2375
f 2550/4139/2550 2842/4674/2842 2785/4575/2785
f 2709/4429/2709 2786/4577/2786 2756/4522/2756
f 2756/4522/2756 2786/4577/2786 2788/4579/2788
f 2729/4632/2729 2843/4675/2843 2813/4633/2813
f 2788/4579/2788 2843/4676/2843 2729/4467/2729
f 2687/4383/2687 2844/4677/2844 2711/4431/2711
f 2454/3969/2454 2757/4524/2757 2790/4581/2790
f 2815/4635/2815 2816/4636/2816 2658/4329/2658
f 2419/3914/2419 2713/4434/2713 2845/4678/2845
f 2688/4384/2688 2846/4679/2846 2713/4434/2713
f 2504/4059/2504 2212/4107/2212 2688/4384/2688
f 2212/4107/2212 2611/4437/2611 2847/4680/2847
f 2455/4337/2455 2661/4336/2661 2818/4640/2818
f 2590/4642/2590 2819/4641/2819 2555/4339/2555
f 2793/4586/2793 2819/4641/2819 2590/4642/2590
f 2734/4526/2734 2793/4586/2793 2759/4527/2759
f 2614/4530/2614 2820/4681/2820 2662/4531/2662
f 2642/4299/2642 2388/4298/2388 2718/4444/2718
f 2718/4444/2718 2848/4682/2848 2719/4445/2719
f 2719/4445/2719 2848/4682/2848 2736/4477/2736
f 2557/4148/2557 2849/4683/2849 2666/4350/2666
f 2745/4545/2745 2796/4601/2796 2850/4684/2850
f 2745/4545/2745 2850/4684/2850 2767/4546/2767
f 2796/4601/2796 2668/4355/2668 2850/4684/2850
f 2850/4684/2850 2668/4355/2668 2767/4546/2767
f 2698/4405/2698 2767/4546/2767 2668/4355/2668
f 2698/4405/2698 2769/4548/2769 2851/4685/2851
f 2596/4251/2596 2768/4547/2768 2852/4686/2852
f 2698/4405/2698 2619/4249/2619 2769/4548/2769
f 2699/4406/2699 2853/4687/2853 2669/4356/2669
f 2620/4315/2620 2854/4688/2854 2621/4254/2621
f 2566/4164/2566 2855/4689/2855 2769/4548/2769
f 2800/4653/2800 2855/4689/2855 2566/4164/2566
f 2622/4550/2622 2489/4035/2489 2774/4555/2774
f 2826/4659/2826 2856/4690/2856 2857/4691/2857
f 2856/4690/2856 2826/4659/2826 2858/4692/2858
f 2826/4659/2826 2828/4693/2828 2858/4692/2858
f 2772/4694/2772 2859/4695/2859 2828/4696/2828
f 2826/4659/2826 2857/4691/2857 2829/4660/2829
f 2772/4694/2772 2798/4697/2798 2859/4695/2859
f 2599/4211/2599 2827/4698/2827 2830/4661/2830
f 2227/3597/2227 2773/4554/2773 2517/4077/2517
f 2748/4507/2748 2701/4699/2701 2860/4700/2860
f 2802/4613/2802 2860/4700/2860 2831/4662/2831
f 2749/4508/2749 2653/4322/2653 2227/4082/2227
f 2831/4662/2831 2860/4700/2860 2804/4701/2804
f 2831/4662/2831 2804/4701/2804 2702/4409/2702
f 2803/4614/2803 2834/4665/2834 2703/4410/2703
f 2726/4615/2726 2861/4702/2861 2519/4080/2519
f 2519/4080/2519 2861/4702/2861 2833/4664/2833
f 2704/4412/2704 2862/4703/2862 2627/4262/2627
f 2704/4412/2704 2833/4664/2833 2862/4703/2862
f 2572/4172/2572 2777/4704/2777 2653/4322/2653
f 2805/4619/2805 2863/4705/2863 2751/4511/2751
f 2863/4705/2863 2706/4512/2706 2751/4511/2751
f 2629/4267/2629 2706/4415/2706 2779/4564/2779
f 2654/4324/2654 2864/4706/2864 2630/4269/2630
f 2577/4418/2577 2752/4707/2752 2707/4416/2707
f 2523/4089/2523 2865/4708/2865 2807/4621/2807
f 2678/4370/2678 2866/4709/2866 2679/4567/2679
f 2866/4709/2866 2837/4668/2837 2679/4567/2679
f 2604/4220/2604 2579/4272/2579 2867/4710/2867
f 2809/4623/2809 2868/4711/2868 2631/4273/2631
f 2781/4712/2781 2655/4464/2655 2634/4278/2634
f 2839/4670/2839 2811/4626/2811 2633/4275/2633
f 2635/4375/2635 2869/4713/2869 2782/4569/2782
f 2754/4516/2754 2870/4714/2870 2812/4715/2812
f 2634/4716/2871 2872/4717/2872 2656/4718/2873
f 2375/4001/2375 2873/4719/2874 2786/4577/2786
f 2788/4579/2788 2874/4720/2875 2843/4676/2843
f 2843/4675/2843 2874/4721/2875 2813/4633/2813
f 2210/3674/2210 2875/4722/2876 2551/4140/2551
f 2789/4580/2789 2638/4285/2638 2472/4007/2472
f 2791/4582/2791 2876/4723/2877 2659/4331/2659
f 2876/4723/2877 2817/4638/2817 2659/4331/2659
f 2847/4680/2847 2611/4437/2611 2877/4724/2878
f 2611/4437/2611 2878/4725/2879 2879/4726/2880
f 2732/4727/2732 2878/4725/2879 2611/4437/2611
f 2758/4525/2758 2880/4728/2881 2715/4438/2715
f 2716/4440/2716 2881/4729/2882 2689/4385/2689
f 2716/4440/2716 2612/4233/2612 2881/4729/2882
f 2476/4013/2476 2552/4143/2552 2733/4472/2733
f 2476/4013/2476 2733/4472/2733 2882/4730/2883
f 2589/4334/2589 2792/4731/2792 2553/4144/2553
f 2734/4526/2734 2553/4732/2553 2883/4733/2884
f 2508/4301/2508 2761/4534/2761 2821/4645/2821
f 2739/4536/2739 2822/4646/2822 2761/4534/2761
f 2557/4148/2557 2667/4351/2667 2849/4683/2849
f 2698/4405/2698 2851/4685/2851 2767/4546/2767
f 2565/4163/2565 2669/4356/2669 2768/4547/2768
f 2746/4498/2746 2884/4734/2885 2462/3984/2462
f 2621/4254/2621 2854/4688/2854 2770/4549/2770
f 2724/4499/2724 2825/4735/2825 2827/4656/2827
f 2885/4736/2886 2886/4737/2887 2597/4738/2597
f 2887/4739/2888 2857/4691/2857 2856/4690/2856
f 2887/4739/2888 2856/4690/2856 2888/4740/2889
f 2857/4691/2857 2887/4739/2888 2889/4741/2890
f 2857/4691/2857 2889/4741/2890 2890/4742/2891
f 2856/4690/2856 2858/4692/2858 2888/4740/2889
f 2597/4738/2597 2886/4737/2887 2671/4743/2671
f 2858/4692/2858 2891/4744/2892 2888/4740/2889
f 2857/4691/2857 2890/4742/2891 2829/4660/2829
f 2890/4742/2891 2889/4741/2890 2892/4745/2893
f 2858/4692/2858 2892/4746/2893 2891/4744/2892
f 2858/4747/2858 2828/4748/2828 2892/4749/2893
f 2892/4745/2893 2893/4750/2894 2890/4742/2891
f 2890/4751/2891 2893/4752/2894 2829/4753/2829
f 2892/4749/2893 2828/4748/2828 2893/4752/2894
f 2799/4607/2799 2894/4754/2895 2798/4606/2798
f 2829/4753/2829 2893/4752/2894 2895/4755/2896
f 2893/4752/2894 2828/4748/2828 2895/4755/2896
f 2895/4755/2896 2828/4748/2828 2896/4756/2897
f 2828/4748/2828 2897/4757/2898 2896/4756/2897
f 2859/4758/2859 2897/4759/2898 2828/4760/2828
f 2798/4606/2798 2898/4761/2899 2859/4762/2859
f 2652/4320/2652 2671/4763/2671 2803/4614/2803
f 2748/4507/2748 2860/4700/2860 2802/4613/2802
f 2674/4366/2674 2899/4764/2900 2832/4663/2832
f 2750/4509/2750 2899/4764/2900 2674/4366/2674
f 2750/4560/2750 2900/4765/2901 2899/4766/2900
f 2627/4262/2627 2900/4765/2901 2750/4560/2750
f 2862/4703/2862 2900/4765/2901 2627/4262/2627
f 2804/4616/2804 2901/4767/2902 2776/4561/2776
f 2521/4265/2521 2864/4706/2864 2654/4324/2654
f 2705/4768/2705 2902/4769/2903 2903/4770/2904
f 2779/4564/2779 2904/4771/2905 2601/4216/2601
f 2835/4666/2835 2902/4772/2903 2705/4460/2705
f 2545/4129/2545 2806/4620/2806 2676/4368/2676
f 2677/4369/2677 2604/4220/2604 2905/4773/2906
f 2523/4089/2523 2781/4568/2781 2865/4708/2865
f 2444/3955/2444 2780/4566/2780 2836/4667/2836
f 2579/4774/2579 2808/4775/2808 2867/4776/2867
f 2447/3960/2447 2468/3996/2468 2810/4625/2810
f 2071/3352/2071 2810/4625/2810 2468/3996/2468
f 2631/4273/2631 2868/4711/2868 2839/4670/2839
f 2811/4626/2811 2906/4777/2907 2754/4516/2754
f 2754/4516/2754 2906/4777/2907 2870/4714/2870
f 2582/4630/2582 2840/4671/2840 2656/4778/2656
f 2783/4570/2783 2784/4572/2784 2907/4779/2908
f 2784/4572/2784 2785/4574/2785 2907/4779/2908
f 2636/4282/2636 2755/4521/2755 2908/4780/2909
f 2683/4378/2683 2908/4780/2909 2755/4521/2755
f 2682/4631/2682 2813/4633/2813 2909/4781/2910
f 2842/4674/2842 2550/4139/2550 2910/4782/2911
f 2452/4573/2452 2911/4783/2912 2210/4784/2210
f 2788/4579/2788 2786/4577/2786 2912/4785/2913
f 2788/4786/2788 2912/4787/2913 2874/4721/2875
f 2789/4788/2789 2639/4328/2639 2790/4581/2790
f 2711/4431/2711 2913/4789/2914 2815/4635/2815
f 2815/4635/2815 2913/4789/2914 2816/4636/2816
f 2419/3914/2419 2845/4678/2845 2757/4524/2757
f 2212/4107/2212 2847/4680/2847 2688/4384/2688
f 2847/4680/2847 2877/4724/2878 2914/4790/2915
f 2877/4724/2878 2879/4726/2880 2914/4790/2915
f 2877/4724/2878 2611/4437/2611 2879/4726/2880
f 2734/4526/2734 2915/4791/2916 2793/4586/2793
f 2663/4342/2663 2821/4645/2821 2916/4792/2917
f 2717/4587/2717 2820/4644/2820 2760/4588/2760
f 2038/4305/2038 2738/4480/2738 2665/4347/2665
f 2738/4590/2738 2644/4307/2644 2917/4793/2918
f 2918/4794/2919 2644/4307/2644 2666/4350/2666
f 2919/4795/2920 2763/4538/2763 2510/4067/2510
f 2920/4796/2921 2697/4402/2697 2763/4538/2763
f 2921/4797/2922 2764/4539/2764 2697/4402/2697
f 2922/4798/2923 2596/4251/2596 2852/4686/2852
f 2922/4798/2923 2620/4252/2620 2596/4251/2596
f 2824/4652/2824 2462/3984/2462 2884/4734/2885
f 2853/4687/2853 2699/4406/2699 2823/4651/2823
f 2923/4799/2924 2770/4549/2770 2924/4800/2925
f 2923/4799/2924 2825/4654/2825 2770/4549/2770
f 2887/4739/2888 2888/4740/2889 2925/4801/2926
f 2887/4739/2888 2892/4745/2893 2889/4741/2890
f 2891/4744/2892 2926/4802/2927 2888/4740/2889
f 2888/4740/2889 2926/4802/2927 2927/4803/2928
f 2892/4746/2893 2926/4802/2927 2891/4744/2892
f 2892/4804/2893 2928/4805/2929 2929/4806/2930
f 2892/4804/2893 2930/4807/2931 2926/4808/2927
f 2892/4804/2893 2929/4806/2930 2930/4807/2931
f 2926/4808/2927 2930/4807/2931 2927/4809/2928
f 2928/4805/2929 2829/4753/2829 2895/4755/2896
f 2895/4755/2896 2929/4806/2930 2928/4805/2929
f 2895/4755/2896 2930/4807/2931 2929/4806/2930
f 2799/4607/2799 2775/4557/2775 2894/4754/2895
f 2928/4810/2929 2931/4811/2932 2829/4812/2829
f 2895/4755/2896 2896/4756/2897 2930/4807/2931
f 2896/4756/2897 2932/4813/2933 2930/4807/2931
f 2930/4807/2931 2932/4813/2933 2927/4809/2928
f 2933/4814/2934 2829/4812/2829 2931/4811/2932
f 2896/4756/2897 2897/4757/2898 2932/4813/2933
f 2927/4809/2928 2932/4813/2933 2897/4757/2898
f 2897/4757/2898 2859/4815/2859 2927/4809/2928
f 2927/4809/2928 2859/4815/2859 2934/4816/2935
f 2934/4817/2935 2859/4762/2859 2935/4818/2936
f 2934/4819/2935 2935/4820/2936 2936/4821/2937
f 2859/4762/2859 2898/4761/2899 2935/4818/2936
f 2894/4754/2895 2775/4557/2775 2937/4822/2938
f 2938/4823/2939 2701/4824/2701 2829/4812/2829
f 2938/4823/2939 2829/4812/2829 2933/4814/2934
f 2938/4823/2939 2860/4825/2860 2701/4824/2701
f 2935/4818/2936 2898/4761/2899 2939/4826/2940
f 2775/4557/2775 2624/4259/2624 2937/4822/2938
f 2801/4612/2801 2625/4260/2625 2800/4827/2800
f 2227/4082/2227 2653/4322/2653 2940/4828/2941
f 2624/4829/2624 2437/4559/2437 2491/4039/2491
f 2941/4830/2942 2726/4615/2726 2830/4831/2830
f 2941/4830/2942 2861/4702/2861 2726/4615/2726
f 2625/4260/2625 2832/4663/2832 2942/4832/2943
f 2832/4663/2832 2899/4764/2900 2942/4832/2943
f 2941/4830/2942 2833/4664/2833 2861/4702/2861
f 2941/4830/2942 2862/4703/2862 2833/4664/2833
f 2521/4085/2521 2834/4665/2834 2943/4833/2944
f 2778/4563/2778 2705/4414/2705 2903/4834/2904
f 2944/4835/2945 2903/4770/2904 2902/4769/2903
f 2904/4771/2905 2752/4514/2752 2601/4216/2601
f 2945/4836/2946 2263/4045/2263 2496/4047/2496
f 2496/4047/2496 2727/4461/2727 2946/4837/2947
f 2902/4772/2903 2835/4666/2835 2807/4621/2807
f 2727/4461/2727 2677/4369/2677 2905/4773/2906
f 2837/4668/2837 2866/4709/2866 2838/4669/2838
f 2680/4420/2680 2947/4838/2948 2632/4839/2632
f 2839/4670/2839 2906/4777/2907 2811/4626/2811
f 2948/4840/2949 2634/4278/2634 2949/4841/2950
f 2949/4841/2950 2634/4278/2634 2871/4842/2951
f 2871/4842/2951 2656/4778/2656 2949/4841/2950
f 2810/4843/2810 2407/4844/2407 2841/4845/2841
f 2950/4846/2952 2525/4847/2525 2812/4848/2812
f 2708/4428/2708 2908/4780/2909 2683/4378/2683
f 2375/4001/2375 2636/4282/2636 2951/4849/2953
f 2875/4850/2876 2210/4784/2210 2911/4783/2912
f 2813/4633/2813 2912/4787/2913 2952/4851/2954
f 2813/4633/2813 2874/4721/2875 2912/4787/2913
f 2814/4852/2814 2953/4853/2955 2687/4854/2687
f 2954/4855/2956 2913/4789/2914 2711/4431/2711
f 2955/4856/2957 2846/4679/2846 2688/4384/2688
f 2956/4857/2958 2688/4384/2688 2847/4680/2847
f 2847/4680/2847 2914/4790/2915 2957/4858/2959
f 2914/4790/2915 2879/4726/2880 2958/4859/2960
f 2959/4860/2961 2758/4525/2758 2817/4638/2817
f 2879/4726/2880 2878/4725/2879 2958/4859/2960
f 2960/4861/2962 2878/4725/2879 2732/4727/2732
f 2689/4385/2689 2731/4862/2731 2213/4109/2213
f 2612/4233/2612 2690/4386/2690 2961/4863/2963
f 2792/4731/2792 2962/4864/2964 2553/4144/2553
f 2963/4865/2965 2388/4866/2388 2138/4867/2138
f 2964/4868/2966 2965/4869/2967 2556/4870/2556
f 2643/4306/2643 2919/4795/2920 2510/4067/2510
f 2851/4685/2851 2746/4498/2746 2767/4546/2767
f 2851/4685/2851 2769/4548/2769 2966/4871/2968
f 2854/4688/2854 2924/4800/2925 2770/4549/2770
f 2824/4652/2824 2885/4872/2886 2597/4209/2597
f 2967/4873/2969 2925/4874/2926 2888/4875/2889
f 2967/4873/2969 2888/4875/2889 2968/4876/2970
f 2892/4745/2893 2887/4739/2888 2928/4877/2929
f 2928/4810/2929 2969/4878/2971 2931/4811/2932
f 2931/4811/2932 2969/4878/2971 2933/4814/2934
f 2969/4878/2971 2970/4879/2972 2933/4814/2934
f 2934/4819/2935 2936/4821/2937 2927/4880/2928
f 2894/4754/2895 2971/4881/2973 2798/4606/2798
f 2933/4814/2934 2970/4879/2972 2938/4823/2939
f 2927/4880/2928 2972/4882/2974 2973/4883/2975
f 2927/4880/2928 2936/4821/2937 2972/4882/2974
f 2798/4606/2798 2971/4881/2973 2898/4761/2899
f 2938/4823/2939 2970/4879/2972 2974/4884/2976
f 2936/4885/2937 2935/4818/2936 2939/4826/2940
f 2936/4885/2937 2939/4826/2940 2972/4886/2974
f 2972/4886/2974 2939/4826/2940 2898/4761/2899
f 2898/4761/2899 2975/4887/2977 2972/4886/2974
f 2898/4761/2899 2976/4888/2978 2975/4887/2977
f 2898/4761/2899 2977/4889/2979 2976/4888/2978
f 2971/4881/2973 2977/4889/2979 2898/4761/2899
f 2938/4890/2939 2974/4891/2976 2860/4892/2860
f 2937/4822/2938 2624/4259/2624 2978/4893/2980
f 2862/4703/2862 2979/4894/2981 2900/4765/2901
f 2862/4703/2862 2980/4895/2982 2979/4894/2981
f 2706/4415/2706 2981/4896/2983 2779/4564/2779
f 2678/4897/2678 2982/4898/2984 2866/4899/2866
f 2838/4900/2838 2809/4623/2809 2679/4371/2679
f 2781/4712/2781 2634/4278/2634 2948/4840/2949
f 2983/4901/2985 2984/4902/2986 2906/4777/2907
f 2906/4777/2907 2984/4902/2986 2870/4714/2870
f 2985/4903/2987 2840/4671/2840 2983/4904/2985
f 2869/4713/2869 2986/4905/2988 2782/4569/2782
f 2407/4906/2407 2728/4673/2728 2841/4672/2841
f 2783/4570/2783 2907/4779/2908 2812/4907/2812
f 2782/4569/2782 2987/4908/2989 2681/4373/2681
f 2950/4909/2952 2547/4425/2547 2525/4424/2525
f 2786/4577/2786 2873/4719/2874 2912/4785/2913
f 2813/4633/2813 2952/4851/2954 2988/4910/2990
f 2952/4851/2954 2912/4787/2913 2988/4910/2990
f 2550/4139/2550 2638/4285/2638 2910/4782/2911
f 2955/4856/2957 2688/4384/2688 2956/4857/2958
f 2957/4911/2959 2914/4912/2915 2989/4913/2991
f 2914/4790/2915 2958/4859/2960 2989/4914/2991
f 2958/4859/2960 2878/4725/2879 2960/4861/2962
f 2880/4728/2881 2588/4439/2588 2715/4438/2715
f 2990/4915/2992 2731/4916/2731 2689/4917/2689
f 2991/4918/2993 2689/4385/2689 2881/4729/2882
f 2553/4144/2553 2962/4864/2964 2992/4919/2994
f 2663/4342/2663 2916/4792/2917 2735/4476/2735
f 2848/4920/2848 2737/4921/2737 2736/4922/2736
f 2993/4923/2995 2556/4870/2556 2760/4924/2760
f 2737/4925/2737 2762/4926/2762 2479/4927/2479
f 2822/4646/2822 2537/4591/2537 2794/4593/2794
f 2994/4928/2996 2643/4448/2643 2556/4147/2556
f 2762/4926/2762 2995/4929/2997 2693/4930/2693
f 2644/4307/2644 2918/4794/2919 2917/4793/2918
f 2694/4390/2694 2996/4931/2998 2695/4391/2695
f 2693/4594/2693 2997/4932/2999 2740/4483/2740
f 2763/4538/2763 2919/4795/2920 2920/4796/2921
f 2743/4489/2743 2998/4933/3000 2694/4487/2694
f 2764/4539/2764 2998/4933/3000 2743/4489/2743
f 2697/4402/2697 2920/4796/2921 2921/4797/2922
f 2620/4252/2620 2922/4798/2923 2854/4934/2854
f 2823/4651/2823 2622/4255/2622 2999/4935/3001
f 2622/4255/2622 3000/4936/3002 2999/4935/3001
f 3001/4937/3003 3002/4938/3004 2967/4873/2969
f 2967/4873/2969 3003/4939/3005 3001/4937/3003
f 2967/4873/2969 2968/4876/2970 3003/4939/3005
f 2888/4875/2889 3004/4940/3006 2968/4876/2970
f 2927/4880/2928 3004/4941/3006 2888/4942/2889
f 2970/4879/2972 2969/4878/2971 2974/4884/2976
f 2969/4878/2971 3005/4943/3007 2974/4884/2976
f 2972/4886/2974 2975/4887/2977 2973/4944/2975
f 2976/4888/2978 2973/4944/2975 2975/4887/2977
f 2977/4889/2979 2973/4944/2975 2976/4888/2978
f 2977/4889/2979 2971/4881/2973 2973/4944/2975
f 2971/4881/2973 3006/4945/3008 2973/4944/2975
f 2971/4881/2973 3007/4946/3009 3006/4945/3008
f 2971/4881/2973 3008/4947/3010 3007/4946/3009
f 3009/4948/3011 2971/4881/2973 2894/4754/2895
f 3006/4945/3008 3007/4946/3009 3010/4949/3012
f 3011/4950/3013 3008/4947/3010 2971/4881/2973
f 3011/4950/3013 2971/4881/2973 3009/4948/3011
f 2974/4884/2976 3005/4943/3007 3012/4951/3014
f 3007/4946/3009 3008/4947/3010 3013/4952/3015
f 3011/4950/3013 3013/4952/3015 3008/4947/3010
f 2974/4891/2976 3012/4953/3014 2860/4892/2860
f 2800/4827/2800 2625/4260/2625 3014/4954/3016
f 2860/4892/2860 3012/4953/3014 3015/4955/3017
f 2624/4829/2624 3016/4956/3018 2978/4957/2980
f 2624/4829/2624 2491/4039/2491 3016/4956/3018
f 2804/4958/2804 3017/4959/3019 2901/4960/2902
f 2625/4260/2625 2942/4832/2943 3014/4954/3016
f 2943/4833/2944 2834/4665/2834 2803/4614/2803
f 2899/4764/2900 3014/4954/3016 2942/4832/2943
f 2980/4895/2982 2862/4703/2862 3018/4961/3020
f 2575/4962/2575 2263/4045/2263 2945/4836/2946
f 2779/4564/2779 2981/4896/2983 2904/4771/2905
f 2496/4047/2496 2946/4837/2947 2945/4836/2946
f 2678/4897/2678 2707/4416/2707 2982/4898/2984
f 2676/4368/2676 3019/4963/3021 2753/4515/2753
f 2983/4904/2985 2906/4964/2907 2985/4903/2987
f 2656/4778/2656 3020/4965/3022 2949/4841/2950
f 2984/4902/2986 2812/4715/2812 2870/4714/2870
f 2983/4904/2985 2812/4907/2812 2984/4966/2986
f 2983/4904/2985 2840/4671/2840 2812/4907/2812
f 2840/4671/2840 3020/4965/3022 2656/4778/2656
f 2840/4671/2840 2783/4570/2783 2812/4907/2812
f 2636/4282/2636 2908/4780/2909 2951/4849/2953
f 2375/4001/2375 2951/4849/2953 2873/4719/2874
f 2953/4967/2955 2844/4677/2844 2687/4383/2687
f 2711/4431/2711 2844/4677/2844 2954/4855/2956
f 2816/4636/2816 2913/4789/2914 3021/4968/3023
f 2816/4636/2816 3022/4969/3024 2791/4637/2791
f 2713/4434/2713 2846/4679/2846 2845/4678/2845
f 2847/4680/2847 3023/4970/3025 2956/4857/2958
f 2732/4971/2732 2990/4915/2992 2960/4972/2962
f 2732/4971/2732 2731/4916/2731 2990/4915/2992
f 2880/4728/2881 3024/4973/3026 2588/4439/2588
f 2241/3623/2241 2588/4293/2588 3025/4974/3027
f 2612/4233/2612 2961/4863/2963 2881/4729/2882
f 2388/4866/2388 2963/4865/2965 2718/4975/2718
f 2821/4645/2821 2761/4534/2761 3026/4976/3028
f 2822/4646/2822 3027/4977/3029 2761/4534/2761
f 2556/4147/2556 2965/4978/2967 3028/4979/3030
f 2994/4928/2996 2556/4147/2556 3028/4979/3030
f 2921/4797/2922 2998/4933/3000 2764/4539/2764
f 2853/4687/2853 2823/4651/2823 3029/4980/3031
f 2823/4651/2823 2999/4935/3001 3029/4980/3031
f 2622/4981/2622 2774/4982/2774 3000/4983/3002
f 3001/4937/3003 3003/4939/3005 3030/4984/3032
f 2967/4873/2969 3002/4938/3004 2925/4874/2926
f 2887/4739/2888 2925/4801/2926 2928/4877/2929
f 3031/4985/3033 2969/4878/2971 2928/4810/2929
f 2927/4880/2928 2973/4883/2975 3004/4941/3006
f 2825/4735/2825 3032/4986/3034 2827/4656/2827
f 2973/4944/2975 3006/4945/3008 3010/4949/3012
f 2973/4883/2975 3033/4987/3035 3004/4941/3006
f 2973/4944/2975 3010/4949/3012 3033/4988/3035
f 3005/4943/3007 3031/4985/3033 3012/4951/3014
f 3010/4949/3012 3007/4946/3009 3013/4952/3015
f 3010/4949/3012 3013/4952/3015 3033/4988/3035
f 3033/4988/3035 3013/4952/3015 3011/4950/3013
f 3033/4988/3035 3034/4989/3036 3035/4990/3037
f 3033/4988/3035 3011/4950/3013 3034/4989/3036
f 3011/4950/3013 3009/4948/3011 3034/4989/3036
f 2894/4754/2895 3036/4991/3038 3009/4948/3011
f 2937/4822/2938 3036/4991/3038 2894/4754/2895
f 3031/4992/3033 3037/4993/3039 3012/4994/3014
f 2937/4822/2938 2978/4893/2980 3036/4991/3038
f 2827/4656/2827 3032/4986/3034 2830/4995/2830
f 3037/4993/3039 3015/4996/3017 3012/4994/3014
f 3017/4997/3019 2860/4998/2860 3015/4996/3017
f 2978/4957/2980 3016/4956/3018 3036/4999/3038
f 2773/5000/2773 2227/4082/2227 3038/5001/3040
f 3017/5002/3019 2804/4701/2804 2860/4700/2860
f 3038/5001/3040 2227/4082/2227 2940/4828/2941
f 2830/4831/2830 3018/4961/3020 2941/4830/2942
f 3016/4956/3018 2491/4039/2491 2778/4563/2778
f 3018/4961/3020 2862/4703/2862 2941/4830/2942
f 2776/4618/2776 3039/5003/3041 2805/4619/2805
f 3039/5003/3041 3040/5004/3042 2805/4619/2805
f 2863/4705/2863 3041/5005/3043 2706/4512/2706
f 2777/4562/2777 2575/4176/2575 3042/5006/3044
f 3043/5007/3045 2981/4896/2983 2706/4415/2706
f 2946/4837/2947 2727/4461/2727 2905/4773/2906
f 2902/4772/2903 2807/4621/2807 3044/5008/3046
f 3019/4963/3021 2780/4566/2780 2753/4515/2753
f 2632/4274/2632 2947/5009/2948 2635/4280/2635
f 2868/4711/2868 2906/4777/2907 2839/4670/2839
f 3045/5010/3047 2985/4903/2987 2906/4964/2907
f 3045/5010/3047 2840/4671/2840 2985/4903/2987
f 2810/4843/2810 2841/4845/2841 3046/5011/3048
f 2635/4375/2635 3047/5012/3049 2869/4713/2869
f 2812/4907/2812 2907/4779/2908 2950/5013/2952
f 2782/4569/2782 2986/4905/2988 2987/4908/2989
f 2950/4909/2952 3048/5014/3050 2547/4425/2547
f 2708/5015/2708 2547/4425/2547 3049/5016/3051
f 2907/5017/2908 2785/4575/2785 2842/4674/2842
f 2841/4672/2841 2682/4631/2682 2909/4781/2910
f 2988/4910/2990 2909/4781/2910 2813/4633/2813
f 2912/4787/2913 3050/5018/3052 3051/5019/3053
f 2988/4910/2990 3051/5019/3053 2909/4781/2910
f 2912/4787/2913 3051/5019/3053 2988/4910/2990
f 3052/5020/3054 2551/5021/2551 2875/4850/2876
f 3053/5022/3055 2789/4788/2789 2790/4581/2790
f 2913/5023/2914 3054/5024/3056 3021/5025/3023
f 3021/4968/3023 3022/4969/3024 2816/4636/2816
f 2757/4524/2757 2845/4678/2845 3055/5026/3057
f 2791/4582/2791 3056/5027/3058 2876/4723/2877
f 3057/5028/3059 2817/4638/2817 2876/4723/2877
f 2956/4857/2958 2846/4679/2846 2955/4856/2957
f 3058/5029/3060 2957/4911/2959 2989/4913/2991
f 2958/5030/2960 2960/4972/2962 2990/4915/2992
f 3025/4974/3027 2733/4472/2733 2241/3623/2241
f 2613/4639/2613 2818/4640/2818 3059/5031/3061
f 2819/4641/2819 3060/5032/3062 2661/4336/2661
f 2553/5033/2553 2992/5034/2994 2883/5035/2884
f 2718/5036/2718 3061/5037/3063 2848/4920/2848
f 2963/4865/2965 3061/5038/3063 2718/4975/2718
f 3027/4977/3029 2822/4646/2822 3062/5039/3064
f 2822/4646/2822 2794/4593/2794 3062/5039/3064
f 2851/4685/2851 3063/5040/3065 2746/4498/2746
f 2851/4685/2851 2966/4871/2968 3063/5040/3065
f 2854/4688/2854 3064/5041/3066 2924/4800/2925
f 3064/5041/3066 2923/4799/2924 2924/4800/2925
f 2769/4548/2769 2855/4689/2855 3065/5042/3067
f 3002/4938/3004 3001/4937/3003 3030/4984/3032
f 3030/4984/3032 3003/4939/3005 2968/4876/2970
f 3004/5043/3006 3066/5044/3068 2968/5045/2970
f 3067/5046/3069 3031/5047/3033 2925/5048/2926
f 2886/4737/2887 2885/4736/2886 3068/5049/3070
f 2928/4810/2929 2925/5050/2926 3031/4985/3033
f 3065/5051/3067 2800/5052/2800 3014/5053/3016
f 3004/4941/3006 3033/4987/3035 3069/5054/3071
f 3035/4990/3037 3069/5055/3071 3033/4988/3035
f 3035/4990/3037 3034/4989/3036 3069/5055/3071
f 3034/4989/3036 3070/5056/3072 3069/5055/3071
f 3009/4948/3011 3070/5056/3072 3034/4989/3036
f 3009/4948/3011 3071/5057/3073 3070/5056/3072
f 3009/4948/3011 3036/4991/3038 3071/5057/3073
f 3037/4993/3039 3017/4997/3019 3015/4996/3017
f 2886/4737/2887 3072/5058/3074 2671/4743/2671
f 2886/4737/2887 3068/5049/3070 3072/5058/3074
f 3036/4999/3038 3016/4956/3018 3073/5059/3075
f 2671/4763/2671 3072/5060/3074 2803/4614/2803
f 2830/4831/2830 3032/5061/3034 3018/4961/3020
f 2778/4563/2778 3074/5062/3076 3016/4956/3018
f 2803/4614/2803 3075/5063/3077 2943/4833/2944
f 3076/5064/3078 3074/5062/3076 2778/4563/2778
f 3077/5065/3079 2979/4894/2981 2980/4895/2982
f 3043/5007/3045 2706/4415/2706 3041/5066/3043
f 2778/4563/2778 2903/4834/2904 3076/5064/3078
f 2903/4770/2904 2944/4835/2945 3076/5067/3078
f 2752/4707/2752 3078/5068/3080 2707/4416/2707
f 2906/4777/2907 2868/4711/2868 3045/5069/3047
f 3047/5070/3049 2635/5071/2635 2947/4838/2948
f 2840/4671/2840 3045/5010/3047 3020/4965/3022
f 3079/5072/3081 3048/5073/3050 2950/5074/2952
f 3079/5072/3081 2950/5074/2952 2907/5017/2908
f 3050/5075/3052 2912/5076/2913 2873/5077/2874
f 3080/5078/3082 2638/4285/2638 2789/4580/2789
f 2953/4967/2955 2913/4789/2914 2954/4855/2956
f 3056/5027/3058 3057/5028/3059 2876/4723/2877
f 3081/5079/3083 2957/4911/2959 3058/5029/3060
f 2957/4911/2959 3082/5080/3084 2847/5081/2847
f 3058/5029/3060 2989/4913/2991 3083/5082/3085
f 3083/5082/3085 2989/4913/2991 2958/5030/2960
f 2990/4915/2992 3083/5082/3085 2958/5030/2960
f 3083/5082/3085 2990/4915/2992 3084/5083/3086
f 3085/5084/3087 3060/5032/3062 2819/4641/2819
f 3085/5084/3087 2661/4336/2661 3060/5032/3062
f 3086/5085/3088 2793/4586/2793 2915/4791/2916
f 3086/5085/3088 2819/4641/2819 2793/4586/2793
f 2614/5086/2614 2014/5087/2014 3087/5088/3089
f 3088/5089/3090 2993/5090/2995 2760/4588/2760
f 3026/4976/3028 2761/4534/2761 3089/5091/3091
f 2738/4480/2738 3090/5092/3092 2665/4347/2665
f 3089/5091/3091 2761/4534/2761 3027/4977/3029
f 2993/4923/2995 2964/4868/2966 2556/4870/2556
f 3091/5093/3093 2762/4926/2762 2737/4925/2737
f 3092/5094/3094 2917/5095/2918 2918/5096/2919
f 2918/4794/2919 2666/4350/2666 2849/4683/2849
f 2919/4795/2920 2643/4306/2643 3093/5097/3095
f 3094/5098/3096 2741/4485/2741 2740/4483/2740
f 2741/4485/2741 3095/5099/3097 2667/4486/2667
f 3095/5099/3097 2741/4485/2741 3094/5098/3096
f 2852/4686/2852 2768/4547/2768 3096/5100/3098
f 3029/4980/3031 2999/4935/3001 2853/4687/2853
f 2853/4687/2853 2999/4935/3001 3096/5100/3098
f 3096/5100/3098 2999/4935/3001 3097/5101/3099
f 3064/5041/3066 3097/5102/3099 2923/4799/2924
f 3098/5103/3100 3002/4938/3004 3030/4984/3032
f 2999/5104/3001 3099/5105/3101 3100/5106/3102
f 2999/5104/3001 3000/5107/3002 3099/5105/3101
f 2800/5052/2800 3065/5051/3067 2855/5108/2855
f 3066/5044/3068 3004/5043/3006 3101/5109/3103
f 2774/5110/2774 2773/5000/2773 3038/5001/3040
f 3031/4985/3033 3005/4943/3007 2969/4878/2971
f 3004/4941/3006 3069/5054/3071 3101/5111/3103
f 3031/4992/3033 3017/4997/3019 3037/4993/3039
f 3101/5112/3103 3069/5055/3071 3070/5056/3072
f 3102/5113/3104 3070/5114/3072 3071/5115/3073
f 3101/5112/3103 3070/5056/3072 3102/5116/3104
f 3071/5115/3073 3036/4999/3038 3102/5113/3104
f 3102/5113/3104 3036/4999/3038 3073/5059/3075
f 3014/5053/3016 3103/5117/3105 3104/5118/3106
f 3105/5119/3107 2899/5120/2900 2900/5121/2901
f 3014/4954/3016 2899/4764/2900 3103/5122/3105
f 2900/4765/2901 2979/4894/2981 3077/5065/3079
f 2980/4895/2982 3018/4961/3020 3106/5123/3108
f 2943/4833/2944 3075/5063/3077 2521/4085/2521
f 2777/4704/2777 2940/4828/2941 2653/4322/2653
f 3040/5004/3042 2863/4705/2863 2805/4619/2805
f 3076/5067/3078 2944/4835/2945 3107/5124/3109
f 3107/5124/3109 2944/4835/2945 3108/5125/3110
f 3043/5007/3045 3109/5126/3111 2981/4896/2983
f 2981/4896/2983 3109/5126/3111 2904/4771/2905
f 3078/5068/3080 2752/4707/2752 2904/5127/2905
f 2836/5128/2836 3110/5129/3112 2605/4419/2605
f 2605/4419/2605 3110/5129/3112 2680/4420/2680
f 3111/5130/3113 2809/4623/2809 2838/4900/2838
f 2447/5131/2447 2810/4843/2810 2808/5132/2808
f 3112/5133/3114 2947/4838/2948 2680/4420/2680
f 3048/5134/3050 3079/5135/3081 3049/5136/3051
f 2547/4425/2547 3048/5014/3050 3049/5016/3051
f 2907/5017/2908 3049/5137/3051 3079/5072/3081
f 2907/5017/2908 2842/4674/2842 3049/5137/3051
f 3052/5138/3054 2502/4057/2502 2551/4140/2551
f 3080/5078/3082 2789/4580/2789 3053/5139/3055
f 2844/4677/2844 2953/4967/2955 2954/4855/2956
f 2790/4581/2790 2757/4524/2757 3053/5022/3055
f 2953/4853/2955 3054/5024/3056 2913/5023/2914
f 3053/5022/3055 2757/4524/2757 3055/5026/3057
f 3055/5026/3057 2845/4678/2845 3113/5140/3115
f 2845/4678/2845 2846/4679/2846 3113/5140/3115
f 3114/5141/3116 2957/4911/2959 3081/5079/3083
f 3058/5029/3060 3083/5082/3085 3115/5142/3117
f 3115/5142/3117 3083/5082/3085 3116/5143/3118
f 3117/5144/3119 3118/5145/3120 3119/5146/3121
f 3120/5147/3122 3118/5145/3120 3117/5144/3119
f 3083/5082/3085 3084/5083/3086 3116/5143/3118
f 3116/5143/3118 3084/5083/3086 3121/5148/3123
f 3116/5143/3118 3121/5148/3123 3122/5149/3124
f 3084/5083/3086 2990/4915/2992 2689/4917/2689
f 2818/4640/2818 3123/5150/3125 3059/5031/3061
f 2760/4588/2760 2820/4644/2820 3124/5151/3126
f 2014/5152/2014 3125/5153/3127 3087/5154/3089
f 2760/4588/2760 3124/5151/3126 3088/5089/3090
f 3124/5151/3126 3126/5155/3128 3088/5089/3090
f 3088/5089/3090 3126/5155/3128 2993/5090/2995
f 2738/4480/2738 2917/5095/2918 3090/5092/3092
f 2762/4926/2762 3091/5093/3093 2995/4929/2997
f 3127/5156/3129 2643/4306/2643 2994/5157/2996
f 3127/5156/3129 3128/5158/3130 2643/4306/2643
f 3128/5158/3130 3093/5097/3095 2643/4306/2643
f 2693/4594/2693 2995/5159/2997 2997/4932/2999
f 3129/5160/3131 3094/5098/3096 2740/4483/2740
f 2746/4498/2746 3063/5040/3065 2884/4734/2885
f 2669/4356/2669 3096/5100/3098 2768/4547/2768
f 2922/4798/2923 3064/5161/3066 2854/4934/2854
f 3064/5161/3066 2922/4798/2923 3097/5101/3099
f 3097/5101/3099 2999/4935/3001 3100/5162/3102
f 3098/5163/3100 3130/5164/3132 3002/5165/3004
f 3131/5166/3133 3102/5113/3104 3073/5059/3075
f 3018/4961/3020 3132/5167/3134 3106/5123/3108
f 2863/4705/2863 3040/5004/3042 3041/5005/3043
f 3109/5126/3111 3043/5007/3045 3133/5168/3135
f 3109/5126/3111 3134/5169/3136 2904/4771/2905
f 2904/5127/2905 3134/5170/3136 3078/5068/3080
f 3135/5171/3137 2676/5172/2676 2806/5173/2806
f 2707/4416/2707 3078/5068/3080 2982/4898/2984
f 2604/4220/2604 2867/4710/2867 2905/4773/2906
f 3111/5174/3113 2838/4669/2838 2866/4709/2866
f 2869/4713/2869 3136/5175/3138 2986/4905/2988
f 2681/4373/2681 2911/4783/2912 2452/4573/2452
f 2708/5176/2708 3137/5177/3139 2908/5178/2909
f 2911/4783/2912 3138/5179/3140 2875/4850/2876
f 2909/4781/2910 3139/5180/3141 3140/5181/3142
f 3051/5019/3053 3139/5180/3141 2909/4781/2910
f 2953/4853/2955 3141/5182/3143 3054/5024/3056
f 3054/5024/3056 3141/5182/3143 3142/5183/3144
f 3054/5024/3056 3142/5183/3144 3021/5025/3023
f 3022/5184/3024 3056/5185/3058 2791/5186/2791
f 2846/4679/2846 2956/4857/2958 3113/5140/3115
f 2847/5081/2847 3082/5080/3084 3023/5187/3025
f 2957/4911/2959 3114/5141/3116 3082/5080/3084
f 3143/5188/3145 3058/5029/3060 3115/5142/3117
f 3116/5143/3118 3144/5189/3146 3115/5142/3117
f 3119/5146/3121 3145/5190/3147 3146/5191/3148
f 3119/5146/3121 3147/5192/3149 3145/5190/3147
f 3119/5146/3121 3146/5191/3148 3117/5144/3119
f 3117/5144/3119 3146/5191/3148 3120/5147/3122
f 3120/5147/3122 3146/5191/3148 3148/5193/3150
f 3148/5193/3150 3149/5194/3151 3120/5147/3122
f 3119/5146/3121 3118/5145/3120 3147/5192/3149
f 3120/5147/3122 3150/5195/3152 3118/5145/3120
f 3149/5194/3151 3150/5195/3152 3120/5147/3122
f 2758/4525/2758 2959/4860/2961 2880/4728/2881
f 3116/5143/3118 3122/5149/3124 3144/5189/3146
f 2880/4728/2881 2959/4860/2961 3024/4973/3026
f 3151/5196/3153 3144/5197/3146 3152/5198/3154
f 3144/5197/3146 3122/5199/3124 3152/5198/3154
f 3122/5199/3124 3121/5200/3123 3152/5198/3154
f 3084/5201/3086 2689/4385/2689 3121/5200/3123
f 2689/4385/2689 2991/4918/2993 3121/5200/3123
f 2991/4918/2993 2881/4729/2882 3153/5202/3155
f 3025/4974/3027 3154/5203/3156 2733/4472/2733
f 2661/4336/2661 3123/5150/3125 2818/4640/2818
f 2661/4336/2661 3085/5084/3087 3123/5150/3125
f 2962/5204/2964 3155/5205/3157 2992/5034/2994
f 2992/5034/2994 3155/5205/3157 3156/5206/3158
f 2734/4526/2734 2883/4733/2884 3157/5207/3159
f 3158/5208/3160 2915/4791/2916 2734/4526/2734
f 2614/4530/2614 3159/5209/3161 2820/4681/2820
f 2735/4476/2735 2916/4792/2917 3160/5210/3162
f 2821/4645/2821 3161/5211/3163 2916/4792/2917
f 2916/4792/2917 3161/5211/3163 3160/5210/3162
f 3161/5211/3163 2821/4645/2821 3026/4976/3028
f 3027/4977/3029 3062/5039/3064 3162/5212/3164
f 3089/5091/3091 3027/4977/3029 3162/5212/3164
f 3090/5092/3092 2917/5095/2918 3092/5094/3094
f 3163/5213/3165 2794/5214/2794 2695/4391/2695
f 2694/4390/2694 3164/5215/3166 2996/4931/2998
f 2920/4796/2921 2919/4795/2920 3165/5216/3167
f 3063/5040/3065 2966/4871/2968 2884/4734/2885
f 2852/4686/2852 3166/5217/3168 2922/4798/2923
f 2923/4799/2924 3097/5102/3099 3100/5218/3102
f 2824/4652/2824 2884/4734/2885 2885/4872/2886
f 3100/5106/3102 3099/5105/3101 2923/5219/2924
f 2769/4548/2769 3065/5042/3067 2966/4871/2968
f 3002/5165/3004 3130/5164/3132 3167/5220/3169
f 2885/4736/2886 3168/5221/3170 3068/5049/3070
f 3102/5113/3104 3131/5166/3133 3101/5222/3103
f 3073/5059/3075 3169/5223/3171 3131/5166/3133
f 3072/5058/3074 3068/5049/3070 3170/5224/3172
f 3104/5118/3106 3065/5051/3067 3014/5053/3016
f 2803/4614/2803 3072/5060/3074 3075/5063/3077
f 3075/5063/3077 3072/5060/3074 3170/5225/3172
f 3171/5226/3173 2776/4618/2776 2901/5227/2902
f 2900/5121/2901 3077/5228/3079 3105/5119/3107
f 3172/5229/3174 3103/5230/3105 2899/5120/2900
f 3076/5064/3078 3173/5231/3175 3074/5062/3076
f 3132/5167/3134 3174/5232/3176 3106/5123/3108
f 2630/5233/2630 3135/5234/3137 2806/5235/2806
f 2944/4835/2945 2902/4769/2903 3108/5125/3110
f 3108/5125/3110 2902/4769/2903 3044/5236/3046
f 2676/5172/2676 3135/5171/3137 3175/5237/3177
f 3078/5068/3080 3176/5238/3178 2982/4898/2984
f 2807/4621/2807 2865/4708/2865 3044/5008/3046
f 2982/4898/2984 3111/5239/3113 2866/4899/2866
f 2865/4708/2865 2781/4568/2781 3177/5240/3179
f 2867/4710/2867 2808/5241/2808 3178/5242/3180
f 3177/5243/3179 2781/4712/2781 3179/5244/3181
f 2809/4623/2809 3180/5245/3182 2868/4711/2868
f 2781/4712/2781 2948/4840/2949 3179/5244/3181
f 3136/5175/3138 3181/5246/3183 2986/4905/2988
f 2987/4908/2989 2986/4905/2988 3181/5246/3183
f 2987/4908/2989 3182/5247/3184 2681/4373/2681
f 2681/4373/2681 3182/5247/3184 2911/4783/2912
f 3049/5248/3051 3183/5249/3185 2708/5176/2708
f 2708/5176/2708 3183/5249/3185 3137/5177/3139
f 2951/5250/2953 3184/5251/3186 2873/5077/2874
f 2873/5077/2874 3184/5251/3186 3050/5075/3052
f 3139/5180/3141 3185/5252/3187 3140/5181/3142
f 3051/5019/3053 3185/5252/3187 3139/5180/3141
f 2814/5253/2814 2502/4057/2502 3052/5138/3054
f 3186/5254/3188 2910/4782/2911 3080/5078/3082
f 2910/4782/2911 2638/4285/2638 3080/5078/3082
f 3142/5183/3144 3022/5184/3024 3021/5025/3023
f 3055/5026/3057 3113/5140/3115 3187/5255/3189
f 3023/4970/3025 3113/5140/3115 2956/4857/2958
f 3188/5256/3190 3081/5079/3083 3189/5257/3191
f 3188/5256/3190 3190/5258/3192 3081/5079/3083
f 3190/5258/3192 3114/5141/3116 3081/5079/3083
f 3081/5079/3083 3058/5029/3060 3143/5188/3145
f 3143/5188/3145 3115/5142/3117 3191/5259/3193
f 3115/5142/3117 3144/5189/3146 3191/5259/3193
f 3191/5259/3193 3144/5189/3146 3192/5260/3194
f 3118/5145/3120 3150/5195/3152 3193/5261/3195
f 3192/5260/3194 3144/5189/3146 3151/5262/3153
f 3152/5198/3154 3121/5200/3123 3194/5263/3196
f 3121/5200/3123 2991/4918/2993 3194/5263/3196
f 3024/5264/3026 3025/4974/3027 2588/4293/2588
f 2820/4644/2820 3159/5265/3161 3195/5266/3197
f 2848/4920/2848 3061/5037/3063 3196/5267/3198
f 3197/5268/3199 3124/5151/3126 3195/5266/3197
f 3195/5266/3197 3124/5151/3126 2820/4644/2820
f 3124/5151/3126 3197/5268/3199 3126/5155/3128
f 3197/5268/3199 3198/5269/3200 3126/5155/3128
f 3126/5155/3128 3198/5269/3200 2993/5090/2995
f 3026/4976/3028 3089/5091/3091 3161/5211/3163
f 3161/5211/3163 3089/5091/3091 3162/5212/3164
f 3062/5039/3064 3199/5270/3201 3162/5212/3164
f 3062/5039/3064 2794/4593/2794 3199/5270/3201
f 2794/4593/2794 3163/5271/3165 3199/5270/3201
f 3200/5272/3202 2995/4929/2997 3091/5093/3093
f 2994/5273/2996 3028/5274/3030 3127/5275/3129
f 3165/5216/3167 2919/4795/2920 3093/5097/3095
f 2669/4356/2669 2853/4687/2853 3096/5100/3098
f 3201/5276/3203 3097/5101/3099 2922/4798/2923
f 3130/5164/3132 3098/5163/3100 3202/5277/3204
f 2966/5278/2968 3065/5051/3067 3203/5279/3205
f 3098/5103/3100 3030/4984/3032 3204/5280/3206
f 3030/4984/3032 2968/4876/2970 3204/5280/3206
f 3167/5220/3169 2925/5048/2926 3002/5165/3004
f 2884/5281/2885 3203/5282/3205 2885/4736/2886
f 2968/4876/2970 3066/5283/3068 3205/5284/3207
f 2925/5048/2926 3206/5285/3208 3067/5046/3069
f 2923/5219/2924 3032/4986/3034 2825/4735/2825
f 2923/5219/2924 3207/5286/3209 3032/4986/3034
f 3066/5044/3068 3101/5109/3103 3208/5287/3210
f 3067/5288/3069 3209/5289/3211 3031/5290/3033
f 3031/5290/3033 3209/5289/3211 3017/4959/3019
f 3073/5059/3075 3016/4956/3018 3169/5223/3171
f 3016/4956/3018 3210/5291/3212 3169/5223/3171
f 3018/4961/3020 3211/5292/3213 3132/5167/3134
f 3075/5063/3077 3170/5225/3172 2521/4085/2521
f 3171/5226/3173 3039/5003/3041 2776/4618/2776
f 3106/5123/3108 3174/5232/3176 2980/4895/2982
f 3132/5167/3134 3212/5293/3214 3174/5232/3176
f 3132/5167/3134 3213/5294/3215 3212/5293/3214
f 3173/5231/3175 3076/5064/3078 3107/5295/3109
f 3040/5004/3042 3214/5296/3216 3041/5005/3043
f 2864/5297/2864 3135/5234/3137 2630/5233/2630
f 2905/4773/2906 3215/5298/3217 2946/4837/2947
f 3135/5171/3137 3216/5299/3218 3175/5237/3177
f 3175/5300/3177 3217/5301/3219 2676/4368/2676
f 2676/4368/2676 3217/5301/3219 3019/4963/3021
f 3019/4963/3021 3218/5302/3220 2780/4566/2780
f 2780/4566/2780 3219/5303/3221 2836/4667/2836
f 2836/5128/2836 3220/5304/3222 3110/5129/3112
f 2808/5132/2808 2810/4843/2810 3221/5305/3223
f 3180/5245/3182 3045/5069/3047 2868/4711/2868
f 2948/4840/2949 2949/4841/2950 3020/4965/3022
f 3047/5012/3049 3136/5175/3138 2869/4713/2869
f 3049/5137/3051 2842/4674/2842 3183/5306/3185
f 2842/4674/2842 2910/4782/2911 3183/5306/3185
f 3138/5179/3140 3052/5020/3054 2875/4850/2876
f 2910/4782/2911 3186/5254/3188 3222/5307/3224
f 2953/4853/2955 3223/5308/3225 3141/5182/3143
f 3223/5308/3225 3224/5309/3226 3141/5182/3143
f 3224/5309/3226 3142/5183/3144 3141/5182/3143
f 3224/5309/3226 3022/5184/3024 3142/5183/3144
f 3053/5022/3055 3055/5026/3057 3187/5255/3189
f 3189/5257/3191 3081/5079/3083 3143/5188/3145
f 3082/5080/3084 3225/5310/3227 3023/5187/3025
f 3226/5311/3228 3145/5190/3147 3147/5192/3149
f 3227/5312/3229 3145/5190/3147 3226/5311/3228
f 3227/5312/3229 3146/5191/3148 3145/5190/3147
f 3148/5193/3150 3228/5313/3230 3149/5194/3151
f 3228/5313/3230 3150/5195/3152 3149/5194/3151
f 3147/5192/3149 3118/5145/3120 3229/5314/3231
f 3229/5314/3231 3118/5145/3120 3193/5261/3195
f 3230/5315/3232 3193/5261/3195 3150/5195/3152
f 3153/5202/3155 3151/5196/3153 3152/5198/3154
f 3194/5263/3196 3153/5202/3155 3152/5198/3154
f 3194/5263/3196 2991/4918/2993 3153/5202/3155
f 3153/5202/3155 2881/4729/2882 3231/5316/3233
f 2881/4729/2882 2961/4863/2963 3231/5316/3233
f 2792/4731/2792 3232/5317/3234 2962/4864/2964
f 3196/5267/3198 2737/4921/2737 2848/4920/2848
f 3233/5318/3235 3160/5210/3162 3161/5211/3163
f 3234/5319/3236 3162/5212/3164 3199/5270/3201
f 3235/5320/3237 3028/5321/3030 2965/5322/2967
f 3236/5323/3238 3199/5270/3201 3163/5271/3165
f 3237/5324/3239 3127/5275/3129 3028/5274/3030
f 3238/5325/3240 2921/4797/2922 2920/4796/2921
f 2852/4686/2852 3096/5100/3098 3166/5217/3168
f 3239/5326/3241 2922/4798/2923 3166/5217/3168
f 3096/5100/3098 3097/5101/3099 3201/5276/3203
f 3206/5285/3208 2925/5048/2926 3167/5220/3169
f 3240/5327/3242 3203/5279/3205 3065/5051/3067
f 3203/5282/3205 3168/5221/3170 2885/4736/2886
f 3000/5328/3002 2774/5110/2774 3038/5001/3040
f 3101/5222/3103 3131/5166/3133 3241/5329/3243
f 3168/5221/3170 3170/5224/3172 3068/5049/3070
f 3032/5061/3034 3211/5292/3213 3018/4961/3020
f 3016/4956/3018 3074/5062/3076 3210/5291/3212
f 3104/5330/3106 3103/5331/3105 3242/5332/3244
f 3132/5167/3134 3211/5292/3213 3213/5294/3215
f 3243/5333/3245 3103/5331/3105 3172/5334/3174
f 3214/5335/3216 3133/5168/3135 3041/5066/3043
f 3133/5168/3135 3043/5007/3045 3041/5066/3043
f 3108/5125/3110 3044/5236/3046 3244/5336/3246
f 3217/5337/3219 3175/5237/3177 3216/5299/3218
f 2905/4773/2906 2867/4710/2867 3245/5338/3247
f 3220/5339/3222 2836/4667/2836 3219/5303/3221
f 3112/5133/3114 2680/4420/2680 3110/5129/3112
f 3221/5305/3223 2810/4843/2810 3046/5011/3048
f 3181/5246/3183 3246/5340/3248 2987/4908/2989
f 3247/5341/3249 3246/5340/3248 3181/5246/3183
f 2841/4672/2841 2909/4781/2910 3248/5342/3250
f 2951/5250/2953 2908/5178/2909 3249/5343/3251
f 3249/5343/3251 2908/5178/2909 3137/5177/3139
f 3183/5306/3185 2910/4782/2911 3250/5344/3252
f 2910/4782/2911 3222/5307/3224 3250/5344/3252
f 3251/5345/3253 3189/5257/3191 3143/5188/3145
f 3251/5345/3253 3188/5256/3190 3189/5257/3191
f 3187/5255/3189 3113/5140/3115 3023/4970/3025
f 2817/5346/2817 3057/5347/3059 3252/5348/3254
f 3253/5349/3255 3254/5350/3256 3226/5351/3228
f 3254/5352/3256 3255/5353/3257 3226/5311/3228
f 3227/5312/3229 3255/5353/3257 3146/5191/3148
f 3227/5312/3229 3226/5311/3228 3255/5353/3257
f 3146/5191/3148 3255/5353/3257 3148/5193/3150
f 3226/5311/3228 3147/5192/3149 3253/5354/3255
f 3255/5353/3257 3256/5355/3258 3148/5193/3150
f 3256/5355/3258 3257/5356/3259 3148/5193/3150
f 3192/5260/3194 3151/5262/3153 3258/5357/3260
f 3148/5193/3150 3257/5356/3259 3228/5313/3230
f 3193/5261/3195 3230/5315/3232 3229/5314/3231
f 2882/4730/2883 2792/4584/2792 2476/4013/2476
f 3259/5358/3261 3123/5150/3125 3085/5084/3087
f 3156/5206/3158 2883/5035/2884 2992/5034/2994
f 2665/4347/2665 3090/5092/3092 3260/5359/3262
f 2993/5090/2995 3261/5360/3263 2964/5361/2966
f 2965/5322/2967 2964/5361/2966 3235/5320/3237
f 3262/5362/3264 3237/5324/3239 3028/5274/3030
f 3263/5363/3265 3090/5092/3092 3092/5094/3094
f 3127/5275/3129 3264/5364/3266 3128/5365/3130
f 3264/5364/3266 3093/5366/3095 3128/5365/3130
f 2996/4931/2998 3265/5367/3267 2695/4391/2695
f 2998/4933/3000 2921/4797/2922 3238/5325/3240
f 2966/4871/2968 3203/5368/3205 2884/4734/2885
f 3266/5369/3268 3167/5220/3169 3130/5164/3132
f 3204/5280/3206 2968/4876/2970 3205/5284/3207
f 3099/5105/3101 3207/5286/3209 2923/5219/2924
f 3205/5284/3207 3066/5283/3068 3208/5370/3210
f 3267/5371/3269 3065/5051/3067 3268/5372/3270
f 3000/5328/3002 3038/5001/3040 3269/5373/3271
f 3065/5051/3067 3104/5118/3106 3268/5372/3270
f 3208/5287/3210 3101/5109/3103 3241/5374/3243
f 3270/5375/3272 3170/5224/3172 3168/5221/3170
f 3077/5228/3079 2980/5376/2982 3271/5377/3273
f 3103/5331/3105 3243/5333/3245 3242/5332/3244
f 3170/5378/3172 3272/5379/3274 2521/5380/2521
f 3213/5381/3215 3174/5382/3176 3212/5383/3214
f 2521/4265/2521 3272/5384/3274 2864/4706/2864
f 2575/4962/2575 2945/4836/2946 3042/5385/3044
f 3217/5301/3219 3218/5302/3220 3019/4963/3021
f 3218/5302/3220 3219/5303/3221 2780/4566/2780
f 3245/5338/3247 2867/4710/2867 3178/5242/3180
f 3273/5386/3275 2809/4623/2809 3111/5130/3113
f 3179/5244/3181 2948/4840/2949 3274/5387/3276
f 3020/5388/3022 3045/5389/3047 3275/5390/3277
f 3046/5011/3048 2841/4845/2841 3276/5391/3278
f 3136/5175/3138 3277/5392/3279 3181/5246/3183
f 2987/4908/2989 3246/5340/3248 3182/5247/3184
f 3184/5251/3186 2951/5250/2953 3278/5393/3280
f 3050/5018/3052 3185/5252/3187 3051/5019/3053
f 3186/5254/3188 3279/5394/3281 3250/5344/3252
f 3222/5307/3224 3186/5254/3188 3250/5344/3252
f 3279/5394/3281 3186/5254/3188 3080/5078/3082
f 3080/5395/3082 3053/5396/3055 3280/5397/3282
f 3053/5396/3055 3281/5398/3283 3280/5397/3282
f 2953/4853/2955 2814/4852/2814 3282/5399/3284
f 3283/5400/3285 3251/5345/3253 3143/5188/3145
f 3251/5345/3253 3190/5258/3192 3188/5256/3190
f 3114/5141/3116 3190/5258/3192 3082/5080/3084
f 3252/5348/3254 3057/5347/3059 3056/5185/3058
f 3147/5192/3149 3229/5314/3231 3284/5401/3286
f 2817/4638/2817 3285/5402/3287 2959/4860/2961
f 3228/5313/3230 3286/5403/3288 3150/5195/3152
f 3059/5031/3061 2690/5404/2690 2613/4639/2613
f 2882/5405/2883 3232/5317/3234 2792/4731/2792
f 3232/5406/3234 3287/5407/3289 2962/5408/2964
f 2819/4641/2819 3086/5085/3088 3085/5084/3087
f 2734/4526/2734 3157/5207/3159 3158/5208/3160
f 2915/4791/2916 3158/5208/3160 3086/5085/3088
f 2735/4476/2735 3125/5409/3127 2014/4442/2014
f 3160/5210/3162 3233/5318/3235 2735/4476/2735
f 2665/4347/2665 3260/5359/3262 3288/5410/3290
f 3198/5269/3200 3261/5360/3263 2993/5090/2995
f 3264/5364/3266 3165/5411/3167 3093/5366/3095
f 2695/4391/2695 3265/5367/3267 3163/5213/3165
f 2997/4932/2999 3289/5412/3291 2740/4483/2740
f 2740/4483/2740 3289/5412/3291 3129/5160/3131
f 3166/5217/3168 3096/5100/3098 3239/5326/3241
f 3239/5326/3241 3201/5276/3203 2922/4798/2923
f 3239/5326/3241 3096/5100/3098 3201/5276/3203
f 3130/5164/3132 3202/5277/3204 3290/5413/3292
f 3098/5163/3100 3291/5414/3293 3202/5277/3204
f 3202/5415/3204 3291/5416/3293 3292/5417/3294
f 3130/5164/3132 3290/5413/3292 3266/5369/3268
f 3098/5418/3100 3204/5419/3206 3291/5416/3293
f 3167/5420/3169 3266/5421/3268 3206/5422/3208
f 3065/5051/3067 3267/5371/3269 3240/5327/3242
f 3208/5287/3210 3241/5374/3243 3293/5423/3295
f 3017/4959/3019 3294/5424/3296 2901/4960/2902
f 3131/5425/3133 3295/5426/3297 3241/5427/3243
f 3170/5378/3172 3296/5428/3298 3272/5379/3274
f 3040/5004/3042 3039/5003/3041 3297/5429/3299
f 3040/5004/3042 3297/5429/3299 3214/5296/3216
f 3242/5332/3244 3243/5333/3245 3298/5430/3300
f 3243/5333/3245 3172/5334/3174 3298/5430/3300
f 3174/5382/3176 3213/5381/3215 3299/5431/3301
f 3272/5384/3274 3296/5432/3298 2864/4706/2864
f 3215/5298/3217 3300/5433/3302 2946/4837/2947
f 3134/5170/3136 3301/5434/3303 3078/5068/3080
f 3078/5068/3080 3301/5434/3303 3176/5238/3178
f 2982/4898/2984 3302/5435/3304 3111/5239/3113
f 3178/5436/3180 2808/5132/2808 3303/5437/3305
f 2808/5132/2808 3304/5438/3306 3303/5437/3305
f 2808/5132/2808 3221/5305/3223 3304/5438/3306
f 3274/5387/3276 2948/4840/2949 3020/4965/3022
f 3182/5247/3184 3052/5020/3054 3138/5179/3140
f 3183/5249/3185 3250/5439/3252 3137/5177/3139
f 2951/5250/2953 3249/5343/3251 3278/5393/3280
f 3185/5252/3187 3050/5018/3052 3305/5440/3307
f 3140/5181/3142 3185/5252/3187 3306/5441/3308
f 3185/5252/3187 3307/5442/3309 3306/5441/3308
f 3185/5252/3187 3305/5440/3307 3307/5442/3309
f 3279/5443/3281 3308/5444/3310 3309/5445/3311
f 3080/5078/3082 3308/5446/3310 3279/5394/3281
f 3310/5447/3312 3308/5448/3310 3311/5449/3313
f 3308/5448/3310 3280/5450/3282 3311/5449/3313
f 3308/5446/3310 3080/5078/3082 3280/5451/3282
f 3187/5452/3189 3281/5398/3283 3053/5396/3055
f 3282/5399/3284 3223/5308/3225 2953/4853/2955
f 3282/5399/3284 3312/5453/3314 3223/5308/3225
f 3312/5453/3314 3224/5309/3226 3223/5308/3225
f 3022/5184/3024 3224/5309/3226 3056/5185/3058
f 3143/5188/3145 3313/5454/3315 3283/5400/3285
f 3313/5454/3315 3143/5188/3145 3314/5455/3316
f 3251/5345/3253 3315/5456/3317 3190/5258/3192
f 3023/5457/3025 3225/5458/3227 3187/5452/3189
f 3143/5188/3145 3191/5259/3193 3314/5455/3316
f 3191/5259/3193 3192/5260/3194 3316/5459/3318
f 3253/5349/3255 3317/5460/3319 3254/5350/3256
f 3255/5353/3257 3318/5461/3320 3256/5355/3258
f 3253/5349/3255 3147/5462/3149 3284/5463/3286
f 3253/5349/3255 3284/5463/3286 3317/5460/3319
f 3286/5403/3288 3230/5315/3232 3150/5195/3152
f 3286/5403/3288 3319/5464/3321 3230/5315/3232
f 3024/5264/3026 3320/5465/3322 3025/4974/3027
f 2961/5466/2963 2690/5467/2690 3321/5468/3323
f 3085/5084/3087 3086/5085/3088 3322/5469/3324
f 3323/5470/3325 3125/5409/3127 2735/4476/2735
f 3196/5267/3198 3324/5471/3326 2737/4921/2737
f 3196/5267/3198 3061/5037/3063 3324/5471/3326
f 3197/5268/3199 3325/5472/3327 3198/5269/3200
f 3324/5471/3326 3326/5473/3328 2737/4921/2737
f 3198/5269/3200 3325/5472/3327 3261/5360/3263
f 3162/5212/3164 3234/5319/3236 3327/5474/3329
f 2737/5475/2737 3326/5476/3328 3091/5477/3093
f 3235/5320/3237 3262/5478/3264 3028/5321/3030
f 2996/4931/2998 3164/5215/3166 3265/5367/3267
f 3202/5277/3204 3292/5479/3294 3290/5413/3292
f 3266/5421/3268 3290/5480/3292 3328/5481/3330
f 3205/5284/3207 3208/5370/3210 3293/5482/3295
f 3203/5279/3205 3240/5327/3242 3168/5483/3170
f 3000/5484/3002 3269/5485/3271 3099/5486/3101
f 3017/4959/3019 3209/5289/3211 3329/5487/3331
f 3270/5488/3272 3168/5483/3170 3330/5489/3332
f 3017/4959/3019 3329/5487/3331 3294/5424/3296
f 3131/5166/3133 3169/5223/3171 3295/5490/3297
f 2980/5376/2982 3174/5382/3176 3271/5377/3273
f 3298/5430/3300 3331/5491/3333 3242/5332/3244
f 3298/5430/3300 3172/5334/3174 3331/5491/3333
f 3332/5492/3334 3333/5493/3335 3213/5381/3215
f 3334/5494/3336 3335/5495/3337 3333/5493/3335
f 3213/5381/3215 3333/5493/3335 3336/5496/3338
f 3333/5493/3335 3335/5495/3337 3336/5496/3338
f 3336/5496/3338 3337/5497/3339 3338/5498/3340
f 3336/5496/3338 3335/5495/3337 3337/5497/3339
f 2864/5297/2864 3339/5499/3341 3135/5234/3137
f 3335/5495/3337 3340/5500/3342 3337/5497/3339
f 3340/5500/3342 3338/5498/3340 3337/5497/3339
f 3107/5124/3109 3108/5125/3110 3341/5501/3343
f 3273/5386/3275 3180/5245/3182 2809/4623/2809
f 3045/5389/3047 3180/5502/3182 3275/5390/3277
f 3136/5503/3138 3342/5504/3344 3277/5505/3279
f 2911/4783/2912 3182/5247/3184 3138/5179/3140
f 3137/5177/3139 3309/5445/3311 3249/5343/3251
f 3249/5343/3251 3309/5445/3311 3278/5393/3280
f 3137/5177/3139 3250/5439/3252 3309/5445/3311
f 3050/5018/3052 3307/5442/3309 3305/5440/3307
f 3279/5443/3281 3309/5445/3311 3250/5439/3252
f 3306/5441/3308 3343/5506/3345 3140/5181/3142
f 3307/5442/3309 3343/5506/3345 3306/5441/3308
f 3309/5445/3311 3310/5507/3312 3307/5508/3309
f 3309/5445/3311 3308/5444/3310 3310/5507/3312
f 3310/5509/3312 3311/5510/3313 3307/5442/3309
f 3052/5020/3054 3344/5511/3346 2814/5512/2814
f 3280/5450/3282 3345/5513/3347 3311/5449/3313
f 3313/5454/3315 3346/5514/3348 3283/5400/3285
f 3283/5400/3285 3315/5456/3317 3251/5345/3253
f 3225/5310/3227 3082/5080/3084 3190/5258/3192
f 3192/5260/3194 3258/5357/3260 3316/5459/3318
f 3252/5515/3254 3347/5516/3349 2817/5517/2817
f 2817/4638/2817 3347/5518/3349 3285/5402/3287
f 3257/5356/3259 3348/5519/3350 3228/5313/3230
f 3228/5313/3230 3348/5519/3350 3286/5403/3288
f 3230/5315/3232 3349/5520/3351 3229/5314/3231
f 3229/5314/3231 3349/5520/3351 3350/5521/3352
f 2959/4860/2961 3351/5522/3353 3024/4973/3026
f 3153/5202/3155 3231/5316/3233 3352/5523/3354
f 2614/4530/2614 3353/5524/3355 3159/5209/3161
f 2614/5525/2614 3354/5526/3356 3355/5527/3357
f 2735/4476/2735 3233/5318/3235 3323/5470/3325
f 3356/5528/3358 3357/5529/3359 3324/5471/3326
f 3061/5037/3063 3356/5528/3358 3324/5471/3326
f 2138/4348/2138 2665/4347/2665 3358/5530/3360
f 3195/5266/3197 3359/5531/3361 3197/5268/3199
f 3161/5211/3163 3360/5532/3362 3233/5318/3235
f 3197/5268/3199 3359/5531/3361 3325/5472/3327
f 3161/5211/3163 3162/5212/3164 3360/5532/3362
f 3324/5471/3326 3361/5533/3363 3326/5473/3328
f 3127/5275/3129 3362/5534/3364 3264/5364/3266
f 3362/5534/3364 3165/5411/3167 3264/5364/3266
f 3200/5535/3202 3363/5536/3365 2995/5537/2997
f 3164/5215/3166 2694/4390/2694 3364/5538/3366
f 3206/5422/3208 3266/5421/3268 3365/5539/3367
f 3067/5288/3069 3366/5540/3368 3209/5289/3211
f 3032/5061/3034 3207/5541/3209 3367/5542/3369
f 3268/5372/3270 3104/5118/3106 3267/5371/3269
f 3368/5543/3370 3330/5489/3332 3168/5483/3170
f 3038/5001/3040 2940/4828/2941 3369/5544/3371
f 3170/5378/3172 3270/5545/3272 3370/5546/3372
f 3074/5062/3076 3173/5231/3175 3210/5291/3212
f 3211/5292/3213 3371/5547/3373 3213/5294/3215
f 3371/5547/3373 3332/5548/3334 3213/5294/3215
f 2777/4704/2777 3042/5549/3044 2940/4828/2941
f 3271/5377/3273 3174/5382/3176 3372/5550/3374
f 3371/5547/3373 3334/5551/3336 3332/5548/3334
f 3332/5492/3334 3334/5494/3336 3333/5493/3335
f 3297/5429/3299 3373/5552/3375 3214/5296/3216
f 3214/5335/3216 3373/5553/3375 3133/5168/3135
f 3242/5332/3244 3374/5554/3376 3375/5555/3377
f 3331/5491/3333 3374/5554/3376 3242/5332/3244
f 3374/5554/3376 3331/5491/3333 3375/5555/3377
f 2864/4706/2864 3296/5432/3298 3339/5556/3341
f 3331/5491/3333 3376/5557/3378 3375/5555/3377
f 3335/5495/3337 3334/5494/3336 3340/5500/3342
f 3340/5500/3342 3377/5558/3379 3338/5498/3340
f 3338/5498/3340 3378/5559/3380 3379/5560/3381
f 3338/5498/3340 3377/5558/3379 3378/5559/3380
f 3377/5558/3379 3380/5561/3382 3378/5559/3380
f 3216/5299/3218 3381/5562/3383 3217/5337/3219
f 2905/4773/2906 3382/5563/3384 3215/5298/3217
f 3273/5386/3275 3383/5564/3385 3180/5245/3182
f 3020/5388/3022 3384/5565/3386 3274/5566/3276
f 3384/5565/3386 3020/5388/3022 3275/5390/3277
f 3136/5503/3138 3047/5070/3049 3342/5504/3344
f 3342/5504/3344 3385/5567/3387 3277/5505/3279
f 3277/5392/3279 3386/5568/3388 3181/5246/3183
f 3277/5505/3279 3385/5567/3387 3386/5569/3388
f 3246/5340/3248 3387/5570/3389 3182/5247/3184
f 3278/5393/3280 3309/5445/3311 3184/5251/3186
f 3184/5571/3186 3307/5442/3309 3050/5018/3052
f 3309/5445/3311 3307/5508/3309 3184/5251/3186
f 3140/5181/3142 3248/5342/3250 2909/4781/2910
f 3140/5181/3142 3343/5506/3345 3248/5342/3250
f 3307/5442/3309 3311/5510/3313 3388/5572/3390
f 3280/5397/3282 3281/5398/3283 3345/5573/3347
f 3389/5574/3391 3282/5575/3284 3344/5576/3346
f 2814/5577/2814 3344/5576/3346 3282/5575/3284
f 3312/5453/3314 3282/5399/3284 3390/5578/3392
f 3312/5453/3314 3390/5578/3392 3391/5579/3393
f 3390/5578/3392 3392/5580/3394 3391/5579/3393
f 3391/5579/3393 3392/5580/3394 3224/5309/3226
f 3312/5453/3314 3391/5579/3393 3224/5309/3226
f 3346/5514/3348 3393/5581/3395 3283/5400/3285
f 3394/5582/3396 3313/5454/3315 3314/5455/3316
f 3346/5514/3348 3313/5454/3315 3394/5582/3396
f 3393/5581/3395 3315/5456/3317 3283/5400/3285
f 3190/5258/3192 3315/5456/3317 3395/5583/3397
f 3317/5460/3319 3396/5584/3398 3254/5350/3256
f 3317/5460/3319 3397/5585/3399 3396/5584/3398
f 3284/5463/3286 3397/5585/3399 3317/5460/3319
f 3230/5315/3232 3319/5464/3321 3349/5520/3351
f 3287/5586/3289 3398/5587/3400 2962/5204/2964
f 3159/5265/3161 3359/5531/3361 3195/5266/3197
f 2614/5525/2614 3355/5527/3357 3353/5588/3355
f 2614/5525/2614 3399/5589/3401 3354/5526/3356
f 3324/5471/3326 3357/5529/3359 3361/5533/3363
f 3162/5212/3164 3327/5474/3329 3360/5532/3362
f 3325/5472/3327 3400/5590/3402 3261/5360/3263
f 3261/5360/3263 3400/5590/3402 2964/5361/2966
f 2964/5361/2966 3400/5590/3402 3235/5320/3237
f 3401/5591/3403 3402/5592/3404 3403/5593/3405
f 3403/5593/3405 3402/5592/3404 3362/5534/3364
f 3404/5594/3406 3200/5535/3202 3091/5595/3093
f 3403/5593/3405 3127/5275/3129 3237/5324/3239
f 3403/5593/3405 3362/5534/3364 3127/5275/3129
f 3362/5534/3364 3402/5592/3404 3405/5596/3407
f 3362/5534/3364 3405/5596/3407 3165/5411/3167
f 3236/5597/3238 3163/5598/3165 3406/5599/3408
f 2694/4390/2694 2998/5600/3000 3364/5538/3366
f 2920/4796/2921 3407/5601/3409 3238/5325/3240
f 3290/5480/3292 3292/5417/3294 3408/5602/3410
f 3408/5602/3410 3292/5417/3294 3409/5603/3411
f 3290/5480/3292 3408/5602/3410 3328/5481/3330
f 3328/5481/3330 3365/5539/3367 3266/5421/3268
f 3204/5419/3206 3205/5604/3207 3410/5605/3412
f 3240/5327/3242 3267/5371/3269 3368/5543/3370
f 3240/5327/3242 3368/5543/3370 3168/5483/3170
f 3366/5540/3368 3329/5487/3331 3209/5289/3211
f 3032/5061/3034 3367/5542/3369 3211/5292/3213
f 3295/5606/3297 3169/5607/3171 3210/5608/3212
f 3105/5119/3107 3077/5228/3079 3271/5377/3273
f 3105/5119/3107 3172/5229/3174 2899/5120/2900
f 3174/5382/3176 3299/5431/3301 3372/5550/3374
f 3172/5334/3174 3411/5609/3413 3331/5491/3333
f 3213/5381/3215 3336/5496/3338 3299/5431/3301
f 3331/5491/3333 3412/5610/3414 3376/5557/3378
f 3371/5547/3373 3340/5611/3342 3334/5551/3336
f 3375/5555/3377 3413/5612/3415 3242/5332/3244
f 3375/5555/3377 3414/5613/3416 3413/5612/3415
f 3375/5555/3377 3376/5557/3378 3414/5613/3416
f 3414/5613/3416 3415/5614/3417 3413/5612/3415
f 3414/5613/3416 3376/5557/3378 3415/5614/3417
f 3338/5498/3340 3416/5615/3418 3336/5496/3338
f 3413/5612/3415 3415/5614/3417 3417/5616/3419
f 3417/5616/3419 3415/5614/3417 3418/5617/3420
f 3340/5500/3342 3380/5561/3382 3377/5558/3379
f 3417/5616/3419 3418/5617/3420 3413/5612/3415
f 3338/5498/3340 3379/5560/3381 3416/5615/3418
f 3418/5617/3420 3419/5618/3421 3420/5619/3422
f 3413/5612/3415 3418/5617/3420 3420/5619/3422
f 3415/5614/3417 3419/5618/3421 3418/5617/3420
f 3378/5559/3380 3380/5561/3382 3379/5560/3381
f 3420/5619/3422 3419/5618/3421 3421/5620/3423
f 3420/5619/3422 3421/5620/3423 3422/5621/3424
f 3380/5561/3382 3423/5622/3425 3379/5560/3381
f 3380/5561/3382 3424/5623/3426 3423/5622/3425
f 3379/5560/3381 3423/5622/3425 3424/5623/3426
f 3422/5621/3424 3421/5620/3423 3425/5624/3427
f 3422/5621/3424 3426/5625/3428 3427/5626/3429
f 3422/5621/3424 3425/5624/3427 3426/5625/3428
f 3426/5625/3428 3428/5627/3430 3427/5626/3429
f 3427/5626/3429 3428/5627/3430 3429/5628/3431
f 3430/5629/3432 3301/5434/3303 3134/5170/3136
f 3431/5630/3433 3216/5299/3218 3135/5171/3137
f 3215/5298/3217 3432/5631/3434 3300/5433/3302
f 3431/5630/3433 3381/5562/3383 3216/5299/3218
f 3215/5298/3217 3382/5563/3384 3432/5631/3434
f 2905/4773/2906 3245/5338/3247 3382/5563/3384
f 2982/4898/2984 3176/5238/3178 3302/5435/3304
f 2865/4708/2865 3177/5240/3179 3044/5008/3046
f 3177/5632/3179 3179/5633/3181 3433/5634/3435
f 3180/5245/3182 3383/5564/3385 3384/5635/3386
f 3274/5566/3276 3384/5565/3386 3434/5636/3436
f 3180/5502/3182 3384/5565/3386 3275/5390/3277
f 3046/5011/3048 3276/5391/3278 3435/5637/3437
f 3436/5638/3438 3047/5070/3049 2947/4838/2948
f 3437/5639/3439 3438/5640/3440 2841/4845/2841
f 3247/5341/3249 3387/5570/3389 3246/5340/3248
f 2841/4672/2841 3248/5342/3250 3439/5641/3441
f 3307/5442/3309 3388/5572/3390 3343/5506/3345
f 3343/5506/3345 3388/5572/3390 3440/5642/3442
f 3441/5643/3443 3311/5644/3313 3345/5573/3347
f 3345/5573/3347 3281/5398/3283 3441/5643/3443
f 3281/5398/3283 3442/5645/3444 3441/5643/3443
f 3281/5398/3283 3187/5452/3189 3442/5645/3444
f 3225/5458/3227 3190/5646/3192 3395/5647/3397
f 3394/5582/3396 3443/5648/3445 3346/5514/3348
f 3346/5514/3348 3443/5648/3445 3444/5649/3446
f 3444/5649/3446 3393/5581/3395 3346/5514/3348
f 3445/5650/3447 3446/5651/3448 3447/5652/3449
f 3448/5653/3450 3449/5654/3451 3450/5655/3452
f 3451/5656/3453 3449/5654/3451 3448/5653/3450
f 3449/5654/3451 3452/5657/3454 3450/5655/3452
f 3452/5658/3454 3255/5353/3257 3254/5352/3256
f 3447/5652/3449 3453/5659/3455 3445/5650/3447
f 3447/5652/3449 3454/5660/3456 3453/5659/3455
f 3450/5655/3452 3397/5585/3399 3448/5653/3450
f 3448/5653/3450 3397/5585/3399 3455/5661/3457
f 3452/5657/3454 3396/5584/3398 3450/5655/3452
f 3450/5655/3452 3396/5584/3398 3397/5585/3399
f 3254/5350/3256 3396/5584/3398 3452/5657/3454
f 3256/5355/3258 3348/5519/3350 3257/5356/3259
f 3397/5585/3399 3284/5463/3286 3455/5661/3457
f 3151/5262/3153 3456/5662/3458 3258/5357/3260
f 3153/5202/3155 3456/5663/3458 3151/5196/3153
f 2959/4860/2961 3285/5402/3287 3351/5522/3353
f 3322/5469/3324 3086/5085/3088 3457/5664/3459
f 3061/5038/3063 2963/4865/2965 3458/5665/3460
f 3354/5526/3356 3459/5666/3461 3355/5527/3357
f 3354/5526/3356 3460/5667/3462 3459/5666/3461
f 3399/5668/3401 3460/5669/3462 3354/5670/3356
f 3087/5088/3089 3399/5671/3401 2614/5086/2614
f 3087/5088/3089 3461/5672/3463 3399/5671/3401
f 3233/5318/3235 3462/5673/3464 3323/5470/3325
f 3233/5318/3235 3360/5532/3362 3462/5673/3464
f 3234/5319/3236 3463/5674/3465 3327/5474/3329
f 3234/5319/3236 3199/5270/3201 3463/5674/3465
f 3326/5675/3328 3404/5594/3406 3091/5595/3093
f 3464/5676/3466 3401/5591/3403 3403/5593/3405
f 3465/5677/3467 3401/5591/3403 3466/5678/3468
f 3464/5676/3466 3466/5678/3468 3401/5591/3403
f 3401/5591/3403 3465/5677/3467 3402/5592/3404
f 3263/5363/3265 3092/5094/3094 3467/5679/3469
f 3402/5592/3404 3465/5677/3467 3405/5596/3407
f 3363/5536/3365 2997/5680/2999 2995/5537/2997
f 3129/5160/3131 3468/5681/3470 3094/5098/3096
f 3292/5417/3294 3291/5416/3293 3409/5603/3411
f 3205/5604/3207 3293/5682/3295 3410/5605/3412
f 3206/5683/3208 3469/5684/3471 3067/5685/3069
f 3099/5486/3101 3269/5485/3271 3207/5541/3209
f 3270/5488/3272 3330/5489/3332 3370/5686/3372
f 2901/5687/2902 3470/5688/3472 3171/5689/3173
f 3039/5003/3041 3171/5226/3173 3471/5690/3473
f 3039/5003/3041 3472/5691/3474 3297/5429/3299
f 3297/5692/3299 3472/5693/3474 3373/5553/3375
f 2945/4836/2946 2946/4837/2947 3042/5385/3044
f 3336/5496/3338 3416/5615/3418 3299/5431/3301
f 3415/5614/3417 3376/5557/3378 3412/5610/3414
f 3420/5619/3422 3473/5694/3475 3413/5612/3415
f 2946/4837/2947 3300/5433/3302 3474/5695/3476
f 3419/5618/3421 3415/5614/3417 3475/5696/3477
f 3420/5619/3422 3422/5621/3424 3473/5694/3475
f 3422/5621/3424 3427/5626/3429 3473/5694/3475
f 3419/5618/3421 3475/5696/3477 3421/5620/3423
f 3421/5620/3423 3475/5696/3477 3425/5624/3427
f 3476/5697/3478 3424/5698/3426 3380/5699/3382
f 3473/5694/3475 3135/5234/3137 3339/5499/3341
f 3426/5625/3428 3425/5624/3427 3428/5627/3430
f 3475/5696/3477 3428/5627/3430 3425/5624/3427
f 3424/5700/3426 3477/5701/3479 3379/5702/3381
f 3427/5626/3429 3429/5628/3431 3473/5694/3475
f 3428/5627/3430 3478/5703/3480 3429/5628/3431
f 3424/5698/3426 3479/5704/3481 3477/5705/3479
f 3135/5171/3137 3473/5706/3475 3431/5630/3433
f 3473/5706/3475 3480/5707/3482 3431/5630/3433
f 3480/5707/3482 3429/5708/3431 3431/5630/3433
f 3429/5708/3431 3478/5709/3480 3431/5630/3433
f 3481/5710/3483 3479/5704/3481 3424/5698/3426
f 3478/5709/3480 3482/5711/3484 3431/5630/3433
f 3483/5712/3485 3432/5631/3434 3481/5710/3483
f 3432/5631/3434 3382/5563/3384 3481/5710/3483
f 3484/5713/3486 3481/5710/3483 3382/5563/3384
f 3217/5337/3219 3485/5714/3487 3218/5715/3220
f 3218/5302/3220 3485/5716/3487 3219/5303/3221
f 3486/5717/3488 3220/5339/3222 3219/5303/3221
f 3302/5435/3304 3487/5718/3489 3111/5239/3113
f 3111/5239/3113 3487/5718/3489 3488/5719/3490
f 3111/5130/3113 3488/5720/3490 3273/5386/3275
f 3273/5386/3275 3488/5720/3490 3383/5564/3385
f 3046/5011/3048 3435/5637/3437 3221/5305/3223
f 2841/4845/2841 3438/5640/3440 3276/5391/3278
f 3047/5070/3049 3436/5638/3438 3342/5504/3344
f 3385/5567/3387 3342/5504/3344 3386/5569/3388
f 3052/5020/3054 3182/5247/3184 3344/5511/3346
f 3489/5721/3491 3388/5572/3390 3441/5722/3443
f 3311/5510/3313 3441/5722/3443 3388/5572/3390
f 3392/5580/3394 3490/5723/3492 3224/5309/3226
f 3491/5724/3493 3187/5452/3189 3225/5458/3227
f 3492/5725/3494 3394/5582/3396 3314/5455/3316
f 3493/5726/3495 3394/5582/3396 3492/5725/3494
f 3394/5582/3396 3493/5726/3495 3443/5648/3445
f 3443/5648/3445 3493/5726/3495 3444/5649/3446
f 3224/5309/3226 3490/5723/3492 3056/5185/3058
f 3316/5459/3318 3314/5455/3316 3191/5259/3193
f 3258/5357/3260 3456/5662/3458 3316/5459/3318
f 3494/5727/3496 3449/5654/3451 3495/5728/3497
f 3494/5727/3496 3452/5657/3454 3449/5654/3451
f 3445/5650/3447 3496/5729/3498 3446/5651/3448
f 3447/5652/3449 3497/5730/3499 3498/5731/3500
f 3446/5651/3448 3497/5730/3499 3447/5652/3449
f 3495/5728/3497 3448/5653/3450 3499/5732/3501
f 3448/5653/3450 3495/5728/3497 3451/5656/3453
f 3451/5656/3453 3495/5728/3497 3449/5654/3451
f 3452/5657/3454 3494/5727/3496 3255/5733/3257
f 3445/5650/3447 3453/5659/3455 3500/5734/3502
f 3445/5650/3447 3500/5734/3502 3496/5729/3498
f 3447/5652/3449 3498/5731/3500 3454/5660/3456
f 3499/5732/3501 3448/5653/3450 3455/5661/3457
f 3453/5735/3455 3501/5736/3503 3500/5737/3502
f 3348/5519/3350 3502/5738/3504 3286/5403/3288
f 3350/5739/3352 3503/5740/3505 3229/5741/3231
f 3153/5202/3155 3352/5523/3354 3456/5663/3458
f 3351/5742/3353 3320/5743/3322 3024/5744/3026
f 2733/5745/2733 3154/5746/3156 2882/5747/2883
f 3357/5529/3359 3356/5528/3358 3361/5533/3363
f 3504/5748/3506 3355/5527/3357 3459/5666/3461
f 3459/5666/3461 3460/5667/3462 3505/5749/3507
f 3459/5666/3461 3505/5749/3507 3504/5748/3506
f 3359/5531/3361 3506/5750/3508 3325/5472/3327
f 3506/5750/3508 3400/5590/3402 3325/5472/3327
f 3507/5751/3509 3508/5752/3510 3509/5753/3511
f 3509/5753/3511 3508/5752/3510 3464/5754/3466
f 3508/5752/3510 3465/5755/3467 3464/5754/3466
f 3465/5677/3467 3466/5678/3468 3464/5676/3466
f 3464/5676/3466 3403/5593/3405 3237/5324/3239
f 3510/5756/3512 3199/5270/3201 3236/5323/3238
f 3465/5677/3467 3511/5757/3513 3405/5596/3407
f 3511/5757/3513 3165/5411/3167 3405/5596/3407
f 3289/5758/3291 3512/5759/3514 3129/5760/3131
f 3513/5761/3515 3289/5762/3291 2997/5763/2999
f 3095/5099/3097 3514/5764/3516 2667/4486/2667
f 2998/4933/3000 3238/5325/3240 3515/5765/3517
f 3165/5216/3167 3407/5601/3409 2920/4796/2921
f 3291/5416/3293 3204/5419/3206 3516/5766/3518
f 3204/5419/3206 3410/5605/3412 3517/5767/3519
f 3204/5419/3206 3517/5767/3519 3516/5766/3518
f 3469/5768/3471 3366/5540/3368 3067/5288/3069
f 3267/5371/3269 3104/5118/3106 3368/5543/3370
f 3241/5769/3243 3295/5606/3297 3293/5770/3295
f 3470/5688/3472 3294/5771/3296 3518/5772/3520
f 3211/5292/3213 3519/5773/3521 3371/5547/3373
f 3520/5774/3522 3042/5385/3044 2946/4837/2947
f 3521/5775/3523 3133/5168/3135 3373/5553/3375
f 3371/5547/3373 3380/5776/3382 3340/5611/3342
f 3520/5774/3522 2946/4837/2947 3474/5695/3476
f 3411/5609/3413 3412/5610/3414 3331/5491/3333
f 3109/5126/3111 3133/5168/3135 3134/5169/3136
f 3475/5696/3477 3478/5703/3480 3428/5627/3430
f 3473/5706/3475 3429/5708/3431 3480/5707/3482
f 3476/5697/3478 3481/5710/3483 3424/5698/3426
f 3483/5712/3485 3481/5710/3483 3476/5697/3478
f 3479/5704/3481 3484/5713/3486 3522/5777/3524
f 3477/5701/3479 3479/5778/3481 3522/5779/3524
f 3300/5433/3302 3432/5631/3434 3483/5712/3485
f 3431/5630/3433 3482/5711/3484 3381/5562/3383
f 3479/5704/3481 3481/5710/3483 3484/5713/3486
f 3523/5780/3525 3485/5714/3487 3217/5337/3219
f 3044/5781/3046 3177/5632/3179 3433/5634/3435
f 3179/5244/3181 3274/5387/3276 3434/5782/3436
f 3488/5720/3490 3384/5635/3386 3383/5564/3385
f 3524/5783/3526 2947/4838/2948 3112/5133/3114
f 3434/5636/3436 3384/5565/3386 3525/5784/3527
f 3524/5783/3526 3436/5638/3438 2947/4838/2948
f 3342/5504/3344 3526/5785/3528 3386/5569/3388
f 3181/5246/3183 3527/5786/3529 3247/5341/3249
f 3386/5568/3388 3527/5786/3529 3181/5246/3183
f 3247/5341/3249 3527/5786/3529 3387/5570/3389
f 3527/5786/3529 3182/5247/3184 3387/5570/3389
f 3388/5572/3390 3489/5721/3491 3440/5642/3442
f 3282/5575/3284 3528/5787/3530 3390/5788/3392
f 3491/5724/3493 3225/5458/3227 3395/5647/3397
f 3442/5645/3444 3187/5452/3189 3491/5724/3493
f 3395/5647/3397 3393/5789/3395 3444/5790/3446
f 3395/5647/3397 3315/5791/3317 3393/5789/3395
f 3497/5730/3499 3495/5728/3497 3529/5792/3531
f 3496/5793/3498 3530/5794/3532 3531/5795/3533
f 3531/5795/3533 3532/5796/3534 3496/5793/3498
f 3496/5793/3498 3532/5796/3534 3446/5797/3448
f 3497/5730/3499 3529/5792/3531 3498/5731/3500
f 3529/5792/3531 3533/5798/3535 3498/5731/3500
f 3529/5792/3531 3499/5732/3501 3533/5798/3535
f 3495/5728/3497 3499/5732/3501 3529/5792/3531
f 3534/5799/3536 3318/5461/3320 3255/5353/3257
f 3496/5793/3498 3500/5800/3502 3530/5794/3532
f 3498/5731/3500 3533/5798/3535 3454/5660/3456
f 3499/5732/3501 3455/5661/3457 3533/5798/3535
f 3500/5737/3502 3501/5736/3503 3530/5801/3532
f 3256/5355/3258 3535/5802/3537 3348/5519/3350
f 3455/5661/3457 3284/5463/3286 3533/5798/3535
f 3347/5516/3349 3536/5803/3538 3285/5804/3287
f 3502/5738/3504 3537/5805/3539 3286/5403/3288
f 3537/5805/3539 3319/5464/3321 3286/5403/3288
f 3259/5358/3261 3538/5806/3540 3123/5150/3125
f 3085/5084/3087 3322/5469/3324 3259/5358/3261
f 2883/4733/2884 3539/5807/3541 3157/5207/3159
f 3159/5265/3161 3540/5808/3542 3359/5531/3361
f 3355/5527/3357 3504/5748/3506 3541/5809/3543
f 3505/5749/3507 3460/5667/3462 3542/5810/3544
f 3460/5669/3462 3399/5668/3401 3542/5811/3544
f 3087/5154/3089 3125/5153/3127 3543/5812/3545
f 3540/5808/3542 3506/5750/3508 3359/5531/3361
f 3504/5748/3506 3509/5753/3511 3541/5809/3543
f 3505/5749/3507 3544/5813/3546 3504/5748/3506
f 3505/5814/3507 3542/5811/3544 3544/5815/3546
f 3509/5753/3511 3504/5748/3506 3507/5751/3509
f 3544/5813/3546 3545/5816/3547 3507/5751/3509
f 3504/5748/3506 3544/5813/3546 3507/5751/3509
f 3507/5751/3509 3545/5816/3547 3508/5752/3510
f 3545/5816/3547 3465/5755/3467 3508/5752/3510
f 3464/5676/3466 3237/5324/3239 3546/5817/3548
f 3235/5320/3237 3546/5818/3548 3262/5478/3264
f 3237/5324/3239 3262/5362/3264 3546/5817/3548
f 3468/5681/3470 3095/5099/3097 3094/5098/3096
f 3409/5603/3411 3291/5416/3293 3547/5819/3549
f 3547/5819/3549 3291/5416/3293 3516/5766/3518
f 3408/5602/3410 3365/5539/3367 3328/5481/3330
f 3408/5602/3410 3548/5820/3550 3365/5539/3367
f 3549/5821/3551 3206/5422/3208 3365/5539/3367
f 3549/5822/3551 3469/5684/3471 3206/5683/3208
f 3329/5487/3331 3518/5823/3520 3294/5424/3296
f 3470/5688/3472 2901/5687/2902 3294/5771/3296
f 3519/5773/3521 3211/5292/3213 3367/5542/3369
f 3369/5544/3371 2940/4828/2941 3550/5824/3552
f 3370/5546/3372 3296/5428/3298 3170/5378/3172
f 3471/5690/3473 3472/5691/3474 3039/5003/3041
f 3472/5693/3474 3521/5775/3523 3373/5553/3375
f 3551/5825/3553 3134/5169/3136 3133/5168/3135
f 3339/5499/3341 3242/5332/3244 3473/5694/3475
f 3413/5612/3415 3473/5694/3475 3242/5332/3244
f 3416/5615/3418 3552/5826/3554 3299/5431/3301
f 3553/5827/3555 3475/5696/3477 3415/5614/3417
f 3554/5828/3556 3483/5712/3485 3476/5697/3478
f 3477/5701/3479 3555/5829/3557 3379/5702/3381
f 3523/5780/3525 3482/5711/3484 3478/5709/3480
f 3482/5711/3484 3523/5780/3525 3381/5562/3383
f 3381/5562/3383 3523/5780/3525 3217/5337/3219
f 3301/5434/3303 3302/5435/3304 3176/5238/3178
f 3484/5713/3486 3382/5563/3384 3556/5830/3558
f 3245/5338/3247 3178/5242/3180 3303/5831/3305
f 3487/5832/3489 3557/5833/3559 3488/5720/3490
f 3179/5633/3181 3558/5834/3560 3433/5634/3435
f 3559/5835/3561 3384/5635/3386 3488/5720/3490
f 3560/5836/3562 3526/5785/3528 3342/5504/3344
f 3386/5569/3388 3526/5785/3528 3561/5837/3563
f 3560/5836/3562 3561/5837/3563 3526/5785/3528
f 3527/5786/3529 3344/5511/3346 3182/5247/3184
f 3441/5643/3443 3442/5645/3444 3491/5724/3493
f 3491/5724/3493 3395/5647/3397 3562/5838/3564
f 3390/5788/3392 3528/5787/3530 3392/5839/3394
f 3563/5840/3565 3392/5839/3394 3528/5787/3530
f 3492/5725/3494 3564/5841/3566 3493/5726/3495
f 3492/5725/3494 3314/5455/3316 3564/5841/3566
f 3490/5723/3492 3252/5348/3254 3056/5185/3058
f 3314/5842/3316 3316/5843/3318 3565/5844/3567
f 3494/5845/3496 3534/5799/3536 3255/5353/3257
f 3532/5796/3534 3530/5794/3532 3566/5846/3568
f 3531/5795/3533 3530/5794/3532 3532/5796/3534
f 3318/5461/3320 3535/5802/3537 3256/5355/3258
f 3567/5847/3569 3454/5660/3456 3533/5798/3535
f 3568/5848/3570 3502/5738/3504 3348/5519/3350
f 3569/5849/3571 3502/5850/3504 3568/5851/3570
f 3569/5849/3571 3537/5852/3539 3502/5850/3504
f 3570/5853/3572 3319/5854/3321 3537/5852/3539
f 3536/5803/3538 3351/5742/3353 3285/5804/3287
f 3352/5523/3354 3231/5316/3233 3571/5855/3573
f 3231/5316/3233 2961/4863/2963 3571/5855/3573
f 3059/5031/3061 3123/5150/3125 3572/5856/3574
f 3572/5856/3574 3123/5150/3125 3538/5806/3540
f 2882/5747/2883 3573/5857/3575 3232/5406/3234
f 3155/5205/3157 2962/5204/2964 3398/5587/3400
f 3457/5664/3459 3086/5085/3088 3158/5208/3160
f 3458/5858/3460 3356/5859/3358 3061/5860/3063
f 3574/5861/3576 3159/5265/3161 3353/5862/3355
f 2963/5863/2965 2138/5864/2138 3358/5865/3360
f 3353/5588/3355 3355/5527/3357 3541/5809/3543
f 3323/5470/3325 3462/5673/3464 3360/5532/3362
f 3575/5866/3577 3544/5815/3546 3542/5811/3544
f 3575/5866/3577 3545/5867/3547 3544/5815/3546
f 3464/5868/3466 3546/5869/3548 3541/5870/3543
f 3509/5753/3511 3464/5754/3466 3541/5809/3543
f 3575/5866/3577 3465/5871/3467 3545/5867/3547
f 3575/5872/3577 3576/5873/3578 3465/5874/3467
f 3510/5756/3512 3463/5674/3465 3199/5270/3201
f 3400/5590/3402 3546/5818/3548 3235/5320/3237
f 3467/5679/3469 3092/5094/3094 2918/5096/2919
f 3577/5875/3579 2997/5876/2999 3363/5877/3365
f 3512/5759/3514 3289/5758/3291 3513/5878/3515
f 3468/5879/3470 3129/5760/3131 3512/5759/3514
f 3578/5880/3580 3265/5367/3267 3164/5215/3166
f 3364/5538/3366 2998/5600/3000 3579/5881/3581
f 3095/5099/3097 3468/5681/3470 3514/5764/3516
f 3409/5603/3411 3547/5819/3549 3408/5602/3410
f 3366/5540/3368 3580/5882/3582 3329/5487/3331
f 3580/5882/3582 3518/5823/3520 3329/5487/3331
f 3207/5541/3209 3269/5485/3271 3367/5542/3369
f 3580/5883/3582 3581/5884/3583 3518/5772/3520
f 3295/5606/3297 3210/5608/3212 3582/5885/3584
f 3038/5001/3040 3369/5544/3371 3269/5373/3271
f 3330/5489/3332 3368/5543/3370 3104/5118/3106
f 3104/5330/3106 3242/5332/3244 3583/5886/3585
f 3105/5119/3107 3271/5377/3273 3372/5550/3374
f 3105/5119/3107 3411/5887/3413 3172/5229/3174
f 3380/5776/3382 3371/5547/3373 3476/5888/3478
f 3554/5828/3556 3300/5433/3302 3483/5712/3485
f 3412/5610/3414 3553/5827/3555 3415/5614/3417
f 3552/5826/3554 3416/5615/3418 3555/5889/3557
f 3416/5615/3418 3379/5560/3381 3555/5889/3557
f 3341/5501/3343 3108/5125/3110 3244/5336/3246
f 3477/5701/3479 3522/5779/3524 3555/5829/3557
f 3478/5709/3480 3553/5890/3555 3523/5780/3525
f 3522/5779/3524 3484/5891/3486 3584/5892/3586
f 3556/5830/3558 3382/5563/3384 3245/5338/3247
f 3487/5718/3489 3302/5435/3304 3585/5893/3587
f 3557/5833/3559 3559/5835/3561 3488/5720/3490
f 3179/5244/3181 3434/5782/3436 3558/5894/3560
f 3304/5438/3306 3221/5305/3223 3435/5637/3437
f 3276/5391/3278 3438/5640/3440 3435/5637/3437
f 3586/5895/3588 3342/5504/3344 3436/5638/3438
f 3560/5836/3562 3587/5896/3589 3561/5837/3563
f 3441/5643/3443 3491/5724/3493 3588/5897/3590
f 3588/5897/3590 3491/5724/3493 3562/5838/3564
f 3282/5575/3284 3389/5574/3391 3589/5898/3591
f 3563/5840/3565 3528/5787/3530 3282/5575/3284
f 3590/5899/3592 3564/5841/3566 3314/5455/3316
f 3497/5730/3499 3591/5900/3593 3495/5728/3497
f 3591/5900/3593 3494/5727/3496 3495/5728/3497
f 3446/5651/3448 3591/5900/3593 3497/5730/3499
f 3592/5901/3594 3566/5846/3568 3593/5902/3595
f 3592/5901/3594 3532/5796/3534 3566/5846/3568
f 3566/5846/3568 3530/5794/3532 3593/5902/3595
f 3593/5903/3595 3530/5801/3532 3501/5736/3503
f 3348/5519/3350 3535/5802/3537 3568/5848/3570
f 3347/5516/3349 3594/5904/3596 3536/5803/3538
f 3229/5741/3231 3503/5740/3505 3284/5463/3286
f 3456/5905/3458 3352/5906/3354 3595/5907/3597
f 3571/5908/3573 2961/5909/2963 3596/5910/3598
f 3156/5911/3158 3597/5912/3599 2883/4733/2884
f 3156/5913/3158 3155/5914/3157 3597/5915/3599
f 3539/5807/3541 3158/5208/3160 3157/5207/3159
f 3159/5265/3161 3574/5861/3576 3540/5808/3542
f 3087/5088/3089 3598/5916/3600 3461/5672/3463
f 2665/4347/2665 3288/5410/3290 3358/5530/3360
f 3353/5862/3355 3541/5917/3543 3574/5861/3576
f 3399/5668/3401 3575/5866/3577 3542/5811/3544
f 3360/5532/3362 3327/5474/3329 3599/5918/3601
f 3260/5359/3262 3090/5092/3092 3263/5363/3265
f 3540/5808/3542 3600/5919/3602 3506/5750/3508
f 3506/5750/3508 3600/5919/3602 3400/5590/3402
f 3600/5919/3602 3601/5920/3603 3400/5590/3402
f 3541/5870/3543 3546/5869/3548 3601/5921/3603
f 3400/5590/3402 3601/5920/3603 3546/5818/3548
f 3236/5597/3238 3602/5922/3604 3510/5923/3512
f 3406/5599/3408 3163/5598/3165 3603/5924/3605
f 3265/5367/3267 3603/5925/3605 3163/5213/3165
f 3577/5875/3579 3513/5878/3515 2997/5876/2999
f 2998/5600/3000 3515/5926/3517 3579/5881/3581
f 3547/5819/3549 3516/5766/3518 3604/5927/3606
f 3516/5766/3518 3605/5928/3607 3604/5927/3606
f 3517/5767/3519 3410/5605/3412 3606/5929/3608
f 3549/5822/3551 3607/5930/3609 3469/5684/3471
f 3469/5768/3471 3607/5931/3609 3366/5540/3368
f 3366/5540/3368 3608/5932/3610 3580/5882/3582
f 3608/5933/3610 3609/5934/3611 3580/5883/3582
f 3293/5770/3295 3610/5935/3612 3611/5936/3613
f 3609/5934/3611 3581/5884/3583 3580/5883/3582
f 3518/5772/3520 3581/5884/3583 3470/5688/3472
f 3295/5606/3297 3610/5935/3612 3293/5770/3295
f 3295/5606/3297 3582/5885/3584 3610/5935/3612
f 3330/5937/3332 3104/5938/3106 3370/5546/3372
f 3470/5939/3472 3612/5940/3614 3171/5226/3173
f 3171/5226/3173 3612/5940/3614 3471/5690/3473
f 3296/5428/3298 3370/5546/3372 3613/5941/3615
f 2940/4828/2941 3042/5549/3044 3550/5824/3552
f 3042/5549/3044 3520/5942/3522 3550/5824/3552
f 3339/5499/3341 3296/5943/3298 3614/5944/3616
f 3519/5773/3521 3476/5888/3478 3371/5547/3373
f 3242/5332/3244 3339/5499/3341 3583/5886/3585
f 3521/5775/3523 3551/5825/3553 3133/5168/3135
f 3411/5609/3413 3615/5945/3617 3412/5610/3414
f 3300/5433/3302 3554/5828/3556 3474/5695/3476
f 3556/5946/3558 3584/5892/3586 3484/5891/3486
f 3557/5947/3559 3487/5718/3489 3585/5893/3587
f 3561/5837/3563 3587/5896/3589 3527/5948/3529
f 3527/5948/3529 3386/5569/3388 3561/5837/3563
f 3441/5643/3443 3588/5897/3590 3489/5949/3491
f 3588/5897/3590 3616/5950/3618 3489/5949/3491
f 3562/5838/3564 3617/5951/3619 3588/5897/3590
f 3562/5838/3564 3395/5647/3397 3617/5951/3619
f 3564/5841/3566 3618/5952/3620 3493/5726/3495
f 3590/5953/3592 3619/5954/3621 3564/5955/3566
f 3493/5726/3495 3618/5952/3620 3444/5649/3446
f 3316/5843/3318 3456/5956/3458 3620/5957/3622
f 3456/5958/3458 3621/5959/3623 3620/5960/3622
f 3593/5902/3595 3622/5961/3624 3592/5901/3594
f 3592/5901/3594 3623/5962/3625 3532/5796/3534
f 3592/5901/3594 3622/5961/3624 3623/5962/3625
f 3532/5796/3534 3623/5962/3625 3591/5963/3593
f 3446/5797/3448 3532/5796/3534 3591/5963/3593
f 3535/5964/3537 3624/5965/3626 3568/5851/3570
f 3568/5851/3570 3625/5966/3627 3569/5849/3571
f 3454/5660/3456 3567/5847/3569 3453/5659/3455
f 3284/5463/3286 3503/5740/3505 3533/5798/3535
f 3569/5849/3571 3626/5967/3628 3537/5852/3539
f 3569/5849/3571 3625/5966/3627 3626/5967/3628
f 3453/5735/3455 3567/5968/3569 3501/5736/3503
f 3537/5852/3539 3626/5967/3628 3570/5853/3572
f 3319/5854/3321 3570/5853/3572 3627/5969/3629
f 3351/5742/3353 3536/5803/3538 3628/5970/3630
f 3352/5971/3354 3571/5972/3573 3629/5973/3631
f 3025/5974/3027 3320/5975/3322 3154/5746/3156
f 3059/5031/3061 3572/5856/3574 2690/5404/2690
f 3398/5587/3400 3630/5976/3632 3155/5205/3157
f 3356/5859/3358 3631/5977/3633 3361/5978/3363
f 3356/5859/3358 3458/5858/3460 3631/5977/3633
f 3360/5532/3362 3599/5918/3601 3323/5470/3325
f 3631/5977/3633 3326/5979/3328 3361/5978/3363
f 3574/5861/3576 3601/5920/3603 3540/5808/3542
f 3540/5808/3542 3601/5920/3603 3600/5919/3602
f 3327/5474/3329 3463/5674/3465 3599/5918/3601
f 3574/5861/3576 3541/5917/3543 3601/5920/3603
f 3263/5363/3265 3467/5679/3469 3632/5980/3634
f 3576/5873/3578 3633/5981/3635 3465/5874/3467
f 3236/5597/3238 3406/5599/3408 3602/5922/3604
f 3408/5602/3410 3547/5819/3549 3548/5820/3550
f 3365/5539/3367 3634/5982/3636 3549/5821/3551
f 3516/5766/3518 3517/5767/3519 3605/5928/3607
f 3293/5682/3295 3635/5983/3637 3410/5605/3412
f 3607/5931/3609 3608/5932/3610 3366/5540/3368
f 3269/5485/3271 3636/5984/3638 3367/5542/3369
f 3269/5485/3271 3369/5985/3371 3636/5984/3638
f 3210/5986/3212 3173/5987/3175 3637/5988/3639
f 3104/5938/3106 3638/5989/3640 3370/5546/3372
f 3583/5990/3585 3638/5989/3640 3104/5938/3106
f 3520/5774/3522 3474/5695/3476 3550/5991/3552
f 3107/5992/3109 3341/5993/3343 3173/5994/3175
f 3519/5773/3521 3554/5995/3556 3476/5888/3478
f 3615/5945/3617 3553/5827/3555 3412/5610/3414
f 3553/5827/3555 3478/5703/3480 3475/5696/3477
f 3584/5892/3586 3639/5996/3641 3522/5779/3524
f 3523/5780/3525 3640/5997/3642 3485/5714/3487
f 3044/5236/3046 3433/5998/3435 3641/5999/3643
f 3485/5714/3487 3642/6000/3644 3219/6001/3221
f 3642/6000/3644 3486/6002/3488 3219/6001/3221
f 3641/6003/3643 3433/6004/3435 3558/6005/3560
f 3557/5947/3559 3585/5893/3587 3559/6006/3561
f 3110/5129/3112 3643/6007/3645 3112/5133/3114
f 3559/6008/3561 3525/5784/3527 3384/5565/3386
f 3303/5437/3305 3304/5438/3306 3435/5637/3437
f 3435/5637/3437 3438/5640/3440 3644/6009/3646
f 3645/6010/3647 3644/6009/3646 3438/5640/3440
f 3587/5896/3589 3646/6011/3648 3527/5948/3529
f 2841/4672/2841 3439/5641/3441 3437/6012/3439
f 3248/5342/3250 3343/5506/3345 3439/5641/3441
f 3343/5506/3345 3440/5642/3442 3439/5641/3441
f 3440/5642/3442 3489/5721/3491 3647/6013/3649
f 3648/6014/3650 3649/6015/3651 3619/5954/3621
f 3649/6015/3651 3618/6016/3620 3619/5954/3621
f 3619/5954/3621 3590/5953/3592 3648/6014/3650
f 3590/5953/3592 3314/5842/3316 3648/6014/3650
f 3648/6014/3650 3314/5842/3316 3565/5844/3567
f 3593/5902/3595 3650/6017/3652 3622/5961/3624
f 3591/5963/3593 3623/5962/3625 3622/5961/3624
f 3651/6018/3653 3318/5461/3320 3534/5799/3536
f 3252/5515/3254 3652/6019/3654 3347/5516/3349
f 3652/6019/3654 3594/5904/3596 3347/5516/3349
f 3624/5965/3626 3625/5966/3627 3568/5851/3570
f 3456/5958/3458 3595/6020/3597 3621/5959/3623
f 3653/6021/3655 3626/5967/3628 3625/5966/3627
f 3653/6021/3655 3570/5853/3572 3626/5967/3628
f 3653/6021/3655 3654/6022/3656 3570/5853/3572
f 3319/5464/3321 3627/6023/3629 3349/5520/3351
f 3654/6022/3656 3627/5969/3629 3570/5853/3572
f 3350/6024/3352 3655/6025/3657 3503/6026/3505
f 3350/5521/3352 3349/5520/3351 3655/6027/3657
f 2690/5404/2690 3572/5856/3574 3321/6028/3323
f 3232/5406/3234 3573/5857/3575 3287/5407/3289
f 3597/5912/3599 3539/5807/3541 2883/4733/2884
f 3288/5410/3290 3260/5359/3262 3656/6029/3658
f 3461/5672/3463 3575/5872/3577 3399/5671/3401
f 3458/5858/3460 3326/5979/3328 3631/5977/3633
f 3510/5756/3512 3602/6030/3604 3463/5674/3465
f 3465/5874/3467 3633/5981/3635 3511/6031/3513
f 3578/5880/3580 3603/5925/3605 3265/5367/3267
f 3547/5819/3549 3604/5927/3606 3548/5820/3550
f 3604/5927/3606 3657/6032/3659 3548/5820/3550
f 3548/5820/3550 3657/6032/3659 3365/5539/3367
f 3365/5539/3367 3657/6032/3659 3634/5982/3636
f 3517/5767/3519 3606/5929/3608 3605/5928/3607
f 3549/5822/3551 3658/6033/3660 3607/5930/3609
f 3658/6033/3660 3659/6034/3661 3607/5930/3609
f 3659/6035/3661 3660/6036/3662 3607/5931/3609
f 3293/6037/3295 3611/6038/3613 3635/6039/3637
f 3660/6036/3662 3608/5932/3610 3607/5931/3609
f 3609/5934/3611 3661/6040/3663 3581/5884/3583
f 3367/5542/3369 3636/5984/3638 3662/6041/3664
f 3370/5546/3372 3663/6042/3665 3613/5941/3615
f 3370/5546/3372 3638/5989/3640 3663/6042/3665
f 3369/5985/3371 3550/6043/3552 3636/5984/3638
f 3663/6042/3665 3638/5989/3640 3613/5941/3615
f 3296/5428/3298 3613/5941/3615 3614/6044/3616
f 3550/6043/3552 3474/6045/3476 3519/5773/3521
f 3105/5119/3107 3372/5550/3374 3664/6046/3666
f 3614/5944/3616 3613/6047/3615 3339/5499/3341
f 3583/5886/3585 3339/5499/3341 3613/6047/3615
f 3474/6045/3476 3554/5995/3556 3519/5773/3521
f 3134/6048/3136 3665/6049/3667 3430/6050/3432
f 3301/5434/3303 3666/6051/3668 3302/5435/3304
f 3556/5946/3558 3245/6052/3247 3667/6053/3669
f 3220/5304/3222 3486/6054/3488 3110/5129/3112
f 3585/5893/3587 3668/6055/3670 3559/6006/3561
f 3559/6008/3561 3668/6056/3670 3525/5784/3527
f 3586/5895/3588 3669/6057/3671 3342/5504/3344
f 3560/5836/3562 3670/6058/3672 3587/5896/3589
f 3670/6058/3672 3646/6011/3648 3587/5896/3589
f 3527/5786/3529 3671/6059/3673 3344/5511/3346
f 3671/6059/3673 3389/6060/3391 3344/5511/3346
f 3617/5951/3619 3489/5949/3491 3616/5950/3618
f 3617/5951/3619 3616/5950/3618 3588/5897/3590
f 3672/6061/3674 3617/5951/3619 3395/5647/3397
f 3589/5898/3591 3563/5840/3565 3282/5575/3284
f 3444/5790/3446 3618/6062/3620 3395/5647/3397
f 3618/6016/3620 3564/5955/3566 3619/5954/3621
f 3563/6063/3565 3490/5723/3492 3392/5580/3394
f 3316/5843/3318 3620/5957/3622 3565/5844/3567
f 3494/6064/3496 3673/6065/3675 3534/6066/3536
f 3318/5461/3320 3674/6067/3676 3535/5802/3537
f 3624/5965/3626 3535/5964/3537 3675/6068/3677
f 3624/5965/3626 3675/6068/3677 3625/5966/3627
f 3675/6068/3677 3676/6069/3678 3625/5966/3627
f 3533/6070/3535 3677/6071/3679 3567/5968/3569
f 3676/6069/3678 3653/6021/3655 3625/5966/3627
f 3533/6072/3535 3503/6026/3505 3677/6073/3679
f 3653/6021/3655 3678/6074/3680 3654/6022/3656
f 3627/6023/3629 3679/6075/3681 3349/5520/3351
f 3678/6074/3680 3679/6076/3681 3627/5969/3629
f 3654/6022/3656 3678/6074/3680 3627/5969/3629
f 3596/6077/3598 2961/6078/2963 3321/6079/3323
f 3680/6080/3682 3358/6081/3360 3288/6082/3290
f 3681/6083/3683 3125/5409/3127 3323/5470/3325
f 3682/6084/3684 3326/6085/3328 3458/6086/3460
f 3683/6087/3685 3260/5359/3262 3263/5363/3265
f 3684/6088/3686 3200/5535/3202 3404/5594/3406
f 3633/5981/3635 3685/6089/3687 3511/6031/3513
f 3685/6089/3687 3165/6090/3167 3511/6031/3513
f 3686/6091/3688 3165/6090/3167 3685/6089/3687
f 3687/6092/3689 3164/5215/3166 3364/5538/3366
f 3407/6093/3409 3165/6090/3167 3686/6091/3688
f 3514/6094/3516 3468/5879/3470 3512/5759/3514
f 3407/5601/3409 3515/5765/3517 3238/5325/3240
f 3688/6095/3690 3657/6032/3659 3604/5927/3606
f 3688/6095/3690 3604/5927/3606 3689/6096/3691
f 3689/6096/3691 3604/5927/3606 3605/5928/3607
f 3688/6095/3690 3634/5982/3636 3657/6032/3659
f 3690/6097/3692 3634/5982/3636 3688/6095/3690
f 3690/6097/3692 3549/5821/3551 3634/5982/3636
f 3690/6098/3692 3658/6033/3660 3549/5822/3551
f 3660/6099/3662 3658/6033/3660 3691/6100/3693
f 3660/6099/3662 3659/6034/3661 3658/6033/3660
f 3608/5932/3610 3660/6036/3662 3609/6101/3611
f 3367/5542/3369 3662/6041/3664 3519/5773/3521
f 3636/5984/3638 3519/5773/3521 3692/6102/3694
f 3638/6103/3640 3583/5886/3585 3613/6047/3615
f 3550/6043/3552 3519/5773/3521 3636/5984/3638
f 3411/5887/3413 3105/5119/3107 3664/6046/3666
f 3552/5826/3554 3693/6104/3695 3299/5431/3301
f 3665/6105/3667 3134/5169/3136 3551/5825/3553
f 3693/6104/3695 3552/5826/3554 3694/6106/3696
f 3552/5826/3554 3555/5889/3557 3694/6106/3696
f 3555/5829/3557 3522/5779/3524 3639/5996/3641
f 3695/6107/3697 3523/5780/3525 3553/5890/3555
f 3695/6107/3697 3640/5997/3642 3523/5780/3525
f 3301/5434/3303 3696/6108/3698 3666/6051/3668
f 3556/5946/3558 3667/6053/3669 3584/5892/3586
f 3244/5336/3246 3044/5236/3046 3641/5999/3643
f 3302/5435/3304 3697/6109/3699 3585/5893/3587
f 3698/6110/3700 3245/5338/3247 3303/5831/3305
f 3699/6111/3701 3558/5894/3560 3434/5782/3436
f 3525/5784/3527 3668/6056/3670 3434/5636/3436
f 3700/6112/3702 3303/6113/3305 3435/6114/3437
f 3524/5783/3526 3701/6115/3703 3436/5638/3438
f 3436/5638/3438 3701/6115/3703 3586/5895/3588
f 3702/6116/3704 3438/5640/3440 3437/5639/3439
f 3670/6058/3672 3342/5504/3344 3669/6057/3671
f 3342/5504/3344 3670/6058/3672 3560/5836/3562
f 3589/5898/3591 3703/6117/3705 3563/5840/3565
f 3703/6117/3705 3704/6118/3706 3563/5840/3565
f 3705/6119/3707 3649/6015/3651 3648/6014/3650
f 3591/5963/3593 3622/5961/3624 3650/6017/3652
f 3706/6120/3708 3650/6017/3652 3593/5902/3595
f 3707/6121/3709 3708/6122/3710 3535/5964/3537
f 3708/6122/3710 3675/6068/3677 3535/5964/3537
f 3708/6122/3710 3676/6069/3678 3675/6068/3677
f 3676/6069/3678 3709/6123/3711 3653/6021/3655
f 3653/6021/3655 3709/6123/3711 3678/6074/3680
f 3710/6124/3712 3501/5736/3503 3567/5968/3569
f 3710/6124/3712 3711/6125/3713 3501/5736/3503
f 3596/6077/3598 3321/6079/3323 3712/6126/3714
f 3539/5807/3541 3457/5664/3459 3158/5208/3160
f 3125/6127/3127 3681/6128/3683 3713/6129/3715
f 3714/6130/3716 3323/5470/3325 3599/5918/3601
f 2963/6131/2965 3358/6132/3360 3715/6133/3717
f 3656/6029/3658 3260/5359/3262 3683/6087/3685
f 3125/6127/3127 3713/6129/3715 3543/6134/3545
f 3326/5675/3328 3684/6088/3686 3404/5594/3406
f 3716/6135/3718 3512/5759/3514 3717/6136/3719
f 3717/6136/3719 3512/5759/3514 3513/5878/3515
f 2918/4794/2919 2849/4683/2849 3718/6137/3720
f 3687/6092/3689 3579/5881/3581 3515/5926/3517
f 3687/6092/3689 3364/5538/3366 3579/5881/3581
f 3719/6138/3721 2849/6139/2849 2667/6140/2667
f 3720/6141/3722 3658/6033/3660 3690/6098/3692
f 3721/6142/3723 3660/6143/3662 3722/6144/3724
f 3660/6099/3662 3691/6100/3693 3722/6145/3724
f 3658/6033/3660 3723/6146/3725 3691/6100/3693
f 3722/6145/3724 3691/6100/3693 3723/6146/3725
f 3658/6033/3660 3724/6147/3726 3723/6146/3725
f 3660/6148/3662 3725/6149/3727 3609/6150/3611
f 3662/6041/3664 3692/6102/3694 3519/5773/3521
f 3662/6041/3664 3636/5984/3638 3692/6102/3694
f 3612/5940/3614 3726/6151/3728 3471/5690/3473
f 3471/6152/3473 3727/6153/3729 3472/6154/3474
f 3472/5693/3474 3728/6155/3730 3729/6156/3731
f 3472/5693/3474 3729/6156/3731 3521/5775/3523
f 3521/5775/3523 3729/6156/3731 3551/5825/3553
f 3411/5887/3413 3664/6046/3666 3730/6157/3732
f 3411/5609/3413 3731/6158/3733 3615/5945/3617
f 3341/5501/3343 3244/5336/3246 3732/6159/3734
f 3430/5629/3432 3733/6160/3735 3301/5434/3303
f 3666/6051/3668 3697/6109/3699 3302/5435/3304
f 3641/6003/3643 3699/6161/3701 3734/6162/3736
f 3245/6052/3247 3698/6163/3700 3667/6053/3669
f 3641/6003/3643 3558/6005/3560 3699/6161/3701
f 3735/6164/3737 3668/6055/3670 3585/5893/3587
f 3486/6054/3488 3643/6007/3645 3110/5129/3112
f 3699/6161/3701 3434/6165/3436 3735/6164/3737
f 3735/6164/3737 3434/6165/3436 3668/6055/3670
f 3645/6010/3647 3438/5640/3440 3702/6116/3704
f 3670/6058/3672 3736/6166/3738 3646/6011/3648
f 3646/6011/3648 3737/6167/3739 3527/5948/3529
f 3646/6011/3648 3736/6166/3738 3737/6167/3739
f 3437/6012/3439 3439/5641/3441 3738/6168/3740
f 3739/6169/3741 3703/6117/3705 3589/5898/3591
f 3703/6117/3705 3739/6169/3741 3704/6118/3706
f 3395/5647/3397 3618/6062/3620 3672/6061/3674
f 3705/6119/3707 3648/6014/3650 3740/6170/3742
f 3252/5348/3254 3490/5723/3492 3741/6171/3743
f 3741/6172/3743 3652/6019/3654 3252/5515/3254
f 3706/6120/3708 3742/6173/3744 3650/6017/3652
f 3674/6067/3676 3707/6174/3709 3535/5802/3537
f 3707/6121/3709 3676/6069/3678 3708/6122/3710
f 3567/5968/3569 3677/6071/3679 3710/6124/3712
f 3349/5520/3351 3679/6075/3681 3743/6175/3745
f 3679/6076/3681 3744/6176/3746 3743/6177/3745
f 3745/6178/3747 3744/6176/3746 3679/6076/3681
f 3745/6178/3747 3679/6076/3681 3678/6074/3680
f 3501/5736/3503 3711/6125/3713 3746/6179/3748
f 3352/5971/3354 3629/5973/3631 3595/6020/3597
f 3321/6079/3323 3572/6180/3574 3712/6126/3714
f 3259/6181/3261 3747/6182/3749 3538/6183/3540
f 3288/6082/3290 3656/6184/3658 3680/6080/3682
f 3575/5872/3577 3461/5672/3463 3576/5873/3578
f 3463/5674/3465 3748/6185/3750 3599/5918/3601
f 3683/6087/3685 3263/5363/3265 3632/5980/3634
f 3406/5599/3408 3749/6186/3751 3602/5922/3604
f 3200/5535/3202 3684/6088/3686 3363/5536/3365
f 3750/6187/3752 3512/5759/3514 3716/6135/3718
f 3687/6092/3689 3578/5880/3580 3164/5215/3166
f 3688/6095/3690 3689/6096/3691 3690/6097/3692
f 3605/5928/3607 3606/5929/3608 3689/6096/3691
f 3606/5929/3608 3410/5605/3412 3635/5983/3637
f 3721/6142/3723 3722/6144/3724 3751/6188/3753
f 3722/6144/3724 3752/6189/3754 3751/6188/3753
f 3721/6142/3723 3753/6190/3755 3660/6143/3662
f 3722/6145/3724 3723/6146/3725 3752/6191/3754
f 3724/6147/3726 3752/6191/3754 3723/6146/3725
f 3658/6033/3660 3720/6141/3722 3724/6147/3726
f 3724/6192/3726 3754/6193/3756 3752/6194/3754
f 3724/6192/3726 3755/6195/3757 3754/6193/3756
f 3724/6147/3726 3720/6141/3722 3755/6196/3757
f 3471/6152/3473 3756/6197/3758 3727/6153/3729
f 3372/5550/3374 3299/5431/3301 3757/6198/3759
f 3411/5887/3413 3730/6157/3732 3731/6199/3733
f 3299/5431/3301 3693/6104/3695 3757/6198/3759
f 3244/5336/3246 3641/5999/3643 3732/6159/3734
f 3639/5996/3641 3584/5892/3586 3758/6200/3760
f 3301/5434/3303 3733/6160/3735 3696/6108/3698
f 3667/6053/3669 3758/6200/3760 3584/5892/3586
f 3666/6051/3668 3696/6108/3698 3697/6109/3699
f 3485/5714/3487 3759/6201/3761 3642/6000/3644
f 3440/5642/3442 3647/6013/3649 3439/5641/3441
f 3671/6202/3673 3760/6203/3762 3389/6204/3391
f 3489/5949/3491 3617/5951/3619 3647/6205/3649
f 3739/6206/3741 3389/6204/3391 3760/6203/3762
f 3389/5574/3391 3739/6169/3741 3589/5898/3591
f 3705/6119/3707 3761/6207/3763 3649/6015/3651
f 3649/6015/3651 3761/6207/3763 3618/6016/3620
f 3762/6208/3764 3648/6014/3650 3565/5844/3567
f 3763/6209/3765 3490/5723/3492 3563/6063/3565
f 3764/6210/3766 3742/6173/3744 3765/6211/3767
f 3591/5963/3593 3650/6017/3652 3742/6173/3744
f 3764/6212/3766 3591/6213/3593 3742/6214/3744
f 3674/6215/3676 3766/6216/3768 3707/6121/3709
f 3766/6216/3768 3676/6069/3678 3707/6121/3709
f 3766/6216/3768 3767/6217/3769 3676/6069/3678
f 3768/6218/3770 3676/6069/3678 3767/6217/3769
f 3768/6218/3770 3709/6123/3711 3676/6069/3678
f 3768/6218/3770 3769/6219/3771 3709/6123/3711
f 3769/6219/3771 3678/6074/3680 3709/6123/3711
f 3770/6220/3772 3711/6125/3713 3710/6124/3712
f 3746/6179/3748 3711/6125/3713 3770/6220/3772
f 3770/6221/3772 3710/6222/3712 3677/6073/3679
f 3677/6073/3679 3503/6026/3505 3655/6025/3657
f 3629/5973/3631 3571/5972/3573 3596/6223/3598
f 3771/6224/3773 3287/5407/3289 3573/5857/3575
f 3772/6225/3774 3457/5664/3459 3539/5807/3541
f 3773/6226/3775 3458/6227/3460 2963/6228/2965
f 3773/6226/3775 2963/6228/2965 3774/6229/3776
f 3775/6230/3777 3656/6029/3658 3683/6087/3685
f 3776/6231/3778 3363/5877/3365 3684/6232/3686
f 3777/6233/3779 3467/5679/3469 2918/5096/2919
f 3717/6136/3719 3513/5878/3515 3577/5875/3579
f 3778/6234/3780 3687/6092/3689 3515/5926/3517
f 3514/6235/3516 3719/6138/3721 2667/6140/2667
f 3689/6236/3691 3779/6237/3781 3690/6098/3692
f 3689/6096/3691 3606/5929/3608 3779/6238/3781
f 3779/6239/3781 3606/6240/3608 3635/6241/3637
f 3690/6098/3692 3780/6242/3782 3720/6141/3722
f 3781/6243/3783 3752/6194/3754 3754/6193/3756
f 3781/6243/3783 3754/6193/3756 3755/6195/3757
f 3720/6244/3722 3780/6245/3782 3755/6195/3757
f 3660/6246/3662 3753/6247/3755 3725/6248/3727
f 3781/6243/3783 3755/6195/3757 3780/6245/3782
f 3781/6243/3783 3780/6245/3782 3782/6249/3784
f 3173/5987/3175 3783/6250/3785 3637/5988/3639
f 3784/6251/3786 3471/6252/3473 3726/6253/3728
f 3784/6251/3786 3756/6254/3758 3471/6252/3473
f 3173/5994/3175 3341/5993/3343 3783/6255/3785
f 3728/6256/3730 3472/6154/3474 3727/6153/3729
f 3729/6156/3731 3728/6155/3730 3785/6257/3787
f 3786/6258/3788 3430/6050/3432 3665/6049/3667
f 3787/6259/3789 3697/6109/3699 3696/6108/3698
f 3787/6259/3789 3788/6260/3790 3697/6109/3699
f 3697/6109/3699 3788/6260/3790 3585/5893/3587
f 3788/6260/3790 3789/6261/3791 3585/5893/3587
f 3759/6201/3761 3485/5714/3487 3640/5997/3642
f 3759/6201/3761 3486/6002/3488 3642/6000/3644
f 3734/6162/3736 3699/6161/3701 3735/6164/3737
f 3645/6010/3647 3790/6262/3792 3644/6009/3646
f 3791/6263/3793 3792/6264/3794 3793/6265/3795
f 3792/6264/3794 3645/6010/3647 3702/6116/3704
f 3793/6265/3795 3792/6264/3794 3794/6266/3796
f 3736/6166/3738 3670/6058/3672 3795/6267/3797
f 3737/6167/3739 3671/6268/3673 3527/5948/3529
f 3647/6205/3649 3617/5951/3619 3796/6269/3798
f 3760/6203/3762 3797/6270/3799 3739/6206/3741
f 3797/6270/3799 3798/6271/3800 3739/6206/3741
f 3798/6271/3800 3799/6272/3801 3739/6206/3741
f 3672/6273/3674 3618/6016/3620 3761/6207/3763
f 3761/6207/3763 3705/6119/3707 3740/6170/3742
f 3740/6170/3742 3648/6014/3650 3762/6208/3764
f 3704/6118/3706 3800/6274/3802 3563/5840/3565
f 3801/6275/3803 3565/5844/3567 3620/5957/3622
f 3490/5723/3492 3802/6276/3804 3741/6171/3743
f 3803/6277/3805 3620/6278/3622 3621/6279/3623
f 3591/6280/3593 3804/6281/3806 3494/6064/3496
f 3742/6173/3744 3706/6120/3708 3765/6211/3767
f 3651/6018/3653 3674/6067/3676 3318/5461/3320
f 3805/6282/3807 3766/6216/3768 3674/6215/3676
f 3806/6283/3808 3767/6217/3769 3766/6216/3768
f 3806/6283/3808 3768/6218/3770 3767/6217/3769
f 3769/6219/3771 3745/6178/3747 3678/6074/3680
f 3807/6284/3809 3743/6177/3745 3744/6176/3746
f 3807/6284/3809 3744/6176/3746 3745/6178/3747
f 3677/6073/3679 3655/6025/3657 3808/6285/3810
f 3655/6025/3657 3770/6221/3772 3808/6285/3810
f 3536/5803/3538 3594/5904/3596 3628/5970/3630
f 3322/6286/3324 3747/6182/3749 3259/6181/3261
f 3630/5976/3632 3809/6287/3811 3155/5205/3157
f 3155/6288/3157 3809/6289/3811 3597/6290/3599
f 3323/5470/3325 3714/6130/3716 3681/6083/3683
f 2963/6228/2965 3810/6291/3812 3774/6229/3776
f 2963/6131/2965 3715/6133/3717 3811/6292/3813
f 3714/6130/3716 3599/5918/3601 3812/6293/3814
f 3812/6293/3814 3599/5918/3601 3748/6185/3750
f 3813/6294/3815 3814/6295/3816 3815/6296/3817
f 3813/6294/3815 3816/6297/3818 3814/6295/3816
f 3814/6295/3816 3716/6135/3718 3815/6296/3817
f 3814/6295/3816 3750/6187/3752 3716/6135/3718
f 3816/6297/3818 3750/6187/3752 3814/6295/3816
f 3816/6297/3818 3512/5759/3514 3750/6187/3752
f 3815/6296/3817 3716/6135/3718 3717/6136/3719
f 3406/5599/3408 3603/5924/3605 3749/6186/3751
f 3363/5877/3365 3817/6298/3819 3577/5875/3579
f 3718/6299/3720 3818/6300/3820 2918/6301/2919
f 3819/6302/3821 3718/6299/3720 2849/6303/2849
f 2849/6303/2849 3719/6304/3721 3819/6302/3821
f 3820/6305/3822 3721/6142/3723 3751/6188/3753
f 3820/6305/3822 3753/6190/3755 3721/6142/3723
f 3751/6188/3753 3752/6189/3754 3821/6306/3823
f 3779/6237/3781 3780/6242/3782 3690/6098/3692
f 3779/6307/3781 3822/6308/3824 3780/6245/3782
f 3821/6309/3823 3781/6243/3783 3823/6310/3825
f 3781/6243/3783 3782/6249/3784 3823/6310/3825
f 3780/6245/3782 3823/6310/3825 3782/6249/3784
f 3780/6245/3782 3824/6311/3826 3823/6310/3825
f 3780/6245/3782 3822/6308/3824 3824/6311/3826
f 3824/6311/3826 3825/6312/3827 3823/6310/3825
f 3822/6308/3824 3825/6312/3827 3824/6311/3826
f 3822/6308/3824 3826/6313/3828 3825/6312/3827
f 3826/6313/3828 3822/6308/3824 3827/6314/3829
f 3822/6308/3824 3828/6315/3830 3827/6314/3829
f 3611/5936/3613 3610/5935/3612 3829/6316/3831
f 3581/5884/3583 3612/6317/3614 3470/5688/3472
f 3210/5986/3212 3637/5988/3639 3582/6318/3584
f 3727/6153/3729 3785/6319/3787 3728/6256/3730
f 3664/6046/3666 3372/5550/3374 3830/6320/3832
f 3786/6321/3788 3665/6105/3667 3551/5825/3553
f 3615/5945/3617 3731/6158/3733 3831/6322/3833
f 3693/6104/3695 3694/6106/3696 3757/6198/3759
f 3832/6323/3834 3733/6324/3735 3430/6050/3432
f 3787/6259/3789 3789/6261/3791 3788/6260/3790
f 3833/6325/3835 3759/6201/3761 3640/5997/3642
f 3789/6261/3791 3834/6326/3836 3585/5893/3587
f 3835/6327/3837 3667/6053/3669 3698/6163/3700
f 3643/6007/3645 3524/5783/3526 3112/5133/3114
f 3644/6009/3646 3790/6262/3792 3836/6328/3838
f 3790/6262/3792 3645/6010/3647 3791/6263/3793
f 3669/6057/3671 3795/6267/3797 3670/6058/3672
f 3645/6010/3647 3792/6264/3794 3791/6263/3793
f 3793/6329/3795 3837/6330/3839 3838/6331/3840
f 3793/6329/3795 3839/6332/3841 3837/6330/3839
f 3793/6265/3795 3794/6266/3796 3839/6333/3841
f 3837/6330/3839 3840/6334/3842 3838/6331/3840
f 3839/6332/3841 3840/6334/3842 3837/6330/3839
f 3839/6332/3841 3794/6335/3796 3840/6334/3842
f 3437/6012/3439 3738/6168/3740 3841/6336/3843
f 3736/6166/3738 3795/6267/3797 3737/6167/3739
f 3704/6337/3706 3739/6206/3741 3842/6338/3844
f 3740/6170/3742 3762/6208/3764 3761/6207/3763
f 3563/6063/3565 3800/6339/3802 3763/6209/3765
f 3620/6278/3622 3803/6277/3805 3801/6340/3803
f 3765/6211/3767 3843/6341/3845 3764/6210/3766
f 3706/6120/3708 3844/6342/3846 3765/6211/3767
f 3706/6120/3708 3593/5902/3595 3845/6343/3847
f 3706/6120/3708 3845/6343/3847 3844/6342/3846
f 3651/6018/3653 3805/6344/3807 3674/6067/3676
f 3805/6282/3807 3846/6345/3848 3766/6216/3768
f 3766/6216/3768 3846/6345/3848 3806/6283/3808
f 3806/6283/3808 3846/6345/3848 3847/6346/3849
f 3806/6283/3808 3848/6347/3850 3768/6218/3770
f 3847/6346/3849 3848/6347/3850 3806/6283/3808
f 3848/6347/3850 3769/6219/3771 3768/6218/3770
f 3769/6219/3771 3849/6348/3851 3745/6178/3747
f 3745/6178/3747 3849/6348/3851 3807/6284/3809
f 3501/5736/3503 3746/6179/3748 3850/6349/3852
f 3351/5742/3353 3851/6350/3853 3320/5743/3322
f 3572/6180/3574 3538/6183/3540 3712/6126/3714
f 3538/6183/3540 3852/6351/3854 3712/6126/3714
f 3630/6352/3632 3853/6353/3855 3809/6289/3811
f 3597/5912/3599 3772/6225/3774 3539/5807/3541
f 3543/5812/3545 3854/6354/3856 3087/5154/3089
f 3543/5812/3545 3855/6355/3857 3854/6354/3856
f 3543/5812/3545 3856/6356/3858 3855/6355/3857
f 3857/6357/3859 3816/6297/3818 3815/6296/3817
f 3815/6296/3817 3816/6297/3818 3813/6294/3815
f 3363/5877/3365 3776/6231/3778 3858/6358/3860
f 3858/6358/3860 3817/6298/3819 3363/5877/3365
f 3577/5875/3579 3817/6298/3819 3717/6136/3719
f 3685/6089/3687 3859/6359/3861 3686/6091/3688
f 3860/6360/3862 3778/6234/3780 3515/5926/3517
f 3820/6305/3822 3861/6361/3863 3862/6362/3864
f 3820/6305/3822 3751/6188/3753 3861/6361/3863
f 3820/6363/3822 3863/6364/3865 3753/6247/3755
f 3752/6194/3754 3781/6243/3783 3821/6309/3823
f 3825/6312/3827 3864/6365/3866 3823/6310/3825
f 3826/6313/3828 3864/6365/3866 3825/6312/3827
f 3779/6307/3781 3828/6315/3830 3822/6308/3824
f 3779/6366/3781 3865/6367/3867 3828/6368/3830
f 3635/6369/3637 3865/6367/3867 3779/6366/3781
f 3611/5936/3613 3865/6367/3867 3635/6369/3637
f 3725/6149/3727 3866/6370/3868 3609/6150/3611
f 3826/6313/3828 3867/6371/3869 3864/6365/3866
f 3827/6314/3829 3867/6371/3869 3826/6313/3828
f 3828/6315/3830 3867/6371/3869 3827/6314/3829
f 3867/6371/3869 3828/6315/3830 3868/6372/3870
f 3828/6368/3830 3865/6367/3867 3869/6373/3871
f 3828/6315/3830 3870/6374/3872 3868/6372/3870
f 3828/6315/3830 3869/6375/3871 3870/6374/3872
f 3611/5936/3613 3829/6316/3831 3865/6367/3867
f 3869/6376/3871 3871/6377/3873 3870/6378/3872
f 3865/6367/3867 3829/6316/3831 3869/6373/3871
f 3871/6377/3873 3869/6376/3871 3829/6379/3831
f 3582/6318/3584 3829/6379/3831 3610/6380/3612
f 3785/6257/3787 3872/6381/3874 3729/6156/3731
f 3341/5993/3343 3873/6382/3875 3783/6255/3785
f 3830/6320/3832 3372/5550/3374 3757/6198/3759
f 3831/6322/3833 3553/5827/3555 3615/5945/3617
f 3832/6323/3834 3430/6050/3432 3786/6258/3788
f 3833/6325/3835 3640/5997/3642 3695/6107/3697
f 3834/6326/3836 3734/6162/3736 3735/6164/3737
f 3834/6326/3836 3735/6164/3737 3585/5893/3587
f 3874/6383/3876 3698/6384/3700 3303/6113/3305
f 3790/6262/3792 3791/6263/3793 3793/6265/3795
f 3838/6331/3840 3840/6334/3842 3875/6385/3877
f 3876/6386/3878 3792/6264/3794 3702/6116/3704
f 3875/6385/3877 3840/6334/3842 3877/6387/3879
f 3702/6388/3704 3437/6012/3439 3876/6389/3878
f 3671/6202/3673 3878/6390/3880 3760/6203/3762
f 3878/6390/3880 3879/6391/3881 3760/6203/3762
f 3797/6270/3799 3880/6392/3882 3798/6271/3800
f 3880/6392/3882 3797/6270/3799 3881/6393/3883
f 3880/6392/3882 3799/6272/3801 3798/6271/3800
f 3762/6394/3764 3882/6395/3884 3761/6396/3763
f 3804/6281/3806 3673/6065/3675 3494/6064/3496
f 3883/6397/3885 3741/6398/3743 3884/6399/3886
f 3883/6397/3885 3652/6400/3654 3741/6398/3743
f 3885/6401/3887 3844/6342/3846 3886/6402/3888
f 3765/6211/3767 3844/6342/3846 3885/6401/3887
f 3887/6403/3889 3743/6177/3745 3807/6284/3809
f 3770/6221/3772 3677/6073/3679 3808/6285/3810
f 3888/6404/3890 3770/6221/3772 3655/6025/3657
f 3628/5970/3630 3594/5904/3596 3652/6019/3654
f 2882/5747/2883 3889/6405/3891 3573/5857/3575
f 3890/6406/3892 3322/5469/3324 3457/5664/3459
f 3812/6293/3814 3681/6083/3683 3714/6130/3716
f 3891/6407/3893 3774/6229/3776 3810/6291/3812
f 3892/6408/3894 3854/6354/3856 3855/6355/3857
f 3856/6356/3858 3893/6409/3895 3855/6355/3857
f 3855/6355/3857 3893/6409/3895 3892/6408/3894
f 3602/5922/3604 3748/6410/3750 3463/6411/3465
f 3894/6412/3896 3810/6291/3812 3895/6413/3897
f 3894/6412/3896 3896/6414/3898 3891/6407/3893
f 3895/6413/3897 3896/6414/3898 3894/6412/3896
f 3857/6357/3859 3896/6414/3898 3895/6413/3897
f 3815/6296/3817 3896/6414/3898 3857/6357/3859
f 3895/6413/3897 3816/6297/3818 3857/6357/3859
f 3896/6414/3898 3815/6296/3817 3897/6415/3899
f 3632/5980/3634 3467/5679/3469 3777/6233/3779
f 3892/6408/3894 3893/6409/3895 3898/6416/3900
f 3898/6417/3900 3893/6418/3895 3899/6419/3901
f 3717/6136/3719 3817/6298/3819 3815/6296/3817
f 3898/6417/3900 3899/6419/3901 3687/6092/3689
f 3898/6417/3900 3687/6092/3689 3778/6234/3780
f 3900/6420/3902 3578/5880/3580 3687/6092/3689
f 3603/5925/3605 3578/5880/3580 3900/6420/3902
f 3407/6093/3409 3860/6421/3862 3515/6422/3517
f 3901/6423/3903 3820/6305/3822 3862/6362/3864
f 3902/6424/3904 3862/6362/3864 3861/6361/3863
f 3861/6361/3863 3751/6188/3753 3903/6425/3905
f 3904/6426/3906 3753/6247/3755 3863/6364/3865
f 3905/6427/3907 3725/6248/3727 3753/6247/3755
f 3821/6309/3823 3823/6310/3825 3864/6365/3866
f 3906/6428/3908 3867/6371/3869 3868/6372/3870
f 3906/6428/3908 3868/6372/3870 3870/6374/3872
f 3906/6429/3908 3870/6378/3872 3871/6377/3873
f 3581/5884/3583 3907/6430/3909 3612/6317/3614
f 3872/6381/3874 3908/6431/3910 3729/6156/3731
f 3729/6156/3731 3909/6432/3911 3551/5825/3553
f 3664/6046/3666 3830/6320/3832 3730/6157/3732
f 3909/6432/3911 3786/6321/3788 3551/5825/3553
f 3553/5890/3555 3831/6433/3833 3695/6107/3697
f 3786/6258/3788 3910/6434/3912 3832/6323/3834
f 3732/6435/3734 3641/6003/3643 3734/6162/3736
f 3787/6259/3789 3911/6436/3913 3789/6261/3791
f 3643/6007/3645 3486/6054/3488 3912/6437/3914
f 3698/6163/3700 3874/6438/3876 3835/6327/3837
f 3874/6383/3876 3303/6113/3305 3913/6439/3915
f 3303/6113/3305 3700/6112/3702 3913/6439/3915
f 3700/6440/3702 3435/5637/3437 3644/6009/3646
f 3701/6115/3703 3669/6057/3671 3586/5895/3588
f 3836/6328/3838 3793/6265/3795 3914/6441/3916
f 3914/6442/3916 3793/6329/3795 3915/6443/3917
f 3836/6328/3838 3790/6262/3792 3793/6265/3795
f 3793/6329/3795 3838/6331/3840 3915/6443/3917
f 3916/6444/3918 3838/6331/3840 3875/6385/3877
f 3916/6444/3918 3875/6385/3877 3877/6387/3879
f 3794/6266/3796 3917/6445/3919 3840/6446/3842
f 3916/6444/3918 3918/6447/3920 3919/6448/3921
f 3877/6387/3879 3840/6334/3842 3916/6444/3918
f 3916/6444/3918 3840/6334/3842 3918/6447/3920
f 3437/6012/3439 3841/6336/3843 3876/6389/3878
f 3918/6447/3920 3920/6449/3922 3919/6448/3921
f 3918/6447/3920 3840/6334/3842 3920/6449/3922
f 3921/6450/3923 3439/5641/3441 3647/6013/3649
f 3647/6013/3649 3796/6451/3798 3922/6452/3924
f 3922/6453/3924 3796/6269/3798 3617/5951/3619
f 3923/6454/3925 3617/5951/3619 3672/6061/3674
f 3878/6390/3880 3924/6455/3926 3879/6391/3881
f 3923/6456/3925 3672/6457/3674 3761/6396/3763
f 3760/6203/3762 3879/6391/3881 3797/6270/3799
f 3761/6396/3763 3882/6395/3884 3925/6458/3927
f 3879/6391/3881 3881/6393/3883 3797/6270/3799
f 3799/6272/3801 3842/6338/3844 3739/6206/3741
f 3842/6338/3844 3926/6459/3928 3704/6337/3706
f 3762/6394/3764 3565/6460/3567 3882/6395/3884
f 3704/6461/3706 3926/6462/3928 3800/6463/3802
f 3741/6464/3743 3802/6465/3804 3884/6466/3886
f 3591/6213/3593 3927/6467/3929 3804/6468/3806
f 3885/6401/3887 3843/6341/3845 3765/6211/3767
f 3885/6401/3887 3886/6402/3888 3843/6341/3845
f 3928/6469/3930 3929/6470/3931 3930/6471/3932
f 3929/6472/3931 3931/6473/3933 3930/6474/3932
f 3886/6402/3888 3844/6342/3846 3845/6343/3847
f 3928/6469/3930 3932/6475/3934 3933/6476/3935
f 3928/6469/3930 3930/6471/3932 3932/6475/3934
f 3930/6474/3932 3931/6473/3933 3934/6477/3936
f 3930/6471/3932 3934/6478/3936 3932/6475/3934
f 3805/6282/3807 3935/6479/3937 3846/6345/3848
f 3935/6479/3937 3847/6346/3849 3846/6345/3848
f 3845/6343/3847 3593/5902/3595 3936/6480/3938
f 3847/6346/3849 3935/6479/3937 3937/6481/3939
f 3937/6481/3939 3938/6482/3940 3848/6347/3850
f 3847/6346/3849 3937/6481/3939 3848/6347/3850
f 3593/5902/3595 3501/6483/3503 3936/6480/3938
f 3848/6347/3850 3939/6484/3941 3769/6219/3771
f 3938/6482/3940 3939/6484/3941 3848/6347/3850
f 3936/6485/3938 3501/6486/3503 3940/6487/3942
f 3939/6484/3941 3941/6488/3943 3769/6219/3771
f 3769/6219/3771 3941/6488/3943 3849/6348/3851
f 3941/6488/3943 3942/6489/3944 3849/6348/3851
f 3940/6490/3942 3501/5736/3503 3850/6349/3852
f 3807/6284/3809 3849/6348/3851 3942/6489/3944
f 3887/6403/3889 3943/6491/3945 3743/6177/3745
f 3349/6492/3351 3888/6404/3890 3655/6025/3657
f 3621/5959/3623 3595/6020/3597 3629/5973/3631
f 3628/5970/3630 3851/6350/3853 3351/5742/3353
f 3322/6286/3324 3944/6493/3946 3747/6182/3749
f 3322/6286/3324 3890/6494/3892 3944/6493/3946
f 3398/5587/3400 3945/6495/3947 3630/5976/3632
f 3543/5812/3545 3946/6496/3948 3856/6356/3858
f 3682/6497/3684 3947/6498/3949 3326/6499/3328
f 3810/6291/3812 3894/6412/3896 3891/6407/3893
f 3948/6500/3950 3576/5873/3578 3461/5672/3463
f 3891/6407/3893 3896/6414/3898 3897/6415/3899
f 3949/6501/3951 3816/6297/3818 3895/6413/3897
f 3897/6415/3899 3815/6296/3817 3817/6298/3819
f 3950/6502/3952 3951/6503/3953 3952/6504/3954
f 3953/6505/3955 3900/6420/3902 3899/6419/3901
f 3950/6502/3952 3952/6504/3954 3954/6506/3956
f 3951/6503/3953 3819/6302/3821 3952/6504/3954
f 3899/6419/3901 3900/6420/3902 3687/6092/3689
f 3900/6507/3902 3953/6508/3955 3603/5924/3605
f 3952/6504/3954 3955/6509/3957 3954/6506/3956
f 3952/6504/3954 3819/6302/3821 3955/6509/3957
f 3819/6510/3821 3719/6511/3721 3955/6512/3957
f 3902/6513/3904 3956/6514/3958 3901/6515/3903
f 3902/6424/3904 3901/6423/3903 3862/6362/3864
f 3901/6515/3903 3863/6364/3865 3820/6363/3822
f 3861/6361/3863 3957/6516/3959 3902/6424/3904
f 3861/6361/3863 3903/6425/3905 3957/6516/3959
f 3903/6425/3905 3751/6188/3753 3821/6306/3823
f 3904/6426/3906 3905/6427/3907 3753/6247/3755
f 3864/6517/3866 3958/6518/3960 3821/6519/3823
f 3864/6365/3866 3867/6371/3869 3958/6520/3960
f 3958/6518/3960 3867/6521/3869 3906/6429/3908
f 3959/6522/3961 3726/6253/3728 3612/6523/3614
f 3960/6524/3962 3756/6197/3758 3961/6525/3963
f 3962/6526/3964 3756/6527/3758 3784/6528/3786
f 3962/6526/3964 3961/6529/3963 3756/6527/3758
f 3961/6525/3963 3963/6530/3965 3960/6524/3962
f 3960/6524/3962 3964/6531/3966 3756/6197/3758
f 3963/6530/3965 3964/6531/3966 3960/6524/3962
f 3964/6531/3966 3727/6153/3729 3756/6197/3758
f 3963/6530/3965 3727/6153/3729 3964/6531/3966
f 3963/6530/3965 3965/6532/3967 3727/6153/3729
f 3727/6153/3729 3965/6532/3967 3785/6319/3787
f 3785/6257/3787 3965/6533/3967 3872/6381/3874
f 3729/6156/3731 3908/6431/3910 3909/6432/3911
f 3966/6534/3968 3786/6321/3788 3909/6432/3911
f 3757/6198/3759 3694/6106/3696 3967/6535/3969
f 3968/6536/3970 3555/5829/3557 3639/5996/3641
f 3733/6160/3735 3969/6537/3971 3696/6108/3698
f 3696/6108/3698 3969/6537/3971 3787/6259/3789
f 3789/6261/3791 3911/6436/3913 3970/6538/3972
f 3789/6261/3791 3970/6538/3972 3834/6326/3836
f 3734/6162/3736 3834/6326/3836 3971/6539/3973
f 3667/6053/3669 3972/6540/3974 3758/6200/3760
f 3874/6438/3876 3973/6541/3975 3835/6327/3837
f 3874/6383/3876 3913/6439/3915 3973/6542/3975
f 3643/6007/3645 3974/6543/3976 3524/5783/3526
f 3914/6441/3916 3644/6009/3646 3836/6328/3838
f 3916/6444/3918 3919/6448/3921 3975/6544/3977
f 3794/6266/3796 3976/6545/3978 3917/6445/3919
f 3792/6264/3794 3976/6545/3978 3794/6266/3796
f 3975/6544/3977 3920/6449/3922 3977/6546/3979
f 3919/6448/3921 3920/6449/3922 3975/6544/3977
f 3920/6449/3922 3978/6547/3980 3977/6546/3979
f 3738/6168/3740 3439/5641/3441 3841/6336/3843
f 3737/6167/3739 3878/6548/3880 3671/6268/3673
f 3439/5641/3441 3921/6450/3923 3979/6549/3981
f 3924/6550/3926 3878/6548/3880 3737/6167/3739
f 3923/6454/3925 3922/6453/3924 3617/5951/3619
f 3925/6458/3927 3923/6456/3925 3761/6396/3763
f 3881/6393/3883 3980/6551/3982 3880/6392/3882
f 3763/6209/3765 3802/6276/3804 3490/5723/3492
f 3764/6212/3766 3927/6467/3929 3591/6213/3593
f 3673/6065/3675 3981/6552/3983 3534/6066/3536
f 3928/6553/3930 3982/6554/3984 3983/6555/3985
f 3928/6553/3930 3983/6555/3985 3929/6556/3931
f 3845/6343/3847 3984/6557/3986 3886/6402/3888
f 3928/6553/3930 3985/6558/3987 3982/6554/3984
f 3928/6469/3930 3933/6476/3935 3985/6559/3987
f 3931/6473/3933 3986/6560/3988 3934/6477/3936
f 3805/6282/3807 3987/6561/3989 3935/6479/3937
f 3935/6562/3937 3987/6563/3989 3988/6564/3990
f 3933/6476/3935 3989/6565/3991 3985/6559/3987
f 3932/6475/3934 3989/6565/3991 3933/6476/3935
f 3934/6478/3936 3986/6566/3988 3932/6475/3934
f 3932/6475/3934 3986/6566/3988 3989/6565/3991
f 3990/6567/3992 3991/6568/3993 3992/6569/3994
f 3993/6570/3995 3991/6568/3993 3990/6567/3992
f 3993/6570/3995 3994/6571/3996 3991/6568/3993
f 3990/6567/3992 3995/6572/3997 3936/6480/3938
f 3990/6567/3992 3992/6569/3994 3995/6572/3997
f 3935/6479/3937 3988/6573/3990 3937/6481/3939
f 3937/6574/3939 3996/6575/3998 3997/6576/3999
f 3937/6574/3939 3988/6564/3990 3996/6575/3998
f 3996/6575/3998 3998/6577/4000 3997/6576/3999
f 3990/6567/3992 3999/6578/4001 3993/6570/3995
f 3993/6570/3995 3999/6578/4001 3994/6571/3996
f 3937/6481/3939 4000/6579/4002 3938/6482/3940
f 3937/6481/3939 3997/6580/3999 4000/6579/4002
f 3997/6580/3999 4001/6581/4003 4000/6579/4002
f 3997/6576/3999 3998/6577/4000 4002/6582/4004
f 3997/6576/3999 4002/6582/4004 4001/6583/4003
f 3939/6484/3941 4000/6579/4002 3941/6488/3943
f 3938/6482/3940 4000/6579/4002 3939/6484/3941
f 4000/6584/4002 4001/6583/4003 4003/6585/4005
f 4002/6582/4004 4003/6585/4005 4001/6583/4003
f 3941/6488/3943 4004/6586/4006 3942/6489/3944
f 3807/6284/3809 3942/6489/3944 3887/6403/3889
f 3850/6349/3852 4005/6587/4007 3940/6490/3942
f 3943/6588/3945 4006/6589/4008 3743/6175/3745
f 3850/6349/3852 4007/6590/4009 4005/6587/4007
f 4008/6591/4010 3349/6492/3351 4009/6592/4011
f 3349/6492/3351 4008/6591/4010 3888/6404/3890
f 3154/5746/3156 3889/6405/3891 2882/5747/2883
f 3573/5857/3575 3889/6405/3891 3771/6224/3773
f 3398/5587/3400 3287/5586/3289 3945/6495/3947
f 3945/6593/3947 3853/6353/3855 3630/6352/3632
f 3773/6226/3775 4010/6594/4012 3458/6227/3460
f 3775/6230/3777 4011/6595/4013 3656/6029/3658
f 3461/5672/3463 3598/5916/3600 4012/6596/4014
f 3681/6128/3683 4013/6597/4015 3713/6129/3715
f 3774/6229/3776 3891/6407/3893 3773/6226/3775
f 3810/6291/3812 2963/6228/2965 4014/6598/4016
f 3775/6599/3777 3683/6600/3685 4011/6601/4013
f 3713/6129/3715 4015/6602/4017 3543/6134/3545
f 3543/6134/3545 4015/6602/4017 3946/6603/3948
f 3946/6496/3948 3893/6409/3895 3856/6356/3858
f 4015/6602/4017 3893/6604/3895 3946/6603/3948
f 3947/6605/3949 3684/6606/3686 3326/6607/3328
f 3951/6503/3953 4016/6608/4018 4017/6609/4019
f 3632/6610/3634 3777/6611/3779 4018/6612/4020
f 4016/6608/4018 3951/6503/3953 3950/6502/3952
f 3893/6604/3895 4019/6613/4021 3899/6614/3901
f 4019/6613/4021 3953/6508/3955 3899/6614/3901
f 3817/6298/3819 3858/6358/3860 3897/6415/3899
f 3950/6615/3952 4020/6616/4022 4016/6617/4018
f 3950/6615/3952 3954/6618/3956 4020/6616/4022
f 3954/6618/3956 3955/6512/3957 4020/6616/4022
f 3860/6360/3862 4021/6619/4023 3778/6234/3780
f 3955/6512/3957 4022/6620/4024 4020/6616/4022
f 3719/6511/3721 4022/6620/4024 3955/6512/3957
f 3956/6514/3958 4023/6621/4025 3901/6515/3903
f 3901/6515/3903 4023/6621/4025 3863/6364/3865
f 4023/6621/4025 4024/6622/4026 3863/6364/3865
f 3863/6364/3865 4024/6622/4026 3904/6426/3906
f 3904/6426/3906 4024/6622/4026 3905/6427/3907
f 3905/6427/3907 4025/6623/4027 3725/6248/3727
f 3609/5934/3611 4026/6624/4028 3661/6040/3663
f 3871/6377/3873 4027/6625/4029 3906/6429/3908
f 3581/5884/3583 4028/6626/4030 3907/6430/3909
f 3726/6253/3728 3959/6522/3961 3784/6251/3786
f 3961/6529/3963 3962/6526/3964 4029/6627/4031
f 4029/6627/4031 3963/6628/3965 3961/6529/3963
f 4030/6629/4032 3963/6628/3965 4031/6630/4033
f 3965/6631/3967 3963/6628/3965 4030/6629/4032
f 4030/6629/4032 4032/6632/4034 3965/6631/3967
f 3965/6533/3967 4032/6633/4034 3872/6381/3874
f 4032/6633/4034 3908/6431/3910 3872/6381/3874
f 3908/6431/3910 4033/6634/4035 3909/6432/3911
f 3830/6320/3832 3757/6198/3759 4034/6635/4036
f 3786/6258/3788 3966/6636/3968 4035/6637/4037
f 3694/6638/3696 3555/5829/3557 3968/6536/3970
f 3910/6434/3912 4036/6639/4038 3832/6323/3834
f 3732/6435/3734 3734/6162/3736 4037/6640/4039
f 3832/6323/3834 4036/6639/4038 3733/6324/3735
f 3734/6162/3736 3971/6539/3973 4037/6640/4039
f 3639/5996/3641 4038/6641/4040 3968/6536/3970
f 3787/6259/3789 3969/6537/3971 3911/6436/3913
f 3971/6539/3973 3834/6326/3836 3970/6538/3972
f 3486/6002/3488 4039/6642/4041 3912/6643/3914
f 4040/6644/4042 3643/6007/3645 3912/6437/3914
f 3700/6112/3702 3644/6645/3646 3914/6442/3916
f 3916/6444/3918 3915/6443/3917 3838/6331/3840
f 3975/6544/3977 3977/6546/3979 4041/6646/4043
f 3977/6546/3979 3978/6547/3980 4041/6646/4043
f 4041/6646/4043 4042/6647/4044 4043/6648/4045
f 3978/6547/3980 4044/6649/4046 4041/6646/4043
f 3920/6449/3922 4044/6649/4046 3978/6547/3980
f 3840/6334/3842 4044/6649/4046 3920/6449/3922
f 4045/6650/4047 4044/6649/4046 3840/6334/3842
f 4042/6647/4044 4044/6649/4046 4043/6648/4045
f 4041/6646/4043 4044/6649/4046 4042/6647/4044
f 4046/6651/4048 4043/6648/4045 3737/6652/3739
f 4043/6648/4045 4044/6649/4046 3737/6652/3739
f 3841/6336/3843 3439/5641/3441 3979/6549/3981
f 3737/6652/3739 4044/6649/4046 3924/6653/3926
f 4047/6654/4049 3924/6653/3926 4044/6649/4046
f 3921/6450/3923 3647/6013/3649 3922/6452/3924
f 4047/6655/4049 4048/6656/4050 3924/6455/3926
f 4049/6657/4051 3925/6458/3927 4047/6655/4049
f 3923/6456/3925 3925/6458/3927 4049/6657/4051
f 4048/6656/4050 3879/6391/3881 3924/6455/3926
f 4047/6655/4049 3925/6458/3927 4048/6656/4050
f 4048/6656/4050 3925/6458/3927 3882/6395/3884
f 4048/6656/4050 4050/6658/4052 3879/6391/3881
f 4048/6656/4050 4051/6659/4053 4050/6658/4052
f 4048/6656/4050 3882/6395/3884 4051/6659/4053
f 3881/6393/3883 3879/6391/3881 4050/6658/4052
f 3881/6393/3883 4050/6658/4052 3980/6551/3982
f 3880/6392/3882 3980/6551/3982 4052/6660/4054
f 4053/6661/4055 3799/6272/3801 3880/6392/3882
f 3801/6275/3803 4054/6662/4056 3565/5844/3567
f 3802/6465/3804 4055/6663/4057 3884/6466/3886
f 3886/6664/3888 4056/6665/4058 4057/6666/4059
f 3886/6402/3888 4057/6667/4059 3843/6341/3845
f 3805/6282/3807 3651/6668/3653 3987/6561/3989
f 3983/6555/3985 3982/6554/3984 4058/6669/4060
f 3983/6555/3985 4059/6670/4061 3929/6556/3931
f 3983/6555/3985 4058/6669/4060 4059/6670/4061
f 3929/6472/3931 4060/6671/4062 3931/6473/3933
f 3929/6556/3931 4059/6670/4061 4060/6672/4062
f 3886/6402/3888 3984/6557/3986 4056/6673/4058
f 3987/6563/3989 4061/6674/4063 3988/6564/3990
f 3986/6566/3988 4062/6675/4064 3989/6565/3991
f 3992/6569/3994 3991/6568/3993 4063/6676/4065
f 3845/6343/3847 4064/6677/4066 3984/6557/3986
f 3845/6343/3847 4065/6678/4067 4064/6677/4066
f 3988/6564/3990 4061/6674/4063 4066/6679/4068
f 3991/6568/3993 4064/6677/4066 4063/6676/4065
f 3991/6568/3993 3994/6571/3996 4064/6677/4066
f 4064/6677/4066 4065/6678/4067 3995/6572/3997
f 3992/6569/3994 4063/6676/4065 3995/6572/3997
f 4063/6676/4065 4064/6677/4066 3995/6572/3997
f 3995/6572/3997 4065/6678/4067 3936/6480/3938
f 3845/6343/3847 3936/6480/3938 4065/6678/4067
f 3988/6564/3990 4066/6679/4068 3996/6575/3998
f 4066/6679/4068 4067/6680/4069 3996/6575/3998
f 3996/6575/3998 4067/6680/4069 3998/6577/4000
f 3621/6279/3623 4068/6681/4070 3803/6277/3805
f 3994/6571/3996 3999/6578/4001 4064/6677/4066
f 3999/6578/4001 4069/6682/4071 4064/6677/4066
f 4061/6674/4063 4070/6683/4072 4066/6679/4068
f 4066/6679/4068 4070/6683/4072 4000/6584/4002
f 4000/6584/4002 4067/6680/4069 4066/6679/4068
f 3998/6577/4000 4067/6680/4069 4002/6582/4004
f 3990/6567/3992 4071/6684/4073 3999/6578/4001
f 4071/6684/4073 4072/6685/4074 3999/6578/4001
f 3999/6578/4001 4072/6685/4074 4069/6682/4071
f 3936/6480/3938 4071/6684/4073 3990/6567/3992
f 3936/6485/3938 4073/6686/4075 4071/6687/4073
f 4000/6584/4002 4070/6683/4072 3941/6688/3943
f 4000/6584/4002 4003/6585/4005 4067/6680/4069
f 4002/6582/4004 4067/6680/4069 4003/6585/4005
f 4004/6586/4006 4074/6689/4076 3942/6489/3944
f 3942/6489/3944 4074/6689/4076 3887/6403/3889
f 3743/6175/3745 4006/6589/4008 3349/5520/3351
f 3349/6492/3351 4006/6690/4008 4009/6592/4011
f 3746/6179/3748 3770/6220/3772 3850/6349/3852
f 3596/6223/3598 4075/6691/4077 3629/5973/3631
f 3851/6692/3853 4076/6693/4078 3320/5975/3322
f 3320/5975/3322 4077/6694/4079 3154/5746/3156
f 3852/6351/3854 3538/6183/3540 4078/6695/4080
f 3944/6493/3946 4079/6696/4081 3747/6182/3749
f 3890/6494/3892 4079/6696/4081 3944/6493/3946
f 3809/6289/3811 3853/6353/3855 3597/6290/3599
f 3713/6129/3715 4013/6597/4015 4080/6697/4082
f 4013/6597/4015 3681/6128/3683 4081/6698/4083
f 3358/6081/3360 4082/6699/4084 4083/6700/4085
f 3458/6086/3460 3947/6701/3949 3682/6084/3684
f 4014/6598/4016 3949/6501/3951 3810/6291/3812
f 4015/6602/4017 4084/6702/4086 3893/6604/3895
f 3810/6291/3812 3949/6501/3951 3895/6413/3897
f 3632/5980/3634 4018/6703/4020 3683/6087/3685
f 3854/6354/3856 3892/6408/3894 4085/6704/4087
f 4017/6609/4019 4086/6705/4088 3951/6503/3953
f 3892/6408/3894 3898/6416/3900 4085/6704/4087
f 4016/6617/4018 4020/6616/4022 4017/6706/4019
f 4086/6705/4088 4087/6707/4089 3951/6503/3953
f 3776/6231/3778 3897/6415/3899 3858/6358/3860
f 3603/5924/3605 3953/6508/3955 4088/6708/4090
f 3603/5924/3605 4088/6708/4090 3749/6186/3751
f 3512/6709/3514 4089/6710/4091 3514/6711/3516
f 3514/6712/3516 4089/6713/4091 4090/6714/4092
f 4090/6714/4092 3719/6511/3721 3514/6712/3516
f 3956/6514/3958 4091/6715/4093 4023/6621/4025
f 3902/6513/3904 3957/6716/3959 3956/6514/3958
f 4023/6621/4025 4091/6715/4093 4024/6622/4026
f 3821/6519/3823 4092/6717/4094 3903/6718/3905
f 3821/6519/3823 3958/6518/3960 3906/6429/3908
f 3866/6370/3868 4026/6719/4028 3609/6150/3611
f 3871/6377/3873 3829/6379/3831 4027/6625/4029
f 3661/6040/3663 4028/6626/4030 3581/5884/3583
f 3612/6523/3614 3907/6720/3909 3959/6522/3961
f 4029/6627/4031 4093/6721/4095 4094/6722/4096
f 4094/6722/4096 4095/6723/4097 4029/6627/4031
f 4029/6627/4031 4096/6724/4098 4093/6721/4095
f 4095/6723/4097 3963/6628/3965 4029/6627/4031
f 4095/6723/4097 4031/6630/4033 3963/6628/3965
f 4029/6627/4031 3962/6526/3964 4096/6724/4098
f 3873/6725/3875 3341/6726/3343 3732/6727/3734
f 4033/6634/4035 3966/6534/3968 3909/6432/3911
f 3730/6157/3732 3830/6320/3832 4034/6635/4036
f 3786/6258/3788 4035/6637/4037 3910/6434/3912
f 3694/6638/3696 3968/6536/3970 3967/6728/3969
f 3831/6433/3833 4097/6729/4099 3695/6107/3697
f 4036/6639/4038 3969/6730/3971 3733/6324/3735
f 3970/6538/3972 4098/6731/4100 3971/6539/3973
f 3970/6538/3972 3911/6436/3913 4098/6731/4100
f 3695/6107/3697 4097/6729/4099 3833/6325/3835
f 3486/6002/3488 3759/6201/3761 4039/6642/4041
f 3667/6053/3669 3835/6327/3837 3972/6540/3974
f 3974/6543/3976 3643/6007/3645 4040/6644/4042
f 3913/6439/3915 3700/6112/3702 4099/6732/4101
f 3914/6442/3916 4100/6733/4102 3700/6112/3702
f 3916/6444/3918 3975/6544/3977 3915/6443/3917
f 3795/6267/3797 3669/6057/3671 3737/6167/3739
f 3792/6264/3794 3876/6386/3878 3976/6545/3978
f 4043/6648/4045 4046/6651/4048 4041/6646/4043
f 3840/6334/3842 3917/6734/3919 4045/6650/4047
f 3979/6549/3981 3921/6450/3923 3922/6452/3924
f 4044/6735/4046 4049/6657/4051 4047/6655/4049
f 4050/6658/4052 4051/6659/4053 4101/6736/4103
f 4101/6736/4103 4102/6737/4104 4050/6658/4052
f 3764/6212/3766 3843/6738/3845 4057/6666/4059
f 3534/5799/3536 3981/6739/3983 3651/6018/3653
f 3884/6399/3886 4103/6740/4105 3883/6397/3885
f 3883/6397/3885 4103/6740/4105 4104/6741/4106
f 4059/6742/4061 4105/6743/4107 4060/6671/4062
f 4106/6744/4108 4105/6745/4107 4059/6670/4061
f 4105/6743/4107 4107/6746/4109 4060/6671/4062
f 3651/6747/3653 4108/6748/4110 3987/6749/3989
f 4059/6670/4061 4058/6669/4060 4106/6744/4108
f 4060/6671/4062 4107/6746/4109 3931/6473/3933
f 3987/6563/3989 4109/6750/4111 4061/6674/4063
f 3931/6473/3933 4110/6751/4112 3986/6560/3988
f 3989/6565/3991 4111/6752/4113 3985/6559/3987
f 4062/6675/4064 4111/6752/4113 3989/6565/3991
f 3986/6566/3988 4110/6753/4112 4062/6675/4064
f 4062/6675/4064 4110/6753/4112 4111/6752/4113
f 4069/6754/4071 4112/6755/4114 4064/6756/4066
f 4061/6674/4063 4109/6750/4111 4070/6683/4072
f 4069/6754/4071 4072/6757/4074 4112/6755/4114
f 4072/6757/4074 4113/6758/4115 4112/6755/4114
f 4072/6757/4074 4071/6687/4073 4113/6758/4115
f 3887/6403/3889 4074/6689/4076 3943/6491/3945
f 3621/5959/3623 3629/5973/3631 4114/6759/4116
f 3652/6019/3654 4115/6760/4117 3628/5970/3630
f 3712/6126/3714 3852/6351/3854 4116/6761/4118
f 3747/6182/3749 4117/6762/4119 3538/6183/3540
f 4118/6763/4120 4117/6762/4119 3747/6182/3749
f 3747/6182/3749 4079/6696/4081 4118/6763/4120
f 3358/6081/3360 4119/6764/4121 3715/6765/3717
f 4083/6700/4085 4119/6764/4121 3358/6081/3360
f 3358/6081/3360 4087/6707/4089 4082/6699/4084
f 3680/6080/3682 4087/6707/4089 3358/6081/3360
f 3683/6600/3685 4120/6766/4122 4011/6601/4013
f 3713/6129/3715 4084/6702/4086 4015/6602/4017
f 3713/6129/3715 4080/6697/4082 4084/6702/4086
f 3773/6226/3775 3891/6407/3893 4121/6767/4123
f 4083/6700/4085 4122/6768/4124 4119/6764/4121
f 4083/6700/4085 4123/6769/4125 4122/6768/4124
f 4083/6700/4085 4082/6699/4084 4123/6769/4125
f 4082/6699/4084 4087/6707/4089 4123/6769/4125
f 3087/5154/3089 3854/6354/3856 4124/6770/4126
f 3683/6600/3685 4018/6612/4020 4120/6766/4122
f 3891/6407/3893 3897/6415/3899 4121/6767/4123
f 4086/6705/4088 4122/6768/4124 4123/6769/4125
f 4086/6705/4088 4123/6769/4125 4087/6707/4089
f 4084/6702/4086 4019/6613/4021 3893/6604/3895
f 4017/6609/4019 4122/6768/4124 4086/6705/4088
f 3854/6354/3856 4085/6704/4087 4125/6771/4127
f 3576/5873/3578 3948/6500/3950 3633/5981/3635
f 3949/6501/3951 4126/6772/4128 3816/6297/3818
f 4018/6612/4020 3777/6611/3779 4127/6773/4129
f 3602/5922/3604 3749/6186/3751 4019/6613/4021
f 3777/6233/3779 2918/5096/2919 3818/6774/3820
f 4019/6613/4021 4088/6708/4090 3953/6508/3955
f 4088/6708/4090 4019/6613/4021 3749/6186/3751
f 3512/6709/3514 3816/6775/3818 4126/6776/4128
f 3898/6417/3900 3778/6234/3780 4021/6619/4023
f 3407/6093/3409 3686/6091/3688 4128/6777/4130
f 4128/6777/4130 3860/6421/3862 3407/6093/3409
f 3719/6511/3721 4090/6714/4092 4129/6778/4131
f 3956/6514/3958 4130/6779/4132 4091/6715/4093
f 4024/6622/4026 4131/6780/4133 3905/6427/3907
f 4131/6780/4133 4025/6623/4027 3905/6427/3907
f 3725/6248/3727 4025/6623/4027 3866/6781/3868
f 3829/6379/3831 4132/6782/4134 4027/6625/4029
f 3829/6379/3831 3582/6318/3584 4132/6782/4134
f 3637/5988/3639 3783/6250/3785 3873/6783/3875
f 4133/6784/4135 4032/6632/4034 4030/6629/4032
f 4033/6634/4035 4035/6785/4037 3966/6534/3968
f 4134/6786/4136 3910/6434/3912 4035/6637/4037
f 4034/6635/4036 3731/6199/3733 3730/6157/3732
f 3731/6787/3733 4135/6788/4137 3831/6433/3833
f 3971/6539/3973 4098/6731/4100 4037/6640/4039
f 4136/6789/4138 3969/6730/3971 4036/6639/4038
f 4137/6790/4139 4138/6791/4140 3833/6325/3835
f 4039/6642/4041 3759/6201/3761 4139/6792/4141
f 3912/6643/3914 4039/6642/4041 4140/6793/4142
f 4140/6794/4142 4040/6644/4042 3912/6437/3914
f 4141/6795/4143 3974/6543/3976 4040/6644/4042
f 4100/6733/4102 3914/6442/3916 3915/6443/3917
f 3915/6443/3917 3975/6544/3977 4142/6796/4144
f 3975/6544/3977 4041/6646/4043 4142/6796/4144
f 3737/6167/3739 3669/6057/3671 4046/6797/4048
f 4045/6650/4047 3917/6734/3919 4044/6649/4046
f 3917/6798/3919 4143/6799/4145 4044/6800/4046
f 3979/6549/3981 3922/6452/3924 4144/6801/4146
f 4144/6801/4146 3922/6452/3924 3923/6802/3925
f 4044/6800/4046 4143/6799/4145 4049/6803/4051
f 3923/6456/3925 4049/6657/4051 4143/6804/4145
f 4050/6658/4052 4102/6737/4104 3980/6551/3982
f 4051/6659/4053 4102/6737/4104 4101/6736/4103
f 4102/6737/4104 4052/6660/4054 3980/6551/3982
f 4051/6659/4053 3882/6395/3884 4145/6805/4147
f 3802/6276/3804 3763/6209/3765 3800/6339/3802
f 3981/6552/3983 3673/6065/3675 3804/6281/3806
f 4146/6806/4148 3764/6212/3766 4057/6666/4059
f 4147/6807/4149 3987/6808/3989 4108/6809/4110
f 4148/6810/4150 4058/6669/4060 3982/6554/3984
f 4148/6810/4150 4106/6744/4108 4058/6669/4060
f 4107/6746/4109 4149/6811/4151 3931/6473/3933
f 3982/6554/3984 3985/6558/3987 4148/6810/4150
f 4149/6811/4151 4110/6751/4112 3931/6473/3933
f 4147/6812/4149 4109/6750/4111 3987/6563/3989
f 3984/6557/3986 4064/6677/4066 4112/6813/4114
f 4150/6814/4152 3985/6559/3987 4111/6752/4113
f 4110/6753/4112 4150/6814/4152 4111/6752/4113
f 4110/6753/4112 4151/6815/4153 4150/6814/4152
f 4070/6683/4072 4109/6750/4111 4152/6816/4154
f 4112/6755/4114 4113/6758/4115 4153/6817/4155
f 3940/6487/3942 4073/6686/4075 3936/6485/3938
f 4152/6816/4154 4154/6818/4156 4070/6683/4072
f 4154/6818/4156 3941/6688/3943 4070/6683/4072
f 4153/6817/4155 4071/6687/4073 4155/6819/4157
f 4153/6817/4155 4113/6758/4115 4071/6687/4073
f 4155/6819/4157 4071/6687/4073 4073/6686/4075
f 4154/6818/4156 4004/6820/4006 3941/6688/3943
f 4154/6818/4156 4156/6821/4158 4004/6820/4006
f 4074/6822/4076 4004/6820/4006 4156/6821/4158
f 4157/6823/4159 3943/6491/3945 4074/6689/4076
f 4115/6760/4117 3652/6019/3654 4158/6824/4160
f 3770/6220/3772 4007/6590/4009 3850/6349/3852
f 4068/6825/4070 3621/6826/3623 4114/6827/4116
f 4159/6828/4161 3889/6405/3891 3154/5746/3156
f 4117/6762/4119 4078/6695/4080 3538/6183/3540
f 4160/6829/4162 3890/6494/3892 3457/6830/3459
f 3945/6593/3947 4161/6831/4163 3853/6353/3855
f 4162/6832/4164 4081/6698/4083 3681/6128/3683
f 4163/6833/4165 3656/6184/3658 4164/6834/4166
f 4164/6834/4166 3656/6184/3658 4011/6601/4013
f 4165/6835/4167 4080/6697/4082 4013/6597/4015
f 4162/6832/4164 3681/6128/3683 3812/6836/3814
f 3948/6500/3950 3461/5672/3463 4166/6837/4168
f 4167/6838/4169 4087/6707/4089 4168/6839/4170
f 4169/6840/4171 3897/6415/3899 3776/6231/3778
f 3951/6503/3953 4087/6707/4089 3819/6302/3821
f 3819/6302/3821 4087/6707/4089 4167/6838/4169
f 3819/6302/3821 4167/6838/4169 3718/6299/3720
f 3633/5981/3635 3859/6359/3861 3685/6089/3687
f 4089/6710/4091 3512/6709/3514 4170/6841/4172
f 4022/6620/4024 3719/6511/3721 4129/6778/4131
f 4130/6779/4132 3956/6514/3958 3957/6716/3959
f 4171/6842/4173 4024/6622/4026 4091/6715/4093
f 4171/6842/4173 4131/6780/4133 4024/6622/4026
f 4092/6717/4094 3821/6519/3823 3906/6429/3908
f 4026/6624/4028 4028/6626/4030 3661/6040/3663
f 3637/5988/3639 4132/6782/4134 3582/6318/3584
f 4095/6843/4097 4094/6844/4096 4172/6845/4174
f 4172/6845/4174 4094/6844/4096 4173/6846/4175
f 4173/6847/4175 4094/6722/4096 4093/6721/4095
f 4095/6843/4097 4172/6845/4174 4174/6848/4176
f 4174/6848/4176 4031/6849/4033 4095/6843/4097
f 4174/6848/4176 4175/6850/4177 4031/6849/4033
f 3962/6526/3964 4176/6851/4178 4096/6724/4098
f 3962/6526/3964 3784/6528/3786 4176/6851/4178
f 4133/6852/4135 3908/6431/3910 4032/6633/4034
f 4133/6852/4135 4177/6853/4179 3908/6431/3910
f 4177/6853/4179 4033/6634/4035 3908/6431/3910
f 4177/6853/4179 4035/6785/4037 4033/6634/4035
f 4134/6786/4136 4036/6639/4038 3910/6434/3912
f 4135/6788/4137 4097/6729/4099 3831/6433/3833
f 4178/6854/4180 3911/6436/3913 3969/6537/3971
f 4097/6729/4099 4179/6855/4181 3833/6325/3835
f 4038/6641/4040 3639/5996/3641 3758/6200/3760
f 3833/6325/3835 4179/6855/4181 4137/6790/4139
f 4138/6791/4140 4137/6790/4139 4180/6856/4182
f 3833/6325/3835 4138/6791/4140 3759/6201/3761
f 4138/6791/4140 4139/6792/4141 3759/6201/3761
f 3972/6540/3974 3835/6327/3837 4181/6857/4183
f 4141/6858/4143 4140/6793/4142 4182/6859/4184
f 4141/6858/4143 4040/6860/4042 4140/6793/4142
f 4181/6857/4183 3835/6327/3837 3973/6541/3975
f 4183/6861/4185 3974/6543/3976 4141/6795/4143
f 4142/6796/4144 4041/6646/4043 4046/6651/4048
f 3669/6862/3671 4184/6863/4186 4046/6651/4048
f 3976/6864/3978 4144/6801/4146 3917/6798/3919
f 3841/6336/3843 3979/6549/3981 4144/6801/4146
f 4144/6801/4146 4143/6799/4145 3917/6798/3919
f 4144/6801/4146 3923/6802/3925 4143/6799/4145
f 4053/6661/4055 3880/6392/3882 4052/6660/4054
f 4185/6865/4187 3842/6338/3844 3799/6272/3801
f 3882/6395/3884 3565/6460/3567 4186/6866/4188
f 4055/6867/4057 4187/6868/4189 3884/6399/3886
f 3981/6739/3983 4188/6869/4190 3651/6018/3653
f 3884/6399/3886 4187/6868/4189 4103/6740/4105
f 3651/6870/3653 4188/6871/4190 4108/6809/4110
f 4106/6744/4108 4189/6872/4191 4105/6745/4107
f 4105/6743/4107 4190/6873/4192 4107/6746/4109
f 4107/6746/4109 4190/6873/4192 4149/6811/4151
f 4108/6809/4110 4191/6874/4193 4147/6807/4149
f 4106/6744/4108 4148/6810/4150 4189/6872/4191
f 4056/6875/4058 3984/6876/3986 4192/6877/4194
f 4104/6741/4106 4193/6878/4195 3883/6397/3885
f 4148/6810/4150 3985/6558/3987 4194/6879/4196
f 4149/6880/4151 4195/6881/4197 4110/6882/4112
f 4196/6883/4198 4109/6750/4111 4147/6812/4149
f 4110/6884/4112 4195/6885/4197 4151/6886/4153
f 4195/6887/4197 4197/6888/4199 4151/6889/4153
f 4150/6814/4152 4151/6815/4153 4198/6890/4200
f 4151/6889/4153 4197/6888/4199 4198/6891/4200
f 4109/6750/4111 4196/6883/4198 4152/6816/4154
f 4112/6755/4114 4153/6817/4155 4199/6892/4201
f 4155/6819/4157 4073/6686/4075 4200/6893/4202
f 3940/6487/3942 4200/6893/4202 4073/6686/4075
f 4154/6818/4156 4201/6894/4203 4156/6821/4158
f 4201/6894/4203 4202/6895/4204 4074/6822/4076
f 4201/6894/4203 4074/6822/4076 4156/6821/4158
f 3883/6397/3885 4158/6896/4160 3652/6400/3654
f 4202/6895/4204 4157/6897/4159 4074/6822/4076
f 3628/5970/3630 4115/6760/4117 3851/6350/3853
f 4203/6898/4205 4076/6693/4078 3851/6692/3853
f 3320/5975/3322 4204/6899/4206 4077/6694/4079
f 3712/6126/3714 4116/6761/4118 4205/6900/4207
f 3656/6184/3658 4163/6833/4165 3680/6080/3682
f 4164/6834/4166 4011/6601/4013 4206/6901/4208
f 3461/5672/3463 4012/6596/4014 4166/6837/4168
f 4010/6594/4012 3947/6902/3949 3458/6227/3460
f 4014/6598/4016 2963/6228/2965 4207/6903/4209
f 4119/6764/4121 4208/6904/4210 3715/6765/3717
f 3680/6080/3682 4168/6839/4170 4087/6707/4089
f 4011/6601/4013 4120/6766/4122 4206/6901/4208
f 3598/6905/3600 3087/5154/3089 4124/6770/4126
f 4162/6832/4164 3812/6836/3814 3748/6410/3750
f 4119/6764/4121 4122/6768/4124 4208/6904/4210
f 4165/6835/4167 4084/6702/4086 4080/6697/4082
f 4014/6598/4016 4207/6903/4209 3949/6501/3951
f 4121/6767/4123 3897/6415/3899 4169/6840/4171
f 4209/6906/4211 4019/6613/4021 4084/6702/4086
f 4210/6907/4212 4018/6612/4020 4127/6773/4129
f 3602/5922/3604 4019/6613/4021 4209/6906/4211
f 4017/6706/4019 4020/6616/4022 4211/6908/4213
f 4127/6773/4129 3777/6611/3779 3818/6300/3820
f 4020/6616/4022 4022/6620/4024 4212/6909/4214
f 4091/6715/4093 4130/6779/4132 4171/6842/4173
f 4093/6910/4095 4213/6911/4215 4173/6846/4175
f 3959/6522/3961 4214/6912/4216 3784/6251/3786
f 4031/6849/4033 4175/6850/4177 4215/6913/4217
f 3784/6528/3786 4216/6914/4218 4176/6851/4178
f 3784/6528/3786 4217/6915/4219 4216/6914/4218
f 4031/6849/4033 4215/6913/4217 4218/6916/4220
f 4031/6630/4033 4218/6917/4220 4030/6629/4032
f 4030/6629/4032 4218/6917/4220 4133/6784/4135
f 4034/6635/4036 4219/6918/4221 3731/6199/3733
f 4098/6919/4100 4220/6920/4222 4037/6921/4039
f 3757/6198/3759 4221/6922/4223 4222/6923/4224
f 3757/6924/3759 3967/6728/3969 4221/6925/4223
f 4136/6789/4138 4178/6926/4180 3969/6730/3971
f 3967/6728/3969 3968/6536/3970 4223/6927/4225
f 4038/6641/4040 4223/6927/4225 3968/6536/3970
f 4179/6855/4181 4183/6928/4185 4137/6790/4139
f 3758/6200/3760 3972/6540/3974 4224/6929/4226
f 4137/6790/4139 4183/6928/4185 4225/6930/4227
f 4183/6928/4185 4141/6858/4143 4225/6930/4227
f 4225/6930/4227 4141/6858/4143 4182/6859/4184
f 4100/6733/4102 4099/6732/4101 3700/6112/3702
f 3974/6543/3976 3701/6115/3703 3524/5783/3526
f 3915/6443/3917 4142/6796/4144 4226/6931/4228
f 3876/6389/3878 4144/6801/4146 3976/6864/3978
f 4102/6737/4104 4051/6659/4053 4052/6660/4054
f 3842/6338/3844 4185/6865/4187 3926/6459/3928
f 3882/6395/3884 4186/6866/4188 4145/6805/4147
f 3565/5844/3567 4054/6662/4056 4186/6932/4188
f 3802/6933/3804 4227/6934/4229 4055/6935/4057
f 3801/6340/3803 3803/6277/3805 4228/6936/4230
f 4146/6806/4148 4057/6666/4059 4056/6665/4058
f 4188/6871/4190 4191/6874/4193 4108/6809/4110
f 4187/6868/4189 4229/6937/4231 4103/6740/4105
f 4229/6937/4231 4230/6938/4232 4103/6740/4105
f 4103/6740/4105 4230/6938/4232 4104/6741/4106
f 4230/6938/4232 4229/6937/4231 4189/6872/4191
f 4189/6872/4191 4229/6937/4231 4105/6745/4107
f 4229/6937/4231 4231/6939/4233 4105/6745/4107
f 4191/6874/4193 4232/6940/4234 4147/6807/4149
f 4148/6810/4150 4194/6879/4196 4230/6938/4232
f 4148/6810/4150 4230/6938/4232 4189/6872/4191
f 4230/6938/4232 4194/6879/4196 4104/6741/4106
f 4194/6879/4196 3985/6558/3987 4233/6941/4235
f 3984/6876/3986 4112/6755/4114 4192/6877/4194
f 4147/6807/4149 4232/6940/4234 4196/6942/4198
f 3985/6943/3987 4234/6944/4236 4233/6945/4235
f 4150/6814/4152 4234/6946/4236 3985/6559/3987
f 4232/6940/4234 4235/6947/4237 4196/6942/4198
f 4196/6883/4198 4235/6948/4237 4152/6816/4154
f 4152/6816/4154 4235/6948/4237 4154/6818/4156
f 4155/6819/4157 3940/6487/3942 4153/6817/4155
f 4200/6893/4202 3940/6487/3942 4155/6819/4157
f 4154/6818/4156 4235/6948/4237 4201/6894/4203
f 4202/6895/4204 4201/6894/4203 4235/6948/4237
f 4202/6895/4204 4236/6949/4238 4157/6897/4159
f 4157/6897/4159 4236/6949/4238 3943/6950/3945
f 3940/6490/3942 4005/6587/4007 4237/6951/4239
f 4005/6587/4007 4238/6952/4240 4237/6951/4239
f 4005/6587/4007 4007/6590/4009 4238/6952/4240
f 3629/5973/3631 4075/6691/4077 4114/6759/4116
f 3596/6077/3598 4205/6900/4207 4075/6953/4077
f 4076/6693/4078 4203/6898/4205 4204/6899/4206
f 3596/6077/3598 3712/6126/3714 4205/6900/4207
f 3320/5975/3322 4076/6693/4078 4204/6899/4206
f 4116/6761/4118 3852/6351/3854 4078/6695/4080
f 4079/6696/4081 3890/6494/3892 4160/6829/4162
f 3772/6954/3774 4160/6829/4162 3457/6830/3459
f 4013/6597/4015 4081/6698/4083 4239/6955/4241
f 4162/6832/4164 4239/6955/4241 4081/6698/4083
f 3773/6226/3775 4240/6956/4242 4010/6594/4012
f 3773/6226/3775 4121/6767/4123 4240/6956/4242
f 2963/6228/2965 3811/6957/3813 4207/6903/4209
f 3715/6958/3717 4241/6959/4243 4242/6960/4244
f 4208/6961/4210 4241/6959/4243 3715/6958/3717
f 4120/6766/4122 4018/6612/4020 4206/6901/4208
f 4018/6612/4020 4210/6907/4212 4206/6901/4208
f 3854/6354/3856 4125/6771/4127 4124/6770/4126
f 4165/6835/4167 4209/6906/4211 4084/6702/4086
f 4207/6903/4209 4126/6772/4128 3949/6501/3951
f 4168/6839/4170 4243/6962/4245 4167/6838/4169
f 3684/6232/3686 4244/6963/4246 3776/6231/3778
f 4017/6706/4019 4211/6908/4213 4122/6964/4124
f 3776/6231/3778 4244/6963/4246 4169/6840/4171
f 3633/5981/3635 3948/6500/3950 4245/6965/4247
f 3898/6416/3900 4021/6966/4023 4085/6704/4087
f 3718/6299/3720 4167/6838/4169 4246/6967/4248
f 4022/6620/4024 4129/6778/4131 4212/6909/4214
f 3957/6716/3959 4247/6968/4249 4130/6779/4132
f 4092/6717/4094 3906/6429/3908 4248/6969/4250
f 4026/6624/4028 4249/6970/4251 4028/6626/4030
f 4173/6846/4175 4250/6971/4252 4172/6845/4174
f 4093/6910/4095 4251/6972/4253 4213/6911/4215
f 4096/6724/4098 4251/6973/4253 4093/6721/4095
f 4214/6912/4216 4217/6974/4219 3784/6251/3786
f 4176/6851/4178 4252/6975/4254 4096/6724/4098
f 3873/6725/3875 3732/6727/3734 4037/6976/4039
f 4177/6977/4179 4134/6786/4136 4035/6637/4037
f 4220/6920/4222 4098/6919/4100 4253/6978/4255
f 3731/6199/3733 4219/6918/4221 4135/6979/4137
f 4254/6980/4256 4034/6635/4036 4222/6923/4224
f 3757/6198/3759 4222/6923/4224 4034/6635/4036
f 4098/6919/4100 3911/6981/3913 4253/6978/4255
f 3911/6981/3913 4178/6926/4180 4255/6982/4257
f 4097/6729/4099 4183/6928/4185 4179/6855/4181
f 4097/6729/4099 4256/6983/4258 4183/6928/4185
f 4180/6856/4182 4182/6859/4184 4138/6791/4140
f 4180/6856/4182 4137/6790/4139 4182/6859/4184
f 4138/6791/4140 4182/6859/4184 4139/6792/4141
f 4139/6792/4141 4182/6859/4184 4039/6642/4041
f 4137/6790/4139 4225/6930/4227 4182/6859/4184
f 4182/6859/4184 4140/6793/4142 4039/6642/4041
f 4183/6861/4185 4257/6984/4259 3974/6543/3976
f 4100/6733/4102 3915/6443/3917 4226/6931/4228
f 3701/6115/3703 4258/6985/4260 3669/6057/3671
f 4046/6651/4048 4184/6863/4186 4142/6796/4144
f 3841/6336/3843 4144/6801/4146 3876/6389/3878
f 4231/6986/4233 4229/6987/4231 4187/6988/4189
f 4259/6989/4261 4104/6741/4106 4260/6990/4262
f 4260/6990/4262 4104/6741/4106 4194/6879/4196
f 4259/6989/4261 4193/6878/4195 4104/6741/4106
f 4261/6991/4263 4195/6992/4197 4149/6993/4151
f 4234/6994/4236 4150/6995/4152 4262/6996/4264
f 4262/6997/4264 4150/6998/4152 4198/6891/4200
f 4262/6997/4264 4198/6891/4200 4197/6888/4199
f 4112/6755/4114 4199/6892/4201 4263/6999/4265
f 4264/7000/4266 4235/6947/4237 4232/6940/4234
f 4199/6892/4201 4153/6817/4155 4263/6999/4265
f 4265/7001/4267 4235/6948/4237 4264/7002/4266
f 4235/6948/4237 4265/7001/4267 4202/6895/4204
f 4202/6895/4204 4265/7001/4267 4236/6949/4238
f 4114/6827/4116 4266/7003/4268 4068/6825/4070
f 4006/7004/4008 3943/6950/3945 4236/6949/4238
f 4077/6694/4079 4159/6828/4161 3154/5746/3156
f 4078/6695/4080 4205/6900/4207 4116/6761/4118
f 4161/6831/4163 3597/6290/3599 3853/6353/3855
f 4267/7005/4269 4166/6837/4168 4012/6596/4014
f 4268/7006/4270 4165/6835/4167 4013/6597/4015
f 4268/7006/4270 4013/6597/4015 4239/6955/4241
f 4268/7006/4270 4239/6955/4241 4269/7007/4271
f 4269/7007/4271 4239/6955/4241 4162/6832/4164
f 4244/6963/4246 4010/6594/4012 4240/6956/4242
f 4270/7008/4272 4164/6834/4166 4206/6901/4208
f 4267/7005/4269 4271/7009/4273 4166/6837/4168
f 4162/6832/4164 3748/6410/3750 4269/7007/4271
f 4244/6963/4246 4240/6956/4242 4121/6767/4123
f 3680/6080/3682 4243/6962/4245 4168/6839/4170
f 4271/7009/4273 3948/6500/3950 4166/6837/4168
f 4272/7010/4274 4206/6901/4208 4210/6907/4212
f 4273/7011/4275 4209/6906/4211 4165/6835/4167
f 3748/6410/3750 3602/5922/3604 4269/7007/4271
f 4121/6767/4123 4169/6840/4171 4244/6963/4246
f 4208/6961/4210 4122/6964/4124 4211/6908/4213
f 3602/5922/3604 4209/6906/4211 4273/7011/4275
f 4243/6962/4245 4246/6967/4248 4167/6838/4169
f 4272/7010/4274 4210/6907/4212 4274/7012/4276
f 4274/7012/4276 4210/6907/4212 4127/6773/4129
f 4274/7012/4276 4127/6773/4129 3818/6300/3820
f 4246/6967/4248 3818/6300/3820 3718/6299/3720
f 4275/7013/4277 4085/6704/4087 4021/6966/4023
f 4276/7014/4278 3859/6359/3861 3633/5981/3635
f 4021/6619/4023 3860/6360/3862 4128/7015/4130
f 4277/7016/4279 4129/6778/4131 4090/6714/4092
f 4278/7017/4280 4131/6780/4133 4171/6842/4173
f 3957/6716/3959 3903/7018/3905 4247/6968/4249
f 4247/6968/4249 3903/7018/3905 4092/7019/4094
f 4279/7020/4281 4027/6625/4029 4280/7021/4282
f 4028/6626/4030 3959/7022/3961 3907/6430/3909
f 3959/6522/3961 4281/7023/4283 4214/6912/4216
f 4250/6971/4252 4174/6848/4176 4172/6845/4174
f 4251/6973/4253 4096/6724/4098 4252/6975/4254
f 4252/6975/4254 4176/6851/4178 4216/6914/4218
f 4252/6975/4254 4216/6914/4218 4217/6915/4219
f 4282/7024/4284 4037/6921/4039 4220/6920/4222
f 4134/6786/4136 4136/6789/4138 4036/6639/4038
f 4034/6635/4036 4254/6980/4256 4219/6918/4221
f 4253/6978/4255 3911/6981/3913 4255/6982/4257
f 4222/6923/4224 4221/6922/4223 4254/6980/4256
f 4135/6788/4137 4254/7025/4256 4097/6729/4099
f 4097/6729/4099 4254/7025/4256 4256/6983/4258
f 4038/6641/4040 3758/6200/3760 4224/6929/4226
f 4256/6983/4258 4283/7026/4285 4183/6928/4185
f 4181/6857/4183 3973/6541/3975 3913/7027/3915
f 4283/7028/4285 4257/6984/4259 4183/6861/4185
f 4258/6985/4260 3701/6115/3703 3974/6543/3976
f 4100/6733/4102 4284/7029/4286 4099/6732/4101
f 4052/6660/4054 4285/7030/4287 4053/6661/4055
f 3799/6272/3801 4053/6661/4055 4185/6865/4187
f 3801/7031/3803 4228/7032/4230 4286/7033/4288
f 3927/7034/3929 4287/7035/4289 3804/6281/3806
f 3764/6212/3766 4146/6806/4148 4288/7036/4290
f 4146/6806/4148 4056/6665/4058 4289/7037/4291
f 4188/6871/4190 4290/7038/4292 4191/6874/4193
f 4105/6743/4107 4291/7039/4293 4190/6873/4192
f 4105/7040/4107 4231/7041/4233 4291/7042/4293
f 4291/7042/4293 4149/6993/4151 4190/7043/4192
f 4291/7042/4293 4261/6991/4263 4149/6993/4151
f 4056/7044/4058 4192/7045/4194 4289/7046/4291
f 4261/6991/4263 4197/7047/4199 4195/6992/4197
f 4192/6877/4194 4112/6755/4114 4263/6999/4265
f 4263/6999/4265 4153/6817/4155 4292/7048/4294
f 4153/6817/4155 3940/6487/3942 4292/7048/4294
f 3940/6490/3942 4237/6951/4239 4293/7049/4295
f 4115/6760/4117 4203/7050/4205 3851/6350/3853
f 4205/6900/4207 4078/6695/4080 4294/7051/4296
f 3945/7052/3947 3287/7053/3289 4295/7054/4297
f 4161/6831/4163 4296/7055/4298 3597/6290/3599
f 3680/6080/3682 4270/7008/4272 4297/7056/4299
f 4163/6833/4165 4270/7008/4272 3680/6080/3682
f 4163/6833/4165 4164/6834/4166 4270/7008/4272
f 4010/6594/4012 4244/6963/4246 3947/6902/3949
f 4297/7056/4299 4243/6962/4245 3680/6080/3682
f 4272/7010/4274 4270/7008/4272 4206/6901/4208
f 4268/7006/4270 4273/7011/4275 4165/6835/4167
f 4268/7006/4270 4269/7007/4271 4273/7011/4275
f 4269/7007/4271 3602/5922/3604 4273/7011/4275
f 4244/6963/4246 3684/6232/3686 3947/6902/3949
f 4272/7010/4274 4274/7012/4276 4298/7057/4300
f 4298/7057/4300 3818/6300/3820 4246/6967/4248
f 4274/7012/4276 3818/6300/3820 4298/7057/4300
f 4276/7014/4278 4299/7058/4301 3859/6359/3861
f 4212/6909/4214 4129/6778/4131 4300/7059/4302
f 4299/7058/4301 3686/6091/3688 3859/6359/3861
f 4301/7060/4303 4021/7061/4023 4128/6777/4130
f 4089/6713/4091 4277/7016/4279 4090/6714/4092
f 4171/6842/4173 4247/6968/4249 4302/7062/4304
f 4171/6842/4173 4130/6779/4132 4247/6968/4249
f 4131/6780/4133 4303/7063/4305 4025/6623/4027
f 4304/7064/4306 3866/6781/3868 4025/6623/4027
f 4250/6971/4252 4305/7065/4307 4174/6848/4176
f 3637/5988/3639 3873/6783/3875 4306/7066/4308
f 4175/6850/4177 4307/7067/4309 4215/6913/4217
f 4252/7068/4254 4217/7069/4219 4308/7070/4310
f 4309/7071/4311 4218/6916/4220 4215/6913/4217
f 4133/6852/4135 4218/7072/4220 4177/6853/4179
f 4136/6789/4138 4255/6982/4257 4178/6926/4180
f 4219/6918/4221 4254/6980/4256 4135/6979/4137
f 4038/6641/4040 4224/6929/4226 4223/6927/4225
f 4256/6983/4258 4254/7025/4256 4283/7026/4285
f 4258/6985/4260 3974/6543/3976 4257/6984/4259
f 4310/7073/4312 4099/6732/4101 4284/7029/4286
f 4284/7029/4286 4100/6733/4102 4226/6931/4228
f 4226/6931/4228 4142/6796/4144 4184/6863/4186
f 4051/6659/4053 4145/6805/4147 4052/6660/4054
f 3926/7074/3928 4311/7075/4313 3800/7076/3802
f 4054/7077/4056 4286/7033/4288 4312/7078/4314
f 4286/7033/4288 4054/7077/4056 3801/7031/3803
f 4228/7032/4230 4313/7079/4315 4286/7033/4288
f 4228/7080/4230 3803/7081/3805 4313/7082/4315
f 3804/6281/3806 4287/7035/4289 3981/6552/3983
f 4146/6806/4148 4289/7037/4291 4288/7036/4290
f 4231/7041/4233 4314/7083/4316 4291/7042/4293
f 4291/7042/4293 4314/7083/4316 4261/6991/4263
f 4260/7084/4262 4315/7085/4317 4259/7086/4261
f 4260/7084/4262 4194/7087/4196 4315/7085/4317
f 3803/7088/3805 4068/7089/4070 4316/7090/4318
f 4259/7086/4261 4315/7085/4317 4193/7091/4195
f 4193/6878/4195 4158/6896/4160 3883/6397/3885
f 4264/7002/4266 4317/7092/4319 4265/7001/4267
f 3940/6487/3942 4293/7093/4295 4292/7048/4294
f 4237/6951/4239 4238/6952/4240 4293/7049/4295
f 4007/6590/4009 3770/6220/3772 4318/7094/4320
f 4008/6591/4010 4319/7095/4321 3888/6404/3890
f 4008/6591/4010 4009/6592/4011 4319/7095/4321
f 4320/7096/4322 4114/7097/4116 4321/7098/4323
f 4114/7097/4116 4075/7099/4077 4321/7098/4323
f 4205/6900/4207 4294/7051/4296 4075/6953/4077
f 4118/6763/4120 4322/7100/4324 4117/6762/4119
f 3811/7101/3813 4323/7102/4325 4207/7103/4209
f 4297/7056/4299 4324/7104/4326 4243/6962/4245
f 4270/7008/4272 4324/7104/4326 4297/7056/4299
f 4208/6961/4210 4211/6908/4213 4241/6959/4243
f 4270/7008/4272 4325/7105/4327 4324/7104/4326
f 4270/7008/4272 4272/7010/4274 4325/7105/4327
f 4207/7103/4209 4323/7102/4325 4126/6776/4128
f 4324/7104/4326 4298/7057/4300 4243/6962/4245
f 4243/6962/4245 4298/7057/4300 4246/6967/4248
f 4325/7105/4327 4298/7057/4300 4324/7104/4326
f 4272/7010/4274 4298/7057/4300 4325/7105/4327
f 4245/6965/4247 4276/7014/4278 3633/5981/3635
f 4020/6616/4022 4212/6909/4214 4211/6908/4213
f 4126/6776/4128 4170/6841/4172 3512/6709/3514
f 4021/7061/4023 4301/7060/4303 4275/7106/4277
f 4131/6780/4133 4278/7017/4280 4326/7107/4328
f 4303/7063/4305 4304/7064/4306 4025/6623/4027
f 4027/6625/4029 4327/7108/4329 4280/7021/4282
f 4027/6625/4029 4132/6782/4134 4327/7108/4329
f 4307/7067/4309 4309/7071/4311 4215/6913/4217
f 4328/7109/4330 4037/6921/4039 4282/7024/4284
f 3873/7110/3875 4037/7111/4039 4328/7112/4330
f 3967/6728/3969 4223/6927/4225 4221/6925/4223
f 4254/7113/4256 4329/7114/4331 4283/7115/4285
f 4329/7116/4331 4257/7117/4259 4283/7118/4285
f 4181/7119/4183 4099/7120/4101 4310/7121/4312
f 3913/6439/3915 4099/6732/4101 4181/7122/4183
f 3669/6862/3671 4330/7123/4332 4184/6863/4186
f 4285/7030/4287 4052/6660/4054 4331/7124/4333
f 4186/7125/4188 4054/7077/4056 4312/7078/4314
f 4313/7082/4315 3803/7081/3805 4316/7126/4318
f 4288/7036/4290 4332/7127/4334 3764/6212/3766
f 3764/6212/3766 4332/7127/4334 3927/6467/3929
f 3981/7128/3983 4287/7129/4289 4333/7130/4335
f 3981/7128/3983 4333/7130/4335 4188/7131/4190
f 4188/6871/4190 4333/7132/4335 4290/7038/4292
f 4191/6874/4193 4290/7038/4292 4334/7133/4336
f 4191/6874/4193 4334/7133/4336 4335/7134/4337
f 4191/6874/4193 4335/7134/4337 4232/6940/4234
f 4194/7087/4196 4233/7135/4235 4315/7085/4317
f 4192/7045/4194 4336/7136/4338 4289/7046/4291
f 4337/7137/4339 4338/7138/4340 4197/7047/4199
f 4192/7045/4194 4263/7139/4265 4339/7140/4341
f 4197/7047/4199 4338/7138/4340 4262/6996/4264
f 4340/7141/4342 4341/7142/4343 4342/7143/4344
f 4342/7143/4344 4343/7144/4345 4340/7141/4342
f 4340/7141/4342 4344/7145/4346 4341/7142/4343
f 4343/7144/4345 4344/7145/4346 4340/7141/4342
f 4265/7001/4267 4317/7092/4319 4236/6949/4238
f 4007/6590/4009 4318/7094/4320 4238/6952/4240
f 4006/6690/4008 4345/7146/4347 4009/6592/4011
f 3888/6404/3890 4319/7095/4321 3770/6221/3772
f 4294/7051/4296 4078/6695/4080 4346/7147/4348
f 4078/6695/4080 4117/6762/4119 4346/7147/4348
f 4296/7148/4298 3772/6954/3774 3597/7149/3599
f 4242/6960/4244 4241/6959/4243 4347/7150/4349
f 4347/7150/4349 4241/6959/4243 4211/6908/4213
f 4348/7151/4350 4126/6776/4128 4323/7102/4325
f 4271/7009/4273 4276/7014/4278 4245/6965/4247
f 4299/7058/4301 4128/6777/4130 3686/6091/3688
f 4349/7152/4351 4171/6842/4173 4302/7062/4304
f 4349/7152/4351 4302/7062/4304 4247/6968/4249
f 4304/7153/4306 4026/6719/4028 3866/6370/3868
f 4248/6969/4250 3906/6429/3908 4027/6625/4029
f 4248/6969/4250 4027/6625/4029 4279/7020/4281
f 4350/7154/4352 4249/6970/4251 4026/6624/4028
f 4350/7154/4352 4351/7155/4353 4249/6970/4251
f 4352/7156/4354 4249/6970/4251 4351/7155/4353
f 4249/6970/4251 4352/7156/4354 4028/6626/4030
f 4352/7156/4354 4353/7157/4355 4028/6626/4030
f 4353/7157/4355 4354/7158/4356 4028/6626/4030
f 4028/6626/4030 4354/7158/4356 3959/7022/3961
f 4354/7159/4356 4281/7023/4283 3959/6522/3961
f 4355/7160/4357 4174/6848/4176 4305/7065/4307
f 4251/6972/4253 4252/7161/4254 4356/7162/4358
f 4357/7163/4359 4214/6912/4216 4281/7023/4283
f 4358/7164/4360 4217/6974/4219 4214/6912/4216
f 4358/7164/4360 4308/7165/4310 4217/6974/4219
f 4359/7166/4361 4252/7068/4254 4308/7070/4310
f 4359/7166/4361 4308/7070/4310 4358/7167/4360
f 4218/7072/4220 4360/7168/4362 4177/6853/4179
f 4134/7169/4136 4177/6853/4179 4360/7168/4362
f 4361/7170/4363 4136/6789/4138 4134/6786/4136
f 4361/7170/4363 4255/6982/4257 4136/6789/4138
f 4224/6929/4226 3972/6540/3974 4362/7171/4364
f 3972/6540/3974 4181/6857/4183 4362/7171/4364
f 4181/7119/4183 4310/7121/4312 4362/7172/4364
f 4258/6985/4260 4363/7173/4365 3669/6057/3671
f 4184/6863/4186 4364/7174/4366 4226/6931/4228
f 4365/7175/4367 4287/7176/4289 3927/7177/3929
f 4366/7178/4368 4231/6986/4233 4187/6988/4189
f 4367/7179/4369 4314/7083/4316 4231/7041/4233
f 4368/7180/4370 4314/7083/4316 4367/7179/4369
f 4369/7181/4371 4316/7090/4318 4068/7089/4070
f 4197/7047/4199 4261/6991/4263 4368/7180/4370
f 4368/7180/4370 4261/6991/4263 4314/7083/4316
f 4335/7134/4337 4370/7182/4372 4232/6940/4234
f 4368/7180/4370 4337/7137/4339 4197/7047/4199
f 4192/7045/4194 4339/7140/4341 4336/7136/4338
f 4371/7183/4373 4234/6994/4236 4262/6996/4264
f 4371/7183/4373 4262/6996/4264 4338/7138/4340
f 4263/7139/4265 4292/7184/4294 4339/7140/4341
f 4372/7185/4374 4373/7186/4375 4374/7187/4376
f 4373/7186/4375 4375/7188/4377 4374/7187/4376
f 4372/7185/4374 4374/7187/4376 4376/7189/4378
f 4375/7188/4377 4342/7143/4344 4341/7142/4343
f 4341/7142/4343 4374/7187/4376 4375/7188/4377
f 4376/7189/4378 4374/7187/4376 4341/7142/4343
f 4375/7188/4377 4343/7144/4345 4342/7143/4344
f 4377/7190/4379 4343/7144/4345 4375/7188/4377
f 4341/7142/4343 4344/7145/4346 4376/7189/4378
f 4376/7189/4378 4344/7145/4346 4378/7191/4380
f 4377/7190/4379 4344/7145/4346 4343/7144/4345
f 4378/7191/4380 4344/7145/4346 4377/7190/4379
f 4317/7192/4319 4379/7193/4381 4236/7194/4238
f 4380/7195/4382 4236/7196/4238 4379/7197/4381
f 4380/7195/4382 4006/7198/4008 4236/7196/4238
f 4380/7195/4382 4345/7199/4347 4006/7198/4008
f 4159/6828/4161 4381/7200/4383 3889/6405/3891
f 4118/6763/4120 4079/6696/4081 4322/7100/4324
f 4296/7055/4298 4161/6831/4163 3945/6593/3947
f 3948/6500/3950 4271/7009/4273 4245/6965/4247
f 4124/6770/4126 4125/6771/4127 4382/7201/4384
f 4348/7151/4350 4170/6841/4172 4126/6776/4128
f 4085/6704/4087 4275/7013/4277 4383/7202/4385
f 4170/7203/4172 4277/7016/4279 4089/6713/4091
f 4129/6778/4131 4277/7016/4279 4300/7059/4302
f 4301/7060/4303 4128/6777/4130 4299/7058/4301
f 4349/7152/4351 4278/7017/4280 4171/6842/4173
f 4326/7107/4328 4384/7204/4386 4131/6780/4133
f 4384/7204/4386 4303/7063/4305 4131/6780/4133
f 4303/7063/4305 4385/7205/4387 4304/7064/4306
f 4026/7206/4028 4304/7064/4306 4385/7205/4387
f 4213/6911/4215 4386/7207/4388 4173/6846/4175
f 4281/7023/4283 4354/7159/4356 4357/7163/4359
f 4355/7160/4357 4175/6850/4177 4174/6848/4176
f 4355/7160/4357 4307/7067/4309 4175/6850/4177
f 4306/7208/4308 3873/7110/3875 4328/7112/4330
f 4357/7163/4359 4358/7164/4360 4214/6912/4216
f 4252/7161/4254 4359/7209/4361 4356/7162/4358
f 4358/7167/4360 4387/7210/4389 4359/7166/4361
f 4359/7166/4361 4387/7210/4389 4388/7211/4390
f 4389/7212/4391 4328/7213/4330 4282/7214/4284
f 4282/7024/4284 4220/6920/4222 4390/7215/4392
f 4391/7216/4393 4254/7113/4256 4221/7217/4223
f 4223/6927/4225 4392/7218/4394 4221/6925/4223
f 4391/7216/4393 4329/7114/4331 4254/7113/4256
f 4392/7218/4394 4223/6927/4225 4224/6929/4226
f 4362/7172/4364 4310/7121/4312 4392/7219/4394
f 4392/7219/4394 4310/7121/4312 4284/7220/4286
f 4284/7029/4286 4226/6931/4228 4393/7221/4395
f 4257/7117/4259 4329/7116/4331 4258/7222/4260
f 4329/7116/4331 4393/7221/4395 4258/7222/4260
f 4393/7221/4395 4364/7174/4366 4258/7222/4260
f 4226/6931/4228 4364/7174/4366 4393/7221/4395
f 4364/7174/4366 4363/7223/4365 4258/7222/4260
f 4364/7174/4366 4330/7123/4332 4363/7223/4365
f 4364/7174/4366 4184/6863/4186 4330/7123/4332
f 4363/7223/4365 4330/7123/4332 3669/6862/3671
f 4052/6660/4054 4145/6805/4147 4186/6866/4188
f 3800/7076/3802 4227/6934/4229 3802/6933/3804
f 4312/7078/4314 4286/7033/4288 4313/7079/4315
f 3927/7224/3929 4332/7225/4334 4365/7226/4367
f 4333/7227/4335 4394/7228/4396 4290/7229/4292
f 4233/7135/4235 4395/7230/4397 4315/7085/4317
f 4336/7136/4338 4339/7140/4341 4396/7231/4398
f 4396/7231/4398 4339/7140/4341 4397/7232/4399
f 4370/7182/4372 4264/7000/4266 4232/6940/4234
f 4068/6825/4070 4266/7003/4268 4398/7233/4400
f 4264/7234/4266 4399/7235/4401 4317/7236/4319
f 4400/7237/4402 4372/7185/4374 4401/7238/4403
f 4400/7237/4402 4373/7186/4375 4372/7185/4374
f 4373/7186/4375 4402/7239/4404 4375/7188/4377
f 4372/7185/4374 4376/7189/4378 4401/7238/4403
f 4375/7188/4377 4403/7240/4405 4404/7241/4406
f 4375/7188/4377 4402/7239/4404 4403/7240/4405
f 4375/7188/4377 4404/7241/4406 4377/7190/4379
f 4398/7233/4400 4266/7003/4268 4405/7242/4407
f 4266/7003/4268 4406/7243/4408 4405/7242/4407
f 4403/7240/4405 4378/7191/4380 4404/7241/4406
f 4403/7240/4405 4407/7244/4409 4378/7191/4380
f 4376/7189/4378 4378/7191/4380 4407/7244/4409
f 4404/7241/4406 4378/7191/4380 4377/7190/4379
f 4009/6592/4011 4345/7146/4347 4408/7245/4410
f 4114/6827/4116 4320/7246/4322 4266/7003/4268
f 4158/7247/4160 4409/7248/4411 4115/7249/4117
f 4409/7250/4411 4410/7251/4412 4115/7252/4117
f 4079/6696/4081 4411/7253/4413 4322/7100/4324
f 3889/6405/3891 4381/7200/4383 3771/6224/3773
f 4160/6829/4162 4412/7254/4414 4079/6696/4081
f 3598/5916/3600 4267/7005/4269 4012/6596/4014
f 4124/6770/4126 4382/7201/4384 3598/6905/3600
f 4382/7201/4384 4125/6771/4127 4413/7255/4415
f 4085/6704/4087 4413/7255/4415 4125/6771/4127
f 4085/6704/4087 4383/7202/4385 4413/7255/4415
f 4299/7058/4301 4276/7014/4278 4301/7060/4303
f 4414/7256/4416 4092/6717/4094 4248/6969/4250
f 4415/7257/4417 4026/7206/4028 4385/7205/4387
f 4416/7258/4418 4353/7157/4355 4352/7156/4354
f 3637/5988/3639 4306/7066/4308 4132/6782/4134
f 4213/6911/4215 4417/7259/4419 4386/7207/4388
f 4213/6911/4215 4251/6972/4253 4417/7259/4419
f 4173/6846/4175 4386/7207/4388 4250/6971/4252
f 4328/7260/4330 4389/7261/4391 4306/7066/4308
f 4359/7209/4361 4388/7262/4390 4356/7162/4358
f 4282/7263/4284 4418/7264/4420 4389/7265/4391
f 4358/7164/4360 4419/7266/4421 4387/7267/4389
f 4418/7264/4420 4282/7263/4284 4420/7268/4422
f 4218/6916/4220 4309/7071/4311 4360/7269/4362
f 4360/7168/4362 4421/7270/4423 4134/7169/4136
f 4134/6786/4136 4421/7271/4423 4422/7272/4424
f 4134/6786/4136 4422/7272/4424 4361/7170/4363
f 4423/7273/4425 4220/6920/4222 4253/6978/4255
f 4253/6978/4255 4255/6982/4257 4423/7273/4425
f 4221/7217/4223 4392/7274/4394 4391/7216/4393
f 4224/7275/4226 4362/7172/4364 4392/7219/4394
f 4392/7219/4394 4284/7220/4286 4424/7276/4426
f 4391/7216/4393 4425/7277/4427 4329/7114/4331
f 4391/7278/4393 4424/7279/4426 4425/7280/4427
f 4329/7116/4331 4425/7280/4427 4393/7221/4395
f 4425/7280/4427 4284/7029/4286 4393/7221/4395
f 4053/7281/4055 4426/7282/4428 4185/7283/4187
f 4313/7079/4315 4427/7284/4429 4312/7078/4314
f 4332/7127/4334 4288/7036/4290 4428/7285/4430
f 4288/7036/4290 4289/7037/4291 4429/7286/4431
f 4366/7178/4368 4430/7287/4432 4231/6986/4233
f 4430/7288/4432 4367/7179/4369 4231/7041/4233
f 4367/7179/4369 4431/7289/4433 4368/7180/4370
f 4315/7085/4317 4395/7230/4397 4193/7091/4195
f 4368/7180/4370 4432/7290/4434 4337/7137/4339
f 4337/7137/4339 4434/7291/4435 4338/7138/4340
f 4337/7137/4339 4432/7290/4434 4434/7291/4435
f 4234/6944/4236 4371/7292/4373 4433/7293/4436
f 4370/7182/4372 4399/7294/4401 4264/7000/4266
f 4435/7295/4437 4436/7296/4438 4437/7297/4439
f 4435/7298/4437 4437/7299/4439 4400/7237/4402
f 4400/7237/4402 4437/7299/4439 4373/7186/4375
f 4398/7233/4400 4369/7300/4371 4068/6825/4070
f 4435/7295/4437 4401/7301/4403 4436/7296/4438
f 4400/7237/4402 4401/7238/4403 4435/7298/4437
f 4373/7186/4375 4438/7302/4440 4402/7239/4404
f 4438/7302/4440 4405/7303/4407 4402/7239/4404
f 4405/7303/4407 4403/7240/4405 4402/7239/4404
f 4376/7189/4378 4407/7244/4409 4439/7304/4441
f 4317/7305/4319 4399/7306/4401 4379/7197/4381
f 3770/6220/3772 4319/7307/4321 4318/7094/4320
f 4115/7308/4117 4410/7309/4412 4203/7310/4205
f 4075/6953/4077 4294/7051/4296 4321/7311/4323
f 4346/7147/4348 4117/6762/4119 4440/7312/4442
f 3771/6224/3773 4441/7313/4443 3287/5407/3289
f 4412/7254/4414 4442/7314/4444 4079/6696/4081
f 3598/5916/3600 4443/7315/4445 4267/7005/4269
f 3598/5916/3600 4382/7316/4384 4443/7315/4445
f 4211/6908/4213 4444/7317/4446 4347/7150/4349
f 4211/6908/4213 4212/6909/4214 4444/7317/4446
f 4271/7009/4273 4445/7318/4447 4276/7014/4278
f 4276/7014/4278 4275/7106/4277 4301/7060/4303
f 4278/7017/4280 4349/7152/4351 4446/7319/4448
f 4278/7017/4280 4447/7320/4449 4326/7107/4328
f 4247/6968/4249 4092/7019/4094 4349/7152/4351
f 4384/7204/4386 4415/7257/4417 4303/7063/4305
f 4303/7063/4305 4415/7257/4417 4385/7205/4387
f 4279/7020/4281 4448/7321/4450 4248/6969/4250
f 4350/7154/4352 4449/7322/4451 4351/7155/4353
f 4449/7322/4451 4352/7156/4354 4351/7155/4353
f 4352/7156/4354 4449/7322/4451 4416/7258/4418
f 4449/7322/4451 4450/7323/4452 4416/7258/4418
f 4280/7021/4282 4327/7108/4329 4279/7020/4281
f 4416/7258/4418 4451/7324/4453 4353/7157/4355
f 4279/7020/4281 4327/7108/4329 4450/7325/4452
f 4132/6782/4134 4389/7261/4391 4327/7108/4329
f 4354/7158/4356 4353/7157/4355 4451/7324/4453
f 4132/6782/4134 4306/7066/4308 4389/7261/4391
f 4389/7261/4391 4418/7326/4420 4327/7108/4329
f 4450/7327/4452 4418/7264/4420 4452/7328/4454
f 4327/7108/4329 4418/7326/4420 4450/7325/4452
f 4354/7159/4356 4452/7329/4454 4357/7163/4359
f 4354/7159/4356 4451/7330/4453 4452/7329/4454
f 4357/7163/4359 4452/7329/4454 4358/7164/4360
f 4388/7262/4390 4453/7331/4455 4356/7162/4358
f 4387/7210/4389 4453/7332/4455 4388/7211/4390
f 4419/7333/4421 4453/7332/4455 4387/7210/4389
f 4358/7164/4360 4452/7329/4454 4419/7266/4421
f 4361/7170/4363 4423/7273/4425 4255/6982/4257
f 4392/7219/4394 4424/7276/4426 4391/7334/4393
f 4284/7029/4286 4425/7280/4427 4424/7279/4426
f 4053/6661/4055 4285/7030/4287 4426/7335/4428
f 4311/7075/4313 4454/7336/4456 3800/7076/3802
f 4288/7036/4290 4429/7286/4431 4428/7285/4430
f 4187/6988/4189 4455/7337/4457 4366/7178/4368
f 4290/7229/4292 4394/7228/4396 4334/7338/4336
f 4289/7037/4291 4456/7339/4458 4429/7286/4431
f 4367/7179/4369 4430/7288/4432 4431/7289/4433
f 4431/7340/4433 4457/7341/4459 4368/7342/4370
f 4368/7342/4370 4457/7341/4459 4432/7343/4434
f 4234/6944/4236 4458/7344/4460 4233/6945/4235
f 4433/7293/4436 4459/7345/4461 4234/6944/4236
f 4432/7343/4434 4457/7341/4459 4434/7346/4435
f 4338/7347/4340 4459/7345/4461 4433/7293/4436
f 4338/7138/4340 4434/7291/4435 4459/7348/4461
f 4460/7349/4462 4461/7350/4463 4462/7351/4464
f 4462/7351/4464 4461/7350/4463 4463/7352/4465
f 4437/7353/4439 4461/7350/4463 4460/7349/4462
f 4292/7184/4294 4397/7232/4399 4339/7140/4341
f 4461/7354/4463 4436/7296/4438 4463/7355/4465
f 4437/7297/4439 4436/7296/4438 4461/7354/4463
f 4437/7353/4439 4460/7349/4462 4464/7356/4466
f 4437/7353/4439 4464/7356/4466 4373/7357/4375
f 4398/7233/4400 4438/7358/4440 4369/7300/4371
f 4436/7296/4438 4401/7301/4403 4465/7359/4467
f 4405/7242/4407 4438/7358/4440 4398/7233/4400
f 4401/7238/4403 4376/7189/4378 4465/7360/4467
f 4405/7303/4407 4406/7361/4408 4403/7240/4405
f 4403/7240/4405 4406/7361/4408 4466/7362/4468
f 4376/7189/4378 4439/7304/4441 4467/7363/4469
f 4439/7304/4441 4468/7364/4470 4467/7363/4469
f 4407/7244/4409 4466/7362/4468 4439/7304/4441
f 4439/7304/4441 4466/7362/4468 4468/7364/4470
f 4403/7240/4405 4466/7362/4468 4407/7244/4409
f 4379/7197/4381 4399/7306/4401 4469/7365/4471
f 4379/7197/4381 4469/7365/4471 4380/7195/4382
f 4318/7094/4320 4293/7049/4295 4238/6952/4240
f 4318/7094/4320 4470/7366/4472 4293/7049/4295
f 4319/7307/4321 4471/7367/4473 4318/7094/4320
f 4203/6898/4205 4472/7368/4474 4204/6899/4206
f 4204/6899/4206 4159/6828/4161 4077/6694/4079
f 4346/7147/4348 4473/7369/4475 4294/7051/4296
f 4346/7147/4348 4474/7370/4476 4473/7369/4475
f 4440/7312/4442 4474/7370/4476 4346/7147/4348
f 4322/7100/4324 4475/7371/4477 4117/6762/4119
f 4079/6696/4081 4442/7314/4444 4411/7253/4413
f 4476/7372/4478 4296/7373/4298 3945/7052/3947
f 3772/6954/3774 4296/7148/4298 4160/6829/4162
f 3811/7101/3813 4477/7374/4479 4323/7102/4325
f 4267/7005/4269 4443/7315/4445 4271/7009/4273
f 4276/7014/4278 4445/7318/4447 4275/7106/4277
f 4170/7203/4172 4478/7375/4480 4277/7016/4279
f 4446/7319/4448 4447/7320/4449 4278/7017/4280
f 4326/7107/4328 4447/7320/4449 4384/7204/4386
f 4026/7206/4028 4415/7257/4417 4479/7376/4481
f 4026/6624/4028 4479/7377/4481 4350/7154/4352
f 4350/7154/4352 4448/7378/4450 4449/7322/4451
f 4279/7379/4281 4449/7322/4451 4448/7378/4450
f 4449/7322/4451 4279/7379/4281 4450/7323/4452
f 4416/7258/4418 4450/7323/4452 4451/7324/4453
f 4450/7323/4452 4452/7380/4454 4451/7324/4453
f 4251/6972/4253 4356/7162/4358 4417/7259/4419
f 4355/7160/4357 4480/7381/4482 4307/7067/4309
f 4418/7264/4420 4420/7268/4422 4452/7328/4454
f 4452/7329/4454 4420/7382/4422 4481/7383/4483
f 4419/7266/4421 4482/7384/4484 4453/7385/4455
f 4419/7266/4421 4481/7383/4483 4482/7384/4484
f 4419/7266/4421 4452/7329/4454 4481/7383/4483
f 4420/7386/4422 4282/7024/4284 4390/7215/4392
f 4483/7387/4485 4311/7388/4313 3926/7389/3928
f 4454/7390/4456 4311/7388/4313 4483/7387/4485
f 4454/7336/4456 4227/6934/4229 3800/7076/3802
f 4484/7391/4486 4312/7078/4314 4427/7284/4429
f 4055/7392/4057 4455/7337/4457 4187/6988/4189
f 4485/7393/4487 4394/7394/4396 4333/7130/4335
f 4456/7395/4458 4289/7046/4291 4336/7136/4338
f 4334/7338/4336 4486/7396/4488 4335/7397/4337
f 4486/7398/4488 4370/7182/4372 4335/7134/4337
f 4487/7399/4489 4395/7230/4397 4233/7135/4235
f 4488/7400/4490 4336/7136/4338 4396/7231/4398
f 4489/7401/4491 4490/7402/4492 4491/7403/4493
f 4492/7404/4494 4193/7091/4195 4395/7230/4397
f 4487/7405/4489 4492/7406/4494 4395/7407/4397
f 4431/7340/4433 4493/7408/4495 4457/7341/4459
f 4491/7403/4493 4490/7402/4492 4494/7409/4496
f 4489/7401/4491 4495/7410/4497 4490/7402/4492
f 4490/7402/4492 4495/7410/4497 4494/7409/4496
f 4458/7344/4460 4234/6944/4236 4459/7345/4461
f 4458/7344/4460 4459/7345/4461 4496/7411/4498
f 4493/7408/4495 4434/7346/4435 4457/7341/4459
f 4493/7408/4495 4496/7412/4498 4434/7346/4435
f 4494/7409/4496 4495/7410/4497 4463/7352/4465
f 4462/7351/4464 4495/7410/4497 4460/7349/4462
f 4462/7351/4464 4463/7352/4465 4495/7410/4497
f 4489/7401/4491 4460/7349/4462 4495/7410/4497
f 4496/7412/4498 4459/7413/4461 4434/7346/4435
f 4494/7414/4496 4463/7355/4465 4465/7359/4467
f 4463/7355/4465 4436/7296/4438 4465/7359/4467
f 4464/7356/4466 4438/7415/4440 4373/7357/4375
f 4376/7189/4378 4467/7363/4469 4465/7360/4467
f 4465/7360/4467 4467/7363/4469 4497/7416/4499
f 4497/7416/4499 4467/7363/4469 4468/7364/4470
f 4440/7312/4442 4117/6762/4119 4475/7371/4477
f 4295/7417/4297 3287/7418/3289 4441/7419/4443
f 4295/7054/4297 4476/7372/4478 3945/7052/3947
f 4498/7420/4500 3715/6133/3717 4242/7421/4244
f 4242/6960/4244 4347/7150/4349 4499/7422/4501
f 4499/7422/4501 4347/7150/4349 4444/7317/4446
f 4443/7315/4445 4500/7423/4502 4271/7009/4273
f 4323/7102/4325 4477/7374/4479 4348/7151/4350
f 4499/7422/4501 4444/7317/4446 4501/7424/4503
f 4271/7009/4273 4500/7423/4502 4445/7318/4447
f 4500/7423/4502 4443/7315/4445 4382/7316/4384
f 4444/7317/4446 4212/6909/4214 4501/7424/4503
f 4500/7425/4502 4382/7201/4384 4413/7255/4415
f 4500/7423/4502 4413/7426/4415 4383/7427/4385
f 4445/7318/4447 4383/7427/4385 4275/7106/4277
f 4478/7375/4480 4502/7428/4504 4277/7016/4279
f 4502/7428/4504 4300/7059/4302 4277/7016/4279
f 4446/7319/4448 4349/7152/4351 4503/7429/4505
f 4503/7429/4505 4349/7152/4351 4092/7019/4094
f 4504/7430/4506 4384/7204/4386 4447/7320/4449
f 4479/7376/4481 4415/7257/4417 4384/7204/4386
f 4505/7431/4507 4092/6717/4094 4414/7256/4416
f 4479/7377/4481 4448/7378/4450 4350/7154/4352
f 4417/7259/4419 4356/7162/4358 4453/7331/4455
f 4480/7381/4482 4506/7432/4508 4307/7067/4309
f 4420/7382/4422 4390/7433/4392 4481/7383/4483
f 4507/7434/4509 4421/7270/4423 4360/7168/4362
f 4309/7071/4311 4507/7435/4509 4360/7269/4362
f 4422/7272/4424 4508/7436/4510 4361/7170/4363
f 4390/7215/4392 4220/6920/4222 4423/7273/4425
f 4312/7078/4314 4509/7437/4511 4186/7125/4188
f 4427/7284/4429 4313/7079/4315 4510/7438/4512
f 4511/7439/4513 4055/6935/4057 4227/6934/4229
f 4332/7225/4334 4428/7440/4430 4512/7441/4514
f 4287/7129/4289 4485/7393/4487 4333/7130/4335
f 4485/7442/4487 4513/7443/4515 4394/7228/4396
f 4394/7228/4396 4513/7443/4515 4334/7338/4336
f 4366/7178/4368 4514/7444/4516 4430/7287/4432
f 4430/7445/4432 4514/7446/4516 4431/7340/4433
f 4515/7447/4517 4456/7395/4458 4336/7136/4338
f 4515/7447/4517 4336/7136/4338 4488/7400/4490
f 4489/7401/4491 4491/7403/4493 4516/7448/4518
f 4491/7403/4493 4517/7449/4519 4516/7448/4518
f 4491/7403/4493 4494/7409/4496 4517/7449/4519
f 4516/7448/4518 4518/7450/4520 4489/7401/4491
f 4233/6945/4235 4458/7344/4460 4519/7451/4521
f 4496/7412/4498 4520/7452/4522 4458/7453/4460
f 4458/7453/4460 4520/7452/4522 4519/7454/4521
f 4493/7408/4495 4520/7452/4522 4496/7412/4498
f 4517/7455/4519 4494/7414/4496 4521/7456/4523
f 4489/7401/4491 4518/7450/4520 4460/7349/4462
f 4518/7450/4520 4464/7356/4466 4460/7349/4462
f 4494/7414/4496 4465/7359/4467 4521/7456/4523
f 4369/7457/4371 4438/7415/4440 4522/7458/4524
f 4466/7362/4468 4406/7361/4408 4523/7459/4525
f 4524/7460/4526 4465/7359/4467 4497/7461/4499
f 4466/7362/4468 4523/7459/4525 4468/7364/4470
f 4468/7364/4470 4523/7459/4525 4497/7416/4499
f 4406/7361/4408 4266/7462/4268 4523/7459/4525
f 4292/7463/4294 4293/7049/4295 4525/7464/4527
f 4318/7094/4320 4471/7367/4473 4470/7366/4472
f 4321/7098/4323 4526/7465/4528 4320/7096/4322
f 4203/6898/4205 4527/7466/4529 4472/7368/4474
f 4321/7311/4323 4294/7051/4296 4528/7467/4530
f 4528/7467/4530 4294/7051/4296 4473/7369/4475
f 4472/7368/4474 4159/6828/4161 4204/6899/4206
f 4296/7373/4298 4476/7372/4478 4160/7468/4162
f 3715/6133/3717 4498/7420/4500 3811/6292/3813
f 4499/7422/4501 4501/7424/4503 4242/6960/4244
f 4529/7469/4531 4348/7470/4350 4477/7471/4479
f 4501/7424/4503 4212/6909/4214 4530/7472/4532
f 4500/7423/4502 4383/7427/4385 4445/7318/4447
f 4348/7473/4350 4478/7375/4480 4170/7203/4172
f 4531/7474/4533 4212/6909/4214 4502/7428/4504
f 4502/7428/4504 4212/6909/4214 4300/7059/4302
f 4092/7019/4094 4505/7475/4507 4503/7429/4505
f 4504/7430/4506 4479/7376/4481 4384/7204/4386
f 4414/7256/4416 4248/6969/4250 4448/7321/4450
f 4250/6971/4252 4532/7476/4534 4305/7065/4307
f 4386/7207/4388 4532/7476/4534 4250/6971/4252
f 4417/7259/4419 4453/7331/4455 4533/7477/4535
f 4307/7067/4309 4506/7432/4508 4309/7071/4311
f 4533/7477/4535 4453/7331/4455 4534/7478/4536
f 4535/7479/4537 4422/7480/4424 4507/7481/4509
f 4534/7482/4536 4453/7483/4455 4390/7215/4392
f 4482/7384/4484 4390/7433/4392 4453/7385/4455
f 4482/7384/4484 4481/7383/4483 4390/7433/4392
f 4507/7434/4509 4422/7484/4424 4421/7270/4423
f 4534/7485/4536 4422/7480/4424 4535/7479/4537
f 4534/7482/4536 4508/7436/4510 4422/7272/4424
f 4508/7436/4510 4423/7273/4425 4361/7170/4363
f 4331/7124/4333 4052/6660/4054 4509/7486/4511
f 4186/6866/4188 4509/7486/4511 4052/6660/4054
f 4484/7391/4486 4536/7487/4538 4312/7078/4314
f 4316/7126/4318 4510/7488/4512 4313/7082/4315
f 4428/7440/4430 4537/7489/4539 4512/7441/4514
f 4332/7225/4334 4512/7441/4514 4365/7226/4367
f 4365/7490/4367 4538/7491/4540 4287/7492/4289
f 4366/7178/4368 4455/7337/4457 4514/7444/4516
f 4455/7493/4457 4539/7494/4541 4514/7446/4516
f 4456/7339/4458 4540/7495/4542 4429/7286/4431
f 4514/7446/4516 4539/7494/4541 4431/7340/4433
f 4515/7496/4517 4541/7497/4543 4456/7339/4458
f 4456/7339/4458 4541/7497/4543 4540/7495/4542
f 4486/7396/4488 4542/7498/4544 4370/7499/4372
f 4431/7340/4433 4543/7500/4545 4493/7408/4495
f 4516/7448/4518 4517/7449/4519 4544/7501/4546
f 4516/7448/4518 4545/7502/4547 4518/7450/4520
f 4544/7501/4546 4545/7502/4547 4516/7448/4518
f 4397/7232/4399 4546/7503/4548 4396/7231/4398
f 4517/7449/4519 4547/7504/4549 4544/7501/4546
f 4517/7455/4519 4521/7456/4523 4547/7505/4549
f 4370/7506/4372 4548/7507/4550 4399/7508/4401
f 4397/7232/4399 4292/7184/4294 4549/7509/4551
f 4521/7456/4523 4550/7510/4552 4547/7505/4549
f 4464/7356/4466 4551/7511/4553 4438/7415/4440
f 4438/7415/4440 4551/7511/4553 4522/7458/4524
f 4465/7359/4467 4552/7512/4554 4521/7456/4523
f 4521/7456/4523 4552/7512/4554 4550/7510/4552
f 4465/7359/4467 4553/7513/4555 4552/7512/4554
f 4465/7359/4467 4524/7460/4526 4553/7513/4555
f 4497/7416/4499 4523/7459/4525 4554/7514/4556
f 4492/7404/4494 4158/7515/4160 4193/7091/4195
f 4292/7184/4294 4525/7516/4527 4549/7509/4551
f 4524/7460/4526 4555/7517/4557 4553/7513/4555
f 4554/7518/4556 4555/7517/4557 4497/7461/4499
f 4497/7461/4499 4555/7517/4557 4524/7460/4526
f 4266/7003/4268 4320/7246/4322 4556/7519/4558
f 4469/7365/4471 4557/7520/4559 4380/7195/4382
f 4345/7199/4347 4380/7195/4382 4558/7521/4560
f 4009/6592/4011 4408/7245/4410 4319/7095/4321
f 4381/7200/4383 4559/7522/4561 3771/6224/3773
f 3811/6292/3813 4529/7469/4531 4477/7471/4479
f 4348/7470/4350 4560/7523/4562 4478/7524/4480
f 4212/6909/4214 4531/7474/4533 4530/7472/4532
f 4478/7375/4480 4561/7525/4563 4502/7428/4504
f 4446/7319/4448 4503/7429/4505 4447/7320/4449
f 4447/7320/4449 4503/7429/4505 4504/7430/4506
f 4503/7429/4505 4505/7475/4507 4562/7526/4564
f 4562/7526/4564 4479/7376/4481 4504/7430/4506
f 4505/7475/4507 4414/7527/4416 4562/7526/4564
f 4562/7526/4564 4448/7528/4450 4479/7376/4481
f 4562/7529/4564 4414/7256/4416 4448/7321/4450
f 4386/7207/4388 4417/7259/4419 4563/7530/4565
f 4305/7065/4307 4480/7381/4482 4355/7160/4357
f 4534/7482/4536 4390/7215/4392 4508/7436/4510
f 4390/7215/4392 4423/7273/4425 4508/7436/4510
f 4509/7437/4511 4312/7078/4314 4536/7487/4538
f 4454/7390/4456 4483/7387/4485 4227/7531/4229
f 4427/7284/4429 4510/7438/4512 4564/7532/4566
f 4429/7286/4431 4540/7495/4542 4428/7285/4430
f 4455/7493/4457 4565/7533/4567 4539/7494/4541
f 4334/7338/4336 4513/7443/4515 4486/7396/4488
f 4486/7396/4488 4566/7534/4568 4567/7535/4569
f 4513/7443/4515 4566/7534/4568 4486/7396/4488
f 4486/7396/4488 4567/7535/4569 4542/7498/4544
f 4566/7534/4568 4568/7536/4570 4567/7535/4569
f 4567/7535/4569 4568/7536/4570 4542/7498/4544
f 4488/7400/4490 4569/7537/4571 4515/7447/4517
f 4541/7538/4543 4570/7539/4572 4540/7540/4542
f 4542/7498/4544 4568/7536/4570 4571/7541/4573
f 4487/7399/4489 4233/7135/4235 4572/7542/4574
f 4431/7340/4433 4539/7494/4541 4543/7500/4545
f 4396/7231/4398 4546/7503/4548 4488/7400/4490
f 4487/7405/4489 4572/7543/4574 4492/7406/4494
f 4542/7498/4544 4571/7541/4573 4370/7499/4372
f 4519/7544/4521 4520/7545/4522 4573/7546/4575
f 4493/7408/4495 4543/7500/4545 4520/7452/4522
f 4520/7545/4522 4543/7547/4545 4573/7546/4575
f 4571/7541/4573 4548/7548/4550 4370/7499/4372
f 4544/7501/4546 4574/7549/4576 4545/7502/4547
f 4574/7549/4576 4575/7550/4577 4545/7502/4547
f 4545/7502/4547 4575/7550/4577 4518/7450/4520
f 4518/7450/4520 4575/7550/4577 4576/7551/4578
f 4397/7552/4399 4577/7553/4579 4578/7554/4580
f 4397/7552/4399 4578/7554/4580 4546/7555/4548
f 4547/7505/4549 4579/7556/4581 4544/7557/4546
f 4544/7557/4546 4579/7556/4581 4574/7558/4576
f 4518/7450/4520 4576/7551/4578 4464/7356/4466
f 4464/7356/4466 4576/7551/4578 4551/7511/4553
f 4522/7458/4524 4551/7511/4553 4369/7457/4371
f 4397/7552/4399 4549/7559/4551 4577/7553/4579
f 4547/7505/4549 4550/7510/4552 4579/7556/4581
f 4550/7510/4552 4580/7560/4582 4579/7556/4581
f 4549/7559/4551 4525/7561/4527 4581/7562/4583
f 4548/7563/4550 4557/7564/4559 4399/7565/4401
f 4550/7510/4552 4552/7512/4554 4580/7560/4582
f 4552/7512/4554 4582/7566/4584 4580/7560/4582
f 4552/7512/4554 4553/7513/4555 4582/7566/4584
f 4399/7306/4401 4557/7520/4559 4469/7365/4471
f 4266/7462/4268 4556/7567/4558 4523/7459/4525
f 4203/7310/4205 4410/7309/4412 4527/7568/4529
f 4440/7312/4442 4583/7569/4585 4474/7370/4476
f 4559/7570/4561 4441/7419/4443 3771/7571/3773
f 4441/7419/4443 4584/7572/4586 4295/7417/4297
f 4160/6829/4162 4585/7573/4587 4412/7254/4414
f 3811/6292/3813 4498/7420/4500 4586/7574/4588
f 4242/7421/4244 4501/7575/4503 4498/7420/4500
f 3811/6292/3813 4560/7523/4562 4529/7469/4531
f 4348/7470/4350 4529/7469/4531 4560/7523/4562
f 4503/7429/4505 4562/7526/4564 4504/7430/4506
f 4532/7476/4534 4563/7530/4565 4587/7576/4589
f 4532/7476/4534 4386/7207/4388 4563/7530/4565
f 4532/7476/4534 4587/7576/4589 4305/7065/4307
f 4417/7259/4419 4533/7477/4535 4563/7530/4565
f 4563/7530/4565 4533/7477/4535 4588/7577/4590
f 4305/7065/4307 4587/7576/4589 4480/7381/4482
f 4509/7578/4511 4536/7579/4538 4589/7580/4591
f 4427/7284/4429 4564/7532/4566 4484/7391/4486
f 4537/7489/4539 4428/7440/4430 4590/7581/4592
f 4055/7582/4057 4591/7583/4593 4455/7584/4457
f 4592/7585/4594 4593/7586/4595 4428/7440/4430
f 4287/7129/4289 4594/7587/4596 4485/7393/4487
f 4485/7393/4487 4595/7588/4597 4513/7589/4515
f 4455/7590/4457 4596/7591/4598 4565/7592/4567
f 4540/7495/4542 4592/7593/4594 4428/7285/4430
f 4597/7594/4599 4566/7534/4568 4513/7443/4515
f 4597/7594/4599 4598/7595/4600 4566/7534/4568
f 4566/7534/4568 4598/7595/4600 4568/7536/4570
f 4568/7536/4570 4598/7595/4600 4571/7541/4573
f 4233/7596/4235 4599/7597/4601 4572/7598/4574
f 4539/7599/4541 4600/7600/4602 4543/7547/4545
f 4488/7601/4490 4601/7602/4603 4569/7603/4571
f 4488/7601/4490 4546/7604/4548 4601/7602/4603
f 4569/7603/4571 4601/7602/4603 4515/7605/4517
f 4541/7606/4543 4515/7607/4517 4602/7608/4604
f 4541/7538/4543 4602/7609/4604 4570/7539/4572
f 4603/7610/4605 4604/7611/4606 4571/7612/4573
f 4571/7541/4573 4598/7595/4600 4603/7613/4605
f 4233/7596/4235 4519/7614/4521 4599/7597/4601
f 4571/7612/4573 4604/7611/4606 4605/7615/4607
f 4606/7616/4608 4607/7617/4609 4608/7618/4610
f 4316/7619/4318 4369/7457/4371 4609/7620/4611
f 4573/7546/4575 4610/7621/4612 4519/7544/4521
f 4543/7547/4545 4600/7600/4602 4573/7546/4575
f 4573/7546/4575 4600/7600/4602 4610/7621/4612
f 4606/7622/4608 4608/7623/4610 4611/7624/4613
f 4369/7457/4371 4551/7511/4553 4609/7620/4611
f 4612/7625/4614 4613/7626/4615 4614/7627/4616
f 4612/7625/4614 4578/7554/4580 4615/7628/4617
f 4614/7627/4616 4578/7554/4580 4612/7625/4614
f 4577/7553/4579 4616/7629/4618 4578/7554/4580
f 4578/7554/4580 4617/7630/4619 4615/7628/4617
f 4571/7631/4573 4557/7564/4559 4548/7563/4550
f 4612/7625/4614 4618/7632/4620 4613/7626/4615
f 4615/7628/4617 4618/7632/4620 4612/7625/4614
f 4615/7628/4617 4619/7633/4621 4618/7632/4620
f 4577/7553/4579 4549/7559/4551 4616/7629/4618
f 4615/7628/4617 4617/7630/4619 4619/7633/4621
f 4574/7558/4576 4579/7556/4581 4620/7634/4622
f 4579/7556/4581 4580/7560/4582 4620/7634/4622
f 4553/7513/4555 4621/7635/4623 4582/7566/4584
f 4523/7636/4525 4622/7637/4624 4554/7518/4556
f 4553/7513/4555 4555/7517/4557 4621/7635/4623
f 4523/7459/4525 4556/7567/4558 4622/7638/4624
f 4492/7639/4494 4409/7640/4411 4158/7641/4160
f 4293/7049/4295 4623/7642/4625 4525/7464/4527
f 4556/7643/4558 4320/7644/4322 4624/7645/4626
f 4293/7049/4295 4470/7366/4472 4623/7642/4625
f 4527/7466/4529 4625/7646/4627 4472/7368/4474
f 4473/7369/4475 4474/7370/4476 4583/7569/4585
f 4475/7371/4477 4583/7569/4585 4440/7312/4442
f 4159/6828/4161 4559/7522/4561 4381/7200/4383
f 4476/7372/4478 4585/7647/4587 4160/7468/4162
f 4560/7523/4562 4626/7648/4628 4478/7524/4480
f 4627/7649/4629 4502/7428/4504 4561/7525/4563
f 4531/7474/4533 4502/7428/4504 4627/7649/4629
f 4587/7576/4589 4563/7530/4565 4588/7577/4590
f 4587/7576/4589 4628/7650/4630 4480/7381/4482
f 4628/7651/4630 4309/7652/4311 4480/7653/4482
f 4480/7653/4482 4309/7652/4311 4506/7654/4508
f 4628/7651/4630 4535/7479/4537 4309/7652/4311
f 4507/7481/4509 4309/7652/4311 4535/7479/4537
f 4533/7477/4535 4534/7478/4536 4629/7655/4631
f 4535/7479/4537 4629/7656/4631 4534/7485/4536
f 4511/7439/4513 4630/7657/4632 4055/6935/4057
f 4631/7658/4633 4538/7659/4540 4365/7660/4367
f 4055/7661/4057 4630/7662/4632 4591/7663/4593
f 4537/7489/4539 4590/7581/4592 4512/7441/4514
f 4428/7440/4430 4593/7586/4595 4590/7581/4592
f 4287/7664/4289 4538/7659/4540 4594/7665/4596
f 4632/7666/4634 4595/7588/4597 4485/7393/4487
f 4510/7667/4512 4316/7619/4318 4633/7668/4635
f 4596/7669/4598 4634/7670/4636 4565/7671/4567
f 4595/7672/4597 4597/7594/4599 4513/7443/4515
f 4539/7673/4541 4634/7670/4636 4635/7674/4637
f 4565/7675/4567 4634/7676/4636 4539/7677/4541
f 4635/7678/4637 4636/7679/4638 4600/7600/4602
f 4539/7599/4541 4635/7678/4637 4600/7600/4602
f 4592/7680/4594 4540/7681/4542 4637/7682/4639
f 4570/7683/4572 4637/7682/4639 4540/7681/4542
f 4597/7594/4599 4638/7684/4640 4598/7595/4600
f 4601/7602/4603 4602/7609/4604 4515/7605/4517
f 4638/7685/4640 4639/7686/4641 4598/7687/4600
f 4598/7687/4600 4639/7686/4641 4640/7688/4642
f 4598/7687/4600 4640/7688/4642 4603/7610/4605
f 4607/7617/4609 4604/7611/4606 4641/7689/4643
f 4641/7689/4643 4642/7690/4644 4607/7617/4609
f 4316/7619/4318 4609/7620/4611 4633/7668/4635
f 4601/7691/4603 4546/7555/4548 4643/7692/4645
f 4604/7611/4606 4644/7693/4646 4605/7615/4607
f 4607/7617/4609 4644/7693/4646 4604/7611/4606
f 4606/7616/4608 4644/7693/4646 4607/7617/4609
f 4607/7617/4609 4642/7690/4644 4608/7618/4610
f 4642/7690/4644 4645/7694/4647 4608/7618/4610
f 4576/7551/4578 4646/7695/4648 4647/7696/4649
f 4647/7696/4649 4609/7620/4611 4576/7551/4578
f 4576/7551/4578 4609/7620/4611 4551/7511/4553
f 4519/7544/4521 4610/7621/4612 4599/7697/4601
f 4600/7600/4602 4648/7698/4650 4610/7621/4612
f 4610/7621/4612 4648/7698/4650 4649/7699/4651
f 4636/7679/4638 4650/7700/4652 4600/7600/4602
f 4600/7600/4602 4650/7700/4652 4648/7698/4650
f 4651/7701/4653 4614/7627/4616 4636/7679/4638
f 4636/7679/4638 4614/7627/4616 4650/7700/4652
f 4614/7627/4616 4651/7701/4653 4578/7554/4580
f 4651/7701/4653 4643/7692/4645 4578/7554/4580
f 4546/7555/4548 4578/7554/4580 4643/7692/4645
f 4605/7615/4607 4644/7693/4646 4652/7702/4654
f 4606/7616/4608 4611/7703/4613 4652/7702/4654
f 4606/7616/4608 4652/7702/4654 4644/7693/4646
f 4608/7618/4610 4645/7694/4647 4611/7704/4613
f 4574/7549/4576 4646/7695/4648 4575/7550/4577
f 4575/7550/4577 4646/7695/4648 4576/7551/4578
f 4648/7698/4650 4650/7700/4652 4649/7699/4651
f 4650/7700/4652 4653/7705/4655 4649/7699/4651
f 4613/7626/4615 4653/7705/4655 4614/7627/4616
f 4614/7627/4616 4653/7705/4655 4650/7700/4652
f 4617/7630/4619 4578/7554/4580 4549/7559/4551
f 4578/7554/4580 4616/7629/4618 4549/7559/4551
f 4571/7631/4573 4605/7706/4607 4557/7564/4559
f 4611/7704/4613 4654/7707/4656 4652/7708/4654
f 4611/7704/4613 4655/7709/4657 4654/7707/4656
f 4611/7704/4613 4645/7694/4647 4655/7709/4657
f 4574/7710/4576 4656/7711/4658 4646/7712/4648
f 4613/7626/4615 4618/7632/4620 4653/7705/4655
f 4619/7633/4621 4549/7559/4551 4618/7632/4620
f 4617/7630/4619 4549/7559/4551 4619/7633/4621
f 4574/7710/4576 4620/7713/4622 4656/7711/4658
f 4580/7560/4582 4657/7714/4659 4620/7634/4622
f 4582/7566/4584 4657/7714/4659 4580/7560/4582
f 4557/7564/4559 4658/7715/4660 4659/7716/4661
f 4555/7517/4557 4554/7518/4556 4621/7635/4623
f 4557/7520/4559 4659/7717/4661 4380/7195/4382
f 4380/7718/4382 4659/7716/4661 4558/7719/4560
f 4345/7720/4347 4558/7721/4560 4408/7722/4410
f 4321/7311/4323 4528/7467/4530 4660/7723/4662
f 4472/7368/4474 4661/7724/4663 4159/6828/4161
f 4473/7369/4475 4662/7725/4664 4528/7467/4530
f 4159/6828/4161 4663/7726/4665 4559/7522/4561
f 4411/7253/4413 4475/7371/4477 4322/7100/4324
f 4530/7727/4532 4664/7728/4666 4501/7575/4503
f 4531/7474/4533 4627/7649/4629 4530/7472/4532
f 4478/7375/4480 4626/7729/4628 4561/7525/4563
f 4587/7576/4589 4588/7577/4590 4628/7650/4630
f 4588/7577/4590 4629/7655/4631 4628/7650/4630
f 4588/7577/4590 4533/7477/4535 4629/7655/4631
f 4628/7651/4630 4629/7656/4631 4535/7479/4537
f 4285/7030/4287 4331/7124/4333 4509/7486/4511
f 4285/7730/4287 4665/7731/4667 4426/7732/4428
f 4285/7030/4287 4509/7486/4511 4665/7733/4667
f 4185/7283/4187 4426/7282/4428 3926/7389/3928
f 3926/7389/3928 4426/7282/4428 4483/7387/4485
f 4666/7734/4668 4631/7735/4633 4512/7441/4514
f 4631/7658/4633 4667/7736/4669 4538/7659/4540
f 4365/7226/4367 4512/7441/4514 4631/7735/4633
f 4591/7663/4593 4596/7669/4598 4455/7737/4457
f 4594/7587/4596 4632/7666/4634 4485/7393/4487
f 4634/7670/4636 4668/7738/4670 4669/7739/4671
f 4668/7738/4670 4670/7740/4672 4669/7739/4671
f 4595/7672/4597 4671/7741/4673 4597/7594/4599
f 4669/7739/4671 4635/7674/4637 4634/7670/4636
f 4669/7739/4671 4670/7740/4672 4635/7674/4637
f 4670/7740/4672 4672/7742/4674 4635/7674/4637
f 4670/7740/4672 4673/7743/4675 4672/7742/4674
f 4635/7678/4637 4672/7744/4674 4636/7679/4638
f 4672/7744/4674 4643/7692/4645 4636/7679/4638
f 4640/7688/4642 4674/7745/4676 4603/7610/4605
f 4603/7610/4605 4674/7745/4676 4604/7611/4606
f 4604/7611/4606 4674/7745/4676 4641/7689/4643
f 4642/7690/4644 4641/7689/4643 4675/7746/4677
f 4636/7679/4638 4643/7692/4645 4651/7701/4653
f 4643/7747/4645 4672/7748/4674 4601/7602/4603
f 4601/7602/4603 4672/7748/4674 4602/7609/4604
f 4640/7688/4642 4639/7686/4641 4674/7745/4676
f 4642/7690/4644 4675/7746/4677 4645/7694/4647
f 4647/7749/4649 4656/7711/4658 4676/7750/4678
f 4646/7712/4648 4656/7711/4658 4647/7749/4649
f 4647/7696/4649 4676/7751/4678 4609/7620/4611
f 4610/7621/4612 4677/7752/4679 4599/7697/4601
f 4610/7621/4612 4649/7699/4651 4677/7752/4679
f 4653/7705/4655 4678/7753/4680 4649/7699/4651
f 4645/7694/4647 4675/7746/4677 4679/7754/4681
f 4645/7694/4647 4679/7754/4681 4655/7709/4657
f 4653/7705/4655 4618/7632/4620 4678/7753/4680
f 4557/7564/4559 4605/7706/4607 4680/7755/4682
f 4655/7756/4657 4657/7714/4659 4654/7757/4656
f 4655/7709/4657 4679/7754/4681 4620/7713/4622
f 4620/7634/4622 4657/7714/4659 4655/7756/4657
f 4657/7758/4659 4681/7759/4683 4654/7760/4656
f 4657/7714/4659 4582/7566/4584 4681/7761/4683
f 4621/7762/4623 4681/7759/4683 4582/7763/4584
f 4659/7716/4661 4682/7764/4684 4558/7719/4560
f 4470/7366/4472 4683/7765/4685 4623/7642/4625
f 4470/7366/4472 4471/7367/4473 4683/7765/4685
f 4471/7367/4473 4319/7307/4321 4683/7765/4685
f 4321/7098/4323 4660/7766/4662 4526/7465/4528
f 4625/7646/4627 4661/7724/4663 4472/7368/4474
f 4661/7724/4663 4663/7726/4665 4159/6828/4161
f 4560/7523/4562 3811/6292/3813 4586/7574/4588
f 4664/7728/4666 4498/7420/4500 4501/7575/4503
f 4530/7727/4532 4627/7767/4629 4664/7728/4666
f 4627/7649/4629 4561/7525/4563 4626/7729/4628
f 4589/7580/4591 4536/7579/4538 4684/7768/4686
f 4484/7391/4486 4564/7532/4566 4685/7769/4687
f 4512/7441/4514 4686/7770/4688 4666/7734/4668
f 4512/7441/4514 4590/7581/4592 4686/7770/4688
f 4632/7771/4634 4687/7772/4689 4688/7773/4690
f 4510/7774/4512 4633/7775/4635 4564/7776/4566
f 4634/7670/4636 4596/7669/4598 4689/7777/4691
f 4634/7670/4636 4689/7777/4691 4668/7738/4670
f 4670/7740/4672 4668/7738/4670 4690/7778/4692
f 4632/7771/4634 4688/7773/4690 4595/7779/4597
f 4595/7780/4597 4688/7781/4690 4671/7782/4673
f 4670/7740/4672 4690/7778/4692 4673/7743/4675
f 4671/7741/4673 4691/7783/4693 4597/7594/4599
f 4597/7594/4599 4691/7783/4693 4638/7684/4640
f 4672/7742/4674 4673/7743/4675 4692/7784/4694
f 4676/7750/4678 4633/7775/4635 4609/7785/4611
f 4672/7742/4674 4692/7784/4694 4693/7786/4695
f 4672/7748/4674 4693/7787/4695 4602/7609/4604
f 4602/7609/4604 4693/7787/4695 4570/7539/4572
f 4649/7699/4651 4678/7753/4680 4677/7752/4679
f 4549/7559/4551 4581/7562/4583 4694/7788/4696
f 4549/7559/4551 4695/7789/4697 4618/7632/4620
f 4618/7632/4620 4695/7789/4697 4678/7753/4680
f 4549/7559/4551 4694/7788/4696 4695/7789/4697
f 4605/7706/4607 4652/7790/4654 4680/7755/4682
f 4656/7711/4658 4620/7713/4622 4679/7754/4681
f 4652/7790/4654 4654/7760/4656 4680/7755/4682
f 4680/7755/4682 4658/7715/4660 4557/7564/4559
f 4654/7760/4656 4681/7759/4683 4680/7755/4682
f 4525/7464/4527 4696/7791/4698 4581/7792/4583
f 4658/7715/4660 4697/7793/4699 4659/7716/4661
f 4556/7794/4558 4624/7795/4626 4622/7796/4624
f 4525/7464/4527 4623/7642/4625 4696/7791/4698
f 4409/7797/4411 4698/7798/4700 4410/7309/4412
f 4583/7569/4585 4662/7725/4664 4473/7369/4475
f 4585/7573/4587 4411/7253/4413 4442/7314/4444
f 4559/7570/4561 4699/7799/4701 4441/7419/4443
f 4412/7254/4414 4585/7573/4587 4442/7314/4444
f 4586/7574/4588 4498/7420/4500 4700/7800/4702
f 4586/7574/4588 4626/7648/4628 4560/7523/4562
f 4426/7282/4428 4701/7801/4703 4483/7387/4485
f 4536/7802/4538 4484/7803/4486 4684/7804/4686
f 4483/7387/4485 4702/7805/4704 4227/7531/4229
f 4666/7734/4668 4686/7770/4688 4703/7806/4705
f 4666/7734/4668 4703/7806/4705 4631/7735/4633
f 4631/7735/4633 4703/7806/4705 4667/7807/4669
f 4538/7659/4540 4667/7736/4669 4704/7808/4706
f 4538/7659/4540 4704/7808/4706 4594/7665/4596
f 4596/7669/4598 4591/7663/4593 4630/7662/4632
f 4594/7665/4596 4704/7808/4706 4705/7809/4707
f 4594/7665/4596 4705/7809/4707 4632/7810/4634
f 4632/7810/4634 4705/7809/4707 4687/7811/4689
f 4592/7812/4594 4706/7813/4708 4593/7814/4595
f 4592/7812/4594 4637/7815/4639 4706/7813/4708
f 4671/7816/4673 4688/7773/4690 4707/7817/4709
f 4673/7743/4675 4708/7818/4710 4692/7784/4694
f 4692/7784/4694 4708/7818/4710 4709/7819/4711
f 4710/7820/4712 4639/7821/4641 4638/7822/4640
f 4639/7686/4641 4710/7823/4712 4674/7745/4676
f 4710/7823/4712 4711/7824/4713 4674/7745/4676
f 4641/7689/4643 4711/7824/4713 4712/7825/4714
f 4674/7745/4676 4711/7824/4713 4641/7689/4643
f 4641/7689/4643 4712/7825/4714 4675/7746/4677
f 4675/7746/4677 4712/7825/4714 4713/7826/4715
f 4713/7826/4715 4714/7827/4716 4675/7746/4677
f 4676/7750/4678 4656/7711/4658 4633/7775/4635
f 4492/7406/4494 4572/7543/4574 4599/7828/4601
f 4692/7784/4694 4709/7819/4711 4693/7786/4695
f 4570/7683/4572 4715/7829/4717 4637/7682/4639
f 4675/7746/4677 4714/7827/4716 4679/7754/4681
f 4656/7711/4658 4679/7754/4681 4716/7830/4718
f 4621/7762/4623 4717/7831/4719 4681/7759/4683
f 4622/7637/4624 4718/7832/4720 4554/7518/4556
f 4622/7796/4624 4624/7795/4626 4718/7833/4720
f 4697/7793/4699 4682/7764/4684 4659/7716/4661
f 4319/7095/4321 4408/7245/4410 4719/7834/4721
f 4526/7835/4528 4624/7645/4626 4320/7644/4322
f 4526/7835/4528 4720/7836/4722 4624/7645/4626
f 4721/7837/4723 4722/7838/4724 4410/7309/4412
f 4410/7309/4412 4722/7838/4724 4527/7568/4529
f 4528/7467/4530 4662/7725/4664 4660/7723/4662
f 4583/7569/4585 4475/7371/4477 4723/7839/4725
f 4411/7253/4413 4724/7840/4726 4475/7371/4477
f 4411/7253/4413 4725/7841/4727 4724/7840/4726
f 4295/7054/4297 4584/7842/4586 4476/7372/4478
f 4586/7574/4588 4700/7800/4702 4626/7648/4628
f 4498/7420/4500 4626/7648/4628 4700/7800/4702
f 4664/7728/4666 4626/7648/4628 4498/7420/4500
f 4664/7728/4666 4627/7767/4629 4626/7648/4628
f 4426/7732/4428 4665/7731/4667 4701/7843/4703
f 4483/7387/4485 4701/7801/4703 4702/7805/4704
f 4630/7844/4632 4511/7845/4513 4227/7846/4229
f 4726/7847/4728 4667/7807/4669 4703/7806/4705
f 4726/7847/4728 4727/7848/4729 4667/7807/4669
f 4686/7770/4688 4590/7581/4592 4728/7849/4730
f 4727/7850/4729 4704/7808/4706 4667/7736/4669
f 4728/7849/4730 4590/7581/4592 4593/7586/4595
f 4729/7851/4731 4705/7809/4707 4704/7808/4706
f 4689/7777/4691 4596/7669/4598 4630/7662/4632
f 4730/7852/4732 4687/7811/4689 4705/7809/4707
f 4731/7853/4733 4668/7738/4670 4689/7777/4691
f 4708/7818/4710 4673/7743/4675 4690/7778/4692
f 4593/7814/4595 4706/7813/4708 4732/7854/4734
f 4733/7855/4735 4707/7817/4709 4688/7773/4690
f 4671/7856/4673 4734/7857/4736 4691/7858/4693
f 4734/7857/4736 4710/7823/4712 4638/7859/4640
f 4734/7857/4736 4638/7859/4640 4691/7858/4693
f 4734/7857/4736 4735/7860/4737 4710/7823/4712
f 4712/7825/4714 4736/7861/4738 4713/7826/4715
f 4713/7826/4715 4736/7861/4738 4714/7827/4716
f 4737/7862/4739 4656/7711/4658 4716/7830/4718
f 4633/7775/4635 4656/7711/4658 4737/7862/4739
f 4735/7860/4737 4711/7824/4713 4710/7823/4712
f 4735/7860/4737 4738/7863/4740 4711/7824/4713
f 4711/7824/4713 4738/7863/4740 4712/7825/4714
f 4738/7863/4740 4736/7861/4738 4712/7825/4714
f 4716/7830/4718 4714/7827/4716 4736/7861/4738
f 4716/7830/4718 4679/7754/4681 4714/7827/4716
f 4739/7864/4741 4693/7786/4695 4709/7819/4711
f 4735/7865/4737 4740/7866/4742 4738/7867/4740
f 4715/7829/4717 4570/7683/4572 4693/7786/4695
f 4715/7829/4717 4693/7786/4695 4739/7864/4741
f 4741/7868/4743 4677/7752/4679 4678/7753/4680
f 4741/7868/4743 4678/7753/4680 4695/7789/4697
f 4680/7755/4682 4681/7759/4683 4742/7869/4744
f 4742/7869/4744 4681/7759/4683 4717/7831/4719
f 4717/7831/4719 4621/7762/4623 4718/7833/4720
f 4718/7832/4720 4621/7635/4623 4554/7518/4556
f 4683/7765/4685 4319/7307/4321 4719/7870/4721
f 4722/7838/4724 4625/7871/4627 4527/7568/4529
f 4662/7725/4664 4583/7569/4585 4723/7839/4725
f 4725/7841/4727 4411/7253/4413 4585/7573/4587
f 4703/7806/4705 4686/7770/4688 4726/7847/4728
f 4743/7872/4745 4726/7847/4728 4686/7770/4688
f 4686/7770/4688 4728/7849/4730 4743/7872/4745
f 4727/7850/4729 4729/7851/4731 4704/7808/4706
f 4630/7662/4632 4744/7873/4746 4689/7777/4691
f 4744/7873/4746 4731/7853/4733 4689/7777/4691
f 4593/7814/4595 4732/7854/4734 4728/7874/4730
f 4668/7738/4670 4745/7875/4747 4690/7778/4692
f 4731/7853/4733 4745/7875/4747 4668/7738/4670
f 4690/7778/4692 4745/7875/4747 4708/7818/4710
f 4687/7772/4689 4746/7876/4748 4688/7773/4690
f 4688/7773/4690 4746/7876/4748 4747/7877/4749
f 4748/7878/4750 4671/7816/4673 4707/7817/4709
f 4748/7878/4750 4749/7879/4751 4671/7816/4673
f 4671/7816/4673 4749/7879/4751 4734/7880/4736
f 4747/7877/4749 4733/7855/4735 4688/7773/4690
f 4733/7855/4735 4750/7881/4752 4707/7817/4709
f 4751/7882/4753 4750/7881/4752 4733/7855/4735
f 4752/7883/4754 4735/7884/4737 4734/7880/4736
f 4753/7885/4755 4754/7886/4756 4755/7887/4757
f 4737/7862/4739 4716/7830/4718 4753/7885/4755
f 4708/7818/4710 4756/7888/4758 4709/7819/4711
f 4736/7861/4738 4738/7863/4740 4754/7886/4756
f 4753/7885/4755 4736/7861/4738 4754/7886/4756
f 4753/7885/4755 4716/7830/4718 4736/7861/4738
f 4757/7889/4759 4492/7406/4494 4599/7828/4601
f 4599/7697/4601 4677/7752/4679 4757/7890/4759
f 4756/7888/4758 4739/7864/4741 4709/7819/4711
f 4738/7863/4740 4740/7891/4742 4754/7886/4756
f 4694/7788/4696 4758/7892/4760 4695/7789/4697
f 4680/7755/4682 4697/7793/4699 4658/7715/4660
f 4759/7893/4761 4698/7894/4700 4409/7640/4411
f 4723/7839/4725 4475/7371/4477 4724/7840/4726
f 4441/7419/4443 4760/7895/4762 4584/7572/4586
f 4589/7580/4591 4761/7896/4763 4509/7578/4511
f 4484/7803/4486 4762/7897/4764 4684/7804/4686
f 4702/7898/4704 4630/7899/4632 4227/7900/4229
f 4743/7872/4745 4763/7901/4765 4726/7847/4728
f 4726/7847/4728 4763/7901/4765 4764/7902/4766
f 4726/7847/4728 4764/7902/4766 4727/7848/4729
f 4743/7872/4745 4765/7903/4767 4763/7901/4765
f 4731/7853/4733 4766/7904/4768 4745/7875/4747
f 4731/7853/4733 4744/7873/4746 4766/7904/4768
f 4705/7809/4707 4729/7851/4731 4730/7852/4732
f 4687/7811/4689 4730/7852/4732 4767/7905/4769
f 4745/7906/4747 4768/7907/4770 4756/7908/4758
f 4687/7772/4689 4767/7909/4769 4746/7876/4748
f 4745/7875/4747 4756/7888/4758 4708/7818/4710
f 4749/7879/4751 4769/7910/4771 4734/7880/4736
f 4734/7880/4736 4769/7910/4771 4752/7883/4754
f 4753/7885/4755 4755/7887/4757 4737/7862/4739
f 4747/7877/4749 4751/7882/4753 4733/7855/4735
f 4750/7881/4752 4748/7878/4750 4707/7817/4709
f 4754/7886/4756 4770/7911/4772 4755/7887/4757
f 4715/7912/4717 4739/7913/4741 4771/7914/4773
f 4715/7912/4717 4771/7914/4773 4637/7915/4639
f 4581/7916/4583 4696/7917/4698 4772/7918/4774
f 4717/7831/4719 4718/7833/4720 4773/7919/4775
f 4719/7920/4721 4774/7921/4776 4683/7922/4685
f 4719/7923/4721 4408/7924/4410 4775/7925/4777
f 4722/7838/4724 4776/7926/4778 4625/7871/4627
f 4661/7724/4663 4777/7927/4779 4663/7726/4665
f 4723/7839/4725 4724/7840/4726 4778/7928/4780
f 4725/7841/4727 4778/7928/4780 4724/7840/4726
f 4476/7372/4478 4779/7929/4781 4585/7647/4587
f 4761/7930/4763 4665/7931/4667 4509/7932/4511
f 4684/7804/4686 4762/7897/4764 4589/7933/4591
f 4702/7898/4704 4780/7934/4782 4630/7899/4632
f 4564/7776/4566 4781/7935/4783 4685/7936/4687
f 4630/7899/4632 4782/7937/4784 4744/7938/4746
f 4727/7850/4729 4783/7939/4785 4729/7851/4731
f 4728/7849/4730 4784/7940/4786 4765/7903/4767
f 4766/7941/4768 4785/7942/4787 4745/7906/4747
f 4729/7851/4731 4786/7943/4788 4730/7852/4732
f 4730/7852/4732 4786/7943/4788 4767/7905/4769
f 4745/7906/4747 4785/7942/4787 4768/7907/4770
f 4633/7775/4635 4737/7862/4739 4564/7776/4566
f 4737/7862/4739 4787/7944/4789 4564/7776/4566
f 4732/7854/4734 4706/7813/4708 4788/7945/4790
f 4755/7887/4757 4787/7944/4789 4737/7862/4739
f 4748/7878/4750 4789/7946/4791 4749/7879/4751
f 4749/7879/4751 4790/7947/4792 4769/7910/4771
f 4749/7879/4751 4789/7946/4791 4790/7947/4792
f 4769/7910/4771 4790/7947/4792 4752/7883/4754
f 4752/7883/4754 4791/7948/4793 4735/7884/4737
f 4735/7865/4737 4791/7949/4793 4740/7866/4742
f 4771/7950/4773 4706/7813/4708 4637/7815/4639
f 4754/7951/4756 4740/7866/4742 4770/7952/4772
f 4695/7789/4697 4758/7892/4760 4741/7868/4743
f 4694/7953/4696 4772/7954/4774 4758/7955/4760
f 4581/7956/4583 4772/7954/4774 4694/7953/4696
f 4680/7755/4682 4742/7869/4744 4697/7793/4699
f 4717/7831/4719 4792/7957/4794 4742/7869/4744
f 4718/7833/4720 4793/7958/4795 4773/7919/4775
f 4624/7795/4626 4794/7959/4796 4718/7833/4720
f 4717/7831/4719 4773/7919/4775 4792/7957/4794
f 4698/7798/4700 4721/7837/4723 4410/7309/4412
f 4625/7646/4627 4777/7927/4779 4661/7724/4663
f 4663/7726/4665 4777/7927/4779 4559/7522/4561
f 4760/7960/4762 4476/7372/4478 4584/7842/4586
f 4685/7961/4687 4762/7897/4764 4484/7803/4486
f 4763/7901/4765 4765/7903/4767 4764/7902/4766
f 4765/7962/4767 4727/7850/4729 4764/7963/4766
f 4728/7849/4730 4765/7903/4767 4743/7872/4745
f 4795/7964/4797 4796/7965/4798 4744/7938/4746
f 4744/7938/4746 4796/7965/4798 4766/7941/4768
f 4766/7941/4768 4796/7965/4798 4785/7942/4787
f 4729/7851/4731 4783/7939/4785 4797/7966/4799
f 4729/7851/4731 4797/7966/4799 4786/7943/4788
f 4786/7943/4788 4798/7967/4800 4767/7905/4769
f 4732/7854/4734 4799/7968/4801 4728/7874/4730
f 4767/7905/4769 4798/7967/4800 4800/7969/4802
f 4768/7970/4770 4801/7971/4803 4756/7972/4758
f 4789/7946/4791 4802/7973/4804 4790/7947/4792
f 4790/7974/4792 4802/7975/4804 4752/7976/4754
f 4755/7887/4757 4770/7911/4772 4787/7944/4789
f 4748/7878/4750 4803/7977/4805 4789/7946/4791
f 4752/7976/4754 4804/7978/4806 4791/7979/4793
f 4752/7976/4754 4802/7975/4804 4804/7978/4806
f 4756/7888/4758 4801/7980/4803 4739/7864/4741
f 4746/7876/4748 4805/7981/4807 4747/7877/4749
f 4748/7878/4750 4750/7881/4752 4803/7977/4805
f 4739/7913/4741 4801/7982/4803 4771/7914/4773
f 4747/7877/4749 4805/7981/4807 4751/7882/4753
f 4791/7949/4793 4770/7952/4772 4740/7866/4742
f 4742/7869/4744 4806/7983/4808 4697/7793/4699
f 4718/7833/4720 4794/7959/4796 4793/7958/4795
f 4682/7984/4684 4807/7985/4809 4558/7986/4560
f 4807/7985/4809 4408/7924/4410 4558/7986/4560
f 4775/7987/4777 4774/7921/4776 4719/7920/4721
f 4660/7988/4662 4808/7989/4810 4809/7990/4811
f 4776/7926/4778 4777/7991/4779 4625/7871/4627
f 4660/7988/4662 4662/7992/4664 4808/7989/4810
f 4559/7570/4561 4810/7993/4812 4699/7799/4701
f 4699/7799/4701 4811/7994/4813 4760/7895/4762
f 4699/7799/4701 4760/7895/4762 4441/7419/4443
f 4762/7897/4764 4812/7995/4814 4589/7933/4591
f 4765/7962/4767 4783/7939/4785 4727/7850/4729
f 4786/7943/4788 4797/7966/4799 4813/7996/4815
f 4564/7776/4566 4787/7944/4789 4781/7935/4783
f 4768/7907/4770 4785/7942/4787 4801/7997/4803
f 4786/7943/4788 4813/7996/4815 4798/7967/4800
f 4728/7874/4730 4799/7968/4801 4784/7998/4786
f 4800/7969/4802 4814/7999/4816 4767/7905/4769
f 4767/7909/4769 4814/8000/4816 4746/7876/4748
f 4814/8000/4816 4815/8001/4817 4746/7876/4748
f 4787/7944/4789 4770/7911/4772 4816/8002/4818
f 4788/7945/4790 4817/8003/4819 4732/7854/4734
f 4803/7977/4805 4818/8004/4820 4789/7946/4791
f 4789/8005/4791 4818/8006/4820 4802/7975/4804
f 4818/8006/4820 4804/7978/4806 4802/7975/4804
f 4788/7945/4790 4706/7813/4708 4817/8003/4819
f 4746/7876/4748 4815/8001/4817 4805/7981/4807
f 4803/7977/4805 4819/8007/4821 4820/8008/4822
f 4803/7977/4805 4820/8008/4822 4818/8004/4820
f 4757/8009/4759 4821/8010/4823 4492/7639/4494
f 4757/8009/4759 4677/8011/4679 4821/8010/4823
f 4751/7882/4753 4819/8007/4821 4750/7881/4752
f 4751/7882/4753 4805/7981/4807 4819/8007/4821
f 4803/7977/4805 4750/7881/4752 4819/8007/4821
f 4758/8012/4760 4822/8013/4824 4741/8014/4743
f 4741/8014/4743 4822/8013/4824 4823/8015/4825
f 4772/8016/4774 4822/8013/4824 4758/8012/4760
f 4697/8017/4699 4806/8018/4808 4824/8019/4826
f 4697/8020/4699 4824/8021/4826 4682/7984/4684
f 4773/7919/4775 4825/8022/4827 4792/7957/4794
f 4773/7919/4775 4793/7958/4795 4825/8022/4827
f 4623/8023/4625 4826/8024/4828 4696/7917/4698
f 4682/7984/4684 4824/8021/4826 4807/7985/4809
f 4623/8023/4625 4683/7922/4685 4826/8024/4828
f 4807/7985/4809 4827/8025/4829 4408/7924/4410
f 4775/7925/4777 4408/7924/4410 4774/8026/4776
f 4809/8027/4811 4828/8028/4830 4660/8029/4662
f 4809/7990/4811 4808/7989/4810 4828/8030/4830
f 4723/7839/4725 4778/7928/4780 4662/7725/4664
f 4810/7993/4812 4811/7994/4813 4699/7799/4701
f 4779/7929/4781 4829/8031/4831 4585/7647/4587
f 4589/8032/4591 4812/8033/4814 4761/7930/4763
f 4701/7843/4703 4665/7731/4667 4702/8034/4704
f 4780/7934/4782 4782/7937/4784 4630/7899/4632
f 4782/7937/4784 4795/7964/4797 4744/7938/4746
f 4785/7942/4787 4796/7965/4798 4830/8035/4832
f 4765/8036/4767 4784/8037/4786 4831/8038/4833
f 4765/8036/4767 4831/8038/4833 4832/8039/4834
f 4765/8036/4767 4833/8040/4835 4783/8041/4785
f 4783/8041/4785 4833/8040/4835 4834/8042/4836
f 4832/8039/4834 4835/8043/4837 4765/8036/4767
f 4765/8036/4767 4835/8043/4837 4833/8040/4835
f 4783/7939/4785 4834/8044/4836 4797/7966/4799
f 4785/7942/4787 4830/8035/4832 4801/7997/4803
f 4797/7966/4799 4834/8044/4836 4813/7996/4815
f 4798/7967/4800 4813/7996/4815 4836/8045/4838
f 4798/7967/4800 4836/8045/4838 4800/7969/4802
f 4800/8046/4802 4837/8047/4839 4814/8000/4816
f 4787/7944/4789 4816/8002/4818 4781/7935/4783
f 4770/8048/4772 4791/7979/4793 4816/8049/4818
f 4732/7854/4734 4838/8050/4840 4799/7968/4801
f 4732/7854/4734 4817/8003/4819 4838/8050/4840
f 4816/8049/4818 4791/7979/4793 4839/8051/4841
f 4771/7950/4773 4840/8052/4842 4706/7813/4708
f 4801/7997/4803 4840/8053/4842 4771/8054/4773
f 4706/7813/4708 4840/8052/4842 4817/8003/4819
f 4817/8003/4819 4840/8052/4842 4838/8050/4840
f 4818/8006/4820 4841/8055/4843 4842/8056/4844
f 4820/8057/4822 4841/8055/4843 4818/8006/4820
f 4804/7978/4806 4839/8051/4841 4791/7979/4793
f 4819/8007/4821 4805/7981/4807 4820/8008/4822
f 4842/8056/4844 4843/8058/4845 4818/8006/4820
f 4818/8006/4820 4843/8058/4845 4804/7978/4806
f 4822/8013/4824 4772/8016/4774 4844/8059/4846
f 4772/7918/4774 4696/7917/4698 4845/8060/4847
f 4794/7959/4796 4846/8061/4848 4793/7958/4795
f 4794/7959/4796 4624/7795/4626 4846/8061/4848
f 4827/8025/4829 4847/8062/4849 4408/7924/4410
f 4847/8062/4849 4774/8026/4776 4408/7924/4410
f 4662/7725/4664 4778/7928/4780 4808/8063/4810
f 4777/8064/4779 4848/8065/4850 4559/7570/4561
f 4829/8066/4831 4725/7841/4727 4585/7573/4587
f 4476/7372/4478 4760/7960/4762 4849/8067/4851
f 4685/8068/4687 4850/8069/4852 4762/8070/4764
f 4685/8071/4687 4781/8072/4783 4850/8073/4852
f 4795/7964/4797 4851/8074/4853 4796/7965/4798
f 4796/7965/4798 4852/8075/4854 4853/8076/4855
f 4796/7965/4798 4851/8074/4853 4852/8075/4854
f 4796/7965/4798 4853/8076/4855 4830/8035/4832
f 4853/8076/4855 4854/8077/4856 4830/8035/4832
f 4784/8037/4786 4855/8078/4857 4831/8038/4833
f 4832/8039/4834 4831/8038/4833 4856/8079/4858
f 4832/8039/4834 4856/8079/4858 4835/8043/4837
f 4834/8042/4836 4833/8040/4835 4857/8080/4859
f 4830/8035/4832 4854/8077/4856 4858/8081/4860
f 4835/8043/4837 4859/8082/4861 4833/8040/4835
f 4834/8042/4836 4857/8080/4859 4813/8083/4815
f 4836/8045/4838 4860/8084/4862 4800/7969/4802
f 4800/7969/4802 4860/8084/4862 4837/8085/4839
f 4830/8035/4832 4858/8081/4860 4801/7997/4803
f 4799/8086/4801 4861/8087/4863 4784/8088/4786
f 4837/8047/4839 4862/8089/4864 4814/8000/4816
f 4816/8049/4818 4839/8051/4841 4863/8090/4865
f 4854/8077/4856 4840/8053/4842 4858/8081/4860
f 4858/8081/4860 4840/8053/4842 4801/7997/4803
f 4854/8077/4856 4838/8091/4840 4840/8053/4842
f 4814/8000/4816 4862/8089/4864 4815/8001/4817
f 4815/8001/4817 4862/8089/4864 4864/8092/4866
f 4864/8093/4866 4865/8094/4867 4820/8057/4822
f 4865/8094/4867 4866/8095/4868 4820/8057/4822
f 4815/8001/4817 4864/8092/4866 4805/7981/4807
f 4805/7981/4807 4864/8092/4866 4820/8008/4822
f 4820/8057/4822 4866/8095/4868 4841/8055/4843
f 4841/8055/4843 4866/8095/4868 4842/8056/4844
f 4804/7978/4806 4867/8096/4869 4839/8051/4841
f 4492/7639/4494 4821/8010/4823 4868/8097/4870
f 4842/8056/4844 4869/8098/4871 4843/8058/4845
f 4804/7978/4806 4843/8058/4845 4867/8096/4869
f 4843/8058/4845 4869/8098/4871 4867/8096/4869
f 4741/8014/4743 4870/8099/4872 4677/8011/4679
f 4844/8100/4846 4772/7918/4774 4871/8101/4873
f 4845/8060/4847 4871/8101/4873 4772/7918/4774
f 4824/8019/4826 4806/8018/4808 4872/8102/4874
f 4792/7957/4794 4873/8103/4875 4742/7869/4744
f 4792/7957/4794 4825/8022/4827 4873/8103/4875
f 4825/8022/4827 4874/8104/4876 4873/8103/4875
f 4827/8025/4829 4807/7985/4809 4847/8062/4849
f 4526/7835/4528 4660/8029/4662 4720/7836/4722
f 4698/7798/4700 4875/8105/4877 4721/7837/4723
f 4660/8029/4662 4828/8028/4830 4876/8106/4878
f 4476/7372/4478 4849/8067/4851 4779/7929/4781
f 4761/7930/4763 4812/8033/4814 4665/7931/4667
f 4782/7937/4784 4877/8107/4879 4795/7964/4797
f 4795/7964/4797 4877/8107/4879 4851/8074/4853
f 4855/8078/4857 4856/8079/4858 4831/8038/4833
f 4856/8079/4858 4878/8108/4880 4835/8043/4837
f 4835/8043/4837 4878/8108/4880 4879/8109/4881
f 4835/8043/4837 4879/8109/4881 4859/8082/4861
f 4859/8082/4861 4857/8080/4859 4833/8040/4835
f 4857/8080/4859 4880/8110/4882 4813/8083/4815
f 4813/8111/4815 4881/8112/4883 4836/8113/4838
f 4781/8114/4783 4816/8049/4818 4863/8090/4865
f 4784/8088/4786 4861/8087/4863 4855/8115/4857
f 4837/8085/4839 4860/8084/4862 4882/8116/4884
f 4837/8117/4839 4882/8118/4884 4862/8119/4864
f 4839/8051/4841 4867/8096/4869 4863/8090/4865
f 4854/8077/4856 4883/8120/4885 4838/8091/4840
f 4862/8119/4864 4882/8118/4884 4864/8121/4866
f 4864/8121/4866 4884/8122/4886 4885/8123/4887
f 4864/8093/4866 4885/8124/4887 4865/8094/4867
f 4865/8094/4867 4886/8125/4888 4866/8095/4868
f 4865/8094/4867 4885/8124/4887 4886/8125/4888
f 4886/8125/4888 4887/8126/4889 4866/8095/4868
f 4838/8091/4840 4883/8120/4885 4888/8127/4890
f 4838/8128/4840 4888/8129/4890 4799/8086/4801
f 4866/8095/4868 4887/8126/4889 4842/8056/4844
f 4887/8126/4889 4869/8098/4871 4842/8056/4844
f 4677/8011/4679 4870/8099/4872 4821/8010/4823
f 4742/8130/4744 4872/8102/4874 4806/8018/4808
f 4793/7958/4795 4846/8061/4848 4889/8131/4891
f 4793/7958/4795 4889/8131/4891 4825/8022/4827
f 4825/8022/4827 4889/8131/4891 4874/8104/4876
f 4846/8061/4848 4624/7795/4626 4889/8131/4891
f 4807/7985/4809 4890/8132/4892 4847/8062/4849
f 4683/7922/4685 4774/7921/4776 4826/8024/4828
f 4660/8029/4662 4876/8106/4878 4720/7836/4722
f 4721/7837/4723 4891/8133/4893 4722/7838/4724
f 4828/8030/4830 4892/8134/4894 4876/8135/4878
f 4828/8030/4830 4808/7989/4810 4892/8134/4894
f 4722/7838/4724 4893/8136/4895 4776/7926/4778
f 4777/7991/4779 4776/7926/4778 4893/8136/4895
f 4808/8063/4810 4778/7928/4780 4894/8137/4896
f 4779/7929/4781 4849/8067/4851 4829/8031/4831
f 4851/8074/4853 4877/8107/4879 4852/8075/4854
f 4852/8075/4854 4895/8138/4897 4853/8076/4855
f 4853/8076/4855 4896/8139/4898 4854/8077/4856
f 4896/8139/4898 4883/8120/4885 4854/8077/4856
f 4855/8078/4857 4878/8108/4880 4856/8079/4858
f 4880/8140/4882 4897/8141/4899 4813/8111/4815
f 4813/8111/4815 4897/8141/4899 4881/8112/4883
f 4836/8045/4838 4881/8142/4883 4860/8084/4862
f 4859/8082/4861 4898/8143/4900 4857/8080/4859
f 4867/8096/4869 4899/8144/4901 4863/8090/4865
f 4799/8086/4801 4900/8145/4902 4861/8087/4863
f 4859/8082/4861 4879/8109/4881 4898/8143/4900
f 4886/8125/4888 4885/8124/4887 4887/8126/4889
f 4883/8146/4885 4896/8147/4898 4888/8129/4890
f 4896/8147/4898 4901/8148/4903 4888/8129/4890
f 4799/8086/4801 4888/8129/4890 4900/8145/4902
f 4864/8121/4866 4882/8118/4884 4884/8122/4886
f 4869/8098/4871 4887/8126/4889 4899/8144/4901
f 4869/8098/4871 4899/8144/4901 4867/8096/4869
f 4821/8010/4823 4870/8099/4872 4868/8097/4870
f 4822/8013/4824 4902/8149/4904 4823/8015/4825
f 4822/8013/4824 4844/8059/4846 4902/8149/4904
f 4844/8100/4846 4871/8101/4873 4902/8150/4904
f 4492/7639/4494 4759/7893/4761 4409/7640/4411
f 4873/8151/4875 4903/8152/4905 4742/8130/4744
f 4742/8130/4744 4903/8152/4905 4872/8102/4874
f 4873/8151/4875 4874/8153/4876 4903/8152/4905
f 4807/7985/4809 4824/8021/4826 4890/8132/4892
f 4847/8154/4849 4890/8155/4892 4904/8156/4906
f 4774/8157/4776 4847/8154/4849 4905/8158/4907
f 4875/8105/4877 4891/8133/4893 4721/7837/4723
f 4892/8134/4894 4808/7989/4810 4906/8159/4908
f 4722/7838/4724 4891/8133/4893 4893/8136/4895
f 4808/7989/4810 4894/8160/4896 4906/8159/4908
f 4777/7991/4779 4893/8136/4895 4848/8161/4850
f 4665/7731/4667 4907/8162/4909 4702/8034/4704
f 4852/8075/4854 4908/8163/4910 4895/8138/4897
f 4895/8138/4897 4908/8163/4910 4909/8164/4911
f 4895/8138/4897 4909/8164/4911 4853/8076/4855
f 4853/8076/4855 4909/8164/4911 4896/8139/4898
f 4863/8090/4865 4910/8165/4912 4911/8166/4913
f 4863/8090/4865 4911/8166/4913 4781/8114/4783
f 4861/8087/4863 4912/8167/4914 4855/8115/4857
f 4878/8108/4880 4913/8168/4915 4879/8109/4881
f 4857/8080/4859 4914/8169/4916 4880/8110/4882
f 4897/8141/4899 4880/8140/4882 4915/8170/4917
f 4897/8141/4899 4915/8170/4917 4881/8112/4883
f 4857/8080/4859 4898/8143/4900 4914/8169/4916
f 4860/8171/4862 4881/8112/4883 4882/8172/4884
f 4916/8173/4918 4887/8126/4889 4885/8124/4887
f 4910/8165/4912 4899/8144/4901 4916/8173/4918
f 4916/8173/4918 4899/8144/4901 4887/8126/4889
f 4863/8090/4865 4899/8144/4901 4910/8165/4912
f 4900/8145/4902 4912/8167/4914 4861/8087/4863
f 4879/8109/4881 4913/8168/4915 4898/8143/4900
f 4901/8148/4903 4900/8145/4902 4888/8129/4890
f 4884/8122/4886 4917/8174/4919 4885/8123/4887
f 4845/8060/4847 4918/8175/4920 4871/8101/4873
f 4824/8019/4826 4872/8102/4874 4919/8176/4921
f 4696/7917/4698 4920/8177/4922 4845/8060/4847
f 4874/8153/4876 4921/8178/4923 4903/8152/4905
f 4624/7795/4626 4922/8179/4924 4889/8131/4891
f 4890/8155/4892 4923/8180/4925 4904/8156/4906
f 4720/7836/4722 4922/8181/4924 4624/7645/4626
f 4759/8182/4761 4875/8105/4877 4698/7798/4700
f 4924/8183/4926 4891/8133/4893 4875/8105/4877
f 4848/8065/4850 4925/8184/4927 4559/7570/4561
f 4778/7928/4780 4926/8185/4928 4894/8137/4896
f 4725/7841/4727 4926/8185/4928 4778/7928/4780
f 4812/8186/4814 4762/8187/4764 4927/8188/4929
f 4782/7937/4784 4780/7934/4782 4877/8107/4879
f 4852/8075/4854 4877/8107/4879 4908/8163/4910
f 4781/8114/4783 4911/8166/4913 4850/8189/4852
f 4912/8190/4914 4928/8191/4930 4855/8078/4857
f 4878/8108/4880 4855/8078/4857 4928/8191/4930
f 4914/8169/4916 4929/8192/4931 4880/8110/4882
f 4914/8169/4916 4930/8193/4932 4929/8192/4931
f 4880/8140/4882 4929/8194/4931 4931/8195/4933
f 4880/8140/4882 4931/8195/4933 4915/8170/4917
f 4915/8170/4917 4931/8195/4933 4932/8196/4934
f 4910/8165/4912 4933/8197/4935 4911/8166/4913
f 4930/8193/4932 4898/8143/4900 4934/8198/4936
f 4914/8169/4916 4898/8143/4900 4930/8193/4932
f 4915/8170/4917 4932/8196/4934 4881/8112/4883
f 4916/8173/4918 4917/8199/4919 4933/8197/4935
f 4910/8165/4912 4916/8173/4918 4933/8197/4935
f 4885/8124/4887 4917/8199/4919 4916/8173/4918
f 4900/8145/4902 4901/8148/4903 4912/8167/4914
f 4882/8200/4884 4935/8201/4937 4884/8202/4886
f 4884/8202/4886 4935/8201/4937 4917/8203/4919
f 4492/7639/4494 4868/8097/4870 4759/7893/4761
f 4920/8177/4922 4918/8175/4920 4845/8060/4847
f 4889/8204/4891 4921/8178/4923 4874/8153/4876
f 4920/8177/4922 4696/7917/4698 4826/8024/4828
f 4890/8132/4892 4824/8021/4826 4923/8205/4925
f 4889/8204/4891 4922/8206/4924 4936/8207/4938
f 4826/8208/4828 4774/8157/4776 4937/8209/4939
f 4847/8154/4849 4904/8156/4906 4905/8158/4907
f 4925/8184/4927 4810/7993/4812 4559/7570/4561
f 4725/8210/4727 4829/8031/4831 4926/8211/4928
f 4849/8067/4851 4938/8212/4940 4829/8031/4831
f 4811/7994/4813 4939/8213/4941 4760/7895/4762
f 4760/7960/4762 4939/8214/4941 4849/8067/4851
f 4665/7731/4667 4812/8215/4814 4907/8162/4909
f 4908/8163/4910 4940/8216/4942 4909/8164/4911
f 4941/8217/4943 4942/8218/4944 4909/8164/4911
f 4941/8217/4943 4943/8219/4945 4942/8218/4944
f 4933/8197/4935 4944/8220/4946 4911/8166/4913
f 4928/8191/4930 4945/8221/4947 4878/8108/4880
f 4945/8221/4947 4946/8222/4948 4878/8108/4880
f 4947/8223/4949 4948/8224/4950 4930/8193/4932
f 4930/8193/4932 4949/8225/4951 4929/8192/4931
f 4930/8193/4932 4948/8224/4950 4949/8225/4951
f 4929/8194/4931 4949/8226/4951 4931/8195/4933
f 4909/8164/4911 4942/8218/4944 4896/8139/4898
f 4950/8227/4952 4912/8167/4914 4943/8228/4945
f 4928/8229/4930 4912/8167/4914 4950/8227/4952
f 4878/8108/4880 4946/8222/4948 4913/8168/4915
f 4930/8193/4932 4934/8198/4936 4947/8223/4949
f 4931/8195/4933 4951/8230/4953 4932/8196/4934
f 4933/8231/4935 4917/8203/4919 4952/8232/4954
f 4912/8167/4914 4942/8233/4944 4943/8228/4945
f 4934/8198/4936 4913/8168/4915 4946/8222/4948
f 4917/8203/4919 4953/8234/4955 4952/8232/4954
f 4934/8198/4936 4898/8143/4900 4913/8168/4915
f 4881/8112/4883 4932/8196/4934 4954/8235/4956
f 4881/8112/4883 4954/8235/4956 4882/8172/4884
f 4896/8147/4898 4942/8233/4944 4901/8148/4903
f 4912/8167/4914 4901/8148/4903 4942/8233/4944
f 4954/8235/4956 4935/8236/4937 4882/8172/4884
f 4870/8099/4872 4955/8237/4957 4868/8097/4870
f 4870/8099/4872 4741/8014/4743 4955/8237/4957
f 4868/8097/4870 4956/8238/4958 4759/7893/4761
f 4871/8101/4873 4957/8239/4959 4902/8150/4904
f 4871/8101/4873 4958/8240/4960 4957/8239/4959
f 4959/8241/4961 4958/8240/4960 4918/8175/4920
f 4871/8101/4873 4918/8175/4920 4958/8240/4960
f 4920/8177/4922 4959/8241/4961 4918/8175/4920
f 4826/8024/4828 4960/8242/4962 4920/8177/4922
f 4872/8102/4874 4903/8152/4905 4919/8176/4921
f 4889/8204/4891 4936/8207/4938 4921/8178/4923
f 4905/8158/4907 4937/8209/4939 4774/8157/4776
f 4924/8183/4926 4961/8243/4963 4891/8133/4893
f 4848/8161/4850 4962/8244/4964 4925/8245/4927
f 4927/8188/4929 4762/8187/4764 4963/8246/4965
f 4780/7934/4782 4964/8247/4966 4877/8107/4879
f 4964/8247/4966 4908/8163/4910 4877/8107/4879
f 4965/8248/4967 4909/8164/4911 4940/8216/4942
f 4965/8248/4967 4941/8217/4943 4909/8164/4911
f 4850/8189/4852 4944/8220/4946 4966/8249/4968
f 4850/8189/4852 4911/8166/4913 4944/8220/4946
f 4967/8250/4969 4968/8251/4970 4947/8223/4949
f 4944/8220/4946 4933/8197/4935 4966/8249/4968
f 4928/8252/4930 4950/8253/4952 4941/8217/4943
f 4941/8217/4943 4950/8253/4952 4943/8219/4945
f 4967/8250/4969 4947/8223/4949 4946/8222/4948
f 4969/8254/4971 4948/8224/4950 4968/8251/4970
f 4948/8224/4950 4947/8223/4949 4968/8251/4970
f 4969/8255/4971 4949/8226/4951 4948/8256/4950
f 4966/8257/4968 4933/8231/4935 4952/8232/4954
f 4966/8258/4968 4952/8259/4954 4970/8260/4972
f 4971/8261/4973 4945/8221/4947 4928/8191/4930
f 4971/8261/4973 4946/8222/4948 4945/8221/4947
f 4947/8223/4949 4934/8198/4936 4946/8222/4948
f 4951/8230/4953 4931/8195/4933 4949/8226/4951
f 4972/8262/4974 4954/8235/4956 4932/8196/4934
f 4954/8235/4956 4972/8262/4974 4935/8236/4937
f 4935/8236/4937 4972/8262/4974 4953/8263/4955
f 4935/8201/4937 4953/8234/4955 4917/8203/4919
f 4955/8237/4957 4956/8238/4958 4868/8097/4870
f 4955/8237/4957 4741/8014/4743 4973/8264/4975
f 4973/8264/4975 4741/8014/4743 4823/8015/4825
f 4920/8177/4922 4974/8265/4976 4959/8241/4961
f 4960/8242/4962 4974/8265/4976 4920/8177/4922
f 4975/8266/4977 4923/8180/4925 4824/8267/4826
f 4975/8268/4977 4824/8269/4826 4919/8270/4921
f 4976/8271/4978 4919/8176/4921 4903/8152/4905
f 4977/8272/4979 4919/8176/4921 4976/8271/4978
f 4921/8178/4923 4976/8271/4978 4903/8152/4905
f 4978/8273/4980 4905/8158/4907 4904/8156/4906
f 4978/8273/4980 4904/8156/4906 4923/8180/4925
f 4924/8183/4926 4875/8105/4877 4759/8182/4761
f 4893/8136/4895 4962/8244/4964 4848/8161/4850
f 4979/8274/4981 4829/8031/4831 4938/8212/4940
f 4979/8274/4981 4938/8212/4940 4939/8214/4941
f 4939/8214/4941 4938/8212/4940 4849/8067/4851
f 4940/8216/4942 4908/8163/4910 4964/8247/4966
f 4850/8275/4852 4966/8258/4968 4980/8276/4982
f 4981/8277/4983 4946/8222/4948 4982/8278/4984
f 4983/8279/4985 4967/8250/4969 4981/8277/4983
f 4981/8277/4983 4967/8250/4969 4946/8222/4948
f 4983/8279/4985 4968/8251/4970 4967/8250/4969
f 4984/8280/4986 4980/8276/4982 4966/8258/4968
f 4946/8222/4948 4971/8261/4973 4982/8278/4984
f 4949/8226/4951 4969/8255/4971 4985/8281/4987
f 4949/8226/4951 4985/8281/4987 4951/8230/4953
f 4951/8230/4953 4986/8282/4988 4932/8196/4934
f 4952/8259/4954 4953/8263/4955 4970/8260/4972
f 4932/8196/4934 4986/8282/4988 4972/8262/4974
f 4953/8263/4955 4972/8262/4974 4986/8282/4988
f 4959/8241/4961 4974/8265/4976 4987/8283/4989
f 4987/8283/4989 4958/8240/4960 4959/8241/4961
f 4987/8283/4989 4957/8239/4959 4958/8240/4960
f 4919/8176/4921 4977/8272/4979 4988/8284/4990
f 4977/8272/4979 4976/8271/4978 4988/8284/4990
f 4960/8242/4962 4826/8024/4828 4989/8285/4991
f 4826/8208/4828 4937/8209/4939 4989/8286/4991
f 4937/8209/4939 4905/8158/4907 4978/8273/4980
f 4891/8133/4893 4990/8287/4992 4893/8136/4895
f 4906/8159/4908 4894/8160/4896 4892/8134/4894
f 4894/8160/4896 4991/8288/4993 4892/8134/4894
f 4893/8136/4895 4990/8287/4992 4962/8244/4964
f 4894/8160/4896 4926/8289/4928 4991/8288/4993
f 4926/8211/4928 4829/8031/4831 4992/8290/4994
f 4979/8274/4981 4993/8291/4995 4829/8031/4831
f 4780/7934/4782 4702/7898/4704 4964/8247/4966
f 4994/8292/4996 4995/8293/4997 4940/8216/4942
f 4940/8216/4942 4995/8293/4997 4965/8248/4967
f 4981/8277/4983 4996/8294/4998 4997/8295/4999
f 4997/8295/4999 4983/8279/4985 4981/8277/4983
f 4762/8187/4764 4980/8276/4982 4963/8246/4965
f 4980/8276/4982 4762/8187/4764 4850/8275/4852
f 4965/8248/4967 4995/8293/4997 4998/8296/5000
f 4981/8277/4983 4982/8278/4984 4996/8294/4998
f 4968/8297/4970 4999/8298/5001 4969/8255/4971
f 4968/8251/4970 4983/8279/4985 4999/8299/5001
f 4999/8298/5001 5000/8300/5002 4969/8255/4971
f 4965/8248/4967 4998/8296/5000 4941/8217/4943
f 4941/8217/4943 4998/8296/5000 4928/8252/4930
f 4998/8301/5000 4971/8261/4973 4928/8191/4930
f 5000/8300/5002 4985/8281/4987 4969/8255/4971
f 4966/8258/4968 4970/8260/4972 4984/8280/4986
f 4951/8230/4953 4985/8281/4987 4986/8282/4988
f 4984/8280/4986 4970/8260/4972 4986/8282/4988
f 4953/8263/4955 4986/8282/4988 4970/8260/4972
f 4956/8238/4958 5001/8302/5003 4759/7893/4761
f 4960/8303/4962 4989/8286/4991 5002/8304/5004
f 4989/8286/4991 4937/8209/4939 5002/8304/5004
f 4923/8180/4925 5003/8305/5005 4978/8273/4980
f 5001/8306/5003 5004/8307/5006 4759/8182/4761
f 4759/8182/4761 5004/8307/5006 4924/8183/4926
f 4876/8106/4878 5005/8308/5007 4720/7836/4722
f 4961/8243/4963 4990/8287/4992 4891/8133/4893
f 4892/8134/4894 4991/8288/4993 5006/8309/5008
f 4962/8244/4964 4810/8310/4812 4925/8245/4927
f 5007/8311/5009 4811/7994/4813 4810/7993/4812
f 4979/8312/4981 4992/8313/4994 4993/8314/4995
f 4993/8291/4995 4992/8290/4994 4829/8031/4831
f 4907/8315/4909 4964/8247/4966 4702/7898/4704
f 4940/8216/4942 4964/8247/4966 4994/8292/4996
f 4994/8292/4996 5008/8316/5010 4995/8293/4997
f 4997/8317/4999 4996/8318/4998 5008/8319/5010
f 4997/8295/4999 4999/8299/5001 4983/8279/4985
f 4984/8280/4986 5009/8320/5011 4980/8276/4982
f 4980/8276/4982 5009/8320/5011 4963/8246/4965
f 4995/8293/4997 4971/8321/4973 4998/8296/5000
f 5008/8316/5010 4971/8321/4973 4995/8293/4997
f 5008/8322/5010 4982/8278/4984 4971/8261/4973
f 4982/8278/4984 5008/8322/5010 4996/8294/4998
f 4984/8280/4986 4986/8282/4988 5000/8300/5002
f 5000/8300/5002 4986/8282/4988 4985/8281/4987
f 4973/8323/4975 5010/8324/5012 4955/8325/4957
f 4973/8323/4975 4823/8326/4825 5011/8327/5013
f 4987/8283/4989 4974/8265/4976 5012/8328/5014
f 4955/8325/4957 5013/8329/5015 4956/8330/4958
f 4823/8331/4825 4902/8150/4904 5014/8332/5016
f 4957/8239/4959 5015/8333/5017 5016/8334/5018
f 4957/8239/4959 4987/8283/4989 5015/8333/5017
f 4960/8303/4962 5002/8304/5004 4974/8335/4976
f 4919/8336/4921 5017/8337/5019 5018/8338/5020
f 4919/8339/4921 4988/8340/4990 5017/8341/5019
f 4923/8180/4925 4975/8266/4977 5003/8305/5005
f 4975/8266/4977 4919/8336/4921 5018/8338/5020
f 4976/8271/4978 5019/8342/5021 4988/8284/4990
f 4976/8271/4978 5020/8343/5022 5019/8342/5021
f 4921/8178/4923 5020/8343/5022 4976/8271/4978
f 4921/8178/4923 4936/8207/4938 5021/8344/5023
f 4922/8206/4924 5021/8344/5023 4936/8207/4938
f 4876/8135/4878 5022/8345/5024 5005/8346/5007
f 4892/8134/4894 5022/8345/5024 4876/8135/4878
f 4892/8134/4894 5006/8309/5008 5022/8345/5024
f 4926/8347/4928 4992/8313/4994 4991/8348/4993
f 4812/8215/4814 5023/8349/5025 4907/8162/4909
f 4812/8186/4814 4927/8188/4929 5023/8350/5025
f 4994/8351/4996 4997/8352/4999 5008/8353/5010
f 4999/8298/5001 5024/8354/5026 5000/8300/5002
f 5009/8320/5011 5000/8300/5002 5024/8354/5026
f 4984/8280/4986 5000/8300/5002 5009/8320/5011
f 4987/8283/4989 5012/8328/5014 5015/8333/5017
f 4957/8239/4959 5014/8332/5016 4902/8150/4904
f 4957/8239/4959 5016/8334/5018 5014/8332/5016
f 4937/8209/4939 4978/8273/4980 5003/8305/5005
f 4975/8266/4977 5018/8338/5020 5003/8305/5005
f 4956/8330/4958 5025/8355/5027 5001/8356/5003
f 5004/8307/5006 4961/8243/4963 4924/8183/4926
f 4907/8162/4909 4994/8351/4996 4964/8357/4966
f 4907/8162/4909 5026/8358/5028 4994/8351/4996
f 5023/8349/5025 5026/8358/5028 4907/8162/4909
f 4997/8352/4999 4994/8351/4996 5026/8358/5028
f 5026/8359/5028 5024/8354/5026 4997/8360/4999
f 4927/8188/4929 5009/8320/5011 5024/8354/5026
f 4963/8246/4965 5009/8320/5011 4927/8188/4929
f 4997/8360/4999 5024/8354/5026 4999/8298/5001
f 4823/8361/4825 5014/8362/5016 5011/8363/5013
f 4974/8265/4976 5027/8364/5029 5012/8328/5014
f 4955/8325/4957 5010/8324/5012 5013/8329/5015
f 5002/8304/5004 4937/8209/4939 5003/8305/5005
f 5002/8304/5004 5003/8305/5005 5028/8365/5030
f 4988/8366/4990 5029/8367/5031 5017/8337/5019
f 5020/8343/5022 5021/8344/5023 5019/8342/5021
f 4921/8178/4923 5021/8344/5023 5020/8343/5022
f 5025/8368/5027 5030/8369/5032 5001/8306/5003
f 5004/8307/5006 5001/8306/5003 5030/8369/5032
f 5005/8308/5007 5031/8370/5033 4720/7836/4722
f 4991/8288/4993 5032/8371/5034 5006/8309/5008
f 5023/8350/5025 5024/8354/5026 5026/8359/5028
f 5023/8350/5025 4927/8188/4929 5024/8354/5026
f 5010/8324/5012 4973/8323/4975 5033/8372/5035
f 5011/8327/5013 5033/8372/5035 4973/8323/4975
f 5012/8328/5014 5027/8364/5029 5015/8333/5017
f 5010/8324/5012 5034/8373/5036 5013/8329/5015
f 4974/8335/4976 5028/8365/5030 5027/8374/5029
f 5002/8304/5004 5028/8365/5030 4974/8335/4976
f 5013/8329/5015 5025/8355/5027 4956/8330/4958
f 5013/8329/5015 5034/8373/5036 5025/8355/5027
f 5017/8337/5019 5035/8375/5037 5018/8338/5020
f 5017/8337/5019 5029/8367/5031 5035/8375/5037
f 4988/8376/4990 5019/8377/5021 5029/8378/5031
f 4720/7836/4722 5031/8370/5033 4922/8181/4924
f 5036/8379/5038 4961/8243/4963 5004/8307/5006
f 5005/8346/5007 5022/8345/5024 5031/8380/5033
f 5032/8371/5034 5037/8381/5039 5006/8309/5008
f 4991/8348/4993 4992/8313/4994 5032/8382/5034
f 5038/8383/5040 4979/8312/4981 4939/8384/4941
f 5033/8372/5035 5034/8373/5036 5010/8324/5012
f 5015/8333/5017 5039/8385/5041 5016/8334/5018
f 5016/8334/5018 5039/8385/5041 5014/8332/5016
f 5027/8374/5029 5028/8365/5030 5015/8386/5017
f 5028/8365/5030 5003/8305/5005 5040/8387/5042
f 5018/8338/5020 5040/8387/5042 5003/8305/5005
f 5029/8378/5031 5019/8377/5021 5041/8388/5043
f 5031/8370/5033 5021/8389/5023 4922/8181/4924
f 5030/8369/5032 5036/8379/5038 5004/8307/5006
f 5028/8365/5030 5039/8390/5041 5015/8386/5017
f 5034/8373/5036 5033/8372/5035 5025/8355/5027
f 5018/8338/5020 5035/8375/5037 5040/8387/5042
f 5019/8342/5021 5021/8344/5023 5042/8391/5044
f 4962/8392/4964 5043/8393/5045 4810/8394/4812
f 5007/8395/5009 5038/8396/5040 4811/8397/4813
f 5038/8398/5040 4939/8213/4941 4811/7994/4813
f 5011/8399/5013 5014/8400/5016 5044/8401/5046
f 5033/8372/5035 5011/8327/5013 5025/8355/5027
f 5029/8367/5031 5045/8402/5047 5046/8403/5048
f 5029/8367/5031 5041/8404/5043 5045/8402/5047
f 5019/8377/5021 5047/8405/5049 5041/8388/5043
f 5029/8367/5031 5046/8403/5048 5035/8375/5037
f 5019/8377/5021 5042/8406/5044 5047/8405/5049
f 5025/8368/5027 5048/8407/5050 5030/8369/5032
f 5006/8309/5008 5049/8408/5051 5022/8345/5024
f 4990/8409/4992 5043/8393/5045 4962/8392/4964
f 4979/8312/4981 5050/8410/5052 4992/8313/4994
f 5039/8390/5041 5051/8411/5053 5014/8412/5016
f 5011/8413/5013 5044/8414/5046 5025/8415/5027
f 5028/8365/5030 5040/8387/5042 5039/8390/5041
f 5047/8416/5049 5045/8402/5047 5041/8404/5043
f 5048/8417/5050 5036/8418/5038 5030/8419/5032
f 5031/8380/5033 5022/8345/5024 5052/8420/5054
f 5006/8309/5008 5037/8381/5039 5049/8408/5051
f 5032/8382/5034 5050/8410/5052 5037/8421/5039
f 5050/8410/5052 5032/8382/5034 4992/8313/4994
f 5040/8387/5042 5035/8375/5037 5039/8390/5041
f 5044/8401/5046 5048/8417/5050 5025/8422/5027
f 5021/8389/5023 5031/8370/5033 5052/8423/5054
f 5049/8408/5051 5052/8420/5054 5022/8345/5024
f 4990/8409/4992 4961/8424/4963 5053/8425/5055
f 5014/8400/5016 5051/8426/5053 5044/8401/5046
f 5046/8403/5048 5045/8402/5047 5035/8375/5037
f 5042/8391/5044 5021/8344/5023 5054/8427/5056
f 5036/8418/5038 5053/8425/5055 4961/8424/4963
f 5053/8425/5055 5043/8393/5045 4990/8409/4992
f 5043/8393/5045 5055/8428/5057 4810/8394/4812
f 5038/8383/5040 5050/8410/5052 4979/8312/4981
f 5039/8390/5041 5035/8375/5037 5051/8411/5053
f 5047/8416/5049 5042/8429/5044 5045/8402/5047
f 5054/8430/5056 5045/8402/5047 5042/8429/5044
f 5021/8389/5023 5052/8423/5054 5054/8431/5056
f 5048/8417/5050 5056/8432/5058 5036/8418/5038
f 4810/8394/4812 5055/8428/5057 5007/8433/5009
f 5035/8375/5037 5045/8402/5047 5051/8411/5053
f 5045/8402/5047 5057/8434/5059 5051/8411/5053
f 5045/8402/5047 5054/8430/5056 5058/8435/5060
f 5049/8436/5051 5059/8437/5061 5052/8438/5054
f 5037/8381/5039 5060/8439/5062 5049/8408/5051
f 5037/8421/5039 5050/8410/5052 5060/8440/5062
f 5045/8402/5047 5058/8435/5060 5057/8434/5059
f 5051/8426/5053 5061/8441/5063 5044/8401/5046
f 5044/8401/5046 5056/8432/5058 5048/8417/5050
f 5060/8442/5062 5059/8437/5061 5049/8436/5051
f 5007/8433/5009 5062/8443/5064 5038/8444/5040
f 5057/8434/5059 5058/8435/5060 5061/8445/5063
f 5056/8432/5058 5053/8425/5055 5036/8418/5038
f 5060/8440/5062 5050/8410/5052 5063/8446/5065
f 5057/8447/5059 5061/8441/5063 5051/8426/5053
f 5058/8448/5060 5064/8449/5066 5061/8441/5063
f 5061/8441/5063 5064/8449/5066 5044/8401/5046
f 5044/8401/5046 5064/8449/5066 5056/8432/5058
f 5054/8450/5056 5052/8438/5054 5065/8451/5067
f 5060/8442/5062 5066/8452/5068 5059/8437/5061
f 5067/8453/5069 5063/8454/5065 5050/8455/5052
f 5038/8383/5040 5067/8456/5069 5050/8410/5052
f 5053/8425/5055 5055/8428/5057 5043/8393/5045
f 5068/8457/5070 5062/8443/5064 5007/8433/5009
f 5062/8443/5064 5067/8453/5069 5038/8444/5040
f 5055/8428/5057 5069/8458/5071 5007/8433/5009
f 5058/8448/5060 5054/8450/5056 5070/8459/5072
f 5056/8432/5058 5071/8460/5073 5053/8425/5055
f 5058/8448/5060 5070/8459/5072 5064/8449/5066
f 5064/8449/5066 5072/8461/5074 5056/8432/5058
f 5054/8450/5056 5065/8451/5067 5070/8459/5072
f 5052/8438/5054 5066/8452/5068 5065/8451/5067
f 5073/8462/5075 5055/8428/5057 5053/8425/5055
f 5060/8442/5062 5063/8454/5065 5066/8452/5068
f 5074/8463/5076 5063/8454/5065 5067/8453/5069
f 5056/8432/5058 5075/8464/5077 5071/8460/5073
f 5052/8438/5054 5059/8437/5061 5066/8452/5068
f 5063/8454/5065 5074/8463/5076 5066/8452/5068
f 5007/8433/5009 5069/8458/5071 5068/8457/5070
f 5072/8461/5074 5064/8449/5066 5070/8459/5072
f 5072/8461/5074 5075/8464/5077 5056/8432/5058
f 5065/8451/5067 5076/8465/5078 5070/8459/5072
f 5065/8451/5067 5066/8452/5068 5076/8465/5078
f 5072/8461/5074 5077/8466/5079 5075/8464/5077
f 5075/8464/5077 5073/8462/5075 5071/8460/5073
f 5071/8460/5073 5073/8462/5075 5053/8425/5055
f 5073/8462/5075 5069/8458/5071 5055/8428/5057
f 5067/8453/5069 5078/8467/5080 5074/8463/5076
f 5074/8463/5076 5078/8467/5080 5079/8468/5081
f 5074/8463/5076 5079/8468/5081 5066/8452/5068
f 5062/8443/5064 5078/8467/5080 5067/8453/5069
f 5070/8459/5072 5076/8465/5078 5072/8461/5074
f 5072/8461/5074 5076/8465/5078 5077/8466/5079
f 5066/8452/5068 5080/8469/5082 5076/8465/5078
f 5075/8464/5077 5081/8470/5083 5073/8462/5075
f 5066/8452/5068 5079/8468/5081 5080/8469/5082
f 5081/8470/5083 5069/8458/5071 5073/8462/5075
f 5069/8458/5071 5062/8443/5064 5068/8457/5070
f 5077/8466/5079 5076/8465/5078 5082/8471/5084
f 5081/8470/5083 5075/8464/5077 5083/8472/5085
f 5077/8466/5079 5083/8472/5085 5075/8464/5077
f 5082/8471/5084 5076/8465/5078 5080/8469/5082
f 5081/8470/5083 5083/8472/5085 5069/8458/5071
f 5079/8468/5081 5078/8467/5080 5080/8469/5082
f 5083/8472/5085 5062/8443/5064 5069/8458/5071
f 5077/8466/5079 5082/8471/5084 5083/8472/5085
f 5078/8467/5080 5083/8472/5085 5082/8471/5084
f 5080/8469/5082 5078/8467/5080 5082/8471/5084
f 5078/8467/5080 5062/8443/5064 5083/8472/5085
