# Blender 4.4.0
# www.blender.org
mtllib Meshy_AI_A_Low_Poly_fish_that__0528232843_texture.mtl
o Meshy_AI_A_Low_Poly_fish_that__0528232843_texture
v -0.981276 -0.155141 -0.372737
v -0.977909 -0.154988 -0.371261
v -0.977995 -0.158148 -0.369806
v -0.965823 -0.154761 -0.362134
v -0.981709 -0.118695 -0.370918
v -0.979420 -0.122529 -0.372620
v -0.971658 -0.035962 -0.372125
v -0.981375 -0.068944 -0.368515
v -0.983533 -0.169337 -0.357470
v -0.986945 -0.159214 -0.362814
v -0.973993 -0.031444 -0.369769
v -0.966429 0.039392 -0.368884
v -0.957362 0.047767 -0.365385
v -0.953551 -0.014355 -0.360392
v -0.965212 0.051882 -0.368546
v -0.966361 0.072660 -0.367819
v -0.957281 0.110117 -0.363438
v -0.966246 0.126513 -0.364722
v -0.981490 -0.182258 -0.341108
v -0.993180 -0.093742 -0.350436
v -0.982302 0.026919 -0.353661
v -0.973273 0.080992 -0.361859
v -0.957126 0.133745 -0.361140
v -0.973033 0.126423 -0.358125
v -0.965931 0.133798 -0.363169
v -0.992238 -0.151466 -0.350877
v -0.949269 0.134540 -0.354170
v -0.967004 0.173526 -0.336304
v -0.989615 -0.179868 -0.334344
v -0.941591 -0.146773 -0.340643
v -0.995572 -0.097842 -0.342650
v -0.869524 0.018574 -0.286700
v -0.959971 0.145533 -0.354973
v -0.890492 0.030689 -0.304146
v -0.993061 0.101773 -0.333270
v -0.949092 0.154398 -0.344575
v -0.986405 -0.183233 -0.338590
v -0.916530 -0.064184 -0.320041
v -0.944414 0.194938 -0.315746
v -0.969287 0.183461 -0.328341
v -0.995493 -0.143270 -0.338863
v -0.997915 -0.106069 -0.326954
v -0.915889 0.105378 -0.317111
v -0.983679 -0.190468 -0.329747
v -0.912193 0.068218 -0.320165
v -0.995791 0.118137 -0.325521
v -0.983964 -0.206578 -0.307372
v -0.997419 -0.043745 -0.326894
v -0.997101 0.002026 -0.323465
v -0.962438 -0.202820 -0.283635
v -0.967018 0.215448 -0.307228
v -0.997419 -0.106392 -0.322218
v -0.937541 0.204628 -0.303404
v -0.996923 -0.168335 -0.289325
v -0.992842 -0.064594 -0.316808
v -0.993716 0.006285 -0.316872
v -0.995562 0.106418 -0.320175
v -0.997449 0.119004 -0.318666
v -0.991484 -0.103086 -0.312460
v -0.996913 0.142966 -0.305680
v -0.993250 0.183993 -0.287775
v -0.988686 -0.108526 -0.303807
v -0.908031 -0.138591 -0.305734
v -0.986449 -0.219498 -0.286758
v -0.981809 -0.232973 -0.271203
v -0.998173 -0.131938 -0.285735
v -0.883151 0.097004 -0.278730
v -0.915435 0.204819 -0.274645
v -0.993835 0.217332 -0.263252
v -0.973248 0.250402 -0.279035
v -0.989493 -0.229080 -0.269814
v -0.965682 -0.108053 -0.279417
v -0.923495 -0.064546 -0.242272
v -0.850163 -0.068225 -0.253400
v -0.969696 0.102112 -0.292109
v -0.972468 0.111329 -0.292694
v -0.996923 0.156446 -0.294324
v -0.948106 0.291078 -0.253596
v -0.997727 -0.132648 -0.282230
v -0.955101 -0.102686 -0.271393
v -0.939980 0.283348 -0.254354
v -0.961681 -0.220223 -0.258489
v -0.832438 0.017941 -0.251092
v -0.996476 0.181493 -0.277791
v -0.996714 0.177152 -0.281774
v -0.996585 0.193427 -0.272927
v -0.967107 0.256903 -0.277340
v -0.902389 0.064901 -0.220358
v -0.837459 -0.125628 -0.232306
v -0.986366 -0.232547 -0.270087
v -0.995324 -0.226318 -0.239197
v -0.966323 0.295238 -0.252977
v -0.981375 -0.243158 -0.258508
v -0.998948 -0.177851 -0.236137
v -0.994004 0.207499 -0.258817
v -0.995920 0.202056 -0.265127
v -0.973320 0.282646 -0.257552
v -0.989749 -0.241991 -0.251999
v -0.919543 -0.112157 -0.233734
v -0.939834 0.140428 -0.242006
v -0.883087 0.180082 -0.249281
v -0.920323 0.263524 -0.250257
v -0.984263 -0.244125 -0.257222
v -0.841216 0.071891 -0.240987
v -0.975130 0.203481 -0.246358
v -0.856124 0.200102 -0.216856
v -0.995384 0.218328 -0.256501
v -0.959394 0.303269 -0.247805
v -0.978462 -0.265413 -0.224871
v -0.924046 -0.142560 -0.209430
v -0.828403 -0.043232 -0.240445
v -0.944704 0.291249 -0.250453
v -0.968858 0.299231 -0.246428
v -0.984120 -0.253050 -0.245486
v -0.994411 0.230978 -0.247800
v -0.959767 0.308671 -0.241786
v -0.986832 -0.257238 -0.239682
v -0.989668 -0.262936 -0.226161
v -0.798837 -0.001202 -0.230903
v -0.802946 0.014795 -0.237480
v -0.948224 0.169730 -0.237843
v -0.993498 0.232238 -0.241218
v -0.991049 0.271169 -0.230364
v -0.957088 0.309183 -0.238313
v -0.873435 -0.035334 -0.192466
v -0.761657 0.014749 -0.215267
v -0.982449 -0.267824 -0.224870
v -0.880893 -0.106689 -0.201452
v -0.807567 -0.067999 -0.221538
v -0.828132 0.088417 -0.224968
v -0.986335 0.234565 -0.233306
v -0.995255 0.251709 -0.230495
v -0.986494 -0.269606 -0.221049
v -0.855115 -0.166370 -0.208044
v -0.997856 -0.187344 -0.220320
v -0.791058 -0.121589 -0.194933
v -0.961005 0.212145 -0.224793
v -0.991767 0.241798 -0.228563
v -0.940574 -0.235754 -0.220666
v 0.359604 -0.228461 -0.226002
v 0.352980 -0.225410 -0.225510
v 0.359897 -0.225710 -0.227264
v 0.371871 -0.228250 -0.222335
v 0.375748 -0.224939 -0.225117
v 0.352496 -0.218437 -0.226460
v 0.383920 -0.222127 -0.225057
v 0.388114 -0.223675 -0.223391
v 0.347533 -0.206622 -0.224494
v 0.331475 -0.193193 -0.222309
v -0.774113 -0.034484 -0.207281
v 0.160973 0.003348 -0.218057
v 0.168928 0.031311 -0.225482
v 0.184679 0.023323 -0.225292
v 0.188672 0.011369 -0.222636
v 0.192564 0.019273 -0.223582
v 0.192497 0.031183 -0.224400
v 0.180574 0.043040 -0.225058
v 0.172837 0.047016 -0.224423
v 0.164948 0.054812 -0.221189
v 0.192392 0.050776 -0.221027
v -0.886113 0.111051 -0.192280
v -0.883521 0.149206 -0.175352
v -0.931447 0.187214 -0.208121
v -0.977820 0.229253 -0.228584
v -0.959552 0.315754 -0.222055
v 0.359729 -0.229986 -0.222469
v 0.352795 -0.229024 -0.222186
v 0.421022 -0.217843 -0.216061
v 0.407728 -0.221201 -0.219223
v -0.902982 -0.236978 -0.187189
v 0.379817 -0.173980 -0.209629
v 0.172784 -0.004543 -0.216673
v 0.192598 -0.004700 -0.215489
v 0.201109 0.011406 -0.219458
v 0.157066 0.015360 -0.220385
v 0.208272 0.027085 -0.218947
v 0.145204 0.023286 -0.216824
v 0.153212 0.035247 -0.221176
v 0.157166 0.047018 -0.221358
v 0.208281 0.038836 -0.217924
v 0.204252 0.050703 -0.216647
v 0.168829 0.062553 -0.218171
v 0.176536 0.062568 -0.218453
v -0.997747 0.255985 -0.214276
v -0.980958 -0.280463 -0.208098
v 0.344334 -0.224353 -0.216652
v 0.404693 -0.224639 -0.217451
v 0.317454 -0.136326 -0.212303
v 0.294082 -0.147300 -0.218761
v 0.285512 -0.135065 -0.218198
v 0.277376 -0.126835 -0.216785
v 0.276612 -0.119709 -0.215719
v 0.149101 0.007289 -0.215138
v 0.124655 0.018722 -0.201694
v 0.142001 0.039128 -0.215081
v 0.149442 0.054789 -0.215320
v 0.192288 0.062512 -0.215596
v -0.924215 0.283585 -0.201244
v -0.959272 0.317174 -0.213321
v -0.986080 -0.278323 -0.208372
v -0.988595 -0.275338 -0.205412
v 0.421631 -0.222321 -0.210161
v 0.332755 -0.218160 -0.212005
v 0.433678 -0.217354 -0.213272
v -0.999494 -0.235165 -0.168940
v 0.316307 -0.207839 -0.204578
v 0.442153 -0.214340 -0.211035
v 0.265801 -0.118346 -0.212514
v 0.265353 -0.111841 -0.211046
v -0.877712 -0.111763 -0.195949
v 0.184616 -0.017282 -0.209133
v 0.156167 -0.018208 -0.207051
v 0.136344 -0.001381 -0.205560
v 0.204546 -0.008983 -0.208648
v 0.225149 0.002478 -0.203319
v 0.224924 0.019223 -0.207963
v 0.224744 0.034825 -0.207954
v 0.216004 0.054545 -0.207489
v 0.149394 0.062532 -0.210895
v 0.161120 0.069767 -0.211206
v 0.180498 0.074996 -0.208447
v 0.192229 0.072426 -0.207778
v -0.993011 -0.284276 -0.168233
v 0.376781 -0.216813 -0.182878
v 0.328348 -0.214806 -0.206858
v 0.446384 -0.217724 -0.205694
v 0.237964 -0.131260 -0.187996
v 0.247769 -0.119277 -0.200143
v 0.325498 -0.108061 -0.197902
v 0.257699 -0.111779 -0.207429
v 0.272950 -0.095978 -0.201888
v -0.765942 -0.080172 -0.188065
v 0.161898 -0.033453 -0.207146
v 0.152374 -0.026595 -0.207727
v 0.172562 -0.033774 -0.208342
v 0.188607 -0.030220 -0.208015
v 0.192960 -0.017869 -0.207993
v 0.205251 -0.014090 -0.207262
v 0.217137 -0.021865 -0.204090
v -0.711473 0.014233 -0.186445
v 0.218166 0.062318 -0.199890
v 0.172748 0.078942 -0.204637
v -0.824227 0.166461 -0.200305
v -0.807111 0.159099 -0.192035
v -0.908874 0.170542 -0.191426
v -0.997012 0.253947 -0.202785
v -0.953289 0.323859 -0.181056
v -0.961298 0.319388 -0.205400
v -0.957858 0.321730 -0.197140
v 0.454064 -0.216321 -0.205903
v 0.315096 -0.207820 -0.201716
v 0.466453 -0.207334 -0.200592
v 0.387484 -0.137277 -0.192683
v 0.254207 -0.108120 -0.200389
v 0.261620 -0.104253 -0.203908
v 0.288462 -0.087433 -0.194760
v 0.212987 -0.037296 -0.197011
v 0.127879 -0.010238 -0.202892
v 0.225294 -0.010181 -0.203227
v 0.240807 0.018697 -0.194971
v -0.857382 0.060607 -0.175610
v 0.120345 0.043021 -0.196903
v 0.224391 0.054419 -0.200139
v 0.124553 0.054869 -0.195200
v 0.149279 0.074228 -0.199969
v 0.202985 0.074179 -0.199944
v 0.161111 0.077603 -0.203176
v 0.180629 0.090639 -0.187441
v 0.470046 -0.213394 -0.196486
v 0.458655 -0.217093 -0.201491
v 0.473579 -0.209336 -0.195966
v 0.307333 -0.202696 -0.195010
v 0.291469 -0.191161 -0.192662
v 0.164621 -0.058280 -0.186034
v 0.188688 -0.043382 -0.199193
v 0.176629 -0.058539 -0.186468
v 0.228502 -0.017650 -0.199435
v 0.119931 -0.046543 -0.176878
v 0.121197 -0.017480 -0.198462
v 0.120195 -0.010054 -0.199588
v 0.241109 0.046476 -0.187308
v -0.882651 0.245374 -0.143111
v -0.924742 0.303423 -0.155388
v -0.985542 -0.293626 -0.188113
v 0.294974 -0.194716 -0.190538
v 0.277653 -0.081722 -0.191071
v 0.225485 -0.046665 -0.182897
v 0.236582 -0.005643 -0.196035
v 0.107961 0.035063 -0.191720
v -0.686177 0.071721 -0.152941
v 0.203617 0.082079 -0.187378
v 0.153049 0.082046 -0.191190
v 0.172753 0.087573 -0.191621
v -0.810049 0.161730 -0.191592
v -0.977171 0.324271 -0.138824
v -0.952413 -0.320293 -0.130899
v 0.473435 -0.211250 -0.190224
v 0.475264 -0.206521 -0.190123
v 0.471070 -0.199580 -0.191930
v 0.461431 -0.174898 -0.179190
v 0.346291 -0.104036 -0.187206
v 0.245968 -0.111779 -0.183622
v 0.304609 -0.075449 -0.182271
v 0.261812 -0.087304 -0.177512
v 0.274476 -0.066372 -0.170054
v 0.205085 -0.052442 -0.186759
v 0.136207 -0.059149 -0.178475
v 0.104011 -0.013129 -0.187416
v 0.100423 -0.005663 -0.186631
v 0.245419 -0.030367 -0.178501
v 0.257231 0.002323 -0.174375
v 0.250610 0.030635 -0.183004
v 0.099104 0.050512 -0.183175
v 0.228653 0.063507 -0.187097
v 0.140917 0.074937 -0.191384
v -0.773870 0.113491 -0.186336
v -0.997280 0.261274 -0.181842
v -0.995245 0.279741 -0.180878
v -0.959441 0.324507 -0.188656
v -0.923990 -0.296193 -0.138301
v 0.458326 -0.205700 -0.158274
v 0.291257 -0.191829 -0.190319
v 0.466475 -0.186992 -0.184477
v 0.237689 -0.134283 -0.187060
v 0.254391 -0.161459 -0.180244
v -0.874219 -0.156430 -0.154709
v 0.258257 -0.095292 -0.183953
v -0.823870 -0.085778 -0.144493
v 0.213521 -0.055306 -0.182962
v -0.748825 0.149030 -0.162417
v -0.989470 0.303998 -0.147648
v -0.980530 -0.306638 -0.174493
v 0.466386 -0.209240 -0.174284
v -0.845181 -0.224587 -0.154823
v 0.272852 -0.177967 -0.181676
v 0.241042 -0.115645 -0.179895
v 0.189417 -0.113920 -0.178816
v 0.176770 -0.063528 -0.184278
v 0.094614 -0.017511 -0.174715
v -0.715799 -0.063244 -0.159632
v -0.682173 0.014411 -0.170682
v 0.262116 0.038196 -0.166360
v 0.091362 0.043293 -0.178863
v 0.236861 0.066862 -0.178712
v 0.120125 0.078949 -0.177214
v 0.228968 0.090373 -0.166532
v 0.180749 0.102918 -0.174930
v -0.863331 0.141289 -0.158472
v 0.460238 -0.170015 -0.173119
v 0.241654 -0.149381 -0.177069
v 0.227740 -0.131020 -0.175938
v 0.231828 -0.141565 -0.174847
v 0.234554 -0.127681 -0.178612
v 0.189760 -0.138369 -0.173982
v 0.235924 -0.118953 -0.177169
v 0.237782 -0.120340 -0.178497
v 0.240992 -0.111236 -0.178007
v 0.244741 -0.107436 -0.177976
v 0.246733 -0.102792 -0.178085
v 0.253148 -0.094702 -0.178530
v 0.243702 -0.101938 -0.176923
v 0.288864 -0.054477 -0.170574
v 0.285979 -0.058863 -0.174263
v 0.245314 -0.035123 -0.177700
v 0.087762 0.050368 -0.172857
v -0.841320 0.124003 -0.146276
v 0.115912 0.095973 -0.159136
v 0.192470 0.096122 -0.179704
v -0.883492 0.154332 -0.170447
v -0.810739 0.177905 -0.130457
v -0.985005 -0.324439 -0.146566
v 0.469393 -0.207877 -0.175416
v 0.471324 -0.205740 -0.178598
v 0.227737 -0.141177 -0.172765
v 0.177874 -0.137980 -0.171215
v 0.119716 -0.100692 -0.163412
v 0.256051 -0.086023 -0.174952
v 0.254945 -0.081555 -0.174717
v 0.260258 -0.082298 -0.173459
v 0.265461 -0.078743 -0.174273
v 0.272538 -0.027539 -0.161414
v 0.087184 -0.001821 -0.171724
v 0.083491 0.027042 -0.170594
v 0.083069 0.067308 -0.153660
v 0.208777 0.097205 -0.171050
v -0.736002 0.145588 -0.157982
v -0.998263 0.272835 -0.160446
v -0.959620 0.331311 -0.168007
v 0.452940 -0.153224 -0.163687
v -0.770205 -0.157931 -0.146365
v 0.240893 -0.148157 -0.168010
v 0.235718 -0.146336 -0.167001
v 0.177701 -0.141149 -0.168976
v 0.411883 -0.117220 -0.158274
v 0.086234 -0.071750 -0.161106
v 0.276215 -0.053534 -0.165272
v 0.269928 -0.074933 -0.172796
v -0.844701 -0.035348 -0.167444
v 0.090371 -0.051331 -0.167438
v 0.086532 -0.018636 -0.170417
v 0.079206 0.043043 -0.165642
v -0.828562 0.182696 -0.151471
v -0.861538 -0.240035 -0.154338
v -0.911536 -0.204985 -0.132435
v 0.454196 -0.156933 -0.161382
v 0.261616 -0.158325 -0.165381
v -0.827708 -0.119841 -0.142298
v 0.272639 -0.061341 -0.168182
v 0.277355 -0.057884 -0.166211
v 0.282004 -0.054376 -0.166327
v 0.285491 -0.050437 -0.165161
v -0.686069 -0.021494 -0.159967
v 0.278646 -0.010703 -0.155622
v -0.832435 0.010518 -0.155655
v 0.074168 0.038517 -0.163520
v -0.980444 -0.337580 -0.133634
v 0.274011 -0.163688 -0.161204
v 0.250503 -0.152478 -0.164376
v -0.840223 -0.133509 -0.145922
v 0.280737 -0.049389 -0.162588
v 0.279547 -0.044832 -0.161435
v 0.304462 -0.045391 -0.153078
v -0.690236 -0.071077 -0.140467
v -0.665003 0.014620 -0.164984
v 0.011174 0.026632 -0.151586
v 0.281865 0.026638 -0.152641
v 0.274577 0.087545 -0.124490
v 0.248569 0.090529 -0.145792
v 0.208893 0.109063 -0.146241
v -0.874269 0.150355 -0.162087
v -0.893001 0.171437 -0.127741
v -0.954401 0.233566 -0.119527
v -0.859354 0.224261 -0.114048
v -0.890572 -0.267364 -0.146440
v -0.997846 -0.253355 -0.140969
v 0.460956 -0.201464 -0.158017
v 0.351823 -0.174446 -0.128824
v 0.286426 -0.168925 -0.157401
v 0.443347 -0.160263 -0.136126
v 0.168835 -0.152657 -0.153125
v 0.162097 -0.148406 -0.154187
v 0.118218 -0.115859 -0.150283
v 0.098817 -0.099598 -0.154099
v -0.694461 -0.104365 -0.126929
v 0.362065 -0.070815 -0.141024
v 0.324931 -0.062829 -0.159346
v 0.324026 -0.049562 -0.148860
v -0.827944 0.116195 -0.134085
v 0.099496 0.099462 -0.141030
v 0.237782 0.100859 -0.141834
v -0.998392 0.284401 -0.139515
v -0.982340 -0.327933 -0.145808
v 0.441449 -0.191306 -0.129993
v 0.326353 -0.173704 -0.135450
v 0.317796 -0.174018 -0.139390
v 0.285378 -0.168904 -0.150615
v 0.282044 -0.166381 -0.156012
v 0.447447 -0.142313 -0.152766
v 0.432727 -0.129505 -0.154555
v -0.832249 -0.027154 -0.155360
v -0.005180 -0.038068 -0.145701
v 0.287851 0.001704 -0.150186
v -0.556097 -0.021662 -0.142822
v -0.627045 0.018000 -0.159583
v -0.581183 0.058895 -0.137376
v -0.677298 0.059224 -0.153970
v 0.111134 0.109146 -0.137237
v -0.959405 0.340130 -0.142504
v -0.999355 -0.272322 -0.127002
v -0.994600 -0.251968 -0.136985
v -0.853601 -0.234644 -0.151093
v -0.803492 -0.186837 -0.147226
v 0.397584 -0.197569 -0.146058
v 0.178233 -0.180478 -0.125124
v -0.848709 -0.143747 -0.145856
v 0.441003 -0.132485 -0.146565
v -0.699880 -0.107875 -0.128635
v 0.403645 -0.103413 -0.146143
v 0.086705 -0.101238 -0.142222
v 0.028460 -0.079374 -0.133409
v 0.341732 -0.057536 -0.145317
v -0.522710 0.022373 -0.146231
v 0.317116 0.022072 -0.140682
v 0.176564 0.123850 -0.138008
v -0.849542 0.132971 -0.150169
v -0.781595 0.169085 -0.118070
v 0.385397 -0.186685 -0.133864
v 0.453334 -0.199568 -0.146429
v 0.297841 -0.172229 -0.146687
v 0.443972 -0.136734 -0.147386
v 0.338090 -0.023475 -0.142273
v -0.042823 -0.021193 -0.138628
v -0.030800 0.030279 -0.142515
v 0.090677 0.095840 -0.139019
v -0.682041 0.129792 -0.134055
v -0.670122 0.127960 -0.128875
v -0.851573 0.137925 -0.144838
v -0.711040 0.142731 -0.138656
v -0.998839 0.281364 -0.127389
v -0.956694 0.339988 -0.140153
v -0.992581 -0.317218 -0.122983
v -0.847466 -0.232202 -0.101941
v 0.437756 -0.187267 -0.126136
v 0.449340 -0.195594 -0.139726
v 0.334618 -0.173499 -0.131313
v 0.301442 -0.175502 -0.141756
v -0.882331 -0.177680 -0.141785
v 0.226363 -0.210711 -0.090445
v 0.210019 -0.178476 -0.124917
v 0.442816 -0.155444 -0.135488
v 0.445840 -0.147677 -0.144386
v 0.445239 -0.139602 -0.142179
v 0.446064 -0.136001 -0.141552
v 0.441844 -0.129000 -0.141622
v 0.383085 -0.082919 -0.136170
v 0.404606 -0.023396 -0.125230
v -0.497707 -0.021801 -0.137242
v -0.043216 -0.016533 -0.140091
v -0.456179 0.010560 -0.137439
v -0.505955 0.025914 -0.144169
v -0.447887 0.030351 -0.137272
v 0.329611 0.029693 -0.134159
v 0.023485 0.076117 -0.132089
v -0.698778 0.137215 -0.138896
v -0.944099 -0.222104 -0.137068
v -0.832373 -0.228033 -0.055584
v -0.882076 -0.180514 -0.136859
v 0.444521 -0.151247 -0.139613
v 0.448561 -0.142745 -0.138212
v 0.137519 -0.143083 -0.125956
v 0.388565 -0.082931 -0.132485
v 0.437126 -0.100161 -0.116348
v -0.820197 -0.077599 -0.143533
v 0.003761 -0.071399 -0.125463
v -0.089223 -0.013029 -0.134150
v -0.397965 -0.021733 -0.128803
v -0.422852 -0.025530 -0.130040
v -0.093421 -0.005992 -0.135010
v -0.770717 -0.023078 -0.131270
v -0.766677 0.031460 -0.129421
v 0.254211 0.107668 -0.122586
v -0.835685 0.124846 -0.137323
v -0.962671 0.352690 -0.105257
v -0.997091 -0.296980 -0.122867
v 0.293092 -0.199856 -0.108637
v 0.329766 -0.174924 -0.129701
v 0.439640 -0.171627 -0.123809
v 0.446657 -0.149960 -0.134001
v 0.459090 -0.138551 -0.129160
v 0.116627 -0.128340 -0.118685
v 0.457287 -0.128792 -0.128718
v -0.774886 -0.065258 -0.127531
v -0.510651 -0.062299 -0.116972
v -0.472794 -0.036945 -0.128248
v -0.160281 -0.013495 -0.128738
v -0.114296 0.026693 -0.133921
v -0.360445 0.002383 -0.127970
v -0.064330 0.034125 -0.137439
v 0.085822 0.116207 -0.124841
v 0.102670 0.112133 -0.131052
v -0.959394 0.347511 -0.121851
v -0.977632 -0.337965 -0.130121
v -0.998799 -0.261377 -0.127331
v -0.994183 -0.254827 -0.127615
v 0.305214 -0.192471 -0.121199
v -0.890428 -0.189496 -0.132357
v -0.770147 -0.171301 -0.097199
v 0.443955 -0.155379 -0.132331
v 0.457775 -0.162347 -0.112902
v -0.890194 -0.192272 -0.110848
v 0.464584 -0.128310 -0.120670
v -0.815981 -0.120521 -0.129430
v -0.660562 -0.100038 -0.120336
v 0.036699 -0.084954 -0.130163
v 0.450298 -0.027056 -0.113699
v -0.347937 -0.017235 -0.123659
v -0.147594 -0.016739 -0.128069
v 0.371397 0.029734 -0.123009
v -0.373065 0.030331 -0.128024
v -0.456260 0.082904 -0.106519
v -0.331224 0.071132 -0.104436
v -0.518923 0.083402 -0.115869
v 0.013626 0.103526 -0.116095
v 0.233704 0.123865 -0.116833
v 0.123478 0.127621 -0.121495
v -0.998024 0.282262 -0.111002
v -0.981488 -0.340711 -0.123321
v -0.984426 -0.337268 -0.123292
v -0.978293 -0.339723 -0.123183
v 0.189252 -0.194976 -0.112585
v 0.337575 -0.180776 -0.117255
v 0.338169 -0.174273 -0.126042
v 0.444667 -0.160332 -0.125431
v -0.823125 -0.134953 -0.098720
v 0.458116 -0.115840 -0.116844
v -0.694183 -0.107391 -0.124571
v 0.433230 -0.094358 -0.115377
v -0.038263 -0.054410 -0.116972
v -0.071949 -0.040290 -0.115520
v -0.276945 0.006397 -0.124346
v -0.276799 -0.016996 -0.119445
v -0.255904 0.018051 -0.123716
v -0.314522 0.018109 -0.125432
v -0.272742 0.042214 -0.114672
v -0.176600 0.042018 -0.121753
v -0.080825 0.083096 -0.115162
v 0.279915 0.107733 -0.108749
v -0.787631 0.099133 -0.126198
v -0.820087 0.113102 -0.129695
v -0.840396 0.207931 -0.097188
v -0.924192 -0.295558 -0.081380
v 0.409843 -0.171399 -0.121569
v 0.346345 -0.173678 -0.122623
v 0.372322 -0.173784 -0.125036
v 0.385021 -0.175250 -0.126186
v 0.441674 -0.166796 -0.121975
v 0.464840 -0.135074 -0.121681
v 0.468623 -0.127523 -0.113785
v 0.073970 -0.111322 -0.059772
v -0.702549 -0.120584 -0.104850
v -0.606258 -0.089167 -0.116146
v -0.494045 -0.062154 -0.112435
v -0.093188 -0.036724 -0.112605
v -0.143571 -0.029178 -0.116407
v -0.356316 -0.028968 -0.116677
v -0.205955 -0.029115 -0.112523
v -0.297829 -0.020859 -0.117819
v -0.114178 0.082846 -0.109531
v -0.014452 0.095546 -0.116202
v -0.800038 0.107657 -0.125566
v -0.820128 0.116404 -0.124327
v -0.820101 0.119923 -0.111320
v 0.153880 0.135829 -0.117526
v 0.172228 0.140734 -0.113215
v -0.982166 -0.246700 -0.093943
v 0.436693 -0.175129 -0.121360
v 0.392858 -0.170849 -0.120228
v 0.439915 -0.169506 -0.119375
v 0.445199 -0.165620 -0.117297
v 0.179279 -0.203259 -0.075868
v 0.459650 -0.162441 -0.109505
v -0.794122 -0.112945 -0.121069
v 0.449263 -0.103270 -0.110868
v -0.021790 -0.073207 -0.084500
v -0.448233 -0.053543 -0.108199
v -0.725219 0.014638 -0.116752
v -0.272638 -0.021365 -0.116796
v 0.466433 0.008855 -0.105087
v -0.193386 0.066574 -0.107303
v -0.718905 0.090839 -0.109858
v -0.741705 0.095851 -0.113764
v -0.047502 0.090782 -0.113604
v -0.770893 0.099815 -0.121055
v -0.005706 0.099141 -0.113608
v -0.796389 0.109314 -0.120463
v 0.015261 0.106971 -0.112854
v -0.999156 0.293609 -0.089710
v 0.367610 -0.171997 -0.106951
v 0.413953 -0.169310 -0.118453
v 0.439534 -0.169258 -0.115856
v 0.446068 -0.167464 -0.113522
v 0.454588 -0.167225 -0.106959
v -0.850525 -0.154831 -0.102588
v 0.465107 -0.118654 -0.109894
v -0.790780 -0.113465 -0.116099
v -0.776711 -0.104120 -0.117503
v 0.457400 -0.106824 -0.106253
v 0.446135 -0.098855 -0.111552
v -0.756559 -0.095951 -0.113316
v -0.539745 -0.076499 -0.112307
v -0.310335 0.070266 -0.104224
v -0.151483 0.078945 -0.104341
v 0.346486 0.090766 -0.092014
v -0.754007 0.100771 -0.113071
v 0.246147 0.120785 -0.113079
v -0.681855 0.149079 -0.076247
v -0.990362 0.328700 -0.080685
v -0.981439 -0.331539 -0.081853
v 0.194758 -0.206066 -0.100244
v 0.396887 -0.169726 -0.103554
v 0.458028 -0.165762 -0.106646
v 0.468881 -0.130880 -0.107294
v 0.468440 -0.123677 -0.107100
v 0.461035 -0.111390 -0.104718
v 0.453904 -0.097506 -0.107474
v -0.736151 -0.087658 -0.109169
v -0.071916 -0.047600 -0.104725
v -0.692101 -0.027477 -0.107330
v 0.479143 -0.010614 -0.104197
v 0.541957 -0.072681 -0.082034
v 0.458481 0.016581 -0.103873
v -0.277287 0.066450 -0.103467
v -0.430924 0.085265 -0.100792
v -0.385546 0.080834 -0.100202
v -0.347840 0.076753 -0.100461
v -0.531579 0.093999 -0.108882
v -0.485256 0.088988 -0.104438
v -0.051589 0.092569 -0.109141
v -0.001436 0.107027 -0.097447
v 0.055783 0.120571 -0.067467
v 0.172665 0.144066 -0.102273
v 0.450882 -0.161254 -0.096519
v 0.460144 -0.162740 -0.106395
v -0.711335 -0.137797 -0.071807
v 0.461244 -0.106403 -0.103172
v 0.470050 -0.104621 -0.098618
v -0.750696 -0.096581 -0.108224
v -0.548127 -0.086495 -0.100326
v 0.379398 0.082235 -0.083539
v 0.400251 0.077364 -0.079170
v -0.696338 0.035489 -0.109167
v -0.134810 0.083346 -0.101085
v -0.717080 0.096657 -0.104482
v -0.029942 0.102359 -0.084168
v 0.155830 0.144720 -0.067255
v -0.764916 0.170070 -0.092915
v -0.790262 0.181845 -0.088493
v -0.980143 -0.336460 -0.098630
v 0.210928 -0.230143 -0.075356
v 0.375966 -0.169607 -0.103707
v 0.375005 -0.168060 -0.098502
v 0.464370 -0.134968 -0.097225
v 0.464649 -0.119262 -0.102050
v 0.466225 -0.120459 -0.092116
v -0.716463 -0.084016 -0.099904
v -0.701851 -0.074744 -0.101059
v -0.306509 -0.056494 -0.062090
v 0.520340 -0.020072 -0.086950
v 0.456801 0.049686 -0.078693
v -0.673441 0.082718 -0.101536
v -0.260126 0.069305 -0.100053
v -0.205988 0.072923 -0.100328
v -0.704464 0.091775 -0.105268
v 0.303696 0.102620 -0.100500
v -0.762931 0.122770 -0.036443
v -0.896093 0.323399 -0.034559
v -0.965189 0.357063 -0.088840
v -0.994788 -0.292543 -0.052479
v 0.384410 -0.166741 -0.100040
v 0.457627 -0.162228 -0.100100
v 0.464116 -0.122523 -0.098178
v 0.464961 -0.117442 -0.095961
v -0.708052 -0.079584 -0.100776
v -0.164355 -0.064085 -0.054480
v -0.663247 -0.027582 -0.101882
v -0.588386 -0.010707 -0.093591
v -0.588313 0.044259 -0.092099
v -0.231063 0.075296 -0.088432
v -0.692059 0.092488 -0.100310
v 0.032043 0.115282 -0.067168
v -0.874313 0.166897 -0.052832
v 0.123840 0.135784 -0.064058
v -0.673422 0.148356 -0.067875
v -0.880957 0.274777 -0.080311
v -0.996843 0.321266 -0.068534
v -0.962397 0.360690 -0.081184
v -0.956749 0.363827 -0.067743
v -0.977666 -0.332125 -0.056919
v 0.238191 -0.226369 -0.070894
v 0.388242 -0.163215 -0.095084
v 0.397055 -0.164061 -0.096265
v 0.462851 -0.126031 -0.093181
v -0.791262 -0.125126 -0.061277
v 0.525658 -0.133919 -0.066920
v -0.688075 -0.075608 -0.091763
v -0.448204 -0.078365 -0.071447
v -0.683630 -0.065848 -0.097417
v -0.130716 -0.065945 -0.057357
v -0.592530 -0.044760 -0.089290
v 0.546243 -0.052320 -0.080791
v -0.584260 0.010466 -0.093605
v -0.301802 0.082163 -0.063708
v -0.650403 0.078608 -0.097302
v -0.654465 0.084299 -0.094299
v -0.130710 0.090493 -0.072135
v -0.055776 0.101609 -0.059883
v 0.225216 0.145099 -0.049646
v -0.979111 -0.333249 -0.081860
v -0.983715 -0.324685 -0.052730
v 0.263551 -0.218021 -0.079826
v 0.391884 -0.162278 -0.089870
v 0.400921 -0.159278 -0.091284
v 0.413203 -0.155406 -0.086416
v 0.422031 -0.155970 -0.087516
v 0.453954 -0.149603 -0.087886
v 0.104506 -0.132245 -0.072269
v 0.459241 -0.146360 -0.091207
v 0.464032 -0.130288 -0.087984
v 0.052789 -0.104641 -0.067254
v 0.538043 -0.100712 -0.080119
v -0.659559 -0.062253 -0.092844
v -0.068076 -0.062873 -0.075709
v -0.089605 -0.070122 -0.056265
v -0.612835 -0.054424 -0.088753
v -0.617237 0.065532 -0.093401
v -0.626209 0.074614 -0.092689
v -0.638042 0.079791 -0.092282
v -0.190204 0.087179 -0.050817
v -0.389577 0.088199 -0.064002
v 0.333850 0.112715 -0.037882
v -0.886435 0.179588 -0.040362
v -0.845258 0.224281 -0.063739
v -0.890365 -0.195474 -0.056551
v 0.395798 -0.166752 -0.075786
v 0.404501 -0.158218 -0.084900
v 0.433932 -0.153142 -0.085616
v 0.460768 -0.140521 -0.085058
v 0.496370 -0.137362 -0.071094
v -0.729106 -0.101375 -0.053022
v -0.227344 -0.062155 -0.055495
v -0.517660 -0.010677 -0.082207
v -0.608718 0.070853 -0.088614
v 0.007209 0.112435 -0.059216
v 0.279526 0.126674 -0.051317
v 0.218648 -0.236177 -0.067295
v 0.313001 -0.231612 -0.010385
v 0.429585 -0.152341 -0.081987
v 0.454236 -0.145065 -0.081785
v -0.848877 -0.159223 -0.039987
v 0.461702 -0.141033 -0.080321
v 0.466170 -0.139376 -0.079152
v 0.024213 -0.094838 -0.066946
v -0.625575 -0.060869 -0.082915
v -0.583589 -0.050578 -0.084347
v -0.572373 -0.045749 -0.084625
v -0.259578 -0.057530 -0.056729
v -0.534311 -0.036873 -0.080352
v 0.550226 -0.028288 -0.075393
v -0.513559 0.031496 -0.081116
v 0.457847 0.065997 -0.062622
v -0.538442 0.053493 -0.080948
v -0.276451 0.082166 -0.063781
v 0.099302 0.131906 -0.050589
v -0.841250 0.232574 -0.038469
v -0.920115 0.358696 0.002064
v 0.242122 -0.226713 -0.067629
v 0.575606 -0.128804 -0.061320
v 0.060461 -0.108008 -0.062859
v 0.011608 -0.089521 -0.067570
v -0.000622 -0.086608 -0.062753
v -0.574606 -0.051343 -0.078816
v -0.558487 -0.046447 -0.080202
v -0.501070 -0.033425 -0.076622
v 0.545992 -0.016812 -0.070381
v -0.496862 0.049114 -0.076741
v -0.534254 0.059492 -0.075800
v -0.251202 0.082343 -0.072570
v -0.239420 0.082896 -0.074873
v -0.219376 0.083736 -0.066719
v -0.068612 0.101355 -0.055258
v -0.556570 0.111660 -0.071934
v 0.168754 0.148712 -0.067443
v 0.176269 0.151963 -0.062920
v -0.953042 -0.316718 -0.039721
v 0.433658 -0.160492 -0.058282
v 0.471264 -0.147982 -0.063172
v 0.600639 -0.105079 -0.069422
v -0.524028 -0.106927 -0.046047
v -0.679453 -0.087160 -0.040638
v -0.511684 -0.038226 -0.075678
v 0.621520 -0.029023 -0.065475
v -0.476248 -0.010600 -0.077301
v -0.437450 -0.024558 -0.072438
v 0.541334 -0.005167 -0.062239
v -0.459618 0.014663 -0.075901
v -0.453722 0.048786 -0.072706
v -0.496729 0.054744 -0.073537
v -0.534048 0.066552 -0.053253
v -0.671267 0.106812 -0.024070
v -0.035055 0.106603 -0.035364
v 0.258707 0.136736 -0.044037
v -0.727535 0.174349 -0.042638
v -0.979183 -0.333328 -0.069931
v 0.143258 -0.178420 -0.043203
v 0.031740 -0.099105 -0.066305
v 0.696217 -0.084989 -0.058164
v -0.056136 -0.075125 -0.050885
v 0.663050 -0.040068 -0.065152
v -0.471629 -0.033929 -0.071759
v -0.451808 -0.029427 -0.071609
v 0.617358 -0.021417 -0.061474
v -0.393099 -0.002147 -0.071554
v -0.525992 0.060717 -0.070061
v 0.458296 0.070847 -0.054787
v -0.314001 0.097244 0.002114
v -0.224506 0.086492 -0.066001
v -0.235304 0.103849 -0.059468
v 0.388675 0.094338 -0.038405
v -0.427257 0.105808 -0.013912
v 0.051844 0.121245 -0.066746
v 0.036010 0.117306 -0.067000
v -0.965350 0.368320 -0.051314
v -0.959698 0.369142 -0.055270
v -0.999245 -0.267910 -0.031584
v 0.218944 -0.240696 -0.051654
v 0.186693 -0.228112 -0.037420
v 0.229010 -0.236040 -0.060094
v -0.936743 -0.221933 -0.002243
v 0.529906 -0.139254 -0.058948
v 0.047974 -0.108304 -0.061894
v 0.006862 -0.130986 -0.060277
v 0.023484 -0.100850 -0.062882
v 0.006208 -0.091952 -0.061703
v 0.011410 -0.091339 -0.064827
v 0.704751 -0.110319 -0.053021
v -0.206504 -0.066399 -0.049929
v -0.288688 -0.065600 -0.041435
v -0.455207 -0.034357 -0.066371
v -0.384770 -0.021169 -0.067996
v -0.363778 -0.015630 -0.067868
v -0.388318 0.045249 -0.068450
v -0.333415 0.023140 -0.064106
v -0.426484 0.050941 -0.067668
v -0.451358 0.054409 -0.066426
v 0.446959 0.077789 -0.042033
v -0.275810 0.086144 -0.056515
v -0.126254 0.094431 -0.062786
v -0.110123 0.099982 -0.062330
v -0.102587 0.099693 -0.061671
v -0.090346 0.100828 -0.058208
v -0.106946 0.105465 -0.061034
v 0.350268 0.106893 -0.037618
v -0.477381 0.117986 -0.001401
v 0.023327 0.116565 -0.062189
v 0.312958 0.119723 -0.037639
v 0.039858 0.120917 -0.064098
v 0.050725 0.130264 -0.061444
v 0.055039 0.124537 -0.062415
v 0.023962 0.151467 -0.060441
v 0.031295 0.143388 -0.062437
v 0.136746 0.140279 -0.062743
v 0.047218 0.155814 -0.061581
v 0.148559 0.145236 -0.061978
v 0.152302 0.150322 -0.061289
v 0.160750 0.149740 -0.061632
v 0.165216 0.149485 -0.063696
v 0.204604 0.149449 -0.053709
v 0.160348 0.156094 -0.060933
v 0.172181 0.154294 -0.061349
v 0.188828 0.181187 -0.062512
v 0.144366 0.159266 -0.059414
v 0.007027 0.259422 -0.061359
v 0.023148 0.260322 -0.064974
v 0.030829 0.260246 -0.065094
v 0.046406 0.257596 -0.060971
v 0.042598 0.260505 -0.063072
v -0.130178 0.262810 -0.058998
v -0.114149 0.266188 -0.059902
v -0.114124 0.257528 -0.061310
v -0.102370 0.260148 -0.062205
v 0.011353 0.266274 -0.060112
v 0.034905 0.266473 -0.062035
v -0.993726 0.341347 -0.026849
v 0.006940 -0.288270 -0.056770
v 0.022711 -0.291860 -0.057072
v 0.011135 -0.293197 -0.054701
v 0.006564 -0.205863 -0.058192
v 0.051136 -0.292029 -0.054671
v 0.038973 -0.222555 -0.056647
v 0.006768 -0.168469 -0.060314
v 0.179248 -0.219876 -0.042497
v 0.042999 -0.168503 -0.059224
v -0.004216 -0.201559 -0.055315
v -0.000507 -0.168566 -0.058111
v -0.000608 -0.105929 -0.059092
v 0.058576 -0.130826 -0.055449
v 0.592547 -0.132309 -0.054270
v 0.062469 -0.117280 -0.055394
v 0.638336 -0.131112 -0.049881
v -0.602019 -0.132427 -0.030680
v 0.082780 -0.121131 -0.039023
v 0.068284 -0.111160 -0.057129
v -0.012278 -0.088074 -0.051260
v -0.444267 -0.088712 -0.037584
v -0.474079 -0.094837 -0.041377
v -0.418941 -0.083218 -0.038037
v -0.114439 -0.070875 -0.056920
v -0.255191 -0.062868 -0.053355
v -0.604739 -0.076575 0.010662
v 0.708721 -0.039781 -0.056296
v 0.709071 -0.027566 -0.055364
v -0.388768 -0.026018 -0.062161
v -0.355180 -0.021467 -0.063382
v -0.337959 -0.016912 -0.063848
v -0.333989 -0.002264 -0.065128
v -0.332608 -0.016064 -0.061636
v -0.330382 0.010490 -0.063473
v 0.511639 0.030971 -0.050284
v -0.338354 0.036087 -0.063817
v -0.355384 0.047175 -0.063412
v -0.380597 0.051214 -0.062521
v -0.125835 0.099670 -0.057512
v -0.125502 0.105254 -0.055449
v -0.013247 0.112151 -0.038864
v 0.008243 0.116916 -0.054409
v 0.063919 0.121871 -0.060029
v 0.062024 0.130360 -0.052056
v 0.073325 0.123964 -0.055968
v 0.283525 0.127884 -0.042241
v 0.005406 0.147353 -0.048785
v 0.123849 0.138456 -0.058271
v 0.136220 0.147052 -0.058829
v -0.125618 0.191902 -0.053245
v 0.053873 0.155756 -0.058248
v -0.110165 0.176671 -0.058686
v 0.183453 0.154928 -0.057095
v 0.184111 0.152822 -0.058290
v 0.053731 0.195693 -0.053252
v 0.221384 0.194439 -0.056352
v 0.035375 0.195779 -0.056117
v 0.020138 0.195909 -0.052787
v 0.047102 0.195482 -0.055800
v 0.156830 0.171405 -0.058656
v 0.205616 0.193221 -0.060609
v -0.106505 0.192588 -0.057234
v 0.243044 0.230066 -0.050979
v 0.022850 0.253601 -0.058791
v -0.251203 0.259631 -0.059209
v -0.235673 0.259641 -0.059871
v -0.247557 0.253855 -0.057395
v -0.231545 0.250924 -0.054033
v -0.227862 0.259723 -0.058571
v -0.110185 0.254468 -0.059171
v -0.126468 0.257617 -0.059286
v -0.098224 0.254314 -0.058429
v -0.082516 0.259485 -0.058428
v 0.006937 0.255213 -0.058093
v -0.263227 0.256841 -0.055923
v -0.263321 0.259709 -0.056213
v 0.062328 0.260259 -0.053982
v 0.062641 0.254725 -0.050217
v -0.239458 0.267880 -0.053948
v -0.082296 0.265927 -0.054417
v -0.008561 0.266179 -0.049823
v -0.106412 0.273390 -0.050307
v 0.046791 0.273605 -0.053458
v -0.999097 0.302394 -0.056695
v -0.981271 -0.328078 -0.053128
v -0.972448 -0.327838 -0.010572
v -0.899109 -0.279949 -0.047636
v 0.022708 -0.294459 -0.054878
v 0.058430 -0.291884 -0.052635
v 0.059046 -0.294337 -0.050077
v -0.000742 -0.287881 -0.053566
v 0.058673 -0.264190 -0.053875
v -0.251086 -0.287435 -0.051391
v -0.238985 -0.284583 -0.054182
v -0.223596 -0.286989 -0.053125
v -0.223581 -0.284206 -0.054373
v -0.114625 -0.280371 -0.057494
v -0.118050 -0.283219 -0.056077
v -0.121745 -0.280052 -0.056089
v -0.094446 -0.283662 -0.054483
v -0.000871 -0.255851 -0.055523
v -0.118161 -0.239339 -0.056805
v -0.231253 -0.176875 -0.055859
v -0.998868 -0.257139 0.030975
v 0.224943 -0.240142 -0.043916
v -0.070041 -0.185215 -0.049801
v 0.062296 -0.193314 -0.053193
v 0.061993 -0.230826 -0.050316
v -0.263294 -0.287420 -0.047500
v -0.102563 -0.076291 -0.054541
v 0.058843 -0.168660 -0.055518
v -0.010969 -0.168477 -0.048769
v 0.062404 -0.168722 -0.053964
v -0.122006 -0.071877 -0.055530
v 0.758960 -0.089331 -0.053311
v 0.796422 -0.131212 -0.052093
v 0.796739 -0.172565 -0.051774
v 0.726438 -0.134798 -0.050918
v -0.250860 -0.155968 -0.051863
v -0.251254 -0.068051 -0.052954
v 0.066913 -0.113343 -0.054500
v -0.235348 -0.068195 -0.054671
v -0.215100 -0.067146 -0.050679
v -0.021594 -0.084123 -0.046735
v 0.746627 -0.064409 -0.055221
v -0.339735 -0.072574 -0.037943
v 0.791974 -0.081162 -0.050011
v 0.692945 -0.020621 -0.053094
v -0.337480 -0.022123 -0.057899
v -0.333139 -0.019994 -0.058377
v -0.329925 -0.016221 -0.057677
v 0.722169 0.001371 -0.051890
v 0.817350 0.031073 -0.051652
v -0.327842 0.027283 -0.057969
v 0.825797 0.055851 -0.049957
v -0.331255 0.040819 -0.058618
v -0.337726 0.046203 -0.059407
v -0.351354 0.050250 -0.058140
v 0.470042 0.068263 -0.046425
v -0.283859 0.091635 -0.041939
v -0.195051 0.089999 -0.049991
v -0.270723 0.100215 -0.046332
v -0.073541 0.103264 -0.051794
v -0.238534 0.108914 -0.055648
v -0.070345 0.108827 -0.045999
v -0.232494 0.113617 -0.054120
v -0.832991 0.147128 0.001705
v -0.569043 0.139876 0.002668
v 0.063458 0.123114 -0.054808
v -0.239341 0.135183 -0.053937
v 0.074525 0.138352 -0.040568
v 0.116019 0.137854 -0.053061
v -0.239229 0.192271 -0.054454
v 0.079153 0.150576 -0.033351
v -0.236053 0.192329 -0.054051
v 0.196638 0.155179 -0.053083
v 0.012394 0.192706 -0.049176
v 0.107601 0.171298 -0.041643
v 0.070111 0.196092 -0.037781
v 0.123916 0.196313 -0.036902
v 0.217571 0.156615 -0.048555
v -0.074456 0.192385 -0.045582
v -0.781974 0.194112 -0.050843
v -0.113876 0.195313 -0.054834
v -0.106400 0.195234 -0.055691
v 0.039390 0.197710 -0.054315
v 0.189931 0.213296 -0.049205
v -0.255766 0.246564 -0.049421
v -0.134810 0.253066 -0.050835
v -0.077969 0.252120 -0.050504
v 0.047366 0.251693 -0.051228
v -0.279307 0.253420 -0.046949
v -0.278604 0.259428 -0.048825
v -0.220404 0.254169 -0.053528
v -0.070785 0.256850 -0.051989
v -0.008064 0.260097 -0.053191
v -0.209380 0.257351 -0.049491
v -0.141997 0.260301 -0.055044
v -0.066511 0.259380 -0.049613
v -0.216082 0.262613 -0.053346
v -0.146044 0.262822 -0.052622
v -0.259500 0.268495 -0.050097
v -0.227514 0.266349 -0.054421
v -0.138424 0.265877 -0.053739
v 0.058669 0.266629 -0.054053
v -0.122431 0.269698 -0.054258
v 0.015210 0.273701 -0.053933
v 0.030953 0.275659 -0.054119
v -0.989533 -0.304600 -0.015016
v 0.062010 -0.292027 -0.050069
v -0.251235 -0.289386 -0.049714
v -0.118054 -0.290828 -0.047947
v -0.214998 -0.287155 -0.051150
v -0.203759 -0.284346 -0.048798
v -0.146741 -0.280187 -0.045370
v -0.077908 -0.286221 -0.049380
v -0.070172 -0.276581 -0.049803
v -0.012458 -0.284327 -0.045834
v 0.784668 -0.209515 -0.047533
v 0.834313 -0.234655 -0.047950
v -0.149510 -0.168557 -0.045212
v 0.065034 -0.218361 -0.046440
v 0.871198 -0.235135 -0.046503
v -0.066883 -0.176959 -0.048079
v -0.009241 -0.201924 -0.050014
v 0.066246 -0.176724 -0.050667
v 0.069012 -0.169152 -0.046151
v 0.066546 -0.160696 -0.046421
v 0.500718 -0.164067 0.001552
v -0.149840 -0.155839 -0.044793
v 0.126561 -0.162039 -0.038851
v 0.109012 -0.145416 -0.030935
v 0.070333 -0.120991 -0.042818
v 0.841524 -0.144004 -0.045738
v 0.694014 -0.130073 -0.045383
v 0.690061 -0.132147 -0.041663
v -0.267210 -0.110258 -0.047713
v 0.072359 -0.112917 -0.050683
v -0.077373 -0.075611 -0.051816
v -0.199867 -0.076674 -0.044884
v -0.061863 -0.078678 -0.046717
v -0.150501 -0.075498 -0.043999
v -0.142110 -0.070731 -0.049234
v -0.162811 -0.078335 -0.030893
v -0.151728 -0.070169 -0.048151
v -0.275236 -0.067266 -0.044933
v -0.271861 -0.061789 -0.049575
v -0.190201 -0.069721 -0.043551
v 0.825006 -0.018267 -0.047761
v 0.833581 0.014867 -0.050474
v -0.332691 -0.022081 -0.048714
v -0.327249 -0.015661 -0.044217
v 0.575531 0.007785 -0.037752
v 0.621550 0.001082 -0.037528
v 0.706877 -0.007274 -0.050150
v 0.862367 0.039970 -0.047251
v 0.818302 0.096502 -0.043578
v -0.328393 0.040473 -0.053645
v 0.850407 0.047781 -0.049029
v -0.333065 0.046840 -0.054640
v -0.333924 0.051132 -0.040091
v -0.333462 0.049476 -0.049126
v 0.862952 0.084949 -0.046029
v 0.463813 0.073948 -0.042505
v -0.212207 0.113176 -0.043441
v -0.164897 0.098864 -0.030078
v -0.142226 0.098951 -0.049218
v -0.142044 0.105254 -0.045592
v -0.065900 0.105967 -0.045856
v -0.058336 0.107095 -0.038168
v -0.070570 0.143551 -0.044127
v -0.137467 0.188869 -0.046913
v 0.068093 0.123970 -0.053361
v 0.067122 0.126768 -0.050137
v 0.072476 0.124347 -0.051364
v 0.099384 0.138706 -0.045879
v -0.267174 0.156034 -0.048689
v 0.215446 0.150259 -0.048947
v 0.246762 0.193905 -0.050985
v -0.273596 0.192201 -0.045222
v -0.259637 0.197152 -0.046293
v -0.232149 0.195215 -0.050073
v -0.126345 0.196874 -0.046671
v -0.090501 0.195338 -0.049845
v 0.165493 0.228887 -0.035452
v -0.106374 0.198133 -0.051064
v 0.023295 0.198768 -0.051022
v 0.066711 0.199274 -0.038061
v 0.248398 0.257935 -0.038607
v -0.252133 0.243319 -0.043243
v -0.211869 0.251982 -0.046202
v -0.146381 0.255711 -0.049863
v -0.097887 0.250793 -0.051255
v -0.008735 0.255107 -0.049143
v -0.013693 0.252209 -0.038961
v 0.022872 0.250839 -0.051412
v -0.153820 0.261761 -0.047247
v -0.275373 0.262174 -0.049626
v -0.015939 0.260165 -0.045624
v -0.215564 0.269310 -0.045918
v -0.069935 0.266110 -0.046844
v 0.070823 0.266716 -0.045563
v -0.082304 0.269026 -0.050239
v 0.066816 0.273964 -0.041834
v 0.047097 0.278614 -0.046436
v -0.998054 0.303104 -0.044497
v -0.976083 -0.329363 -0.048740
v 0.055300 -0.296127 -0.034296
v -0.239066 -0.295413 -0.043335
v -0.219551 -0.294944 -0.041016
v -0.098444 -0.295704 -0.044628
v -0.082289 -0.290640 -0.044596
v 0.014895 -0.293919 -0.038158
v -0.150075 -0.283190 -0.041557
v -0.008735 -0.288098 -0.046818
v -0.200528 -0.286805 -0.045276
v -0.066081 -0.285520 -0.045557
v -0.274464 -0.260030 -0.040953
v -0.278328 -0.155995 -0.040932
v 0.904663 -0.280297 -0.041827
v 0.891668 -0.239430 -0.043437
v 0.826264 -0.250970 -0.044635
v 0.776734 -0.221587 -0.043835
v -0.200041 -0.185225 -0.045977
v -0.059524 -0.283693 -0.041557
v 0.735885 -0.183833 -0.043968
v 0.714681 -0.155114 -0.045826
v 0.345664 -0.216333 -0.010088
v -0.868867 -0.176059 -0.023276
v -0.715698 -0.158013 -0.030157
v -0.711070 -0.169432 0.001414
v -0.643742 -0.152337 -0.001545
v 0.071907 -0.115418 -0.046090
v -0.066690 -0.084386 -0.046615
v -0.150384 -0.080244 -0.041936
v 0.816283 -0.077066 -0.044482
v -0.023027 -0.087278 -0.038114
v -0.028466 -0.092099 -0.025281
v -0.292824 -0.070051 -0.034597
v -0.392854 -0.035902 0.001606
v 0.692930 -0.004623 -0.038261
v 0.698317 -0.005409 -0.041059
v 0.541081 0.015296 -0.037825
v 0.716463 0.024754 -0.024633
v -0.326714 0.044618 -0.044571
v 0.745817 0.033141 -0.045639
v 0.887368 0.068748 -0.043319
v 0.854902 0.101345 -0.044507
v -0.181003 0.089942 -0.042747
v -0.158255 0.098615 -0.037607
v -0.270462 0.105694 -0.044451
v -0.277894 0.105984 -0.037331
v -0.270779 0.114833 -0.045612
v 0.071437 0.127373 -0.045772
v 0.081403 0.128220 -0.044972
v 0.095076 0.132706 -0.045718
v 0.250472 0.142237 -0.042240
v 0.229664 0.145937 -0.046697
v -0.209225 0.191900 -0.036406
v -0.145055 0.191822 -0.040928
v -0.138601 0.194987 -0.042389
v -0.235941 0.198652 -0.046592
v 0.008187 0.198290 -0.042710
v 0.260490 0.257970 -0.042808
v -0.272068 0.242836 -0.038495
v -0.219173 0.249013 -0.043450
v 0.039250 0.250433 -0.043939
v -0.155074 0.252814 -0.038709
v -0.118126 0.248370 -0.034157
v -0.066130 0.251909 -0.042359
v 0.259485 0.250930 -0.045148
v -0.287064 0.253308 -0.041287
v -0.290851 0.256710 -0.039343
v -0.200148 0.254041 -0.037770
v -0.154439 0.257613 -0.046039
v -0.062456 0.257391 -0.045934
v 0.077970 0.260291 -0.041083
v -0.204714 0.262587 -0.045468
v -0.060755 0.262299 -0.041893
v -0.016344 0.266297 -0.041925
v -0.149368 0.269300 -0.042327
v -0.130456 0.276959 -0.038295
v 0.002995 0.278289 -0.038613
v -0.939250 0.250120 0.001430
v 0.027012 0.279669 -0.046804
v -0.117267 -0.317782 -0.039058
v -0.117206 -0.300495 -0.042302
v -0.106545 -0.330316 -0.036850
v -0.430526 -0.326202 -0.040019
v -0.446247 -0.309441 -0.039593
v -0.447470 -0.284989 -0.040676
v -0.223848 -0.300315 -0.039522
v -0.466720 -0.276157 -0.037594
v -0.250529 -0.294556 -0.041512
v -0.258945 -0.292483 -0.038554
v -0.199278 -0.291290 -0.034043
v -0.082874 -0.295916 -0.040646
v -0.000613 -0.292815 -0.030118
v -0.271008 -0.288082 -0.042464
v -0.133643 -0.294330 -0.036778
v -0.192824 -0.284473 -0.037303
v 0.826539 -0.271153 -0.039102
v 0.863757 -0.291847 -0.036917
v 0.069556 -0.243369 -0.033932
v 0.806008 -0.258706 -0.038900
v -0.459856 -0.255825 -0.041264
v -0.444532 -0.230808 -0.037664
v 0.921037 -0.288814 -0.039319
v -0.474577 -0.243317 -0.037862
v -0.466887 -0.218959 -0.040585
v 0.907878 -0.223151 -0.038050
v 0.777485 -0.233541 -0.039602
v -0.451300 -0.189969 -0.039964
v -0.155022 -0.280516 -0.037633
v -0.056432 -0.197699 -0.037504
v 0.732922 -0.187535 -0.038641
v -0.021731 -0.184619 -0.028889
v -0.055200 -0.168524 -0.033256
v 0.073696 -0.176303 -0.037621
v -0.152095 -0.164163 -0.041780
v 0.711563 -0.158740 -0.042272
v 0.695509 -0.137071 -0.041970
v 0.070329 -0.125907 -0.038577
v 0.073417 -0.157028 -0.027031
v -0.195303 -0.075870 -0.041342
v -0.194496 -0.156149 -0.041539
v 0.076763 -0.117269 -0.042306
v -0.283032 -0.071694 -0.038654
v -0.055670 -0.088379 -0.032880
v -0.510569 -0.107882 -0.041027
v -0.481623 -0.100035 -0.038730
v -0.161661 -0.083786 -0.025223
v -0.284177 -0.066220 -0.041169
v -0.335741 -0.025922 -0.010775
v 0.915775 0.077591 -0.034922
v 0.761389 0.074789 -0.020360
v 0.458146 0.078946 -0.041397
v 0.421659 0.086843 -0.035764
v -0.186510 0.090462 -0.042065
v 0.887763 0.105646 -0.041142
v -0.282488 0.095614 -0.037800
v -0.196109 0.110615 -0.033303
v 0.379595 0.099085 -0.033238
v 0.851397 0.129785 -0.038732
v -0.159336 0.105049 -0.029473
v 0.900924 0.166875 -0.028741
v -0.066623 0.118336 -0.042007
v -0.007509 0.117106 -0.036990
v -0.018628 0.122041 -0.021283
v -0.200430 0.122245 -0.031403
v 0.076758 0.128682 -0.043340
v -0.200595 0.188966 -0.029195
v 0.081151 0.131708 -0.041270
v 0.086611 0.133030 -0.041046
v 0.086606 0.137870 -0.038262
v 0.262925 0.137469 -0.040828
v 0.275225 0.133415 -0.039117
v -0.016880 0.176516 -0.017364
v 0.094748 0.158631 -0.038063
v 0.325784 0.176875 -0.037640
v -0.067028 0.191990 -0.041317
v -0.008252 0.172403 -0.029974
v -0.281630 0.192108 -0.036665
v -0.287364 0.194752 -0.026155
v -0.070257 0.197264 -0.038128
v -0.255874 0.203785 -0.029043
v -0.239908 0.203697 -0.033398
v -0.109808 0.203161 -0.035235
v -0.102716 0.201276 -0.038325
v 0.043232 0.201196 -0.030237
v 0.321582 0.255444 -0.032603
v -0.203286 0.250374 -0.034556
v -0.101989 0.248503 -0.038726
v -0.061452 0.249187 -0.026813
v 0.022945 0.249815 -0.044052
v 0.056154 0.250261 -0.035720
v 0.075461 0.252217 -0.034386
v 0.074573 0.256361 -0.042739
v -0.161675 0.260437 -0.039986
v -0.059044 0.254024 -0.037950
v -0.020657 0.254403 -0.034166
v -0.196819 0.262716 -0.037093
v -0.287200 0.261917 -0.041356
v 0.085580 0.266608 -0.029661
v -0.283665 0.268544 -0.034143
v -0.203825 0.268319 -0.038063
v -0.155810 0.265935 -0.041979
v -0.263406 0.277580 -0.030129
v -0.231588 0.284314 -0.021939
v -0.067186 0.269285 -0.038418
v -0.114351 0.280928 -0.034283
v -0.008613 0.273513 -0.038345
v 0.010822 0.281252 -0.034989
v 0.035140 0.281162 -0.039517
v -0.409109 -0.349460 -0.037183
v -0.421413 -0.341709 -0.038368
v -0.413797 -0.342516 -0.039691
v -0.397416 -0.350120 -0.038646
v -0.022978 -0.354203 -0.034668
v -0.093834 -0.343476 -0.037679
v 0.018617 -0.350229 -0.037689
v 0.043186 -0.346688 -0.038414
v 0.043287 -0.353803 -0.035487
v 0.122054 -0.342682 -0.037767
v 0.117792 -0.349550 -0.035453
v -0.389451 -0.331330 -0.037970
v -0.001959 -0.339644 -0.038133
v 0.046834 -0.331273 -0.038412
v -0.277028 -0.324048 -0.033940
v -0.293528 -0.354932 -0.037389
v -0.231583 -0.326623 -0.035587
v -0.226982 -0.343315 -0.038315
v -0.118532 -0.346810 -0.037868
v -0.094507 -0.330693 -0.034562
v 0.055614 -0.327472 -0.035247
v -0.264843 -0.328140 -0.034045
v -0.437813 -0.325438 -0.038377
v 0.085508 -0.315176 -0.033877
v -0.120825 -0.322152 -0.036152
v 0.042994 -0.314812 -0.034116
v 0.151308 -0.305442 -0.037082
v 0.146784 -0.317768 -0.035357
v -0.084222 -0.317996 -0.032112
v -0.419043 -0.306476 -0.037488
v -0.381145 -0.319605 -0.035072
v -0.219619 -0.323164 -0.032946
v -0.258731 -0.314737 -0.028915
v -0.246670 -0.300045 -0.038998
v -0.246709 -0.322671 -0.033940
v -0.129149 -0.299817 -0.035019
v -0.469891 -0.292525 -0.031723
v -0.212204 -0.299868 -0.033698
v 0.035412 -0.296922 -0.037547
v 0.921929 -0.329056 -0.027381
v -0.078606 -0.295588 -0.037973
v -0.066252 -0.293435 -0.029997
v 0.071982 -0.291632 -0.025658
v -0.054906 -0.283918 -0.034746
v 0.067421 -0.284987 -0.038404
v -0.420222 -0.264988 -0.029280
v 0.932204 -0.256459 -0.032872
v 0.937245 -0.301316 -0.035013
v 0.794449 -0.259298 -0.033659
v -0.853203 -0.260116 -0.009371
v -0.481894 -0.258667 -0.028989
v 0.206558 -0.241556 -0.026175
v 0.197822 -0.237333 -0.029248
v 0.237301 -0.233180 -0.014736
v 0.242845 -0.231593 -0.006381
v 0.783222 -0.249645 -0.033363
v 0.762630 -0.227830 -0.029744
v -0.411532 -0.200794 -0.031148
v -0.050124 -0.180670 -0.026298
v 0.075659 -0.192976 -0.025236
v -0.282648 -0.189013 -0.034488
v 0.412627 -0.185976 -0.001911
v -0.446443 -0.182196 -0.038875
v -0.417768 -0.161789 -0.037158
v -0.406068 -0.161101 -0.037308
v 0.145134 -0.182811 -0.037775
v -0.282583 -0.156451 -0.036018
v 0.073835 -0.165805 -0.033660
v -0.187655 -0.168421 -0.029073
v -0.162300 -0.164123 -0.025207
v -0.526933 -0.120360 -0.033443
v 0.869897 -0.080818 -0.021060
v -0.489163 -0.116439 -0.033607
v -0.460990 -0.095635 -0.036605
v -0.427482 -0.086958 -0.035346
v -0.048578 -0.082420 -0.034120
v -0.187396 -0.078167 -0.032588
v 0.886549 -0.009678 -0.025881
v -0.333169 0.052686 -0.006554
v 0.507405 0.047937 -0.029986
v -0.426310 0.060015 0.001581
v 0.468534 0.073918 -0.034657
v 0.461539 0.079530 -0.038153
v 0.438528 0.083600 -0.035803
v 0.443304 0.083863 -0.035579
v 0.458867 0.084016 -0.038568
v 0.462864 0.097415 -0.035883
v 0.920003 0.089709 -0.034439
v -0.063162 0.113319 -0.037990
v -0.029371 0.109935 -0.014587
v 0.288951 0.128582 -0.037195
v 0.304630 0.125072 -0.034386
v 0.271612 0.138567 -0.038534
v 0.079991 0.137681 -0.037065
v 0.086327 0.146094 -0.035616
v -0.157437 0.188606 -0.029768
v 0.104284 0.179728 -0.033981
v -0.061208 0.192389 -0.033784
v 0.001251 0.196148 -0.036781
v -0.062940 0.195265 -0.033832
v -0.275567 0.197492 -0.034672
v 0.120679 0.199428 -0.033109
v -0.232094 0.246393 -0.034374
v 0.086346 0.257559 -0.029649
v 0.350550 0.271249 -0.023557
v -0.294959 0.261355 -0.033475
v 0.264530 0.273759 -0.032178
v -0.024074 0.263232 -0.033598
v -0.020751 0.269721 -0.030151
v -0.078285 0.275411 -0.034295
v -0.239393 0.284770 -0.021904
v -0.098490 0.281780 -0.030296
v 0.067538 0.280455 -0.026665
v -0.999891 0.323004 0.001833
v -0.959482 0.377333 -0.030245
v -0.256036 -0.369684 -0.028602
v -0.031584 -0.373251 -0.021255
v -0.392449 -0.370480 -0.021325
v -0.114577 -0.358329 -0.033532
v 0.022595 -0.365302 -0.024873
v 0.150115 -0.341306 -0.028942
v 0.146289 -0.338006 -0.032541
v -0.445112 -0.341206 -0.024773
v -0.130930 -0.331953 -0.034828
v -0.082223 -0.327218 -0.032316
v -0.976069 -0.329589 -0.031852
v -0.172870 -0.324758 -0.030941
v -0.073194 -0.324692 -0.029663
v -0.125313 -0.323446 -0.033428
v 0.002436 -0.324425 -0.033351
v -0.206963 -0.320388 -0.029079
v -0.465877 -0.308682 -0.028785
v -0.129042 -0.314375 -0.028843
v 0.059782 -0.311640 -0.029576
v -0.373041 -0.306120 -0.024825
v -0.280633 -0.304332 -0.020363
v -0.080642 -0.314271 -0.028669
v 0.023325 -0.314653 -0.032899
v 0.007382 -0.315539 -0.029126
v 0.059246 -0.306552 -0.027120
v -0.394783 -0.302080 -0.028658
v 0.043059 -0.299970 -0.034767
v 0.018544 -0.300050 -0.032362
v -0.261959 -0.295612 -0.030177
v -0.137526 -0.311301 -0.021412
v -0.141206 -0.303732 -0.020270
v 0.115254 -0.303228 -0.032493
v -0.408141 -0.287404 -0.028217
v 0.050461 -0.299680 -0.032677
v 0.127957 -0.290597 -0.030659
v 0.167781 -0.284717 -0.036249
v -0.149871 -0.294852 -0.021420
v 0.066552 -0.295168 -0.029949
v 0.153249 -0.247965 -0.027533
v 0.856454 -0.291586 -0.034656
v -0.195453 -0.295019 -0.021751
v -0.026912 -0.280250 -0.021738
v -0.025172 -0.284141 -0.022140
v -0.289625 -0.283579 -0.024914
v 0.175725 -0.264510 -0.033740
v 0.199979 -0.245791 -0.020890
v -0.424533 -0.239325 -0.028759
v 0.217840 -0.243262 -0.027025
v -0.180563 -0.197215 -0.016483
v 0.169953 -0.216946 -0.033336
v 0.181992 -0.229516 -0.032925
v 0.180782 -0.234418 -0.031859
v 0.193419 -0.236383 -0.030727
v -0.482880 -0.223088 -0.029729
v -0.474500 -0.198721 -0.031300
v 0.160712 -0.204234 -0.033122
v 0.149266 -0.191765 -0.032652
v -0.295797 -0.200591 -0.021459
v 0.140460 -0.183347 -0.034732
v 0.136188 -0.196195 -0.028461
v -0.161403 -0.189106 -0.024577
v -0.157271 -0.172519 -0.029169
v 0.123177 -0.176471 -0.034473
v -0.398176 -0.187736 -0.031245
v -0.389483 -0.164297 -0.035764
v -0.293097 -0.183819 -0.031736
v -0.288372 -0.164782 -0.034014
v -0.288389 -0.180340 -0.033077
v -0.025006 -0.171741 -0.031172
v 0.079919 -0.179259 -0.031255
v 0.079355 -0.173533 -0.032255
v 0.102179 -0.176439 -0.030819
v 0.124162 -0.168111 -0.033495
v -0.335244 -0.165070 -0.033279
v -0.450132 -0.161683 -0.025363
v -0.438009 -0.162306 -0.031375
v -0.025072 -0.164837 -0.030952
v 0.125199 -0.163079 -0.035721
v -0.292683 -0.153410 -0.029175
v 0.116945 -0.154100 -0.033646
v 0.714111 -0.170603 -0.018187
v -0.287169 -0.157490 -0.032574
v -0.183935 -0.160495 -0.023447
v -0.286991 -0.148236 -0.030303
v 0.546614 -0.156768 0.002186
v 0.073807 -0.129518 -0.026049
v -0.178078 -0.139912 -0.012724
v 0.086999 -0.127937 -0.021896
v 0.081790 -0.123189 -0.029361
v 0.898864 -0.156969 -0.024757
v -0.832085 -0.151548 -0.002252
v -0.460017 -0.117167 -0.033838
v -0.423028 -0.116706 -0.032010
v -0.435299 -0.119947 -0.030642
v -0.410350 -0.093396 -0.030846
v -0.028804 -0.145292 -0.021172
v -0.443960 -0.091915 -0.034887
v -0.295838 -0.097368 -0.022763
v -0.286834 -0.076132 -0.033695
v -0.410504 -0.087230 -0.032194
v -0.029294 -0.086802 -0.030370
v -0.352074 -0.078060 -0.032620
v -0.044639 -0.086308 -0.021988
v -0.297466 -0.074501 -0.028921
v -0.287456 -0.071116 -0.035028
v -0.327972 -0.020707 -0.027043
v -0.327793 0.014469 -0.027122
v 0.650894 0.003215 -0.029826
v 0.694342 0.010467 -0.013095
v 0.550170 0.018525 -0.025811
v 0.464600 0.078975 -0.031141
v 0.426107 0.087240 -0.034297
v 0.463556 0.085769 -0.031115
v 0.919237 0.061305 -0.028563
v 0.413562 0.091701 -0.032311
v -0.182867 0.096957 -0.025993
v 0.400977 0.093948 -0.032968
v -0.291010 0.099318 -0.021603
v 0.392485 0.097450 -0.032676
v -0.192457 0.108895 -0.030029
v 0.354520 0.108010 -0.032711
v 0.430361 0.130348 -0.032186
v 0.342199 0.111829 -0.033969
v 0.350672 0.113168 -0.032088
v 0.338271 0.117071 -0.032170
v 0.474273 0.114224 -0.029795
v 0.924877 0.130657 -0.031569
v 0.321279 0.121212 -0.032231
v 0.401296 0.096845 -0.031195
v 0.317521 0.126400 -0.031882
v 0.359223 0.155910 -0.031702
v 0.852363 0.146053 -0.029141
v 0.868161 0.150392 -0.032723
v -0.665426 0.168976 0.006335
v 0.090306 0.154076 -0.030820
v -0.158402 0.114136 -0.029807
v 0.090915 0.158252 -0.026799
v -0.719503 0.187856 -0.001084
v -0.153896 0.194341 -0.029822
v -0.288865 0.192064 -0.025842
v -0.203540 0.194866 -0.026135
v -0.000995 0.198781 -0.030442
v 0.074773 0.198818 -0.026676
v -0.102864 0.203181 -0.035263
v 0.019028 0.200630 -0.030442
v -0.103130 0.208196 -0.031989
v -0.109923 0.208451 -0.031960
v -0.255984 0.242517 -0.034761
v -0.240314 0.242250 -0.033069
v -0.295973 0.245304 -0.022496
v -0.287968 0.244529 -0.030182
v -0.134263 0.247910 -0.022103
v -0.113808 0.246186 -0.033072
v -0.098863 0.246156 -0.033089
v 0.006089 0.251702 -0.027680
v 0.022454 0.252435 -0.031735
v 0.173723 0.236759 -0.032948
v -0.166226 0.259847 -0.033912
v -0.162273 0.254639 -0.034029
v -0.052560 0.259506 -0.030034
v -0.052978 0.253824 -0.026159
v -0.189006 0.258493 -0.026106
v -0.291760 0.269235 -0.022178
v -0.192118 0.265828 -0.026088
v -0.219723 0.281498 -0.022020
v -0.146635 0.276524 -0.026429
v 0.074946 0.276237 -0.030030
v -0.343381 -0.370615 -0.025676
v -0.114546 -0.370075 -0.026581
v -0.417076 -0.358353 -0.024929
v -0.437220 -0.350647 -0.021409
v 0.162093 -0.333600 -0.026532
v -0.978291 -0.327414 -0.019190
v -0.458542 -0.324884 -0.025595
v -0.129861 -0.319770 -0.029177
v -0.079601 -0.319601 -0.028427
v -0.035374 -0.320348 -0.025690
v -0.981090 -0.324462 -0.010755
v -0.264270 -0.320183 -0.029264
v 0.949410 -0.313845 -0.030144
v 0.962344 -0.338423 -0.023154
v -0.275773 -0.303178 -0.020442
v -0.268897 -0.316756 -0.027767
v -0.211823 -0.315273 -0.028393
v -0.009449 -0.311918 -0.019415
v -0.208351 -0.309651 -0.026150
v -0.266560 -0.301601 -0.024020
v -0.202234 -0.299778 -0.025183
v -0.079315 -0.309752 -0.025401
v 0.003681 -0.301056 -0.026671
v -0.148875 -0.299962 -0.015941
v 0.063450 -0.300724 -0.025679
v 0.952007 -0.281557 -0.024292
v 0.074602 -0.284683 -0.025112
v 0.835700 -0.294385 0.002493
v -0.475530 -0.300478 -0.021417
v 0.191543 -0.280100 -0.021511
v 0.141466 -0.252693 -0.021893
v -0.487957 -0.239308 -0.025114
v 0.191979 -0.241904 -0.027233
v 0.931744 -0.231873 -0.026430
v 0.153186 -0.222365 -0.028190
v 0.188833 -0.237651 -0.029509
v 0.301184 -0.232642 -0.014301
v -0.293847 -0.235223 -0.023849
v 0.157057 -0.205195 -0.030796
v -0.420260 -0.230199 -0.025129
v 0.144625 -0.205034 -0.027954
v -0.483350 -0.206762 -0.025168
v -0.403536 -0.195024 -0.028780
v -0.408252 -0.200151 -0.028956
v -0.322632 -0.190935 -0.025326
v -0.300644 -0.195827 -0.021400
v -0.291790 -0.192038 -0.027338
v -0.394250 -0.193632 -0.024913
v 0.124002 -0.191438 -0.025989
v -0.474172 -0.182977 -0.024712
v 0.079351 -0.191860 -0.021290
v 0.102211 -0.179257 -0.029911
v 0.115874 -0.195126 -0.017880
v -0.049463 -0.164748 -0.029018
v -0.025056 -0.184279 -0.026044
v -0.030160 -0.171816 -0.028478
v -0.030418 -0.165183 -0.028576
v 0.079936 -0.162526 -0.025484
v 0.106995 -0.161489 -0.027068
v 0.115933 -0.159770 -0.029879
v 0.112767 -0.155890 -0.028680
v -0.429875 -0.150390 -0.024491
v -0.314317 -0.146037 -0.022789
v -0.417791 -0.136659 -0.014425
v 0.625843 -0.152067 0.009037
v 0.695180 -0.143433 -0.018027
v -0.476772 -0.128233 -0.020947
v -0.050224 -0.153070 -0.024392
v 0.075431 -0.124013 -0.028019
v -0.397944 -0.116242 -0.028465
v -0.745726 -0.115768 0.006026
v -0.385363 -0.113092 -0.028714
v -0.368697 -0.083769 -0.029460
v -0.049493 -0.083590 -0.030055
v -0.296992 -0.079750 -0.025084
v -0.181017 -0.083576 -0.021011
v -0.178213 -0.081772 -0.020542
v -0.291621 -0.075160 -0.029580
v 0.879529 -0.063810 -0.020028
v -0.327838 0.046797 -0.022896
v -0.331445 0.050773 -0.023240
v 0.753717 0.090673 0.002789
v 0.499400 0.061936 -0.009626
v -0.484308 0.066056 -0.006943
v -0.571319 0.085248 -0.007068
v 0.477701 0.118817 -0.025755
v -0.296372 0.094329 -0.026133
v -0.171525 0.102666 -0.006088
v 0.384485 0.100677 -0.031278
v 0.371752 0.104725 -0.031355
v 0.380446 0.105421 -0.030439
v 0.940334 0.119019 -0.025849
v 0.359533 0.114237 -0.030518
v -0.059183 0.111330 -0.030501
v 0.079838 0.154413 -0.029914
v 0.084921 0.149932 -0.030014
v 0.840166 0.157580 -0.012009
v 0.873447 0.157553 -0.028611
v -0.862859 0.167341 0.006185
v -0.715349 0.187581 0.009449
v 0.077620 0.192619 -0.027777
v 0.391986 0.222532 -0.016752
v -0.198583 0.192079 -0.025370
v -0.061831 0.198209 -0.022623
v 0.124801 0.205640 -0.029728
v -0.228792 0.203095 -0.028927
v -0.124615 0.203618 -0.028292
v -0.134262 0.203159 -0.022042
v -0.091564 0.204405 -0.027142
v -0.246954 0.208704 -0.028267
v -0.236434 0.208263 -0.028166
v -0.247043 0.222660 -0.027494
v -0.239752 0.222718 -0.027960
v -0.106215 0.239990 -0.031024
v -0.240004 0.236078 -0.029206
v -0.236518 0.241060 -0.029370
v 0.157715 0.230425 -0.029253
v -0.124727 0.240374 -0.024100
v -0.113477 0.240190 -0.029851
v -0.250466 0.237407 -0.028374
v -0.095355 0.241491 -0.028058
v -0.255236 0.240736 -0.029545
v -0.225093 0.246235 -0.028884
v -0.202872 0.248913 -0.006283
v -0.129387 0.246371 -0.025644
v -0.054148 0.250832 -0.020706
v 0.018767 0.252162 -0.026311
v -0.298789 0.256465 -0.030105
v -0.191876 0.253903 -0.026092
v -0.021385 0.252272 -0.026695
v 0.035097 0.252478 -0.031327
v -0.025482 0.257188 -0.029830
v -0.030862 0.263404 -0.018672
v -0.169655 0.262656 -0.025786
v -0.054942 0.265710 -0.026216
v -0.162552 0.269360 -0.026327
v -0.074296 0.278556 -0.018439
v 0.060013 0.281660 -0.027204
v -0.985351 0.362114 0.009597
v -0.089677 -0.374932 -0.021250
v 0.118063 -0.360848 -0.024536
v 0.157295 -0.340290 -0.024937
v 0.919059 -0.330315 -0.025469
v 0.938369 -0.338132 -0.024100
v -0.074344 -0.320410 -0.026347
v -0.065741 -0.312361 -0.016487
v -0.207809 -0.314979 -0.025810
v -0.198449 -0.316644 -0.024417
v -0.151352 -0.312903 -0.018288
v -0.138370 -0.316295 -0.024315
v -0.133618 -0.315285 -0.025456
v -0.075100 -0.316024 -0.022940
v -0.267334 -0.306660 -0.023752
v -0.199241 -0.311599 -0.020378
v -0.074040 -0.304286 -0.020968
v 0.071435 -0.301633 -0.024044
v 0.076311 -0.299118 -0.021165
v -0.938592 -0.310831 -0.010020
v -0.063239 -0.300363 -0.012483
v 0.068179 -0.297023 -0.024865
v -0.386448 -0.299377 -0.021197
v -0.278513 -0.290514 -0.021091
v -0.274992 -0.293984 -0.020564
v -0.186347 -0.284265 -0.025877
v -0.059042 -0.295471 -0.009284
v -0.014487 -0.290238 -0.017796
v -0.291181 -0.286236 -0.018205
v -0.163616 -0.280388 -0.021724
v 0.116741 -0.291244 -0.024668
v -0.407174 -0.278357 -0.021278
v 0.087806 -0.277548 -0.005506
v -0.417209 -0.261006 -0.025091
v 0.785106 -0.257393 -0.025750
v -0.048161 -0.280367 -0.018089
v 0.145767 -0.235092 -0.022454
v 0.196718 -0.241002 -0.025395
v 0.201628 -0.240994 -0.024781
v 0.751521 -0.224519 -0.013661
v 0.137035 -0.208658 -0.022951
v 0.082003 -0.205670 -0.013961
v -0.881927 -0.191004 0.001593
v 0.084433 -0.186598 -0.022722
v -0.034990 -0.183043 -0.023306
v -0.029601 -0.187461 -0.022192
v 0.927511 -0.198734 -0.018513
v -0.183077 -0.169015 -0.024693
v -0.044486 -0.179948 -0.024679
v -0.168273 -0.172392 -0.023505
v -0.162578 -0.180604 -0.023787
v 0.103533 -0.153597 -0.020412
v -0.045494 -0.149456 -0.020822
v -0.029551 -0.149025 -0.021314
v 0.110097 -0.151694 -0.025212
v -0.393467 -0.144046 -0.024502
v 0.106839 -0.146907 -0.021010
v -0.292698 -0.145151 -0.024354
v 0.102384 -0.141121 -0.021995
v -0.291001 -0.135045 -0.025613
v 0.689756 -0.144296 -0.005248
v -0.581019 -0.144718 -0.006226
v -0.348234 -0.125301 -0.013589
v -0.315158 -0.107100 -0.019768
v -0.301026 -0.100801 -0.020911
v 0.878541 -0.081137 -0.016318
v -0.050916 -0.092499 -0.022531
v -0.050045 -0.086595 -0.025012
v -0.442670 -0.043692 0.001487
v 0.463770 0.079882 -0.027239
v -0.286070 0.105923 -0.025295
v 0.939764 0.098155 -0.020640
v -0.290346 0.118773 -0.021672
v -0.162168 0.109241 -0.018131
v -0.054559 0.109546 -0.022451
v -0.044051 0.107389 -0.014672
v -0.193113 0.117889 -0.022000
v -0.055781 0.113770 -0.016963
v 0.487868 0.143600 -0.016386
v -0.194658 0.191625 -0.017862
v 0.961576 0.160387 -0.019203
v 0.392296 0.184250 -0.019360
v 0.088604 0.154568 -0.021627
v 0.942084 0.188121 -0.018878
v 0.081874 0.162994 -0.017465
v -0.159788 0.191744 -0.022073
v 0.946910 0.194293 -0.015253
v 0.077778 0.195632 -0.024897
v -0.154446 0.196676 -0.022226
v -0.013458 0.191862 -0.017394
v 0.115575 0.195210 -0.024045
v -0.212281 0.200768 -0.013875
v -0.078780 0.202269 -0.017711
v 0.003981 0.203715 -0.013924
v 0.023514 0.203599 -0.027012
v 0.042689 0.203462 -0.027076
v 0.054731 0.202781 -0.022096
v -0.262341 0.209444 -0.021888
v -0.228363 0.209314 -0.024511
v -0.128914 0.214037 -0.022433
v -0.084878 0.209671 -0.019617
v 0.042268 0.209010 -0.024397
v 0.041302 0.248588 -0.019996
v -0.225001 0.240253 -0.024335
v 0.023913 0.209211 -0.024834
v 0.030889 0.230679 -0.023482
v -0.258702 0.236905 -0.024749
v -0.272332 0.242152 -0.027117
v -0.266865 0.239586 -0.021224
v -0.163616 0.251335 -0.018726
v 0.031190 0.250694 -0.025647
v 0.037928 0.249661 -0.023341
v 0.031221 0.246942 -0.023572
v -0.170659 0.256505 -0.021965
v 0.043172 0.252785 -0.027211
v 0.060681 0.252839 -0.010720
v 0.083488 0.251777 -0.022312
v -0.837742 0.253210 0.002516
v -0.305724 0.256421 -0.017674
v -0.304184 0.259033 -0.021560
v 0.211012 0.261609 -0.024669
v 0.092539 0.263237 -0.017708
v 0.272429 0.294025 -0.015392
v 0.083945 0.274549 -0.018174
v -0.343405 -0.373756 -0.021449
v -0.380571 -0.372893 -0.020972
v 0.121901 -0.365084 -0.017305
v 0.145806 -0.355888 -0.013162
v 0.963716 -0.358027 -0.016625
v 0.934895 -0.340850 -0.021727
v 0.167799 -0.333099 -0.021140
v -0.461713 -0.325323 -0.021575
v 0.969736 -0.339234 -0.020583
v -0.055302 -0.303832 -0.003873
v -0.075717 -0.310463 -0.020483
v -0.017535 -0.308010 -0.013358
v -0.196890 -0.306332 -0.015537
v -0.347820 -0.300438 -0.013109
v -0.377347 -0.299767 -0.017134
v -0.274175 -0.296949 -0.019772
v -0.008796 -0.296167 -0.017303
v 0.074868 -0.293454 -0.020781
v 0.089083 -0.296095 -0.018433
v -0.165155 -0.283671 -0.014037
v 0.092815 -0.287833 -0.008479
v 0.112144 -0.282620 -0.012797
v -0.400083 -0.287883 -0.020549
v -0.049860 -0.283557 -0.022135
v 0.129689 -0.257365 -0.012758
v -0.297176 -0.243423 -0.017915
v -0.294168 -0.276305 -0.021028
v -0.491978 -0.247128 -0.017400
v -0.418369 -0.243869 -0.021336
v 0.205307 -0.243602 -0.021290
v 0.137900 -0.244156 -0.016451
v -0.492359 -0.235321 -0.017416
v -0.297169 -0.205151 -0.017391
v -0.408149 -0.212558 -0.017298
v -0.399859 -0.205325 -0.013070
v -0.044766 -0.196272 -0.013330
v -0.477381 -0.183623 -0.021351
v -0.040593 -0.186681 -0.020527
v 0.093207 -0.195078 -0.011996
v -0.166988 -0.184005 -0.020776
v -0.177614 -0.172644 -0.023520
v -0.177978 -0.184514 -0.020174
v -0.466083 -0.166502 -0.017266
v 0.458782 -0.172119 -0.002103
v -0.178316 -0.161399 -0.020697
v -0.167192 -0.161178 -0.022318
v -0.171731 -0.153216 -0.015984
v 0.083922 -0.150003 -0.012722
v 0.094740 -0.150049 -0.013889
v -0.178765 -0.150529 -0.015776
v -0.166409 -0.153030 -0.019068
v -0.034803 -0.149775 -0.020260
v -0.433834 -0.141586 -0.013465
v -0.301273 -0.137804 -0.015470
v -0.047241 -0.145270 -0.017316
v 0.077876 -0.138425 -0.014773
v -0.393347 -0.137773 -0.018008
v -0.343790 -0.132284 -0.012072
v -0.294510 -0.140727 -0.020876
v -0.294937 -0.131902 -0.015608
v -0.447493 -0.132476 -0.011413
v -0.418430 -0.129041 -0.014959
v 0.080080 -0.128123 -0.018020
v -0.704316 -0.101503 0.006100
v -0.046869 -0.110027 -0.012073
v -0.032566 -0.096768 -0.016487
v -0.037609 -0.091016 -0.016237
v -0.172451 -0.082128 -0.017954
v -0.166715 -0.082489 -0.021410
v 0.889678 -0.030524 -0.019719
v -0.332249 -0.019815 -0.001968
v 0.914926 0.032364 -0.020437
v 0.684936 0.016442 0.002664
v 0.557858 0.028846 0.002536
v 0.935266 0.036521 -0.001265
v 0.929071 0.016041 0.001940
v 0.469330 0.078141 -0.010153
v -0.629581 0.101472 -0.002986
v 0.464728 0.084353 -0.002037
v -0.187687 0.108294 -0.014127
v -0.164576 0.104121 -0.017978
v -0.675461 0.112997 0.001735
v -0.022429 0.116663 -0.017881
v 0.486155 0.136336 -0.018051
v 0.083578 0.154337 -0.019816
v 0.086050 0.152677 -0.020880
v 0.089596 0.157519 -0.021787
v -0.049574 0.193072 -0.001581
v 0.096014 0.162194 -0.011687
v -0.158601 0.195094 -0.018375
v -0.278973 0.202118 -0.009597
v -0.009329 0.198730 -0.014142
v -0.070179 0.201462 -0.006323
v 0.011976 0.204169 -0.020975
v -0.270807 0.204247 -0.016671
v -0.216812 0.209736 -0.012959
v -0.135557 0.209710 -0.016634
v 0.010964 0.208827 -0.016886
v 0.053323 0.208550 -0.016735
v 0.051089 0.234723 -0.012582
v 0.016993 0.218024 -0.019893
v -0.132736 0.241066 -0.016239
v 0.019408 0.244421 -0.020623
v -0.269502 0.235980 -0.016061
v -0.217383 0.240115 -0.016940
v 0.023722 0.243713 -0.022545
v 0.162358 0.244426 -0.013910
v -0.275993 0.242055 -0.018616
v -0.080201 0.241149 -0.013441
v -0.211343 0.246258 -0.013738
v -0.131161 0.245857 -0.021133
v -0.074161 0.245854 -0.014308
v -0.194985 0.250042 -0.018757
v 0.016102 0.248543 -0.020445
v 0.023276 0.249072 -0.023388
v 0.011522 0.251041 -0.021998
v 0.006459 0.252399 -0.018838
v 0.182085 0.257362 -0.013424
v -0.047071 0.256906 -0.010146
v -0.172288 0.259775 -0.021811
v 0.093908 0.257663 -0.013891
v -0.050902 0.262637 -0.022023
v -0.028889 0.266354 -0.018335
v -0.207887 0.279564 -0.010130
v -0.013222 0.277082 -0.014581
v 0.027504 0.278208 -0.015831
v 0.037853 0.276158 -0.015108
v 0.043861 0.277518 -0.020399
v 0.061166 0.280464 -0.010854
v 0.372328 0.304050 -0.004340
v -0.122275 0.284092 -0.018484
v 0.009722 0.281304 -0.019973
v -0.996645 0.316395 0.001427
v -0.878454 0.321075 0.001959
v -0.959647 0.381417 -0.017932
v -0.197819 -0.380140 -0.005878
v -0.412877 -0.365462 -0.017401
v 0.039174 -0.370204 -0.017136
v 0.978920 -0.363039 -0.014224
v 0.993458 -0.368369 -0.007045
v -0.457917 -0.345400 0.002786
v 0.165828 -0.344866 -0.005233
v 0.872864 -0.315343 0.002525
v -0.147116 -0.312072 -0.018766
v -0.070674 -0.310952 -0.016922
v -0.191736 -0.306560 -0.012651
v -0.145905 -0.306321 -0.016038
v -0.071434 -0.305311 -0.017281
v -0.196377 -0.300124 -0.016659
v -0.016746 -0.298275 -0.009220
v 0.187692 -0.304399 -0.013284
v -0.288653 -0.300503 -0.014006
v -0.277701 -0.297646 -0.016440
v 0.079398 -0.294015 -0.017836
v -0.283940 -0.288662 -0.018264
v -0.153697 -0.295223 -0.014106
v 0.083617 -0.291041 -0.016278
v 0.196966 -0.280005 -0.013278
v -0.294873 -0.283196 -0.014929
v -0.297013 -0.276296 -0.013900
v 0.964573 -0.248511 -0.003235
v 0.204468 -0.249996 -0.013353
v -0.030701 -0.243503 -0.013967
v -0.996903 -0.254312 0.006053
v 0.213490 -0.243999 -0.014417
v 0.774334 -0.262488 0.002338
v 0.084311 -0.226865 -0.009176
v 0.134663 -0.225920 -0.011876
v -0.408685 -0.234669 0.002404
v -0.041469 -0.200364 0.001807
v 0.739205 -0.216279 0.002593
v -0.299539 -0.203764 -0.013126
v 0.120845 -0.207741 -0.007925
v -0.389855 -0.202550 -0.009043
v -0.304555 -0.202841 -0.008974
v -0.030294 -0.196207 -0.013198
v 0.083121 -0.195985 -0.014350
v 0.106714 -0.201908 -0.004586
v -0.178730 -0.191878 -0.017017
v -0.173201 -0.189927 -0.016198
v -0.034741 -0.192005 -0.012664
v -0.445717 -0.146089 -0.011581
v 0.078330 -0.148816 -0.014720
v 0.100027 -0.148525 -0.015908
v 0.100715 -0.142344 -0.016826
v -0.311173 -0.129077 -0.007377
v -0.295076 -0.136699 -0.016538
v 0.086203 -0.130126 -0.016920
v -0.393505 -0.130808 -0.014547
v -0.046598 -0.140925 -0.012590
v -0.179225 -0.093255 -0.013483
v -0.299332 -0.112748 -0.008326
v -0.671210 -0.092051 0.006099
v -0.177405 -0.087737 -0.013145
v -0.045168 -0.090408 -0.016200
v 0.574623 0.023322 0.006246
v -0.295344 0.099557 -0.014084
v -0.177273 0.099588 -0.013664
v -0.294136 0.110192 -0.005721
v 0.950472 0.094566 -0.008201
v -0.165017 0.113909 0.001760
v 0.467079 0.090820 0.014244
v -0.779218 0.132649 0.001991
v 0.084218 0.158648 -0.017279
v -0.295562 0.192118 -0.001828
v -0.893608 0.196494 0.001687
v 0.897746 0.192193 0.001564
v -0.215506 0.204003 -0.013075
v -0.139445 0.204226 -0.013374
v 0.135862 0.216248 -0.011981
v -0.752924 0.205537 0.002749
v -0.079447 0.209392 -0.012953
v 0.149405 0.233277 -0.014684
v -0.270695 0.239117 -0.017258
v 0.013404 0.245433 -0.016724
v -0.136978 0.245765 -0.014376
v 0.008151 0.250156 -0.012831
v 0.045809 0.248671 -0.016893
v 0.087906 0.250136 0.001903
v -0.303835 0.249814 -0.014023
v -0.184990 0.257637 -0.010175
v 0.091126 0.254464 -0.014010
v -0.030013 0.257815 -0.010329
v -0.174960 0.260997 -0.012757
v -0.045455 0.259445 -0.002054
v 0.203023 0.268863 -0.012703
v 0.413165 0.288884 -0.009759
v -0.303865 0.266537 -0.002074
v -0.185649 0.262527 -0.009850
v -0.174538 0.262716 -0.006324
v 0.089672 0.270067 -0.014195
v -0.066316 0.275691 -0.014429
v -0.150620 0.277276 -0.014466
v -0.001734 0.280328 -0.014844
v 0.022544 0.279485 -0.020474
v 0.038342 0.277395 -0.006184
v -0.255201 0.286214 -0.009897
v 0.269112 0.298945 -0.010155
v -0.887067 0.330280 0.001538
v -0.965642 0.382314 -0.001742
v -0.014739 -0.379461 0.002156
v 0.034905 -0.379628 0.002691
v 0.981257 -0.373749 -0.007827
v 0.149804 -0.360781 0.002174
v 0.936956 -0.351945 0.002363
v 0.177642 -0.324903 -0.013252
v -0.476833 -0.320611 0.002989
v -0.186306 -0.307713 -0.009138
v -0.158882 -0.307584 -0.008896
v -0.154443 -0.308094 -0.012219
v -0.066743 -0.305331 -0.012520
v -0.063052 -0.307056 -0.011427
v -0.023587 -0.299794 -0.000953
v -0.192213 -0.302736 -0.009075
v -0.012978 -0.296932 -0.013054
v -0.283244 -0.291826 -0.012313
v -0.187693 -0.296503 -0.000880
v -0.016017 -0.291106 -0.012774
v -0.291228 -0.288351 -0.009507
v -0.181979 -0.287435 -0.005737
v -0.028549 -0.284177 0.001328
v 0.087929 -0.289182 -0.012191
v -0.029769 -0.280084 -0.010591
v 0.087497 -0.282456 -0.008779
v 0.117046 -0.275047 -0.009023
v -0.405299 -0.257264 0.002381
v 0.777562 -0.265386 0.005503
v 0.208105 -0.245571 -0.013888
v 0.224673 -0.239670 0.009717
v -0.179562 -0.259910 -0.005739
v -0.176517 -0.200506 -0.001490
v -0.791405 -0.223282 0.002027
v 0.954413 -0.223815 -0.004057
v -0.167459 -0.200597 -0.009664
v -0.492461 -0.215148 -0.009471
v -0.030344 -0.201406 -0.009863
v -0.488745 -0.190659 0.002772
v 0.085304 -0.200398 -0.012146
v -0.177485 -0.195973 -0.012943
v -0.172260 -0.195258 -0.009664
v -0.041654 -0.195776 -0.009136
v 0.931395 -0.178134 -0.006360
v 0.942880 -0.198911 -0.004103
v -0.857047 -0.167436 -0.002384
v 0.712249 -0.179142 0.009635
v -0.173478 -0.149428 -0.013407
v 0.090140 -0.145171 -0.008333
v -0.176175 -0.144879 -0.012061
v -0.172722 -0.146055 -0.011244
v 0.077804 -0.144015 -0.014468
v 0.097719 -0.142975 -0.012247
v -0.040536 -0.141844 -0.009476
v -0.033513 -0.142266 -0.011773
v -0.032290 -0.136301 -0.010187
v -0.489291 -0.137334 -0.005537
v -0.458773 -0.138417 -0.000958
v -0.434228 -0.133818 -0.011346
v -0.425921 -0.135879 -0.012469
v 0.079023 -0.133646 -0.014861
v 0.084350 -0.132782 -0.012987
v 0.091027 -0.134290 -0.013165
v 0.914137 -0.128571 0.001198
v -0.409856 -0.130505 -0.013799
v -0.360270 -0.131352 -0.012560
v -0.339837 -0.126093 -0.011463
v -0.315364 -0.116811 -0.009718
v -0.297523 -0.118311 -0.009218
v -0.045996 -0.096284 -0.012020
v -0.167610 -0.092702 -0.009571
v -0.038853 -0.096345 -0.010340
v -0.168354 -0.087607 -0.013070
v -0.172294 -0.086918 -0.009519
v 0.891589 -0.081368 -0.004242
v 0.906889 -0.038369 0.001229
v 0.900735 -0.055124 -0.000999
v -0.342534 -0.029342 0.001655
v 0.588070 0.019995 0.005771
v 0.730650 0.065974 0.002049
v -0.492574 0.068297 0.006092
v 0.765060 0.099601 -0.000752
v -0.049385 0.112551 0.002238
v -0.049821 0.108449 -0.014235
v -0.024518 0.116642 -0.006319
v 0.790982 0.128438 0.002081
v -0.163983 0.191852 0.005677
v 0.493471 0.152668 -0.009102
v -0.019263 0.176675 -0.009829
v 0.089393 0.156996 -0.011519
v 0.839437 0.169213 0.002471
v 0.877363 0.184233 0.002206
v 0.420718 0.205140 -0.006797
v -0.018306 0.192005 -0.005595
v 0.987349 0.209363 -0.007849
v -0.191564 0.195213 0.006293
v 0.976359 0.212083 -0.006169
v -0.075408 0.204054 -0.009685
v -0.275284 0.209543 -0.008897
v 0.057806 0.205637 -0.013490
v 0.062444 0.203700 -0.010044
v -0.828038 0.245103 0.002910
v 0.006069 0.209352 -0.005554
v -0.275999 0.236144 -0.005814
v 0.008371 0.244598 -0.009913
v -0.215139 0.240347 -0.013265
v -0.299997 0.245633 0.001625
v -0.142455 0.248182 -0.010224
v -0.170991 0.252962 -0.006650
v -0.001935 0.251253 -0.011237
v -0.174026 0.257940 -0.012772
v -0.185772 0.259875 -0.013668
v -0.054543 0.269483 -0.006404
v -0.166614 0.269909 -0.006515
v -0.191407 0.269662 -0.006329
v -0.028013 0.269006 -0.006426
v 0.043415 0.274673 -0.016244
v 0.221087 0.281441 -0.005704
v 0.008543 0.278337 -0.006722
v 0.018221 0.277010 -0.016609
v 0.079478 0.278372 -0.010439
v 0.417886 0.300222 -0.007512
v -0.239589 0.288604 -0.005941
v -0.223710 0.286691 -0.001994
v 0.273553 0.309198 -0.000025
v -0.999067 0.334343 0.001809
v -0.110480 -0.380332 -0.005817
v -0.380567 -0.381634 0.006017
v 0.126002 -0.371133 0.001846
v 0.991179 -0.375280 -0.007521
v -0.425105 -0.369372 0.005776
v 0.994639 -0.356595 -0.004061
v 0.995027 -0.344389 0.001372
v 0.185990 -0.321058 0.002490
v -0.489488 -0.295844 0.002901
v -0.153747 -0.302293 -0.009054
v -0.061763 -0.302488 -0.008766
v 0.976260 -0.277502 0.001354
v 0.984700 -0.311044 0.001147
v -0.300504 -0.296782 -0.001080
v -0.157165 -0.295557 -0.002776
v -0.373093 -0.295278 -0.005291
v -0.051006 -0.290266 -0.001094
v -0.861421 -0.270878 0.005681
v -0.386653 -0.287315 0.002966
v -0.382284 -0.291810 -0.001126
v -0.294626 -0.287985 -0.002719
v 0.201853 -0.284020 0.002297
v 0.098628 -0.283748 -0.001395
v 0.121485 -0.266116 -0.005571
v -0.986518 -0.246815 0.010195
v -0.498140 -0.251351 0.002656
v 0.133853 -0.239943 -0.008996
v -0.176962 -0.205199 0.001702
v -0.043214 -0.264264 0.009727
v -0.167076 -0.255911 0.001768
v 0.087410 -0.204161 -0.004956
v 0.092333 -0.199187 -0.008529
v -0.033880 -0.195863 -0.005730
v -0.469388 -0.158796 0.002745
v -0.457647 -0.143129 0.006080
v 0.695261 -0.147779 -0.005347
v 0.923603 -0.149030 0.001365
v 0.084456 -0.144276 -0.007512
v -0.442363 -0.139600 -0.008735
v -0.171886 -0.141338 -0.007473
v 0.084332 -0.138382 -0.006356
v 0.088516 -0.137963 -0.007503
v -0.177156 -0.135500 -0.009382
v -0.168497 -0.135445 -0.009773
v -0.168148 -0.118671 -0.009882
v -0.323253 -0.127358 -0.008739
v -0.298490 -0.127835 -0.008574
v -0.177607 -0.118711 -0.009606
v -0.315481 -0.122086 -0.008340
v -0.043458 -0.131120 -0.004705
v -0.033847 -0.122452 -0.008853
v -0.302468 -0.111473 -0.008228
v -0.177839 -0.110423 -0.009637
v -0.167945 -0.110430 -0.009945
v -0.036078 -0.109615 -0.008323
v -0.043215 -0.109518 -0.008084
v -0.039828 -0.106099 -0.007273
v -0.177912 -0.092748 -0.009609
v 0.690660 0.018271 0.002844
v -0.330270 0.049338 -0.006495
v -0.304400 0.099576 0.002277
v -0.184533 0.107513 0.002089
v -0.166478 0.108145 0.001720
v 0.972345 0.144718 -0.000732
v -0.050266 0.118327 0.002120
v 0.498947 0.164974 -0.002113
v -0.844817 0.153668 0.001967
v 0.499946 0.171935 -0.000436
v 0.468005 0.190689 -0.000051
v 0.993845 0.210365 -0.003691
v -0.291273 0.196638 -0.002113
v -0.189226 0.192279 0.010364
v -0.054353 0.197700 -0.005878
v -0.000300 0.203771 -0.002036
v -0.078414 0.222343 -0.006029
v 0.059001 0.208137 -0.005856
v 0.055608 0.243866 -0.001702
v -0.278980 0.242011 -0.010119
v 0.441679 0.249047 -0.000847
v 0.003515 0.250265 -0.010479
v 0.053358 0.249725 -0.008781
v 0.084405 0.248955 0.010112
v -0.187059 0.254628 -0.002181
v -0.047522 0.255028 -0.002265
v -0.028772 0.255041 0.001845
v -0.175221 0.257522 -0.003284
v -0.309459 0.259617 -0.005808
v -0.181405 0.259251 -0.008847
v -0.033275 0.260526 -0.002373
v 0.093028 0.266648 -0.006414
v 0.203377 0.272812 -0.005992
v -0.017111 0.276041 0.005945
v 0.013397 0.274777 -0.006713
v 0.019131 0.274690 -0.011058
v 0.042338 0.274339 -0.010277
v 0.048710 0.273834 -0.011326
v -0.121902 0.288724 0.014157
v -0.102592 0.289899 0.006327
v 0.253285 0.297641 -0.001211
v 0.310116 0.304769 -0.004042
v 0.289109 0.308788 0.000630
v -0.995989 0.345864 0.001979
v -0.962569 0.385286 0.006006
v -0.948995 0.380676 0.002178
v 0.995900 -0.385953 0.000532
v 0.995185 -0.383489 -0.002346
v 0.999385 -0.376045 -0.000741
v -0.413015 -0.373596 0.002587
v 0.999375 -0.368564 -0.000866
v 0.988210 -0.323444 0.002098
v -0.160847 -0.304568 0.005284
v -0.058956 -0.301608 -0.004536
v -0.290821 -0.294592 -0.004030
v -0.019794 -0.291999 -0.004927
v -0.044692 -0.287844 0.009620
v 0.092240 -0.285088 -0.005062
v -0.396719 -0.274539 0.002824
v -0.994987 -0.284186 -0.002428
v -0.300835 -0.213715 0.009731
v 0.963805 -0.237021 0.001306
v -0.406474 -0.225267 0.004796
v 0.129406 -0.225442 -0.001339
v -0.395925 -0.211417 0.002183
v 0.087971 -0.208662 0.001821
v -0.303625 -0.207910 0.006057
v -0.302239 -0.207929 -0.001529
v -0.497166 -0.215025 0.009915
v -0.483201 -0.178753 0.002623
v -0.454161 -0.138403 -0.004083
v -0.174796 -0.135985 -0.005439
v -0.040059 -0.136692 -0.002960
v -0.172801 -0.123542 -0.003752
v -0.036018 -0.131045 -0.004178
v -0.039014 -0.126420 -0.002513
v -0.306017 -0.123422 -0.004362
v -0.306908 -0.117133 -0.004860
v -0.299464 -0.118359 -0.006106
v -0.170336 -0.118980 -0.003605
v -0.172768 -0.115128 -0.002724
v -0.039369 -0.113354 -0.004696
v -0.168716 -0.110419 -0.006019
v -0.168559 -0.102096 -0.005986
v 0.898956 -0.094996 0.001056
v -0.177065 -0.102056 -0.005924
v -0.168561 -0.092652 -0.005871
v -0.174318 -0.089241 -0.005253
v 0.659411 0.016393 0.005439
v 0.947042 0.061626 0.002016
v -0.298785 0.103046 0.002396
v -0.177865 0.102980 0.001908
v -0.431516 0.109894 0.002149
v -0.045238 0.108608 -0.001898
v -0.189519 0.122007 0.010291
v -0.767266 0.129987 0.002183
v -0.489948 0.121924 0.006052
v -0.022818 0.121948 0.001733
v 0.806865 0.145105 0.002035
v 0.819745 0.157635 0.003312
v 0.084998 0.158444 -0.006962
v 0.089226 0.153914 -0.002296
v 0.084782 0.159266 -0.001996
v 0.491833 0.178640 0.000190
v -0.020232 0.192462 0.009904
v 0.083751 0.196450 0.002160
v -0.161599 0.194679 0.001748
v -0.144111 0.203367 0.005512
v -0.210551 0.204101 0.002065
v 0.952106 0.210543 0.002527
v -0.076550 0.208529 -0.005888
v 0.005076 0.208213 -0.002527
v 0.994778 0.221783 -0.001350
v 0.427274 0.214464 -0.002750
v 0.432028 0.209381 -0.000046
v 0.988256 0.220091 -0.003906
v 0.436491 0.232220 -0.000892
v -0.138956 0.239833 -0.001621
v 0.166538 0.247096 -0.008024
v -0.212718 0.218198 0.001859
v -0.077563 0.240804 -0.005979
v -0.278100 0.239638 0.001530
v 0.005529 0.244487 -0.001417
v -0.208284 0.245904 -0.002151
v -0.141243 0.246425 -0.006010
v -0.142536 0.247715 0.013541
v -0.053854 0.251036 0.015299
v -0.000951 0.250035 0.009727
v 0.004232 0.247537 -0.005759
v 0.058418 0.250379 -0.001356
v 0.059081 0.252587 -0.005517
v -0.305241 0.250131 -0.002232
v -0.310230 0.258304 0.005762
v -0.181789 0.259082 -0.002831
v 0.094196 0.256511 -0.002414
v 0.094567 0.259837 0.001231
v -0.158494 0.273345 0.009569
v -0.005160 0.281007 0.022381
v 0.053713 0.276184 -0.006571
v 0.454304 0.304898 -0.002203
v 0.457566 0.294291 -0.000106
v 0.023668 0.277927 0.001718
v -0.114266 0.290020 0.006429
v 0.372252 0.307568 0.000034
v 0.422468 0.305482 -0.003989
v 0.438797 0.306933 -0.003961
v 0.296566 0.308948 0.001881
v -0.959604 0.385953 0.005829
v 0.999017 -0.383532 0.001993
v -0.235329 -0.380929 0.002068
v 0.992803 -0.385827 0.002002
v 0.051429 -0.377386 0.002603
v 1.000000 -0.372564 0.001801
v 0.161565 -0.352617 0.005890
v 0.997081 -0.352243 0.001335
v 0.176119 -0.336832 0.002344
v -0.975759 -0.330537 0.010097
v -0.465763 -0.336879 0.003090
v -0.952614 -0.321065 0.002291
v -0.936121 -0.313025 0.002223
v -0.188305 -0.302857 -0.001409
v -0.184160 -0.304818 -0.000675
v -0.157768 -0.304185 -0.000905
v -0.055233 -0.297525 0.000470
v -0.044823 -0.300653 0.003879
v -0.305484 -0.296432 0.002533
v -0.378042 -0.291306 0.009370
v 0.091400 -0.281637 0.002196
v -0.165721 -0.287735 0.002002
v 0.120104 -0.266383 0.001749
v -0.832645 -0.252621 0.002296
v 0.970993 -0.257010 0.002083
v 0.088988 -0.277637 0.001991
v 0.086657 -0.226797 -0.001625
v 0.129977 -0.244336 0.005374
v 0.207815 -0.249716 -0.001850
v -0.029410 -0.255828 0.005009
v -0.498717 -0.239334 0.002492
v 0.130033 -0.229994 0.002282
v 0.268164 -0.231995 0.001161
v 0.087159 -0.226750 0.001718
v 0.947460 -0.203182 0.001868
v 0.958043 -0.224344 0.001711
v -0.390915 -0.207859 0.002700
v -0.385672 -0.206369 0.002339
v 0.092221 -0.203805 0.002318
v 0.111944 -0.206621 0.002588
v -0.173979 -0.198150 -0.001034
v -0.169271 -0.200180 -0.001525
v -0.035169 -0.195524 -0.001867
v 0.934763 -0.174676 0.001070
v 0.929387 -0.165995 0.001612
v -0.514182 -0.138219 0.000975
v -0.454878 -0.143383 -0.000282
v -0.463318 -0.138129 0.002124
v -0.041103 -0.131120 -0.002290
v -0.172854 -0.112021 0.001089
v -0.172884 -0.109334 -0.000201
v -0.168681 -0.106324 0.001257
v -0.176915 -0.097732 -0.002270
v -0.168721 -0.097732 -0.002262
v -0.173093 -0.090492 -0.001078
v 0.894695 -0.086678 0.001783
v 0.896002 -0.071401 0.001064
v 0.901284 -0.055050 0.001532
v -0.337391 -0.027632 0.001728
v -0.336415 -0.025446 0.023145
v -0.334014 0.006219 0.014646
v 0.941330 0.045256 0.002254
v 0.482427 0.073298 0.001894
v 0.962761 0.107333 0.001721
v -0.318566 0.096633 0.009319
v -0.171217 0.103748 0.002002
v -0.029777 0.110895 0.013903
v 0.970248 0.131567 0.002029
v -0.295008 0.109138 0.005645
v 0.094034 0.155586 0.000819
v -0.190586 0.177024 0.017970
v 0.085468 0.163888 0.006066
v 0.982072 0.169672 0.003617
v 0.996833 0.207015 0.000977
v -0.016449 0.197697 0.006207
v 0.437425 0.204300 -0.000766
v 0.453623 0.198195 0.001538
v -0.208414 0.201687 0.001872
v -0.073003 0.202786 0.004951
v 0.082080 0.198864 0.009534
v -0.279764 0.203895 0.005577
v -0.141322 0.209066 0.001647
v 0.997538 0.220870 0.000927
v 0.121007 0.179515 0.012710
v 0.429821 0.213512 0.000375
v -0.076446 0.208537 0.001112
v 0.058781 0.208280 0.005355
v 0.430222 0.219499 0.000249
v 0.985067 0.222190 -0.000455
v 0.987014 0.224057 0.002592
v -0.276391 0.235849 0.001656
v -0.211669 0.240585 0.005275
v -0.141924 0.246209 0.001937
v -0.074310 0.244985 0.009660
v -0.065729 0.247457 0.022158
v -0.017900 0.250496 0.026151
v -0.184121 0.261118 0.005381
v -0.176254 0.259930 0.000145
v -0.171112 0.266003 0.001267
v -0.066479 0.276795 0.005823
v 0.013029 0.275623 0.006109
v -0.271185 0.282562 0.005942
v -0.212043 0.283181 0.010046
v 0.060845 0.281776 0.006563
v 0.071698 0.281273 0.005990
v -0.247470 0.289859 0.006046
v 0.253318 0.298004 0.001189
v 0.460494 0.301781 0.002132
v 0.454906 0.308311 -0.000244
v 0.300775 0.305897 -0.000905
v 0.314433 0.308469 0.001569
v 0.326467 0.307486 0.000137
v 0.367765 0.308561 0.001629
v 0.401052 0.307559 -0.001196
v 0.388713 0.306487 -0.000740
v 0.418034 0.306629 -0.000992
v 0.426473 0.308237 0.001178
v 0.376602 0.308547 0.001068
v -0.400751 -0.377717 0.005949
v -0.122866 -0.380921 0.001578
v 0.956702 -0.362808 0.004889
v -0.049887 -0.298966 0.004857
v -0.030706 -0.300422 0.005762
v -0.049227 -0.291815 0.003906
v -0.025141 -0.298542 0.006006
v -0.020964 -0.293387 0.002582
v -0.352179 -0.295042 0.009437
v -0.297602 -0.290332 0.009289
v -0.180398 -0.288026 0.010095
v -0.300277 -0.276363 0.010014
v 0.098058 -0.284120 0.008788
v 0.112754 -0.275390 0.002212
v 0.087012 -0.239348 0.001582
v 0.208501 -0.249143 0.009517
v 0.233613 -0.231474 0.025730
v -0.029640 -0.200788 0.005218
v 0.120438 -0.211723 0.009293
v 0.116584 -0.209329 0.002017
v -0.168671 -0.205038 0.001962
v 0.097840 -0.203254 0.002280
v -0.173127 -0.200784 0.003271
v -0.171862 -0.198838 0.000260
v 0.691303 -0.150156 0.006255
v 0.684862 -0.147102 0.005914
v -0.172902 -0.111686 -0.001836
v -0.177171 -0.114663 0.005167
v -0.167721 -0.097756 0.004652
v 0.935543 0.032386 0.003175
v 0.703845 0.034901 0.002592
v 0.550113 0.032679 0.004919
v 0.527736 0.048252 0.001452
v 0.728685 0.063815 0.003752
v 0.953018 0.078333 0.002276
v -0.521563 0.073268 0.014759
v 0.469721 0.079161 0.014025
v 0.771218 0.107739 0.004731
v -0.044675 0.109192 0.010121
v -0.185510 0.112973 0.017954
v -0.024536 0.116403 0.005611
v -0.506712 0.126200 0.009691
v 0.811467 0.149461 0.004371
v 0.969983 0.135727 0.001931
v -0.295849 0.192030 0.005513
v 0.487515 0.140195 0.020946
v 0.500825 0.168876 0.005323
v 0.087140 0.157011 0.002231
v 0.827842 0.163918 0.004057
v 0.500196 0.175440 0.003864
v 0.498981 0.177687 0.003714
v 0.491691 0.179778 0.003262
v 0.478706 0.187491 0.002299
v -0.054094 0.198240 0.013989
v -0.283044 0.200689 0.005758
v 0.433028 0.205979 0.003622
v -0.077162 0.241063 0.001192
v 0.004859 0.244956 0.010080
v -0.046458 0.256979 0.009441
v 0.063953 0.250928 0.010184
v -0.182955 0.258339 0.001074
v -0.173094 0.257627 0.000717
v 0.452621 0.273283 0.004007
v 0.447910 0.261869 0.004132
v -0.030485 0.266217 0.013886
v -0.045839 0.259167 0.009970
v 0.048968 0.276179 0.006533
v 0.042693 0.276189 0.001492
v 0.086834 0.273971 0.001512
v 0.456622 0.290496 0.003339
v -0.094836 0.288623 0.014119
v 0.006046 0.283443 0.023081
v 0.229805 0.282287 0.003678
v 0.460928 0.300818 0.003984
v 0.458573 0.304177 0.003681
v 0.305648 0.305610 0.004280
v 0.276885 0.308195 0.003777
v 0.401252 0.306492 0.003371
v 0.430244 0.307330 0.001051
v -0.965603 0.383703 0.009583
v 0.030930 -0.379714 0.009136
v 0.989485 -0.381939 0.008033
v 0.997915 -0.382371 0.007727
v 0.906601 -0.333800 0.008772
v 0.165870 -0.348809 0.009245
v 0.997201 -0.368878 0.007910
v 0.983428 -0.310924 0.003912
v -0.477547 -0.320514 0.009288
v 0.192519 -0.308358 0.005833
v 0.181719 -0.328907 0.009458
v 0.835936 -0.294201 0.008740
v -0.185372 -0.303005 0.004818
v -0.185976 -0.295309 0.009438
v -0.158697 -0.295870 0.005948
v 0.198084 -0.293963 0.009336
v -0.047713 -0.293236 0.009888
v -0.046000 -0.297522 0.007031
v -0.041189 -0.299976 0.009466
v -0.020951 -0.292646 0.009066
v -0.299619 -0.293287 0.009476
v -0.305367 -0.295944 0.009581
v 0.975220 -0.277594 0.003923
v 0.778095 -0.264845 0.008560
v -0.407428 -0.252852 0.008816
v 0.202090 -0.280165 0.008841
v 0.086995 -0.281483 0.011589
v 0.128157 -0.253044 0.009021
v 0.206516 -0.252433 0.009428
v -0.497285 -0.263516 0.009531
v 0.749439 -0.228950 0.008983
v -0.410074 -0.239484 0.008815
v 0.960534 -0.236298 0.005744
v 0.308912 -0.225866 0.008982
v 0.739514 -0.216236 0.009098
v -0.400490 -0.215783 0.005134
v 0.086552 -0.208592 0.008904
v -0.385708 -0.205761 0.008927
v -0.164949 -0.231039 0.011985
v 0.092291 -0.203135 0.009121
v 0.115966 -0.206866 0.013094
v 0.947835 -0.207309 0.004130
v -0.035744 -0.194596 0.009292
v -0.488657 -0.186733 0.009666
v 0.927068 -0.161514 0.004373
v 0.690380 -0.148980 0.009422
v -0.844787 -0.156739 0.010566
v -0.457113 -0.143642 0.009479
v -0.535216 -0.124666 0.033125
v -0.463347 -0.136221 0.008697
v -0.172922 -0.123646 0.002165
v -0.170287 -0.119598 0.001879
v -0.176890 -0.118851 0.005096
v -0.175576 -0.115354 0.000276
v -0.168481 -0.114732 0.004977
v 0.898234 -0.103230 0.007903
v -0.177273 -0.092876 0.005111
v -0.165185 -0.093267 0.009476
v -0.172544 -0.088485 0.003573
v 0.892621 -0.081511 0.003795
v 0.906695 -0.034386 0.004157
v -0.342096 -0.026502 0.035572
v 0.690519 0.018084 0.005530
v 0.931169 0.029189 0.007735
v -0.331582 0.049330 0.010586
v 0.707733 0.036591 0.008258
v -0.451309 0.061132 0.023211
v -0.596291 0.090986 0.015145
v 0.960615 0.111181 0.008408
v -0.163672 0.109056 0.013527
v -0.049559 0.112209 0.009679
v 0.791194 0.128883 0.004886
v 0.969724 0.140374 0.008185
v -0.596996 0.148154 0.009792
v 0.087511 0.157585 0.005706
v 0.094915 0.153146 0.007945
v -0.049266 0.192900 0.005567
v 0.877096 0.183367 0.004572
v 0.987872 0.194405 0.007474
v -0.291203 0.195040 0.018096
v 0.458409 0.194512 0.003725
v 0.004271 0.204446 0.013263
v 0.006053 0.208917 0.009219
v 0.062672 0.203732 0.009440
v -0.757062 0.207912 0.008910
v 0.430029 0.208697 0.003415
v 0.428698 0.214646 0.003977
v 0.431881 0.223629 0.004177
v -0.273603 0.226554 0.012691
v 0.987924 0.220302 0.006806
v -0.136735 0.240689 0.011784
v 0.995781 0.220792 0.003754
v -0.214068 0.222572 0.008550
v -0.080783 0.222371 0.008448
v 0.441197 0.249145 0.003924
v -0.832528 0.248682 0.009212
v -0.278377 0.241436 0.009443
v 0.055332 0.222208 0.008824
v 0.057132 0.246728 0.005918
v -0.212539 0.245327 0.017509
v 0.055607 0.250540 0.022475
v 0.086597 0.250590 0.017456
v -0.838082 0.253537 0.009341
v -0.181985 0.260240 0.004467
v -0.172535 0.260178 0.004983
v -0.875254 0.315985 0.005122
v -0.032662 0.260529 0.014033
v 0.089680 0.266762 0.013123
v -0.054555 0.269100 0.009742
v 0.044736 0.274453 0.010285
v 0.453604 0.289827 0.006328
v 0.027074 0.277951 0.004976
v -0.259072 0.287156 0.005895
v -0.223661 0.287229 0.014107
v 0.422562 0.306598 0.003323
v 0.454374 0.306955 0.003191
v 0.330755 0.306792 0.003756
v -0.939928 0.374220 0.005707
v -0.972595 0.377422 0.009691
v -0.301854 -0.382351 0.009643
v -0.010608 -0.374231 0.024897
v 0.047139 -0.372742 0.020843
v 0.146050 -0.361519 0.008978
v -0.444699 -0.356568 0.009183
v 0.157866 -0.354967 0.009181
v -0.462513 -0.340801 0.009218
v -0.980639 -0.328389 0.043650
v -0.488377 -0.300292 0.009234
v -0.188034 -0.303580 0.006641
v -0.163982 -0.307506 0.012712
v -0.156588 -0.302186 0.009331
v -0.189476 -0.301336 0.008490
v -0.894690 -0.285428 0.021809
v -0.165222 -0.288061 0.018058
v -0.025706 -0.300304 0.009655
v -0.318373 -0.296607 0.009356
v -0.392690 -0.279701 0.009238
v 0.092195 -0.283891 0.008961
v 0.112320 -0.277823 0.013144
v -0.840732 -0.257049 0.008932
v -0.041949 -0.200404 0.009305
v -0.045087 -0.235006 0.017050
v -0.915884 -0.211440 0.043292
v -0.395346 -0.209496 0.008812
v -0.173963 -0.198646 0.006514
v -0.176833 -0.200074 0.008725
v -0.179951 -0.198800 0.016924
v -0.168954 -0.199930 0.008502
v -0.028470 -0.196015 0.012281
v -0.473522 -0.162998 0.009770
v -0.450994 -0.132755 0.017555
v 0.907120 -0.123993 0.008481
v -0.173100 -0.134320 0.007965
v -0.172938 -0.128657 0.003368
v -0.177451 -0.127454 0.008992
v -0.168186 -0.127527 0.008702
v -0.174616 -0.086557 0.006635
v -0.165949 -0.087402 0.010464
v 0.876682 -0.076658 0.019575
v -0.401197 -0.035503 0.022998
v -0.338204 0.053610 0.010326
v 0.499310 0.062609 0.009228
v 0.465337 0.084451 0.022421
v -0.313865 0.096708 0.009406
v -0.298691 0.102807 0.009527
v -0.180183 0.103171 0.017738
v -0.184456 0.108795 0.018077
v -0.172137 0.102585 0.009631
v -0.020728 0.116830 0.021260
v 0.831789 0.161991 0.010484
v 0.835664 0.166110 0.008314
v 0.499431 0.174700 0.006807
v -0.681763 0.174356 0.009227
v -0.189405 0.192030 0.017744
v 0.082548 0.196480 0.013351
v -0.160909 0.191982 0.021443
v -0.195196 0.197343 0.018230
v -0.158144 0.195028 0.021973
v -0.212757 0.203396 0.012626
v -0.078196 0.201490 0.017479
v -0.061414 0.198559 0.026000
v -0.012997 0.198359 0.026270
v 0.420786 0.205259 0.008965
v 0.926360 0.182734 0.023789
v 0.990530 0.214057 0.008589
v -0.137918 0.208959 0.012340
v -0.081561 0.204061 0.016425
v 0.424436 0.209748 0.006610
v 0.431929 0.231652 0.006734
v -0.081608 0.240870 0.012455
v -0.139735 0.245841 0.012589
v 0.058101 0.249460 0.009205
v -0.186732 0.257335 0.021415
v -0.028375 0.254828 0.018229
v 0.445884 0.268805 0.007135
v -0.182624 0.259083 0.009413
v -0.167823 0.257861 0.021826
v -0.162720 0.252400 0.017960
v 0.091466 0.259791 0.012956
v -0.170820 0.263035 0.012999
v -0.307237 0.262393 0.017521
v -0.166257 0.266011 0.017901
v -0.025155 0.269765 0.021895
v 0.088782 0.270355 0.009315
v -0.196902 0.272961 0.013847
v 0.022504 0.274097 0.013917
v 0.036406 0.273084 0.015485
v 0.075088 0.278142 0.021749
v 0.060152 0.283451 0.014814
v -0.247144 0.288860 0.017607
v 0.458196 0.300891 0.005730
v -0.114090 0.290329 0.014151
v 0.265235 0.295039 0.011505
v 0.454844 0.304027 0.005783
v 0.293086 0.303736 0.007702
v -1.000000 0.314568 0.035166
v -0.959651 0.384703 0.013307
v -0.089777 -0.375263 0.024854
v 0.988752 -0.378105 0.011719
v 0.994739 -0.376412 0.011094
v 0.983951 -0.370766 0.015345
v -0.431922 -0.353012 0.037234
v -0.444920 -0.340513 0.040832
v 0.172839 -0.336925 0.016721
v -0.461595 -0.326312 0.037293
v 0.180613 -0.316805 0.024690
v -0.475829 -0.300526 0.037299
v -0.154760 -0.301264 0.016830
v -0.017965 -0.302480 0.016415
v -0.040948 -0.301064 0.012631
v -0.046403 -0.297665 0.012086
v -0.020494 -0.295013 0.011668
v -0.318503 -0.299039 0.016990
v -0.300544 -0.296415 0.012224
v -0.295854 -0.288714 0.012565
v -0.046421 -0.288143 0.017654
v 0.830881 -0.268462 0.045079
v 0.094080 -0.288011 0.014930
v -0.853193 -0.259437 0.021296
v 0.125529 -0.266084 0.017192
v -0.409138 -0.282490 0.036734
v -0.180759 -0.272497 0.021630
v 0.079420 -0.260112 0.020439
v -0.299705 -0.204576 0.020993
v 0.133772 -0.252744 0.020537
v -0.494383 -0.247370 0.025565
v -0.423383 -0.226353 0.037097
v -0.300989 -0.208964 0.013333
v 0.132567 -0.230008 0.016879
v -0.165464 -0.200305 0.012727
v -0.385745 -0.200477 0.020626
v -0.304951 -0.199202 0.020552
v -0.303633 -0.203400 0.016645
v 0.082406 -0.204937 0.017126
v -0.173358 -0.194508 0.016246
v -0.040087 -0.195323 0.012876
v 0.387513 -0.180656 0.050707
v 0.437765 -0.153113 0.075272
v -0.865124 -0.170853 0.081096
v -0.845217 -0.154184 0.043649
v 0.634118 -0.142818 0.029326
v -0.454600 -0.138693 0.011275
v 0.085477 -0.141157 0.010814
v 0.088814 -0.133852 0.012207
v 0.084843 -0.133558 0.009944
v -0.172737 -0.135338 0.012068
v -0.177243 -0.132784 0.012727
v -0.168168 -0.132885 0.012344
v -0.035270 -0.137333 0.010999
v -0.033963 -0.131214 0.009853
v -0.039447 -0.131113 0.011226
v 0.085347 -0.128781 0.016691
v -0.180445 -0.088320 0.017074
v 0.873572 -0.081939 0.022753
v -0.173639 -0.081809 0.016989
v 0.892845 -0.009273 0.028127
v 0.541566 0.015290 0.049799
v 0.930774 0.036439 0.011124
v -0.337269 0.051090 0.027361
v 0.939705 0.077912 0.017790
v -0.575598 0.083326 0.023488
v -0.166122 0.105168 0.013589
v -0.054974 0.112578 0.029465
v 0.952274 0.132524 0.023778
v -0.017051 0.116955 0.028974
v -0.289635 0.109734 0.025055
v -0.190252 0.122048 0.021325
v 0.089214 0.148982 0.009200
v 0.082179 0.146289 0.024704
v 0.087881 0.147108 0.012838
v -0.158269 0.164276 0.033381
v 0.496433 0.160352 0.012077
v -0.016708 0.192805 0.029274
v 0.487040 0.147101 0.022122
v -0.894265 0.187665 0.039592
v -0.016708 0.195837 0.025780
v 0.446536 0.183715 0.012101
v -0.275683 0.204107 0.016722
v -0.211280 0.200627 0.017519
v 0.078147 0.199321 0.024863
v -0.138892 0.203127 0.016857
v 0.009209 0.208008 0.016702
v 0.166072 0.216481 0.020439
v 0.978964 0.204916 0.013963
v 0.971085 0.200604 0.016734
v 0.012143 0.235486 0.020642
v -0.216126 0.240979 0.016510
v -0.088279 0.218048 0.019486
v 0.048993 0.222207 0.019801
v 0.053786 0.244698 0.012695
v -0.273660 0.236087 0.013296
v -0.292344 0.245927 0.021731
v -0.300115 0.250289 0.021865
v -0.203221 0.249868 0.030353
v -0.155233 0.250348 0.022241
v 0.004458 0.247700 0.013079
v 0.003383 0.250033 0.017645
v 0.058842 0.251189 0.013846
v 0.417298 0.268255 0.012926
v -0.308671 0.257240 0.013524
v -0.184923 0.260070 0.017476
v 0.228138 0.257667 0.026576
v 0.009423 0.282286 0.019667
v 0.021459 0.274971 0.019768
v 0.044454 0.283931 0.023572
v 0.067203 0.280773 0.025903
v 0.430161 0.292585 0.009020
v -0.267252 0.282182 0.021637
v 0.384404 0.283829 0.015888
v -0.891604 0.316020 0.041893
v -0.239454 -0.374598 0.029151
v -0.135364 -0.375501 0.024882
v 0.105514 -0.365044 0.024663
v 0.125746 -0.363425 0.020856
v 0.986426 -0.364076 0.016105
v 0.934662 -0.333149 0.028984
v -0.196479 -0.301651 0.019086
v -0.190712 -0.308608 0.018619
v -0.158496 -0.308027 0.016203
v 0.952854 -0.306442 0.031794
v -0.198304 -0.298989 0.025534
v -0.183900 -0.290806 0.024724
v -0.053820 -0.296973 0.016076
v -0.048166 -0.304543 0.018898
v -0.016491 -0.297447 0.013023
v -0.296249 -0.300427 0.021616
v -0.294871 -0.294347 0.013645
v -0.049603 -0.292092 0.016762
v -0.016897 -0.292716 0.016650
v 0.192240 -0.288382 0.024749
v -0.294253 -0.279895 0.033550
v 0.103354 -0.289971 0.024590
v 0.124063 -0.274742 0.024563
v 0.961336 -0.256744 0.012079
v -0.020372 -0.287254 0.029756
v 0.199481 -0.259199 0.020745
v 0.204625 -0.247798 0.025118
v -0.994510 -0.252850 0.051547
v 0.751546 -0.200051 0.053496
v 0.123296 -0.207722 0.020577
v -0.157905 -0.201575 0.037539
v -0.045839 -0.192625 0.024443
v -0.407099 -0.199502 0.037329
v 0.088578 -0.201619 0.016659
v -0.030121 -0.191337 0.016223
v 0.745046 -0.195682 0.049997
v 0.719307 -0.162317 0.053693
v 0.916907 -0.186244 0.023895
v -0.470090 -0.179073 0.040995
v 0.899136 -0.181927 0.036471
v 0.509008 -0.151904 0.037905
v 0.690432 -0.142547 0.021143
v -0.445571 -0.140582 0.018365
v -0.448922 -0.139853 0.015051
v 0.078992 -0.140590 0.016150
v 0.085273 -0.146655 0.019604
v 0.090922 -0.145821 0.020658
v 0.093803 -0.140350 0.016359
v -0.042215 -0.137841 0.016640
v -0.035243 -0.141876 0.020490
v -0.024227 -0.140934 0.028325
v 0.078957 -0.133515 0.016494
v 0.092194 -0.135586 0.016668
v 0.086604 -0.128487 0.018695
v -0.175911 -0.137755 0.016236
v -0.180990 -0.136556 0.020961
v -0.165941 -0.137396 0.018137
v -0.042886 -0.131305 0.014845
v -0.161195 -0.144148 0.032469
v -0.035104 -0.101397 0.013923
v -0.041734 -0.109948 0.015812
v -0.033795 -0.098067 0.015082
v -0.667115 -0.085471 0.035793
v -0.159719 -0.084839 0.037098
v -0.166099 -0.082614 0.021448
v -0.336665 -0.020532 0.044083
v 0.688603 0.005393 0.029058
v -0.335289 0.050298 0.019186
v -0.295457 0.099166 0.025181
v -0.291194 0.104420 0.024915
v -0.048292 0.106538 0.034008
v -0.020944 0.112459 0.029813
v -0.057215 0.113839 0.032981
v 0.472874 0.107360 0.033787
v 0.089904 0.145843 0.016859
v 0.490038 0.147745 0.020030
v 0.851801 0.153586 0.029439
v 0.900964 0.166598 0.031451
v 0.408420 0.196892 0.015793
v 0.011726 0.203435 0.025096
v 0.049753 0.208468 0.021618
v -0.225295 0.204089 0.023464
v -0.131290 0.208935 0.019909
v 0.375349 0.201555 0.028262
v -0.265863 0.236052 0.023820
v -0.221203 0.231398 0.018730
v -0.274426 0.240965 0.016875
v 0.048940 0.244481 0.019749
v -0.087737 0.241450 0.020349
v -0.082211 0.245012 0.021890
v -0.001965 0.249147 0.030894
v 0.053924 0.248566 0.017300
v 0.086574 0.259652 0.024889
v -0.168392 0.261400 0.021473
v -0.300276 0.265641 0.025425
v -0.192220 0.265725 0.025496
v 0.082333 0.270440 0.025118
v 0.394412 0.255533 0.018822
v 0.036238 0.272213 0.018575
v 0.030923 0.271732 0.018773
v 0.039182 0.274332 0.019692
v -0.208087 0.278419 0.025561
v -0.063853 0.273500 0.021925
v 0.040921 0.278762 0.020599
v -0.146231 0.275694 0.025559
v -0.117730 0.286592 0.029659
v 0.272116 0.266547 0.035016
v 0.326245 0.283173 0.020934
v -0.993825 0.333341 0.038761
v -0.185462 -0.374775 0.025115
v -0.388900 -0.369245 0.037064
v 0.038633 -0.372746 0.024909
v 0.979030 -0.358995 0.021086
v 0.125758 -0.358717 0.028725
v 0.955423 -0.345472 0.025320
v 0.162084 -0.340960 0.025281
v 0.174040 -0.328073 0.024630
v 0.877333 -0.303744 0.028820
v -0.181460 -0.312397 0.021043
v -0.159817 -0.312106 0.021389
v -0.150577 -0.311198 0.023668
v -0.153018 -0.306150 0.019589
v -0.195881 -0.306786 0.019553
v -0.058699 -0.302837 0.019039
v -0.022999 -0.306799 0.024550
v -0.008723 -0.303602 0.024229
v -0.007829 -0.296647 0.023387
v -0.289234 -0.292414 0.024472
v -0.056228 -0.294549 0.021207
v -0.008619 -0.294024 0.024497
v 0.077966 -0.289789 0.018965
v 0.085090 -0.291800 0.016941
v -0.402886 -0.291219 0.037349
v -0.183759 -0.288317 0.029445
v 0.201471 -0.254258 0.020952
v -0.486863 -0.255212 0.041692
v 0.209105 -0.245059 0.030222
v 0.138155 -0.239126 0.024380
v -0.016143 -0.284560 0.037827
v -0.024257 -0.192406 0.021127
v -0.183397 -0.197285 0.025127
v -0.416790 -0.210073 0.036997
v 0.102254 -0.194341 0.027480
v 0.120528 -0.202920 0.024287
v 0.083494 -0.199515 0.021016
v -0.042286 -0.191299 0.020371
v -0.031097 -0.186772 0.020922
v 0.555053 -0.146363 0.033714
v 0.079968 -0.150042 0.024147
v 0.079906 -0.146200 0.019275
v -0.647955 -0.144662 0.025385
v 0.073944 -0.144594 0.024367
v 0.097079 -0.138530 0.023898
v -0.438829 -0.135282 0.019730
v -0.172772 -0.142801 0.023399
v -0.041233 -0.141023 0.021095
v -0.046546 -0.140686 0.024044
v -0.443160 -0.127953 0.024480
v 0.075218 -0.125279 0.024288
v 0.080141 -0.124738 0.017557
v 0.084920 -0.124403 0.021395
v 0.081262 -0.120408 0.025441
v -0.306879 -0.126853 0.021412
v -0.305296 -0.114835 0.017030
v -0.319101 -0.114025 0.019729
v -0.300225 -0.114869 0.019455
v -0.020795 -0.096752 0.037281
v -0.306071 -0.092657 0.020262
v -0.302296 -0.105288 0.019304
v -0.035767 -0.095557 0.015662
v -0.046412 -0.092437 0.025723
v -0.041240 -0.090832 0.024249
v -0.034468 -0.092110 0.020764
v -0.179307 -0.083031 0.020824
v -0.475904 -0.047216 0.031520
v 0.886117 -0.017697 0.030328
v -0.417272 -0.030540 0.062001
v 0.479023 0.070335 0.030117
v 0.467363 0.078891 0.030399
v -0.187141 0.103951 0.029140
v -0.161530 0.103878 0.028294
v 0.852068 0.141594 0.038274
v 0.090649 0.141137 0.025591
v 0.085900 0.145371 0.021029
v -0.054979 0.192243 0.029487
v -0.289292 0.189143 0.028746
v -0.192429 0.192417 0.025694
v 0.961523 0.168590 0.022524
v 0.140863 0.170888 0.045606
v 0.128669 0.170190 0.037370
v -0.290586 0.191925 0.025410
v -0.154851 0.195040 0.029446
v -0.262464 0.204784 0.029944
v -0.133598 0.203522 0.021626
v 0.054308 0.204840 0.021214
v 0.035111 0.203496 0.033331
v -0.124854 0.240203 0.023129
v -0.091857 0.241041 0.023965
v -0.275023 0.242674 0.021255
v -0.270754 0.242426 0.025157
v -0.228426 0.242017 0.028633
v 0.012703 0.244903 0.022853
v -0.129914 0.246758 0.025290
v 0.011652 0.248056 0.025022
v 0.049779 0.246920 0.020631
v 0.076143 0.248777 0.030315
v -0.305015 0.258585 0.025021
v -0.050169 0.256901 0.025327
v -0.049514 0.259432 0.025401
v -0.050942 0.262135 0.026125
v 0.031249 0.273593 0.024124
v -0.008805 0.278031 0.029990
v 0.021812 0.281812 0.028160
v 0.018327 0.283518 0.035017
v 0.047301 0.283702 0.034343
v -0.235461 0.285615 0.029415
v -0.110291 0.288610 0.025793
v -0.958251 0.373271 0.045812
v -0.060385 -0.373766 0.027040
v -0.412889 -0.364946 0.033585
v -0.199951 -0.306602 0.022332
v -0.149402 -0.305300 0.023756
v -0.202160 -0.305172 0.024872
v -0.150913 -0.299713 0.025369
v -0.061909 -0.307285 0.023431
v -0.062842 -0.301618 0.022028
v -0.014062 -0.308614 0.026107
v -0.154483 -0.294523 0.029181
v -0.074433 -0.300421 0.033441
v 0.067838 -0.299101 0.021004
v 0.062490 -0.297782 0.023604
v 0.067723 -0.302673 0.024001
v 0.073189 -0.299777 0.021579
v -0.382006 -0.296636 0.023863
v -0.347746 -0.306217 0.032911
v -0.288366 -0.304088 0.028877
v -0.291911 -0.300089 0.023873
v -0.161328 -0.288123 0.033159
v 0.066842 -0.291491 0.021780
v 0.071866 -0.291850 0.020278
v 0.081162 -0.295516 0.021258
v 0.077340 -0.293876 0.019483
v -0.063347 -0.287840 0.048773
v 0.074869 -0.287945 0.022060
v 0.071682 -0.283776 0.028436
v 0.195267 -0.250746 0.027914
v 0.210106 -0.242028 0.046475
v 0.146493 -0.239366 0.031873
v -0.298629 -0.200674 0.024564
v -0.326708 -0.186829 0.036288
v -0.178389 -0.190256 0.023456
v -0.183969 -0.190964 0.028350
v -0.164984 -0.187221 0.028544
v -0.040828 -0.183525 0.025883
v -0.025417 -0.187469 0.021885
v -0.025424 -0.175739 0.029802
v -0.778903 -0.119310 0.064925
v 0.094742 -0.150021 0.026470
v 0.096728 -0.144525 0.023337
v -0.035489 -0.149507 0.027078
v -0.026159 -0.144391 0.027574
v -0.433638 -0.136398 0.022087
v -0.351910 -0.136661 0.022534
v -0.305423 -0.142035 0.024718
v -0.331120 -0.135782 0.021772
v -0.305696 -0.136541 0.019990
v -0.299098 -0.136477 0.022266
v -0.178919 -0.141729 0.024008
v -0.166486 -0.141724 0.024360
v -0.480941 -0.116399 0.041700
v -0.455927 -0.120070 0.036895
v -0.434930 -0.128204 0.024063
v -0.426372 -0.129565 0.022804
v -0.377273 -0.134326 0.023704
v -0.368747 -0.131029 0.021103
v -0.351597 -0.131040 0.021696
v -0.330839 -0.130572 0.023156
v -0.314610 -0.126936 0.023513
v -0.299660 -0.130985 0.020626
v -0.298935 -0.119102 0.021571
v -0.345027 -0.118172 0.023051
v -0.050534 -0.148144 0.030959
v -0.322836 -0.119435 0.020225
v -0.298399 -0.110012 0.022257
v -0.295138 -0.118562 0.033327
v -0.360622 -0.109546 0.028953
v -0.300386 -0.087823 0.022952
v -0.294723 -0.088808 0.033826
v -0.021163 -0.091230 0.041633
v -0.306451 -0.086662 0.023477
v -0.167355 -0.078006 0.033644
v -0.336586 0.035709 0.049272
v 0.715576 0.008969 0.049203
v 0.494370 0.049453 0.053896
v -0.513290 0.060463 0.061217
v 0.464379 0.085240 0.037809
v 0.749481 0.045837 0.044829
v -0.185824 0.099025 0.038628
v -0.158522 0.109229 0.033766
v -0.026655 0.103578 0.092845
v 0.474637 0.118008 0.033412
v 0.076322 0.196474 0.033601
v 0.442802 0.134242 0.028327
v 0.388084 0.167920 0.027766
v 0.954489 0.188407 0.021800
v -0.062259 0.194637 0.036810
v -0.219279 0.200595 0.025784
v -0.211192 0.198085 0.046333
v -0.099026 0.201765 0.033119
v -0.086079 0.198220 0.042046
v 0.016597 0.209391 0.023384
v -0.236932 0.209362 0.028615
v -0.798676 0.209746 0.045946
v 0.186747 0.207880 0.044514
v -0.099555 0.235372 0.027939
v 0.034290 0.239604 0.027160
v -0.086113 0.245133 0.025777
v 0.038505 0.247000 0.028640
v -0.062313 0.252142 0.037712
v 0.015169 0.249033 0.029492
v 0.046264 0.248226 0.024803
v 0.051657 0.250568 0.026183
v 0.079783 0.250146 0.029599
v -0.845581 0.224131 0.071220
v -0.193302 0.254426 0.029445
v -0.155000 0.254137 0.037114
v -0.021270 0.252438 0.029875
v 0.082581 0.252936 0.028944
v -0.189188 0.259714 0.028255
v -0.029231 0.260548 0.029328
v -0.165158 0.259878 0.028573
v -0.158089 0.265770 0.033318
v -0.024331 0.266101 0.033222
v -0.078683 0.278537 0.033859
v 0.032182 0.280990 0.029126
v -0.227449 0.286257 0.025718
v -0.956889 0.375504 0.038159
v -0.185528 -0.373180 0.027810
v -0.131145 -0.370323 0.029335
v -0.097981 -0.373826 0.027576
v 0.967071 -0.346651 0.025586
v 0.955130 -0.341757 0.027094
v -0.978469 -0.330227 0.035316
v -0.973434 -0.330562 0.064418
v 0.166096 -0.325107 0.034424
v 0.876307 -0.291524 0.041528
v -0.206282 -0.332092 0.038888
v -0.146907 -0.315966 0.027819
v -0.142488 -0.310797 0.027657
v -0.066848 -0.306104 0.025723
v -0.069255 -0.319970 0.031576
v -0.204881 -0.310198 0.029267
v -0.201125 -0.316001 0.028289
v -0.022686 -0.312004 0.030004
v -0.890101 -0.278079 0.042744
v -0.202062 -0.299391 0.038143
v -0.142012 -0.300131 0.030642
v -0.001110 -0.311089 0.030049
v -0.286834 -0.297862 0.025788
v -0.283215 -0.296810 0.029004
v 0.003541 -0.296769 0.030877
v 0.059174 -0.307195 0.028373
v 0.098819 -0.303980 0.035718
v 0.180886 -0.292616 0.036318
v -0.284099 -0.290951 0.032886
v -0.001370 -0.290902 0.032825
v 0.128558 -0.282866 0.034581
v 0.188936 -0.276333 0.032437
v 0.141643 -0.256814 0.030426
v 0.201905 -0.244513 0.029432
v 0.069841 -0.197444 0.032427
v 0.137219 -0.204426 0.032037
v -0.055395 -0.218376 0.037087
v 0.907524 -0.206719 0.039012
v -0.477872 -0.191523 0.041287
v -0.295006 -0.197036 0.033213
v -0.381282 -0.186886 0.038291
v -0.300250 -0.190900 0.032490
v 0.080522 -0.192453 0.028535
v 0.074800 -0.196351 0.027882
v -0.161742 -0.188104 0.031060
v -0.183011 -0.183862 0.030620
v -0.021955 -0.176228 0.032785
v -0.031208 -0.171792 0.029932
v -0.458143 -0.167505 0.040913
v -0.442134 -0.150193 0.033232
v 0.075001 -0.149718 0.025332
v 0.070562 -0.152692 0.030700
v 0.075190 -0.152985 0.028396
v -0.045303 -0.145621 0.026997
v 0.102605 -0.142289 0.028423
v -0.589545 -0.129689 0.037473
v -0.301753 -0.153617 0.036392
v -0.299486 -0.141623 0.028755
v -0.177487 -0.149480 0.029092
v -0.182340 -0.148918 0.029695
v -0.351981 -0.146277 0.032293
v -0.296232 -0.135902 0.029493
v -0.422968 -0.130949 0.023140
v -0.421966 -0.138052 0.028279
v -0.401595 -0.131381 0.025068
v -0.422516 -0.125059 0.028578
v 0.886560 -0.148660 0.033785
v 0.075808 -0.116190 0.027072
v 0.070495 -0.117395 0.032833
v 0.077522 -0.114570 0.029374
v -0.187802 -0.084545 0.032824
v -0.343997 -0.092897 0.027851
v -0.045239 -0.088111 0.028790
v -0.039198 -0.087293 0.029417
v -0.305916 -0.082379 0.029098
v -0.182843 -0.078287 0.031367
v 0.630005 0.003291 0.041704
v 0.902778 0.028012 0.034376
v -0.334844 0.044959 0.035832
v 0.474081 0.064123 0.057993
v 0.919379 0.074428 0.035918
v -0.287053 0.095083 0.041333
v -0.284048 0.118287 0.032493
v -0.468939 0.105928 0.042251
v -0.750462 0.099671 0.107412
v -0.828912 0.125396 0.090093
v 0.083934 0.141127 0.025166
v 0.077220 0.142906 0.036272
v 0.084509 0.135908 0.033478
v 0.090917 0.138809 0.029185
v 0.103433 0.145787 0.049971
v 0.936738 0.122774 0.032814
v 0.426278 0.123576 0.031245
v -0.278755 0.194525 0.037089
v -0.200909 0.195078 0.037726
v -0.011493 0.195988 0.036606
v -0.263051 0.200881 0.032996
v -0.240526 0.203449 0.032332
v -0.235948 0.201301 0.033896
v -0.110090 0.202017 0.036980
v -0.142794 0.196296 0.037429
v -0.103694 0.203871 0.034152
v -0.008525 0.197841 0.037584
v 0.019734 0.204302 0.028750
v 0.023718 0.209433 0.026946
v 0.042051 0.208694 0.025910
v 0.038781 0.206721 0.028357
v -0.259453 0.236197 0.028236
v 0.020546 0.244562 0.027236
v -0.236637 0.236077 0.029118
v -0.255273 0.240374 0.032092
v -0.280074 0.245976 0.033921
v -0.113064 0.240671 0.031017
v -0.117601 0.245345 0.033200
v -0.098831 0.245224 0.033515
v -0.291866 0.250233 0.033447
v 0.042413 0.249472 0.029566
v 0.043390 0.250351 0.034965
v -0.294832 0.256924 0.038518
v -0.157965 0.257244 0.037096
v -0.196218 0.262596 0.037118
v -0.057337 0.262307 0.037288
v 0.284337 0.246647 0.041576
v 0.070252 0.274211 0.036963
v 0.256263 0.253970 0.041948
v -0.212029 0.277266 0.033365
v -0.094682 0.284526 0.033834
v -0.106286 0.286221 0.033707
v -0.243794 -0.370155 0.034540
v 0.034955 -0.367884 0.032532
v 0.035123 -0.361991 0.037694
v -0.006369 -0.354180 0.039870
v 0.146131 -0.337023 0.040822
v 0.154048 -0.329190 0.041310
v 0.945584 -0.305626 0.034530
v -0.202721 -0.324420 0.034049
v -0.204404 -0.315311 0.030374
v -0.204366 -0.319640 0.032229
v -0.205695 -0.309263 0.033370
v -0.138465 -0.314760 0.029193
v -0.074140 -0.314706 0.030730
v -0.275992 -0.307378 0.034778
v -0.278358 -0.301817 0.031296
v -0.271347 -0.300634 0.035762
v -0.073810 -0.294692 0.037526
v 0.050035 -0.297180 0.033143
v -0.158379 -0.288493 0.036966
v -0.066178 -0.289581 0.049450
v 0.003207 -0.293340 0.032069
v 0.050493 -0.291755 0.034398
v -0.196534 -0.288366 0.048293
v -0.192379 -0.290971 0.041470
v 0.051217 -0.288426 0.037358
v 0.149307 -0.265288 0.038103
v 0.195986 -0.245981 0.029086
v -0.417582 -0.265358 0.036743
v 0.927853 -0.248258 0.036360
v 0.932658 -0.277021 0.038624
v -0.428816 -0.239385 0.042490
v 0.197931 -0.240282 0.035682
v 0.786124 -0.241007 0.049657
v 0.057944 -0.279685 0.047869
v 0.230395 -0.222405 0.075056
v -0.187589 -0.176568 0.035150
v -0.487710 -0.219118 0.041359
v 0.150753 -0.212725 0.036298
v -0.407423 -0.195865 0.040572
v 0.071245 -0.192388 0.031865
v 0.071394 -0.179668 0.036655
v -0.882037 -0.191577 0.068391
v -0.182712 -0.179955 0.032118
v -0.050285 -0.176395 0.031969
v -0.066374 -0.197692 0.051031
v -0.045387 -0.180071 0.028217
v -0.044712 -0.171804 0.030846
v -0.025934 -0.160611 0.031425
v -0.049728 -0.160681 0.033401
v 0.071602 -0.169639 0.039126
v -0.707109 -0.127488 0.099284
v -0.168006 -0.164819 0.034703
v -0.167277 -0.149433 0.029341
v 0.111712 -0.157378 0.036325
v 0.106640 -0.147441 0.031727
v -0.295451 -0.144447 0.033577
v -0.187114 -0.152608 0.032402
v -0.203886 -0.160709 0.051437
v 0.078914 -0.111564 0.038690
v -0.426880 -0.117384 0.036071
v 0.057934 -0.113671 0.052818
v -0.385667 -0.092085 0.032639
v -0.343981 -0.087310 0.030062
v -0.054049 -0.087771 0.037067
v -0.700088 -0.090713 0.056721
v -0.327095 -0.082003 0.033086
v -0.300455 -0.081905 0.032492
v -0.154850 -0.074637 0.044789
v -0.604795 -0.072402 0.031612
v 0.865866 -0.055419 0.031261
v 0.692934 -0.004922 0.045174
v -0.301209 0.089898 0.042469
v -0.191309 0.101463 0.037577
v -0.683859 0.092069 0.090301
v -0.160745 0.103001 0.038475
v -0.054014 0.107631 0.032895
v 0.388405 0.143119 0.031251
v 0.363448 0.147702 0.034996
v -0.198661 0.122613 0.032674
v 0.876258 0.154215 0.034788
v -0.057957 0.172994 0.032962
v 0.909082 0.167294 0.031583
v -0.154412 0.184985 0.036828
v -0.785951 0.177663 0.096097
v -0.150265 0.194269 0.036169
v 0.070731 0.199158 0.041787
v -0.255015 0.204316 0.033751
v -0.110209 0.204388 0.035092
v -0.248304 0.218152 0.032134
v 0.023294 0.202657 0.033656
v 0.031005 0.208463 0.028289
v 0.325878 0.185143 0.041573
v -0.106812 0.240800 0.032268
v -0.108373 0.218011 0.033081
v 0.023679 0.245333 0.028791
v -0.245469 0.236262 0.031397
v -0.251179 0.236455 0.031408
v -0.240196 0.242433 0.034600
v -0.073879 0.249718 0.042171
v -0.126470 0.250100 0.046217
v 0.018604 0.249218 0.034971
v 0.035043 0.250268 0.033896
v -0.194948 0.259619 0.036821
v -0.022915 0.257736 0.037125
v 0.329973 0.250862 0.033264
v -0.293818 0.260107 0.040672
v 0.070201 0.266972 0.042921
v -0.283618 0.267474 0.041603
v -0.146386 0.267822 0.041432
v 0.063745 0.278113 0.037643
v 0.050958 0.280890 0.041976
v -0.235500 0.277408 0.045170
v -0.277056 -0.369681 0.035750
v -0.202056 -0.354229 0.039625
v -0.097952 -0.354608 0.039702
v 0.126493 -0.341848 0.044561
v -0.126402 -0.327923 0.035991
v -0.130529 -0.323742 0.032985
v -0.121551 -0.322797 0.035609
v -0.098371 -0.327775 0.035742
v -0.098218 -0.331908 0.037728
v -0.031127 -0.331873 0.037746
v -0.211591 -0.322923 0.036517
v -0.208426 -0.318055 0.035587
v -0.098819 -0.322536 0.035111
v 0.900656 -0.299941 0.039669
v 0.006546 -0.331679 0.041940
v 0.051042 -0.315581 0.034520
v 0.051786 -0.320805 0.037850
v -0.314522 -0.315985 0.041925
v -0.125972 -0.300192 0.038364
v -0.082096 -0.297528 0.036306
v -0.106916 -0.300420 0.040643
v 0.094209 -0.315872 0.041834
v -0.381187 -0.311816 0.043241
v 0.015305 -0.314756 0.036417
v 0.015544 -0.296490 0.035675
v -0.390469 -0.304516 0.040227
v -0.203154 -0.294572 0.050097
v -0.138895 -0.294877 0.036820
v 0.006911 -0.290476 0.036797
v 0.046233 -0.290785 0.036309
v -0.290463 -0.282695 0.036709
v -0.005374 -0.286636 0.046447
v 0.058728 -0.285824 0.041693
v 0.058732 -0.283187 0.045566
v 0.175070 -0.284890 0.041439
v 0.157131 -0.256685 0.039579
v 0.794043 -0.245382 0.051159
v 0.156986 -0.235276 0.036958
v 0.192927 -0.241422 0.034403
v 0.184284 -0.242786 0.035482
v 0.190057 -0.237324 0.037329
v 0.194625 -0.236660 0.039624
v -0.295744 -0.192018 0.033547
v -0.287306 -0.184954 0.041487
v 0.066026 -0.180420 0.039789
v -0.296529 -0.187441 0.036058
v -0.159471 -0.180554 0.036959
v 0.123655 -0.175303 0.043865
v -0.016598 -0.184601 0.041682
v -0.162825 -0.175858 0.034805
v -0.168157 -0.172027 0.034290
v -0.186888 -0.165018 0.035740
v -0.163164 -0.164424 0.035846
v -0.019941 -0.172659 0.036171
v -0.063433 -0.164412 0.048821
v 0.065631 -0.161178 0.039530
v 0.110766 -0.169253 0.042378
v -0.191946 -0.156441 0.037281
v 0.705804 -0.145692 0.054055
v 0.107566 -0.140994 0.037659
v 0.114133 -0.151175 0.036411
v -0.430147 -0.150238 0.038678
v -0.414188 -0.149976 0.040224
v -0.368640 -0.153718 0.039808
v -0.157199 -0.160456 0.039753
v 0.690050 -0.130579 0.046276
v -0.527141 -0.111276 0.049570
v 0.071428 -0.112465 0.033887
v 0.072982 -0.108745 0.037729
v -0.414913 -0.096571 0.037072
v 0.862051 -0.148440 0.043387
v -0.291229 -0.084182 0.038582
v -0.398527 -0.091631 0.035866
v -0.381367 -0.086291 0.037077
v -0.056722 -0.087993 0.041313
v -0.048665 -0.083558 0.037557
v -0.296824 -0.078025 0.038830
v -0.193110 -0.080031 0.041090
v -0.162765 -0.078838 0.037207
v 0.654941 -0.001088 0.044954
v 0.697924 -0.007188 0.048989
v 0.588081 0.004081 0.050433
v -0.397082 0.048823 0.061610
v -0.278609 0.104558 0.044287
v 0.434347 0.091665 0.037923
v 0.421734 0.098196 0.035934
v -0.154047 0.109325 0.038906
v 0.375464 0.110575 0.037194
v 0.408887 0.100833 0.036433
v 0.384214 0.113285 0.033827
v -0.208259 0.108818 0.048400
v 0.002942 0.114925 0.059221
v 0.375855 0.112682 0.035180
v -0.001154 0.115861 0.050104
v 0.357092 0.116256 0.036407
v 0.345910 0.121418 0.035532
v 0.338542 0.126217 0.035625
v -0.548219 0.112266 0.071233
v 0.078962 0.137044 0.036900
v 0.086238 0.133187 0.042148
v 0.095838 0.136484 0.050688
v -0.062557 0.113745 0.037988
v -0.889371 0.176304 0.064932
v -0.062626 0.177159 0.037971
v 0.875365 0.117832 0.045975
v 0.851348 0.129775 0.043934
v -0.644198 0.136183 0.083908
v -0.208974 0.173006 0.048805
v -0.153859 0.177010 0.036141
v -0.062365 0.192114 0.038945
v -0.201267 0.192321 0.041396
v -0.251484 0.201392 0.037200
v -0.248276 0.203868 0.034946
v 0.019124 0.198853 0.054597
v -0.251521 0.242464 0.036123
v 0.301094 0.201687 0.044784
v -0.106651 0.245611 0.037629
v -0.271540 0.251428 0.049277
v 0.010850 0.250215 0.050468
v 0.063485 0.250246 0.046111
v -0.283505 0.253970 0.045150
v -0.211687 0.251537 0.045832
v -0.204137 0.254171 0.042917
v -0.055592 0.258356 0.036640
v -0.155650 0.260224 0.040619
v -0.020691 0.260314 0.041016
v 0.073845 0.253442 0.040655
v 0.070504 0.259813 0.045115
v 0.206957 0.216592 0.048502
v -0.990309 0.295198 0.048412
v -0.211924 0.269495 0.045388
v -0.259386 0.271930 0.049778
v -0.086710 0.278453 0.041635
v 0.011052 0.280538 0.046249
v -0.109709 0.282440 0.041396
v 0.026943 0.281791 0.046560
v -0.997846 0.294681 0.073236
v -0.393120 -0.366075 0.039763
v -0.421452 -0.356820 0.039735
v 0.031231 -0.354312 0.041377
v -0.114522 -0.351341 0.040339
v 0.114231 -0.342320 0.045294
v -0.466545 -0.313045 0.041153
v -0.210625 -0.347357 0.041316
v -0.114282 -0.326953 0.037513
v -0.978424 -0.332024 0.052041
v -0.243196 -0.322870 0.039073
v -0.246884 -0.313465 0.038990
v -0.252101 -0.319273 0.038369
v 0.027236 -0.331648 0.044562
v 0.034875 -0.319350 0.039070
v -0.255879 -0.314682 0.037059
v 0.026951 -0.297159 0.037030
v -0.260003 -0.309737 0.036864
v -0.263519 -0.305338 0.037086
v 0.167281 -0.297198 0.043315
v 0.111178 -0.307455 0.042417
v 0.896267 -0.276189 0.044745
v -0.098642 -0.297229 0.040411
v -0.146320 -0.288396 0.045959
v 0.018949 -0.290868 0.038949
v -0.266894 -0.279790 0.056710
v -0.262982 -0.293369 0.045019
v 0.014332 -0.286183 0.050194
v -0.283071 -0.279827 0.044772
v -0.420411 -0.269198 0.040201
v 0.156373 -0.273243 0.043162
v 0.163998 -0.268907 0.042861
v 0.916187 -0.248014 0.041938
v 0.164771 -0.230689 0.038433
v 0.184815 -0.238320 0.035815
v -0.011917 -0.193070 0.044905
v 0.180879 -0.233785 0.038127
v 0.225168 -0.226609 0.063280
v -0.486659 -0.223011 0.043214
v -0.428582 -0.217898 0.043563
v 0.165324 -0.225044 0.039665
v -0.749111 -0.155596 0.100487
v -0.416177 -0.204270 0.040545
v -0.267397 -0.176916 0.057516
v -0.368698 -0.183669 0.039300
v -0.390053 -0.183804 0.041663
v -0.292531 -0.180417 0.039692
v 0.089779 -0.172859 0.040498
v -0.192703 -0.168848 0.040639
v -0.292801 -0.160772 0.039028
v 0.065873 -0.168680 0.042621
v -0.291503 -0.148308 0.037146
v -0.010659 -0.152025 0.049033
v 0.117016 -0.151024 0.039334
v 0.118963 -0.155663 0.040334
v -0.410386 -0.165216 0.047944
v 0.058297 -0.139436 0.049561
v -0.832644 -0.140559 0.077301
v -0.464902 -0.100104 0.044736
v -0.427874 -0.095726 0.039960
v 0.836889 -0.076869 0.039441
v -0.054162 -0.084950 0.041471
v -0.530013 -0.048750 0.073851
v -0.363695 -0.025675 0.053589
v 0.866176 0.027659 0.048990
v -0.338544 -0.020562 0.049320
v -0.341324 0.046487 0.047112
v -0.359641 0.048084 0.052946
v 0.462039 0.080617 0.045729
v 0.462526 0.083986 0.042151
v 0.459490 0.088310 0.042179
v 0.416920 0.094769 0.040582
v 0.442487 0.086605 0.040811
v 0.447527 0.088018 0.039401
v 0.903679 0.077272 0.042540
v -0.279853 0.091427 0.054233
v -0.195631 0.102069 0.041600
v -0.194872 0.099126 0.046357
v -0.278644 0.113188 0.038903
v -0.208072 0.118230 0.045604
v 0.334718 0.119800 0.041510
v -0.002392 0.121910 0.044891
v 0.329917 0.125275 0.036890
v 0.321329 0.125028 0.040942
v 0.313170 0.129299 0.039219
v 0.321598 0.129942 0.037295
v 0.296375 0.132877 0.040471
v 0.883539 0.101503 0.047440
v -0.846316 0.142482 0.064969
v 0.078669 0.132764 0.041146
v 0.284407 0.142865 0.039855
v 0.288057 0.137517 0.040143
v 0.070029 0.172662 0.044714
v -0.702364 0.159002 0.067260
v -0.267281 0.192107 0.049092
v -0.117432 0.192166 0.052472
v -0.063268 0.189375 0.039630
v -0.134155 0.194988 0.043475
v -0.247284 0.198309 0.050095
v -0.073862 0.195221 0.041514
v -0.003582 0.196037 0.044795
v 0.007201 0.198547 0.049532
v -0.263308 0.246872 0.045792
v -0.251771 0.245484 0.046131
v -0.106267 0.247470 0.046435
v 0.035294 0.250690 0.057728
v -0.005199 0.252686 0.045734
v -0.283144 0.259945 0.049309
v -0.204630 0.260282 0.047280
v -0.066998 0.257610 0.048922
v -0.012557 0.257406 0.046506
v -0.008511 0.266655 0.048908
v -0.070954 0.262443 0.052102
v -0.121678 0.266053 0.057190
v 0.054796 0.274746 0.049518
v -0.102174 0.280125 0.045361
v -0.397304 -0.338111 0.050556
v -0.268711 -0.346809 0.045587
v -0.372599 -0.346735 0.048105
v 0.010483 -0.346921 0.042307
v -0.231332 -0.326857 0.039526
v 0.146735 -0.329997 0.044117
v -0.264829 -0.323676 0.042487
v -0.230794 -0.304076 0.044388
v -0.211197 -0.303737 0.043906
v 0.068614 -0.327845 0.044657
v 0.106202 -0.322814 0.045481
v -0.114345 -0.300448 0.041111
v -0.990480 -0.313153 0.143276
v -0.903319 -0.280747 0.080482
v -0.243024 -0.296382 0.049708
v -0.211012 -0.299238 0.046673
v -0.118440 -0.294205 0.045096
v -0.106514 -0.294284 0.045021
v -0.126698 -0.290165 0.053743
v 0.139339 -0.297794 0.045662
v 0.851233 -0.275228 0.045877
v 0.916591 -0.264201 0.042713
v -0.004394 -0.283989 0.049708
v 0.186837 -0.227520 0.045455
v 0.165388 -0.212122 0.049933
v -0.478566 -0.198594 0.043429
v -0.134404 -0.287786 0.053315
v -0.417865 -0.180474 0.047976
v -0.454601 -0.170122 0.044797
v 0.137100 -0.183645 0.046171
v -0.200085 -0.181211 0.052743
v 0.058380 -0.168700 0.053168
v -0.385510 -0.160952 0.043566
v 0.124241 -0.165145 0.044122
v -0.430451 -0.161854 0.046559
v 0.126926 -0.159274 0.045146
v 0.119482 -0.149525 0.046192
v 0.525567 -0.131815 0.074248
v -0.150643 -0.080589 0.044220
v -0.502319 -0.106359 0.049050
v 0.061448 -0.112155 0.049747
v 0.066752 -0.108364 0.046329
v -0.443942 -0.094793 0.044369
v -0.008951 -0.101269 0.053359
v -0.288592 -0.074244 0.044934
v -0.191416 -0.074549 0.043431
v 0.542060 0.012371 0.054010
v -0.338023 0.040853 0.049367
v 0.461682 0.074355 0.061471
v 0.455216 0.083481 0.045095
v -0.297399 0.080616 0.075378
v -0.275008 0.095938 0.051735
v -0.199724 0.102530 0.045619
v -0.168232 0.097419 0.063177
v -0.150847 0.104739 0.045847
v -0.138337 0.108427 0.047389
v -0.531509 0.093426 0.112395
v -0.106277 0.113007 0.057392
v -0.074346 0.107297 0.047935
v -0.083848 0.113208 0.048167
v -0.258654 0.113395 0.051013
v 0.011677 0.156141 0.055662
v 0.072233 0.129916 0.049786
v 0.279703 0.136267 0.045488
v 0.067137 0.133018 0.048355
v 0.271439 0.141656 0.041935
v 0.267535 0.146879 0.041286
v 0.254675 0.145148 0.044851
v -0.074388 0.191772 0.044598
v 0.245722 0.150441 0.043934
v 0.241534 0.155607 0.043731
v 0.313604 0.185450 0.043126
v -0.208644 0.195327 0.048930
v -0.208361 0.192778 0.050140
v -0.102421 0.197429 0.049711
v 0.051327 0.200556 0.050622
v -0.138062 0.254648 0.049353
v -0.090152 0.251791 0.053965
v -0.078143 0.252013 0.049801
v -0.149940 0.257349 0.044630
v -0.282717 0.262414 0.048848
v -0.224009 0.265895 0.056657
v 0.007584 0.274390 0.053397
v 0.039529 -0.342733 0.045252
v -0.410212 -0.326480 0.052704
v -0.430850 -0.309854 0.053404
v -0.981533 -0.333548 0.089135
v -0.230706 -0.298793 0.048623
v -0.250901 -0.287506 0.058481
v -0.097640 -0.290153 0.053295
v 0.043184 -0.284835 0.049706
v -0.447425 -0.280846 0.054489
v 0.054309 -0.276207 0.050999
v -0.998580 -0.260825 0.085211
v -0.455641 -0.255756 0.055445
v 0.887753 -0.255697 0.047878
v 0.826622 -0.262961 0.048555
v 0.850229 -0.201984 0.053013
v -0.459076 -0.235053 0.055437
v 0.054453 -0.231292 0.052562
v -0.455550 -0.218702 0.055516
v 0.057669 -0.209584 0.050621
v 0.157547 -0.204177 0.051642
v 0.345770 -0.183677 0.104768
v 0.841720 -0.173048 0.052679
v -0.008250 -0.176440 0.052617
v 0.744140 -0.191470 0.053728
v -0.451124 -0.202373 0.054375
v -0.438623 -0.169609 0.048419
v 0.130772 -0.167635 0.048644
v 0.131287 -0.163283 0.049271
v -0.618897 -0.115744 0.079231
v 0.693841 -0.129244 0.054018
v 0.688497 -0.123831 0.056141
v -0.134169 -0.075551 0.053030
v -0.267045 -0.106228 0.056704
v 0.068676 -0.106507 0.055035
v 0.078300 -0.107844 0.064016
v -0.066082 -0.084610 0.050630
v -0.478040 -0.098740 0.049491
v -0.464412 -0.094600 0.049919
v -0.017363 -0.085005 0.062740
v -0.056975 -0.078215 0.050062
v -0.279363 -0.075422 0.048590
v -0.200094 -0.075239 0.048841
v -0.199089 -0.070534 0.051271
v -0.193683 -0.065661 0.058244
v -0.496005 -0.043228 0.069694
v 0.791640 -0.076834 0.053515
v -0.346541 -0.021137 0.054571
v -0.341140 -0.015682 0.054786
v -0.339571 -0.010631 0.054244
v 0.701859 -0.012289 0.053347
v -0.341355 0.035981 0.054916
v -0.346335 0.043264 0.054488
v 0.879009 0.072893 0.049636
v 0.764748 0.054600 0.047715
v 0.810081 0.088259 0.048804
v -0.361921 0.073818 0.107737
v -0.270992 0.104579 0.050498
v -0.207390 0.100506 0.053030
v 0.007723 0.120732 0.052875
v 0.077434 0.129491 0.051055
v -0.216310 0.113855 0.051937
v 0.221351 0.152747 0.054142
v -0.106276 0.191790 0.055516
v 0.233927 0.154720 0.045146
v 0.225507 0.155325 0.048788
v 0.217313 0.158696 0.048279
v 0.111082 0.149850 0.050841
v 0.131641 0.158811 0.050763
v 0.226211 0.185266 0.049967
v 0.058229 0.189152 0.052963
v -0.109869 0.195053 0.052744
v 0.043423 0.198977 0.057384
v 0.198003 0.204987 0.051007
v 0.239277 0.234356 0.047253
v -0.227781 0.254233 0.057922
v 0.007230 0.254349 0.054919
v 0.058393 0.256940 0.054124
v -0.211581 0.259847 0.053419
v -0.070891 0.260140 0.052991
v -0.011450 0.260778 0.048593
v -0.137983 0.260172 0.052925
v 0.058274 0.263344 0.053518
v -0.082632 0.265969 0.055882
v 0.022994 0.278456 0.053820
v 0.034897 0.278099 0.053815
v -0.958263 0.361502 0.080000
v -0.231075 -0.294076 0.057750
v -0.219388 -0.292340 0.057966
v -0.126216 -0.284817 0.056775
v -0.114937 -0.288574 0.057464
v -0.085816 -0.287941 0.054914
v -0.065951 -0.287608 0.050927
v 0.006849 -0.283016 0.055156
v 0.018690 -0.282547 0.055463
v 0.006644 -0.279854 0.056534
v 0.000015 -0.276815 0.053615
v -0.211468 -0.288243 0.057406
v 0.007185 -0.243506 0.056981
v 0.809515 -0.250511 0.051954
v 0.854646 -0.234929 0.052394
v -0.098375 -0.264282 0.056870
v 0.755848 -0.201574 0.054888
v 0.165525 -0.204176 0.054522
v 0.748727 -0.196080 0.052921
v -0.000246 -0.188927 0.054570
v -0.126087 -0.160277 0.057709
v 0.140534 -0.170854 0.053915
v -0.000549 -0.168671 0.057903
v 0.718810 -0.159275 0.054616
v 0.054613 -0.141239 0.052282
v 0.609066 -0.127240 0.065735
v 0.003296 -0.135156 0.057591
v 0.629859 -0.128427 0.058684
v 0.063173 -0.107372 0.052400
v -0.008885 -0.091080 0.060378
v -0.377280 -0.071071 0.074913
v -0.263315 -0.071608 0.057603
v -0.061695 -0.079007 0.051267
v -0.077502 -0.075599 0.053507
v -0.289643 -0.054772 0.083074
v -0.138942 -0.069846 0.055740
v -0.559107 -0.050172 0.082816
v -0.363447 -0.020316 0.059326
v 0.825319 0.010599 0.057667
v -0.341613 0.006244 0.056178
v -0.376013 -0.002228 0.063844
v -0.367684 0.040696 0.061816
v -0.358602 0.041255 0.059187
v -0.363297 0.044686 0.058964
v -0.372064 0.046885 0.058392
v 0.801243 0.055510 0.054729
v -0.621286 0.077602 0.086490
v 0.834053 0.051734 0.056170
v 0.854934 0.105452 0.049574
v 0.388531 0.090443 0.075118
v -0.202720 0.098356 0.053605
v -0.219456 0.099582 0.058727
v -0.082990 0.106823 0.054099
v -0.093957 0.103577 0.067447
v 0.312788 0.104625 0.095907
v 0.003670 0.117369 0.053795
v 0.063836 0.126663 0.053804
v 0.063335 0.129000 0.051682
v 0.054693 0.129383 0.056553
v 0.068632 0.128356 0.051303
v 0.073627 0.127954 0.054566
v 0.077731 0.128934 0.055321
v 0.102695 0.134833 0.063391
v 0.103127 0.141321 0.052991
v 0.209046 0.158256 0.051973
v 0.185309 0.162713 0.054332
v 0.205130 0.163588 0.050723
v -0.248049 0.192545 0.056371
v 0.148027 0.149617 0.053912
v 0.177363 0.184280 0.052811
v 0.007187 0.192753 0.053045
v -0.219468 0.193159 0.054700
v 0.015653 0.195943 0.056090
v 0.062480 0.197315 0.048949
v 0.049381 0.196209 0.056841
v -0.239337 0.195207 0.056014
v 0.188858 0.176879 0.053798
v -0.109993 0.253022 0.057894
v 0.023234 0.251707 0.057595
v 0.050457 0.254022 0.056673
v -0.263071 0.259940 0.059069
v -0.133936 0.257360 0.053922
v 0.007472 0.260450 0.058373
v -0.259770 0.266179 0.057388
v 0.046371 0.270791 0.056451
v -0.239645 0.266059 0.060225
v -0.102226 0.266073 0.061728
v -0.996843 0.313202 0.084625
v -0.955811 0.361483 0.079999
v -0.977681 -0.331748 0.064939
v 0.018510 -0.279932 0.057171
v -0.849000 -0.240943 0.067608
v 0.784524 -0.230387 0.054541
v 0.174961 -0.207488 0.058047
v 0.813151 -0.197510 0.056541
v 0.751116 -0.164157 0.057360
v 0.154028 -0.187480 0.057533
v 0.055112 -0.168486 0.054808
v 0.812796 -0.143808 0.055689
v -0.094401 -0.076163 0.056302
v 0.571477 -0.127721 0.069927
v 0.697235 -0.125901 0.055857
v -0.118263 -0.076495 0.057624
v -0.001286 -0.096520 0.059534
v -0.219794 -0.071992 0.056836
v 0.055331 -0.109035 0.055198
v 0.771251 -0.081012 0.057340
v 0.055902 -0.105091 0.057948
v -0.435632 -0.082667 0.071055
v -0.658835 -0.069783 0.086365
v -0.068440 -0.074821 0.054209
v -0.118313 -0.070920 0.059305
v -0.076829 -0.070437 0.057795
v -0.272711 -0.063763 0.062332
v -0.215138 -0.065973 0.058968
v -0.392755 -0.025125 0.063152
v -0.384403 -0.019907 0.063676
v 0.679919 -0.032900 0.066837
v 0.577904 -0.012607 0.065202
v 0.718019 -0.015742 0.058092
v 0.738681 -0.010972 0.058538
v 0.507515 0.024824 0.065638
v 0.850324 0.051891 0.054841
v -0.388759 0.046476 0.062679
v -0.476164 0.051264 0.070806
v -0.579833 0.067915 0.080316
v -0.322891 0.077596 0.083942
v -0.259427 0.090508 0.065025
v -0.452061 0.085261 0.104501
v -0.259010 0.095768 0.059500
v -0.228030 0.109276 0.056986
v -0.235459 0.095198 0.065466
v -0.109772 0.107755 0.060351
v -0.051923 0.102237 0.063887
v -0.242756 0.118297 0.056836
v 0.011157 0.117128 0.057948
v 0.019536 0.121881 0.056243
v -0.239465 0.192769 0.057077
v 0.059624 0.124872 0.058054
v 0.061056 0.123574 0.063213
v 0.102977 0.136588 0.058348
v 0.119270 0.140649 0.056430
v 0.131661 0.145157 0.054461
v 0.135958 0.144327 0.057969
v 0.164976 0.150708 0.058417
v 0.156325 0.154680 0.053198
v 0.164804 0.153907 0.054222
v 0.177784 0.154653 0.058088
v 0.189105 0.159350 0.058123
v 0.046536 0.156050 0.058314
v 0.015410 0.189190 0.056869
v 0.023238 0.196250 0.057763
v -0.977783 0.253955 0.135714
v -0.251281 0.257321 0.061498
v -0.239379 0.254377 0.060025
v -0.094438 0.254534 0.059207
v -0.224810 0.259998 0.060301
v -0.082476 0.257692 0.058187
v 0.015319 0.257260 0.059899
v 0.007538 0.267198 0.057580
v 0.046447 0.263539 0.059060
v -0.094871 0.262910 0.063004
v -0.251120 0.262778 0.062064
v -0.231610 0.262998 0.061365
v -0.113623 0.262830 0.062364
v 0.030884 0.275471 0.057287
v 0.015423 0.274358 0.056927
v -0.893846 0.270621 0.121368
v -0.979057 -0.335692 0.090222
v -0.234864 -0.290955 0.060442
v -0.242724 -0.287811 0.060689
v -0.997310 -0.257983 0.085081
v 0.210560 -0.232956 0.066305
v 0.006647 -0.164605 0.060161
v -0.231317 -0.210031 0.062882
v -0.114569 -0.110377 0.058266
v -0.231543 -0.156335 0.061862
v -0.231549 -0.185070 0.064313
v 0.713467 -0.109965 0.058151
v 0.750705 -0.085013 0.058797
v 0.634120 -0.125074 0.062047
v 0.633883 -0.121177 0.065197
v -0.231548 -0.067015 0.061563
v 0.022922 -0.100636 0.059734
v 0.053009 -0.102688 0.062391
v -0.548057 -0.090199 0.099321
v 0.031433 -0.099009 0.061719
v 0.048137 -0.103409 0.059439
v 0.019114 -0.097354 0.061364
v 0.704316 -0.101149 0.061102
v 0.738244 -0.072639 0.060772
v -0.243288 -0.067005 0.062341
v -0.691815 -0.082270 0.077776
v -0.263984 -0.065464 0.061023
v -0.126763 -0.067137 0.061981
v -0.247591 -0.062334 0.065877
v -0.450926 -0.034530 0.066727
v 0.709154 -0.024474 0.060858
v 0.717043 -0.035747 0.062812
v 0.800901 0.018530 0.058845
v 0.545763 -0.028956 0.082842
v -0.396906 0.040388 0.067540
v -0.417916 0.047641 0.066554
v -0.239391 0.109086 0.058933
v -0.099099 0.107382 0.060119
v 0.019142 0.116253 0.062981
v 0.036166 0.120018 0.061602
v 0.040276 0.125489 0.060699
v 0.051836 0.122196 0.062664
v 0.056102 0.123959 0.059104
v 0.047214 0.124714 0.061034
v 0.039707 0.143457 0.059559
v 0.217207 0.136527 0.104487
v 0.043113 0.196497 0.058560
v 0.035022 0.256978 0.061708
v -0.109608 0.260451 0.063843
v -0.117548 0.260391 0.061591
v 0.023052 0.263757 0.061980
v 0.030779 0.271018 0.059873
v -0.999305 0.289834 0.097659
v -0.989544 0.320248 0.104953
v -0.949306 0.355238 0.084042
v -0.977911 -0.333470 0.069156
v -0.996079 -0.288489 0.155470
v 0.276390 -0.209377 0.096101
v 0.182817 -0.197043 0.095703
v 0.157364 -0.182612 0.071540
v 0.019477 -0.094681 0.064713
v 0.002809 -0.090777 0.064082
v 0.704410 -0.035695 0.065752
v -0.463392 -0.033651 0.071295
v -0.455224 -0.006415 0.075399
v -0.443745 0.045531 0.071630
v 0.486745 0.033224 0.074554
v -0.492681 0.050500 0.075281
v -0.235046 0.091159 0.070075
v -0.101948 0.102132 0.076062
v 0.052420 0.121117 0.067591
v 0.189221 0.153413 0.075626
v -0.102219 0.260510 0.064301
v 0.034876 0.260177 0.062159
v -0.829641 -0.215589 0.096708
v 0.296652 -0.201341 0.112628
v 0.470926 -0.137171 0.088243
v 0.600700 -0.124598 0.069146
v 0.044541 -0.098280 0.076010
v 0.662941 -0.101017 0.068276
v -0.026047 -0.073481 0.083848
v -0.126782 -0.042141 0.107904
v -0.504701 -0.042708 0.074772
v -0.496688 -0.037189 0.077295
v -0.500924 -0.032095 0.079686
v 0.592300 -0.036197 0.077938
v 0.491117 -0.007970 0.102855
v -0.471973 0.045079 0.075518
v -0.101727 0.100993 0.088349
v 0.139991 0.135835 0.112757
v 0.200573 0.147016 0.087980
v -0.935646 0.216818 0.102329
v 0.210057 -0.227470 0.073408
v 0.400050 -0.157452 0.106034
v 0.525568 -0.128788 0.077162
v -0.762289 -0.104246 0.098545
v 0.078658 -0.103977 0.133421
v -0.272835 -0.045821 0.095296
v -0.205997 -0.041023 0.104421
v -0.546100 -0.046615 0.083557
v -0.517435 -0.041612 0.079869
v -0.509175 0.050091 0.079754
v -0.180725 0.088313 0.083300
v 0.604699 -0.101394 0.077561
v -0.716388 -0.088678 0.090306
v -0.318897 -0.047344 0.099286
v -0.080498 -0.048930 0.108245
v -0.604790 -0.055563 0.091666
v -0.563247 -0.014830 0.094378
v 0.491044 0.004000 0.094651
v -0.534063 0.048973 0.085679
v -0.546485 0.057800 0.083520
v -0.575688 0.062809 0.086995
v 0.404391 0.078709 0.084628
v -0.997776 0.283008 0.106543
v 0.198027 -0.212466 0.086423
v 0.243536 -0.216011 0.083172
v 0.487101 -0.132734 0.085820
v 0.546284 -0.097297 0.085192
v -0.489766 -0.072362 0.103441
v -0.558897 -0.045671 0.088215
v 0.458302 0.041512 0.089383
v -0.604518 0.068649 0.091797
v -0.946954 -0.311183 0.110024
v -0.957433 -0.238506 0.139398
v -0.829352 -0.202806 0.159102
v 0.421027 -0.150974 0.097087
v 0.441357 -0.143858 0.093604
v 0.446241 -0.143812 0.087987
v -0.836214 -0.136364 0.106624
v -0.699887 -0.074718 0.103686
v 0.500293 -0.084315 0.102659
v 0.558103 -0.064373 0.084874
v -0.642240 -0.058554 0.100454
v 0.554164 -0.040412 0.085114
v -0.584870 -0.050034 0.092268
v -0.567442 0.006289 0.095519
v -0.633821 0.075593 0.095863
v -0.285340 0.068640 0.103698
v -0.260047 0.068785 0.103551
v -0.198837 0.069982 0.111517
v 0.374267 0.082656 0.094443
v -0.687953 0.088314 0.101655
v -0.138910 0.084170 0.103701
v 0.006991 0.108259 0.104081
v -0.598476 0.107156 0.123928
v -0.833112 0.198295 0.104509
v -0.977703 -0.335123 0.093691
v -0.973765 -0.333806 0.093508
v 0.120870 -0.132320 0.130046
v 0.458230 -0.140284 0.094040
v 0.465997 -0.136679 0.092764
v 0.524391 -0.040129 0.098120
v -0.602994 -0.048902 0.097004
v -0.633970 0.065356 0.101724
v -0.089216 0.099703 0.095910
v 0.082773 0.123115 0.112929
v 0.180817 0.143395 0.112494
v -0.851837 0.220249 0.096505
v -0.961196 0.343225 0.129758
v -0.978064 -0.337619 0.102355
v -0.981493 -0.339257 0.142239
v 0.202194 -0.185878 0.107244
v 0.181713 -0.190591 0.103104
v -0.889891 -0.196700 0.127233
v 0.429543 -0.148430 0.098176
v 0.454157 -0.149664 0.107191
v 0.465276 -0.135338 0.095367
v 0.462253 -0.117616 0.102107
v -0.828340 -0.126542 0.119516
v -0.757968 -0.096767 0.112273
v 0.045002 -0.088998 0.129357
v -0.716299 -0.081233 0.107750
v -0.680738 -0.066994 0.104378
v -0.422992 -0.049733 0.115759
v -0.026455 -0.065361 0.112590
v -0.101638 -0.044868 0.108079
v -0.654804 -0.057943 0.103724
v -0.671571 -0.056775 0.106611
v -0.650811 0.010382 0.106580
v -0.642482 0.048026 0.104782
v 0.466636 0.008616 0.108792
v -0.650549 0.074393 0.102198
v -0.662903 0.079242 0.102270
v -0.018336 0.100710 0.108400
v 0.319302 0.094969 0.107593
v -0.773249 0.165158 0.130061
v -0.802786 0.181797 0.106318
v -0.955524 0.353361 0.104489
v -0.973679 -0.338633 0.131597
v -0.907185 -0.209077 0.131648
v 0.416486 -0.152255 0.102273
v -0.828180 -0.120634 0.132370
v 0.425884 -0.151203 0.103162
v 0.449958 -0.155065 0.111571
v 0.474912 -0.007365 0.111738
v -0.679901 0.073803 0.108194
v -0.717034 0.092031 0.106275
v -0.859882 -0.236697 0.158572
v -0.998948 -0.261407 0.151962
v 0.383279 -0.164413 0.109799
v 0.459280 -0.145997 0.108060
v 0.460425 -0.142996 0.107779
v 0.457478 -0.122981 0.103967
v -0.639706 -0.100979 0.111836
v -0.696168 -0.066124 0.109309
v 0.470984 -0.072359 0.113678
v -0.700386 -0.023130 0.114062
v -0.700444 0.060563 0.113743
v 0.366815 0.074834 0.104249
v 0.404482 0.029238 0.119108
v -0.717199 0.087588 0.109463
v -0.750105 0.096516 0.112588
v -0.514698 0.087492 0.116993
v -0.811840 0.109521 0.124412
v -0.677603 0.135574 0.125599
v -0.903508 -0.276913 0.122288
v 0.248140 -0.194522 0.111509
v -0.877520 -0.180329 0.136236
v 0.149456 -0.158533 0.120807
v 0.391979 -0.161207 0.110770
v 0.457098 -0.146593 0.109574
v -0.731087 -0.082561 0.113450
v -0.531123 -0.062173 0.125667
v -0.089149 -0.037457 0.120512
v 0.471010 -0.019128 0.116372
v -0.737789 0.064867 0.122431
v -0.306228 0.067058 0.108080
v -0.389594 0.074336 0.110500
v -0.762652 0.096544 0.117413
v -0.064114 0.090752 0.114363
v -0.791750 0.104860 0.120146
v -0.026753 0.091903 0.120488
v -0.924222 0.300299 0.158939
v -0.961241 0.331234 0.163150
v 0.185217 -0.170520 0.120328
v 0.346036 -0.173223 0.126253
v 0.367120 -0.168959 0.118277
v 0.379780 -0.165487 0.114639
v 0.441847 -0.161466 0.120193
v 0.452247 -0.154889 0.116543
v 0.449271 -0.148776 0.117922
v 0.124397 -0.132526 0.137484
v -0.803272 -0.113048 0.120832
v -0.766668 -0.097491 0.116575
v -0.585366 -0.070856 0.129713
v 0.019420 -0.078287 0.128990
v -0.055223 -0.054235 0.112036
v -0.758463 -0.048424 0.126809
v -0.297885 -0.024134 0.123320
v -0.118552 -0.024460 0.130329
v -0.741961 0.014644 0.125557
v -0.302065 0.058527 0.112847
v -0.272547 0.046149 0.117832
v -0.823664 0.104168 0.137852
v 0.086258 0.120192 0.120385
v -0.652506 0.124802 0.129457
v 0.180623 0.133218 0.128899
v -0.958589 0.338631 0.146036
v -0.979007 -0.339852 0.126880
v 0.354655 -0.172106 0.121416
v 0.375918 -0.167951 0.119365
v 0.392875 -0.170412 0.128890
v 0.401443 -0.170504 0.129218
v 0.448547 -0.156955 0.117352
v 0.432181 -0.123970 0.115134
v 0.416974 -0.111139 0.120140
v -0.635536 -0.086587 0.128125
v -0.741925 -0.010580 0.125545
v 0.392068 0.025996 0.124172
v -0.105801 0.074639 0.121059
v 0.006488 0.099395 0.116477
v 0.250478 0.107463 0.132894
v -0.889557 0.245325 0.159125
v -0.998173 0.261113 0.181058
v -0.965791 -0.336154 0.141939
v -0.937499 -0.307369 0.139566
v 0.168969 -0.161504 0.130077
v 0.438011 -0.166396 0.124423
v 0.442839 -0.162603 0.123543
v 0.445024 -0.147992 0.119719
v 0.438624 -0.141331 0.121856
v 0.436914 -0.136777 0.123268
v -0.715995 -0.112646 0.145469
v 0.436246 -0.134320 0.124698
v 0.434808 -0.133805 0.122127
v 0.432797 -0.128975 0.118859
v 0.428607 -0.130270 0.122884
v -0.703301 -0.111734 0.125090
v 0.419521 -0.120340 0.122030
v -0.819907 -0.116296 0.128458
v 0.416547 -0.115243 0.120330
v -0.694652 -0.099698 0.136429
v 0.411999 -0.097274 0.123273
v -0.816194 -0.103211 0.133016
v -0.050991 -0.041795 0.128953
v -0.264077 -0.020922 0.124749
v -0.205930 -0.020533 0.128987
v -0.393706 0.058530 0.120171
v 0.266578 0.092024 0.136554
v -0.799743 0.099586 0.129726
v -0.560802 0.097436 0.120183
v -0.531331 0.087990 0.120300
v -0.812380 0.107772 0.128586
v 0.048277 0.087041 0.135440
v -0.733359 0.144863 0.162271
v -0.786847 -0.163868 0.158097
v 0.301280 -0.187047 0.137204
v 0.282998 -0.172978 0.159402
v 0.317044 -0.180131 0.138528
v 0.329651 -0.179015 0.130211
v 0.355377 -0.171166 0.127449
v 0.426474 -0.178615 0.131700
v 0.441919 -0.178993 0.131940
v 0.442581 -0.164348 0.127395
v 0.444854 -0.175875 0.131607
v -0.753528 -0.139662 0.150036
v 0.443448 -0.158656 0.124948
v 0.440267 -0.153377 0.124090
v 0.438742 -0.146814 0.126186
v 0.441328 -0.142063 0.126466
v 0.452428 -0.130165 0.132952
v 0.449677 -0.127724 0.130402
v 0.420287 -0.116871 0.127195
v 0.425691 -0.116589 0.129341
v 0.411910 -0.111938 0.123488
v 0.410297 -0.112089 0.126077
v 0.411755 -0.113500 0.127864
v 0.411915 -0.106271 0.121864
v 0.408415 -0.106961 0.126225
v 0.409266 -0.101313 0.124560
v 0.412578 -0.080235 0.128073
v -0.820205 -0.086085 0.140650
v 0.383730 -0.073302 0.136554
v -0.799885 -0.039987 0.141166
v -0.451979 -0.037786 0.130858
v -0.293662 0.029982 0.124472
v -0.172522 0.038488 0.131213
v -0.122543 0.059789 0.127756
v -0.824383 0.082123 0.146104
v 0.204807 0.119229 0.141609
v -0.886047 0.150410 0.165236
v -0.832758 0.185842 0.146861
v 0.342308 -0.174319 0.131723
v -0.835877 -0.124744 0.140982
v 0.438552 -0.152534 0.131316
v 0.442218 -0.146194 0.136166
v 0.444407 -0.141777 0.132218
v 0.452440 -0.124188 0.133378
v 0.449471 -0.121158 0.133026
v 0.425065 -0.108078 0.135772
v -0.819851 -0.111803 0.131912
v 0.412199 -0.107940 0.131501
v 0.408507 -0.104159 0.131808
v 0.407961 -0.099305 0.136597
v 0.403513 -0.098778 0.129669
v 0.404859 -0.093163 0.128661
v -0.009592 -0.049783 0.144714
v 0.417153 -0.022970 0.129275
v -0.828479 -0.018895 0.153427
v -0.268386 -0.013591 0.127610
v -0.268474 -0.002186 0.128622
v -0.443725 0.026147 0.139698
v -0.026775 0.081902 0.127447
v 0.040120 0.075074 0.142723
v -0.822108 0.108907 0.132993
v 0.082509 0.111590 0.127854
v 0.074365 0.083781 0.144956
v 0.099044 0.106997 0.144363
v -0.993468 0.287807 0.171748
v -0.978021 -0.341283 0.142260
v -0.953636 -0.326030 0.142446
v -0.941143 -0.311036 0.146449
v -0.999345 -0.264101 0.159714
v -0.911449 -0.209973 0.136618
v 0.372377 -0.190401 0.145793
v 0.326304 -0.178538 0.134806
v 0.338636 -0.178890 0.137181
v 0.161537 -0.144742 0.149197
v 0.452202 -0.133362 0.135690
v 0.454058 -0.127151 0.138944
v 0.452473 -0.121849 0.135557
v 0.433183 -0.110704 0.136178
v 0.403886 -0.095272 0.135769
v 0.403290 -0.090320 0.132489
v -0.678917 -0.091753 0.135830
v 0.400461 -0.086437 0.131347
v 0.395635 -0.087163 0.132528
v -0.025915 -0.037771 0.145525
v -0.339497 -0.013857 0.130423
v -0.097528 -0.013131 0.139351
v 0.396375 -0.019081 0.134074
v -0.185095 -0.009926 0.135261
v -0.356283 0.010082 0.133643
v -0.168322 0.026459 0.134058
v -0.439582 0.018467 0.140432
v 0.196409 0.111992 0.162230
v -0.681217 0.132687 0.136931
v -0.711417 0.140168 0.149411
v -0.789970 0.160884 0.187854
v -0.828117 0.182674 0.146771
v -0.949504 0.328123 0.160520
v -0.985151 -0.329554 0.146875
v -0.936507 -0.225728 0.140336
v 0.453859 -0.190787 0.149638
v 0.455968 -0.188498 0.150392
v 0.327180 -0.179360 0.140355
v 0.321995 -0.178055 0.139601
v 0.335589 -0.185865 0.145474
v 0.462552 -0.192945 0.161594
v 0.177552 -0.133435 0.170754
v 0.452422 -0.132057 0.149820
v 0.452901 -0.124612 0.142067
v 0.412371 -0.099098 0.142615
v 0.405759 -0.096582 0.139025
v 0.399520 -0.092604 0.137783
v 0.391457 -0.087826 0.137537
v 0.387895 -0.082366 0.135890
v -0.001015 -0.061902 0.136876
v -0.614421 -0.017585 0.154620
v 0.337980 0.034419 0.138059
v -0.824373 0.052272 0.149432
v -0.043493 0.058902 0.137165
v -0.593617 0.026137 0.156165
v 0.180696 0.115770 0.162462
v -0.939728 0.191455 0.211201
v 0.305365 -0.179797 0.146619
v 0.318374 -0.180176 0.144258
v -0.860555 -0.154630 0.145131
v 0.141046 -0.122818 0.165931
v 0.451960 -0.135381 0.147688
v 0.428792 -0.108100 0.142063
v 0.399399 -0.094316 0.146094
v 0.072132 -0.086912 0.149062
v 0.395319 -0.089987 0.142707
v -0.681744 -0.021627 0.163898
v 0.379486 -0.079103 0.140201
v 0.370944 -0.074637 0.140103
v 0.375217 -0.079532 0.140592
v 0.366915 -0.069252 0.140338
v -0.055371 -0.021230 0.143691
v -0.828262 -0.056576 0.150403
v -0.468630 -0.009678 0.141479
v -0.076594 -0.009749 0.142919
v 0.278848 0.054786 0.149891
v -0.622970 0.084007 0.139051
v 0.253539 0.087267 0.152549
v -0.894127 0.154184 0.173815
v -0.987348 0.307778 0.142464
v 0.290119 -0.175577 0.155310
v 0.314580 -0.181668 0.148098
v 0.452158 -0.149141 0.163796
v 0.450768 -0.143296 0.156284
v 0.428867 -0.119631 0.157647
v 0.103601 -0.099774 0.155644
v 0.373889 -0.080759 0.146456
v 0.362240 -0.075727 0.145487
v 0.355629 -0.070745 0.144753
v 0.350308 -0.060936 0.143958
v 0.352199 -0.065654 0.143909
v 0.332292 -0.057233 0.148048
v 0.283808 -0.015071 0.158892
v -0.093309 0.018326 0.143593
v -0.522786 -0.001621 0.148774
v -0.026534 0.018127 0.152807
v 0.270405 0.079312 0.142506
v -0.652174 0.018237 0.167945
v -0.685936 0.059129 0.162100
v -0.690441 0.130125 0.141678
v -0.955615 0.331641 0.163272
v -0.979736 -0.329916 0.157414
v 0.372357 -0.202555 0.166285
v 0.417888 -0.209680 0.182408
v 0.297631 -0.178805 0.151015
v 0.302083 -0.178961 0.151200
v 0.235371 -0.154669 0.170015
v 0.132532 -0.113039 0.167394
v 0.361861 -0.076147 0.150627
v 0.335871 -0.062489 0.148760
v 0.044633 -0.066936 0.152151
v 0.069734 0.070894 0.151886
v -0.849659 0.120640 0.153668
v -0.993150 -0.293115 0.167366
v 0.461706 -0.195290 0.162113
v -0.927863 -0.145692 0.212121
v 0.298629 -0.179373 0.156085
v -0.890548 -0.153369 0.170380
v -0.707199 -0.029989 0.173304
v 0.312287 -0.049770 0.152843
v 0.077769 -0.051044 0.167879
v 0.006913 -0.022375 0.157137
v -0.623044 -0.001123 0.160248
v 0.278843 0.010052 0.156536
v 0.096793 0.087542 0.161287
v -0.757781 0.149630 0.178218
v -0.919986 0.274568 0.196585
v -0.994202 -0.237363 0.179265
v 0.323950 -0.196926 0.177607
v -0.758122 -0.125071 0.169176
v -0.856459 -0.094306 0.175376
v 0.299882 -0.050738 0.166830
v 0.308208 -0.050598 0.157700
v 0.316130 -0.054974 0.155352
v 0.299957 -0.047492 0.157882
v 0.295589 -0.040478 0.157660
v -0.868482 0.085780 0.184240
v -0.593672 0.014349 0.157366
v 0.278213 0.043168 0.154815
v 0.044423 0.026170 0.165090
v 0.236468 0.082966 0.174197
v -0.877902 0.141170 0.165508
v -0.998541 -0.252435 0.168638
v -0.841595 -0.211968 0.166164
v 0.364556 -0.223743 0.210541
v 0.448708 -0.140533 0.161840
v 0.152605 -0.124956 0.170652
v 0.436912 -0.133394 0.166469
v 0.111890 -0.096190 0.163255
v 0.329077 -0.075997 0.173310
v 0.111116 -0.076146 0.169806
v 0.285426 -0.040882 0.160662
v 0.291949 -0.044044 0.161725
v 0.270571 -0.014692 0.166021
v 0.244104 0.046648 0.189571
v -0.686257 0.018181 0.176462
v 0.083098 0.071357 0.161151
v 0.107403 0.091365 0.164851
v -0.998779 -0.239695 0.185389
v -0.965534 -0.183388 0.211667
v 0.467048 -0.208111 0.186678
v 0.465709 -0.193907 0.169813
v 0.467289 -0.190788 0.184789
v 0.261022 -0.161669 0.166600
v -0.894257 -0.107384 0.207761
v -0.873461 -0.031099 0.189556
v 0.288108 -0.049840 0.174415
v 0.275954 -0.041136 0.165175
v 0.280657 -0.046394 0.170171
v 0.262110 -0.035196 0.171752
v 0.248566 0.030765 0.190214
v 0.082479 0.035181 0.173784
v -0.882385 0.111454 0.187036
v -0.956339 0.331449 0.168458
v 0.348709 -0.215724 0.202632
v 0.286951 -0.175374 0.176210
v 0.247721 -0.157201 0.168880
v 0.252903 -0.155816 0.170170
v 0.456116 -0.162407 0.174988
v 0.266968 -0.044084 0.168749
v 0.273908 -0.049617 0.170206
v 0.115427 -0.042951 0.175713
v 0.099275 -0.005735 0.176782
v 0.119985 0.083028 0.175511
v 0.176714 0.098428 0.181485
v 0.188608 0.107590 0.169292
v -0.828283 0.172794 0.208056
v -0.988210 0.291294 0.188288
v -0.956135 0.324985 0.187737
v -0.982426 -0.292057 0.199395
v 0.474057 -0.209245 0.197874
v 0.311192 -0.190813 0.184993
v -0.786571 -0.137280 0.180957
v 0.245743 -0.146162 0.174031
v 0.244250 -0.150759 0.170742
v 0.240111 -0.142922 0.171577
v 0.189477 -0.133853 0.172948
v 0.236367 -0.126992 0.172939
v 0.242134 -0.137932 0.174616
v 0.239150 -0.134419 0.173689
v 0.420458 -0.137686 0.182008
v -0.761561 -0.075983 0.188761
v -0.902422 -0.085543 0.220117
v 0.252125 -0.085988 0.172767
v 0.257940 -0.082053 0.173419
v 0.259856 -0.064808 0.171221
v 0.260828 -0.069141 0.171259
v 0.265590 -0.061585 0.170998
v 0.288026 -0.058146 0.182584
v 0.229828 -0.059528 0.181539
v 0.269453 -0.053355 0.169318
v 0.278218 -0.053794 0.178452
v 0.261545 -0.018239 0.174089
v 0.152661 0.099511 0.174773
v -0.909191 0.161849 0.190885
v -0.979194 0.229109 0.236203
v -0.979520 -0.294550 0.198201
v 0.473853 -0.205966 0.194409
v 0.267038 -0.156970 0.199582
v 0.241430 -0.134269 0.180181
v 0.242121 -0.127904 0.179850
v 0.168806 -0.067202 0.187402
v 0.241751 -0.123889 0.175612
v 0.240886 -0.119234 0.173787
v 0.246413 -0.116219 0.178310
v 0.239688 -0.114526 0.173465
v 0.244526 -0.106674 0.173775
v 0.249780 -0.103131 0.175534
v 0.230076 -0.084858 0.176930
v 0.248834 -0.098599 0.173718
v 0.145098 -0.063360 0.181283
v 0.122521 -0.046434 0.177603
v -0.885835 0.051945 0.200107
v 0.093259 0.023281 0.177844
v 0.091297 0.039142 0.178209
v -0.749051 0.018866 0.212242
v 0.104617 0.054665 0.182085
v 0.144523 0.086347 0.185834
v 0.196552 0.093338 0.182302
v -0.773240 0.153728 0.186514
v -0.927158 0.178758 0.203453
v -0.899305 -0.216281 0.206989
v 0.376488 -0.225556 0.214327
v -0.807316 -0.133357 0.200425
v 0.465298 -0.196224 0.198506
v 0.242537 -0.133983 0.196039
v 0.241800 -0.131287 0.196102
v 0.396138 -0.137298 0.192802
v -0.808024 -0.121867 0.206575
v 0.137034 -0.054277 0.181796
v 0.124449 -0.041745 0.182604
v 0.233150 -0.038141 0.187417
v 0.100479 0.031935 0.186549
v -0.832832 0.175013 0.212125
v -0.961507 -0.261601 0.215966
v -0.991812 -0.267259 0.204724
v 0.400624 -0.223017 0.213701
v -0.912092 -0.111887 0.224677
v 0.254443 -0.112341 0.191536
v 0.277461 -0.091151 0.199394
v 0.312824 -0.083047 0.186485
v 0.209088 -0.058700 0.187609
v 0.288471 -0.090895 0.198432
v 0.160836 -0.060087 0.190075
v 0.281462 -0.066184 0.187326
v 0.126931 -0.029301 0.198999
v 0.117300 -0.017729 0.195142
v 0.116228 0.018555 0.205144
v 0.233400 0.071028 0.184190
v -0.782274 0.096721 0.208390
v 0.120463 0.055560 0.199431
v 0.207799 0.074202 0.194323
v 0.160840 0.086147 0.190808
v 0.176759 0.088631 0.190859
v -0.912324 0.136324 0.208067
v 0.450697 -0.216956 0.204992
v 0.470851 -0.211838 0.197904
v 0.344994 -0.215504 0.212991
v 0.473557 -0.208969 0.200885
v 0.291051 -0.174137 0.204200
v 0.437876 -0.186288 0.206627
v 0.367596 -0.144918 0.205140
v 0.264882 -0.115105 0.205879
v 0.176693 -0.062520 0.190309
v 0.188772 -0.058190 0.192351
v 0.224634 -0.021720 0.201287
v 0.241204 0.014605 0.196898
v 0.241578 0.034682 0.195179
v 0.228118 0.046933 0.198332
v 0.148819 0.078097 0.194929
v 0.196389 0.083335 0.191313
v -0.798705 0.161978 0.195688
v -0.993716 -0.234215 0.238223
v 0.317147 -0.194194 0.208381
v 0.148676 -0.045785 0.198810
v 0.188822 -0.041749 0.205169
v 0.204877 -0.033675 0.206336
v 0.229093 -0.005951 0.202210
v -0.748963 -0.005211 0.204969
v 0.241061 -0.001560 0.195678
v -0.889993 0.081375 0.205622
v 0.176469 0.081604 0.202895
v -0.795919 0.154923 0.198190
v -0.942636 0.299296 0.221522
v -0.961350 0.309426 0.225491
v -0.958176 0.319520 0.204211
v 0.462869 -0.213908 0.203757
v 0.244940 -0.134013 0.199595
v 0.379820 -0.149288 0.204642
v 0.248620 -0.127685 0.202891
v 0.160532 -0.041614 0.205015
v 0.228307 0.030904 0.202002
v 0.116800 0.042761 0.202051
v 0.217079 0.058256 0.203690
v 0.137327 0.062221 0.202753
v -0.997895 0.256674 0.197434
v -0.870771 0.211973 0.233125
v -0.977650 -0.277875 0.215786
v 0.422963 -0.219282 0.212155
v -0.997478 -0.203241 0.223435
v -0.994262 -0.204063 0.216491
v 0.470420 -0.207888 0.203714
v 0.278521 -0.162527 0.203119
v 0.144534 -0.033567 0.206212
v 0.132286 -0.021864 0.206907
v 0.227962 0.014631 0.202405
v 0.123775 0.054700 0.202283
v 0.127689 0.050897 0.203189
v 0.208426 0.058600 0.211400
v 0.196064 0.075055 0.203607
v 0.164986 0.074135 0.210860
v -0.944797 0.190884 0.220227
v -0.997776 0.248850 0.222276
v -0.987597 -0.258425 0.229249
v 0.357003 -0.221444 0.216347
v 0.442286 -0.217338 0.208524
v 0.442219 -0.213404 0.211482
v 0.295565 -0.174465 0.206768
v -0.865731 -0.164648 0.219856
v 0.409091 -0.169752 0.206885
v 0.318378 -0.160606 0.209885
v -0.818204 -0.121884 0.215461
v 0.272677 -0.107322 0.205013
v 0.168533 -0.038259 0.207320
v -0.907437 -0.022798 0.224918
v 0.205379 -0.026793 0.208232
v 0.217004 -0.018345 0.206212
v 0.216497 -0.001112 0.206435
v 0.123135 0.022410 0.206027
v 0.220224 0.034965 0.211821
v 0.149483 0.064680 0.211482
v -0.948724 0.298145 0.249686
v -0.973225 0.287757 0.246003
v -0.956000 0.313843 0.217059
v -0.927393 -0.208675 0.236762
v 0.380160 -0.224381 0.218549
v -0.998560 -0.202065 0.230757
v 0.417589 -0.217533 0.215296
v 0.332508 -0.204894 0.212728
v 0.446484 -0.206363 0.210392
v 0.323103 -0.193233 0.212646
v 0.417688 -0.202578 0.213457
v -0.824222 -0.042893 0.235905
v 0.143612 -0.018518 0.210136
v 0.176757 -0.017029 0.211195
v 0.196917 -0.017964 0.208162
v 0.152285 -0.013279 0.210109
v 0.131864 -0.010274 0.208804
v 0.200545 0.003701 0.219178
v 0.135995 0.002610 0.208814
v 0.128043 0.018459 0.206739
v 0.215817 0.019315 0.215259
v 0.132717 0.015098 0.209673
v 0.136833 0.035035 0.215289
v 0.196079 0.066337 0.212638
v 0.176574 0.074784 0.211378
v -0.977096 -0.266006 0.228994
v 0.345216 -0.213522 0.215841
v 0.331431 -0.201351 0.213937
v 0.355996 -0.214341 0.218464
v 0.157004 -0.008648 0.212766
v 0.208033 0.015521 0.219960
v 0.168808 0.070324 0.215214
v -0.836930 0.142358 0.223277
v -0.954503 0.203828 0.223766
v -0.982467 -0.264680 0.228916
v 0.360574 -0.220833 0.218380
v 0.400307 -0.221515 0.216150
v 0.176829 -0.000163 0.222450
v 0.192351 -0.002046 0.219110
v 0.165062 0.003797 0.223121
v 0.149326 0.007628 0.218369
v 0.149435 0.031240 0.224439
v 0.204088 0.034888 0.223618
v 0.204092 0.046638 0.220576
v 0.149409 0.038966 0.224039
v 0.149431 0.050584 0.220712
v 0.160951 0.058408 0.221788
v 0.184293 0.054503 0.224554
v 0.168726 0.058430 0.223329
v -0.918950 0.081560 0.237337
v -0.986608 0.262742 0.253867
v -0.953087 0.307883 0.229705
v -0.956987 0.309028 0.233970
v -0.997250 -0.170435 0.257388
v -0.849239 -0.137062 0.230703
v 0.196256 0.011641 0.224391
v -0.790679 0.018853 0.237562
v 0.204109 0.023349 0.223811
v -0.960561 -0.039612 0.285381
v -0.993408 0.242355 0.239941
v -0.969511 -0.136423 0.266120
v -0.879220 -0.068197 0.281629
v -0.853261 -0.125504 0.249562
v 0.184560 0.011643 0.227335
v 0.161130 0.023413 0.228630
v 0.192290 0.023282 0.228491
v 0.164892 0.042831 0.229095
v -0.995712 0.247430 0.242740
v -0.981454 -0.261554 0.236911
v 0.176672 0.019467 0.230102
v 0.164916 0.031222 0.230206
v 0.176579 0.035047 0.230944
v 0.184448 0.042741 0.228933
v -0.849447 0.117948 0.238741
v -0.994580 0.130794 0.314042
v -0.985883 0.228531 0.245455
v -0.857110 0.196021 0.228623
v -0.998451 -0.177080 0.255790
v -0.952023 -0.111351 0.271094
v -0.827998 0.018878 0.257603
v -0.863598 0.155354 0.244591
v -0.993865 0.240093 0.244846
v -0.993835 0.250477 0.250157
v -0.920593 0.265849 0.250299
v -0.882848 0.184195 0.254793
v -0.891325 0.229457 0.244662
v -0.957415 0.303746 0.245909
v -0.981650 -0.253502 0.244849
v -0.957638 -0.205827 0.274526
v -0.857874 -0.026648 0.268010
v -0.993438 0.198178 0.273306
v -0.994193 0.219167 0.260308
v -0.995533 0.242944 0.250658
v -0.980977 -0.235504 0.270029
v -0.844748 0.011492 0.264936
v -0.954693 0.085587 0.278928
v -0.989084 -0.187875 0.312620
v -0.995185 -0.192836 0.280054
v -0.856179 0.071933 0.257078
v -0.883203 0.142475 0.269654
v -0.993408 0.215619 0.261203
v -0.977580 0.277297 0.253506
v -0.938281 0.282934 0.257767
v -0.947887 0.292221 0.257215
v -0.982863 -0.234433 0.270117
v -0.980977 -0.064694 0.308050
v -0.860310 0.018471 0.277665
v -0.950840 0.290849 0.259268
v -0.977850 -0.224459 0.282759
v -0.998392 -0.156579 0.276833
v -0.978457 0.246211 0.274473
v -0.940995 0.237752 0.290500
v -0.947747 0.278718 0.267768
v -0.973616 0.228861 0.294672
v -0.995384 0.110384 0.322389
v -0.908032 0.167411 0.288498
v -0.980662 -0.225983 0.282166
v -0.996943 -0.143279 0.321820
v -0.993796 -0.107562 0.316236
v -0.922511 0.126235 0.324047
v -0.980377 -0.219205 0.290743
v -0.993279 -0.094188 0.320216
v -0.934626 -0.138497 0.332181
v -0.899531 -0.093282 0.299027
v -0.876160 -0.014206 0.290482
v -0.948294 0.203930 0.318678
v -0.976663 0.175361 0.328319
v -0.997895 -0.114834 0.318337
v -0.980267 -0.198971 0.315421
v -0.996416 -0.001847 0.327382
v -0.901490 0.068121 0.311379
v -0.945497 0.200074 0.319383
v -0.992052 -0.155033 0.342022
v -0.974009 0.180180 0.328159
v -0.995582 -0.056233 0.328162
v -0.957272 -0.031148 0.370875
v -0.916612 0.026827 0.335796
v -0.997935 -0.101883 0.334441
v -0.995334 0.085169 0.326501
v -0.979608 -0.182142 0.335524
v -0.997191 -0.098214 0.327321
v -0.982495 -0.179503 0.336782
v -0.993220 0.001803 0.337270
v -0.949020 0.027039 0.368058
v -0.948826 0.162918 0.344163
v -0.985360 -0.158444 0.357444
v -0.961208 -0.072665 0.371783
v -0.989313 0.114007 0.337344
v -0.964859 -0.150031 0.361579
v -0.993111 -0.141521 0.345888
v -0.998342 -0.072808 0.338128
v -0.997895 -0.048053 0.337826
v -0.994451 -0.056389 0.344966
v -0.977487 0.130342 0.357699
v -0.949995 0.134492 0.360483
v -0.982220 -0.166157 0.353970
v -0.977615 -0.162168 0.361449
v -0.989566 -0.143374 0.353758
v -0.984780 -0.002220 0.352699
v -0.973882 0.114056 0.364413
v -0.973757 0.133965 0.360869
v -0.955347 0.153856 0.350453
v -0.978291 0.056048 0.361733
v -0.965896 -0.146373 0.364986
v -0.955988 0.133700 0.364582
v -0.980085 -0.166227 0.357795
v -0.985586 -0.151820 0.358459
v -0.966135 -0.027097 0.371536
v -0.973770 0.035250 0.367874
v -0.980163 -0.162960 0.361040
v -0.965081 -0.122342 0.369422
v -0.974037 -0.126929 0.367021
v -0.975490 -0.155147 0.365325
v -0.970263 0.129152 0.364339
v -0.967908 -0.135924 0.368497
v -0.962670 -0.064440 0.372737
v -0.955863 0.014499 0.370716
v -0.966952 0.118394 0.366898
v -0.967200 -0.118508 0.370414
vn -0.2870 -0.2707 -0.9189
vn 0.5025 -0.1977 -0.8417
vn 0.3155 -0.6198 -0.7186
vn 0.6581 -0.2277 -0.7177
vn -0.7226 0.0337 -0.6905
vn -0.1282 0.0086 -0.9917
vn -0.0233 0.0329 -0.9992
vn -0.7606 0.1065 -0.6404
vn -0.3522 -0.7089 -0.6111
vn -0.8335 -0.2795 -0.4766
vn -0.7341 0.0715 -0.6753
vn -0.2015 0.0263 -0.9791
vn 0.5396 0.0127 -0.8418
vn 0.6292 -0.0410 -0.7762
vn 0.1743 0.0237 -0.9844
vn -0.2087 0.0448 -0.9769
vn 0.4930 0.0490 -0.8687
vn -0.2410 0.1326 -0.9614
vn 0.2401 -0.7865 -0.5691
vn -0.9387 0.1763 -0.2961
vn -0.7785 0.0480 -0.6258
vn -0.7191 0.0431 -0.6935
vn 0.4318 0.2734 -0.8595
vn -0.7683 0.1913 -0.6108
vn -0.2877 0.3709 -0.8830
vn -0.9547 -0.1085 -0.2770
vn 0.7112 0.2055 -0.6723
vn -0.2504 0.5330 -0.8082
vn -0.9205 -0.3062 -0.2428
vn 0.6902 -0.3677 -0.6232
vn -0.9706 0.0253 -0.2392
vn 0.6912 0.0239 -0.7223
vn 0.1953 0.5365 -0.8210
vn 0.6976 0.1695 -0.6962
vn -0.8792 0.0460 -0.4743
vn 0.5956 0.4016 -0.6957
vn -0.5756 -0.6399 -0.5091
vn 0.7044 -0.0701 -0.7063
vn 0.4305 0.4920 -0.7567
vn -0.6159 0.4389 -0.6542
vn -0.9838 -0.0603 -0.1688
vn -0.9993 -0.0037 -0.0379
vn 0.7810 0.1826 -0.5973
vn -0.1152 -0.8046 -0.5826
vn 0.7307 0.1039 -0.6748
vn -0.9193 0.1204 -0.3747
vn -0.3773 -0.7460 -0.5488
vn -0.9952 0.0038 0.0978
vn -0.9894 0.0064 0.1453
vn 0.6279 -0.6370 -0.4472
vn -0.1349 0.5599 -0.8175
vn -0.9655 0.1024 0.2395
vn 0.6891 0.3549 -0.6318
vn -0.9932 -0.0858 -0.0783
vn -0.8182 0.0237 0.5745
vn -0.8159 -0.0014 0.5781
vn -0.9366 -0.0882 0.3392
vn -0.9981 -0.0528 0.0319
vn -0.8190 0.1774 0.5457
vn -0.9876 0.0856 -0.1319
vn -0.8727 0.2688 -0.4075
vn -0.6517 0.5807 0.4880
vn 0.7047 -0.3742 -0.6028
vn -0.5447 -0.6774 -0.4945
vn 0.2425 -0.7653 -0.5962
vn -0.9659 0.2379 0.1025
vn 0.7338 0.2116 -0.6456
vn 0.7294 0.2784 -0.6249
vn -0.9047 0.2590 -0.3383
vn -0.6334 0.4355 -0.6396
vn -0.8524 -0.4157 -0.3170
vn -0.6065 0.5270 0.5953
vn -0.7097 0.0091 0.7045
vn 0.6569 -0.1181 -0.7446
vn -0.7467 -0.1183 0.6545
vn -0.7219 -0.2637 0.6398
vn -0.9991 -0.0027 0.0414
vn 0.3288 0.6046 -0.7255
vn -0.8007 0.4635 0.3796
vn -0.7032 0.1950 0.6838
vn 0.5780 0.5560 -0.5973
vn 0.6158 -0.6127 -0.4954
vn 0.5921 0.0655 -0.8032
vn -0.8729 -0.2332 0.4286
vn -0.9944 0.0591 -0.0881
vn -0.9977 0.0601 -0.0325
vn -0.1813 0.5563 -0.8110
vn -0.7276 -0.0655 0.6829
vn 0.6287 -0.3838 -0.6763
vn -0.4717 -0.6972 -0.5398
vn -0.9832 -0.1439 -0.1120
vn -0.2875 0.5940 -0.7513
vn 0.3415 -0.7296 -0.5925
vn -0.9015 0.3388 0.2692
vn -0.7390 -0.3498 0.5758
vn -0.9195 -0.2219 0.3245
vn -0.6776 0.4524 -0.5798
vn -0.8600 -0.3932 -0.3253
vn -0.5901 0.4729 0.6543
vn -0.7181 -0.2934 0.6311
vn 0.6945 0.2161 -0.6863
vn 0.7170 0.5262 -0.4573
vn -0.3408 -0.7336 -0.5879
vn 0.6727 0.2307 -0.7030
vn -0.6216 -0.4300 0.6548
vn 0.7516 0.4855 -0.4466
vn -0.9974 0.0445 0.0559
vn 0.0601 0.7063 -0.7053
vn 0.5083 -0.6760 -0.5335
vn -0.5092 0.6110 0.6061
vn 0.5612 -0.1278 -0.8177
vn 0.6239 0.6590 -0.4201
vn -0.6516 0.6349 -0.4150
vn 0.0998 -0.8049 -0.5849
vn -0.9897 0.0959 -0.1062
vn -0.0464 0.8573 -0.5127
vn -0.4583 -0.7112 -0.5330
vn -0.8582 -0.4313 -0.2782
vn 0.4708 -0.2070 -0.8576
vn 0.4424 0.1414 -0.8856
vn -0.7012 -0.3385 0.6274
vn -0.8328 -0.3536 0.4258
vn -0.8922 0.3601 -0.2727
vn 0.5133 0.7862 -0.3443
vn -0.6889 -0.0051 0.7248
vn 0.4914 0.0169 -0.8708
vn 0.1418 -0.8008 -0.5819
vn -0.6865 0.1748 0.7058
vn 0.5767 -0.1830 -0.7962
vn 0.5570 0.2460 -0.7932
vn -0.5690 -0.6258 0.5335
vn -0.9912 -0.0037 -0.1325
vn -0.4797 -0.7437 -0.4656
vn 0.5435 -0.5657 -0.6202
vn -0.7398 0.5298 0.4148
vn 0.5748 -0.3971 -0.7155
vn -0.6957 -0.5306 0.4843
vn -0.8025 -0.5362 0.2617
vn 0.5424 -0.6178 -0.5693
vn -0.0194 -0.6906 -0.7229
vn -0.4275 -0.4006 -0.8104
vn 0.0047 -0.1967 -0.9805
vn 0.1501 -0.8696 -0.4704
vn 0.1534 -0.5831 -0.7978
vn -0.1491 0.0130 -0.9887
vn 0.1743 -0.0763 -0.9817
vn 0.2197 -0.5536 -0.8033
vn 0.0576 0.2214 -0.9735
vn -0.2309 -0.0558 -0.9714
vn 0.5103 -0.2347 -0.8274
vn -0.2072 -0.3187 -0.9249
vn -0.1376 -0.0430 -0.9895
vn 0.0310 -0.1178 -0.9925
vn 0.0877 -0.2844 -0.9547
vn 0.2313 -0.1388 -0.9629
vn 0.2319 0.0479 -0.9716
vn 0.0832 0.1704 -0.9819
vn -0.0744 0.2204 -0.9726
vn -0.1924 0.3472 -0.9178
vn 0.2441 0.2944 -0.9240
vn -0.7118 -0.2001 0.6733
vn -0.7058 -0.3785 0.5989
vn -0.7201 -0.4846 0.4966
vn -0.6725 -0.6234 0.3989
vn -0.0321 0.9827 -0.1825
vn -0.0435 -0.9986 -0.0294
vn -0.3911 -0.9131 -0.1153
vn 0.2593 -0.2497 -0.9330
vn 0.2882 -0.2758 -0.9170
vn 0.4966 -0.6022 -0.6251
vn 0.1961 0.3255 -0.9250
vn -0.0557 -0.4165 -0.9074
vn 0.1924 -0.4271 -0.8835
vn 0.3611 -0.2629 -0.8947
vn -0.2640 -0.1948 -0.9446
vn 0.4397 -0.0422 -0.8971
vn -0.4848 -0.1119 -0.8674
vn -0.3634 0.0191 -0.9314
vn -0.3070 0.2001 -0.9305
vn 0.4388 0.1721 -0.8819
vn 0.4138 0.3356 -0.8463
vn -0.1267 0.5080 -0.8520
vn 0.0498 0.4941 -0.8680
vn -0.9954 -0.0509 -0.0812
vn 0.1421 -0.7841 -0.6041
vn -0.4445 -0.8957 -0.0091
vn 0.2212 -0.8907 -0.3972
vn 0.2116 0.3016 -0.9297
vn -0.2023 -0.1034 -0.9738
vn -0.1022 0.0106 -0.9947
vn -0.3093 -0.0949 -0.9462
vn -0.0206 0.3093 -0.9507
vn -0.4164 -0.2707 -0.8680
vn -0.5199 -0.0166 -0.8541
vn -0.5511 0.1186 -0.8260
vn -0.4598 0.3569 -0.8131
vn 0.2814 0.5152 -0.8095
vn 0.7862 0.5801 -0.2129
vn -0.1062 0.9442 -0.3118
vn -0.6116 -0.6473 -0.4549
vn -0.8715 -0.4242 -0.2462
vn 0.1688 -0.9730 -0.1576
vn -0.5590 -0.8026 -0.2082
vn 0.2723 -0.4425 -0.8544
vn -0.9922 0.0917 0.0849
vn -0.5946 -0.6314 -0.4978
vn 0.3365 -0.1115 -0.9351
vn -0.4333 -0.0451 -0.9001
vn -0.2598 0.4043 -0.8770
vn -0.6588 0.3585 0.6614
vn 0.0178 -0.7166 -0.6973
vn -0.1315 -0.1393 -0.9815
vn -0.3510 -0.1471 -0.9248
vn 0.3240 -0.3217 -0.8897
vn 0.4534 -0.1289 -0.8819
vn 0.5609 -0.1200 -0.8192
vn 0.6205 0.1514 -0.7695
vn 0.5297 0.4176 -0.7383
vn -0.4588 0.5100 -0.7276
vn -0.2568 0.6105 -0.7493
vn 0.1024 0.7011 -0.7057
vn 0.2910 0.6770 -0.6760
vn -0.9663 -0.2127 -0.1451
vn -0.1084 -0.8997 0.4229
vn -0.3619 -0.8822 0.3012
vn 0.2196 -0.7723 -0.5961
vn -0.7947 -0.0176 -0.6067
vn -0.7574 0.0866 -0.6472
vn 0.2587 0.4759 -0.8406
vn -0.5541 0.3142 -0.7709
vn -0.1228 0.5888 -0.7989
vn 0.5597 -0.2496 -0.7902
vn -0.1871 -0.4705 -0.8623
vn -0.2227 -0.2328 -0.9467
vn -0.0008 -0.3344 -0.9424
vn 0.1068 -0.3240 -0.9400
vn 0.0968 -0.2367 -0.9668
vn 0.1919 -0.1501 -0.9699
vn 0.3308 -0.3032 -0.8937
vn 0.4909 -0.0005 -0.8712
vn 0.5425 0.5810 -0.6067
vn -0.0591 0.7672 -0.6387
vn 0.6515 0.5040 -0.5670
vn 0.4886 0.4299 -0.7593
vn -0.7162 -0.5494 0.4303
vn -0.8646 -0.4826 0.1403
vn 0.5754 0.7785 -0.2505
vn -0.3724 0.8885 -0.2681
vn 0.2810 0.9195 -0.2747
vn 0.3473 -0.5632 -0.7498
vn -0.5489 -0.8352 -0.0342
vn 0.4843 0.1817 -0.8558
vn 0.3434 0.5071 -0.7906
vn -0.7066 0.5519 -0.4428
vn -0.4280 0.6039 -0.6724
vn 0.1381 0.5485 -0.8247
vn 0.3328 -0.5357 -0.7760
vn -0.3186 -0.1084 -0.9417
vn 0.3969 -0.0975 -0.9127
vn 0.6940 0.0048 -0.7199
vn -0.7075 -0.0922 0.7006
vn -0.5271 0.1951 -0.8271
vn 0.6480 0.4218 -0.6342
vn -0.5125 0.4186 -0.7498
vn -0.4547 0.6715 -0.5851
vn 0.4041 0.7029 -0.5853
vn -0.2456 0.7807 -0.5746
vn 0.1455 0.7347 -0.6626
vn 0.5180 -0.7760 -0.3597
vn 0.3114 -0.9284 -0.2030
vn 0.8191 -0.1242 -0.5600
vn -0.4372 -0.8649 0.2468
vn -0.6393 -0.6408 -0.4250
vn -0.1359 -0.6409 -0.7555
vn 0.1456 -0.6031 -0.7843
vn 0.0373 -0.5439 -0.8383
vn 0.5486 -0.3147 -0.7746
vn -0.3735 -0.3468 -0.8604
vn -0.4647 -0.3596 -0.8091
vn -0.4825 -0.1031 -0.8698
vn 0.6913 0.3261 -0.6448
vn 0.7933 0.5709 -0.2115
vn 0.7474 0.6163 -0.2482
vn -0.6356 -0.6181 -0.4625
vn -0.5144 -0.8422 0.1616
vn -0.2409 0.6514 -0.7195
vn 0.3210 -0.2889 -0.9019
vn 0.6551 -0.1404 -0.7424
vn -0.5260 0.0875 -0.8460
vn 0.3775 0.2782 -0.8833
vn 0.3708 0.6841 -0.6281
vn -0.2991 0.7620 -0.5743
vn -0.1314 0.8011 -0.5839
vn 0.4581 0.7973 -0.3931
vn -0.7390 0.6321 -0.2332
vn 0.5804 -0.7726 -0.2573
vn 0.6902 -0.7106 0.1368
vn 0.9985 0.0485 -0.0264
vn 0.6922 0.5011 -0.5194
vn 0.6814 0.5460 -0.4874
vn 0.3603 0.5947 -0.7187
vn -0.7370 0.5163 -0.4362
vn 0.2809 0.6019 -0.7476
vn -0.5142 0.5656 -0.6448
vn -0.3858 0.5126 -0.7671
vn 0.1962 -0.6213 -0.7586
vn -0.2872 -0.3531 -0.8904
vn -0.6201 -0.3352 -0.7093
vn -0.6649 -0.1307 -0.7354
vn 0.5603 -0.2219 -0.7980
vn 0.6693 -0.0896 -0.7376
vn 0.7138 0.1492 -0.6843
vn -0.5507 0.3533 -0.7562
vn 0.5553 0.5283 -0.6423
vn -0.4489 0.6086 -0.6543
vn 0.4624 0.2645 -0.8463
vn -0.8868 -0.4460 0.1207
vn -0.9426 0.3137 -0.1147
vn 0.2790 0.9198 -0.2759
vn 0.5748 -0.7575 -0.3094
vn 0.3808 -0.7927 0.4760
vn -0.6272 -0.7608 -0.1670
vn 0.8560 0.4601 -0.2359
vn -0.6553 -0.2393 -0.7164
vn -0.6692 -0.7318 -0.1287
vn -0.5018 0.5877 0.6347
vn -0.7267 0.5699 -0.3835
vn -0.6545 0.1207 0.7464
vn 0.1338 -0.2335 -0.9631
vn 0.4018 0.6968 -0.5942
vn -0.8599 0.4777 -0.1801
vn 0.0366 -0.7955 -0.6049
vn 0.3138 -0.8915 0.3268
vn 0.6378 -0.6476 -0.4169
vn -0.5917 -0.7901 0.1599
vn -0.7214 0.3597 -0.5918
vn -0.0934 -0.1620 -0.9824
vn -0.0250 -0.2717 -0.9620
vn -0.5704 -0.2867 -0.7697
vn 0.5167 -0.3304 -0.7898
vn 0.3955 -0.0061 -0.9185
vn 0.6873 0.3646 -0.6282
vn -0.6559 0.1244 -0.7445
vn 0.6011 0.4581 -0.6548
vn -0.4519 0.5606 -0.6939
vn 0.4743 0.6504 -0.5933
vn 0.0238 0.8219 -0.5691
vn -0.6676 -0.4827 0.5668
vn 0.9296 0.3634 0.0617
vn -0.6760 -0.6828 -0.2773
vn -0.3047 -0.0922 -0.9480
vn -0.5472 -0.6360 -0.5441
vn -0.6281 0.3658 -0.6868
vn -0.0986 -0.5083 -0.8555
vn -0.2644 0.0489 -0.9632
vn -0.6511 0.2777 -0.7063
vn -0.3269 0.1900 -0.9257
vn -0.5328 0.3324 -0.7782
vn -0.4995 0.2977 -0.8135
vn -0.5119 0.4948 -0.7022
vn 0.0324 0.0930 -0.9951
vn 0.0769 0.6990 -0.7110
vn -0.2084 0.6257 -0.7517
vn 0.3929 -0.0634 -0.9174
vn -0.6779 0.3777 -0.6306
vn -0.7145 -0.3083 0.6280
vn -0.3989 0.6876 -0.6067
vn 0.2331 0.7043 -0.6705
vn -0.7125 -0.3807 0.5894
vn 0.4358 0.8639 -0.2526
vn -0.8118 -0.4786 -0.3344
vn 0.7514 -0.5036 0.4265
vn 0.9322 -0.0311 0.3607
vn -0.1782 -0.6082 -0.7735
vn -0.2904 -0.3844 -0.8763
vn -0.3406 -0.3971 -0.8522
vn -0.2229 0.1558 -0.9623
vn 0.1507 0.0869 -0.9848
vn 0.0093 0.2078 -0.9781
vn -0.1155 0.3525 -0.9287
vn 0.4828 0.0947 -0.8706
vn -0.6540 -0.0827 -0.7520
vn -0.5406 0.0177 -0.8411
vn -0.7705 0.4525 -0.4490
vn 0.3160 0.7657 -0.5603
vn 0.4288 0.6196 -0.6574
vn -0.9989 0.0290 -0.0377
vn -0.1430 0.9420 -0.3035
vn 0.7749 0.5612 -0.2908
vn 0.5938 -0.6730 -0.4409
vn -0.4768 -0.8780 -0.0416
vn -0.2103 -0.8406 -0.4992
vn -0.2440 -0.6610 -0.7096
vn 0.4659 0.6732 -0.5742
vn -0.3040 -0.3126 -0.8999
vn 0.1423 0.3089 -0.9404
vn -0.7155 0.6816 0.1533
vn -0.6729 0.0247 0.7393
vn -0.2597 -0.1834 -0.9481
vn -0.3290 -0.1011 -0.9389
vn -0.6844 0.4055 -0.6060
vn 0.6232 0.7569 -0.1965
vn 0.5558 -0.6665 -0.4968
vn -0.5163 0.7967 0.3140
vn 0.9399 0.2280 0.2541
vn -0.4810 -0.8127 0.3288
vn -0.6929 0.2987 0.6562
vn 0.9947 0.0649 0.0798
vn -0.3212 0.2645 -0.9093
vn -0.2045 0.7259 -0.6567
vn -0.8445 -0.1718 -0.5072
vn 0.2949 -0.3134 -0.9027
vn 0.4677 0.1142 -0.8765
vn -0.5252 -0.0469 0.8497
vn -0.4142 0.3458 -0.8419
vn -0.1761 -0.8628 -0.4740
vn -0.4610 -0.8411 0.2827
vn -0.3683 -0.9099 -0.1909
vn -0.6850 0.5498 0.4781
vn -0.1316 0.3340 -0.9333
vn 0.2945 0.2954 -0.9088
vn 0.2829 0.4454 -0.8495
vn 0.3227 -0.3964 -0.8595
vn 0.2118 0.0312 -0.9768
vn -0.2225 0.1959 -0.9550
vn 0.5341 0.2177 -0.8169
vn 0.5678 0.4566 -0.6849
vn 0.5333 0.6179 -0.5778
vn 0.2916 0.8673 -0.4034
vn -0.6337 -0.6948 0.3402
vn -0.6418 -0.7536 0.1420
vn -0.7079 -0.6869 0.1642
vn 0.7584 0.6248 -0.1853
vn 0.5797 -0.7480 -0.3232
vn -0.8771 0.3915 0.2783
vn 0.8520 -0.1458 0.5028
vn -0.0979 -0.9386 0.3310
vn -0.4240 -0.8609 0.2813
vn 0.9632 0.0239 0.2678
vn -0.2224 -0.7372 -0.6381
vn -0.4776 -0.6517 -0.5892
vn -0.4858 -0.6855 -0.5424
vn -0.4107 -0.5568 -0.7220
vn 0.4022 -0.4611 -0.7909
vn 0.4544 0.5534 -0.6981
vn 0.3941 0.6115 -0.6861
vn 0.3134 0.3634 -0.8773
vn -0.5669 -0.2246 0.7926
vn -0.4404 0.6156 -0.6535
vn 0.3846 0.7438 -0.5466
vn -0.9776 0.1950 -0.0793
vn -0.4616 -0.7208 -0.5171
vn 0.3586 -0.5951 0.7192
vn -0.0225 -0.9970 0.0740
vn 0.1127 -0.9655 -0.2347
vn -0.2301 -0.9088 -0.3481
vn -0.3020 -0.9466 -0.1131
vn 0.8933 0.4493 -0.0101
vn 0.5485 0.6973 -0.4615
vn -0.5567 0.0372 0.8299
vn -0.3171 -0.3487 -0.8819
vn 0.3496 0.0752 -0.9339
vn 0.1232 -0.2995 -0.9461
vn 0.1270 0.1293 -0.9834
vn 0.1448 0.3661 -0.9192
vn 0.2587 0.3046 -0.9167
vn -0.2694 0.7322 -0.6255
vn -0.1919 0.9206 -0.3402
vn -0.9983 -0.0465 -0.0358
vn -0.5798 0.7314 0.3590
vn 0.6752 -0.7081 -0.2066
vn 0.6569 -0.7536 0.0239
vn -0.1130 -0.8331 0.5414
vn -0.3160 -0.7559 -0.5733
vn -0.6035 0.5979 0.5275
vn 0.6590 0.6320 -0.4077
vn 0.5269 -0.6593 -0.5364
vn 0.4874 0.7026 -0.5185
vn -0.4302 -0.8237 -0.3695
vn -0.3822 -0.6801 -0.6256
vn 0.3654 0.3069 -0.8788
vn 0.0995 0.1363 -0.9857
vn 0.2945 0.1761 -0.9393
vn 0.0419 0.8357 -0.5475
vn -0.6676 -0.4587 0.5865
vn 0.3403 0.9134 -0.2232
vn -0.1417 -0.7166 0.6829
vn 0.5186 -0.5975 0.6116
vn 0.0226 -0.8830 -0.4689
vn 0.8533 0.5046 -0.1316
vn 0.2441 0.1393 -0.9597
vn -0.2012 -0.3703 -0.9068
vn -0.1435 0.1966 -0.9699
vn -0.3051 0.5172 -0.7996
vn 0.4268 0.3399 -0.8380
vn 0.3567 0.6837 -0.6366
vn -0.6325 -0.7309 0.2564
vn 0.3415 0.8948 -0.2878
vn -0.9990 0.0159 0.0419
vn 0.5029 0.8154 -0.2866
vn -0.9488 -0.3120 -0.0493
vn 0.6394 -0.7624 -0.0994
vn 0.2152 -0.4862 0.8469
vn 0.7154 -0.3002 0.6309
vn 0.0292 -0.9995 -0.0128
vn 0.1849 -0.7473 -0.6382
vn -0.4700 0.6456 0.6019
vn 0.0498 -0.7327 -0.6788
vn -0.0500 -0.7483 -0.6615
vn 0.9895 -0.1338 -0.0549
vn 0.9347 -0.3325 -0.1254
vn 0.9340 0.0652 -0.3513
vn 0.7815 0.1749 -0.5988
vn 0.5720 0.5567 -0.6023
vn 0.4854 0.6560 -0.5780
vn 0.2453 0.1166 -0.9624
vn 0.0816 -0.2997 -0.9505
vn 0.2046 -0.1962 -0.9590
vn 0.1002 -0.0796 -0.9918
vn 0.0940 0.2380 -0.9667
vn 0.0901 0.2519 -0.9635
vn 0.2553 0.4003 -0.8801
vn -0.2056 0.4345 -0.8769
vn 0.4296 0.7705 -0.4709
vn -0.4776 0.8077 0.3459
vn 0.5810 -0.7820 -0.2255
vn -0.6501 0.7088 0.2738
vn 0.8826 -0.4503 -0.1349
vn 0.7942 -0.2139 -0.5687
vn -0.6221 -0.7163 -0.3159
vn 0.3950 0.3887 -0.8324
vn 0.4387 0.5210 -0.7322
vn -0.4318 0.1574 0.8881
vn -0.4161 -0.7421 -0.5255
vn -0.1259 -0.4246 -0.8966
vn 0.1142 -0.3592 -0.9262
vn 0.1057 -0.4599 -0.8816
vn -0.0968 -0.0945 -0.9908
vn -0.3678 0.0695 0.9273
vn -0.3431 -0.0190 0.9391
vn 0.4165 0.6452 -0.6406
vn -0.7064 -0.5805 0.4050
vn -0.4046 0.8584 -0.3154
vn -0.9858 -0.1626 -0.0426
vn 0.0724 -0.8750 -0.4786
vn 0.2369 -0.8582 -0.4553
vn 0.9118 -0.2862 0.2945
vn 0.7372 -0.4974 -0.4574
vn 0.7581 -0.1372 -0.6375
vn -0.5871 -0.7686 -0.2541
vn 0.6642 0.3180 -0.6765
vn -0.3398 0.1776 0.9236
vn 0.1562 -0.5689 -0.8075
vn 0.0845 -0.5100 -0.8560
vn -0.0669 -0.2400 -0.9685
vn -0.0999 0.1818 -0.9783
vn 0.0812 -0.0645 -0.9946
vn -0.1077 0.3414 -0.9337
vn -0.1980 0.6791 -0.7068
vn -0.2107 0.6352 -0.7431
vn 0.2140 0.9259 -0.3115
vn 0.3977 -0.8683 -0.2964
vn -0.9516 0.3021 0.0570
vn -0.6893 0.7012 0.1820
vn 0.1711 -0.8492 -0.4995
vn -0.6107 0.7476 0.2611
vn 0.5727 -0.7855 -0.2346
vn 0.8352 -0.4035 -0.3735
vn 0.6169 -0.6076 -0.5003
vn -0.6184 0.7831 0.0661
vn 0.7546 0.3178 -0.5740
vn -0.5974 0.5703 0.5638
vn 0.1980 -0.6510 -0.7328
vn -0.3622 -0.8746 -0.3224
vn 0.2822 0.0346 -0.9587
vn 0.0798 -0.3675 -0.9266
vn -0.0524 -0.5737 -0.8174
vn 0.2678 0.3705 -0.8894
vn 0.1042 0.2195 -0.9700
vn 0.0904 0.6114 -0.7862
vn 0.0378 0.6068 -0.7939
vn 0.1262 0.5707 -0.8114
vn -0.2068 0.5998 -0.7730
vn 0.2898 0.8376 -0.4630
vn -0.2037 0.8716 -0.4458
vn -0.9060 -0.4095 0.1072
vn -0.2783 -0.9582 -0.0659
vn -0.8448 -0.5323 -0.0543
vn 0.4253 -0.9043 -0.0373
vn -0.0863 -0.7004 -0.7086
vn 0.3493 -0.8862 -0.3042
vn 0.2787 -0.8957 -0.3465
vn 0.5559 -0.6550 -0.5118
vn -0.5299 0.8295 0.1764
vn 0.5981 0.5860 -0.5467
vn 0.3364 -0.7374 -0.5858
vn 0.3798 0.1795 -0.9075
vn -0.3533 -0.7396 -0.5729
vn -0.2476 -0.7041 -0.6656
vn 0.0088 -0.0826 -0.9965
vn 0.0043 -0.3755 -0.9268
vn -0.0347 0.1904 -0.9811
vn 0.0619 0.1507 -0.9866
vn 0.0046 0.3847 -0.9230
vn -0.0761 0.4518 -0.8889
vn -0.1224 0.5800 -0.8054
vn 0.3744 0.7286 -0.5736
vn -0.2672 -0.3032 0.9147
vn -0.4978 -0.8238 0.2712
vn 0.6176 0.7447 -0.2531
vn 0.6045 -0.7965 -0.0123
vn -0.0595 -0.6855 0.7256
vn 0.1834 -0.9687 -0.1671
vn -0.0201 -0.8802 0.4742
vn -0.0269 -0.6678 0.7439
vn 0.8510 -0.3334 -0.4059
vn 0.8788 -0.1204 -0.4617
vn 0.9381 0.1549 -0.3099
vn -0.3692 -0.8982 -0.2386
vn 0.0823 -0.8840 -0.4602
vn 0.1728 -0.6497 -0.7402
vn 0.1989 -0.7024 -0.6835
vn -0.1399 -0.7685 -0.6244
vn -0.0523 -0.7751 -0.6297
vn 0.1247 -0.7085 -0.6946
vn -0.0445 -0.7847 -0.6182
vn 0.0404 -0.4835 -0.8744
vn -0.1455 0.7075 -0.6915
vn -0.1401 0.6231 -0.7695
vn -0.3079 -0.6730 0.6725
vn -0.8800 -0.4435 0.1700
vn -0.4832 -0.8456 0.2270
vn -0.1832 0.8972 -0.4018
vn 0.0324 0.9137 -0.4051
vn -0.5639 0.8259 -0.0023
vn 0.3886 -0.5008 0.7734
vn 0.0765 -0.9444 0.3199
vn 0.6416 -0.7459 0.1786
vn 0.5601 -0.6974 -0.4470
vn -0.6695 -0.6757 -0.3085
vn 0.8311 -0.4616 -0.3100
vn -0.4429 0.6225 0.6453
vn 0.4996 0.3979 -0.7695
vn -0.3194 -0.8990 -0.2996
vn 0.1854 -0.7610 -0.6218
vn -0.2749 -0.0104 0.9614
vn 0.0028 -0.6977 -0.7164
vn 0.3845 0.3659 -0.8475
vn -0.0859 0.5443 -0.8345
vn -0.2476 -0.3663 0.8970
vn -0.2446 -0.4795 0.8428
vn -0.1663 0.8323 -0.5289
vn -0.2818 -0.4961 0.8213
vn -0.2556 0.8907 -0.3759
vn -0.2511 -0.9006 0.3548
vn -0.2191 0.8771 -0.4275
vn -0.9989 -0.0461 0.0097
vn 0.1244 -0.9733 0.1927
vn -0.0234 -0.8791 0.4761
vn 0.1615 -0.9218 0.3524
vn 0.4193 -0.7928 -0.4423
vn 0.2314 -0.9685 0.0923
vn -0.6443 0.7568 0.1098
vn 0.7956 0.5536 -0.2461
vn -0.4341 0.8425 0.3189
vn -0.3752 0.4963 0.7829
vn 0.6311 0.3104 -0.7109
vn 0.4129 0.2759 -0.8680
vn -0.3683 0.5083 0.7784
vn 0.2027 -0.7214 -0.6622
vn 0.0859 0.7423 -0.6645
vn -0.1441 0.7136 -0.6856
vn 0.3378 0.7535 -0.5641
vn -0.2549 -0.6347 0.7295
vn 0.3466 0.8384 -0.4206
vn 0.3296 0.9034 -0.2742
vn -0.8165 0.5441 -0.1932
vn -0.7578 -0.6476 0.0801
vn -0.2875 -0.7780 -0.5586
vn 0.0768 -0.9346 0.3473
vn 0.5664 -0.8225 0.0506
vn 0.9849 -0.1123 0.1316
vn 0.9467 0.2996 0.1185
vn 0.8619 0.3598 -0.3573
vn 0.4017 -0.0589 -0.9139
vn -0.3682 0.4962 0.7863
vn -0.2895 -0.8409 -0.4572
vn -0.2137 0.0951 0.9723
vn 0.3483 0.1200 -0.9297
vn 0.6220 -0.1123 -0.7750
vn 0.3290 0.5054 -0.7977
vn 0.0460 0.4920 -0.8694
vn 0.0858 0.8978 -0.4319
vn 0.0947 0.8931 -0.4399
vn 0.0846 0.8735 -0.4794
vn -0.6563 0.2491 -0.7122
vn 0.1186 0.8696 -0.4794
vn -0.1642 0.9181 -0.3607
vn -0.2379 0.9457 -0.2216
vn -0.0732 0.9403 -0.3325
vn -0.0096 0.9712 -0.2379
vn 0.1399 -0.7770 0.6137
vn 0.8994 -0.4260 0.0981
vn 0.4298 -0.8358 -0.3416
vn 0.6149 -0.5295 -0.5844
vn 0.3365 -0.4175 -0.8441
vn -0.4136 0.8140 0.4080
vn 0.2051 -0.8467 -0.4909
vn 0.3127 0.7659 -0.5618
vn 0.2903 0.7786 -0.5563
vn -0.1872 -0.0404 0.9815
vn -0.1386 0.9367 -0.3216
vn -0.2224 -0.8326 0.5073
vn -0.1957 0.9642 -0.1789
vn -0.2712 0.8783 -0.3938
vn 0.3204 0.9056 -0.2780
vn 0.4137 0.8517 -0.3217
vn -0.4542 -0.8791 0.1444
vn -0.2096 -0.8160 -0.5388
vn 0.0770 -0.8789 0.4708
vn 0.3199 -0.9474 -0.0102
vn 0.9523 -0.1440 0.2691
vn 0.9327 0.3424 0.1137
vn 0.6290 -0.4129 -0.6587
vn -0.3817 0.8201 0.4264
vn -0.3637 0.4131 0.8349
vn 0.1151 -0.8666 -0.4856
vn 0.4410 0.3504 -0.8263
vn 0.4696 0.5797 -0.6659
vn -0.2187 -0.3449 0.9128
vn -0.0217 0.8855 -0.4641
vn -0.0781 0.8519 -0.5179
vn -0.2356 -0.5925 0.7704
vn 0.3075 0.8937 -0.3268
vn -0.2111 -0.9571 0.1987
vn 0.7090 0.6398 -0.2967
vn -0.5787 0.7753 -0.2528
vn -0.9684 -0.2461 0.0413
vn 0.0773 -0.8353 0.5443
vn 0.5655 -0.6312 0.5309
vn 0.9888 -0.0610 0.1365
vn 0.0797 -0.9666 -0.2434
vn -0.1229 0.3673 0.9220
vn -0.0642 -0.8544 -0.5157
vn -0.1657 0.2436 0.9556
vn -0.1468 0.0696 0.9867
vn -0.1618 -0.1153 0.9801
vn -0.0270 0.9311 -0.3636
vn -0.2499 -0.8198 0.5152
vn -0.2554 0.8848 -0.3898
vn -0.6124 -0.7816 0.1190
vn -0.3084 0.9082 -0.2829
vn 0.3225 0.9013 -0.2892
vn 0.8227 0.4985 -0.2731
vn -0.9485 0.2977 -0.1083
vn -0.6983 0.7087 0.1009
vn 0.3885 0.8692 -0.3057
vn -0.0868 -0.9843 0.1536
vn 0.1939 -0.8218 -0.5358
vn 0.1615 -0.9534 0.2549
vn 0.1380 -0.8260 0.5465
vn 0.9769 -0.1730 -0.1251
vn -0.4134 0.8967 0.1579
vn 0.1914 -0.6287 -0.7537
vn -0.3449 0.7942 0.5003
vn 0.1974 -0.8798 -0.4324
vn -0.2861 0.4175 0.8625
vn -0.1439 -0.7525 -0.6427
vn -0.1679 0.2969 0.9400
vn 0.2564 0.0576 -0.9649
vn -0.0311 -0.0144 0.9994
vn 0.0131 0.9577 -0.2875
vn -0.2407 -0.4440 0.8631
vn -0.2580 -0.8011 0.5401
vn -0.1429 0.9498 -0.2783
vn -0.1075 0.9756 -0.1913
vn 0.3232 0.7361 -0.5947
vn -0.8806 -0.4662 0.0845
vn -0.8465 -0.5205 0.1119
vn 0.1851 -0.9120 -0.3661
vn 0.3432 -0.9345 -0.0941
vn 0.2019 -0.9089 0.3649
vn 0.1608 -0.9678 0.1937
vn 0.0420 -0.8167 0.5756
vn 0.4463 -0.6450 0.6203
vn -0.6398 -0.7368 -0.2186
vn 0.8284 -0.4117 0.3799
vn 0.8875 -0.2965 -0.3528
vn -0.1930 -0.8859 -0.4218
vn 0.2193 -0.2621 -0.9398
vn -0.1951 0.5845 0.7876
vn -0.1970 -0.8858 -0.4202
vn -0.0075 -0.7020 -0.7122
vn -0.1805 0.6209 0.7628
vn -0.2198 -0.3195 0.9217
vn -0.6172 -0.7265 -0.3020
vn 0.2711 0.6682 0.6928
vn 0.0934 0.8927 -0.4408
vn 0.0985 0.9697 -0.2236
vn 0.2943 0.8252 -0.4822
vn -0.6911 -0.7086 0.1426
vn 0.6607 0.6847 -0.3076
vn -0.5944 0.8036 0.0295
vn 0.3766 -0.8546 -0.3577
vn 0.3131 -0.9072 -0.2811
vn 0.1520 -0.8183 0.5544
vn 0.7905 -0.6066 -0.0848
vn 0.1865 -0.7198 -0.6687
vn -0.3507 0.9180 0.1852
vn 0.0297 -0.6543 -0.7557
vn -0.1381 0.0713 0.9878
vn -0.2589 -0.6405 0.7230
vn -0.2768 0.9015 -0.3328
vn 0.3214 0.9036 -0.2832
vn -0.0261 -0.8948 -0.4457
vn 0.2815 -0.9595 0.0114
vn 0.2439 -0.9698 0.0051
vn 0.4541 -0.8908 0.0147
vn -0.5589 0.8262 0.0714
vn 0.4245 -0.8217 -0.3803
vn 0.3952 -0.3449 -0.8514
vn -0.2741 -0.7547 -0.5961
vn -0.2471 0.9151 0.3187
vn -0.1983 0.6912 0.6949
vn -0.2279 0.4314 0.8729
vn -0.1050 -0.7765 -0.6213
vn -0.1595 0.3456 0.9247
vn 0.2579 0.3134 -0.9139
vn -0.1374 -0.0755 0.9876
vn 0.4232 0.6933 -0.5833
vn -0.1799 -0.3783 0.9080
vn -0.0755 0.9111 -0.4052
vn -0.3488 0.8393 -0.4170
vn 0.6535 0.6704 -0.3514
vn 0.6447 0.7641 0.0214
vn 0.2568 -0.9238 -0.2840
vn 0.1328 -0.5890 -0.7971
vn -0.0289 -0.7894 -0.6132
vn -0.3766 -0.8508 -0.3665
vn -0.3793 -0.8279 -0.4132
vn -0.2076 0.9398 0.2715
vn 0.1695 -0.7416 -0.6490
vn -0.1269 0.3195 0.9390
vn 0.2709 0.5588 -0.7838
vn -0.1071 -0.3204 0.9412
vn -0.1599 -0.7988 0.5799
vn -0.2355 0.7186 -0.6544
vn -0.0070 0.7638 -0.6454
vn 0.2137 0.7611 -0.6124
vn -0.0354 0.9405 -0.3378
vn -0.9469 0.2023 -0.2500
vn -0.2754 0.9039 -0.3272
vn 0.1268 0.8668 -0.4822
vn 0.5209 -0.8526 -0.0416
vn 0.2733 -0.9031 -0.3313
vn 0.2337 -0.8856 -0.4014
vn 0.1436 -0.3218 -0.9359
vn 0.1905 -0.8112 -0.5528
vn -0.2894 0.9357 0.2016
vn -0.1399 0.4599 0.8769
vn 0.1035 0.4097 -0.9063
vn -0.0963 0.0720 0.9927
vn -0.1040 0.4031 0.9092
vn 0.3337 0.6514 -0.6814
vn -0.0756 -0.0475 0.9960
vn -0.0945 -0.4264 0.8996
vn -0.1086 -0.6715 0.7330
vn -0.2064 -0.9467 0.2471
vn -0.2143 -0.9521 0.2183
vn -0.1385 0.9855 -0.0981
vn 0.3276 0.8250 -0.4605
vn 0.3267 0.8893 -0.3201
vn -0.1408 -0.9887 0.0523
vn -0.7050 -0.6590 -0.2622
vn -0.1701 -0.5253 -0.8337
vn 0.2432 -0.0797 -0.9667
vn -0.0605 -0.9003 -0.4311
vn 0.1337 0.1540 -0.9790
vn -0.1550 0.6700 0.7260
vn -0.1728 0.6566 0.7342
vn 0.1106 0.6188 -0.7777
vn -0.0848 0.0231 0.9961
vn -0.1260 -0.9429 0.3085
vn 0.3589 0.8163 -0.4526
vn -0.0998 0.9925 -0.0701
vn 0.2102 0.5258 -0.8242
vn 0.0267 0.5420 -0.8400
vn 0.2385 0.8803 -0.4101
vn 0.1300 0.9617 -0.2412
vn -0.0341 0.5378 -0.8424
vn -0.1508 0.4742 -0.8674
vn -0.5701 0.7847 -0.2432
vn 0.0196 0.9512 -0.3081
vn -0.9957 -0.0910 0.0157
vn -0.0105 -0.9702 -0.2420
vn -0.4100 -0.7368 -0.5375
vn 0.3693 -0.8972 -0.2424
vn -0.4703 0.8825 0.0022
vn 0.1543 -0.8716 -0.4652
vn -0.0074 -0.4638 -0.8859
vn -0.1294 -0.0195 -0.9914
vn -0.1346 -0.3264 -0.9356
vn -0.3823 -0.4015 -0.8323
vn -0.3595 -0.7145 -0.6002
vn 0.0275 -0.1859 -0.9822
vn 0.0755 -0.6366 -0.7675
vn -0.0497 -0.8126 -0.5806
vn -0.1692 0.9002 0.4013
vn -0.1076 0.5974 0.7947
vn -0.1188 0.2624 0.9576
vn -0.0910 -0.3679 0.9254
vn -0.4162 -0.1027 0.9035
vn -0.0769 -0.7057 0.7044
vn -0.0865 -0.9057 0.4150
vn 0.0655 0.8411 -0.5370
vn -0.3122 0.7778 -0.5455
vn -0.2721 0.8560 -0.4395
vn -0.0720 0.5174 -0.8527
vn 0.2027 0.3214 -0.9250
vn 0.1782 0.5992 -0.7805
vn 0.0318 0.1841 -0.9824
vn 0.3205 0.8321 -0.4526
vn 0.1712 0.9552 -0.2414
vn -0.3071 0.4378 -0.8450
vn 0.2775 0.8029 -0.5276
vn -0.2124 0.6126 -0.7613
vn 0.3062 0.2686 -0.9133
vn 0.4455 0.6331 -0.6330
vn -0.3202 0.1139 -0.9405
vn -0.0752 0.0502 -0.9959
vn -0.2123 0.7417 -0.6362
vn 0.2121 0.0889 -0.9732
vn -0.3090 0.5642 -0.7657
vn -0.1581 0.3378 -0.9278
vn -0.2234 0.4823 -0.8471
vn -0.1686 0.7666 -0.6196
vn 0.2617 0.5328 -0.8048
vn -0.0936 0.1009 -0.9905
vn 0.0737 0.3607 -0.9298
vn 0.0269 0.0753 -0.9968
vn -0.2372 0.2077 -0.9490
vn -0.3385 -0.1376 -0.9309
vn -0.0823 -0.3381 -0.9375
vn 0.0399 -0.1703 -0.9846
vn 0.2805 -0.5382 -0.7947
vn 0.2612 0.0428 -0.9643
vn -0.2416 0.2963 -0.9241
vn -0.0461 0.5404 -0.8402
vn -0.0965 -0.2934 -0.9511
vn 0.1022 0.0366 -0.9941
vn -0.2541 0.5348 -0.8059
vn 0.0985 0.5350 -0.8391
vn -0.8313 0.5315 -0.1629
vn -0.2387 -0.2902 -0.9267
vn 0.0067 -0.3551 -0.9348
vn -0.1925 -0.8387 -0.5095
vn -0.1234 -0.0342 -0.9918
vn 0.1452 -0.4591 -0.8765
vn 0.0966 -0.0177 -0.9952
vn -0.1379 -0.0324 -0.9899
vn -0.6314 -0.6651 -0.3988
vn 0.1386 -0.0441 -0.9894
vn -0.5219 -0.0224 -0.8527
vn -0.4790 -0.0143 -0.8777
vn -0.4471 -0.0160 -0.8944
vn 0.5675 -0.0701 -0.8204
vn 0.0876 -0.8786 -0.4695
vn 0.5059 -0.4087 -0.7596
vn 0.0859 -0.7650 -0.6383
vn 0.1476 -0.8759 -0.4593
vn -0.5494 -0.8153 -0.1830
vn -0.0386 -0.8007 -0.5978
vn -0.6461 -0.3741 -0.6653
vn 0.2076 -0.8043 -0.5568
vn 0.2398 -0.8241 -0.5131
vn 0.1353 -0.8716 -0.4712
vn -0.0267 -0.2860 -0.9579
vn -0.1714 -0.4427 -0.8801
vn -0.2160 0.9764 -0.0013
vn 0.1086 0.0229 -0.9938
vn 0.0762 0.1374 -0.9876
vn -0.1184 0.9195 0.3748
vn -0.1174 0.7250 0.6786
vn -0.2563 0.4436 0.8588
vn -0.4141 0.0707 0.9075
vn -0.6064 0.3525 0.7128
vn -0.7183 0.0043 0.6957
vn 0.5535 0.6569 -0.5119
vn -0.2806 -0.2124 0.9360
vn -0.1459 -0.5659 0.8114
vn -0.0705 -0.8847 0.4609
vn -0.3398 0.5380 -0.7714
vn -0.3988 0.1851 -0.8982
vn -0.3864 0.8893 -0.2445
vn -0.5600 0.4360 -0.7045
vn -0.0174 0.9947 -0.1011
vn 0.6019 0.2939 -0.7425
vn -0.2241 0.9745 -0.0133
vn 0.2163 0.9083 -0.3581
vn -0.6854 0.0697 -0.7248
vn -0.4498 0.7539 -0.4788
vn -0.2789 0.3500 -0.8943
vn -0.3668 0.3936 -0.8429
vn 0.5855 0.0638 -0.8082
vn -0.0611 0.0491 -0.9969
vn 0.3374 0.1678 -0.9263
vn 0.2901 0.6469 -0.7052
vn 0.4026 0.5923 -0.6979
vn 0.2373 -0.1118 -0.9650
vn -0.0857 0.4525 -0.8876
vn -0.3436 0.4380 -0.8307
vn 0.1996 0.5531 -0.8089
vn -0.2407 0.3299 -0.9128
vn 0.0328 0.1350 -0.9903
vn 0.0941 0.2763 -0.9565
vn 0.0178 0.2354 -0.9717
vn -0.0448 -0.8176 -0.5740
vn -0.1408 0.1544 -0.9779
vn 0.0718 0.0450 -0.9964
vn -0.0478 -0.5759 -0.8161
vn 0.1410 -0.7531 -0.6426
vn 0.2334 0.0114 -0.9723
vn -0.0207 -0.7746 -0.6321
vn -0.2001 -0.4708 -0.8593
vn 0.0794 -0.7699 -0.6332
vn 0.3143 -0.0570 -0.9476
vn -0.2239 -0.7736 -0.5929
vn -0.3008 -0.3702 -0.8789
vn -0.3126 0.2625 -0.9129
vn 0.5321 -0.1060 -0.8400
vn 0.3841 -0.7247 -0.5721
vn -0.0063 0.7587 -0.6514
vn 0.2773 0.6414 -0.7154
vn -0.4992 0.5756 -0.6477
vn 0.0542 0.8472 -0.5285
vn 0.2370 0.6842 -0.6898
vn -0.9926 -0.1171 0.0336
vn -0.6824 -0.6477 0.3388
vn 0.2616 -0.9626 -0.0704
vn 0.5679 -0.8096 -0.1480
vn -0.0381 -0.9001 -0.4340
vn 0.3889 -0.3529 -0.8510
vn 0.3070 -0.8612 -0.4051
vn -0.4722 -0.4314 -0.7688
vn 0.4725 -0.0059 -0.8813
vn -0.2281 -0.2070 -0.9514
vn -0.1070 -0.2853 -0.9524
vn 0.0896 -0.6168 -0.7820
vn 0.1225 -0.1975 -0.9726
vn -0.0104 -0.2056 -0.9786
vn -0.1564 -0.5358 -0.8298
vn -0.3171 -0.1833 -0.9305
vn 0.1407 -0.3698 -0.9184
vn -0.4190 -0.0288 -0.9075
vn -0.1277 0.0096 -0.9918
vn 0.0468 -0.0000 -0.9989
vn -0.9554 0.2951 0.0116
vn 0.3964 -0.9141 -0.0855
vn 0.3178 0.0019 -0.9482
vn 0.5246 -0.0660 -0.8488
vn 0.8577 -0.0318 -0.5132
vn -0.3677 -0.4586 -0.8090
vn 0.0638 -0.1778 -0.9820
vn 0.3101 -0.0222 -0.9504
vn -0.7533 -0.0218 -0.6574
vn 0.6046 0.0434 -0.7953
vn -0.1636 -0.2831 -0.9450
vn 0.0515 -0.0190 -0.9985
vn 0.0889 0.0246 -0.9957
vn 0.0003 -0.0489 -0.9988
vn -0.1381 -0.1717 -0.9754
vn -0.2847 -0.0158 -0.9585
vn -0.1834 -0.0871 -0.9792
vn 0.4819 -0.7269 -0.4893
vn -0.0010 -0.0314 -0.9995
vn 0.1909 -0.2926 -0.9370
vn -0.3665 -0.8734 -0.3206
vn 0.0479 -0.0304 -0.9984
vn 0.1212 -0.8611 -0.4938
vn 0.1429 0.0115 -0.9897
vn -0.0280 0.5313 -0.8467
vn -0.2364 0.8919 0.3856
vn -0.5472 0.7214 0.4244
vn -0.8788 0.3345 0.3404
vn -0.2725 0.3781 -0.8847
vn 0.0413 0.0326 -0.9986
vn -0.9039 -0.0727 0.4216
vn -0.0002 0.0984 -0.9951
vn -0.6621 -0.3556 0.6597
vn -0.3297 -0.6537 0.6811
vn -0.1228 -0.9255 0.3582
vn 0.5322 0.7399 -0.4114
vn -0.3668 0.8245 -0.4309
vn 0.3837 0.6392 -0.6665
vn -0.5480 0.4219 -0.7223
vn 0.1229 0.7986 -0.5891
vn -0.2198 0.3012 -0.9279
vn 0.3494 0.3329 -0.8759
vn 0.3297 0.2077 -0.9210
vn -0.3954 -0.9178 -0.0361
vn 0.2438 0.9377 -0.2477
vn 0.2875 0.7567 -0.5871
vn -0.1295 -0.0020 -0.9916
vn 0.5191 0.3122 -0.7956
vn -0.3917 0.5908 -0.7053
vn -0.0423 0.4037 -0.9139
vn 0.5730 0.3430 -0.7443
vn 0.2723 0.3854 -0.8817
vn 0.2706 0.1079 -0.9566
vn -0.5870 0.2330 -0.7753
vn -0.4539 0.3465 -0.8209
vn 0.7166 0.3687 -0.5921
vn -0.3749 0.4388 -0.8166
vn 0.1986 -0.0646 -0.9780
vn 0.4046 0.3741 -0.8345
vn 0.4108 0.8256 -0.3868
vn -0.1848 0.6525 -0.7349
vn 0.0944 0.6734 -0.7332
vn 0.0419 0.8702 -0.4909
vn -0.1959 0.4110 -0.8903
vn -0.0614 -0.7862 -0.6149
vn -0.1554 -0.8954 -0.4172
vn 0.1939 -0.8548 -0.4813
vn 0.1143 -0.9337 -0.3393
vn -0.4484 -0.4800 -0.7541
vn -0.5286 0.0862 -0.8445
vn 0.3281 -0.5626 -0.7589
vn 0.4560 -0.4091 -0.7903
vn -0.5729 -0.0698 -0.8166
vn 0.5681 -0.2771 -0.7749
vn -0.4030 -0.1625 -0.9007
vn 0.5936 0.1783 -0.7848
vn 0.4238 0.3336 -0.8421
vn -0.4987 0.3489 -0.7934
vn -0.1934 0.7762 -0.6001
vn 0.1566 0.7096 -0.6870
vn -0.2854 0.6974 -0.6574
vn 0.4127 0.4594 -0.7866
vn -0.1471 0.8011 -0.5802
vn -0.2007 0.7774 -0.5961
vn 0.0041 0.7755 -0.6313
vn -0.9491 -0.3137 0.0281
vn 0.7366 -0.3936 -0.5500
vn -0.1673 -0.7486 -0.6415
vn -0.1804 -0.6416 -0.7455
vn 0.2448 -0.6006 -0.7611
vn 0.4691 -0.2600 -0.8440
vn -0.4918 -0.2567 -0.8320
vn 0.2275 -0.5697 -0.7898
vn 0.3967 -0.0946 -0.9131
vn -0.7422 -0.2812 -0.6082
vn -0.1099 -0.1490 -0.9827
vn -0.0168 -0.1211 -0.9925
vn -0.6238 -0.0063 -0.7815
vn 0.8838 -0.0445 -0.4657
vn 0.0993 -0.0061 -0.9950
vn 0.6204 0.0212 -0.7840
vn -0.7960 -0.0061 -0.6053
vn 0.7746 -0.0333 -0.6315
vn 0.8485 0.1392 -0.5106
vn 0.8710 0.1091 -0.4791
vn 0.1748 -0.9846 -0.0066
vn -0.6314 0.0092 -0.7754
vn -0.7347 -0.6363 -0.2350
vn -0.7522 -0.6368 -0.1694
vn 0.6564 -0.4118 -0.6321
vn 0.1991 0.0838 -0.9764
vn -0.1692 -0.4576 -0.8729
vn -0.2191 -0.8616 -0.4579
vn -0.3633 -0.0203 -0.9314
vn -0.3753 -0.8251 -0.4223
vn 0.1451 -0.3446 -0.9275
vn 0.4296 -0.1590 -0.8889
vn 0.2780 -0.6825 -0.6760
vn -0.5053 -0.3905 -0.7695
vn -0.2058 -0.6172 -0.7594
vn -0.3311 -0.7880 -0.5191
vn -0.1769 -0.7623 -0.6226
vn -0.3719 -0.3227 -0.8704
vn -0.2273 -0.5863 -0.7776
vn 0.1773 -0.7813 -0.5984
vn 0.2486 -0.1213 -0.9610
vn 0.1477 -0.0641 -0.9870
vn -0.5232 0.8428 0.1266
vn -0.9542 0.2834 0.0963
vn 0.1643 0.8504 -0.4998
vn 0.0935 0.7454 -0.6600
vn -0.4472 0.6129 -0.6515
vn 0.2493 -0.1177 -0.9612
vn -0.2750 0.3630 -0.8903
vn -0.8833 -0.3002 0.3600
vn 0.0992 0.0066 -0.9950
vn -0.5553 -0.7061 0.4394
vn -0.3639 -0.9277 0.0835
vn -0.4252 -0.8720 0.2427
vn 0.0877 0.0821 -0.9928
vn 0.5493 0.7355 -0.3966
vn 0.4341 0.4834 -0.7601
vn -0.4628 0.8118 -0.3562
vn -0.5201 0.4129 -0.7477
vn -0.5888 0.2250 -0.7763
vn 0.4184 0.6339 -0.6505
vn 0.3675 0.8670 -0.3365
vn 0.4735 0.0156 -0.8806
vn -0.5500 0.1384 -0.8236
vn -0.0466 0.8187 -0.5724
vn 0.4828 0.7040 -0.5209
vn 0.0811 0.9739 -0.2122
vn -0.4564 0.3389 -0.8227
vn -0.3709 -0.0072 -0.9286
vn 0.2478 0.2599 -0.9333
vn 0.1701 -0.0731 -0.9827
vn -0.4998 0.3991 -0.7687
vn -0.1978 0.7629 -0.6155
vn 0.3630 0.6565 -0.6612
vn -0.2430 0.8564 -0.4555
vn 0.2597 0.6851 -0.6806
vn -0.3204 0.5230 -0.7898
vn 0.0356 0.9083 -0.4168
vn -0.1380 0.8882 -0.4383
vn 0.3711 0.8473 -0.3799
vn -0.2466 0.5158 -0.8205
vn 0.0476 -0.9438 -0.3270
vn 0.3737 -0.7770 -0.5067
vn -0.3893 -0.6542 -0.6484
vn 0.0282 -0.9354 -0.3524
vn -0.4710 -0.6887 -0.5512
vn -0.3012 -0.9166 -0.2629
vn -0.0347 -0.9679 -0.2489
vn -0.6024 0.1871 -0.7760
vn -0.4059 0.5526 -0.7279
vn -0.7256 -0.1658 -0.6679
vn 0.2983 0.7939 -0.5298
vn 0.4406 0.6944 -0.5689
vn 0.5935 0.4169 -0.6884
vn 0.2387 0.8281 -0.5072
vn 0.4268 0.7356 -0.5261
vn 0.1766 0.8935 -0.4128
vn -0.8792 -0.4507 0.1542
vn -0.9152 -0.3731 0.1522
vn 0.1763 -0.8932 -0.4136
vn -0.0563 -0.5806 -0.8123
vn 0.2493 -0.6650 -0.7040
vn 0.0984 -0.4661 -0.8793
vn 0.2397 -0.7123 -0.6596
vn -0.1586 -0.9394 -0.3038
vn -0.5628 -0.5366 -0.6287
vn -0.5198 -0.7337 -0.4376
vn 0.5421 -0.5644 -0.6225
vn 0.4350 -0.5629 -0.7028
vn -0.6215 -0.0280 -0.7829
vn -0.5857 -0.0242 -0.8102
vn 0.0535 -0.1409 -0.9886
vn 0.1964 0.0513 -0.9792
vn -0.0226 -0.2405 -0.9704
vn -0.2242 -0.2672 -0.9372
vn 0.5938 -0.0067 -0.8046
vn 0.6657 -0.4402 -0.6026
vn -0.3821 -0.3656 -0.8487
vn -0.3272 -0.2683 -0.9061
vn 0.4118 -0.9106 -0.0354
vn -0.6712 0.7395 0.0515
vn 0.4769 -0.8073 -0.3477
vn 0.4183 -0.9081 -0.0183
vn 0.1920 -0.9799 -0.0540
vn 0.2911 -0.7977 -0.5282
vn 0.5280 -0.1664 -0.8328
vn -0.9206 -0.1390 -0.3648
vn 0.2887 0.0060 -0.9574
vn -0.5853 -0.6845 -0.4346
vn -0.7657 -0.3513 -0.5388
vn -0.1004 -0.7738 -0.6254
vn -0.1350 0.9903 0.0325
vn -0.0703 0.7992 -0.5969
vn -0.4068 0.6850 -0.6044
vn 0.4095 0.7527 -0.5154
vn -0.6033 0.5851 -0.5419
vn -0.9042 -0.4111 0.1156
vn -0.4695 0.5079 -0.7222
vn 0.2389 -0.0422 -0.9701
vn 0.0169 0.1601 -0.9870
vn -0.0701 0.9515 -0.2995
vn -0.6780 -0.2033 -0.7064
vn -0.9292 0.0509 -0.3660
vn -0.7667 0.0145 -0.6418
vn -0.7788 -0.0117 -0.6272
vn 0.3354 0.6303 -0.7001
vn -0.1624 0.8426 -0.5134
vn -0.3800 0.7278 -0.5709
vn 0.2320 0.2739 -0.9334
vn 0.2965 0.4420 -0.8466
vn 0.5611 0.4436 -0.6988
vn -0.6093 0.3231 -0.7241
vn -0.3667 0.7761 -0.5130
vn 0.1224 0.8707 -0.4763
vn -0.4307 0.7507 -0.5009
vn -0.0640 0.4544 -0.8885
vn -0.2079 -0.8979 -0.3879
vn 0.1856 -0.9518 -0.2441
vn 0.0084 -1.0000 -0.0034
vn -0.3527 -0.8657 -0.3552
vn -0.1827 -0.8535 -0.4881
vn 0.3388 -0.8564 -0.3896
vn 0.0719 0.2444 -0.9670
vn -0.5533 -0.4742 -0.6848
vn -0.7052 -0.0988 -0.7021
vn 0.6383 -0.5398 -0.5488
vn -0.5651 -0.4461 -0.6941
vn 0.7147 -0.2418 -0.6563
vn 0.7225 -0.0245 -0.6910
vn 0.6377 0.3104 -0.7050
vn 0.7219 0.4874 -0.4912
vn -0.6008 0.6033 -0.5245
vn -0.3693 0.8160 -0.4448
vn -0.1930 0.9102 -0.3664
vn -0.3034 0.8913 -0.3370
vn -0.7520 -0.6592 0.0028
vn -0.0545 0.9306 -0.3620
vn -0.3141 -0.2110 -0.9256
vn -0.2751 -0.3426 -0.8983
vn 0.0642 -0.1189 -0.9908
vn -0.0860 -0.0927 -0.9920
vn -0.2890 -0.1765 -0.9409
vn 0.0410 0.0190 -0.9990
vn 0.2604 -0.3026 -0.9169
vn -0.4241 -0.1380 -0.8950
vn -0.3288 -0.7427 -0.5834
vn -0.3149 -0.8621 -0.3970
vn 0.4112 -0.7920 -0.4514
vn 0.3901 -0.4718 -0.7907
vn -0.3920 -0.8364 -0.3831
vn -0.5242 -0.5756 -0.6277
vn -0.4115 -0.6783 -0.6088
vn 0.7704 -0.3499 -0.5330
vn -0.2269 -0.4647 -0.8559
vn -0.1559 -0.4165 -0.8957
vn 0.8926 -0.0109 -0.4508
vn -0.2638 -0.3955 -0.8798
vn -0.0684 -0.0233 -0.9974
vn 0.2832 -0.0235 -0.9588
vn 0.1566 -0.1012 -0.9825
vn -0.5002 -0.0392 -0.8650
vn -0.3098 0.0906 -0.9465
vn 0.3664 0.1585 -0.9169
vn -0.4393 -0.4233 -0.7924
vn -0.1646 0.1772 -0.9703
vn -0.7756 -0.3290 -0.5387
vn 0.8049 0.0099 -0.5934
vn -0.6787 -0.5580 -0.4776
vn -0.7756 -0.1685 -0.6083
vn 0.7451 0.0158 -0.6668
vn 0.8096 -0.0878 -0.5803
vn -0.8449 -0.0545 -0.5321
vn -0.6679 -0.5130 -0.5392
vn -0.6596 -0.5764 -0.4824
vn 0.9143 -0.2950 -0.2774
vn 0.8287 0.2751 -0.4874
vn 0.6432 -0.4011 -0.6522
vn 0.7520 -0.0099 -0.6591
vn -0.0247 -0.9026 -0.4297
vn -0.5746 -0.2929 -0.7642
vn 0.7590 -0.3422 -0.5540
vn 0.1668 -0.6085 -0.7758
vn 0.1674 -0.5020 -0.8485
vn -0.7560 -0.3727 -0.5382
vn -0.1806 -0.7931 -0.5817
vn -0.5563 0.8310 -0.0048
vn 0.4467 -0.1502 -0.8820
vn -0.5398 0.5671 -0.6221
vn 0.2788 0.6598 -0.6978
vn 0.1959 0.8301 -0.5221
vn 0.3201 0.8616 -0.3941
vn 0.1468 0.1129 -0.9827
vn -0.5865 0.6680 -0.4581
vn 0.6258 0.4515 -0.6360
vn 0.2250 0.7217 -0.6546
vn -0.1731 0.3548 -0.9188
vn -0.7633 0.3975 -0.5093
vn -0.0664 0.4797 -0.8749
vn 0.7179 0.0741 -0.6922
vn -0.6200 0.5863 -0.5214
vn -0.8680 0.1742 -0.4650
vn 0.6880 0.1910 -0.7001
vn -0.0310 0.5865 -0.8093
vn 0.7542 0.1368 -0.6422
vn 0.2026 0.6623 -0.7213
vn -0.2679 0.6203 -0.7372
vn -0.3297 0.3685 -0.8692
vn 0.2800 0.5392 -0.7943
vn -0.0609 0.3487 -0.9353
vn -0.8841 0.1095 -0.4543
vn -0.7033 0.3651 -0.6100
vn 0.1754 -0.0189 -0.9843
vn 0.6112 0.3167 -0.7254
vn -0.7930 0.0595 -0.6063
vn -0.7148 0.3684 -0.5945
vn -0.6565 0.6741 -0.3384
vn 0.3187 0.8497 -0.4201
vn -0.2573 0.7957 -0.5483
vn 0.0446 0.8456 -0.5319
vn -0.1027 0.7963 -0.5962
vn 0.1391 0.9247 -0.3543
vn 0.0560 0.9416 -0.3320
vn 0.2027 0.1417 -0.9689
vn 0.3201 -0.9133 -0.2519
vn -0.1215 -0.9497 -0.2885
vn 0.2726 -0.9451 -0.1800
vn 0.0022 -0.9999 0.0131
vn 0.0171 -0.9994 -0.0293
vn 0.3294 -0.8983 -0.2908
vn 0.5518 -0.5005 -0.6671
vn -0.7717 0.0077 -0.6359
vn 0.6654 -0.6158 -0.4219
vn -0.6211 -0.6667 -0.4121
vn 0.7549 0.2463 -0.6079
vn -0.5751 0.5003 -0.6473
vn 0.7713 0.3940 -0.4998
vn -0.4079 0.8187 -0.4042
vn 0.4741 0.7627 -0.4398
vn -0.5445 0.6704 -0.5040
vn -0.2444 0.8999 -0.3613
vn 0.1325 0.9344 -0.3306
vn 0.4716 0.8057 -0.3585
vn -0.0593 0.9417 -0.3312
vn -0.4233 0.8368 -0.3473
vn -0.1341 0.9765 -0.1686
vn 0.0309 0.9967 -0.0756
vn -0.2115 -0.5732 -0.7916
vn -0.3048 -0.4402 -0.8446
vn -0.0792 -0.2134 -0.9738
vn -0.0365 -0.3599 -0.9323
vn -0.0076 -0.4978 -0.8672
vn 0.0127 0.0745 -0.9971
vn 0.0019 -0.3533 -0.9355
vn 0.0244 -0.1674 -0.9856
vn 0.0263 -0.5616 -0.8270
vn 0.1249 -0.2146 -0.9687
vn 0.1560 -0.5516 -0.8194
vn 0.0603 0.0896 -0.9942
vn -0.0284 0.1300 -0.9911
vn 0.1656 0.0921 -0.9819
vn 0.0582 0.3521 -0.9342
vn 0.0011 -0.2338 -0.9723
vn 0.0185 0.0192 -0.9996
vn -0.0019 -0.0818 -0.9966
vn -0.0090 -0.1121 -0.9937
vn 0.1596 0.0170 -0.9870
vn 0.0820 0.2325 -0.9691
vn -0.0193 0.2953 -0.9552
vn -0.3694 -0.3232 -0.8712
vn -0.0649 0.2560 -0.9645
vn -0.3361 -0.1341 -0.9322
vn 0.1129 0.1467 -0.9827
vn 0.1017 -0.0232 -0.9945
vn 0.1768 -0.1898 -0.9658
vn 0.6101 -0.1212 -0.7830
vn 0.1926 0.1692 -0.9666
vn 0.1040 0.3602 -0.9271
vn 0.3838 -0.4434 -0.8100
vn -0.3602 0.1211 -0.9250
vn -0.3382 -0.4280 -0.8382
vn -0.4285 -0.8847 -0.1836
vn -0.5593 -0.4312 -0.7080
vn -0.6229 -0.2383 -0.7452
vn 0.4976 -0.4542 -0.7390
vn 0.0450 -0.1202 -0.9917
vn -0.1082 -0.4701 -0.8759
vn 0.5617 -0.5257 -0.6388
vn 0.4679 -0.7956 -0.3848
vn 0.7688 -0.4081 -0.4924
vn 0.7890 -0.4298 -0.4391
vn 0.9054 -0.0519 -0.4214
vn 0.5282 0.1637 -0.8332
vn 0.4763 0.1540 -0.8657
vn 0.2608 -0.0815 -0.9619
vn -0.4379 -0.6646 -0.6054
vn 0.5202 -0.7994 -0.3007
vn -0.7831 -0.1730 -0.5974
vn -0.2021 -0.9359 -0.2884
vn 0.0184 -0.7161 -0.6978
vn 0.4287 -0.9033 -0.0180
vn 0.0968 -0.9953 -0.0046
vn -0.5716 -0.5414 -0.6165
vn -0.6641 -0.5830 -0.4681
vn 0.3876 -0.2521 -0.8867
vn 0.6481 -0.1493 -0.7467
vn 0.8381 -0.1811 -0.5146
vn -0.6329 -0.1014 -0.7676
vn 0.3550 -0.9348 -0.0076
vn -0.2561 0.3258 -0.9101
vn -0.1043 0.4194 -0.9018
vn 0.0408 0.2591 -0.9650
vn -0.7305 -0.5520 -0.4020
vn -0.6886 0.0422 -0.7239
vn 0.7650 0.3405 -0.5466
vn 0.8002 -0.0347 -0.5987
vn -0.6578 0.0187 -0.7530
vn 0.0795 -0.7266 -0.6824
vn 0.4328 0.0252 -0.9011
vn 0.0649 -0.5503 -0.8324
vn 0.1832 -0.4026 -0.8968
vn 0.1506 -0.6829 -0.7148
vn 0.9405 -0.0736 -0.3317
vn 0.4827 -0.6537 -0.5829
vn 0.4129 -0.1880 -0.8912
vn -0.4383 -0.8987 -0.0127
vn 0.5532 0.7324 -0.3970
vn -0.0844 -0.9960 0.0296
vn 0.5778 0.7704 -0.2694
vn 0.7378 0.3991 -0.5444
vn 0.0831 0.5550 -0.8277
vn -0.0741 0.4317 -0.8990
vn 0.1350 0.2979 -0.9450
vn 0.4029 0.0158 -0.9151
vn 0.4193 -0.0702 -0.9051
vn 0.8373 0.2725 -0.4740
vn -0.5401 0.8335 -0.1163
vn 0.2988 0.6133 -0.7311
vn 0.2288 0.4598 -0.8580
vn 0.1653 0.0523 -0.9849
vn 0.1970 0.4385 -0.8769
vn -0.3891 0.4397 -0.8095
vn -0.8206 0.1898 -0.5391
vn -0.7595 0.5461 -0.3535
vn 0.8553 0.2361 -0.4612
vn -0.7160 0.3764 -0.5880
vn 0.6257 0.6656 -0.4068
vn -0.3633 0.8614 -0.3551
vn -0.5986 0.5845 -0.5478
vn 0.2671 -0.9223 -0.2795
vn 0.7826 -0.3703 -0.5003
vn 0.0875 0.4037 -0.9107
vn -0.6825 0.5000 -0.5331
vn -0.0957 0.6245 -0.7751
vn -0.8879 -0.0257 -0.4593
vn -0.5879 0.7484 -0.3070
vn 0.2892 0.8970 -0.3343
vn -0.0312 0.9364 -0.3496
vn 0.1239 0.9463 -0.2986
vn 0.2525 0.9485 -0.1912
vn -0.9892 -0.1467 -0.0039
vn 0.1256 0.9434 -0.3069
vn 0.0148 -0.6559 -0.7547
vn 0.0292 -0.8187 -0.5735
vn -0.1785 -0.8161 -0.5496
vn 0.0061 -0.4313 -0.9022
vn 0.0339 -0.7683 -0.6392
vn 0.3841 -0.5905 -0.7098
vn 0.3097 -0.3387 -0.8884
vn -0.5556 -0.5764 -0.5993
vn -0.0860 0.2648 -0.9605
vn 0.1458 0.2796 -0.9490
vn -0.0650 -0.9978 0.0157
vn 0.0274 0.6691 -0.7427
vn 0.1071 0.6225 -0.7753
vn -0.5489 0.3217 -0.7715
vn -0.1386 0.4519 -0.8813
vn 0.1532 0.5668 -0.8095
vn -0.6243 -0.3505 -0.6981
vn -0.6639 -0.0715 -0.7444
vn -0.1716 0.4026 -0.8991
vn 0.1278 0.6982 -0.7044
vn -0.1174 0.6096 -0.7840
vn 0.7849 0.0006 -0.6196
vn -0.1155 0.1001 -0.9883
vn -0.3289 0.3109 -0.8917
vn 0.1178 0.1801 -0.9766
vn 0.3258 0.4923 -0.8071
vn 0.1503 -0.3055 -0.9403
vn -0.2187 -0.3938 -0.8928
vn -0.5456 -0.5343 -0.6456
vn -0.4990 0.1208 -0.8581
vn -0.6149 -0.2479 -0.7486
vn -0.1935 0.4669 -0.8629
vn 0.5082 0.3500 -0.7869
vn 0.2798 -0.5191 -0.8076
vn -0.3006 0.3355 -0.8928
vn 0.2180 -0.0269 -0.9756
vn -0.5831 -0.6772 -0.4487
vn 0.5435 -0.7035 -0.4580
vn -0.3562 0.0928 -0.9298
vn -0.3721 -0.7241 -0.5807
vn 0.6727 -0.6279 -0.3915
vn -0.9118 -0.1808 -0.3687
vn -0.7263 -0.6329 -0.2680
vn -0.7185 -0.3960 -0.5718
vn 0.2144 -0.0028 -0.9767
vn 0.4608 -0.4725 -0.7513
vn 0.6013 -0.0231 -0.7987
vn 0.1395 -0.9890 -0.0499
vn 0.8388 -0.1718 -0.5166
vn -0.4860 -0.3143 -0.8155
vn -0.3914 -0.2421 -0.8878
vn 0.7328 -0.4022 -0.5488
vn 0.0799 -0.5651 -0.8211
vn -0.7184 0.1091 -0.6871
vn -0.5684 0.2679 -0.7779
vn -0.5999 -0.4905 -0.6320
vn -0.4648 -0.4960 -0.7334
vn -0.6912 -0.2685 -0.6710
vn -0.3012 -0.4253 -0.8535
vn -0.2709 -0.3819 -0.8836
vn -0.7884 -0.0715 -0.6110
vn -0.8236 -0.0536 -0.5646
vn -0.1288 -0.1432 -0.9813
vn 0.1663 -0.3842 -0.9081
vn 0.0710 -0.0020 -0.9975
vn -0.1904 -0.3012 -0.9344
vn -0.2181 0.0755 -0.9730
vn -0.2749 -0.0474 -0.9603
vn -0.6257 -0.1620 -0.7630
vn 0.3334 -0.4525 -0.8271
vn 0.4382 0.2043 -0.8753
vn -0.0425 -0.0288 -0.9987
vn -0.3875 -0.0979 -0.9167
vn 0.0312 0.2341 -0.9717
vn -0.4194 0.5764 -0.7014
vn -0.2998 0.5314 -0.7923
vn -0.6323 0.1350 -0.7629
vn -0.7809 -0.2496 -0.5726
vn -0.2454 0.4155 -0.8758
vn -0.6382 -0.3841 -0.6672
vn -0.7939 -0.5663 -0.2214
vn -0.5080 0.2326 -0.8294
vn 0.7100 0.1294 -0.6922
vn -0.6998 0.1183 -0.7045
vn 0.1186 -0.9927 -0.0207
vn 0.8347 -0.3291 -0.4415
vn 0.7799 0.1659 -0.6035
vn -0.4669 -0.8237 -0.3218
vn -0.1736 -0.9025 -0.3940
vn 0.5143 0.2338 -0.8251
vn -0.4645 0.8854 -0.0193
vn 0.0422 -0.4710 -0.8811
vn 0.0858 -0.3770 -0.9222
vn 0.0540 -0.7111 -0.7010
vn 0.0666 -0.0898 -0.9937
vn -0.7808 0.1897 -0.5952
vn 0.1590 -0.3890 -0.9074
vn -0.5630 -0.1819 -0.8062
vn -0.6885 -0.1669 -0.7058
vn 0.1051 -0.4995 -0.8599
vn -0.4381 -0.7988 -0.4123
vn 0.1034 -0.7450 -0.6590
vn 0.1289 -0.8547 -0.5029
vn -0.0087 -0.6969 -0.7172
vn -0.3780 -0.5046 -0.7762
vn -0.8678 0.4955 -0.0367
vn -0.9953 0.0117 -0.0959
vn 0.0582 0.9012 -0.4295
vn -0.4704 0.7427 -0.4766
vn 0.2102 0.9045 -0.3710
vn 0.8872 0.4460 -0.1184
vn 0.0792 0.6563 -0.7503
vn 0.9746 -0.0905 -0.2048
vn 0.5915 -0.2501 -0.7666
vn 0.0718 0.4614 -0.8843
vn 0.5597 0.7621 -0.3255
vn 0.1882 0.7474 -0.6372
vn -0.6613 0.6060 -0.4420
vn 0.1944 0.7289 -0.6565
vn 0.7842 0.4726 -0.4021
vn 0.3086 0.5649 -0.7652
vn 0.0700 0.1955 -0.9782
vn 0.2413 0.6515 -0.7192
vn 0.1861 0.4199 -0.8883
vn 0.1623 0.3788 -0.9111
vn 0.6792 -0.1398 -0.7205
vn 0.2370 0.0871 -0.9676
vn 0.2109 0.4472 -0.8692
vn 0.0552 0.2604 -0.9639
vn 0.1675 0.1411 -0.9757
vn 0.1108 0.0460 -0.9928
vn -0.3785 0.5626 -0.7350
vn -0.2010 0.4925 -0.8468
vn 0.3175 0.9483 0.0017
vn -0.7998 0.5429 -0.2560
vn -0.8627 0.0498 -0.5032
vn -0.8698 0.4757 -0.1308
vn 0.6281 0.7205 -0.2938
vn -0.5600 0.6952 -0.4507
vn -0.8921 0.2057 -0.4022
vn 0.4294 0.8429 -0.3244
vn -0.5342 0.7696 -0.3498
vn 0.5480 0.7944 -0.2620
vn 0.1806 0.7331 -0.6557
vn -0.0746 0.9439 -0.3216
vn 0.2757 0.3020 -0.9126
vn -0.2063 0.2904 -0.9344
vn -0.0444 -0.9645 -0.2604
vn 0.2428 -0.7611 -0.6015
vn -0.5026 -0.8174 -0.2816
vn -0.3635 -0.8630 -0.3509
vn -0.2967 -0.9171 -0.2663
vn -0.0944 -0.5888 -0.8028
vn 0.1569 -0.8255 -0.5422
vn -0.0148 -0.9996 0.0229
vn 0.0395 -0.9951 0.0907
vn -0.3109 0.6121 -0.7271
vn -0.8328 -0.0105 -0.5534
vn -0.5571 -0.7215 -0.4113
vn 0.8905 0.1198 -0.4389
vn 0.7805 -0.5405 -0.3142
vn 0.9089 -0.0887 -0.4074
vn -0.4797 0.8380 -0.2603
vn 0.7112 0.6239 -0.3238
vn 0.2973 0.9069 -0.2985
vn -0.3132 0.9157 -0.2519
vn 0.4896 0.7857 -0.3781
vn -0.0244 -0.6985 -0.7151
vn 0.0110 -0.6204 -0.7842
vn -0.3333 -0.7179 -0.6112
vn -0.4887 -0.7109 -0.5058
vn 0.5330 -0.3784 -0.7568
vn -0.4699 -0.8809 0.0571
vn -0.5858 -0.4539 -0.6714
vn -0.3958 0.3489 -0.8495
vn 0.4543 0.2188 -0.8635
vn -0.0367 0.7884 -0.6140
vn -0.8352 -0.5500 0.0049
vn -0.1563 0.4443 -0.8821
vn 0.3845 -0.0164 -0.9230
vn 0.1804 -0.2130 -0.9603
vn -0.2632 0.4007 -0.8776
vn 0.0113 0.4602 -0.8878
vn 0.4049 0.2102 -0.8899
vn -0.4307 0.4083 -0.8048
vn 0.5932 -0.1671 -0.7875
vn -0.5597 -0.1140 -0.8208
vn 0.6528 -0.4602 -0.6018
vn 0.8861 -0.0953 -0.4535
vn -0.4834 -0.2148 -0.8486
vn -0.6411 -0.3834 -0.6649
vn 0.2603 -0.2763 -0.9251
vn 0.6007 0.1590 -0.7835
vn 0.8153 -0.1047 -0.5695
vn -0.4663 -0.8732 -0.1419
vn -0.7996 -0.3258 -0.5045
vn 0.6907 -0.2139 -0.6908
vn -0.5913 0.2661 -0.7613
vn -0.7938 -0.0259 -0.6076
vn 0.3574 -0.3427 -0.8688
vn 0.5707 0.2343 -0.7870
vn -0.3571 -0.0919 -0.9296
vn 0.0125 -0.5218 -0.8530
vn 0.0849 -0.9949 -0.0549
vn -0.7753 -0.0047 -0.6315
vn -0.3286 -0.2348 -0.9148
vn 0.8835 -0.2529 -0.3943
vn -0.3142 -0.2513 -0.9155
vn -0.8049 0.2297 -0.5472
vn 0.5318 -0.6177 -0.5793
vn 0.6287 -0.4684 -0.6207
vn 0.0103 -0.7557 -0.6548
vn -0.2718 -0.6620 -0.6985
vn -0.4367 -0.4053 -0.8031
vn 0.1931 -0.7493 -0.6334
vn -0.3556 -0.5273 -0.7717
vn -0.5878 0.4297 -0.6854
vn 0.6154 -0.4677 -0.6344
vn 0.1815 -0.4814 -0.8575
vn -0.3982 -0.6635 -0.6334
vn 0.2881 0.1614 -0.9439
vn -0.5854 -0.1910 -0.7879
vn -0.2497 -0.2088 -0.9456
vn -0.2042 0.1869 -0.9609
vn 0.3426 0.5536 -0.7590
vn -0.4795 0.2880 -0.8289
vn -0.3674 -0.2575 -0.8937
vn -0.7670 0.2166 -0.6040
vn -0.2502 0.6599 -0.7084
vn -0.0036 0.6028 -0.7979
vn -0.1301 0.3607 -0.9236
vn 0.0712 -0.9965 0.0434
vn -0.6818 -0.6950 -0.2282
vn 0.0295 -0.8151 -0.5786
vn 0.6706 0.2288 -0.7056
vn 0.3633 -0.6193 -0.6961
vn 0.0933 -0.6414 -0.7615
vn -0.3591 0.9331 -0.0187
vn 0.1205 -0.3464 -0.9303
vn 0.1017 -0.4161 -0.9036
vn 0.3610 -0.8888 -0.2825
vn -0.2320 -0.3445 -0.9097
vn 0.4711 -0.6706 -0.5730
vn 0.2678 -0.8084 -0.5242
vn -0.4898 -0.4265 -0.7604
vn 0.5327 -0.1704 -0.8290
vn -0.9340 -0.3557 -0.0324
vn -0.6304 -0.7747 0.0493
vn -0.7213 0.6867 -0.0907
vn 0.5050 0.8312 -0.2326
vn -0.1665 -0.9803 0.1063
vn -0.2437 -0.9608 0.1319
vn 0.9027 -0.2856 -0.3219
vn -0.3259 0.8863 -0.3290
vn -0.3897 0.8970 -0.2083
vn 0.1202 0.4206 -0.8992
vn 0.4809 0.7047 -0.5217
vn 0.0362 0.1475 -0.9884
vn 0.5057 -0.1069 -0.8560
vn 0.0576 0.1202 -0.9911
vn 0.7683 0.5754 -0.2805
vn -0.4942 0.8414 -0.2187
vn -0.0073 0.8696 -0.4937
vn -0.4064 0.6443 -0.6479
vn -0.2676 0.6683 -0.6940
vn -0.6339 -0.7734 -0.0053
vn 0.4094 0.9082 0.0869
vn 0.9033 0.1943 -0.3825
vn 0.2851 0.0402 -0.9576
vn 0.7543 0.4828 -0.4449
vn 0.3921 0.8993 -0.1934
vn -0.6561 0.6942 -0.2962
vn 0.3830 0.7560 -0.5308
vn -0.3466 0.7017 -0.6225
vn -0.4649 0.7501 -0.4704
vn 0.5304 0.4452 -0.7214
vn -0.1862 0.3567 -0.9155
vn 0.2221 0.3742 -0.9004
vn -0.1907 -0.0392 -0.9809
vn 0.0667 -0.0199 -0.9976
vn 0.0439 -0.1884 -0.9811
vn 0.0542 -0.2409 -0.9690
vn 0.3987 -0.4918 -0.7741
vn -0.4617 0.6659 -0.5860
vn -0.5763 -0.2744 -0.7697
vn -0.2875 -0.2703 -0.9189
vn -0.2155 -0.4825 -0.8490
vn 0.5543 -0.1847 -0.8115
vn -0.0848 -0.8908 -0.4465
vn 0.5888 0.1144 -0.8002
vn 0.0605 -0.9829 -0.1738
vn -0.6232 -0.4071 -0.6678
vn 0.5266 -0.8408 -0.1255
vn -0.0527 -0.9494 -0.3095
vn -0.8254 -0.1179 -0.5521
vn 0.6694 -0.6670 -0.3272
vn -0.4053 -0.9054 -0.1267
vn 0.0053 -0.9985 -0.0543
vn -0.8570 -0.3352 -0.3913
vn -0.9633 0.1276 -0.2363
vn -0.7930 0.4930 -0.3579
vn 0.6445 0.6957 -0.3172
vn -0.5500 0.7877 -0.2776
vn 0.3457 0.9205 -0.1822
vn 0.0938 0.9867 -0.1325
vn -0.7916 0.6023 0.1025
vn 0.0225 -0.8521 -0.5230
vn 0.2569 -0.7239 -0.6403
vn 0.5198 -0.6381 -0.5680
vn -0.3596 -0.7355 -0.5742
vn -0.0598 -0.4101 -0.9101
vn 0.3798 0.5735 -0.7258
vn 0.2356 0.6263 -0.7431
vn 0.4346 0.3078 -0.8464
vn 0.1451 0.6927 -0.7064
vn -0.1637 0.7136 -0.6812
vn -0.1823 0.6444 -0.7427
vn -0.4682 0.3270 -0.8209
vn 0.5368 0.4899 -0.6869
vn -0.3377 0.1899 -0.9219
vn 0.5096 0.3628 -0.7802
vn 0.7114 -0.4134 -0.5684
vn 0.5126 -0.0866 -0.8543
vn 0.1872 0.4756 -0.8595
vn 0.4747 -0.8662 -0.1564
vn 0.7304 -0.3793 -0.5681
vn 0.8491 0.0652 -0.5242
vn 0.3954 0.7426 -0.5407
vn -0.4976 -0.7630 -0.4125
vn -0.4039 -0.4591 -0.7913
vn 0.8591 -0.3492 -0.3742
vn 0.7562 -0.5312 -0.3821
vn -0.5260 -0.7816 -0.3354
vn -0.5889 -0.7541 -0.2907
vn -0.8903 -0.2658 -0.3698
vn -0.5616 0.4915 -0.6656
vn 0.7502 0.4147 -0.5150
vn 0.9122 0.1364 -0.3863
vn 0.7915 0.2192 -0.5705
vn -0.5781 -0.7132 -0.3964
vn 0.9617 -0.1143 -0.2490
vn -0.6083 -0.0236 -0.7934
vn 0.2708 -0.6412 -0.7180
vn -0.0446 -0.7844 -0.6187
vn -0.7396 -0.5887 -0.3263
vn -0.5215 -0.3650 -0.7712
vn 0.8555 -0.1093 -0.5062
vn -0.6099 0.7923 0.0142
vn 0.2281 -0.6898 -0.6871
vn -0.0929 -0.5352 -0.8396
vn -0.3935 -0.5735 -0.7185
vn 0.6057 0.2765 -0.7461
vn 0.5211 0.0364 -0.8527
vn 0.1352 -0.3502 -0.9269
vn -0.1332 -0.0730 -0.9884
vn -0.5527 -0.0899 -0.8285
vn -0.4330 0.4191 -0.7980
vn 0.0990 0.6410 -0.7611
vn -0.5647 0.2944 -0.7710
vn -0.8320 -0.0481 -0.5528
vn -0.0209 0.6590 -0.7519
vn -0.7406 -0.2618 -0.6188
vn -0.6001 0.2908 -0.7452
vn -0.6951 -0.6366 -0.3339
vn -0.8674 -0.0037 -0.4975
vn -0.2661 -0.9114 -0.3138
vn 0.1138 -0.9865 -0.1180
vn 0.1328 -0.3943 -0.9093
vn 0.2088 -0.6100 -0.7644
vn 0.1290 -0.4911 -0.8615
vn 0.5839 0.0204 -0.8116
vn 0.8342 -0.2362 -0.4983
vn 0.5716 -0.5941 -0.5660
vn -0.1706 0.9850 0.0272
vn 0.9172 0.3967 -0.0371
vn -0.8551 0.1056 -0.5075
vn 0.6753 -0.2218 -0.7034
vn -0.9025 -0.0691 -0.4252
vn -0.9227 0.3046 -0.2363
vn 0.5546 0.7716 -0.3116
vn 0.0836 0.9946 -0.0607
vn 0.9147 0.2445 -0.3218
vn 0.8696 0.3857 -0.3083
vn 0.5567 0.1674 -0.8137
vn 0.8465 0.4488 -0.2863
vn 0.4911 -0.0616 -0.8689
vn 0.2324 0.1915 -0.9536
vn -0.7113 0.4859 -0.5078
vn 0.0465 0.3632 -0.9305
vn 0.9194 0.2855 -0.2706
vn -0.9071 0.3195 -0.2739
vn -0.1634 0.6485 -0.7435
vn 0.8854 0.3759 -0.2733
vn -0.4177 0.8837 -0.2112
vn -0.8171 0.3814 -0.4323
vn -0.7865 0.6092 0.1015
vn 0.4807 0.8411 -0.2480
vn 0.4964 0.7757 -0.3897
vn -0.4934 0.8253 -0.2746
vn -0.1624 0.6054 -0.7792
vn 0.1893 0.6810 -0.7073
vn 0.2625 0.8897 -0.3736
vn -0.5145 0.1561 -0.8432
vn 0.5571 0.2137 -0.8025
vn -0.5917 0.1042 -0.7994
vn 0.6632 0.1865 -0.7248
vn 0.3347 0.2782 -0.9003
vn 0.4022 -0.4883 -0.7745
vn 0.5309 -0.3121 -0.7879
vn -0.5967 0.2552 -0.7608
vn 0.0974 0.0602 -0.9934
vn -0.4439 -0.4344 -0.7838
vn -0.2540 -0.9639 -0.0794
vn -0.3836 -0.8074 -0.4482
vn -0.3208 -0.9382 -0.1296
vn -0.0275 -0.7899 -0.6126
vn 0.2193 -0.8274 -0.5170
vn 0.0953 -0.2689 -0.9584
vn -0.7268 -0.6234 -0.2884
vn 0.0593 -0.9922 -0.1093
vn -0.0094 -0.9997 0.0232
vn 0.3743 -0.8999 -0.2240
vn 0.7599 0.6249 -0.1791
vn -0.9107 -0.2231 -0.3478
vn -0.8319 0.1497 -0.5343
vn -0.2643 0.6686 -0.6951
vn 0.9215 0.2246 -0.3170
vn -0.0342 0.6616 -0.7491
vn 0.5986 0.7713 -0.2163
vn -0.0137 -0.8946 -0.4466
vn -0.0972 -0.7916 -0.6033
vn 0.2402 -0.8433 -0.4807
vn 0.4446 -0.7660 -0.4642
vn -0.1312 -0.5321 -0.8365
vn -0.3319 -0.7110 -0.6200
vn 0.6877 -0.4963 -0.5298
vn -0.7162 -0.5125 -0.4738
vn 0.4900 -0.0018 -0.8717
vn 0.3887 0.6180 -0.6834
vn 0.6706 0.1016 -0.7349
vn -0.3058 0.6184 -0.7239
vn 0.6541 0.1149 -0.7477
vn 0.0306 0.8954 -0.4442
vn 0.1806 0.8574 -0.4820
vn -0.5725 -0.1574 -0.8046
vn -0.6160 -0.4614 -0.6385
vn 0.5808 -0.1569 -0.7988
vn 0.0098 0.7447 -0.6673
vn -0.8997 -0.3698 -0.2317
vn 0.1468 0.7598 -0.6334
vn -0.4511 0.6498 -0.6118
vn 0.6324 0.6060 -0.4826
vn 0.8592 -0.4142 -0.3002
vn -0.7289 0.3507 -0.5881
vn -0.9377 -0.0271 -0.3463
vn -0.8154 -0.1035 -0.5695
vn -0.8844 -0.1286 -0.4487
vn 0.8666 0.0957 -0.4897
vn 0.2187 -0.8435 -0.4905
vn -0.7305 0.1603 -0.6638
vn -0.9126 0.0623 -0.4042
vn -0.9247 -0.1122 -0.3637
vn 0.7838 -0.4498 -0.4282
vn 0.5654 -0.6635 -0.4899
vn 0.8393 -0.3222 -0.4379
vn -0.7842 0.4175 -0.4590
vn 0.1301 -0.6555 -0.7440
vn 0.1436 -0.6825 -0.7166
vn -0.3686 -0.1880 -0.9104
vn 0.0558 -0.0641 -0.9964
vn 0.0209 -0.3427 -0.9392
vn -0.6181 0.6000 -0.5078
vn 0.2311 -0.9728 -0.0127
vn 0.3715 0.2895 -0.8822
vn -0.3383 0.3284 -0.8819
vn -0.2126 0.4252 -0.8798
vn 0.2162 0.6283 -0.7473
vn -0.3124 0.5814 -0.7512
vn 0.4819 0.3014 -0.8227
vn -0.6841 0.2194 -0.6956
vn -0.1735 0.9793 -0.1046
vn -0.3003 0.5151 -0.8028
vn -0.1753 0.6055 -0.7763
vn -0.0790 0.7322 -0.6764
vn 0.8352 -0.1597 -0.5262
vn -0.0295 0.6031 -0.7971
vn 0.0946 0.3314 -0.9387
vn -0.6714 0.3578 -0.6490
vn -0.8199 0.1716 -0.5462
vn -0.0750 -0.7358 -0.6730
vn 0.0064 -0.5359 -0.8443
vn 0.3127 -0.7213 -0.6180
vn -0.2975 0.9544 -0.0252
vn 0.8362 -0.0484 -0.5463
vn -0.7763 -0.2787 -0.5654
vn -0.3305 -0.7156 -0.6154
vn -0.0201 -0.8875 -0.4604
vn -0.4561 -0.7338 -0.5035
vn 0.6195 -0.2083 -0.7569
vn -0.9536 0.2835 -0.1014
vn 0.6420 -0.2912 -0.7093
vn -0.0996 0.9099 -0.4028
vn 0.4113 0.8522 -0.3234
vn 0.7645 -0.3246 -0.5569
vn 0.9184 -0.3816 -0.1048
vn 0.5887 0.7978 -0.1303
vn -0.2484 -0.9656 0.0767
vn 0.9863 0.1585 -0.0456
vn 0.8756 0.4509 -0.1734
vn -0.7584 0.5914 -0.2740
vn -0.2079 -0.9778 -0.0267
vn -0.7922 0.4941 -0.3582
vn 0.8744 -0.2128 -0.4360
vn 0.4120 0.5956 -0.6896
vn -0.1946 0.7384 -0.6457
vn -0.6670 0.6802 -0.3040
vn 0.9258 0.3443 -0.1559
vn -0.7146 0.6695 0.2030
vn -0.6707 0.7281 -0.1419
vn -0.6127 0.7495 -0.2508
vn -0.5561 0.7969 -0.2359
vn 0.3208 0.9436 -0.0824
vn -0.5201 0.5324 -0.6679
vn -0.6730 0.0382 -0.7387
vn 0.8442 0.0735 -0.5310
vn -0.7551 0.2087 -0.6215
vn -0.6729 0.4559 -0.5825
vn 0.6705 0.4210 -0.6108
vn 0.8002 0.1280 -0.5859
vn -0.6580 0.0568 -0.7509
vn -0.7907 -0.2123 -0.5742
vn -0.4362 -0.1394 -0.8890
vn -0.7259 -0.2455 -0.6425
vn 0.7627 -0.2652 -0.5899
vn -0.2536 -0.0503 -0.9660
vn -0.5847 0.7843 -0.2076
vn -0.2668 -0.9545 -0.1332
vn 0.7357 -0.4131 -0.5367
vn 0.7122 -0.5210 -0.4705
vn -0.5950 -0.6621 -0.4557
vn 0.3580 -0.9169 -0.1767
vn 0.3836 -0.9190 -0.0914
vn 0.1073 -0.2080 -0.9722
vn -0.1728 -0.5165 -0.8387
vn -0.2725 -0.9104 -0.3115
vn -0.1051 -0.9911 -0.0814
vn -0.4911 0.7971 -0.3513
vn 0.9414 -0.2767 -0.1929
vn -0.9397 -0.0543 -0.3377
vn 0.9380 -0.2769 -0.2084
vn 0.8685 0.4394 -0.2295
vn -0.7218 0.6679 -0.1814
vn 0.4458 0.8810 -0.1582
vn -0.3999 0.9097 -0.1119
vn -0.0046 0.9909 0.1342
vn 0.2312 0.9688 0.0894
vn -0.1824 0.9105 0.3710
vn -0.2707 0.9620 0.0357
vn 0.0034 0.6582 -0.7528
vn -0.1472 0.9671 -0.2072
vn 0.0792 0.9826 0.1680
vn -0.8480 -0.5292 0.0294
vn 0.7752 0.6318 -0.0005
vn 0.0183 0.9608 -0.2765
vn -0.0032 -0.9743 -0.2253
vn -0.3461 -0.8250 -0.4468
vn 0.0247 -0.8717 -0.4894
vn 0.2017 -0.2873 -0.9364
vn 0.5944 -0.0104 -0.8041
vn -0.6748 -0.7124 -0.1927
vn 0.6471 -0.6862 -0.3323
vn -0.4859 -0.8639 -0.1326
vn -0.2806 0.4665 -0.8388
vn 0.3886 0.4595 -0.7987
vn 0.6067 0.4370 -0.6640
vn -0.5679 0.1631 -0.8067
vn 0.7121 -0.1386 -0.6883
vn 0.7112 -0.3833 -0.5894
vn -0.7124 0.0024 -0.7018
vn 0.8082 -0.3564 -0.4689
vn -0.2428 0.7632 -0.5989
vn -0.5696 0.1075 -0.8149
vn 0.3504 0.1222 -0.9286
vn -0.3903 -0.9010 -0.1896
vn -0.7354 -0.5536 -0.3908
vn 0.4704 0.3327 -0.8173
vn 0.8570 -0.2607 -0.4444
vn -0.8529 -0.4442 -0.2744
vn -0.9598 -0.1452 -0.2404
vn 0.7237 0.2392 -0.6473
vn 0.7975 -0.4309 -0.4222
vn -0.9763 0.0012 -0.2163
vn -0.7424 0.6699 -0.0126
vn 0.2181 -0.9746 -0.0517
vn -0.6858 -0.7180 -0.1192
vn 0.9159 0.0123 -0.4011
vn -0.8113 -0.2385 -0.5337
vn 0.9851 -0.0980 -0.1413
vn 0.8848 -0.4599 -0.0752
vn -0.7976 -0.5904 -0.1235
vn -0.6495 0.2393 -0.7218
vn -0.6019 -0.6159 -0.5083
vn 0.2155 -0.8698 -0.4439
vn -0.3262 -0.8346 -0.4439
vn -0.6778 -0.4871 -0.5508
vn 0.5239 -0.3861 -0.7592
vn -0.1824 -0.8072 -0.5614
vn 0.6077 -0.4289 -0.6684
vn -0.0793 -0.6066 -0.7910
vn -0.2419 -0.7806 -0.5763
vn -0.4492 0.5697 -0.6883
vn 0.6493 0.2651 -0.7129
vn -0.5135 0.0890 -0.8535
vn -0.8308 -0.2761 -0.4832
vn 0.0801 0.4303 -0.8991
vn -0.5853 0.3661 -0.7235
vn -0.2787 -0.8089 -0.5176
vn 0.0101 -0.1518 -0.9884
vn 0.7654 0.3582 -0.5347
vn 0.9005 -0.1044 -0.4222
vn -0.5151 -0.4955 -0.6994
vn -0.2548 0.9668 -0.0168
vn 0.6220 -0.5339 -0.5728
vn 0.3360 -0.6815 -0.6501
vn 0.2830 0.9589 0.0214
vn -0.6215 0.6913 -0.3686
vn -0.0514 0.9649 -0.2576
vn -0.9620 0.1589 -0.2222
vn 0.7291 -0.2516 -0.6365
vn -0.9925 0.1193 -0.0268
vn 0.9436 -0.3311 0.0065
vn -0.2441 -0.9688 -0.0430
vn -0.0891 0.1106 -0.9899
vn -0.9265 0.3531 -0.1302
vn -0.7318 -0.6815 -0.0085
vn -0.3284 0.9445 -0.0028
vn 0.7566 0.4827 -0.4410
vn -0.8470 -0.3935 -0.3574
vn -0.7287 0.6148 0.3016
vn 0.4361 0.8792 -0.1919
vn 0.8514 0.2408 -0.4660
vn -0.6951 0.7163 0.0613
vn -0.5530 -0.6843 -0.4754
vn -0.7055 -0.3372 -0.6234
vn -0.6673 -0.6232 -0.4080
vn -0.5025 -0.6915 -0.5189
vn 0.6232 -0.4622 -0.6309
vn 0.4620 -0.8865 -0.0263
vn -0.7834 -0.5901 -0.1951
vn 0.6749 -0.6829 -0.2796
vn 0.6388 -0.7437 -0.1971
vn -0.7847 -0.6016 -0.1492
vn -0.7763 0.4408 -0.4507
vn 0.9860 0.1619 -0.0405
vn -0.3536 0.7582 -0.5478
vn 0.2059 0.0545 -0.9771
vn -0.6013 0.7959 -0.0707
vn 0.7310 0.6573 -0.1833
vn -0.6111 0.7912 -0.0214
vn 0.7549 0.6404 -0.1415
vn 0.4498 0.8809 -0.1472
vn -0.3658 0.9258 -0.0957
vn -0.1403 0.9895 -0.0334
vn 0.0610 0.9519 0.3002
vn 0.1774 0.9827 -0.0537
vn -0.2335 0.9485 -0.2140
vn -0.2468 0.7037 -0.6662
vn 0.6925 0.7214 0.0072
vn -0.5869 0.7898 -0.1781
vn -0.0007 -0.9998 -0.0223
vn 0.0807 -0.9781 -0.1917
vn -0.2916 -0.7119 -0.6389
vn 0.4912 -0.8602 -0.1368
vn -0.4932 -0.8632 -0.1080
vn 0.7836 -0.4518 -0.4265
vn -0.8303 -0.5009 -0.2442
vn 0.2760 0.8340 -0.4778
vn -0.2918 0.8423 -0.4531
vn -0.5241 0.4603 -0.7165
vn 0.5630 0.0176 -0.8263
vn 0.5321 0.2445 -0.8106
vn -0.5766 0.6893 -0.4387
vn 0.8612 0.2448 -0.4455
vn -0.7001 -0.2287 -0.6764
vn -0.6606 -0.3146 -0.6817
vn 0.9154 -0.2690 -0.2995
vn -0.7256 -0.5702 -0.3851
vn -0.6068 -0.6970 -0.3821
vn 0.9133 -0.3610 -0.1887
vn -0.9182 -0.3922 0.0549
vn 0.4301 0.5401 -0.7234
vn -0.9563 -0.2761 -0.0962
vn 0.5789 0.4950 -0.6480
vn -0.6982 0.5980 -0.3937
vn 0.9269 0.3234 -0.1906
vn -0.5904 -0.8070 0.0148
vn 0.5271 -0.8105 -0.2554
vn 0.5112 -0.8571 0.0636
vn 0.9862 -0.0464 -0.1591
vn 0.8126 -0.4622 -0.3551
vn 0.5666 -0.8237 -0.0223
vn 0.7268 0.3216 -0.6069
vn -0.8897 -0.3195 -0.3261
vn -0.9291 0.1935 -0.3153
vn -0.9538 -0.1635 -0.2521
vn -0.9122 0.3288 -0.2444
vn 0.5656 -0.3927 -0.7252
vn 0.5968 -0.6236 -0.5048
vn -0.2075 -0.8608 -0.4647
vn 0.4045 -0.8059 -0.4323
vn 0.6702 0.3638 -0.6469
vn 0.7625 0.3416 -0.5495
vn -0.6271 0.7789 -0.0040
vn -0.8111 -0.5819 0.0588
vn 0.0526 0.5194 -0.8529
vn -0.2591 0.3779 -0.8888
vn 0.8099 0.3419 -0.4766
vn 0.1055 0.5316 -0.8404
vn 0.9888 0.1495 0.0027
vn -0.7309 -0.0735 -0.6785
vn 0.0428 0.7352 -0.6765
vn -0.4916 0.5099 -0.7060
vn -0.8142 0.1839 -0.5507
vn 0.0385 -0.9552 -0.2936
vn -0.3074 -0.8128 -0.4949
vn -0.1373 -0.1947 -0.9712
vn -0.1740 0.1248 -0.9768
vn 0.6899 -0.3657 -0.6247
vn 0.1763 -0.7585 -0.6274
vn -0.5213 -0.7453 -0.4158
vn 0.9127 0.4044 -0.0587
vn -0.0235 -0.3470 -0.9376
vn 0.0540 0.1099 -0.9925
vn 0.1931 -0.1775 -0.9650
vn 0.3301 -0.5142 -0.7916
vn -0.9054 -0.0759 -0.4177
vn 0.5644 -0.3590 -0.7433
vn -0.9044 -0.2423 -0.3511
vn -0.2522 -0.4749 -0.8431
vn -0.6330 -0.5540 -0.5407
vn -0.0608 -0.8244 -0.5627
vn 0.7946 0.0292 -0.6064
vn 0.9451 -0.3045 -0.1186
vn 0.8491 -0.2424 -0.4692
vn -0.2193 0.9756 0.0107
vn 0.1522 0.9883 0.0125
vn -0.7220 0.6288 -0.2887
vn -0.1833 -0.9811 -0.0627
vn -0.6222 0.6275 -0.4681
vn 0.8461 0.5193 -0.1202
vn 0.4216 0.8600 0.2876
vn -0.8375 0.5414 -0.0742
vn -0.6574 0.6565 -0.3699
vn -0.9304 0.3635 0.0476
vn 0.9210 -0.2292 -0.3151
vn -0.9751 0.0798 -0.2069
vn -0.0274 0.9754 0.2186
vn -0.3968 0.8930 -0.2122
vn -0.3638 0.9154 -0.1725
vn 0.3264 0.1817 -0.9276
vn -0.8917 0.3898 -0.2302
vn 0.3019 0.1650 -0.9389
vn 0.6646 0.7393 -0.1087
vn -0.1605 0.5751 -0.8022
vn 0.7478 0.5910 -0.3024
vn -0.8924 0.1971 -0.4059
vn 0.6605 0.3886 -0.6425
vn 0.4461 0.8808 -0.1584
vn 0.5220 0.8138 -0.2556
vn -0.9027 0.2958 -0.3125
vn -0.9231 -0.2893 -0.2533
vn -0.8131 -0.2697 -0.5158
vn 0.8488 -0.3800 -0.3676
vn -0.4538 -0.8885 0.0678
vn -0.3328 -0.9363 -0.1118
vn -0.5354 -0.8446 -0.0032
vn -0.0998 -0.9858 -0.1350
vn -0.7509 -0.5701 -0.3334
vn 0.9239 0.1582 -0.3485
vn 0.6380 0.7674 -0.0629
vn -0.5610 0.8270 -0.0361
vn 0.6534 0.7545 -0.0617
vn -0.6970 0.7150 -0.0540
vn 0.0386 0.9174 0.3962
vn -0.4027 0.8963 -0.1856
vn 0.4256 0.9045 0.0287
vn 0.0922 0.8818 0.4626
vn 0.4456 0.8930 -0.0639
vn 0.0433 0.4203 -0.9064
vn 0.0360 0.9883 -0.1483
vn 0.2434 0.9644 -0.1031
vn -0.2640 0.9592 -0.1011
vn -0.9824 0.1864 0.0118
vn 0.0086 -0.9804 -0.1970
vn -0.0954 -0.9951 0.0242
vn 0.2403 -0.9706 -0.0100
vn 0.2825 -0.3793 -0.8811
vn -0.4541 -0.8908 -0.0139
vn 0.7234 0.1887 -0.6642
vn 0.9520 0.2994 -0.0633
vn 0.8711 -0.4602 -0.1713
vn -0.9218 -0.3081 -0.2354
vn -0.8621 0.1626 -0.4799
vn 0.7235 0.6903 -0.0104
vn 0.9529 0.2375 -0.1886
vn 0.9484 0.2411 -0.2060
vn -0.3016 0.8731 -0.3831
vn -0.8818 -0.3749 -0.2863
vn 0.1384 0.9445 -0.2980
vn 0.7072 -0.6395 -0.3017
vn 0.5172 -0.8559 0.0018
vn 0.6205 0.7160 -0.3197
vn 0.3813 0.8705 -0.3112
vn -0.7586 -0.4432 -0.4776
vn 0.9523 -0.2776 -0.1270
vn -0.2084 0.9496 -0.2343
vn -0.8541 0.4665 -0.2301
vn -0.5166 0.8562 0.0016
vn -0.9823 -0.0970 -0.1601
vn -0.9146 0.1198 -0.3861
vn 0.9698 -0.2229 0.0988
vn 0.9954 -0.0380 0.0883
vn -0.9992 -0.0111 0.0374
vn 0.6711 -0.6152 -0.4137
vn 0.2635 -0.7708 -0.5801
vn -0.4712 -0.7924 -0.3873
vn -0.7650 0.6078 -0.2131
vn -0.9650 -0.1755 -0.1948
vn -0.6833 -0.6757 -0.2767
vn 0.9094 0.4138 -0.0413
vn 0.2979 0.3714 -0.8794
vn -0.2984 0.0992 -0.9493
vn -0.1113 0.4148 -0.9031
vn 0.2611 -0.2892 -0.9210
vn -0.3220 -0.4250 -0.8460
vn 0.8698 0.1554 -0.4682
vn -0.8335 0.0853 -0.5459
vn -0.9229 0.0241 -0.3843
vn 0.1365 -0.0104 -0.9906
vn -0.5665 0.3536 -0.7443
vn 0.8832 0.0313 -0.4679
vn 0.2655 -0.1263 -0.9558
vn 0.7901 0.0144 -0.6128
vn -0.8358 -0.0794 -0.5433
vn -0.1386 -0.8354 -0.5320
vn 0.9336 0.0606 -0.3531
vn -0.9524 0.0783 -0.2946
vn -0.6862 -0.2119 -0.6959
vn 0.6756 -0.2225 -0.7029
vn -0.0104 -0.3088 -0.9511
vn 0.8946 -0.2972 -0.3336
vn -0.5497 0.7964 -0.2521
vn -0.8347 -0.5485 -0.0488
vn -0.3220 0.9295 -0.1795
vn 0.7920 0.5993 -0.1164
vn -0.8428 0.5382 -0.0113
vn 0.9056 -0.2994 -0.3006
vn 0.9947 0.0829 -0.0606
vn 0.9223 -0.1577 -0.3529
vn -0.5428 -0.8388 -0.0410
vn 0.8249 0.2117 -0.5241
vn 0.3250 0.7502 -0.5758
vn 0.6795 -0.0589 -0.7313
vn -0.5956 0.8010 -0.0604
vn 0.9639 0.2583 -0.0643
vn 0.5614 0.8137 -0.1506
vn -0.4762 0.8780 -0.0478
vn 0.9644 0.0072 -0.2644
vn 0.8831 0.4364 -0.1722
vn 0.9426 -0.1280 -0.3086
vn -0.4405 -0.8871 -0.1380
vn 0.7758 -0.2568 -0.5764
vn -0.2778 -0.8486 -0.4502
vn 0.5898 -0.7124 -0.3802
vn 0.1891 -0.9819 0.0112
vn 0.5158 -0.8564 0.0219
vn 0.7535 -0.6572 -0.0188
vn -0.6031 -0.7975 -0.0120
vn -0.4274 -0.8860 0.1798
vn -0.9773 0.1211 -0.1736
vn 0.2057 0.6921 -0.6919
vn 0.2058 0.6921 -0.6918
vn -0.9933 -0.1005 -0.0577
vn 0.8908 0.4535 -0.0301
vn -0.5118 0.8521 0.1095
vn -0.4692 0.8830 0.0134
vn 0.2662 0.9625 0.0518
vn -0.0894 0.9872 0.1321
vn 0.1826 0.9441 -0.2745
vn -0.2056 0.9675 0.1473
vn -0.2966 0.9526 0.0684
vn 0.1169 0.9892 -0.0887
vn -0.3964 0.8377 -0.3757
vn -0.0094 0.7940 -0.6078
vn -0.0048 0.9444 -0.3288
vn -0.9014 0.4329 0.0061
vn -0.3515 0.9359 -0.0238
vn 0.5200 0.8527 -0.0505
vn 0.2807 -0.9444 -0.1713
vn -0.0333 -0.6520 -0.7575
vn 0.8657 -0.1217 -0.4856
vn -0.3246 -0.9266 -0.1899
vn 0.9141 0.0900 -0.3953
vn 0.9487 0.3010 -0.0965
vn -0.5798 0.8121 0.0654
vn 0.4409 -0.0573 -0.8957
vn -0.6141 0.2207 -0.7577
vn -0.9136 -0.1656 -0.3714
vn 0.9514 -0.3068 -0.0263
vn 0.4149 0.7912 -0.4492
vn 0.8224 0.5006 -0.2702
vn -0.9723 -0.2332 0.0134
vn -0.9881 -0.1482 0.0419
vn 0.9221 0.3670 0.1228
vn 0.9283 -0.3514 0.1214
vn -0.8311 -0.4526 -0.3231
vn 0.6165 -0.7302 -0.2944
vn 0.9255 -0.3545 -0.1336
vn -0.5975 -0.7999 0.0553
vn -0.6992 -0.6733 -0.2403
vn -0.9816 0.1831 0.0534
vn -0.8441 0.4994 -0.1951
vn -0.5627 -0.3330 -0.7566
vn 0.3123 0.2782 -0.9083
vn 0.0334 0.4827 -0.8751
vn 0.0228 0.0246 -0.9994
vn -0.7880 -0.1618 -0.5940
vn -0.1270 -0.1580 -0.9793
vn 0.0015 0.1982 -0.9802
vn 0.1717 -0.3465 -0.9222
vn -0.5566 -0.1038 -0.8243
vn -0.5010 0.0691 -0.8627
vn 0.0370 0.5131 -0.8575
vn -0.0201 -0.1801 -0.9834
vn -0.9074 0.2596 -0.3304
vn -0.9858 0.0713 -0.1522
vn 0.9119 0.3898 0.1284
vn 0.9846 0.0777 -0.1566
vn -0.8469 -0.4124 -0.3357
vn 0.3516 -0.8507 -0.3908
vn 0.0121 0.9997 0.0227
vn 0.9417 -0.3358 -0.0216
vn -0.7272 0.6793 -0.0992
vn 0.2220 0.9716 -0.0823
vn 0.1563 0.9874 0.0259
vn 0.4360 0.8930 -0.1120
vn 0.9765 0.2105 -0.0470
vn -0.2007 -0.9787 -0.0441
vn 0.1764 0.9445 -0.2772
vn -0.9778 0.2079 0.0252
vn -0.6734 0.6547 -0.3434
vn -0.6372 0.7671 -0.0750
vn 0.7285 0.6804 0.0795
vn 0.1659 0.9859 -0.0214
vn 0.9047 0.4005 -0.1451
vn 0.3405 0.6508 -0.6786
vn -0.9425 0.3304 0.0493
vn 0.9011 0.4254 -0.0835
vn -0.6613 0.7492 -0.0372
vn -0.6378 0.7659 0.0811
vn 0.9035 0.4281 -0.0190
vn -0.3316 0.9428 0.0350
vn 0.9434 0.2832 -0.1728
vn -0.9019 0.4243 -0.0807
vn 0.4469 0.7094 -0.5450
vn 0.7810 -0.1670 -0.6017
vn 0.7745 0.5851 -0.2402
vn 0.0080 0.5969 -0.8023
vn 0.8991 -0.3184 -0.3005
vn -0.9732 -0.2001 -0.1135
vn -0.5768 0.7392 0.3476
vn 0.9964 0.0792 0.0291
vn 0.9247 -0.3479 -0.1544
vn -0.9393 -0.3421 0.0247
vn -0.8926 -0.4173 -0.1707
vn 0.6509 -0.7585 -0.0300
vn -0.8054 -0.5717 -0.1566
vn -0.3072 -0.9453 0.1095
vn 0.5150 -0.8513 0.1009
vn -0.3125 -0.9486 0.0494
vn -0.3745 -0.8094 -0.4523
vn 0.7335 -0.6129 -0.2938
vn 0.2842 -0.9494 -0.1334
vn -0.7868 -0.6167 -0.0252
vn -0.9994 -0.0123 0.0331
vn 0.2053 -0.8586 -0.4698
vn 0.9028 -0.4296 0.0197
vn 0.9881 0.0092 0.1535
vn -0.4843 0.8650 0.1311
vn -0.3331 0.9393 0.0823
vn -0.4351 0.8986 -0.0572
vn 0.3772 0.2074 -0.9026
vn 0.7280 -0.2180 -0.6500
vn -0.1093 0.9923 0.0582
vn -0.1172 0.9848 -0.1282
vn -0.0209 0.7920 -0.6101
vn -0.1140 0.7573 -0.6430
vn 0.0510 0.6934 -0.7187
vn 0.1404 0.9818 0.1279
vn 0.1188 0.9929 0.0008
vn 0.8267 -0.5567 -0.0813
vn 0.0030 -0.9999 0.0110
vn -0.1984 -0.9801 0.0057
vn 0.1149 -0.9908 -0.0717
vn 0.9955 0.0309 0.0894
vn 0.6328 -0.7693 -0.0877
vn 0.9712 0.2382 -0.0113
vn 0.7820 -0.6049 -0.1503
vn -0.1650 -0.9851 -0.0489
vn -0.6289 -0.4851 -0.6076
vn 0.4502 -0.8906 -0.0646
vn 0.4581 -0.8885 0.0278
vn 0.6195 0.3559 -0.6997
vn 0.4088 0.8639 -0.2942
vn -0.8322 0.4119 -0.3712
vn 0.8153 -0.0397 -0.5777
vn 0.1763 0.8814 -0.4383
vn -0.0811 0.9904 -0.1115
vn 0.3566 0.9282 0.1057
vn 0.5870 0.8096 0.0077
vn -0.9157 -0.3968 -0.0641
vn -0.8468 0.5317 0.0172
vn 0.5627 -0.8134 -0.1476
vn 0.9554 0.2890 0.0610
vn 0.9595 0.2715 0.0758
vn 0.7103 0.6860 -0.1580
vn -0.9727 0.2087 0.1016
vn 0.9641 -0.2484 -0.0933
vn -0.9820 -0.0261 0.1870
vn -0.9966 0.0232 -0.0791
vn -0.9664 -0.2295 -0.1158
vn 0.0450 -0.9964 0.0725
vn 0.9993 -0.0046 -0.0382
vn 0.9061 0.4153 0.0811
vn 0.8994 0.4313 0.0714
vn 0.4453 -0.8862 -0.1277
vn 0.1131 -0.9834 -0.1418
vn 0.4552 -0.8731 -0.1749
vn -0.3592 -0.9273 -0.1051
vn 0.2846 -0.8038 -0.5223
vn -0.7517 -0.5760 -0.3212
vn -0.0042 -0.9860 0.1664
vn 0.8842 0.4592 -0.0851
vn 0.8825 0.4274 -0.1965
vn 0.0369 -0.9623 0.2694
vn -0.6192 -0.6935 -0.3682
vn -0.2509 -0.9679 0.0133
vn 0.3038 -0.0142 -0.9526
vn 0.0337 0.2106 -0.9770
vn 0.6385 -0.1343 0.7578
vn -0.9165 0.2247 0.3309
vn 0.9893 -0.1419 -0.0349
vn -0.9766 -0.1990 -0.0820
vn 0.0311 -0.9987 0.0396
vn 0.9146 0.3680 -0.1675
vn 0.9555 -0.2813 -0.0887
vn 0.9169 -0.3082 0.2537
vn -0.5653 0.8248 -0.0074
vn -0.7148 0.6926 -0.0966
vn -0.9937 0.0186 -0.1107
vn 0.9392 -0.3434 0.0045
vn 0.4589 0.8876 -0.0394
vn 0.9466 -0.3027 -0.1114
vn 0.0441 0.9815 0.1863
vn -0.4325 0.9016 0.0040
vn -0.3552 0.9310 0.0838
vn 0.9696 -0.2413 -0.0418
vn -0.9498 0.2931 0.1098
vn -0.3662 0.9171 0.1574
vn 0.9978 -0.0161 0.0636
vn 0.8491 0.2021 -0.4881
vn 0.9388 -0.3200 0.1274
vn 0.9737 -0.2277 0.0108
vn -0.6337 0.7725 -0.0408
vn 0.4364 0.8168 -0.3774
vn 0.3375 0.9187 0.2053
vn 0.5403 0.8401 -0.0473
vn 0.4694 0.8728 0.1340
vn 0.6628 0.7468 0.0544
vn -0.8743 0.4798 0.0736
vn -0.9727 0.2317 0.0142
vn 0.8719 0.4890 -0.0276
vn -0.6543 0.6335 0.4131
vn 0.9686 0.2180 -0.1194
vn 0.9306 0.3301 0.1584
vn 0.8728 0.4479 0.1941
vn 0.9327 -0.3495 -0.0892
vn -0.3340 0.8957 -0.2936
vn -0.3687 0.9058 0.2089
vn -0.9701 -0.2378 -0.0482
vn 0.9553 -0.2677 0.1257
vn -0.9853 -0.1710 -0.0000
vn 0.4180 -0.9031 0.0986
vn 0.2659 -0.9568 0.1174
vn -0.2438 -0.9660 0.0855
vn 0.5687 0.8131 0.1244
vn -0.6748 0.0646 0.7352
vn -0.6888 0.7082 0.1547
vn 0.4490 0.8931 0.0273
vn 0.3818 0.9223 -0.0606
vn -0.4003 0.9161 -0.0221
vn 0.4358 0.8991 0.0420
vn -0.1699 0.9673 -0.1884
vn 0.2695 0.9629 0.0126
vn -0.0750 0.9971 -0.0144
vn -0.4291 0.8628 0.2672
vn 0.8888 0.2427 -0.3888
vn 0.4053 0.8657 -0.2938
vn 0.4706 0.5847 0.6609
vn -0.0371 0.9953 0.0893
vn 0.0306 0.9693 -0.2438
vn -0.0031 0.9846 0.1746
vn -0.0183 0.9547 -0.2972
vn 0.0015 0.9582 -0.2862
vn -0.0438 0.9303 -0.3642
vn 0.0282 0.9711 0.2369
vn 0.0281 0.9925 -0.1194
vn -0.2355 -0.9718 0.0144
vn 0.0030 -0.9972 0.0742
vn -0.4732 -0.8625 0.1795
vn 0.2556 0.2905 -0.9221
vn -0.0798 0.9918 0.0995
vn 0.8236 -0.2458 -0.5112
vn -0.6428 0.7660 -0.0084
vn -0.9919 -0.0317 -0.1232
vn 0.0917 0.9926 -0.0791
vn -0.9599 0.2578 0.1097
vn 0.9412 -0.3375 0.0181
vn -0.9905 -0.1257 0.0566
vn -0.2168 0.9291 0.2996
vn -0.6311 0.7749 -0.0347
vn 0.9976 0.0283 0.0636
vn 0.7015 -0.7098 0.0642
vn 0.3257 -0.9331 0.1523
vn -0.9199 -0.3517 0.1734
vn -0.7507 -0.6210 0.2254
vn -0.6492 -0.7530 -0.1069
vn -0.9597 -0.2772 0.0454
vn -0.1014 -0.9815 -0.1622
vn 0.0397 -0.9949 0.0926
vn -0.2605 -0.8773 -0.4031
vn -0.6486 -0.7429 -0.1656
vn -0.1597 -0.9865 0.0357
vn 0.1020 0.0583 0.9931
vn 0.9709 0.0205 0.2385
vn -0.9264 -0.0885 0.3659
vn 0.9214 -0.3739 0.1055
vn -0.7579 0.6410 -0.1212
vn 0.4616 0.8230 0.3310
vn 0.5360 0.8442 -0.0012
vn -0.7675 0.6194 0.1655
vn 0.9403 -0.3401 0.0160
vn -0.2134 -0.9637 -0.1604
vn 0.6449 0.7627 0.0495
vn -0.7131 0.6714 0.2018
vn 0.2177 0.9750 0.0440
vn 0.9331 0.3251 0.1536
vn -0.8296 0.5510 0.0905
vn 0.2241 0.9670 0.1208
vn -0.6491 0.6635 0.3720
vn 0.9114 0.0097 0.4115
vn -0.9250 0.3679 0.0954
vn 0.8924 -0.2629 0.3667
vn 0.9833 -0.0809 0.1631
vn 0.6292 0.7308 -0.2649
vn -0.5578 0.8183 -0.1390
vn 0.9461 0.3235 -0.0154
vn 0.5767 0.8169 0.0127
vn 0.4504 0.8916 -0.0464
vn 0.4201 0.9075 -0.0019
vn 0.5908 0.7952 0.1362
vn -0.5602 0.8274 0.0402
vn 0.4463 0.6741 0.5885
vn 0.9303 -0.3522 0.1030
vn -0.8632 -0.4255 0.2719
vn 0.8329 -0.4954 0.2468
vn 0.0512 -0.9986 -0.0160
vn 0.4963 -0.8578 0.1333
vn -0.7516 -0.5839 0.3069
vn 0.9138 -0.3011 0.2726
vn 0.8233 -0.3748 0.4263
vn -0.8041 0.5864 0.0983
vn 0.9765 0.1324 0.1701
vn -0.3287 0.9263 -0.1841
vn -0.1672 0.9557 0.2424
vn 0.6438 0.7642 0.0392
vn 0.8988 -0.2580 0.3545
vn 0.2548 0.9649 0.0630
vn -0.0479 0.9988 -0.0070
vn -0.4438 0.7170 0.5376
vn 0.9317 0.0393 0.3611
vn 0.6393 0.6399 0.4264
vn -0.0400 0.9378 0.3449
vn -0.1279 0.8193 0.5589
vn -0.0051 0.8052 0.5929
vn 0.1000 0.9471 0.3050
vn -0.5223 0.8419 0.1353
vn 0.0608 -0.9788 0.1955
vn -0.2489 -0.7793 0.5751
vn 0.5890 -0.5292 0.6107
vn -0.4548 -0.8192 0.3494
vn 0.6769 -0.7118 0.1876
vn 0.8084 0.1299 0.5741
vn 0.7925 0.2187 0.5693
vn -0.8482 -0.5122 0.1353
vn 0.9106 -0.4119 0.0334
vn 0.8391 -0.5109 0.1867
vn -0.4499 -0.8483 0.2791
vn 0.8620 -0.3467 0.3697
vn 0.8206 -0.5455 0.1708
vn -0.9334 -0.3570 0.0366
vn 0.9127 -0.3352 0.2335
vn 0.9990 0.0420 0.0172
vn 0.7724 0.5513 -0.3153
vn 0.3284 0.9423 0.0646
vn -0.9589 -0.1139 0.2598
vn -0.6755 0.7132 0.1874
vn -0.1781 0.9627 0.2039
vn 0.8051 0.2009 0.5581
vn -0.5810 -0.7324 0.3551
vn 0.9045 0.2769 0.3245
vn 0.9442 -0.1944 0.2657
vn 0.7089 0.3457 0.6148
vn -0.8583 0.3571 0.3684
vn 0.9139 -0.3600 0.1875
vn -0.9826 -0.1659 0.0832
vn -0.7511 -0.5964 0.2831
vn 0.9192 0.0511 0.3906
vn 0.7250 0.2991 0.6204
vn 0.2459 -0.9305 0.2714
vn -0.7758 -0.5939 0.2131
vn 0.7071 -0.5795 0.4052
vn 0.8567 -0.3514 0.3776
vn 0.1558 -0.9536 0.2575
vn -0.9668 -0.0042 0.2556
vn 0.2881 -0.9170 0.2760
vn -0.4208 -0.8482 0.3217
vn 0.7075 0.3432 0.6177
vn 0.1048 -0.8902 0.4434
vn -0.9088 0.4065 0.0940
vn 0.7988 0.3269 0.5051
vn -0.6483 -0.7131 0.2666
vn -0.5332 0.8386 -0.1116
vn -0.7861 0.2372 0.5708
vn 0.0672 -0.8612 0.5038
vn -0.2639 -0.8532 0.4499
vn 0.1153 0.2328 0.9657
vn -0.4646 0.1108 0.8785
vn 0.8455 0.1827 0.5018
vn 0.5253 0.1735 0.8331
vn -0.8650 0.1004 0.4915
vn 0.7237 0.3106 0.6163
vn 0.9088 -0.2789 0.3105
vn -0.9059 -0.1140 0.4078
vn -0.0592 -0.8205 0.5686
vn 0.7247 0.0532 0.6870
vn 0.7977 0.5418 -0.2647
vn -0.3382 0.9220 -0.1887
vn -0.4661 0.8442 0.2645
vn 0.7333 -0.3098 0.6053
vn -0.8784 -0.4585 -0.1347
vn -0.6773 0.5964 0.4308
vn -0.0956 -0.9853 -0.1416
vn -0.2324 -0.9518 -0.2000
vn 0.7817 -0.2552 0.5690
vn -0.9155 0.3135 0.2521
vn 0.7494 0.6431 0.1577
vn -0.6633 0.6724 0.3285
vn 0.8526 -0.2431 0.4625
vn 0.2731 0.9460 0.1747
vn 0.8214 0.5286 0.2143
vn -0.4349 0.7626 0.4789
vn 0.9434 0.3242 0.0698
vn -0.2913 0.8285 0.4782
vn 0.6965 -0.1949 0.6906
vn -0.6881 0.6870 0.2335
vn 0.3328 0.6945 0.6379
vn -0.5166 0.8297 0.2116
vn -0.9464 0.2385 0.2178
vn 0.4121 0.9005 0.1387
vn 0.4443 0.8739 0.1972
vn 0.5966 0.3754 0.7093
vn 0.8378 -0.1089 0.5351
vn 0.8297 -0.3409 0.4420
vn -0.9053 0.0878 0.4157
vn -0.0068 0.6485 0.7612
vn -0.8531 -0.2660 0.4488
vn 0.6662 0.4611 0.5861
vn 0.9079 -0.0155 0.4188
vn 0.8720 0.0313 0.4885
vn 0.8420 -0.3432 0.4162
vn 0.5863 0.7830 0.2079
vn -0.5620 -0.8186 0.1181
vn 0.9123 0.0728 0.4030
vn 0.8718 -0.4852 0.0679
vn 0.4996 -0.8371 0.2229
vn 0.1668 -0.9826 0.0822
vn 0.6838 -0.6893 0.2391
vn 0.7562 0.6223 0.2022
vn 0.8562 0.0891 0.5088
vn -0.9527 0.0247 0.3030
vn 0.8091 0.5606 0.1763
vn -0.9872 -0.1187 0.1065
vn 0.8781 0.3739 0.2987
vn 0.6465 0.7587 0.0793
vn -0.3436 0.9262 -0.1552
vn 0.3729 -0.0775 0.9246
vn 0.0513 0.9964 0.0679
vn -0.2974 0.9548 -0.0037
vn 0.2361 0.9679 0.0865
vn -0.0580 0.7544 0.6539
vn 0.1950 0.8122 0.5499
vn 0.0053 0.8351 0.5500
vn 0.6045 0.7883 0.1153
vn -0.7281 0.6815 0.0739
vn -0.0106 -0.9904 0.1376
vn -0.0084 -0.8401 0.5423
vn 0.1302 -0.9536 0.2715
vn 0.4046 -0.8537 0.3279
vn -0.5865 -0.8054 0.0856
vn 0.5174 -0.8005 0.3024
vn -0.7226 -0.6685 0.1757
vn -0.8681 -0.4944 -0.0442
vn -0.9170 -0.3783 0.1268
vn 0.6519 0.4173 0.6332
vn -0.1589 0.8930 0.4210
vn -0.8585 0.3173 0.4029
vn 0.7957 -0.1375 0.5898
vn 0.4817 -0.8513 0.2082
vn -0.9252 -0.3453 0.1572
vn -0.6123 0.4605 0.6427
vn 0.0132 0.9807 0.1950
vn 0.7534 0.6223 0.2123
vn 0.3093 0.8790 0.3628
vn -0.5499 0.7997 0.2410
vn 0.5462 -0.7939 0.2671
vn 0.9090 -0.3401 0.2408
vn 0.9205 -0.0259 0.3899
vn -0.4902 0.8713 0.0218
vn 0.5101 -0.7905 0.3390
vn 0.1596 -0.8707 0.4651
vn 0.6734 -0.6443 0.3626
vn 0.6347 -0.6261 0.4530
vn -0.4667 -0.8095 0.3561
vn -0.7346 -0.4235 0.5301
vn -0.7951 0.5912 0.1350
vn -0.2319 -0.6680 0.7071
vn 0.6962 0.3127 0.6461
vn 0.0563 0.7878 0.6134
vn 0.0211 0.4216 0.9065
vn 0.8696 0.1994 0.4516
vn -0.8382 0.2399 0.4898
vn 0.3555 -0.7810 0.5136
vn -0.6987 -0.5429 0.4659
vn 0.7681 -0.1441 0.6239
vn -0.1263 0.9838 -0.1273
vn -0.8004 0.5275 -0.2848
vn 0.5134 0.7944 0.3245
vn 0.9824 0.1735 0.0692
vn -0.1157 0.9829 0.1432
vn -0.6306 0.7521 0.1916
vn 0.5326 0.8210 0.2058
vn 0.8964 0.4056 0.1789
vn -0.2603 0.9581 0.1194
vn -0.7464 0.6181 0.2467
vn -0.4671 0.6208 0.6296
vn -0.3655 0.8054 0.4666
vn 0.6276 0.4198 0.6556
vn 0.3329 0.8834 0.3298
vn 0.9225 0.3366 0.1889
vn 0.9447 0.2602 0.1996
vn -0.8988 0.3476 0.2672
vn 0.4783 0.8689 0.1276
vn -0.5873 0.7862 0.1925
vn 0.7513 0.5366 0.3842
vn 0.2673 0.9273 0.2622
vn 0.3307 0.9102 0.2493
vn -0.4329 0.8894 0.1470
vn 0.4488 0.1337 0.8836
vn -0.1511 0.6099 0.7779
vn 0.4922 0.1267 0.8612
vn -0.8313 0.2856 0.4769
vn 0.6452 0.5376 0.5429
vn 0.6251 -0.1081 0.7730
vn 0.5179 -0.1446 0.8431
vn 0.7568 -0.4228 0.4984
vn -0.6376 -0.7072 0.3056
vn 0.6280 -0.7135 0.3108
vn 0.7830 -0.5637 0.2629
vn -0.6541 -0.7493 0.1035
vn 0.3604 -0.1244 0.9244
vn 0.9840 -0.0688 0.1646
vn -0.8271 -0.4611 0.3213
vn -0.4788 -0.8585 0.1834
vn 0.9506 -0.0564 0.3054
vn -0.9118 0.3274 0.2477
vn -0.8217 0.5211 0.2307
vn -0.6307 0.7254 0.2758
vn -0.6321 0.7528 0.1835
vn 0.7827 0.5908 0.1956
vn 0.6252 0.7725 0.1116
vn 0.1208 0.9851 0.1227
vn -0.2318 0.9549 0.1855
vn 0.5067 0.8307 0.2305
vn 0.0786 0.9954 -0.0552
vn -0.1049 0.9703 0.2179
vn 0.3891 0.0939 0.9164
vn -0.0716 0.9947 0.0744
vn -0.2883 0.6450 0.7077
vn 0.1761 0.4238 0.8885
vn 0.0215 0.6554 0.7550
vn -0.9994 0.0273 0.0203
vn 0.0960 0.9588 0.2674
vn 0.0097 -0.9343 0.3563
vn -0.1278 -0.6027 0.7877
vn 0.4751 -0.2071 0.8552
vn -0.0705 -0.4954 0.8658
vn -0.4698 -0.7207 0.5097
vn -0.4599 -0.5308 0.7119
vn 0.7089 -0.5776 0.4047
vn -0.6660 -0.5152 0.5394
vn 0.7574 -0.3800 0.5310
vn -0.7686 -0.3119 0.5586
vn -0.9070 -0.1870 0.3774
vn -0.2766 0.7595 0.5888
vn 0.1842 0.8864 0.4247
vn 0.5839 0.4769 0.6569
vn -0.6806 0.1434 0.7185
vn 0.0034 0.9303 0.3668
vn -0.3476 0.7393 0.5766
vn -0.8791 -0.1063 0.4646
vn 0.8765 -0.3295 0.3511
vn -0.3284 -0.7144 0.6179
vn -0.1013 0.7820 0.6150
vn 0.5406 -0.7896 0.2902
vn -0.7949 0.4902 0.3574
vn 0.7527 0.5088 0.4178
vn 0.9443 0.0261 0.3282
vn 0.7869 0.0013 0.6171
vn -0.8481 -0.2934 0.4411
vn -0.8164 0.2474 0.5218
vn -0.9509 -0.0482 0.3056
vn 0.7963 -0.1747 0.5791
vn -0.8765 -0.3762 0.3003
vn -0.8905 -0.2550 0.3769
vn -0.7983 -0.4409 0.4102
vn 0.1685 -0.8612 0.4796
vn -0.2980 -0.7526 0.5872
vn -0.7837 -0.5355 0.3147
vn 0.6848 -0.3591 0.6341
vn 0.0771 -0.8264 0.5578
vn 0.5685 -0.6720 0.4746
vn 0.3741 -0.8885 0.2656
vn 0.2976 -0.8898 0.3459
vn -0.7433 0.6662 -0.0601
vn -0.6628 0.7461 -0.0635
vn 0.0809 -0.9075 0.4121
vn -0.4667 -0.2931 0.8344
vn 0.0122 0.4694 0.8829
vn -0.6711 -0.3294 0.6642
vn 0.1260 -0.3680 0.9212
vn 0.0003 0.8881 0.4597
vn 0.6776 0.5133 0.5267
vn -0.6148 0.5251 0.5884
vn -0.1099 0.5733 0.8119
vn -0.3412 -0.0058 0.9400
vn 0.4825 -0.5621 0.6717
vn 0.1365 -0.9566 0.2573
vn 0.8555 -0.3093 0.4153
vn 0.5747 0.0617 0.8161
vn 0.1189 -0.9017 0.4158
vn 0.6373 -0.2809 0.7176
vn 0.4154 0.7994 0.4340
vn 0.6969 -0.2651 0.6664
vn -0.4544 -0.8721 -0.1813
vn 0.6989 -0.2544 0.6685
vn -0.2219 -0.9351 -0.2763
vn -0.6525 0.6191 0.4369
vn 0.6992 0.6398 0.3191
vn 0.6284 -0.1725 0.7585
vn -0.7958 0.3943 0.4596
vn -0.9211 0.1556 0.3569
vn 0.9098 0.1983 0.3646
vn 0.1538 0.7558 0.6364
vn 0.8078 0.3145 0.4985
vn 0.3633 0.7734 0.5195
vn -0.8399 0.0286 0.5420
vn 0.8436 -0.0875 0.5297
vn -0.9019 0.1554 0.4031
vn 0.3775 0.1967 0.9049
vn -0.7002 -0.6907 -0.1804
vn -0.8767 0.4642 0.1264
vn 0.1747 0.3766 0.9098
vn -0.7194 0.5467 0.4284
vn 0.2971 0.9352 0.1926
vn 0.6272 0.7487 0.2149
vn -0.4858 0.7815 0.3916
vn -0.7791 0.3321 0.5316
vn -0.5239 0.5935 0.6109
vn 0.2715 0.1852 0.9445
vn 0.2066 0.1517 0.9666
vn -0.7350 -0.0509 0.6761
vn 0.7283 -0.4129 0.5468
vn 0.7061 0.0799 0.7036
vn 0.7119 0.0659 0.6992
vn 0.8351 -0.3033 0.4590
vn -0.8624 -0.2756 0.4246
vn -0.3351 -0.9190 0.2076
vn -0.6248 -0.7208 0.3001
vn 0.3744 -0.9073 0.1915
vn -0.2600 -0.9541 0.1488
vn -0.9334 -0.3532 0.0629
vn -0.2605 -0.9539 0.1490
vn 0.2885 -0.9495 0.1237
vn 0.2325 0.0080 0.9726
vn -0.9209 -0.3208 0.2215
vn 0.9204 0.2930 0.2588
vn -0.3441 0.5929 0.7280
vn 0.3066 0.9224 -0.2348
vn 0.3387 0.8531 -0.3969
vn -0.2629 0.9364 -0.2324
vn 0.3404 0.9146 0.2181
vn 0.0538 0.2407 0.9691
vn -0.3279 0.9090 0.2575
vn 0.1098 0.3135 0.9432
vn 0.7291 0.6109 0.3087
vn 0.0273 -0.8869 0.4612
vn 0.0012 -0.8588 0.5124
vn 0.1050 -0.8439 0.5262
vn 0.2435 -0.8649 0.4390
vn 0.5490 0.0275 0.8354
vn -0.2417 -0.5725 0.7835
vn 0.8566 -0.1086 0.5045
vn 0.3653 0.6584 0.6581
vn -0.4499 0.6722 0.5880
vn 0.5062 0.0644 0.8600
vn 0.6889 -0.6534 0.3137
vn 0.7501 -0.6326 0.1929
vn 0.5026 -0.1389 0.8533
vn 0.1017 0.7721 0.6273
vn -0.6054 0.0253 0.7955
vn -0.3210 0.7690 0.5529
vn -0.6505 0.3496 0.6743
vn 0.6846 -0.5558 0.4716
vn -0.5606 -0.6938 0.4521
vn 0.8128 -0.2411 0.5303
vn -0.8463 -0.2599 0.4649
vn -0.4651 0.6805 0.5662
vn -0.5844 0.5508 0.5959
vn 0.6566 0.2176 0.7222
vn -0.7506 -0.5308 0.3935
vn 0.8289 -0.1917 0.5255
vn 0.3791 -0.8015 0.4625
vn -0.6296 0.7760 0.0376
vn -0.5593 -0.4978 0.6629
vn -0.6145 -0.5610 0.5548
vn -0.8103 -0.0553 0.5833
vn 0.7867 -0.2199 0.5769
vn 0.4697 -0.6443 0.6035
vn 0.2930 -0.8403 0.4560
vn -0.4565 -0.6767 0.5777
vn -0.6506 -0.5871 0.4816
vn -0.5897 -0.4850 0.6458
vn 0.6134 0.2878 0.7354
vn -0.6019 0.4490 0.6604
vn 0.4947 0.2504 0.8322
vn 0.1690 -0.9263 0.3368
vn -0.5978 -0.7150 0.3624
vn -0.5266 0.3495 0.7750
vn -0.6675 -0.0762 0.7407
vn 0.6867 0.2867 0.6680
vn -0.0350 0.7945 0.6063
vn -0.4154 0.6565 0.6296
vn -0.7649 0.2166 0.6066
vn 0.5619 0.5513 0.6167
vn -0.1074 0.7859 0.6089
vn -0.7794 0.1066 0.6173
vn 0.7247 -0.2141 0.6550
vn -0.7668 -0.4175 0.4876
vn -0.5588 -0.7110 0.4269
vn 0.3049 0.7473 0.5904
vn 0.7530 0.2899 0.5908
vn -0.6312 0.5543 0.5426
vn 0.7582 0.0265 0.6515
vn -0.8242 0.1696 0.5403
vn 0.0361 -0.1825 0.9825
vn 0.6598 -0.0849 0.7466
vn -0.5574 -0.3222 0.7652
vn -0.2437 0.9474 -0.2075
vn -0.7592 -0.2262 0.6103
vn -0.5574 -0.7765 0.2938
vn -0.8799 0.4174 -0.2270
vn 0.1316 0.8702 0.4749
vn -0.3755 -0.9267 -0.0135
vn -0.5910 0.7032 0.3953
vn -0.8127 0.4411 0.3807
vn 0.0772 0.9762 0.2026
vn -0.5002 0.8340 0.2327
vn 0.8084 0.2247 0.5441
vn 0.8502 -0.2412 0.4679
vn -0.0728 0.9095 0.4092
vn 0.7639 -0.0394 0.6441
vn -0.3130 0.6195 0.7199
vn -0.1406 0.5644 0.8135
vn 0.3054 0.1507 0.9402
vn -0.3301 0.8603 0.3886
vn 0.6116 0.3806 0.6937
vn 0.4834 0.5338 0.6938
vn -0.6332 0.2492 0.7328
vn 0.2772 0.0741 0.9579
vn -0.6511 -0.2329 0.7224
vn 0.6595 -0.1440 0.7378
vn -0.8693 -0.4743 0.1390
vn 0.6781 -0.2708 0.6833
vn 0.4368 -0.8103 0.3906
vn 0.2865 -0.9255 0.2478
vn -0.0622 -0.9974 0.0375
vn 0.5930 -0.7333 0.3325
vn 0.8764 0.0213 0.4811
vn -0.8958 0.2506 0.3670
vn -0.6076 0.7257 0.3228
vn 0.7045 0.6352 0.3165
vn 0.7358 0.5224 0.4310
vn 0.1894 0.1209 0.9744
vn -0.2636 0.9269 -0.2671
vn 0.0492 0.9988 -0.0089
vn -0.7886 0.5831 -0.1951
vn 0.4965 0.8255 0.2685
vn 0.5136 0.8336 0.2033
vn -0.8110 0.5550 -0.1851
vn -0.4207 0.8582 0.2941
vn -0.2561 0.9004 0.3518
vn -0.0293 0.5313 0.8467
vn 0.0601 0.4936 0.8676
vn -0.9009 0.4069 0.1513
vn 0.0015 -0.9195 0.3931
vn -0.0909 -0.8263 0.5558
vn 0.1039 -0.8684 0.4848
vn 0.3147 -0.1674 0.9343
vn 0.2414 -0.7539 0.6111
vn -0.1107 -0.4657 0.8780
vn 0.5261 -0.6341 0.5666
vn 0.6965 -0.4727 0.5398
vn -0.3475 -0.7313 0.5870
vn 0.0454 0.7679 0.6390
vn -0.1320 0.7817 0.6096
vn -0.4305 0.3853 0.8162
vn -0.7146 0.1193 0.6893
vn 0.4980 0.3783 0.7803
vn 0.3754 0.3275 0.8671
vn -0.0424 0.7729 0.6331
vn -0.4891 0.3805 0.7848
vn -0.6500 -0.1666 0.7414
vn -0.7962 -0.2235 0.5623
vn 0.5349 -0.7119 0.4551
vn -0.6244 -0.3793 0.6828
vn 0.6387 0.3220 0.6988
vn 0.0951 0.6120 0.7851
vn 0.4908 0.4757 0.7299
vn 0.8704 -0.3142 0.3791
vn 0.7352 -0.4618 0.4962
vn -0.7228 -0.1300 0.6787
vn 0.2448 -0.9439 0.2218
vn -0.7048 0.1281 0.6977
vn -0.7443 -0.3239 0.5841
vn -0.7928 -0.2450 0.5581
vn 0.9254 -0.0631 0.3737
vn 0.6749 -0.4554 0.5806
vn -0.1010 -0.7048 0.7022
vn -0.3534 -0.6826 0.6396
vn 0.2703 -0.6795 0.6820
vn 0.6050 -0.5417 0.5836
vn -0.0725 -0.6345 0.7695
vn 0.0933 -0.9267 0.3639
vn 0.1544 0.6695 0.7266
vn 0.3119 0.6202 0.7198
vn 0.1915 -0.9178 0.3478
vn 0.7953 0.1595 0.5849
vn -0.7924 -0.3446 0.5033
vn -0.3015 -0.1671 0.9387
vn -0.0590 0.7568 0.6510
vn 0.2645 0.7379 0.6209
vn 0.1270 0.6897 0.7129
vn -0.0391 -0.7603 0.6485
vn 0.7461 -0.2837 0.6023
vn 0.2069 -0.5525 0.8075
vn -0.8892 -0.4235 -0.1732
vn -0.3091 -0.7708 0.5571
vn 0.0904 0.0770 0.9929
vn -0.1206 0.1187 0.9856
vn 0.1408 -0.0210 0.9898
vn -0.6148 0.0879 0.7838
vn -0.8225 -0.2539 0.5090
vn -0.0634 -0.2567 0.9644
vn -0.5476 -0.2010 0.8123
vn 0.0375 -0.5734 0.8184
vn 0.6691 -0.3479 0.6567
vn 0.2412 -0.7636 0.5990
vn -0.3357 -0.7908 0.5119
vn 0.6086 -0.5994 0.5199
vn -0.1944 0.9691 -0.1517
vn 0.5418 -0.2498 0.8025
vn -0.1691 0.8643 -0.4736
vn 0.5780 0.7884 0.2107
vn 0.7769 0.6190 0.1152
vn 0.6581 0.6073 0.4451
vn -0.6990 0.6921 0.1802
vn -0.2854 0.5005 0.8173
vn -0.2734 0.7849 0.5560
vn 0.6134 0.5497 0.5671
vn 0.8397 0.3492 0.4159
vn -0.8249 0.1304 0.5501
vn 0.8130 0.4653 0.3499
vn 0.4033 -0.0036 0.9151
vn -0.4795 0.6574 0.5813
vn -0.4138 0.7783 0.4723
vn -0.8501 0.3522 0.3916
vn -0.5990 0.7005 0.3879
vn -0.5168 0.3782 0.7680
vn -0.6131 -0.1972 0.7650
vn 0.7218 -0.1992 0.6628
vn 0.0754 0.9112 0.4051
vn -0.5789 -0.3063 0.7557
vn 0.5339 -0.4671 0.7049
vn -0.3662 -0.8928 0.2622
vn -0.3719 -0.8457 0.3828
vn 0.3625 -0.7303 0.5790
vn -0.6590 -0.4016 0.6360
vn -0.3697 -0.8455 0.3854
vn -0.6320 -0.5372 0.5586
vn 0.5600 -0.6584 0.5029
vn 0.1919 -0.9666 0.1700
vn -0.8718 -0.0632 0.4857
vn 0.7859 -0.4883 0.3794
vn 0.9265 0.0471 0.3734
vn 0.7642 0.5630 0.3146
vn 0.0118 0.8055 -0.5925
vn -0.4448 0.8506 0.2804
vn 0.2125 0.8934 -0.3957
vn -0.1791 0.9706 0.1607
vn 0.0700 0.9877 0.1396
vn 0.0069 0.9335 0.3584
vn -0.0031 0.9765 0.2154
vn 0.0082 0.9454 0.3259
vn 0.0094 -0.7442 0.6679
vn -0.3046 -0.8339 0.4604
vn 0.5864 -0.0346 0.8093
vn -0.6230 -0.1612 0.7654
vn 0.8083 -0.2804 0.5177
vn -0.5797 -0.5556 0.5961
vn 0.3318 0.4223 0.8435
vn 0.6706 -0.0263 0.7414
vn -0.1103 0.7414 0.6619
vn -0.5108 -0.7520 0.4166
vn 0.4412 -0.3495 0.8265
vn 0.2330 0.3337 0.9134
vn 0.5166 0.0912 0.8514
vn 0.0447 0.6143 0.7878
vn -0.2854 0.7312 0.6196
vn 0.3226 0.8122 0.4861
vn 0.0563 0.8276 0.5585
vn -0.2373 0.6601 0.7127
vn -0.4533 0.3343 0.8263
vn -0.8332 -0.3942 0.3878
vn 0.4044 -0.4457 0.7986
vn 0.1495 -0.2319 0.9612
vn -0.0802 0.6242 0.7771
vn -0.2382 -0.0804 0.9679
vn 0.7197 -0.3810 0.5803
vn 0.5151 -0.4108 0.7523
vn 0.7465 -0.2475 0.6176
vn 0.7654 -0.3206 0.5580
vn 0.0669 -0.9432 0.3255
vn -0.5603 0.0031 0.8283
vn -0.7320 -0.3867 0.5609
vn 0.0108 -0.6687 0.7435
vn 0.3078 -0.6666 0.6789
vn 0.2730 -0.4523 0.8490
vn -0.4995 -0.4396 0.7465
vn 0.2658 -0.4494 0.8529
vn -0.5496 -0.3528 0.7573
vn -0.4902 -0.3422 0.8016
vn -0.3735 0.9089 -0.1855
vn -0.3066 0.5649 0.7661
vn -0.5704 0.2657 0.7772
vn -0.0231 0.4721 0.8812
vn -0.5073 0.2475 0.8255
vn -0.3241 0.3219 0.8896
vn 0.0218 0.4552 0.8901
vn -0.1656 0.6789 0.7153
vn 0.0344 0.1110 0.9932
vn -0.0440 0.2960 0.9542
vn -0.6624 0.3771 0.6473
vn 0.2808 0.6328 0.7216
vn -0.3472 0.7218 0.5987
vn 0.0822 -0.5998 0.7959
vn 0.0361 -0.7180 0.6951
vn -0.0237 -0.6282 0.7777
vn -0.1023 -0.4387 0.8928
vn 0.1131 0.6014 0.7909
vn 0.0990 0.0458 0.9940
vn -0.0505 0.0355 0.9981
vn 0.0298 -0.0541 0.9981
vn 0.1258 0.1613 0.9789
vn -0.5310 0.0064 0.8474
vn -0.7307 0.1165 0.6727
vn 0.0918 -0.2013 0.9752
vn 0.7081 0.1287 0.6943
vn 0.0513 0.1575 0.9862
vn -0.8554 -0.0633 0.5142
vn -0.8367 0.0015 0.5477
vn 0.1432 -0.2163 0.9658
vn -0.5191 -0.4591 0.7209
vn -0.8043 -0.1932 0.5619
vn -0.6213 -0.6645 0.4153
vn 0.0455 -0.6473 0.7609
vn -0.3196 -0.8742 0.3655
vn -0.9082 -0.0969 -0.4072
vn -0.4503 0.4981 0.7410
vn 0.5547 0.6862 0.4706
vn -0.1816 -0.9386 -0.2933
vn 0.9198 0.0507 0.3891
vn -0.5056 0.5283 0.6821
vn 0.1562 0.9660 0.2062
vn -0.8831 0.2574 0.3924
vn -0.3560 0.8889 0.2884
vn 0.4274 0.1054 0.8979
vn 0.8721 0.2703 0.4080
vn 0.0436 0.2694 0.9620
vn 0.2063 0.1522 0.9666
vn 0.1066 0.2592 0.9599
vn 0.4668 0.7132 0.5229
vn 0.2028 0.9502 0.2368
vn 0.2437 0.9031 0.3535
vn 0.2744 0.8666 0.4168
vn 0.1731 0.9096 0.3776
vn -0.5467 0.2808 0.7888
vn 0.4500 0.1464 0.8809
vn 0.4321 0.7971 0.4217
vn -0.4129 0.5540 0.7229
vn 0.5123 -0.0195 0.8586
vn 0.2761 -0.1058 0.9553
vn 0.2551 -0.9086 0.3307
vn 0.2849 -0.6891 0.6663
vn 0.4883 -0.7853 0.3807
vn -0.2361 -0.9265 0.2930
vn 0.3535 -0.7829 0.5119
vn 0.1425 -0.9755 0.1678
vn 0.5422 -0.7564 0.3659
vn 0.6593 0.6601 0.3601
vn 0.5972 -0.7449 0.2974
vn -0.4531 -0.7828 0.4265
vn -0.4834 -0.8290 0.2812
vn 0.7845 -0.3651 0.5013
vn 0.8759 0.1390 0.4620
vn -0.9210 -0.0767 0.3819
vn -0.8501 -0.0059 0.5267
vn -0.5978 0.6526 0.4656
vn -0.6886 0.5682 0.4505
vn 0.4327 0.8472 0.3083
vn -0.1252 0.8287 -0.5456
vn 0.1618 0.9519 0.2603
vn 0.4450 0.8474 0.2897
vn 0.0175 -0.7133 0.7006
vn -0.0050 -0.5986 0.8010
vn 0.0024 -0.7268 0.6869
vn 0.1270 -0.2102 0.9694
vn -0.0032 -0.3006 0.9537
vn -0.4882 -0.8715 -0.0463
vn 0.4496 -0.8922 -0.0424
vn 0.5857 -0.4022 0.7037
vn -0.1577 -0.4898 0.8575
vn 0.0997 0.2921 0.9512
vn -0.1680 0.4879 0.8566
vn -0.4510 0.0026 0.8925
vn 0.3938 -0.2841 0.8742
vn 0.0771 0.4135 0.9072
vn 0.9330 0.1498 0.3272
vn 0.5372 0.3768 0.7546
vn -0.3394 0.5866 0.7353
vn 0.5042 -0.8521 0.1402
vn 0.6777 -0.6313 0.3771
vn -0.4393 -0.4411 0.7826
vn -0.2375 0.3350 0.9118
vn -0.6237 0.1363 0.7697
vn -0.5262 -0.2273 0.8194
vn -0.4351 -0.2121 0.8750
vn 0.3657 0.3373 0.8674
vn -0.3103 0.5860 0.7486
vn 0.6297 -0.2279 0.7427
vn -0.6258 -0.5881 0.5123
vn -0.2506 -0.8315 0.4959
vn -0.4446 0.5295 0.7225
vn 0.7017 -0.1060 0.7045
vn -0.5946 0.2143 0.7749
vn 0.0162 -0.8150 0.5793
vn 0.7706 -0.0732 0.6331
vn -0.5180 -0.3890 0.7618
vn 0.8295 -0.0176 0.5583
vn 0.4527 0.2076 0.8672
vn -0.6941 0.3710 0.6169
vn -0.7052 -0.1752 0.6871
vn 0.1381 -0.6726 0.7270
vn -0.2359 -0.6468 0.7253
vn 0.1142 -0.5753 0.8099
vn 0.5409 -0.1716 0.8234
vn -0.7353 -0.0229 0.6774
vn 0.5030 -0.3297 0.7990
vn -0.7708 -0.2234 0.5967
vn 0.0001 -0.2784 0.9605
vn -0.4887 0.6082 0.6255
vn -0.3907 0.6643 0.6372
vn 0.4043 0.4310 0.8067
vn 0.6982 0.2407 0.6743
vn 0.3970 0.5215 0.7553
vn 0.3111 0.4951 0.8112
vn -0.7157 -0.2199 0.6629
vn 0.1434 -0.8762 0.4601
vn -0.0520 0.4777 0.8770
vn -0.5952 0.5077 0.6229
vn 0.0904 0.4918 0.8660
vn 0.1064 0.4911 0.8646
vn 0.0587 0.6841 0.7271
vn -0.9294 0.1333 0.3441
vn -0.2293 -0.0692 0.9709
vn -0.1677 0.6441 0.7463
vn 0.0623 0.2399 0.9688
vn -0.0191 -0.6995 0.7143
vn 0.3817 0.2194 0.8979
vn 0.0374 -0.5653 0.8241
vn 0.6988 -0.3478 0.6250
vn -0.1312 -0.8662 0.4821
vn 0.8043 -0.2163 0.5535
vn 0.1563 -0.2420 0.9576
vn 0.3068 -0.7466 0.5903
vn -0.1445 -0.9115 0.3850
vn -0.0436 -0.8581 0.5116
vn 0.3782 -0.7863 0.4885
vn 0.0807 0.9140 0.3975
vn 0.5232 -0.2324 0.8199
vn -0.8991 -0.3636 -0.2436
vn 0.6198 0.6527 0.4357
vn 0.5179 -0.1810 0.8360
vn -0.5090 0.7116 0.4843
vn -0.7303 0.0763 0.6788
vn 0.1905 0.9354 0.2978
vn -0.2162 -0.8975 -0.3843
vn -0.3124 -0.9034 -0.2938
vn 0.3511 0.5130 0.7833
vn 0.7846 0.2157 0.5813
vn 0.1762 0.8978 0.4037
vn -0.4094 0.8250 0.3896
vn -0.5775 0.6301 0.5191
vn 0.3944 -0.0238 0.9186
vn 0.0268 0.1698 0.9851
vn -0.5327 0.6597 0.5301
vn 0.6248 0.6949 0.3561
vn -0.7526 0.3625 0.5498
vn -0.3366 0.7780 0.5305
vn 0.3107 0.5411 0.7814
vn 0.1356 0.9354 0.3265
vn -0.0810 0.8354 0.5437
vn -0.2535 0.8674 0.4283
vn 0.3678 0.2738 0.8887
vn -0.4157 0.8412 0.3459
vn -0.4005 0.6801 0.6141
vn -0.3099 0.3237 0.8940
vn 0.4106 0.2108 0.8871
vn 0.2322 0.6791 0.6963
vn -0.4947 -0.0775 0.8656
vn -0.3931 -0.3811 0.8368
vn 0.3755 -0.2922 0.8796
vn -0.2921 -0.7222 0.6270
vn -0.2576 -0.9060 0.3360
vn -0.1663 -0.8869 0.4310
vn -0.2796 -0.8424 0.4607
vn 0.2316 -0.8756 0.4240
vn -0.4737 -0.7613 0.4428
vn 0.2627 -0.9330 0.2460
vn 0.1749 -0.3615 -0.9158
vn -0.6780 -0.4233 0.6010
vn -0.7146 -0.4069 0.5690
vn 0.6864 0.4966 0.5312
vn 0.6867 0.5179 0.5101
vn 0.1175 0.2386 0.9640
vn 0.5821 0.6388 0.5031
vn -0.1242 0.4531 0.8828
vn 0.4108 0.8037 0.4304
vn 0.2288 0.9228 0.3099
vn 0.0400 0.9394 0.3405
vn 0.0314 -0.5970 0.8016
vn 0.2430 -0.7006 0.6709
vn 0.0353 -0.5835 0.8114
vn -0.0165 -0.4487 0.8935
vn 0.3511 -0.5569 0.7527
vn 0.4661 -0.3849 0.7966
vn 0.2355 -0.0861 0.9681
vn 0.3484 0.3972 0.8490
vn 0.6315 0.0133 0.7753
vn 0.4461 0.4066 0.7973
vn 0.9448 -0.2578 0.2020
vn -0.3209 0.0303 0.9466
vn 0.2536 0.0938 0.9628
vn -0.1870 0.4811 0.8565
vn -0.4344 0.1603 0.8863
vn -0.4079 -0.3029 0.8613
vn 0.2360 -0.8254 0.5129
vn 0.4134 -0.0798 0.9070
vn -0.6309 -0.4467 0.6344
vn 0.3132 -0.7860 0.5331
vn -0.3403 -0.4596 0.8204
vn 0.4232 -0.4557 0.7831
vn 0.6783 -0.2150 0.7026
vn 0.7022 -0.5540 0.4471
vn 0.4084 -0.8967 0.1707
vn -0.4471 0.2749 0.8512
vn 0.2540 -0.4152 0.8736
vn 0.7507 0.2741 0.6011
vn 0.5272 0.1925 0.8277
vn 0.3451 0.0447 0.9375
vn 0.6553 0.0142 0.7552
vn -0.2108 -0.8292 0.5176
vn -0.5128 -0.5681 0.6437
vn 0.5730 -0.2694 0.7741
vn 0.0981 -0.8679 0.4870
vn 0.6675 -0.0556 0.7425
vn -0.8332 0.1717 0.5257
vn -0.4777 -0.3659 0.7987
vn 0.2914 -0.4424 0.8482
vn 0.6394 -0.2059 0.7408
vn 0.2810 -0.3427 0.8964
vn -0.6565 0.7543 -0.0070
vn 0.1986 -0.3558 0.9132
vn 0.6281 -0.1381 0.7658
vn 0.5105 -0.0054 0.8598
vn 0.3010 -0.3191 0.8987
vn 0.1784 -0.2150 0.9602
vn -0.2364 0.1155 0.9648
vn 0.4888 0.0865 0.8681
vn 0.2844 0.1399 0.9484
vn 0.4001 -0.8263 0.3965
vn -0.1198 0.1149 0.9861
vn -0.3614 0.4174 0.8338
vn -0.4036 0.2925 0.8669
vn -0.6075 -0.0790 0.7904
vn -0.5844 0.2508 0.7717
vn 0.5113 0.2611 0.8188
vn 0.5707 0.0881 0.8164
vn -0.5067 -0.7985 0.3251
vn 0.1094 -0.4225 0.8997
vn 0.5010 -0.2574 0.8263
vn 0.1542 -0.3599 0.9201
vn 0.1246 -0.5687 0.8131
vn 0.7460 -0.3613 0.5595
vn -0.3172 0.9257 -0.2060
vn 0.1066 -0.8479 0.5193
vn -0.4728 -0.6585 0.5854
vn -0.2621 -0.7053 0.6587
vn -0.2040 0.9567 -0.2076
vn 0.3879 -0.1868 0.9026
vn -0.0024 0.7733 0.6340
vn -0.2320 0.9243 0.3029
vn 0.4525 0.7770 0.4376
vn -0.2228 -0.9192 -0.3246
vn -0.4891 0.8373 0.2441
vn 0.2779 0.7451 0.6063
vn 0.1108 0.1086 0.9879
vn 0.1392 0.0262 0.9899
vn 0.8055 0.0454 0.5908
vn -0.1430 0.5125 0.8467
vn 0.7346 -0.0023 0.6785
vn 0.0211 0.3660 0.9304
vn -0.6623 0.1205 0.7395
vn 0.3642 0.8762 0.3156
vn -0.4908 0.6094 0.6226
vn 0.5742 0.6534 0.4932
vn -0.2768 0.3875 0.8794
vn -0.1892 0.3933 0.8997
vn 0.1892 0.0691 0.9795
vn -0.1333 0.9149 0.3812
vn 0.0365 0.4236 0.9051
vn 0.1722 0.0223 0.9848
vn 0.1003 -0.4812 0.8708
vn 0.6017 0.0512 0.7971
vn -0.1226 -0.5361 0.8352
vn 0.1264 -0.2968 0.9465
vn -0.1942 -0.2828 0.9393
vn 0.1932 -0.7674 0.6114
vn 0.2282 -0.9219 0.3130
vn -0.1864 -0.9176 0.3512
vn -0.0657 -0.9827 0.1734
vn 0.0445 -0.9835 0.1752
vn 0.7844 -0.1273 0.6070
vn -0.6757 -0.5198 0.5228
vn 0.1780 0.1784 0.9677
vn -0.6998 0.2137 0.6817
vn 0.6524 0.3679 0.6626
vn -0.4174 0.7846 0.4585
vn -0.4283 0.6987 0.5731
vn 0.4115 0.8119 0.4142
vn 0.2294 0.8934 0.3864
vn 0.0735 0.8433 0.5324
vn 0.0147 -0.6147 0.7886
vn 0.0316 -0.3608 0.9321
vn 0.0114 -0.2478 0.9687
vn 0.1414 -0.1253 0.9820
vn -0.1079 0.2796 0.9540
vn -0.1617 0.3808 0.9104
vn -0.2975 0.0182 0.9546
vn 0.1308 0.2571 0.9575
vn 0.0376 0.2557 0.9660
vn -0.0614 0.3148 0.9472
vn 0.2687 0.0218 0.9630
vn 0.6614 -0.0837 0.7453
vn 0.4811 0.0611 0.8745
vn 0.0115 -0.2672 0.9636
vn -0.1088 0.2328 0.9664
vn 0.2020 0.3692 0.9071
vn -0.0105 0.5740 0.8188
vn 0.0250 0.5068 0.8617
vn -0.3245 -0.3763 0.8678
vn 0.1796 -0.5035 0.8451
vn 0.1494 -0.3666 0.9183
vn -0.1700 0.4492 0.8771
vn 0.1251 0.5120 0.8498
vn -0.3144 -0.6130 0.7248
vn -0.2219 -0.2250 0.9488
vn 0.3001 0.5632 0.7699
vn 0.4376 -0.6391 0.6325
vn -0.2839 -0.7652 0.5777
vn -0.2160 -0.7856 0.5798
vn 0.1586 -0.6073 0.7785
vn -0.6877 -0.4747 0.5492
vn -0.3270 -0.8060 0.4935
vn 0.3444 -0.8376 0.4240
vn 0.5175 -0.5426 0.6616
vn 0.3943 -0.0395 0.9181
vn -0.3498 0.1560 0.9237
vn -0.3301 -0.5621 0.7584
vn -0.3305 0.0187 0.9436
vn 0.0636 -0.6859 0.7249
vn 0.3451 -0.1588 0.9250
vn -0.1593 -0.5723 0.8044
vn -0.3575 -0.7425 0.5664
vn -0.4094 -0.2643 0.8732
vn -0.5274 -0.1321 0.8393
vn 0.7193 -0.1432 0.6798
vn -0.1988 -0.4962 0.8452
vn -0.7174 -0.1007 0.6894
vn -0.2705 -0.3931 0.8788
vn -0.8327 -0.1391 0.5359
vn -0.4926 -0.2056 0.8456
vn -0.0933 -0.1968 0.9760
vn 0.3812 0.0938 0.9197
vn -0.3916 0.0344 0.9195
vn -0.7852 -0.0216 0.6188
vn 0.6921 -0.0025 0.7218
vn 0.7544 0.2171 0.6195
vn -0.1741 0.2541 0.9514
vn 0.7227 -0.0075 0.6912
vn -0.5208 -0.3963 0.7561
vn -0.6906 -0.5923 0.4150
vn -0.6450 -0.0861 0.7594
vn -0.2163 0.6233 0.7515
vn -0.0174 0.5714 0.8205
vn 0.0762 0.3458 0.9352
vn -0.5810 0.0360 0.8131
vn -0.2610 -0.8549 0.4485
vn 0.1383 -0.8204 0.5549
vn 0.1530 -0.4475 0.8811
vn -0.0172 -0.8797 0.4752
vn 0.1527 -0.3160 0.9364
vn 0.3132 0.1739 0.9336
vn -0.5768 -0.2461 0.7789
vn 0.2730 -0.8030 0.5297
vn 0.1365 -0.8175 0.5595
vn 0.7240 -0.2575 0.6399
vn 0.1567 -0.8894 0.4294
vn -0.2240 -0.7541 0.6173
vn 0.7100 -0.2458 0.6599
vn -0.5939 -0.2716 0.7574
vn 0.0904 0.7494 0.6559
vn -0.4433 0.4972 0.7458
vn 0.1489 0.7948 0.5884
vn -0.0998 -0.8850 -0.4548
vn -0.6452 0.3856 0.6596
vn 0.0861 0.5084 0.8568
vn 0.0962 0.4350 0.8953
vn -0.5713 0.3592 0.7380
vn 0.2135 0.7837 0.5834
vn 0.1770 0.5993 0.7807
vn 0.1076 0.2878 0.9516
vn 0.5878 0.3460 0.7313
vn -0.2308 0.9454 0.2303
vn 0.1230 0.5326 0.8374
vn -0.5326 0.7106 0.4599
vn 0.2012 0.6995 0.6857
vn 0.1772 0.3743 0.9102
vn 0.1359 0.2230 0.9653
vn 0.2257 0.9141 0.3370
vn 0.6149 0.5186 0.5941
vn -0.2976 0.8932 0.3370
vn -0.6113 0.6905 0.3866
vn 0.5745 0.1234 0.8091
vn -0.6710 -0.7202 -0.1761
vn 0.6042 -0.0313 0.7962
vn 0.1005 0.1919 0.9763
vn -0.1429 0.3401 0.9295
vn 0.2933 0.9085 0.2977
vn 0.5842 -0.0266 0.8112
vn -0.3720 -0.0515 0.9268
vn 0.5861 0.2893 0.7569
vn 0.8094 0.2191 0.5448
vn -0.0673 0.8699 0.4886
vn 0.1573 0.3589 0.9200
vn -0.1441 0.8566 0.4954
vn 0.0491 -0.8682 0.4937
vn 0.1263 0.0509 0.9907
vn 0.0174 -0.9156 0.4018
vn -0.3043 -0.7057 0.6398
vn -0.1399 -0.9389 0.3144
vn 0.3121 -0.8222 0.4760
vn -0.4282 -0.6352 0.6428
vn 0.3364 -0.8062 0.4868
vn 0.5481 -0.6530 0.5227
vn 0.8214 -0.2216 0.5256
vn -0.6725 0.1530 0.7241
vn -0.7126 -0.0087 0.7015
vn 0.6767 -0.3953 0.6211
vn 0.6844 0.0425 0.7279
vn -0.2696 0.4550 0.8487
vn -0.7353 -0.6445 -0.2097
vn 0.4303 0.7036 0.5655
vn -0.2060 0.8311 0.5166
vn 0.3184 0.8142 0.4855
vn -0.2441 0.9005 0.3600
vn -0.1602 0.8352 0.5261
vn -0.0065 0.9559 0.2937
vn -0.8334 -0.5227 -0.1796
vn -0.1399 -0.6154 0.7757
vn -0.2837 -0.5922 0.7542
vn -0.0267 -0.3666 0.9300
vn 0.0042 -0.0266 0.9996
vn 0.0557 -0.3582 0.9320
vn -0.5703 -0.3263 0.7538
vn 0.0558 -0.0118 0.9984
vn -0.0633 0.0239 0.9977
vn -0.3123 -0.9496 -0.0271
vn -0.0138 0.1852 0.9826
vn -0.2043 -0.1031 0.9735
vn 0.0102 0.2813 0.9596
vn -0.0748 0.2259 0.9713
vn 0.0437 0.2719 0.9613
vn 0.0112 0.1415 0.9899
vn 0.0223 -0.0852 0.9961
vn -0.0711 0.0258 0.9971
vn -0.2408 -0.2711 0.9319
vn 0.3069 -0.1190 0.9443
vn -0.2506 0.3712 0.8941
vn 0.0837 -0.1506 0.9850
vn 0.1889 -0.5870 0.7873
vn -0.4728 -0.4909 0.7318
vn -0.0427 -0.7130 0.6998
vn -0.4112 -0.2819 0.8669
vn -0.2630 -0.6707 0.6936
vn -0.0153 -0.8754 0.4831
vn -0.6020 -0.2838 0.7464
vn 0.5092 0.1837 0.8408
vn -0.1784 0.2060 0.9622
vn 0.0748 0.1121 0.9909
vn 0.3177 0.1033 0.9425
vn -0.0393 -0.1048 0.9937
vn -0.0578 -0.2264 0.9723
vn -0.7506 -0.1206 0.6497
vn -0.0158 -0.2939 0.9557
vn 0.3632 -0.8920 0.2692
vn -0.6732 0.0329 0.7387
vn 0.5013 -0.1509 0.8520
vn -0.2592 -0.3624 0.8953
vn 0.5494 -0.7766 0.3083
vn 0.4865 -0.3727 0.7902
vn -0.4127 0.0027 0.9109
vn 0.0473 -0.2393 0.9698
vn 0.1871 -0.2541 0.9489
vn -0.2203 -0.1102 0.9692
vn -0.0708 -0.2772 0.9582
vn 0.7235 0.1011 0.6829
vn 0.0326 0.1546 0.9874
vn 0.7038 0.0827 0.7056
vn -0.5942 0.0780 0.8005
vn -0.7191 0.0174 0.6947
vn -0.7406 -0.3039 0.5994
vn -0.6154 -0.1491 0.7740
vn 0.1053 0.1893 0.9763
vn 0.7340 -0.0196 0.6789
vn -0.4447 0.8760 -0.1868
vn 0.1586 -0.4899 0.8573
vn 0.1701 -0.5384 0.8254
vn 0.3456 -0.0119 0.9383
vn 0.5683 -0.5898 0.5738
vn -0.1899 0.9081 -0.3732
vn -0.1536 0.8842 -0.4412
vn 0.3058 -0.1370 0.9422
vn -0.7395 0.5024 -0.4480
vn -0.5014 -0.7606 -0.4125
vn -0.1626 -0.8916 -0.4226
vn 0.5543 0.7251 0.4086
vn 0.6466 0.4640 0.6055
vn 0.2559 0.3006 0.9188
vn 0.2458 0.8193 0.5179
vn 0.1575 0.8027 0.5753
vn -0.1395 0.2479 0.9587
vn 0.3106 -0.1542 0.9379
vn -0.2834 0.8560 0.4324
vn 0.5507 0.6765 0.4890
vn 0.2435 0.9296 0.2766
vn -0.4671 0.4740 0.7464
vn 0.7067 0.0810 0.7028
vn 0.2512 0.8009 0.5436
vn -0.6898 0.1924 0.6979
vn 0.1854 0.4911 0.8511
vn 0.2630 0.6896 0.6747
vn 0.2118 0.6252 0.7512
vn 0.1861 0.3766 0.9075
vn 0.2286 0.7509 0.6196
vn 0.1788 0.0967 0.9791
vn -0.5814 -0.7925 -0.1843
vn 0.1656 0.7858 0.5959
vn 0.1514 0.1387 0.9787
vn 0.2251 0.3554 0.9072
vn 0.7237 0.0381 0.6890
vn 0.2935 0.9071 0.3017
vn -0.4749 0.4281 0.7689
vn -0.3213 0.3337 0.8862
vn 0.5427 -0.0317 0.8393
vn -0.3054 0.6581 0.6882
vn -0.1240 0.8861 0.4466
vn 0.2697 0.7398 0.6164
vn -0.6626 0.1875 0.7251
vn -0.3099 0.8043 0.5070
vn -0.1731 -0.8573 0.4849
vn -0.0165 -0.8894 0.4569
vn -0.0103 -0.9475 0.3194
vn 0.0427 -0.8410 0.5393
vn -0.3197 -0.8398 0.4388
vn -0.5192 -0.1286 0.8449
vn 0.6809 0.0845 0.7275
vn 0.6186 -0.3938 0.6799
vn -0.5065 -0.5407 0.6716
vn -0.5300 0.4868 0.6943
vn 0.5373 0.5126 0.6697
vn -0.2994 0.6200 0.7252
vn 0.4018 0.6352 0.6596
vn 0.0710 0.8177 0.5712
vn 0.0008 -0.1505 0.9886
vn 0.0486 -0.1397 0.9890
vn 0.0113 -0.3148 0.9491
vn -0.0705 -0.1227 0.9899
vn 0.0503 0.0147 0.9986
vn 0.2079 -0.2281 0.9512
vn 0.0893 0.2502 0.9641
vn -0.0555 -0.4413 0.8957
vn 0.0113 -0.4669 0.8843
vn -0.0617 0.2783 0.9585
vn -0.0655 0.1100 0.9918
vn -0.0725 -0.3741 0.9246
vn -0.9605 -0.2762 0.0350
vn 0.5829 -0.8064 0.1004
vn -0.1922 -0.7435 0.6405
vn 0.2256 -0.6354 0.7385
vn -0.1019 -0.7736 0.6255
vn 0.0747 -0.7853 0.6146
vn 0.0887 -0.7115 0.6971
vn -0.0465 0.0912 0.9947
vn -0.0965 -0.3856 0.9176
vn 0.2126 -0.0171 0.9770
vn -0.5234 -0.3850 0.7601
vn -0.1606 -0.6028 0.7815
vn -0.3453 -0.5499 0.7605
vn -0.5411 0.2303 0.8088
vn -0.3988 -0.4336 0.8080
vn 0.2619 -0.1773 0.9487
vn -0.3224 0.4317 0.8424
vn -0.5146 -0.4004 0.7582
vn 0.6002 0.0598 0.7976
vn 0.6691 0.0241 0.7427
vn 0.1974 0.0136 0.9802
vn -0.4706 0.2847 0.8352
vn -0.1234 0.4435 0.8877
vn -0.9652 0.0163 -0.2611
vn -0.7330 -0.6190 0.2821
vn 0.1762 -0.8031 0.5692
vn -0.4828 -0.1901 0.8549
vn 0.1030 -0.3767 0.9206
vn 0.6143 -0.6484 0.4496
vn 0.4990 -0.8246 0.2664
vn 0.1751 -0.6733 0.7184
vn -0.6844 -0.2193 0.6953
vn -0.1791 -0.7111 0.6799
vn 0.4582 -0.6399 0.6169
vn 0.3413 0.6729 0.6562
vn -0.9017 -0.4162 -0.1171
vn 0.4610 0.7320 0.5017
vn 0.0921 0.7690 0.6326
vn -0.0791 0.9358 0.3436
vn -0.4607 0.5524 0.6947
vn 0.5211 0.6513 0.5516
vn -0.1336 0.9597 0.2473
vn -0.2867 0.8604 0.4214
vn -0.2931 0.7039 0.6470
vn 0.1990 0.8763 0.4387
vn -0.0116 0.3403 0.9403
vn 0.3908 0.6603 0.6413
vn 0.3974 0.3388 0.8528
vn -0.4437 0.2496 0.8607
vn -0.4185 -0.0031 0.9082
vn 0.2404 0.9066 0.3469
vn 0.2752 0.7978 0.5365
vn 0.4348 0.3873 0.8130
vn 0.1981 0.5353 0.8211
vn 0.1299 0.0905 0.9874
vn 0.2675 0.7059 0.6558
vn 0.3584 0.3143 0.8791
vn 0.2486 0.4443 0.8607
vn 0.1326 -0.0035 0.9912
vn 0.0961 -0.0592 0.9936
vn 0.5126 0.6045 0.6097
vn 0.5572 0.1492 0.8168
vn 0.1029 0.8236 0.5578
vn 0.1868 0.9138 0.3606
vn -0.3200 -0.7554 0.5718
vn 0.1381 -0.8747 0.4645
vn 0.2759 -0.8127 0.5131
vn -0.5348 -0.3881 0.7505
vn -0.4744 0.5025 0.7228
vn 0.3052 0.6444 0.7011
vn -0.3891 0.6604 0.6422
vn -0.0228 -0.1349 0.9906
vn 0.0346 -0.0297 0.9990
vn 0.0105 -0.0273 0.9996
vn -0.8124 -0.5807 -0.0530
vn -0.0054 -0.7563 0.6542
vn -0.2847 -0.5796 0.7636
vn 0.0603 -0.8679 0.4930
vn 0.1495 -0.7647 0.6269
vn 0.0086 -0.0240 0.9997
vn 0.3865 -0.1960 0.9012
vn -0.9892 0.1468 0.0023
vn -0.0175 -0.0455 0.9988
vn 0.1208 -0.0533 0.9912
vn -0.1956 -0.5303 0.8249
vn 0.1540 0.0348 0.9875
vn -0.2321 -0.0022 0.9727
vn 0.5199 -0.0289 0.8537
vn 0.0007 0.0526 0.9986
vn 0.8087 -0.0623 0.5849
vn -0.4653 -0.4888 0.7380
vn 0.3749 -0.8703 0.3193
vn 0.2171 0.0982 0.9712
vn -0.6483 -0.0785 0.7573
vn -0.4499 -0.3899 0.8035
vn -0.0196 0.0729 0.9971
vn -0.1303 0.3014 0.9446
vn -0.4910 -0.1741 0.8536
vn -0.8535 -0.2581 -0.4526
vn 0.1845 -0.8754 0.4468
vn -0.4642 -0.5443 0.6987
vn -0.0144 -0.5707 0.8211
vn -0.3177 -0.2975 0.9003
vn -0.4031 0.0017 0.9152
vn -0.0766 -0.9788 0.1900
vn -0.4146 -0.9063 0.0821
vn 0.3474 -0.1743 0.9214
vn 0.1945 -0.8030 0.5633
vn 0.2304 -0.8634 0.4489
vn -0.3251 -0.8684 0.3745
vn 0.0506 -0.8224 0.5667
vn -0.3378 -0.5348 0.7745
vn 0.4789 -0.2806 0.8318
vn 0.1989 -0.7055 0.6802
vn 0.0079 -0.8745 0.4850
vn -0.2114 0.8905 -0.4029
vn 0.2294 -0.0241 0.9730
vn -0.3013 0.6835 -0.6649
vn -0.5593 0.2388 -0.7938
vn -0.7871 0.0469 -0.6150
vn -0.1831 0.4882 0.8533
vn -0.5523 -0.1517 -0.8197
vn -0.3515 -0.5679 -0.7442
vn 0.2362 -0.0211 0.9715
vn -0.3791 0.4805 0.7909
vn -0.2344 0.3296 0.9145
vn 0.0892 0.8629 0.4975
vn -0.4589 0.4313 0.7768
vn 0.3029 0.7360 0.6055
vn -0.4546 0.3696 0.8104
vn -0.0855 0.9726 0.2162
vn 0.4531 0.1571 0.8775
vn 0.2777 0.8445 0.4579
vn 0.0474 0.3209 0.9459
vn 0.3722 -0.0404 0.9273
vn 0.2732 0.6929 0.6672
vn 0.2443 0.3920 0.8869
vn -0.3167 0.6061 0.7296
vn -0.1751 0.3773 0.9094
vn 0.1036 -0.0449 0.9936
vn 0.5030 0.0585 0.8623
vn -0.1340 0.7324 0.6675
vn 0.0983 0.7585 0.6442
vn -0.1655 0.2840 0.9444
vn -0.0475 0.2356 0.9707
vn 0.2283 -0.7042 0.6723
vn -0.3412 -0.5948 0.7279
vn 0.4915 -0.2120 0.8447
vn 0.5505 -0.0385 0.8339
vn 0.5557 -0.0498 0.8299
vn -0.5522 -0.0481 0.8323
vn -0.4875 0.1255 0.8641
vn 0.5053 0.2455 0.8273
vn 0.3480 0.6085 0.7132
vn -0.0752 0.8219 0.5647
vn 0.1610 0.7938 0.5865
vn -0.2873 0.8776 0.3837
vn -0.0167 -0.7827 0.6222
vn 0.1617 -0.5667 0.8079
vn -0.1725 -0.2793 0.9446
vn -0.0732 -0.5500 0.8319
vn 0.1380 -0.4578 0.8783
vn 0.3964 -0.2880 0.8718
vn 0.0107 -0.5971 0.8021
vn 0.0266 -0.6929 0.7205
vn -0.1919 -0.2580 0.9469
vn -0.5808 -0.0168 0.8138
vn 0.3347 -0.2143 0.9176
vn -0.3475 -0.0213 0.9374
vn -0.0953 -0.3208 0.9423
vn 0.0785 -0.0692 0.9945
vn 0.1106 -0.0062 0.9938
vn -0.2520 -0.2489 0.9352
vn -0.3653 -0.4760 0.8000
vn -0.7828 -0.6104 0.1209
vn -0.5485 -0.1004 0.8301
vn -0.2724 -0.0005 0.9622
vn -0.6697 -0.4869 0.5607
vn -0.4152 -0.0442 0.9087
vn -0.2409 -0.2062 0.9484
vn 0.3731 0.0197 0.9276
vn 0.1178 -0.7575 0.6422
vn -0.2329 -0.0096 0.9725
vn 0.1102 -0.8208 0.5605
vn 0.0118 -0.6562 0.7545
vn -0.4059 -0.6125 0.6783
vn 0.1336 -0.8880 0.4400
vn -0.3098 -0.2650 0.9131
vn 0.2311 -0.2772 0.9326
vn 0.1129 -0.4107 0.9048
vn 0.0944 -0.8691 0.4855
vn -0.1563 -0.7660 0.6235
vn -0.1823 0.8689 -0.4602
vn -0.1925 0.4348 -0.8797
vn 0.1571 -0.0634 0.9855
vn -0.5145 0.0011 -0.8575
vn -0.1900 0.0471 -0.9807
vn -0.1920 -0.2661 -0.9446
vn -0.2853 -0.3719 -0.8833
vn -0.2437 -0.6197 -0.7460
vn -0.1492 -0.7425 -0.6530
vn -0.0939 0.1667 0.9815
vn -0.2512 -0.8831 -0.3963
vn 0.0313 0.0797 0.9963
vn 0.0033 0.1658 0.9862
vn 0.2798 0.8512 0.4440
vn 0.2800 0.9257 0.2544
vn 0.3905 0.0979 0.9154
vn 0.2869 0.7945 0.5352
vn 0.0960 0.9557 0.2783
vn 0.3088 0.8455 0.4356
vn -0.4355 0.7976 0.4173
vn 0.1013 0.8453 0.5245
vn 0.3402 0.5038 0.7940
vn 0.3592 0.3479 0.8660
vn -0.2064 0.6798 0.7037
vn -0.2168 0.9218 0.3213
vn -0.2311 0.9604 0.1556
vn -0.2622 0.9447 0.1967
vn -0.3946 0.5867 0.7072
vn 0.2633 0.6241 0.7356
vn -0.0360 0.3385 0.9403
vn 0.1937 0.0848 0.9774
vn -0.2385 0.3655 0.8997
vn -0.1544 0.5357 0.8302
vn -0.1130 0.1701 0.9789
vn -0.5217 0.1875 0.8323
vn 0.2189 -0.2265 0.9491
vn -0.3084 0.4114 0.8577
vn 0.4739 0.5121 0.7164
vn 0.3629 0.2766 0.8898
vn 0.0027 0.6855 0.7281
vn 0.0238 0.0502 0.9985
vn -0.1032 -0.7776 0.6203
vn -0.1115 -0.7558 0.6453
vn 0.3011 -0.4899 0.8182
vn -0.3688 -0.0914 0.9250
vn -0.3406 -0.4971 0.7981
vn -0.3697 -0.1951 0.9084
vn -0.2339 0.6475 0.7253
vn 0.3023 0.4889 0.8183
vn 0.0366 0.6525 0.7569
vn 0.0047 0.6326 0.7745
vn -0.9439 0.3115 0.1098
vn 0.2423 0.8074 0.5380
vn -0.0740 -0.9833 -0.1665
vn 0.0522 -0.2902 0.9556
vn 0.6285 -0.7514 0.2006
vn -0.2082 -0.2602 0.9428
vn -0.5651 -0.6649 0.4883
vn 0.0442 -0.0275 0.9986
vn -0.0504 -0.0571 0.9971
vn -0.0289 0.1185 0.9925
vn 0.2885 0.0323 0.9569
vn 0.1313 0.0537 0.9899
vn 0.0938 -0.2009 0.9751
vn 0.0944 -0.8665 0.4901
vn -0.0803 -0.1940 0.9777
vn -0.1155 -0.1316 0.9845
vn -0.2669 -0.3764 0.8872
vn 0.3047 -0.2201 0.9267
vn 0.2680 -0.3999 0.8765
vn 0.1131 -0.0174 0.9934
vn 0.1181 -0.8215 0.5579
vn 0.1556 -0.8846 0.4397
vn -0.2351 0.9068 -0.3500
vn 0.1295 -0.4404 0.8884
vn -0.0498 -0.4551 0.8891
vn -0.0567 -0.7996 0.5978
vn -0.0015 -0.8356 0.5494
vn 0.1231 -0.6764 0.7262
vn -0.0907 0.4894 -0.8673
vn -0.1969 0.2993 -0.9336
vn 0.0689 0.5247 0.8485
vn 0.1136 0.5560 0.8234
vn -0.0999 0.3931 0.9140
vn -0.0593 0.1363 0.9889
vn 0.4721 0.5538 0.6858
vn 0.1495 0.0072 0.9887
vn -0.1519 -0.6352 -0.7573
vn -0.1330 -0.8394 -0.5271
vn -0.2323 -0.8914 -0.3892
vn 0.0433 0.9595 0.2785
vn -0.1568 0.8161 0.5562
vn 0.1230 0.9292 0.3484
vn -0.2839 0.5538 0.7827
vn 0.2169 0.2583 0.9414
vn 0.0087 0.6167 0.7871
vn -0.1561 0.7818 0.6037
vn -0.0572 0.9921 0.1121
vn -0.1527 0.1033 0.9829
vn -0.2383 0.8026 0.5468
vn -0.2480 0.3827 0.8900
vn 0.0435 0.1855 0.9817
vn 0.3456 0.8822 0.3199
vn -0.1863 0.9643 0.1879
vn -0.2944 0.8570 0.4230
vn -0.1803 0.7993 0.5733
vn -0.1551 0.6097 0.7773
vn -0.2223 0.9201 0.3226
vn -0.2043 0.8854 0.4175
vn -0.0361 0.2307 0.9724
vn -0.1158 0.5615 0.8193
vn -0.2937 0.7997 0.5237
vn -0.0020 0.8678 0.4969
vn 0.2973 0.0106 0.9547
vn -0.2714 0.0406 0.9616
vn -0.1135 0.3800 0.9180
vn -0.7129 -0.6736 -0.1952
vn -0.1052 -0.4409 0.8914
vn 0.0380 -0.5903 0.8063
vn 0.1268 -0.7008 0.7020
vn 0.3638 -0.0626 0.9294
vn 0.3597 -0.3671 0.8578
vn -0.2206 -0.3656 0.9043
vn -0.3583 0.2796 0.8907
vn 0.3099 0.1351 0.9411
vn 0.2455 0.2733 0.9301
vn -0.1035 0.3252 0.9400
vn 0.1421 0.3071 0.9410
vn -0.2279 0.4558 0.8604
vn 0.0724 0.6297 0.7734
vn -0.2107 0.5934 0.7768
vn 0.8145 0.5064 0.2831
vn -0.1608 -0.9835 0.0832
vn -0.0500 -0.3707 0.9274
vn -0.1245 -0.3066 0.9437
vn -0.8877 0.4603 0.0111
vn -0.0432 -0.8598 0.5088
vn -0.1086 0.0080 0.9941
vn 0.0761 -0.0167 0.9970
vn 0.0038 0.0069 1.0000
vn 0.1112 0.0403 0.9930
vn 0.0804 0.0065 0.9967
vn 0.0428 -0.1290 0.9907
vn 0.0539 -0.0492 0.9973
vn 0.0153 -0.6794 0.7336
vn 0.1278 -0.5045 0.8539
vn 0.1553 -0.2195 0.9632
vn -0.0197 -0.3416 0.9396
vn -0.1666 -0.9577 0.2345
vn 0.1824 -0.8074 0.5611
vn -0.1559 -0.8167 0.5556
vn 0.2473 0.7648 -0.5950
vn -0.1018 -0.6641 0.7407
vn 0.1333 -0.1532 0.9792
vn 0.0778 -0.0545 0.9955
vn -0.0074 -0.3948 0.9187
vn -0.3122 0.9051 -0.2885
vn -0.1054 -0.6607 0.7432
vn -0.0701 -0.8273 0.5573
vn -0.0228 -0.7815 0.6235
vn -0.1849 0.7124 -0.6770
vn 0.0407 0.3779 0.9249
vn 0.1584 0.1350 0.9781
vn -0.0010 0.0539 0.9985
vn 0.3459 0.5063 0.7899
vn -0.1515 -0.2500 -0.9563
vn -0.1135 -0.6638 -0.7393
vn 0.0058 0.3124 0.9499
vn 0.1542 0.8055 0.5722
vn -0.1815 0.9162 0.3573
vn -0.2442 0.6966 0.6747
vn -0.1826 0.2513 0.9505
vn 0.1602 0.9255 0.3432
vn -0.2294 0.6387 0.7344
vn 0.2031 0.6351 0.7453
vn 0.0380 0.0385 0.9985
vn 0.2826 0.8708 0.4022
vn 0.1240 0.2095 0.9699
vn 0.0897 -0.3228 0.9422
vn -0.1306 -0.1224 0.9839
vn -0.3331 -0.2028 0.9208
vn -0.1020 0.0942 0.9903
vn 0.0662 0.3889 0.9189
vn -0.9918 -0.1230 -0.0346
vn -0.8076 0.5552 0.1986
vn 0.6003 0.7565 0.2595
vn -0.3436 -0.9125 -0.2221
vn -0.9781 -0.1932 0.0771
vn 0.0274 -0.9131 0.4067
vn -0.5614 -0.6892 0.4582
vn -0.6838 -0.6819 0.2596
vn -0.2013 -0.8468 0.4923
vn -0.2202 -0.7296 0.6475
vn 0.1395 0.1696 0.9756
vn -0.1812 0.6274 -0.7573
vn -0.1461 0.0350 -0.9886
vn -0.1102 -0.5157 -0.8496
vn 0.5207 0.5433 0.6586
vn -0.1493 -0.7860 -0.6000
vn -0.0772 0.8188 0.5689
vn 0.0074 0.9852 0.1710
vn -0.1310 0.9719 0.1953
vn -0.0170 0.9616 0.2739
vn 0.0196 -0.1290 0.9914
vn 0.1215 0.0251 0.9923
vn 0.6380 -0.7418 0.2066
vn 0.1613 -0.9019 0.4007
vn 0.2659 -0.8499 0.4549
vn 0.1177 -0.5174 0.8476
vn -0.2922 -0.9399 0.1769
vn 0.1501 -0.2000 0.9682
vn -0.2909 -0.9065 0.3059
vn -0.0607 -0.8351 0.5468
vn -0.2271 0.7830 -0.5791
vn -0.2246 0.5192 -0.8246
vn -0.1782 0.2302 -0.9567
vn 0.1368 0.2749 0.9517
vn 0.4726 0.4694 0.7459
vn -0.1420 -0.3670 -0.9193
vn -0.0828 0.9562 0.2806
vn -0.1972 0.9192 0.3408
vn 0.2315 0.9215 0.3120
vn -0.7218 -0.6708 -0.1703
vn -0.0175 -0.7727 0.6346
vn 0.3048 -0.9503 -0.0638
vn 0.1927 -0.5370 0.8213
vn -0.3704 0.8840 -0.2851
vn -0.4545 -0.8126 0.3648
vn 0.0330 -0.8231 0.5670
vn -0.0193 -0.8423 0.5386
vn -0.2036 0.7602 -0.6169
vn -0.1876 0.5498 -0.8140
vn -0.1744 -0.6209 -0.7643
vn -0.1085 0.8968 0.4289
vn 0.1412 -0.1718 0.9750
vn -0.3720 0.8779 -0.3016
vn 0.1028 -0.7957 0.5970
vn -0.2089 -0.9682 0.1379
vn -0.1954 0.7829 -0.5907
vn -0.1747 0.0819 -0.9812
vn 0.5405 0.4936 0.6813
vn -0.1812 -0.2887 -0.9401
vn -0.2127 -0.7042 -0.6774
vn -0.2368 -0.7670 -0.5963
vn 0.3083 0.6863 0.6588
vn -0.8207 -0.5426 -0.1790
vn -0.2099 -0.7185 0.6631
vn -0.1448 -0.6654 0.7323
vn 0.2812 -0.4555 0.8447
vn 0.2046 -0.2129 0.9554
vn 0.1739 -0.7780 0.6037
vn -0.2167 0.4816 -0.8492
vn 0.4017 0.5482 0.7335
vn -0.2483 -0.6828 -0.6871
vn 0.6372 -0.7691 -0.0494
vn -0.4961 0.8671 -0.0448
vn 0.6834 -0.7048 0.1902
vn 0.3368 -0.9302 0.1459
vn 0.2858 -0.9552 -0.0773
vn 0.2895 -0.8922 0.3465
vn -0.6403 0.7409 -0.2025
vn -0.3613 0.7584 -0.5425
vn 0.2894 -0.2215 0.9312
vn 0.2869 -0.0515 0.9566
vn -0.2037 0.6998 -0.6847
vn 0.2789 0.1846 0.9424
vn -0.2092 0.6227 -0.7540
vn -0.1673 -0.0233 -0.9856
vn -0.2503 -0.6911 -0.6781
vn -0.0070 0.9236 0.3833
vn -0.0480 0.7433 0.6672
vn -0.1076 0.7165 0.6893
vn 0.3095 0.7023 0.6412
vn -0.2278 -0.7759 -0.5883
vn -0.1411 0.8101 0.5691
vn -0.1691 0.9091 0.3807
vn 0.2555 0.6955 0.6715
vn 0.5673 0.7682 0.2967
vn 0.0994 -0.9852 -0.1398
vn 0.6111 -0.5609 -0.5585
vn -0.7408 -0.6010 0.3001
vn 0.3638 -0.9120 -0.1894
vn 0.4848 -0.6125 0.6244
vn 0.3609 0.0727 0.9298
vn -0.1732 0.3618 -0.9160
vn -0.2089 -0.2825 -0.9362
vn -0.1020 0.9176 0.3841
vn -0.2178 0.9310 0.2931
vn 0.0288 0.9152 0.4020
vn 0.7465 0.6176 0.2478
vn -0.5247 0.8072 0.2705
vn -0.0477 -0.9897 -0.1353
vn -0.7248 -0.6645 0.1819
vn -0.0923 -0.7033 0.7049
vn -0.3355 -0.7137 0.6149
vn -0.6603 0.7305 -0.1744
vn 0.2152 -0.9189 -0.3306
vn 0.4928 -0.7800 -0.3857
vn 0.9065 -0.2571 0.3350
vn 0.4907 -0.3107 0.8140
vn -0.4419 0.8276 -0.3461
vn -0.3674 0.7944 -0.4836
vn -0.3666 -0.8528 0.3719
vn -0.3809 0.7231 -0.5763
vn -0.2684 0.6446 -0.7158
vn 0.1209 -0.7469 0.6539
vn -0.3513 -0.8424 0.4085
vn -0.1282 -0.8592 0.4953
vn -0.1759 0.3400 -0.9238
vn -0.1605 0.1923 -0.9681
vn -0.1457 0.0134 -0.9892
vn -0.1565 -0.0601 -0.9859
vn 0.3740 0.4370 0.8180
vn -0.2216 -0.4567 -0.8616
vn -0.2127 -0.6515 -0.7282
vn -0.1683 0.9007 0.4005
vn 0.3213 0.7395 0.5915
vn 0.3310 0.9221 0.2003
vn 0.4005 0.8735 0.2769
vn 0.2465 0.9148 0.3201
vn 0.3318 -0.9433 0.0054
vn -0.5723 0.8010 -0.1758
vn 0.2161 -0.9435 -0.2511
vn -0.6655 0.6698 -0.3293
vn 0.1254 -0.8971 -0.4236
vn 0.3717 -0.8174 -0.4401
vn 0.3632 0.3123 0.8778
vn -0.1705 -0.2723 -0.9470
vn -0.2117 -0.6749 -0.7069
vn 0.6265 -0.6824 0.3767
vn -0.8855 0.4496 -0.1169
vn 0.3798 -0.9140 0.1430
vn 0.7659 -0.6051 0.2174
vn 0.8500 -0.0545 0.5239
vn 0.5299 -0.0274 0.8476
vn 0.2180 -0.7963 0.5643
vn -0.2436 0.3513 -0.9040
vn 0.2767 -0.1483 0.9494
vn -0.2109 0.0473 -0.9764
vn -0.1884 -0.1257 -0.9740
vn 0.3272 0.5614 0.7601
vn 0.2848 0.4428 0.8502
vn -0.2183 -0.4360 -0.8731
vn -0.2077 -0.8252 -0.5252
vn 0.1520 0.6890 0.7086
vn -0.2035 -0.8945 -0.3982
vn 0.3182 0.9041 0.2852
vn 0.6458 -0.7628 0.0331
vn -0.1947 -0.8410 0.5048
vn -0.6818 0.6338 -0.3654
vn -0.5046 -0.7588 0.4119
vn 0.2560 -0.9204 -0.2956
vn 0.5136 -0.8430 0.1598
vn -0.2908 0.4507 -0.8439
vn 0.1319 -0.5955 0.7924
vn -0.1704 -0.7110 0.6822
vn 0.2957 0.1221 0.9474
vn -0.2561 -0.1845 -0.9489
vn 0.0752 0.6308 0.7723
vn 0.0819 0.6563 0.7501
vn -0.2853 -0.5999 -0.7475
vn -0.1341 0.7498 0.6479
vn -0.2956 -0.6877 -0.6631
vn -0.1179 0.7145 0.6896
vn 0.7722 0.5814 0.2563
vn -0.4815 0.8355 0.2648
vn -0.0864 -0.7436 0.6630
vn 0.3019 -0.9349 0.1866
vn 0.2424 -0.9688 0.0510
vn 0.2067 -0.9529 -0.2218
vn 0.2468 -0.8252 -0.5080
vn 0.8026 -0.4695 0.3680
vn 0.5182 0.1394 0.8438
vn -0.5359 -0.7384 0.4094
vn -0.3793 0.7559 -0.5336
vn -0.3432 0.6438 -0.6839
vn 0.1603 -0.5536 0.8172
vn -0.3642 -0.7995 0.4777
vn -0.2492 -0.6758 0.6936
vn -0.2755 0.1338 -0.9519
vn 0.0606 -0.6155 0.7858
vn -0.0514 -0.6696 0.7410
vn -0.2777 -0.0200 -0.9605
vn 0.0596 0.4596 0.8861
vn -0.0356 0.4786 0.8773
vn -0.5063 -0.5667 -0.6500
vn -0.2433 0.8050 0.5412
vn 0.3133 0.6708 0.6722
vn 0.0606 0.8700 0.4894
vn 0.0169 0.9377 0.3471
vn -0.2536 -0.9627 -0.0938
vn 0.2922 -0.9129 0.2851
vn 0.1411 -0.8911 -0.4313
vn 0.0326 -0.7278 -0.6850
vn 0.0230 -0.5357 -0.8441
vn 0.5318 -0.8467 -0.0178
vn 0.4877 0.3411 0.8036
vn 0.4853 0.2299 0.8436
vn 0.2194 -0.7341 0.6426
vn -0.2796 0.0400 -0.9593
vn 0.2660 0.3482 0.8989
vn -0.1327 0.6137 0.7783
vn -0.0728 0.7639 0.6412
vn 0.3728 0.7511 0.5449
vn 0.7752 0.6029 0.1886
vn -0.9603 -0.2758 -0.0426
vn 0.5432 -0.8084 0.2270
vn 0.7511 0.6593 0.0352
vn -0.2005 -0.7527 0.6270
vn 0.0866 -0.5680 -0.8185
vn 0.8169 -0.5359 -0.2134
vn 0.5655 0.1448 0.8119
vn 0.8169 0.3223 0.4783
vn 0.8802 0.4737 0.0275
vn 0.5760 -0.5781 0.5780
vn 0.6817 0.4513 -0.5758
vn 0.1978 0.9453 0.2595
vn 0.3386 0.6373 0.6923
vn 0.6300 0.7766 -0.0039
vn 0.5782 -0.7339 0.3565
vn 0.7287 0.5852 0.3556
vn -0.4944 0.6310 -0.5978
vn 0.7620 0.1925 0.6183
vn 0.4088 -0.5860 0.6996
vn 0.4799 -0.1359 0.8667
vn -0.3863 0.3245 -0.8634
vn -0.2952 -0.6821 0.6690
vn -0.0256 -0.5869 0.8092
vn -0.0550 -0.5962 0.8010
vn 0.0819 0.4585 0.8849
vn 0.4449 0.5510 0.7060
vn -0.3408 -0.5189 -0.7840
vn 0.2603 0.8042 0.5343
vn 0.1676 0.6237 0.7635
vn -0.3401 -0.7226 -0.6018
vn -0.2030 0.6039 0.7708
vn 0.4200 0.8141 0.4010
vn 0.6058 -0.6686 0.4312
vn 0.1254 -0.8626 0.4900
vn -0.3253 -0.9218 0.2106
vn 0.2697 -0.9359 0.2268
vn 0.2801 -0.9366 0.2108
vn 0.1284 -0.9677 -0.2170
vn -0.0273 -0.6174 -0.7862
vn 0.2201 -0.6230 -0.7506
vn 0.9899 0.1281 -0.0609
vn 0.5914 -0.2654 -0.7614
vn 0.5711 -0.6949 0.4370
vn 0.6548 0.0958 0.7497
vn 0.7581 0.2349 0.6084
vn 0.9307 -0.2604 0.2567
vn 0.9237 -0.0746 -0.3758
vn 0.8863 -0.1486 -0.4386
vn 0.4657 0.0743 -0.8818
vn 0.5074 0.6389 -0.5782
vn 0.2679 0.5095 -0.8177
vn 0.5827 0.5498 0.5985
vn 0.8313 0.5419 0.1238
vn 0.5622 0.7607 -0.3245
vn 0.5454 -0.0049 0.8382
vn 0.9620 0.2112 0.1731
vn 0.7518 -0.1785 0.6348
vn 0.2883 -0.1673 0.9428
vn -0.5312 0.1963 -0.8242
vn 0.2976 0.0848 0.9509
vn -0.3247 0.1237 -0.9377
vn 0.1062 -0.4798 0.8709
vn 0.0283 0.2832 0.9586
vn -0.0785 0.2782 0.9573
vn -0.1070 0.4222 0.9002
vn -0.5015 -0.2072 -0.8400
vn 0.2751 0.8505 0.4483
vn -0.6398 -0.7174 -0.2757
vn 0.6435 0.7469 0.1676
vn 0.2204 -0.9191 -0.3265
vn -0.6943 0.4778 -0.5382
vn 0.9869 0.0693 -0.1456
vn 0.8602 -0.4162 -0.2946
vn 0.7429 -0.5817 -0.3312
vn 0.7949 0.2377 -0.5583
vn 0.4188 0.6105 -0.6722
vn 0.2752 0.7055 -0.6531
vn -0.6962 0.3881 -0.6038
vn 0.4847 0.5496 -0.6804
vn 0.7950 0.5533 -0.2488
vn 0.5758 0.6963 -0.4285
vn 0.8831 0.3659 0.2937
vn 0.7609 -0.0467 0.6472
vn -0.3293 -0.5613 0.7593
vn 0.2298 0.0079 0.9732
vn -0.4223 0.0461 -0.9053
vn -0.0222 -0.2451 0.9692
vn -0.0236 0.0094 0.9997
vn 0.0735 0.2521 0.9649
vn -0.1288 0.5231 0.8425
vn -0.1732 0.5026 0.8470
vn -0.5313 -0.5152 -0.6726
vn -0.3892 0.6570 0.6456
vn -0.3871 0.5485 0.7412
vn -0.3484 0.7145 0.6067
vn -0.9243 0.3442 0.1650
vn -0.0387 -0.9670 0.2519
vn 0.6500 -0.7599 -0.0124
vn 0.6392 -0.6889 0.3418
vn -0.9972 -0.0563 0.0484
vn -0.5387 0.7061 -0.4596
vn -0.0388 -0.7903 -0.6115
vn 0.1311 -0.9887 0.0728
vn 0.0367 -0.8306 -0.5556
vn -0.2951 -0.7796 0.5523
vn 0.8820 -0.4090 -0.2341
vn 0.9991 0.0172 -0.0391
vn 0.7738 0.6181 -0.1388
vn 0.3977 0.8095 -0.4319
vn 0.9294 0.1387 -0.3420
vn 0.7934 0.5441 0.2728
vn 0.1931 -0.3569 0.9140
vn 0.3499 0.2742 0.8958
vn 0.3484 0.4512 0.8216
vn -0.3030 -0.4305 0.8502
vn 0.0639 -0.2257 0.9721
vn -0.0835 -0.5522 0.8295
vn 0.2302 0.1015 0.9678
vn -0.0680 -0.1833 0.9807
vn 0.0833 0.0407 0.9957
vn -0.0780 0.1492 0.9857
vn 0.0502 0.0574 0.9971
vn 0.2608 0.7975 0.5441
vn 0.3842 0.6397 0.6657
vn 0.4779 0.6535 0.5870
vn 0.3775 0.8927 0.2463
vn 0.4581 0.8688 0.1878
vn 0.6555 0.7172 0.2365
vn -0.9020 -0.3912 0.1825
vn -0.5430 0.7968 -0.2651
vn 0.3781 -0.6924 -0.6145
vn 0.7799 -0.2194 -0.5862
vn -0.0974 -0.9157 -0.3899
vn -0.0876 -0.8984 0.4303
vn -0.1651 -0.8185 -0.5503
vn 0.9009 -0.0904 -0.4245
vn -0.2181 -0.6551 0.7233
vn 0.9063 0.2358 0.3508
vn 0.7820 0.5207 0.3425
vn 0.4593 0.8799 0.1215
vn 0.5661 0.8234 -0.0389
vn 0.4682 0.7984 0.3786
vn 0.5208 0.7747 0.3587
vn 0.5293 0.3515 0.7722
vn -0.3871 -0.7046 0.5947
vn 0.1256 -0.3139 0.9411
vn 0.2625 0.2713 0.9260
vn -0.4799 -0.0579 -0.8754
vn -0.1179 0.3769 0.9187
vn 0.1512 0.2407 0.9587
vn 0.0266 0.8271 0.5614
vn -0.7525 -0.5729 -0.3248
vn 0.0380 -0.9627 0.2677
vn 0.0533 -0.9353 -0.3497
vn -0.6711 0.5523 -0.4945
vn -0.4537 -0.6200 0.6401
vn 0.9489 -0.3026 -0.0894
vn 0.4870 0.8302 0.2713
vn 0.4642 0.7888 0.4029
vn -0.3873 -0.6762 0.6266
vn 0.5019 0.8331 0.2327
vn 0.2909 -0.3160 0.9031
vn 0.3689 0.5041 0.7809
vn 0.3558 0.4241 0.8328
vn 0.2554 0.7152 0.6505
vn 0.3001 0.1790 0.9369
vn -0.2315 -0.4411 0.8671
vn -0.5193 0.0998 -0.8488
vn 0.0990 -0.1734 0.9799
vn -0.1387 -0.1453 0.9796
vn 0.5048 0.3334 0.7962
vn -0.7438 -0.5380 0.3966
vn 0.5854 0.5446 0.6006
vn -0.6872 -0.6768 -0.2641
vn -0.7623 0.6032 0.2345
vn -0.2566 -0.9461 0.1974
vn -0.1900 -0.9307 -0.3126
vn 0.9561 0.2835 -0.0736
vn 0.9942 -0.0834 -0.0679
vn 0.4433 0.6864 0.5765
vn -0.4620 -0.4925 0.7376
vn 0.4296 0.8134 0.3921
vn 0.4476 0.7593 0.4724
vn 0.3977 0.6052 0.6896
vn 0.2434 0.0661 0.9677
vn -0.0889 0.0572 0.9944
vn 0.2781 0.1798 0.9436
vn 0.3571 0.1162 0.9268
vn -0.1219 0.0810 0.9892
vn 0.1132 -0.0626 0.9916
vn -0.1571 0.1366 0.9781
vn 0.7706 0.4246 0.4753
vn 0.2184 0.1385 0.9660
vn 0.3555 0.3030 0.8842
vn 0.4326 0.2419 0.8685
vn 0.2862 0.9392 0.1896
vn -0.2415 -0.7210 0.6495
vn -0.0465 -0.8789 -0.4747
vn 0.0437 -0.9041 -0.4251
vn -0.1048 -0.9609 0.2565
vn -0.1756 -0.9816 -0.0746
vn -0.1500 -0.5571 0.8168
vn -0.4218 -0.4218 0.8026
vn 0.4511 0.8033 0.3889
vn 0.3973 0.6345 0.6630
vn -0.2675 -0.4385 0.8580
vn -0.3556 0.4619 0.8126
vn -0.6553 -0.4791 -0.5840
vn -0.9305 -0.2930 0.2198
vn 0.6170 -0.6102 -0.4970
vn -0.5917 0.5459 -0.5932
vn 0.3741 -0.3834 0.8444
vn -0.5742 0.5080 -0.6420
vn 0.4498 -0.3363 0.8274
vn 0.3911 0.3798 0.8383
vn -0.2236 -0.2019 0.9535
vn -0.2039 -0.1286 0.9705
vn 0.1494 -0.1922 0.9699
vn 0.4889 0.1074 0.8657
vn -0.4825 0.4960 0.7219
vn 0.4907 0.5787 0.6514
vn 0.7927 0.5808 0.1852
vn -0.6599 0.5780 -0.4801
vn -0.3972 -0.8817 -0.2547
vn 0.5456 -0.4506 0.7066
vn -0.6920 0.1514 -0.7058
vn 0.3810 0.7938 0.4740
vn 0.4127 0.8054 0.4255
vn 0.1755 0.8234 -0.5397
vn 0.4328 0.6276 0.6472
vn 0.3630 0.2410 0.9001
vn -0.6649 -0.1475 -0.7322
vn 0.1437 0.0284 0.9892
vn 0.8739 0.1070 0.4742
vn -0.2273 0.2002 0.9530
vn 0.4841 0.5808 0.6545
vn -0.6585 -0.4929 -0.5688
vn -0.9414 0.2875 -0.1765
vn 0.5999 -0.5909 0.5394
vn -0.1683 -0.9735 -0.1549
vn 0.7541 0.4640 0.4648
vn -0.2801 -0.5127 0.8116
vn 0.5022 0.6072 0.6157
vn -0.5017 -0.3345 0.7978
vn 0.3954 0.6128 0.6842
vn -0.2874 -0.2539 0.9236
vn 0.3353 0.4360 0.8351
vn 0.3726 0.6806 0.6308
vn 0.5915 0.0406 0.8052
vn 0.5888 0.3190 0.7426
vn 0.3680 0.0382 0.9290
vn -0.5242 0.3885 0.7578
vn -0.3721 0.5727 0.7305
vn -0.9726 0.1782 -0.1493
vn -0.5516 0.6062 -0.5729
vn 0.4069 -0.7842 -0.4684
vn 0.9303 0.1581 -0.3308
vn 0.9185 0.3919 0.0524
vn -0.3011 -0.7924 0.5305
vn -0.6816 0.2945 -0.6698
vn -0.6858 -0.0133 -0.7277
vn 0.2322 0.7608 0.6061
vn 0.2981 0.3141 0.9014
vn -0.0251 0.7684 0.6395
vn 0.4578 -0.0824 0.8852
vn 0.6892 0.0955 0.7183
vn -0.3849 0.1456 0.9114
vn -0.6816 -0.3240 -0.6561
vn 0.1555 0.9565 0.2468
vn -0.3684 -0.8919 -0.2624
vn -0.5434 -0.8366 0.0695
vn -0.0599 -0.4711 0.8801
vn -0.3608 -0.6891 0.6285
vn 0.7722 0.5026 0.3886
vn 0.2669 0.0395 0.9629
vn -0.3011 0.5064 0.8080
vn -0.2655 -0.1430 0.9534
vn -0.5005 -0.1698 0.8489
vn -0.4362 0.4727 0.7657
vn -0.0058 0.7195 0.6945
vn 0.1736 0.7190 0.6730
vn 0.4921 0.8583 0.1451
vn -0.8506 0.4856 0.2017
vn 0.2810 0.9123 0.2978
vn -0.6266 -0.5827 0.5175
vn 0.9145 -0.3988 -0.0678
vn -0.5212 -0.8522 -0.0446
vn 0.5217 -0.5490 0.6530
vn -0.5947 -0.4988 0.6305
vn -0.0701 -0.4800 0.8744
vn -0.3285 -0.1364 0.9346
vn -0.0929 -0.3466 0.9334
vn -0.2869 -0.0397 0.9571
vn -0.7806 -0.4022 0.4785
vn -0.7946 -0.2662 0.5456
vn 0.4024 0.5884 0.7013
vn 0.5133 -0.2718 0.8141
vn -0.7242 0.0500 -0.6878
vn -0.0303 0.0886 0.9956
vn -0.4773 0.2857 0.8310
vn 0.1654 0.0148 0.9861
vn 0.0124 0.1436 0.9896
vn -0.3936 0.3137 0.8641
vn 0.1866 0.5913 0.7846
vn 0.2752 -0.2314 0.9331
vn -0.2974 0.2663 0.9169
vn -0.3404 0.6087 0.7167
vn 0.6353 -0.1144 0.7638
vn -0.2049 0.7404 0.6402
vn -0.7455 -0.3994 -0.5336
vn -0.7243 -0.5840 -0.3666
vn 0.0978 -0.7349 0.6711
vn 0.9897 0.0557 -0.1320
vn -0.5633 -0.6474 0.5134
vn -0.9792 -0.1386 0.1481
vn -0.9295 0.2375 0.2821
vn -0.0959 -0.3590 0.9284
vn -0.6878 0.3503 0.6358
vn -0.4767 0.0553 0.8773
vn -0.7716 0.3320 0.5426
vn -0.1704 -0.0010 0.9854
vn -0.2116 0.1253 0.9693
vn -0.6611 0.3089 0.6837
vn 0.1732 -0.0929 0.9805
vn -0.4044 0.1813 0.8964
vn -0.3173 -0.2924 0.9021
vn -0.4332 -0.3197 0.8427
vn -0.7110 0.0027 -0.7032
vn -0.6149 -0.1179 0.7797
vn -0.5421 0.1302 0.8302
vn 0.5115 0.0073 0.8593
vn -0.5983 0.3518 0.7199
vn -0.2801 0.6611 0.6960
vn 0.2371 0.6789 0.6949
vn 0.5064 0.4685 0.7240
vn -0.7569 -0.4673 -0.4568
vn 0.5205 -0.5475 0.6552
vn -0.0968 -0.9946 0.0382
vn 0.5340 -0.4564 0.7117
vn 0.6113 0.5457 0.5732
vn -0.8427 -0.4305 0.3232
vn -0.9193 0.1473 0.3650
vn 0.2953 0.5338 0.7923
vn 0.5883 -0.2759 0.7601
vn -0.4623 -0.5347 0.7074
vn -0.0266 -0.7688 0.6389
vn 0.4739 -0.3413 0.8117
vn -0.7150 0.0890 0.6934
vn 0.6811 0.5241 0.5113
vn 0.5613 -0.6038 0.5660
vn -0.9340 -0.2818 0.2197
vn 0.1534 -0.9821 0.1096
vn -0.6540 0.4793 -0.5853
vn -0.7291 0.4742 0.4936
vn -0.2587 0.4200 0.8699
vn 0.3290 0.4966 0.8032
vn 0.2300 -0.6270 0.7443
vn 0.1462 0.3621 0.9206
vn -0.2333 -0.6011 0.7644
vn -0.1628 0.4730 0.8659
vn -0.5902 -0.4769 0.6513
vn -0.7302 -0.3436 0.5905
vn -0.5147 -0.0183 0.8572
vn 0.4728 0.4511 0.7569
vn 0.4801 0.2579 0.8384
vn -0.5718 0.4601 0.6792
vn 0.4348 0.6231 0.6501
vn -0.2041 0.7613 0.6154
vn 0.0315 0.7747 0.6316
vn -0.7283 -0.2917 -0.6200
vn 0.1869 -0.9683 0.1657
vn 0.4404 -0.8927 -0.0953
vn -0.5383 -0.8191 0.1980
vn 0.8485 -0.1743 0.4996
vn -0.5780 -0.6559 0.4856
vn 0.2866 0.3941 0.8732
vn 0.1430 0.3433 0.9283
vn -0.3573 0.2392 0.9028
vn 0.0500 -0.6277 0.7769
vn 0.1318 -0.6562 0.7430
vn 0.5045 -0.2975 0.8106
vn 0.5615 -0.0083 0.8274
vn 0.5257 0.1692 0.8337
vn 0.5589 0.3355 0.7583
vn -0.3541 0.6772 0.6449
vn 0.2882 0.7134 0.6388
vn 0.4716 0.6511 0.5947
vn -0.9560 -0.2298 0.1822
vn -0.5898 -0.6778 0.4391
vn -0.3304 -0.6209 0.7108
vn 0.0942 -0.4599 0.8829
vn 0.2608 -0.3967 0.8801
vn 0.4531 -0.1069 0.8850
vn 0.4790 -0.2658 0.8366
vn 0.5914 -0.1637 0.7896
vn -0.7119 -0.1051 -0.6944
vn 0.0463 0.8261 0.5616
vn 0.4585 0.3414 0.8205
vn 0.7607 0.6145 0.2091
vn -0.5757 0.7732 0.2659
vn -0.1670 0.9255 0.3399
vn 0.3405 -0.7967 0.4993
vn -0.5805 -0.3082 0.7536
vn 0.2011 0.4210 0.8845
vn -0.3595 0.1247 0.9248
vn -0.1168 -0.5142 0.8497
vn 0.6106 0.0799 0.7879
vn -0.5324 0.2102 0.8200
vn 0.6780 0.5081 0.5312
vn -0.4671 0.5686 0.6771
vn -0.9668 -0.2496 -0.0544
vn 0.7396 0.5642 0.3669
vn 0.2470 -0.7236 0.6445
vn 0.1901 -0.7999 0.5692
vn -0.8920 0.3350 -0.3036
vn -0.6705 0.5518 -0.4960
vn 0.5569 0.0344 0.8299
vn -0.3197 -0.2393 0.9168
vn -0.3002 -0.4444 0.8440
vn -0.4266 -0.3060 0.8511
vn 0.5134 -0.0493 0.8567
vn -0.3386 0.3671 0.8664
vn -0.3543 0.2030 0.9128
vn 0.5254 0.4927 0.6937
vn 0.3630 0.7216 0.5896
vn -0.2439 0.7153 0.6548
vn -0.7471 -0.3880 -0.5398
vn -0.9579 -0.2829 -0.0486
vn -0.8236 -0.4463 0.3499
vn -0.3983 -0.8040 0.4415
vn 0.2307 -0.8053 0.5461
vn 0.2342 -0.2815 0.9305
vn -0.3359 -0.2048 0.9194
vn 0.5400 -0.5372 0.6479
vn 0.2105 0.3839 0.8991
vn -0.0515 0.0948 0.9942
vn 0.6180 -0.3146 0.7205
vn -0.0836 0.2739 0.9581
vn -0.0103 -0.3602 0.9328
vn -0.7470 -0.0063 -0.6648
vn 0.1598 -0.1448 0.9765
vn 0.3321 -0.1443 0.9321
vn 0.4137 -0.1790 0.8926
vn -0.2812 0.0129 0.9596
vn 0.6914 0.1262 0.7114
vn -0.4601 0.5860 0.6670
vn 0.5308 0.7511 0.3926
vn -0.7204 0.5964 0.3540
vn 0.3119 0.8872 0.3399
vn 0.5719 -0.5859 0.5742
vn 0.0466 -0.5908 0.8055
vn -0.9989 0.0297 -0.0355
vn 0.1464 -0.3209 0.9357
vn -0.5089 -0.5578 0.6556
vn 0.2254 0.1448 0.9634
vn -0.3242 -0.1728 0.9301
vn 0.0951 0.1716 0.9806
vn 0.5722 -0.2017 0.7949
vn -0.1084 -0.1000 0.9891
vn 0.0248 -0.3724 0.9277
vn 0.1281 -0.2224 0.9665
vn -0.1191 -0.0875 0.9890
vn -0.2834 -0.0763 0.9560
vn 0.4012 -0.4093 0.8195
vn -0.2868 -0.1112 0.9515
vn -0.3489 -0.0905 0.9328
vn 0.6408 -0.1344 0.7558
vn -0.5830 -0.1769 0.7930
vn -0.6111 0.0780 0.7877
vn 0.3419 0.5977 0.7251
vn 0.0943 0.7010 0.7069
vn 0.2692 -0.7575 0.5948
vn -0.4395 -0.4441 0.7808
vn -0.3716 -0.2571 0.8921
vn -0.1179 -0.0480 0.9919
vn -0.2341 -0.4215 0.8761
vn 0.5127 -0.2541 0.8201
vn -0.1030 0.6171 0.7801
vn 0.5192 0.2284 0.8236
vn -0.7287 -0.4548 -0.5120
vn -0.4822 -0.7190 0.5005
vn -0.1724 -0.4690 0.8662
vn 0.1908 -0.7303 0.6560
vn -0.0161 -0.4807 0.8768
vn 0.2132 -0.4792 0.8514
vn -0.2157 -0.4271 0.8781
vn -0.4260 -0.3573 0.8312
vn -0.4766 -0.0574 0.8772
vn 0.4559 0.1276 0.8809
vn 0.4497 0.3218 0.8332
vn -0.4694 0.1439 0.8712
vn -0.4768 0.3494 0.8066
vn -0.2811 0.4826 0.8295
vn 0.1839 0.4394 0.8793
vn -0.0540 0.4721 0.8799
vn -0.7534 -0.1151 -0.6474
vn -0.7947 0.4302 0.4282
vn 0.6193 0.7534 0.2211
vn -0.0116 0.9379 0.3466
vn -0.8012 0.4346 -0.4113
vn 0.5776 -0.6065 0.5464
vn 0.3181 -0.3108 0.8957
vn 0.4953 -0.0050 0.8687
vn 0.4673 -0.0797 0.8805
vn -0.7512 0.0038 -0.6600
vn -0.8225 -0.5481 -0.1516
vn -0.5785 0.5715 -0.5820
vn 0.7109 -0.1214 0.6927
vn 0.6785 -0.3655 0.6372
vn 0.1144 -0.3337 0.9357
vn -0.2938 -0.1835 0.9381
vn 0.2587 -0.0808 0.9626
vn -0.1814 0.2336 0.9553
vn -0.9994 0.0181 0.0311
vn -0.1856 -0.7477 0.6375
vn -0.0097 -0.2033 0.9791
vn -0.2016 0.0008 0.9795
vn 0.0412 0.0772 0.9962
vn 0.1930 0.2448 0.9502
vn 0.6196 0.2092 0.7566
vn -0.9921 -0.0104 -0.1253
vn -0.6775 -0.4441 -0.5863
vn 0.7048 0.3616 0.6103
vn -0.9952 0.0729 -0.0651
vn -0.6941 0.3254 -0.6422
vn 0.4885 0.0308 0.8720
vn 0.6907 0.1807 0.7002
vn -0.7795 -0.4356 -0.4501
vn -0.8903 0.2979 0.3445
vn 0.7374 0.5772 0.3507
vn 0.6749 0.2503 0.6942
vn 0.6843 0.3978 0.6111
vn -0.1869 0.8298 0.5259
vn -0.4449 -0.7144 0.5401
vn 0.6405 -0.5917 0.4896
vn 0.6794 -0.1297 0.7222
vn -0.9838 -0.1012 -0.1478
vn -0.9925 -0.0706 -0.1002
vn -0.9430 0.1122 0.3132
vn -0.0796 -0.7998 0.5950
vn 0.5364 -0.2473 0.8069
vn -0.7601 -0.0611 -0.6469
vn -0.8644 -0.3938 0.3126
vn -0.9745 -0.1707 0.1455
vn 0.6289 0.2209 0.7454
vn 0.7376 0.2085 0.6422
vn -0.7380 -0.3740 -0.5616
vn -0.6775 0.5415 0.4977
vn 0.6289 0.5702 0.5286
vn 0.3866 0.6780 0.6252
vn -0.6296 -0.6172 0.4718
vn -0.7684 0.0360 -0.6389
vn 0.6642 0.0378 0.7466
vn -0.3134 0.5311 0.7872
vn 0.5104 -0.6714 0.5373
vn -0.9937 0.0783 -0.0797
vn -0.8040 0.3166 0.5033
vn 0.6108 0.4185 0.6722
vn 0.2790 0.5736 0.7702
vn -0.5380 0.4856 0.6890
vn -0.9917 -0.0182 -0.1272
vn 0.7270 0.2779 0.6278
vn -0.0710 -0.7819 0.6194
vn -0.9906 -0.0871 0.1052
vn -0.7297 0.3111 -0.6090
vn 0.7714 0.1821 0.6097
vn -0.2037 -0.7477 0.6320
vn -0.8236 0.1230 -0.5536
vn 0.7141 -0.3672 0.5960
vn 0.7223 -0.0865 0.6862
vn 0.7230 -0.1083 0.6823
vn 0.1506 0.5528 0.8196
vn -0.8108 0.3312 0.4827
vn -0.9720 0.1487 -0.1819
vn -0.0664 -0.7758 0.6275
vn -0.9751 0.0333 -0.2190
vn 0.7337 0.1375 0.6654
vn 0.6219 0.4001 0.6732
vn -0.9388 -0.2248 0.2608
vn -0.4726 0.4996 0.7260
vn -0.8525 -0.0004 -0.5228
vn 0.5593 -0.0456 0.8277
vn 0.7112 0.0437 0.7016
vn -0.9957 -0.0094 0.0922
vn -0.9930 -0.0064 -0.1184
vn 0.1444 -0.7776 0.6119
vn -0.9702 0.1010 -0.2203
vn -0.6188 -0.6146 0.4893
vn -0.9172 0.0490 0.3954
vn 0.5355 0.0308 0.8440
vn 0.4866 0.4422 0.7535
vn -0.7876 -0.2689 0.5544
vn 0.5319 -0.0703 0.8439
vn -0.9057 0.1073 0.4100
vn 0.6300 -0.5204 0.5765
vn -0.9509 -0.0944 0.2947
vn -0.9830 0.0024 0.1835
vn -0.9705 0.0482 0.2364
vn -0.8091 0.0294 0.5869
vn -0.8289 0.1820 0.5290
vn 0.6591 0.2286 0.7165
vn -0.5833 -0.6512 0.4855
vn 0.3198 -0.6434 0.6956
vn -0.8357 -0.0452 0.5473
vn -0.8878 0.0752 0.4541
vn -0.6316 0.0308 0.7747
vn -0.5151 0.3982 0.7590
vn -0.0846 0.5686 0.8183
vn -0.8042 0.0490 0.5923
vn 0.5377 -0.3076 0.7850
vn 0.2049 0.3281 0.9221
vn 0.2675 -0.9607 0.0748
vn -0.7163 -0.0651 0.6948
vn -0.3689 0.0063 0.9295
vn -0.5504 0.0184 0.8347
vn -0.3880 -0.4973 0.7760
vn 0.5232 -0.1156 0.8443
vn -0.5137 -0.0207 0.8577
vn -0.0489 -0.3348 0.9410
vn -0.3284 0.2710 0.9048
vn 0.1411 -0.1365 0.9805
vn 0.0227 -0.0181 0.9996
vn 0.1684 0.0165 0.9856
vn -0.1355 0.0798 0.9876
vn -0.0683 -0.0510 0.9964
vt 0.124768 0.078672
vt 0.123907 0.077453
vt 0.126063 0.077290
vt 0.127504 0.072883
vt 0.113136 0.085194
vt 0.113817 0.083149
vt 0.085016 0.091340
vt 0.094845 0.092285
vt 0.133882 0.079572
vt 0.129765 0.081670
vt 0.126717 0.925856
vt 0.118314 0.922936
vt 0.128205 0.925305
vt 0.129381 0.948308
vt 0.963053 0.720404
vt 0.938028 0.730552
vt 0.931581 0.720404
vt 0.804264 0.249230
vt 0.790109 0.219669
vt 0.789763 0.214339
vt 0.783560 0.217932
vt 0.774085 0.216750
vt 0.761907 0.208337
vt 0.291980 0.078396
vt 0.275626 0.075277
vt 0.282177 0.072904
vt 0.143614 0.078903
vt 0.107906 0.098432
vt 0.077014 0.080307
vt 0.140273 0.937096
vt 0.142068 0.951878
vt 0.137330 0.952578
vt 0.288121 0.085798
vt 0.274153 0.070040
vt 0.273794 0.079311
vt 0.272746 0.074221
vt 0.129771 0.087849
vt 0.274348 0.065123
vt 0.254444 0.072956
vt 0.143717 0.083881
vt 0.124108 0.060012
vt 0.110098 0.101227
vt 0.085251 0.096494
vt 0.964810 0.767567
vt 0.268556 0.070312
vt 0.137579 0.904156
vt 0.033188 0.337884
vt 0.067920 0.340709
vt 0.080104 0.344198
vt 0.159068 0.948051
vt 0.278675 0.091944
vt 0.265270 0.065140
vt 0.143817 0.081169
vt 0.094504 0.041882
vt 0.245323 0.060680
vt 0.247942 0.074694
vt 0.129622 0.093705
vt 0.116453 0.104977
vt 0.279275 0.044270
vt 0.147272 0.080296
vt 0.789696 0.189381
vt 0.292807 0.041204
vt 0.274963 0.095330
vt 0.154930 0.081138
vt 0.104850 0.116860
vt 0.156615 0.912567
vt 0.163605 0.920664
vt 0.804264 0.178542
vt 0.155960 0.056750
vt 0.160835 0.952578
vt 0.238428 0.071270
vt 0.117491 0.106522
vt 0.239320 0.056399
vt 0.145459 0.101537
vt 0.159288 0.904102
vt 0.735131 0.834844
vt 0.732029 0.806196
vt 0.734990 0.807700
vt 0.292807 0.113400
vt 0.273648 0.098974
vt 0.270864 0.096858
vt 0.119376 0.116876
vt 0.110033 0.117484
vt 0.926581 0.759594
vt 0.740045 0.765595
vt 0.258511 0.095755
vt 0.239149 0.091916
vt 0.122230 0.115981
vt 0.126004 0.040020
vt 0.465480 0.504804
vt 0.481560 0.488613
vt 0.473534 0.501038
vt 0.485393 0.494768
vt 0.461751 0.510175
vt 0.473912 0.515544
vt 0.132700 0.113439
vt 0.278322 0.024216
vt 0.238894 0.039917
vt 0.000633 0.107944
vt 0.021573 0.076161
vt 0.032666 0.092007
vt 0.016819 0.102441
vt 0.458437 0.508648
vt 0.125813 0.127978
vt 0.118846 0.149040
vt 0.083265 0.388371
vt 0.112414 0.370384
vt 0.272288 0.115903
vt 0.268058 0.113085
vt 0.250860 0.096975
vt 0.228716 0.091785
vt 0.053440 0.101074
vt 0.011289 0.122711
vt 0.133335 0.114808
vt 0.124303 0.132674
vt 0.052651 0.335808
vt 0.066565 0.320827
vt 0.016713 0.124486
vt 0.053078 0.105356
vt 0.465803 0.519975
vt 0.689535 0.834844
vt 0.102959 0.337272
vt 0.238539 0.097613
vt 0.240602 0.096572
vt 0.234585 0.097871
vt 0.035736 0.095190
vt 0.682046 0.778276
vt 0.131509 0.000115
vt 0.016943 0.068989
vt 0.012955 0.068360
vt 0.459443 0.509958
vt 0.443696 0.508043
vt 0.053903 0.093360
vt 0.456615 0.516475
vt 0.453725 0.482331
vt 0.155960 0.118039
vt 0.094813 0.003461
vt 0.283180 0.152641
vt 0.023077 0.070244
vt 0.013190 0.066153
vt 0.020290 0.070722
vt 0.049000 0.089266
vt 0.451755 0.514692
vt 0.130218 0.150437
vt 0.253460 0.131281
vt 0.239281 0.019179
vt 0.028462 0.137285
vt 0.053207 0.115868
vt 0.455107 0.516164
vt 0.589427 0.740144
vt 0.607874 0.724622
vt 0.602717 0.749219
vt 0.020347 0.059534
vt 0.050589 0.160611
vt 0.029153 0.157138
vt 0.025585 0.073456
vt 0.510692 0.542801
vt 0.058152 0.095542
vt 0.448049 0.527405
vt 0.144713 0.151370
vt 0.117806 0.355894
vt 0.228501 0.112435
vt 0.056690 0.103271
vt 0.058273 0.091067
vt 0.451438 0.520668
vt 0.281171 0.000901
vt 0.032692 0.072604
vt 0.061431 0.094478
vt 0.448272 0.521616
vt 0.443766 0.524166
vt 0.122260 0.334225
vt 0.115256 0.330206
vt 0.239832 0.126716
vt 0.033970 0.069870
vt 0.051681 0.075140
vt 0.062792 0.095226
vt 0.020621 0.752277
vt 0.034656 0.723936
vt 0.074922 0.743334
vt 0.130126 0.318067
vt 0.446085 0.526933
vt 0.133121 0.172015
vt 0.132826 0.363174
vt 0.111136 0.302983
vt 0.034605 0.064887
vt 0.043429 0.070272
vt 0.443882 0.527167
vt 0.676934 0.318036
vt 0.675363 0.252621
vt 0.691116 0.266374
vt 0.276907 0.940741
vt 0.278610 0.933516
vt 0.313449 0.943404
vt 0.133284 0.388371
vt 0.155085 0.381041
vt 0.613637 0.717272
vt 0.589427 0.677377
vt 0.027015 0.052873
vt 0.039185 0.066377
vt 0.463450 0.536795
vt 0.974140 0.460553
vt 0.973441 0.463061
vt 0.973082 0.461051
vt 0.972755 0.456132
vt 0.969681 0.455814
vt 0.220731 0.846892
vt 0.223592 0.843617
vt 0.222821 0.847139
vt 0.966632 0.453743
vt 0.967346 0.451627
vt 0.969984 0.463965
vt 0.965686 0.466674
vt 0.914353 0.319509
vt 0.914353 0.373080
vt 0.898555 0.330098
vt 0.224931 0.831909
vt 0.225281 0.838681
vt 0.140035 0.344020
vt 0.681302 0.957855
vt 0.675728 0.946926
vt 0.682663 0.944910
vt 0.687248 0.947502
vt 0.686245 0.944020
vt 0.682998 0.940375
vt 0.676135 0.939890
vt 0.647849 0.821960
vt 0.647493 0.828605
vt 0.640977 0.823781
vt 0.650893 0.827735
vt 0.655539 0.827952
vt 0.646201 0.834375
vt 0.267264 0.165134
vt 0.251329 0.164332
vt 0.019452 0.038795
vt 0.033493 0.060029
vt 0.067106 0.093214
vt 0.975750 0.460303
vt 0.974851 0.462599
vt 0.965686 0.437758
vt 0.966740 0.443452
vt 0.888055 0.348066
vt 0.229624 0.848441
vt 0.561414 0.992333
vt 0.569551 0.971450
vt 0.583473 0.983900
vt 0.687077 0.957013
vt 0.693262 0.951757
vt 0.691283 0.944147
vt 0.643322 0.810763
vt 0.647573 0.813704
vt 0.689296 0.937258
vt 0.653663 0.812852
vt 0.653863 0.818902
vt 0.655767 0.823524
vt 0.686299 0.933478
vt 0.682040 0.930580
vt 0.640719 0.828544
vt 0.678080 0.933903
vt 0.656754 0.831437
vt 0.654198 0.833757
vt 0.009884 0.044320
vt 0.048937 0.066274
vt 0.442712 0.534093
vt 0.219381 0.847808
vt 0.220435 0.849114
vt 0.215510 0.846737
vt 0.968350 0.444609
vt 0.433083 0.489282
vt 0.594955 0.974994
vt 0.231333 0.810785
vt 0.242111 0.830226
vt 0.220272 0.809241
vt 0.691116 0.233621
vt 0.223382 0.803492
vt 0.223305 0.799653
vt 0.224899 0.796910
vt 0.648063 0.808699
vt 0.660444 0.804922
vt 0.658831 0.816865
vt 0.660793 0.823837
vt 0.649625 0.838296
vt 0.642846 0.838202
vt 0.610032 0.669379
vt 0.068001 0.119784
vt 0.070028 0.092745
vt 0.441228 0.532065
vt 0.439622 0.530920
vt 0.967960 0.437310
vt 0.214207 0.842219
vt 0.965745 0.433283
vt 0.416249 0.514152
vt 0.211404 0.835322
vt 0.186081 0.932149
vt 0.183133 0.933939
vt 0.178381 0.933677
vt 0.879968 0.802104
vt 0.881289 0.807978
vt 0.877636 0.804034
vt 0.879924 0.810142
vt 0.002860 0.724036
vt 0.004864 0.726741
vt 0.000515 0.747247
vt 0.694731 0.958216
vt 0.686304 0.966618
vt 0.675728 0.967868
vt 0.676776 0.960519
vt 0.698936 0.950156
vt 0.702886 0.939801
vt 0.697778 0.934860
vt 0.693309 0.929545
vt 0.685309 0.925205
vt 0.663477 0.826220
vt 0.661828 0.831851
vt 0.657458 0.839514
vt 0.652980 0.842112
vt 0.002555 0.034122
vt 0.425786 0.538194
vt 0.988275 0.447426
vt 0.981562 0.464169
vt 0.211870 0.841694
vt 0.187483 0.933071
vt 0.182389 0.941369
vt 0.194980 0.795998
vt 0.206907 0.791821
vt 0.888118 0.814599
vt 0.237733 0.802274
vt 0.882361 0.812972
vt 0.873953 0.814609
vt 0.155149 0.363591
vt 0.084735 0.785106
vt 0.088310 0.782806
vt 0.083612 0.790445
vt 0.090212 0.787876
vt 0.086689 0.797117
vt 0.588013 0.226606
vt 0.585132 0.224107
vt 0.593259 0.219466
vt 0.697554 0.956229
vt 0.699434 0.961345
vt 0.700671 0.951481
vt 0.089284 0.806096
vt 0.084574 0.810156
vt 0.156724 0.309434
vt 0.651530 0.801670
vt 0.640719 0.844018
vt 0.645884 0.192127
vt 0.635343 0.198317
vt 0.635404 0.193843
vt 0.662007 0.838370
vt 0.624921 0.685782
vt 0.632414 0.691100
vt 0.014396 0.024027
vt 0.048065 0.062113
vt 0.078919 0.096002
vt 0.072287 0.092148
vt 0.075125 0.092080
vt 0.189615 0.929122
vt 0.210145 0.836845
vt 0.191777 0.921385
vt 0.597846 0.964932
vt 0.561414 0.955720
vt 0.252288 0.816278
vt 0.883115 0.816555
vt 0.879044 0.815496
vt 0.865976 0.814861
vt 0.079340 0.806367
vt 0.578444 0.234392
vt 0.706504 0.950303
vt 0.706043 0.943903
vt 0.652109 0.796656
vt 0.641058 0.801196
vt 0.704721 0.930144
vt 0.074922 0.717009
vt 0.669054 0.811741
vt 0.631735 0.196452
vt 0.628452 0.188591
vt 0.671966 0.817426
vt 0.668494 0.830454
vt 0.642791 0.200567
vt 0.646965 0.197109
vt 0.665202 0.834852
vt 0.651819 0.196962
vt 0.652963 0.207477
vt 0.613791 0.226324
vt 0.612281 0.229013
vt 0.609488 0.231086
vt 0.989275 0.467880
vt 0.194319 0.924253
vt 0.191411 0.928723
vt 0.195256 0.922597
vt 0.207673 0.835851
vt 0.202198 0.828429
vt 0.854610 0.802104
vt 0.073281 0.785036
vt 0.078237 0.796584
vt 0.072177 0.790019
vt 0.083555 0.814731
vt 0.593259 0.246172
vt 0.580485 0.238363
vt 0.078821 0.767955
vt 0.654406 0.791847
vt 0.656135 0.794359
vt 0.709464 0.945223
vt 0.623012 0.199028
vt 0.655196 0.198777
vt 0.008108 0.010787
vt 0.078920 0.149697
vt 0.079388 0.123951
vt 0.439713 0.542801
vt 0.202195 0.831699
vt 0.169868 0.881610
vt 0.182567 0.917411
vt 0.168936 0.916115
vt 0.868585 0.819319
vt 0.071564 0.810544
vt 0.709324 0.939146
vt 0.671338 0.805890
vt 0.617872 0.188499
vt 0.309626 0.489559
vt 0.274758 0.527897
vt 0.256530 0.508022
vt 0.678527 0.454327
vt 0.694224 0.433209
vt 0.701705 0.457048
vt 0.643100 0.206557
vt 0.671251 0.835491
vt 0.666808 0.842430
vt 0.655894 0.205044
vt 0.631891 0.689466
vt 0.081802 0.067825
vt 0.932701 0.370144
vt 0.915702 0.375984
vt 0.930514 0.338330
vt 0.604946 0.236559
vt 0.617476 0.213922
vt 0.670476 0.191089
vt 0.671563 0.156383
vt 0.704932 0.190753
vt 0.196797 0.923771
vt 0.198338 0.921746
vt 0.197977 0.919532
vt 0.202566 0.912626
vt 0.248048 0.801495
vt 0.888360 0.822714
vt 0.857534 0.819010
vt 0.846414 0.802952
vt 0.877931 0.827539
vt 0.869902 0.828487
vt 0.071641 0.802174
vt 0.072688 0.772810
vt 0.651670 0.777525
vt 0.662255 0.788834
vt 0.665072 0.790646
vt 0.873247 0.861074
vt 0.870055 0.862366
vt 0.869039 0.850582
vt 0.261338 0.633031
vt 0.260790 0.648665
vt 0.252725 0.633158
vt 0.456386 0.783175
vt 0.447375 0.784755
vt 0.445779 0.775332
vt 0.615860 0.196128
vt 0.266124 0.653592
vt 0.256713 0.652691
vt 0.256491 0.657361
vt 0.630696 0.203139
vt 0.254591 0.667742
vt 0.123843 0.771750
vt 0.137612 0.797745
vt 0.123843 0.837902
vt 0.672945 0.828572
vt 0.643323 0.709874
vt 0.052231 0.057109
vt 0.056719 0.060209
vt 0.599659 0.260456
vt 0.623839 0.214713
vt 0.607691 0.235176
vt 0.705272 0.174464
vt 0.207924 0.930351
vt 0.170017 0.993862
vt 0.166592 0.992897
vt 0.169723 0.992844
vt 0.201815 0.916507
vt 0.229353 0.607844
vt 0.196955 0.605331
vt 0.196237 0.604229
vt 0.209254 0.610913
vt 0.190358 0.905410
vt 0.341361 0.597156
vt 0.313493 0.565989
vt 0.329481 0.568437
vt 0.880525 0.824595
vt 0.015752 0.694045
vt 0.069169 0.805077
vt 0.211318 0.497405
vt 0.227977 0.489559
vt 0.880857 0.850306
vt 0.437465 0.779945
vt 0.658816 0.694625
vt 0.623839 0.304275
vt 0.600871 0.271275
vt 0.685573 0.197130
vt 0.678063 0.197540
vt 0.196430 0.960223
vt 0.194980 0.857779
vt 0.201472 0.926838
vt 0.115464 0.401529
vt 0.150790 0.393315
vt 0.134507 0.421828
vt 0.180101 0.988978
vt 0.035859 0.812032
vt 0.042278 0.811315
vt 0.037448 0.818025
vt 0.042761 0.814033
vt 0.048335 0.790399
vt 0.069939 0.789044
vt 0.264361 0.626823
vt 0.260217 0.630114
vt 0.253375 0.619325
vt 0.224040 0.520043
vt 0.254084 0.526390
vt 0.461763 0.775644
vt 0.426414 0.785823
vt 0.439950 0.787411
vt 0.268635 0.650301
vt 0.627503 0.206939
vt 0.263245 0.668231
vt 0.633532 0.216503
vt 0.654050 0.214470
vt 0.663797 0.202461
vt 0.722291 0.452916
vt 0.717810 0.463363
vt 0.689485 0.149165
vt 0.427344 0.495060
vt 0.208548 0.914999
vt 0.192067 0.993862
vt 0.201874 0.611221
vt 0.036957 0.805244
vt 0.034785 0.811317
vt 0.032315 0.805887
vt 0.037921 0.808486
vt 0.036361 0.789725
vt 0.041575 0.808558
vt 0.040849 0.809563
vt 0.044401 0.811900
vt 0.044997 0.813777
vt 0.046066 0.815376
vt 0.886380 0.826980
vt 0.882193 0.827610
vt 0.047026 0.814918
vt 0.858257 0.830961
vt 0.860358 0.829514
vt 0.869567 0.848550
vt 0.271908 0.653486
vt 0.723011 0.440308
vt 0.681128 0.213581
vt 0.648811 0.211980
vt 0.720694 0.463905
vt 0.716814 0.478583
vt 0.647698 0.668910
vt 0.609980 0.289835
vt 0.695089 0.203114
vt 0.669408 0.198312
vt 0.201746 0.925626
vt 0.201604 0.924173
vt 0.028983 0.809460
vt 0.032557 0.804198
vt 0.036808 0.784843
vt 0.053849 0.763189
vt 0.886915 0.828203
vt 0.879240 0.830200
vt 0.878363 0.832071
vt 0.876857 0.830060
vt 0.874339 0.829542
vt 0.857325 0.844215
vt 0.268467 0.632120
vt 0.272722 0.643592
vt 0.279502 0.661350
vt 0.681942 0.825770
vt 0.642306 0.215851
vt 0.460117 0.587143
vt 0.460572 0.567224
vt 0.466106 0.563209
vt 0.056420 0.051820
vt 0.602123 0.243833
vt 0.214489 0.913390
vt 0.333326 0.403128
vt 0.304609 0.416144
vt 0.288408 0.397267
vt 0.200789 0.614860
vt 0.196598 0.611399
vt 0.198488 0.615070
vt 0.194875 0.612219
vt 0.035020 0.784216
vt 0.190435 0.876642
vt 0.168936 0.863236
vt 0.068139 0.751651
vt 0.866119 0.834074
vt 0.871945 0.829711
vt 0.035700 0.708202
vt 0.077803 0.754236
vt 0.267350 0.625298
vt 0.856710 0.857383
vt 0.276269 0.651346
vt 0.611576 0.203914
vt 0.500134 0.573987
vt 0.635625 0.667896
vt 0.061728 0.185776
vt 0.709550 0.135631
vt 0.710555 0.146466
vt 0.313449 0.900525
vt 0.215687 0.914925
vt 0.189456 0.987930
vt 0.209935 0.617845
vt 0.028419 0.805121
vt 0.198755 0.899918
vt 0.317608 0.588891
vt 0.327284 0.617866
vt 0.313493 0.621191
vt 0.867519 0.830866
vt 0.865107 0.831607
vt 0.862427 0.832947
vt 0.859980 0.833353
vt 0.085510 0.753003
vt 0.240062 0.533447
vt 0.396900 0.641561
vt 0.393379 0.651362
vt 0.390386 0.639953
vt 0.055111 0.702448
vt 0.435851 0.765112
vt 0.278301 0.649267
vt 0.271075 0.675910
vt 0.256816 0.679348
vt 0.702827 0.202909
vt 0.186478 0.983017
vt 0.204756 0.617220
vt 0.332318 0.611915
vt 0.861758 0.835017
vt 0.860819 0.836655
vt 0.850495 0.837112
vt 0.221089 0.534396
vt 0.255154 0.535156
vt 0.300901 0.634701
vt 0.423238 0.773869
vt 0.422039 0.800685
vt 0.405940 0.794174
vt 0.624579 0.223726
vt 0.642542 0.226952
vt 0.722862 0.458953
vt 0.018017 0.000068
vt 0.051461 0.021487
vt 0.081802 0.168595
vt 0.708105 0.159110
vt 0.408887 0.518778
vt 0.209360 0.928256
vt 0.161554 0.993702
vt 0.162727 0.960268
vt 0.175440 0.429139
vt 0.182687 0.978039
vt 0.225283 0.922171
vt 0.366286 0.587041
vt 0.192656 0.990611
vt 0.029067 0.778953
vt 0.029953 0.776641
vt 0.046295 0.759215
vt 0.053952 0.754023
vt 0.293805 0.434241
vt 0.253492 0.416367
vt 0.443021 0.996920
vt 0.443021 0.966794
vt 0.464822 0.977752
vt 0.876866 0.292778
vt 0.860739 0.294985
vt 0.864019 0.277598
vt 0.844194 0.824447
vt 0.892947 0.283799
vt 0.887854 0.293598
vt 0.879213 0.298298
vt 0.686993 0.409723
vt 0.725394 0.432512
vt 0.280403 0.675522
vt 0.630295 0.227438
vt 0.599520 0.279450
vt 0.604917 0.289739
vt 0.696608 0.201876
vt 0.679202 0.210714
vt 0.219864 0.938045
vt 0.170841 0.965984
vt 0.173961 0.967993
vt 0.185103 0.976715
vt 0.184776 0.979125
vt 0.221320 0.912213
vt 0.195993 0.884239
vt 0.207654 0.533438
vt 0.039564 0.701264
vt 0.419978 0.677858
vt 0.388240 0.669938
vt 0.422258 0.669938
vt 0.264327 0.615403
vt 0.296959 0.596838
vt 0.384590 0.637401
vt 0.402132 0.632190
vt 0.397664 0.622076
vt 0.432091 0.458705
vt 0.415971 0.452113
vt 0.426051 0.404822
vt 0.412844 0.436505
vt 0.392549 0.418663
vt 0.505761 0.575185
vt 0.519232 0.587143
vt 0.684846 0.223398
vt 0.592916 0.250840
vt 0.152529 0.512221
vt 0.154377 0.490094
vt 0.167744 0.508105
vt 0.267143 0.212724
vt 0.269107 0.211733
vt 0.269107 0.255346
vt 0.125250 0.421011
vt 0.128980 0.422904
vt 0.157342 0.427119
vt 0.216578 0.957153
vt 0.167900 0.620780
vt 0.170919 0.622179
vt 0.175422 0.638364
vt 0.336639 0.608530
vt 0.200301 0.893106
vt 0.198924 0.887028
vt 0.257475 0.414810
vt 0.656214 0.931457
vt 0.654103 0.921808
vt 0.660886 0.916743
vt 0.051606 0.748294
vt 0.398639 0.689026
vt 0.428275 0.692750
vt 0.870316 0.300440
vt 0.428172 0.764375
vt 0.406159 0.393480
vt 0.415059 0.758616
vt 0.397439 0.458705
vt 0.656317 0.232185
vt 0.723675 0.445550
vt 0.662065 0.672388
vt 0.415893 0.978572
vt 0.397618 0.968954
vt 0.415893 0.945078
vt 0.714628 0.143968
vt 0.441886 0.961273
vt 0.439882 0.980371
vt 0.431930 0.983159
vt 0.213250 0.932407
vt 0.181610 0.971552
vt 0.658241 0.935075
vt 0.657791 0.936696
vt 0.655969 0.938527
vt 0.656557 0.896950
vt 0.423421 0.697003
vt 0.886721 0.309580
vt 0.314978 0.598224
vt 0.384590 0.613421
vt 0.254864 0.265356
vt 0.228666 0.254256
vt 0.237944 0.240676
vt 0.408120 0.808851
vt 0.283105 0.672353
vt 0.486591 0.551251
vt 0.491755 0.548420
vt 0.726590 0.446678
vt 0.740045 0.465487
vt 0.471059 0.552098
vt 0.923388 0.322698
vt 0.940574 0.337010
vt 0.929773 0.330426
vt 0.932701 0.388371
vt 0.591784 0.250140
vt 0.699783 0.212187
vt 0.162103 0.494225
vt 0.129657 0.443375
vt 0.221486 0.939531
vt 0.216491 0.933866
vt 0.168194 0.964001
vt 0.180977 0.969676
vt 0.352132 0.596364
vt 0.196101 0.656598
vt 0.188576 0.637335
vt 0.226295 0.920740
vt 0.655921 0.941077
vt 0.654103 0.944933
vt 0.658077 0.938422
vt 0.660367 0.937750
vt 0.661522 0.934490
vt 0.251608 0.172756
vt 0.248324 0.185011
vt 0.248332 0.163071
vt 0.454118 0.456868
vt 0.873841 0.332139
vt 0.423244 0.380725
vt 0.252258 0.265134
vt 0.289679 0.567949
vt 0.311920 0.574913
vt 0.292078 0.593215
vt 0.565868 0.662286
vt 0.560759 0.665780
vt 0.536636 0.665545
vt 0.534116 0.672257
vt 0.409306 0.756191
vt 0.305955 0.655197
vt 0.279249 0.681942
vt 0.478201 0.552828
vt 0.935864 0.336755
vt 0.273769 0.891495
vt 0.296560 0.897290
vt 0.417555 0.944213
vt 0.133767 0.463292
vt 0.354226 0.597425
vt 0.975258 0.650365
vt 0.977042 0.654983
vt 0.975985 0.652708
vt 0.974761 0.655647
vt 0.154551 0.628959
vt 0.657940 0.939992
vt 0.028419 0.760641
vt 0.590977 0.615788
vt 0.600904 0.609169
vt 0.600904 0.631485
vt 0.674237 0.928440
vt 0.599800 0.606673
vt 0.019240 0.692801
vt 0.253817 0.174359
vt 0.849595 0.290764
vt 0.388791 0.685475
vt 0.247971 0.284492
vt 0.264928 0.595893
vt 0.268691 0.585777
vt 0.242508 0.284539
vt 0.043121 0.674096
vt 0.065764 0.673810
vt 0.420651 0.739124
vt 0.219870 0.228760
vt 0.623395 0.235538
vt 0.726310 0.437411
vt 0.577852 0.254147
vt 0.136210 0.499455
vt 0.143896 0.495069
vt 0.417555 0.979180
vt 0.188526 0.957752
vt 0.170599 0.963621
vt 0.074947 0.059558
vt 0.081038 0.048586
vt 0.080864 0.063471
vt 0.973782 0.652219
vt 0.657045 0.943701
vt 0.035021 0.752811
vt 0.667101 0.940388
vt 0.435770 0.699538
vt 0.431726 0.712943
vt 0.026316 0.673527
vt 0.761451 0.631337
vt 0.731996 0.616175
vt 0.757345 0.612941
vt 0.280690 0.260935
vt 0.266628 0.258475
vt 0.282834 0.558977
vt 0.278314 0.571636
vt 0.242325 0.305679
vt 0.224650 0.289294
vt 0.513787 0.640255
vt 0.224631 0.268116
vt 0.532098 0.542503
vt 0.291282 0.677637
vt 0.282764 0.681425
vt 0.581038 0.250710
vt 0.705288 0.202167
vt 0.157763 0.486881
vt 0.163206 0.490488
vt 0.163051 0.493370
vt 0.180272 0.497225
vt 0.221819 0.960223
vt 0.184361 0.962562
vt 0.359098 0.595113
vt 0.223440 0.646959
vt 0.170012 0.449470
vt 0.081038 0.065485
vt 0.079676 0.065748
vt 0.974295 0.649547
vt 0.965392 0.649283
vt 0.365835 0.601396
vt 0.969732 0.659049
vt 0.971534 0.665123
vt 0.964926 0.663220
vt 0.670263 0.943361
vt 0.329184 0.624802
vt 0.633195 0.006643
vt 0.619002 0.004521
vt 0.629547 0.000358
vt 0.247470 0.428040
vt 0.240966 0.420218
vt 0.399650 0.692934
vt 0.616640 0.007190
vt 0.621555 0.027266
vt 0.728285 0.596706
vt 0.263235 0.614772
vt 0.255077 0.615417
vt 0.245152 0.304046
vt 0.396227 0.740309
vt 0.473997 0.293492
vt 0.494715 0.283757
vt 0.503865 0.295865
vt 0.550404 0.694976
vt 0.513787 0.721697
vt 0.377924 0.393617
vt 0.404052 0.386664
vt 0.206389 0.229893
vt 0.314978 0.663768
vt 0.633314 0.240922
vt 0.687437 0.227707
vt 0.678684 0.234633
vt 0.439044 0.552959
vt 0.949826 0.340044
vt 0.707524 0.204853
vt 0.706202 0.206257
vt 0.708593 0.203785
vt 0.180403 0.645818
vt 0.169258 0.958022
vt 0.948772 0.533445
vt 0.953199 0.537204
vt 0.952375 0.539743
vt 0.068905 0.000990
vt 0.070186 0.003305
vt 0.068905 0.007645
vt 0.971769 0.647469
vt 0.342441 0.630200
vt 0.674290 0.938655
vt 0.253116 0.415216
vt 0.141503 0.821484
vt 0.137366 0.842489
vt 0.138833 0.822959
vt 0.442337 0.382803
vt 0.269044 0.271980
vt 0.261266 0.281713
vt 0.975514 0.753546
vt 0.967020 0.758393
vt 0.967020 0.723810
vt 0.802735 0.747690
vt 0.789397 0.725318
vt 0.793208 0.717815
vt 0.892870 0.336384
vt 0.519325 0.408901
vt 0.530884 0.411377
vt 0.538214 0.447196
vt 0.710496 0.937288
vt 0.709169 0.903301
vt 0.741792 0.937288
vt 0.512958 0.381094
vt 0.519852 0.395666
vt 0.516257 0.285723
vt 0.719694 0.894115
vt 0.738456 0.917672
vt 0.200316 0.273201
vt 0.398238 0.796233
vt 0.367664 0.458222
vt 0.729559 0.414590
vt 0.396227 0.806859
vt 0.726536 0.428743
vt 0.694174 0.230851
vt 0.713126 0.702484
vt 0.694188 0.686235
vt 0.717316 0.688405
vt 0.727813 0.182666
vt 0.974793 0.638574
vt 0.970831 0.630863
vt 0.977042 0.622228
vt 0.224773 0.937537
vt 0.952230 0.533631
vt 0.944752 0.525734
vt 0.936283 0.525054
vt 0.941059 0.521862
vt 0.937027 0.512008
vt 0.971245 0.644789
vt 0.971693 0.642526
vt 0.965630 0.660495
vt 0.275843 0.377002
vt 0.961336 0.662936
vt 0.404085 0.724771
vt 0.250690 0.407905
vt 0.013580 0.172323
vt 0.002222 0.206417
vt 0.002844 0.133918
vt 0.761451 0.591511
vt 0.275567 0.561884
vt 0.259383 0.289282
vt 0.252835 0.303264
vt 0.252290 0.610464
vt 0.537888 0.450611
vt 0.533969 0.456236
vt 0.515066 0.441567
vt 0.797952 0.725629
vt 0.512874 0.415358
vt 0.537220 0.400629
vt 0.209075 0.306522
vt 0.196522 0.288568
vt 0.203731 0.242201
vt 0.729793 0.420610
vt 0.729142 0.428782
vt 0.734510 0.427280
vt 0.666138 0.241087
vt 0.658894 0.244148
vt 0.172623 0.485340
vt 0.976345 0.638469
vt 0.073393 0.005091
vt 0.971217 0.640243
vt 0.941672 0.517408
vt 0.969794 0.642403
vt 0.969221 0.645142
vt 0.173960 0.660792
vt 0.963741 0.649604
vt 0.029339 0.903629
vt 0.028094 0.907462
vt 0.024004 0.904333
vt 0.645493 0.003893
vt 0.636201 0.016895
vt 0.677355 0.933061
vt 0.219762 0.434241
vt 0.370313 0.701710
vt 0.262308 0.569227
vt 0.536715 0.508749
vt 0.531279 0.489166
vt 0.543308 0.473254
vt 0.847456 0.709464
vt 0.832539 0.695889
vt 0.850768 0.707277
vt 0.793980 0.715204
vt 0.777353 0.691111
vt 0.715245 0.602529
vt 0.516808 0.266375
vt 0.744632 0.908054
vt 0.485679 0.496667
vt 0.517231 0.503763
vt 0.526835 0.532541
vt 0.512912 0.536993
vt 0.740045 0.397879
vt 0.198003 0.259271
vt 0.325540 0.941039
vt 0.320915 0.944382
vt 0.331957 0.932911
vt 0.835123 0.012021
vt 0.835402 0.015039
vt 0.831116 0.016124
vt 0.320025 0.949636
vt 0.732365 0.419848
vt 0.003058 0.659832
vt 0.000955 0.689587
vt 0.001133 0.659074
vt 0.923433 0.669710
vt 0.923433 0.624032
vt 0.926585 0.640048
vt 0.612859 0.240824
vt 0.950884 0.348702
vt 0.812107 0.937809
vt 0.803721 0.902769
vt 0.816496 0.912245
vt 0.951923 0.522601
vt 0.957165 0.535295
vt 0.937300 0.509716
vt 0.969277 0.632235
vt 0.968082 0.641871
vt 0.967085 0.644476
vt 0.963715 0.646826
vt 0.351511 0.619451
vt 0.022269 0.907289
vt 0.638390 0.018667
vt 0.635342 0.024592
vt 0.025547 0.910449
vt 0.032109 0.909917
vt 0.140598 0.817524
vt 0.142567 0.816147
vt 0.634273 0.033961
vt 0.009214 0.145463
vt 0.004281 0.127028
vt 0.826043 0.689463
vt 0.712550 0.631485
vt 0.499257 0.252745
vt 0.693224 0.982733
vt 0.678993 0.971549
vt 0.698761 0.970237
vt 0.195128 0.299622
vt 0.848053 0.106142
vt 0.819813 0.112969
vt 0.802076 0.092382
vt 0.576440 0.685917
vt 0.839609 0.001114
vt 0.330903 0.938938
vt 0.321700 0.949641
vt 0.000955 0.650818
vt 0.627555 0.241708
vt 0.480930 0.533678
vt 0.688562 0.696095
vt 0.569038 0.265684
vt 0.125715 0.504265
vt 0.117188 0.494593
vt 0.127410 0.503475
vt 0.182846 0.652633
vt 0.945558 0.512050
vt 0.963029 0.648069
vt 0.958202 0.661216
vt 0.019693 0.906581
vt 0.021742 0.910004
vt 0.139583 0.814070
vt 0.143728 0.812300
vt 0.632842 0.043221
vt 0.286058 0.270313
vt 0.266243 0.283834
vt 0.556274 0.492379
vt 0.192198 0.757080
vt 0.185172 0.763062
vt 0.172695 0.726061
vt 0.195074 0.766600
vt 0.282122 0.739969
vt 0.245576 0.745505
vt 0.241668 0.743128
vt 0.258564 0.368493
vt 0.258564 0.348633
vt 0.266049 0.360171
vt 0.492828 0.252534
vt 0.545154 0.703361
vt 0.461442 0.232630
vt 0.475758 0.239956
vt 0.488632 0.246062
vt 0.593616 0.800398
vt 0.596317 0.819554
vt 0.589315 0.806430
vt 0.196863 0.261211
vt 0.842449 0.001180
vt 0.913756 0.286355
vt 0.921815 0.278352
vt 0.934500 0.299850
vt 0.659232 0.248758
vt 0.958981 0.644756
vt 0.967307 0.625002
vt 0.962433 0.649226
vt 0.243900 0.394941
vt 0.021385 0.904197
vt 0.022706 0.911166
vt 0.018359 0.913628
vt 0.635832 0.036689
vt 0.141921 0.806549
vt 0.630282 0.372013
vt 0.620429 0.389783
vt 0.633013 0.348987
vt 0.016055 0.148243
vt 0.734458 0.554844
vt 0.759900 0.582722
vt 0.282727 0.767098
vt 0.273793 0.767824
vt 0.544078 0.523718
vt 0.723995 0.887060
vt 0.192918 0.296487
vt 0.560780 0.694545
vt 0.341429 0.931925
vt 0.850619 0.011484
vt 0.841831 0.020101
vt 0.832956 0.020844
vt 0.917764 0.328739
vt 0.671621 0.260974
vt 0.440952 0.543732
vt 0.714821 0.673244
vt 0.724755 0.680575
vt 0.714769 0.210182
vt 0.116979 0.498810
vt 0.189804 0.666844
vt 0.951035 0.518838
vt 0.952468 0.517671
vt 0.957438 0.625933
vt 0.015143 0.903807
vt 0.017563 0.909428
vt 0.011051 0.912366
vt 0.634401 0.051900
vt 0.002222 0.108329
vt 0.630071 0.057619
vt 0.568030 0.482597
vt 0.853246 0.674359
vt 0.174166 0.781122
vt 0.248215 0.762372
vt 0.542103 0.543899
vt 0.738895 0.851577
vt 0.753806 0.857264
vt 0.732578 0.851493
vt 0.716464 0.836451
vt 0.717359 0.842210
vt 0.693259 0.989238
vt 0.672981 0.967493
vt 0.354732 0.920164
vt 0.346727 0.927824
vt 0.341322 0.928477
vt 0.837752 0.110019
vt 0.354732 0.962740
vt 0.316169 0.957024
vt 0.884855 0.928722
vt 0.847620 0.955636
vt 0.851119 0.907591
vt 0.567505 0.255799
vt 0.123587 0.474559
vt 0.789065 0.903236
vt 0.950326 0.514881
vt 0.960081 0.647688
vt 0.954352 0.656940
vt 0.014580 0.908341
vt 0.014243 0.910195
vt 0.632314 0.055603
vt 0.512874 0.467243
vt 0.563112 0.501467
vt 0.705043 0.327409
vt 0.701102 0.357910
vt 0.703043 0.316387
vt 0.674775 0.321775
vt 0.675106 0.359599
vt 0.568030 0.568795
vt 0.720019 0.853724
vt 0.352300 0.927325
vt 0.937288 0.290522
vt 0.574741 0.242369
vt 0.553843 0.210272
vt 0.585614 0.206419
vt 0.443699 0.842335
vt 0.460234 0.865499
vt 0.437823 0.868437
vt 0.368427 0.353600
vt 0.366371 0.349165
vt 0.380882 0.357371
vt 0.842658 0.931292
vt 0.565436 0.270420
vt 0.562868 0.254795
vt 0.555158 0.254016
vt 0.727813 0.218650
vt 0.087942 0.447940
vt 0.201349 0.666796
vt 0.870079 0.911846
vt 0.853407 0.904844
vt 0.884360 0.912824
vt 0.951288 0.512042
vt 0.948504 0.509572
vt 0.012245 0.907385
vt 0.661610 0.019474
vt 0.000768 0.938817
vt 0.632170 0.063946
vt 0.241237 0.568796
vt 0.228917 0.537236
vt 0.628073 0.065524
vt 0.279710 0.306568
vt 0.616640 0.076398
vt 0.724755 0.317259
vt 0.714661 0.354314
vt 0.547788 0.181390
vt 0.575654 0.160819
vt 0.584337 0.166128
vt 0.625368 0.840520
vt 0.616233 0.841208
vt 0.601921 0.838188
vt 0.807084 0.116669
vt 0.741768 0.872409
vt 0.104660 0.173921
vt 0.104693 0.176624
vt 0.099938 0.178895
vt 0.972928 0.288769
vt 0.966607 0.283207
vt 0.981630 0.288984
vt 0.179645 0.294550
vt 0.171098 0.265919
vt 0.427250 0.863348
vt 0.636886 0.269356
vt 0.387910 0.390172
vt 0.380270 0.391429
vt 0.379779 0.382758
vt 0.957165 0.317443
vt 0.950198 0.359910
vt 0.887805 0.946141
vt 0.889889 0.955636
vt 0.105977 0.489532
vt 0.113321 0.494605
vt 0.109814 0.483318
vt 0.211735 0.661502
vt 0.952005 0.509775
vt 0.949694 0.506495
vt 0.948458 0.500891
vt 0.945737 0.498360
vt 0.949205 0.636587
vt 0.953663 0.647790
vt 0.815411 0.620781
vt 0.827175 0.599242
vt 0.822865 0.617483
vt 0.953982 0.650790
vt 0.010344 0.904842
vt 0.010444 0.896705
vt 0.617886 0.333211
vt 0.396201 0.721065
vt 0.229428 0.215158
vt 0.238836 0.239301
vt 0.212443 0.223742
vt 0.137424 0.778922
vt 0.624631 0.072362
vt 0.278859 0.286713
vt 0.283404 0.296677
vt 0.776103 0.502358
vt 0.795025 0.487292
vt 0.771106 0.509163
vt 0.786243 0.487530
vt 0.559440 0.167472
vt 0.592486 0.827433
vt 0.586551 0.811137
vt 0.105362 0.164896
vt 0.590505 0.823561
vt 0.587804 0.817192
vt 0.588664 0.820039
vt 0.109391 0.176980
vt 0.672981 0.998449
vt 0.623839 0.886206
vt 0.599263 0.875354
vt 0.612866 0.871370
vt 0.862899 0.004093
vt 0.828237 0.136179
vt 0.321716 0.964810
vt 0.585614 0.170113
vt 0.549404 0.202548
vt 0.680225 0.709464
vt 0.663729 0.688125
vt 0.682560 0.679792
vt 0.772788 0.919806
vt 0.957165 0.505711
vt 0.951071 0.503737
vt 0.950254 0.641715
vt 0.008843 0.898489
vt 0.250759 0.228499
vt 0.242305 0.217084
vt 0.656453 0.047991
vt 0.608549 0.197243
vt 0.596643 0.170055
vt 0.765728 0.504695
vt 0.802735 0.677790
vt 0.714574 0.383904
vt 0.583327 0.816902
vt 0.588817 0.832643
vt 0.113147 0.178895
vt 0.937288 0.279838
vt 0.860837 0.104721
vt 0.853742 0.131044
vt 0.014990 0.837770
vt 0.021828 0.844368
vt 0.019286 0.849490
vt 0.930248 0.597548
vt 0.935759 0.591979
vt 0.935759 0.640659
vt 0.947458 0.493590
vt 0.504033 0.988289
vt 0.498754 0.979377
vt 0.507634 0.992333
vt 0.500912 0.984610
vt 0.496721 0.980830
vt 0.485123 0.983365
vt 0.483743 0.981573
vt 0.008158 0.895541
vt 0.009342 0.894273
vt 0.369667 0.637942
vt 0.006939 0.896800
vt 0.007022 0.898460
vt 0.838817 0.595474
vt 0.383300 0.717832
vt 0.780345 0.485324
vt 0.228917 0.626897
vt 0.799987 0.484112
vt 0.807322 0.486762
vt 0.826043 0.654807
vt 0.836969 0.661326
vt 0.255450 0.219764
vt 0.252518 0.233117
vt 0.255849 0.213540
vt 0.568717 0.157159
vt 0.722896 0.376082
vt 0.622448 0.871637
vt 0.605673 0.867828
vt 0.248334 0.771772
vt 0.595738 0.858201
vt 0.731942 0.869170
vt 0.702309 0.849217
vt 0.479546 0.225252
vt 0.856748 0.027842
vt 0.447760 0.878041
vt 0.611576 0.265244
vt 0.680255 0.667739
vt 0.808851 0.175503
vt 0.808851 0.244643
vt 0.794069 0.221751
vt 0.586397 0.463525
vt 0.581271 0.485699
vt 0.539054 0.453002
vt 0.556477 0.446283
vt 0.203087 0.668013
vt 0.000768 0.897938
vt 0.205444 0.214426
vt 0.398809 0.722927
vt 0.302746 0.268316
vt 0.299017 0.271577
vt 0.519621 0.477818
vt 0.803823 0.481502
vt 0.255767 0.215294
vt 0.256875 0.218697
vt 0.724755 0.388848
vt 0.564404 0.156947
vt 0.217121 0.788083
vt 0.598406 0.874013
vt 0.592564 0.860577
vt 0.513823 0.241518
vt 0.723392 0.862824
vt 0.718530 0.860519
vt 0.710467 0.857267
vt 0.169840 0.306568
vt 0.168727 0.272244
vt 0.596317 0.780755
vt 0.742689 0.267254
vt 0.747393 0.270848
vt 0.736366 0.277547
vt 0.751198 0.272422
vt 0.756275 0.293431
vt 0.264998 0.546711
vt 0.286631 0.542482
vt 0.282971 0.552553
vt 0.494837 0.971418
vt 0.002907 0.887389
vt 0.196485 0.226171
vt 0.614520 0.423538
vt 0.595622 0.403617
vt 0.376858 0.715515
vt 0.654301 0.070959
vt 0.631618 0.085625
vt 0.253227 0.239854
vt 0.249432 0.242171
vt 0.573552 0.127161
vt 0.721292 0.399074
vt 0.870046 0.596285
vt 0.852537 0.609787
vt 0.858796 0.593648
vt 0.559579 0.157314
vt 0.847677 0.586189
vt 0.862281 0.580216
vt 0.835233 0.548918
vt 0.808777 0.522574
vt 0.834082 0.533078
vt 0.808895 0.535123
vt 0.827258 0.525407
vt 0.595589 0.874598
vt 0.583327 0.863158
vt 0.981630 0.255791
vt 0.871388 0.013947
vt 0.341154 0.455639
vt 0.622822 0.270636
vt 0.389135 0.365983
vt 0.358921 0.370691
vt 0.110218 0.491615
vt 0.885302 0.864154
vt 0.930382 0.650100
vt 0.951161 0.658906
vt 0.926148 0.686529
vt 0.215949 0.743811
vt 0.226497 0.745230
vt 0.213059 0.757114
vt 0.386268 0.719790
vt 0.180567 0.249994
vt 0.289780 0.290376
vt 0.608549 0.105632
vt 0.585294 0.115055
vt 0.362368 0.396502
vt 0.340044 0.403800
vt 0.331655 0.374337
vt 0.253906 0.253264
vt 0.873069 0.593269
vt 0.865371 0.605680
vt 0.858261 0.608592
vt 0.570212 0.127581
vt 0.833036 0.607207
vt 0.826496 0.521677
vt 0.590234 0.864576
vt 0.248237 0.775554
vt 0.516808 0.214258
vt 0.711752 0.859723
vt 0.622175 0.905756
vt 0.712213 0.869760
vt 0.278024 0.786062
vt 0.623839 0.925056
vt 0.582075 0.894302
vt 0.493265 0.579171
vt 0.490846 0.586414
vt 0.489746 0.587853
vt 0.492997 0.580795
vt 0.546314 0.441360
vt 0.565897 0.439414
vt 0.562155 0.443579
vt 0.125158 0.464484
vt 0.028000 0.842151
vt 0.038376 0.854181
vt 0.022217 0.839630
vt 0.016138 0.835811
vt 0.011949 0.864598
vt 0.772788 0.951049
vt 0.196479 0.463292
vt 0.952578 0.686529
vt 0.343702 0.650858
vt 0.227005 0.211046
vt 0.392716 0.723807
vt 0.375549 0.732083
vt 0.382236 0.721220
vt 0.374694 0.718797
vt 0.376782 0.717250
vt 0.683017 0.475680
vt 0.707524 0.500047
vt 0.699851 0.507202
vt 0.371958 0.718142
vt 0.349051 0.404863
vt 0.852297 0.661791
vt 0.860749 0.610797
vt 0.837119 0.621304
vt 0.828559 0.621577
vt 0.786916 0.548918
vt 0.785933 0.533383
vt 0.496663 0.813894
vt 0.517610 0.816163
vt 0.505182 0.833421
vt 0.172695 0.796618
vt 0.799646 0.523932
vt 0.808183 0.519618
vt 0.836373 0.515372
vt 0.159853 0.161131
vt 0.174410 0.099059
vt 0.187982 0.121966
vt 0.253541 0.781564
vt 0.730694 0.872371
vt 0.207946 0.084921
vt 0.177772 0.059810
vt 0.176590 0.294014
vt 0.172086 0.288729
vt 0.171024 0.285848
vt 0.169359 0.280476
vt 0.168097 0.287246
vt 0.820953 0.137172
vt 0.360926 0.266219
vt 0.360166 0.286568
vt 0.337473 0.274167
vt 0.847686 0.962319
vt 0.851918 0.957839
vt 0.850247 0.962975
vt 0.837944 0.137991
vt 0.496931 0.576826
vt 0.493441 0.582997
vt 0.492515 0.589293
vt 0.490705 0.589721
vt 0.862746 0.968479
vt 0.858994 0.970874
vt 0.850964 0.975201
vt 0.432349 0.867814
vt 0.859821 0.979630
vt 0.736626 0.263277
vt 0.741766 0.264185
vt 0.745277 0.263972
vt 0.746724 0.266981
vt 0.747651 0.268713
vt 0.755100 0.283943
vt 0.749236 0.265219
vt 0.751381 0.270291
vt 0.764248 0.267632
vt 0.748279 0.257960
vt 0.359573 0.924725
vt 0.365796 0.926225
vt 0.368543 0.927564
vt 0.374248 0.931097
vt 0.373467 0.929212
vt 0.162256 0.738033
vt 0.155074 0.739819
vt 0.155533 0.735865
vt 0.151239 0.736440
vt 0.362019 0.921592
vt 0.371169 0.925592
vt 0.540776 0.430629
vt 0.543644 0.424145
vt 0.562006 0.425285
vt 0.762462 0.537467
vt 0.756874 0.537543
vt 0.760087 0.535260
vt 0.638022 0.897280
vt 0.642626 0.925141
vt 0.628014 0.901259
vt 0.015026 0.317263
vt 0.011320 0.309011
vt 0.033638 0.305003
vt 0.626960 0.926863
vt 0.647352 0.940183
vt 0.173255 0.676212
vt 0.637552 0.944674
vt 0.646961 0.926088
vt 0.650802 0.938175
vt 0.940779 0.638728
vt 0.381657 0.617369
vt 0.372683 0.745611
vt 0.375344 0.744892
vt 0.372174 0.723852
vt 0.391963 0.745917
vt 0.397898 0.730896
vt 0.199896 0.210302
vt 0.399221 0.726473
vt 0.181266 0.209970
vt 0.583863 0.372605
vt 0.840400 0.582713
vt 0.401758 0.725044
vt 0.367505 0.721416
vt 0.018348 0.247906
vt 0.003770 0.249978
vt 0.004106 0.237307
vt 0.004962 0.260626
vt 0.011611 0.948454
vt 0.015290 0.967869
vt 0.011164 0.957048
vt 0.836599 0.657999
vt 0.789958 0.448804
vt 0.726457 0.485995
vt 0.729061 0.495963
vt 0.096328 0.147994
vt 0.095024 0.165489
vt 0.092684 0.148041
vt 0.082358 0.177366
vt 0.839904 0.624310
vt 0.825136 0.624093
vt 0.657241 0.948832
vt 0.649911 0.948205
vt 0.660317 0.945315
vt 0.515884 0.801617
vt 0.515854 0.806671
vt 0.505534 0.803318
vt 0.517913 0.801681
vt 0.518143 0.810805
vt 0.831786 0.271791
vt 0.820724 0.253883
vt 0.828339 0.239709
vt 0.518244 0.821492
vt 0.515870 0.828219
vt 0.511048 0.836122
vt 0.495971 0.837896
vt 0.785239 0.525608
vt 0.172199 0.293604
vt 0.169877 0.292947
vt 0.294399 0.788626
vt 0.867710 0.023233
vt 0.853541 0.958089
vt 0.488534 0.592065
vt 0.492260 0.594860
vt 0.486432 0.595428
vt 0.858265 0.139092
vt 0.851007 0.136827
vt 0.865060 0.959564
vt 0.436944 0.871410
vt 0.430140 0.871413
vt 0.427493 0.868996
vt 0.136064 0.703190
vt 0.097276 0.711354
vt 0.135575 0.696435
vt 0.857970 0.982212
vt 0.740699 0.260204
vt 0.831799 0.027433
vt 0.823437 0.024477
vt 0.808214 0.000432
vt 0.754676 0.272946
vt 0.753431 0.274582
vt 0.789776 0.577145
vt 0.807879 0.576811
vt 0.790688 0.580362
vt 0.771698 0.279209
vt 0.877743 0.980245
vt 0.880384 0.972757
vt 0.808852 0.568491
vt 0.809016 0.573553
vt 0.754669 0.258915
vt 0.771169 0.273273
vt 0.825377 0.030479
vt 0.792188 0.284660
vt 0.364455 0.930438
vt 0.560230 0.860845
vt 0.554365 0.859636
vt 0.559251 0.858117
vt 0.553204 0.854918
vt 0.551489 0.859319
vt 0.153593 0.734013
vt 0.160383 0.735476
vt 0.858980 0.673834
vt 0.860283 0.676769
vt 0.855591 0.675994
vt 0.866768 0.675763
vt 0.358830 0.926967
vt 0.565161 0.860700
vt 0.565058 0.861924
vt 0.380706 0.932481
vt 0.380164 0.935369
vt 0.554736 0.863580
vt 0.855297 0.669980
vt 0.867779 0.672926
vt 0.898773 0.583244
vt 0.893029 0.586001
vt 0.893795 0.582441
vt 0.859843 0.666601
vt 0.377202 0.923868
vt 0.955093 0.360189
vt 0.284688 0.553878
vt 0.278738 0.555067
vt 0.286463 0.555237
vt 0.299114 0.545128
vt 0.387231 0.266049
vt 0.375915 0.250187
vt 0.400196 0.263575
vt 0.756186 0.536321
vt 0.744074 0.539886
vt 0.741254 0.538171
vt 0.741745 0.536935
vt 0.765076 0.535163
vt 0.026001 0.319438
vt 0.015040 0.318769
vt 0.379335 0.088963
vt 0.375570 0.090928
vt 0.370493 0.088258
vt 0.369912 0.090191
vt 0.593201 0.039703
vt 0.591617 0.041548
vt 0.590271 0.040490
vt 0.601855 0.042638
vt 0.773683 0.542396
vt 0.098632 0.463067
vt 0.586236 0.030336
vt 0.368875 0.134193
vt 0.856550 0.175854
vt 0.863844 0.158796
vt 0.866953 0.203359
vt 0.645397 0.906265
vt 0.029497 0.838487
vt 0.018348 0.614238
vt 0.000496 0.638439
vt 0.015310 0.597488
vt 0.614665 0.004911
vt 0.907395 0.789341
vt 0.931771 0.792986
vt 0.918342 0.793375
vt 0.384922 0.089658
vt 0.018348 0.681942
vt 0.624672 0.939416
vt 0.612877 0.924045
vt 0.632636 0.946462
vt 0.654420 0.937417
vt 0.968851 0.132531
vt 0.967358 0.132699
vt 0.970075 0.124374
vt 0.975514 0.146821
vt 0.974205 0.129617
vt 0.815411 0.567766
vt 0.250150 0.210186
vt 0.643359 0.792031
vt 0.643359 0.722798
vt 0.651362 0.724804
vt 0.961752 0.313449
vt 0.954807 0.291282
vt 0.961752 0.275664
vt 0.701728 0.524524
vt 0.714528 0.556563
vt 0.821083 0.866379
vt 0.814525 0.902121
vt 0.814525 0.856375
vt 0.163766 0.226629
vt 0.401494 0.725908
vt 0.726020 0.522041
vt 0.331655 0.407251
vt 0.337832 0.406701
vt 0.335655 0.449531
vt 0.346439 0.406486
vt 0.301714 0.278089
vt 0.300282 0.281580
vt 0.730871 0.514048
vt 0.749200 0.403339
vt 0.761842 0.397291
vt 0.782857 0.443415
vt 0.007121 0.962751
vt 0.010351 0.953283
vt 0.954966 0.038649
vt 0.955426 0.044131
vt 0.953030 0.048929
vt 0.765728 0.457472
vt 0.835811 0.655249
vt 0.820002 0.394964
vt 0.816472 0.384149
vt 0.834225 0.396334
vt 0.087636 0.152003
vt 0.671239 0.949170
vt 0.650056 0.951473
vt 0.556912 0.105979
vt 0.648122 0.950940
vt 0.647593 0.948889
vt 0.646069 0.950706
vt 0.083306 0.140106
vt 0.914353 0.431063
vt 0.914353 0.484699
vt 0.897267 0.438635
vt 0.519791 0.800975
vt 0.521394 0.816190
vt 0.082358 0.094471
vt 0.848990 0.553505
vt 0.848990 0.490968
vt 0.854721 0.500173
vt 0.521968 0.821031
vt 0.521111 0.823818
vt 0.519036 0.828145
vt 0.824597 0.273922
vt 0.732636 0.878889
vt 0.197014 0.995391
vt 0.204514 0.986688
vt 0.206499 0.987410
vt 0.725498 0.878245
vt 0.166884 0.272673
vt 0.712546 0.872585
vt 0.163607 0.269773
vt 0.709278 0.873043
vt 0.539543 0.259169
vt 0.529093 0.226273
vt 0.380919 0.285457
vt 0.336891 0.309096
vt 0.489733 0.593642
vt 0.706580 0.880100
vt 0.476194 0.600025
vt 0.496931 0.600904
vt 0.439846 0.874440
vt 0.488750 0.909819
vt 0.490807 0.886313
vt 0.490815 0.918940
vt 0.847686 0.992333
vt 0.688677 0.837886
vt 0.687838 0.837815
vt 0.677449 0.806128
vt 0.756374 0.278734
vt 0.880714 0.968946
vt 0.431295 0.886492
vt 0.422582 0.873019
vt 0.808490 0.586047
vt 0.417844 0.890343
vt 0.414367 0.873854
vt 0.759915 0.287358
vt 0.812688 0.038002
vt 0.365204 0.389907
vt 0.828300 0.030602
vt 0.825735 0.031805
vt 0.981394 0.561153
vt 0.978428 0.559925
vt 0.983030 0.559930
vt 0.775987 0.258813
vt 0.563842 0.854749
vt 0.164714 0.730814
vt 0.867952 0.680821
vt 0.373217 0.936188
vt 0.975785 0.812724
vt 0.974722 0.808969
vt 0.977373 0.804822
vt 0.548624 0.855063
vt 0.871185 0.679580
vt 0.894028 0.580070
vt 0.899013 0.580313
vt 0.976834 0.804492
vt 0.017742 0.972034
vt 0.017502 0.966933
vt 0.022072 0.973445
vt 0.166735 0.736661
vt 0.874003 0.676223
vt 0.022073 0.969218
vt 0.167793 0.738378
vt 0.562949 0.866292
vt 0.549485 0.862088
vt 0.546617 0.859262
vt 0.165973 0.740412
vt 0.379935 0.929026
vt 0.159164 0.741959
vt 0.153097 0.745456
vt 0.892054 0.590215
vt 0.365161 0.918192
vt 0.371532 0.920296
vt 0.825785 0.174056
vt 0.840149 0.173555
vt 0.838680 0.184826
vt 0.740142 0.537883
vt 0.379907 0.087675
vt 0.591388 0.046157
vt 0.366964 0.088916
vt 0.362270 0.090603
vt 0.579256 0.041161
vt 0.883095 0.728532
vt 0.885476 0.734872
vt 0.877452 0.730805
vt 0.770593 0.533265
vt 0.015979 0.319725
vt 0.654420 0.897983
vt 0.875318 0.764509
vt 0.609814 0.593255
vt 0.614151 0.608549
vt 0.592245 0.597930
vt 0.030580 0.224485
vt 0.030580 0.270636
vt 0.017463 0.241063
vt 0.921817 0.797171
vt 0.824141 0.409201
vt 0.795388 0.381026
vt 0.810584 0.382398
vt 0.361085 0.562089
vt 0.396392 0.543757
vt 0.399206 0.544024
vt 0.822954 0.426251
vt 0.427612 0.556099
vt 0.422055 0.548497
vt 0.428639 0.553585
vt 0.938012 0.792770
vt 0.524341 0.104387
vt 0.487147 0.106178
vt 0.517590 0.090094
vt 0.964179 0.131070
vt 0.963422 0.134667
vt 0.940264 0.790008
vt 0.378189 0.142963
vt 0.965802 0.137843
vt 0.244643 0.767548
vt 0.871275 0.372320
vt 0.872033 0.366546
vt 0.886830 0.396016
vt 0.368477 0.749219
vt 0.824083 0.570100
vt 0.833643 0.572350
vt 0.969735 0.153469
vt 0.833664 0.413539
vt 0.848605 0.428125
vt 0.402626 0.730468
vt 0.511761 0.986217
vt 0.515673 0.964309
vt 0.517335 0.965733
vt 0.695444 0.517263
vt 0.622139 0.465127
vt 0.628279 0.447384
vt 0.629955 0.483685
vt 0.683017 0.516832
vt 0.402970 0.726929
vt 0.886830 0.337468
vt 0.272165 0.940346
vt 0.262058 0.937593
vt 0.272165 0.893323
vt 0.003770 0.215983
vt 0.353938 0.410196
vt 0.958562 0.034505
vt 0.957751 0.026217
vt 0.960457 0.028303
vt 0.007308 0.293571
vt 0.008930 0.938593
vt 0.010255 0.943435
vt 0.009054 0.929953
vt 0.015290 0.934722
vt 0.011251 0.939022
vt 0.847059 0.658773
vt 0.843507 0.660812
vt 0.356512 0.405895
vt 0.368493 0.400196
vt 0.848605 0.363495
vt 0.674161 0.622310
vt 0.674085 0.577505
vt 0.681942 0.588408
vt 0.647633 0.954997
vt 0.643798 0.955903
vt 0.775796 0.659239
vt 0.771555 0.640194
vt 0.784037 0.640653
vt 0.525751 0.800175
vt 0.189587 0.857928
vt 0.188762 0.852168
vt 0.192788 0.846984
vt 0.792031 0.669781
vt 0.663990 0.577177
vt 0.675087 0.562238
vt 0.658051 0.109340
vt 0.621922 0.103495
vt 0.627011 0.087153
vt 0.523973 0.820437
vt 0.668807 0.563577
vt 0.523598 0.822959
vt 0.528255 0.825819
vt 0.525438 0.824151
vt 0.658473 0.568289
vt 0.661540 0.549737
vt 0.242753 0.778005
vt 0.829165 0.276305
vt 0.824182 0.277816
vt 0.194038 0.982043
vt 0.163407 0.304884
vt 0.168705 0.297340
vt 0.702371 0.870148
vt 0.167184 0.296449
vt 0.165847 0.268195
vt 0.165606 0.265016
vt 0.240403 0.970954
vt 0.225314 0.975514
vt 0.238095 0.958091
vt 0.859062 0.029330
vt 0.101004 0.715268
vt 0.136440 0.711161
vt 0.488855 0.594981
vt 0.489846 0.595871
vt 0.487817 0.596669
vt 0.452470 0.890564
vt 0.460234 0.900592
vt 0.449733 0.892533
vt 0.444502 0.880360
vt 0.712429 0.894476
vt 0.792385 0.596589
vt 0.757256 0.288168
vt 0.818160 0.823300
vt 0.796101 0.828728
vt 0.801418 0.815782
vt 0.778242 0.289672
vt 0.814718 0.809566
vt 0.699362 0.840463
vt 0.704458 0.838937
vt 0.686797 0.840851
vt 0.832932 0.030686
vt 0.819797 0.035543
vt 0.755961 0.240888
vt 0.775031 0.246520
vt 0.826349 0.034119
vt 0.988341 0.559910
vt 0.986955 0.561439
vt 0.809526 0.584434
vt 0.972182 0.567522
vt 0.840960 0.929643
vt 0.827492 0.906601
vt 0.838993 0.904885
vt 0.562812 0.851509
vt 0.981267 0.810510
vt 0.546929 0.850624
vt 0.168017 0.733507
vt 0.149231 0.728375
vt 0.860073 0.679958
vt 0.899777 0.577458
vt 0.900667 0.572156
vt 0.890206 0.574265
vt 0.363431 0.933877
vt 0.020029 0.975906
vt 0.035371 0.347967
vt 0.040697 0.347515
vt 0.038151 0.350445
vt 0.974789 0.807314
vt 0.038917 0.346125
vt 0.979599 0.725763
vt 0.982103 0.730336
vt 0.979188 0.730871
vt 0.568448 0.864335
vt 0.026328 0.968461
vt 0.021749 0.964787
vt 0.873530 0.673067
vt 0.384667 0.930287
vt 0.868513 0.670997
vt 0.384955 0.926116
vt 0.379143 0.920665
vt 0.957165 0.363906
vt 0.286780 0.551777
vt 0.743022 0.529875
vt 0.376227 0.082694
vt 0.367925 0.082529
vt 0.599382 0.049181
vt 0.606318 0.048535
vt 0.757241 0.528447
vt 0.579003 0.043847
vt 0.607645 0.046342
vt 0.768772 0.532292
vt 0.360886 0.089173
vt 0.877595 0.726723
vt 0.887496 0.485039
vt 0.891417 0.442190
vt 0.891417 0.496931
vt 0.033638 0.333326
vt 0.096610 0.525192
vt 0.086533 0.502883
vt 0.098997 0.510074
vt 0.105449 0.514663
vt 0.591184 0.590085
vt 0.608456 0.586962
vt 0.454118 0.576522
vt 0.037499 0.859533
vt 0.916793 0.610439
vt 0.617752 0.484285
vt 0.627140 0.538214
vt 0.353727 0.131914
vt 0.364483 0.568663
vt 0.786991 0.378612
vt 0.525303 0.110628
vt 0.504882 0.116309
vt 0.490234 0.116363
vt 0.844797 0.895453
vt 0.870419 0.864956
vt 0.382255 0.635600
vt 0.804584 0.419556
vt 0.507634 0.961477
vt 0.536584 0.290566
vt 0.547764 0.280503
vt 0.535719 0.301234
vt 0.561557 0.270394
vt 0.692440 0.527594
vt 0.573557 0.352970
vt 0.960223 0.111404
vt 0.946740 0.152902
vt 0.946671 0.108035
vt 0.403240 0.729063
vt 0.617752 0.447554
vt 0.952664 0.437299
vt 0.925580 0.432319
vt 0.960223 0.430609
vt 0.922442 0.391719
vt 0.920132 0.389248
vt 0.960223 0.392690
vt 0.814967 0.839731
vt 0.784065 0.837481
vt 0.782687 0.836469
vt 0.781467 0.823277
vt 0.258402 0.932703
vt 0.842098 0.399531
vt 0.959060 0.010736
vt 0.953030 0.007116
vt 0.965078 0.010810
vt 0.845977 0.644168
vt 0.955467 0.011594
vt 0.962562 0.030497
vt 0.854721 0.660942
vt 0.572326 0.094511
vt 0.577581 0.103270
vt 0.549167 0.104738
vt 0.853827 0.642188
vt 0.200301 0.885302
vt 0.181744 0.855548
vt 0.183795 0.853449
vt 0.778647 0.673363
vt 0.187337 0.835180
vt 0.527716 0.821529
vt 0.643918 0.111656
vt 0.503454 0.862366
vt 0.673820 0.547671
vt 0.644107 0.558171
vt 0.653479 0.548315
vt 0.209925 0.983116
vt 0.227824 0.995391
vt 0.162351 0.301095
vt 0.308862 0.113147
vt 0.308208 0.109049
vt 0.308862 0.092146
vt 0.577951 0.914860
vt 0.871966 0.005391
vt 0.725031 0.880358
vt 0.727165 0.882934
vt 0.723416 0.882766
vt 0.489581 0.597560
vt 0.487085 0.599750
vt 0.454201 0.888847
vt 0.451524 0.885492
vt 0.455871 0.887845
vt 0.455113 0.885721
vt 0.456965 0.891229
vt 0.447465 0.881000
vt 0.626578 0.272190
vt 0.757396 0.294333
vt 0.758324 0.301275
vt 0.785044 0.817843
vt 0.673841 0.923527
vt 0.674512 0.910272
vt 0.706406 0.923527
vt 0.233044 0.939833
vt 0.100308 0.719332
vt 0.678058 0.848380
vt 0.096666 0.718318
vt 0.095565 0.713536
vt 0.688577 0.842611
vt 0.992764 0.559910
vt 0.991725 0.563937
vt 0.709899 0.659670
vt 0.828007 0.901985
vt 0.980026 0.818372
vt 0.549400 0.849243
vt 0.369549 0.939117
vt 0.041283 0.352011
vt 0.032539 0.353200
vt 0.159629 0.721432
vt 0.171250 0.723664
vt 0.872680 0.684010
vt 0.831244 0.901125
vt 0.972484 0.813910
vt 0.970940 0.812336
vt 0.024688 0.979461
vt 0.034789 0.349814
vt 0.874901 0.677866
vt 0.385313 0.936107
vt 0.025109 0.973920
vt 0.877656 0.674611
vt 0.982597 0.725738
vt 0.376138 0.895340
vt 0.371798 0.896311
vt 0.369750 0.892319
vt 0.035013 0.343542
vt 0.041283 0.343953
vt 0.162966 0.749462
vt 0.897484 0.591730
vt 0.599142 0.830257
vt 0.630558 0.788579
vt 0.628564 0.827779
vt 0.363523 0.911184
vt 0.372131 0.916511
vt 0.589820 0.058452
vt 0.590945 0.051038
vt 0.595169 0.062417
vt 0.913928 0.297573
vt 0.907703 0.305210
vt 0.896222 0.303459
vt 0.369172 0.079922
vt 0.896669 0.311603
vt 0.381144 0.083189
vt 0.384849 0.083755
vt 0.359811 0.084840
vt 0.605749 0.051555
vt 0.764120 0.526712
vt 0.388024 0.087944
vt 0.583860 0.049444
vt 0.885486 0.725647
vt 0.765849 0.200245
vt 0.759805 0.197643
vt 0.765880 0.198867
vt 0.874048 0.725910
vt 0.072653 0.509521
vt 0.079699 0.522919
vt 0.742323 0.232411
vt 0.395333 0.091514
vt 0.584140 0.584906
vt 0.983159 0.610150
vt 0.983159 0.640659
vt 0.977046 0.630675
vt 0.594203 0.582231
vt 0.918252 0.895517
vt 0.914860 0.882237
vt 0.928836 0.890236
vt 0.100670 0.533959
vt 0.910696 0.899373
vt 0.903648 0.892022
vt 0.115667 0.517554
vt 0.608041 0.580912
vt 0.896748 0.881200
vt 0.465174 0.300279
vt 0.466695 0.297480
vt 0.477054 0.342500
vt 0.396172 0.554371
vt 0.529040 0.115270
vt 0.505374 0.120167
vt 0.779507 0.384866
vt 0.417300 0.558712
vt 0.406206 0.549272
vt 0.958121 0.133233
vt 0.868896 0.368937
vt 0.491408 0.118778
vt 0.480071 0.118299
vt 0.511761 0.951757
vt 0.517846 0.962636
vt 0.967008 0.152229
vt 0.958149 0.142042
vt 0.922316 0.184493
vt 0.912387 0.223237
vt 0.915884 0.192748
vt 0.812664 0.448002
vt 0.888359 0.938817
vt 0.885996 0.894011
vt 0.888359 0.893536
vt 0.971043 0.155803
vt 0.974708 0.160009
vt 0.968723 0.156736
vt 0.966363 0.158714
vt 0.043044 0.270636
vt 0.048220 0.239695
vt 0.053516 0.240318
vt 0.956456 0.399482
vt 0.592883 0.419936
vt 0.592890 0.408449
vt 0.800746 0.013719
vt 0.797189 0.012665
vt 0.793996 0.006184
vt 0.788138 0.846420
vt 0.954352 0.419569
vt 0.356373 0.409039
vt 0.052347 0.238474
vt 0.740285 0.396484
vt 0.053360 0.237191
vt 0.647113 0.970781
vt 0.792031 0.617937
vt 0.681942 0.537511
vt 0.627891 0.124546
vt 0.248676 0.781958
vt 0.825396 0.280550
vt 0.264117 0.785588
vt 0.207345 0.982995
vt 0.419622 0.182541
vt 0.430281 0.188240
vt 0.420742 0.197683
vt 0.731609 0.880710
vt 0.218374 0.978107
vt 0.199790 0.977110
vt 0.281826 0.788836
vt 0.448983 0.191794
vt 0.436378 0.206515
vt 0.434102 0.194727
vt 0.138722 0.710153
vt 0.140670 0.718741
vt 0.138156 0.721662
vt 0.417176 0.223661
vt 0.242063 0.966630
vt 0.242760 0.971362
vt 0.868703 0.027015
vt 0.874776 0.028673
vt 0.077980 0.142199
vt 0.073022 0.126327
vt 0.077663 0.132727
vt 0.452672 0.887590
vt 0.675894 0.905671
vt 0.703445 0.907164
vt 0.450720 0.886542
vt 0.448632 0.885024
vt 0.447475 0.886677
vt 0.857310 0.140693
vt 0.853434 0.140027
vt 0.621166 0.272022
vt 0.878434 0.050957
vt 0.860246 0.043840
vt 0.439797 0.888767
vt 0.780577 0.814480
vt 0.032109 0.290513
vt 0.010397 0.290513
vt 0.020544 0.258207
vt 0.236116 0.939437
vt 0.863850 0.061161
vt 0.871114 0.052885
vt 0.795089 0.311920
vt 0.813557 0.805042
vt 0.813981 0.800181
vt 0.813526 0.042278
vt 0.811129 0.041032
vt 0.699235 0.848361
vt 0.691673 0.848320
vt 0.830037 0.039315
vt 0.827232 0.039960
vt 0.982412 0.572254
vt 0.907090 0.647173
vt 0.903701 0.688058
vt 0.878870 0.663466
vt 0.795089 0.241433
vt 0.840960 0.879768
vt 0.599142 0.762930
vt 0.568795 0.850945
vt 0.023262 0.981160
vt 0.017240 0.977211
vt 0.153867 0.723614
vt 0.873711 0.690797
vt 0.891054 0.570593
vt 0.362744 0.936760
vt 0.375275 0.942251
vt 0.383812 0.941723
vt 0.374631 0.888467
vt 0.370424 0.890280
vt 0.367887 0.887112
vt 0.031337 0.349001
vt 0.876096 0.684015
vt 0.976825 0.728831
vt 0.976737 0.721177
vt 0.027909 0.977705
vt 0.970991 0.809516
vt 0.364767 0.894602
vt 0.176027 0.425067
vt 0.172388 0.421589
vt 0.175071 0.418459
vt 0.028850 0.973974
vt 0.033122 0.346223
vt 0.184152 0.425067
vt 0.184672 0.417007
vt 0.549920 0.876299
vt 0.545619 0.866235
vt 0.169514 0.746292
vt 0.876480 0.670776
vt 0.157561 0.752143
vt 0.986992 0.727048
vt 0.990666 0.730310
vt 0.367876 0.910574
vt 0.375945 0.913134
vt 0.628985 0.545569
vt 0.635306 0.548065
vt 0.631248 0.548807
vt 0.623404 0.546297
vt 0.321459 0.263146
vt 0.322188 0.239722
vt 0.329002 0.275223
vt 0.749031 0.502966
vt 0.738540 0.507313
vt 0.738536 0.501442
vt 0.945706 0.272165
vt 0.941171 0.271941
vt 0.946558 0.240421
vt 0.949742 0.241731
vt 0.933981 0.217809
vt 0.928606 0.212024
vt 0.934870 0.212537
vt 0.334642 0.267809
vt 0.740871 0.513802
vt 0.758945 0.506630
vt 0.926723 0.174516
vt 0.943799 0.182358
vt 0.393127 0.056364
vt 0.371650 0.069286
vt 0.366642 0.060046
vt 0.593109 0.067569
vt 0.601055 0.064836
vt 0.601307 0.071728
vt 0.738464 0.517000
vt 0.385514 0.068033
vt 0.925993 0.110089
vt 0.924161 0.100045
vt 0.926585 0.102379
vt 0.639694 0.555198
vt 0.391141 0.069004
vt 0.933619 0.253923
vt 0.627707 0.558797
vt 0.588635 0.060708
vt 0.745036 0.520935
vt 0.933619 0.224693
vt 0.938485 0.226745
vt 0.926580 0.092957
vt 0.606121 0.061421
vt 0.640659 0.565737
vt 0.920288 0.220179
vt 0.923793 0.209625
vt 0.366319 0.070915
vt 0.385246 0.074015
vt 0.380203 0.080354
vt 0.378428 0.072689
vt 0.585126 0.051966
vt 0.901617 0.314720
vt 0.906982 0.291206
vt 0.364160 0.080314
vt 0.750156 0.528015
vt 0.869645 0.514954
vt 0.873640 0.511342
vt 0.891344 0.512554
vt 0.607556 0.051727
vt 0.879250 0.719280
vt 0.885170 0.721675
vt 0.734983 0.533533
vt 0.872568 0.722586
vt 0.735603 0.538439
vt 0.464649 0.299158
vt 0.724451 0.551976
vt 0.891828 0.288903
vt 0.114128 0.532445
vt 0.101265 0.544679
vt 0.891235 0.313755
vt 0.594367 0.577411
vt 0.354778 0.241772
vt 0.367089 0.225391
vt 0.913951 0.905371
vt 0.922414 0.900259
vt 0.040497 0.843182
vt 0.040797 0.847434
vt 0.032405 0.824992
vt 0.029967 0.822477
vt 0.600366 0.576836
vt 0.611559 0.578270
vt 0.917158 0.451611
vt 0.916578 0.434957
vt 0.934965 0.449280
vt 0.406035 0.556509
vt 0.521676 0.227942
vt 0.933695 0.803142
vt 0.499989 0.831786
vt 0.485822 0.808572
vt 0.489036 0.796254
vt 0.984688 0.235469
vt 0.970117 0.225899
vt 0.984688 0.203162
vt 0.194185 0.513535
vt 0.190773 0.514476
vt 0.179076 0.507311
vt 0.178884 0.502593
vt 0.194185 0.495803
vt 0.628830 0.579798
vt 0.631484 0.568558
vt 0.631484 0.578412
vt 0.487662 0.795394
vt 0.958877 0.137630
vt 0.915878 0.183463
vt 0.925652 0.399676
vt 0.814090 0.854438
vt 0.588242 0.402023
vt 0.499989 0.765756
vt 0.788564 0.445481
vt 0.789172 0.010556
vt 0.800092 0.017138
vt 0.804264 0.019077
vt 0.356180 0.982544
vt 0.355843 0.974660
vt 0.357167 0.977177
vt 0.968146 0.025279
vt 0.964059 0.022000
vt 0.007617 0.938057
vt 0.361580 0.407481
vt 0.537778 0.079278
vt 0.503209 0.082087
vt 0.786321 0.683626
vt 0.200301 0.825511
vt 0.541504 0.829296
vt 0.811188 0.259612
vt 0.805575 0.489455
vt 0.820592 0.277840
vt 0.823497 0.280948
vt 0.257101 0.784953
vt 0.255162 0.785265
vt 0.248293 0.784326
vt 0.825306 0.282254
vt 0.246085 0.789732
vt 0.826456 0.288152
vt 0.480006 0.198694
vt 0.406647 0.192478
vt 0.245062 0.967788
vt 0.245303 0.970462
vt 0.877264 0.019739
vt 0.077980 0.124799
vt 0.847461 0.140166
vt 0.840379 0.140578
vt 0.854190 0.142801
vt 0.450289 0.888629
vt 0.446262 0.889860
vt 0.617915 0.273694
vt 0.860837 0.147393
vt 0.834539 0.157489
vt 0.104117 0.724687
vt 0.954620 0.340874
vt 0.958997 0.349701
vt 0.954922 0.347813
vt 0.240085 0.938319
vt 0.961673 0.358758
vt 0.093270 0.183482
vt 0.088070 0.173859
vt 0.093270 0.169122
vt 0.810314 0.044126
vt 0.816868 0.805317
vt 0.819788 0.812601
vt 0.097700 0.137612
vt 0.094924 0.131148
vt 0.097857 0.133679
vt 0.964170 0.357837
vt 0.954620 0.379197
vt 0.555534 0.844942
vt 0.974694 0.723343
vt 0.364610 0.890664
vt 0.914326 0.488478
vt 0.917115 0.526834
vt 0.911338 0.487676
vt 0.968512 0.810167
vt 0.921819 0.491398
vt 0.982268 0.721235
vt 0.985613 0.721360
vt 0.371088 0.900813
vt 0.872653 0.665354
vt 0.553226 0.877665
vt 0.866077 0.659882
vt 0.151747 0.755062
vt 0.385313 0.912398
vt 0.375638 0.905507
vt 0.365850 0.903764
vt 0.405404 0.060103
vt 0.403470 0.031244
vt 0.412239 0.064983
vt 0.571731 0.442891
vt 0.955636 0.171715
vt 0.966198 0.698761
vt 0.959993 0.682103
vt 0.977042 0.696928
vt 0.399017 0.986802
vt 0.391726 0.997553
vt 0.389627 0.992848
vt 0.590778 0.075329
vt 0.614665 0.096328
vt 0.745206 0.497455
vt 0.379841 0.051558
vt 0.359890 0.025441
vt 0.142905 0.727759
vt 0.155960 0.784004
vt 0.150962 0.785893
vt 0.946430 0.228794
vt 0.945275 0.230273
vt 0.915353 0.103663
vt 0.939535 0.484699
vt 0.940355 0.443047
vt 0.946462 0.482579
vt 0.946462 0.437733
vt 0.605440 0.066219
vt 0.333224 0.241268
vt 0.292407 0.549464
vt 0.937322 0.460445
vt 0.583894 0.063927
vt 0.335959 0.243606
vt 0.728738 0.525133
vt 0.586145 0.061073
vt 0.341834 0.267877
vt 0.552679 0.787682
vt 0.556779 0.780665
vt 0.560746 0.777201
vt 0.361035 0.071866
vt 0.353727 0.066063
vt 0.759333 0.515229
vt 0.916709 0.087333
vt 0.583131 0.058435
vt 0.737031 0.523399
vt 0.918389 0.205962
vt 0.847076 0.964400
vt 0.837691 0.967869
vt 0.837691 0.927324
vt 0.608741 0.060760
vt 0.752776 0.519955
vt 0.759122 0.518996
vt 0.738354 0.525105
vt 0.909038 0.280771
vt 0.917411 0.278987
vt 0.745962 0.526150
vt 0.756129 0.524947
vt 0.907240 0.314785
vt 0.387417 0.080968
vt 0.578645 0.057178
vt 0.577642 0.054563
vt 0.588975 0.320854
vt 0.581413 0.313293
vt 0.584324 0.301996
vt 0.900809 0.283749
vt 0.585932 0.333326
vt 0.873977 0.506136
vt 0.743158 0.527281
vt 0.591185 0.328222
vt 0.555641 0.767126
vt 0.570552 0.773358
vt 0.080056 0.542004
vt 0.574102 0.050013
vt 0.737488 0.531772
vt 0.271368 0.256875
vt 0.272059 0.240942
vt 0.287455 0.252193
vt 0.077495 0.521958
vt 0.766191 0.195108
vt 0.763243 0.192111
vt 0.983982 0.364024
vt 0.978476 0.352215
vt 0.985145 0.362548
vt 0.979892 0.350309
vt 0.567012 0.585973
vt 0.900443 0.213096
vt 0.910188 0.201512
vt 0.911295 0.209689
vt 0.362668 0.150197
vt 0.359269 0.139746
vt 0.365435 0.135144
vt 0.044861 0.843386
vt 0.062690 0.854261
vt 0.052795 0.851491
vt 0.891681 0.321094
vt 0.929643 0.878494
vt 0.366879 0.572459
vt 0.922968 0.458901
vt 0.916578 0.467375
vt 0.037001 0.838399
vt 0.732668 0.214379
vt 0.346279 0.152304
vt 0.346139 0.144289
vt 0.041313 0.854836
vt 0.042929 0.853540
vt 0.041687 0.849534
vt 0.901822 0.899481
vt 0.040364 0.862819
vt 0.894962 0.891468
vt 0.525233 0.122246
vt 0.039269 0.868482
vt 0.033638 0.330268
vt 0.029348 0.320415
vt 0.033638 0.307575
vt 0.625800 0.583263
vt 0.624773 0.590201
vt 0.090151 0.784616
vt 0.096462 0.763074
vt 0.095629 0.789620
vt 0.893733 0.878494
vt 0.627076 0.578280
vt 0.621045 0.579627
vt 0.858305 0.372659
vt 0.863878 0.370657
vt 0.940056 0.797486
vt 0.625003 0.570859
vt 0.186531 0.493217
vt 0.443234 0.808364
vt 0.446637 0.794408
vt 0.480638 0.804858
vt 0.484907 0.798793
vt 0.483662 0.804596
vt 0.415443 0.553093
vt 0.954813 0.132691
vt 0.955439 0.134832
vt 0.619824 0.563711
vt 0.628025 0.569074
vt 0.035167 0.181953
vt 0.028970 0.178678
vt 0.035167 0.170202
vt 0.468641 0.795974
vt 0.925056 0.172240
vt 0.182145 0.520722
vt 0.181647 0.515181
vt 0.415254 0.549841
vt 0.630101 0.568039
vt 0.483749 0.793183
vt 0.630955 0.562987
vt 0.494521 0.128709
vt 0.485578 0.795482
vt 0.912502 0.183314
vt 0.861604 0.367283
vt 0.568795 0.322623
vt 0.486726 0.792066
vt 0.829936 0.570297
vt 0.220412 0.185205
vt 0.961104 0.152936
vt 0.804805 0.865827
vt 0.812653 0.875166
vt 0.784670 0.883772
vt 0.842744 0.579834
vt 0.962253 0.157434
vt 0.779507 0.413012
vt 0.693445 0.014499
vt 0.790547 0.019690
vt 0.786611 0.034688
vt 0.785826 0.031269
vt 0.586685 0.415430
vt 0.373043 0.973457
vt 0.368424 0.987746
vt 0.362254 0.970387
vt 0.930881 0.415756
vt 0.802735 0.020818
vt 0.357482 0.982941
vt 0.491320 0.772749
vt 0.047664 0.236238
vt 0.043044 0.227343
vt 0.359213 0.970467
vt 0.962861 0.012678
vt 0.006116 0.967689
vt 0.002913 0.970926
vt 0.002913 0.937898
vt 0.782857 0.371981
vt 0.765071 0.390639
vt 0.784225 0.843706
vt 0.967487 0.018499
vt 0.743448 0.394948
vt 0.050269 0.235494
vt 0.049341 0.237298
vt 0.564666 0.071704
vt 0.644323 0.963553
vt 0.532608 0.797366
vt 0.533518 0.810908
vt 0.160742 0.855901
vt 0.150325 0.859990
vt 0.176164 0.843665
vt 0.762766 0.634533
vt 0.772950 0.670763
vt 0.273135 0.214288
vt 0.281339 0.226504
vt 0.273135 0.233940
vt 0.543998 0.862366
vt 0.820358 0.281122
vt 0.407869 0.187347
vt 0.262304 0.786242
vt 0.821744 0.284152
vt 0.404787 0.180706
vt 0.267603 0.787792
vt 0.207537 0.975726
vt 0.272821 0.787900
vt 0.735516 0.886753
vt 0.276492 0.788754
vt 0.201493 0.975875
vt 0.220370 0.976757
vt 0.221380 0.979849
vt 0.292594 0.790636
vt 0.261643 0.804016
vt 0.824676 0.137723
vt 0.294849 0.792031
vt 0.298110 0.790501
vt 0.826837 0.140584
vt 0.822668 0.140403
vt 0.241668 0.797224
vt 0.406081 0.209447
vt 0.833208 0.140586
vt 0.272842 0.789156
vt 0.833963 0.142907
vt 0.294251 0.810380
vt 0.437112 0.214247
vt 0.046626 0.012232
vt 0.045044 0.006444
vt 0.048929 0.009031
vt 0.430123 0.215790
vt 0.334086 0.346423
vt 0.791049 0.605896
vt 0.789282 0.607877
vt 0.786660 0.604781
vt 0.043942 0.337913
vt 0.035491 0.318391
vt 0.051987 0.318391
vt 0.134685 0.721984
vt 0.792909 0.607075
vt 0.787040 0.613438
vt 0.342094 0.370264
vt 0.101198 0.724698
vt 0.812267 0.800024
vt 0.239067 0.937124
vt 0.677465 0.854378
vt 0.094726 0.128170
vt 0.967881 0.570684
vt 0.970276 0.566968
vt 0.706406 0.844477
vt 0.828388 0.041160
vt 0.990276 0.569374
vt 0.258428 0.551581
vt 0.257212 0.549762
vt 0.260324 0.549888
vt 0.257081 0.551672
vt 0.985635 0.821800
vt 0.987197 0.820209
vt 0.564720 0.848565
vt 0.559487 0.845858
vt 0.973870 0.506803
vt 0.975158 0.515279
vt 0.972153 0.510723
vt 0.971736 0.820834
vt 0.165394 0.715286
vt 0.157611 0.720391
vt 0.150404 0.720076
vt 0.857952 0.684825
vt 0.859014 0.687332
vt 0.356402 0.943284
vt 0.361991 0.941739
vt 0.880779 0.765508
vt 0.877559 0.796304
vt 0.877559 0.762356
vt 0.028331 0.349223
vt 0.029216 0.351605
vt 0.695161 0.604882
vt 0.698410 0.602617
vt 0.695529 0.609530
vt 0.692420 0.609231
vt 0.030082 0.983343
vt 0.911338 0.513924
vt 0.699575 0.605125
vt 0.170010 0.418979
vt 0.172208 0.413811
vt 0.031947 0.980493
vt 0.703184 0.607116
vt 0.818653 0.902940
vt 0.037580 0.967763
vt 0.169273 0.754110
vt 0.365903 0.900148
vt 0.953196 0.203544
vt 0.590231 0.079954
vt 0.398478 0.998449
vt 0.967395 0.677019
vt 0.724451 0.478374
vt 0.633122 0.538988
vt 0.640659 0.537736
vt 0.914210 0.108937
vt 0.559289 0.789820
vt 0.553548 0.789990
vt 0.296987 0.549329
vt 0.913997 0.094501
vt 0.570973 0.069678
vt 0.582993 0.060633
vt 0.608277 0.063210
vt 0.608730 0.066025
vt 0.341313 0.255440
vt 0.832288 0.163751
vt 0.386687 0.071481
vt 0.877238 0.500710
vt 0.884488 0.497461
vt 0.393419 0.076186
vt 0.388904 0.072520
vt 0.362490 0.074007
vt 0.766635 0.517538
vt 0.395416 0.075411
vt 0.360729 0.076188
vt 0.846091 0.736987
vt 0.852776 0.729190
vt 0.857779 0.736500
vt 0.389744 0.077807
vt 0.359445 0.080047
vt 0.610417 0.059575
vt 0.762318 0.523428
vt 0.574038 0.053084
vt 0.737700 0.528348
vt 0.865776 0.506096
vt 0.732765 0.535876
vt 0.572175 0.564549
vt 0.903534 0.319938
vt 0.059474 0.843882
vt 0.443995 0.584085
vt 0.287342 0.245799
vt 0.906553 0.905695
vt 0.044025 0.848401
vt 0.123789 0.526587
vt 0.352907 0.155827
vt 0.042961 0.850390
vt 0.300713 0.228682
vt 0.229353 0.688058
vt 0.343133 0.996920
vt 0.325690 0.965797
vt 0.330473 0.967739
vt 0.099453 0.778546
vt 0.018417 0.130931
vt 0.027522 0.168087
vt 0.018417 0.177366
vt 0.453242 0.921842
vt 0.445959 0.922996
vt 0.451292 0.918077
vt 0.927797 0.457475
vt 0.458476 0.919411
vt 0.895096 0.896652
vt 0.916027 0.808386
vt 0.451665 0.922914
vt 0.399273 0.092259
vt 0.403052 0.093535
vt 0.400035 0.093860
vt 0.457702 0.925056
vt 0.406719 0.092218
vt 0.472602 0.810043
vt 0.479401 0.810790
vt 0.482082 0.808797
vt 0.462403 0.921511
vt 0.839878 0.863523
vt 0.444437 0.812536
vt 0.619083 0.574839
vt 0.887975 0.888616
vt 0.940346 0.800254
vt 0.935129 0.804463
vt 0.480056 0.923107
vt 0.479462 0.924398
vt 0.471802 0.916757
vt 0.468265 0.921019
vt 0.843103 0.555017
vt 0.835330 0.560327
vt 0.835308 0.559245
vt 0.192132 0.528430
vt 0.408439 0.549022
vt 0.415147 0.558468
vt 0.413254 0.553401
vt 0.844837 0.556904
vt 0.413460 0.550002
vt 0.955588 0.139920
vt 0.845204 0.561920
vt 0.834251 0.566353
vt 0.829404 0.562110
vt 0.830829 0.566738
vt 0.828459 0.565195
vt 0.627601 0.564013
vt 0.415399 0.540905
vt 0.832770 0.569085
vt 0.175386 0.514472
vt 0.766038 0.033185
vt 0.763594 0.039754
vt 0.763594 0.000860
vt 0.475167 0.787448
vt 0.167608 0.512929
vt 0.902630 0.177750
vt 0.185484 0.183382
vt 0.528336 0.964017
vt 0.958184 0.158875
vt 0.578543 0.418355
vt 0.782042 0.014299
vt 0.927913 0.404571
vt 0.962820 0.154799
vt 0.374444 0.976720
vt 0.375466 0.964814
vt 0.683973 0.053034
vt 0.375051 0.959650
vt 0.359645 0.956269
vt 0.965961 0.021727
vt 0.355843 0.951478
vt 0.740786 0.392980
vt 0.768157 0.385470
vt 0.367210 0.407107
vt 0.781467 0.878943
vt 0.784557 0.874095
vt 0.784996 0.874560
vt 0.368412 0.404980
vt 0.048584 0.232255
vt 0.048102 0.234079
vt 0.557053 0.070651
vt 0.256875 0.259933
vt 0.507532 0.075772
vt 0.535900 0.824564
vt 0.535729 0.826673
vt 0.660536 0.127347
vt 0.634708 0.134305
vt 0.805293 0.268237
vt 0.136878 0.171250
vt 0.151637 0.138195
vt 0.826057 0.299809
vt 0.738136 0.885172
vt 0.214573 0.969046
vt 0.279867 0.789958
vt 0.285223 0.791015
vt 0.281771 0.791697
vt 0.398550 0.205187
vt 0.291013 0.793646
vt 0.873653 0.001874
vt 0.875654 0.003077
vt 0.826732 0.297038
vt 0.196269 0.974251
vt 0.819784 0.142890
vt 0.244950 0.844525
vt 0.238566 0.842958
vt 0.245058 0.830044
vt 0.308862 0.795363
vt 0.046706 0.005218
vt 0.048666 0.005887
vt 0.789917 0.604261
vt 0.444241 0.221044
vt 0.428298 0.219379
vt 0.528983 0.211199
vt 0.339010 0.367084
vt 0.808091 0.592327
vt 0.876936 0.630741
vt 0.908237 0.630717
vt 0.003058 0.011943
vt 0.003058 0.016819
vt 0.001235 0.010650
vt 0.000034 0.012736
vt 0.809787 0.048638
vt 0.967164 0.358752
vt 0.686986 0.851389
vt 0.837902 0.028933
vt 0.834992 0.036184
vt 0.093196 0.727460
vt 0.090914 0.723706
vt 0.824787 0.045827
vt 0.708200 0.625750
vt 0.695459 0.850630
vt 0.691153 0.852045
vt 0.254856 0.544341
vt 0.831230 0.043901
vt 0.697439 0.855923
vt 0.694840 0.856781
vt 0.258993 0.562679
vt 0.698855 0.860086
vt 0.560667 0.843146
vt 0.558786 0.843877
vt 0.562081 0.838639
vt 0.311997 0.252290
vt 0.313449 0.235324
vt 0.313449 0.255346
vt 0.151307 0.706906
vt 0.160808 0.714043
vt 0.157272 0.717213
vt 0.457732 0.466351
vt 0.461983 0.446783
vt 0.466018 0.445769
vt 0.565123 0.839744
vt 0.564060 0.844743
vt 0.154654 0.717470
vt 0.084096 0.146561
vt 0.079742 0.148315
vt 0.079742 0.134091
vt 0.565573 0.846630
vt 0.466351 0.440962
vt 0.554263 0.841864
vt 0.855297 0.688493
vt 0.859396 0.690365
vt 0.544034 0.833629
vt 0.163265 0.716355
vt 0.688331 0.605932
vt 0.694013 0.601798
vt 0.689588 0.609736
vt 0.896581 0.563312
vt 0.359958 0.943711
vt 0.978285 0.509751
vt 0.028204 0.984245
vt 0.975871 0.717950
vt 0.365920 0.943348
vt 0.976988 0.514255
vt 0.979527 0.512170
vt 0.978300 0.719169
vt 0.982747 0.715612
vt 0.024698 0.347991
vt 0.698155 0.611752
vt 0.026419 0.343886
vt 0.030477 0.337709
vt 0.876839 0.660243
vt 0.704877 0.616693
vt 0.545099 0.877675
vt 0.564189 0.875505
vt 0.383341 0.910623
vt 0.579495 0.428809
vt 0.145328 0.786194
vt 0.142905 0.796618
vt 0.389627 0.969575
vt 0.085625 0.727813
vt 0.076841 0.722501
vt 0.085625 0.689258
vt 0.229076 0.907870
vt 0.235469 0.909010
vt 0.229076 0.947991
vt 0.556445 0.791559
vt 0.892975 0.513257
vt 0.892056 0.505018
vt 0.336998 0.241261
vt 0.337529 0.242429
vt 0.343191 0.243521
vt 0.360344 0.073709
vt 0.358549 0.072117
vt 0.576049 0.009426
vt 0.579294 0.009342
vt 0.582678 0.021097
vt 0.593928 0.018833
vt 0.596945 0.023899
vt 0.597846 0.027522
vt 0.579179 0.059578
vt 0.580953 0.058877
vt 0.339379 0.241386
vt 0.338654 0.239722
vt 0.609969 0.063480
vt 0.389734 0.076026
vt 0.358045 0.074001
vt 0.610970 0.061568
vt 0.904217 0.544330
vt 0.579767 0.006893
vt 0.576591 0.005211
vt 0.578449 0.003113
vt 0.884208 0.713456
vt 0.887521 0.714283
vt 0.734703 0.528943
vt 0.733380 0.530490
vt 0.592527 0.306334
vt 0.399218 0.248449
vt 0.767028 0.191765
vt 0.879154 0.711408
vt 0.735213 0.531347
vt 0.907847 0.276289
vt 0.395246 0.081633
vt 0.393836 0.079991
vt 0.756318 0.193892
vt 0.874751 0.711772
vt 0.989670 0.358833
vt 0.580717 0.778222
vt 0.898569 0.216137
vt 0.459946 0.291461
vt 0.594815 0.324699
vt 0.112066 0.547003
vt 0.896853 0.281359
vt 0.597419 0.303383
vt 0.608549 0.291350
vt 0.602465 0.309360
vt 0.917153 0.475498
vt 0.919364 0.467408
vt 0.897005 0.197052
vt 0.597189 0.572706
vt 0.924539 0.914820
vt 0.477054 0.260970
vt 0.373930 0.579123
vt 0.365435 0.154547
vt 0.358497 0.157348
vt 0.043166 0.846225
vt 0.042098 0.844381
vt 0.613361 0.570794
vt 0.011949 0.804318
vt 0.460870 0.915876
vt 0.387884 0.096460
vt 0.931533 0.810423
vt 0.298205 0.200749
vt 0.319937 0.207719
vt 0.299209 0.228044
vt 0.406556 0.096026
vt 0.480904 0.811759
vt 0.137097 0.502883
vt 0.937601 0.804430
vt 0.489286 0.924091
vt 0.486761 0.918946
vt 0.411090 0.558680
vt 0.413414 0.560482
vt 0.136327 0.519562
vt 0.915616 0.181559
vt 0.408023 0.556631
vt 0.857996 0.368912
vt 0.858777 0.371697
vt 0.480714 0.128918
vt 0.838471 0.568203
vt 0.408770 0.544065
vt 0.925548 0.406231
vt 0.929925 0.407002
vt 0.414721 0.542237
vt 0.929716 0.415326
vt 0.925706 0.417390
vt 0.835587 0.569515
vt 0.888555 0.351004
vt 0.896005 0.358027
vt 0.888555 0.389900
vt 0.837696 0.570956
vt 0.375068 0.654420
vt 0.416654 0.458479
vt 0.424423 0.472422
vt 0.417490 0.463670
vt 0.426702 0.462525
vt 0.484843 0.789754
vt 0.838924 0.573385
vt 0.486998 0.786620
vt 0.167903 0.196610
vt 0.532489 0.967798
vt 0.575242 0.382713
vt 0.383236 0.952783
vt 0.460234 0.926193
vt 0.456601 0.955270
vt 0.447490 0.943588
vt 0.737905 0.382417
vt 0.762125 0.374431
vt 0.735317 0.386193
vt 0.584085 0.081986
vt 0.565171 0.068530
vt 0.954744 0.404311
vt 0.047095 0.230931
vt 0.969699 0.020648
vt 0.967709 0.020983
vt 0.832924 0.299688
vt 0.832924 0.235774
vt 0.854721 0.254567
vt 0.818999 0.282045
vt 0.746389 0.894476
vt 0.732390 0.886796
vt 0.396952 0.196498
vt 0.730887 0.890638
vt 0.139134 0.726795
vt 0.877688 0.004539
vt 0.879226 0.008287
vt 0.198888 0.971175
vt 0.880434 0.001939
vt 0.961525 0.441563
vt 0.948845 0.439491
vt 0.959037 0.440309
vt 0.705402 0.902299
vt 0.674934 0.900357
vt 0.228102 0.856087
vt 0.948845 0.483170
vt 0.964811 0.461477
vt 0.793826 0.604340
vt 0.425210 0.841613
vt 0.439756 0.836888
vt 0.425147 0.860837
vt 0.254391 0.857386
vt 0.238108 0.866391
vt 0.799029 0.602770
vt 0.103295 0.728022
vt 0.237688 0.869622
vt 0.783571 0.805518
vt 0.875848 0.061161
vt 0.433125 0.822803
vt 0.809781 0.592541
vt 0.100263 0.727952
vt 0.923815 0.868845
vt 0.924123 0.876068
vt 0.921543 0.877713
vt 0.810380 0.590611
vt 0.967084 0.353181
vt 0.679770 0.858662
vt 0.819424 0.050221
vt 0.097857 0.121448
vt 0.996920 0.569138
vt 0.990915 0.573844
vt 0.982874 0.574225
vt 0.976503 0.573970
vt 0.702609 0.851548
vt 0.688057 0.854554
vt 0.258707 0.540840
vt 0.823654 0.050544
vt 0.983636 0.577695
vt 0.990182 0.590412
vt 0.691679 0.865879
vt 0.269107 0.537661
vt 0.194572 0.107340
vt 0.195714 0.097972
vt 0.195646 0.109674
vt 0.992419 0.584059
vt 0.556503 0.840050
vt 0.989646 0.836373
vt 0.984728 0.826957
vt 0.992333 0.830940
vt 0.988058 0.826438
vt 0.835451 0.055777
vt 0.978249 0.823312
vt 0.980279 0.826271
vt 0.986447 0.824454
vt 0.023292 0.991112
vt 0.030417 0.363212
vt 0.023493 0.354432
vt 0.363642 0.945518
vt 0.365437 0.946841
vt 0.363811 0.947891
vt 0.023194 0.350801
vt 0.905291 0.567753
vt 0.367705 0.946133
vt 0.373155 0.952168
vt 0.362465 0.887401
vt 0.669053 0.655421
vt 0.979342 0.504377
vt 0.980068 0.506329
vt 0.886942 0.782118
vt 0.359599 0.893010
vt 0.885759 0.803213
vt 0.931976 0.496475
vt 0.360651 0.898358
vt 0.000605 0.338737
vt 0.000605 0.269883
vt 0.005953 0.374609
vt 0.397701 0.982115
vt 0.392620 0.968346
vt 0.955636 0.203656
vt 0.276752 0.935994
vt 0.274525 0.946462
vt 0.274525 0.912078
vt 0.957207 0.239348
vt 0.960223 0.236544
vt 0.955954 0.229073
vt 0.948733 0.225995
vt 0.633725 0.983385
vt 0.634602 0.972884
vt 0.635916 0.983328
vt 0.627879 0.977353
vt 0.893991 0.505018
vt 0.561878 0.791577
vt 0.911467 0.093863
vt 0.299502 0.550905
vt 0.630743 0.984688
vt 0.625338 0.976030
vt 0.295844 0.532990
vt 0.913771 0.081464
vt 0.349669 0.245003
vt 0.576815 0.007628
vt 0.888359 0.711298
vt 0.886627 0.712048
vt 0.883950 0.708503
vt 0.348091 0.260933
vt 0.769848 0.516836
vt 0.582514 0.004645
vt 0.006116 0.613136
vt 0.001282 0.602448
vt 0.006116 0.574893
vt 0.845596 0.731857
vt 0.847902 0.728695
vt 0.393341 0.078712
vt 0.767853 0.524100
vt 0.593377 0.303497
vt 0.592085 0.304524
vt 0.865902 0.491649
vt 0.771570 0.526159
vt 0.595127 0.303307
vt 0.594582 0.305494
vt 0.594475 0.311108
vt 0.903265 0.217404
vt 0.970882 0.943527
vt 0.962847 0.946911
vt 0.971323 0.937554
vt 0.599593 0.312839
vt 0.599758 0.321418
vt 0.899920 0.278688
vt 0.456085 0.290794
vt 0.869509 0.717677
vt 0.867202 0.717529
vt 0.271368 0.235970
vt 0.286992 0.238543
vt 0.894454 0.201474
vt 0.897541 0.212428
vt 0.907942 0.911786
vt 0.925231 0.462944
vt 0.042597 0.841917
vt 0.363164 0.158150
vt 0.902844 0.907457
vt 0.451088 0.912744
vt 0.097950 0.789644
vt 0.396452 0.099767
vt 0.522044 0.130080
vt 0.401130 0.101133
vt 0.404952 0.564152
vt 0.887173 0.889988
vt 0.408625 0.560443
vt 0.481915 0.912614
vt 0.311159 0.193749
vt 0.170757 0.952503
vt 0.168651 0.953455
vt 0.168950 0.950058
vt 0.165961 0.956635
vt 0.178019 0.950038
vt 0.175963 0.957165
vt 0.176449 0.953214
vt 0.916350 0.179175
vt 0.915298 0.176138
vt 0.919121 0.175696
vt 0.170522 0.956899
vt 0.856329 0.371928
vt 0.192248 0.530301
vt 0.184346 0.528094
vt 0.229646 0.777108
vt 0.912026 0.179952
vt 0.910999 0.174865
vt 0.912040 0.172935
vt 0.908126 0.176612
vt 0.847076 0.566821
vt 0.842861 0.569428
vt 0.239485 0.181576
vt 0.907198 0.179094
vt 0.907725 0.173330
vt 0.930139 0.412620
vt 0.171093 0.518071
vt 0.481300 0.784944
vt 0.932121 0.406594
vt 0.955176 0.150979
vt 0.428044 0.473696
vt 0.419878 0.937525
vt 0.442993 0.946002
vt 0.442748 0.956181
vt 0.484112 0.787665
vt 0.416654 0.493873
vt 0.484142 0.784466
vt 0.810280 0.858661
vt 0.776349 0.026233
vt 0.778277 0.038225
vt 0.957856 0.155717
vt 0.380873 0.972479
vt 0.677833 0.063121
vt 0.946553 0.407219
vt 0.952400 0.416165
vt 0.734283 0.388338
vt 0.969297 0.014208
vt 0.784373 0.848190
vt 0.782016 0.847709
vt 0.786042 0.847211
vt 0.021498 0.444888
vt 0.056761 0.464603
vt 0.002067 0.505788
vt 0.544734 0.073101
vt 0.873069 0.634667
vt 0.543366 0.797174
vt 0.519016 0.072564
vt 0.169239 0.839799
vt 0.761622 0.672854
vt 0.513717 0.061633
vt 0.521639 0.059990
vt 0.778212 0.688058
vt 0.811084 0.282078
vt 0.159447 0.112195
vt 0.809440 0.286461
vt 0.203497 0.969250
vt 0.218414 0.972646
vt 0.164246 0.092694
vt 0.221779 0.972777
vt 0.876083 0.024782
vt 0.950792 0.438956
vt 0.264626 0.870841
vt 0.257268 0.853553
vt 0.269068 0.869335
vt 0.047876 0.002067
vt 0.048929 0.002532
vt 0.792934 0.603036
vt 0.794033 0.602439
vt 0.794553 0.605636
vt 0.255346 0.935260
vt 0.918398 0.866776
vt 0.795912 0.609646
vt 0.965755 0.339124
vt 0.102080 0.729576
vt 0.820601 0.795786
vt 0.927236 0.869390
vt 0.815388 0.054682
vt 0.994022 0.570064
vt 0.035167 0.164601
vt 0.030533 0.164427
vt 0.028377 0.160339
vt 0.682781 0.859754
vt 0.091574 0.729719
vt 0.254547 0.537661
vt 0.192352 0.111441
vt 0.189616 0.110303
vt 0.978046 0.577659
vt 0.979719 0.586950
vt 0.190192 0.105808
vt 0.162217 0.703677
vt 0.164395 0.711283
vt 0.187685 0.096597
vt 0.979545 0.828911
vt 0.686783 0.868482
vt 0.189664 0.095611
vt 0.456727 0.462982
vt 0.456727 0.439730
vt 0.966104 0.508409
vt 0.975040 0.826334
vt 0.829146 0.062782
vt 0.361992 0.952578
vt 0.360989 0.947920
vt 0.365749 0.948566
vt 0.556195 0.836906
vt 0.554227 0.835284
vt 0.164067 0.714394
vt 0.865296 0.696282
vt 0.868246 0.695479
vt 0.158701 0.077980
vt 0.153042 0.066114
vt 0.155780 0.070046
vt 0.027338 0.987740
vt 0.040933 0.004860
vt 0.039639 0.006574
vt 0.038533 0.003617
vt 0.040639 0.002942
vt 0.360735 0.945713
vt 0.038622 0.000275
vt 0.368606 0.878582
vt 0.036842 0.005483
vt 0.039332 0.008764
vt 0.036842 0.010667
vt 0.895005 0.560018
vt 0.897639 0.559467
vt 0.459965 0.430531
vt 0.690917 0.615664
vt 0.023050 0.349206
vt 0.357915 0.891035
vt 0.984688 0.510449
vt 0.695527 0.613010
vt 0.984484 0.715835
vt 0.040704 0.974685
vt 0.992943 0.717911
vt 0.993862 0.730871
vt 0.423868 0.097857
vt 0.424114 0.088610
vt 0.428093 0.089617
vt 0.430230 0.092491
vt 0.384157 0.904867
vt 0.931199 0.538214
vt 0.160772 0.759199
vt 0.413593 0.094956
vt 0.415957 0.089637
vt 0.403458 0.054726
vt 0.400039 0.031668
vt 0.581235 0.515279
vt 0.596498 0.484272
vt 0.576364 0.442132
vt 0.009685 0.314155
vt 0.401835 0.994768
vt 0.925056 0.425951
vt 0.921111 0.432712
vt 0.921111 0.393211
vt 0.857779 0.493873
vt 0.827238 0.478202
vt 0.826844 0.474646
vt 0.633386 0.534147
vt 0.632920 0.967548
vt 0.630427 0.962933
vt 0.904069 0.106044
vt 0.560357 0.799364
vt 0.908683 0.529937
vt 0.595647 0.020099
vt 0.575269 0.057876
vt 0.884718 0.710428
vt 0.584537 0.005046
vt 0.597662 0.018113
vt 0.575212 0.055393
vt 0.883278 0.711980
vt 0.767567 0.188437
vt 0.765593 0.190038
vt 0.975272 0.943579
vt 0.972435 0.944333
vt 0.975514 0.941603
vt 0.772191 0.521596
vt 0.575368 0.787042
vt 0.852396 0.717797
vt 0.901643 0.224429
vt 0.905306 0.223452
vt 0.904018 0.238139
vt 0.904106 0.220574
vt 0.396016 0.077459
vt 0.906599 0.221743
vt 0.905832 0.219305
vt 0.905429 0.218150
vt 0.594970 0.307420
vt 0.900850 0.217620
vt 0.969951 0.946204
vt 0.596519 0.308679
vt 0.583664 0.780807
vt 0.895754 0.217037
vt 0.894507 0.214420
vt 0.128377 0.543895
vt 0.059164 0.840973
vt 0.046637 0.840168
vt 0.968091 0.240380
vt 0.973985 0.240894
vt 0.971189 0.244643
vt 0.432407 0.576863
vt 0.208711 0.464484
vt 0.042061 0.837311
vt 0.601291 0.558586
vt 0.104862 0.778629
vt 0.908126 0.823650
vt 0.925471 0.816973
vt 0.458411 0.909739
vt 0.389033 0.108638
vt 0.407132 0.570111
vt 0.517066 0.137541
vt 0.097574 0.791248
vt 0.468376 0.910383
vt 0.098499 0.829158
vt 0.090151 0.831786
vt 0.098469 0.794523
vt 0.090950 0.800665
vt 0.478179 0.814192
vt 0.094288 0.791141
vt 0.414060 0.565325
vt 0.934952 0.808334
vt 0.486607 0.914386
vt 0.474697 0.910315
vt 0.176585 0.950589
vt 0.174211 0.950366
vt 0.411121 0.564418
vt 0.174008 0.522458
vt 0.953709 0.146545
vt 0.951825 0.145728
vt 0.840877 0.570304
vt 0.841378 0.572608
vt 0.480110 0.781995
vt 0.483694 0.785780
vt 0.956263 0.158343
vt 0.954109 0.165134
vt 0.647283 0.719332
vt 0.652482 0.703868
vt 0.669697 0.697752
vt 0.385313 0.964486
vt 0.934727 0.407280
vt 0.790146 0.868187
vt 0.728322 0.382719
vt 0.954601 0.414190
vt 0.673075 0.077149
vt 0.786708 0.870856
vt 0.969881 0.017180
vt 0.784091 0.850530
vt 0.766412 0.438412
vt 0.757553 0.667524
vt 0.158764 0.169003
vt 0.823868 0.482390
vt 0.737534 0.889154
vt 0.211408 0.972022
vt 0.736345 0.893780
vt 0.270843 0.865073
vt 0.137862 0.736830
vt 0.823002 0.307333
vt 0.804624 0.291836
vt 0.162010 0.047039
vt 0.184854 0.033281
vt 0.255346 0.968288
vt 0.796302 0.603272
vt 0.811404 0.790241
vt 0.532491 0.193919
vt 0.256875 0.871796
vt 0.000264 0.007225
vt 0.822841 0.799552
vt 0.825248 0.806886
vt 0.681285 0.858854
vt 0.093029 0.732185
vt 0.931319 0.876833
vt 0.931880 0.873737
vt 0.932968 0.876058
vt 0.028377 0.175837
vt 0.978572 0.357572
vt 0.692138 0.630108
vt 0.821436 0.053443
vt 0.094295 0.121597
vt 0.092505 0.105186
vt 0.097857 0.113265
vt 0.165255 0.700986
vt 0.092505 0.128438
vt 0.978301 0.827651
vt 0.184798 0.097064
vt 0.165906 0.711806
vt 0.042280 0.007470
vt 0.042812 0.010703
vt 0.986747 0.590964
vt 0.352447 0.886451
vt 0.976704 0.502960
vt 0.034379 0.988280
vt 0.897794 0.556460
vt 0.366207 0.949851
vt 0.358360 0.889457
vt 0.981136 0.712027
vt 0.019200 0.348372
vt 0.690837 0.618951
vt 0.892655 0.769971
vt 0.893804 0.779516
vt 0.859437 0.767081
vt 0.832802 0.777833
vt 0.830846 0.744474
vt 0.984688 0.499754
vt 0.036203 0.986092
vt 0.016865 0.346293
vt 0.358768 0.895957
vt 0.701784 0.617754
vt 0.024577 0.336231
vt 0.965084 0.094875
vt 0.959943 0.086489
vt 0.970027 0.094964
vt 0.960341 0.092711
vt 0.421393 0.090287
vt 0.429978 0.085721
vt 0.435770 0.097857
vt 0.558711 0.884176
vt 0.365875 0.906179
vt 0.361422 0.908399
vt 0.897649 0.808338
vt 0.895854 0.810185
vt 0.593502 0.476949
vt 0.581097 0.440121
vt 0.980101 0.615706
vt 0.972663 0.625368
vt 0.972663 0.592866
vt 0.977042 0.668889
vt 0.969044 0.669294
vt 0.636072 0.964893
vt 0.816160 0.473197
vt 0.806911 0.477168
vt 0.816581 0.467583
vt 0.552679 0.804875
vt 0.906705 0.499546
vt 0.567835 0.792111
vt 0.904069 0.085920
vt 0.587154 0.006017
vt 0.594948 0.013128
vt 0.596452 0.015034
vt 0.881297 0.710396
vt 0.880491 0.709022
vt 0.876225 0.707636
vt 0.351674 0.257740
vt 0.583017 0.002753
vt 0.586038 0.003406
vt 0.975206 0.945829
vt 0.049879 0.183046
vt 0.046865 0.185855
vt 0.050458 0.178763
vt 0.764875 0.187142
vt 0.044408 0.186526
vt 0.041784 0.187066
vt 0.900087 0.220492
vt 0.760232 0.185664
vt 0.993862 0.358481
vt 0.991546 0.360267
vt 0.993568 0.357102
vt 0.896150 0.220152
vt 0.756191 0.187360
vt 0.992046 0.368873
vt 0.597919 0.310692
vt 0.986115 0.368052
vt 0.600676 0.309987
vt 0.604115 0.323281
vt 0.927866 0.475672
vt 0.608549 0.329853
vt 0.599181 0.557491
vt 0.044187 0.839068
vt 0.045054 0.826870
vt 0.935759 0.466996
vt 0.746393 0.187513
vt 0.729677 0.206440
vt 0.360825 0.163605
vt 0.337479 0.213343
vt 0.134347 0.533669
vt 0.165961 0.912030
vt 0.175097 0.944425
vt 0.894368 0.903736
vt 0.414907 0.567629
vt 0.530218 0.880240
vt 0.524665 0.873284
vt 0.535156 0.873158
vt 0.404781 0.103459
vt 0.934519 0.810218
vt 0.177602 0.948840
vt 0.181953 0.948025
vt 0.533469 0.865275
vt 0.176248 0.947015
vt 0.407271 0.565746
vt 0.146019 0.519741
vt 0.141502 0.526285
vt 0.213059 0.781328
vt 0.303168 0.186571
vt 0.317916 0.184201
vt 0.496006 0.140533
vt 0.905834 0.176116
vt 0.241043 0.130951
vt 0.239938 0.134179
vt 0.237180 0.132376
vt 0.903918 0.176545
vt 0.903579 0.175093
vt 0.242942 0.129668
vt 0.246172 0.131917
vt 0.244347 0.130840
vt 0.843488 0.571425
vt 0.933694 0.409918
vt 0.933945 0.412585
vt 0.936466 0.412929
vt 0.565206 0.410869
vt 0.773114 0.020567
vt 0.774489 0.008885
vt 0.775578 0.031792
vt 0.774071 0.035259
vt 0.771632 0.032082
vt 0.772291 0.038197
vt 0.449316 0.957734
vt 0.245334 0.137633
vt 0.243650 0.138989
vt 0.954843 0.158542
vt 0.954679 0.160342
vt 0.666694 0.719772
vt 0.427339 0.459460
vt 0.429465 0.461464
vt 0.431173 0.464931
vt 0.431781 0.471727
vt 0.444944 0.475047
vt 0.178063 0.027547
vt 0.181953 0.027471
vt 0.172156 0.035167
vt 0.246172 0.139926
vt 0.954905 0.156514
vt 0.244595 0.140670
vt 0.382765 0.970122
vt 0.172156 0.019020
vt 0.181276 0.025483
vt 0.447233 0.948045
vt 0.451963 0.955730
vt 0.450711 0.968052
vt 0.453292 0.964683
vt 0.460234 0.969397
vt 0.454279 0.963460
vt 0.953176 0.409121
vt 0.788881 0.854241
vt 0.972456 0.016743
vt 0.952471 0.412330
vt 0.787226 0.850913
vt 0.786049 0.851598
vt 0.563066 0.060884
vt 0.544769 0.061334
vt 0.552310 0.060435
vt 0.833928 0.640105
vt 0.670255 0.978867
vt 0.649460 0.976320
vt 0.754408 0.663210
vt 0.643947 0.138334
vt 0.738999 0.809000
vt 0.740365 0.779022
vt 0.744957 0.781935
vt 0.390189 0.195131
vt 0.627245 0.136922
vt 0.784617 0.725438
vt 0.782418 0.717283
vt 0.785824 0.712959
vt 0.778167 0.719482
vt 0.783530 0.713829
vt 0.884223 0.002146
vt 0.880724 0.004384
vt 0.598954 0.091646
vt 0.879925 0.024740
vt 0.480112 0.190419
vt 0.467515 0.214075
vt 0.105445 0.739099
vt 0.857271 0.267992
vt 0.859876 0.266090
vt 0.864736 0.264948
vt 0.881449 0.050739
vt 0.797722 0.607672
vt 0.445901 0.228749
vt 0.430801 0.236011
vt 0.439380 0.817619
vt 0.480112 0.817608
vt 0.421065 0.239461
vt 0.924952 0.863468
vt 0.224572 0.878246
vt 0.973940 0.388777
vt 0.977538 0.385526
vt 0.973590 0.398273
vt 0.229951 0.880131
vt 0.818155 0.053857
vt 0.140684 0.187413
vt 0.142673 0.184545
vt 0.145257 0.188069
vt 0.974788 0.577091
vt 0.971724 0.577035
vt 0.286703 0.110930
vt 0.288984 0.115184
vt 0.281216 0.122757
vt 0.671040 0.652786
vt 0.184798 0.111618
vt 0.285065 0.125714
vt 0.890206 0.539275
vt 0.898400 0.552699
vt 0.895827 0.553634
vt 0.159018 0.072032
vt 0.158680 0.070282
vt 0.973529 0.497399
vt 0.024521 0.363365
vt 0.167444 0.709993
vt 0.681910 0.605574
vt 0.017935 0.352979
vt 0.902165 0.557662
vt 0.187349 0.025815
vt 0.185676 0.021404
vt 0.194185 0.026543
vt 0.019195 0.349979
vt 0.034183 0.986409
vt 0.696517 0.620363
vt 0.018517 0.341459
vt 0.039566 0.983593
vt 0.987762 0.712264
vt 0.430091 0.090448
vt 0.898070 0.787733
vt 0.843208 0.749297
vt 0.188069 0.408549
vt 0.960825 0.098334
vt 0.419992 0.088309
vt 0.357803 0.900984
vt 0.171250 0.759197
vt 0.864192 0.766478
vt 0.551417 0.883922
vt 0.545070 0.884812
vt 0.902064 0.810595
vt 0.408260 0.031704
vt 0.107031 0.145999
vt 0.099931 0.137683
vt 0.098517 0.101613
vt 0.098517 0.177366
vt 0.408182 0.978289
vt 0.829000 0.467337
vt 0.632175 0.960749
vt 0.637790 0.523200
vt 0.625745 0.963000
vt 0.766585 0.317069
vt 0.778712 0.323114
vt 0.766324 0.329412
vt 0.603927 0.984688
vt 0.619526 0.961514
vt 0.573906 0.796072
vt 0.906865 0.073193
vt 0.597596 0.013665
vt 0.972783 0.947431
vt 0.877558 0.710263
vt 0.050458 0.189598
vt 0.704877 0.370095
vt 0.699546 0.383579
vt 0.686719 0.377231
vt 0.893027 0.227297
vt 0.969280 0.950117
vt 0.844866 0.724519
vt 0.857779 0.698821
vt 0.871309 0.708310
vt 0.044706 0.188065
vt 0.373794 0.222628
vt 0.837320 0.727848
vt 0.839970 0.726332
vt 0.838664 0.735813
vt 0.892637 0.221717
vt 0.587011 0.786593
vt 0.602777 0.314665
vt 0.978476 0.379667
vt 0.123586 0.556519
vt 0.961872 0.238418
vt 0.964580 0.236997
vt 0.866953 0.165602
vt 0.170083 0.763897
vt 0.169863 0.803871
vt 0.166083 0.805780
vt 0.901032 0.917396
vt 0.973557 0.236976
vt 0.950898 0.082371
vt 0.951762 0.084176
vt 0.944844 0.110089
vt 0.320329 0.272930
vt 0.292156 0.247443
vt 0.364802 0.161633
vt 0.382313 0.584085
vt 0.949651 0.950272
vt 0.935281 0.937554
vt 0.934773 0.813332
vt 0.936360 0.811807
vt 0.411677 0.567550
vt 0.937267 0.809463
vt 0.481394 0.910375
vt 0.484027 0.912045
vt 0.178628 0.535156
vt 0.308913 0.175639
vt 0.171345 0.530563
vt 0.533627 0.965508
vt 0.481231 0.134509
vt 0.156665 0.515538
vt 0.242084 0.133697
vt 0.236808 0.135324
vt 0.661254 0.725737
vt 0.771406 0.027378
vt 0.773869 0.028181
vt 0.901610 0.174356
vt 0.243032 0.135763
vt 0.241549 0.136486
vt 0.951825 0.164579
vt 0.952064 0.161863
vt 0.901109 0.177119
vt 0.899574 0.172240
vt 0.241065 0.139168
vt 0.803243 0.863169
vt 0.804318 0.859978
vt 0.798979 0.858997
vt 0.447962 0.953313
vt 0.450566 0.965532
vt 0.448338 0.964214
vt 0.484185 0.781798
vt 0.797038 0.863839
vt 0.450428 0.955867
vt 0.939089 0.408988
vt 0.942682 0.412904
vt 0.454184 0.961230
vt 0.577822 0.060505
vt 0.793927 0.864191
vt 0.795731 0.857484
vt 0.947943 0.412416
vt 0.947347 0.409282
vt 0.949531 0.410899
vt 0.784120 0.852002
vt 0.787260 0.868264
vt 0.170994 0.837968
vt 0.541914 0.826836
vt 0.796323 0.245241
vt 0.781018 0.723942
vt 0.208790 0.964199
vt 0.217486 0.965365
vt 0.266132 0.848077
vt 0.780029 0.799247
vt 0.702921 0.970786
vt 0.712832 0.939082
vt 0.708710 0.970583
vt 0.868449 0.260577
vt 0.529673 0.220709
vt 0.868705 0.257996
vt 0.058580 0.007171
vt 0.061161 0.001112
vt 0.061161 0.009174
vt 0.850169 0.228650
vt 0.863223 0.242661
vt 0.216689 0.853730
vt 0.221549 0.878911
vt 0.813875 0.790461
vt 0.972005 0.399706
vt 0.252773 0.932724
vt 0.243803 0.934259
vt 0.981630 0.390240
vt 0.808214 0.056038
vt 0.934042 0.869263
vt 0.935581 0.872621
vt 0.823062 0.059735
vt 0.973550 0.579583
vt 0.975789 0.591730
vt 0.968512 0.833348
vt 0.974145 0.830689
vt 0.975856 0.832711
vt 0.425147 0.795726
vt 0.899877 0.556232
vt 0.185676 0.032010
vt 0.191839 0.032109
vt 0.191258 0.028243
vt 0.348586 0.884676
vt 0.033613 0.990771
vt 0.688395 0.617983
vt 0.981406 0.707633
vt 0.015872 0.351774
vt 0.981022 0.499729
vt 0.036151 0.988091
vt 0.016133 0.348519
vt 0.984227 0.709430
vt 0.355123 0.894829
vt 0.855779 0.787444
vt 0.897129 0.780155
vt 0.977045 0.098255
vt 0.971745 0.103453
vt 0.152826 0.089323
vt 0.155730 0.083740
vt 0.155313 0.089357
vt 0.418404 0.084285
vt 0.420678 0.086183
vt 0.430252 0.088210
vt 0.431884 0.089223
vt 0.168921 0.404990
vt 0.162452 0.773683
vt 0.360140 0.914212
vt 0.362471 0.915668
vt 0.045707 0.968640
vt 0.154724 0.770931
vt 0.901413 0.801607
vt 0.645246 0.820705
vt 0.935759 0.512908
vt 0.859836 0.747770
vt 0.901903 0.816841
vt 0.053954 0.050458
vt 0.053954 0.033596
vt 0.059632 0.043412
vt 0.413016 0.031602
vt 0.415042 0.045067
vt 0.584638 0.442533
vt 0.584198 0.448203
vt 0.984688 0.051538
vt 0.984635 0.055021
vt 0.976908 0.055045
vt 0.632863 0.957089
vt 0.633734 0.955291
vt 0.630497 0.957594
vt 0.411091 0.992591
vt 0.800200 0.315071
vt 0.794224 0.317951
vt 0.801002 0.308773
vt 0.628683 0.959168
vt 0.143728 0.604239
vt 0.143728 0.628426
vt 0.134276 0.609856
vt 0.611467 0.962109
vt 0.683023 0.373504
vt 0.597743 0.008287
vt 0.876276 0.709502
vt 0.894113 0.964079
vt 0.883760 0.971829
vt 0.881175 0.958666
vt 0.895988 0.223528
vt 0.590180 0.092243
vt 0.591927 0.089443
vt 0.592055 0.094687
vt 0.867202 0.705460
vt 0.585945 0.092177
vt 0.601571 0.312278
vt 0.912603 0.057665
vt 0.892418 0.271035
vt 0.926483 0.481180
vt 0.849153 0.169312
vt 0.108768 0.791787
vt 0.354732 0.965797
vt 0.133238 0.540763
vt 0.617723 0.568358
vt 0.393434 0.109525
vt 0.462001 0.906100
vt 0.400822 0.108147
vt 0.932966 0.816065
vt 0.106626 0.795676
vt 0.103522 0.793503
vt 0.523684 0.884850
vt 0.525285 0.868385
vt 0.922786 0.939981
vt 0.932803 0.937326
vt 0.923107 0.947991
vt 0.773323 0.023300
vt 0.900206 0.175317
vt 0.936854 0.409979
vt 0.804463 0.861998
vt 0.799293 0.861412
vt 0.938881 0.411197
vt 0.941110 0.410577
vt 0.451020 0.960982
vt 0.452423 0.960102
vt 0.452738 0.963436
vt 0.797144 0.860847
vt 0.794608 0.860814
vt 0.946166 0.410620
vt 0.793516 0.858455
vt 0.790520 0.856952
vt 0.567464 0.058424
vt 0.791440 0.865012
vt 0.787129 0.854322
vt 0.785369 0.853046
vt 0.643798 0.974048
vt 0.747928 0.635870
vt 0.503277 0.061784
vt 0.387816 0.181095
vt 0.778785 0.723428
vt 0.212596 0.965433
vt 0.575864 0.896269
vt 0.219437 0.964142
vt 0.883206 0.004461
vt 0.196720 0.961468
vt 0.884185 0.000326
vt 0.160187 0.052760
vt 0.337982 0.278800
vt 0.882033 0.027641
vt 0.460013 0.219830
vt 0.454274 0.224500
vt 0.800093 0.607687
vt 0.800036 0.610723
vt 0.801564 0.609110
vt 0.867194 0.253304
vt 0.920137 0.861399
vt 0.928938 0.858867
vt 0.816625 0.601686
vt 0.103830 0.737644
vt 0.096768 0.739907
vt 0.677449 0.864789
vt 0.238099 0.884089
vt 0.819383 0.056402
vt 0.936013 0.871533
vt 0.222525 0.882740
vt 0.597846 0.647034
vt 0.594417 0.649554
vt 0.593468 0.646845
vt 0.224885 0.882616
vt 0.590987 0.655555
vt 0.330311 0.399074
vt 0.323350 0.385231
vt 0.331797 0.396368
vt 0.052825 0.170535
vt 0.058103 0.183482
vt 0.051517 0.183482
vt 0.275223 0.325681
vt 0.273060 0.316425
vt 0.275223 0.307625
vt 0.589549 0.661702
vt 0.003058 0.082567
vt 0.000710 0.082283
vt 0.000499 0.072548
vt 0.825955 0.064704
vt 0.287361 0.128334
vt 0.283545 0.126924
vt 0.901137 0.550643
vt 0.966393 0.503468
vt 0.155945 0.065094
vt 0.167221 0.706524
vt 0.015660 0.073638
vt 0.017820 0.076273
vt 0.015660 0.079509
vt 0.866503 0.699184
vt 0.272912 0.323495
vt 0.014982 0.366964
vt 0.018348 0.078152
vt 0.681910 0.621862
vt 0.908134 0.551088
vt 0.900875 0.553918
vt 0.355616 0.872184
vt 0.353136 0.874121
vt 0.353355 0.871249
vt 0.354268 0.874760
vt 0.357362 0.874672
vt 0.977003 0.498400
vt 0.980630 0.495256
vt 0.035538 0.990715
vt 0.014334 0.349858
vt 0.353477 0.890469
vt 0.352004 0.891796
vt 0.897398 0.761664
vt 0.897843 0.763456
vt 0.014999 0.334800
vt 0.985259 0.098493
vt 0.990018 0.082972
vt 0.995391 0.099386
vt 0.966436 0.110297
vt 0.358791 0.912220
vt 0.871538 0.779413
vt 0.871540 0.783642
vt 0.423544 0.081485
vt 0.607905 0.509119
vt 0.159120 0.770822
vt 0.871540 0.724888
vt 0.862458 0.747428
vt 0.867091 0.767858
vt 0.869686 0.773363
vt 0.584130 0.696883
vt 0.585784 0.703137
vt 0.583965 0.701996
vt 0.421042 0.030651
vt 0.585028 0.443688
vt 0.632349 0.955210
vt 0.013761 0.329471
vt 0.078373 0.907189
vt 0.078619 0.927566
vt 0.069629 0.935759
vt 0.976794 0.053970
vt 0.975640 0.662592
vt 0.855081 0.484500
vt 0.629317 0.957202
vt 0.558559 0.804721
vt 0.623889 0.960858
vt 0.566225 0.800626
vt 0.308967 0.545108
vt 0.774302 0.325834
vt 0.303820 0.533951
vt 0.300129 0.528145
vt 0.588581 0.002807
vt 0.590047 0.003407
vt 0.597846 0.010787
vt 0.588607 0.000562
vt 0.972827 0.949889
vt 0.873931 0.707377
vt 0.335281 0.655542
vt 0.331528 0.652084
vt 0.336384 0.647795
vt 0.400603 0.244428
vt 0.899274 0.242442
vt 0.891677 0.229491
vt 0.787002 0.902533
vt 0.784195 0.899110
vt 0.789161 0.901701
vt 0.605401 0.312151
vt 0.894985 0.268250
vt 0.964358 0.952609
vt 0.963056 0.234096
vt 0.061918 0.835836
vt 0.361175 0.217644
vt 0.128982 0.549145
vt 0.952952 0.694155
vt 0.951385 0.691934
vt 0.961343 0.674415
vt 0.970679 0.231231
vt 0.048175 0.836001
vt 0.983382 0.380726
vt 0.926392 0.820469
vt 0.899016 0.914440
vt 0.802419 0.944072
vt 0.801258 0.949504
vt 0.797535 0.944497
vt 0.268453 0.307341
vt 0.272165 0.326113
vt 0.268453 0.336384
vt 0.455163 0.906835
vt 0.460473 0.904546
vt 0.928150 0.821006
vt 0.891454 0.909288
vt 0.500800 0.322623
vt 0.142766 0.529095
vt 0.136616 0.536296
vt 0.016838 0.929845
vt 0.011718 0.926966
vt 0.016527 0.927376
vt 0.015571 0.925184
vt 0.105160 0.828349
vt 0.935634 0.815779
vt 0.483366 0.908289
vt 0.480932 0.905323
vt 0.472317 0.906461
vt 0.180728 0.947095
vt 0.179717 0.945756
vt 0.385011 0.529003
vt 0.382564 0.529961
vt 0.382566 0.528372
vt 0.410871 0.568747
vt 0.149345 0.521375
vt 0.152022 0.518825
vt 0.562786 0.404793
vt 0.769965 0.020634
vt 0.771015 0.022622
vt 0.771995 0.018752
vt 0.767595 0.001011
vt 0.939013 0.409863
vt 0.792629 0.860721
vt 0.791030 0.860676
vt 0.789351 0.858917
vt 0.788692 0.865777
vt 0.786917 0.856465
vt 0.784853 0.854121
vt 0.782974 0.854087
vt 0.564380 0.057988
vt 0.558698 0.058721
vt 0.552430 0.059174
vt 0.647241 0.976034
vt 0.948219 0.274387
vt 0.948720 0.279782
vt 0.946016 0.289333
vt 0.645427 0.984688
vt 0.548918 0.808175
vt 0.157049 0.839911
vt 0.509363 0.060137
vt 0.805145 0.278769
vt 0.272573 0.856812
vt 0.481997 0.191359
vt 0.319419 0.451645
vt 0.314843 0.495732
vt 0.311116 0.498080
vt 0.215190 0.965535
vt 0.617284 0.141770
vt 0.886475 0.018569
vt 0.868482 0.305029
vt 0.864818 0.314912
vt 0.863514 0.308138
vt 0.268845 0.850032
vt 0.778583 0.794927
vt 0.799860 0.612955
vt 0.681120 0.885514
vt 0.965590 0.401260
vt 0.804786 0.610766
vt 0.215770 0.864068
vt 0.218559 0.878516
vt 0.930373 0.861712
vt 0.121380 0.157734
vt 0.117557 0.169656
vt 0.119534 0.158372
vt 0.992614 0.736618
vt 0.985658 0.739060
vt 0.974046 0.736618
vt 0.978964 0.739063
vt 0.792911 0.634744
vt 0.797733 0.638030
vt 0.797035 0.638563
vt 0.980518 0.396410
vt 0.815626 0.059129
vt 0.126908 0.164571
vt 0.118640 0.172754
vt 0.136083 0.182941
vt 0.094350 0.739223
vt 0.989203 0.740166
vt 0.221233 0.883337
vt 0.003058 0.067907
vt 0.068083 0.972456
vt 0.068083 0.937702
vt 0.074922 0.954412
vt 0.592656 0.648379
vt 0.818674 0.059927
vt 0.970380 0.582781
vt 0.592102 0.650610
vt 0.225033 0.885209
vt 0.223716 0.885029
vt 0.288008 0.126674
vt 0.891021 0.538623
vt 0.088628 0.050458
vt 0.082416 0.041223
vt 0.090212 0.041223
vt 0.159018 0.062494
vt 0.325042 0.382274
vt 0.321747 0.382395
vt 0.869744 0.704877
vt 0.147426 0.100915
vt 0.147426 0.085430
vt 0.149844 0.091301
vt 0.316948 0.381752
vt 0.326759 0.381345
vt 0.976559 0.699768
vt 0.041309 0.988038
vt 0.011002 0.012483
vt 0.013761 0.009194
vt 0.013495 0.011674
vt 0.138469 0.156404
vt 0.135379 0.157474
vt 0.134315 0.154698
vt 0.138058 0.160142
vt 0.134315 0.162076
vt 0.702139 0.625055
vt 0.153075 0.094630
vt 0.419564 0.079478
vt 0.182795 0.399287
vt 0.048929 0.975229
vt 0.353193 0.910153
vt 0.351701 0.905540
vt 0.553289 0.889333
vt 0.871069 0.645765
vt 0.902245 0.801330
vt 0.571943 0.913039
vt 0.574911 0.910555
vt 0.572317 0.916584
vt 0.570092 0.915735
vt 0.582868 0.701022
vt 0.579113 0.700722
vt 0.576050 0.698811
vt 0.558855 0.698218
vt 0.863607 0.746190
vt 0.866063 0.759400
vt 0.864412 0.754425
vt 0.868282 0.765661
vt 0.869711 0.768820
vt 0.567595 0.920051
vt 0.863951 0.749550
vt 0.411306 0.986600
vt 0.694337 0.023935
vt 0.715580 0.022998
vt 0.715580 0.053904
vt 0.200301 0.516397
vt 0.197341 0.547389
vt 0.197213 0.511292
vt 0.198532 0.024104
vt 0.203359 0.039202
vt 0.203359 0.070335
vt 0.982740 0.040988
vt 0.135700 0.619120
vt 0.783151 0.310968
vt 0.972581 0.952071
vt 0.331722 0.654313
vt 0.332373 0.656989
vt 0.333128 0.646714
vt 0.329847 0.657478
vt 0.329639 0.655093
vt 0.590360 0.097574
vt 0.592274 0.097606
vt 0.588877 0.095360
vt 0.791757 0.893541
vt 0.810380 0.901068
vt 0.888092 0.224483
vt 0.754260 0.182505
vt 0.327472 0.655305
vt 0.785705 0.903121
vt 0.883835 0.217735
vt 0.902445 0.931172
vt 0.951531 0.694724
vt 0.594152 0.285236
vt 0.602433 0.291429
vt 0.591732 0.295013
vt 0.948972 0.698392
vt 0.941385 0.696060
vt 0.948205 0.694562
vt 0.938848 0.692989
vt 0.936757 0.695746
vt 0.929152 0.837045
vt 0.927676 0.824951
vt 0.050232 0.831838
vt 0.067233 0.353476
vt 0.074922 0.345274
vt 0.074054 0.360046
vt 0.414539 0.571343
vt 0.431294 0.583495
vt 0.468816 0.902327
vt 0.469648 0.905932
vt 0.397545 0.056574
vt 0.393217 0.036254
vt 0.397545 0.033528
vt 0.478544 0.905857
vt 0.952490 0.080850
vt 0.951031 0.080408
vt 0.950865 0.077463
vt 0.950172 0.079633
vt 0.394025 0.033615
vt 0.181103 0.946586
vt 0.379282 0.527439
vt 0.381775 0.530193
vt 0.481255 0.139284
vt 0.020996 0.628555
vt 0.019675 0.605085
vt 0.025993 0.630440
vt 0.021073 0.631379
vt 0.025869 0.633013
vt 0.172456 0.239644
vt 0.171237 0.239628
vt 0.171202 0.236494
vt 0.790773 0.861019
vt 0.790052 0.862050
vt 0.173910 0.241933
vt 0.175498 0.245023
vt 0.173064 0.245714
vt 0.173616 0.249230
vt 0.514820 0.059412
vt 0.704982 0.739428
vt 0.694022 0.741635
vt 0.702464 0.730556
vt 0.075352 0.257850
vt 0.075575 0.260328
vt 0.072194 0.251955
vt 0.062523 0.249369
vt 0.698869 0.751044
vt 0.696901 0.751831
vt 0.277173 0.873069
vt 0.275920 0.867054
vt 0.748051 0.792288
vt 0.798111 0.265285
vt 0.742890 0.828788
vt 0.802445 0.285831
vt 0.627446 0.140871
vt 0.776078 0.723936
vt 0.709796 0.974302
vt 0.707331 0.973888
vt 0.708641 0.971941
vt 0.886831 0.001128
vt 0.860616 0.314450
vt 0.828989 0.796026
vt 0.844229 0.788414
vt 0.845817 0.792557
vt 0.041606 0.878347
vt 0.039699 0.876898
vt 0.042008 0.874595
vt 0.850169 0.288984
vt 0.336791 0.285657
vt 0.458435 0.222111
vt 0.268255 0.848867
vt 0.703840 0.888854
vt 0.811424 0.787318
vt 0.907100 0.746349
vt 0.897430 0.738156
vt 0.902201 0.735078
vt 0.801993 0.611359
vt 0.871604 0.259384
vt 0.450884 0.227015
vt 0.869901 0.256524
vt 0.798785 0.627485
vt 0.869243 0.255015
vt 0.868172 0.252340
vt 0.786660 0.637601
vt 0.865787 0.246888
vt 0.055703 0.011076
vt 0.061161 0.015513
vt 0.059525 0.018348
vt 0.819902 0.789478
vt 0.134748 0.184328
vt 0.987550 0.741568
vt 0.145257 0.172931
vt 0.323825 0.398044
vt 0.534921 0.164879
vt 0.824613 0.067277
vt 0.867216 0.701945
vt 0.906359 0.547974
vt 0.785964 0.955923
vt 0.796618 0.947937
vt 0.791184 0.959919
vt 0.687027 0.622496
vt 0.348818 0.876463
vt 0.034412 0.992024
vt 0.036154 0.993196
vt 0.014735 0.352968
vt 0.013761 0.015290
vt 0.585396 0.673122
vt 0.586388 0.667729
vt 0.988599 0.706146
vt 0.687812 0.623192
vt 0.586649 0.681942
vt 0.357403 0.917330
vt 0.352915 0.916076
vt 0.354057 0.917333
vt 0.351880 0.898580
vt 0.570209 0.901915
vt 0.572812 0.908758
vt 0.794807 0.986217
vt 0.778653 0.985114
vt 0.790835 0.977521
vt 0.961689 0.110595
vt 0.903180 0.790198
vt 0.875283 0.644531
vt 0.571945 0.912199
vt 0.570625 0.913326
vt 0.580744 0.703665
vt 0.903526 0.811540
vt 0.867975 0.759061
vt 0.560871 0.921161
vt 0.562430 0.919927
vt 0.586597 0.442254
vt 0.634248 0.953265
vt 0.200301 0.471703
vt 0.078270 0.902685
vt 0.081271 0.908415
vt 0.975312 0.051844
vt 0.631150 0.953714
vt 0.909766 0.490855
vt 0.909766 0.512672
vt 0.561147 0.805268
vt 0.626988 0.955725
vt 0.606663 0.960357
vt 0.767874 0.331657
vt 0.579318 0.793902
vt 0.570989 0.801064
vt 0.606714 0.961275
vt 0.756480 0.332303
vt 0.885005 0.973253
vt 0.590499 0.001169
vt 0.150615 0.269106
vt 0.154187 0.267920
vt 0.153224 0.271219
vt 0.969214 0.953607
vt 0.585111 0.791441
vt 0.686349 0.378511
vt 0.327844 0.652877
vt 0.329727 0.652173
vt 0.329438 0.649448
vt 0.587426 0.098339
vt 0.888245 0.226572
vt 0.888527 0.229636
vt 0.758839 0.182936
vt 0.571418 0.561581
vt 0.585396 0.087253
vt 0.575394 0.086893
vt 0.699225 0.384765
vt 0.704848 0.385931
vt 0.598890 0.556125
vt 0.930649 0.476180
vt 0.061982 0.833443
vt 0.117514 0.771156
vt 0.731854 0.168393
vt 0.958558 0.688640
vt 0.956064 0.699013
vt 0.967607 0.229691
vt 0.051232 0.832424
vt 0.103836 0.325268
vt 0.100922 0.330268
vt 0.103973 0.320297
vt 0.613390 0.548042
vt 0.029975 0.814000
vt 0.387884 0.111618
vt 0.136491 0.541690
vt 0.885302 0.855635
vt 0.529040 0.137187
vt 0.517146 0.140449
vt 0.019908 0.936803
vt 0.018879 0.932011
vt 0.934014 0.817861
vt 0.017440 0.924136
vt 0.943610 0.958380
vt 0.935409 0.956686
vt 0.108250 0.828702
vt 0.481021 0.902502
vt 0.471002 0.902054
vt 0.143366 0.530664
vt 0.382919 0.525397
vt 0.522088 0.871885
vt 0.154338 0.518464
vt 0.480693 0.140647
vt 0.658179 0.731837
vt 0.659588 0.731386
vt 0.301064 0.177238
vt 0.938831 0.930875
vt 0.939531 0.932455
vt 0.557615 0.391983
vt 0.767595 0.018267
vt 0.174762 0.234275
vt 0.175234 0.236222
vt 0.172201 0.235026
vt 0.172825 0.237605
vt 0.176172 0.238621
vt 0.678887 0.719357
vt 0.678323 0.722115
vt 0.740954 0.468932
vt 0.743418 0.465561
vt 0.744353 0.468573
vt 0.177821 0.246837
vt 0.745110 0.464954
vt 0.745056 0.460426
vt 0.562496 0.056905
vt 0.545162 0.059075
vt 0.950296 0.279862
vt 0.949202 0.293871
vt 0.169972 0.837342
vt 0.516267 0.056917
vt 0.703118 0.729868
vt 0.548433 0.827601
vt 0.707269 0.740917
vt 0.621374 0.590424
vt 0.617565 0.637965
vt 0.609113 0.628864
vt 0.644511 0.139674
vt 0.753037 0.816697
vt 0.274696 0.854926
vt 0.744419 0.845277
vt 0.859888 0.303665
vt 0.856181 0.301372
vt 0.859572 0.301090
vt 0.859365 0.298901
vt 0.712885 0.972527
vt 0.710291 0.978994
vt 0.702603 0.980101
vt 0.882549 0.024196
vt 0.468616 0.216299
vt 0.269123 0.844521
vt 0.213635 0.851703
vt 0.331736 0.318926
vt 0.802799 0.612483
vt 0.801718 0.615609
vt 0.715730 0.939984
vt 0.430120 0.237321
vt 0.213635 0.873827
vt 0.813807 0.782394
vt 0.865860 0.239990
vt 0.866316 0.238129
vt 0.342502 0.377432
vt 0.059938 0.012820
vt 0.050370 0.018156
vt 0.976543 0.740514
vt 0.940224 0.866324
vt 0.940644 0.869049
vt 0.967778 0.582838
vt 0.341972 0.377935
vt 0.990438 0.741784
vt 0.592000 0.645893
vt 0.590733 0.647981
vt 0.589586 0.651575
vt 0.139095 0.173100
vt 0.277633 0.808796
vt 0.266472 0.813004
vt 0.264414 0.811141
vt 0.317737 0.385602
vt 0.221863 0.886535
vt 0.221084 0.884284
vt 0.800061 0.633454
vt 0.805055 0.626682
vt 0.803426 0.633906
vt 0.380529 0.867110
vt 0.384381 0.862037
vt 0.384682 0.874577
vt 0.587093 0.661367
vt 0.668668 0.651085
vt 0.689742 0.628356
vt 0.288984 0.131496
vt 0.345448 0.863790
vt 0.351290 0.873077
vt 0.172813 0.214547
vt 0.171126 0.217121
vt 0.171126 0.206404
vt 0.918940 0.549577
vt 0.038643 0.169737
vt 0.037423 0.160414
vt 0.043867 0.172102
vt 0.345513 0.886736
vt 0.058614 0.875837
vt 0.061630 0.877046
vt 0.052821 0.878287
vt 0.139295 0.154427
vt 0.140246 0.156024
vt 0.067277 0.001274
vt 0.066406 0.003890
vt 0.065706 0.002526
vt 0.139707 0.158452
vt 0.140670 0.157281
vt 0.067277 0.850560
vt 0.066852 0.004728
vt 0.013556 0.219407
vt 0.016711 0.224770
vt 0.014383 0.224467
vt 0.346933 0.894634
vt 0.692589 0.625368
vt 0.796618 0.975525
vt 0.792559 0.971586
vt 0.431546 0.078705
vt 0.431270 0.082388
vt 0.351742 0.917411
vt 0.569826 0.907873
vt 0.425012 0.079954
vt 0.187990 0.401317
vt 0.599571 0.485624
vt 0.558863 0.890495
vt 0.544034 0.892947
vt 0.870771 0.766679
vt 0.568955 0.914766
vt 0.902775 0.819554
vt 0.573807 0.701528
vt 0.558547 0.920637
vt 0.587938 0.454268
vt 0.583712 0.437537
vt 0.700974 0.040714
vt 0.631360 0.951264
vt 0.932808 0.089261
vt 0.941875 0.085557
vt 0.941875 0.133025
vt 0.087838 0.923247
vt 0.085122 0.900792
vt 0.857779 0.475444
vt 0.804254 0.315356
vt 0.818992 0.465126
vt 0.786019 0.323109
vt 0.557247 0.806461
vt 0.812444 0.465349
vt 0.777254 0.327160
vt 0.905179 0.960583
vt 0.323490 0.547376
vt 0.303514 0.556441
vt 0.758293 0.334862
vt 0.591198 0.000421
vt 0.385313 0.159003
vt 0.383979 0.160547
vt 0.374128 0.154062
vt 0.377086 0.152698
vt 0.375417 0.150371
vt 0.149809 0.270946
vt 0.149348 0.269785
vt 0.377322 0.149166
vt 0.387109 0.225088
vt 0.964308 0.958402
vt 0.591452 0.099653
vt 0.893858 0.248549
vt 0.890758 0.235384
vt 0.589689 0.788019
vt 0.743493 0.331541
vt 0.783394 0.905326
vt 0.898055 0.921290
vt 0.891309 0.267497
vt 0.952072 0.697973
vt 0.941409 0.699135
vt 0.927027 0.484699
vt 0.365057 0.215382
vt 0.931172 0.839431
vt 0.018625 0.943546
vt 0.020134 0.949496
vt 0.018210 0.951156
vt 0.100922 0.310225
vt 0.021215 0.943442
vt 0.409492 0.540517
vt 0.388039 0.527737
vt 0.401350 0.533311
vt 0.966286 0.315973
vt 0.977043 0.314089
vt 0.968798 0.329552
vt 0.057229 0.048418
vt 0.065748 0.048418
vt 0.065346 0.065748
vt 0.617723 0.545506
vt 0.280220 0.216386
vt 0.019665 0.928117
vt 0.054501 0.023205
vt 0.056889 0.021605
vt 0.057796 0.023791
vt 0.482628 0.904801
vt 0.954339 0.080186
vt 0.955880 0.081333
vt 0.961752 0.080484
vt 0.953163 0.078467
vt 0.377465 0.525141
vt 0.929521 0.935129
vt 0.917928 0.937122
vt 0.019675 0.631291
vt 0.371431 0.665913
vt 0.383784 0.641798
vt 0.383784 0.677355
vt 0.957165 0.942790
vt 0.944269 0.933921
vt 0.945123 0.929101
vt 0.942378 0.934791
vt 0.671543 0.725389
vt 0.173788 0.230209
vt 0.175091 0.232565
vt 0.172035 0.231148
vt 0.178416 0.232835
vt 0.739218 0.476850
vt 0.738065 0.482490
vt 0.746295 0.465852
vt 0.747154 0.462010
vt 0.569833 0.055318
vt 0.562451 0.047623
vt 0.256332 0.895507
vt 0.264318 0.898138
vt 0.260221 0.919498
vt 0.961752 0.272213
vt 0.629354 0.594025
vt 0.632354 0.592161
vt 0.077980 0.243365
vt 0.603748 0.645598
vt 0.399564 0.853243
vt 0.408981 0.860276
vt 0.416477 0.868533
vt 0.801359 0.290680
vt 0.785915 0.728430
vt 0.783644 0.728492
vt 0.777862 0.726528
vt 0.857034 0.310636
vt 0.859231 0.313057
vt 0.861066 0.305580
vt 0.857638 0.305859
vt 0.044576 0.881103
vt 0.047340 0.872251
vt 0.040390 0.885071
vt 0.617352 0.142524
vt 0.850134 0.793003
vt 0.139532 0.742573
vt 0.451905 0.230044
vt 0.011599 0.871155
vt 0.020384 0.863898
vt 0.447447 0.230842
vt 0.870617 0.255190
vt 0.334166 0.353851
vt 0.971716 0.402543
vt 0.821083 0.605358
vt 0.104500 0.745676
vt 0.975299 0.402851
vt 0.102634 0.746110
vt 0.117601 0.174308
vt 0.800350 0.641469
vt 0.378529 0.857010
vt 0.383513 0.850486
vt 0.383907 0.859198
vt 0.389900 0.851915
vt 0.937499 0.857141
vt 0.126908 0.172624
vt 0.992183 0.745650
vt 0.255239 0.889889
vt 0.218369 0.886160
vt 0.094349 0.743029
vt 0.377847 0.858793
vt 0.589272 0.642259
vt 0.589966 0.645024
vt 0.319227 0.398639
vt 0.586797 0.652817
vt 0.948956 0.880714
vt 0.968853 0.588219
vt 0.894487 0.397913
vt 0.888834 0.399553
vt 0.889442 0.398063
vt 0.378729 0.874598
vt 0.174308 0.210809
vt 0.317315 0.383152
vt 0.349214 0.873413
vt 0.035312 0.998449
vt 0.018381 0.227854
vt 0.021489 0.222075
vt 0.022935 0.231399
vt 0.583824 0.670157
vt 0.058805 0.878673
vt 0.063628 0.010703
vt 0.063263 0.001276
vt 0.065656 0.005988
vt 0.983219 0.525062
vt 0.988842 0.518643
vt 0.992333 0.518215
vt 0.986245 0.526379
vt 0.983908 0.704390
vt 0.346940 0.891497
vt 0.986977 0.519252
vt 0.984032 0.520961
vt 0.981715 0.490451
vt 0.042309 0.989078
vt 0.986028 0.516653
vt 0.981279 0.521786
vt 0.985499 0.512847
vt 0.975934 0.110079
vt 0.978572 0.106752
vt 0.348562 0.896615
vt 0.048232 0.981904
vt 0.423156 0.076421
vt 0.428333 0.075466
vt 0.566628 0.900421
vt 0.345448 0.903741
vt 0.350548 0.910771
vt 0.959823 0.871569
vt 0.959758 0.876099
vt 0.955108 0.876127
vt 0.057618 0.062148
vt 0.062690 0.063867
vt 0.057618 0.068806
vt 0.570786 0.911805
vt 0.969035 0.872750
vt 0.990857 0.079690
vt 0.993698 0.080298
vt 0.995391 0.076093
vt 0.906456 0.804819
vt 0.569134 0.912831
vt 0.583769 0.707088
vt 0.403818 0.017749
vt 0.588124 0.444143
vt 0.756830 0.889395
vt 0.746964 0.903096
vt 0.756864 0.856671
vt 0.629752 0.950788
vt 0.629066 0.952348
vt 0.973808 0.047662
vt 0.627596 0.948919
vt 0.984688 0.022676
vt 0.793189 0.334246
vt 0.786426 0.338966
vt 0.567347 0.805913
vt 0.777273 0.340947
vt 0.577956 0.804455
vt 0.766742 0.344378
vt 0.373376 0.147369
vt 0.592156 0.103012
vt 0.971205 0.958191
vt 0.328226 0.648372
vt 0.327120 0.650774
vt 0.588443 0.099910
vt 0.888503 0.237033
vt 0.886808 0.227962
vt 0.886069 0.224175
vt 0.325596 0.655450
vt 0.572585 0.541803
vt 0.951384 0.701040
vt 0.591672 0.283712
vt 0.371653 0.211052
vt 0.962921 0.226593
vt 0.958415 0.230641
vt 0.029897 0.961752
vt 0.015799 0.960656
vt 0.751137 0.174678
vt 0.940346 0.837793
vt 0.114127 0.793576
vt 0.966988 0.223044
vt 0.517324 0.898703
vt 0.524438 0.904522
vt 0.807919 0.943788
vt 0.034923 0.938229
vt 0.357756 0.542801
vt 0.110409 0.793148
vt 0.807427 0.952058
vt 0.801531 0.958899
vt 0.944844 0.065025
vt 0.953553 0.076565
vt 0.113696 0.829125
vt 0.113884 0.796095
vt 0.111785 0.795267
vt 0.061975 0.022956
vt 0.958403 0.077731
vt 0.386243 0.525631
vt 0.193227 0.427420
vt 0.195632 0.402601
vt 0.216500 0.430218
vt 0.269549 0.184937
vt 0.289399 0.174135
vt 0.181944 0.172010
vt 0.167737 0.177964
vt 0.941959 0.930677
vt 0.655813 0.369400
vt 0.656902 0.371373
vt 0.655047 0.371615
vt 0.895689 0.088581
vt 0.897473 0.088438
vt 0.896253 0.091065
vt 0.895650 0.086320
vt 0.329758 0.827269
vt 0.329356 0.823351
vt 0.331332 0.825046
vt 0.656134 0.373399
vt 0.171812 0.228567
vt 0.176689 0.230552
vt 0.749874 0.468939
vt 0.565058 0.045284
vt 0.750860 0.464965
vt 0.278281 0.884813
vt 0.536134 0.046466
vt 0.259147 0.708056
vt 0.275282 0.698504
vt 0.259979 0.713956
vt 0.077980 0.264520
vt 0.513216 0.055538
vt 0.635065 0.599447
vt 0.071864 0.114676
vt 0.067877 0.108721
vt 0.071864 0.099716
vt 0.282389 0.866597
vt 0.755578 0.809310
vt 0.855762 0.303362
vt 0.722096 0.971956
vt 0.283055 0.841936
vt 0.039209 0.888363
vt 0.777678 0.786910
vt 0.703852 0.884283
vt 0.708889 0.017737
vt 0.715897 0.019508
vt 0.710535 0.018632
vt 0.803549 0.089215
vt 0.805793 0.085463
vt 0.805138 0.088381
vt 0.116143 0.751078
vt 0.709022 0.014074
vt 0.706281 0.015074
vt 0.905178 0.738456
vt 0.010415 0.880755
vt 0.876777 0.258179
vt 0.885301 0.255993
vt 0.000901 0.140977
vt 0.001529 0.143647
vt 0.000901 0.157489
vt 0.516905 0.194320
vt 0.936031 0.853765
vt 0.935820 0.855862
vt 0.875610 0.236739
vt 0.978765 0.749540
vt 0.133347 0.178781
vt 0.822960 0.784993
vt 0.799219 0.643660
vt 0.892623 0.853442
vt 0.901443 0.860293
vt 0.895631 0.862715
vt 0.290893 0.816716
vt 0.095766 0.745369
vt 0.943296 0.867027
vt 0.967393 0.532514
vt 0.978572 0.554092
vt 0.967393 0.567266
vt 0.273407 0.818473
vt 0.277020 0.817828
vt 0.951043 0.875831
vt 0.267720 0.817264
vt 0.809782 0.629878
vt 0.374848 0.864861
vt 0.891569 0.843566
vt 0.888357 0.847958
vt 0.883890 0.844406
vt 0.894063 0.401439
vt 0.890198 0.402313
vt 0.348162 0.872138
vt 0.969142 0.490378
vt 0.973516 0.489585
vt 0.173435 0.205888
vt 0.439408 0.296772
vt 0.442112 0.297830
vt 0.441576 0.300200
vt 0.017917 0.998449
vt 0.963134 0.929643
vt 0.977769 0.919958
vt 0.977717 0.926790
vt 0.992333 0.532051
vt 0.986624 0.529835
vt 0.907981 0.548101
vt 0.910197 0.547659
vt 0.037477 0.174478
vt 0.040602 0.171458
vt 0.040114 0.175219
vt 0.347138 0.872939
vt 0.038196 0.171246
vt 0.573797 0.663982
vt 0.979902 0.492270
vt 0.794459 0.964624
vt 0.794129 0.965489
vt 0.965920 0.911266
vt 0.969754 0.912735
vt 0.970626 0.915202
vt 0.912824 0.781709
vt 0.963134 0.905286
vt 0.166405 0.397820
vt 0.970062 0.905066
vt 0.979410 0.516675
vt 0.259894 0.312432
vt 0.256141 0.312351
vt 0.257669 0.306562
vt 0.255680 0.309766
vt 0.248146 0.317680
vt 0.245308 0.311376
vt 0.248542 0.311195
vt 0.961004 0.198123
vt 0.964778 0.203326
vt 0.962202 0.203359
vt 0.157489 0.101706
vt 0.155943 0.100373
vt 0.968124 0.199577
vt 0.972990 0.195615
vt 0.968147 0.191104
vt 0.972072 0.189671
vt 0.551488 0.903804
vt 0.559430 0.912039
vt 0.896200 0.437557
vt 0.894301 0.444944
vt 0.892642 0.441711
vt 0.968168 0.196440
vt 0.545100 0.918245
vt 0.904932 0.817965
vt 0.613078 0.472458
vt 0.692163 0.058103
vt 0.062054 0.915739
vt 0.073393 0.918282
vt 0.062938 0.943404
vt 0.193005 0.066180
vt 0.756864 0.908237
vt 0.834650 0.454962
vt 0.827781 0.460188
vt 0.625082 0.951301
vt 0.969726 0.026562
vt 0.297288 0.504938
vt 0.148044 0.275010
vt 0.144724 0.272941
vt 0.372325 0.151215
vt 0.683050 0.394487
vt 0.148445 0.277838
vt 0.156633 0.276852
vt 0.323847 0.651721
vt 0.324072 0.647960
vt 0.332653 0.639582
vt 0.589406 0.101945
vt 0.882256 0.230886
vt 0.884994 0.226718
vt 0.325636 0.653554
vt 0.587248 0.102118
vt 0.756776 0.177054
vt 0.590201 0.796129
vt 0.874294 0.221181
vt 0.947397 0.705840
vt 0.936271 0.704780
vt 0.131167 0.558092
vt 0.134613 0.551514
vt 0.580199 0.103980
vt 0.580843 0.299688
vt 0.048804 0.351346
vt 0.057804 0.354564
vt 0.053574 0.358324
vt 0.059328 0.354675
vt 0.058660 0.360898
vt 0.060497 0.043124
vt 0.177546 0.820855
vt 0.611114 0.526569
vt 0.805259 0.962368
vt 0.847261 0.084264
vt 0.862132 0.084392
vt 0.858958 0.090645
vt 0.389133 0.522703
vt 0.470182 0.899891
vt 0.032996 0.924634
vt 0.022069 0.920201
vt 0.060511 0.020932
vt 0.858353 0.097036
vt 0.861528 0.094817
vt 0.861131 0.100258
vt 0.379813 0.522786
vt 0.878555 0.571897
vt 0.848321 0.576440
vt 0.850863 0.552376
vt 0.513096 0.158215
vt 0.495258 0.159838
vt 0.159660 0.530246
vt 0.921640 0.922492
vt 0.661061 0.746320
vt 0.667263 0.750494
vt 0.235102 0.168410
vt 0.953886 0.919720
vt 0.952711 0.918540
vt 0.953636 0.912780
vt 0.942391 0.926108
vt 0.941998 0.928026
vt 0.652733 0.369629
vt 0.655092 0.366284
vt 0.658475 0.365979
vt 0.659512 0.368936
vt 0.333211 0.827839
vt 0.329265 0.830298
vt 0.321822 0.829070
vt 0.652639 0.373016
vt 0.659485 0.370697
vt 0.656892 0.373959
vt 0.893598 0.089876
vt 0.892454 0.092084
vt 0.175585 0.228097
vt 0.892433 0.086522
vt 0.333380 0.825586
vt 0.738374 0.484304
vt 0.742107 0.487152
vt 0.189598 0.228097
vt 0.693482 0.728215
vt 0.330450 0.811681
vt 0.333139 0.815995
vt 0.330196 0.810369
vt 0.347087 0.014409
vt 0.347087 0.035167
vt 0.338546 0.025790
vt 0.755419 0.456254
vt 0.751504 0.461374
vt 0.942987 0.294436
vt 0.940695 0.281901
vt 0.664251 0.594389
vt 0.648227 0.585691
vt 0.655812 0.577056
vt 0.162426 0.829346
vt 0.633459 0.596088
vt 0.607103 0.649422
vt 0.498332 0.058115
vt 0.775473 0.732811
vt 0.772829 0.731769
vt 0.771480 0.731100
vt 0.720889 0.975857
vt 0.041816 0.888775
vt 0.862722 0.318776
vt 0.724748 0.970920
vt 0.445926 0.918126
vt 0.431092 0.938817
vt 0.437787 0.912139
vt 0.903535 0.759000
vt 0.711550 0.019895
vt 0.801670 0.088698
vt 0.907679 0.743451
vt 0.265549 0.823024
vt 0.448313 0.242882
vt 0.430372 0.253611
vt 0.995391 0.751214
vt 0.897231 0.863865
vt 0.981630 0.402463
vt 0.945313 0.863382
vt 0.891189 0.851596
vt 0.896093 0.845275
vt 0.805986 0.645138
vt 0.315092 0.399074
vt 0.586609 0.635986
vt 0.571260 0.630404
vt 0.899341 0.402658
vt 0.809814 0.634253
vt 0.893875 0.403485
vt 0.037423 0.183482
vt 0.043541 0.176583
vt 0.444883 0.304328
vt 0.445379 0.302463
vt 0.916652 0.545190
vt 0.042158 0.173755
vt 0.977843 0.177510
vt 0.979609 0.181479
vt 0.974818 0.180838
vt 0.978725 0.184331
vt 0.982279 0.524008
vt 0.888492 0.427091
vt 0.886057 0.429971
vt 0.973762 0.910142
vt 0.979330 0.186378
vt 0.972860 0.185385
vt 0.542303 0.903262
vt 0.249937 0.312041
vt 0.252471 0.311816
vt 0.249457 0.313157
vt 0.977047 0.902602
vt 0.972314 0.898842
vt 0.786036 0.972671
vt 0.248750 0.314984
vt 0.331290 0.873376
vt 0.341668 0.856080
vt 0.344779 0.872314
vt 0.975796 0.895220
vt 0.981478 0.091086
vt 0.984532 0.079065
vt 0.951580 0.869862
vt 0.551989 0.925090
vt 0.576829 0.726497
vt 0.561624 0.715902
vt 0.546738 0.938000
vt 0.527030 0.938817
vt 0.418221 0.017925
vt 0.073393 0.895906
vt 0.549065 0.121302
vt 0.562403 0.117578
vt 0.562679 0.126329
vt 0.088570 0.902732
vt 0.621937 0.948341
vt 0.827615 0.457003
vt 0.457414 0.654713
vt 0.449443 0.659840
vt 0.464822 0.645020
vt 0.563916 0.811970
vt 0.570565 0.809797
vt 0.600189 0.944985
vt 0.901441 0.978930
vt 0.142271 0.269335
vt 0.145076 0.263166
vt 0.365615 0.160547
vt 0.369788 0.152207
vt 0.368955 0.147642
vt 0.371446 0.147595
vt 0.308982 0.564208
vt 0.145904 0.274943
vt 0.976846 0.126752
vt 0.973051 0.128672
vt 0.973891 0.125144
vt 0.327996 0.638176
vt 0.594262 0.106605
vt 0.591180 0.105971
vt 0.798279 0.883295
vt 0.879540 0.226693
vt 0.322813 0.653705
vt 0.590260 0.105968
vt 0.958215 0.703232
vt 0.955446 0.703215
vt 0.773873 0.908237
vt 0.975158 0.802735
vt 0.977450 0.794260
vt 0.981187 0.802377
vt 0.339642 0.542743
vt 0.958834 0.224342
vt 0.755954 0.174649
vt 0.055765 0.359020
vt 0.510179 0.903168
vt 0.175750 0.811921
vt 0.061354 0.362552
vt 0.811258 0.948664
vt 0.339291 0.538423
vt 0.377025 0.520657
vt 0.520835 0.142947
vt 0.855990 0.102226
vt 0.864375 0.100756
vt 0.034308 0.930551
vt 0.477890 0.893384
vt 0.805289 0.964807
vt 0.802783 0.963148
vt 0.063474 0.020608
vt 0.484719 0.897166
vt 0.482980 0.899452
vt 0.386703 0.522653
vt 0.381537 0.520384
vt 0.217543 0.397320
vt 0.215570 0.172046
vt 0.651962 0.364871
vt 0.652829 0.367126
vt 0.562400 0.355251
vt 0.649804 0.368591
vt 0.664036 0.369935
vt 0.945211 0.923979
vt 0.889741 0.089389
vt 0.333498 0.829295
vt 0.336891 0.828198
vt 0.948466 0.924234
vt 0.886426 0.084855
vt 0.897534 0.084264
vt 0.649798 0.377006
vt 0.653468 0.375379
vt 0.655536 0.375688
vt 0.654951 0.377667
vt 0.225387 0.561244
vt 0.230516 0.560179
vt 0.230930 0.565890
vt 0.229959 0.557964
vt 0.320978 0.806905
vt 0.519433 0.657250
vt 0.521569 0.662394
vt 0.513035 0.664801
vt 0.233940 0.557797
vt 0.518260 0.664743
vt 0.331241 0.809331
vt 0.335654 0.806991
vt 0.333255 0.806206
vt 0.330387 0.807590
vt 0.752419 0.467232
vt 0.083403 0.455856
vt 0.077029 0.444888
vt 0.020629 0.506467
vt 0.538346 0.043564
vt 0.246271 0.931979
vt 0.238250 0.904324
vt 0.730478 0.632231
vt 0.653362 0.149031
vt 0.403836 0.847335
vt 0.797966 0.291192
vt 0.854927 0.315379
vt 0.849671 0.302827
vt 0.451803 0.247907
vt 0.797566 0.089298
vt 0.800466 0.090795
vt 0.713917 0.019996
vt 0.805793 0.069868
vt 0.909422 0.743787
vt 0.728220 0.943185
vt 0.812302 0.777684
vt 0.674772 0.882206
vt 0.280350 0.828359
vt 0.790348 0.064172
vt 0.794395 0.068793
vt 0.813099 0.779301
vt 0.102479 0.749711
vt 0.828728 0.780287
vt 0.093567 0.746371
vt 0.092070 0.745318
vt 0.896336 0.847511
vt 0.902925 0.842381
vt 0.894915 0.391097
vt 0.444983 0.328148
vt 0.438129 0.331797
vt 0.443891 0.321900
vt 0.372540 0.874395
vt 0.895019 0.405157
vt 0.897654 0.405767
vt 0.816611 0.632859
vt 0.446555 0.307100
vt 0.908981 0.542949
vt 0.911250 0.543704
vt 0.889503 0.410421
vt 0.883760 0.398030
vt 0.810506 0.627714
vt 0.449042 0.324673
vt 0.445879 0.329778
vt 0.527030 0.887230
vt 0.991362 0.538753
vt 0.446272 0.330434
vt 0.912171 0.543982
vt 0.043906 0.175400
vt 0.980101 0.175661
vt 0.971534 0.174750
vt 0.978167 0.487933
vt 0.788174 0.963207
vt 0.788152 0.964335
vt 0.787888 0.965595
vt 0.972069 0.522314
vt 0.252709 0.314094
vt 0.968362 0.113462
vt 0.257057 0.316154
vt 0.152826 0.107031
vt 0.960168 0.193829
vt 0.964377 0.866784
vt 0.987161 0.076872
vt 0.992739 0.072020
vt 0.600697 0.436507
vt 0.546350 0.181953
vt 0.190772 0.045593
vt 0.227824 0.924447
vt 0.227824 0.957165
vt 0.226815 0.936601
vt 0.801486 0.329353
vt 0.463804 0.650574
vt 0.808160 0.459563
vt 0.145594 0.276837
vt 0.370503 0.145314
vt 0.145904 0.278241
vt 0.371499 0.143534
vt 0.979786 0.128285
vt 0.978571 0.125906
vt 0.317971 0.648210
vt 0.597846 0.106057
vt 0.330619 0.634629
vt 0.968326 0.963536
vt 0.372371 0.140308
vt 0.984433 0.123265
vt 0.974889 0.122045
vt 0.512261 0.933091
vt 0.509975 0.933893
vt 0.512097 0.931205
vt 0.513968 0.931960
vt 0.778628 0.900016
vt 0.780612 0.887327
vt 0.878066 0.232275
vt 0.888347 0.250759
vt 0.880251 0.230356
vt 0.965293 0.965286
vt 0.511954 0.936071
vt 0.513980 0.936029
vt 0.957677 0.705373
vt 0.959304 0.705009
vt 0.960376 0.706894
vt 0.516009 0.935454
vt 0.971269 0.121234
vt 0.969290 0.120156
vt 0.982694 0.114430
vt 0.514742 0.938304
vt 0.959816 0.703233
vt 0.961752 0.703029
vt 0.702480 0.394487
vt 0.749611 0.347383
vt 0.961310 0.696049
vt 0.525952 0.917016
vt 0.802328 0.379196
vt 0.793409 0.370796
vt 0.796436 0.367373
vt 0.860430 0.203632
vt 0.054324 0.362535
vt 0.729677 0.159649
vt 0.063409 0.368828
vt 0.816088 0.950394
vt 0.891418 0.559940
vt 0.746646 0.975183
vt 0.748166 0.976581
vt 0.745115 0.977043
vt 0.471905 0.896583
vt 0.122321 0.805008
vt 0.865283 0.096805
vt 0.867017 0.099519
vt 0.867294 0.090526
vt 0.385893 0.518941
vt 0.378780 0.519102
vt 0.380759 0.512908
vt 0.552274 0.333211
vt 0.295128 0.140581
vt 0.658437 0.362932
vt 0.661277 0.366310
vt 0.329877 0.832697
vt 0.324630 0.831435
vt 0.945403 0.921748
vt 0.222455 0.579860
vt 0.218515 0.560255
vt 0.220893 0.570804
vt 0.221456 0.560457
vt 0.754159 0.713911
vt 0.754912 0.711364
vt 0.755997 0.712437
vt 0.890220 0.091787
vt 0.889178 0.087065
vt 0.320329 0.138378
vt 0.950412 0.842489
vt 0.946207 0.807182
vt 0.957165 0.820538
vt 0.950987 0.930262
vt 0.948061 0.921656
vt 0.945875 0.049849
vt 0.942709 0.047887
vt 0.944881 0.045145
vt 0.223117 0.590201
vt 0.224634 0.586283
vt 0.224755 0.579613
vt 0.224417 0.571160
vt 0.225212 0.564495
vt 0.756248 0.710501
vt 0.223261 0.558597
vt 0.220961 0.558157
vt 0.228004 0.557570
vt 0.229819 0.576589
vt 0.341157 0.829656
vt 0.228817 0.567538
vt 0.738976 0.438200
vt 0.231644 0.556260
vt 0.227093 0.552604
vt 0.512168 0.641978
vt 0.520419 0.666348
vt 0.511701 0.667641
vt 0.512860 0.672363
vt 0.321686 0.803878
vt 0.510389 0.665307
vt 0.756342 0.460721
vt 0.646706 0.601380
vt 0.722659 0.727073
vt 0.426596 0.870011
vt 0.415667 0.841624
vt 0.764438 0.787378
vt 0.398225 0.846749
vt 0.796323 0.294529
vt 0.637997 0.167624
vt 0.850075 0.315406
vt 0.846775 0.299710
vt 0.055045 0.884110
vt 0.053158 0.910456
vt 0.906700 0.757482
vt 0.799684 0.092867
vt 0.718043 0.000379
vt 0.969999 0.767567
vt 0.995367 0.766696
vt 0.303652 0.821810
vt 0.302137 0.808796
vt 0.309929 0.810616
vt 0.283345 0.819479
vt 0.970615 0.405670
vt 0.054331 0.004336
vt 0.050370 0.002467
vt 0.051453 0.007108
vt 0.905826 0.859679
vt 0.802844 0.646442
vt 0.981601 0.413629
vt 0.366377 0.856821
vt 0.370396 0.848832
vt 0.903069 0.831315
vt 0.900296 0.832659
vt 0.900801 0.829311
vt 0.811927 0.646151
vt 0.892052 0.825921
vt 0.670044 0.625750
vt 0.337070 0.902121
vt 0.320176 0.900643
vt 0.314193 0.890342
vt 0.368727 0.871628
vt 0.043195 0.182796
vt 0.446964 0.303993
vt 0.443552 0.296492
vt 0.035167 0.006116
vt 0.029297 0.003700
vt 0.035167 0.000098
vt 0.994339 0.156575
vt 0.989659 0.153848
vt 0.991550 0.152191
vt 0.781428 0.959833
vt 0.914145 0.542218
vt 0.046288 0.175744
vt 0.048558 0.177252
vt 0.045952 0.173131
vt 0.047086 0.163663
vt 0.972363 0.176082
vt 0.067277 0.902121
vt 0.976030 0.916361
vt 0.981222 0.532767
vt 0.021667 0.232411
vt 0.973164 0.177581
vt 0.974151 0.913620
vt 0.013556 0.230518
vt 0.980798 0.526751
vt 0.976767 0.527241
vt 0.976435 0.114995
vt 0.777894 0.974854
vt 0.253853 0.318004
vt 0.967519 0.868215
vt 0.975659 0.867761
vt 0.261477 0.320187
vt 0.617723 0.497805
vt 0.598399 0.439351
vt 0.290753 0.115234
vt 0.292042 0.115346
vt 0.290749 0.137612
vt 0.189481 0.045690
vt 0.190365 0.068190
vt 0.105297 0.161008
vt 0.108381 0.145316
vt 0.109532 0.148228
vt 0.069629 0.883921
vt 0.460834 0.655814
vt 0.456893 0.657367
vt 0.464822 0.669710
vt 0.319342 0.545173
vt 0.328655 0.537696
vt 0.570746 0.814945
vt 0.245935 0.980805
vt 0.269107 0.999978
vt 0.244198 0.994994
vt 0.134374 0.280259
vt 0.138047 0.262717
vt 0.365934 0.146797
vt 0.366422 0.144579
vt 0.981969 0.127126
vt 0.984591 0.131767
vt 0.905179 0.989464
vt 0.143791 0.280389
vt 0.141781 0.278721
vt 0.326783 0.634672
vt 0.305005 0.499097
vt 0.148253 0.283446
vt 0.368597 0.141264
vt 0.482581 0.926624
vt 0.479099 0.929864
vt 0.477192 0.927447
vt 0.878044 0.229141
vt 0.875738 0.229280
vt 0.479318 0.932900
vt 0.484287 0.933757
vt 0.508171 0.930719
vt 0.516887 0.931377
vt 0.961752 0.710036
vt 0.950872 0.712763
vt 0.588627 0.804225
vt 0.884300 0.991836
vt 0.874081 0.226806
vt 0.479032 0.933930
vt 0.482261 0.936611
vt 0.474700 0.933545
vt 0.935851 0.711060
vt 0.973042 0.793605
vt 0.045275 0.358741
vt 0.968137 0.219119
vt 0.970936 0.222323
vt 0.815048 0.944464
vt 0.058225 0.363300
vt 0.070558 0.021987
vt 0.813277 0.963181
vt 0.402467 0.526510
vt 0.168192 0.532826
vt 0.162857 0.545233
vt 0.507219 0.874988
vt 0.752277 0.977043
vt 0.029076 0.914136
vt 0.726831 0.716721
vt 0.731573 0.717897
vt 0.726272 0.718678
vt 0.729834 0.715676
vt 0.066721 0.017940
vt 0.068335 0.020418
vt 0.867209 0.088578
vt 0.485797 0.892889
vt 0.869986 0.098445
vt 0.379180 0.511513
vt 0.506298 0.868825
vt 0.383389 0.512589
vt 0.915129 0.978572
vt 0.932701 0.942282
vt 0.932701 0.976338
vt 0.907674 0.964178
vt 0.928316 0.919325
vt 0.938738 0.918873
vt 0.649851 0.365818
vt 0.646953 0.364593
vt 0.649297 0.363770
vt 0.337129 0.830131
vt 0.664093 0.365672
vt 0.157645 0.638678
vt 0.163158 0.682429
vt 0.155811 0.661812
vt 0.749471 0.716932
vt 0.752057 0.712073
vt 0.886904 0.092202
vt 0.886631 0.094672
vt 0.216721 0.579419
vt 0.753116 0.709758
vt 0.941285 0.048662
vt 0.939954 0.052435
vt 0.932990 0.050269
vt 0.752818 0.919476
vt 0.748194 0.929036
vt 0.750302 0.920211
vt 0.758040 0.706455
vt 0.955559 0.810024
vt 0.957165 0.923951
vt 0.941150 0.045603
vt 0.946462 0.041926
vt 0.748552 0.937949
vt 0.756133 0.704444
vt 0.677739 0.744786
vt 0.945788 0.778401
vt 0.948595 0.780760
vt 0.947708 0.783676
vt 0.949177 0.777631
vt 0.949768 0.780800
vt 0.233940 0.583010
vt 0.757841 0.470526
vt 0.508064 0.650338
vt 0.334855 0.804286
vt 0.331443 0.803969
vt 0.507814 0.666412
vt 0.757528 0.467160
vt 0.731587 0.658570
vt 0.256448 0.698093
vt 0.520348 0.042890
vt 0.639847 0.599234
vt 0.626177 0.665123
vt 0.407023 0.836910
vt 0.360848 0.246771
vt 0.360848 0.264520
vt 0.349673 0.262546
vt 0.772244 0.740570
vt 0.767081 0.733398
vt 0.837969 0.815098
vt 0.140220 0.750907
vt 0.136878 0.008287
vt 0.635647 0.364900
vt 0.660749 0.398486
vt 0.625382 0.385511
vt 0.798506 0.091940
vt 0.796222 0.096903
vt 0.794515 0.092878
vt 0.795823 0.089701
vt 0.721925 0.021251
vt 0.716410 0.020860
vt 0.931172 0.743922
vt 0.922859 0.762636
vt 0.787804 0.082880
vt 0.290923 0.844808
vt 0.920075 0.769197
vt 0.931172 0.785915
vt 0.900257 0.879185
vt 0.584512 0.621197
vt 0.817222 0.774026
vt 0.975571 0.410650
vt 0.939930 0.853205
vt 0.805466 0.045354
vt 0.824126 0.774677
vt 0.812181 0.649733
vt 0.809844 0.650353
vt 0.798150 0.654031
vt 0.157266 0.306365
vt 0.170245 0.312530
vt 0.159660 0.308219
vt 0.099523 0.754183
vt 0.088878 0.755898
vt 0.366592 0.858298
vt 0.941409 0.854072
vt 0.902636 0.834708
vt 0.900222 0.835780
vt 0.897984 0.842172
vt 0.899817 0.842170
vt 0.198685 0.102444
vt 0.200997 0.089405
vt 0.206417 0.102444
vt 0.903395 0.393193
vt 0.903246 0.402798
vt 0.888875 0.829543
vt 0.888071 0.835518
vt 0.817926 0.637124
vt 0.995391 0.143896
vt 0.990739 0.146549
vt 0.992341 0.143992
vt 0.905159 0.404864
vt 0.896727 0.411776
vt 0.814780 0.622517
vt 0.447380 0.316201
vt 0.449853 0.318786
vt 0.449947 0.309995
vt 0.970001 0.485392
vt 0.892415 0.415175
vt 0.989499 0.144941
vt 0.991660 0.143369
vt 0.991260 0.156433
vt 0.989064 0.155539
vt 0.986679 0.156335
vt 0.050458 0.174756
vt 0.971941 0.482569
vt 0.980126 0.531487
vt 0.596412 0.184626
vt 0.599500 0.188635
vt 0.593957 0.188978
vt 0.978677 0.911851
vt 0.783072 0.965472
vt 0.589487 0.185599
vt 0.592913 0.192316
vt 0.549761 0.728299
vt 0.575528 0.732572
vt 0.966536 0.186276
vt 0.321674 0.859025
vt 0.345558 0.849898
vt 0.342027 0.842969
vt 0.982153 0.897876
vt 0.981302 0.903523
vt 0.772563 0.979654
vt 0.984579 0.074191
vt 0.239622 0.011180
vt 0.258404 0.009610
vt 0.236687 0.012330
vt 0.110547 0.160738
vt 0.109565 0.133969
vt 0.549880 0.111395
vt 0.092733 0.904487
vt 0.096761 0.903926
vt 0.337913 0.523328
vt 0.329115 0.529040
vt 0.329115 0.504708
vt 0.850140 0.435055
vt 0.816928 0.453599
vt 0.567513 0.819702
vt 0.240412 0.973434
vt 0.254897 0.970622
vt 0.256160 0.973593
vt 0.138101 0.279652
vt 0.141712 0.280690
vt 0.140141 0.280645
vt 0.134374 0.258408
vt 0.143967 0.282080
vt 0.721697 0.585245
vt 0.717803 0.585624
vt 0.718623 0.583721
vt 0.714288 0.580084
vt 0.986990 0.129541
vt 0.332739 0.629563
vt 0.719914 0.581839
vt 0.872837 0.233746
vt 0.873771 0.231608
vt 0.870682 0.231519
vt 0.985853 0.120090
vt 0.504054 0.934968
vt 0.966467 0.967305
vt 0.982859 0.115753
vt 0.484131 0.935501
vt 0.504352 0.937337
vt 0.157489 0.278400
vt 0.154362 0.288146
vt 0.154615 0.284011
vt 0.504646 0.939190
vt 0.976143 0.786200
vt 0.954998 0.220280
vt 0.964185 0.214523
vt 0.055591 0.363911
vt 0.033476 0.954845
vt 0.580843 0.275789
vt 0.876830 0.139103
vt 0.891023 0.125748
vt 0.888229 0.134984
vt 0.037821 0.943892
vt 0.876725 0.122606
vt 0.429654 0.542801
vt 0.751005 0.943576
vt 0.057583 0.367026
vt 0.594773 0.537324
vt 0.937007 0.975348
vt 0.076411 0.053516
vt 0.977043 0.348616
vt 0.438594 0.752277
vt 0.425214 0.738659
vt 0.451312 0.724025
vt 0.055664 0.896769
vt 0.059632 0.887951
vt 0.059632 0.934230
vt 0.509951 0.887573
vt 0.819438 0.960503
vt 0.517133 0.162193
vt 0.034262 0.922749
vt 0.056592 0.893978
vt 0.122078 0.829880
vt 0.732149 0.727991
vt 0.070399 0.019340
vt 0.873947 0.100045
vt 0.488505 0.885934
vt 0.272030 0.197561
vt 0.871767 0.097900
vt 0.389817 0.515326
vt 0.401692 0.520438
vt 0.387859 0.517311
vt 0.387914 0.512905
vt 0.383012 0.506504
vt 0.389764 0.507832
vt 0.339403 0.833660
vt 0.325694 0.837328
vt 0.646206 0.355920
vt 0.102444 0.967868
vt 0.072726 0.967383
vt 0.082190 0.928764
vt 0.878456 0.089869
vt 0.885496 0.088229
vt 0.664003 0.356906
vt 0.663526 0.362151
vt 0.761451 0.733264
vt 0.749752 0.710764
vt 0.884939 0.098385
vt 0.817103 0.896005
vt 0.826395 0.876111
vt 0.822418 0.887975
vt 0.745277 0.911980
vt 0.955414 0.769590
vt 0.953339 0.783682
vt 0.751706 0.941252
vt 0.946029 0.793238
vt 0.765369 0.920490
vt 0.524453 0.670344
vt 0.502389 0.634750
vt 0.505772 0.650964
vt 0.338905 0.803290
vt 0.487634 0.018149
vt 0.475125 0.034104
vt 0.471889 0.018149
vt 0.504816 0.657999
vt 0.509396 0.671434
vt 0.485841 0.331129
vt 0.479025 0.333326
vt 0.475809 0.330555
vt 0.062205 0.471557
vt 0.551744 0.038686
vt 0.708770 0.720337
vt 0.715518 0.716997
vt 0.778288 0.741849
vt 0.447776 0.910094
vt 0.294370 0.870418
vt 0.851268 0.317636
vt 0.845502 0.394169
vt 0.880714 0.390446
vt 0.879826 0.428542
vt 0.845952 0.303898
vt 0.723969 0.974736
vt 0.585861 0.611791
vt 0.577784 0.608873
vt 0.597846 0.602973
vt 0.703637 0.878445
vt 0.441364 0.250465
vt 0.729889 0.951169
vt 0.301093 0.823265
vt 0.106649 0.752681
vt 0.792967 0.039720
vt 0.403457 0.584291
vt 0.412341 0.621334
vt 0.386614 0.583569
vt 0.101261 0.753864
vt 0.379987 0.846017
vt 0.908637 0.856083
vt 0.820002 0.654386
vt 0.818584 0.651369
vt 0.820647 0.653721
vt 0.169400 0.313594
vt 0.818011 0.646382
vt 0.159299 0.311615
vt 0.903828 0.836864
vt 0.900137 0.838745
vt 0.827199 0.652728
vt 0.157266 0.324152
vt 0.549761 0.763315
vt 0.585305 0.760142
vt 0.569801 0.770989
vt 0.436575 0.317513
vt 0.447495 0.313442
vt 0.362879 0.864391
vt 0.887644 0.831012
vt 0.441953 0.311680
vt 0.446017 0.310176
vt 0.820720 0.639234
vt 0.906098 0.402716
vt 0.974403 0.836555
vt 0.971907 0.839091
vt 0.970916 0.835833
vt 0.977043 0.839506
vt 0.777337 0.957341
vt 0.780956 0.950975
vt 0.990204 0.147701
vt 0.983813 0.544330
vt 0.457613 0.320782
vt 0.452039 0.331797
vt 0.916601 0.539185
vt 0.988278 0.146908
vt 0.987699 0.152803
vt 0.978520 0.913191
vt 0.597436 0.191801
vt 0.527310 0.912066
vt 0.976568 0.481491
vt 0.568005 0.738810
vt 0.981331 0.486227
vt 0.965331 0.182689
vt 0.896913 0.425245
vt 0.973243 0.531648
vt 0.973378 0.088769
vt 0.324068 0.851762
vt 0.964283 0.188157
vt 0.959131 0.190115
vt 0.963639 0.859890
vt 0.973444 0.863490
vt 0.248796 0.321966
vt 0.985854 0.069548
vt 0.881395 0.492121
vt 0.881395 0.434522
vt 0.883772 0.449172
vt 0.231760 0.000088
vt 0.020569 0.666652
vt 0.020569 0.642378
vt 0.029051 0.650118
vt 0.116205 0.147528
vt 0.116205 0.180424
vt 0.117342 0.990519
vt 0.100770 0.999285
vt 0.120793 0.977617
vt 0.316507 0.136083
vt 0.307295 0.129227
vt 0.316507 0.093056
vt 0.846792 0.428838
vt 0.822131 0.450029
vt 0.322227 0.096885
vt 0.324459 0.098453
vt 0.322227 0.129967
vt 0.328739 0.104963
vt 0.714908 0.591824
vt 0.711889 0.589975
vt 0.716784 0.589868
vt 0.318455 0.944933
vt 0.318714 0.935242
vt 0.320030 0.934227
vt 0.098060 0.973572
vt 0.094362 0.983353
vt 0.093241 0.972887
vt 0.139675 0.285086
vt 0.141303 0.283778
vt 0.704484 0.595570
vt 0.695002 0.599375
vt 0.702770 0.593945
vt 0.992333 0.140670
vt 0.317971 0.632334
vt 0.263278 0.991034
vt 0.322948 0.622234
vt 0.127657 0.566095
vt 0.133025 0.580504
vt 0.124632 0.574493
vt 0.504837 0.928284
vt 0.505352 0.926188
vt 0.773698 0.872718
vt 0.778620 0.868582
vt 0.161688 0.036696
vt 0.170229 0.026181
vt 0.171250 0.030998
vt 0.706185 0.581286
vt 0.691825 0.592220
vt 0.698208 0.584962
vt 0.953339 0.718639
vt 0.770721 0.897008
vt 0.203307 0.002784
vt 0.202445 0.000143
vt 0.204729 0.001193
vt 0.987272 0.122190
vt 0.490048 0.927843
vt 0.489302 0.934951
vt 0.772012 0.902195
vt 0.149624 0.288281
vt 0.073393 0.084661
vt 0.066322 0.085884
vt 0.070711 0.082273
vt 0.710740 0.577816
vt 0.486070 0.937722
vt 0.502183 0.938391
vt 0.872648 0.222828
vt 0.575394 0.111618
vt 0.480170 0.942093
vt 0.505885 0.943039
vt 0.513649 0.942113
vt 0.506507 0.945554
vt 0.269107 0.975478
vt 0.387720 0.217352
vt 0.972239 0.783792
vt 0.967578 0.801043
vt 0.506886 0.947655
vt 0.519866 0.947212
vt 0.968513 0.212236
vt 0.588365 0.535551
vt 0.972580 0.214261
vt 0.973818 0.209720
vt 0.978497 0.246813
vt 0.979516 0.245400
vt 0.981894 0.245607
vt 0.055461 0.366866
vt 0.980160 0.244330
vt 0.055031 0.368948
vt 0.056568 0.370084
vt 0.031889 0.224920
vt 0.041283 0.224362
vt 0.041283 0.270636
vt 0.821388 0.951341
vt 0.893194 0.113648
vt 0.731621 0.716370
vt 0.734862 0.713662
vt 0.074211 0.015010
vt 0.733433 0.716965
vt 0.870540 0.086101
vt 0.799917 0.971347
vt 0.810487 0.977816
vt 0.373834 0.510401
vt 0.071671 0.014059
vt 0.872607 0.088335
vt 0.874811 0.090632
vt 0.879081 0.098121
vt 0.877813 0.088156
vt 0.378801 0.508740
vt 0.396183 0.508922
vt 0.322828 0.839371
vt 0.003058 0.022805
vt 0.000197 0.025993
vt 0.000197 0.018159
vt 0.661816 0.350622
vt 0.882832 0.100295
vt 0.350545 0.834663
vt 0.947884 0.901963
vt 0.484575 0.159805
vt 0.666748 0.363362
vt 0.665832 0.358989
vt 0.823924 0.884532
vt 0.940877 0.913443
vt 0.942300 0.057289
vt 0.934911 0.060491
vt 0.914532 0.063786
vt 0.238382 0.168620
vt 0.244643 0.163394
vt 0.244643 0.185011
vt 0.671053 0.377667
vt 0.738065 0.430664
vt 0.965236 0.920469
vt 0.956249 0.903596
vt 0.751893 0.503047
vt 0.936839 0.776162
vt 0.166663 0.700723
vt 0.154947 0.686707
vt 0.745277 0.947338
vt 0.949830 0.785076
vt 0.951870 0.786533
vt 0.762541 0.940429
vt 0.697232 0.071990
vt 0.767821 0.932146
vt 0.687959 0.754554
vt 0.511402 0.674945
vt 0.766225 0.936306
vt 0.770625 0.932548
vt 0.500024 0.637122
vt 0.340595 0.803144
vt 0.336151 0.800568
vt 0.508407 0.674550
vt 0.488025 0.331615
vt 0.489527 0.326458
vt 0.467544 0.960308
vt 0.465303 0.958212
vt 0.468270 0.958963
vt 0.470972 0.965243
vt 0.704904 0.706182
vt 0.718422 0.717717
vt 0.736710 0.668238
vt 0.728823 0.746828
vt 0.502155 0.041706
vt 0.642388 0.627568
vt 0.767609 0.740596
vt 0.446151 0.897413
vt 0.433558 0.910460
vt 0.444075 0.891432
vt 0.844746 0.299794
vt 0.497213 0.016895
vt 0.504965 0.004773
vt 0.501011 0.015540
vt 0.508237 0.000447
vt 0.850554 0.326140
vt 0.037443 0.902370
vt 0.498187 0.017621
vt 0.516808 0.007067
vt 0.431092 0.891197
vt 0.037125 0.897824
vt 0.493337 0.023868
vt 0.491437 0.028604
vt 0.510603 0.023547
vt 0.504050 0.031878
vt 0.490484 0.032109
vt 0.306032 0.299701
vt 0.140022 0.753401
vt 0.794020 0.095591
vt 0.790111 0.092200
vt 0.786774 0.087789
vt 0.727855 0.974524
vt 0.623578 0.419721
vt 0.622763 0.390448
vt 0.635129 0.421299
vt 0.734047 0.950778
vt 0.311920 0.843579
vt 0.456158 0.251290
vt 0.427769 0.255715
vt 0.303287 0.336232
vt 0.682828 0.870481
vt 0.110771 0.753397
vt 0.784246 0.781471
vt 0.732628 0.945082
vt 0.970224 0.418951
vt 0.974387 0.411514
vt 0.050561 0.001114
vt 0.816086 0.653339
vt 0.815375 0.651397
vt 0.172278 0.313233
vt 0.174308 0.312636
vt 0.912833 0.835349
vt 0.364441 0.859361
vt 0.358650 0.871506
vt 0.911295 0.393709
vt 0.821940 0.645296
vt 0.911205 0.397769
vt 0.908570 0.402473
vt 0.908247 0.405707
vt 0.910565 0.402741
vt 0.589722 0.748196
vt 0.450869 0.313557
vt 0.902866 0.416798
vt 0.222811 0.300952
vt 0.233940 0.312180
vt 0.232109 0.313449
vt 0.226095 0.310066
vt 0.962906 0.174256
vt 0.897820 0.418501
vt 0.891955 0.419275
vt 0.985423 0.917443
vt 0.982931 0.915252
vt 0.782395 0.963459
vt 0.978440 0.532608
vt 0.597504 0.193898
vt 0.967360 0.176811
vt 0.965038 0.179192
vt 0.315158 0.880078
vt 0.390278 0.015588
vt 0.361678 0.025155
vt 0.892292 0.421082
vt 0.985223 0.908203
vt 0.953610 0.857948
vt 0.773091 0.974725
vt 0.959943 0.120328
vt 0.980976 0.074003
vt 0.265912 0.316671
vt 0.258275 0.324750
vt 0.264167 0.326244
vt 0.394958 0.003926
vt 0.427674 0.029045
vt 0.883367 0.493873
vt 0.546350 0.107078
vt 0.547283 0.119011
vt 0.098911 0.923345
vt 0.797877 0.334264
vt 0.100349 0.905721
vt 0.327210 0.930214
vt 0.322733 0.924320
vt 0.316242 0.897451
vt 0.824423 0.447044
vt 0.563257 0.820939
vt 0.773462 0.346237
vt 0.959751 0.515279
vt 0.969397 0.520567
vt 0.959751 0.555034
vt 0.716751 0.599367
vt 0.709134 0.592059
vt 0.109237 0.969078
vt 0.325015 0.543445
vt 0.966711 0.029955
vt 0.972456 0.062534
vt 0.966650 0.065748
vt 0.316242 0.931580
vt 0.211307 0.013761
vt 0.207778 0.011919
vt 0.210608 0.010137
vt 0.494836 0.923010
vt 0.498006 0.927024
vt 0.209282 0.008317
vt 0.494273 0.935264
vt 0.519866 0.918988
vt 0.169155 0.019773
vt 0.207964 0.006295
vt 0.205539 0.005682
vt 0.580516 0.815110
vt 0.948388 0.718355
vt 0.880121 0.142132
vt 0.903071 0.140467
vt 0.895594 0.146797
vt 0.695129 0.586037
vt 0.992193 0.119997
vt 0.066970 0.090212
vt 0.073188 0.090212
vt 0.491115 0.937844
vt 0.860430 0.226491
vt 0.198780 0.006937
vt 0.192990 0.005530
vt 0.488580 0.942976
vt 0.868574 0.222791
vt 0.577068 0.106936
vt 0.787840 0.373087
vt 0.960656 0.210083
vt 0.952736 0.248381
vt 0.958732 0.245750
vt 0.966339 0.279810
vt 0.035801 0.956319
vt 0.957077 0.768891
vt 0.970404 0.775543
vt 0.974507 0.264520
vt 0.898431 0.125236
vt 0.964818 0.208486
vt 0.973985 0.203917
vt 0.996920 0.246030
vt 0.981312 0.243850
vt 0.978080 0.234073
vt 0.370004 0.511515
vt 0.016819 0.167685
vt 0.016819 0.178895
vt 0.014166 0.176197
vt 0.978710 0.240085
vt 0.072139 0.375694
vt 0.509203 0.889432
vt 0.038852 0.935325
vt 0.974507 0.233397
vt 0.824729 0.952991
vt 0.829351 0.951149
vt 0.825398 0.955571
vt 0.335809 0.159456
vt 0.035693 0.928161
vt 0.734607 0.704785
vt 0.878511 0.085228
vt 0.920565 0.075273
vt 0.914834 0.072842
vt 0.925187 0.074086
vt 0.736704 0.742247
vt 0.737070 0.747690
vt 0.736346 0.716284
vt 0.797535 0.983159
vt 0.484619 0.878263
vt 0.757796 0.741697
vt 0.877790 0.102015
vt 0.073147 0.010090
vt 0.489286 0.880242
vt 0.658727 0.757179
vt 0.483812 0.873136
vt 0.744780 0.713746
vt 0.075531 0.006820
vt 0.075657 0.010158
vt 0.747360 0.709856
vt 0.312400 0.832360
vt 0.951021 0.056834
vt 0.954210 0.057833
vt 0.951772 0.058496
vt 0.954418 0.056689
vt 0.935308 0.068218
vt 0.050458 0.279939
vt 0.049491 0.282914
vt 0.040243 0.279277
vt 0.667199 0.358247
vt 0.279347 0.160817
vt 0.033967 0.288984
vt 0.496714 0.060699
vt 0.501518 0.033701
vt 0.957165 0.798070
vt 0.760449 0.956832
vt 0.763014 0.945174
vt 0.584085 0.030457
vt 0.567453 0.029317
vt 0.339469 0.800949
vt 0.049030 0.505944
vt 0.238181 0.885685
vt 0.521169 0.025728
vt 0.961752 0.318036
vt 0.947005 0.306852
vt 0.941725 0.296997
vt 0.697436 0.701118
vt 0.265021 0.679070
vt 0.642417 0.603539
vt 0.642512 0.611502
vt 0.397360 0.840032
vt 0.396044 0.843351
vt 0.396247 0.841427
vt 0.394355 0.841434
vt 0.378412 0.834781
vt 0.389101 0.837700
vt 0.384884 0.837781
vt 0.390537 0.839340
vt 0.454485 0.281985
vt 0.449966 0.287455
vt 0.431567 0.277053
vt 0.769483 0.746915
vt 0.378519 0.836596
vt 0.374347 0.835222
vt 0.448002 0.903405
vt 0.446801 0.908185
vt 0.850025 0.319885
vt 0.847898 0.319705
vt 0.505079 0.000275
vt 0.598954 0.167251
vt 0.765904 0.737677
vt 0.853218 0.433067
vt 0.861204 0.324957
vt 0.854775 0.328606
vt 0.486574 0.030674
vt 0.034221 0.896165
vt 0.403985 0.149252
vt 0.404291 0.145323
vt 0.407359 0.150444
vt 0.404257 0.152880
vt 0.406580 0.155693
vt 0.401803 0.142334
vt 0.401824 0.145932
vt 0.399516 0.135565
vt 0.452347 0.261661
vt 0.454439 0.268889
vt 0.646659 0.401817
vt 0.790713 0.095331
vt 0.723025 0.025343
vt 0.721383 0.022987
vt 0.394580 0.131249
vt 0.397122 0.132539
vt 0.574462 0.596048
vt 0.558512 0.612662
vt 0.727191 0.007850
vt 0.868482 0.343733
vt 0.309618 0.360081
vt 0.819753 0.767847
vt 0.098653 0.764329
vt 0.733974 0.945943
vt 0.098903 0.757756
vt 0.823876 0.656679
vt 0.814180 0.659430
vt 0.374670 0.846297
vt 0.944052 0.851716
vt 0.421137 0.598863
vt 0.363503 0.855578
vt 0.948377 0.852629
vt 0.913687 0.830466
vt 0.333272 0.000543
vt 0.906052 0.413004
vt 0.909052 0.409586
vt 0.956095 0.841891
vt 0.967984 0.836970
vt 0.454598 0.313085
vt 0.820315 0.623306
vt 0.455137 0.299041
vt 0.977680 0.146686
vt 0.986655 0.138886
vt 0.981518 0.168192
vt 0.228969 0.304273
vt 0.899027 0.421437
vt 0.984109 0.912496
vt 0.776727 0.962488
vt 0.600904 0.196397
vt 0.597647 0.200310
vt 0.774824 0.965093
vt 0.906206 0.429488
vt 0.970782 0.076802
vt 0.589487 0.199802
vt 0.958688 0.185965
vt 0.298854 0.980101
vt 0.298854 0.943532
vt 0.327210 0.977399
vt 0.980671 0.070286
vt 0.767284 0.978422
vt 0.888360 0.578583
vt 0.876041 0.577005
vt 0.885873 0.567444
vt 0.223742 0.004735
vt 0.879109 0.586729
vt 0.888166 0.623488
vt 0.229035 0.029816
vt 0.093241 0.999978
vt 0.119263 0.885175
vt 0.224812 0.027918
vt 0.104244 0.917912
vt 0.524453 0.960223
vt 0.521682 0.956560
vt 0.524453 0.920467
vt 0.217691 0.027738
vt 0.109669 0.917130
vt 0.116360 0.926536
vt 0.213912 0.018260
vt 0.812869 0.451081
vt 0.565970 0.822427
vt 0.213990 0.005283
vt 0.213713 0.026693
vt 0.124632 0.590201
vt 0.130889 0.588855
vt 0.203588 0.018795
vt 0.206186 0.026441
vt 0.509269 0.918902
vt 0.952338 0.032351
vt 0.947594 0.017383
vt 0.952578 0.020598
vt 0.161688 0.019494
vt 0.144236 0.288507
vt 0.701160 0.583230
vt 0.359319 0.564208
vt 0.323237 0.499513
vt 0.199884 0.014188
vt 0.145750 0.288819
vt 0.701393 0.579422
vt 0.696051 0.582422
vt 0.690059 0.592677
vt 0.701783 0.573813
vt 0.708442 0.570163
vt 0.992333 0.108988
vt 0.980324 0.780250
vt 0.941570 0.216995
vt 0.948706 0.207758
vt 0.893095 0.992333
vt 0.903448 0.148748
vt 0.898252 0.132935
vt 0.333514 0.532056
vt 0.968376 0.973909
vt 0.053181 0.371544
vt 0.358643 0.809093
vt 0.349679 0.810823
vt 0.352660 0.805647
vt 0.834844 0.952530
vt 0.827072 0.962683
vt 0.506519 0.878343
vt 0.235469 0.020366
vt 0.219512 0.065566
vt 0.219661 0.050024
vt 0.040472 0.920049
vt 0.313966 0.191512
vt 0.498222 0.865275
vt 0.033618 0.914745
vt 0.816392 0.971615
vt 0.878351 0.108632
vt 0.080276 0.010925
vt 0.923068 0.066658
vt 0.807274 0.982861
vt 0.928164 0.916302
vt 0.950656 0.052208
vt 0.956128 0.053300
vt 0.935993 0.910459
vt 0.956492 0.055523
vt 0.941425 0.062874
vt 0.959764 0.058894
vt 0.948786 0.059947
vt 0.228329 0.150926
vt 0.758229 0.453362
vt 0.762557 0.472017
vt 0.158792 0.695493
vt 0.948040 0.792214
vt 0.618142 0.514995
vt 0.619252 0.536685
vt 0.610363 0.520164
vt 0.950498 0.790289
vt 0.763775 0.951732
vt 0.314343 0.805264
vt 0.472387 0.963108
vt 0.508861 0.678846
vt 0.488604 0.324439
vt 0.277483 0.697566
vt 0.645088 0.602651
vt 0.398696 0.832449
vt 0.394371 0.838410
vt 0.776393 0.755901
vt 0.767330 0.745675
vt 0.849218 0.322099
vt 0.837653 0.311477
vt 0.841499 0.300919
vt 0.837889 0.296359
vt 0.289091 0.292250
vt 0.324007 0.272622
vt 0.890355 0.183716
vt 0.891309 0.200826
vt 0.888631 0.195353
vt 0.894069 0.172379
vt 0.899063 0.168696
vt 0.895831 0.177326
vt 0.897122 0.165509
vt 0.759030 0.744191
vt 0.017934 0.899872
vt 0.787143 0.098308
vt 0.397969 0.128479
vt 0.728407 0.025617
vt 0.394446 0.125777
vt 0.140670 0.770625
vt 0.553427 0.566417
vt 0.555832 0.567596
vt 0.555832 0.573096
vt 0.392055 0.124484
vt 0.739361 0.946930
vt 0.733517 0.979328
vt 0.558743 0.576214
vt 0.561125 0.577526
vt 0.378395 0.145355
vt 0.387112 0.114182
vt 0.917411 0.861293
vt 0.589159 0.756537
vt 0.597592 0.773683
vt 0.297699 0.391429
vt 0.008049 0.046982
vt 0.009174 0.046495
vt 0.009174 0.051987
vt 0.794652 0.655834
vt 0.797994 0.656405
vt 0.797568 0.657430
vt 0.974089 0.415854
vt 0.379514 0.845294
vt 0.373612 0.843803
vt 0.827694 0.765296
vt 0.363934 0.847474
vt 0.911071 0.847990
vt 0.980134 0.540892
vt 0.459590 0.307365
vt 0.977680 0.137613
vt 0.957392 0.163807
vt 0.773571 0.958747
vt 0.978687 0.535557
vt 0.232599 0.304260
vt 0.315923 0.850481
vt 0.899322 0.422635
vt 0.968298 0.853606
vt 0.973305 0.857904
vt 0.597924 0.207946
vt 0.962154 0.123850
vt 0.248044 0.325749
vt 0.876041 0.626897
vt 0.106317 0.903735
vt 0.804264 0.346800
vt 0.938873 0.017817
vt 0.951883 0.045871
vt 0.758570 0.853350
vt 0.770447 0.854896
vt 0.758570 0.900230
vt 0.110092 0.910231
vt 0.797879 0.351440
vt 0.786983 0.354296
vt 0.115049 0.902300
vt 0.760451 0.906315
vt 0.286197 0.087891
vt 0.300330 0.081245
vt 0.325989 0.090796
vt 0.559879 0.834844
vt 0.952578 0.012754
vt 0.951117 0.000560
vt 0.201153 0.019468
vt 0.143022 0.294296
vt 0.578531 0.826765
vt 0.193926 0.012571
vt 0.685001 0.590016
vt 0.692622 0.581968
vt 0.499806 0.945630
vt 0.480355 0.943466
vt 0.475791 0.944225
vt 0.987746 0.768891
vt 0.778541 0.362258
vt 0.505086 0.949967
vt 0.911783 0.155627
vt 0.865546 0.141680
vt 0.495766 0.920469
vt 0.494951 0.903193
vt 0.910844 0.136764
vt 0.397375 0.205904
vt 0.574968 0.538310
vt 0.570324 0.489578
vt 0.570324 0.532098
vt 0.555134 0.523760
vt 0.928114 0.114047
vt 0.049829 0.950984
vt 0.963942 0.277688
vt 0.970927 0.306140
vt 0.963942 0.314978
vt 0.141103 0.830257
vt 0.496872 0.894370
vt 0.082567 0.034602
vt 0.495787 0.886887
vt 0.970058 0.980101
vt 0.078684 0.026147
vt 0.824995 0.966543
vt 0.860698 0.525886
vt 0.647283 0.770348
vt 0.686570 0.767076
vt 0.870565 0.143728
vt 0.371990 0.502968
vt 0.511660 0.160434
vt 0.918093 0.905995
vt 0.930895 0.910400
vt 0.377037 0.496225
vt 0.812706 0.981037
vt 0.936529 0.075308
vt 0.828299 0.882896
vt 0.837902 0.881010
vt 0.959177 0.049622
vt 0.958413 0.052204
vt 0.943370 0.064400
vt 0.082567 0.000153
vt 0.134220 0.655354
vt 0.126384 0.620372
vt 0.954785 0.899952
vt 0.957276 0.896477
vt 0.762523 0.448584
vt 0.755153 0.692712
vt 0.952967 0.792644
vt 0.960223 0.792127
vt 0.619252 0.504833
vt 0.344216 0.798913
vt 0.710993 0.770625
vt 0.610935 0.514614
vt 0.608146 0.517153
vt 0.605103 0.521500
vt 0.763493 0.958694
vt 0.316104 0.796729
vt 0.339389 0.795926
vt 0.508772 0.681483
vt 0.535156 0.567266
vt 0.532908 0.566787
vt 0.533601 0.562914
vt 0.478329 0.968577
vt 0.531495 0.562615
vt 0.527476 0.562672
vt 0.486610 0.317040
vt 0.232998 0.937288
vt 0.573102 0.011429
vt 0.941637 0.300970
vt 0.938592 0.298999
vt 0.936388 0.298419
vt 0.721442 0.716624
vt 0.725017 0.657523
vt 0.278468 0.718163
vt 0.660515 0.600765
vt 0.647483 0.604418
vt 0.644652 0.605802
vt 0.654467 0.077093
vt 0.666276 0.088032
vt 0.658088 0.104636
vt 0.463651 0.276473
vt 0.632333 0.171147
vt 0.616007 0.175837
vt 0.359482 0.495338
vt 0.764602 0.743823
vt 0.480112 0.248407
vt 0.847022 0.324902
vt 0.034430 0.900904
vt 0.788263 0.766528
vt 0.726761 0.027528
vt 0.786325 0.096114
vt 0.851241 0.331797
vt 0.549750 0.564104
vt 0.559874 0.586993
vt 0.392491 0.118913
vt 0.356373 0.814212
vt 0.363309 0.842674
vt 0.360166 0.842695
vt 0.818367 0.940565
vt 0.819248 0.935498
vt 0.820287 0.938092
vt 0.817079 0.932569
vt 0.819104 0.933393
vt 0.822971 0.939866
vt 0.787115 0.079316
vt 0.943879 0.833184
vt 0.786805 0.069848
vt 0.817079 0.903071
vt 0.833315 0.931621
vt 0.916151 0.851646
vt 0.793000 0.656921
vt 0.792911 0.664744
vt 0.610078 0.761305
vt 0.081038 0.095902
vt 0.081038 0.110919
vt 0.074544 0.107992
vt 0.091824 0.765073
vt 0.078383 0.113147
vt 0.913564 0.844592
vt 0.311689 0.887391
vt 0.440511 0.583569
vt 0.444977 0.607395
vt 0.294965 0.846359
vt 0.315349 0.867101
vt 0.966940 0.848404
vt 0.976511 0.849568
vt 0.768666 0.957676
vt 0.225104 0.299136
vt 0.959087 0.178041
vt 0.987746 0.912561
vt 0.774443 0.964075
vt 0.600059 0.198085
vt 0.975905 0.540662
vt 0.967927 0.084666
vt 0.959098 0.180690
vt 0.770057 0.967093
vt 0.260071 0.328624
vt 0.255462 0.328971
vt 0.246939 0.330008
vt 0.614662 0.426757
vt 0.802955 0.363770
vt 0.196767 0.018695
vt 0.150149 0.295450
vt 0.699828 0.571725
vt 0.696557 0.577661
vt 0.064556 0.967869
vt 0.053554 0.963786
vt 0.061661 0.963740
vt 0.702978 0.571063
vt 0.053192 0.962890
vt 0.051602 0.963311
vt 0.485154 0.944964
vt 0.489454 0.946440
vt 0.485003 0.946285
vt 0.481758 0.946776
vt 0.966339 0.242406
vt 0.048072 0.961752
vt 0.112412 0.967457
vt 0.105192 0.967868
vt 0.105192 0.923519
vt 0.962908 0.830860
vt 0.960433 0.817237
vt 0.966339 0.833315
vt 0.024275 0.135366
vt 0.025993 0.138083
vt 0.024275 0.146786
vt 0.512657 0.964811
vt 0.581613 0.536016
vt 0.565039 0.537691
vt 0.928114 0.166663
vt 0.185011 0.261462
vt 0.157369 0.261462
vt 0.169682 0.250912
vt 0.051602 0.927126
vt 0.065748 0.953118
vt 0.163910 0.240690
vt 0.517316 0.164338
vt 0.525104 0.177319
vt 0.966339 0.795801
vt 0.360834 0.808694
vt 0.542126 0.145459
vt 0.535937 0.134004
vt 0.544330 0.105819
vt 0.494136 0.879306
vt 0.050458 0.936707
vt 0.049996 0.932035
vt 0.514677 0.160959
vt 0.905791 0.258021
vt 0.904607 0.249003
vt 0.905680 0.232894
vt 0.368780 0.503781
vt 0.928233 0.899731
vt 0.235469 0.068840
vt 0.819099 0.975322
vt 0.371401 0.496922
vt 0.946462 0.090212
vt 0.960803 0.046098
vt 0.356261 0.847076
vt 0.493871 0.160594
vt 0.033967 0.268342
vt 0.038644 0.278652
vt 0.671239 0.361874
vt 0.192808 0.158181
vt 0.309209 0.821750
vt 0.183284 0.158380
vt 0.164615 0.158398
vt 0.949582 0.793532
vt 0.160346 0.703348
vt 0.521886 0.685378
vt 0.767567 0.473606
vt 0.892215 0.915393
vt 0.909766 0.951531
vt 0.892215 0.960223
vt 0.314256 0.799454
vt 0.484479 0.641702
vt 0.508575 0.688913
vt 0.342067 0.795885
vt 0.346603 0.793403
vt 0.490735 0.680968
vt 0.476400 0.970781
vt 0.060757 0.501340
vt 0.036992 0.513747
vt 0.942067 0.307953
vt 0.527332 0.010292
vt 0.662898 0.600315
vt 0.666652 0.610034
vt 0.656583 0.604051
vt 0.662203 0.623316
vt 0.646908 0.617215
vt 0.733929 0.752277
vt 0.646148 0.612325
vt 0.645037 0.614564
vt 0.644216 0.618763
vt 0.010703 0.859071
vt 0.001603 0.870011
vt 0.008964 0.809372
vt 0.001603 0.846670
vt 0.779799 0.821245
vt 0.675697 0.106801
vt 0.684260 0.086336
vt 0.686386 0.114880
vt 0.673253 0.078756
vt 0.486574 0.001704
vt 0.373205 0.819292
vt 0.693349 0.080869
vt 0.695668 0.105607
vt 0.462091 0.259784
vt 0.846258 0.323391
vt 0.844742 0.330253
vt 0.892682 0.176918
vt 0.887842 0.176375
vt 0.431880 0.165943
vt 0.409387 0.159863
vt 0.425823 0.133381
vt 0.036280 0.900788
vt 0.730781 0.029241
vt 0.730662 0.027951
vt 0.734861 0.028754
vt 0.728598 0.028190
vt 0.727173 0.029265
vt 0.784528 0.096039
vt 0.784832 0.097801
vt 0.781241 0.085318
vt 0.741574 0.980101
vt 0.785921 0.084115
vt 0.823245 0.942813
vt 0.832678 0.948909
vt 0.827376 0.942832
vt 0.819365 0.759672
vt 0.780131 0.065541
vt 0.785643 0.048163
vt 0.947623 0.848186
vt 0.736476 0.004235
vt 0.788588 0.036310
vt 0.802203 0.658897
vt 0.361007 0.845186
vt 0.356373 0.840149
vt 0.951049 0.849042
vt 0.911665 0.852575
vt 0.914249 0.847382
vt 0.816221 0.664347
vt 0.812144 0.663263
vt 0.810089 0.661030
vt 0.914436 0.833152
vt 0.301572 0.888893
vt 0.297271 0.874821
vt 0.461514 0.313984
vt 0.264507 0.344207
vt 0.255883 0.341462
vt 0.260321 0.341273
vt 0.463795 0.322172
vt 0.957392 0.175905
vt 0.907018 0.422014
vt 0.978758 0.542815
vt 0.226592 0.296629
vt 0.233054 0.302619
vt 0.973808 0.853029
vt 0.907719 0.425295
vt 0.245425 0.335065
vt 0.251013 0.332953
vt 0.961354 0.852712
vt 0.971633 0.068570
vt 0.265480 0.329982
vt 0.423354 0.005143
vt 0.252306 0.425727
vt 0.262152 0.439306
vt 0.260507 0.439125
vt 0.329214 0.540154
vt 0.196647 0.022269
vt 0.151531 0.292230
vt 0.688898 0.583609
vt 0.488846 0.947966
vt 0.774725 0.367531
vt 0.960486 0.831775
vt 0.910320 0.269043
vt 0.929219 0.272165
vt 0.381301 0.190743
vt 0.592718 0.531116
vt 0.083454 0.024464
vt 0.083454 0.016990
vt 0.085625 0.021357
vt 0.247701 0.250759
vt 0.245021 0.246685
vt 0.247701 0.230098
vt 0.572819 0.520475
vt 0.347905 0.804156
vt 0.363243 0.806235
vt 0.585220 0.517332
vt 0.523792 0.177993
vt 0.504134 0.169596
vt 0.516651 0.192656
vt 0.828148 0.966776
vt 0.167516 0.229495
vt 0.958405 0.795352
vt 0.826109 0.973641
vt 0.359429 0.814416
vt 0.217121 0.057974
vt 0.208851 0.103973
vt 0.208851 0.028480
vt 0.907477 0.235039
vt 0.537565 0.158804
vt 0.523621 0.143572
vt 0.930942 0.230144
vt 0.930397 0.235816
vt 0.927836 0.229064
vt 0.908044 0.226426
vt 0.927553 0.219956
vt 0.932701 0.223454
vt 0.250759 0.155785
vt 0.728098 0.303705
vt 0.740469 0.302420
vt 0.728098 0.379197
vt 0.207095 0.154986
vt 0.220062 0.097857
vt 0.953550 0.897157
vt 0.972456 0.700228
vt 0.972456 0.735458
vt 0.965693 0.701344
vt 0.801762 0.178895
vt 0.786719 0.178895
vt 0.802230 0.174387
vt 0.962542 0.395394
vt 0.970927 0.429762
vt 0.962542 0.432712
vt 0.946706 0.795323
vt 0.767911 0.566710
vt 0.744644 0.541896
vt 0.774237 0.558955
vt 0.544330 0.183482
vt 0.948968 0.796240
vt 0.470244 0.364767
vt 0.469370 0.374586
vt 0.440296 0.374791
vt 0.352163 0.788504
vt 0.453792 0.028009
vt 0.343597 0.793463
vt 0.486504 0.965337
vt 0.486392 0.968315
vt 0.346584 0.790874
vt 0.502067 0.686447
vt 0.531264 0.555208
vt 0.535156 0.554597
vt 0.813438 0.541896
vt 0.235474 0.895611
vt 0.232998 0.892496
vt 0.939664 0.313610
vt 0.725922 0.701828
vt 0.571424 0.882622
vt 0.578440 0.886646
vt 0.570467 0.891418
vt 0.288817 0.716031
vt 0.305804 0.752277
vt 0.286171 0.745207
vt 0.899058 0.490851
vt 0.894129 0.483426
vt 0.905179 0.493777
vt 0.534520 0.582720
vt 0.541248 0.568292
vt 0.541272 0.593259
vt 0.893267 0.445928
vt 0.668460 0.120927
vt 0.670504 0.102063
vt 0.645517 0.627312
vt 0.634278 0.651587
vt 0.777434 0.807414
vt 0.340964 0.501965
vt 0.761992 0.753329
vt 0.820885 0.840589
vt 0.761224 0.750516
vt 0.742206 0.752038
vt 0.745056 0.749232
vt 0.750111 0.752852
vt 0.885897 0.199553
vt 0.887701 0.184772
vt 0.886814 0.162262
vt 0.896026 0.160982
vt 0.750411 0.745374
vt 0.847101 0.334909
vt 0.152547 0.002946
vt 0.755131 0.037209
vt 0.752456 0.035512
vt 0.755432 0.034594
vt 0.754170 0.033087
vt 0.749525 0.033283
vt 0.867866 0.359319
vt 0.732810 0.030466
vt 0.732912 0.032499
vt 0.781156 0.103304
vt 0.756085 0.020405
vt 0.783185 0.085301
vt 0.789745 0.759672
vt 0.814580 0.691116
vt 0.809966 0.663367
vt 0.782192 0.078324
vt 0.781164 0.072658
vt 0.779034 0.071691
vt 0.775674 0.059766
vt 0.779848 0.062154
vt 0.777971 0.059110
vt 0.774380 0.054327
vt 0.776243 0.050132
vt 0.773196 0.049355
vt 0.824796 0.949520
vt 0.772057 0.040920
vt 0.740237 0.018686
vt 0.757426 0.006405
vt 0.761451 0.004792
vt 0.780468 0.045740
vt 0.294965 0.892659
vt 0.301913 0.892299
vt 0.917071 0.834521
vt 0.917411 0.831814
vt 0.915119 0.836876
vt 0.928114 0.741574
vt 0.887080 0.701932
vt 0.928114 0.690184
vt 0.911295 0.419958
vt 0.956661 0.849443
vt 0.951580 0.842342
vt 0.961276 0.848055
vt 0.765825 0.959725
vt 0.265680 0.341619
vt 0.245108 0.345558
vt 0.248725 0.339945
vt 0.967946 0.850905
vt 0.769886 0.962638
vt 0.223184 0.295600
vt 0.228623 0.294686
vt 0.245108 0.337778
vt 0.251002 0.336329
vt 0.764874 0.965291
vt 0.233940 0.300046
vt 0.956772 0.851609
vt 0.953470 0.853973
vt 0.964445 0.851333
vt 0.010423 0.010703
vt 0.010395 0.003160
vt 0.013761 0.003864
vt 0.969046 0.073069
vt 0.762833 0.968191
vt 0.257210 0.330766
vt 0.262994 0.330759
vt 0.207443 0.498460
vt 0.226372 0.449761
vt 0.239122 0.480670
vt 0.335107 0.537101
vt 0.299439 0.079648
vt 0.290077 0.075828
vt 0.297639 0.036548
vt 0.194262 0.017794
vt 0.192935 0.015687
vt 0.151555 0.301217
vt 0.687634 0.576005
vt 0.151680 0.000088
vt 0.636376 0.847375
vt 0.635953 0.848215
vt 0.623639 0.835104
vt 0.188069 0.830257
vt 0.479763 0.956055
vt 0.065979 0.377458
vt 0.972675 0.345110
vt 0.685001 0.519004
vt 0.932683 0.257516
vt 0.924587 0.228583
vt 0.119328 0.934754
vt 0.577969 0.347087
vt 0.570274 0.337678
vt 0.571437 0.273726
vt 0.834336 0.976478
vt 0.890674 0.060188
vt 0.895504 0.070758
vt 0.883360 0.076744
vt 0.834812 0.868357
vt 0.577969 0.293860
vt 0.484088 0.173860
vt 0.490089 0.191150
vt 0.910021 0.411780
vt 0.917411 0.381543
vt 0.917411 0.432712
vt 0.001087 0.037249
vt 0.010703 0.059614
vt 0.001087 0.067277
vt 0.083006 0.009486
vt 0.090212 0.000553
vt 0.090212 0.030580
vt 0.889288 0.709793
vt 0.897534 0.760294
vt 0.889288 0.762980
vt 0.947397 0.890079
vt 0.942306 0.902331
vt 0.965597 0.715432
vt 0.746161 0.317838
vt 0.182116 0.156559
vt 0.760250 0.611607
vt 0.768011 0.574191
vt 0.772526 0.594517
vt 0.183775 0.153815
vt 0.761451 0.674392
vt 0.936839 0.814967
vt 0.796749 0.165807
vt 0.788117 0.154774
vt 0.951423 0.797383
vt 0.127223 0.689179
vt 0.817103 0.836998
vt 0.796396 0.162139
vt 0.792156 0.154111
vt 0.029051 0.000644
vt 0.028008 0.004587
vt 0.026678 0.000644
vt 0.493119 0.966851
vt 0.493747 0.960126
vt 0.798785 0.166618
vt 0.312165 0.801490
vt 0.949842 0.884362
vt 0.934888 0.876891
vt 0.507985 0.697231
vt 0.508806 0.701810
vt 0.776230 0.576426
vt 0.464472 0.037266
vt 0.356261 0.780754
vt 0.505913 0.689759
vt 0.533790 0.549373
vt 0.483474 0.970322
vt 0.505457 0.695864
vt 0.533983 0.542735
vt 0.264059 0.233877
vt 0.264173 0.220454
vt 0.266049 0.251781
vt 0.259772 0.207552
vt 0.898906 0.496835
vt 0.893267 0.496931
vt 0.935124 0.383784
vt 0.935124 0.338054
vt 0.949422 0.362663
vt 0.299414 0.696234
vt 0.285038 0.682924
vt 0.677416 0.126346
vt 0.654467 0.162076
vt 0.649656 0.635897
vt 0.700290 0.138267
vt 0.642133 0.636093
vt 0.425658 0.835524
vt 0.779799 0.845547
vt 0.750911 0.748381
vt 0.876751 0.150398
vt 0.889396 0.180482
vt 0.749172 0.036771
vt 0.742842 0.034045
vt 0.741022 0.031490
vt 0.736380 0.032967
vt 0.734914 0.031339
vt 0.738219 0.031595
vt 0.742647 0.024305
vt 0.541312 0.598196
vt 0.845210 0.341423
vt 0.744004 0.002061
vt 0.914695 0.844817
vt 0.753991 0.002946
vt 0.462603 0.308596
vt 0.256309 0.338811
vt 0.466596 0.321160
vt 0.466844 0.312985
vt 0.263530 0.338586
vt 0.467571 0.315637
vt 0.467880 0.321283
vt 0.968133 0.074792
vt 0.266049 0.336701
vt 0.260600 0.335958
vt 0.265789 0.333712
vt 0.951838 0.851659
vt 0.013761 0.000311
vt 0.257561 0.333097
vt 0.312613 0.435116
vt 0.307962 0.440436
vt 0.310286 0.424304
vt 0.441886 0.000543
vt 0.617723 0.439250
vt 0.258958 0.442254
vt 0.330290 0.538377
vt 0.335273 0.536877
vt 0.338267 0.094976
vt 0.342135 0.145257
vt 0.190913 0.022482
vt 0.125379 0.966689
vt 0.164279 0.017594
vt 0.446149 0.706169
vt 0.355396 0.789558
vt 0.899422 0.079509
vt 0.908237 0.063431
vt 0.373904 0.795176
vt 0.376903 0.808663
vt 0.376481 0.816496
vt 0.964810 0.037545
vt 0.883360 0.025122
vt 0.977043 0.884362
vt 0.506689 0.400603
vt 0.476392 0.386103
vt 0.800308 0.165693
vt 0.805482 0.176523
vt 0.804283 0.171578
vt 0.310190 0.796127
vt 0.964159 0.586923
vt 0.969397 0.621788
vt 0.964159 0.623839
vt 0.446234 0.362380
vt 0.498460 0.965770
vt 0.863871 0.436235
vt 0.879185 0.450321
vt 0.852065 0.450239
vt 0.879164 0.444961
vt 0.951049 0.376276
vt 0.262357 0.238956
vt 0.727481 0.708943
vt 0.730070 0.711270
vt 0.725734 0.712564
vt 0.579498 0.853533
vt 0.666652 0.658561
vt 0.641144 0.646036
vt 0.419536 0.828981
vt 0.691649 0.275540
vt 0.696504 0.247096
vt 0.706213 0.241647
vt 0.785915 0.759994
vt 0.749979 0.754432
vt 0.735914 0.752198
vt 0.882038 0.179779
vt 0.736592 0.034925
vt 0.765953 0.051988
vt 0.466025 0.311050
vt 0.762300 0.963615
vt 0.256301 0.337505
vt 0.967718 0.071685
vt 0.968987 0.068723
vt 0.969416 0.066380
vt 0.431917 0.029669
vt 0.377170 0.174636
vt 0.438043 0.697018
vt 0.930194 0.588672
vt 0.940725 0.568343
vt 0.954812 0.571675
vt 0.196151 0.155839
vt 0.799038 0.154538
vt 0.967476 0.876891
vt 0.590574 0.515439
vt 0.370022 0.705066
vt 0.355552 0.703030
vt 0.365960 0.701389
vt 0.819554 0.176921
vt 0.852252 0.467593
vt 0.349226 0.658385
vt 0.326992 0.667537
vt 0.349115 0.653795
vt 0.093831 0.475386
vt 0.041132 0.513257
vt 0.039346 0.517009
vt 0.262126 0.252311
vt 0.259772 0.253817
vt 0.300659 0.721114
vt 0.570467 0.833761
vt 0.305804 0.673396
vt 0.638057 0.651779
vt 0.635535 0.658973
vt 0.877165 0.181481
vt 0.779295 0.107031
vt 0.757144 0.076626
vt 0.758904 0.049468
vt 0.769050 0.036167
vt 0.634926 0.451060
vt 0.917392 0.688763
vt 0.074922 0.380386
vt 0.067602 0.380726
vt 0.206140 0.449219
vt 0.224020 0.149431
vt 0.479727 0.063336
vt 0.812245 0.130086
vt 0.787310 0.144544
vt 0.364373 0.684409
vt 0.357134 0.676138
vt 0.483635 0.685827
vt 0.475769 0.297952
vt 0.465303 0.993862
vt 0.879185 0.496931
vt 0.056819 0.505298
vt 0.046673 0.511976
vt 0.733929 0.673373
vt 0.636405 0.665062
vt 0.705478 0.248693
vt 0.371214 0.463739
vt 0.204619 0.894243
vt 0.226689 0.892277
vt 0.228907 0.893503
vt 0.211396 0.885901
vt 0.879171 0.206417
vt 0.254234 0.417563
vt 0.286797 0.443233
vt 0.294281 0.083565
vt 0.194491 0.143737
vt 0.173434 0.144090
vt 0.194034 0.114167
vt 0.467280 0.048796
vt 0.429853 0.344550
vt 0.336536 0.686601
vt 0.077820 0.492184
vt 0.485195 0.712522
vt 0.498460 0.297952
vt 0.041938 0.518337
vt 0.740045 0.250837
vt 0.728645 0.275844
vt 0.732426 0.230416
vt 0.464814 0.713228
vt 0.459202 0.701026
vt 0.464443 0.700467
vt 0.465232 0.717988
vt 0.710239 0.233780
vt 0.704467 0.259258
vt 0.699666 0.263456
vt 0.695508 0.275098
vt 0.383006 0.818632
vt 0.235469 0.902934
vt 0.195513 0.859923
vt 0.903787 0.691732
vt 0.907838 0.690140
vt 0.296189 0.439359
vt 0.358270 0.787274
vt 0.366766 0.790446
vt 0.357748 0.779414
vt 0.000270 0.249230
vt 0.000270 0.227642
vt 0.001529 0.242436
vt 0.964810 0.079509
vt 0.235734 0.140406
vt 0.239988 0.137734
vt 0.215302 0.135287
vt 0.495353 0.375814
vt 0.062266 0.503824
vt 0.402745 0.817198
vt 0.691634 0.286826
vt 0.685548 0.292289
vt 0.409487 0.094727
vt 0.307866 0.058729
vt 0.629780 0.858498
vt 0.661230 0.865426
vt 0.633348 0.892947
vt 0.392009 0.151127
vt 0.183002 0.451723
vt 0.213356 0.440532
vt 0.218650 0.435504
vt 0.950389 0.567566
vt 0.952037 0.565632
vt 0.271877 0.162400
vt 0.455880 0.047038
vt 0.232352 0.123143
vt 0.212206 0.121619
vt 0.092249 0.485387
vt 0.215924 0.110832
vt 0.071580 0.497941
vt 0.069219 0.514954
vt 0.213993 0.106700
vt 0.719718 0.276235
vt 0.687206 0.298614
vt 0.672768 0.353203
vt 0.668667 0.348106
vt 0.672768 0.326528
vt 0.775540 0.774069
vt 0.765432 0.772665
vt 0.743219 0.775872
vt 0.209241 0.908180
vt 0.438125 0.157527
vt 0.439630 0.170690
vt 0.880714 0.433225
vt 0.709355 0.050993
vt 0.715664 0.065632
vt 0.702082 0.075648
vt 0.044722 0.918940
vt 0.276931 0.317498
vt 0.436263 0.623326
vt 0.898752 0.726671
vt 0.301321 0.078810
vt 0.301497 0.076416
vt 0.387954 0.923594
vt 0.418951 0.940430
vt 0.387954 0.969398
vt 0.102444 0.923636
vt 0.944870 0.565704
vt 0.940447 0.565928
vt 0.937120 0.570159
vt 0.224961 0.107403
vt 0.479644 0.667977
vt 0.078951 0.495524
vt 0.216907 0.084672
vt 0.426596 0.821441
vt 0.691752 0.299777
vt 0.702173 0.080848
vt 0.871209 0.177897
vt 0.758239 0.054567
vt 0.763999 0.100086
vt 0.551413 0.601035
vt 0.558549 0.602743
vt 0.546196 0.612887
vt 0.447940 0.618181
vt 0.303512 0.427496
vt 0.275199 0.457512
vt 0.305041 0.079165
vt 0.320249 0.081447
vt 0.353122 0.119313
vt 0.358884 0.774334
vt 0.360766 0.759688
vt 0.377567 0.781516
vt 0.378285 0.793250
vt 0.247142 0.198228
vt 0.956895 0.562628
vt 0.960223 0.562867
vt 0.947674 0.560190
vt 0.940559 0.564798
vt 0.935020 0.560241
vt 0.205875 0.602382
vt 0.198272 0.588786
vt 0.220661 0.602320
vt 0.501355 0.077998
vt 0.475124 0.067123
vt 0.818845 0.143964
vt 0.460373 0.053891
vt 0.450381 0.040402
vt 0.483533 0.344896
vt 0.342513 0.707131
vt 0.446635 0.024839
vt 0.079509 0.985905
vt 0.050560 0.998449
vt 0.050560 0.965674
vt 0.334045 0.679963
vt 0.097387 0.483670
vt 0.104061 0.481400
vt 0.107031 0.510304
vt 0.712583 0.310391
vt 0.740045 0.294334
vt 0.698360 0.304464
vt 0.414849 0.806263
vt 0.663850 0.348961
vt 0.665610 0.341331
vt 0.666369 0.335881
vt 0.667780 0.324921
vt 0.850134 0.853192
vt 0.871209 0.147610
vt 0.432623 0.134164
vt 0.737522 0.057310
vt 0.553123 0.628377
vt 0.281988 0.384450
vt 0.420960 0.625530
vt 0.268044 0.450926
vt 0.314372 0.076318
vt 0.667313 0.882723
vt 0.663679 0.892947
vt 0.880609 0.516968
vt 0.211462 0.444774
vt 0.198480 0.596348
vt 0.188599 0.614677
vt 0.193719 0.585959
vt 0.214374 0.444408
vt 0.217020 0.443223
vt 0.949314 0.557347
vt 0.448110 0.772894
vt 0.452477 0.752193
vt 0.459386 0.770098
vt 0.359672 0.724755
vt 0.445796 0.029805
vt 0.229381 0.085386
vt 0.964810 0.582556
vt 0.961943 0.552485
vt 0.964810 0.545400
vt 0.473157 0.716530
vt 0.655892 0.347354
vt 0.661947 0.329458
vt 0.341885 0.515279
vt 0.868209 0.434325
vt 0.286197 0.013340
vt 0.328236 0.014610
vt 0.657849 0.848786
vt 0.201273 0.453741
vt 0.958751 0.560279
vt 0.945456 0.559721
vt 0.944178 0.560020
vt 0.935966 0.558848
vt 0.117499 0.647802
vt 0.450620 0.047358
vt 0.448110 0.734816
vt 0.466405 0.752245
vt 0.445632 0.038048
vt 0.432543 0.048817
vt 0.422451 0.031593
vt 0.654246 0.322505
vt 0.639911 0.348188
vt 0.442417 0.153257
vt 0.464225 0.166084
vt 0.663628 0.313073
vt 0.195513 0.912824
vt 0.665874 0.312763
vt 0.854250 0.435185
vt 0.103973 0.669710
vt 0.081661 0.660520
vt 0.086892 0.658359
vt 0.681280 0.370290
vt 0.677811 0.396710
vt 0.055045 0.917260
vt 0.287719 0.346992
vt 0.470938 0.608244
vt 0.315289 0.038604
vt 0.400603 0.158460
vt 0.375844 0.761854
vt 0.245486 0.188352
vt 0.394487 0.800881
vt 0.204272 0.452580
vt 0.945711 0.558796
vt 0.911687 0.957165
vt 0.911687 0.914740
vt 0.917411 0.948265
vt 0.462523 0.060193
vt 0.114320 0.703348
vt 0.111090 0.693923
vt 0.328959 0.688100
vt 0.469227 0.725214
vt 0.475746 0.731196
vt 0.620866 0.331989
vt 0.457542 0.191228
vt 0.473750 0.191892
vt 0.651347 0.306772
vt 0.960223 0.428125
vt 0.958388 0.405004
vt 0.960223 0.396350
vt 0.368104 0.486701
vt 0.661492 0.293701
vt 0.663581 0.298869
vt 0.707666 0.090698
vt 0.842396 0.452589
vt 0.845989 0.446302
vt 0.699283 0.107359
vt 0.705565 0.106879
vt 0.691647 0.112547
vt 0.257690 0.480894
vt 0.279879 0.471588
vt 0.386740 0.788129
vt 0.856456 0.516968
vt 0.045871 0.275223
vt 0.048756 0.257930
vt 0.052150 0.264913
vt 0.201512 0.455369
vt 0.199487 0.457842
vt 0.410708 0.926161
vt 0.952954 0.553758
vt 0.948236 0.555626
vt 0.945666 0.554122
vt 0.963878 0.363544
vt 0.964810 0.360271
vt 0.964810 0.397545
vt 0.214798 0.589660
vt 0.203920 0.585503
vt 0.483351 0.074683
vt 0.474487 0.069745
vt 0.460421 0.772209
vt 0.112610 0.671793
vt 0.462278 0.969397
vt 0.462278 0.937528
vt 0.464776 0.948716
vt 0.336851 0.697182
vt 0.445268 0.073839
vt 0.468120 0.678501
vt 0.468120 0.627920
vt 0.312311 0.641813
vt 0.318613 0.672172
vt 0.630826 0.310916
vt 0.780630 0.778988
vt 0.780148 0.783326
vt 0.769009 0.784386
vt 0.354712 0.507884
vt 0.386146 0.437233
vt 0.851763 0.438764
vt 0.681942 0.403237
vt 0.737653 0.060928
vt 0.281537 0.336941
vt 0.538976 0.616067
vt 0.276060 0.464571
vt 0.313760 0.079311
vt 0.053509 0.270205
vt 0.055623 0.273726
vt 0.055067 0.024950
vt 0.056574 0.027215
vt 0.055067 0.030580
vt 0.000766 0.001675
vt 0.009174 0.001675
vt 0.002768 0.006881
vt 0.210396 0.459587
vt 0.212141 0.458814
vt 0.016819 0.531659
vt 0.012706 0.541020
vt 0.001284 0.528797
vt 0.949612 0.554683
vt 0.935531 0.547403
vt 0.930194 0.541074
vt 0.801983 0.110153
vt 0.108505 0.653760
vt 0.507634 0.382604
vt 0.429795 0.071259
vt 0.111186 0.639130
vt 0.133025 0.593917
vt 0.126482 0.615088
vt 0.419425 0.065749
vt 0.465472 0.160824
vt 0.719938 0.080100
vt 0.733929 0.051056
vt 0.073393 0.063588
vt 0.068284 0.067277
vt 0.068284 0.050360
vt 0.429236 0.103483
vt 0.520919 0.591504
vt 0.521594 0.561878
vt 0.315988 0.157489
vt 0.330187 0.128876
vt 0.334855 0.157489
vt 0.880544 0.691351
vt 0.318759 0.072962
vt 0.320963 0.061626
vt 0.393227 0.792468
vt 0.004541 0.012232
vt 0.004906 0.008563
vt 0.009456 0.540848
vt 0.012142 0.541811
vt 0.953281 0.552864
vt 0.558955 0.960498
vt 0.560547 0.959941
vt 0.557613 0.963309
vt 0.557538 0.965144
vt 0.714938 0.139582
vt 0.733554 0.126013
vt 0.745247 0.140181
vt 0.556912 0.965898
vt 0.561150 0.970213
vt 0.557759 0.967173
vt 0.558651 0.969380
vt 0.557701 0.970423
vt 0.744683 0.131243
vt 0.561124 0.977759
vt 0.558741 0.974828
vt 0.196990 0.583085
vt 0.257207 0.964961
vt 0.258036 0.961414
vt 0.258089 0.963246
vt 0.753029 0.131449
vt 0.744340 0.112679
vt 0.759275 0.111168
vt 0.364498 0.268921
vt 0.368493 0.250675
vt 0.368493 0.273694
vt 0.211620 0.581171
vt 0.483273 0.773683
vt 0.473752 0.087165
vt 0.328933 0.701781
vt 0.469223 0.691895
vt 0.106690 0.607623
vt 0.116372 0.588508
vt 0.497027 0.712817
vt 0.377725 0.488349
vt 0.436460 0.109470
vt 0.657230 0.278018
vt 0.661918 0.281110
vt 0.071001 0.663514
vt 0.080425 0.657711
vt 0.659387 0.272140
vt 0.012037 0.051870
vt 0.013761 0.052628
vt 0.012037 0.061161
vt 0.058004 0.669710
vt 0.761451 0.060362
vt 0.753992 0.074922
vt 0.561150 0.651035
vt 0.557582 0.651110
vt 0.270989 0.361824
vt 0.026606 0.403633
vt 0.011449 0.380433
vt 0.044279 0.390874
vt 0.441569 0.685001
vt 0.463292 0.696670
vt 0.394487 0.747843
vt 0.436131 0.680699
vt 0.430608 0.678618
vt 0.425214 0.674921
vt 0.056013 0.269787
vt 0.056629 0.254303
vt 0.002093 0.540112
vt 0.004883 0.545459
vt 0.011398 0.543804
vt 0.006613 0.546396
vt 0.043690 0.358946
vt 0.054199 0.377873
vt 0.015810 0.543524
vt 0.013002 0.543559
vt 0.167622 0.605670
vt 0.950276 0.551775
vt 0.559480 0.956011
vt 0.557875 0.957910
vt 0.946338 0.552962
vt 0.556103 0.960047
vt 0.555625 0.962416
vt 0.549905 0.965410
vt 0.550529 0.966826
vt 0.556019 0.975457
vt 0.554344 0.974684
vt 0.260357 0.965446
vt 0.260317 0.962490
vt 0.261260 0.962457
vt 0.261860 0.963235
vt 0.260313 0.961008
vt 0.262482 0.961601
vt 0.261086 0.959137
vt 0.262401 0.960368
vt 0.197716 0.577039
vt 0.485761 0.761897
vt 0.196083 0.567361
vt 0.217141 0.557791
vt 0.496662 0.759198
vt 0.443614 0.088683
vt 0.507634 0.294276
vt 0.493645 0.347225
vt 0.924927 0.151373
vt 0.922895 0.138139
vt 0.934230 0.144909
vt 0.006162 0.791631
vt 0.022935 0.781138
vt 0.000480 0.822612
vt 0.359634 0.509171
vt 0.811103 0.253817
vt 0.811103 0.191429
vt 0.819554 0.222825
vt 0.731024 0.079116
vt 0.645836 0.269468
vt 0.528159 0.609717
vt 0.675197 0.436503
vt 0.435487 0.641389
vt 0.314213 0.474320
vt 0.973702 0.872118
vt 0.976886 0.872420
vt 0.976171 0.878207
vt 0.058103 0.275223
vt 0.187239 0.585546
vt 0.559087 0.953750
vt 0.555331 0.957305
vt 0.500501 0.355604
vt 0.514160 0.364429
vt 0.511303 0.365130
vt 0.552831 0.959049
vt 0.553110 0.961466
vt 0.548474 0.967473
vt 0.548354 0.969212
vt 0.265334 0.966702
vt 0.260983 0.966652
vt 0.548326 0.978572
vt 0.196007 0.580789
vt 0.264268 0.962694
vt 0.265298 0.961216
vt 0.268174 0.961504
vt 0.266096 0.959692
vt 0.266236 0.958446
vt 0.487166 0.770124
vt 0.207956 0.552550
vt 0.331370 0.717113
vt 0.493602 0.735885
vt 0.200786 0.543227
vt 0.226295 0.536369
vt 0.114144 0.586207
vt 0.119997 0.577272
vt 0.503454 0.715754
vt 0.914072 0.579138
vt 0.928114 0.538404
vt 0.928114 0.588672
vt 0.338688 0.928114
vt 0.338688 0.877846
vt 0.345558 0.919108
vt 0.934230 0.101872
vt 0.396277 0.474208
vt 0.099444 0.626714
vt 0.711070 0.108119
vt 0.006928 0.094799
vt 0.006928 0.064854
vt 0.015290 0.083347
vt 0.655133 0.267580
vt 0.081038 0.116129
vt 0.081038 0.123850
vt 0.079469 0.121438
vt 0.673311 0.469144
vt 0.665075 0.457971
vt 0.665778 0.453869
vt 0.663207 0.470614
vt 0.656671 0.459353
vt 0.545240 0.651362
vt 0.407270 0.636660
vt 0.302138 0.471817
vt 0.319774 0.079436
vt 0.321066 0.067611
vt 0.325926 0.060523
vt 0.346009 0.095616
vt 0.672039 0.881500
vt 0.163358 0.612682
vt 0.155002 0.617723
vt 0.137379 0.993862
vt 0.133490 0.990340
vt 0.158480 0.993862
vt 0.432858 0.678108
vt 0.978711 0.875597
vt 0.978362 0.880223
vt 0.218650 0.462722
vt 0.983159 0.850590
vt 0.496385 0.339268
vt 0.510970 0.347178
vt 0.501997 0.346174
vt 0.729430 0.152859
vt 0.549360 0.964017
vt 0.546763 0.965991
vt 0.547290 0.969069
vt 0.546759 0.976170
vt 0.268550 0.959875
vt 0.268229 0.958246
vt 0.099502 0.641064
vt 0.489362 0.767363
vt 0.489159 0.769735
vt 0.490986 0.767337
vt 0.323591 0.713074
vt 0.840950 0.551976
vt 0.840950 0.487963
vt 0.847076 0.504843
vt 0.982715 0.987746
vt 0.975340 0.979484
vt 0.986217 0.977073
vt 0.982794 0.955530
vt 0.397280 0.083824
vt 0.119078 0.559987
vt 0.500627 0.735260
vt 0.100591 0.609148
vt 0.110305 0.584382
vt 0.111069 0.551355
vt 0.289264 0.104029
vt 0.300418 0.091780
vt 0.305804 0.134554
vt 0.305804 0.091467
vt 0.100591 0.572038
vt 0.415128 0.496375
vt 0.409670 0.515279
vt 0.400164 0.474758
vt 0.709241 0.131496
vt 0.689635 0.457236
vt 0.677964 0.471599
vt 0.521941 0.616988
vt 0.283941 0.346861
vt 0.277632 0.354610
vt 0.414833 0.660930
vt 0.432927 0.641734
vt 0.273107 0.472302
vt 0.324628 0.083845
vt 0.669162 0.873604
vt 0.470611 0.867141
vt 0.482149 0.874196
vt 0.460694 0.883772
vt 0.132391 0.979996
vt 0.129844 0.978174
vt 0.433285 0.676905
vt 0.434905 0.678477
vt 0.983159 0.879610
vt 0.979972 0.880714
vt 0.210225 0.477054
vt 0.001284 0.555034
vt 0.127695 0.984902
vt 0.129092 0.974862
vt 0.549882 0.937513
vt 0.561150 0.949163
vt 0.518979 0.339051
vt 0.544555 0.961778
vt 0.545033 0.966219
vt 0.270290 0.963397
vt 0.265084 0.969646
vt 0.757588 0.125779
vt 0.269835 0.960691
vt 0.270490 0.958023
vt 0.270036 0.955098
vt 0.272217 0.954965
vt 0.491299 0.769484
vt 0.494734 0.763507
vt 0.494169 0.765882
vt 0.339765 0.724625
vt 0.336268 0.719523
vt 0.067805 0.582704
vt 0.034847 0.624836
vt 0.042409 0.589496
vt 0.313373 0.688555
vt 0.973411 0.958071
vt 0.461935 0.137658
vt 0.484699 0.161420
vt 0.633912 0.273064
vt 0.002988 0.788029
vt 0.022092 0.753687
vt 0.050012 0.639284
vt 0.724100 0.108309
vt 0.022866 0.669636
vt 0.020581 0.552177
vt 0.013222 0.557033
vt 0.008871 0.552826
vt 0.525339 0.623348
vt 0.465980 0.641623
vt 0.913305 0.008857
vt 0.936859 0.045352
vt 0.911664 0.055045
vt 0.660722 0.847272
vt 0.483444 0.870044
vt 0.441209 0.678845
vt 0.436093 0.677913
vt 0.431857 0.672182
vt 0.173161 0.594501
vt 0.521618 0.353841
vt 0.545776 0.960708
vt 0.542938 0.978268
vt 0.268276 0.969421
vt 0.273560 0.958990
vt 0.469355 0.925582
vt 0.273213 0.956480
vt 0.785915 0.140975
vt 0.471424 0.957860
vt 0.498095 0.761366
vt 0.785915 0.104932
vt 0.501374 0.761318
vt 0.500137 0.762123
vt 0.503855 0.760488
vt 0.084339 0.684028
vt 0.317454 0.703841
vt 0.198337 0.555188
vt 0.908702 0.666258
vt 0.911009 0.618783
vt 0.921998 0.671239
vt 0.921998 0.623981
vt 0.973411 0.983663
vt 0.642188 0.711524
vt 0.637215 0.751564
vt 0.624938 0.717353
vt 0.406898 0.464148
vt 0.044406 0.525064
vt 0.025138 0.542869
vt 0.018261 0.508209
vt 0.453272 0.112707
vt 0.033593 0.654587
vt 0.509604 0.593981
vt 0.513366 0.586188
vt 0.676455 0.441462
vt 0.886789 0.020153
vt 0.292463 0.460228
vt 0.449343 0.677035
vt 0.452588 0.673750
vt 0.437527 0.677620
vt 0.541389 0.953239
vt 0.543612 0.956670
vt 0.272972 0.973702
vt 0.524106 0.383407
vt 0.535371 0.384116
vt 0.523319 0.395625
vt 0.530146 0.372346
vt 0.274570 0.949803
vt 0.277449 0.949684
vt 0.501202 0.763879
vt 0.505303 0.764316
vt 0.507508 0.764519
vt 0.334319 0.740747
vt 0.334981 0.745291
vt 0.334393 0.743289
vt 0.511286 0.760351
vt 0.477054 0.961918
vt 0.518337 0.759371
vt 0.077621 0.598725
vt 0.312311 0.698746
vt 0.360848 0.747249
vt 0.355511 0.779352
vt 0.324275 0.777299
vt 0.621748 0.746789
vt 0.977043 0.381403
vt 0.966450 0.396016
vt 0.966450 0.361180
vt 0.065371 0.613322
vt 0.000480 0.762955
vt 0.733929 0.122867
vt 0.442409 0.110022
vt 0.023741 0.639235
vt 0.182243 0.737232
vt 0.212094 0.722272
vt 0.199777 0.749219
vt 0.179920 0.724728
vt 0.281387 0.347287
vt 0.392930 0.660675
vt 0.276922 0.472181
vt 0.327100 0.078503
vt 0.473450 0.857653
vt 0.460694 0.848818
vt 0.150374 0.970471
vt 0.445143 0.678868
vt 0.442789 0.676962
vt 0.514406 0.316196
vt 0.527412 0.358653
vt 0.535450 0.970128
vt 0.280459 0.945855
vt 0.278746 0.945433
vt 0.280447 0.943102
vt 0.329626 0.748564
vt 0.545244 0.393034
vt 0.554505 0.412835
vt 0.329957 0.751168
vt 0.944933 0.178895
vt 0.930342 0.156048
vt 0.944933 0.131989
vt 0.626837 0.770337
vt 0.609295 0.766864
vt 0.663745 0.476851
vt 0.018386 0.569753
vt 0.339344 0.086545
vt 0.130195 0.974227
vt 0.134442 0.585504
vt 0.445932 0.676937
vt 0.165134 0.161356
vt 0.165134 0.204888
vt 0.151682 0.188064
vt 0.156658 0.591761
vt 0.779737 0.151797
vt 0.325111 0.758729
vt 0.678550 0.538214
vt 0.647435 0.528427
vt 0.685280 0.532272
vt 0.313700 0.723796
vt 0.038140 0.632170
vt 0.482557 0.113649
vt 0.472023 0.111941
vt 0.440164 0.101524
vt 0.652721 0.467381
vt 0.681266 0.417426
vt 0.400799 0.663339
vt 0.925056 0.597011
vt 0.902539 0.590933
vt 0.903497 0.572090
vt 0.671973 0.850825
vt 0.162951 0.867868
vt 0.168192 0.869452
vt 0.164908 0.881905
vt 0.062074 0.385305
vt 0.736101 0.159464
vt 0.175591 0.567040
vt 0.333022 0.736800
vt 0.317139 0.760201
vt 0.322008 0.758782
vt 0.553207 0.379825
vt 0.324380 0.755977
vt 0.320556 0.762096
vt 0.321735 0.766078
vt 0.677132 0.519614
vt 0.056100 0.517219
vt 0.034484 0.564069
vt 0.642188 0.782857
vt 0.047856 0.634689
vt 0.458283 0.111162
vt 0.694174 0.505985
vt 0.668432 0.496310
vt 0.181479 0.720585
vt 0.505107 0.604459
vt 0.678143 0.432347
vt 0.665655 0.848304
vt 0.012111 0.414259
vt 0.023682 0.410271
vt 0.479658 0.841888
vt 0.495402 0.869822
vt 0.153836 0.867231
vt 0.540954 0.957365
vt 0.521243 0.349086
vt 0.535639 0.961225
vt 0.533228 0.367716
vt 0.295100 0.944800
vt 0.542782 0.367173
vt 0.318176 0.768583
vt 0.319085 0.765718
vt 0.482613 0.107408
vt 0.461357 0.092091
vt 0.230063 0.721761
vt 0.656727 0.475423
vt 0.444729 0.090919
vt 0.648663 0.464148
vt 0.672768 0.846965
vt 0.959752 0.472440
vt 0.970927 0.477650
vt 0.959783 0.512221
vt 0.131163 0.964022
vt 0.125932 0.973215
vt 0.562103 0.947244
vt 0.570918 0.945075
vt 0.565329 0.947541
vt 0.562436 0.931362
vt 0.145859 0.861492
vt 0.139612 0.853809
vt 0.154574 0.567656
vt 0.318425 0.744188
vt 0.175373 0.536369
vt 0.312188 0.763144
vt 0.314651 0.771059
vt 0.313433 0.767289
vt 0.311042 0.776757
vt 0.319394 0.781075
vt 0.162076 0.270022
vt 0.162076 0.298159
vt 0.154824 0.294720
vt 0.229185 0.736288
vt 0.467839 0.093776
vt 0.653313 0.490575
vt 0.026008 0.578156
vt 0.013778 0.581057
vt 0.261733 0.371109
vt 0.254129 0.498460
vt 0.277652 0.474131
vt 0.486708 0.843374
vt 0.838827 0.094799
vt 0.839285 0.055021
vt 0.860837 0.059569
vt 0.151047 0.874241
vt 0.142013 0.857516
vt 0.141937 0.859586
vt 0.567466 0.934982
vt 0.536170 0.950851
vt 0.310737 0.772433
vt 0.309628 0.768543
vt 0.636514 0.519710
vt 0.642771 0.504367
vt 0.643107 0.466911
vt 0.517032 0.630001
vt 0.519884 0.621170
vt 0.432030 0.667947
vt 0.299561 0.478747
vt 0.278062 0.481022
vt 0.350166 0.071667
vt 0.128973 0.959445
vt 0.157882 0.882518
vt 0.056282 0.399107
vt 0.137201 0.857470
vt 0.139148 0.856700
vt 0.136370 0.854872
vt 0.520017 0.334346
vt 0.134668 0.848972
vt 0.134664 0.855222
vt 0.134497 0.853432
vt 0.551976 0.791238
vt 0.549180 0.788600
vt 0.548334 0.785447
vt 0.280576 0.983159
vt 0.271935 0.980546
vt 0.755555 0.170575
vt 0.150524 0.558422
vt 0.537031 0.771966
vt 0.534255 0.771304
vt 0.532663 0.763250
vt 0.532259 0.765358
vt 0.529535 0.762722
vt 0.556562 0.365252
vt 0.308496 0.760106
vt 0.527331 0.755466
vt 0.544431 0.756793
vt 0.527157 0.759460
vt 0.521471 0.760834
vt 0.524786 0.758155
vt 0.307807 0.764774
vt 0.314534 0.782857
vt 0.236459 0.749219
vt 0.246172 0.728326
vt 0.631954 0.453373
vt 0.524019 0.637453
vt 0.679012 0.451060
vt 0.064781 0.884446
vt 0.076642 0.848188
vt 0.079813 0.874205
vt 0.349328 0.070413
vt 0.167388 0.897898
vt 0.127974 0.961109
vt 0.136873 0.871817
vt 0.133757 0.853265
vt 0.525062 0.315555
vt 0.545430 0.787097
vt 0.546545 0.790020
vt 0.547408 0.343348
vt 0.545701 0.784657
vt 0.545563 0.782635
vt 0.542399 0.782700
vt 0.531322 0.313390
vt 0.545370 0.780641
vt 0.542559 0.778014
vt 0.539525 0.778071
vt 0.545507 0.767725
vt 0.539741 0.775981
vt 0.548589 0.353478
vt 0.555358 0.362500
vt 0.528398 0.750674
vt 0.815110 0.312514
vt 0.817152 0.313211
vt 0.804094 0.326568
vt 0.073439 0.548835
vt 0.052411 0.573710
vt 0.646455 0.494005
vt 0.648938 0.488308
vt 0.234052 0.692085
vt 0.644757 0.481486
vt 0.632318 0.461540
vt 0.511371 0.620684
vt 0.012675 0.594788
vt 0.409236 0.664417
vt 0.905454 0.010620
vt 0.023598 0.442153
vt 0.473611 0.837417
vt 0.572801 0.951637
vt 0.060318 0.411333
vt 0.569870 0.921379
vt 0.575731 0.944500
vt 0.583765 0.922836
vt 0.128316 0.861808
vt 0.548951 0.791355
vt 0.541768 0.792522
vt 0.541309 0.791423
vt 0.295100 0.982957
vt 0.082443 0.389567
vt 0.065834 0.411625
vt 0.547452 0.316284
vt 0.556562 0.318435
vt 0.959232 0.576986
vt 0.961752 0.589211
vt 0.959482 0.584885
vt 0.957164 0.577771
vt 0.528503 0.743574
vt 0.540830 0.747845
vt 0.484699 0.102606
vt 0.642190 0.488944
vt 0.519694 0.643912
vt 0.894493 0.013896
vt 0.434176 0.669710
vt 0.360084 0.054732
vt 0.357347 0.076832
vt 0.158419 0.957057
vt 0.145257 0.302265
vt 0.117053 0.301064
vt 0.124827 0.272389
vt 0.143841 0.568324
vt 0.535345 0.784743
vt 0.520784 0.778189
vt 0.309479 0.745628
vt 0.961227 0.598159
vt 0.961752 0.622310
vt 0.959798 0.614248
vt 0.505968 0.772986
vt 0.515830 0.762366
vt 0.516495 0.777721
vt 0.957831 0.594782
vt 0.549258 0.750084
vt 0.519264 0.766761
vt 0.950917 0.578337
vt 0.815399 0.326618
vt 0.812448 0.341695
vt 0.631954 0.492598
vt 0.499371 0.607483
vt 0.488692 0.604454
vt 0.202681 0.676335
vt 0.635434 0.478051
vt 0.501139 0.618670
vt 0.514952 0.638802
vt 0.510487 0.629660
vt 0.178097 0.687964
vt 0.025560 0.592240
vt 0.937288 0.002582
vt 0.359233 0.089918
vt 0.165134 0.954632
vt 0.137809 0.955165
vt 0.130593 0.959790
vt 0.160717 0.900234
vt 0.575129 0.952211
vt 0.142614 0.882378
vt 0.586757 0.943730
vt 0.594349 0.921379
vt 0.823301 0.170799
vt 0.829564 0.205421
vt 0.816729 0.208639
vt 0.307807 0.710905
vt 0.528630 0.789025
vt 0.958997 0.601184
vt 0.957313 0.605910
vt 0.820722 0.323617
vt 0.546137 0.738699
vt 0.472179 0.088828
vt 0.482142 0.602836
vt 0.483557 0.606417
vt 0.488743 0.612177
vt 0.806281 0.373956
vt 0.810434 0.371013
vt 0.811395 0.377494
vt 0.506016 0.622330
vt 0.418996 0.664359
vt 0.113761 0.301025
vt 0.099752 0.306752
vt 0.093696 0.286817
vt 0.000198 0.458705
vt 0.574044 0.952884
vt 0.151599 0.891661
vt 0.496543 0.802734
vt 0.950988 0.588976
vt 0.947504 0.605372
vt 0.551976 0.738277
vt 0.101771 0.554060
vt 0.543001 0.732612
vt 0.784998 0.177366
vt 0.478847 0.089716
vt 0.481431 0.084362
vt 0.475326 0.606721
vt 0.039484 0.574603
vt 0.807213 0.356810
vt 0.505629 0.632638
vt 0.417677 0.667811
vt 0.178369 0.669997
vt 0.093358 0.876956
vt 0.089545 0.880928
vt 0.641887 0.189598
vt 0.650923 0.171685
vt 0.666011 0.189598
vt 0.116205 0.869698
vt 0.108941 0.891418
vt 0.278915 0.485966
vt 0.582722 0.955223
vt 0.574777 0.954248
vt 0.578703 0.953688
vt 0.127601 0.863583
vt 0.606611 0.932458
vt 0.540029 0.794345
vt 0.537633 0.792191
vt 0.947766 0.594066
vt 0.244038 0.695060
vt 0.481904 0.612486
vt 0.634113 0.483295
vt 0.492737 0.617709
vt 0.811651 0.362692
vt 0.081753 0.867174
vt 0.902539 0.625368
vt 0.666652 0.170314
vt 0.080988 0.310722
vt 0.088950 0.310348
vt 0.090601 0.317788
vt 0.598243 0.962297
vt 0.592552 0.957636
vt 0.109570 0.279584
vt 0.112827 0.281306
vt 0.576681 0.951484
vt 0.138400 0.876830
vt 0.826362 0.209732
vt 0.945793 0.587465
vt 0.943640 0.611818
vt 0.944968 0.580854
vt 0.216874 0.663293
vt 0.218847 0.656846
vt 0.221859 0.666554
vt 0.224597 0.658431
vt 0.226218 0.651857
vt 0.808305 0.351224
vt 0.808900 0.357080
vt 0.810963 0.356655
vt 0.492102 0.621452
vt 0.500465 0.624758
vt 0.820237 0.372761
vt 0.822028 0.379197
vt 0.915164 0.004917
vt 0.083586 0.856939
vt 0.116204 0.877636
vt 0.095481 0.318800
vt 0.089114 0.294776
vt 0.482670 0.838585
vt 0.488542 0.839355
vt 0.586161 0.955287
vt 0.586555 0.953630
vt 0.142618 0.884344
vt 0.050601 0.438627
vt 0.597113 0.940154
vt 0.821239 0.223606
vt 0.136486 0.892915
vt 0.118180 0.871357
vt 0.067233 0.417150
vt 0.524151 0.786817
vt 0.945388 0.597085
vt 0.084532 0.576193
vt 0.551578 0.735554
vt 0.548315 0.735166
vt 0.823422 0.327882
vt 0.221582 0.673375
vt 0.225587 0.672935
vt 0.227720 0.666090
vt 0.814446 0.344484
vt 0.482730 0.617520
vt 0.816752 0.365992
vt 0.802343 0.755335
vt 0.817676 0.722986
vt 0.834844 0.739190
vt 0.396254 0.898593
vt 0.429654 0.921998
vt 0.382689 0.920353
vt 0.105768 0.857281
vt 0.643637 0.175849
vt 0.642028 0.181414
vt 0.356148 0.070191
vt 0.056033 0.313564
vt 0.053454 0.300246
vt 0.471467 0.829814
vt 0.474184 0.835708
vt 0.106529 0.277568
vt 0.595096 0.956925
vt 0.154567 0.897161
vt 0.585636 0.951013
vt 0.150413 0.894593
vt 0.039199 0.316957
vt 0.826211 0.236998
vt 0.850134 0.199375
vt 0.123916 0.906708
vt 0.100802 0.413541
vt 0.111707 0.381547
vt 0.940779 0.611886
vt 0.941712 0.586625
vt 0.829141 0.325369
vt 0.828457 0.330487
vt 0.839431 0.324595
vt 0.839431 0.331543
vt 0.937407 0.608374
vt 0.937571 0.601042
vt 0.831237 0.333644
vt 0.822432 0.332635
vt 0.229375 0.677633
vt 0.233737 0.675018
vt 0.236435 0.666472
vt 0.822846 0.338488
vt 0.817157 0.343480
vt 0.232204 0.658548
vt 0.819986 0.343048
vt 0.231766 0.651651
vt 0.818624 0.351704
vt 0.495578 0.626313
vt 0.824405 0.375096
vt 0.500907 0.633321
vt 0.641518 0.172553
vt 0.086946 0.303707
vt 0.488730 0.838248
vt 0.153273 0.898052
vt 0.160616 0.901509
vt 0.598051 0.952769
vt 0.155818 0.906708
vt 0.850134 0.226717
vt 0.833277 0.336430
vt 0.235645 0.660698
vt 0.823094 0.371628
vt 0.509128 0.448024
vt 0.512221 0.472929
vt 0.491661 0.472541
vt 0.498570 0.485154
vt 0.922005 0.005031
vt 0.644379 0.162981
vt 0.088791 0.303129
vt 0.481520 0.837517
vt 0.484332 0.836243
vt 0.472582 0.829704
vt 0.598751 0.962115
vt 0.603150 0.967869
vt 0.494294 0.833839
vt 0.607020 0.966753
vt 0.241696 0.677967
vt 0.245531 0.670458
vt 0.250595 0.678884
vt 0.239106 0.668746
vt 0.835431 0.343963
vt 0.828576 0.343425
vt 0.825078 0.353118
vt 0.239747 0.653975
vt 0.240405 0.648970
vt 0.823616 0.355923
vt 0.238279 0.642803
vt 0.821429 0.360646
vt 0.243747 0.640142
vt 0.824062 0.365433
vt 0.252288 0.637246
vt 0.249273 0.647364
vt 0.826930 0.366790
vt 0.040499 0.589868
vt 0.096738 0.849839
vt 0.644736 0.170493
vt 0.642779 0.169520
vt 0.471684 0.823216
vt 0.105258 0.262249
vt 0.063298 0.433606
vt 0.839262 0.342114
vt 0.240459 0.663307
vt 0.512221 0.413093
vt 0.492579 0.417652
vt 0.511447 0.402713
vt 0.238388 0.657817
vt 0.185129 0.301908
vt 0.234905 0.317597
vt 0.183930 0.320444
vt 0.832738 0.367957
vt 0.888557 0.002582
vt 0.084006 0.849332
vt 0.857322 0.031343
vt 0.099148 0.440151
vt 0.070700 0.435111
vt 0.245275 0.664709
vt 0.252288 0.670213
vt 0.831196 0.351984
vt 0.243355 0.659628
vt 0.829049 0.359811
vt 0.086442 0.848952
vt 0.087132 0.299483
vt 0.249283 0.662140
vt 0.837662 0.352417
vt 0.831377 0.355565
vt 0.251023 0.656650
vt 0.248704 0.652553
vt 0.835073 0.358842
vt 0.836541 0.363809
vt 0.481702 0.464135
vt 0.160183 0.325551
vt 0.190061 0.363590
vt 0.149106 0.350412
vt 0.064781 0.835072
vt 0.079889 0.844662
vt 0.824470 0.727675
vt 0.103662 0.265116
vt 0.838827 0.031412
vt 0.012907 0.188726
vt 0.041786 0.202010
vt 0.012071 0.196252
vt 0.037232 0.223192
vt 0.004377 0.215341
vt 0.102444 0.594788
vt 0.475564 0.421869
vt 0.478866 0.480619
vt 0.488479 0.496166
vt 0.084367 0.847230
vt 0.090577 0.848092
vt 0.410202 0.903817
vt 0.474661 0.394737
vt 0.375529 0.262175
vt 0.386212 0.272285
vt 0.379806 0.278250
vt 0.812362 0.711810
vt 0.113993 0.859675
vt 0.641362 0.165154
vt 0.083678 0.296317
vt 0.014263 0.303858
vt 0.056999 0.286078
vt 0.049142 0.458705
vt 0.021416 0.191468
vt 0.113912 0.427547
vt 0.540534 0.395230
vt 0.556563 0.420480
vt 0.539253 0.420480
vt 0.084050 0.838267
vt 0.088007 0.846210
vt 0.802343 0.701873
vt 0.076004 0.288393
vt 0.029233 0.181666
vt 0.467493 0.420654
vt 0.459014 0.406219
vt 0.197814 0.337119
vt 0.833066 0.711547
vt 0.072677 0.269402
vt 0.087417 0.267808
vt 0.051790 0.196403
vt 0.471100 0.446328
vt 0.464977 0.477631
vt 0.083182 0.837217
vt 0.102599 0.851383
vt 0.402108 0.897786
vt 0.390472 0.899391
vt 0.396168 0.896104
vt 0.076062 0.286950
vt 0.051591 0.222337
vt 0.460182 0.425213
vt 0.082115 0.829913
vt 0.429654 0.909212
vt 0.394946 0.895091
vt 0.069477 0.283872
vt 0.101200 0.254406
vt 0.388640 0.288869
vt 0.097737 0.839796
vt 0.406250 0.882558
vt 0.163434 0.374449
vt 0.396970 0.891146
vt 0.820442 0.688230
vt 0.098561 0.830659
vt 0.381707 0.885468
vt 0.391322 0.867758
vt 0.198202 0.358370
vt 0.403715 0.281956
vt 0.419899 0.254888
vt 0.071644 0.283560
vt 0.086690 0.180005
vt 0.077630 0.204014
vt 0.069013 0.192019
vt 0.007358 0.298927
vt 0.066041 0.215093
vt 0.415981 0.302591
vt 0.375529 0.319081
vt 0.069812 0.280441
vt 0.063596 0.218910
vt 0.122874 0.214343
vt 0.168956 0.213358
vt 0.145753 0.228944
vt 0.160065 0.233010
vt 0.444870 0.391887
vt 0.448718 0.414236
vt 0.409734 0.868782
vt 0.126458 0.180005
vt 0.066238 0.183675
vt 0.179956 0.382904
vt 0.156458 0.379560
vt 0.155158 0.394214
vt 0.069376 0.213598
vt 0.065756 0.266595
vt 0.161830 0.396016
vt 0.234326 0.345613
vt 0.379046 0.343442
vt 0.402755 0.326801
vt 0.426709 0.273697
vt 0.093892 0.187293
vt 0.088946 0.205812
vt 0.157959 0.255849
vt 0.179220 0.384794
vt 0.174044 0.395351
vt 0.427825 0.272050
vt 0.063143 0.231573
vt 0.105569 0.259169
vt 0.242619 0.322703
vt 0.410827 0.344937
vt 0.071148 0.221354
vt 0.382793 0.359679
vt 0.206807 0.358007
vt 0.066240 0.254406
vt 0.067756 0.219985
vt 0.058980 0.247899
vt 0.430780 0.369258
vt 0.104263 0.186151
vt 0.100324 0.196343
vt 0.103572 0.194734
vt 0.234212 0.349838
vt 0.428986 0.345524
vt 0.432408 0.291573
vt 0.096032 0.207340
vt 0.108527 0.242468
vt 0.199955 0.366873
vt 0.104827 0.211942
vt 0.084104 0.212344
vt 0.071687 0.231671
vt 0.260561 0.347518
vt 0.251858 0.348148
vt 0.076632 0.239330
vt 0.075939 0.242334
vt 0.198885 0.378581
vt 0.435699 0.302321
vt 0.098744 0.204480
vt 0.099903 0.207828
vt 0.087227 0.214960
vt 0.252462 0.350539
vt 0.239386 0.359568
vt 0.206027 0.379412
vt 0.198419 0.381238
vt 0.192135 0.388954
vt 0.223838 0.369419
vt 0.188963 0.391625
vt 0.104399 0.213807
vt 0.203492 0.393469
vt 0.098795 0.206294
vt 0.093199 0.212018
vt 0.095650 0.257513
vt 0.233842 0.373482
vt 0.098902 0.207947
vt 0.107290 0.224017
vt 0.100370 0.222181
vt 0.438828 0.302238
vt 0.099359 0.211237
vt 0.257132 0.373391
vt 0.201633 0.383654
vt 0.104090 0.218601
vt 0.106128 0.247851
vt 0.257700 0.384843
vt 0.240717 0.396016
vt 0.243759 0.387181
vt 0.206444 0.384560
vt 0.105517 0.225560
vt 0.269872 0.372930
s 1
usemtl Material.005
f 1/1/1 2/2/2 3/3/3
f 3/3/3 2/2/2 4/4/4
f 5/5/5 6/6/6 1/1/1
f 6/6/6 2/2/2 1/1/1
f 5/5/5 7/7/7 6/6/6
f 6/6/6 7/7/7 2/2/2
f 5/5/5 8/8/8 7/7/7
f 1/1/1 3/3/3 9/9/9
f 1/1/1 10/10/10 5/5/5
f 7/11/7 8/12/8 11/13/11
f 11/13/11 12/14/12 7/11/7
f 13/15/13 14/16/14 7/17/7
f 7/18/7 12/19/12 13/20/13
f 12/19/12 15/21/15 13/20/13
f 12/19/12 16/22/16 15/21/15
f 16/22/16 17/23/17 15/21/15
f 16/24/16 18/25/18 17/26/17
f 1/1/1 9/9/9 10/10/10
f 3/3/3 19/27/19 9/9/9
f 10/10/10 20/28/20 5/5/5
f 7/7/7 14/29/14 2/2/2
f 11/13/11 21/30/21 12/14/12
f 12/14/12 22/31/22 16/32/16
f 22/33/22 18/25/18 16/24/16
f 15/21/15 17/23/17 13/20/13
f 17/26/17 18/25/18 23/34/23
f 24/35/24 25/36/25 18/25/18
f 18/25/18 25/36/25 23/34/23
f 19/27/19 3/3/3 4/4/4
f 26/37/26 20/28/20 10/10/10
f 5/5/5 20/28/20 8/8/8
f 21/30/21 22/31/22 12/14/12
f 22/33/22 24/35/24 18/25/18
f 23/34/23 27/38/27 17/26/17
f 25/36/25 24/35/24 28/39/28
f 9/9/9 29/40/29 10/10/10
f 30/41/30 4/4/4 2/2/2
f 20/28/20 31/42/31 8/8/8
f 11/43/11 8/8/8 31/42/31
f 13/15/13 32/44/32 14/16/14
f 28/39/28 33/45/33 25/36/25
f 25/36/25 33/45/33 23/34/23
f 10/10/10 29/40/29 26/37/26
f 14/29/14 30/41/30 2/2/2
f 31/46/31 21/30/21 11/13/11
f 13/47/13 34/48/34 32/49/32
f 21/30/21 35/50/35 22/31/22
f 22/33/22 35/51/35 24/35/24
f 33/45/33 36/52/36 23/34/23
f 23/34/23 36/52/36 27/38/27
f 9/9/9 37/53/37 29/40/29
f 19/27/19 37/53/37 9/9/9
f 26/37/26 31/42/31 20/28/20
f 30/41/30 14/29/14 38/54/38
f 33/45/33 39/55/39 36/52/36
f 21/30/21 31/46/31 35/50/35
f 24/35/24 40/56/40 28/39/28
f 29/40/29 41/57/41 26/37/26
f 41/57/41 42/58/42 26/37/26
f 26/37/26 42/58/42 31/42/31
f 27/38/27 36/52/36 43/59/43
f 19/27/19 44/60/44 37/53/37
f 17/23/17 45/61/45 13/20/13
f 27/38/27 45/62/45 17/26/17
f 27/38/27 43/59/43 45/62/45
f 24/35/24 35/51/35 46/63/46
f 44/60/44 47/64/47 37/53/37
f 31/42/31 42/58/42 48/65/48
f 48/66/48 49/67/49 31/46/31
f 31/46/31 49/67/49 35/50/35
f 13/20/13 45/61/45 34/68/34
f 33/45/33 28/39/28 39/55/39
f 37/53/37 47/64/47 29/40/29
f 4/4/4 30/41/30 50/69/50
f 49/67/49 46/70/46 35/50/35
f 40/56/40 51/71/51 28/39/28
f 28/39/28 51/71/51 39/55/39
f 44/60/44 19/27/19 47/64/47
f 50/69/50 19/27/19 4/4/4
f 52/72/52 48/65/48 42/58/42
f 36/52/36 53/73/53 43/59/43
f 29/40/29 54/74/54 41/57/41
f 54/74/54 42/58/42 41/57/41
f 48/66/48 55/75/55 49/67/49
f 55/76/55 56/77/56 49/78/49
f 49/79/49 57/80/57 46/63/46
f 46/63/46 57/80/57 58/81/58
f 24/35/24 46/63/46 40/56/40
f 36/52/36 39/55/39 53/73/53
f 59/82/59 55/83/55 52/72/52
f 52/72/52 55/83/55 48/65/48
f 14/16/14 32/44/32 38/84/38
f 56/77/56 57/85/57 49/78/49
f 46/63/46 58/81/58 60/86/60
f 40/56/40 46/63/46 61/87/61
f 52/72/52 62/88/62 59/82/59
f 58/81/58 57/80/57 60/86/60
f 30/41/30 63/89/63 50/69/50
f 54/74/54 52/72/52 42/58/42
f 30/41/30 38/54/38 63/89/63
f 46/63/46 60/86/60 61/87/61
f 64/90/64 29/91/29 47/92/47
f 47/92/47 19/93/19 65/94/65
f 19/93/19 50/95/50 65/94/65
f 66/96/66 62/88/62 52/72/52
f 45/62/45 43/59/43 67/97/67
f 43/59/43 53/73/53 68/98/68
f 40/99/40 69/100/69 70/101/70
f 40/99/40 70/101/70 51/102/51
f 64/90/64 71/103/71 29/91/29
f 62/88/62 72/104/72 59/82/59
f 59/82/59 73/105/73 55/83/55
f 38/106/38 32/49/32 74/107/74
f 75/108/75 76/109/76 57/80/57
f 43/59/43 68/98/68 67/97/67
f 57/80/57 77/110/77 60/86/60
f 60/86/60 77/110/77 61/87/61
f 61/87/61 69/111/69 40/56/40
f 51/102/51 78/112/78 39/113/39
f 64/90/64 47/92/47 65/94/65
f 62/88/62 66/96/66 79/114/79
f 79/114/79 72/104/72 62/88/62
f 72/104/72 80/115/80 59/82/59
f 45/116/45 67/117/67 34/48/34
f 53/118/53 39/113/39 81/119/81
f 65/94/65 50/95/50 82/120/82
f 54/74/54 66/96/66 52/72/52
f 55/76/55 73/121/73 56/77/56
f 32/49/32 83/122/83 74/107/74
f 57/80/57 84/123/84 77/110/77
f 84/123/84 85/124/85 77/110/77
f 77/110/77 85/124/85 61/87/61
f 61/87/61 85/124/85 86/125/86
f 70/101/70 87/126/87 51/102/51
f 80/115/80 73/105/73 59/82/59
f 56/77/56 88/127/88 57/85/57
f 34/48/34 67/117/67 83/122/83
f 32/49/32 34/48/34 83/122/83
f 57/80/57 76/109/76 84/123/84
f 87/126/87 78/112/78 51/102/51
f 63/89/63 89/128/89 50/69/50
f 85/124/85 84/123/84 86/125/86
f 86/129/86 69/100/69 61/130/61
f 64/90/64 90/131/90 71/103/71
f 64/90/64 65/94/65 90/131/90
f 71/103/71 91/132/91 29/91/29
f 92/133/92 78/112/78 87/126/87
f 93/134/93 65/94/65 82/120/82
f 91/132/91 54/135/54 29/91/29
f 94/136/94 79/114/79 66/96/66
f 38/54/38 74/137/74 89/128/89
f 88/138/88 75/108/75 57/80/57
f 95/139/95 86/129/86 84/140/84
f 86/129/86 96/141/96 69/100/69
f 97/142/97 92/133/92 70/101/70
f 70/101/70 92/133/92 87/126/87
f 90/131/90 65/94/65 93/134/93
f 71/103/71 98/143/98 91/132/91
f 72/104/72 99/144/99 80/115/80
f 38/54/38 89/128/89 63/89/63
f 75/108/75 100/145/100 76/109/76
f 68/98/68 101/146/101 67/97/67
f 95/139/95 96/141/96 86/129/86
f 69/100/69 97/142/97 70/101/70
f 68/147/68 53/118/53 102/148/102
f 53/118/53 81/119/81 102/148/102
f 93/134/93 103/149/103 90/131/90
f 90/131/90 98/143/98 71/103/71
f 67/150/67 104/151/104 83/152/83
f 84/140/84 105/153/105 95/139/95
f 68/147/68 106/154/106 101/155/101
f 96/141/96 107/156/107 69/100/69
f 69/100/69 107/156/107 97/142/97
f 68/147/68 102/148/102 106/154/106
f 39/113/39 78/112/78 81/119/81
f 90/131/90 103/149/103 98/143/98
f 54/74/54 94/136/94 66/96/66
f 50/95/50 89/157/89 82/120/82
f 94/136/94 72/104/72 79/114/79
f 96/141/96 95/139/95 107/156/107
f 108/158/108 78/112/78 92/133/92
f 93/134/93 82/120/82 109/159/109
f 94/136/94 110/160/110 72/104/72
f 74/107/74 83/122/83 111/161/111
f 56/77/56 73/121/73 88/127/88
f 84/123/84 76/109/76 105/162/105
f 81/119/81 112/163/112 102/148/102
f 78/112/78 112/163/112 81/119/81
f 113/164/113 92/133/92 97/142/97
f 92/133/92 113/164/113 108/158/108
f 103/149/103 93/134/93 114/165/114
f 104/166/104 67/97/67 101/146/101
f 107/156/107 95/139/95 115/167/115
f 78/112/78 108/158/108 112/163/112
f 108/158/108 113/164/113 116/168/116
f 103/149/103 117/169/117 98/143/98
f 114/165/114 117/169/117 103/149/103
f 114/165/114 93/134/93 109/159/109
f 98/143/98 118/170/118 91/132/91
f 111/161/111 83/122/83 119/171/119
f 83/122/83 120/172/120 119/171/119
f 76/109/76 100/145/100 121/173/121
f 95/139/95 122/174/122 115/167/115
f 107/156/107 115/167/115 97/142/97
f 97/142/97 115/167/115 123/175/123
f 112/163/112 108/158/108 124/176/124
f 116/168/116 124/176/124 108/158/108
f 117/169/117 118/170/118 98/143/98
f 72/104/72 110/160/110 99/144/99
f 73/177/73 125/178/125 88/179/88
f 83/122/83 126/180/126 120/172/120
f 76/109/76 121/173/121 105/162/105
f 97/142/97 123/175/123 113/164/113
f 114/165/114 127/181/127 117/169/117
f 114/165/114 109/159/109 127/181/127
f 99/144/99 128/182/128 80/115/80
f 80/115/80 128/182/128 73/105/73
f 74/107/74 111/161/111 129/183/129
f 126/180/126 83/122/83 130/184/130
f 95/139/95 131/185/131 122/174/122
f 95/139/95 105/153/105 131/185/131
f 122/174/122 132/186/132 115/167/115
f 115/167/115 132/186/132 123/175/123
f 117/169/117 133/187/133 118/170/118
f 127/181/127 133/187/133 117/169/117
f 82/188/82 89/189/89 134/190/134
f 94/191/94 135/192/135 110/193/110
f 89/194/89 129/183/129 136/195/136
f 74/107/74 129/183/129 89/194/89
f 111/161/111 119/171/119 129/183/129
f 104/151/104 130/196/130 83/152/83
f 104/151/104 101/197/101 130/196/130
f 105/153/105 137/198/137 131/185/131
f 131/185/131 138/199/138 122/174/122
f 109/159/109 82/120/82 139/200/139
f 140/201/140 141/202/141 142/203/142
f 140/201/140 142/203/142 143/204/143
f 143/204/143 142/203/142 144/205/144
f 141/206/141 145/207/145 142/208/142
f 144/205/144 146/209/146 147/210/147
f 142/203/142 145/211/145 146/209/146
f 142/203/142 146/209/146 144/205/144
f 145/211/145 148/212/148 146/209/146
f 82/213/82 134/214/134 139/215/139
f 145/207/145 149/216/149 148/217/148
f 129/183/129 119/171/119 150/218/150
f 151/219/151 152/220/152 153/221/153
f 154/222/154 153/221/153 155/223/155
f 153/221/153 156/224/156 155/223/155
f 153/221/153 157/225/157 156/224/156
f 152/226/152 157/227/157 153/228/153
f 152/226/152 158/229/158 157/227/157
f 152/226/152 159/230/159 158/229/158
f 157/227/157 158/229/158 160/231/160
f 161/232/161 75/108/75 88/138/88
f 75/108/75 161/232/161 162/233/162
f 105/153/105 163/234/163 137/198/137
f 137/198/137 164/235/164 131/185/131
f 131/185/131 164/235/164 138/199/138
f 122/174/122 138/199/138 132/186/132
f 116/168/116 113/164/113 165/236/165
f 116/168/116 165/236/165 124/176/124
f 140/201/140 166/237/166 167/238/167
f 143/204/143 166/237/166 140/201/140
f 140/201/140 167/238/167 141/202/141
f 147/210/147 143/204/143 144/205/144
f 147/210/147 168/239/168 169/240/169
f 146/209/146 168/239/168 147/210/147
f 141/206/141 149/216/149 145/207/145
f 139/215/139 134/214/134 170/241/170
f 148/217/148 149/216/149 146/242/146
f 149/243/149 171/244/171 146/245/146
f 151/219/151 154/222/154 172/246/172
f 120/172/120 126/180/126 119/171/119
f 153/221/153 154/222/154 151/219/151
f 173/247/173 154/222/154 174/248/174
f 154/222/154 155/223/155 174/248/174
f 152/226/152 151/249/151 175/250/175
f 174/248/174 155/223/155 176/251/176
f 175/250/175 177/252/177 178/253/178
f 156/224/156 176/251/176 155/223/155
f 178/253/178 152/226/152 175/250/175
f 178/253/178 179/254/179 152/226/152
f 156/224/156 180/255/180 176/251/176
f 156/224/156 181/256/181 180/255/180
f 152/226/152 179/254/179 159/230/159
f 157/227/157 160/231/160 156/257/156
f 156/224/156 160/258/160 181/256/181
f 159/230/159 182/259/182 158/229/158
f 158/229/158 183/260/183 160/231/160
f 105/153/105 121/261/121 163/234/163
f 138/199/138 184/262/184 132/186/132
f 127/181/127 109/159/109 185/263/185
f 167/264/167 166/265/166 186/266/186
f 167/264/167 186/266/186 141/206/141
f 147/210/147 187/267/187 143/204/143
f 169/240/169 187/267/187 147/210/147
f 91/132/91 94/268/94 54/135/54
f 171/244/171 168/269/168 146/245/146
f 149/216/149 188/270/188 171/271/171
f 189/272/189 188/270/188 149/216/149
f 89/189/89 136/273/136 134/190/134
f 190/274/190 188/270/188 189/272/189
f 189/272/189 191/275/191 190/274/190
f 191/275/191 192/276/192 190/274/190
f 154/222/154 173/247/173 172/246/172
f 175/250/175 151/249/151 193/277/193
f 193/277/193 177/252/177 175/250/175
f 193/277/193 194/278/194 177/252/177
f 177/252/177 195/279/195 178/253/178
f 178/253/178 195/279/195 179/254/179
f 195/279/195 196/280/196 179/254/179
f 179/254/179 196/280/196 159/230/159
f 160/231/160 197/281/197 181/282/181
f 182/259/182 183/260/183 158/229/158
f 160/231/160 183/260/183 197/281/197
f 101/197/101 106/283/106 130/196/130
f 137/198/137 163/234/163 164/235/164
f 184/262/184 123/175/123 132/186/132
f 102/148/102 112/163/112 198/284/198
f 124/176/124 165/236/165 199/285/199
f 133/187/133 127/181/127 200/286/200
f 200/286/200 127/181/127 185/263/185
f 201/287/201 118/170/118 133/187/133
f 166/237/166 143/204/143 187/267/187
f 187/267/187 169/240/169 202/288/202
f 203/289/203 141/206/141 186/266/186
f 169/240/169 168/239/168 202/288/202
f 202/288/202 168/239/168 204/290/204
f 205/291/205 94/268/94 91/132/91
f 203/289/203 206/292/206 141/206/141
f 207/293/207 204/294/204 168/295/168
f 206/292/206 149/216/149 141/206/141
f 191/296/191 208/297/208 192/298/192
f 192/298/192 208/297/208 209/299/209
f 210/300/210 128/301/128 99/302/99
f 172/246/172 173/247/173 211/303/211
f 151/219/151 172/246/172 212/304/212
f 213/305/213 193/306/193 212/304/212
f 212/304/212 193/306/193 151/219/151
f 214/307/214 173/247/173 174/248/174
f 174/248/174 176/251/176 215/308/215
f 215/308/215 176/251/176 216/309/216
f 194/278/194 195/279/195 177/252/177
f 180/255/180 217/310/217 176/251/176
f 218/311/218 180/255/180 181/256/181
f 196/280/196 219/312/219 159/230/159
f 220/313/220 159/230/159 219/312/219
f 159/230/159 220/313/220 182/259/182
f 221/314/221 183/260/183 182/259/182
f 221/314/221 197/281/197 183/260/183
f 222/315/222 197/281/197 221/314/221
f 100/316/100 163/234/163 121/261/121
f 113/164/113 199/285/199 165/236/165
f 133/187/133 200/286/200 201/287/201
f 118/170/118 223/317/223 91/132/91
f 166/237/166 224/318/224 186/319/186
f 187/267/187 202/288/202 166/237/166
f 186/266/186 225/320/225 203/289/203
f 204/294/204 226/321/226 202/322/202
f 204/294/204 207/293/207 226/321/226
f 206/292/206 227/323/227 149/216/149
f 227/323/227 189/272/189 149/216/149
f 189/272/189 228/324/228 191/275/191
f 192/276/192 188/270/188 190/274/190
f 228/325/228 208/297/208 191/296/191
f 192/276/192 229/326/229 188/270/188
f 208/297/208 230/327/230 209/299/209
f 231/328/231 192/298/192 209/299/209
f 129/183/129 232/329/232 136/195/136
f 150/218/150 232/329/232 129/183/129
f 128/301/128 125/178/125 73/177/73
f 233/330/233 234/331/234 235/332/235
f 235/332/235 212/333/212 236/334/236
f 234/335/234 212/336/212 235/337/235
f 212/304/212 237/338/237 236/339/236
f 212/304/212 211/303/211 237/338/237
f 236/339/236 237/338/237 238/340/238
f 236/334/236 238/341/238 239/342/239
f 119/171/119 240/343/240 150/218/150
f 211/303/211 212/304/212 172/246/172
f 211/303/211 173/247/173 237/338/237
f 237/338/237 214/307/214 238/340/238
f 237/338/237 173/247/173 214/307/214
f 214/307/214 215/308/215 238/340/238
f 214/307/214 174/248/174 215/308/215
f 119/171/119 126/180/126 240/343/240
f 213/344/213 194/278/194 193/277/193
f 216/309/216 176/251/176 217/310/217
f 180/255/180 218/311/218 217/310/217
f 181/282/181 197/281/197 218/345/218
f 197/346/197 241/347/241 218/348/218
f 220/313/220 242/349/242 182/259/182
f 242/349/242 221/314/221 182/259/182
f 130/196/130 243/350/243 244/351/244
f 130/196/130 106/283/106 243/350/243
f 100/316/100 245/352/245 163/234/163
f 164/235/164 246/353/246 138/199/138
f 138/199/138 246/353/246 184/262/184
f 124/176/124 247/354/247 112/163/112
f 199/285/199 113/164/113 248/355/248
f 199/285/199 249/356/249 124/176/124
f 207/293/207 250/357/250 226/321/226
f 206/292/206 225/320/225 251/358/251
f 203/289/203 225/320/225 206/292/206
f 250/357/250 207/293/207 252/359/252
f 171/244/171 207/360/207 168/269/168
f 171/244/171 253/361/253 207/360/207
f 227/323/227 228/324/228 189/272/189
f 188/270/188 229/326/229 253/362/253
f 208/297/208 228/325/228 230/327/230
f 230/327/230 254/363/254 255/364/255
f 230/327/230 231/328/231 209/299/209
f 230/327/230 255/364/255 231/328/231
f 192/298/192 231/328/231 256/365/256
f 236/334/236 257/366/257 235/332/235
f 257/366/257 236/334/236 239/342/239
f 234/335/234 258/367/258 212/336/212
f 239/368/239 238/340/238 259/369/259
f 259/369/259 238/340/238 215/308/215
f 258/370/258 213/344/213 212/371/212
f 216/309/216 260/372/260 215/308/215
f 125/178/125 261/373/261 88/179/88
f 194/278/194 262/374/262 195/279/195
f 240/343/240 126/180/126 130/184/130
f 218/348/218 263/375/263 217/376/217
f 262/374/262 264/377/264 196/280/196
f 262/374/262 196/280/196 195/279/195
f 218/348/218 241/347/241 263/375/263
f 196/280/196 264/377/264 219/312/219
f 219/312/219 264/377/264 265/378/265
f 197/346/197 266/379/266 241/347/241
f 219/312/219 265/378/265 220/313/220
f 222/380/222 266/379/266 197/346/197
f 220/313/220 265/378/265 267/381/267
f 267/381/267 242/349/242 220/313/220
f 221/382/221 268/383/268 222/380/222
f 75/108/75 162/233/162 100/145/100
f 199/384/199 248/385/248 249/386/249
f 185/263/185 109/159/109 139/200/139
f 201/287/201 223/317/223 118/170/118
f 186/319/186 224/318/224 225/387/225
f 269/388/269 270/389/270 250/357/250
f 250/357/250 270/389/270 226/321/226
f 250/357/250 252/359/252 269/388/269
f 269/388/269 252/359/252 271/390/271
f 251/358/251 272/391/272 206/292/206
f 206/292/206 273/392/273 227/323/227
f 188/270/188 253/362/253 171/271/171
f 228/325/228 254/363/254 230/327/230
f 192/298/192 256/365/256 229/393/229
f 235/332/235 274/394/274 233/330/233
f 235/332/235 275/395/275 276/396/276
f 257/366/257 275/395/275 235/332/235
f 257/366/257 239/342/239 277/397/277
f 278/398/278 279/399/279 234/335/234
f 233/330/233 278/400/278 234/331/234
f 258/367/258 234/335/234 279/399/279
f 258/370/258 279/401/279 280/402/280
f 239/368/239 259/369/259 277/403/277
f 258/370/258 194/278/194 213/344/213
f 280/402/280 194/278/194 258/370/258
f 215/308/215 260/372/260 259/369/259
f 216/309/216 217/310/217 260/372/260
f 263/375/263 281/404/281 217/376/217
f 242/405/242 268/383/268 221/382/221
f 162/406/162 245/352/245 100/316/100
f 163/234/163 245/352/245 164/235/164
f 198/284/198 282/407/282 102/148/102
f 198/284/198 112/163/112 283/408/283
f 185/263/185 284/409/284 200/286/200
f 200/286/200 284/409/284 201/287/201
f 202/288/202 224/318/224 166/237/166
f 226/321/226 270/389/270 202/322/202
f 251/358/251 225/320/225 272/391/272
f 206/292/206 285/410/285 273/392/273
f 253/411/253 252/412/252 207/413/207
f 255/364/255 286/414/286 231/328/231
f 231/328/231 286/414/286 256/365/256
f 277/397/277 287/415/287 257/366/257
f 288/416/288 277/403/277 259/369/259
f 259/369/259 260/372/260 288/416/288
f 280/402/280 289/417/289 194/278/194
f 217/376/217 281/404/281 260/418/260
f 130/419/130 290/420/290 240/421/240
f 88/422/88 261/423/261 161/424/161
f 222/380/222 291/425/291 266/379/266
f 267/381/267 265/378/265 292/426/292
f 267/381/267 292/426/292 242/349/242
f 222/380/222 268/383/268 291/425/291
f 242/349/242 292/426/292 293/427/293
f 242/405/242 293/428/293 268/383/268
f 243/350/243 294/429/294 244/351/244
f 123/175/123 295/430/295 113/164/113
f 247/431/247 283/432/283 112/433/112
f 249/386/249 247/434/247 124/435/124
f 185/436/185 139/437/139 296/438/296
f 223/317/223 205/291/205 91/132/91
f 269/388/269 297/439/297 270/389/270
f 271/390/271 297/439/297 269/388/269
f 271/390/271 298/440/298 297/439/297
f 272/391/272 285/410/285 206/292/206
f 271/390/271 252/359/252 299/441/299
f 271/390/271 299/441/299 298/440/298
f 252/359/252 300/442/300 299/441/299
f 229/326/229 301/443/301 253/362/253
f 228/325/228 302/444/302 254/363/254
f 229/393/229 303/445/303 301/446/301
f 254/363/254 304/447/304 255/364/255
f 255/364/255 304/447/304 305/448/305
f 256/365/256 303/445/303 229/393/229
f 306/449/306 276/396/276 275/395/275
f 275/395/275 257/366/257 306/449/306
f 257/366/257 287/415/287 306/449/306
f 307/450/307 278/400/278 233/330/233
f 278/451/278 308/452/308 279/401/279
f 279/401/279 309/453/309 280/402/280
f 277/454/277 288/455/288 310/456/310
f 309/457/309 289/458/289 280/459/280
f 288/460/288 260/461/260 311/462/311
f 260/418/260 281/404/281 312/463/312
f 194/278/194 289/417/289 262/374/262
f 289/458/289 313/464/313 262/465/262
f 313/464/313 264/466/264 262/465/262
f 263/375/263 241/347/241 281/404/281
f 241/347/241 314/467/314 281/404/281
f 313/464/313 315/468/315 264/466/264
f 130/469/130 316/470/316 290/471/290
f 265/378/265 264/377/264 315/472/315
f 315/472/315 292/426/292 265/378/265
f 244/351/244 316/473/316 130/196/130
f 164/235/164 317/474/317 246/353/246
f 184/262/184 318/475/318 123/175/123
f 295/476/295 248/385/248 113/477/113
f 248/385/248 319/478/319 249/386/249
f 139/437/139 320/479/320 296/438/296
f 202/322/202 270/389/270 321/480/321
f 273/481/273 285/482/285 322/483/322
f 300/442/300 323/484/323 299/441/299
f 273/485/273 324/486/324 227/487/227
f 273/485/273 325/488/325 324/486/324
f 253/411/253 300/489/300 252/412/252
f 326/490/326 99/491/99 110/492/110
f 254/363/254 327/493/327 304/447/304
f 286/414/286 255/364/255 305/448/305
f 328/494/328 125/178/125 128/301/128
f 276/396/276 306/449/306 329/495/329
f 235/332/235 276/396/276 274/394/274
f 232/496/232 150/497/150 240/421/240
f 277/454/277 310/456/310 287/498/287
f 308/452/308 309/453/309 279/401/279
f 260/461/260 312/499/312 311/462/311
f 266/379/266 314/467/314 241/347/241
f 266/379/266 291/425/291 314/467/314
f 316/473/316 244/351/244 330/500/330
f 244/351/244 294/429/294 330/500/330
f 123/501/123 331/502/331 295/476/295
f 185/436/185 332/503/332 284/504/284
f 202/322/202 321/480/321 224/505/224
f 225/320/225 224/506/224 272/391/272
f 270/389/270 297/439/297 333/507/333
f 170/508/170 134/509/134 334/510/334
f 299/441/299 323/484/323 298/440/298
f 322/483/322 335/511/335 273/481/273
f 227/512/227 336/513/336 228/514/228
f 228/514/228 336/513/336 302/515/302
f 254/363/254 302/444/302 327/493/327
f 328/494/328 128/301/128 210/300/210
f 337/516/337 338/517/338 329/495/329
f 274/394/274 338/517/338 307/450/307
f 276/396/276 338/517/338 274/394/274
f 276/396/276 329/495/329 338/517/338
f 274/394/274 307/450/307 233/330/233
f 306/449/306 287/415/287 329/495/329
f 339/518/339 308/519/308 278/520/278
f 339/518/339 309/457/309 308/519/308
f 340/521/340 240/421/240 341/522/341
f 310/523/310 288/460/288 311/462/311
f 342/524/342 312/499/312 281/525/281
f 343/526/343 313/464/313 289/458/289
f 281/404/281 314/467/314 344/527/344
f 345/528/345 315/468/315 313/464/313
f 344/527/344 314/467/314 346/529/346
f 347/530/347 293/428/293 292/531/292
f 347/530/347 268/383/268 293/428/293
f 348/532/348 162/533/162 161/424/161
f 247/434/247 249/386/249 319/478/319
f 139/437/139 170/534/170 320/479/320
f 205/291/205 135/535/135 94/268/94
f 335/511/335 322/483/322 285/482/285
f 298/440/298 323/484/323 349/536/349
f 335/511/335 325/537/325 273/481/273
f 350/538/350 324/486/324 325/488/325
f 351/539/351 324/540/324 352/541/352
f 353/542/353 324/540/324 351/539/351
f 353/542/353 227/512/227 324/540/324
f 354/543/354 355/544/355 351/539/351
f 356/545/356 227/512/227 353/542/353
f 227/512/227 356/545/356 336/513/336
f 354/543/354 337/516/337 355/544/355
f 355/544/355 336/513/336 356/545/356
f 357/546/357 336/513/336 355/544/355
f 357/546/357 302/515/302 336/513/336
f 358/547/358 302/515/302 357/546/357
f 359/548/359 302/515/302 358/547/358
f 359/549/359 327/493/327 302/444/302
f 357/546/357 355/544/355 329/495/329
f 360/550/360 327/493/327 359/549/359
f 329/495/329 355/544/355 337/516/337
f 357/546/357 287/415/287 361/551/361
f 337/516/337 307/450/307 338/517/338
f 357/546/357 329/495/329 287/415/287
f 256/365/256 362/552/362 303/445/303
f 286/414/286 363/553/363 256/365/256
f 256/365/256 363/553/363 362/552/362
f 310/456/310 364/554/364 287/498/287
f 309/457/309 343/526/343 289/458/289
f 343/526/343 365/555/365 313/464/313
f 261/423/261 366/556/366 161/424/161
f 292/531/292 367/557/367 347/530/347
f 268/383/268 368/558/368 291/425/291
f 162/533/162 369/559/369 245/560/245
f 370/561/370 294/429/294 243/350/243
f 246/353/246 317/474/317 184/262/184
f 123/501/123 318/562/318 331/502/331
f 371/563/371 201/564/201 284/504/284
f 332/503/332 185/436/185 296/438/296
f 270/389/270 333/507/333 321/480/321
f 297/439/297 372/565/372 333/507/333
f 297/439/297 298/440/298 372/565/372
f 298/440/298 373/566/373 372/565/372
f 323/484/323 300/442/300 349/536/349
f 350/567/350 352/541/352 324/540/324
f 374/568/374 351/539/351 352/541/352
f 374/568/374 354/543/354 351/539/351
f 375/569/375 376/570/376 354/543/354
f 351/539/351 355/544/355 353/542/353
f 353/542/353 355/544/355 356/545/356
f 376/570/376 337/516/337 354/543/354
f 358/547/358 357/546/357 361/551/361
f 358/547/358 361/551/361 359/548/359
f 376/570/376 307/450/307 337/516/337
f 359/549/359 361/571/361 360/550/360
f 360/550/360 361/571/361 377/572/377
f 361/571/361 378/573/378 377/572/377
f 327/493/327 360/550/360 304/447/304
f 360/550/360 377/572/377 304/447/304
f 304/447/304 378/573/378 379/574/379
f 377/572/377 378/573/378 304/447/304
f 361/571/361 287/498/287 378/573/378
f 304/447/304 379/574/379 380/575/380
f 304/447/304 380/575/380 305/448/305
f 240/421/240 340/521/340 232/496/232
f 287/498/287 364/554/364 378/573/378
f 310/456/310 381/576/381 364/554/364
f 309/457/309 339/518/339 382/577/382
f 309/457/309 382/577/382 383/578/383
f 309/457/309 383/578/383 343/526/343
f 384/579/384 345/528/345 313/464/313
f 345/580/345 292/426/292 315/472/315
f 291/425/291 346/529/346 314/467/314
f 368/558/368 385/581/385 291/425/291
f 368/558/368 268/383/268 347/530/347
f 368/558/368 347/530/347 385/581/385
f 316/582/316 330/583/330 386/584/386
f 317/474/317 387/585/387 184/262/184
f 387/585/387 318/475/318 184/262/184
f 319/478/319 248/385/248 388/586/388
f 319/478/319 388/586/388 247/434/247
f 332/503/332 371/563/371 284/504/284
f 298/440/298 349/536/349 373/566/373
f 300/442/300 389/587/389 349/536/349
f 134/588/134 136/589/136 390/590/390
f 325/488/325 391/591/391 350/538/350
f 350/538/350 391/591/391 352/592/352
f 352/592/352 392/593/392 374/594/374
f 352/592/352 391/591/391 392/593/392
f 393/595/393 375/569/375 354/543/354
f 300/489/300 253/411/253 394/596/394
f 253/411/253 301/597/301 394/596/394
f 395/598/395 307/450/307 376/570/376
f 379/574/379 378/573/378 380/575/380
f 378/573/378 396/599/396 380/575/380
f 380/575/380 397/600/397 305/448/305
f 396/599/396 397/600/397 380/575/380
f 397/600/397 396/599/396 305/448/305
f 328/494/328 398/601/398 125/178/125
f 362/552/362 301/446/301 303/445/303
f 286/414/286 305/448/305 363/553/363
f 307/450/307 399/602/399 278/400/278
f 364/554/364 396/599/396 378/573/378
f 400/603/400 339/518/339 278/520/278
f 310/456/310 311/604/311 381/576/381
f 398/601/398 261/373/261 125/178/125
f 400/603/400 382/577/382 339/518/339
f 400/603/400 383/578/383 382/577/382
f 343/526/343 401/605/401 365/555/365
f 342/606/342 281/404/281 344/527/344
f 291/425/291 385/581/385 346/529/346
f 316/582/316 386/584/386 290/607/290
f 243/350/243 106/283/106 402/608/402
f 102/148/102 402/609/402 106/154/106
f 245/352/245 317/474/317 164/235/164
f 248/385/248 295/476/295 388/586/388
f 334/610/334 403/611/403 170/534/170
f 135/192/135 404/612/404 110/193/110
f 349/536/349 389/587/389 405/613/405
f 335/511/335 406/614/406 325/537/325
f 406/615/406 391/591/391 325/488/325
f 374/568/374 392/616/392 354/543/354
f 300/489/300 394/596/394 389/617/389
f 375/569/375 393/595/393 376/570/376
f 210/618/210 407/619/407 328/620/328
f 307/450/307 395/598/395 399/602/399
f 396/599/396 408/621/408 305/448/305
f 305/448/305 408/621/408 409/622/409
f 408/621/408 396/599/396 409/622/409
f 305/448/305 409/622/409 363/553/363
f 363/553/363 396/599/396 410/623/410
f 363/553/363 409/622/409 396/599/396
f 363/553/363 410/623/410 411/624/411
f 363/553/363 411/624/411 362/552/362
f 399/602/399 400/625/400 278/400/278
f 340/521/340 341/522/341 412/626/412
f 381/627/381 311/628/311 413/629/413
f 398/601/398 414/630/414 261/373/261
f 311/462/311 312/499/312 413/631/413
f 383/578/383 415/632/415 343/526/343
f 415/632/415 401/605/401 343/526/343
f 240/421/240 290/420/290 341/522/341
f 365/555/365 401/605/401 384/579/384
f 365/555/365 384/579/384 313/464/313
f 345/528/345 384/579/384 367/633/367
f 345/528/345 367/633/367 292/634/292
f 370/561/370 330/500/330 294/429/294
f 243/350/243 402/608/402 370/561/370
f 296/438/296 416/635/416 332/503/332
f 333/507/333 372/565/372 321/480/321
f 335/511/335 417/636/417 406/614/406
f 406/615/406 418/637/418 391/591/391
f 391/591/391 418/637/418 392/593/392
f 354/543/354 392/616/392 393/595/393
f 99/491/99 326/490/326 419/638/419
f 99/491/99 419/638/419 210/618/210
f 396/599/396 420/639/420 410/623/410
f 410/623/410 420/639/420 411/624/411
f 396/599/396 421/640/421 420/639/420
f 420/639/420 421/640/421 411/624/411
f 411/624/411 421/640/421 362/552/362
f 362/552/362 421/640/421 422/641/422
f 364/554/364 421/640/421 396/599/396
f 364/554/364 381/576/381 421/640/421
f 423/642/423 340/521/340 412/626/412
f 424/643/424 412/626/412 341/522/341
f 400/603/400 425/644/425 383/578/383
f 383/578/383 425/644/425 415/632/415
f 341/522/341 290/420/290 424/643/424
f 342/524/342 426/645/426 312/499/312
f 401/605/401 415/632/415 384/579/384
f 342/524/342 344/646/344 427/647/427
f 344/527/344 346/529/346 428/648/428
f 347/530/347 429/649/429 385/581/385
f 348/532/348 430/650/430 162/533/162
f 162/533/162 430/650/430 369/559/369
f 431/651/431 432/652/432 245/352/245
f 282/407/282 433/653/433 102/148/102
f 170/534/170 434/654/434 320/479/320
f 205/291/205 435/655/435 135/535/135
f 372/565/372 436/656/436 321/480/321
f 372/565/372 373/566/373 436/656/436
f 272/657/272 437/658/437 285/482/285
f 349/536/349 436/656/436 373/566/373
f 334/510/334 134/509/134 390/659/390
f 438/660/438 417/636/417 335/511/335
f 349/536/349 405/613/405 439/661/439
f 110/492/110 404/662/404 326/490/326
f 406/614/406 417/636/417 418/663/418
f 393/595/393 440/664/440 441/665/441
f 441/665/441 442/666/442 393/595/393
f 393/595/393 442/666/442 376/570/376
f 442/666/442 443/667/443 376/570/376
f 232/668/232 444/669/444 136/589/136
f 394/670/394 301/671/301 445/672/445
f 443/667/443 395/598/395 376/570/376
f 446/673/446 445/674/445 301/675/301
f 301/446/301 362/552/362 446/676/446
f 362/677/362 422/678/422 447/679/447
f 312/499/312 426/645/426 413/631/413
f 261/423/261 414/680/414 448/681/448
f 367/633/367 384/579/384 449/682/449
f 385/581/385 450/683/450 346/529/346
f 161/424/161 366/556/366 348/532/348
f 245/352/245 432/652/432 317/474/317
f 402/609/402 102/148/102 433/653/433
f 451/684/451 318/562/318 387/685/387
f 452/686/452 371/563/371 332/503/332
f 371/563/371 223/687/223 201/564/201
f 434/654/434 170/534/170 403/611/403
f 321/480/321 453/688/453 224/505/224
f 335/511/335 285/482/285 454/689/454
f 438/660/438 335/511/335 455/690/455
f 456/691/456 417/636/417 457/692/457
f 457/692/457 417/636/417 438/660/438
f 456/691/456 418/663/418 417/636/417
f 440/664/440 393/595/393 392/616/392
f 405/613/405 389/587/389 458/693/458
f 389/617/389 394/596/394 459/694/459
f 210/618/210 419/638/419 407/619/407
f 232/496/232 340/521/340 444/695/444
f 362/677/362 447/679/447 446/673/446
f 460/696/460 398/601/398 328/494/328
f 395/697/395 461/698/461 399/699/399
f 399/700/399 461/701/461 400/603/400
f 381/627/381 462/702/462 421/703/421
f 421/703/421 462/702/462 422/704/422
f 381/627/381 413/629/413 462/702/462
f 412/705/412 424/706/424 463/707/463
f 424/706/424 464/708/464 463/707/463
f 460/696/460 414/630/414 398/601/398
f 465/709/465 464/708/464 424/706/424
f 290/607/290 466/710/466 424/711/424
f 427/647/427 426/645/426 342/524/342
f 366/556/366 261/423/261 448/681/448
f 450/683/450 385/581/385 429/649/429
f 467/712/467 347/530/347 367/557/367
f 247/434/247 388/586/388 468/713/468
f 452/686/452 332/503/332 416/635/416
f 223/714/223 469/715/469 205/716/205
f 435/717/435 470/718/470 135/719/135
f 403/720/403 334/510/334 471/721/471
f 334/510/334 390/659/390 472/722/472
f 453/688/453 473/723/473 224/505/224
f 335/511/335 454/689/454 455/690/455
f 436/656/436 349/536/349 439/661/439
f 438/660/438 456/691/456 457/692/457
f 441/724/441 440/725/440 474/726/474
f 475/727/475 419/638/419 326/490/326
f 458/728/458 389/617/389 476/729/476
f 389/617/389 459/694/459 476/729/476
f 136/589/136 477/730/477 390/590/390
f 459/731/459 394/732/394 478/733/478
f 477/730/477 136/589/136 444/669/444
f 442/666/442 479/734/479 443/667/443
f 480/735/480 395/697/395 443/736/443
f 480/735/480 461/698/461 395/697/395
f 446/673/446 447/679/447 481/737/481
f 413/631/413 426/645/426 462/738/462
f 463/707/463 464/708/464 482/739/482
f 426/645/426 483/740/483 462/738/462
f 424/706/424 466/741/466 465/709/465
f 484/742/484 347/530/347 467/712/467
f 366/556/366 485/743/485 348/532/348
f 369/559/369 430/650/430 245/560/245
f 370/561/370 486/744/486 330/500/330
f 198/745/198 283/746/283 282/747/282
f 295/476/295 468/713/468 388/586/388
f 471/748/471 434/654/434 403/611/403
f 224/749/224 473/750/473 487/751/487
f 436/656/436 488/752/488 321/480/321
f 438/660/438 489/753/489 456/691/456
f 455/690/455 489/753/489 438/660/438
f 476/754/476 490/755/490 458/756/458
f 459/731/459 478/733/478 476/754/476
f 445/757/445 478/733/478 394/732/394
f 479/758/479 480/735/480 443/736/443
f 340/521/340 423/642/423 444/695/444
f 446/673/446 481/737/481 445/674/445
f 447/679/447 422/678/422 491/759/491
f 461/701/461 492/760/492 400/603/400
f 400/603/400 492/760/492 425/644/425
f 422/704/422 462/702/462 491/761/491
f 492/762/492 493/763/493 425/764/425
f 344/646/344 428/765/428 427/647/427
f 415/632/415 494/766/494 384/579/384
f 384/579/384 494/766/494 449/682/449
f 466/710/466 290/607/290 495/767/495
f 466/710/466 495/767/495 496/768/496
f 346/529/346 450/683/450 428/648/428
f 290/607/290 386/584/386 495/767/495
f 485/743/485 497/769/497 348/532/348
f 430/650/430 497/769/497 431/770/431
f 348/532/348 497/769/497 430/650/430
f 386/584/386 330/583/330 498/771/498
f 245/560/245 430/650/430 431/770/431
f 317/772/317 499/773/499 387/774/387
f 247/431/247 500/775/500 283/432/283
f 468/713/468 500/776/500 247/434/247
f 371/563/371 501/777/501 223/687/223
f 469/715/469 435/778/435 205/716/205
f 334/510/334 502/779/502 471/721/471
f 473/723/473 453/688/453 503/780/503
f 488/752/488 453/688/453 321/480/321
f 488/752/488 436/656/436 504/781/504
f 285/482/285 437/658/437 505/782/505
f 454/689/454 285/482/285 505/782/505
f 436/656/436 439/661/439 504/781/504
f 455/690/455 506/783/506 489/753/489
f 404/662/404 507/784/507 326/490/326
f 440/725/440 508/785/508 474/726/474
f 440/725/440 509/786/509 508/785/508
f 440/725/440 392/593/392 509/786/509
f 326/490/326 507/784/507 475/727/475
f 405/613/405 458/693/458 510/787/510
f 458/756/458 511/788/511 510/789/510
f 458/756/458 512/790/512 511/788/511
f 458/756/458 490/755/490 512/790/512
f 490/755/490 513/791/513 512/790/512
f 476/754/476 513/791/513 490/755/490
f 476/754/476 514/792/514 513/791/513
f 478/733/478 514/792/514 476/754/476
f 515/793/515 478/794/478 445/795/445
f 423/796/423 412/705/412 463/707/463
f 491/759/491 516/797/516 447/679/447
f 463/707/463 482/739/482 517/798/517
f 518/799/518 493/763/493 492/762/492
f 517/800/517 482/801/482 519/802/519
f 482/803/482 520/804/520 519/805/519
f 519/805/519 520/804/520 521/806/521
f 426/645/426 522/807/522 483/740/483
f 465/709/465 482/739/482 464/708/464
f 425/644/425 523/808/523 415/632/415
f 449/682/449 467/809/467 367/633/367
f 347/530/347 484/742/484 429/649/429
f 386/584/386 524/810/524 495/767/495
f 386/584/386 498/771/498 524/810/524
f 387/774/387 499/773/499 451/811/451
f 318/562/318 451/684/451 331/502/331
f 135/192/135 470/812/470 525/813/525
f 135/192/135 525/813/525 404/612/404
f 502/779/502 334/510/334 472/722/472
f 488/752/488 504/781/504 453/688/453
f 224/749/224 487/751/487 272/814/272
f 390/659/390 526/815/526 472/722/472
f 507/784/507 527/816/527 475/727/475
f 439/661/439 405/613/405 510/787/510
f 510/817/510 511/818/511 528/819/528
f 511/818/511 529/820/529 528/819/528
f 441/724/441 474/726/474 530/821/530
f 511/788/511 512/790/512 529/822/529
f 512/790/512 513/791/513 529/822/529
f 441/665/441 530/823/530 442/666/442
f 419/638/419 475/727/475 407/619/407
f 478/824/478 531/825/531 532/826/532
f 478/733/478 532/827/532 514/792/514
f 478/824/478 515/828/515 531/825/531
f 328/494/328 533/829/533 460/696/460
f 445/795/445 531/830/531 515/793/515
f 445/674/445 481/737/481 531/831/531
f 461/698/461 480/735/480 534/832/534
f 447/679/447 516/797/516 481/737/481
f 492/762/492 535/833/535 518/799/518
f 517/800/517 536/834/536 537/835/537
f 517/800/517 519/802/519 536/834/536
f 538/836/538 518/799/518 535/833/535
f 539/837/539 540/838/540 414/630/414
f 460/696/460 539/837/539 414/630/414
f 462/738/462 483/740/483 491/839/491
f 538/836/538 493/763/493 518/799/518
f 493/763/493 523/840/523 425/764/425
f 415/632/415 523/808/523 494/766/494
f 428/648/428 450/683/450 541/841/541
f 484/742/484 450/683/450 429/649/429
f 366/556/366 542/842/542 485/743/485
f 295/476/295 543/843/543 468/713/468
f 452/686/452 416/635/416 371/563/371
f 501/844/501 544/845/544 223/714/223
f 437/846/437 272/814/272 487/751/487
f 404/662/404 527/816/527 507/784/507
f 418/663/418 456/691/456 545/847/545
f 546/848/546 455/690/455 454/689/454
f 547/849/547 504/850/504 439/851/439
f 548/852/548 510/817/510 528/819/528
f 548/852/548 528/819/528 529/820/529
f 529/822/529 513/791/513 549/853/549
f 530/823/530 550/854/550 442/666/442
f 513/791/513 514/792/514 551/855/551
f 479/758/479 442/856/442 550/857/550
f 552/858/552 460/696/460 533/829/533
f 481/859/481 516/860/516 531/861/531
f 534/862/534 492/762/492 461/863/461
f 552/858/552 539/837/539 460/696/460
f 553/864/553 517/800/517 554/865/554
f 554/865/554 517/800/517 537/835/537
f 555/866/555 538/836/538 535/833/535
f 555/866/555 556/867/556 538/836/538
f 519/805/519 521/806/521 557/868/557
f 538/836/538 556/867/556 493/763/493
f 493/763/493 556/867/556 558/869/558
f 466/710/466 496/768/496 465/870/465
f 523/808/523 559/871/559 494/766/494
f 560/872/560 494/766/494 559/871/559
f 494/766/494 560/872/560 449/682/449
f 449/682/449 560/872/560 467/809/467
f 497/769/497 485/743/485 542/842/542
f 561/873/561 500/776/500 468/713/468
f 562/874/562 416/635/416 296/438/296
f 544/845/544 469/715/469 223/714/223
f 469/715/469 563/875/563 435/778/435
f 564/876/564 435/778/435 563/875/563
f 564/876/564 470/877/470 435/778/435
f 564/876/564 525/878/525 470/877/470
f 503/780/503 487/879/487 473/723/473
f 456/691/456 489/753/489 565/880/565
f 489/753/489 506/783/506 565/880/565
f 506/783/506 455/690/455 565/880/565
f 404/662/404 566/881/566 527/816/527
f 455/690/455 546/848/546 565/880/565
f 545/882/545 392/593/392 418/637/418
f 505/782/505 546/848/546 454/689/454
f 526/815/526 390/659/390 567/883/567
f 439/851/439 510/884/510 568/885/568
f 510/817/510 548/852/548 568/886/568
f 548/852/548 569/887/569 568/886/568
f 527/816/527 570/888/570 475/727/475
f 548/852/548 529/820/529 569/887/569
f 529/820/529 549/889/549 569/887/569
f 513/890/513 571/891/571 549/889/549
f 551/855/551 571/892/571 513/791/513
f 475/727/475 572/893/572 407/619/407
f 572/894/572 328/895/328 407/896/407
f 444/669/444 423/897/423 573/898/573
f 479/758/479 574/899/574 480/735/480
f 328/895/328 572/894/572 533/900/533
f 533/900/533 572/894/572 552/901/552
f 531/861/531 516/860/516 575/902/575
f 536/834/536 557/903/557 576/904/576
f 577/905/577 555/866/555 535/833/535
f 519/802/519 557/903/557 536/834/536
f 483/740/483 578/906/578 491/839/491
f 521/907/521 579/908/579 557/909/557
f 580/910/580 581/911/581 521/806/521
f 482/739/482 582/912/582 520/913/520
f 523/840/523 493/763/493 583/914/583
f 523/808/523 583/915/583 559/871/559
f 450/683/450 584/916/584 541/841/541
f 448/681/448 542/842/542 366/556/366
f 560/917/560 585/918/585 467/712/467
f 484/742/484 584/916/584 450/683/450
f 495/767/495 524/810/524 496/768/496
f 498/771/498 330/583/330 486/919/486
f 317/772/317 586/920/586 499/773/499
f 543/843/543 561/873/561 468/713/468
f 587/921/587 588/922/588 416/635/416
f 416/635/416 589/923/589 587/921/587
f 416/635/416 562/874/562 589/923/589
f 588/922/588 371/563/371 416/635/416
f 562/874/562 296/438/296 589/923/589
f 588/922/588 501/777/501 371/563/371
f 565/880/565 545/847/545 456/691/456
f 474/726/474 508/785/508 590/924/590
f 546/848/546 591/925/591 565/880/565
f 392/593/392 508/785/508 509/786/509
f 546/848/546 505/782/505 591/925/591
f 437/926/437 592/927/592 505/928/505
f 505/929/505 592/930/592 591/931/591
f 566/881/566 570/888/570 527/816/527
f 439/851/439 568/885/568 547/849/547
f 568/886/568 569/887/569 593/932/593
f 572/893/572 475/727/475 594/933/594
f 514/792/514 595/934/595 551/855/551
f 551/855/551 595/934/595 571/892/571
f 477/730/477 444/669/444 596/935/596
f 532/936/532 531/937/531 597/938/597
f 480/735/480 574/899/574 534/832/534
f 463/707/463 553/939/553 423/796/423
f 463/707/463 517/798/517 553/939/553
f 492/762/492 534/862/534 598/940/598
f 535/833/535 492/762/492 599/941/599
f 576/942/576 557/943/557 600/944/600
f 576/945/576 600/946/600 601/947/601
f 491/759/491 578/948/578 516/797/516
f 600/949/600 602/950/602 555/951/555
f 555/952/555 602/953/602 556/954/556
f 557/955/557 603/956/603 600/949/600
f 600/949/600 603/956/603 602/950/602
f 557/909/557 579/908/579 603/957/603
f 602/953/602 604/958/604 556/954/556
f 604/958/604 605/959/605 556/954/556
f 483/740/483 522/807/522 578/906/578
f 558/869/558 556/867/556 606/960/606
f 558/869/558 606/960/606 493/763/493
f 465/709/465 582/912/582 482/739/482
f 426/645/426 607/961/607 522/807/522
f 427/647/427 607/961/607 426/645/426
f 496/962/496 582/912/582 465/709/465
f 414/680/414 608/963/608 448/681/448
f 428/765/428 541/964/541 427/647/427
f 608/963/608 609/965/609 448/681/448
f 609/965/609 542/842/542 448/681/448
f 559/966/559 585/918/585 560/917/560
f 467/712/467 585/918/585 484/742/484
f 402/967/402 610/968/610 370/969/370
f 434/654/434 611/970/611 320/479/320
f 472/722/472 526/815/526 502/779/502
f 392/593/392 545/882/545 508/785/508
f 503/971/503 612/972/612 487/973/487
f 504/781/504 547/974/547 453/688/453
f 592/927/592 437/926/437 613/975/613
f 437/926/437 614/976/614 613/975/613
f 487/977/487 614/976/614 437/926/437
f 487/977/487 615/978/615 614/976/614
f 487/977/487 612/979/612 615/978/615
f 568/886/568 593/932/593 616/980/616
f 547/981/547 568/886/568 616/980/616
f 549/889/549 617/982/617 569/887/569
f 390/590/390 477/730/477 567/983/567
f 549/889/549 571/891/571 617/982/617
f 571/891/571 618/984/618 617/982/617
f 479/758/479 550/857/550 619/985/619
f 477/730/477 596/935/596 620/986/620
f 444/669/444 573/898/573 596/935/596
f 621/987/621 423/988/423 553/989/553
f 531/861/531 575/902/575 597/990/597
f 554/865/554 622/991/622 553/864/553
f 492/762/492 598/940/598 599/941/599
f 535/833/535 623/992/623 624/993/624
f 536/834/536 625/994/625 537/835/537
f 576/904/576 625/994/625 536/834/536
f 535/833/535 624/993/624 577/905/577
f 577/995/577 624/996/624 626/997/626
f 576/945/576 601/947/601 627/998/627
f 577/995/577 601/999/601 555/951/555
f 555/951/555 601/999/601 600/949/600
f 603/956/603 604/1000/604 602/950/602
f 605/1001/605 628/1002/628 556/867/556
f 556/867/556 628/1002/628 606/960/606
f 607/961/607 578/906/578 522/807/522
f 493/763/493 606/960/606 629/1003/629
f 629/1003/629 583/914/583 493/763/493
f 608/963/608 630/1004/630 609/965/609
f 609/965/609 631/1005/631 542/842/542
f 542/842/542 632/1006/632 497/769/497
f 484/742/484 585/918/585 633/1007/633
f 484/742/484 634/1008/634 584/916/584
f 524/810/524 498/771/498 496/768/496
f 564/876/564 635/1009/635 525/878/525
f 453/1010/453 547/981/547 503/971/503
f 592/930/592 613/1011/613 591/931/591
f 547/981/547 636/1012/636 503/971/503
f 615/978/615 637/1013/637 614/976/614
f 612/979/612 637/1013/637 615/978/615
f 547/981/547 638/1014/638 636/1012/636
f 547/981/547 639/1015/639 638/1014/638
f 547/981/547 616/980/616 639/1015/639
f 593/932/593 639/1015/639 616/980/616
f 593/932/593 569/887/569 639/1015/639
f 640/1016/640 530/821/530 474/726/474
f 569/887/569 617/982/617 641/1017/641
f 571/1018/571 595/1019/595 618/1020/618
f 572/894/572 594/1021/594 642/1022/642
f 514/792/514 643/1023/643 595/934/595
f 514/792/514 532/827/532 643/1023/643
f 423/897/423 621/1024/621 573/898/573
f 642/1022/642 552/901/552 572/894/572
f 534/832/534 574/899/574 644/1025/644
f 537/835/537 622/991/622 554/865/554
f 537/835/537 645/1026/645 622/991/622
f 535/833/535 599/941/599 623/992/623
f 646/1027/646 539/1028/539 552/1029/552
f 576/1030/576 627/1031/627 625/1032/625
f 647/1033/647 627/998/627 601/947/601
f 647/1033/647 601/947/601 626/1034/626
f 577/995/577 626/997/626 601/999/601
f 575/902/575 516/860/516 648/1035/648
f 603/957/603 579/908/579 604/1036/604
f 649/1037/649 605/959/605 604/958/604
f 414/1038/414 540/1039/540 650/1040/650
f 646/1027/646 650/1040/650 540/1039/540
f 520/804/520 580/910/580 521/806/521
f 651/1041/651 414/1038/414 650/1040/650
f 414/680/414 651/1042/651 608/963/608
f 652/1043/652 629/1003/629 606/960/606
f 653/1044/653 608/1045/608 651/1046/651
f 629/1047/629 654/1048/654 583/1049/583
f 427/647/427 541/964/541 607/961/607
f 630/1050/630 608/1045/608 653/1044/653
f 609/965/609 630/1004/630 655/1051/655
f 656/1052/656 559/1053/559 583/1054/583
f 542/842/542 631/1005/631 632/1006/632
f 656/1055/656 585/1056/585 559/1057/559
f 607/1058/607 541/841/541 584/916/584
f 632/1006/632 431/770/431 497/769/497
f 634/1008/634 484/742/484 633/1007/633
f 586/920/586 451/811/451 499/773/499
f 586/920/586 657/1059/657 451/811/451
f 611/970/611 296/438/296 320/479/320
f 471/748/471 611/970/611 434/654/434
f 563/875/563 635/1009/635 564/876/564
f 635/1060/635 404/1061/404 525/1062/525
f 570/888/570 566/881/566 404/662/404
f 658/1063/658 591/1064/591 613/975/613
f 503/971/503 636/1012/636 612/972/612
f 637/1013/637 612/979/612 659/1065/659
f 659/1066/659 612/972/612 636/1012/636
f 659/1066/659 636/1012/636 660/1067/660
f 660/1067/660 636/1012/636 638/1014/638
f 661/1068/661 638/1014/638 639/1015/639
f 660/1067/660 638/1014/638 661/1068/661
f 661/1068/661 639/1015/639 662/1069/662
f 663/1070/663 475/727/475 570/888/570
f 617/982/617 618/984/618 641/1017/641
f 664/1071/664 618/1020/618 595/1019/595
f 665/1072/665 666/1073/666 642/1022/642
f 667/1074/667 595/1019/595 643/1075/643
f 619/985/619 574/899/574 479/758/479
f 532/936/532 668/1076/668 643/1077/643
f 532/936/532 597/938/597 668/1076/668
f 642/1022/642 666/1073/666 552/901/552
f 552/901/552 666/1073/666 669/1078/669
f 621/987/621 553/989/553 670/1079/670
f 670/1079/670 553/989/553 622/1080/622
f 645/1026/645 537/835/537 625/994/625
f 625/1032/625 627/1031/627 647/1081/647
f 646/1027/646 540/1039/540 539/1028/539
f 516/860/516 578/1082/578 648/1035/648
f 671/1083/671 604/1036/604 579/908/579
f 579/908/579 521/907/521 671/1083/671
f 649/1084/649 672/1085/672 605/1086/605
f 605/1001/605 672/1087/672 628/1002/628
f 607/1088/607 673/1089/673 578/1090/578
f 582/1091/582 580/910/580 520/804/520
f 652/1092/652 654/1048/654 629/1047/629
f 653/1044/653 674/1093/674 630/1050/630
f 630/1050/630 674/1093/674 655/1094/655
f 654/1095/654 656/1052/656 583/1054/583
f 609/965/609 632/1006/632 631/1005/631
f 675/1096/675 607/1058/607 584/916/584
f 498/771/498 676/1097/676 496/768/496
f 402/967/402 433/1098/433 610/968/610
f 677/1099/677 295/476/295 331/502/331
f 587/1100/587 678/1101/678 588/1102/588
f 296/438/296 611/970/611 589/923/589
f 474/726/474 679/1103/679 640/1016/640
f 614/976/614 658/1063/658 613/975/613
f 614/976/614 680/1104/680 658/1063/658
f 637/1013/637 680/1104/680 614/976/614
f 661/1068/661 662/1069/662 660/1067/660
f 639/1015/639 569/887/569 662/1069/662
f 569/887/569 681/1105/681 662/1069/662
f 681/1105/681 569/887/569 641/1017/641
f 641/1017/641 618/984/618 682/1106/682
f 642/1022/642 594/1021/594 665/1072/665
f 618/1020/618 664/1071/664 683/1107/683
f 595/1019/595 667/1074/667 684/1108/684
f 665/1072/665 669/1078/669 666/1073/666
f 643/1077/643 685/1109/685 667/1110/667
f 643/1077/643 668/1076/668 685/1109/685
f 597/938/597 685/1109/685 668/1076/668
f 669/1078/669 686/1111/686 552/901/552
f 598/940/598 534/862/534 644/1112/644
f 599/941/599 598/940/598 687/1113/687
f 623/992/623 599/941/599 687/1113/687
f 688/1114/688 646/1027/646 552/1029/552
f 575/1115/575 689/1116/689 690/1117/690
f 575/1115/575 648/1118/648 689/1116/689
f 578/1119/578 691/1120/691 648/1121/648
f 604/1122/604 671/1123/671 692/1124/692
f 581/1125/581 671/1083/671 521/907/521
f 580/910/580 693/1126/693 581/911/581
f 581/1125/581 693/1127/693 694/1128/694
f 581/1125/581 694/1128/694 695/1129/695
f 696/1130/696 697/1131/697 582/1132/582
f 606/960/606 628/1002/628 698/1133/698
f 606/960/606 698/1133/698 652/1043/652
f 651/1046/651 674/1093/674 653/1044/653
f 652/1092/652 698/1134/698 654/1048/654
f 656/1135/656 699/1136/699 700/1137/700
f 634/1008/634 633/1007/633 701/1138/701
f 679/1103/679 590/924/590 508/785/508
f 590/924/590 679/1103/679 474/726/474
f 659/1066/659 702/1139/702 637/1140/637
f 659/1066/659 660/1067/660 702/1139/702
f 641/1017/641 703/1141/703 681/1105/681
f 641/1017/641 682/1106/682 703/1141/703
f 477/730/477 704/1142/704 567/983/567
f 477/730/477 620/986/620 704/1142/704
f 618/1020/618 683/1107/683 682/1143/682
f 595/1019/595 684/1108/684 664/1071/664
f 573/898/573 620/986/620 596/935/596
f 684/1108/684 667/1074/667 705/1144/705
f 667/1074/667 706/1145/706 705/1144/705
f 665/1072/665 707/1146/707 669/1078/669
f 667/1110/667 685/1109/685 706/1147/706
f 707/1146/707 686/1111/686 669/1078/669
f 621/1148/621 708/1149/708 573/1150/573
f 621/987/621 670/1079/670 708/1151/708
f 597/990/597 690/1152/690 685/1153/685
f 575/902/575 690/1152/690 597/990/597
f 578/1119/578 709/1154/709 691/1120/691
f 691/1120/691 709/1154/709 710/1155/710
f 711/1156/711 650/1040/650 646/1027/646
f 692/1157/692 649/1037/649 604/958/604
f 672/1087/672 712/1158/712 628/1002/628
f 582/1091/582 697/1159/697 580/910/580
f 628/1002/628 712/1158/712 698/1133/698
f 651/1046/651 713/1160/713 674/1093/674
f 654/1048/654 698/1134/698 714/1161/714
f 654/1048/654 699/1162/699 656/1163/656
f 656/1135/656 700/1137/700 585/1164/585
f 585/918/585 715/1165/715 633/1007/633
f 498/771/498 486/919/486 716/1166/716
f 717/1167/717 486/1168/486 370/969/370
f 587/921/587 589/923/589 718/1169/718
f 587/1100/587 718/1170/718 678/1101/678
f 588/1102/588 678/1101/678 501/844/501
f 679/1103/679 508/785/508 719/1171/719
f 658/1063/658 720/1172/720 721/1173/721
f 680/1104/680 720/1172/720 658/1063/658
f 637/1140/637 702/1139/702 680/1174/680
f 660/1067/660 662/1069/662 702/1139/702
f 475/727/475 663/1070/663 594/933/594
f 682/1143/682 683/1107/683 722/1175/722
f 664/1071/664 684/1108/684 723/1176/723
f 683/1107/683 664/1071/664 723/1176/723
f 684/1108/684 705/1144/705 724/1177/724
f 705/1144/705 706/1145/706 724/1177/724
f 707/1146/707 725/1178/725 686/1111/686
f 670/1079/670 622/1080/622 708/1151/708
f 622/1080/622 645/1179/645 708/1151/708
f 552/901/552 686/1111/686 726/1180/726
f 552/1029/552 726/1181/726 688/1114/688
f 727/1182/727 625/1032/625 647/1081/647
f 689/1116/689 648/1118/648 728/1183/728
f 688/1114/688 711/1156/711 646/1027/646
f 691/1120/691 729/1184/729 648/1121/648
f 650/1040/650 711/1156/711 730/1185/730
f 692/1186/692 671/1187/671 731/1188/731
f 692/1186/692 731/1188/731 649/1189/649
f 649/1189/649 731/1188/731 732/1190/732
f 581/1125/581 695/1129/695 671/1083/671
f 649/1084/649 732/1191/732 672/1085/672
f 672/1085/672 732/1191/732 712/1192/712
f 730/1193/730 733/1194/733 650/1195/650
f 650/1195/650 713/1160/713 651/1046/651
f 733/1194/733 713/1160/713 650/1195/650
f 580/910/580 697/1159/697 693/1126/693
f 607/1088/607 734/1196/734 673/1089/673
f 714/1161/714 699/1162/699 654/1048/654
f 655/1094/655 735/1197/735 609/1198/609
f 283/1199/283 736/1200/736 282/1201/282
f 295/476/295 677/1099/677 737/1202/737
f 295/476/295 737/1202/737 543/843/543
f 501/844/501 738/1203/738 544/845/544
f 404/1061/404 635/1060/635 570/1204/570
f 658/1063/658 721/1173/721 591/1064/591
f 720/1172/720 739/1205/739 721/1173/721
f 680/1104/680 739/1205/739 720/1172/720
f 662/1069/662 681/1105/681 702/1139/702
f 681/1105/681 740/1206/740 702/1139/702
f 681/1105/681 703/1141/703 740/1206/740
f 740/1206/740 703/1141/703 722/1207/722
f 703/1141/703 682/1106/682 722/1207/722
f 683/1107/683 741/1208/741 722/1175/722
f 723/1176/723 742/1209/742 741/1208/741
f 723/1176/723 741/1208/741 683/1107/683
f 684/1108/684 724/1177/724 723/1176/723
f 723/1176/723 724/1177/724 742/1209/742
f 686/1111/686 725/1178/725 726/1180/726
f 725/1178/725 743/1210/743 726/1180/726
f 624/996/624 744/1211/744 626/997/626
f 726/1181/726 745/1212/745 688/1114/688
f 745/1213/745 746/1214/746 688/1215/688
f 688/1215/688 746/1214/746 711/1216/711
f 746/1214/746 747/1217/747 711/1216/711
f 747/1218/747 730/1185/730 711/1156/711
f 731/1188/731 748/1219/748 732/1190/732
f 730/1193/730 749/1220/749 733/1194/733
f 713/1160/713 733/1194/733 749/1220/749
f 700/1137/700 699/1136/699 750/1221/750
f 632/1222/632 751/1223/751 431/1224/431
f 585/1225/585 700/1226/700 752/1227/752
f 676/1228/676 753/1229/753 496/1230/496
f 282/1201/282 736/1200/736 754/1231/754
f 451/684/451 755/1232/755 331/502/331
f 543/843/543 756/1233/756 561/873/561
f 543/843/543 737/1202/737 756/1233/756
f 561/873/561 756/1233/756 757/1234/757
f 611/970/611 758/1235/758 589/923/589
f 471/721/471 502/779/502 611/1236/611
f 545/882/545 759/1237/759 508/785/508
f 591/1238/591 721/1239/721 565/1240/565
f 739/1205/739 760/1241/760 721/1173/721
f 680/1104/680 761/1242/761 739/1205/739
f 739/1205/739 761/1242/761 760/1241/760
f 722/1175/722 741/1208/741 762/1243/762
f 741/1208/741 724/1177/724 762/1243/762
f 594/1021/594 763/1244/763 665/1072/665
f 741/1208/741 742/1209/742 724/1177/724
f 724/1177/724 706/1145/706 764/1245/764
f 725/1178/725 765/1246/765 743/1210/743
f 743/1210/743 765/1246/765 726/1180/726
f 645/1026/645 766/1247/766 708/1248/708
f 765/1246/765 767/1249/767 726/1180/726
f 644/1112/644 687/1113/687 598/940/598
f 623/992/623 768/1250/768 624/993/624
f 726/1180/726 767/1249/767 745/1251/745
f 767/1252/767 769/1253/769 745/1213/745
f 689/1254/689 770/1255/770 690/1256/690
f 746/1214/746 745/1213/745 769/1253/769
f 746/1257/746 771/1258/771 747/1259/747
f 578/1090/578 673/1089/673 709/1260/709
f 671/1187/671 772/1261/772 731/1188/731
f 773/1262/773 774/1263/774 730/1264/730
f 730/1265/730 774/1266/774 749/1267/749
f 712/1158/712 775/1268/775 776/1269/776
f 585/1225/585 752/1227/752 715/1270/715
f 634/1008/634 777/1271/777 584/916/584
f 486/1272/486 717/1273/717 716/1274/716
f 610/968/610 717/1167/717 370/969/370
f 432/1275/432 586/920/586 317/772/317
f 657/1059/657 755/1276/755 451/811/451
f 500/1277/500 561/1278/561 736/1200/736
f 589/923/589 758/1235/758 718/1169/718
f 718/1170/718 758/1279/758 778/1280/778
f 501/844/501 779/1281/779 738/1203/738
f 508/785/508 759/1237/759 719/1171/719
f 545/882/545 780/1282/780 759/1237/759
f 760/1241/760 781/1283/781 721/1173/721
f 761/1242/761 781/1283/781 760/1241/760
f 761/1242/761 782/1284/782 781/1283/781
f 761/1242/761 680/1104/680 782/1284/782
f 680/1104/680 783/1285/783 782/1284/782
f 680/1104/680 784/1286/784 783/1285/783
f 680/1174/680 702/1139/702 784/1287/784
f 702/1139/702 740/1206/740 785/1288/785
f 530/1289/530 786/1290/786 550/1291/550
f 740/1206/740 722/1207/722 787/1292/787
f 722/1175/722 788/1293/788 787/1294/787
f 762/1243/762 724/1177/724 788/1293/788
f 722/1175/722 762/1243/762 788/1293/788
f 573/1150/573 708/1149/708 620/1295/620
f 619/985/619 789/1296/789 574/899/574
f 764/1297/764 706/1298/706 790/1299/790
f 706/1147/706 685/1109/685 790/1300/790
f 765/1246/765 791/1301/791 767/1249/767
f 645/1026/645 625/994/625 766/1247/766
f 623/992/623 792/1302/792 793/1303/793
f 687/1113/687 792/1302/792 623/992/623
f 791/1304/791 769/1305/769 767/1306/767
f 794/1307/794 769/1305/769 791/1304/791
f 689/1254/689 728/1308/728 770/1255/770
f 795/1309/795 730/1310/730 747/1259/747
f 730/1264/730 795/1311/795 773/1262/773
f 795/1309/795 796/1312/796 773/1313/773
f 773/1313/773 796/1312/796 797/1314/797
f 773/1262/773 797/1315/797 774/1263/774
f 712/1192/712 732/1191/732 798/1316/798
f 693/1317/693 799/1318/799 694/1319/694
f 698/1133/698 712/1158/712 776/1269/776
f 698/1134/698 776/1320/776 714/1161/714
f 734/1196/734 800/1321/800 673/1089/673
f 609/1198/609 735/1197/735 632/1322/632
f 634/1008/634 701/1138/701 777/1271/777
f 432/1323/432 431/1224/431 801/1324/801
f 282/1325/282 754/1326/754 802/1327/802
f 718/1170/718 778/1280/778 678/1101/678
f 678/1101/678 779/1281/779 501/844/501
f 635/1060/635 803/1328/803 570/1204/570
f 721/1173/721 781/1283/781 804/1329/804
f 782/1284/782 805/1330/805 781/1283/781
f 782/1284/782 783/1285/783 805/1330/805
f 784/1287/784 702/1139/702 806/1331/806
f 702/1139/702 785/1288/785 806/1331/806
f 740/1206/740 787/1292/787 785/1288/785
f 787/1294/787 788/1293/788 807/1332/807
f 724/1333/724 764/1297/764 808/1334/808
f 665/1072/665 809/1335/809 707/1146/707
f 707/1146/707 809/1335/809 725/1178/725
f 685/1336/685 690/1256/690 790/1337/790
f 765/1338/765 794/1307/794 791/1304/791
f 626/1034/626 810/1339/810 647/1033/647
f 769/1253/769 811/1340/811 746/1214/746
f 795/1309/795 774/1341/774 796/1312/796
f 795/1309/795 812/1342/812 774/1341/774
f 797/1315/797 796/1343/796 774/1263/774
f 674/1093/674 713/1160/713 655/1094/655
f 734/1196/734 607/1088/607 800/1321/800
f 699/1136/699 813/1344/813 750/1221/750
f 675/1345/675 814/1346/814 607/1088/607
f 433/1098/433 802/1327/802 610/968/610
f 282/1325/282 802/1327/802 433/1098/433
f 331/502/331 755/1232/755 677/1099/677
f 500/1277/500 736/1200/736 283/1199/283
f 759/1347/759 815/1348/815 719/1349/719
f 545/1350/545 565/1351/565 816/1352/816
f 805/1330/805 804/1329/804 781/1283/781
f 805/1330/805 817/1353/817 804/1329/804
f 783/1354/783 817/1355/817 805/1356/805
f 784/1357/784 817/1355/817 783/1354/783
f 806/1358/806 817/1355/817 784/1357/784
f 785/1359/785 817/1355/817 806/1358/806
f 785/1359/785 818/1360/818 817/1355/817
f 787/1294/787 818/1361/818 785/1362/785
f 663/1070/663 819/1363/819 594/933/594
f 787/1294/787 807/1332/807 818/1361/818
f 807/1332/807 820/1364/820 818/1361/818
f 820/1364/820 807/1332/807 821/1365/821
f 807/1332/807 788/1293/788 821/1365/821
f 724/1177/724 821/1365/821 788/1293/788
f 619/1366/619 550/1291/550 786/1290/786
f 574/899/574 789/1296/789 644/1025/644
f 644/1025/644 789/1296/789 822/1367/822
f 687/1113/687 644/1112/644 792/1302/792
f 790/1337/790 690/1256/690 770/1255/770
f 765/1338/765 823/1368/823 794/1307/794
f 625/994/625 727/1369/727 766/1247/766
f 623/992/623 793/1303/793 768/1250/768
f 823/1368/823 824/1370/824 794/1307/794
f 824/1370/824 769/1305/769 794/1307/794
f 824/1370/824 825/1371/825 769/1305/769
f 810/1372/810 826/1373/826 647/1081/647
f 825/1374/825 827/1375/827 769/1376/769
f 770/1255/770 728/1308/728 828/1377/828
f 769/1253/769 827/1378/827 811/1340/811
f 811/1379/811 829/1380/829 746/1257/746
f 746/1257/746 829/1380/829 771/1258/771
f 771/1258/771 829/1380/829 747/1259/747
f 729/1184/729 830/1381/830 648/1121/648
f 747/1259/747 831/1382/831 795/1309/795
f 710/1155/710 729/1184/729 691/1120/691
f 795/1309/795 831/1382/831 812/1342/812
f 731/1188/731 832/1383/832 748/1219/748
f 798/1384/798 732/1190/732 748/1219/748
f 694/1128/694 799/1385/799 695/1129/695
f 673/1089/673 800/1321/800 709/1260/709
f 655/1094/655 713/1160/713 735/1197/735
f 699/1162/699 714/1161/714 813/1386/813
f 700/1226/700 833/1387/833 752/1227/752
f 675/1096/675 584/916/584 814/1388/814
f 715/1165/715 701/1138/701 633/1007/633
f 834/1389/834 717/1167/717 610/968/610
f 801/1390/801 586/1391/586 432/1392/432
f 835/1393/835 736/1394/736 561/1395/561
f 835/1393/835 561/1395/561 757/1396/757
f 759/1237/759 780/1282/780 836/1397/836
f 821/1365/821 808/1398/808 820/1364/820
f 724/1177/724 808/1398/808 821/1365/821
f 790/1299/790 837/1399/837 764/1297/764
f 763/1244/763 809/1335/809 665/1072/665
f 838/1400/838 789/1296/789 619/985/619
f 839/1401/839 840/1402/840 644/1112/644
f 768/1403/768 744/1211/744 624/996/624
f 841/1404/841 824/1370/824 823/1368/823
f 842/1405/842 841/1406/841 825/1374/825
f 841/1406/841 827/1375/827 825/1374/825
f 843/1407/843 811/1340/811 827/1378/827
f 844/1408/844 828/1377/828 728/1308/728
f 728/1183/728 648/1118/648 830/1409/830
f 829/1380/829 831/1382/831 747/1259/747
f 829/1380/829 845/1410/845 831/1382/831
f 812/1342/812 831/1382/831 846/1411/846
f 772/1412/772 671/1083/671 695/1129/695
f 832/1383/832 847/1413/847 748/1219/748
f 847/1413/847 848/1414/848 748/1219/748
f 848/1414/848 849/1415/849 748/1219/748
f 798/1416/798 775/1268/775 712/1158/712
f 775/1268/775 850/1417/850 776/1269/776
f 851/1418/851 696/1130/696 582/1132/582
f 715/1419/715 852/1420/852 701/1421/701
f 701/1421/701 853/1422/853 777/1423/777
f 737/1202/737 757/1234/757 756/1233/756
f 611/1424/611 854/1425/854 758/1426/758
f 818/1360/818 855/1427/855 817/1355/817
f 820/1364/820 856/1428/856 818/1361/818
f 837/1399/837 790/1299/790 857/1429/857
f 708/1149/708 766/1430/766 858/1431/858
f 822/1367/822 839/1432/839 644/1025/644
f 765/1246/765 859/1433/859 823/1434/823
f 841/1406/841 860/1435/860 827/1375/827
f 860/1435/860 843/1436/843 827/1375/827
f 828/1377/828 861/1437/861 770/1255/770
f 828/1377/828 844/1408/844 861/1437/861
f 843/1407/843 862/1438/862 811/1340/811
f 843/1439/843 863/1440/863 862/1441/862
f 864/1442/864 844/1408/844 728/1308/728
f 862/1441/862 865/1443/865 811/1444/811
f 811/1445/811 866/1446/866 829/1447/829
f 811/1445/811 865/1448/865 866/1446/866
f 866/1446/866 845/1449/845 829/1447/829
f 845/1410/845 867/1450/867 831/1382/831
f 831/1382/831 867/1450/867 846/1411/846
f 846/1411/846 868/1451/868 812/1342/812
f 812/1342/812 868/1451/868 774/1341/774
f 772/1261/772 832/1383/832 731/1188/731
f 849/1415/849 798/1384/798 748/1219/748
f 749/1267/749 774/1266/774 869/1452/869
f 776/1320/776 870/1453/870 714/1161/714
f 582/912/582 496/962/496 753/1454/753
f 814/1388/814 584/916/584 871/1455/871
f 701/1421/701 852/1420/852 853/1422/853
f 498/1456/498 716/1274/716 676/1228/676
f 431/1224/431 751/1223/751 801/1324/801
f 716/1274/716 717/1273/717 872/1457/872
f 802/1327/802 834/1389/834 610/968/610
f 778/1280/778 873/1458/873 678/1101/678
f 778/1280/778 758/1279/758 873/1458/873
f 678/1101/678 873/1458/873 779/1281/779
f 565/1240/565 721/1239/721 816/1459/816
f 640/1460/640 874/1461/874 530/1462/530
f 818/1463/818 856/1464/856 855/1465/855
f 820/1364/820 808/1398/808 856/1428/856
f 822/1367/822 789/1296/789 875/1466/875
f 857/1429/857 790/1299/790 876/1467/876
f 840/1402/840 792/1302/792 644/1112/644
f 793/1303/793 792/1302/792 877/1468/877
f 876/1469/876 790/1337/790 878/1470/878
f 744/1471/744 810/1472/810 626/1473/626
f 790/1337/790 770/1255/770 878/1470/878
f 841/1406/841 879/1474/879 860/1435/860
f 770/1255/770 861/1437/861 878/1470/878
f 843/1439/843 860/1475/860 879/1476/879
f 879/1476/879 863/1440/863 843/1439/843
f 879/1476/879 880/1477/880 863/1440/863
f 861/1437/861 844/1408/844 881/1478/881
f 863/1440/863 882/1479/882 862/1441/862
f 882/1479/882 865/1443/865 862/1441/862
f 866/1446/866 867/1480/867 845/1449/845
f 846/1411/846 867/1450/867 883/1481/883
f 710/1155/710 830/1381/830 729/1184/729
f 710/1155/710 884/1482/884 830/1381/830
f 772/1412/772 695/1129/695 885/1483/885
f 848/1414/848 886/1484/886 849/1415/849
f 693/1317/693 697/1485/697 799/1318/799
f 847/1413/847 887/1486/887 848/1414/848
f 848/1414/848 887/1486/887 886/1484/886
f 709/1154/709 888/1487/888 710/1155/710
f 696/1488/696 889/1489/889 697/1485/697
f 713/1160/713 749/1220/749 735/1197/735
f 607/1088/607 814/1346/814 800/1321/800
f 750/1490/750 890/1491/890 700/1492/700
f 750/1490/750 891/1493/891 890/1491/890
f 584/916/584 777/1271/777 871/1455/871
f 737/1494/737 892/1495/892 893/1496/893
f 737/1494/737 893/1496/893 757/1396/757
f 544/845/544 738/1203/738 469/715/469
f 502/779/502 526/815/526 611/1236/611
f 469/715/469 894/1497/894 563/875/563
f 719/1349/719 895/1498/895 896/1499/896
f 719/1349/719 815/1348/815 895/1498/895
f 759/1347/759 897/1500/897 815/1348/815
f 759/1347/759 836/1501/836 897/1500/897
f 896/1499/896 679/1502/679 719/1349/719
f 635/1060/635 898/1503/898 803/1328/803
f 526/815/526 567/883/567 704/1504/704
f 530/1462/530 874/1461/874 786/1505/786
f 819/1363/819 763/1506/763 594/933/594
f 808/1334/808 764/1297/764 899/1507/899
f 837/1399/837 899/1507/899 764/1297/764
f 900/1508/900 901/1509/901 902/1510/902
f 903/1511/903 902/1510/902 901/1509/901
f 789/1296/789 838/1400/838 900/1508/900
f 789/1296/789 900/1508/900 875/1466/875
f 875/1466/875 900/1508/900 902/1510/902
f 875/1466/875 902/1510/902 822/1367/822
f 839/1432/839 902/1510/902 904/1512/904
f 903/1511/903 904/1512/904 902/1510/902
f 822/1367/822 902/1510/902 839/1432/839
f 857/1513/857 876/1514/876 905/1515/905
f 839/1432/839 903/1511/903 840/1516/840
f 839/1432/839 904/1512/904 903/1511/903
f 725/1178/725 859/1433/859 765/1246/765
f 744/1471/744 906/1517/906 810/1472/810
f 647/1081/647 907/1518/907 727/1182/727
f 826/1373/826 907/1518/907 647/1081/647
f 879/1476/879 908/1519/908 880/1477/880
f 880/1477/880 908/1519/908 863/1440/863
f 908/1519/908 909/1520/909 863/1440/863
f 909/1520/909 910/1521/910 863/1440/863
f 910/1521/910 882/1479/882 863/1440/863
f 882/1522/882 911/1523/911 865/1448/865
f 882/1524/882 912/1525/912 911/1526/911
f 728/1183/728 830/1409/830 864/1527/864
f 865/1448/865 911/1523/911 866/1446/866
f 911/1523/911 913/1528/913 866/1446/866
f 867/1480/867 866/1446/866 914/1529/914
f 867/1480/867 914/1529/914 883/1530/883
f 913/1528/913 914/1529/914 866/1446/866
f 883/1481/883 868/1451/868 846/1411/846
f 868/1531/868 869/1532/869 774/1533/774
f 710/1155/710 888/1487/888 915/1534/915
f 832/1383/832 916/1535/916 847/1413/847
f 749/1536/749 869/1532/869 735/1537/735
f 917/1538/917 918/1539/918 775/1268/775
f 918/1539/918 919/1540/919 775/1268/775
f 775/1268/775 919/1540/919 920/1541/920
f 775/1268/775 920/1541/920 850/1417/850
f 918/1539/918 921/1542/921 919/1540/919
f 709/1260/709 800/1321/800 922/1543/922
f 696/1544/696 851/1545/851 923/1546/923
f 750/1547/750 813/1548/813 924/1549/924
f 925/1550/925 800/1321/800 814/1346/814
f 750/1490/750 924/1551/924 891/1493/891
f 924/1551/924 926/1552/926 891/1493/891
f 891/1493/891 926/1552/926 890/1491/890
f 924/1551/924 927/1553/927 926/1552/926
f 890/1491/890 926/1552/926 927/1553/927
f 890/1491/890 928/1554/928 700/1492/700
f 927/1553/927 928/1554/928 890/1491/890
f 924/1549/924 929/1555/929 930/1556/930
f 924/1549/924 930/1556/930 927/1557/927
f 752/1227/752 931/1558/931 715/1270/715
f 930/1556/930 932/1559/932 927/1557/927
f 715/1419/715 931/1560/931 933/1561/933
f 933/1561/933 934/1562/934 715/1419/715
f 715/1419/715 934/1562/934 935/1563/935
f 852/1420/852 935/1563/935 936/1564/936
f 715/1419/715 935/1563/935 852/1420/852
f 853/1422/853 937/1565/937 777/1423/777
f 935/1563/935 938/1566/938 936/1564/936
f 852/1420/852 936/1564/936 939/1567/939
f 936/1564/936 938/1566/938 939/1567/939
f 852/1420/852 939/1567/939 853/1422/853
f 939/1567/939 938/1566/938 940/1568/940
f 938/1566/938 941/1569/941 940/1568/940
f 942/1570/942 943/1571/943 944/1572/944
f 945/1573/945 944/1572/944 946/1574/946
f 947/1575/947 948/1576/948 949/1577/949
f 949/1577/949 948/1576/948 950/1578/950
f 942/1570/942 951/1579/951 943/1571/943
f 943/1571/943 951/1579/951 952/1580/952
f 943/1571/943 952/1580/952 944/1572/944
f 944/1572/944 952/1580/952 946/1574/946
f 677/1581/677 755/1582/755 953/1583/953
f 737/1494/737 677/1581/677 953/1583/953
f 954/1584/954 955/1585/955 956/1586/956
f 954/1587/954 957/1588/957 955/1589/955
f 958/1590/958 955/1591/955 959/1592/959
f 957/1588/957 959/1593/959 955/1589/955
f 957/1588/957 960/1594/960 959/1593/959
f 679/1103/679 961/1595/961 640/1016/640
f 959/1593/959 960/1594/960 962/1596/962
f 963/1597/963 964/1598/964 960/1594/960
f 963/1597/963 960/1594/960 957/1588/957
f 640/1460/640 961/1599/961 874/1461/874
f 570/888/570 803/1600/803 663/1070/663
f 964/1601/964 901/1509/901 960/1602/960
f 901/1509/901 900/1508/900 960/1602/960
f 964/1601/964 965/1603/965 901/1509/901
f 900/1508/900 962/1604/962 960/1602/960
f 962/1604/962 900/1508/900 966/1605/966
f 837/1399/837 967/1606/967 899/1507/899
f 966/1605/966 900/1508/900 968/1607/968
f 837/1399/837 857/1429/857 969/1608/969
f 620/1295/620 708/1149/708 970/1609/970
f 971/1610/971 619/1366/619 786/1290/786
f 965/1603/965 903/1511/903 901/1509/901
f 838/1400/838 968/1607/968 900/1508/900
f 838/1400/838 972/1611/972 968/1607/968
f 619/985/619 972/1611/972 838/1400/838
f 708/1149/708 858/1431/858 970/1609/970
f 965/1603/965 973/1612/973 903/1511/903
f 903/1511/903 973/1612/973 840/1516/840
f 766/1613/766 974/1614/974 975/1615/975
f 766/1613/766 976/1616/976 974/1614/974
f 768/1617/768 793/1618/793 977/1619/977
f 810/1372/810 978/1620/978 826/1373/826
f 979/1621/979 841/1404/841 823/1368/823
f 876/1514/876 878/1622/878 980/1623/980
f 980/1624/980 878/1625/878 981/1626/981
f 878/1625/878 861/1627/861 981/1626/981
f 908/1519/908 982/1628/982 909/1520/909
f 982/1628/982 983/1629/983 909/1520/909
f 983/1629/983 910/1521/910 909/1520/909
f 983/1630/983 984/1631/984 910/1632/910
f 984/1633/984 985/1634/985 910/1635/910
f 984/1633/984 986/1636/986 985/1634/985
f 985/1634/985 882/1524/882 910/1635/910
f 985/1634/985 986/1636/986 987/1637/987
f 985/1634/985 912/1525/912 882/1524/882
f 985/1634/985 987/1637/987 912/1525/912
f 830/1638/830 988/1639/988 864/1640/864
f 912/1525/912 989/1641/989 911/1526/911
f 989/1641/989 990/1642/990 911/1526/911
f 911/1526/911 991/1643/991 913/1644/913
f 911/1526/911 990/1642/990 991/1643/991
f 991/1645/991 914/1529/914 913/1528/913
f 886/1484/886 887/1486/887 849/1415/849
f 992/1646/992 918/1539/918 917/1538/917
f 992/1646/992 921/1542/921 918/1539/918
f 992/1646/992 993/1647/993 921/1542/921
f 919/1540/919 921/1542/921 920/1541/920
f 709/1154/709 922/1648/922 888/1487/888
f 714/1161/714 870/1453/870 994/1649/994
f 995/1650/995 924/1549/924 813/1548/813
f 928/1554/928 996/1651/996 700/1492/700
f 995/1650/995 929/1555/929 924/1549/924
f 928/1554/928 927/1553/927 997/1652/997
f 996/1651/996 998/1653/998 700/1492/700
f 871/1654/871 999/1655/999 814/1346/814
f 929/1555/929 995/1650/995 1000/1656/1000
f 752/1227/752 1001/1657/1001 1002/1658/1002
f 752/1227/752 1002/1658/1002 931/1558/931
f 931/1558/931 1002/1658/1002 933/1659/933
f 993/1660/993 1003/1661/1003 921/1662/921
f 927/1557/927 932/1559/932 1004/1663/1004
f 933/1561/933 1002/1664/1002 934/1562/934
f 1003/1665/1003 1005/1666/1005 921/1667/921
f 1002/1664/1002 941/1569/941 934/1562/934
f 938/1566/938 935/1563/935 941/1569/941
f 934/1562/934 941/1569/941 935/1563/935
f 939/1567/939 1006/1668/1006 853/1422/853
f 1006/1668/1006 1007/1669/1007 853/1422/853
f 853/1422/853 1007/1669/1007 937/1565/937
f 932/1670/932 1008/1671/1008 1004/1672/1004
f 939/1567/939 940/1568/940 1006/1668/1006
f 940/1568/940 1009/1673/1009 1006/1668/1006
f 930/1556/930 1010/1674/1010 932/1559/932
f 1011/1675/1011 930/1556/930 929/1555/929
f 932/1670/932 1010/1676/1010 1012/1677/1012
f 941/1569/941 1013/1678/1013 940/1568/940
f 940/1568/940 1014/1679/1014 1009/1673/1009
f 1005/1666/1005 1015/1680/1015 921/1667/921
f 930/1556/930 1011/1675/1011 1010/1674/1010
f 940/1568/940 1016/1681/1016 1014/1679/1014
f 944/1572/944 945/1573/945 1017/1682/1017
f 1018/1683/1018 1019/1684/1019 1020/1685/1020
f 1020/1685/1020 1019/1684/1019 1021/1686/1021
f 1019/1684/1019 1022/1687/1022 1021/1686/1021
f 1023/1688/1023 1024/1689/1024 949/1577/949
f 950/1578/950 1023/1688/1023 949/1577/949
f 950/1690/950 1025/1691/1025 1023/1692/1023
f 950/1690/950 1026/1693/1026 1025/1691/1025
f 942/1570/942 1017/1682/1017 1027/1694/1027
f 944/1572/944 1017/1682/1017 942/1570/942
f 1028/1695/1028 1029/1696/1029 1018/1683/1018
f 1024/1689/1024 947/1575/947 949/1577/949
f 945/1573/945 1030/1697/1030 1031/1698/1031
f 945/1573/945 946/1574/946 1030/1697/1030
f 1018/1683/1018 1032/1699/1032 1019/1684/1019
f 948/1700/948 1033/1701/1033 950/1690/950
f 950/1690/950 1033/1701/1033 1026/1693/1026
f 1034/1702/1034 951/1703/951 942/1704/942
f 948/1700/948 1035/1705/1035 1033/1701/1033
f 952/1580/952 1036/1706/1036 946/1574/946
f 586/920/586 1037/1707/1037 657/1059/657
f 657/1059/657 1037/1707/1037 755/1276/755
f 758/1426/758 1038/1708/1038 873/1709/873
f 873/1709/873 1038/1708/1038 779/1710/779
f 758/1426/758 854/1425/854 1039/1711/1039
f 611/1712/611 1040/1713/1040 854/1714/854
f 955/1585/955 1041/1715/1041 956/1586/956
f 1041/1715/1041 955/1585/955 958/1716/958
f 958/1716/958 1042/1717/1042 1043/1718/1043
f 1044/1719/1044 954/1584/954 956/1586/956
f 958/1590/958 1045/1720/1045 1042/1721/1042
f 1046/1722/1046 1047/1723/1047 1048/1724/1048
f 1048/1724/1048 1047/1723/1047 1049/1725/1049
f 1050/1726/1050 1051/1727/1051 1052/1728/1052
f 1053/1729/1053 1051/1727/1051 1050/1726/1050
f 1044/1719/1044 1054/1730/1054 954/1584/954
f 738/1203/738 894/1497/894 469/715/469
f 611/1236/611 526/815/526 1040/1731/1040
f 1050/1726/1050 1052/1728/1052 1055/1732/1055
f 1047/1723/1047 1056/1733/1056 1049/1725/1049
f 894/1734/894 1057/1735/1057 563/1736/563
f 957/1588/957 954/1587/954 1054/1737/1054
f 958/1590/958 959/1592/959 1045/1720/1045
f 1054/1737/1054 963/1597/963 957/1588/957
f 815/1348/815 1058/1738/1058 895/1498/895
f 815/1348/815 897/1500/897 1058/1738/1058
f 1055/1739/1055 1059/1740/1059 1050/1741/1050
f 1050/1726/1050 1059/1742/1059 1053/1729/1053
f 1045/1743/1045 1060/1744/1060 1061/1745/1061
f 1047/1723/1047 1062/1746/1062 1056/1733/1056
f 1055/1739/1055 1063/1747/1063 1059/1740/1059
f 959/1593/959 1060/1748/1060 1045/1749/1045
f 962/1596/962 1064/1750/1064 959/1593/959
f 959/1593/959 1064/1750/1064 1060/1748/1060
f 963/1597/963 1065/1751/1065 964/1598/964
f 1064/1752/1064 1066/1753/1066 1060/1754/1060
f 1064/1752/1064 966/1755/966 1066/1753/1066
f 962/1756/962 966/1755/966 1064/1752/1064
f 874/1757/874 971/1610/971 786/1290/786
f 808/1334/808 899/1507/899 856/1758/856
f 1055/1759/1055 1067/1760/1067 1063/1761/1063
f 837/1399/837 969/1608/969 967/1606/967
f 1068/1762/1068 1069/1763/1069 1070/1764/1070
f 1071/1765/1071 905/1515/905 1070/1766/1070
f 1072/1767/1072 1073/1768/1073 1056/1769/1056
f 857/1429/857 905/1770/905 969/1608/969
f 968/1607/968 972/1611/972 1074/1771/1074
f 619/985/619 1074/1771/1074 972/1611/972
f 905/1515/905 1068/1772/1068 1070/1766/1070
f 1073/1773/1073 1075/1774/1075 1056/1775/1056
f 1075/1774/1075 1076/1776/1076 1056/1775/1056
f 973/1777/973 1077/1778/1077 840/1402/840
f 876/1514/876 980/1623/980 905/1515/905
f 905/1515/905 1078/1779/1078 1068/1772/1068
f 727/1780/727 1079/1781/1079 766/1782/766
f 977/1619/977 1063/1783/1063 1067/1784/1067
f 793/1785/793 1063/1786/1063 977/1787/977
f 980/1623/980 1078/1779/1078 905/1515/905
f 859/1788/859 979/1621/979 823/1368/823
f 977/1619/977 1067/1784/1067 768/1617/768
f 1073/1773/1073 810/1472/810 1075/1774/1075
f 1073/1789/1073 978/1620/978 810/1372/810
f 1075/1774/1075 810/1472/810 1076/1776/1076
f 810/1472/810 906/1517/906 1076/1776/1076
f 1068/1790/1068 1078/1791/1078 1080/1792/1080
f 861/1627/861 1081/1793/1081 981/1626/981
f 983/1630/983 982/1794/982 1082/1795/1082
f 881/1478/881 1081/1796/1081 861/1437/861
f 984/1631/984 983/1630/983 1082/1795/1082
f 984/1631/984 1083/1797/1083 986/1798/986
f 984/1631/984 1082/1795/1082 1083/1797/1083
f 1083/1797/1083 1084/1799/1084 986/1798/986
f 981/1626/981 1081/1793/1081 1085/1800/1085
f 980/1801/980 1086/1802/1086 1078/1803/1078
f 1085/1800/1085 980/1624/980 981/1626/981
f 986/1636/986 1084/1804/1084 987/1637/987
f 1084/1804/1084 1087/1805/1087 987/1637/987
f 844/1408/844 864/1442/864 881/1478/881
f 1085/1800/1085 1088/1806/1088 980/1624/980
f 980/1807/980 1088/1808/1088 1086/1809/1086
f 987/1637/987 1087/1805/1087 912/1525/912
f 912/1525/912 1087/1805/1087 1089/1810/1089
f 912/1525/912 1089/1810/1089 989/1641/989
f 989/1641/989 1090/1811/1090 990/1642/990
f 989/1641/989 1089/1810/1089 1090/1811/1090
f 990/1642/990 1091/1812/1091 991/1643/991
f 990/1642/990 1090/1811/1090 1091/1812/1091
f 830/1638/830 1092/1813/1092 988/1639/988
f 710/1155/710 915/1534/915 884/1482/884
f 772/1261/772 1093/1814/1093 832/1383/832
f 849/1815/849 1094/1816/1094 798/1817/798
f 697/1485/697 889/1489/889 799/1318/799
f 916/1535/916 1095/1818/1095 847/1413/847
f 847/1413/847 1095/1818/1095 887/1486/887
f 850/1417/850 920/1541/920 1096/1819/1096
f 1095/1818/1095 1097/1820/1097 887/1486/887
f 920/1541/920 921/1542/921 1098/1821/1098
f 887/1486/887 1097/1820/1097 1099/1822/1099
f 714/1161/714 994/1649/994 813/1386/813
f 632/1222/632 735/1823/735 1100/1824/1100
f 582/1825/582 1101/1826/1101 851/1545/851
f 928/1554/928 1102/1827/1102 996/1651/996
f 996/1651/996 1102/1827/1102 998/1653/998
f 1103/1828/1103 1099/1822/1099 1097/1820/1097
f 928/1554/928 997/1652/997 1102/1827/1102
f 700/1492/700 998/1653/998 833/1829/833
f 927/1553/927 1104/1830/1104 997/1652/997
f 752/1227/752 1105/1831/1105 1001/1657/1001
f 833/1387/833 1105/1831/1105 752/1227/752
f 1103/1832/1103 1106/1833/1106 1099/1834/1099
f 1001/1657/1001 1105/1831/1105 1002/1658/1002
f 1004/1663/1004 1107/1835/1107 927/1557/927
f 1106/1836/1106 1108/1837/1108 1099/1838/1099
f 1006/1668/1006 1109/1839/1109 1007/1669/1007
f 1007/1669/1007 1109/1839/1109 937/1565/937
f 929/1555/929 1000/1656/1000 1110/1840/1110
f 1002/1658/1002 1111/1841/1111 941/1842/941
f 1004/1672/1004 1008/1671/1008 1112/1843/1112
f 1110/1840/1110 1011/1675/1011 929/1555/929
f 1006/1668/1006 1009/1673/1009 1109/1839/1109
f 941/1842/941 1113/1844/1113 1013/1845/1013
f 1109/1839/1109 1009/1673/1009 1114/1846/1114
f 932/1670/932 1012/1677/1012 1008/1671/1008
f 921/1667/921 1015/1680/1015 1115/1847/1115
f 1005/1666/1005 1003/1665/1003 1015/1680/1015
f 717/1273/717 1116/1848/1116 872/1457/872
f 1003/1665/1003 1117/1849/1117 1015/1680/1015
f 1117/1849/1117 1118/1850/1118 1015/1680/1015
f 1015/1680/1015 1118/1850/1118 1115/1847/1115
f 1119/1851/1119 1012/1852/1012 1010/1853/1010
f 1013/1678/1013 1120/1854/1120 940/1568/940
f 1009/1673/1009 1014/1679/1014 1016/1681/1016
f 940/1568/940 1120/1854/1120 1016/1681/1016
f 1028/1695/1028 1020/1685/1020 1121/1855/1121
f 1023/1688/1023 1122/1856/1122 1024/1689/1024
f 1025/1691/1025 1123/1857/1123 1023/1692/1023
f 945/1573/945 1124/1858/1124 1017/1682/1017
f 1125/1859/1125 1126/1860/1126 1028/1861/1028
f 1018/1683/1018 1020/1685/1020 1028/1695/1028
f 1022/1687/1022 1127/1862/1127 1021/1686/1021
f 1025/1691/1025 1026/1693/1026 1123/1857/1123
f 1026/1693/1026 1128/1863/1128 1123/1857/1123
f 942/1704/942 1027/1864/1027 1129/1865/1129
f 1028/1861/1028 1126/1860/1126 1029/1866/1029
f 1127/1867/1127 1022/1868/1022 1130/1869/1130
f 947/1575/947 1024/1689/1024 1131/1870/1131
f 1026/1693/1026 1132/1871/1132 1128/1863/1128
f 1022/1868/1022 1133/1872/1133 1130/1869/1130
f 1131/1870/1131 1134/1873/1134 947/1575/947
f 942/1704/942 1129/1865/1129 1034/1702/1034
f 1029/1696/1029 1135/1874/1135 1018/1683/1018
f 1135/1874/1135 1032/1699/1032 1018/1683/1018
f 1032/1699/1032 1136/1875/1136 1019/1684/1019
f 1019/1684/1019 1136/1875/1136 1022/1687/1022
f 1022/1687/1022 1136/1875/1136 1133/1876/1133
f 947/1575/947 1134/1873/1134 1137/1877/1137
f 1026/1693/1026 1033/1701/1033 1132/1871/1132
f 1030/1697/1030 946/1574/946 1138/1878/1138
f 1137/1877/1137 1139/1879/1139 947/1575/947
f 947/1575/947 1139/1879/1139 948/1576/948
f 1035/1880/1035 948/1576/948 1139/1879/1139
f 1140/1881/1140 951/1703/951 1034/1702/1034
f 1138/1878/1138 946/1574/946 1036/1706/1036
f 1140/1882/1140 1141/1883/1141 951/1579/951
f 951/1579/951 1141/1883/1141 952/1580/952
f 1036/1706/1036 952/1580/952 1141/1883/1141
f 779/1884/779 1142/1885/1142 738/1886/738
f 1041/1715/1041 958/1716/958 1043/1718/1043
f 1043/1718/1043 1042/1717/1042 1143/1887/1143
f 1062/1746/1062 1046/1722/1046 1144/1888/1144
f 1144/1888/1144 1046/1722/1046 1048/1724/1048
f 1145/1889/1145 1051/1727/1051 1053/1729/1053
f 1048/1724/1048 1049/1725/1049 1146/1890/1146
f 1146/1890/1146 1049/1725/1049 1147/1891/1147
f 1051/1727/1051 1148/1892/1148 1052/1728/1052
f 1149/1893/1149 1053/1894/1053 1150/1895/1150
f 1151/1896/1151 1054/1730/1054 1044/1719/1044
f 1042/1721/1042 1045/1720/1045 1143/1897/1143
f 1046/1722/1046 1062/1746/1062 1047/1723/1047
f 1052/1728/1052 1148/1892/1148 1055/1732/1055
f 1151/1898/1151 963/1597/963 1054/1737/1054
f 1049/1725/1049 1056/1733/1056 1147/1891/1147
f 1059/1899/1059 1150/1895/1150 1053/1894/1053
f 1152/1900/1152 1070/1901/1070 1153/1902/1153
f 1148/1903/1148 1154/1904/1154 1055/1905/1055
f 1061/1745/1061 1060/1744/1060 1155/1906/1155
f 1070/1907/1070 1156/1908/1156 1153/1909/1153
f 1150/1910/1150 1059/1911/1059 1157/1912/1157
f 1070/1907/1070 1069/1913/1069 1156/1908/1156
f 1158/1914/1158 1065/1915/1065 963/1916/963
f 1155/1906/1155 1060/1744/1060 1159/1917/1159
f 1152/1918/1152 1071/1919/1071 1070/1920/1070
f 1159/1921/1159 1066/1753/1066 1160/1922/1160
f 1060/1744/1060 1066/1923/1066 1159/1917/1159
f 1062/1746/1062 1072/1924/1072 1056/1733/1056
f 1160/1922/1160 1066/1753/1066 1161/1925/1161
f 1161/1925/1161 1066/1753/1066 966/1755/966
f 1162/1926/1162 855/1465/855 856/1464/856
f 1154/1927/1154 1163/1928/1163 1055/1929/1055
f 964/1601/964 1065/1930/1065 965/1603/965
f 1164/1931/1164 971/1610/971 874/1757/874
f 1165/1932/1165 971/1610/971 1164/1931/1164
f 1161/1925/1161 966/1755/966 1166/1933/1166
f 1069/1934/1069 1080/1792/1080 1167/1935/1167
f 1166/1936/1166 966/1605/966 968/1607/968
f 969/1937/969 1168/1938/1168 1169/1939/1169
f 1071/1765/1071 1168/1940/1168 905/1515/905
f 1170/1941/1170 1073/1942/1073 1072/1943/1072
f 905/1515/905 1168/1940/1168 969/1944/969
f 968/1607/968 1074/1771/1074 1171/1945/1171
f 1074/1771/1074 619/985/619 1171/1945/1171
f 1163/1928/1163 1067/1946/1067 1055/1929/1055
f 1063/1947/1063 1172/1948/1172 1059/1949/1059
f 975/1615/975 858/1950/858 766/1613/766
f 1056/1775/1056 1076/1776/1076 1173/1951/1173
f 1068/1790/1068 1080/1792/1080 1069/1934/1069
f 1172/1952/1172 877/1953/877 1174/1954/1174
f 976/1616/976 766/1613/766 1079/1955/1079
f 1175/1956/1175 1176/1957/1176 1067/1784/1067
f 793/1785/793 1172/1952/1172 1063/1786/1063
f 793/1785/793 877/1953/877 1172/1952/1172
f 1173/1951/1173 1076/1776/1076 906/1517/906
f 1177/1958/1177 744/1959/744 1178/1960/1178
f 1178/1960/1178 744/1959/744 768/1617/768
f 1178/1960/1178 768/1617/768 1176/1957/1176
f 768/1617/768 1067/1784/1067 1176/1957/1176
f 1179/1961/1179 978/1620/978 1073/1789/1073
f 1179/1961/1179 1180/1962/1180 978/1620/978
f 744/1471/744 1181/1963/1181 906/1517/906
f 744/1471/744 1177/1964/1177 1181/1963/1181
f 1180/1962/1180 907/1518/907 826/1373/826
f 826/1373/826 978/1620/978 1180/1962/1180
f 1080/1792/1080 1078/1791/1078 1182/1965/1182
f 1078/1966/1078 1183/1967/1183 1182/1968/1182
f 1184/1969/1184 1083/1797/1083 1082/1795/1082
f 1184/1969/1184 1084/1799/1084 1083/1797/1083
f 1185/1970/1185 1084/1799/1084 1184/1969/1184
f 1186/1971/1186 1187/1972/1187 881/1973/881
f 1185/1974/1185 1087/1805/1087 1084/1804/1084
f 1081/1975/1081 1188/1976/1188 1085/1977/1085
f 1186/1971/1186 881/1973/881 864/1978/864
f 1078/1966/1078 1086/1979/1086 1183/1967/1183
f 1183/1967/1183 1086/1979/1086 1189/1980/1189
f 1085/1981/1085 1190/1982/1190 1088/1983/1088
f 1087/1805/1087 1191/1984/1191 1089/1810/1089
f 1086/1979/1086 1192/1985/1192 1189/1980/1189
f 1193/1986/1193 1090/1811/1090 1089/1810/1089
f 1191/1984/1191 1193/1986/1193 1089/1810/1089
f 1194/1987/1194 991/1643/991 1091/1812/1091
f 1194/1987/1194 1091/1812/1091 1195/1988/1195
f 1195/1988/1195 1091/1812/1091 1090/1811/1090
f 1195/1988/1195 1090/1811/1090 1193/1986/1193
f 1086/1979/1086 1088/1989/1088 1192/1985/1192
f 1196/1990/1196 1192/1985/1192 1088/1989/1088
f 1092/1991/1092 830/1381/830 884/1482/884
f 1092/1813/1092 884/1992/884 1197/1993/1197
f 916/1535/916 832/1383/832 1093/1814/1093
f 1094/1816/1094 849/1815/849 1198/1994/1198
f 917/1538/917 775/1268/775 1199/1995/1199
f 917/1538/917 1200/1996/1200 992/1646/992
f 1198/1997/1198 849/1415/849 887/1486/887
f 1200/1996/1200 1201/1998/1201 992/1646/992
f 992/1646/992 1201/1998/1201 993/1647/993
f 1202/1999/1202 850/1417/850 1096/1819/1096
f 1098/1821/1098 1096/1819/1096 920/1541/920
f 1203/2000/1203 776/1269/776 850/1417/850
f 1098/2001/1098 921/2002/921 1204/2003/1204
f 994/1649/994 995/2004/995 813/1386/813
f 1095/1818/1095 1103/1828/1103 1097/1820/1097
f 1205/2005/1205 993/1660/993 1201/2006/1201
f 1102/1827/1102 1206/2007/1206 998/1653/998
f 1207/2008/1207 1206/2007/1206 997/1652/997
f 1102/1827/1102 997/1652/997 1206/2007/1206
f 998/1653/998 1206/2007/1206 1207/2008/1207
f 1207/2008/1207 1208/2009/1208 998/1653/998
f 1101/1826/1101 582/1825/582 753/1229/753
f 1104/2010/1104 927/2011/927 1107/2012/1107
f 1209/2013/1209 1105/1831/1105 833/1387/833
f 1095/1818/1095 1210/2014/1210 1103/1828/1103
f 1209/2013/1209 1002/1658/1002 1105/1831/1105
f 1112/1843/1112 1107/2015/1107 1004/1672/1004
f 937/1565/937 1211/2016/1211 777/1423/777
f 937/1565/937 1109/1839/1109 1114/1846/1114
f 937/1565/937 1114/1846/1114 1211/2016/1211
f 993/1660/993 1205/2005/1205 1003/1661/1003
f 1113/1844/1113 941/1842/941 1111/1841/1111
f 1106/2017/1106 1103/2018/1103 1210/2019/1210
f 1114/1846/1114 1009/1673/1009 1212/2020/1212
f 1213/2021/1213 1106/2017/1106 1210/2019/1210
f 1214/2022/1214 1106/1836/1106 1213/2023/1213
f 1215/2024/1215 1108/1837/1108 1106/1836/1106
f 1216/2025/1216 1117/1849/1117 1003/1665/1003
f 1115/1847/1115 1118/1850/1118 1217/2026/1217
f 1113/2027/1113 1218/2028/1218 1013/1678/1013
f 1219/2029/1219 1117/1849/1117 1216/2025/1216
f 1219/2029/1219 1118/1850/1118 1117/1849/1117
f 1217/2026/1217 1118/1850/1118 1219/2029/1219
f 1011/2030/1011 1220/2031/1220 1010/1853/1010
f 1220/2031/1220 1119/1851/1119 1010/1853/1010
f 1221/2032/1221 1008/1671/1008 1012/1677/1012
f 1221/2033/1221 1012/1852/1012 1119/1851/1119
f 1212/2020/1212 1009/1673/1009 1016/1681/1016
f 1013/1678/1013 1218/2028/1218 1120/1854/1120
f 1120/2034/1120 1222/2035/1222 1016/2036/1016
f 1121/1855/1121 1020/1685/1020 1223/2037/1223
f 1223/2037/1223 1020/1685/1020 1021/1686/1021
f 1028/1861/1028 1121/2038/1121 1125/1859/1125
f 1021/1686/1021 1127/1862/1127 1224/2039/1224
f 1225/2040/1225 1024/1689/1024 1122/1856/1122
f 1226/2041/1226 1122/1856/1122 1023/1688/1023
f 1226/2042/1226 1023/1692/1023 1123/1857/1123
f 1227/2043/1227 1027/1864/1027 1228/2044/1228
f 1228/2044/1228 1027/1864/1027 1229/2045/1229
f 1229/2046/1229 1027/1694/1027 1017/1682/1017
f 1229/2046/1229 1017/1682/1017 1124/1858/1124
f 1124/1858/1124 945/1573/945 1031/1698/1031
f 1130/1869/1130 1224/2047/1224 1127/1867/1127
f 1131/1870/1131 1024/1689/1024 1225/2040/1225
f 1227/2043/1227 1129/1865/1129 1027/1864/1027
f 834/1389/834 802/1327/802 754/1326/754
f 1230/2048/1230 1131/2049/1131 1225/2050/1225
f 1231/2051/1231 1029/1866/1029 1126/1860/1126
f 1230/2048/1230 1134/2052/1134 1131/2049/1131
f 1232/2053/1232 1034/2054/1034 1129/2055/1129
f 1231/2056/1231 1135/1874/1135 1029/1696/1029
f 1233/2057/1233 1133/1872/1133 1136/2058/1136
f 1234/2059/1234 1132/1871/1132 1033/1701/1033
f 1030/1697/1030 1138/1878/1138 1235/2060/1235
f 1236/2061/1236 1234/2059/1234 1033/1701/1033
f 1033/1701/1033 1035/1705/1035 1236/2061/1236
f 1138/1878/1138 1036/1706/1036 1237/2062/1237
f 1141/1883/1141 1238/2063/1238 1036/1706/1036
f 1036/1706/1036 1238/2063/1238 1237/2062/1237
f 1239/2064/1239 1037/1707/1037 586/920/586
f 758/1426/758 1240/2065/1240 1038/1708/1038
f 758/1426/758 1039/1711/1039 1240/2065/1240
f 1041/1715/1041 1043/1718/1043 1241/2066/1241
f 1144/1888/1144 1048/1724/1048 1242/2067/1242
f 1048/1724/1048 1243/2068/1243 1242/2067/1242
f 1145/1889/1145 1053/1729/1053 1244/2069/1244
f 1244/2069/1244 1053/1729/1053 1245/2070/1245
f 1041/1715/1041 1246/2071/1246 956/1586/956
f 1048/1724/1048 1146/1890/1146 1243/2068/1243
f 1247/2072/1247 1051/1727/1051 1145/1889/1145
f 1053/1729/1053 1149/2073/1149 1245/2070/1245
f 1151/1896/1151 1044/1719/1044 1248/2074/1248
f 1248/2074/1248 1044/1719/1044 956/1586/956
f 1146/1890/1146 1147/1891/1147 1249/2075/1249
f 1247/2072/1247 1148/1892/1148 1051/1727/1051
f 1149/1893/1149 1150/1895/1150 1250/2076/1250
f 1251/2077/1251 1252/2078/1252 1062/2079/1062
f 1143/1897/1143 1045/1720/1045 1155/2080/1155
f 1253/2081/1253 1153/2082/1153 1156/2083/1156
f 1045/1743/1045 1061/1745/1061 1155/1906/1155
f 1156/2083/1156 1254/2084/1254 1253/2081/1253
f 1255/2085/1255 1256/2086/1256 1152/1900/1152
f 1151/2087/1151 1158/1914/1158 963/1916/963
f 961/2088/961 679/1502/679 896/1499/896
f 816/1352/816 780/2089/780 545/1350/545
f 1255/2085/1255 1152/1900/1152 1153/1902/1153
f 1252/2090/1252 1072/1943/1072 1062/2091/1062
f 1147/1891/1147 1056/1733/1056 1257/2092/1257
f 1150/1910/1150 1157/1912/1157 1258/2093/1258
f 1069/1913/1069 1254/2094/1254 1156/1908/1156
f 1256/2095/1256 1259/2096/1259 1260/2097/1260
f 1256/2095/1256 1260/2097/1260 1152/1918/1152
f 721/1239/721 804/2098/804 1261/2099/1261
f 663/1070/663 803/1600/803 1262/2100/1262
f 1260/2097/1260 1071/1919/1071 1152/1918/1152
f 1069/1913/1069 1167/2101/1167 1254/2094/1254
f 817/1355/817 855/1427/855 804/2102/804
f 1252/2090/1252 1170/1941/1170 1072/1943/1072
f 1263/2103/1263 704/2104/704 1264/2105/1264
f 704/2104/704 620/2106/620 1264/2105/1264
f 1168/1940/1168 1071/1765/1071 1260/2107/1260
f 620/1295/620 970/1609/970 1265/2108/1265
f 1056/2109/1056 1173/2110/1173 1257/2111/1257
f 1166/1936/1166 968/1607/968 1266/2112/1266
f 1252/2090/1252 1179/2113/1179 1170/1941/1170
f 965/2114/965 1065/2115/1065 973/2116/973
f 968/1607/968 1171/1945/1171 1266/2112/1266
f 1266/2112/1266 1171/1945/1171 619/985/619
f 1157/2117/1157 1059/2118/1059 1267/2119/1267
f 1163/2120/1163 1268/2121/1268 1175/2122/1175
f 1163/2120/1163 1175/2122/1175 1067/2123/1067
f 1059/1949/1059 1172/1948/1172 1267/2124/1267
f 1167/1935/1167 1080/1792/1080 1269/2125/1269
f 1270/2126/1270 973/2127/973 1271/2128/1271
f 1170/2129/1170 1179/1961/1179 1073/1789/1073
f 1270/2126/1270 1077/2130/1077 973/2127/973
f 1267/2131/1267 1172/1952/1172 1174/1954/1174
f 1077/1778/1077 792/1302/792 840/1402/840
f 1175/1956/1175 1178/1960/1178 1176/1957/1176
f 1173/1951/1173 906/1517/906 1181/1963/1181
f 727/1182/727 907/1518/907 1272/2132/1272
f 1179/1961/1179 907/1518/907 1180/1962/1180
f 1269/2133/1269 1080/2134/1080 1182/2135/1182
f 908/1519/908 1273/2136/1273 982/1628/982
f 1081/1975/1081 881/2137/881 1274/2138/1274
f 1081/1975/1081 1274/2138/1274 1275/2139/1275
f 1081/1975/1081 1275/2139/1275 1188/1976/1188
f 1183/1967/1183 1189/1980/1189 1182/1968/1182
f 1276/2140/1276 1186/1971/1186 864/1978/864
f 1277/2141/1277 1085/1977/1085 1188/1976/1188
f 1191/1984/1191 1278/2142/1278 1193/1986/1193
f 1085/1981/1085 1279/2143/1279 1190/1982/1190
f 1278/2142/1278 1195/1988/1195 1193/1986/1193
f 991/1643/991 1194/1987/1194 914/2144/914
f 1189/1980/1189 1192/1985/1192 1280/2145/1280
f 1192/1985/1192 1196/1990/1196 1280/2145/1280
f 1190/2146/1190 1281/2147/1281 1088/1989/1088
f 1088/1989/1088 1281/2147/1281 1196/1990/1196
f 1094/1816/1094 1282/2148/1282 798/1817/798
f 798/1817/798 1282/2148/1282 775/2149/775
f 1093/1814/1093 1095/1818/1095 916/1535/916
f 1200/1996/1200 917/1538/917 1283/2150/1283
f 1199/2151/1199 1283/2152/1283 917/2153/917
f 696/1488/696 923/2154/923 889/1489/889
f 1096/1819/1096 1098/1821/1098 1202/1999/1202
f 1202/1999/1202 1203/2000/1203 850/1417/850
f 776/1320/776 1203/2155/1203 870/1453/870
f 1284/2156/1284 1285/2157/1285 1286/2158/1286
f 1284/2156/1284 1286/2158/1286 1095/1818/1095
f 887/1486/887 1099/1822/1099 1198/1997/1198
f 1286/2158/1286 1210/2014/1210 1095/1818/1095
f 1207/2008/1207 997/1652/997 1287/2159/1287
f 1287/2159/1287 1208/2009/1208 1207/2008/1207
f 1208/2009/1208 1288/2160/1288 998/1653/998
f 1287/2161/1287 1288/2162/1288 1208/2163/1208
f 1288/2162/1288 833/1387/833 998/2164/998
f 997/2165/997 1104/2010/1104 1287/2161/1287
f 1289/2166/1289 1209/2013/1209 833/1387/833
f 871/1455/871 777/1271/777 1290/2167/1290
f 1291/2168/1291 1290/2169/1290 777/1423/777
f 1211/2016/1211 1114/1846/1114 777/1423/777
f 777/1423/777 1114/1846/1114 1291/2168/1291
f 632/1222/632 1100/1824/1100 751/1223/751
f 1286/2170/1286 1213/2021/1213 1210/2019/1210
f 1209/2013/1209 1111/1841/1111 1002/1658/1002
f 1108/2171/1108 1292/2172/1292 1099/2173/1099
f 921/2002/921 1115/2174/1115 1204/2003/1204
f 1205/2005/1205 1293/2175/1293 1003/1661/1003
f 1108/1837/1108 1215/2024/1215 1292/2176/1292
f 1293/2175/1293 1294/2177/1294 1003/1661/1003
f 1003/1661/1003 1294/2177/1294 1216/2178/1216
f 1214/2022/1214 1295/2179/1295 1106/1836/1106
f 1106/1836/1106 1295/2179/1295 1215/2024/1215
f 1110/2180/1110 1296/2181/1296 1011/2030/1011
f 1296/2181/1296 1220/2031/1220 1011/2030/1011
f 834/1389/834 1116/2182/1116 717/1167/717
f 1016/2036/1016 1222/2035/1222 1297/2183/1297
f 1125/1859/1125 1121/2038/1121 1298/2184/1298
f 1021/1686/1021 1299/2185/1299 1223/2037/1223
f 1021/1686/1021 1224/2039/1224 1299/2185/1299
f 1124/1858/1124 1300/2186/1300 1229/2046/1229
f 1122/2187/1122 1301/2188/1301 1225/2050/1225
f 1122/1856/1122 1302/2189/1302 1301/2190/1301
f 1128/1863/1128 1303/2191/1303 1123/1857/1123
f 1016/2036/1016 1297/2183/1297 1304/2192/1304
f 1305/2193/1305 1306/2194/1306 1125/1859/1125
f 1125/1859/1125 1306/2194/1306 1126/1860/1126
f 1224/2047/1224 1130/1869/1130 1307/2195/1307
f 1308/2196/1308 1225/2050/1225 1301/2188/1301
f 1128/1863/1128 1309/2197/1309 1303/2191/1303
f 1308/2196/1308 1230/2048/1230 1225/2050/1225
f 1128/1863/1128 1132/1871/1132 1309/2197/1309
f 1030/1697/1030 1310/2198/1310 1031/1698/1031
f 1130/1869/1130 1133/1872/1133 1311/2199/1311
f 1132/1871/1132 1312/2200/1312 1309/2197/1309
f 1232/2053/1232 1313/2201/1313 1034/2054/1034
f 1030/2202/1030 1235/2203/1235 1310/2204/1310
f 1133/1872/1133 1233/2057/1233 1311/2199/1311
f 1132/1871/1132 1234/2059/1234 1312/2200/1312
f 1314/2205/1314 1137/2206/1137 1134/2052/1134
f 1137/1877/1137 1315/2207/1315 1139/1879/1139
f 1140/1881/1140 1034/1702/1034 1316/2208/1316
f 586/2209/586 1317/2210/1317 1239/2211/1239
f 1140/1882/1140 1316/2212/1316 1318/2213/1318
f 1140/1882/1140 1318/2213/1318 1141/1883/1141
f 1141/1883/1141 1318/2213/1318 1238/2063/1238
f 1038/1708/1038 1240/2065/1240 779/1710/779
f 1319/2214/1319 1320/2215/1320 1321/2216/1321
f 1321/2216/1321 1320/2215/1320 1244/2069/1244
f 1322/2217/1322 1323/2218/1323 1324/2219/1324
f 1242/2067/1242 1243/2068/1243 1325/2220/1325
f 1145/1889/1145 1244/2069/1244 1320/2215/1320
f 1241/2066/1241 1246/2071/1246 1041/1715/1041
f 1323/2218/1323 1326/2221/1326 1324/2219/1324
f 1144/1888/1144 1327/2222/1327 1328/2223/1328
f 1144/1888/1144 1242/2067/1242 1327/2222/1327
f 1146/1890/1146 1249/2075/1249 1329/2224/1329
f 1146/1890/1146 1329/2224/1329 1243/2068/1243
f 1245/2070/1245 1330/2225/1330 1244/2069/1244
f 956/1586/956 1331/2226/1331 1248/2074/1248
f 1062/1746/1062 1144/1888/1144 1332/2227/1332
f 1247/2072/1247 1145/1889/1145 1333/2228/1333
f 1149/1893/1149 1250/2076/1250 1245/2229/1245
f 1147/2230/1147 1334/2231/1334 1249/2232/1249
f 1150/1895/1150 1258/2233/1258 1250/2076/1250
f 1335/2234/1335 1253/2081/1253 1336/2235/1336
f 1147/2230/1147 1257/2236/1257 1334/2231/1334
f 1332/2227/1332 1251/2237/1251 1062/1746/1062
f 1153/1902/1153 1335/2238/1335 1255/2085/1255
f 1253/2081/1253 1335/2234/1335 1153/2082/1153
f 1143/2239/1143 1155/2240/1155 1337/2241/1337
f 1335/2238/1335 1338/2242/1338 1255/2085/1255
f 1339/2243/1339 1340/2244/1340 1324/2245/1324
f 1253/2081/1253 1254/2084/1254 1341/2246/1341
f 1339/2243/1339 1342/2247/1342 1343/2248/1343
f 897/1500/897 836/1501/836 1058/1738/1058
f 1255/2085/1255 1338/2242/1338 1256/2086/1256
f 1254/2084/1254 1344/2249/1344 1341/2246/1341
f 1345/2250/1345 1256/2086/1256 1338/2242/1338
f 1343/2248/1343 1346/2251/1346 1339/2243/1339
f 1148/2252/1148 1347/2253/1347 1154/2254/1154
f 1157/1912/1157 1348/2255/1348 1258/2093/1258
f 1345/2256/1345 1349/2257/1349 1259/2096/1259
f 1345/2256/1345 1259/2096/1259 1256/2095/1256
f 1254/2094/1254 1167/2101/1167 1344/2258/1344
f 1158/1914/1158 1350/2259/1350 1065/1915/1065
f 1157/1912/1157 1351/2260/1351 1348/2255/1348
f 1159/1921/1159 1160/1922/1160 1352/2261/1352
f 1154/1927/1154 1353/2262/1353 1163/1928/1163
f 1259/2096/1259 1354/2263/1354 1260/2097/1260
f 663/1070/663 1262/2100/1262 819/1363/819
f 1354/2263/1354 1355/2264/1355 1260/2097/1260
f 1260/2265/1260 1355/2266/1355 1168/1938/1168
f 1161/1925/1161 1356/2267/1356 1357/2268/1357
f 1161/1925/1161 1166/1933/1166 1356/2267/1356
f 1355/2266/1355 1169/1939/1169 1168/1938/1168
f 1257/2269/1257 1358/2270/1358 1359/2271/1359
f 1167/2101/1167 1269/2272/1269 1344/2258/1344
f 1257/2273/1257 1173/2274/1173 1358/2275/1358
f 1266/2276/1266 619/2277/619 1360/2278/1360
f 1266/2276/1266 1360/2278/1360 1166/1933/1166
f 619/2277/619 971/2279/971 1360/2278/1360
f 1252/2280/1252 1361/2281/1361 1179/2282/1179
f 1157/2117/1157 1267/2119/1267 1362/2283/1362
f 975/2284/975 1363/2285/1363 858/1431/858
f 975/2286/975 1364/2287/1364 1363/2288/1363
f 1163/2120/1163 1365/2289/1365 1268/2121/1268
f 1065/2115/1065 1271/2290/1271 973/2116/973
f 792/1302/792 1077/1778/1077 877/1468/877
f 1173/1951/1173 1181/1963/1181 1358/2291/1358
f 1178/1960/1178 1175/1956/1175 1177/1958/1177
f 1361/2281/1361 1366/2292/1366 1179/2282/1179
f 727/1780/727 1272/2293/1272 1079/1781/1079
f 907/2294/907 1179/2282/1179 1366/2292/1366
f 1082/1795/1082 1367/2295/1367 1184/1969/1184
f 881/1973/881 1187/1972/1187 1274/2296/1274
f 1182/1968/1182 1189/1980/1189 1368/2297/1368
f 1185/1974/1185 1278/2142/1278 1087/1805/1087
f 1087/1805/1087 1278/2142/1278 1191/1984/1191
f 1280/2145/1280 1368/2297/1368 1189/1980/1189
f 1190/1982/1190 1279/2143/1279 1369/2298/1369
f 884/1482/884 915/1534/915 1370/2299/1370
f 884/1992/884 1370/2300/1370 1197/1993/1197
f 888/1487/888 1371/2301/1371 915/1534/915
f 1094/1816/1094 1372/2302/1372 1282/2148/1282
f 1280/2303/1280 1196/2304/1196 1373/2305/1373
f 1093/1814/1093 1374/2306/1374 1095/1818/1095
f 1282/2148/1282 1199/2307/1199 775/2149/775
f 1094/1816/1094 1375/2308/1375 1372/2302/1372
f 888/1487/888 922/1648/922 1376/2309/1376
f 1190/2310/1190 1377/2311/1377 1281/2312/1281
f 1281/2312/1281 1373/2305/1373 1196/2304/1196
f 1095/1818/1095 1285/2157/1285 1284/2156/1284
f 1094/1816/1094 1198/1994/1198 1375/2308/1375
f 1200/2313/1200 1283/2314/1283 1378/2315/1378
f 1200/2313/1200 1378/2315/1378 1201/2006/1201
f 1281/2312/1281 1379/2316/1379 1373/2305/1373
f 1098/2001/1098 1380/2317/1380 1202/2318/1202
f 994/1649/994 1381/2319/1381 995/2004/995
f 1204/2003/1204 1380/2317/1380 1098/2001/1098
f 995/2004/995 1381/2319/1381 1382/2320/1382
f 1281/2312/1281 1377/2311/1377 1379/2316/1379
f 1099/2321/1099 1383/2322/1383 1198/2323/1198
f 1287/2161/1287 1384/2324/1384 1288/2162/1288
f 1099/2173/1099 1385/2325/1385 1383/2326/1383
f 1287/2161/1287 1104/2010/1104 1384/2324/1384
f 1288/2162/1288 1104/2010/1104 1386/2327/1386
f 1384/2324/1384 1104/2010/1104 1288/2162/1288
f 1288/2162/1288 1386/2327/1386 1387/2328/1387
f 833/1387/833 1387/2328/1387 1289/2166/1289
f 1288/2162/1288 1387/2328/1387 833/1387/833
f 1387/2328/1387 1388/2329/1388 1289/2166/1289
f 1289/2166/1289 1388/2329/1388 1209/2013/1209
f 871/1654/871 1389/2330/1389 999/1655/999
f 1389/2330/1389 1390/2331/1390 999/1655/999
f 871/1455/871 1290/2167/1290 1389/2332/1389
f 995/2004/995 1391/2333/1391 1000/2334/1000
f 1388/2329/1388 1392/2335/1392 1209/2013/1209
f 1114/1846/1114 1290/2169/1290 1291/2168/1291
f 1286/2170/1286 1285/2336/1285 1213/2021/1213
f 1114/1846/1114 1212/2020/1212 1290/2169/1290
f 1209/2013/1209 1392/2335/1392 1111/1841/1111
f 1290/2337/1290 1212/2338/1212 1393/2339/1393
f 716/1274/716 872/1457/872 676/1228/676
f 1204/2003/1204 1394/2340/1394 1380/2317/1380
f 1110/2341/1110 1000/2334/1000 1395/2342/1395
f 1115/2174/1115 1394/2340/1394 1204/2003/1204
f 1212/2020/1212 1016/1681/1016 1393/2343/1393
f 1396/2344/1396 1397/2345/1397 1213/2021/1213
f 1115/1847/1115 1217/2026/1217 1398/2346/1398
f 1115/1847/1115 1398/2346/1398 1394/2347/1394
f 1217/2026/1217 1219/2029/1219 1398/2346/1398
f 1008/1671/1008 1221/2032/1221 1112/1843/1112
f 1214/2022/1214 1399/2348/1399 1295/2179/1295
f 1295/2179/1295 1399/2348/1399 1400/2349/1400
f 1219/2029/1219 1401/2350/1401 1402/2351/1402
f 1220/2031/1220 1403/2352/1403 1119/1851/1119
f 1119/1851/1119 1403/2352/1403 1221/2033/1221
f 1393/2353/1393 1016/2354/1016 1404/2355/1404
f 1218/2028/1218 1222/2356/1222 1120/1854/1120
f 1016/2036/1016 1304/2192/1304 1404/2357/1404
f 801/2358/801 1317/2210/1317 586/2209/586
f 1121/1855/1121 1223/2037/1223 1298/2359/1298
f 1125/1859/1125 1298/2184/1298 1305/2193/1305
f 1224/2047/1224 1405/2360/1405 1299/2361/1299
f 1226/2041/1226 1406/2362/1406 1122/1856/1122
f 1122/1856/1122 1406/2362/1406 1302/2189/1302
f 1123/1857/1123 1407/2363/1407 1226/2042/1226
f 1123/1857/1123 1303/2191/1303 1407/2363/1407
f 1229/2045/1229 1408/2364/1408 1228/2044/1228
f 1229/2046/1229 1300/2186/1300 1408/2365/1408
f 1124/1858/1124 1409/2366/1409 1300/2186/1300
f 1124/1858/1124 1031/1698/1031 1410/2367/1410
f 1031/2368/1031 1411/2369/1411 1410/2370/1410
f 1301/2188/1301 1412/2371/1412 1308/2196/1308
f 1303/2191/1303 1309/2197/1309 1413/2372/1413
f 1227/2373/1227 1414/2374/1414 1129/2055/1129
f 1130/1869/1130 1415/2375/1415 1307/2195/1307
f 1308/2196/1308 1412/2371/1412 1230/2048/1230
f 1129/2055/1129 1414/2374/1414 1232/2053/1232
f 1031/2368/1031 1310/2204/1310 1411/2369/1411
f 1126/1860/1126 1306/2194/1306 1416/2376/1416
f 1126/1860/1126 1416/2376/1416 1231/2051/1231
f 1130/1869/1130 1311/2199/1311 1415/2375/1415
f 1310/2204/1310 1235/2203/1235 1417/2377/1417
f 1231/2378/1231 1416/2379/1416 1418/2380/1418
f 1311/2199/1311 1233/2057/1233 1419/2381/1419
f 1311/2199/1311 1419/2381/1419 1415/2375/1415
f 1230/2048/1230 1412/2371/1412 1420/2382/1420
f 1230/2048/1230 1420/2382/1420 1134/2052/1134
f 1231/2378/1231 1418/2380/1418 1135/2383/1135
f 1134/2052/1134 1420/2382/1420 1314/2205/1314
f 1135/2383/1135 1418/2380/1418 1421/2384/1421
f 1422/2385/1422 1233/2386/1233 1136/1875/1136
f 1314/2387/1314 1315/2207/1315 1137/1877/1137
f 1234/2059/1234 1236/2061/1236 1423/2388/1423
f 1138/1878/1138 1237/2062/1237 1235/2060/1235
f 1139/1879/1139 1424/2389/1424 1035/1880/1035
f 1034/2054/1034 1425/2390/1425 1316/2391/1316
f 1316/2212/1316 1426/2392/1426 1318/2213/1318
f 1238/2063/1238 1318/2213/1318 1427/2393/1427
f 1428/2394/1428 1429/2395/1429 1430/2396/1430
f 1428/2394/1428 1430/2396/1430 1431/2397/1431
f 1432/2398/1432 1433/2399/1433 1434/2400/1434
f 1434/2401/1434 1435/2402/1435 1436/2403/1436
f 1436/2404/1436 1435/2405/1435 1437/2406/1437
f 1436/2404/1436 1437/2406/1437 1438/2407/1438
f 1430/2408/1430 1439/2409/1439 1431/2410/1431
f 1433/2399/1433 1440/2411/1440 1434/2400/1434
f 1434/2401/1434 1441/2412/1441 1435/2402/1435
f 1434/2401/1434 1440/2413/1440 1441/2412/1441
f 1431/2410/1431 1439/2409/1439 1442/2414/1442
f 1431/2410/1431 1442/2414/1442 1443/2415/1443
f 1443/2416/1443 1444/2417/1444 1445/2418/1445
f 1446/2419/1446 1447/2420/1447 1433/2421/1433
f 1435/2402/1435 1441/2412/1441 1448/2422/1448
f 1443/2416/1443 1449/2423/1449 1444/2417/1444
f 1429/2424/1429 1450/2425/1450 1322/2426/1322
f 1429/2395/1429 1322/2427/1322 1430/2396/1430
f 1443/2416/1443 1442/2428/1442 1449/2423/1449
f 1446/2419/1446 1321/2216/1321 1447/2420/1447
f 1435/2405/1435 1451/2429/1451 1437/2406/1437
f 1430/2396/1430 1322/2427/1322 1439/2430/1439
f 1452/2431/1452 1319/2214/1319 1321/2216/1321
f 1447/2420/1447 1321/2216/1321 1330/2225/1330
f 1440/2413/1440 1453/2432/1453 1441/2412/1441
f 1441/2412/1441 1453/2432/1453 1448/2422/1448
f 1437/2406/1437 1454/2433/1454 1455/2434/1455
f 1322/2426/1322 1450/2425/1450 1323/2435/1323
f 1447/2420/1447 1330/2225/1330 1456/2436/1456
f 1437/2406/1437 1451/2429/1451 1454/2433/1454
f 1322/2427/1322 1457/2437/1457 1439/2430/1439
f 1439/2409/1439 1457/2438/1457 1458/2439/1458
f 1325/2220/1325 1459/2440/1459 1444/2417/1444
f 1244/2069/1244 1330/2225/1330 1321/2216/1321
f 1460/2441/1460 1461/2442/1461 1242/2067/1242
f 1242/2067/1242 1444/2417/1444 1462/2443/1462
f 1325/2220/1325 1444/2417/1444 1242/2067/1242
f 1319/2214/1319 1463/2444/1463 1320/2215/1320
f 1464/2445/1464 1326/2221/1326 1323/2218/1323
f 1322/2217/1322 1324/2219/1324 1457/2446/1457
f 1242/2067/1242 1461/2442/1461 1327/2222/1327
f 1325/2220/1325 1329/2224/1329 1465/2447/1465
f 1243/2068/1243 1329/2224/1329 1325/2220/1325
f 1241/2066/1241 1466/2448/1466 1246/2071/1246
f 1253/2449/1253 1341/2450/1341 1467/2451/1467
f 1144/1888/1144 1328/2223/1328 1332/2227/1332
f 1330/2225/1330 1245/2070/1245 1468/2452/1468
f 1245/2229/1245 1469/2453/1469 1468/2454/1468
f 1143/1887/1143 1470/2455/1470 1043/1718/1043
f 1250/2076/1250 1469/2453/1469 1245/2229/1245
f 1250/2076/1250 1471/2456/1471 1469/2453/1469
f 1250/2076/1250 1258/2233/1258 1471/2456/1471
f 1143/1887/1143 1472/2457/1472 1470/2455/1470
f 1247/2458/1247 1347/2253/1347 1148/2252/1148
f 1143/1887/1143 1337/2459/1337 1472/2457/1472
f 1324/2219/1324 1473/2460/1473 1457/2446/1457
f 1341/2246/1341 1474/2461/1474 1475/2462/1475
f 1324/2219/1324 1326/2221/1326 1339/2463/1339
f 1476/2464/1476 1338/2242/1338 1335/2238/1335
f 526/2465/526 1477/2466/1477 1040/1713/1040
f 1345/2250/1345 1338/2242/1338 1476/2464/1476
f 1478/2467/1478 1342/2247/1342 1326/2468/1326
f 1326/2468/1326 1342/2247/1342 1339/2243/1339
f 1341/2246/1341 1344/2249/1344 1474/2461/1474
f 1479/2469/1479 1480/2470/1480 896/1499/896
f 895/1498/895 1479/2469/1479 896/1499/896
f 836/1501/836 1481/2471/1481 1058/1738/1058
f 836/1501/836 1482/2472/1482 1481/2471/1481
f 1151/2087/1151 1350/2259/1350 1158/1914/1158
f 1483/2473/1483 1484/2474/1484 1345/2250/1345
f 1346/2251/1346 1340/2244/1340 1339/2243/1339
f 1340/2475/1340 1346/2476/1346 1485/2477/1485
f 1258/2093/1258 1348/2255/1348 1486/2478/1486
f 704/2104/704 1263/2103/1263 526/2479/526
f 1155/1906/1155 1159/1917/1159 1487/2480/1487
f 1349/2257/1349 1354/2263/1354 1259/2096/1259
f 1251/2481/1251 1488/2482/1488 1252/2483/1252
f 804/2484/804 855/2485/855 1489/2486/1489
f 1346/2487/1346 1490/2488/1490 1491/2489/1491
f 1346/2487/1346 1492/2490/1492 1485/2491/1485
f 1493/2492/1493 1164/2493/1164 874/2494/874
f 1346/2487/1346 1491/2489/1491 1492/2490/1492
f 1252/2483/1252 1488/2482/1488 1494/2495/1494
f 1160/1922/1160 1495/2496/1495 1352/2261/1352
f 1257/2269/1257 1359/2271/1359 1496/2497/1496
f 1157/2117/1157 1362/2283/1362 1351/2498/1351
f 1497/2499/1497 1365/2289/1365 1163/2120/1163
f 1166/1933/1166 1360/2278/1360 1356/2267/1356
f 858/1431/858 1498/2500/1498 970/1609/970
f 1494/2495/1494 1361/2501/1361 1252/2483/1252
f 1344/2258/1344 1269/2272/1269 1499/2502/1499
f 1363/2285/1363 1498/2500/1498 858/1431/858
f 1500/2503/1500 1363/2288/1363 1364/2287/1364
f 975/2286/975 1501/2504/1501 1364/2287/1364
f 974/2505/974 1501/2504/1501 975/2286/975
f 725/1178/725 809/1335/809 859/1433/859
f 974/2506/974 976/2507/976 1502/2508/1502
f 1267/2131/1267 1174/1954/1174 1362/2509/1362
f 1174/1954/1174 1503/2510/1503 1362/2509/1362
f 1174/1954/1174 877/1953/877 1503/2510/1503
f 1268/2511/1268 1177/1958/1177 1175/1956/1175
f 1358/2291/1358 1181/1963/1181 1504/2512/1504
f 1366/2292/1366 1361/2281/1361 907/2294/907
f 1269/2133/1269 1182/2135/1182 1505/2513/1505
f 1182/2135/1182 1368/2514/1368 1505/2513/1505
f 1188/1976/1188 1275/2139/1275 1277/2141/1277
f 864/1978/864 988/2515/988 1276/2140/1276
f 1085/1977/1085 1277/2141/1277 1279/2516/1279
f 1195/1988/1195 1278/2142/1278 1194/1987/1194
f 1194/1987/1194 1506/2517/1506 914/2144/914
f 1092/1813/1092 1507/2518/1507 988/1639/988
f 914/1529/914 1508/2519/1508 883/1530/883
f 1197/1993/1197 1509/2520/1509 1092/1813/1092
f 1197/1993/1197 1370/2300/1370 1510/2521/1510
f 915/1534/915 1511/2522/1511 1512/2523/1512
f 915/1534/915 1513/2524/1513 1370/2299/1370
f 915/1534/915 1512/2523/1512 1513/2524/1513
f 1370/2300/1370 1513/2525/1513 1510/2521/1510
f 915/1534/915 1371/2301/1371 1511/2522/1511
f 1512/2523/1512 1514/2526/1514 1513/2524/1513
f 1513/2525/1513 1514/2527/1514 1510/2521/1510
f 889/2528/889 885/1483/885 799/1385/799
f 799/1385/799 885/1483/885 695/1129/695
f 1280/2303/1280 1373/2305/1373 1515/2529/1515
f 1202/2318/1202 1516/2530/1516 1203/2531/1203
f 1380/2317/1380 1516/2530/1516 1202/2318/1202
f 870/1453/870 1517/2532/1517 994/1649/994
f 1375/2533/1375 1198/2323/1198 1383/2322/1383
f 999/1655/999 1518/2534/1518 814/1346/814
f 814/1346/814 1518/2534/1518 925/1550/925
f 925/1550/925 1518/2534/1518 1519/2535/1519
f 1382/2320/1382 1391/2333/1391 995/2004/995
f 1390/2331/1390 1520/2536/1520 999/1655/999
f 999/1655/999 1520/2536/1520 1518/2534/1518
f 1104/2010/1104 1521/2537/1521 1386/2327/1386
f 1386/2327/1386 1388/2329/1388 1387/2328/1387
f 1386/2327/1386 1521/2537/1521 1388/2329/1388
f 1389/2330/1389 1520/2536/1520 1390/2331/1390
f 1104/2010/1104 1107/2012/1107 1521/2537/1521
f 1521/2537/1521 1522/2538/1522 1388/2329/1388
f 1389/2332/1389 1290/2167/1290 1520/2539/1520
f 1388/2329/1388 1522/2538/1522 1392/2335/1392
f 1290/2540/1290 1393/2541/1393 1520/2536/1520
f 1201/2006/1201 1523/2542/1523 1205/2005/1205
f 1392/2543/1392 1524/2544/1524 1111/2545/1111
f 1099/2173/1099 1292/2172/1292 1385/2325/1385
f 1380/2317/1380 1394/2340/1394 1516/2530/1516
f 1285/2336/1285 1396/2344/1396 1213/2021/1213
f 1394/2340/1394 1525/2546/1525 1516/2530/1516
f 1111/2545/1111 1524/2544/1524 1113/2547/1113
f 1395/2548/1395 1526/2549/1526 1110/2550/1110
f 1398/2346/1398 1527/2551/1527 1394/2347/1394
f 1213/2021/1213 1397/2345/1397 1528/2552/1528
f 1213/2021/1213 1528/2552/1528 1214/2553/1214
f 1215/2024/1215 1295/2179/1295 1292/2176/1292
f 1110/2554/1110 1526/2555/1526 1296/2556/1296
f 1219/2029/1219 1216/2025/1216 1401/2350/1401
f 1220/2031/1220 1296/2181/1296 1403/2352/1403
f 1529/2557/1529 1218/2558/1218 1113/2547/1113
f 1299/2185/1299 1530/2559/1530 1223/2037/1223
f 1227/2373/1227 1228/2560/1228 1414/2374/1414
f 1411/2369/1411 1310/2204/1310 1531/2561/1531
f 1297/2562/1297 1532/2563/1532 1304/2564/1304
f 1416/2376/1416 1306/2194/1306 1533/2565/1533
f 1534/2566/1534 1532/2563/1532 1297/2562/1297
f 1312/2200/1312 1234/2059/1234 1423/2388/1423
f 1313/2201/1313 1535/2567/1535 1536/2568/1536
f 1313/2201/1313 1536/2568/1536 1034/2054/1034
f 1235/2203/1235 1237/2569/1237 1417/2377/1417
f 1236/2061/1236 1537/2570/1537 1423/2388/1423
f 1034/2054/1034 1536/2568/1536 1425/2390/1425
f 1135/1874/1135 1538/2571/1538 1032/1699/1032
f 1538/2571/1538 1422/2385/1422 1032/1699/1032
f 1032/1699/1032 1422/2385/1422 1136/1875/1136
f 1035/1705/1035 1539/2572/1539 1236/2061/1236
f 1139/1879/1139 1315/2207/1315 1424/2389/1424
f 1035/1880/1035 1424/2389/1424 1539/2573/1539
f 1318/2213/1318 1426/2392/1426 1427/2393/1427
f 1238/2063/1238 1427/2393/1427 1540/2574/1540
f 1238/2575/1238 1540/2576/1540 1237/2569/1237
f 1037/2577/1037 1541/2578/1541 755/2579/755
f 757/1396/757 893/1496/893 1542/2580/1542
f 1543/2581/1543 1431/2410/1431 1443/2415/1443
f 1432/2582/1432 1434/2583/1434 1544/2584/1544
f 1545/2585/1545 1428/2586/1428 1431/2587/1431
f 1546/2588/1546 1446/2419/1446 1432/2589/1432
f 1547/2590/1547 1434/2401/1434 1436/2403/1436
f 1445/2418/1445 1543/2591/1543 1443/2416/1443
f 1445/2418/1445 1446/2592/1446 1543/2591/1543
f 1543/2593/1543 1446/2594/1446 1546/2595/1546
f 1433/2421/1433 1432/2589/1432 1446/2419/1446
f 1438/2407/1438 1437/2406/1437 1548/2596/1548
f 1548/2596/1548 1437/2406/1437 1549/2597/1549
f 1550/2598/1550 1450/2425/1450 1429/2424/1429
f 1444/2599/1444 1551/2600/1551 1445/2601/1445
f 1445/2601/1445 1551/2600/1551 1446/2602/1446
f 1447/2420/1447 1552/2603/1552 1433/2421/1433
f 1552/2604/1552 1440/2411/1440 1433/2399/1433
f 1553/2605/1553 779/1710/779 1240/2065/1240
f 1553/2605/1553 1240/2065/1240 1039/1711/1039
f 1444/2599/1444 1554/2606/1554 1551/2600/1551
f 1446/2419/1446 1551/2607/1551 1321/2216/1321
f 1552/2604/1552 1555/2608/1555 1440/2411/1440
f 1448/2422/1448 1451/2609/1451 1435/2402/1435
f 1437/2406/1437 1455/2434/1455 1549/2597/1549
f 1449/2423/1449 1460/2441/1460 1444/2417/1444
f 1551/2607/1551 1556/2610/1556 1452/2431/1452
f 1551/2607/1551 1452/2431/1452 1321/2216/1321
f 1552/2603/1552 1447/2420/1447 1456/2436/1456
f 1555/2608/1555 1557/2611/1557 1440/2411/1440
f 1549/2612/1549 1455/2613/1455 1454/2614/1454
f 1458/2439/1458 1442/2414/1442 1439/2409/1439
f 1460/2441/1460 1462/2443/1462 1444/2417/1444
f 1558/2615/1558 1444/2417/1444 1459/2440/1459
f 1554/2616/1554 1444/2417/1444 1558/2615/1558
f 1440/2413/1440 1557/2617/1557 1453/2432/1453
f 1559/2618/1559 1323/2435/1323 1450/2425/1450
f 1452/2431/1452 1556/2610/1556 1319/2214/1319
f 1319/2214/1319 1556/2610/1556 1560/2619/1560
f 1448/2422/1448 1561/2620/1561 1451/2609/1451
f 1562/2621/1562 1442/2414/1442 1458/2439/1458
f 1563/2622/1563 1442/2623/1442 1562/2624/1562
f 1462/2443/1462 1460/2441/1460 1242/2067/1242
f 1564/2625/1564 1456/2436/1456 1330/2225/1330
f 1565/2626/1565 1557/2617/1557 1566/2627/1566
f 1557/2617/1557 1565/2626/1565 1453/2432/1453
f 1567/2628/1567 1448/2422/1448 1453/2432/1453
f 1567/2628/1567 1561/2620/1561 1448/2422/1448
f 1457/2446/1457 1568/2629/1568 1458/2630/1458
f 1325/2220/1325 1465/2447/1465 1459/2440/1459
f 1319/2214/1319 1560/2619/1560 1463/2444/1463
f 1330/2225/1330 1468/2452/1468 1564/2625/1564
f 1565/2626/1565 1569/2631/1569 1453/2432/1453
f 1565/2626/1565 1570/2632/1570 1569/2631/1569
f 1567/2628/1567 1453/2432/1453 1569/2631/1569
f 1323/2218/1323 1559/2633/1559 1464/2445/1464
f 1460/2441/1460 1571/2634/1571 1461/2442/1461
f 1463/2444/1463 1560/2619/1560 1572/2635/1572
f 1573/2636/1573 1463/2444/1463 1572/2635/1572
f 1574/2637/1574 1451/2638/1451 1561/2639/1561
f 1457/2446/1457 1575/2640/1575 1568/2629/1568
f 1451/2638/1451 1574/2637/1574 1454/2641/1454
f 1475/2642/1475 1467/2451/1467 1341/2450/1341
f 1461/2442/1461 1571/2634/1571 1327/2222/1327
f 1333/2228/1333 1145/1889/1145 1463/2444/1463
f 1320/2215/1320 1463/2444/1463 1145/1889/1145
f 1570/2632/1570 1331/2226/1331 1246/2071/1246
f 1466/2448/1466 1570/2632/1570 1246/2071/1246
f 1466/2448/1466 1569/2631/1569 1570/2632/1570
f 1241/2066/1241 1569/2631/1569 1466/2448/1466
f 1576/2643/1576 1569/2631/1569 1241/2066/1241
f 1574/2637/1574 1577/2644/1577 1454/2641/1454
f 1454/2614/1454 1577/2645/1577 1578/2646/1578
f 1467/2647/1467 1336/2235/1336 1253/2081/1253
f 1571/2634/1571 1328/2223/1328 1327/2222/1327
f 1579/2648/1579 1247/2072/1247 1333/2228/1333
f 1331/2226/1331 956/1586/956 1246/2071/1246
f 1580/2649/1580 1043/1718/1043 1470/2455/1470
f 1578/2650/1578 1577/2651/1577 1581/2652/1581
f 1582/2653/1582 1335/2234/1335 1336/2235/1336
f 1329/2654/1329 1249/2232/1249 1583/2655/1583
f 1583/2655/1583 1249/2232/1249 1334/2231/1334
f 1584/2656/1584 1151/2657/1151 1585/2658/1585
f 1585/2658/1585 1151/2657/1151 1248/2659/1248
f 1473/2460/1473 1575/2640/1575 1457/2446/1457
f 1476/2464/1476 1335/2238/1335 1582/2660/1582
f 1586/2661/1586 1251/2662/1251 1332/2663/1332
f 1581/2664/1581 1587/2665/1587 1578/2666/1578
f 1588/2667/1588 1578/2668/1578 1587/2669/1587
f 1464/2445/1464 1478/2670/1478 1326/2221/1326
f 1476/2464/1476 1483/2473/1483 1345/2250/1345
f 1340/2244/1340 1473/2671/1473 1324/2245/1324
f 1471/2672/1471 1258/2093/1258 1486/2478/1486
f 1589/2673/1589 1473/2674/1473 1340/2475/1340
f 1590/2675/1590 1479/2469/1479 895/1498/895
f 1590/2675/1590 895/1498/895 1058/1738/1058
f 1334/2231/1334 1257/2236/1257 1591/2676/1591
f 1587/2665/1587 1592/2677/1592 1593/2678/1593
f 1587/2669/1587 1593/2679/1593 1594/2680/1594
f 1480/2470/1480 1595/2681/1595 896/1499/896
f 1594/2680/1594 1593/2679/1593 896/1499/896
f 1594/2680/1594 896/1499/896 1595/2681/1595
f 1596/2682/1596 1343/2248/1343 1342/2247/1342
f 1340/2475/1340 1485/2477/1485 1589/2673/1589
f 961/2088/961 1593/2679/1593 1592/2683/1592
f 896/1499/896 1593/2679/1593 961/2088/961
f 1597/2684/1597 1343/2248/1343 1596/2682/1596
f 1484/2685/1484 1349/2257/1349 1345/2256/1345
f 1592/2683/1592 1598/2686/1598 961/2088/961
f 961/2687/961 1598/2688/1598 874/2689/874
f 1343/2248/1343 1597/2684/1597 1346/2251/1346
f 1599/2690/1599 874/2494/874 1598/2691/1598
f 1488/2692/1488 1251/2693/1251 1600/2694/1600
f 1346/2251/1346 1597/2684/1597 1490/2695/1490
f 1486/2478/1486 1348/2255/1348 1351/2260/1351
f 1493/2492/1493 1599/2690/1599 1601/2696/1601
f 1602/2697/1602 1601/2696/1601 1599/2690/1599
f 874/2494/874 1599/2690/1599 1493/2492/1493
f 1603/2698/1603 1604/2699/1604 1154/1927/1154
f 1487/2480/1487 1159/1917/1159 1352/2700/1352
f 1605/2701/1605 1601/2696/1601 1602/2697/1602
f 1485/2491/1485 1492/2490/1492 1606/2702/1606
f 1606/2703/1606 1607/2704/1607 1608/2705/1608
f 1493/2492/1493 1601/2696/1601 1164/2493/1164
f 1608/2705/1608 1609/2706/1609 1610/2707/1610
f 1610/2707/1610 1609/2706/1609 1488/2482/1488
f 1350/2259/1350 1611/2708/1611 1065/1915/1065
f 1612/2709/1612 1352/2261/1352 1613/2710/1613
f 1614/2711/1614 1615/2712/1615 1605/2701/1605
f 1164/2493/1164 1601/2696/1601 1615/2712/1615
f 1605/2701/1605 1615/2712/1615 1601/2696/1601
f 1492/2713/1492 1607/2714/1607 1606/2715/1606
f 1608/2705/1608 1607/2704/1607 1616/2716/1616
f 1608/2705/1608 1616/2716/1616 1609/2706/1609
f 1488/2482/1488 1609/2706/1609 1494/2495/1494
f 1591/2717/1591 1257/2269/1257 1496/2497/1496
f 1613/2710/1613 1352/2261/1352 1495/2496/1495
f 1617/2718/1617 1618/2719/1618 1490/2488/1490
f 1490/2488/1490 1618/2719/1618 1491/2489/1491
f 1604/2699/1604 1353/2262/1353 1154/1927/1154
f 1619/2720/1619 1065/1915/1065 1611/2708/1611
f 1615/2712/1615 1620/2721/1620 1164/2493/1164
f 1621/2722/1621 1609/2706/1609 1616/2716/1616
f 1495/2496/1495 1160/1922/1160 1357/2268/1357
f 1622/2723/1622 1164/2493/1164 1620/2721/1620
f 1623/2724/1623 1355/2264/1355 1354/2263/1354
f 1624/2725/1624 1609/2706/1609 1621/2722/1621
f 1624/2725/1624 1494/2495/1494 1609/2706/1609
f 1496/2497/1496 1359/2271/1359 1625/2726/1625
f 1497/2727/1497 1163/1928/1163 1353/2262/1353
f 1160/1922/1160 1161/1925/1161 1357/2268/1357
f 1264/2105/1264 620/2106/620 1265/2728/1265
f 1626/2729/1626 1494/2495/1494 1624/2725/1624
f 1622/2730/1622 1165/1932/1165 1164/1931/1164
f 1627/2731/1627 899/1507/899 967/1606/967
f 1357/2268/1357 1356/2267/1356 1628/2732/1628
f 1629/2733/1629 1359/2734/1359 1358/2735/1358
f 1630/2736/1630 971/1610/971 1165/1932/1165
f 1360/2278/1360 971/2279/971 1631/2737/1631
f 1499/2502/1499 1632/2738/1632 1344/2258/1344
f 1633/2739/1633 809/1335/809 763/1244/763
f 1634/2740/1634 1635/2741/1635 1636/2742/1636
f 1500/2743/1500 1498/2500/1498 1363/2285/1363
f 1364/2287/1364 1634/2740/1634 1500/2503/1500
f 1635/2744/1635 1634/2745/1634 1637/2746/1637
f 1638/2747/1638 1271/2290/1271 1065/2115/1065
f 1364/2287/1364 1501/2504/1501 1634/2740/1634
f 1501/2504/1501 1639/2748/1639 1634/2740/1634
f 1639/2749/1639 1637/2746/1637 1634/2745/1634
f 1640/2750/1640 1361/2501/1361 1494/2495/1494
f 974/2505/974 1639/2748/1639 1501/2504/1501
f 1641/2751/1641 1361/2281/1361 1640/2752/1640
f 1502/2508/1502 1639/2749/1639 974/2506/974
f 1639/2749/1639 1642/2753/1642 1637/2746/1637
f 1639/2749/1639 1502/2508/1502 1642/2753/1642
f 1643/2754/1643 1270/2126/1270 1271/2128/1271
f 976/2507/976 1642/2753/1642 1502/2508/1502
f 1643/2754/1643 1077/2130/1077 1270/2126/1270
f 1642/2755/1642 976/2756/976 1079/2757/1079
f 1642/2758/1642 1079/1781/1079 1644/2759/1644
f 1177/2760/1177 1268/2121/1268 1365/2289/1365
f 1503/2510/1503 877/1953/877 1645/2761/1645
f 1646/2762/1646 1644/2759/1644 1079/1781/1079
f 1079/1781/1079 1272/2293/1272 1646/2762/1646
f 1641/2751/1641 1272/2763/1272 1647/2764/1647
f 1641/2751/1641 1647/2764/1647 1361/2281/1361
f 907/2294/907 1647/2764/1647 1272/2763/1272
f 1361/2281/1361 1647/2764/1647 907/2294/907
f 1269/2133/1269 1505/2513/1505 1499/2765/1499
f 1184/1969/1184 1648/2766/1648 1185/1970/1185
f 1648/2767/1648 1649/2768/1649 1185/1974/1185
f 1650/2769/1650 1274/2138/1274 1187/2770/1187
f 1651/2771/1651 1277/2141/1277 1275/2139/1275
f 1650/2772/1650 1187/1972/1187 1186/1971/1186
f 1278/2142/1278 1185/1974/1185 1649/2768/1649
f 1652/2773/1652 1186/1971/1186 1276/2140/1276
f 1276/2774/1276 988/2775/988 1507/2776/1507
f 1506/2517/1506 1508/2777/1508 914/2144/914
f 1653/2778/1653 1197/1993/1197 1510/2521/1510
f 1509/2520/1509 1197/1993/1197 1653/2778/1653
f 1280/2303/1280 1515/2529/1515 1368/2779/1368
f 1371/2301/1371 1512/2523/1512 1511/2522/1511
f 1654/2780/1654 1512/2523/1512 1371/2301/1371
f 1655/2781/1655 1510/2521/1510 1514/2527/1514
f 1656/2782/1656 1368/2779/1368 1515/2529/1515
f 1657/2783/1657 1371/2301/1371 888/1487/888
f 1371/2301/1371 1657/2783/1657 1654/2780/1654
f 1654/2780/1654 1657/2783/1657 1512/2523/1512
f 1658/2784/1658 1282/2148/1282 1372/2302/1372
f 1659/2785/1659 1657/2783/1657 888/1487/888
f 1093/1814/1093 1660/2786/1660 1374/2306/1374
f 1660/2786/1660 1095/1818/1095 1374/2306/1374
f 1376/2309/1376 1661/2787/1661 888/1487/888
f 1659/2785/1659 888/1487/888 1661/2787/1661
f 1285/2157/1285 1095/1818/1095 1660/2786/1660
f 1375/2308/1375 1662/2788/1662 1372/2302/1372
f 1199/2307/1199 1378/2789/1378 1283/2790/1283
f 1376/2309/1376 922/1648/922 1663/2791/1663
f 1657/2783/1657 1664/2792/1664 1512/2523/1512
f 1512/2523/1512 1664/2792/1664 1514/2526/1514
f 800/1321/800 1665/2793/1665 922/1543/922
f 1666/2794/1666 922/1648/922 1665/2795/1665
f 1663/2791/1663 922/1648/922 1666/2794/1666
f 1667/2796/1667 1665/2793/1665 800/1321/800
f 1666/2797/1666 1665/2793/1665 1667/2796/1667
f 1668/2798/1668 1514/2526/1514 1664/2792/1664
f 1373/2305/1373 1669/2799/1669 1515/2529/1515
f 1670/2800/1670 800/1321/800 925/1550/925
f 1667/2796/1667 800/1321/800 1670/2800/1670
f 1671/2801/1671 1664/2792/1664 1657/2783/1657
f 1519/2535/1519 1672/2802/1672 925/1550/925
f 1672/2802/1672 1670/2800/1670 925/1550/925
f 1671/2801/1671 1673/2803/1673 1664/2792/1664
f 1518/2534/1518 1672/2802/1672 1519/2535/1519
f 1373/2305/1373 1379/2316/1379 1669/2799/1669
f 1518/2534/1518 1520/2536/1520 1672/2802/1672
f 1190/2310/1190 1674/2804/1674 1377/2311/1377
f 1521/2805/1521 1107/2806/1107 1522/2807/1522
f 1674/2804/1674 1675/2808/1675 1377/2311/1377
f 1377/2311/1377 1675/2808/1675 1379/2316/1379
f 1676/2809/1676 1101/1826/1101 753/1229/753
f 1677/2810/1677 1392/2811/1392 1522/2812/1522
f 1672/2813/1672 1393/2814/1393 1673/2815/1673
f 1678/2816/1678 1201/2006/1201 1378/2315/1378
f 1520/2536/1520 1393/2541/1393 1672/2802/1672
f 676/1228/676 1676/2809/1676 753/1229/753
f 1678/2816/1678 1523/2542/1523 1201/2006/1201
f 1391/2333/1391 1395/2342/1395 1000/2334/1000
f 1392/2811/1392 1679/2817/1679 1524/2818/1524
f 1523/2542/1523 1293/2175/1293 1205/2005/1205
f 872/1457/872 1116/1848/1116 1680/2819/1680
f 1523/2542/1523 1681/2820/1681 1293/2175/1293
f 1682/2821/1682 1397/2345/1397 1396/2344/1396
f 1681/2820/1681 1294/2177/1294 1293/2175/1293
f 1525/2546/1525 1394/2340/1394 1527/2822/1527
f 1524/2544/1524 1529/2557/1529 1113/2547/1113
f 1683/2823/1683 1292/2176/1292 1295/2179/1295
f 1526/2555/1526 1684/2824/1684 1296/2556/1296
f 1685/2825/1685 1112/2826/1112 1221/2033/1221
f 1399/2348/1399 1214/2022/1214 1528/2827/1528
f 1401/2350/1401 1686/2828/1686 1402/2351/1402
f 1687/2829/1687 1403/2352/1403 1296/2181/1296
f 1688/2830/1688 1401/2831/1401 1689/2832/1689
f 1688/2830/1688 1686/2833/1686 1401/2831/1401
f 1690/2834/1690 1298/2184/1298 1223/2835/1223
f 1690/2836/1690 1223/2037/1223 1691/2837/1691
f 1691/2837/1691 1223/2037/1223 1530/2559/1530
f 1692/2838/1692 1305/2839/1305 1693/2840/1693
f 1693/2841/1693 1305/2193/1305 1298/2184/1298
f 1301/2190/1301 1302/2189/1302 1694/2842/1694
f 1695/2843/1695 1302/2189/1302 1406/2362/1406
f 1695/2843/1695 1406/2362/1406 1696/2844/1696
f 1406/2845/1406 1226/2042/1226 1696/2846/1696
f 1697/2847/1697 1408/2365/1408 1698/2848/1698
f 1698/2848/1698 1408/2365/1408 1300/2186/1300
f 1409/2366/1409 1124/1858/1124 1410/2367/1410
f 1699/2849/1699 1222/2850/1222 1218/2851/1218
f 1405/2360/1405 1224/2047/1224 1307/2195/1307
f 1700/2852/1700 1412/2371/1412 1701/2853/1701
f 1701/2853/1701 1412/2371/1412 1301/2188/1301
f 1413/2854/1413 1309/2855/1309 1702/2856/1702
f 1703/2857/1703 1413/2854/1413 1702/2856/1702
f 1307/2195/1307 1415/2375/1415 1704/2858/1704
f 1304/2564/1304 1532/2563/1532 1404/2859/1404
f 1309/2855/1309 1312/2860/1312 1702/2856/1702
f 1535/2567/1535 1313/2201/1313 1232/2053/1232
f 1531/2561/1531 1310/2204/1310 1417/2377/1417
f 1416/2379/1416 1533/2861/1533 1705/2862/1705
f 1705/2862/1705 1418/2380/1418 1416/2379/1416
f 1415/2375/1415 1419/2381/1419 1706/2863/1706
f 1412/2371/1412 1700/2852/1700 1420/2382/1420
f 1702/2856/1702 1312/2860/1312 1423/2864/1423
f 1534/2865/1534 1297/2183/1297 1222/2035/1222
f 1419/2381/1419 1233/2057/1233 1707/2866/1707
f 1708/2867/1708 1315/2207/1315 1314/2387/1314
f 1537/2570/1537 1236/2061/1236 1539/2572/1539
f 1709/2868/1709 1237/2569/1237 1540/2576/1540
f 893/1496/893 892/1495/892 1542/2580/1542
f 1710/2869/1710 1431/2410/1431 1543/2581/1543
f 1711/2870/1711 1546/2588/1546 1432/2589/1432
f 1428/2586/1428 1545/2585/1545 1712/2871/1712
f 1544/2584/1544 1434/2583/1434 1547/2872/1547
f 1436/2403/1436 1438/2873/1438 1547/2590/1547
f 1712/2874/1712 1429/2395/1429 1428/2394/1428
f 1713/2875/1713 1429/2395/1429 1712/2874/1712
f 1713/2876/1713 1550/2598/1550 1429/2424/1429
f 1549/2612/1549 1714/2877/1714 1548/2878/1548
f 1553/2605/1553 1715/2879/1715 779/1710/779
f 1549/2612/1549 1454/2614/1454 1714/2877/1714
f 1550/2598/1550 1716/2880/1716 1450/2425/1450
f 1554/2881/1554 1717/2882/1717 1551/2607/1551
f 1456/2436/1456 1718/2883/1718 1552/2603/1552
f 1718/2883/1718 1555/2884/1555 1552/2603/1552
f 1555/2608/1555 1719/2885/1719 1557/2611/1557
f 779/1884/779 1720/2886/1720 1142/1885/1142
f 1716/2880/1716 1559/2618/1559 1450/2425/1450
f 1442/2428/1442 1721/2887/1721 1449/2423/1449
f 1449/2423/1449 1721/2887/1721 1460/2441/1460
f 1556/2610/1556 1717/2882/1717 1560/2619/1560
f 1551/2607/1551 1717/2882/1717 1556/2610/1556
f 1475/2642/1475 1722/2888/1722 1723/2889/1723
f 1724/2890/1724 1725/2891/1725 1442/2428/1442
f 1442/2428/1442 1725/2891/1725 1721/2887/1721
f 1459/2440/1459 1726/2892/1726 1558/2615/1558
f 1456/2436/1456 1564/2625/1564 1718/2883/1718
f 1727/2893/1727 1566/2627/1566 1557/2617/1557
f 1442/2428/1442 1563/2894/1563 1724/2890/1724
f 1465/2447/1465 1728/2895/1728 1459/2440/1459
f 1459/2440/1459 1728/2895/1728 1726/2892/1726
f 1566/2627/1566 1570/2632/1570 1565/2626/1565
f 1467/2647/1467 1582/2653/1582 1336/2235/1336
f 1568/2896/1568 1562/2897/1562 1458/2898/1458
f 1460/2441/1460 1729/2899/1729 1571/2634/1571
f 1465/2447/1465 1730/2900/1730 1728/2895/1728
f 1564/2625/1564 1468/2452/1468 1731/2901/1731
f 1566/2627/1566 1732/2902/1732 1570/2632/1570
f 1578/2646/1578 1714/2877/1714 1454/2614/1454
f 1573/2636/1573 1733/2903/1733 1463/2444/1463
f 1569/2631/1569 1576/2643/1576 1567/2628/1567
f 1576/2643/1576 1734/2904/1734 1567/2628/1567
f 1465/2447/1465 1329/2224/1329 1730/2900/1730
f 1463/2444/1463 1733/2903/1733 1333/2228/1333
f 1732/2902/1732 1331/2226/1331 1570/2632/1570
f 1576/2643/1576 1241/2066/1241 1734/2904/1734
f 1043/1718/1043 1580/2649/1580 1241/2066/1241
f 1241/2066/1241 1580/2649/1580 1734/2904/1734
f 1475/2642/1475 1735/2905/1735 1722/2888/1722
f 1470/2455/1470 1472/2457/1472 1736/2906/1736
f 1476/2464/1476 1582/2660/1582 1737/2907/1737
f 1464/2445/1464 1738/2908/1738 1478/2670/1478
f 1578/2668/1578 1588/2667/1588 1739/2909/1739
f 1584/2910/1584 1350/2259/1350 1151/2087/1151
f 1577/2651/1577 1740/2911/1740 1581/2652/1581
f 1478/2467/1478 1741/2912/1741 1342/2247/1342
f 1594/2680/1594 1742/2913/1742 1587/2669/1587
f 1587/2669/1587 1742/2913/1742 1588/2667/1588
f 1474/2461/1474 1344/2249/1344 1743/2914/1743
f 1581/2664/1581 1744/2915/1744 1587/2665/1587
f 1594/2680/1594 1745/2916/1745 1742/2913/1742
f 1742/2913/1742 1745/2916/1745 1595/2681/1595
f 1742/2913/1742 1595/2681/1595 1480/2470/1480
f 1744/2915/1744 1592/2677/1592 1587/2665/1587
f 1745/2916/1745 1594/2680/1594 1595/2681/1595
f 526/2465/526 1263/2917/1263 1477/2466/1477
f 1741/2912/1741 1596/2682/1596 1342/2247/1342
f 780/1282/780 1746/2918/1746 836/1397/836
f 780/2919/780 816/2920/816 1746/2921/1746
f 1251/2693/1251 1747/2922/1747 1600/2694/1600
f 1347/2923/1347 1603/2924/1603 1154/2925/1154
f 1748/2926/1748 1592/2927/1592 1744/2928/1744
f 1589/2673/1589 1485/2477/1485 1749/2929/1749
f 1744/2928/1744 1750/2930/1750 1748/2926/1748
f 1596/2682/1596 1751/2931/1751 1597/2684/1597
f 1155/1906/1155 1487/2480/1487 1337/2932/1337
f 1592/2927/1592 1748/2926/1748 1598/2933/1598
f 1485/2934/1485 1752/2935/1752 1753/2936/1753
f 1748/2926/1748 1750/2930/1750 1599/2937/1599
f 1748/2926/1748 1599/2937/1599 1598/2933/1598
f 1485/2934/1485 1606/2938/1606 1752/2935/1752
f 1754/2939/1754 1608/2705/1608 1755/2940/1755
f 1756/2941/1756 1608/2705/1608 1488/2482/1488
f 1488/2482/1488 1608/2705/1608 1610/2707/1610
f 1602/2942/1602 1599/2937/1599 1750/2930/1750
f 804/2098/804 1489/2943/1489 1261/2099/1261
f 1757/2944/1757 1606/2703/1606 1608/2705/1608
f 1757/2944/1757 1608/2705/1608 1754/2939/1754
f 1758/2945/1758 1605/2701/1605 1602/2697/1602
f 1597/2684/1597 1759/2946/1759 1490/2695/1490
f 1352/2700/1352 1612/2947/1612 1760/2948/1760
f 1487/2480/1487 1352/2700/1352 1760/2948/1760
f 1761/2949/1761 1614/2950/1614 1762/2951/1762
f 1762/2951/1762 1614/2950/1614 1758/2952/1758
f 1758/2945/1758 1614/2711/1614 1605/2701/1605
f 1349/2257/1349 1623/2724/1623 1354/2263/1354
f 1612/2953/1612 1614/2954/1614 1761/2955/1761
f 1759/2956/1759 1617/2718/1617 1490/2488/1490
f 1486/2478/1486 1351/2260/1351 1763/2957/1763
f 1764/2958/1764 1765/2959/1765 1611/2708/1611
f 1764/2958/1764 1611/2708/1611 1350/2259/1350
f 1612/2953/1612 1613/2960/1613 1614/2954/1614
f 1763/2957/1763 1766/2961/1766 1765/2959/1765
f 1765/2959/1765 1619/2720/1619 1611/2708/1611
f 1765/2959/1765 1766/2961/1766 1619/2720/1619
f 1613/2710/1613 1495/2496/1495 1767/2962/1767
f 1613/2960/1613 1767/2963/1767 1614/2954/1614
f 1614/2954/1614 1768/2964/1768 1615/2965/1615
f 1353/2262/1353 1604/2699/1604 1497/2727/1497
f 1495/2496/1495 1357/2268/1357 1767/2962/1767
f 1769/2966/1769 1622/2730/1622 1620/2967/1620
f 1615/2712/1615 1769/2968/1769 1620/2721/1620
f 1768/2964/1768 1769/2966/1769 1615/2965/1615
f 1766/2961/1766 1638/2969/1638 1619/2720/1619
f 1619/2720/1619 1638/2969/1638 1065/1915/1065
f 1768/2964/1768 1770/2970/1770 1622/2730/1622
f 1768/2964/1768 1622/2730/1622 1769/2966/1769
f 1618/2719/1618 1771/2971/1771 1491/2489/1491
f 1607/2972/1607 1492/2973/1492 1772/2974/1772
f 1607/2704/1607 1772/2975/1772 1616/2716/1616
f 1616/2716/1616 1772/2975/1772 1621/2722/1621
f 1770/2970/1770 1165/1932/1165 1622/2730/1622
f 1491/2489/1491 1771/2971/1771 1773/2976/1773
f 1621/2722/1621 1626/2729/1626 1624/2725/1624
f 1625/2726/1625 1359/2271/1359 1629/2977/1629
f 856/1758/856 899/1507/899 1627/2731/1627
f 969/1608/969 1774/2978/1774 967/1606/967
f 1169/1939/1169 1355/2266/1355 1775/2979/1775
f 1630/2980/1630 1631/2737/1631 971/2279/971
f 1498/2500/1498 1500/2743/1500 1776/2981/1776
f 1500/2503/1500 1634/2740/1634 1776/2982/1776
f 1634/2740/1634 1636/2742/1636 1776/2982/1776
f 1362/2283/1362 1777/2983/1777 1351/2498/1351
f 1356/2267/1356 1360/2278/1360 1778/2984/1778
f 1631/2737/1631 1778/2984/1778 1360/2278/1360
f 1636/2985/1636 1635/2744/1635 1779/2986/1779
f 809/1335/809 1633/2739/1633 1780/2987/1780
f 1779/2986/1779 1635/2744/1635 1781/2988/1781
f 1635/2744/1635 1782/2989/1782 1781/2988/1781
f 1637/2746/1637 1782/2989/1782 1635/2744/1635
f 1637/2746/1637 1642/2753/1642 1782/2989/1782
f 1362/2509/1362 1503/2510/1503 1783/2990/1783
f 1503/2510/1503 1645/2761/1645 1783/2990/1783
f 877/1953/877 1643/2754/1643 1645/2761/1645
f 877/1953/877 1077/2130/1077 1643/2754/1643
f 1782/2989/1782 1642/2753/1642 1644/2991/1644
f 1644/2759/1644 1784/2992/1784 1782/2993/1782
f 1504/2512/1504 1785/2994/1785 1358/2291/1358
f 1644/2759/1644 1646/2762/1646 1784/2992/1784
f 1504/2995/1504 1786/2996/1786 1785/2997/1785
f 1504/2512/1504 1181/1963/1181 1786/2998/1786
f 1177/1964/1177 1786/2998/1786 1181/1963/1181
f 1646/2999/1646 1272/2763/1272 1787/3000/1787
f 1787/3000/1787 1272/2763/1272 1641/2751/1641
f 1499/2765/1499 1505/2513/1505 1788/3001/1788
f 879/1474/879 841/1406/841 908/3002/908
f 1367/2295/1367 1648/2766/1648 1184/1969/1184
f 1368/2514/1368 1656/3003/1656 1505/2513/1505
f 1274/2138/1274 1651/2771/1651 1275/2139/1275
f 1278/2142/1278 1789/3004/1789 1194/1987/1194
f 1194/1987/1194 1789/3004/1789 1790/3005/1790
f 1277/3006/1277 1791/3007/1791 1279/2143/1279
f 1507/2518/1507 1092/1813/1092 1792/3008/1792
f 1092/1813/1092 1509/2520/1509 1792/3008/1792
f 1793/3009/1793 1794/3010/1794 868/1531/868
f 868/1531/868 1794/3010/1794 869/1532/869
f 1510/2521/1510 1655/2781/1655 1653/2778/1653
f 1655/2781/1655 1514/2527/1514 1795/3011/1795
f 772/1261/772 1796/3012/1796 1093/1814/1093
f 1659/2785/1659 1671/2801/1671 1657/2783/1657
f 1796/3012/1796 1660/2786/1660 1093/1814/1093
f 1282/2148/1282 1797/3013/1797 1199/2307/1199
f 1376/2309/1376 1798/3014/1798 1661/2787/1661
f 1798/3014/1798 1671/2801/1671 1661/2787/1661
f 1661/2787/1661 1671/2801/1671 1659/2785/1659
f 1799/3015/1799 1800/3016/1800 1376/2309/1376
f 1376/2309/1376 1800/3016/1800 1798/3014/1798
f 1798/3014/1798 1800/3016/1800 1671/2801/1671
f 1515/2529/1515 1801/3017/1801 1656/2782/1656
f 1663/2791/1663 1802/3018/1802 1376/2309/1376
f 1376/2309/1376 1802/3018/1802 1799/3015/1799
f 1802/3018/1802 1800/3016/1800 1799/3015/1799
f 1800/3016/1800 1673/2803/1673 1671/2801/1671
f 1203/2155/1203 1516/3019/1516 1803/3020/1803
f 1663/2791/1663 1666/2794/1666 1802/3018/1802
f 1514/2527/1514 1668/3021/1668 1795/3011/1795
f 1375/2308/1375 1383/3022/1383 1662/2788/1662
f 1670/2800/1670 1672/2802/1672 1667/2796/1667
f 1667/2796/1667 1672/2802/1672 1666/2797/1666
f 1666/2797/1666 1672/2802/1672 1802/3023/1802
f 1669/3024/1669 1801/3025/1801 1515/3026/1515
f 1802/3018/1802 1673/2803/1673 1800/3016/1800
f 1672/3027/1672 1673/2803/1673 1802/3018/1802
f 1107/2806/1107 1804/3028/1804 1805/3029/1805
f 1107/2806/1107 1805/3029/1805 1522/2807/1522
f 1805/3030/1805 1677/2810/1677 1522/2812/1522
f 1674/2804/1674 1806/3031/1806 1675/2808/1675
f 1675/2808/1675 1806/3031/1806 1807/3032/1807
f 1679/2817/1679 1392/2811/1392 1677/2810/1677
f 1675/2808/1675 1807/3032/1807 1379/2316/1379
f 751/1223/751 1808/3033/1808 801/1324/801
f 872/1457/872 1809/3034/1809 676/1228/676
f 1107/2015/1107 1112/1843/1112 1810/3035/1810
f 1393/2353/1393 1811/3036/1811 1673/3037/1673
f 1385/3038/1385 1292/3039/1292 1812/3040/1812
f 1292/3039/1292 1683/3041/1683 1812/3040/1812
f 1527/2551/1527 1398/2346/1398 1813/3042/1813
f 1524/2544/1524 1814/3043/1814 1529/2557/1529
f 1815/3044/1815 1295/2179/1295 1400/2349/1400
f 1294/3045/1294 1816/3046/1816 1216/2025/1216
f 1294/2177/1294 1817/3047/1817 1816/3048/1816
f 1216/2025/1216 1816/3046/1816 1401/2350/1401
f 1686/2828/1686 1818/3049/1818 1402/2351/1402
f 1219/2029/1219 1402/2351/1402 1398/2346/1398
f 1116/2182/1116 834/1389/834 1680/3050/1680
f 1399/2348/1399 1819/3051/1819 1400/2349/1400
f 1819/3051/1819 1820/3052/1820 1400/2349/1400
f 1400/2349/1400 1820/3052/1820 1815/3044/1815
f 1816/3053/1816 1689/2832/1689 1401/2831/1401
f 1686/2828/1686 1688/3054/1688 1818/3049/1818
f 1393/2353/1393 1404/2355/1404 1811/3036/1811
f 1819/3051/1819 1821/3055/1821 1820/3052/1820
f 1821/3055/1821 1822/3056/1822 1820/3052/1820
f 1689/2832/1689 1823/3057/1823 1688/2830/1688
f 1821/3055/1821 1824/3058/1824 1822/3056/1822
f 1824/3059/1824 1825/3060/1825 1822/3061/1822
f 1814/3062/1814 1826/3063/1826 1529/3064/1529
f 1689/3065/1689 1827/3066/1827 1828/3067/1828
f 1529/3068/1529 1826/3069/1826 1218/3070/1218
f 1821/3071/1821 1829/3072/1829 1824/3059/1824
f 1828/3067/1828 1823/3073/1823 1689/3065/1689
f 1823/3074/1823 1830/3075/1830 1688/3076/1688
f 1829/3072/1829 1831/3077/1831 1690/2836/1690
f 1829/3072/1829 1691/2837/1691 1824/3059/1824
f 1690/2836/1690 1691/2837/1691 1829/3072/1829
f 1824/3059/1824 1691/2837/1691 1825/3060/1825
f 1826/3069/1826 1699/3078/1699 1218/3070/1218
f 1691/2837/1691 1530/2559/1530 1825/3060/1825
f 1530/2559/1530 1832/3079/1832 1825/3060/1825
f 1828/3067/1828 1302/2189/1302 1695/2843/1695
f 1828/3067/1828 1695/2843/1695 1823/3073/1823
f 1823/3073/1823 1695/2843/1695 1696/2844/1696
f 1823/3080/1823 1696/2846/1696 1830/3081/1830
f 1833/3082/1833 1530/2559/1530 1299/2185/1299
f 1834/3083/1834 1694/2842/1694 1302/2189/1302
f 1696/2846/1696 1226/2042/1226 1407/2363/1407
f 1407/3084/1407 1303/3085/1303 1835/3086/1835
f 1697/3087/1697 1228/2044/1228 1408/2364/1408
f 1836/3088/1836 1697/2847/1697 1698/2848/1698
f 1692/2838/1692 1837/3089/1837 1305/2839/1305
f 1405/2360/1405 1307/2195/1307 1838/3090/1838
f 1835/3086/1835 1303/3085/1303 1413/2854/1413
f 1835/3086/1835 1413/2854/1413 1703/2857/1703
f 1839/3091/1839 1414/2374/1414 1228/2560/1228
f 1698/2848/1698 1300/2186/1300 1840/3092/1840
f 1410/2370/1410 1411/2369/1411 1531/2561/1531
f 1837/3089/1837 1306/3093/1306 1305/2839/1305
f 1837/3089/1837 1533/3094/1533 1306/3093/1306
f 1841/3095/1841 1232/2053/1232 1414/2374/1414
f 1841/3095/1841 1842/3096/1842 1232/2053/1232
f 1535/2567/1535 1232/2053/1232 1842/3096/1842
f 1704/2858/1704 1415/2375/1415 1706/2863/1706
f 1843/3097/1843 1420/2382/1420 1700/2852/1700
f 1702/2856/1702 1423/2864/1423 1844/3098/1844
f 1843/3097/1843 1845/3099/1845 1420/2382/1420
f 1845/3099/1845 1708/3100/1708 1420/2382/1420
f 1708/3100/1708 1314/2205/1314 1420/2382/1420
f 1423/2388/1423 1537/2570/1537 1846/3101/1846
f 1844/3098/1844 1423/2864/1423 1846/3102/1846
f 1707/3103/1707 1233/2386/1233 1422/2385/1422
f 1316/2391/1316 1425/2390/1425 1536/2568/1536
f 1417/2377/1417 1237/2569/1237 1709/2868/1709
f 1538/2571/1538 1135/1874/1135 1421/3104/1421
f 1708/2867/1708 1424/2389/1424 1315/2207/1315
f 1847/3105/1847 1540/2574/1540 1427/2393/1427
f 737/1494/737 953/1583/953 1848/3106/1848
f 737/1494/737 1848/3106/1848 892/1495/892
f 1543/2593/1543 1711/3107/1711 1849/3108/1849
f 1431/2587/1431 1710/3109/1710 1545/2585/1545
f 1546/2595/1546 1711/3107/1711 1543/2593/1543
f 1432/3110/1432 1544/3111/1544 1711/3112/1711
f 1438/3113/1438 1850/3114/1850 1547/3115/1547
f 1548/2878/1548 1714/2877/1714 1851/3116/1851
f 1852/3117/1852 1467/2451/1467 1853/3118/1853
f 1475/2642/1475 1853/3118/1853 1467/2451/1467
f 1723/2889/1723 1853/3118/1853 1475/2642/1475
f 1718/3119/1718 1854/3120/1854 1555/2608/1555
f 1555/2608/1555 1854/3120/1854 1855/3121/1855
f 1855/3121/1855 1719/2885/1719 1555/2608/1555
f 1726/2892/1726 1856/3122/1856 1558/2615/1558
f 1558/2615/1558 1856/3122/1856 1857/3123/1857
f 1558/3124/1558 1857/3125/1857 1554/3126/1554
f 1554/3126/1554 1857/3125/1857 1858/3127/1858
f 1859/3128/1859 1554/3126/1554 1858/3127/1858
f 1859/3128/1859 1717/3129/1717 1554/3126/1554
f 1717/2882/1717 1859/3130/1859 1860/3131/1860
f 1717/2882/1717 1860/3131/1860 1560/2619/1560
f 1861/3132/1861 1854/3120/1854 1564/3133/1564
f 1718/2883/1718 1564/2625/1564 1854/3134/1854
f 1724/2890/1724 1862/3135/1862 1725/2891/1725
f 1725/2891/1725 1460/2441/1460 1721/2887/1721
f 1725/2891/1725 1862/3135/1862 1460/2441/1460
f 1726/2892/1726 1728/2895/1728 1856/3122/1856
f 1856/3122/1856 1728/2895/1728 1863/3136/1863
f 1859/3130/1859 1572/2635/1572 1860/3131/1860
f 1560/2619/1560 1860/3131/1860 1572/2635/1572
f 1564/2625/1564 1731/2901/1731 1861/3137/1861
f 1467/2451/1467 1852/3117/1852 1582/3138/1582
f 1862/3135/1862 1729/2899/1729 1460/2441/1460
f 1863/3139/1863 1728/3140/1728 1730/3141/1730
f 1468/2454/1468 1864/3142/1864 1731/3143/1731
f 1727/2893/1727 1732/2902/1732 1566/2627/1566
f 1567/2628/1567 1734/2904/1734 1561/2620/1561
f 1561/2620/1561 1734/2904/1734 1865/3144/1865
f 1561/2620/1561 1865/3144/1865 1866/3145/1866
f 1561/2639/1561 1866/3146/1866 1574/2637/1574
f 854/1714/854 1477/2466/1477 1867/3147/1867
f 1559/2633/1559 1738/2908/1738 1464/2445/1464
f 1329/2654/1329 1583/2655/1583 1730/3148/1730
f 1333/2228/1333 1733/2903/1733 1579/2648/1579
f 1468/2454/1468 1868/3149/1868 1864/3142/1864
f 1468/2454/1468 1469/2453/1469 1868/3149/1868
f 1580/2649/1580 1865/3144/1865 1734/2904/1734
f 1580/2649/1580 1869/3150/1869 1865/3144/1865
f 854/1714/854 1040/1713/1040 1477/2466/1477
f 1575/2640/1575 1870/3151/1870 1568/2629/1568
f 1328/2223/1328 1871/3152/1871 1332/2227/1332
f 1328/2223/1328 1872/3153/1872 1871/3152/1871
f 1571/2634/1571 1872/3153/1872 1328/2223/1328
f 1580/2649/1580 1470/2455/1470 1869/3150/1869
f 1583/2655/1583 1334/2231/1334 1873/3154/1873
f 1469/2453/1469 1471/2456/1471 1874/3155/1874
f 1248/2659/1248 1875/3156/1875 1585/2658/1585
f 1578/2646/1578 1739/3157/1739 1714/2877/1714
f 1332/2663/1332 1876/3158/1876 1586/2661/1586
f 1247/2458/1247 1877/3159/1877 1347/2253/1347
f 1577/2644/1577 1574/2637/1574 1878/3160/1878
f 1472/2457/1472 1337/2459/1337 1736/2906/1736
f 1475/2462/1475 1474/2461/1474 1735/3161/1735
f 1575/2640/1575 1473/2460/1473 1879/3162/1879
f 1736/3163/1736 1337/3164/1337 1880/3165/1880
f 1879/3166/1879 1473/2674/1473 1881/3167/1881
f 1747/3168/1747 1251/2662/1251 1586/2661/1586
f 1473/2674/1473 1589/2673/1589 1881/3167/1881
f 1882/3169/1882 1483/2473/1483 1476/2464/1476
f 1741/2912/1741 1478/2467/1478 1738/3170/1738
f 1603/3171/1603 1347/2253/1347 1877/3159/1877
f 1883/3172/1883 1471/2672/1471 1486/2478/1486
f 1740/3173/1740 1884/3174/1884 1581/2664/1581
f 1588/2667/1588 1742/2913/1742 1885/3175/1885
f 1588/2667/1588 1885/3175/1885 1886/3176/1886
f 1480/2470/1480 1885/3175/1885 1742/2913/1742
f 1480/2470/1480 1886/3176/1886 1885/3175/1885
f 1479/2469/1479 1886/3176/1886 1480/2470/1480
f 1884/3174/1884 1744/2915/1744 1581/2664/1581
f 1882/3169/1882 1887/3177/1887 1483/2473/1483
f 1482/2472/1482 836/1501/836 1746/3178/1746
f 1483/2473/1483 1887/3177/1887 1484/2474/1484
f 1261/2099/1261 816/1459/816 721/1239/721
f 1888/3179/1888 1750/2930/1750 1744/2928/1744
f 1753/2936/1753 1749/3180/1749 1485/2934/1485
f 1889/3181/1889 1337/2932/1337 1487/2480/1487
f 1890/3182/1890 803/3183/803 898/3184/898
f 1888/3179/1888 1758/2952/1758 1602/2942/1602
f 1750/2930/1750 1888/3179/1888 1602/2942/1602
f 1751/2931/1751 1759/2946/1759 1597/2684/1597
f 1752/2935/1752 1606/2938/1606 1757/3185/1757
f 1600/3186/1600 1755/2940/1755 1756/2941/1756
f 1600/3186/1600 1756/2941/1756 1488/2482/1488
f 1756/2941/1756 1755/2940/1755 1608/2705/1608
f 1344/2249/1344 1632/3187/1632 1743/2914/1743
f 1760/2948/1760 1612/2947/1612 1891/3188/1891
f 1612/3189/1612 1761/2949/1761 1891/3190/1891
f 1892/3191/1892 1765/2959/1765 1893/3192/1893
f 1893/3192/1893 1765/2959/1765 1764/2958/1764
f 1743/2914/1743 1632/3187/1632 1894/3193/1894
f 1895/3194/1895 1591/2717/1591 1496/2497/1496
f 1486/2478/1486 1763/2957/1763 1896/3195/1896
f 1892/3191/1892 1896/3195/1896 1765/2959/1765
f 1765/2959/1765 1896/3195/1896 1763/2957/1763
f 1897/3196/1897 1497/2727/1497 1898/3197/1898
f 1898/3197/1898 1497/2727/1497 1604/2699/1604
f 1623/2724/1623 1775/3198/1775 1355/2264/1355
f 1496/2497/1496 1625/2726/1625 1895/3194/1895
f 1899/3199/1899 1614/2954/1614 1767/2963/1767
f 1614/2954/1614 1899/3199/1899 1768/2964/1768
f 1617/2718/1617 1771/2971/1771 1618/2719/1618
f 1763/2957/1763 1351/2260/1351 1777/3200/1777
f 1763/3201/1763 1777/2983/1777 1900/3202/1900
f 1763/2957/1763 1901/3203/1901 1766/2961/1766
f 1763/3201/1763 1900/3202/1900 1901/3204/1901
f 1766/3205/1766 1901/3204/1901 1638/2747/1638
f 1902/3206/1902 1165/1932/1165 1770/2970/1770
f 1770/2970/1770 1768/2964/1768 1902/3206/1902
f 1492/3207/1492 1903/3208/1903 1772/3209/1772
f 1902/3206/1902 1904/3210/1904 1165/1932/1165
f 1633/3211/1633 763/1506/763 819/1363/819
f 1491/3212/1491 1903/3213/1903 1492/3214/1492
f 1773/3215/1773 1903/3213/1903 1491/3212/1491
f 1621/2722/1621 1905/3216/1905 1626/2729/1626
f 1904/3210/1904 1906/3217/1906 1165/1932/1165
f 1626/2729/1626 1907/3218/1907 1494/2495/1494
f 1905/3216/1905 1907/3218/1907 1626/2729/1626
f 1630/2736/1630 1165/1932/1165 1906/3217/1906
f 1774/2978/1774 969/1608/969 1908/3219/1908
f 969/1937/969 1169/1939/1169 1908/3220/1908
f 1908/3220/1908 1169/1939/1169 1775/2979/1775
f 1640/2750/1640 1494/2495/1494 1907/3218/1907
f 1498/2500/1498 1909/3221/1909 970/1609/970
f 1628/2732/1628 1356/2267/1356 1778/2984/1778
f 1628/2732/1628 1778/2984/1778 1631/2737/1631
f 1781/2988/1781 1910/3222/1910 1779/2986/1779
f 1781/3223/1781 1911/3224/1911 1910/3225/1910
f 1911/3226/1911 1781/3227/1781 1912/3228/1912
f 1782/2993/1782 1912/3228/1912 1781/3227/1781
f 1632/3229/1632 1499/2765/1499 1913/3230/1913
f 1777/2983/1777 1362/2283/1362 1914/3231/1914
f 1782/2993/1782 1784/2992/1784 1912/3228/1912
f 1784/3232/1784 1641/2751/1641 1640/2752/1640
f 1914/3233/1914 1362/2509/1362 1915/3234/1915
f 1915/3234/1915 1362/2509/1362 1783/2990/1783
f 1915/3234/1915 1783/2990/1783 1645/2761/1645
f 1787/3000/1787 1784/3232/1784 1646/2999/1646
f 1787/3000/1787 1641/2751/1641 1784/3232/1784
f 841/3235/841 1916/3236/1916 908/3237/908
f 1509/2520/1509 1653/2778/1653 1917/3238/1917
f 1653/2778/1653 1655/2781/1655 1917/3238/1917
f 885/3239/885 1796/3012/1796 772/1261/772
f 1918/3240/1918 1285/2157/1285 1660/2786/1660
f 1658/2784/1658 1372/2302/1372 1662/2788/1662
f 1656/2782/1656 1801/3017/1801 1919/3241/1919
f 1920/3242/1920 1285/2157/1285 1918/3240/1918
f 1921/3243/1921 1678/2816/1678 1378/2315/1378
f 1922/3244/1922 1203/2155/1203 1803/3020/1803
f 1922/3244/1922 1923/3245/1923 1203/2155/1203
f 1923/3245/1923 870/1453/870 1203/2155/1203
f 1924/3246/1924 1662/2788/1662 1383/3022/1383
f 1803/3020/1803 1516/3019/1516 1925/3247/1925
f 1517/2532/1517 1381/2319/1381 994/1649/994
f 1668/3248/1668 1926/3249/1926 1795/3250/1795
f 1924/3251/1924 1383/2326/1383 1927/3252/1927
f 1383/2326/1383 1385/2325/1385 1927/3252/1927
f 1674/2804/1674 1190/2310/1190 1806/3031/1806
f 1801/3025/1801 1669/3024/1669 1928/3253/1928
f 1929/3254/1929 1926/3249/1926 1664/3255/1664
f 1664/3255/1664 1926/3249/1926 1668/3248/1668
f 1930/3256/1930 1677/2810/1677 1805/3030/1805
f 1673/3257/1673 1929/3258/1929 1664/3259/1664
f 1930/3256/1930 1679/2817/1679 1677/2810/1677
f 1379/3260/1379 1931/3261/1931 1669/3024/1669
f 1932/3262/1932 1107/2015/1107 1810/3035/1810
f 1928/3253/1928 1669/3024/1669 1931/3261/1931
f 1933/3263/1933 1523/2542/1523 1678/2816/1678
f 1934/3264/1934 1931/3261/1931 1379/3260/1379
f 1682/2821/1682 1285/2336/1285 1920/3265/1920
f 1682/2821/1682 1396/2344/1396 1285/2336/1285
f 1526/3266/1526 1395/2342/1395 1391/2333/1391
f 1673/3257/1673 1811/3267/1811 1929/3258/1929
f 1681/2820/1681 1523/2542/1523 1933/3263/1933
f 1810/3035/1810 1112/1843/1112 1935/3268/1935
f 1815/3044/1815 1683/2823/1683 1295/2179/1295
f 1936/3269/1936 1294/2177/1294 1681/2820/1681
f 1937/3270/1937 1684/3271/1684 1526/3272/1526
f 1935/3268/1935 1112/1843/1112 1685/3273/1685
f 1938/3274/1938 1814/3043/1814 1524/2544/1524
f 1939/3275/1939 1683/2823/1683 1815/3044/1815
f 1936/3269/1936 1817/3047/1817 1294/2177/1294
f 1940/3276/1940 1398/2346/1398 1402/2351/1402
f 1941/3277/1941 1296/2556/1296 1684/2824/1684
f 1941/3278/1941 1687/2829/1687 1296/2181/1296
f 1687/2829/1687 1942/3279/1942 1403/2352/1403
f 1942/3279/1942 1943/3280/1943 1403/2352/1403
f 1403/2352/1403 1944/3281/1944 1221/2033/1221
f 1945/3282/1945 1819/3051/1819 1399/2348/1399
f 1946/3283/1946 1815/3044/1815 1820/3052/1820
f 1947/3284/1947 1689/2832/1689 1816/3053/1816
f 1948/3285/1948 1818/3049/1818 1688/3054/1688
f 1943/3280/1943 1942/3279/1942 1949/3286/1949
f 1945/3282/1945 1821/3055/1821 1819/3051/1819
f 1942/3279/1942 1950/3287/1950 1949/3286/1949
f 1822/3056/1822 1951/3288/1951 1820/3052/1820
f 1946/3283/1946 1820/3052/1820 1951/3288/1951
f 1947/3284/1947 1827/3289/1827 1689/2832/1689
f 1952/3290/1952 1953/3291/1953 1942/3292/1942
f 1942/3279/1942 1953/3293/1953 1950/3287/1950
f 1822/3061/1822 1825/3060/1825 1951/3294/1951
f 1945/3295/1945 1954/3296/1954 1821/3297/1821
f 1829/3298/1829 1821/3297/1821 1954/3296/1954
f 1688/3054/1688 1830/3299/1830 1948/3285/1948
f 1955/3300/1955 1693/2841/1693 1298/2184/1298
f 1955/3300/1955 1298/2184/1298 1956/3301/1956
f 1954/3296/1954 1956/3301/1956 1690/2834/1690
f 1956/3301/1956 1298/2184/1298 1690/2834/1690
f 1954/3296/1954 1690/2834/1690 1831/3302/1831
f 1829/3298/1829 1954/3296/1954 1831/3302/1831
f 1951/3294/1951 1825/3060/1825 1832/3079/1832
f 1834/3083/1834 1302/2189/1302 1827/3066/1827
f 1828/3067/1828 1827/3066/1827 1302/2189/1302
f 1405/2360/1405 1833/3303/1833 1299/2361/1299
f 1301/2188/1301 1694/3304/1694 1957/3305/1957
f 1958/3306/1958 1959/3307/1959 1960/3308/1960
f 1961/3309/1961 1700/2852/1700 1701/2853/1701
f 1697/3087/1697 1839/3310/1839 1228/2044/1228
f 1958/3306/1958 1836/3088/1836 1840/3092/1840
f 1698/2848/1698 1840/3092/1840 1836/3088/1836
f 1958/3306/1958 1840/3092/1840 1959/3307/1959
f 1959/3307/1959 1840/3092/1840 1962/3311/1962
f 1300/2186/1300 1962/3311/1962 1840/3092/1840
f 1300/2186/1300 1963/3312/1963 1962/3311/1962
f 1409/2366/1409 1963/3312/1963 1300/2186/1300
f 1531/2561/1531 1964/3313/1964 1410/2370/1410
f 834/1389/834 754/1326/754 1965/3314/1965
f 1838/3090/1838 1307/2195/1307 1704/2858/1704
f 1839/3091/1839 1841/3095/1841 1414/2374/1414
f 1837/3089/1837 1966/3315/1966 1533/3094/1533
f 1966/3315/1966 1967/3316/1967 1533/3094/1533
f 1699/2849/1699 1968/3317/1968 1222/2850/1222
f 1531/2561/1531 1417/2377/1417 1969/3318/1969
f 1222/2850/1222 1968/3317/1968 1534/3319/1534
f 1705/2862/1705 1421/2384/1421 1418/2380/1418
f 1534/2566/1534 1970/3320/1970 1532/2563/1532
f 1417/2377/1417 1709/2868/1709 1971/3321/1971
f 1543/3322/1543 1849/3323/1849 1972/3324/1972
f 1710/3109/1710 1973/3325/1973 1545/2585/1545
f 1973/3325/1973 1710/3109/1710 1972/3326/1972
f 1972/3327/1972 1710/2869/1710 1543/2581/1543
f 1849/3328/1849 1711/3329/1711 1544/3330/1544
f 1850/3331/1850 1438/2407/1438 1974/3332/1974
f 1438/2407/1438 1975/3333/1975 1974/3332/1974
f 1438/2407/1438 1548/2596/1548 1975/3333/1975
f 1548/2596/1548 1851/3334/1851 1975/3333/1975
f 1853/3335/1853 1976/3336/1976 1977/3337/1977
f 1853/3335/1853 1723/3338/1723 1976/3336/1976
f 1977/3339/1977 1852/3117/1852 1853/3118/1853
f 1851/3116/1851 1714/2877/1714 1978/3340/1978
f 1550/2598/1550 1979/3341/1979 1716/2880/1716
f 1715/2879/1715 1720/3342/1720 779/1710/779
f 1723/3338/1723 1722/3343/1722 1980/3344/1980
f 854/1425/854 1867/3345/1867 1039/1711/1039
f 1559/2618/1559 1716/2880/1716 1979/3341/1979
f 1559/2618/1559 1979/3341/1979 1738/3346/1738
f 1861/3132/1861 1855/3121/1855 1854/3120/1854
f 1855/3121/1855 1981/3347/1981 1719/2885/1719
f 1856/3348/1856 1863/3139/1863 1857/3125/1857
f 1861/3349/1861 1731/3143/1731 1982/3350/1982
f 1861/3349/1861 1982/3350/1982 1855/3351/1855
f 1719/2885/1719 1983/3352/1983 1557/2611/1557
f 1557/2617/1557 1983/3353/1983 1727/2893/1727
f 1863/3139/1863 1730/3141/1730 1984/3354/1984
f 1731/3143/1731 1864/3142/1864 1982/3350/1982
f 1562/3355/1562 1985/3356/1985 1563/3357/1563
f 1724/2890/1724 1729/2899/1729 1862/3135/1862
f 1714/2877/1714 1739/3157/1739 1978/3340/1978
f 1870/3358/1870 1986/3359/1986 1568/2896/1568
f 1986/3359/1986 1562/2897/1562 1568/2896/1568
f 1729/2899/1729 1987/3360/1987 1571/2634/1571
f 1724/2890/1724 1987/3360/1987 1729/2899/1729
f 1868/3149/1868 1469/2453/1469 1874/3155/1874
f 1732/2902/1732 1988/3361/1988 1331/2226/1331
f 1869/3362/1869 1866/3146/1866 1865/3363/1865
f 1735/2905/1735 1980/3364/1980 1722/2888/1722
f 1987/3360/1987 1872/3153/1872 1571/2634/1571
f 1988/3361/1988 1875/3365/1875 1331/2226/1331
f 1470/3366/1470 1989/3367/1989 1869/3362/1869
f 1869/3362/1869 1989/3367/1989 1866/3146/1866
f 1866/3146/1866 1990/3368/1990 1574/2637/1574
f 1871/3369/1871 1876/3158/1876 1332/2663/1332
f 1579/3370/1579 1991/3371/1991 1247/3372/1247
f 1875/3365/1875 1248/2074/1248 1331/2226/1331
f 1470/3366/1470 1736/3163/1736 1989/3367/1989
f 1992/3373/1992 1993/3374/1993 1574/2637/1574
f 1993/3374/1993 1878/3160/1878 1574/2637/1574
f 1870/3151/1870 1575/2640/1575 1994/3375/1994
f 1247/2458/1247 1991/3376/1991 1877/3159/1877
f 1575/2640/1575 1879/3162/1879 1994/3375/1994
f 1995/3377/1995 1471/2456/1471 1883/3378/1883
f 1878/3379/1878 1996/3380/1996 1577/2651/1577
f 1577/2651/1577 1996/3380/1996 1740/2911/1740
f 1586/2661/1586 1997/3381/1997 1747/3168/1747
f 1998/3382/1998 1997/3381/1997 1586/2661/1586
f 1738/3170/1738 1999/3383/1999 1741/2912/1741
f 1881/3167/1881 1589/2673/1589 2000/3384/2000
f 1588/2667/1588 1886/3176/1886 2001/3385/2001
f 1886/3176/1886 1479/2469/1479 2001/3385/2001
f 2002/3386/2002 1884/3174/1884 1740/3173/1740
f 2000/3384/2000 1589/2673/1589 1749/2929/1749
f 1741/2912/1741 2003/3387/2003 1596/2682/1596
f 1884/3388/1884 1888/3179/1888 1744/2928/1744
f 1596/2682/1596 2003/3387/2003 1751/2931/1751
f 1747/2922/1747 2004/3389/2004 1600/2694/1600
f 1753/2936/1753 2005/3390/2005 1749/3180/1749
f 1887/3391/1887 1349/2257/1349 1484/2685/1484
f 1753/2936/1753 1752/2935/1752 2006/3392/2006
f 1883/3172/1883 1486/2478/1486 2007/3393/2007
f 1888/3179/1888 1762/2951/1762 1758/2952/1758
f 1751/2931/1751 2008/3394/2008 1759/2946/1759
f 2007/3393/2007 1486/2478/1486 2009/3395/2009
f 1350/2259/1350 1893/3192/1893 1764/2958/1764
f 1761/2949/1761 2010/3396/2010 1891/3190/1891
f 803/3183/803 1890/3182/1890 1262/3397/1262
f 1486/2478/1486 1896/3195/1896 2009/3395/2009
f 2009/3395/2009 1896/3195/1896 1892/3191/1892
f 2011/3398/2011 1898/3399/1898 1603/3400/1603
f 1603/3400/1603 1898/3399/1898 1604/3401/1604
f 1591/3402/1591 2012/3403/2012 2013/3404/2013
f 1591/2717/1591 1895/3194/1895 2012/3405/2012
f 2012/3405/2012 1897/3406/1897 2013/3407/2013
f 2013/3404/2013 1897/3408/1897 2011/3398/2011
f 2011/3409/2011 1897/3196/1897 1898/3197/1898
f 2008/3410/2008 2014/3411/2014 1759/2956/1759
f 855/1465/855 1162/1926/1162 2015/3412/2015
f 2014/3411/2014 1617/2718/1617 1759/2956/1759
f 1895/3194/1895 2016/3413/2016 2012/3405/2012
f 2012/3405/2012 2017/3414/2017 1897/3406/1897
f 1897/3406/1897 2017/3414/2017 1497/3415/1497
f 1895/3194/1895 1625/2726/1625 2016/3413/2016
f 2016/3413/2016 2018/3416/2018 2012/3405/2012
f 2012/3405/2012 2018/3416/2018 2017/3414/2017
f 2019/3417/2019 2020/3418/2020 1767/2963/1767
f 1767/2963/1767 2020/3418/2020 1899/3199/1899
f 856/1758/856 1627/2731/1627 1162/3419/1162
f 1625/2726/1625 2021/3420/2021 2016/3413/2016
f 1629/2977/1629 2021/3420/2021 1625/2726/1625
f 2017/3414/2017 2022/3421/2022 1497/3415/1497
f 1899/3199/1899 1902/3206/1902 1768/2964/1768
f 1900/3202/1900 2023/3422/2023 1901/3204/1901
f 1899/3199/1899 1904/3210/1904 1902/3206/1902
f 1771/2971/1771 2024/3423/2024 1773/2976/1773
f 2025/3424/2025 1905/3216/1905 1621/2722/1621
f 1900/3202/1900 1777/2983/1777 2026/3425/2026
f 2023/3422/2023 1638/2747/1638 1901/3204/1901
f 1628/2732/1628 2027/3426/2027 1357/2268/1357
f 1773/3215/1773 2028/3427/2028 1903/3213/1903
f 1903/3428/1903 2029/3429/2029 1772/3430/1772
f 1621/2722/1621 1772/2975/1772 2025/3424/2025
f 2025/3424/2025 2030/3431/2030 1905/3216/1905
f 2030/3431/2030 1907/3218/1907 1905/3216/1905
f 1903/3213/1903 2028/3427/2028 2029/3432/2029
f 1907/3218/1907 2031/3433/2031 1640/2750/1640
f 2022/3434/2022 1365/2289/1365 1497/2499/1497
f 1636/2742/1636 2032/3435/2032 1776/2982/1776
f 1636/2742/1636 2033/3436/2033 2032/3435/2032
f 1628/2732/1628 1631/2737/1631 2034/3437/2034
f 2034/3437/2034 1631/2737/1631 1630/2980/1630
f 1636/2985/1636 1779/2986/1779 2033/3438/2033
f 1780/2987/1780 2035/3439/2035 809/1335/809
f 1777/2983/1777 1914/3231/1914 2036/3440/2036
f 1638/2747/1638 2037/3441/2037 1271/2290/1271
f 1912/3228/1912 1784/2992/1784 1640/3442/1640
f 1914/3233/1914 1915/3234/1915 1645/2761/1645
f 1645/2761/1645 1643/2754/1643 2038/3443/2038
f 2038/3443/2038 1643/2754/1643 1271/2128/1271
f 1177/2760/1177 2039/3444/2039 1786/3445/1786
f 2040/3446/2040 2039/3444/2039 1177/2760/1177
f 2040/3446/2040 1177/2760/1177 1365/2289/1365
f 841/3447/841 979/3448/979 1916/3449/1916
f 1788/3001/1788 1505/2513/1505 2041/3450/2041
f 908/1519/908 1916/3451/1916 1273/2136/1273
f 1648/2767/1648 2042/3452/2042 1649/2768/1649
f 1505/2513/1505 2043/3453/2043 2041/3450/2041
f 1656/3003/1656 2043/3453/2043 1505/2513/1505
f 1650/2769/1650 2044/3454/2044 1274/2138/1274
f 1274/2138/1274 2044/3454/2044 1651/2771/1651
f 1276/2140/1276 2045/3455/2045 1652/2773/1652
f 2043/3453/2043 2046/3456/2046 2047/3457/2047
f 1789/3004/1789 1278/2142/1278 1649/2768/1649
f 1276/2140/1276 1507/3458/1507 2045/3455/2045
f 2043/3453/2043 1656/3003/1656 2046/3456/2046
f 1791/3007/1791 1369/2298/1369 1279/2143/1279
f 1917/3238/1917 2048/3459/2048 1509/2520/1509
f 1794/3010/1794 2049/3460/2049 869/1532/869
f 1917/3238/1917 1655/2781/1655 2050/3461/2050
f 1658/2784/1658 1662/2788/1662 2051/3462/2051
f 1199/2307/1199 2052/3463/2052 1378/2789/1378
f 2053/3464/2053 735/1537/735 869/1532/869
f 1378/2789/1378 2052/3463/2052 1921/3465/1921
f 1922/3244/1922 1803/3020/1803 1925/3247/1925
f 1662/2788/1662 1924/3246/1924 2051/3462/2051
f 1517/2532/1517 2054/3466/2054 1381/2319/1381
f 2054/3466/2054 1382/2320/1382 1381/2319/1381
f 1795/3250/1795 1926/3249/1926 2055/3467/2055
f 1801/3468/1801 1928/3469/1928 1919/3470/1919
f 1805/3029/1805 2056/3471/2056 2057/3472/2057
f 1805/3029/1805 1804/3028/1804 2056/3471/2056
f 2057/3473/2057 1930/3256/1930 1805/3030/1805
f 1804/3028/1804 1107/2806/1107 2056/3471/2056
f 2056/3474/2056 1107/2015/1107 1932/3262/1932
f 1930/3256/1930 2058/3475/2058 1679/2817/1679
f 1516/2530/1516 1525/2546/1525 2059/3476/2059
f 1391/3477/1391 1937/3270/1937 1526/3272/1526
f 1679/2817/1679 2060/3478/2060 1524/2818/1524
f 2060/3479/2060 1938/3274/1938 1524/2544/1524
f 1681/2820/1681 1933/3263/1933 2061/3480/2061
f 1397/2345/1397 2062/3481/2062 1528/2552/1528
f 1681/2820/1681 2061/3480/2061 1936/3269/1936
f 1937/3270/1937 2063/3482/2063 1684/3271/1684
f 1402/2351/1402 1818/3049/1818 1940/3276/1940
f 1398/2346/1398 1940/3276/1940 2064/3483/2064
f 1398/2346/1398 2064/3483/2064 1813/3042/1813
f 2065/3484/2065 1942/3279/1942 1687/2829/1687
f 1403/2352/1403 1943/3280/1943 1944/3281/1944
f 1221/2033/1221 1944/3281/1944 1685/2825/1685
f 2066/3485/2066 1945/3486/1945 1399/3487/1399
f 1946/3283/1946 2067/3488/2067 1815/3044/1815
f 1817/3047/1817 2068/3489/2068 1816/3048/1816
f 1816/3053/1816 2068/3490/2068 1947/3284/1947
f 1818/3049/1818 1948/3285/1948 1940/3276/1940
f 2065/3491/2065 1952/3290/1952 1942/3292/1942
f 2065/3491/2065 2069/3492/2069 1952/3290/1952
f 1943/3280/1943 1949/3286/1949 2070/3493/2070
f 1943/3280/1943 2070/3493/2070 1944/3281/1944
f 1949/3286/1949 2071/3494/2071 2070/3493/2070
f 2069/3492/2069 2072/3495/2072 1952/3290/1952
f 1947/3496/1947 2073/3497/2073 1827/3066/1827
f 1952/3290/1952 2072/3495/2072 2074/3498/2074
f 1945/3295/1945 2075/3499/2075 1954/3296/1954
f 1951/3288/1951 2076/3500/2076 1946/3283/1946
f 2074/3498/2074 2077/3501/2077 1952/3290/1952
f 1952/3290/1952 2077/3501/2077 1953/3291/1953
f 1814/3502/1814 2078/3503/2078 1826/3069/1826
f 1693/2840/1693 2079/3504/2079 1692/2838/1692
f 1955/3300/1955 2079/3505/2079 1693/2841/1693
f 1955/3300/1955 1956/3301/1956 2079/3505/2079
f 2075/3499/2075 1956/3301/1956 1954/3296/1954
f 1948/3285/1948 1830/3299/1830 2080/3506/2080
f 1953/3507/1953 2077/3508/2077 1960/3308/1960
f 1953/3507/1953 1960/3308/1960 1950/3509/1950
f 1951/3294/1951 1832/3079/1832 2076/3510/2076
f 1832/3079/1832 2081/3511/2081 2076/3510/2076
f 1827/3066/1827 2082/3512/2082 1834/3083/1834
f 1830/3081/1830 1696/2846/1696 2080/3513/2080
f 2080/3513/2080 1696/2846/1696 2083/3514/2083
f 1407/2363/1407 2083/3514/2083 1696/2846/1696
f 1832/3515/1832 1833/3516/1833 2081/3517/2081
f 1530/2559/1530 1833/3082/1833 1832/3079/1832
f 1838/3090/1838 2084/3518/2084 1405/2360/1405
f 2082/3512/2082 1694/2842/1694 1834/3083/1834
f 2074/3519/2074 2085/3520/2085 2086/3521/2086
f 2074/3519/2074 2086/3521/2086 2077/3522/2077
f 1960/3308/1960 2086/3523/2086 1958/3306/1958
f 2077/3522/2077 2086/3521/2086 1960/3524/1960
f 1959/3307/1959 1950/3509/1950 1960/3308/1960
f 1410/2370/1410 1964/3313/1964 1409/3525/1409
f 1701/2853/1701 1957/3305/1957 1961/3309/1961
f 1301/2188/1301 1957/3305/1957 1701/2853/1701
f 1836/3526/1836 2087/3527/2087 1697/3528/1697
f 1697/3087/1697 2087/3529/2087 2088/3530/2088
f 1836/3526/1836 2085/3520/2085 2087/3527/2087
f 1836/3526/1836 2086/3521/2086 2085/3520/2085
f 1958/3306/1958 2086/3523/2086 1836/3088/1836
f 1962/3311/1962 1950/3509/1950 1959/3307/1959
f 1826/3069/1826 2089/3531/2089 1699/3078/1699
f 1702/2856/1702 2090/3532/2090 1703/2857/1703
f 1700/2852/1700 1961/3309/1961 2091/3533/2091
f 1700/2852/1700 2091/3533/2091 1843/3097/1843
f 1531/2561/1531 1969/3318/1969 2092/3534/2092
f 1533/3094/1533 1967/3316/1967 1705/3535/1705
f 1702/2856/1702 1844/3098/1844 2093/3536/2093
f 1535/2567/1535 1842/3096/1842 2094/3537/2094
f 1535/2567/1535 2094/3537/2094 1536/2568/1536
f 2095/3538/2095 1706/2863/1706 1419/2381/1419
f 1707/2866/1707 2095/3538/2095 1419/2381/1419
f 1536/2568/1536 2096/3539/2096 1316/2391/1316
f 1316/2391/1316 2096/3539/2096 1426/3540/1426
f 1427/3541/1427 2097/3542/2097 2098/3543/2098
f 2098/3543/2098 2099/3544/2099 1427/3541/1427
f 1427/2393/1427 2100/3545/2100 1847/3105/1847
f 1709/2868/1709 1540/2576/1540 1971/3321/1971
f 1532/2563/1532 1970/3320/1970 2101/3546/2101
f 1424/2389/1424 1708/2867/1708 2102/3547/2102
f 1424/2389/1424 2102/3547/2102 1539/2573/1539
f 1427/3541/1427 1426/3548/1426 2103/3549/2103
f 1239/3550/1239 2104/3551/2104 1037/2577/1037
f 1037/2577/1037 2104/3551/2104 1541/2578/1541
f 754/3552/754 736/1394/736 2105/3553/2105
f 892/1495/892 2106/3554/2106 1542/2580/1542
f 2107/3555/2107 1972/3324/1972 1849/3323/1849
f 2108/3556/2108 1712/2871/1712 1545/2585/1545
f 2109/3557/2109 1547/3558/1547 1850/3559/1850
f 2109/3560/2109 1850/3561/1850 1974/3562/1974
f 2108/3563/2108 1713/2875/1713 1712/2874/1712
f 1976/3336/1976 1723/3338/1723 2110/3564/2110
f 2110/3564/2110 1723/3338/1723 2111/3565/2111
f 1713/2876/1713 2112/3566/2112 1550/2598/1550
f 1723/3338/1723 1980/3344/1980 2111/3565/2111
f 2113/3567/2113 1851/3116/1851 1978/3340/1978
f 1039/1711/1039 1715/2879/1715 1553/2605/1553
f 2112/3566/2112 1979/3341/1979 1550/2598/1550
f 1582/3138/1582 1852/3117/1852 2114/3568/2114
f 1858/3127/1858 2115/3569/2115 1859/3128/1859
f 1859/3130/1859 2115/3570/2115 1572/2635/1572
f 1982/3350/1982 2116/3571/2116 1855/3351/1855
f 2117/3572/2117 1863/3139/1863 1984/3354/1984
f 2117/3572/2117 1857/3125/1857 1863/3139/1863
f 2118/3573/2118 2115/3569/2115 1858/3127/1858
f 1573/2636/1573 2115/3570/2115 2118/3574/2118
f 1572/2635/1572 2115/3570/2115 1573/2636/1573
f 1864/3142/1864 2119/3575/2119 2116/3571/2116
f 1982/3350/1982 1864/3142/1864 2116/3571/2116
f 2116/3571/2116 2119/3575/2119 1855/3351/1855
f 1984/3576/1984 1730/3148/1730 2120/3577/2120
f 2118/3578/2118 1733/3579/1733 1573/3580/1573
f 1864/3142/1864 1868/3149/1868 2119/3575/2119
f 2121/3581/2121 1732/2902/1732 1727/2893/1727
f 2122/3582/2122 1978/3340/1978 1739/3157/1739
f 1986/3359/1986 1985/3583/1985 1562/2897/1562
f 2123/3584/2123 1563/3585/1563 1985/3586/1985
f 2123/3584/2123 2124/3587/2124 1563/3585/1563
f 2124/3588/2124 1987/3360/1987 1724/2890/1724
f 2124/3587/2124 1724/3589/1724 1563/3585/1563
f 2120/3577/2120 1730/3148/1730 1583/2655/1583
f 2121/3581/2121 1988/3361/1988 1732/2902/1732
f 2124/3587/2124 1871/3369/1871 1987/3590/1987
f 1987/3590/1987 1871/3369/1871 1872/3591/1872
f 1989/3367/1989 2125/3592/2125 1866/3146/1866
f 2125/3592/2125 1990/3368/1990 1866/3146/1866
f 1574/2637/1574 1990/3368/1990 1992/3373/1992
f 1142/1885/1142 894/1734/894 738/1886/738
f 2126/3593/2126 1876/3158/1876 1871/3369/1871
f 2127/3594/2127 1991/3371/1991 1579/3370/1579
f 1995/3377/1995 1874/3155/1874 1471/2456/1471
f 1989/3367/1989 1736/3163/1736 2125/3592/2125
f 2125/3592/2125 2128/3595/2128 1990/3368/1990
f 2125/3592/2125 1736/3163/1736 2128/3595/2128
f 2122/3582/2122 1739/3157/1739 2129/3596/2129
f 1876/3158/1876 2130/3597/2130 1586/2661/1586
f 2130/3597/2130 1998/3382/1998 1586/2661/1586
f 2128/3595/2128 1736/3163/1736 1880/3165/1880
f 2131/3598/2131 1998/3382/1998 2130/3597/2130
f 1474/2461/1474 2132/3599/2132 1735/3161/1735
f 1997/3381/1997 1998/3382/1998 2131/3598/2131
f 1737/2907/1737 1882/3169/1882 1476/2464/1476
f 2129/3600/2129 1739/2909/1739 1588/2667/1588
f 2129/3600/2129 1588/2667/1588 2133/3601/2133
f 1996/3602/1996 2002/3603/2002 1740/3604/1740
f 2134/3605/2134 1350/2259/1350 1584/2910/1584
f 2133/3601/2133 1588/2667/1588 2001/3385/2001
f 2135/3606/2135 635/1009/635 563/875/563
f 2136/3607/2136 1479/2469/1479 1590/2675/1590
f 2001/3385/2001 1479/2469/1479 2136/3607/2136
f 1999/3383/1999 2003/3387/2003 1741/2912/1741
f 1877/3159/1877 1991/3376/1991 1603/3171/1603
f 1887/3177/1887 1882/3169/1882 2137/3608/2137
f 1474/2461/1474 1743/2914/1743 2132/3599/2132
f 1873/3154/1873 1334/2231/1334 1591/2676/1591
f 1997/3609/1997 2004/3389/2004 1747/2922/1747
f 1880/3610/1880 1337/2932/1337 2138/3611/2138
f 2139/3612/2139 1888/3179/1888 1884/3388/1884
f 2140/3613/2140 1749/3180/1749 2005/3390/2005
f 2005/3390/2005 1753/2936/1753 2006/3392/2006
f 1337/2932/1337 1889/3181/1889 2138/3611/2138
f 1883/3172/1883 2007/3393/2007 2141/3614/2141
f 2142/3615/2142 1349/2257/1349 1887/3391/1887
f 2006/3392/2006 1752/2935/1752 1757/3185/1757
f 2143/3616/2143 1600/2694/1600 2004/3389/2004
f 2144/3617/2144 1762/2951/1762 1888/3179/1888
f 2145/3618/2145 1757/3619/1757 2146/3620/2146
f 2146/3620/2146 1757/3619/1757 1754/3621/1754
f 2146/3622/2146 1754/2939/1754 1755/2940/1755
f 2146/3620/2146 1755/3623/1755 2143/3616/2143
f 2143/3616/2143 1755/3623/1755 1600/2694/1600
f 2147/3624/2147 1893/3192/1893 1350/2259/1350
f 2148/3625/2148 1760/2948/1760 1891/3188/1891
f 1487/2480/1487 1760/2948/1760 2148/3625/2148
f 2148/3626/2148 1891/3190/1891 2010/3396/2010
f 2010/3396/2010 1761/2949/1761 2149/3627/2149
f 2149/3627/2149 1761/2949/1761 1762/2951/1762
f 1591/3402/1591 2013/3404/2013 2150/3628/2150
f 2150/3628/2150 2013/3404/2013 2151/3629/2151
f 1603/3400/1603 2151/3629/2151 2011/3398/2011
f 2009/3395/2009 1892/3191/1892 2152/3630/2152
f 1893/3192/1893 2152/3630/2152 1892/3191/1892
f 2011/3398/2011 2151/3629/2151 2013/3404/2013
f 2014/3411/2014 2153/3631/2153 1617/2718/1617
f 2018/3416/2018 2016/3413/2016 2021/3420/2021
f 2017/3414/2017 2018/3416/2018 2022/3421/2022
f 1767/2962/1767 1357/2268/1357 2154/3632/2154
f 2019/3633/2019 1767/2962/1767 2154/3632/2154
f 2153/3631/2153 1771/2971/1771 1617/2718/1617
f 2155/3634/2155 1904/3210/1904 1899/3199/1899
f 2155/3634/2155 1899/3199/1899 2020/3418/2020
f 1357/2268/1357 2027/3426/2027 2154/3632/2154
f 1906/3217/1906 1904/3210/1904 2155/3634/2155
f 2155/3634/2155 2156/3635/2156 1906/3217/1906
f 2156/3635/2156 1630/2736/1630 1906/3217/1906
f 2025/3424/2025 1772/2975/1772 2157/3636/2157
f 2158/3637/2158 2030/3431/2030 2025/3424/2025
f 2158/3637/2158 1907/3218/1907 2030/3431/2030
f 2159/3638/2159 1630/2980/1630 2156/3639/2156
f 2158/3637/2158 2031/3433/2031 1907/3218/1907
f 2027/3426/2027 1628/2732/1628 2034/3437/2034
f 2034/3437/2034 1630/2980/1630 2159/3638/2159
f 1894/3640/1894 1632/3641/1632 1913/3642/1913
f 2033/3438/2033 1779/2986/1779 2160/3643/2160
f 2160/3643/2160 1779/2986/1779 1910/3222/1910
f 2161/3644/2161 1777/2983/1777 2036/3440/2036
f 2162/3645/2162 1629/2733/1629 1358/2735/1358
f 1911/3226/1911 1912/3228/1912 2163/3646/2163
f 1640/3442/1640 2163/3646/2163 1912/3228/1912
f 2038/3647/2038 1271/2290/1271 2037/3441/2037
f 809/1335/809 2164/3648/2164 859/1433/859
f 2162/3645/2162 1358/2735/1358 2165/3649/2165
f 2166/3650/2166 1914/3233/1914 1645/2761/1645
f 2166/3650/2166 1645/2761/1645 2038/3443/2038
f 2165/3649/2165 1785/2997/1785 1786/2996/1786
f 2165/3649/2165 1358/2735/1358 1785/2997/1785
f 2165/3651/2165 1786/3445/1786 2039/3444/2039
f 2164/3652/2164 979/1621/979 859/1788/859
f 1913/3230/1913 1499/2765/1499 1788/3001/1788
f 2167/3653/2167 1186/1971/1186 1652/2773/1652
f 1506/2517/1506 1194/1987/1194 1790/3005/1790
f 1793/3009/1793 868/1531/868 883/3654/883
f 1793/3655/1793 883/1530/883 1508/2519/1508
f 1792/3008/1792 1509/2520/1509 2048/3459/2048
f 2048/3459/2048 1917/3238/1917 2050/3461/2050
f 2168/3656/2168 1660/2786/1660 1796/3012/1796
f 2169/3657/2169 1282/2148/1282 1658/2784/1658
f 2169/3657/2169 1797/3013/1797 1282/2148/1282
f 2170/3658/2170 1918/3240/1918 1660/2786/1660
f 1797/3013/1797 2052/3463/2052 1199/2307/1199
f 2170/3658/2170 1920/3242/1920 1918/3240/1918
f 1925/3247/1925 1923/3245/1923 1922/3244/1922
f 2171/3659/2171 1919/3470/1919 1928/3469/1928
f 1921/3243/1921 2172/3660/2172 1678/2816/1678
f 1795/3011/1795 2055/3661/2055 2173/3662/2173
f 2174/3663/2174 1100/3664/1100 735/1537/735
f 2057/3473/2057 2056/3474/2056 1930/3256/1930
f 1925/3665/1925 1516/2530/1516 2059/3476/2059
f 1932/3262/1932 2175/3666/2175 2056/3474/2056
f 1930/3256/1930 2175/3666/2175 2058/3475/2058
f 2056/3474/2056 2175/3666/2175 1930/3256/1930
f 2058/3475/2058 2175/3666/2175 1932/3262/1932
f 2060/3478/2060 1679/2817/1679 2058/3475/2058
f 2176/3667/2176 1682/2821/1682 1920/3265/1920
f 1676/2809/1676 676/1228/676 1809/3034/1809
f 1808/3033/1808 2177/3668/2177 801/1324/801
f 2178/3669/2178 1934/3264/1934 1379/3260/1379
f 1385/3038/1385 1812/3040/1812 1927/3670/1927
f 1927/3670/1927 1812/3040/1812 1683/3041/1683
f 2059/3476/2059 1525/2546/1525 1527/2822/1527
f 2062/3481/2062 2066/3671/2066 1399/3672/1399
f 2062/3481/2062 1399/3672/1399 1528/2552/1528
f 1939/3275/1939 1815/3044/1815 2179/3673/2179
f 1687/2829/1687 1941/3278/1941 2065/3484/2065
f 2179/3673/2179 1815/3044/1815 2067/3488/2067
f 2180/3674/2180 2068/3489/2068 1817/3047/1817
f 2065/3675/2065 1941/3676/1941 2069/3677/2069
f 2066/3485/2066 2075/3678/2075 1945/3486/1945
f 2181/3679/2181 1814/3043/1814 1938/3274/1938
f 1680/3050/1680 834/1389/834 2182/3680/2182
f 2183/3681/2183 1948/3285/1948 2080/3506/2080
f 2184/3682/2184 1814/3683/1814 2181/3684/2181
f 2067/3488/2067 1946/3283/1946 2076/3500/2076
f 2068/3685/2068 2073/3497/2073 1947/3496/1947
f 2184/3682/2184 2078/3686/2078 1814/3683/1814
f 2075/3499/2075 2185/3687/2185 1956/3301/1956
f 2185/3687/2185 2079/3505/2079 1956/3301/1956
f 2186/3688/2186 2074/3498/2074 2072/3495/2072
f 2187/3689/2187 2082/3512/2082 2073/3497/2073
f 2073/3497/2073 2082/3512/2082 1827/3066/1827
f 2084/3518/2084 1833/3303/1833 1405/2360/1405
f 2187/3689/2187 1694/2842/1694 2082/3512/2082
f 2186/3690/2186 2188/3691/2188 2087/3527/2087
f 2186/3690/2186 2087/3527/2087 2074/3519/2074
f 2085/3520/2085 2074/3519/2074 2087/3527/2087
f 1949/3286/1949 1950/3287/1950 2189/3692/2189
f 2190/3693/2190 1409/3525/1409 1964/3313/1964
f 2191/3694/2191 1966/3315/1966 1837/3089/1837
f 2191/3694/2191 1837/3089/1837 1692/2838/1692
f 2084/3518/2084 1838/3090/1838 2192/3695/2192
f 1835/3086/1835 1703/2857/1703 2090/3532/2090
f 2188/3696/2188 2088/3530/2088 2087/3529/2087
f 1950/3509/1950 1962/3311/1962 2189/3697/2189
f 1964/3313/1964 1531/2561/1531 2193/3698/2193
f 2192/3695/2192 1838/3090/1838 1704/2858/1704
f 2194/3699/2194 1841/3095/1841 1839/3091/1839
f 2193/3698/2193 1531/2561/1531 2092/3534/2092
f 1961/3309/1961 2195/3700/2195 2091/3533/2091
f 2090/3532/2090 1702/2856/1702 2196/3701/2196
f 2194/3699/2194 1842/3096/1842 1841/3095/1841
f 2089/3702/2089 2197/3703/2197 1699/2849/1699
f 2195/3700/2195 1843/3097/1843 2091/3533/2091
f 1702/2856/1702 2093/3536/2093 2196/3701/2196
f 2198/3704/2198 1811/3705/1811 1404/3706/1404
f 1967/3316/1967 2199/3707/2199 1705/3535/1705
f 2200/3708/2200 1704/2858/1704 1706/2863/1706
f 2197/3703/2197 1968/3317/1968 1699/2849/1699
f 2201/3709/2201 1845/3099/1845 1843/3097/1843
f 1969/3318/1969 1417/2377/1417 2202/3710/2202
f 1844/3098/1844 1846/3102/1846 2203/3711/2203
f 2202/3710/2202 1417/2377/1417 1971/3321/1971
f 2204/3712/2204 1708/3100/1708 1845/3099/1845
f 2205/3713/2205 1426/3714/1426 2096/3715/2096
f 2205/3713/2205 2103/3716/2103 1426/3714/1426
f 2206/3717/2206 1427/3541/1427 2103/3549/2103
f 2206/3717/2206 2097/3542/2097 1427/3541/1427
f 2207/3718/2207 2098/3543/2098 2097/3542/2097
f 2099/3544/2099 2100/3719/2100 1427/3541/1427
f 2208/3720/2208 1538/2571/1538 1421/3104/1421
f 1846/3101/1846 1537/2570/1537 1539/2572/1539
f 1540/2576/1540 1847/3721/1847 2100/3722/2100
f 2209/3723/2209 1970/3724/1970 1534/3319/1534
f 2105/3553/2105 736/1394/736 2210/3725/2210
f 2211/3726/2211 892/1495/892 1848/3106/1848
f 1544/3727/1544 2212/3728/2212 1849/3729/1849
f 2213/3730/2213 1544/2584/1544 1547/2872/1547
f 2213/3730/2213 1547/2872/1547 2109/3731/2109
f 1977/3337/1977 1976/3336/1976 2214/3732/2214
f 1975/3733/1975 1851/3734/1851 2215/3735/2215
f 1851/3116/1851 2113/3567/2113 2215/3736/2215
f 1852/3117/1852 1977/3339/1977 2216/3737/2216
f 2217/3738/2217 1978/3340/1978 2122/3582/2122
f 1979/3341/1979 2218/3739/2218 1738/3346/1738
f 2117/3572/2117 2219/3740/2219 1857/3125/1857
f 1857/3125/1857 2219/3740/2219 2220/3741/2220
f 1857/3125/1857 2220/3741/2220 1858/3127/1858
f 2221/3742/2221 1858/3127/1858 2220/3741/2220
f 2221/3742/2221 2118/3573/2118 1858/3127/1858
f 1855/3351/1855 2119/3575/2119 2222/3743/2222
f 1855/3351/1855 2222/3743/2222 2223/3744/2223
f 1855/3351/1855 2223/3744/2223 1981/3745/1981
f 1719/2885/1719 2224/3746/2224 1983/3352/1983
f 2117/3572/2117 2120/3747/2120 2225/3748/2225
f 1984/3354/1984 2120/3747/2120 2117/3572/2117
f 2221/3749/2221 1733/3579/1733 2118/3578/2118
f 2119/3575/2119 1868/3149/1868 2222/3743/2222
f 2222/3743/2222 1868/3149/1868 2223/3744/2223
f 1983/3750/1983 2121/3751/2121 1727/3752/1727
f 2120/3577/2120 1583/2655/1583 2225/3753/2225
f 1733/3579/1733 2127/3594/2127 1579/3370/1579
f 2121/3751/2121 2226/3754/2226 1988/3755/1988
f 2227/3756/2227 1871/3369/1871 2124/3587/2124
f 2123/3584/2123 2227/3756/2227 2124/3587/2124
f 1583/2655/1583 1873/3154/1873 2228/3757/2228
f 2226/3758/2226 2229/3759/2229 1875/3156/1875
f 2226/3758/2226 1875/3156/1875 1988/3760/1988
f 2227/3756/2227 2230/3761/2230 2126/3593/2126
f 1876/3158/1876 2126/3593/2126 2230/3761/2230
f 2227/3756/2227 2126/3593/2126 1871/3369/1871
f 1873/3154/1873 2231/3762/2231 2228/3757/2228
f 2229/3759/2229 1585/2658/1585 1875/3156/1875
f 2229/3759/2229 2232/3763/2232 1585/2658/1585
f 1990/3368/1990 2128/3595/2128 2233/3764/2233
f 2233/3764/2233 1992/3373/1992 1990/3368/1990
f 2232/3763/2232 2234/3765/2234 1585/2658/1585
f 2128/3595/2128 2235/3766/2235 2233/3764/2233
f 2234/3765/2234 1584/2656/1584 1585/2658/1585
f 2128/3595/2128 1880/3165/1880 2235/3766/2235
f 2236/3767/2236 1878/3160/1878 1993/3374/1993
f 1881/3167/1881 2237/3768/2237 1879/3166/1879
f 2236/3767/2236 1996/3769/1996 1878/3160/1878
f 1882/3169/1882 2238/3770/2238 2137/3608/2137
f 2133/3601/2133 2001/3385/2001 2239/3771/2239
f 2001/3385/2001 2136/3607/2136 2239/3771/2239
f 1058/1738/1058 2240/3772/2240 1590/2675/1590
f 2000/3384/2000 1749/2929/1749 2140/3773/2140
f 2241/3774/2241 1873/3154/1873 2242/3775/2242
f 1884/3174/1884 2002/3386/2002 2139/3776/2139
f 1263/2917/1263 2243/3777/2243 1477/2466/1477
f 1873/3154/1873 1591/2676/1591 2242/3775/2242
f 1743/2914/1743 2244/3778/2244 2132/3599/2132
f 1991/3779/1991 2245/3780/2245 1603/3400/1603
f 2003/3387/2003 2246/3781/2246 1751/2931/1751
f 1350/2259/1350 2134/3605/2134 2247/3782/2247
f 2139/3612/2139 2144/3617/2144 1888/3179/1888
f 1743/2914/1743 1894/3193/1894 2244/3778/2244
f 2246/3783/2246 2248/3784/2248 1751/3785/1751
f 1757/3185/1757 2145/3786/2145 2006/3392/2006
f 2148/3625/2148 2249/3787/2249 1889/3181/1889
f 1591/3402/1591 2250/3788/2250 2242/3789/2242
f 1350/2259/1350 2247/3782/2247 2147/3624/2147
f 1889/3181/1889 1487/2480/1487 2148/3625/2148
f 2144/3617/2144 2149/3627/2149 1762/2951/1762
f 2248/3784/2248 2008/3790/2008 1751/3785/1751
f 2150/3628/2150 2151/3629/2151 2251/3791/2251
f 2150/3628/2150 2251/3791/2251 2250/3788/2250
f 1591/3402/1591 2150/3628/2150 2250/3788/2250
f 2245/3780/2245 2251/3791/2251 2151/3629/2151
f 2151/3629/2151 1603/3400/1603 2245/3780/2245
f 2252/3792/2252 2007/3393/2007 2009/3395/2009
f 2252/3792/2252 2009/3395/2009 2152/3630/2152
f 2152/3630/2152 1893/3192/1893 2147/3624/2147
f 1349/2257/1349 2142/3615/2142 1623/2724/1623
f 1894/3193/1894 2253/3793/2253 2254/3794/2254
f 1489/3795/1489 855/1465/855 2015/3412/2015
f 2255/3796/2255 819/3797/819 1262/3397/1262
f 1623/2724/1623 2256/3798/2256 1775/3198/1775
f 967/1606/967 1774/2978/1774 1627/2731/1627
f 2021/3420/2021 2257/3799/2257 2018/3416/2018
f 1629/2977/1629 2257/3799/2257 2021/3420/2021
f 2257/3799/2257 2022/3421/2022 2018/3416/2018
f 2019/3800/2019 2258/3801/2258 2020/3802/2020
f 2259/3803/2259 2260/3804/2260 2257/3799/2257
f 2257/3799/2257 1629/2977/1629 2259/3803/2259
f 2257/3799/2257 2260/3804/2260 2022/3421/2022
f 2154/3805/2154 2027/3806/2027 2261/3807/2261
f 2154/3805/2154 2261/3807/2261 2019/3800/2019
f 2020/3418/2020 2262/3808/2262 2156/3635/2156
f 2020/3418/2020 2156/3635/2156 2155/3634/2155
f 1771/2971/1771 2153/3631/2153 2024/3423/2024
f 2026/3425/2026 1777/2983/1777 2161/3644/2161
f 2026/3425/2026 2161/3644/2161 1900/3202/1900
f 1900/3202/1900 2161/3644/2161 2263/3809/2263
f 1900/3202/1900 2263/3809/2263 2023/3422/2023
f 2023/3422/2023 2263/3809/2263 2264/3810/2264
f 2023/3422/2023 2264/3810/2264 1638/2747/1638
f 2264/3810/2264 2265/3811/2265 1638/2747/1638
f 1776/2981/1776 1909/3221/1909 1498/2500/1498
f 1776/2981/1776 2266/3812/2266 1909/3221/1909
f 1776/2982/1776 2267/3813/2267 2266/3814/2266
f 2268/3815/2268 2269/3816/2269 2024/3817/2024
f 2269/3816/2269 1773/3818/1773 2024/3817/2024
f 2029/3429/2029 2157/3819/2157 1772/3430/1772
f 2027/3806/2027 2270/3820/2270 2271/3821/2271
f 2271/3822/2271 2159/3638/2159 2272/3823/2272
f 2156/3639/2156 2272/3823/2272 2159/3638/2159
f 1894/3640/1894 1913/3642/1913 2273/3824/2273
f 2267/3813/2267 1776/2982/1776 2032/3435/2032
f 2268/3815/2268 2032/3435/2032 2033/3436/2033
f 2268/3815/2268 2033/3436/2033 2269/3816/2269
f 2269/3825/2269 2033/3826/2033 1773/3215/1773
f 1773/3215/1773 2033/3826/2033 2274/3827/2274
f 1773/3215/1773 2160/3828/2160 2028/3427/2028
f 2274/3827/2274 2160/3828/2160 1773/3215/1773
f 2160/3828/2160 2275/3829/2275 2028/3427/2028
f 2275/3830/2275 2029/3831/2029 2028/3832/2028
f 2025/3424/2025 2031/3433/2031 2158/3637/2158
f 2027/3806/2027 2034/3833/2034 2270/3820/2270
f 2270/3834/2270 2034/3437/2034 2159/3638/2159
f 2270/3820/2270 2159/3835/2159 2271/3821/2271
f 2274/3836/2274 2033/3438/2033 2160/3643/2160
f 2160/3837/2160 1910/3838/1910 2275/3830/2275
f 2275/3830/2275 1910/3838/1910 2029/3831/2029
f 2029/3429/2029 1910/3225/1910 2276/3839/2276
f 2276/3839/2276 1910/3225/1910 2277/3840/2277
f 2031/3841/2031 2278/3842/2278 1640/3843/1640
f 2265/3811/2265 2037/3441/2037 1638/2747/1638
f 1910/3225/1910 1911/3224/1911 2277/3840/2277
f 2163/3844/2163 1640/3843/1640 2278/3842/2278
f 2036/3440/2036 1914/3231/1914 2279/3845/2279
f 2022/3434/2022 2280/3846/2280 1365/2289/1365
f 1914/3233/1914 2166/3650/2166 2279/3847/2279
f 2279/3845/2279 2038/3647/2038 2281/3848/2281
f 2279/3847/2279 2166/3650/2166 2038/3443/2038
f 2037/3441/2037 2281/3848/2281 2038/3647/2038
f 2280/3846/2280 2282/3849/2282 1365/2289/1365
f 2165/3651/2165 2039/3444/2039 2283/3850/2283
f 2282/3849/2282 2040/3446/2040 1365/2289/1365
f 2282/3849/2282 2283/3850/2283 2040/3446/2040
f 2283/3850/2283 2039/3444/2039 2040/3446/2040
f 1913/3230/1913 1788/3001/1788 2284/3851/2284
f 1788/3001/1788 2285/3852/2285 2286/3853/2286
f 982/1628/982 1273/2136/1273 1082/3854/1082
f 1082/1795/1082 1273/3855/1273 2287/3856/2287
f 2041/3450/2041 2043/3453/2043 2285/3852/2285
f 2285/3852/2285 2043/3453/2043 2047/3457/2047
f 2167/3653/2167 2288/3857/2288 1186/1971/1186
f 1186/1971/1186 2288/3857/2288 1650/2772/1650
f 1277/3006/1277 2289/3858/2289 1791/3007/1791
f 1794/3859/1794 1793/3860/1793 2290/3861/2290
f 1919/3241/1919 2171/3862/2171 1656/2782/1656
f 1791/3007/1791 2291/3863/2291 1369/2298/1369
f 1655/2781/1655 1795/3011/1795 2050/3461/2050
f 885/3864/885 2168/3865/2168 1796/3866/1796
f 2168/3865/2168 2170/3867/2170 1660/3868/1660
f 2292/3869/2292 2293/3870/2293 1925/3247/1925
f 2293/3870/2293 1923/3245/1923 1925/3247/1925
f 1190/1982/1190 1369/2298/1369 1806/3871/1806
f 2054/3466/2054 2294/3872/2294 1382/2320/1382
f 1369/3873/1369 2295/3874/2295 1806/3031/1806
f 1678/2816/1678 2172/3660/2172 2296/3875/2296
f 2055/3876/2055 1926/3877/1926 2297/3878/2297
f 1382/2320/1382 2298/3879/2298 1391/2333/1391
f 2296/3875/2296 1933/3263/1933 1678/2816/1678
f 2058/3475/2058 1932/3262/1932 2299/3880/2299
f 2299/3880/2299 2060/3478/2060 2058/3475/2058
f 2300/3881/2300 2301/3882/2301 1806/3031/1806
f 1806/3031/1806 2301/3882/2301 1807/3032/1807
f 2302/3883/2302 1926/3884/1926 1929/3258/1929
f 1807/3032/1807 2178/3885/2178 1379/2316/1379
f 1391/3477/1391 2303/3886/2303 1937/3270/1937
f 1810/3035/1810 1935/3268/1935 1932/3262/1932
f 1928/3253/1928 1931/3261/1931 2304/3887/2304
f 1682/2821/1682 2176/3667/2176 1397/2345/1397
f 1927/3888/1927 1683/3889/1683 2305/3890/2305
f 1934/3264/1934 2178/3669/2178 2306/3891/2306
f 2303/3886/2303 2063/3482/2063 1937/3270/1937
f 2307/3892/2307 2064/3483/2064 1940/3276/1940
f 2062/3893/2062 2308/3894/2308 2066/3895/2066
f 1940/3276/1940 1948/3285/1948 2183/3681/2183
f 1940/3276/1940 2183/3681/2183 2307/3892/2307
f 2309/3896/2309 1944/3281/1944 2070/3493/2070
f 2309/3896/2309 2310/3897/2310 1944/3281/1944
f 1944/3281/1944 2310/3897/2310 1685/2825/1685
f 1811/3267/1811 2302/3883/2302 1929/3258/1929
f 2066/3898/2066 2308/3899/2308 2075/3900/2075
f 2182/3680/2182 834/1389/834 2311/3901/2311
f 2069/3492/2069 2312/3902/2312 2072/3495/2072
f 2308/3899/2308 2313/3903/2313 2075/3900/2075
f 2072/3495/2072 2312/3902/2312 2186/3688/2186
f 2312/3904/2312 2314/3905/2314 2186/3906/2186
f 2076/3907/2076 2081/3517/2081 2315/3908/2315
f 2316/3909/2316 2191/3694/2191 1692/2838/1692
f 1694/3304/1694 2317/3910/2317 1957/3305/1957
f 1694/2842/1694 2187/3689/2187 2317/3911/2317
f 1835/3086/1835 2083/3912/2083 1407/3084/1407
f 2314/3905/2314 2188/3696/2188 2186/3906/2186
f 1949/3286/1949 2189/3692/2189 2071/3494/2071
f 1961/3309/1961 1957/3305/1957 2318/3913/2318
f 1697/3087/1697 2088/3530/2088 2319/3914/2319
f 2189/3915/2189 1962/3916/1962 1963/3917/1963
f 2078/3503/2078 2089/3531/2089 1826/3069/1826
f 2318/3913/2318 2320/3918/2320 1961/3309/1961
f 2192/3695/2192 1704/2858/1704 2321/3919/2321
f 2320/3918/2320 2195/3700/2195 1961/3309/1961
f 1704/2858/1704 2200/3708/2200 2321/3919/2321
f 2195/3700/2195 2201/3709/2201 1843/3097/1843
f 2093/3536/2093 1844/3098/1844 2322/3920/2322
f 2201/3709/2201 2323/3921/2323 1845/3099/1845
f 2324/3922/2324 1706/2863/1706 2095/3538/2095
f 1844/3098/1844 2203/3711/2203 2322/3920/2322
f 2094/3537/2094 2325/3923/2325 1536/2568/1536
f 1845/3099/1845 2323/3921/2323 2204/3712/2204
f 2325/3923/2325 2096/3539/2096 1536/2568/1536
f 2098/3543/2098 2326/3924/2326 2099/3544/2099
f 2197/3703/2197 2327/3925/2327 1968/3317/1968
f 1968/3317/1968 2327/3925/2327 1534/3319/1534
f 1404/3706/1404 1532/3926/1532 2198/3704/2198
f 1705/2862/1705 2208/3927/2208 1421/2384/1421
f 2205/3713/2205 2328/3928/2328 2103/3716/2103
f 2329/3929/2329 2206/3717/2206 2103/3549/2103
f 2097/3542/2097 2206/3717/2206 2329/3929/2329
f 1971/3321/1971 1540/2576/1540 2330/3930/2330
f 2204/3931/2204 2102/3547/2102 1708/2867/1708
f 1532/3926/1532 2331/3932/2331 2198/3704/2198
f 1538/2571/1538 2208/3720/2208 2332/3933/2332
f 1422/2385/1422 1538/2571/1538 2332/3933/2332
f 1422/2385/1422 2332/3933/2332 2333/3934/2333
f 1970/3724/1970 2209/3723/2209 2334/3935/2334
f 1541/2578/1541 2335/3936/2335 755/2579/755
f 736/1394/736 835/1393/835 2210/3725/2210
f 1849/3937/1849 2336/3938/2336 2107/3939/2107
f 1849/3937/1849 2212/3940/2212 2336/3938/2336
f 1973/3325/1973 2337/3941/2337 1545/2585/1545
f 1974/3562/1974 2338/3942/2338 2109/3560/2109
f 2110/3564/2110 2214/3732/2214 1976/3336/1976
f 2110/3564/2110 2339/3943/2339 2214/3732/2214
f 2339/3943/2339 2110/3564/2110 2111/3565/2111
f 2108/3563/2108 2340/3944/2340 1713/2875/1713
f 1980/3344/1980 2341/3945/2341 2111/3565/2111
f 1979/3946/1979 2112/3947/2112 2218/3948/2218
f 1980/3344/1980 1735/3949/1735 2342/3950/2342
f 2217/3738/2217 2122/3582/2122 2343/3951/2343
f 1738/3346/1738 2218/3739/2218 2344/3952/2344
f 2117/3572/2117 2225/3748/2225 2219/3740/2219
f 2221/3742/2221 2220/3741/2220 2345/3953/2345
f 2221/3749/2221 2345/3954/2345 1733/3579/1733
f 1868/3149/1868 2346/3955/2346 1981/3745/1981
f 1868/3149/1868 1981/3745/1981 2223/3744/2223
f 1719/2885/1719 1981/3347/1981 2224/3746/2224
f 1983/3750/1983 2224/3956/2224 2121/3751/2121
f 1735/3957/1735 2347/3958/2347 2348/3959/2348
f 1985/3586/1985 2349/3960/2349 2123/3584/2123
f 2127/3594/2127 2345/3954/2345 2350/3961/2350
f 1733/3579/1733 2345/3954/2345 2127/3594/2127
f 1868/3149/1868 1874/3155/1874 2346/3955/2346
f 1870/3358/1870 2351/3962/2351 1986/3359/1986
f 1986/3359/1986 2351/3962/2351 1985/3583/1985
f 2351/3962/2351 2349/3963/2349 1985/3583/1985
f 2127/3594/2127 2350/3961/2350 1991/3371/1991
f 1874/3155/1874 1995/3377/1995 2352/3964/2352
f 2226/3754/2226 2121/3751/2121 2229/3965/2229
f 1477/2466/1477 2353/3966/2353 1867/3147/1867
f 1870/3358/1870 2354/3967/2354 2355/3968/2355
f 1870/3358/1870 2355/3968/2355 2351/3962/2351
f 2354/3967/2354 1870/3358/1870 1994/3969/1994
f 1876/3158/1876 2230/3761/2230 2130/3597/2130
f 2130/3597/2130 2230/3761/2230 2356/3970/2356
f 2235/3766/2235 1992/3373/1992 2233/3764/2233
f 2122/3582/2122 2129/3596/2129 2357/3971/2357
f 1992/3373/1992 2358/3972/2358 1993/3374/1993
f 1584/2656/1584 2234/3765/2234 2134/3973/2134
f 1735/3161/1735 2132/3599/2132 2347/3974/2347
f 2236/3975/2236 2359/3976/2359 1996/3602/1996
f 1882/3169/1882 1737/2907/1737 2238/3770/2238
f 1057/1735/1057 2135/3977/2135 563/1736/563
f 1881/3167/1881 2000/3384/2000 2237/3768/2237
f 635/3978/635 2135/3979/2135 2360/3980/2360
f 2003/3387/2003 1999/3383/1999 2361/3981/2361
f 2002/3603/2002 1996/3602/1996 2362/3982/2362
f 1590/2675/1590 2240/3772/2240 2136/3607/2136
f 2136/3607/2136 2240/3772/2240 2239/3771/2239
f 2242/3983/2242 2363/3984/2363 2241/3985/2241
f 898/3184/898 635/3986/635 2360/3987/2360
f 2362/3988/2362 2139/3776/2139 2002/3386/2002
f 1883/3172/1883 2141/3614/2141 2364/3989/2364
f 1991/3371/1991 2365/3990/2365 2245/3991/2245
f 2143/3616/2143 2004/3389/2004 2146/3620/2146
f 2249/3787/2249 2366/3992/2366 1889/3181/1889
f 2366/3992/2366 2249/3787/2249 2367/3993/2367
f 1894/3193/1894 2254/3794/2254 2244/3778/2244
f 2250/3788/2250 2251/3791/2251 2242/3789/2242
f 2007/3393/2007 2252/3792/2252 2141/3614/2141
f 2147/3624/2147 2247/3782/2247 2368/3994/2368
f 2010/3995/2010 2249/3787/2249 2148/3625/2148
f 2010/3396/2010 2367/3996/2367 2249/3997/2249
f 2152/3630/2152 2368/3994/2368 2252/3792/2252
f 2147/3624/2147 2368/3994/2368 2152/3630/2152
f 2369/3998/2369 2014/3411/2014 2008/3410/2008
f 2255/3796/2255 1633/3999/1633 819/3797/819
f 2369/3998/2369 2370/4000/2370 2014/3411/2014
f 2370/4000/2370 2153/3631/2153 2014/3411/2014
f 1265/2108/1265 970/1609/970 1909/3221/1909
f 2371/4001/2371 1908/3220/1908 1775/2979/1775
f 2371/4002/2371 1775/3198/1775 2256/3798/2256
f 2253/3793/2253 1894/3193/1894 2372/4003/2372
f 2019/3800/2019 2261/3807/2261 2373/4004/2373
f 2373/4004/2373 2258/3801/2258 2019/3800/2019
f 2258/3801/2258 2262/4005/2262 2020/3802/2020
f 2372/4006/2372 1894/3640/1894 2273/3824/2273
f 2153/4007/2153 2374/4008/2374 2024/3817/2024
f 2260/3804/2260 1629/2977/1629 2375/4009/2375
f 2259/3803/2259 1629/2977/1629 2260/3804/2260
f 2375/4009/2375 2022/3421/2022 2260/3804/2260
f 2373/4004/2373 2261/3807/2261 2376/4010/2376
f 2261/3807/2261 2027/3806/2027 2376/4010/2376
f 2373/4004/2373 2377/4011/2377 2258/3801/2258
f 2262/4012/2262 2377/4013/2377 2156/3639/2156
f 2258/3801/2258 2377/4011/2377 2262/4005/2262
f 2024/3817/2024 2374/4008/2374 2268/3815/2268
f 2374/4008/2374 2032/3435/2032 2268/3815/2268
f 2375/4009/2375 1629/2977/1629 2378/4014/2378
f 2375/4009/2375 2379/4015/2379 2022/3421/2022
f 2263/3809/2263 2265/3811/2265 2264/3810/2264
f 2376/4010/2376 2027/3806/2027 2271/3821/2271
f 2377/4011/2377 2376/4010/2376 2272/4016/2272
f 2376/4010/2376 2271/3821/2271 2272/4016/2272
f 2156/3639/2156 2377/4013/2377 2272/3823/2272
f 1629/2733/1629 2162/3645/2162 2378/4017/2378
f 2379/4018/2379 2380/4019/2380 2022/3434/2022
f 2029/3429/2029 2276/3839/2276 2381/4020/2381
f 2029/3429/2029 2381/4020/2381 2157/3819/2157
f 2382/4021/2382 2025/4022/2025 2157/3819/2157
f 2382/4023/2382 2031/3433/2031 2025/3424/2025
f 2378/4017/2378 2162/3645/2162 2383/4024/2383
f 2276/3839/2276 2384/4025/2384 2381/4020/2381
f 2277/3840/2277 2384/4025/2384 2276/3839/2276
f 2381/4020/2381 2384/4025/2384 2157/3819/2157
f 2382/4021/2382 2278/3842/2278 2031/3841/2031
f 2385/4026/2385 2161/3644/2161 2036/3440/2036
f 2386/4027/2386 2037/3441/2037 2265/3811/2265
f 2277/3840/2277 1911/3224/1911 2387/4028/2387
f 1913/3230/1913 2284/3851/2284 2273/4029/2273
f 1911/3224/1911 2163/3844/2163 2387/4028/2387
f 2383/4024/2383 2162/3645/2162 2388/4030/2388
f 2380/4019/2380 2389/4031/2389 2022/3434/2022
f 2386/4027/2386 2390/4032/2390 2037/3441/2037
f 2389/4031/2389 2280/3846/2280 2022/3434/2022
f 2391/4033/2391 2036/3440/2036 2392/4034/2392
f 2392/4034/2392 2036/3440/2036 2279/3845/2279
f 2390/4032/2390 2392/4034/2392 2037/3441/2037
f 2279/3845/2279 2281/3848/2281 2392/4034/2392
f 2392/4034/2392 2281/3848/2281 2037/3441/2037
f 2393/4035/2393 2165/3651/2165 2283/3850/2283
f 2393/4036/2393 2162/3645/2162 2165/3649/2165
f 2283/3850/2283 2282/3849/2282 2280/3846/2280
f 1788/3001/1788 2041/3450/2041 2285/3852/2285
f 2287/3856/2287 1367/2295/1367 1082/1795/1082
f 2394/4037/2394 1277/2141/1277 1651/2771/1651
f 2045/3455/2045 2167/3653/2167 1652/2773/1652
f 1789/3004/1789 2395/4038/2395 1790/3005/1790
f 2395/4038/2395 1506/2517/1506 1790/3005/1790
f 2045/4039/2045 1507/2518/1507 1792/3008/1792
f 2050/3461/2050 1795/3011/1795 2173/3662/2173
f 2396/4040/2396 2168/3865/2168 885/3864/885
f 2049/3460/2049 2053/3464/2053 869/1532/869
f 2397/4041/2397 1658/2784/1658 2051/3462/2051
f 1797/3013/1797 2398/4042/2398 2052/3463/2052
f 2398/4042/2398 1921/3465/1921 2052/3463/2052
f 2294/3872/2294 2054/3466/2054 1517/2532/1517
f 2171/3659/2171 1928/3469/1928 2399/4043/2399
f 2176/3667/2176 1920/3265/1920 2170/4044/2170
f 1925/4045/1925 2059/4046/2059 2400/4047/2400
f 2297/3878/2297 1926/3877/1926 2401/4048/2401
f 2402/4049/2402 1808/3033/1808 751/1223/751
f 2402/4049/2402 751/1223/751 1100/1824/1100
f 2401/4048/2401 1926/3877/1926 2403/4050/2403
f 1680/2819/1680 1809/3034/1809 872/1457/872
f 2298/4051/2298 2303/4052/2303 1391/4053/1391
f 2302/4054/2302 2404/4055/2404 1926/3877/1926
f 2399/4056/2399 1928/3253/1928 2405/4057/2405
f 1928/3253/1928 2304/3887/2304 2405/4057/2405
f 2176/3667/2176 2406/4058/2406 1397/2345/1397
f 2407/4059/2407 1927/3888/1927 2305/3890/2305
f 2059/3476/2059 1527/2822/1527 2408/4060/2408
f 2408/4060/2408 1527/2822/1527 1813/4061/1813
f 2305/3890/2305 1683/3889/1683 1939/4062/1939
f 2408/4063/2408 1813/3042/1813 2064/3483/2064
f 2409/4064/2409 1684/3271/1684 2063/3482/2063
f 1934/3264/1934 2306/3891/2306 1931/3261/1931
f 1931/3261/1931 2306/3891/2306 2304/3887/2304
f 2409/4064/2409 1941/3676/1941 1684/3271/1684
f 2312/4065/2312 2069/3677/2069 1941/3676/1941
f 2310/3897/2310 2309/3896/2309 2070/3493/2070
f 2183/3681/2183 2080/3506/2080 2410/4066/2410
f 2411/4067/2411 2070/3493/2070 2412/4068/2412
f 2412/4068/2412 2070/3493/2070 2071/3494/2071
f 1692/4069/1692 2079/3505/2079 2413/4070/2413
f 2313/4071/2313 2413/4070/2413 2185/3687/2185
f 2413/4070/2413 2079/3505/2079 2185/3687/2185
f 2313/4071/2313 2185/3687/2185 2075/3499/2075
f 1811/3267/1811 2414/4072/2414 2302/3883/2302
f 1839/3310/1839 1697/3087/1697 2319/3914/2319
f 2314/3905/2314 2415/4073/2415 2188/3696/2188
f 2071/4074/2071 2189/3915/2189 2412/4075/2412
f 2412/4075/2412 2189/3915/2189 2416/4076/2416
f 2417/4077/2417 1409/3525/1409 2190/3693/2190
f 2418/4078/2418 2084/3518/2084 2192/3695/2192
f 2419/4079/2419 1835/3086/1835 2090/3532/2090
f 2420/4080/2420 2194/3699/2194 1839/3091/1839
f 2319/3914/2319 2088/3530/2088 2415/4073/2415
f 2415/4073/2415 2088/3530/2088 2188/3696/2188
f 2416/4076/2416 2189/3915/2189 1963/3917/1963
f 2190/3693/2190 1964/3313/1964 2193/3698/2193
f 2318/3913/2318 2421/4081/2421 2320/3918/2320
f 1966/3315/1966 2422/4082/2422 1967/3316/1967
f 2192/3695/2192 2321/3919/2321 2423/4083/2423
f 2423/4084/2424 2195/3700/2195 2320/3918/2320
f 2194/3699/2194 2424/4085/2425 1842/3096/1842
f 2423/4083/2423 2321/3919/2321 2200/3708/2200
f 2424/4085/2425 2094/3537/2094 1842/3096/1842
f 2425/4086/2426 2092/3534/2092 1969/3318/1969
f 1811/3705/1811 2198/3704/2198 2414/4087/2414
f 2422/4082/2422 2199/3707/2199 1967/3316/1967
f 2196/3701/2196 2093/3536/2093 2322/3920/2322
f 2424/4085/2425 2325/3923/2325 2094/3537/2094
f 2426/4088/2427 2197/3703/2197 2089/3702/2089
f 2425/4086/2426 1969/3318/1969 2202/3710/2202
f 2426/4088/2427 2327/3925/2327 2197/3703/2197
f 2325/4089/2325 2427/4090/2428 2096/3715/2096
f 2428/4091/2429 2103/4092/2103 2328/4093/2328
f 2428/4094/2429 2329/3929/2329 2103/3549/2103
f 2428/4094/2429 2429/4095/2430 2329/3929/2329
f 2429/4095/2430 2097/3542/2097 2329/3929/2329
f 2430/4096/2431 2326/3924/2326 2098/3543/2098
f 2207/3718/2207 2430/4096/2431 2098/3543/2098
f 2431/4097/2432 2099/3544/2099 2326/3924/2326
f 2430/4096/2431 2431/4097/2432 2326/3924/2326
f 2202/3710/2202 1971/3321/1971 2330/3930/2330
f 2199/4098/2199 2208/3927/2208 1705/2862/1705
f 2102/3547/2102 2204/3931/2204 2432/4099/2433
f 2431/4100/2432 2100/3722/2100 2099/4101/2099
f 2333/3934/2333 1707/3103/1707 1422/2385/1422
f 2333/4102/2333 2095/3538/2095 1707/2866/1707
f 2433/4103/2434 1539/2573/1539 2102/3547/2102
f 2434/4104/2435 1534/3319/1534 2327/3925/2327
f 2434/4104/2435 2209/3723/2209 1534/3319/1534
f 2104/4105/2104 1239/2211/1239 1317/2210/1317
f 2435/4106/2436 2101/3546/2101 1970/3320/1970
f 1532/3926/1532 2101/4107/2101 2331/3932/2331
f 2436/4108/2437 1970/3724/1970 2334/3935/2334
f 2435/4109/2436 1970/4110/1970 2436/4111/2437
f 2437/4112/2438 755/2579/755 2335/3936/2335
f 2437/4112/2438 953/4113/953 755/2579/755
f 2211/3726/2211 2106/3554/2106 892/1495/892
f 2438/4114/2439 2106/3554/2106 2211/3726/2211
f 2439/4115/2440 757/1396/757 1542/2580/1542
f 835/1393/835 757/1396/757 2439/4115/2440
f 1542/2580/1542 2106/3554/2106 2439/4115/2440
f 2337/3941/2337 1973/3325/1973 1972/3326/1972
f 2214/4116/2214 2339/4117/2339 2440/4118/2441
f 2441/4119/2442 2440/4120/2441 2339/3943/2339
f 2441/4119/2442 2339/3943/2339 2442/4121/2443
f 2443/4122/2444 2108/3556/2108 1545/2585/1545
f 2442/4121/2443 2339/3943/2339 2111/3565/2111
f 2443/4123/2444 2340/4124/2340 2108/4125/2108
f 1974/3562/1974 1975/3733/1975 2338/3942/2338
f 2338/3942/2338 1975/3733/1975 2215/3735/2215
f 2444/4126/2445 2111/3565/2111 2341/3945/2341
f 1977/4127/1977 2214/4128/2214 2216/4129/2216
f 2341/3945/2341 1980/3344/1980 2342/3950/2342
f 2114/3568/2114 1852/3117/1852 2216/3737/2216
f 2342/3950/2342 1735/3949/1735 2445/4130/2446
f 2445/4131/2446 1735/3957/1735 2348/3959/2348
f 2220/3741/2220 2219/3740/2219 2446/4132/2447
f 2346/3955/2346 2447/4133/2448 1981/3745/1981
f 2114/4134/2114 1737/4135/1737 1582/4136/1582
f 2225/3753/2225 1583/2655/1583 2228/3757/2228
f 2346/3955/2346 1874/3155/1874 2447/4133/2448
f 1981/3745/1981 2447/4133/2448 1874/3155/1874
f 2448/4137/2449 2227/3756/2227 2123/3584/2123
f 2449/4138/2450 2229/4139/2229 2224/4140/2224
f 2224/3956/2224 2229/3965/2229 2121/3751/2121
f 2448/4137/2449 2356/3970/2356 2230/3761/2230
f 2448/4137/2449 2230/3761/2230 2227/3756/2227
f 2352/3964/2352 1995/3377/1995 2450/4141/2451
f 2449/4138/2450 2232/4142/2232 2229/4139/2229
f 2451/4143/2452 1992/3373/1992 2235/3766/2235
f 2451/4143/2452 2358/3972/2358 1992/3373/1992
f 2344/3952/2344 1999/4144/1999 1738/3346/1738
f 1994/3375/1994 1879/3162/1879 2452/4145/2453
f 2231/3762/2231 1873/3154/1873 2241/3774/2241
f 2358/3972/2358 2236/3767/2236 1993/3374/1993
f 2452/4146/2453 1879/3166/1879 2237/3768/2237
f 2453/4147/2454 1057/1735/1057 894/1734/894
f 2362/3982/2362 1996/3602/1996 2359/3976/2359
f 1481/2471/1481 2240/3772/2240 1058/1738/1058
f 1997/3609/1997 2454/4148/2455 2004/3389/2004
f 1482/4149/1482 1746/2921/1746 816/2920/816
f 2455/4150/2456 2132/3599/2132 2244/3778/2244
f 2142/4151/2142 1887/3177/1887 2137/3608/2137
f 2456/4152/2457 2140/3613/2140 2005/3390/2005
f 2457/4153/2458 2144/3617/2144 2139/3612/2139
f 2458/4154/2459 2005/3390/2005 2006/3392/2006
f 2459/4155/2460 2138/3611/2138 1889/3181/1889
f 2458/4154/2459 2006/3392/2006 2145/3786/2145
f 2145/3618/2145 2146/3620/2146 2460/4156/2461
f 2461/4157/2462 2460/4156/2461 2146/3620/2146
f 2461/4157/2462 2146/3620/2146 2004/3389/2004
f 2459/4155/2460 1889/3181/1889 2366/3992/2366
f 2462/4158/2463 2248/3784/2248 2246/3783/2246
f 2141/3614/2141 2252/3792/2252 2368/3994/2368
f 2010/3396/2010 2149/3627/2149 2367/3996/2367
f 2463/4159/2464 2008/3790/2008 2248/3784/2248
f 1262/3397/1262 1890/3182/1890 2255/3796/2255
f 2463/4160/2464 2369/4161/2369 2008/4162/2008
f 2256/3798/2256 1623/2724/1623 2142/3615/2142
f 2153/4007/2153 2464/4163/2465 2374/4008/2374
f 2373/4004/2373 2376/4010/2376 2377/4011/2377
f 2464/4163/2465 2267/3813/2267 2032/3435/2032
f 2464/4163/2465 2032/3435/2032 2374/4008/2374
f 2375/4009/2375 2378/4014/2378 2465/4164/2466
f 2375/4009/2375 2465/4164/2466 2379/4015/2379
f 2263/3809/2263 2161/3644/2161 2466/4165/2467
f 2466/4165/2467 2265/3811/2265 2263/3809/2263
f 2465/4166/2466 2378/4017/2378 2467/4167/2468
f 2379/4018/2379 2467/4167/2468 2380/4019/2380
f 2465/4166/2466 2467/4167/2468 2379/4018/2379
f 2161/3644/2161 2385/4026/2385 2466/4165/2467
f 2466/4165/2467 2468/4168/2469 2265/3811/2265
f 2378/4017/2378 2383/4024/2383 2467/4167/2468
f 2468/4168/2469 2469/4169/2470 2265/3811/2265
f 2157/3819/2157 2384/4025/2384 2470/4170/2471
f 2157/3819/2157 2470/4170/2471 2382/4021/2382
f 2265/3811/2265 2469/4169/2470 2386/4027/2386
f 2277/3840/2277 2471/4171/2472 2384/4025/2384
f 2384/4025/2384 2471/4171/2472 2470/4170/2471
f 2470/4170/2471 2472/4172/2473 2382/4021/2382
f 2470/4170/2471 2471/4171/2472 2472/4172/2473
f 2382/4021/2382 2472/4172/2473 2278/3842/2278
f 2467/4167/2468 2383/4024/2383 2473/4173/2474
f 2467/4167/2468 2473/4173/2474 2380/4019/2380
f 2385/4026/2385 2036/3440/2036 2469/4169/2470
f 2277/3840/2277 2387/4028/2387 2471/4171/2472
f 2387/4028/2387 2163/3844/2163 2471/4171/2472
f 2471/4171/2472 2163/3844/2163 2472/4172/2473
f 2472/4172/2473 2163/3844/2163 2278/3842/2278
f 2383/4024/2383 2474/4174/2475 2473/4173/2474
f 2473/4173/2474 2474/4174/2475 2380/4019/2380
f 2469/4169/2470 2036/3440/2036 2475/4175/2476
f 2469/4169/2470 2475/4175/2476 2386/4027/2386
f 2383/4024/2383 2388/4030/2388 2474/4174/2475
f 2474/4174/2475 2389/4031/2389 2380/4019/2380
f 2474/4174/2475 2476/4176/2477 2389/4031/2389
f 2036/3440/2036 2391/4033/2391 2475/4175/2476
f 2386/4027/2386 2475/4175/2476 2390/4032/2390
f 2389/4031/2389 2476/4176/2477 2280/3846/2280
f 2476/4176/2477 2477/4177/2478 2280/3846/2280
f 2391/4033/2391 2392/4034/2392 2475/4175/2476
f 2475/4175/2476 2392/4034/2392 2390/4032/2390
f 2284/3851/2284 2478/4178/2479 2273/4029/2273
f 2388/4030/2388 2162/3645/2162 2479/4179/2480
f 2479/4179/2480 2162/3645/2162 2393/4036/2393
f 2477/4177/2478 2480/4180/2481 2280/3846/2280
f 809/1335/809 2035/3439/2035 2164/3648/2164
f 2393/4035/2393 2283/3850/2283 2481/4181/2482
f 2480/4180/2481 2283/3850/2283 2280/3846/2280
f 2481/4181/2482 2283/3850/2283 2480/4180/2481
f 1788/3001/1788 2286/3853/2286 2284/3851/2284
f 2042/4182/2042 1648/2766/1648 1367/2295/1367
f 1650/2772/1650 2288/3857/2288 2482/4183/2483
f 2044/3454/2044 2394/4037/2394 1651/2771/1651
f 2046/3456/2046 1656/3003/1656 2483/4184/2484
f 1656/2782/1656 2171/3862/2171 2483/4185/2484
f 2484/4186/2485 2170/3867/2170 2168/3865/2168
f 2169/3657/2169 1658/2784/1658 2485/4187/2486
f 2169/3657/2169 2485/4187/2486 1797/3013/1797
f 2485/4187/2486 1658/2784/1658 2397/4041/2397
f 923/2154/923 2486/4188/2487 889/1489/889
f 1921/3465/1921 2398/4042/2398 2172/4189/2172
f 2293/3870/2293 2487/4190/2488 1923/3245/1923
f 2051/3462/2051 1924/3246/1924 2488/4191/2489
f 2292/3869/2292 1925/3247/1925 2400/4192/2400
f 735/1537/735 2489/4193/2490 2174/3663/2174
f 851/1545/851 2490/4194/2491 923/1546/923
f 1382/2320/1382 2491/4195/2492 2298/3879/2298
f 2492/4196/2493 1806/3031/1806 2295/3874/2295
f 1806/3031/1806 2492/4196/2493 2493/4197/2494
f 2299/3880/2299 2494/4198/2495 2495/4199/2496
f 2299/3880/2299 1932/3262/1932 2494/4198/2495
f 1932/3262/1932 2496/4200/2497 2494/4198/2495
f 2493/4197/2494 2300/3881/2300 1806/3031/1806
f 1926/3877/1926 2497/4201/2498 2403/4050/2403
f 1926/3877/1926 2404/4055/2404 2497/4201/2498
f 1807/3032/1807 2301/3882/2301 2178/3885/2178
f 2298/4202/2298 2498/4203/2499 2303/3886/2303
f 1932/3262/1932 1935/3268/1935 2499/4204/2500
f 1933/3263/1933 2500/4205/2501 2061/3480/2061
f 2060/3479/2060 2181/3679/2181 1938/3274/1938
f 2500/4205/2501 2501/4206/2502 1936/3269/1936
f 2500/4205/2501 1936/3269/1936 2061/3480/2061
f 2502/4207/2503 1939/3275/1939 2179/3673/2179
f 1936/3269/1936 2501/4206/2502 1817/3047/1817
f 2501/4206/2502 2180/3674/2180 1817/3047/1817
f 2306/3891/2306 2178/3669/2178 2503/4208/2504
f 2179/3673/2179 2067/3488/2067 2502/4207/2503
f 2307/3892/2307 2183/3681/2183 2504/4209/2505
f 2409/4064/2409 2505/4210/2506 1941/3676/1941
f 2505/4210/2506 2312/4065/2312 1941/3676/1941
f 2310/3897/2310 2070/3493/2070 2411/4067/2411
f 2067/3488/2067 2076/3500/2076 2502/4207/2503
f 2183/3681/2183 2410/4066/2410 2504/4209/2505
f 2304/3887/2304 2506/4211/2507 2405/4057/2405
f 2302/4212/2302 2507/4213/2508 2508/4214/2509
f 2306/3891/2306 2509/4215/2510 2304/3887/2304
f 2304/3887/2304 2509/4215/2510 2506/4211/2507
f 2302/4212/2302 2510/4216/2511 2507/4213/2508
f 2180/4217/2180 2511/4218/2512 2068/4219/2068
f 2068/4220/2068 2511/4221/2512 2073/4222/2073
f 2512/4223/2513 2184/4224/2184 2181/4225/2181
f 2302/4212/2302 2414/4226/2414 2510/4216/2511
f 2076/4227/2076 2315/4228/2315 2513/4229/2514
f 2410/4066/2410 2080/3506/2080 2514/4230/2515
f 2313/3903/2313 2515/4231/2516 2413/4232/2413
f 2312/3904/2312 2516/4233/2517 2314/3905/2314
f 1692/2838/1692 2413/4234/2413 2316/3909/2316
f 2315/3908/2315 2081/3517/2081 2517/4235/2518
f 2073/3497/2073 2511/4236/2512 2187/3689/2187
f 2511/4237/2512 2518/4238/2519 2187/4239/2187
f 2080/3513/2080 2083/3514/2083 2514/4240/2515
f 2184/4224/2184 2512/4223/2513 2078/4241/2078
f 2081/3517/2081 1833/3516/1833 2517/4235/2518
f 2317/3910/2317 2519/4242/2520 1957/3305/1957
f 2518/4238/2519 2317/4243/2317 2187/4239/2187
f 1835/3086/1835 2520/4244/2521 2083/3912/2083
f 1839/3310/1839 2319/3914/2319 2521/4245/2522
f 2415/4073/2415 2522/4246/2523 2319/3914/2319
f 2314/3905/2314 2522/4246/2523 2415/4073/2415
f 2416/4247/2416 2523/4248/2524 2412/4249/2412
f 1835/3086/1835 2419/4079/2419 2520/4244/2521
f 2416/4247/2416 2524/4250/2525 2523/4248/2524
f 2416/4247/2416 1963/4251/1963 2524/4250/2525
f 2191/3694/2191 2525/4252/2526 1966/3315/1966
f 2525/4252/2526 2526/4253/2527 1966/3315/1966
f 2418/4078/2418 2192/3695/2192 2527/4254/2528
f 2421/4081/2421 2527/4255/2528 2320/3918/2320
f 2090/3532/2090 2196/3701/2196 2419/4079/2419
f 2420/4080/2420 2424/4085/2425 2194/3699/2194
f 1966/3315/1966 2526/4253/2527 2422/4082/2422
f 2527/4255/2528 2423/4084/2424 2320/3918/2320
f 2528/4256/2529 2092/3534/2092 2529/4257/2530
f 2078/4258/2078 2512/4259/2513 2089/3702/2089
f 2092/3534/2092 2425/4086/2426 2529/4257/2530
f 2200/3708/2200 1706/2863/1706 2324/3922/2324
f 2195/3700/2195 2423/4084/2424 2201/3709/2201
f 2089/3702/2089 2512/4259/2513 2426/4088/2427
f 2323/3921/2323 2530/4260/2531 2204/3712/2204
f 2530/4261/2531 2432/4262/2433 2204/4263/2204
f 2427/4090/2428 2531/4264/2532 2096/3715/2096
f 2207/3718/2207 2431/4097/2432 2430/4096/2431
f 2532/4265/2533 2100/3722/2100 2431/4100/2432
f 2414/4087/2414 2198/3704/2198 2533/4266/2534
f 2414/4087/2414 2533/4266/2534 2534/4267/2535
f 2096/3715/2096 2531/4264/2532 2205/3713/2205
f 2429/4095/2430 2535/4268/2536 2097/3542/2097
f 2535/4268/2536 2207/3718/2207 2097/3542/2097
f 1965/4269/1965 754/3552/754 2105/3553/2105
f 2102/3547/2102 2536/4270/2537 2433/4103/2434
f 2198/3704/2198 2331/3932/2331 2533/4266/2534
f 2434/4104/2435 2334/3935/2334 2209/3723/2209
f 2435/4271/2436 2537/4272/2538 2101/4107/2101
f 2331/3932/2331 2538/4273/2539 2539/4274/2540
f 2331/3932/2331 2539/4274/2540 2533/4266/2534
f 2435/4275/2436 2436/4276/2437 2540/4277/2541
f 953/4113/953 2437/4112/2438 1848/4278/1848
f 2438/4114/2439 2541/4279/2542 2106/3554/2106
f 2106/3554/2106 2541/4279/2542 2439/4115/2440
f 2440/4120/2441 2441/4119/2442 2542/4280/2543
f 2107/3555/2107 2543/4281/2544 1972/3324/1972
f 2213/4282/2213 2212/4283/2212 1544/4284/1544
f 2544/4285/2545 2214/4116/2214 2440/4118/2441
f 2213/3730/2213 2109/3731/2109 2545/4286/2546
f 2109/3560/2109 2338/3942/2338 2545/4287/2546
f 2441/4119/2442 2442/4121/2443 2542/4280/2543
f 2442/4121/2443 2444/4126/2445 2546/4288/2547
f 2111/3565/2111 2444/4126/2445 2442/4121/2443
f 2113/3567/2113 2547/4289/2548 2215/3736/2215
f 2444/4126/2445 2341/3945/2341 2548/4290/2549
f 2341/3945/2341 2342/3950/2342 2548/4290/2549
f 2113/3567/2113 1978/3340/1978 2549/4291/2550
f 1978/3340/1978 2217/3738/2217 2549/4291/2550
f 1715/2879/1715 1039/1711/1039 2550/4292/2551
f 2551/4293/2552 2218/3948/2218 2112/3947/2112
f 2549/4291/2550 2217/3738/2217 2343/3951/2343
f 1715/2879/1715 2550/4292/2551 1720/3342/1720
f 1867/3345/1867 2552/4294/2553 1039/1711/1039
f 1867/3345/1867 2553/4295/2554 2552/4294/2553
f 2219/3740/2219 2225/3748/2225 2554/4296/2555
f 2219/3740/2219 2554/4296/2555 2555/4297/2556
f 2219/3740/2219 2555/4297/2556 2446/4132/2447
f 2556/4298/2557 2220/3741/2220 2446/4132/2447
f 2556/4298/2557 2345/3953/2345 2220/3741/2220
f 2225/3748/2225 2228/4299/2228 2554/4296/2555
f 2554/4296/2555 2228/4299/2228 2555/4297/2556
f 2556/4300/2557 2350/3961/2350 2345/3954/2345
f 1981/3745/1981 1874/3155/1874 2557/4301/2558
f 1981/4302/1981 2558/4303/2559 2224/4304/2224
f 1867/3147/1867 2353/3966/2353 2553/4305/2554
f 2351/4306/2351 2559/4307/2560 2349/3960/2349
f 2349/3960/2349 2448/4137/2449 2123/3584/2123
f 1874/3155/1874 2352/3964/2352 2557/4301/2558
f 2355/4308/2355 2560/4309/2561 2351/4310/2351
f 2349/3960/2349 2356/3970/2356 2448/4137/2449
f 1142/1885/1142 2453/4147/2454 894/1734/894
f 1995/3377/1995 1883/3378/1883 2450/4141/2451
f 2451/4143/2452 2235/3766/2235 2561/4311/2562
f 2451/4143/2452 2561/4311/2562 2358/3972/2358
f 1994/3375/1994 2452/4145/2453 2354/4312/2354
f 2235/3766/2235 1880/3165/1880 2561/4311/2562
f 1991/3371/1991 2562/4313/2563 2365/3990/2365
f 2563/4314/2564 2359/3976/2359 2236/3975/2236
f 2129/3600/2129 2133/3601/2133 2357/4315/2357
f 1477/2466/1477 2564/4316/2565 2353/3966/2353
f 2347/3974/2347 2132/3599/2132 2565/4317/2566
f 2566/4318/2567 1880/4319/1880 2567/4320/2568
f 2563/4314/2564 2568/4321/2569 2359/3976/2359
f 2357/4315/2357 2133/3601/2133 2569/4322/2570
f 2234/3765/2234 2570/4323/2571 2134/3973/2134
f 1880/3610/1880 2138/3611/2138 2567/4324/2568
f 2359/3976/2359 2568/4321/2569 2362/3982/2362
f 2133/3601/2133 2239/3771/2239 2569/4322/2570
f 1477/2466/1477 2243/3777/2243 2564/4316/2565
f 2000/3384/2000 2140/3773/2140 2237/3768/2237
f 2132/3599/2132 2455/4150/2456 2565/4317/2566
f 2361/3981/2361 2571/4325/2572 2003/3387/2003
f 2568/4326/2569 2572/4327/2573 2362/4328/2362
f 816/4329/816 2573/4330/2574 1482/4331/1482
f 2362/4332/2362 2572/4333/2573 2139/3612/2139
f 2572/4333/2573 2457/4153/2458 2139/3612/2139
f 2567/4324/2568 2138/3611/2138 2574/4334/2575
f 2003/3387/2003 2462/4335/2463 2246/3781/2246
f 2456/4152/2457 2005/3390/2005 2458/4154/2459
f 2574/4334/2575 2138/3611/2138 2459/4155/2460
f 2243/4336/2243 1263/2103/1263 1264/2105/1264
f 2004/3389/2004 2454/4148/2455 2461/4157/2462
f 2244/3778/2244 2575/4337/2576 2576/4338/2577
f 2458/4339/2459 2145/4340/2145 2577/4341/2578
f 2145/4340/2145 2578/4342/2579 2577/4341/2578
f 2145/3618/2145 2460/4156/2461 2578/4343/2579
f 2459/4155/2460 2366/3992/2366 2579/4344/2580
f 2366/4345/2366 2367/3996/2367 2579/4346/2580
f 2367/3996/2367 2149/3627/2149 2580/4347/2581
f 2244/3778/2244 2254/3794/2254 2575/4337/2576
f 2242/3789/2242 2251/3791/2251 2581/4348/2582
f 2582/4349/2583 2251/3791/2251 2245/3780/2245
f 2581/4348/2582 2251/3791/2251 2582/4349/2583
f 2141/4350/2141 2368/4351/2368 2583/4352/2584
f 2583/4353/2584 2368/3994/2368 2247/3782/2247
f 2253/3793/2253 2584/4354/2585 2254/3794/2254
f 2253/3793/2253 2585/4355/2586 2584/4354/2585
f 2253/3793/2253 2372/4003/2372 2585/4355/2586
f 1909/3221/1909 2266/3812/2266 2586/4356/2587
f 2370/4357/2370 2587/4358/2588 2153/4007/2153
f 2266/3814/2266 2588/4359/2589 2586/4360/2587
f 2267/3813/2267 2588/4359/2589 2266/3814/2266
f 2153/4007/2153 2587/4358/2588 2464/4163/2465
f 2587/4358/2588 2267/3813/2267 2464/4163/2465
f 2466/4165/2467 2385/4026/2385 2589/4361/2590
f 2466/4165/2467 2589/4361/2590 2468/4168/2469
f 2385/4026/2385 2469/4169/2470 2589/4361/2590
f 2589/4361/2590 2469/4169/2470 2468/4168/2469
f 2474/4174/2475 2388/4030/2388 2590/4362/2591
f 2474/4174/2475 2590/4362/2591 2476/4176/2477
f 2388/4030/2388 2591/4363/2592 2590/4362/2591
f 2590/4362/2591 2591/4363/2592 2476/4176/2477
f 2476/4176/2477 2591/4363/2592 2477/4177/2478
f 2388/4030/2388 2479/4179/2480 2591/4363/2592
f 2591/4363/2592 2592/4364/2593 2477/4177/2478
f 2393/4036/2393 2593/4365/2594 2479/4179/2480
f 2477/4177/2478 2592/4364/2593 2480/4180/2481
f 2592/4364/2593 2594/4366/2595 2480/4180/2481
f 2393/4035/2393 2595/4367/2596 2593/4368/2594
f 2480/4180/2481 2594/4366/2595 2595/4367/2596
f 2481/4181/2482 2595/4367/2596 2393/4035/2393
f 2480/4180/2481 2595/4367/2596 2481/4181/2482
f 2284/3851/2284 2596/4369/2597 2478/4178/2479
f 2284/3851/2284 2597/4370/2598 2596/4369/2597
f 2286/3853/2286 2598/4371/2599 2597/4370/2598
f 2284/3851/2284 2286/3853/2286 2597/4370/2598
f 2287/3856/2287 2599/4372/2600 1367/2295/1367
f 1367/4373/1367 2599/4374/2600 2600/4375/2601
f 1367/2295/1367 2600/4376/2601 2042/4182/2042
f 2601/4377/2602 1789/3004/1789 1649/2768/1649
f 1650/2769/1650 2482/4378/2483 2044/3454/2044
f 2046/3456/2046 2483/4184/2484 2602/4379/2603
f 1792/3008/1792 2048/3459/2048 2603/4380/2604
f 2171/3659/2171 2399/4043/2399 2604/4381/2605
f 889/2528/889 2486/4382/2487 885/1483/885
f 2486/4383/2487 2605/4384/2606 885/4385/885
f 1797/3013/1797 2485/4187/2486 2606/4386/2607
f 1797/3013/1797 2606/4386/2607 2398/4042/2398
f 2291/3863/2291 2295/4387/2295 1369/2298/1369
f 2053/3464/2053 2489/4193/2490 735/1537/735
f 2292/3869/2292 2487/4190/2488 2293/3870/2293
f 1923/3245/1923 2607/4388/2608 870/1453/870
f 870/1453/870 2607/4388/2608 1517/2532/1517
f 2051/4389/2051 2488/4390/2489 2397/4391/2397
f 2294/3872/2294 2491/4195/2492 1382/2320/1382
f 2399/4043/2399 2608/4392/2609 2604/4381/2605
f 851/1545/851 1101/1826/1101 2490/4194/2491
f 2170/4044/2170 2609/4393/2610 2176/3667/2176
f 2494/4198/2495 2496/4200/2497 2495/4199/2496
f 2299/3880/2299 2495/4199/2496 2610/4394/2611
f 2299/3880/2299 2610/4394/2611 2060/3478/2060
f 1924/3251/1924 1927/3252/1927 2611/4395/2612
f 1927/3888/1927 2407/4059/2407 2611/4396/2612
f 2496/4200/2497 1932/3262/1932 2612/4397/2613
f 2399/4056/2399 2405/4057/2405 2613/4398/2614
f 1932/3262/1932 2499/4204/2500 2612/4397/2613
f 2405/4057/2405 2614/4399/2615 2613/4398/2614
f 2303/3886/2303 2615/4400/2616 2063/3482/2063
f 1685/4401/1685 2499/4402/2500 1935/4403/1935
f 2302/4404/2302 2616/4405/2617 2404/4406/2404
f 2404/4406/2404 2616/4405/2617 2617/4407/2618
f 1397/2345/1397 2406/4058/2406 2062/3481/2062
f 1939/4408/1939 2502/4409/2503 2618/4410/2619
f 1939/4062/1939 2618/4411/2619 2305/3890/2305
f 2064/3483/2064 2307/3892/2307 2619/4412/2620
f 2064/3483/2064 2619/4412/2620 2408/4063/2408
f 2310/4413/2310 2620/4414/2621 1685/4401/1685
f 1685/4401/1685 2620/4414/2621 2499/4402/2500
f 2062/3893/2062 2621/4415/2622 2308/3894/2308
f 2501/4206/2502 2622/4416/2623 2180/3674/2180
f 2302/4404/2302 2508/4417/2509 2616/4405/2617
f 2405/4057/2405 2623/4418/2624 2614/4399/2615
f 2076/4227/2076 2513/4229/2514 2502/4419/2503
f 2624/4420/2625 2512/4421/2513 2181/4422/2181
f 2507/4213/2508 2625/4423/2626 2508/4214/2509
f 2504/4209/2505 2410/4066/2410 2626/4424/2627
f 2411/4067/2411 2412/4068/2412 2627/4425/2628
f 2507/4213/2508 2628/4426/2629 2625/4423/2626
f 2306/3891/2306 2503/4208/2504 2629/4427/2630
f 2306/3891/2306 2629/4427/2630 2509/4215/2510
f 2405/4057/2405 2506/4211/2507 2623/4418/2624
f 2510/4216/2511 2628/4426/2629 2507/4213/2508
f 2509/4215/2510 2629/4427/2630 2630/4428/2631
f 2509/4215/2510 2630/4428/2631 2506/4211/2507
f 2308/3899/2308 2631/4429/2632 2313/3903/2313
f 2505/4430/2506 2516/4233/2517 2312/3904/2312
f 2313/3903/2313 2631/4429/2632 2515/4231/2516
f 2513/4431/2514 2315/4432/2315 2632/4433/2633
f 2315/3908/2315 2517/4235/2518 2632/4434/2633
f 2518/4435/2519 2511/4218/2512 2633/4436/2634
f 2083/3514/2083 2634/4437/2635 2514/4240/2515
f 2083/4438/2083 2635/4439/2636 2634/4440/2635
f 2191/3694/2191 2316/3909/2316 2525/4252/2526
f 1957/3305/1957 2519/4242/2520 2318/3913/2318
f 2633/4436/2634 2519/4441/2520 2518/4435/2519
f 2518/4435/2519 2519/4441/2520 2317/4442/2317
f 2516/4233/2517 2319/3914/2319 2522/4246/2523
f 2314/3905/2314 2516/4233/2517 2522/4246/2523
f 1963/4251/1963 2417/4077/2417 2524/4250/2525
f 1409/3525/1409 2417/4077/2417 1963/4251/1963
f 1839/3091/1839 2636/4443/2637 2420/4080/2420
f 2190/3693/2190 2193/3698/2193 2528/4256/2529
f 2528/4256/2529 2193/3698/2193 2092/3534/2092
f 2637/4444/2638 2423/4083/2423 2200/3708/2200
f 2638/4445/2639 2423/4446/2424 2527/4447/2528
f 2200/3708/2200 2324/3922/2324 2637/4444/2638
f 2638/4448/2639 2201/4449/2201 2423/4450/2424
f 2639/4451/2640 2201/4449/2201 2638/4448/2639
f 2639/4451/2640 2323/4452/2323 2201/4449/2201
f 2322/3920/2322 2203/3711/2203 2640/4453/2641
f 2641/4454/2642 2428/4091/2429 2328/4093/2328
f 2535/4268/2536 2429/4095/2430 2428/4094/2429
f 2641/4455/2642 2535/4268/2536 2428/4094/2429
f 2425/4086/2426 2202/3710/2202 2330/3930/2330
f 2642/4456/2643 2208/3927/2208 2199/4098/2199
f 2643/4457/2644 2324/3922/2324 2095/3538/2095
f 2203/3711/2203 1846/3102/1846 2640/4453/2641
f 2532/4265/2533 2644/4458/2645 2100/3722/2100
f 2644/4458/2645 1540/2576/1540 2100/3722/2100
f 2645/4459/2646 2330/3930/2330 1540/2576/1540
f 2208/3720/2208 2646/4460/2647 2332/3933/2332
f 1846/3101/1846 1539/2572/1539 2433/4461/2434
f 2327/3925/2327 2647/4462/2648 2434/4104/2435
f 2648/4463/2649 2534/4464/2535 2533/4465/2534
f 2648/4463/2649 2533/4465/2534 2649/4466/2650
f 2650/4467/2651 2435/4275/2436 2540/4277/2541
f 2651/4468/2652 2435/4275/2436 2650/4467/2651
f 2651/4468/2652 2652/4469/2653 2435/4275/2436
f 2653/4470/2654 2435/4275/2436 2652/4469/2653
f 2653/4471/2654 2537/4272/2538 2435/4271/2436
f 2101/4107/2101 2654/4472/2655 2331/3932/2331
f 2655/4473/2656 2654/4472/2655 2101/4107/2101
f 2654/4472/2655 2656/4474/2657 2331/3932/2331
f 2331/3932/2331 2656/4474/2657 2538/4273/2539
f 2657/4475/2658 2539/4274/2540 2538/4273/2539
f 2649/4466/2650 2533/4465/2534 2539/4476/2540
f 2658/4477/2659 2101/4107/2101 2537/4272/2538
f 2658/4477/2659 2655/4473/2656 2101/4107/2101
f 2657/4475/2658 2538/4273/2539 2656/4474/2657
f 2659/4478/2660 1545/2585/1545 2337/3941/2337
f 2337/4479/2337 1972/4480/1972 2543/4481/2544
f 2660/4482/2661 2107/4483/2107 2336/4484/2336
f 2543/4485/2544 2107/4486/2107 2660/4487/2661
f 2659/4478/2660 2443/4122/2444 1545/2585/1545
f 2544/4285/2545 2661/4488/2662 2214/4116/2214
f 2661/4489/2662 2216/4129/2216 2214/4128/2214
f 2340/4124/2340 2112/3947/2112 1713/4490/1713
f 2547/4289/2548 2113/3567/2113 2549/4291/2550
f 2550/4292/2551 1039/1711/1039 2552/4294/2553
f 2343/3951/2343 2122/3582/2122 2357/3971/2357
f 2446/4491/2447 2350/3961/2350 2556/4300/2557
f 1981/4302/1981 2662/4492/2663 2558/4303/2559
f 2557/4493/2558 2662/4492/2663 1981/4302/1981
f 2663/4494/2664 2224/4304/2224 2558/4303/2559
f 2562/4313/2563 1991/3371/1991 2350/3961/2350
f 2352/4495/2352 2664/4496/2665 2557/4493/2558
f 2557/4493/2558 2664/4496/2665 2662/4492/2663
f 2558/4303/2559 2662/4492/2663 2664/4496/2665
f 2665/4497/2666 2224/4140/2224 2663/4498/2664
f 2665/4497/2666 2666/4499/2667 2224/4140/2224
f 2666/4499/2667 2449/4138/2450 2224/4140/2224
f 2667/4500/2668 2351/4310/2351 2560/4309/2561
f 2667/4500/2668 2559/4501/2560 2351/4310/2351
f 2668/4502/2669 2356/3970/2356 2349/3960/2349
f 2228/3757/2228 2231/3762/2231 2669/4503/2670
f 2664/4496/2665 2352/4495/2352 2450/4504/2451
f 2232/4142/2232 2449/4138/2450 2666/4499/2667
f 2560/4309/2561 2355/4308/2355 2354/4505/2354
f 2668/4502/2669 2130/3597/2130 2356/3970/2356
f 2668/4502/2669 2670/4506/2671 2130/3597/2130
f 2344/4507/2344 2361/3981/2361 1999/3383/1999
f 2670/4506/2671 2131/3598/2131 2130/3597/2130
f 2561/4508/2562 1880/4319/1880 2566/4318/2567
f 2450/4509/2451 1883/4510/1883 2364/4511/2364
f 2671/4512/2672 2672/4513/2673 2358/4514/2358
f 2672/4513/2673 2236/4515/2236 2358/4514/2358
f 2231/3762/2231 2241/3774/2241 2669/4503/2670
f 2672/4513/2673 2563/4516/2564 2236/4515/2236
f 2670/4506/2671 1997/3381/1997 2131/3598/2131
f 2566/4517/2567 2567/4324/2568 2673/4518/2674
f 2674/4519/2675 2569/4322/2570 2239/3771/2239
f 2674/4519/2675 2239/3771/2239 2240/3772/2240
f 2240/4520/2240 1481/4521/1481 2675/4522/2676
f 2676/4523/2677 2134/3605/2134 2570/4524/2571
f 2455/4150/2456 2244/3778/2244 2576/4338/2577
f 2462/4335/2463 2003/3387/2003 2571/4325/2572
f 2673/4518/2674 2567/4324/2568 2574/4334/2575
f 2572/4333/2573 2677/4525/2678 2457/4153/2458
f 2677/4525/2678 2678/4526/2679 2457/4153/2458
f 2678/4526/2679 2144/3617/2144 2457/4153/2458
f 2454/4148/2455 2460/4156/2461 2461/4157/2462
f 2365/4527/2365 2679/4528/2680 2245/4529/2245
f 2676/4523/2677 2247/3782/2247 2134/3605/2134
f 2678/4526/2679 2580/4347/2581 2144/3617/2144
f 2579/4346/2580 2367/3996/2367 2680/4530/2681
f 2680/4530/2681 2367/3996/2367 2580/4347/2581
f 2580/4347/2581 2149/3627/2149 2144/3617/2144
f 2681/4531/2682 2242/3983/2242 2682/4532/2683
f 2363/3984/2363 2242/3983/2242 2681/4531/2682
f 2679/4533/2680 2681/4531/2682 2682/4532/2683
f 2679/4533/2680 2682/4532/2683 2582/4534/2583
f 2679/4528/2680 2582/4535/2583 2245/4529/2245
f 2242/3789/2242 2581/4348/2582 2682/4536/2683
f 2582/4349/2583 2682/4536/2683 2581/4348/2582
f 2676/4537/2677 2583/4352/2584 2247/4538/2247
f 2575/4337/2576 2254/3794/2254 2584/4354/2585
f 2256/3798/2256 2683/4539/2684 2371/4002/2371
f 2684/4540/2685 1774/4541/1774 1908/4542/1908
f 2683/4543/2684 1908/4542/1908 2371/4544/2371
f 2684/4540/2685 1908/4542/1908 2683/4543/2684
f 2370/4357/2370 2588/4359/2589 2267/3813/2267
f 2370/4357/2370 2267/3813/2267 2587/4358/2588
f 2685/4545/2686 2591/4546/2592 2686/4547/2687
f 2685/4548/2686 2592/4364/2593 2591/4363/2592
f 2591/4363/2592 2479/4179/2480 2686/4549/2687
f 2686/4549/2687 2479/4179/2480 2593/4365/2594
f 2592/4550/2593 2687/4551/2688 2594/4552/2595
f 2687/4551/2688 2595/4553/2596 2594/4552/2595
f 2598/4371/2599 2286/3853/2286 2285/3852/2285
f 2047/3457/2047 2046/3456/2046 2688/4554/2689
f 2689/4555/2690 1277/4556/1277 2394/4557/2394
f 2690/4558/2691 2045/4559/2045 2691/4560/2692
f 2691/4560/2692 2045/4559/2045 1792/4561/1792
f 2692/4562/2693 1277/4556/1277 2689/4555/2690
f 2692/4562/2693 2289/4563/2289 1277/4556/1277
f 2483/4564/2484 2171/3659/2171 2693/4565/2694
f 2694/4566/2695 1794/3859/1794 2290/3861/2290
f 2691/4567/2692 1792/3008/1792 2603/4380/2604
f 2049/4568/2049 1794/3859/1794 2694/4566/2695
f 2695/4569/2696 2048/3459/2048 2050/3461/2050
f 2603/4380/2604 2048/3459/2048 2695/4569/2696
f 2693/4565/2694 2171/3659/2171 2604/4381/2605
f 1791/3007/1791 2696/4570/2697 2291/3863/2291
f 2484/4186/2485 2168/3865/2168 2396/4040/2396
f 2484/4186/2485 2609/4571/2610 2170/3867/2170
f 2696/4570/2697 2295/4387/2295 2291/3863/2291
f 2697/4572/2698 2487/4573/2488 2292/4574/2292
f 2697/4575/2698 1923/3245/1923 2487/4190/2488
f 2698/4576/2699 2397/4391/2397 2488/4390/2489
f 2486/4577/2487 923/4578/923 2490/4579/2491
f 2699/4580/2700 2491/4581/2492 2294/4582/2294
f 2055/3876/2055 2297/3878/2297 2173/4583/2173
f 2700/4584/2701 2490/4194/2491 1101/1826/1101
f 2701/4585/2702 2492/4196/2493 2295/3874/2295
f 2608/4392/2609 2399/4043/2399 2702/4586/2703
f 2488/4587/2489 1924/3251/1924 2611/4395/2612
f 2609/4393/2610 2703/4588/2704 2176/3667/2176
f 2704/4589/2705 2297/4590/2297 2705/4591/2706
f 2706/4592/2707 2495/4199/2496 2496/4200/2497
f 2706/4592/2707 2610/4394/2611 2495/4199/2496
f 2705/4593/2706 2297/3878/2297 2401/4048/2401
f 2706/4592/2707 2496/4200/2497 2612/4397/2613
f 2300/3881/2300 2493/4197/2494 2707/4594/2708
f 2401/4048/2401 2403/4050/2403 2708/4595/2709
f 2624/4596/2625 2060/3478/2060 2610/4394/2611
f 2497/4201/2498 2709/4597/2710 2403/4050/2403
f 2708/4595/2709 2403/4050/2403 2709/4597/2710
f 2709/4597/2710 2497/4201/2498 2710/4598/2711
f 2624/4596/2625 2181/4599/2181 2060/3478/2060
f 2710/4598/2711 2497/4201/2498 2711/4600/2712
f 2711/4600/2712 2497/4201/2498 2404/4055/2404
f 2703/4588/2704 2406/4058/2406 2176/3667/2176
f 2296/3875/2296 2500/4205/2501 1933/3263/1933
f 2498/4203/2499 2615/4400/2616 2303/3886/2303
f 2712/4601/2713 2059/4602/2059 2408/4603/2408
f 2713/4604/2714 2062/3481/2062 2406/4058/2406
f 2713/4605/2714 2621/4415/2622 2062/3893/2062
f 2615/4400/2616 2409/4064/2409 2063/3482/2063
f 2619/4412/2620 2307/3892/2307 2504/4209/2505
f 2619/4412/2620 2504/4209/2505 2626/4424/2627
f 2714/4606/2715 2616/4405/2617 2508/4417/2509
f 2621/4415/2622 2631/4607/2632 2308/3894/2308
f 2511/4218/2512 2180/4217/2180 2622/4608/2623
f 2177/3668/2177 1317/4609/1317 801/1324/801
f 2410/4066/2410 2514/4230/2515 2626/4424/2627
f 2626/4424/2627 2514/4230/2515 2715/4610/2716
f 2715/4611/2716 2514/4240/2515 2634/4437/2635
f 2505/4430/2506 2716/4612/2717 2516/4233/2517
f 2635/4613/2636 2083/4614/2083 2520/4615/2521
f 2716/4612/2717 2319/3914/2319 2516/4233/2517
f 2521/4245/2522 2319/3914/2319 2716/4612/2717
f 2717/4616/2718 2520/4244/2521 2419/4079/2419
f 2196/3701/2196 2717/4616/2718 2419/4079/2419
f 2718/4617/2719 2523/4248/2524 2524/4250/2525
f 2718/4617/2719 2524/4250/2525 2417/4077/2417
f 1965/3314/1965 2311/3901/2311 834/1389/834
f 2719/4618/2720 2418/4078/2418 2527/4254/2528
f 2719/4618/2720 2527/4254/2528 2421/4619/2421
f 2421/4081/2421 2318/3913/2318 2720/4620/2721
f 2527/4447/2528 2637/4621/2638 2638/4445/2639
f 2414/4226/2414 2721/4622/2722 2722/4623/2723
f 2424/4085/2425 2723/4624/2724 2325/3923/2325
f 2196/3701/2196 2322/3920/2322 2724/4625/2725
f 2414/4226/2414 2534/4626/2535 2721/4622/2722
f 2207/4627/2207 2725/4628/2726 2431/4100/2432
f 2207/4627/2207 2726/4629/2727 2725/4628/2726
f 2431/4100/2432 2725/4628/2726 2532/4265/2533
f 2425/4086/2426 2330/3930/2330 2727/4630/2728
f 2721/4631/2722 2534/4464/2535 2728/4632/2729
f 1846/4633/1846 2729/4634/2730 2640/4635/2641
f 2205/3713/2205 2730/4636/2731 2328/3928/2328
f 2426/4088/2427 2731/4637/2732 2327/3925/2327
f 2102/3547/2102 2432/4099/2433 2536/4270/2537
f 2433/4461/2434 2729/4638/2730 1846/3101/1846
f 2731/4637/2732 2647/4462/2648 2327/3925/2327
f 2728/4632/2729 2534/4464/2535 2732/4639/2733
f 2534/4464/2535 2648/4463/2649 2732/4639/2733
f 2648/4463/2649 2649/4466/2650 2733/4640/2734
f 2650/4467/2651 2540/4277/2541 2734/4641/2735
f 2734/4641/2735 2651/4468/2652 2650/4467/2651
f 2334/3935/2334 2735/4642/2736 2436/4108/2437
f 2655/4473/2656 2736/4643/2737 2654/4472/2655
f 2657/4644/2658 2737/4645/2738 2539/4476/2540
f 2539/4476/2540 2737/4645/2738 2649/4466/2650
f 2738/4646/2739 2438/4114/2439 2211/3726/2211
f 2440/4120/2441 2542/4280/2543 2544/4647/2545
f 2212/4648/2212 2660/4482/2661 2336/4484/2336
f 2545/4649/2546 2739/4650/2740 2213/4282/2213
f 2544/4285/2545 2740/4651/2741 2661/4488/2662
f 2442/4121/2443 2546/4288/2547 2542/4280/2543
f 2542/4280/2543 2546/4288/2547 2741/4652/2742
f 2444/4126/2445 2548/4290/2549 2546/4288/2547
f 2661/4653/2662 2742/4654/2743 2216/3737/2216
f 2547/4289/2548 2549/4291/2550 2743/4655/2744
f 2548/4290/2549 2342/3950/2342 2744/4656/2745
f 2742/4654/2743 2114/3568/2114 2216/3737/2216
f 2342/3950/2342 2445/4130/2446 2745/4657/2746
f 2746/4658/2747 2218/3948/2218 2551/4293/2552
f 2343/3951/2343 2747/4659/2748 2748/4660/2749
f 2745/4657/2746 2445/4130/2446 2348/4661/2348
f 2746/4658/2747 2344/4662/2344 2218/3948/2218
f 2114/4134/2114 2749/4663/2750 1737/4135/1737
f 2343/3951/2343 2357/3971/2357 2747/4659/2748
f 2555/4297/2556 2228/4299/2228 2750/4664/2751
f 2750/4665/2751 2228/4666/2228 2751/4667/2752
f 2446/4491/2447 2752/4668/2753 2350/3961/2350
f 2747/4659/2748 2357/3971/2357 2753/4669/2754
f 2348/3959/2348 2347/3958/2347 2745/4670/2746
f 2752/4668/2753 2562/4313/2563 2350/3961/2350
f 2558/4303/2559 2754/4671/2755 2755/4672/2756
f 2558/4303/2559 2664/4496/2665 2754/4671/2755
f 2558/4303/2559 2755/4672/2756 2756/4673/2757
f 2558/4303/2559 2756/4673/2757 2663/4494/2664
f 2665/4497/2666 2757/4674/2758 2666/4499/2667
f 2559/4307/2560 2758/4675/2759 2349/3960/2349
f 2559/4307/2560 2759/4676/2760 2758/4675/2759
f 2758/4675/2759 2668/4502/2669 2349/3960/2349
f 2228/3757/2228 2669/4503/2670 2751/4677/2752
f 2757/4674/2758 2232/4142/2232 2666/4499/2667
f 2749/4678/2750 2238/3770/2238 1737/2907/1737
f 2561/4508/2562 2671/4512/2672 2358/4514/2358
f 2234/4679/2234 2232/4142/2232 2570/4680/2571
f 2760/4681/2761 2347/3958/2347 2565/4682/2566
f 2238/3770/2238 2761/4683/2762 2137/3608/2137
f 2452/4146/2453 2237/3768/2237 2762/4684/2763
f 2357/4315/2357 2569/4322/2570 2763/4685/2764
f 1997/3609/1997 2670/4686/2671 2454/4148/2455
f 2241/3774/2241 2363/4687/2363 2669/4503/2670
f 2566/4318/2567 2673/4688/2674 2764/4689/2765
f 2563/4314/2564 2765/4690/2766 2568/4321/2569
f 2569/4322/2570 2766/4691/2767 2763/4685/2764
f 2766/4691/2767 2569/4322/2570 2674/4519/2675
f 2361/4692/2361 2767/4693/2768 2571/4694/2572
f 2761/4683/2762 2768/4695/2769 2137/3608/2137
f 1482/2472/1482 2675/4696/2676 1481/2471/1481
f 2769/4697/2770 2140/3613/2140 2456/4152/2457
f 2455/4150/2456 2576/4338/2577 2565/4317/2566
f 2565/4317/2566 2576/4338/2577 2770/4698/2771
f 2771/4699/2772 816/1459/816 1261/2099/1261
f 2137/4700/2137 2772/4701/2773 2142/3615/2142
f 2456/4702/2457 2458/4339/2459 2773/4703/2774
f 2773/4703/2774 2458/4339/2459 2577/4341/2578
f 2574/4334/2575 2459/4155/2460 2774/4704/2775
f 2578/4342/2579 2775/4705/2776 2577/4341/2578
f 2365/3990/2365 2776/4706/2777 2679/4707/2680
f 2460/4156/2461 2775/4708/2776 2578/4343/2579
f 2680/4530/2681 2777/4709/2778 2579/4346/2580
f 2580/4347/2581 2778/4710/2779 2680/4530/2681
f 2576/4338/2577 2575/4337/2576 2779/4711/2780
f 2141/4350/2141 2583/4352/2584 2780/4712/2781
f 2780/4712/2781 2583/4352/2584 2676/4537/2677
f 2462/4158/2463 2781/4713/2782 2248/3784/2248
f 2772/4701/2773 2256/3798/2256 2142/3615/2142
f 2781/4713/2782 2463/4159/2464 2248/3784/2248
f 2584/4354/2585 2782/4714/2783 2575/4337/2576
f 2584/4354/2585 2585/4355/2586 2782/4714/2783
f 2783/4715/2784 2683/4539/2684 2256/3798/2256
f 2585/4716/2586 2372/4006/2372 2782/4717/2783
f 2784/4718/2785 1633/3999/1633 2255/3796/2255
f 2785/4719/2786 2370/4720/2370 2369/4161/2369
f 2586/4356/2587 2786/4721/2787 1909/3221/1909
f 2588/4359/2589 2787/4722/2788 2586/4360/2587
f 2372/4006/2372 2273/3824/2273 2782/4717/2783
f 2788/4723/2789 2789/4724/2790 2790/4725/2791
f 2789/4724/2790 2791/4726/2792 2790/4725/2791
f 2790/4725/2791 2791/4726/2792 2686/4547/2687
f 2789/4724/2790 2792/4727/2793 2791/4726/2792
f 2273/3824/2273 2478/4728/2479 2793/4729/2794
f 2791/4726/2792 2685/4545/2686 2686/4547/2687
f 2791/4726/2792 2792/4727/2793 2685/4545/2686
f 2685/4545/2686 2792/4727/2793 2592/4550/2593
f 2792/4727/2793 2687/4551/2688 2592/4550/2593
f 2593/4730/2594 2595/4731/2596 2794/4732/2795
f 2687/4551/2688 2795/4733/2796 2595/4553/2596
f 2595/4731/2596 2796/4734/2797 2794/4732/2795
f 2595/4731/2596 2795/4735/2796 2796/4734/2797
f 2596/4369/2597 2797/4736/2798 2478/4178/2479
f 2596/4369/2597 2597/4370/2598 2797/4736/2798
f 2597/4370/2598 2598/4371/2599 2797/4736/2798
f 2285/3852/2285 2798/4737/2799 2598/4371/2599
f 2287/4738/2287 2799/4739/2800 2599/4374/2600
f 1649/2768/1649 2042/3452/2042 2601/4377/2602
f 2044/3454/2044 2800/4740/2801 2394/4037/2394
f 2047/3457/2047 2688/4554/2689 2801/4741/2802
f 2394/4557/2394 2800/4742/2801 2689/4555/2690
f 2046/3456/2046 2602/4379/2603 2688/4554/2689
f 2802/4743/2803 2395/4038/2395 1789/3004/1789
f 2803/4744/2804 2692/4562/2693 2689/4555/2690
f 2395/4038/2395 2802/4743/2803 1506/2517/1506
f 1506/4745/1506 2804/4746/2805 1508/4747/1508
f 2691/4567/2692 2603/4380/2604 2695/4569/2696
f 2289/3858/2289 2692/4748/2693 1791/3007/1791
f 2694/4566/2695 2805/4749/2806 2049/4568/2049
f 2693/4565/2694 2604/4381/2605 2806/4750/2807
f 2805/4749/2806 2053/4751/2053 2049/4568/2049
f 2606/4752/2607 2807/4753/2808 2398/4754/2398
f 2807/4753/2808 2172/4755/2172 2398/4754/2398
f 2697/4572/2698 2292/4574/2292 2808/4756/2809
f 2697/4572/2698 2607/4757/2608 1923/4758/1923
f 2292/4574/2292 2400/4047/2400 2808/4756/2809
f 1517/2532/1517 2699/4759/2700 2294/3872/2294
f 2809/4760/2810 2701/4585/2702 2295/3874/2295
f 2608/4392/2609 2702/4586/2703 2810/4761/2811
f 2702/4586/2703 2399/4043/2399 2810/4761/2811
f 2613/4398/2614 2810/4762/2811 2399/4056/2399
f 1676/2809/1676 2811/4763/2812 1101/1826/1101
f 2610/4394/2611 2812/4764/2813 2813/4765/2814
f 2610/4394/2611 2706/4592/2707 2812/4764/2813
f 2701/4585/2702 2493/4197/2494 2492/4196/2493
f 2706/4592/2707 2612/4397/2613 2812/4764/2813
f 2401/4048/2401 2708/4595/2709 2705/4593/2706
f 2400/4047/2400 2059/4046/2059 2814/4766/2815
f 2300/3881/2300 2815/4767/2816 2301/3882/2301
f 2613/4398/2614 2614/4399/2615 2816/4768/2817
f 2301/3882/2301 2815/4767/2816 2178/3885/2178
f 2703/4588/2704 2817/4769/2818 2406/4058/2406
f 2818/4770/2819 2404/4055/2404 2617/4771/2618
f 2711/4600/2712 2404/4055/2404 2818/4770/2819
f 2182/4772/2182 1809/3034/1809 1680/2819/1680
f 2814/4773/2815 2059/4602/2059 2712/4601/2713
f 2408/4603/2408 2619/4774/2620 2712/4601/2713
f 2714/4606/2715 2818/4775/2819 2616/4405/2617
f 2818/4775/2819 2617/4407/2618 2616/4405/2617
f 2819/4776/2820 2505/4210/2506 2409/4064/2409
f 2819/4776/2820 2820/4777/2821 2505/4210/2506
f 2310/3897/2310 2627/4425/2628 2821/4778/2822
f 2310/3897/2310 2411/4067/2411 2627/4425/2628
f 2182/4772/2182 2822/4779/2823 1809/3034/1809
f 2714/4606/2715 2508/4417/2509 2823/4780/2824
f 2508/4214/2509 2625/4423/2626 2823/4781/2824
f 2625/4423/2626 2824/4782/2825 2823/4781/2824
f 2625/4423/2626 2628/4426/2629 2824/4782/2825
f 2824/4782/2825 2628/4426/2629 2825/4783/2826
f 2826/4784/2827 2631/4607/2632 2621/4415/2622
f 2503/4785/2504 2827/4786/2828 2629/4787/2630
f 2828/4788/2829 2511/4218/2512 2622/4608/2623
f 2510/4216/2511 2825/4783/2826 2628/4426/2629
f 2827/4789/2828 2630/4428/2631 2629/4427/2630
f 2630/4428/2631 2829/4790/2830 2506/4211/2507
f 2623/4418/2624 2506/4211/2507 2829/4790/2830
f 2513/4791/2514 2632/4792/2633 2830/4793/2831
f 2831/4794/2832 2626/4795/2627 2715/4796/2716
f 2510/4216/2511 2832/4797/2833 2825/4783/2826
f 2833/4798/2834 2822/4799/2823 2311/3901/2311
f 2822/4799/2823 2182/3680/2182 2311/3901/2311
f 2515/4231/2516 2834/4800/2835 2413/4232/2413
f 2835/4801/2836 2412/4249/2412 2836/4802/2837
f 2510/4216/2511 2414/4226/2414 2832/4797/2833
f 2517/4803/2518 1833/4804/1833 2837/4805/2838
f 1839/3310/1839 2521/4245/2522 2636/4806/2637
f 2412/4249/2412 2523/4248/2524 2836/4802/2837
f 2523/4248/2524 2718/4617/2719 2836/4802/2837
f 2718/4807/2719 2417/4808/2417 2838/4809/2839
f 2414/4226/2414 2722/4623/2723 2832/4797/2833
f 2190/3693/2190 2528/4256/2529 2839/4810/2840
f 1965/4811/1965 2840/4812/2841 2311/4813/2311
f 2719/4814/2720 2421/4815/2421 2638/4448/2639
f 2638/4816/2639 2841/4817/2842 2719/4818/2720
f 2421/4815/2421 2842/4819/2843 2638/4448/2639
f 2720/4820/2721 2842/4819/2843 2421/4815/2421
f 1965/4811/1965 2843/4821/2844 2840/4812/2841
f 2638/4816/2639 2637/4822/2638 2841/4817/2842
f 2638/4448/2639 2842/4819/2843 2639/4451/2640
f 2424/4823/2425 2844/4824/2845 2723/4825/2724
f 2425/4086/2426 2845/4826/2846 2529/4257/2530
f 2322/3920/2322 2846/4827/2847 2724/4625/2725
f 2322/4828/2322 2640/4635/2641 2846/4829/2847
f 2207/3718/2207 2847/4830/2848 2726/4831/2727
f 2726/4629/2727 2847/4832/2848 2725/4628/2726
f 2728/4632/2729 2848/4833/2849 2721/4631/2722
f 2535/4268/2536 2847/4830/2848 2207/3718/2207
f 2535/4268/2536 2849/4834/2850 2847/4830/2848
f 2725/4628/2726 2644/4458/2645 2532/4265/2533
f 2642/4456/2643 2850/4835/2851 2208/3927/2208
f 2333/4102/2333 2643/4457/2644 2095/3538/2095
f 2644/4458/2645 2645/4459/2646 1540/2576/1540
f 1965/4269/1965 2105/3553/2105 2843/4836/2844
f 2208/3720/2208 2850/4837/2851 2646/4460/2647
f 2332/3933/2332 2851/4838/2852 2333/3934/2333
f 2332/3933/2332 2646/4460/2647 2851/4838/2852
f 2434/4104/2435 2647/4462/2648 2735/4642/2736
f 2733/4640/2734 2732/4639/2733 2648/4463/2649
f 2434/4104/2435 2735/4642/2736 2334/3935/2334
f 2658/4477/2659 2736/4643/2737 2655/4473/2656
f 2736/4643/2737 2852/4839/2853 2654/4472/2655
f 2733/4640/2734 2649/4466/2650 2853/4840/2854
f 2735/4642/2736 2540/4841/2541 2436/4108/2437
f 2651/4468/2652 2854/4842/2855 2652/4469/2653
f 2652/4469/2653 2854/4842/2855 2653/4470/2654
f 2656/4474/2657 2654/4472/2655 2852/4839/2853
f 2656/4474/2657 2852/4839/2853 2657/4475/2658
f 2657/4644/2658 2852/4843/2853 2737/4645/2738
f 2737/4645/2738 2853/4840/2854 2649/4466/2650
f 2737/4645/2738 2852/4843/2853 2853/4840/2854
f 2105/3553/2105 2210/3725/2210 2843/4836/2844
f 835/1393/835 2855/4844/2856 2210/3725/2210
f 1848/3106/1848 2856/4845/2857 2211/3726/2211
f 2439/4115/2440 2855/4844/2856 835/1393/835
f 2543/4481/2544 2857/4846/2858 2337/4479/2337
f 2544/4647/2545 2741/4652/2742 2740/4847/2741
f 2544/4647/2545 2542/4280/2543 2741/4652/2742
f 2212/4848/2212 2858/4849/2859 2660/4850/2661
f 2212/4283/2212 2739/4650/2740 2858/4851/2859
f 2213/4282/2213 2739/4650/2740 2212/4283/2212
f 2545/4649/2546 2859/4852/2860 2739/4650/2740
f 2545/4287/2546 2338/3942/2338 2859/4853/2860
f 2443/4123/2444 2659/4854/2660 2340/4124/2340
f 2215/3735/2215 2860/4855/2861 2338/3942/2338
f 2546/4288/2547 2548/4290/2549 2744/4656/2745
f 2340/4124/2340 2861/4856/2862 2112/3947/2112
f 2547/4289/2548 2862/4857/2863 2215/3736/2215
f 2215/3735/2215 2862/4858/2863 2860/4855/2861
f 2861/4856/2862 2863/4859/2864 2112/3947/2112
f 2547/4289/2548 2743/4655/2744 2862/4857/2863
f 2112/3947/2112 2863/4859/2864 2551/4293/2552
f 2549/4291/2550 2748/4660/2749 2743/4655/2744
f 2551/4293/2552 2863/4859/2864 2746/4658/2747
f 2342/3950/2342 2745/4657/2746 2744/4656/2745
f 2343/3951/2343 2748/4660/2749 2549/4291/2550
f 2114/4134/2114 2742/4860/2743 2749/4663/2750
f 1720/3342/1720 2864/4861/2865 1142/4862/1142
f 2746/4658/2747 2865/4863/2866 2344/4662/2344
f 2750/4664/2751 2866/4864/2867 2555/4297/2556
f 2555/4865/2556 2866/4866/2867 2867/4867/2868
f 2555/4865/2556 2867/4867/2868 2446/4868/2447
f 2446/4868/2447 2867/4867/2868 2868/4869/2869
f 2750/4665/2751 2869/4870/2870 2866/4871/2867
f 2750/4665/2751 2751/4667/2752 2869/4870/2870
f 2446/4868/2447 2868/4869/2869 2752/4872/2753
f 2745/4670/2746 2347/3958/2347 2760/4681/2761
f 2353/3966/2353 2870/4873/2871 2553/4305/2554
f 2562/4313/2563 2752/4668/2753 2871/4874/2872
f 2755/4672/2756 2754/4671/2755 2756/4673/2757
f 2663/4498/2664 2872/4875/2873 2665/4497/2666
f 2665/4497/2666 2872/4875/2873 2757/4674/2758
f 2559/4307/2560 2667/4876/2668 2873/4877/2874
f 2559/4307/2560 2873/4877/2874 2759/4676/2760
f 2664/4496/2665 2450/4504/2451 2754/4671/2755
f 2357/3971/2357 2763/4878/2764 2753/4669/2754
f 2865/4863/2866 2767/4879/2768 2344/4662/2344
f 2354/4505/2354 2874/4880/2875 2560/4309/2561
f 2749/4678/2750 2761/4683/2762 2238/3770/2238
f 2344/4507/2344 2767/4881/2768 2361/3981/2361
f 2354/4312/2354 2452/4145/2453 2874/4882/2875
f 2561/4508/2562 2764/4689/2765 2875/4883/2876
f 2566/4318/2567 2764/4689/2765 2561/4508/2562
f 2561/4508/2562 2875/4883/2876 2671/4512/2672
f 2671/4512/2672 2876/4884/2877 2672/4513/2673
f 2762/4684/2763 2874/4885/2875 2452/4146/2453
f 2562/4313/2563 2871/4874/2872 2365/3990/2365
f 2672/4513/2673 2876/4884/2877 2563/4516/2564
f 2564/4316/2565 2877/4886/2878 2353/3966/2353
f 2871/4874/2872 2776/4706/2777 2365/3990/2365
f 2673/4518/2674 2774/4704/2775 2764/4887/2765
f 2140/4888/2140 2762/4889/2763 2237/4890/2237
f 2767/4693/2768 2462/4891/2463 2571/4694/2572
f 2140/4888/2140 2769/4892/2770 2762/4889/2763
f 2564/4316/2565 2243/3777/2243 2877/4886/2878
f 2364/4893/2364 2878/4894/2879 2879/4895/2880
f 1482/4896/1482 2573/4897/2574 2675/4898/2676
f 816/4899/816 2771/4900/2772 2573/4901/2574
f 2364/4893/2364 2141/4350/2141 2878/4894/2879
f 2673/4518/2674 2574/4334/2575 2774/4704/2775
f 2137/3608/2137 2768/4695/2769 2772/4902/2773
f 2779/4711/2780 2770/4698/2771 2576/4338/2577
f 898/3184/898 2360/3987/2360 2880/4903/2881
f 2577/4341/2578 2775/4705/2776 2881/4904/2882
f 2678/4526/2679 2778/4710/2779 2580/4347/2581
f 2459/4905/2460 2777/4906/2778 2774/4907/2775
f 2579/4346/2580 2777/4709/2778 2459/4908/2460
f 2680/4530/2681 2778/4710/2779 2777/4709/2778
f 2363/3984/2363 2681/4531/2682 2882/4909/2883
f 2882/4909/2883 2883/4910/2884 2363/3984/2363
f 2363/3984/2363 2883/4910/2884 2884/4911/2885
f 2681/4531/2682 2885/4912/2886 2882/4909/2883
f 2679/4533/2680 2885/4912/2886 2681/4531/2682
f 2141/4350/2141 2780/4712/2781 2878/4894/2879
f 2676/4537/2677 2886/4913/2887 2780/4712/2781
f 2575/4337/2576 2782/4714/2783 2779/4711/2780
f 2463/4160/2464 2887/4914/2888 2369/4161/2369
f 2463/4160/2464 2781/4915/2782 2887/4914/2888
f 2369/4161/2369 2887/4914/2888 2785/4719/2786
f 2683/4543/2684 2783/4916/2784 2684/4540/2685
f 2786/4721/2787 1265/2108/1265 1909/3221/1909
f 2586/4917/2587 2888/4918/2889 2786/4919/2787
f 2586/4920/2587 2787/4921/2788 2888/4922/2889
f 2370/4720/2370 2785/4719/2786 2588/4923/2589
f 2588/4923/2589 2785/4719/2786 2787/4921/2788
f 2782/4717/2783 2273/3824/2273 2889/4924/2890
f 2890/4925/2891 2891/4926/2892 2892/4927/2893
f 2890/4925/2891 2893/4928/2894 2891/4926/2892
f 2788/4723/2789 2892/4927/2893 2891/4926/2892
f 2891/4926/2892 2893/4928/2894 2788/4723/2789
f 2788/4723/2789 2790/4725/2791 2892/4927/2893
f 2788/4723/2789 2893/4928/2894 2789/4724/2790
f 2273/3824/2273 2793/4729/2794 2889/4924/2890
f 2790/4725/2791 2686/4547/2687 2892/4927/2893
f 2789/4724/2790 2893/4928/2894 2792/4727/2793
f 2686/4929/2687 2794/4732/2795 2892/4930/2893
f 2893/4928/2894 2795/4733/2796 2792/4727/2793
f 2686/4929/2687 2593/4730/2594 2794/4732/2795
f 2792/4727/2793 2795/4733/2796 2687/4551/2688
f 2794/4732/2795 2796/4734/2797 2894/4931/2895
f 2796/4734/2797 2895/4932/2896 2894/4931/2895
f 2795/4735/2796 2895/4932/2896 2796/4734/2797
f 2478/4178/2479 2797/4736/2798 2793/4933/2794
f 2896/4934/2897 2797/4736/2798 2598/4371/2599
f 2896/4934/2897 2598/4371/2599 2798/4737/2799
f 2897/4935/2898 1273/4936/1273 1916/4937/1916
f 2799/4739/2800 2287/4738/2287 1273/4938/1273
f 2600/4375/2601 2599/4374/2600 2799/4739/2800
f 2601/4377/2602 2802/4743/2803 1789/3004/1789
f 2803/4744/2804 2689/4555/2690 2800/4742/2801
f 2801/4741/2802 2688/4554/2689 2602/4379/2603
f 2898/4939/2899 1506/4745/1506 2802/4940/2803
f 2690/4558/2691 2691/4560/2692 2899/4941/2900
f 2804/4746/2805 1793/4942/1793 1508/4747/1508
f 2695/4943/2696 2899/4944/2900 2691/4945/2692
f 2900/4946/2901 2695/4569/2696 2050/3461/2050
f 2050/3461/2050 2173/3662/2173 2900/4946/2901
f 2692/4748/2693 2696/4570/2697 1791/3007/1791
f 2605/4947/2606 2901/4948/2902 885/3864/885
f 2902/4949/2903 2484/4186/2485 2396/4040/2396
f 2902/4949/2903 2609/4571/2610 2484/4186/2485
f 2903/4950/2904 2397/4391/2397 2904/4951/2905
f 2903/4950/2904 2485/4952/2486 2397/4391/2397
f 2905/4953/2906 2606/4752/2607 2485/4952/2486
f 2903/4950/2904 2905/4953/2906 2485/4952/2486
f 2905/4953/2906 2807/4753/2808 2606/4752/2607
f 2904/4951/2905 2397/4391/2397 2698/4576/2699
f 2607/4954/2608 2699/4580/2700 1517/4955/1517
f 2699/4580/2700 2906/4956/2907 2491/4581/2492
f 2809/4957/2810 2295/4387/2295 2696/4570/2697
f 2810/4761/2811 2806/4750/2807 2604/4381/2605
f 2700/4958/2701 2486/4577/2487 2490/4579/2491
f 2810/4761/2811 2604/4381/2605 2608/4392/2609
f 2807/4959/2808 2296/3875/2296 2172/3660/2172
f 2811/4763/2812 2700/4584/2701 1101/1826/1101
f 2809/4760/2810 2907/4960/2908 2701/4585/2702
f 2907/4960/2908 2493/4197/2494 2701/4585/2702
f 2491/4581/2492 2498/4961/2499 2298/4962/2298
f 2907/4960/2908 2707/4594/2708 2493/4197/2494
f 2810/4762/2811 2613/4398/2614 2816/4768/2817
f 2907/4960/2908 2908/4963/2909 2707/4594/2708
f 2908/4963/2909 2300/3881/2300 2707/4594/2708
f 2908/4963/2909 2815/4767/2816 2300/3881/2300
f 2909/4964/2910 2705/4593/2706 2708/4595/2709
f 2910/4965/2911 1676/2809/1676 1809/3034/1809
f 2708/4595/2709 2709/4597/2710 2909/4964/2910
f 2611/4396/2612 2407/4059/2407 2911/4966/2912
f 2710/4598/2711 2711/4600/2712 2909/4964/2910
f 2909/4964/2910 2709/4597/2710 2710/4598/2711
f 2612/4397/2613 2499/4204/2500 2912/4967/2913
f 2711/4600/2712 2818/4770/2819 2909/4964/2910
f 2913/4968/2914 2500/4205/2501 2296/3875/2296
f 2817/4769/2818 2713/4604/2714 2406/4058/2406
f 2914/4969/2915 2305/3890/2305 2618/4411/2619
f 2915/4970/2916 2501/4206/2502 2500/4205/2501
f 2912/4971/2913 2499/4402/2500 2620/4414/2621
f 2916/4972/2917 2618/4410/2619 2502/4409/2503
f 2917/4973/2918 2918/4974/2919 2619/4975/2620
f 2918/4974/2919 2712/4976/2713 2619/4975/2620
f 2919/4977/2920 2409/4064/2409 2615/4400/2616
f 2821/4978/2822 2620/4414/2621 2310/4413/2310
f 2818/4775/2819 2714/4606/2715 2920/4979/2921
f 2921/4980/2922 2503/4208/2504 2178/3669/2178
f 2816/4768/2817 2614/4399/2615 2922/4981/2923
f 2502/4409/2503 2513/4791/2514 2916/4972/2917
f 2923/4982/2924 2622/4416/2623 2501/4206/2502
f 2619/4975/2620 2626/4795/2627 2924/4983/2925
f 2920/4984/2921 2823/4781/2824 2925/4985/2926
f 2714/4606/2715 2823/4780/2824 2920/4979/2921
f 2925/4985/2926 2823/4781/2824 2824/4782/2825
f 2614/4399/2615 2623/4418/2624 2922/4981/2923
f 2828/4788/2829 2622/4608/2623 2923/4986/2924
f 2924/4983/2925 2626/4795/2627 2831/4794/2832
f 2925/4985/2926 2824/4782/2825 2926/4987/2927
f 2824/4782/2825 2825/4783/2826 2926/4987/2927
f 2922/4981/2923 2623/4418/2624 2829/4790/2830
f 2716/4988/2717 2505/4210/2506 2820/4777/2821
f 2835/4989/2836 2627/4425/2628 2412/4068/2412
f 2922/4981/2923 2829/4790/2830 2827/4789/2828
f 2827/4789/2828 2829/4790/2830 2630/4428/2631
f 2825/4783/2826 2832/4797/2833 2926/4987/2927
f 2826/4990/2827 2515/4991/2516 2631/4992/2632
f 2715/4796/2716 2927/4993/2928 2831/4794/2832
f 2837/4805/2838 2632/4994/2633 2517/4803/2518
f 2928/4995/2929 2633/4436/2634 2511/4218/2512
f 2928/4995/2929 2511/4218/2512 2828/4788/2829
f 2928/4995/2929 2519/4441/2520 2633/4436/2634
f 2929/4996/2930 2836/4802/2837 2718/4617/2719
f 2930/4997/2931 2084/3518/2084 2418/4078/2418
f 2931/4998/2932 2420/4999/2420 2636/5000/2637
f 2722/4623/2723 2932/5001/2933 2832/4797/2833
f 2311/4813/2311 2840/4812/2841 2833/5002/2834
f 2930/5003/2931 2418/5004/2418 2933/5005/2934
f 2933/5005/2934 2418/5004/2418 2719/4818/2720
f 2934/5006/2935 2720/5007/2721 2318/5008/2318
f 2934/5006/2935 2318/5008/2318 2935/5009/2936
f 2844/5010/2845 2424/4085/2425 2420/4080/2420
f 2839/4810/2840 2528/4256/2529 2936/5011/2937
f 2719/4818/2720 2841/4817/2842 2933/5005/2934
f 2934/5006/2935 2842/5012/2843 2720/5007/2721
f 2934/5006/2935 2937/5013/2938 2842/5012/2843
f 2717/4616/2718 2196/3701/2196 2724/4625/2725
f 2528/4256/2529 2529/4257/2530 2936/5011/2937
f 2526/4253/2527 2938/5014/2939 2422/4082/2422
f 2933/5005/2934 2841/4817/2842 2637/4822/2638
f 2933/5015/2934 2637/4444/2638 2324/3922/2324
f 2937/5013/2938 2639/5016/2640 2842/5012/2843
f 2938/5014/2939 2199/3707/2199 2422/4082/2422
f 2721/4622/2722 2932/5001/2933 2722/4623/2723
f 2939/5017/2940 2323/5018/2323 2639/5016/2640
f 2940/5019/2941 2325/4089/2325 2723/5020/2724
f 2845/4826/2846 2425/4086/2426 2941/5021/2942
f 2427/4090/2428 2325/4089/2325 2940/5019/2941
f 2941/5021/2942 2425/4086/2426 2727/4630/2728
f 2942/5022/2943 2324/3922/2324 2643/4457/2644
f 2943/5023/2944 2535/4268/2536 2641/4455/2642
f 2943/5023/2944 2849/4834/2850 2535/4268/2536
f 2849/4834/2850 2944/5024/2945 2847/4830/2848
f 2721/4631/2722 2848/4833/2849 2932/5025/2933
f 2330/3930/2330 2645/4459/2646 2727/4630/2728
f 2727/4630/2728 2645/4459/2646 2945/5026/2946
f 2946/5027/2947 2645/4459/2646 2644/4458/2645
f 2947/5028/2948 2646/5029/2647 2850/5030/2851
f 2851/5031/2852 2643/5032/2644 2333/5033/2333
f 2728/4632/2729 2948/5034/2949 2848/4833/2849
f 2947/5028/2948 2851/5035/2852 2646/5029/2647
f 2432/4262/2433 2949/5036/2950 2536/5037/2537
f 2949/5036/2950 2433/5038/2434 2536/5037/2537
f 2732/4639/2733 2948/5034/2949 2728/4632/2729
f 2950/5039/2951 2735/4642/2736 2647/4462/2648
f 2733/4640/2734 2951/5040/2952 2948/5034/2949
f 2733/4640/2734 2948/5034/2949 2732/4639/2733
f 2952/5041/2953 2734/4641/2735 2540/4277/2541
f 2952/5041/2953 2854/4842/2855 2734/4641/2735
f 2854/4842/2855 2651/4468/2652 2734/4641/2735
f 2537/4272/2538 2653/4471/2654 2658/4477/2659
f 2736/4643/2737 2658/4477/2659 2653/4471/2654
f 2853/4840/2854 2852/4843/2853 2951/5040/2952
f 2853/4840/2854 2951/5040/2952 2733/4640/2734
f 2953/5042/2954 2335/3936/2335 1541/2578/1541
f 2953/5042/2954 2437/4112/2438 2335/3936/2335
f 2856/4845/2857 2738/4646/2739 2211/3726/2211
f 2855/4844/2856 2439/4115/2440 2954/5043/2955
f 2954/5043/2955 2439/4115/2440 2541/4279/2542
f 2954/5043/2955 2541/4279/2542 2438/4114/2439
f 2955/5044/2956 2660/5045/2661 2858/5046/2859
f 2956/5047/2957 2740/4847/2741 2957/5048/2958
f 2740/4847/2741 2741/4652/2742 2957/5048/2958
f 2661/4488/2662 2740/4651/2741 2958/5049/2959
f 2956/5047/2957 2958/5050/2959 2740/4847/2741
f 2957/5048/2958 2741/4652/2742 2744/4656/2745
f 2546/4288/2547 2744/4656/2745 2741/4652/2742
f 2958/5049/2959 2742/5051/2743 2661/4488/2662
f 2340/4124/2340 2959/5052/2960 2861/4856/2862
f 2960/5053/2961 2863/4859/2864 2861/4856/2862
f 2961/5054/2962 2743/4655/2744 2748/4660/2749
f 2864/4861/2865 1720/3342/1720 2550/4292/2551
f 2962/5055/2963 2746/4658/2747 2863/4859/2864
f 2963/5056/2964 2748/4660/2749 2747/4659/2748
f 2964/5057/2965 2865/4863/2866 2746/4658/2747
f 2965/5058/2966 2752/4872/2753 2868/4869/2869
f 2663/4498/2664 2966/5059/2967 2872/4875/2873
f 2871/4874/2872 2752/4668/2753 2965/5060/2966
f 2967/5061/2968 2756/4673/2757 2968/5062/2969
f 2968/5062/2969 2756/4673/2757 2754/4671/2755
f 2967/5061/2968 2663/4494/2664 2756/4673/2757
f 2969/5063/2970 2757/4674/2758 2872/4875/2873
f 2970/5064/2971 2873/4877/2874 2667/4876/2668
f 2971/5065/2972 2758/4675/2759 2759/4676/2760
f 2971/5065/2972 2668/4502/2669 2758/4675/2759
f 2971/5065/2972 2972/5066/2973 2668/4502/2669
f 2973/5067/2974 2754/4671/2755 2450/4504/2451
f 2972/5066/2973 2670/4506/2671 2668/4502/2669
f 2974/5068/2975 2761/4683/2762 2749/4678/2750
f 2764/4689/2765 2975/5069/2976 2875/4883/2876
f 2975/5069/2976 2671/4512/2672 2875/4883/2876
f 2973/5070/2974 2450/4509/2451 2364/4511/2364
f 2976/5071/2977 2353/3966/2353 2877/4886/2878
f 2977/5072/2978 2563/4314/2564 2876/5073/2877
f 2978/5074/2979 2874/5075/2875 2762/4889/2763
f 2669/4503/2670 2363/4687/2363 2979/5076/2980
f 2977/5072/2978 2765/4690/2766 2563/4314/2564
f 2980/5077/2981 2764/4887/2765 2774/4704/2775
f 2981/5078/2982 2454/4148/2455 2670/4686/2671
f 2982/5079/2983 2568/4321/2569 2765/4690/2766
f 2983/5080/2984 2462/4158/2463 2767/5081/2768
f 2982/5082/2983 2572/4327/2573 2568/4326/2569
f 2769/4892/2770 2456/4702/2457 2984/5083/2985
f 2570/5084/2571 2886/4913/2887 2676/4537/2677
f 2981/5078/2982 2985/5085/2986 2454/4148/2455
f 2986/5086/2987 2677/5087/2678 2572/4327/2573
f 2776/5088/2777 2987/5089/2988 2679/4533/2680
f 2773/4703/2774 2577/4341/2578 2881/4904/2882
f 2985/5085/2986 2460/4156/2461 2454/4148/2455
f 2778/4710/2779 2678/4526/2679 2677/4525/2678
f 2988/5090/2989 2775/4708/2776 2460/4156/2461
f 2988/5090/2989 2460/4156/2461 2989/5091/2990
f 2990/5092/2991 2989/5091/2990 2460/4156/2461
f 2985/5085/2986 2990/5092/2991 2460/4156/2461
f 2991/5093/2992 2774/4907/2775 2777/4906/2778
f 2987/5089/2988 2885/4912/2886 2679/4533/2680
f 2992/5094/2993 2883/4910/2884 2882/4909/2883
f 2987/5089/2988 2882/4909/2883 2885/4912/2886
f 2987/5089/2988 2992/5094/2993 2882/4909/2883
f 2993/5095/2994 2878/4894/2879 2780/4712/2781
f 2994/5096/2995 1489/5097/1489 2995/5098/2996
f 2996/5099/2997 2255/3796/2255 1890/3182/1890
f 2997/5100/2998 2784/4718/2785 2255/3796/2255
f 2998/5101/2999 1774/2978/1774 2684/5102/2685
f 2999/5103/3000 2787/4921/2788 2785/4719/2786
f 3000/5104/3001 3001/5105/3002 3002/5106/3003
f 3003/5107/3004 2890/5108/2891 3004/5109/3005
f 3005/5110/3006 2890/5108/2891 3003/5107/3004
f 3006/5111/3007 3007/5112/3008 3008/5113/3009
f 3001/5105/3002 3009/5114/3010 3002/5106/3003
f 2890/4925/2891 2892/4927/2893 3004/5115/3005
f 3005/5116/3006 2893/4928/2894 2890/4925/2891
f 2794/4732/2795 2894/4931/2895 3010/5117/3011
f 3011/5118/3012 2793/4933/2794 2797/4736/2798
f 3010/5117/3011 2894/4931/2895 3012/5119/3013
f 3012/5119/3013 2894/4931/2895 2895/4932/2896
f 1273/4936/1273 2897/4935/2898 2799/5120/2800
f 2285/3852/2285 3013/5121/3014 2798/4737/2799
f 2482/4378/2483 2800/4740/2801 2044/3454/2044
f 2167/5122/2167 3014/5123/3015 2288/5124/2288
f 2167/5125/2167 2045/4559/2045 2690/4558/2691
f 2801/4741/2802 2602/4379/2603 3015/5126/3016
f 1506/4745/1506 3016/5127/3017 2804/4746/2805
f 2602/5128/2603 2483/5129/2484 3017/5130/3018
f 2483/4564/2484 2693/4565/2694 3017/5131/3018
f 2694/4566/2695 3018/5132/3019 2805/4749/2806
f 2693/4565/2694 2806/4750/2807 3017/5131/3018
f 885/3864/885 2902/4949/2903 2396/4040/2396
f 2905/4953/2906 3019/5133/3020 2807/4753/2808
f 2808/4756/2809 2400/4047/2400 3020/5134/3021
f 2810/4761/2811 3021/5135/3022 2806/4750/2807
f 2906/4956/2907 3022/5136/3023 2491/4581/2492
f 3023/5137/3024 2703/4588/2704 2609/4393/2610
f 2488/4587/2489 2611/4395/2612 3024/5138/3025
f 3025/5139/3026 3026/5140/3027 3027/5141/3028
f 3027/5142/3028 2813/5143/2814 3025/5144/3026
f 3028/5145/3029 2296/3875/2296 2807/4959/2808
f 3025/5139/3026 2812/5146/2813 3026/5140/3027
f 3025/5139/3026 2813/5147/2814 2812/5146/2813
f 2813/4765/2814 2624/4596/2625 2610/4394/2611
f 2704/4589/2705 2705/4591/2706 3029/5148/3030
f 2491/4581/2492 3030/5149/3031 2498/4961/2499
f 3029/5150/3030 2909/4964/2910 3031/5151/3032
f 3029/5150/3030 2705/4593/2706 2909/4964/2910
f 2812/5152/2813 2612/5153/2613 2912/5154/2913
f 3032/5155/3033 2177/3668/2177 1808/3033/1808
f 2407/4059/2407 2305/3890/2305 2911/4966/2912
f 2913/4968/2914 2915/4970/2916 2500/4205/2501
f 2498/4203/2499 3030/5156/3031 2615/4400/2616
f 3030/5156/3031 3033/5157/3034 2615/4400/2616
f 3034/5158/3035 2909/4964/2910 2818/4770/2819
f 3034/5159/3035 2818/4775/2819 2920/4979/2921
f 2713/4605/2714 3035/5160/3036 2621/4415/2622
f 2817/4769/2818 3035/5161/3036 2713/4604/2714
f 2916/4972/2917 3036/5162/3037 2618/4410/2619
f 2917/4973/2918 2619/4975/2620 2924/4983/2925
f 2821/5163/2822 3037/5164/3038 2620/5165/2621
f 2921/5166/2922 2827/4786/2828 2503/4785/2504
f 2501/4206/2502 3038/5167/3039 2923/4982/2924
f 2819/4776/2820 3039/5168/3040 2820/4777/2821
f 2624/5169/2625 3040/5170/3041 2512/5171/2513
f 3035/5160/3036 2826/4784/2827 2621/4415/2622
f 2513/4791/2514 2830/4793/2831 2916/4972/2917
f 2925/4985/2926 2926/4987/2927 2920/4984/2921
f 3041/5172/3042 2827/4786/2828 3042/5173/3043
f 2820/4777/2821 3043/5174/3044 2716/4988/2717
f 3041/5172/3042 2922/5175/2923 2827/4786/2828
f 2830/4793/2831 2632/4792/2633 3044/5176/3045
f 2831/4794/2832 2927/4993/2928 3045/5177/3046
f 3046/5178/3047 2835/5179/2836 3047/5180/3048
f 3048/5181/3049 2834/5182/2835 2515/4991/2516
f 2835/4801/2836 2836/4802/2837 3047/5183/3048
f 2316/3909/2316 3049/5184/3050 3050/5185/3051
f 2632/4994/2633 2837/4805/2838 3044/5186/3045
f 2715/5187/2716 2634/5188/2635 2927/5189/2928
f 2316/3909/2316 3050/5185/3051 2525/4252/2526
f 2084/3518/2084 2837/5190/2838 1833/3303/1833
f 2084/5191/2084 3051/5192/3052 2837/5193/2838
f 2519/5194/2520 3052/5195/3053 2318/5008/2318
f 2716/4612/2717 3053/5196/3054 2521/4245/2522
f 2521/4245/2522 3053/5196/3054 3054/5197/3055
f 2836/5198/2837 3055/5199/3056 3047/5200/3048
f 2836/4802/2837 2929/4996/2930 3055/5201/3056
f 2929/5202/2930 2718/4807/2719 3055/5199/3056
f 2190/3693/2190 2839/4810/2840 2417/4077/2417
f 2926/4987/2927 2932/5001/2933 3056/5203/3057
f 2832/4797/2833 2932/5001/2933 2926/4987/2927
f 2525/4252/2526 3057/5204/3058 2526/4253/2527
f 2520/4615/2521 2717/5205/2718 2724/5206/2725
f 3057/5204/3058 2938/5014/2939 2526/4253/2527
f 2933/5207/2934 3058/5208/3059 2930/5209/2931
f 2512/4259/2513 3059/5210/3060 2426/4088/2427
f 3058/5208/3059 2933/5207/2934 2324/5211/2324
f 2529/4257/2530 2845/4826/2846 2936/5011/2937
f 2937/5013/2938 2939/5017/2940 2639/5016/2640
f 2938/5212/2939 2642/4456/2643 2199/4098/2199
f 3058/5208/3059 2324/5211/2324 2942/5213/2943
f 2939/5017/2940 2530/5214/2531 2323/5018/2323
f 3060/5215/3061 3061/5216/3062 2641/5217/2642
f 3061/5216/3062 2943/5218/2944 2641/5217/2642
f 2849/4834/2850 2943/5023/2944 2944/5024/2945
f 3062/5219/3063 2847/5220/2848 2944/5221/2945
f 3062/5222/3063 2725/5223/2726 2847/5224/2848
f 2941/5021/2942 2727/4630/2728 2945/5026/2946
f 3059/5210/3060 2731/4637/2732 2426/4088/2427
f 2531/4264/2532 2730/4636/2731 2205/3713/2205
f 2730/5225/2731 3060/5226/3061 2328/4093/2328
f 2641/4454/2642 2328/4093/2328 3060/5226/3061
f 2725/5223/2726 3062/5222/3063 2644/5227/2645
f 2645/5228/2646 3063/5229/3064 2945/5230/2946
f 3056/5231/3057 2951/5040/2952 3064/5232/3065
f 2932/5025/2933 2951/5040/2952 3056/5231/3057
f 3065/5233/3066 2850/5234/2851 2642/5235/2643
f 3062/5222/3063 2946/5236/2947 2644/5227/2645
f 2731/4637/2732 2950/5039/2951 2647/4462/2648
f 2932/5025/2933 2848/4833/2849 2951/5040/2952
f 2848/4833/2849 2948/5034/2949 2951/5040/2952
f 3066/5237/3067 3064/5232/3065 2852/4843/2853
f 3064/5232/3065 2951/5040/2952 2852/4843/2853
f 2735/4642/2736 2952/5238/2953 2540/4841/2541
f 2843/4836/2844 2210/3725/2210 3067/5239/3068
f 2210/3725/2210 2855/4844/2856 3067/5239/3068
f 2438/4114/2439 2738/4646/2739 2954/5043/2955
f 2857/4846/2858 3068/5240/3069 2337/4479/2337
f 2543/5241/2544 3068/5242/3069 2857/5243/2858
f 2660/4487/2661 3069/5244/3070 2543/4485/2544
f 2660/5045/2661 2955/5044/2956 3069/5245/3070
f 2338/3942/2338 3070/5246/3071 2859/4853/2860
f 2956/5047/2957 2957/5048/2958 2958/5050/2959
f 3071/5247/3072 3070/5246/3071 2338/3942/2338
f 2958/5050/2959 2957/5048/2958 3072/5248/3073
f 2957/5048/2958 2744/4656/2745 3072/5248/3073
f 2860/4855/2861 3071/5247/3072 2338/3942/2338
f 2742/5051/2743 2958/5049/2959 3073/5249/3074
f 2961/5054/2962 2748/4660/2749 2963/5056/2964
f 2962/5055/2963 2964/5057/2965 2746/4658/2747
f 2753/4669/2754 2963/5056/2964 2747/4659/2748
f 2553/4295/2554 2870/5250/2871 2552/4294/2553
f 2869/4870/2870 3074/5251/3075 3075/5252/3076
f 2869/4870/2870 3075/5252/3076 2866/4871/2867
f 2867/4867/2868 3076/5253/3077 2868/4869/2869
f 3076/5253/3077 2965/5058/2966 2868/4869/2869
f 2745/4670/2746 2760/4681/2761 3077/5254/3078
f 2869/4870/2870 3078/5255/3079 3074/5251/3075
f 2869/4870/2870 2751/4667/2752 3078/5255/3079
f 2751/4667/2752 3079/5256/3080 3078/5255/3079
f 2968/5062/2969 3080/5257/3081 3081/5258/3082
f 3081/5258/3082 2967/5061/2968 2968/5062/2969
f 2663/4494/2664 2967/5061/2968 2966/5259/2967
f 2872/4875/2873 2966/5059/2967 3082/5260/3083
f 2873/4877/2874 2970/5064/2971 2759/4676/2760
f 2759/4676/2760 3083/5261/3084 2971/5065/2972
f 2759/4676/2760 2970/5064/2971 3083/5261/3084
f 2971/5065/2972 3083/5261/3084 3084/5262/3085
f 2968/5062/2969 3085/5263/3086 3080/5257/3081
f 2968/5062/2969 2754/4671/2755 3085/5263/3086
f 3082/5260/3083 2969/5063/2970 2872/4875/2873
f 3082/5260/3083 3086/5264/3087 2969/5063/2970
f 2969/5063/2970 3086/5264/3087 2757/4674/2758
f 2971/5065/2972 3084/5262/3085 2972/5066/2973
f 2751/4677/2752 2669/4503/2670 3079/5265/3080
f 2754/4671/2755 2973/5067/2974 3085/5263/3086
f 2753/4669/2754 2763/4878/2764 3087/5266/3088
f 3088/5267/3089 2670/4506/2671 2972/5066/2973
f 2975/5069/2976 3089/5268/3090 2671/4512/2672
f 2671/4512/2672 3090/5269/3091 2876/4884/2877
f 2760/5270/2761 2565/4317/2566 3091/5271/3092
f 2870/4873/2871 2353/3966/2353 2976/5071/2977
f 2232/4142/2232 3092/5272/3093 2570/4680/2571
f 2364/4511/2364 2879/5273/2880 2973/5070/2974
f 2763/5274/2764 2766/5275/2767 3093/5276/3094
f 2977/5072/2978 2982/5079/2983 2765/4690/2766
f 2766/5275/2767 2674/5277/2675 3094/5278/3095
f 2980/5279/2981 2774/4907/2775 2991/5093/2992
f 2135/3979/2135 3095/5280/3096 2360/3980/2360
f 3091/5271/3092 2565/4317/2566 2770/4698/2771
f 2982/5082/2983 2986/5086/2987 2572/4327/2573
f 2976/5071/2977 2877/4886/2878 2243/3777/2243
f 3096/5281/3097 2768/4695/2769 2761/4683/2762
f 2986/5086/2987 3097/5282/3098 2677/5087/2678
f 2776/5283/2777 3098/5284/3099 2987/5285/2988
f 2879/4895/2880 2878/4894/2879 3099/5286/3100
f 2677/4525/2678 3097/5287/3098 2778/4710/2779
f 2775/4705/2776 3100/5288/3101 2881/4904/2882
f 2775/4705/2776 2988/5289/2989 3100/5288/3101
f 2777/4906/2778 3101/5290/3102 2991/5093/2992
f 2883/5291/2884 2992/5292/2993 2884/5293/2885
f 2878/4894/2879 2993/5095/2994 3099/5286/3100
f 2993/5095/2994 2780/4712/2781 3099/5286/3100
f 2886/4913/2887 3102/5294/3103 2780/4712/2781
f 1261/5295/1261 1489/5296/1489 2994/5297/2995
f 3103/5298/3104 3104/5299/3105 2772/4701/2773
f 2772/4701/2773 3104/5299/3105 2256/3798/2256
f 2779/4711/2780 2782/4714/2783 3105/5300/3106
f 2781/4915/2782 3106/5301/3107 2887/4914/2888
f 3105/5302/3106 2782/4717/2783 3107/5303/3108
f 1162/3419/1162 1627/2731/1627 3108/5304/3109
f 2684/5305/2685 2783/5306/2784 3109/5307/3110
f 3110/5308/3111 3111/5309/3112 2785/4719/2786
f 2785/4719/2786 3111/5309/3112 2999/5103/3000
f 3000/5104/3001 3112/5310/3113 3113/5311/3114
f 3000/5104/3001 3114/5312/3115 3115/5313/3116
f 3113/5311/3114 3114/5312/3115 3000/5104/3001
f 2999/5103/3000 2888/4922/2889 2787/4921/2788
f 3111/5309/3112 2888/4922/2889 2999/5103/3000
f 3116/5314/3117 3117/5315/3118 3006/5111/3007
f 3117/5315/3118 3118/5316/3119 3006/5111/3007
f 3000/5104/3001 3002/5106/3003 3112/5310/3113
f 3002/5106/3003 3119/5317/3120 3112/5310/3113
f 3000/5104/3001 3115/5313/3116 3120/5318/3121
f 3120/5318/3121 3001/5105/3002 3000/5104/3001
f 3120/5318/3121 3121/5319/3122 3001/5105/3002
f 3003/5107/3004 3004/5109/3005 3122/5320/3123
f 3004/5109/3005 3123/5321/3124 3122/5320/3123
f 3005/5116/3006 3124/5322/3125 2893/4928/2894
f 3003/5107/3004 3124/5323/3125 3005/5110/3006
f 3122/5320/3123 3124/5323/3125 3003/5107/3004
f 3006/5111/3007 3008/5113/3009 3125/5324/3126
f 3006/5111/3007 3125/5324/3126 3116/5314/3117
f 3006/5111/3007 3118/5316/3119 3007/5112/3008
f 3002/5106/3003 3009/5114/3010 3119/5317/3120
f 3121/5319/3122 3009/5114/3010 3001/5105/3002
f 3004/5325/3005 2892/4930/2893 3123/5326/3124
f 3008/5113/3009 3007/5112/3008 3125/5324/3126
f 2889/4924/2890 2793/4729/2794 3107/5303/3108
f 2893/4928/2894 3126/5327/3127 2795/4733/2796
f 3107/5303/3108 2793/4729/2794 3011/5328/3012
f 3007/5112/3008 3127/5329/3128 3125/5324/3126
f 3125/5324/3126 3127/5329/3128 3128/5330/3129
f 2892/4930/2893 2794/4732/2795 3010/5117/3011
f 3127/5329/3128 3007/5112/3008 3129/5331/3130
f 2035/5332/2035 3130/5333/3131 2164/5334/2164
f 2795/4735/2796 3131/5335/3132 2895/4932/2896
f 2895/4932/2896 3132/5336/3133 3012/5119/3013
f 2600/4375/2601 3133/5337/3134 2042/5338/2042
f 3133/5339/3134 2601/5340/2602 2042/5341/2042
f 2285/3852/2285 2047/3457/2047 2801/4741/2802
f 2482/4378/2483 3134/5342/3135 2800/4740/2801
f 2898/4939/2899 3016/5127/3017 1506/4745/1506
f 2802/4940/2803 3135/5343/3136 2898/4939/2899
f 2898/4939/2899 3135/5343/3136 3016/5127/3017
f 1793/4942/1793 2804/4746/2805 2290/5344/2290
f 2602/4379/2603 3017/5345/3018 3015/5126/3016
f 885/3864/885 3136/5346/3137 2902/4949/2903
f 2902/4949/2903 3136/5346/3137 3137/5347/3138
f 2902/4949/2903 3137/5347/3138 2609/4571/2610
f 3137/5347/3138 3023/5348/3024 2609/4571/2610
f 2808/4756/2809 3138/5349/3139 2697/4572/2698
f 2607/4954/2608 3139/5350/3140 2699/4580/2700
f 2699/4580/2700 3139/5350/3140 2906/4956/2907
f 2698/4576/2699 2488/4390/2489 3024/5351/3025
f 3020/5134/3021 2400/4047/2400 3140/5352/3141
f 2173/5353/2173 2297/5354/2297 3141/5355/3142
f 2297/4590/2297 2704/4589/2705 3141/5356/3142
f 3027/5141/3028 3026/5140/3027 3142/5357/3143
f 3027/5142/3028 3142/5358/3143 2813/5143/2814
f 2704/4589/2705 3029/5148/3030 3143/5359/3144
f 2810/4761/2811 2816/5360/2817 3021/5135/3022
f 2907/4960/2908 3144/5361/3145 2908/4963/2909
f 2908/4963/2909 3144/5361/3145 2815/4767/2816
f 2815/4767/2816 3144/5361/3145 3145/5362/3146
f 3034/5159/3035 2920/4979/2921 3146/5363/3147
f 2305/3890/2305 2914/4969/2915 2911/4966/2912
f 2615/4400/2616 3033/5157/3034 2919/4977/2920
f 2620/5165/2621 3037/5164/3038 2912/5364/2913
f 2618/4411/2619 3036/5365/3037 2914/4969/2915
f 2501/4206/2502 2915/4970/2916 3038/5167/3039
f 2919/4977/2920 2819/4776/2820 2409/4064/2409
f 2827/4786/2828 2921/5166/2922 3042/5173/3043
f 2819/4776/2820 3147/5366/3148 3039/5168/3040
f 2627/5367/2628 3148/5368/3149 2821/5163/2822
f 2916/4972/2917 2830/4793/2831 3149/5369/3150
f 3039/5168/3040 3043/5174/3044 2820/4777/2821
f 2627/5367/2628 3046/5178/3047 3148/5368/3149
f 2923/4986/2924 3150/5370/3151 2828/4788/2829
f 2627/5367/2628 2835/5179/2836 3046/5178/3047
f 2920/4984/2921 2926/4987/2927 3146/5371/3147
f 2831/4794/2832 3045/5177/3046 2924/4983/2925
f 3146/5371/3147 2926/4987/2927 3151/5372/3152
f 2926/4987/2927 3056/5203/3057 3151/5372/3152
f 2826/4990/2827 3048/5181/3049 2515/4991/2516
f 3152/5373/3153 3048/5181/3049 2826/4990/2827
f 2830/4793/2831 3044/5176/3045 3153/5374/3154
f 3154/5375/3155 2834/5182/2835 3048/5181/3049
f 3046/5376/3047 3047/5200/3048 3155/5377/3156
f 3049/5184/3050 2316/3909/2316 2413/4234/2413
f 2927/5189/2928 2634/5188/2635 3156/5378/3157
f 3156/5378/3157 2634/5188/2635 3157/5379/3158
f 2935/5009/2936 2318/5008/2318 3052/5195/3053
f 3158/5380/3159 2521/4245/2522 3054/5197/3055
f 3054/5197/3055 3053/5196/3054 2716/4612/2717
f 3047/5200/3048 3055/5199/3056 3159/5381/3160
f 3159/5381/3160 3055/5199/3056 2838/4809/2839
f 2838/4809/2839 3055/5199/3056 2718/4807/2719
f 3050/5185/3051 3057/5204/3058 2525/4252/2526
f 3051/5192/3052 2084/5191/2084 2930/5209/2931
f 2931/4998/2932 2844/4824/2845 2420/4999/2420
f 2839/5382/2840 2936/5383/2937 3160/5384/3161
f 3160/5384/3161 2936/5383/2937 2845/5385/2846
f 3161/5386/3162 2939/5017/2940 2937/5013/2938
f 3162/5387/3163 2642/5235/2643 2938/5388/2939
f 3058/5208/3059 2942/5213/2943 3163/5389/3164
f 2845/5385/2846 2941/5390/2942 3164/5391/3165
f 3165/5392/3166 3056/5231/3057 3064/5232/3065
f 3166/5393/3167 2944/5221/2945 2943/5218/2944
f 3167/5394/3168 3166/5393/3167 2943/5218/2944
f 3166/5393/3167 3168/5395/3169 2944/5221/2945
f 3164/5391/3165 2941/5390/2942 2945/5230/2946
f 3169/5396/3170 2942/5213/2943 2643/5397/2644
f 3170/5398/3171 2846/4829/2847 2640/4635/2641
f 3167/5394/3168 2943/5218/2944 3061/5216/3062
f 3168/5395/3169 3171/5399/3172 2944/5221/2945
f 3171/5399/3172 3062/5219/3063 2944/5221/2945
f 3059/5400/3060 2950/5401/2951 2731/5402/2732
f 3169/5396/3170 2643/5397/2644 2851/5403/2852
f 3172/5404/3173 2432/4262/2433 2530/4261/2531
f 3172/5404/3173 3173/5405/3174 2432/4262/2433
f 3063/5229/3064 2645/5228/2646 2946/5236/2947
f 3065/5406/3066 2947/5028/2948 2850/5030/2851
f 2736/5407/2737 3066/5237/3067 2852/4843/2853
f 3174/5408/3175 2854/4842/2855 2952/5041/2953
f 2854/4842/2855 3174/5408/3175 2653/4470/2654
f 2653/4470/2654 3174/5408/3175 3175/5409/3176
f 2653/5410/2654 3175/5411/3176 2736/5407/2737
f 3176/5412/3177 2437/4112/2438 2953/5042/2954
f 3176/5412/3177 1848/4278/1848 2437/4112/2438
f 3068/5242/3069 2543/5241/2544 3177/5413/3178
f 3178/5414/3179 2659/5415/2660 2337/5416/2337
f 3179/5417/3180 2858/4851/2859 2739/4650/2740
f 3179/5417/3180 2739/4650/2740 2859/4852/2860
f 3180/5418/3181 2958/5050/2959 3072/5248/3073
f 3071/5247/3072 2860/4855/2861 3181/5419/3182
f 2860/4855/2861 2862/4858/2863 3181/5419/3182
f 3182/5420/3183 3073/5421/3074 2958/5422/2959
f 3072/5248/3073 2744/4656/2745 3180/5418/3181
f 2862/4857/2863 2743/4655/2744 3183/5423/3184
f 3183/5423/3184 2743/4655/2744 2961/5054/2962
f 2744/4656/2745 2745/4657/2746 3180/5418/3181
f 3184/5424/3185 2961/5054/2962 2963/5056/2964
f 3180/5418/3181 2745/4657/2746 3077/5425/3078
f 3185/5426/3186 2749/4663/2750 2742/4860/2743
f 3186/5427/3187 2866/4871/2867 3075/5252/3076
f 3186/5427/3187 2867/5428/2868 2866/4871/2867
f 3186/5429/3187 3187/5430/3188 2867/4867/2868
f 3187/5430/3188 3076/5253/3077 2867/4867/2868
f 3188/5431/3189 3189/5432/3190 3076/5253/3077
f 3187/5430/3188 3188/5431/3189 3076/5253/3077
f 2864/4861/2865 2453/5433/2454 1142/4862/1142
f 3190/5434/3191 3074/5251/3075 3078/5255/3079
f 3075/5252/3076 3074/5251/3075 3190/5434/3191
f 3189/5432/3190 2965/5058/2966 3076/5253/3077
f 3191/5435/3192 3081/5436/3082 3080/5437/3081
f 3081/5258/3082 2966/5259/2967 2967/5061/2968
f 3081/5258/3082 3192/5438/3193 2966/5259/2967
f 3193/5439/3194 3194/5440/3195 3082/5260/3083
f 3193/5439/3194 3082/5260/3083 2966/5059/2967
f 2963/5056/2964 2753/4669/2754 3087/5266/3088
f 2560/4309/2561 2970/5441/2971 2667/4500/2668
f 3195/5442/3196 3084/5262/3085 3083/5261/3084
f 3080/5257/3081 3085/5263/3086 3196/5443/3197
f 3194/5440/3195 3086/5264/3087 3082/5260/3083
f 3194/5440/3195 3197/5444/3198 3086/5264/3087
f 3195/5442/3196 2972/5066/2973 3084/5262/3085
f 3092/5272/3093 2232/4142/2232 2757/4674/2758
f 3088/5267/3089 2972/5066/2973 3195/5442/3196
f 3198/5445/3199 3199/5446/3200 2764/4689/2765
f 2764/4689/2765 3199/5446/3200 2975/5069/2976
f 3200/5447/3201 2560/4309/2561 2874/4880/2875
f 3093/5448/3094 3087/5449/3088 2763/5450/2764
f 3089/5268/3090 3090/5269/3091 2671/4512/2672
f 3092/5451/3093 2886/4913/2887 2570/5084/2571
f 3090/5452/3091 2977/5072/2978 2876/5073/2877
f 2979/5076/2980 2363/4687/2363 3201/5453/3202
f 3093/5276/3094 2766/5275/2767 3202/5454/3203
f 3203/5455/3204 2983/5080/2984 2767/5081/2768
f 3202/5454/3203 2766/5275/2767 3094/5278/3095
f 3095/5280/3096 2135/3979/2135 1057/5456/1057
f 3204/5457/3205 3094/5278/3095 2674/5277/2675
f 3204/5457/3205 2674/5277/2675 2240/4520/2240
f 3205/5458/3206 2986/5086/2987 2982/5082/2983
f 3206/5459/3207 3207/5460/3208 2886/4913/2887
f 3103/5298/3104 2772/4701/2773 2768/5461/2769
f 2363/5462/2363 2884/5293/2885 3208/5463/3209
f 2773/4703/2774 2881/4904/2882 3209/5464/3210
f 2985/5085/2986 2981/5078/2982 2990/5092/2991
f 2777/4709/2778 2778/4710/2779 3210/5465/3211
f 3211/5466/3212 2778/5467/2779 3097/5282/3098
f 2989/5091/2990 2990/5092/2991 2981/5078/2982
f 2991/5093/2992 3101/5290/3102 3212/5468/3213
f 3212/5469/3213 3101/5470/3102 3210/5465/3211
f 3210/5465/3211 3101/5470/3102 2777/4709/2778
f 3105/5300/3106 2770/4698/2771 2779/4711/2780
f 3099/5286/3100 2780/4712/2781 3213/5471/3214
f 3207/5460/3208 3102/5294/3103 2886/4913/2887
f 3213/5471/3214 2780/4712/2781 3214/5472/3215
f 3214/5472/3215 2780/4712/2781 3102/5294/3103
f 3207/5460/3208 3214/5472/3215 3102/5294/3103
f 2995/5098/2996 1489/5097/1489 2015/5473/2015
f 2996/5099/2997 2997/5100/2998 2255/3796/2255
f 2889/4924/2890 3107/5303/3108 2782/4717/2783
f 3215/5474/3216 1627/2731/1627 1774/2978/1774
f 3215/5474/3216 1774/2978/1774 2998/5101/2999
f 3216/5475/3217 3113/5311/3114 3217/5476/3218
f 3218/5477/3219 1265/2108/1265 2786/4721/2787
f 3217/5476/3218 3112/5310/3113 3219/5478/3220
f 3113/5311/3114 3112/5310/3113 3217/5476/3218
f 3220/5479/3221 3115/5313/3116 3114/5312/3115
f 3111/5309/3112 3110/5308/3111 2888/4922/2889
f 3110/5308/3111 3221/5480/3222 2888/4922/2889
f 3222/5481/3223 3124/5323/3125 3122/5320/3123
f 3223/5482/3224 3116/5314/3117 3224/5483/3225
f 3117/5315/3118 3116/5314/3117 3223/5482/3224
f 3219/5478/3220 3112/5310/3113 3119/5317/3120
f 3220/5479/3221 3121/5319/3122 3120/5318/3121
f 3220/5479/3221 3120/5318/3121 3115/5313/3116
f 2888/4922/2889 3221/5480/3222 3225/5484/3226
f 3124/5323/3125 3126/5485/3127 2893/5486/2894
f 3116/5314/3117 3125/5324/3126 3224/5483/3225
f 3219/5478/3220 3119/5317/3120 3226/5487/3227
f 3119/5317/3120 3009/5114/3010 3121/5319/3122
f 3226/5487/3227 3119/5317/3120 3227/5488/3228
f 3228/5489/3229 3227/5488/3228 3121/5319/3122
f 3119/5317/3120 3121/5319/3122 3227/5488/3228
f 3226/5487/3227 3227/5488/3228 3229/5490/3230
f 3228/5489/3229 3229/5490/3230 3227/5488/3228
f 3230/5491/3231 3231/5492/3232 3232/5493/3233
f 3233/5494/3234 3231/5492/3232 3230/5491/3231
f 3234/5495/3235 3129/5331/3130 3007/5112/3008
f 3232/5496/3233 3231/5497/3232 3235/5498/3236
f 3236/5499/3237 3231/5492/3232 3233/5494/3234
f 3235/5498/3236 3231/5497/3232 3236/5500/3237
f 3127/5329/3128 3129/5331/3130 3237/5501/3238
f 3127/5329/3128 3237/5501/3238 3128/5330/3129
f 3128/5330/3129 3237/5501/3238 3238/5502/3239
f 3238/5502/3239 3237/5501/3238 3239/5503/3240
f 3239/5503/3240 3237/5501/3238 3240/5504/3241
f 3129/5331/3130 3240/5504/3241 3237/5501/3238
f 3241/5505/3242 3010/5117/3011 3012/5119/3013
f 3131/5335/3132 3132/5336/3133 2895/4932/2896
f 3130/5506/3131 979/3448/979 2164/5507/2164
f 2896/4934/2897 3011/5118/3012 2797/4736/2798
f 979/3448/979 3242/5508/3243 1916/3449/1916
f 3243/5509/3244 2896/4934/2897 3013/5121/3014
f 2896/4934/2897 2798/4737/2799 3013/5121/3014
f 3242/5510/3243 3244/5511/3245 1916/4937/1916
f 2285/3852/2285 2801/4741/2802 3013/5121/3014
f 3134/5512/3135 2482/4183/2483 2288/3857/2288
f 2802/4940/2803 3016/5127/3017 3135/5343/3136
f 2803/5513/2804 2696/4570/2697 2692/4748/2693
f 3245/5514/3246 2899/4944/2900 2695/4943/2696
f 3246/5515/3247 2695/4569/2696 2900/4946/2901
f 2901/4948/2902 3136/5346/3137 885/3864/885
f 2903/4950/2904 2904/4951/2905 3247/5516/3248
f 3248/5517/3249 3019/5133/3020 2905/4953/2906
f 3248/5517/3249 2807/4753/2808 3019/5133/3020
f 3247/5516/3248 2904/4951/2905 2698/4576/2699
f 3247/5516/3248 2698/4576/2699 3024/5351/3025
f 2607/4757/2608 2697/4572/2698 3138/5349/3139
f 3017/5131/3018 2806/4750/2807 3021/5135/3022
f 2809/4760/2810 3249/5518/3250 2907/4960/2908
f 3022/5136/3023 3030/5149/3031 2491/4581/2492
f 3250/5519/3251 3142/5358/3143 3251/5520/3252
f 3251/5521/3252 3142/5357/3143 3026/5140/3027
f 3250/5519/3251 2813/5143/2814 3142/5358/3143
f 3032/5155/3033 1808/3033/1808 2402/4049/2402
f 3250/5519/3251 2624/5522/2625 2813/5143/2814
f 3143/5359/3144 3029/5148/3030 3031/5523/3032
f 3140/5352/3141 2400/4047/2400 3252/5524/3253
f 2909/4964/2910 3034/5158/3035 3031/5151/3032
f 2400/4047/2400 2814/4766/2815 3252/5524/3253
f 3253/5525/3254 2703/4588/2704 3023/5137/3024
f 3024/5138/3025 2611/4395/2612 3254/5526/3255
f 2816/5360/2817 2922/5175/2923 3255/5527/3256
f 3028/5145/3029 2913/4968/2914 2296/3875/2296
f 3256/5528/3257 2624/5522/2625 3257/5529/3258
f 2922/5175/2923 3041/5172/3042 3255/5527/3256
f 3258/5530/3259 2817/4769/2818 2703/4588/2704
f 3038/5167/3039 2915/4970/2916 3259/5531/3260
f 2817/4769/2818 3260/5532/3261 3035/5161/3036
f 3261/5533/3262 3150/5534/3151 2923/4982/2924
f 3261/5533/3262 2923/4982/2924 3038/5167/3039
f 3262/5535/3263 2821/5163/2822 3148/5368/3149
f 3262/5535/3263 3263/5536/3264 2821/5163/2822
f 3152/5373/3153 2826/4990/2827 3035/5537/3036
f 2830/4793/2831 3153/5374/3154 3149/5369/3150
f 2828/5538/2829 3150/5539/3151 3264/5540/3265
f 3045/5177/3046 2927/4993/2928 3265/5541/3266
f 3048/5181/3049 3266/5542/3267 3154/5375/3155
f 3048/5181/3049 3267/5543/3268 3266/5542/3267
f 3152/5373/3153 3267/5543/3268 3048/5181/3049
f 3044/5176/3045 3268/5544/3269 3153/5374/3154
f 3265/5545/3266 2927/5189/2928 3156/5378/3157
f 2716/4612/2717 3043/5546/3044 3269/5547/3270
f 2834/5182/2835 3049/5548/3050 2413/5549/2413
f 3266/5542/3267 2834/5182/2835 3154/5375/3155
f 3266/5542/3267 3049/5548/3050 2834/5182/2835
f 3044/5176/3045 2837/5550/2838 3268/5544/3269
f 2828/5538/2829 3270/5551/3271 2928/5552/2929
f 3151/5553/3152 3056/5231/3057 3165/5392/3166
f 2519/5194/2520 3270/5554/3271 3052/5195/3053
f 3270/5551/3271 2519/5555/2520 2928/5552/2929
f 2521/4245/2522 3158/5380/3159 2636/4806/2637
f 2716/4612/2717 3271/5556/3272 3054/5197/3055
f 3269/5547/3270 3271/5556/3272 2716/4612/2717
f 3047/5200/3048 3272/5557/3273 3155/5377/3156
f 3047/5200/3048 3159/5381/3160 3272/5557/3273
f 3159/5381/3160 2838/4809/2839 3272/5557/3273
f 2417/5558/2417 2839/5382/2840 3273/5559/3274
f 3050/5185/3051 3274/5560/3275 3057/5204/3058
f 2520/4615/2521 2724/5206/2725 3275/5561/3276
f 3057/5204/3058 3274/5560/3275 2938/5014/2939
f 2934/5006/2935 3161/5386/3162 2937/5013/2938
f 3275/5561/3276 2724/5206/2725 3276/5562/3277
f 2724/5206/2725 3277/5563/3278 3276/5562/3277
f 2724/5206/2725 2846/4829/2847 3277/5563/3278
f 3165/5392/3166 3064/5232/3065 3066/5237/3067
f 2642/5235/2643 3162/5387/3163 3065/5233/3066
f 3169/5396/3170 3163/5389/3164 2942/5213/2943
f 2939/5017/2940 3172/5564/3173 2530/5214/2531
f 3167/5394/3168 3168/5395/3169 3166/5393/3167
f 3278/5565/3279 3168/5395/3169 3167/5394/3168
f 2940/5019/2941 3279/5566/3280 2427/4090/2428
f 3061/5216/3062 3060/5215/3061 3280/5567/3281
f 3167/5394/3168 3061/5216/3062 3280/5567/3281
f 3167/5394/3168 3280/5567/3281 3278/5565/3279
f 3278/5565/3279 3171/5399/3172 3168/5395/3169
f 3279/5566/3280 2531/4264/2532 2427/4090/2428
f 2730/5225/2731 3281/5568/3282 3060/5226/3061
f 3062/5222/3063 3282/5569/3283 2946/5236/2947
f 2946/5236/2947 3282/5569/3283 3063/5229/3064
f 2947/5028/2948 3283/5570/3284 2851/5035/2852
f 2432/4262/2433 3173/5405/3174 2949/5036/2950
f 2949/5036/2950 3173/5405/3174 3284/5571/3285
f 3175/5411/3176 3066/5237/3067 2736/5407/2737
f 3284/5571/3285 2433/5038/2434 2949/5036/2950
f 2729/5572/2730 2433/5038/2434 3284/5571/3285
f 2738/4646/2739 3285/5573/3286 2954/5043/2955
f 3068/5574/3069 3178/5414/3179 2337/5416/2337
f 2543/4485/2544 3069/5244/3070 3177/5575/3178
f 2955/5576/2956 2858/5577/2859 3286/5578/3287
f 2340/4124/2340 2659/4854/2660 3287/5579/3288
f 2959/5052/2960 2340/4124/2340 3287/5579/3288
f 3071/5247/3072 3181/5419/3182 3070/5246/3071
f 2958/5422/2959 3180/5580/3181 3182/5420/3183
f 3181/5419/3182 2862/4858/2863 3183/5581/3184
f 2961/5054/2962 3184/5424/3185 3183/5423/3184
f 3075/5252/3076 3190/5434/3191 3288/5582/3289
f 3189/5432/3190 3188/5431/3189 3289/5583/3290
f 3288/5582/3289 3190/5434/3191 3290/5584/3291
f 3190/5434/3191 3078/5255/3079 3290/5584/3291
f 3189/5432/3190 3291/5585/3292 2965/5058/2966
f 3189/5432/3190 3289/5583/3290 3291/5585/3292
f 3292/5586/3293 3191/5435/3192 3293/5587/3294
f 3292/5586/3293 3081/5436/3082 3191/5435/3192
f 3192/5438/3193 3081/5258/3082 3292/5588/3293
f 2966/5059/2967 3294/5589/3295 3193/5439/3194
f 2966/5259/2967 3192/5438/3193 3294/5590/3295
f 2965/5060/2966 3295/5591/3296 2871/4874/2872
f 3291/5585/3292 3295/5592/3296 2965/5058/2966
f 3296/5593/3297 3080/5437/3081 3196/5594/3197
f 3293/5587/3294 3080/5437/3081 3296/5593/3297
f 3293/5587/3294 3191/5435/3192 3080/5437/3081
f 3297/5595/3298 3298/5596/3299 3299/5597/3300
f 3299/5597/3300 3300/5598/3301 3297/5595/3298
f 2560/4309/2561 3301/5599/3302 3302/5600/3303
f 3303/5601/3304 2970/5064/2971 3302/5602/3303
f 3303/5601/3304 3083/5261/3084 2970/5064/2971
f 3083/5261/3084 3304/5603/3305 3195/5442/3196
f 3295/5591/3296 3305/5604/3306 2871/4874/2872
f 3297/5595/3298 3306/5605/3307 3298/5596/3299
f 3300/5598/3301 3307/5606/3308 3297/5595/3298
f 3297/5595/3298 3307/5606/3308 3306/5605/3307
f 3308/5607/3309 3309/5608/3310 3300/5609/3301
f 3300/5598/3301 3309/5610/3310 3307/5606/3308
f 3079/5265/3080 2669/4503/2670 3201/5453/3202
f 3085/5611/3086 2973/5612/2974 3310/5613/3311
f 3086/5264/3087 3092/5272/3093 2757/4674/2758
f 3307/5606/3308 3311/5614/3312 3306/5605/3307
f 3307/5606/3308 3309/5610/3310 3311/5614/3312
f 3308/5607/3309 3198/5445/3199 3311/5615/3312
f 3308/5607/3309 3311/5615/3312 3309/5608/3310
f 3308/5607/3309 3199/5446/3200 3198/5445/3199
f 3311/5615/3312 2764/4689/2765 3312/5616/3313
f 3311/5615/3312 3198/5445/3199 2764/4689/2765
f 2760/4681/2761 3091/5617/3092 3077/5254/3078
f 2865/4863/2866 2964/5057/2965 3203/5618/3204
f 2669/4503/2670 2979/5076/2980 3201/5453/3202
f 3312/5616/3313 2764/4689/2765 2980/5619/2981
f 2865/5620/2866 3203/5455/3204 2767/5081/2768
f 2874/5621/2875 2978/5622/2979 3200/5623/3201
f 3088/5267/3089 2981/5624/2982 2670/4506/2671
f 2871/4874/2872 3305/5604/3306 2776/4706/2777
f 3090/5452/3091 2982/5079/2983 2977/5072/2978
f 3093/5276/3094 3202/5454/3203 3313/5625/3314
f 3201/5453/3202 2363/4687/2363 3208/5626/3209
f 2240/4520/2240 2675/4522/2676 3314/5627/3315
f 3205/5458/3206 3315/5628/3316 2986/5086/2987
f 2456/4702/2457 3209/5464/3210 2984/5083/2985
f 2456/4702/2457 2773/4703/2774 3209/5464/3210
f 3315/5628/3316 3097/5282/3098 2986/5086/2987
f 1261/5295/1261 2994/5297/2995 2771/5629/2772
f 2881/4904/2882 3100/5288/3101 3209/5464/3210
f 2981/5630/2982 3316/5631/3317 2989/5632/2990
f 2778/4710/2779 3211/5633/3212 3210/5465/3211
f 2989/5091/2990 3317/5634/3318 2988/5090/2989
f 3318/5635/3319 3319/5636/3320 2884/5293/2885
f 2884/5293/2885 3319/5636/3320 3208/5463/3209
f 2884/5293/2885 2992/5292/2993 3318/5635/3319
f 2992/5292/2993 2987/5285/2988 3320/5637/3321
f 2992/5292/2993 3320/5637/3321 3318/5635/3319
f 3213/5471/3214 3321/5638/3322 3099/5286/3100
f 3213/5471/3214 3214/5472/3215 3321/5638/3322
f 3207/5460/3208 3322/5639/3323 3214/5472/3215
f 3322/5639/3323 3323/5640/3324 3214/5472/3215
f 3207/5460/3208 3323/5640/3324 3322/5639/3323
f 2887/4914/2888 3106/5301/3107 2785/4719/2786
f 1265/2108/1265 3218/5477/3219 1264/5641/1264
f 1633/3999/1633 2784/4718/2785 3324/5642/3325
f 3216/5475/3217 3217/5476/3218 3219/5478/3220
f 3216/5475/3217 3325/5643/3326 3113/5311/3114
f 3113/5311/3114 3325/5643/3326 3114/5312/3115
f 3114/5312/3115 3325/5643/3326 3326/5644/3327
f 3223/5482/3224 3327/5645/3328 3117/5315/3118
f 3327/5645/3328 3328/5646/3329 3117/5315/3118
f 3114/5312/3115 3326/5644/3327 3220/5479/3221
f 3110/5308/3111 3329/5647/3330 3221/5480/3222
f 3330/5648/3331 3331/5649/3332 3332/5650/3333
f 3332/5650/3333 3331/5649/3332 3333/5651/3334
f 3331/5652/3332 3334/5653/3335 3333/5654/3334
f 3122/5320/3123 3123/5321/3124 3335/5655/3336
f 3335/5655/3336 3222/5481/3223 3122/5320/3123
f 3336/5656/3337 3124/5323/3125 3222/5481/3223
f 3336/5656/3337 3126/5485/3127 3124/5323/3125
f 3328/5646/3329 3118/5316/3119 3117/5315/3118
f 1633/3999/1633 3324/5642/3325 1780/5657/1780
f 2786/5658/2787 2888/5659/2889 3337/5660/3338
f 2888/4922/2889 3225/5484/3226 3338/5661/3339
f 3221/5480/3222 3339/5662/3340 3225/5484/3226
f 3329/5647/3330 3339/5662/3340 3221/5480/3222
f 3329/5663/3330 3340/5664/3341 3339/5665/3340
f 3341/5666/3342 3330/5648/3331 3342/5667/3343
f 3330/5648/3331 3343/5668/3344 3342/5667/3343
f 3330/5648/3331 3344/5669/3345 3343/5668/3344
f 3330/5648/3331 3332/5650/3333 3344/5669/3345
f 3332/5650/3333 3345/5670/3346 3344/5669/3345
f 3333/5651/3334 3345/5670/3346 3332/5650/3333
f 3333/5651/3334 3230/5491/3231 3345/5670/3346
f 3334/5653/3335 3346/5671/3347 3333/5654/3334
f 3333/5651/3334 3346/5672/3347 3230/5491/3231
f 3334/5673/3335 3347/5674/3348 3346/5672/3347
f 3220/5479/3221 3229/5490/3230 3121/5319/3122
f 3343/5668/3344 3348/5675/3349 3342/5667/3343
f 3229/5490/3230 3228/5489/3229 3121/5319/3122
f 3346/5672/3347 3347/5674/3348 3230/5491/3231
f 3224/5483/3225 3125/5324/3126 3349/5676/3350
f 3349/5676/3350 3125/5324/3126 3128/5330/3129
f 3345/5670/3346 3350/5677/3351 3344/5669/3345
f 3344/5669/3345 3350/5677/3351 3348/5675/3349
f 3345/5670/3346 3230/5491/3231 3350/5677/3351
f 3126/5678/3127 3131/5335/3132 2795/4735/2796
f 3350/5677/3351 3232/5493/3233 3348/5675/3349
f 3230/5491/3231 3232/5493/3233 3350/5677/3351
f 3347/5674/3348 3351/5679/3352 3233/5494/3234
f 3230/5491/3231 3347/5674/3348 3233/5494/3234
f 3347/5674/3348 3352/5680/3353 3351/5679/3352
f 2892/4930/2893 3010/5117/3011 3123/5326/3124
f 3353/5681/3354 3232/5496/3233 3235/5498/3236
f 3351/5679/3352 3236/5499/3237 3233/5494/3234
f 3351/5682/3352 3235/5498/3236 3236/5500/3237
f 3351/5682/3352 3354/5683/3355 3235/5498/3236
f 3354/5683/3355 3351/5682/3352 3355/5684/3356
f 3129/5331/3130 3356/5685/3357 3240/5504/3241
f 3235/5498/3236 3354/5683/3355 3357/5686/3358
f 3012/5119/3013 3132/5336/3133 3358/5687/3359
f 2601/5340/2602 3359/5688/3360 2802/4940/2803
f 2800/4742/2801 3360/5689/3361 2803/4744/2804
f 2690/5690/2691 2899/4944/2900 3361/5691/3362
f 2290/3861/2290 3362/5692/3363 2694/4566/2695
f 3245/5514/3246 2695/4943/2696 3246/5693/3247
f 2900/4946/2901 3363/5694/3364 3246/5515/3247
f 2900/4946/2901 2173/3662/2173 3363/5694/3364
f 3364/5695/3365 2809/4957/2810 2696/4570/2697
f 2903/4950/2904 3247/5516/3248 3365/5696/3366
f 2903/4950/2904 3365/5696/3366 2905/4953/2906
f 3248/5517/3249 3366/5697/3367 2807/4753/2808
f 2607/4954/2608 3138/5698/3139 3367/5699/3368
f 2607/4954/2608 3367/5699/3368 3139/5350/3140
f 3139/5350/3140 3022/5136/3023 2906/4956/2907
f 2704/4589/2705 3031/5523/3032 3368/5700/3369
f 3250/5519/3251 3251/5520/3252 3026/5701/3027
f 2704/4589/2705 3143/5359/3144 3031/5523/3032
f 3021/5135/3022 2816/5360/2817 3255/5527/3256
f 3026/5140/3027 2812/5146/2813 3369/5702/3370
f 3370/5703/3371 3034/5159/3035 3371/5704/3372
f 3145/5705/3146 2178/5706/2178 2815/5707/2816
f 3371/5704/3372 3034/5159/3035 3146/5363/3147
f 2178/5706/2178 3145/5705/3146 2921/5166/2922
f 3255/5527/3256 3041/5172/3042 3372/5708/3373
f 2611/4396/2612 2911/4966/2912 3254/5709/3255
f 3041/5172/3042 3042/5173/3043 3372/5708/3373
f 2703/4588/2704 3253/5525/3254 3258/5530/3259
f 3372/5708/3373 3042/5173/3043 2921/5166/2922
f 2814/4773/2815 2712/4601/2713 3252/5710/3253
f 3373/5711/3374 2712/4601/2713 2918/5712/2919
f 2912/5364/2913 3037/5164/3038 3369/5713/3370
f 3149/5369/3150 3374/5714/3375 2916/4972/2917
f 3374/5714/3375 3036/5162/3037 2916/4972/2917
f 2914/4969/2915 3036/5365/3037 3375/5715/3376
f 2924/4983/2925 3376/5716/3377 2917/4973/2918
f 2917/4973/2918 3377/5717/3378 2918/4974/2919
f 2821/5163/2822 3263/5536/3264 3037/5164/3038
f 3147/5718/3148 3378/5719/3379 3039/5720/3040
f 3149/5369/3150 3153/5374/3154 3379/5721/3380
f 3039/5720/3040 3378/5719/3379 3043/5722/3044
f 2822/4799/2823 2833/4798/2834 3380/5723/3381
f 2512/5724/2513 3040/5725/3041 3381/5726/3382
f 3045/5177/3046 3265/5541/3266 3382/5727/3383
f 3046/5376/3047 3155/5377/3156 3383/5728/3384
f 3266/5542/3267 3267/5543/3268 3049/5548/3050
f 3264/5540/3265 3270/5551/3271 2828/5538/2829
f 3156/5378/3157 3384/5729/3385 3265/5545/3266
f 3157/5379/3158 3384/5729/3385 3156/5378/3157
f 3157/5379/3158 2635/5730/2636 3384/5729/3385
f 2634/5731/2635 2635/5732/2636 3157/5733/3158
f 3155/5734/3156 3385/5735/3386 3383/5736/3384
f 2520/4615/2521 3386/5737/3387 2635/4613/2636
f 3271/5556/3272 3387/5738/3388 3054/5197/3055
f 3054/5197/3055 3387/5738/3388 3158/5380/3159
f 3155/5377/3156 3388/5739/3389 3385/5740/3386
f 3155/5377/3156 3272/5557/3273 3388/5739/3389
f 3272/5557/3273 3389/5741/3390 3388/5739/3389
f 3272/5557/3273 2838/4809/2839 3389/5741/3390
f 2417/4808/2417 3273/5742/3274 2838/4809/2839
f 2839/5382/2840 3390/5743/3391 3273/5559/3274
f 2840/4812/2841 3391/5744/3392 2833/5002/2834
f 2930/5209/2931 3392/5745/3393 3051/5192/3052
f 2935/5009/2936 3393/5746/3394 2934/5006/2935
f 2520/4615/2521 3275/5561/3276 3386/5737/3387
f 2636/5000/2637 3394/5747/3395 2931/4998/2932
f 2839/5382/2840 3395/5748/3396 3390/5743/3391
f 2930/5209/2931 3396/5749/3397 3392/5745/3393
f 2931/4998/2932 3397/5750/3398 2844/4824/2845
f 2839/5382/2840 3160/5384/3161 3395/5748/3396
f 2930/5209/2931 3058/5208/3059 3396/5749/3397
f 2934/5006/2935 3398/5751/3399 3161/5386/3162
f 2939/5017/2940 3161/5386/3162 3399/5752/3400
f 2844/4824/2845 3397/5750/3398 2723/4825/2724
f 3170/5398/3171 3277/5563/3278 2846/4829/2847
f 2940/5019/2941 2723/5020/2724 3400/5753/3401
f 3399/5752/3400 3172/5564/3173 2939/5017/2940
f 2640/4635/2641 3401/5754/3402 3170/5398/3171
f 3280/5567/3281 3402/5755/3403 3278/5565/3279
f 3278/5565/3279 3402/5755/3403 3171/5399/3172
f 2729/4634/2730 3401/5754/3402 2640/4635/2641
f 3171/5399/3172 3402/5755/3403 3062/5219/3063
f 3403/5756/3404 3169/5757/3170 2851/5035/2852
f 3060/5215/3061 3281/5758/3282 3280/5567/3281
f 2851/5035/2852 3283/5570/3284 3403/5756/3404
f 2843/4836/2844 3067/5239/3068 2840/5759/2841
f 3285/5573/3286 3404/5760/3405 2954/5043/2955
f 2954/5043/2955 3404/5760/3405 2855/4844/2856
f 3177/5761/3178 3405/5762/3406 3068/5763/3069
f 3177/5575/3178 3069/5244/3070 3405/5764/3406
f 3069/5244/3070 3406/5765/3407 3405/5764/3406
f 3069/5766/3070 2955/5767/2956 3407/5768/3408
f 2859/4852/2860 3070/5769/3071 3179/5417/3180
f 2861/4856/2862 2959/5052/2960 2960/5053/2961
f 3180/5580/3181 3408/5770/3409 3182/5420/3183
f 3182/5420/3183 3408/5770/3409 3409/5771/3410
f 2960/5053/2961 2962/5055/2963 2863/4859/2864
f 3073/5421/3074 3182/5420/3183 3409/5771/3410
f 3180/5580/3181 3077/5772/3078 3408/5770/3409
f 2550/4292/2551 3410/5773/3411 2864/4861/2865
f 2552/4294/2553 3411/5774/3412 2550/4292/2551
f 3183/5423/3184 3184/5424/3185 3412/5775/3413
f 3073/5776/3074 3413/5777/3414 2742/5778/2743
f 3414/5779/3415 3187/5780/3188 3186/5427/3187
f 3187/5430/3188 3415/5781/3416 3188/5431/3189
f 3415/5781/3416 3416/5782/3417 3188/5431/3189
f 3292/5586/3293 3417/5783/3418 3418/5784/3419
f 2742/4860/2743 3413/5785/3414 3185/5426/3186
f 3288/5582/3289 3419/5786/3420 3420/5787/3421
f 3290/5584/3291 3419/5786/3420 3288/5582/3289
f 3075/5252/3076 3288/5582/3289 3420/5787/3421
f 3188/5431/3189 3416/5782/3417 3289/5583/3290
f 3192/5438/3193 3421/5788/3422 3294/5590/3295
f 2870/5250/2871 3422/5789/3423 2552/4294/2553
f 3290/5584/3291 3078/5255/3079 3423/5790/3424
f 3289/5583/3290 3424/5791/3425 3291/5585/3292
f 3292/5586/3293 3293/5587/3294 3296/5593/3297
f 3292/5586/3293 3296/5593/3297 3417/5783/3418
f 3425/5792/3426 3193/5793/3194 3294/5794/3295
f 2560/4309/2561 3302/5600/3303 2970/5441/2971
f 3083/5261/3084 3303/5601/3304 3304/5603/3305
f 3304/5603/3305 3303/5601/3304 3426/5795/3427
f 3303/5601/3304 3427/5796/3428 3426/5795/3427
f 3078/5255/3079 3079/5256/3080 3423/5790/3424
f 3194/5797/3195 3193/5793/3194 3428/5798/3429
f 3299/5597/3300 3298/5596/3299 3429/5799/3430
f 3300/5598/3301 3299/5597/3300 3308/5800/3309
f 3308/5607/3309 3299/5801/3300 3430/5802/3431
f 2963/5056/2964 3087/5266/3088 3431/5803/3432
f 2974/5804/2975 2749/4663/2750 3185/5426/3186
f 3426/5795/3427 3432/5805/3433 3195/5442/3196
f 3304/5603/3305 3426/5795/3427 3195/5442/3196
f 3426/5795/3427 3427/5796/3428 3432/5805/3433
f 3197/5806/3198 3433/5807/3434 3086/5808/3087
f 3194/5797/3195 3428/5798/3429 3197/5806/3198
f 3308/5607/3309 3430/5802/3431 3199/5446/3200
f 3199/5446/3200 3430/5802/3431 2975/5069/2976
f 2975/5069/2976 3430/5802/3431 3089/5268/3090
f 3195/5442/3196 3432/5805/3433 3088/5267/3089
f 3089/5268/3090 3434/5809/3435 3090/5269/3091
f 3087/5449/3088 3093/5448/3094 3435/5810/3436
f 3093/5276/3094 3313/5625/3314 3435/5811/3436
f 3090/5452/3091 3436/5812/3437 2982/5079/2983
f 2982/5079/2983 3436/5812/3437 3205/5813/3206
f 3436/5814/3437 3315/5628/3316 3205/5458/3206
f 3202/5454/3203 3437/5815/3438 3313/5625/3314
f 3094/5278/3095 3437/5815/3438 3202/5454/3203
f 3094/5278/3095 3204/5457/3205 3437/5815/3438
f 3204/5457/3205 2240/4520/2240 3314/5627/3315
f 2980/5279/2981 2991/5093/2992 3438/5816/3439
f 3315/5628/3316 3439/5817/3440 3097/5282/3098
f 2879/4895/2880 3099/5286/3100 3440/5818/3441
f 2770/4698/2771 3107/5819/3108 3441/5820/3442
f 3097/5282/3098 3439/5817/3440 3211/5466/3212
f 2462/4158/2463 3442/5821/3443 2781/4713/2782
f 2981/5630/2982 3443/5822/3444 3316/5631/3317
f 2991/5093/2992 3212/5468/3213 3438/5816/3439
f 2770/4698/2771 3105/5300/3106 3107/5819/3108
f 2988/5289/2989 3444/5823/3445 3100/5288/3101
f 3316/5824/3317 3445/5825/3446 2989/5826/2990
f 3316/5824/3317 3443/5827/3444 3445/5825/3446
f 3212/5468/3213 3446/5828/3447 3447/5829/3448
f 3212/5468/3213 3447/5829/3448 3438/5816/3439
f 2987/5285/2988 3098/5284/3099 3320/5637/3321
f 3098/5284/3099 3448/5830/3449 3320/5637/3321
f 3210/5465/3211 3446/5831/3447 3212/5469/3213
f 3318/5635/3319 3449/5832/3450 3319/5636/3320
f 3207/5460/3208 3450/5833/3451 3323/5640/3324
f 3442/5821/3443 3106/5834/3107 2781/4713/2782
f 3214/5472/3215 3451/5835/3452 3321/5638/3322
f 3214/5472/3215 3323/5640/3324 3451/5835/3452
f 1162/5836/1162 2995/5837/2996 2015/5838/2015
f 1162/5836/1162 3108/5839/3109 2995/5837/2996
f 3215/5474/3216 3108/5304/3109 1627/2731/1627
f 2785/4719/2786 3452/5840/3453 3453/5841/3454
f 3454/5842/3455 3455/5843/3456 3456/5844/3457
f 3216/5475/3217 3454/5842/3455 3456/5844/3457
f 2785/4719/2786 3453/5841/3454 3110/5308/3111
f 3223/5482/3224 3457/5845/3458 3327/5645/3328
f 3219/5478/3220 3455/5843/3456 3454/5842/3455
f 3219/5478/3220 3454/5842/3455 3216/5475/3217
f 3325/5643/3326 3458/5846/3459 3326/5644/3327
f 3218/5847/3219 2786/5848/2787 3459/5849/3460
f 3110/5308/3111 3453/5841/3454 3329/5647/3330
f 3460/5850/3461 3461/5851/3462 3331/5652/3332
f 3462/5852/3463 3123/5321/3124 3463/5853/3464
f 3335/5655/3336 3123/5321/3124 3462/5852/3463
f 3335/5655/3336 3462/5852/3463 3222/5481/3223
f 3222/5481/3223 3462/5852/3463 3336/5656/3337
f 3224/5483/3225 3349/5676/3350 3457/5845/3458
f 3224/5483/3225 3457/5845/3458 3223/5482/3224
f 3219/5478/3220 3226/5487/3227 3455/5843/3456
f 3458/5846/3459 3220/5479/3221 3326/5644/3327
f 3341/5666/3342 3464/5854/3465 3330/5648/3331
f 3331/5652/3332 3461/5851/3462 3334/5653/3335
f 3461/5851/3462 3465/5855/3466 3334/5653/3335
f 3329/5663/3330 3466/5856/3467 3340/5664/3341
f 3329/5663/3330 3467/5857/3468 3466/5856/3467
f 3467/5857/3468 3468/5858/3469 3466/5856/3467
f 3342/5859/3343 3468/5860/3469 3341/5861/3342
f 3334/5653/3335 3465/5855/3466 3347/5862/3348
f 2888/5659/2889 3338/5863/3339 3337/5660/3338
f 3225/5484/3226 3469/5864/3470 3338/5661/3339
f 3339/5665/3340 3469/5865/3470 3225/5866/3226
f 3340/5664/3341 3469/5865/3470 3339/5665/3340
f 3466/5856/3467 3469/5865/3470 3340/5664/3341
f 3468/5858/3469 3469/5865/3470 3466/5856/3467
f 3468/5860/3469 3342/5859/3343 3469/5867/3470
f 3465/5855/3466 3352/5868/3353 3347/5862/3348
f 3011/5328/3012 3470/5869/3471 3107/5303/3108
f 3343/5668/3344 3344/5669/3345 3348/5675/3349
f 3226/5870/3227 3471/5871/3472 3472/5872/3473
f 3226/5870/3227 3229/5873/3230 3473/5874/3474
f 3226/5870/3227 3473/5874/3474 3471/5871/3472
f 3342/5667/3343 3348/5675/3349 3353/5875/3354
f 3123/5326/3124 3010/5117/3011 3474/5876/3475
f 3471/5871/3472 3473/5874/3474 3472/5872/3473
f 3232/5493/3233 3353/5875/3354 3348/5675/3349
f 3128/5330/3129 3238/5502/3239 3349/5676/3350
f 3353/5681/3354 3235/5498/3236 3475/5877/3476
f 3129/5331/3130 3234/5495/3235 3356/5685/3357
f 3475/5877/3476 3235/5498/3236 3357/5686/3358
f 3239/5503/3240 3476/5878/3477 3238/5502/3239
f 3239/5503/3240 3477/5879/3478 3476/5878/3477
f 3240/5504/3241 3477/5879/3478 3239/5503/3240
f 3356/5685/3357 3477/5879/3478 3240/5504/3241
f 3357/5686/3358 3354/5683/3355 3478/5880/3479
f 3010/5117/3011 3241/5505/3242 3474/5876/3475
f 3241/5505/3242 3479/5881/3480 3474/5876/3475
f 3241/5505/3242 3012/5119/3013 3479/5881/3480
f 3012/5119/3013 3358/5687/3359 3479/5881/3480
f 3132/5336/3133 3131/5335/3132 3358/5687/3359
f 3011/5118/3012 2896/4934/2897 3243/5509/3244
f 1916/4937/1916 3244/5511/3245 2897/4935/2898
f 2288/3857/2288 3480/5882/3481 3134/5512/3135
f 2690/5883/2691 3014/5123/3015 2167/5122/2167
f 2801/4741/2802 3015/5126/3016 3481/5884/3482
f 2802/4940/2803 3482/5885/3483 3016/5127/3017
f 2290/5344/2290 2804/4746/2805 3362/5886/3363
f 3361/5691/3362 2899/4944/2900 3483/5887/3484
f 2803/5513/2804 3364/5695/3365 2696/4570/2697
f 3245/5514/3246 3483/5887/3484 2899/4944/2900
f 3015/5888/3016 3017/5889/3018 3484/5890/3485
f 2901/4948/2902 3485/5891/3486 3136/5346/3137
f 3137/5347/3138 3486/5892/3487 3023/5348/3024
f 2700/4958/2701 3487/5893/3488 2486/4577/2487
f 2807/4959/2808 3366/5894/3367 3028/5145/3029
f 2489/4193/2490 3488/5895/3489 2174/3663/2174
f 2704/4589/2705 3368/5700/3369 3141/5356/3142
f 2174/5896/2174 3489/5897/3490 1100/5898/1100
f 3490/5899/3491 3491/5900/3492 3492/5901/3493
f 3490/5899/3491 3493/5902/3494 3250/5519/3251
f 3492/5901/3493 3493/5902/3494 3490/5899/3491
f 2907/4960/2908 3249/5518/3250 3144/5361/3145
f 3026/5140/3027 3491/5903/3492 3490/5904/3491
f 3026/5701/3027 3490/5899/3491 3250/5519/3251
f 3034/5905/3035 3370/5906/3371 3368/5700/3369
f 3031/5523/3032 3034/5905/3035 3368/5700/3369
f 3250/5519/3251 3493/5902/3494 2624/5522/2625
f 3493/5902/3494 3494/5907/3495 2624/5522/2625
f 3021/5135/3022 3255/5527/3256 3495/5908/3496
f 3496/5909/3497 3370/5906/3371 3371/5910/3372
f 2912/5364/2913 3369/5713/3370 2812/5911/2813
f 3146/5371/3147 3151/5372/3152 3371/5912/3372
f 3145/5705/3146 3372/5708/3373 2921/5166/2922
f 3258/5530/3259 3253/5525/3254 3497/5913/3498
f 3258/5530/3259 3497/5913/3498 2817/4769/2818
f 2911/4966/2912 3498/5914/3499 3254/5709/3255
f 2913/4968/2914 3259/5531/3260 2915/4970/2916
f 2712/4601/2713 3373/5711/3374 3252/5710/3253
f 3033/5157/3034 3030/5156/3031 3499/5915/3500
f 2624/5522/2625 3256/5528/3257 3040/5916/3041
f 3375/5715/3376 3498/5914/3499 2914/4969/2915
f 2911/4966/2912 2914/4969/2915 3498/5914/3499
f 3033/5157/3034 3499/5915/3500 2919/4977/2920
f 2817/4769/2818 3500/5917/3501 3260/5532/3261
f 3501/5918/3502 3502/5919/3503 3149/5369/3150
f 3374/5714/3375 3149/5369/3150 3502/5919/3503
f 3374/5714/3375 3375/5920/3376 3036/5162/3037
f 3038/5921/3039 3503/5922/3504 3261/5923/3262
f 3038/5167/3039 3504/5924/3505 3503/5925/3504
f 2924/4983/2925 3505/5926/3506 3376/5716/3377
f 3376/5716/3377 3377/5717/3378 2917/4973/2918
f 2919/4977/2920 3506/5927/3507 2819/4776/2820
f 3379/5721/3380 3501/5918/3502 3149/5369/3150
f 3378/5719/3379 3507/5928/3508 3508/5929/3509
f 3378/5719/3379 3147/5718/3148 3507/5928/3508
f 3148/5368/3149 3509/5930/3510 3510/5931/3511
f 3510/5931/3511 3263/5536/3264 3148/5368/3149
f 3148/5368/3149 3263/5536/3264 3262/5535/3263
f 3148/5368/3149 3046/5178/3047 3509/5930/3510
f 3260/5932/3261 3152/5933/3153 3035/5934/3036
f 3260/5935/3261 3511/5936/3512 3152/5373/3153
f 2924/4983/2925 3045/5177/3046 3505/5926/3506
f 3508/5929/3509 3512/5937/3513 3378/5719/3379
f 3046/5178/3047 3383/5938/3384 3509/5930/3510
f 3045/5177/3046 3382/5727/3383 3505/5926/3506
f 3378/5719/3379 3512/5937/3513 3043/5722/3044
f 3153/5374/3154 3513/5939/3514 3379/5721/3380
f 3043/5940/3044 3512/5941/3513 3269/5942/3270
f 2512/5724/2513 3381/5726/3382 3059/5400/3060
f 3152/5373/3153 3514/5943/3515 3267/5543/3268
f 3152/5373/3153 3511/5936/3512 3514/5943/3515
f 3153/5374/3154 3268/5544/3269 3513/5939/3514
f 3049/5548/3050 3267/5543/3268 3515/5944/3516
f 2837/5550/2838 3051/5945/3052 3268/5544/3269
f 3516/5946/3517 3517/5947/3518 3264/5540/3265
f 3264/5540/3265 3517/5947/3518 3270/5551/3271
f 3265/5545/3266 3384/5729/3385 3518/5948/3519
f 3049/5184/3050 3519/5949/3520 3050/5185/3051
f 3515/5944/3516 3519/5950/3520 3049/5548/3050
f 3269/5942/3270 3387/5951/3388 3271/5952/3272
f 3512/5941/3513 3387/5951/3388 3269/5942/3270
f 3385/5735/3386 3388/5953/3389 3520/5954/3521
f 3388/5953/3389 3521/5955/3522 3520/5954/3521
f 3388/5739/3389 3389/5741/3390 3521/5956/3522
f 3050/5185/3051 3522/5957/3523 3274/5560/3275
f 3052/5195/3053 3393/5746/3394 2935/5009/2936
f 3393/5746/3394 3523/5958/3524 2934/5006/2935
f 2931/5959/2932 3394/5960/3395 3397/5961/3398
f 2934/5006/2935 3523/5958/3524 3398/5751/3399
f 3058/5208/3059 3524/5962/3525 3396/5749/3397
f 3277/5563/3278 3525/5963/3526 3276/5562/3277
f 3058/5208/3059 3163/5389/3164 3524/5962/3525
f 2723/5964/2724 3397/5961/3398 3400/5965/3401
f 3170/5398/3171 3525/5963/3526 3277/5563/3278
f 2845/5385/2846 3164/5391/3165 3160/5384/3161
f 3066/5966/3067 3175/5409/3176 3526/5967/3527
f 3400/5753/3401 3279/5566/3280 2940/5019/2941
f 3164/5391/3165 2945/5230/2946 3527/5968/3528
f 2950/5401/2951 3528/5969/3529 2735/5970/2736
f 2945/5230/2946 3063/5229/3064 3527/5968/3528
f 2735/5970/2736 3528/5969/3529 2952/5971/2953
f 3403/5972/3404 3529/5973/3530 3169/5396/3170
f 2729/4634/2730 3530/5974/3531 3401/5754/3402
f 3280/5567/3281 3281/5758/3282 3402/5755/3403
f 3284/5571/3285 3173/5405/3174 3531/5975/3532
f 3068/5976/3069 3405/5977/3406 3532/5978/3533
f 3407/5768/3408 3406/5979/3407 3069/5766/3070
f 3286/5980/3287 3407/5768/3408 2955/5767/2956
f 2659/5415/2660 3178/5414/3179 3287/5981/3288
f 3179/5417/3180 3533/5982/3534 2858/4851/2859
f 3179/5417/3180 3534/5983/3535 3533/5982/3534
f 2858/5984/2859 3535/5985/3536 3286/5986/3287
f 3070/5246/3071 3181/5419/3182 3179/5987/3180
f 3183/5581/3184 3536/5988/3537 3181/5419/3182
f 3537/5989/3538 3183/5423/3184 3412/5775/3413
f 3408/5770/3409 3077/5772/3078 3409/5771/3410
f 3412/5775/3413 3184/5424/3185 2963/5056/2964
f 3409/5990/3410 3077/5991/3078 3538/5992/3539
f 3539/5993/3540 3186/5427/3187 3075/5252/3076
f 3420/5787/3421 3540/5994/3541 3539/5993/3540
f 3539/5993/3540 3540/5994/3541 3541/5995/3542
f 3420/5787/3421 3539/5993/3540 3075/5252/3076
f 3187/5780/3188 3414/5779/3415 3415/5996/3416
f 3420/5787/3421 3419/5786/3420 3542/5997/3543
f 3420/5787/3421 3542/5997/3543 3540/5994/3541
f 3415/5998/3416 3543/5999/3544 3416/6000/3417
f 3543/5999/3544 3424/6001/3425 3416/6000/3417
f 3544/6002/3545 3418/5784/3419 3417/5783/3418
f 3425/6003/3426 3294/5590/3295 3421/5788/3422
f 3419/5786/3420 3423/5790/3424 3542/5997/3543
f 3419/5786/3420 3290/5584/3291 3423/5790/3424
f 3416/6000/3417 3424/6001/3425 3289/6004/3290
f 3544/6002/3545 3417/5783/3418 3296/5593/3297
f 3303/5601/3304 3545/6005/3546 3546/6006/3547
f 3546/6006/3547 3547/6007/3548 3427/5796/3428
f 3303/5601/3304 3546/6006/3547 3427/5796/3428
f 3424/5791/3425 3295/5592/3296 3291/5585/3292
f 3296/5593/3297 3196/5594/3197 3548/6008/3549
f 3425/5792/3426 3428/5798/3429 3193/5793/3194
f 3429/5799/3430 3298/5596/3299 3549/6009/3550
f 2560/4309/2561 3200/5447/3201 3301/5599/3302
f 3547/6007/3548 3432/5805/3433 3427/5796/3428
f 3305/5604/3306 3295/5591/3296 3550/6010/3551
f 3196/5594/3197 3085/5611/3086 3551/6011/3552
f 3428/5798/3429 3433/5807/3434 3197/5806/3198
f 3428/5798/3429 3552/6012/3553 3433/5807/3434
f 3298/5596/3299 3306/5605/3307 3553/6013/3554
f 3298/5596/3299 3553/6013/3554 3549/6009/3550
f 3201/6014/3202 3554/6015/3555 3555/6016/3556
f 3079/5256/3080 3201/6014/3202 3555/6016/3556
f 3085/5611/3086 3310/5613/3311 3551/6011/3552
f 3306/5605/3307 3556/6017/3557 3553/6013/3554
f 3306/5605/3307 3311/5614/3312 3556/6017/3557
f 3089/5268/3090 3430/5802/3431 3434/5809/3435
f 3087/5449/3088 3435/5810/3436 3431/6018/3432
f 3434/6019/3435 3557/6020/3558 3090/5452/3091
f 3435/5811/3436 3313/5625/3314 3558/6021/3559
f 2762/4889/2763 3559/6022/3560 2978/5074/2979
f 2973/5070/2974 2879/5273/2880 3310/6023/3311
f 3092/5451/3093 3206/5459/3207 2886/4913/2887
f 3077/6024/3078 3560/6025/3561 3561/6026/3562
f 2762/4889/2763 3562/6027/3563 3559/6022/3560
f 3077/6024/3078 3091/6028/3092 3560/6025/3561
f 3310/6029/3311 2879/4895/2880 3440/5818/3441
f 2769/4892/2770 3562/6027/3563 2762/4889/2763
f 3313/5625/3314 3437/5815/3438 3558/6021/3559
f 3088/6030/3089 3443/5822/3444 2981/5630/2982
f 3437/5815/3438 3563/6031/3564 3558/6021/3559
f 2761/4683/2762 3564/6032/3565 3096/5281/3097
f 2769/4892/2770 2984/5083/2985 3562/6027/3563
f 3305/5604/3306 3098/6033/3099 2776/4706/2777
f 2980/5279/2981 3438/5816/3439 3565/6034/3566
f 2573/4897/2574 3566/6035/3567 2675/4898/2676
f 2573/6036/2574 2771/6037/2772 3566/6038/3567
f 3208/6039/3209 3567/6040/3568 3201/6041/3202
f 3091/5271/3092 2770/4698/2771 3441/5820/3442
f 2983/5080/2984 3568/6042/3569 2462/4158/2463
f 3315/5628/3316 3569/6043/3570 3439/5817/3440
f 3096/6044/3097 3103/5298/3104 2768/5461/2769
f 2462/4158/2463 3568/6042/3569 3442/5821/3443
f 3444/5823/3445 3570/6045/3571 3100/5288/3101
f 3208/6039/3209 3319/6046/3320 3567/6040/3568
f 3317/5634/3318 3444/6047/3445 2988/5090/2989
f 2989/5826/2990 3445/5825/3446 3317/6048/3318
f 3438/5816/3439 3447/5829/3448 3571/6049/3572
f 3449/5832/3450 3567/6050/3568 3319/5636/3320
f 3446/5831/3447 3210/5465/3211 3572/6051/3573
f 2996/5099/2997 1890/3182/1890 3573/6052/3574
f 3449/5832/3450 3318/5635/3319 3574/6053/3575
f 3318/5635/3319 3320/5637/3321 3574/6053/3575
f 3099/5286/3100 3575/6054/3576 3576/6055/3577
f 3099/5286/3100 3577/6056/3578 3575/6054/3576
f 3099/5286/3100 3321/5638/3322 3577/6056/3578
f 3577/6056/3578 3578/6057/3579 3575/6054/3576
f 3321/5638/3322 3451/5835/3452 3577/6056/3578
f 3577/6056/3578 3451/5835/3452 3578/6057/3579
f 3323/5640/3324 3579/6058/3580 3451/5835/3452
f 3451/5835/3452 3579/6058/3580 3580/6059/3581
f 3580/6060/3581 3457/5845/3458 3349/5676/3350
f 3580/6060/3581 3327/5645/3328 3457/5845/3458
f 3579/6061/3580 3327/5645/3328 3580/6060/3581
f 3579/6061/3580 3328/5646/3329 3327/5645/3328
f 3579/6061/3580 3118/5316/3119 3328/5646/3329
f 3456/5844/3457 3581/6062/3582 3216/5475/3217
f 3216/5475/3217 3581/6062/3582 3325/5643/3326
f 1264/6063/1264 3218/6064/3219 3582/6065/3583
f 3583/6066/3584 3462/5852/3463 3463/5853/3464
f 3583/6066/3584 3584/6067/3585 3462/5852/3463
f 3583/6066/3584 3126/5485/3127 3584/6067/3585
f 3325/5643/3326 3585/6068/3586 3586/6069/3587
f 3462/5852/3463 3584/6067/3585 3336/5656/3337
f 3336/5656/3337 3584/6067/3585 3126/5485/3127
f 3325/5643/3326 3586/6069/3587 3458/5846/3459
f 3330/5648/3331 3464/5854/3465 3331/5649/3332
f 3464/6070/3465 3460/5850/3461 3331/5652/3332
f 3460/5850/3461 3587/6071/3588 3461/5851/3462
f 3123/5321/3124 3588/6072/3589 3463/5853/3464
f 3123/6073/3124 3589/6074/3590 3588/6075/3589
f 3341/5861/3342 3468/5860/3469 3464/6076/3465
f 3461/5851/3462 3587/6071/3588 3465/5855/3466
f 3587/6071/3588 3352/5868/3353 3465/5855/3466
f 3229/5873/3230 3220/6077/3221 3590/6078/3591
f 3469/5867/3470 3342/5859/3343 3591/6079/3592
f 3226/5870/3227 3472/5872/3473 3592/6080/3593
f 3229/5873/3230 3590/6078/3591 3473/5874/3474
f 3342/5859/3343 3353/6081/3354 3591/6079/3592
f 3351/5682/3352 3352/6082/3353 3355/5684/3356
f 3353/5681/3354 3475/5877/3476 3593/6083/3594
f 3475/5877/3476 3594/6084/3595 3593/6083/3594
f 3475/5877/3476 3357/5686/3358 3594/6084/3595
f 3476/5878/3477 3595/6085/3596 3238/5502/3239
f 2035/6086/2035 3596/6087/3597 3130/6088/3131
f 3357/5686/3358 3597/6089/3598 3594/6084/3595
f 3357/5686/3358 3478/5880/3479 3597/6089/3598
f 3478/5880/3479 3354/5683/3355 3598/6090/3599
f 3355/5684/3356 3598/6090/3599 3354/5683/3355
f 3479/6091/3480 3358/6092/3359 3599/6093/3600
f 979/3448/979 3130/5506/3131 3600/6094/3601
f 3243/5509/3244 3601/6095/3602 3011/5118/3012
f 2799/4739/2800 3133/5337/3134 2600/4375/2601
f 3013/5121/3014 3481/5884/3482 3243/5509/3244
f 3013/5121/3014 2801/4741/2802 3481/5884/3482
f 3134/6096/3135 3602/6097/3603 2800/4742/2801
f 2901/4948/2902 2605/4947/2606 3603/6098/3604
f 2173/5353/2173 3141/5355/3142 3363/6099/3364
f 3017/5131/3018 3021/5135/3022 3484/6100/3485
f 3247/5516/3248 3604/6101/3605 3365/5696/3366
f 2489/6102/2490 2053/6103/2053 3605/6104/3606
f 3248/5517/3249 3606/6105/3607 3366/5697/3367
f 3020/5134/3021 3140/5352/3141 3607/6106/3608
f 3020/5134/3021 3607/6106/3608 3138/5349/3139
f 3020/5134/3021 3138/5349/3139 2808/4756/2809
f 3496/5909/3497 3368/5700/3369 3370/5906/3371
f 3026/5140/3027 3369/5702/3370 3491/5903/3492
f 3608/6107/3609 3371/5912/3372 3609/6108/3610
f 3496/6109/3497 3371/5912/3372 3608/6107/3609
f 3024/5138/3025 3254/5526/3255 3610/6110/3611
f 3144/5361/3145 3611/6111/3612 3145/5362/3146
f 3140/5352/3141 3252/5524/3253 3612/6112/3613
f 2624/5522/2625 3494/5907/3495 3257/5529/3258
f 3371/5912/3372 3151/5372/3152 3609/6108/3610
f 3145/5705/3146 3613/6113/3614 3372/5708/3373
f 3028/5145/3029 3614/6114/3615 2913/4968/2914
f 2913/4968/2914 3614/6114/3615 3259/5531/3260
f 3256/5528/3257 3381/6115/3382 3040/5916/3041
f 2822/6116/2823 3615/6117/3616 1809/6118/1809
f 2817/4769/2818 3497/5913/3498 3500/5917/3501
f 3259/5531/3260 3616/6119/3617 3504/5924/3505
f 3259/5531/3260 3504/5924/3505 3038/5167/3039
f 3377/5717/3378 3373/6120/3374 2918/4974/2919
f 2919/4977/2920 3499/5915/3500 3506/5927/3507
f 3037/5164/3038 3617/6121/3618 3369/5713/3370
f 3500/6122/3501 3618/6123/3619 3260/6124/3261
f 3261/5923/3262 3503/5922/3504 3619/6125/3620
f 2819/4776/2820 3506/5927/3507 3147/5366/3148
f 3263/5536/3264 3617/6121/3618 3037/5164/3038
f 3501/5918/3502 3379/5721/3380 3620/6126/3621
f 3261/5923/3262 3619/6125/3620 3150/6127/3151
f 3507/5928/3508 3147/5718/3148 3621/6128/3622
f 3507/5928/3508 3621/6128/3622 3508/5929/3509
f 3508/5929/3509 3621/6128/3622 3622/6129/3623
f 3621/6128/3622 3263/5536/3264 3622/6129/3623
f 3509/5930/3510 3622/6129/3623 3510/5931/3511
f 3510/5931/3511 3622/6129/3623 3263/5536/3264
f 3618/6123/3619 3511/6130/3512 3260/6124/3261
f 3619/6125/3620 3264/6131/3265 3150/6127/3151
f 3509/5930/3510 3383/5938/3384 3622/6129/3623
f 3165/6132/3166 3623/6133/3624 3151/6134/3152
f 3619/6135/3620 3624/6136/3625 3264/5540/3265
f 3508/5929/3509 3622/6129/3623 3512/5937/3513
f 3513/5939/3514 3620/6126/3621 3379/5721/3380
f 3382/5727/3383 3625/6137/3626 3505/5926/3506
f 3622/6129/3623 3626/6138/3627 3512/5937/3513
f 3383/5938/3384 3626/6138/3627 3622/6129/3623
f 3625/6139/3626 3382/6140/3383 3624/6136/3625
f 3620/6126/3621 3513/5939/3514 3627/6141/3628
f 3628/6142/3629 3514/5943/3515 3511/5936/3512
f 3513/6143/3514 3629/6144/3630 3627/6145/3628
f 3513/6143/3514 3268/6146/3269 3629/6144/3630
f 3624/6136/3625 3516/5946/3517 3264/5540/3265
f 3382/6140/3383 3265/5545/3266 3624/6136/3625
f 3267/5543/3268 3514/5943/3515 3515/5944/3516
f 3265/5545/3266 3518/5948/3519 3624/6136/3625
f 2635/4613/2636 3630/6147/3631 3384/6148/3385
f 3383/5736/3384 3385/5735/3386 3626/6149/3627
f 3052/5195/3053 3631/6150/3632 3393/5746/3394
f 3270/5551/3271 3631/6151/3632 3052/6152/3053
f 2635/4613/2636 3386/5737/3387 3630/6147/3631
f 3387/5738/3388 3632/6153/3633 3158/5380/3159
f 3512/5941/3513 3626/6149/3627 3387/5951/3388
f 3626/6149/3627 3632/6154/3633 3387/5951/3388
f 3385/5735/3386 3632/6154/3633 3626/6149/3627
f 3385/5735/3386 3633/6155/3634 3632/6154/3633
f 3385/5735/3386 3521/5955/3522 3633/6155/3634
f 3520/5954/3521 3521/5955/3522 3385/5735/3386
f 2838/4809/2839 3273/5742/3274 3389/5741/3390
f 3519/5949/3520 3522/5957/3523 3050/5185/3051
f 3392/5745/3393 3396/5749/3397 3634/6156/3635
f 3275/5561/3276 3276/5562/3277 3386/5737/3387
f 3394/5960/3395 3635/6157/3636 3397/5961/3398
f 3165/5392/3166 3066/5237/3067 3636/6158/3637
f 3522/5957/3523 3637/6159/3638 3274/5560/3275
f 3274/5560/3275 3637/6159/3638 2938/5014/2939
f 3524/5962/3525 3634/6156/3635 3396/5749/3397
f 3526/5967/3527 3636/6160/3637 3066/5966/3067
f 2938/5014/2939 3637/6159/3638 3162/6161/3163
f 3161/5386/3162 3398/5751/3399 3399/5752/3400
f 3169/5396/3170 3524/5962/3525 3163/5389/3164
f 3164/5391/3165 3638/6162/3639 3160/5384/3161
f 3639/6163/3640 3065/5233/3066 3162/5387/3163
f 3169/5396/3170 3529/5973/3530 3524/5962/3525
f 3399/5752/3400 3640/6164/3641 3172/5564/3173
f 3170/5398/3171 3401/5754/3402 3525/5963/3526
f 3640/6165/3641 3173/5405/3174 3172/5404/3173
f 3528/5969/3529 3174/6166/3175 2952/5971/2953
f 3641/6167/3642 3063/5229/3064 3642/6168/3643
f 3641/6167/3642 3527/5968/3528 3063/5229/3064
f 3643/6169/3644 3403/5756/3404 3283/5570/3284
f 3643/6169/3644 3529/6170/3530 3403/5756/3404
f 3281/5758/3282 3282/6171/3283 3402/5755/3403
f 3282/6171/3283 3062/5219/3063 3402/5755/3403
f 3642/6168/3643 3063/5229/3064 3282/5569/3283
f 3530/6172/3531 2729/5572/2730 3531/5975/3532
f 3531/5975/3532 2729/5572/2730 3284/5571/3285
f 3178/6173/3179 3068/6174/3069 3644/6175/3645
f 3068/5976/3069 3532/5978/3533 3644/6176/3645
f 3532/6177/3533 3405/6178/3406 3645/6179/3646
f 3406/5979/3407 3646/6180/3647 3405/6181/3406
f 3646/6180/3647 3406/5979/3407 3407/5768/3408
f 3646/6180/3647 3407/5768/3408 3286/5980/3287
f 3286/6182/3287 3535/6183/3536 3646/6184/3647
f 3534/5983/3535 2858/4851/2859 3533/5982/3534
f 3645/6185/3646 3405/6186/3406 3646/6187/3647
f 3179/5987/3180 3181/5419/3182 3534/6188/3535
f 3647/6189/3648 3181/5419/3182 3536/5988/3537
f 3411/5774/3412 3410/5773/3411 2550/4292/2551
f 3414/5779/3415 3186/5427/3187 3539/5993/3540
f 3648/6190/3649 3649/6191/3650 3414/6192/3415
f 3414/6192/3415 3649/6191/3650 3415/6193/3416
f 3648/6194/3649 3650/6195/3651 3649/6196/3650
f 3418/6197/3419 3651/6198/3652 3652/6199/3653
f 3418/6200/3419 3653/6201/3654 3292/6202/3293
f 3654/6203/3655 3539/5993/3540 3655/6204/3656
f 3655/6204/3656 3539/5993/3540 3541/5995/3542
f 3543/5999/3544 3415/5998/3416 3649/6196/3650
f 3543/5999/3544 3649/6196/3650 3650/6195/3651
f 3651/6205/3652 3544/6206/3545 3656/6207/3657
f 3651/6208/3652 3418/5784/3419 3544/6002/3545
f 3292/5588/3293 3653/6209/3654 3192/5438/3193
f 3073/5776/3074 3409/5990/3410 3657/6210/3658
f 3655/6204/3656 3541/5995/3542 3540/5994/3541
f 3650/6195/3651 3424/6001/3425 3543/5999/3544
f 3192/5438/3193 3653/6209/3654 3421/5788/3422
f 3421/5788/3422 3653/6209/3654 3658/6211/3659
f 3421/6212/3422 3658/6213/3659 3425/6214/3426
f 3073/5776/3074 3657/6210/3658 3413/5777/3414
f 3409/5990/3410 3538/5992/3539 3657/6210/3658
f 3540/5994/3541 3542/5997/3543 3655/6204/3656
f 3655/6204/3656 3542/5997/3543 3423/5790/3424
f 3429/5799/3430 3659/6215/3660 3660/6216/3661
f 3429/5799/3430 3660/6216/3661 3299/5597/3300
f 3412/5775/3413 2963/5056/2964 3431/5803/3432
f 3661/6217/3662 3303/6218/3304 3302/5600/3303
f 3661/6219/3662 3545/6220/3546 3303/6221/3304
f 3662/6222/3663 3424/6001/3425 3650/6195/3651
f 3544/6206/3545 3663/6223/3664 3664/6224/3665
f 3429/5799/3430 3549/6009/3550 3659/6215/3660
f 3665/6225/3666 3430/5802/3431 3299/5801/3300
f 3666/6226/3667 3302/5600/3303 3301/5599/3302
f 3547/6227/3548 3546/6228/3547 3545/6229/3546
f 3544/6002/3545 3296/5593/3297 3663/6230/3664
f 3667/6231/3668 3668/6232/3669 3425/5792/3426
f 3669/6233/3670 3666/6226/3667 3301/5599/3302
f 3670/6234/3671 3423/5790/3424 3079/5256/3080
f 3671/6235/3672 3295/6236/3296 3424/6237/3425
f 3662/6222/3663 3671/6238/3672 3424/6001/3425
f 3663/6230/3664 3296/5593/3297 3548/6008/3549
f 3425/5792/3426 3668/6232/3669 3428/5798/3429
f 3301/5599/3302 3200/5447/3201 3669/6233/3670
f 3551/6011/3552 3548/6008/3549 3196/5594/3197
f 3672/6239/3673 3433/5807/3434 3552/6012/3553
f 3672/6239/3673 3552/6012/3553 3428/5798/3429
f 3672/6239/3673 3428/5798/3429 3668/6232/3669
f 3673/6240/3674 3549/6009/3550 3553/6013/3554
f 3547/6007/3548 3674/6241/3675 3432/5805/3433
f 3675/6242/3676 3092/5272/3093 3086/5264/3087
f 3675/6243/3676 3086/5808/3087 3433/5807/3434
f 3673/6240/3674 3553/6013/3554 3556/6017/3557
f 3676/6244/3677 3556/6017/3557 3311/5614/3312
f 3311/5614/3312 3312/6245/3313 3676/6244/3677
f 3674/6241/3675 3088/5267/3089 3432/5805/3433
f 3676/6244/3677 3312/6245/3313 3677/6246/3678
f 3077/5991/3078 3561/6247/3562 3538/5992/3539
f 3422/6248/3423 2870/4873/2871 2976/5071/2977
f 3550/6010/3551 3098/6033/3099 3305/5604/3306
f 3678/6249/3679 3435/5810/3436 3558/6250/3559
f 3565/6251/3566 3312/6245/3313 2980/6252/2981
f 3090/5452/3091 3557/6020/3558 3436/5812/3437
f 3679/6253/3680 3436/5812/3437 3557/6020/3558
f 3680/6254/3681 3564/6032/3565 2761/4683/2762
f 3436/5812/3437 3679/6253/3680 3315/6255/3316
f 3681/6256/3682 3315/6255/3316 3679/6253/3680
f 3558/6257/3559 3682/6258/3683 3683/6259/3684
f 3563/6031/3564 3682/6260/3683 3558/6021/3559
f 3684/6261/3685 3683/6259/3684 3682/6258/3683
f 3684/6262/3685 3682/6260/3683 3685/6263/3686
f 3685/6263/3686 3682/6260/3683 3563/6031/3564
f 3554/6264/3555 3201/6265/3202 3567/6266/3568
f 3681/6267/3682 3569/6043/3570 3315/5628/3316
f 3091/6028/3092 3441/6268/3442 3560/6025/3561
f 3440/5818/3441 3099/5286/3100 3576/6055/3577
f 2880/4903/2881 1890/3182/1890 898/3184/898
f 3443/5827/3444 3686/6269/3687 3445/5825/3446
f 3687/6270/3688 3686/6269/3687 3443/5827/3444
f 3688/6271/3689 3438/5816/3439 3571/6049/3572
f 3689/6272/3690 3317/6048/3318 3445/5825/3446
f 3689/6272/3690 3445/5825/3446 3686/6269/3687
f 3687/6270/3688 3689/6272/3690 3686/6269/3687
f 3690/6273/3691 3448/5830/3449 3098/5284/3099
f 3210/6274/3211 3211/5466/3212 3691/6275/3692
f 3692/6276/3693 3450/5833/3451 3207/5460/3208
f 3572/6277/3573 3571/6049/3572 3447/5829/3448
f 3446/5828/3447 3572/6277/3573 3447/5829/3448
f 3449/5832/3450 3574/6053/3575 3567/6050/3568
f 3448/5830/3449 3693/6278/3694 3320/5637/3321
f 3690/6273/3691 3693/6278/3694 3448/5830/3449
f 3574/6053/3575 3320/5637/3321 3694/6279/3695
f 3320/5637/3321 3693/6278/3694 3694/6279/3695
f 3567/6050/3568 3574/6053/3575 3695/6280/3696
f 3696/6281/3697 3694/6279/3695 3693/6278/3694
f 3694/6279/3695 3695/6280/3696 3574/6053/3575
f 3697/6282/3698 3323/5640/3324 3450/5833/3451
f 3694/6279/3695 3583/6066/3584 3695/6280/3696
f 3696/6281/3697 3583/6066/3584 3694/6279/3695
f 3698/6283/3699 3575/6054/3576 3580/6059/3581
f 3578/6057/3579 3580/6059/3581 3575/6054/3576
f 3451/5835/3452 3580/6059/3581 3578/6057/3579
f 3697/6282/3698 3579/6058/3580 3323/5640/3324
f 3106/5301/3107 3452/5840/3453 2785/4719/2786
f 3695/6280/3696 3583/6066/3584 3463/5853/3464
f 3696/6281/3697 3126/5485/3127 3583/6066/3584
f 3579/6061/3580 3697/6284/3698 3118/5316/3119
f 3699/6285/3700 3581/6286/3582 3455/6287/3456
f 3455/5843/3456 3581/6062/3582 3456/5844/3457
f 3700/6288/3701 3325/5643/3326 3581/6062/3582
f 3700/6288/3701 3585/6068/3586 3325/5643/3326
f 3701/6289/3702 3695/6280/3696 3588/6072/3589
f 3463/5853/3464 3588/6072/3589 3695/6280/3696
f 3698/6290/3699 3580/6060/3581 3349/5676/3350
f 3702/6291/3703 3109/5307/3110 2783/5306/2784
f 2256/3798/2256 3702/6292/3703 2783/4715/2784
f 3703/6293/3704 3586/6069/3587 3704/6294/3705
f 3585/6068/3586 3704/6294/3705 3586/6069/3587
f 3701/6295/3702 3588/6075/3589 3589/6074/3590
f 3703/6293/3704 3458/5846/3459 3586/6069/3587
f 3705/6296/3706 3329/5647/3330 3453/5841/3454
f 3705/6297/3706 3467/5857/3468 3329/5663/3330
f 3706/6298/3707 3468/5858/3469 3467/5857/3468
f 3707/6299/3708 3468/5858/3469 3706/6298/3707
f 3707/6300/3708 3464/6301/3465 3468/6302/3469
f 3220/5479/3221 3458/5846/3459 3590/6303/3591
f 3590/6303/3591 3458/5846/3459 3703/6293/3704
f 3708/6304/3709 3131/5335/3132 3126/5678/3127
f 2998/6305/2999 2684/5305/2685 3709/6306/3710
f 3709/6306/3710 2684/5305/2685 3109/5307/3110
f 3589/6307/3590 3123/5326/3124 3474/5876/3475
f 3234/5495/3235 3007/5112/3008 3118/5316/3119
f 3226/5870/3227 3592/6080/3593 3455/6308/3456
f 2786/5848/2787 3337/6309/3338 3710/6310/3711
f 3469/5867/3470 3591/6079/3592 3338/6311/3339
f 3592/6080/3593 3472/5872/3473 3711/6312/3712
f 3590/6078/3591 3711/6312/3712 3472/5872/3473
f 3472/5872/3473 3473/5874/3474 3590/6078/3591
f 3590/6078/3591 3712/6313/3713 3711/6312/3712
f 3353/6081/3354 3713/6314/3714 3591/6079/3592
f 3596/6315/3597 2035/3439/2035 1780/2987/1780
f 3593/6316/3594 3713/6314/3714 3353/6081/3354
f 3714/6317/3715 3470/5869/3471 3011/5328/3012
f 3715/6318/3716 3355/5684/3356 3352/6082/3353
f 3713/6314/3714 3593/6316/3594 3716/6319/3717
f 3716/6319/3717 3593/6316/3594 3717/6320/3718
f 3593/6083/3594 3594/6084/3595 3717/6321/3718
f 3718/6322/3719 3238/5502/3239 3595/6085/3596
f 3717/6321/3718 3594/6084/3595 3597/6089/3598
f 3715/6318/3716 3598/6090/3599 3355/5684/3356
f 3719/6323/3720 3595/6085/3596 3476/5878/3477
f 3719/6323/3720 3476/5878/3477 3477/5879/3478
f 3478/5880/3479 3598/6090/3599 3720/6324/3721
f 3715/6318/3716 3720/6324/3721 3598/6090/3599
f 3474/6325/3475 3479/6091/3480 3721/6326/3722
f 3722/6327/3723 3358/6328/3359 3131/6329/3132
f 3722/6327/3723 3599/6330/3600 3358/6328/3359
f 3243/5509/3244 3481/5884/3482 3601/6095/3602
f 3723/6331/3724 3602/6097/3603 3134/6096/3135
f 3724/6332/3725 2800/4742/2801 3602/6097/3603
f 3480/5882/3481 2288/3857/2288 3725/6333/3726
f 3724/6332/3725 3360/5689/3361 2800/4742/2801
f 3364/6334/3365 2803/4744/2804 3360/5689/3361
f 3484/6335/3485 3481/5884/3482 3015/5126/3016
f 3359/5688/3360 3482/5885/3483 2802/4940/2803
f 3726/6336/3727 2804/4746/2805 3016/5127/3017
f 3603/6098/3604 3485/5891/3486 2901/4948/2902
f 3485/5891/3486 3727/6337/3728 3136/5346/3137
f 3727/6337/3728 3137/5347/3138 3136/5346/3137
f 3606/6105/3607 3248/5517/3249 2905/4953/2906
f 3728/6338/3729 3368/6339/3369 3729/6340/3730
f 3484/6100/3485 3021/5135/3022 3495/5908/3496
f 3606/6105/3607 3730/6341/3731 3366/5697/3367
f 3731/6342/3732 3732/6343/3733 3733/6344/3734
f 3729/6345/3730 3733/6344/3734 3732/6343/3733
f 3727/6337/3728 3486/5892/3487 3137/5347/3138
f 3734/6346/3735 3247/5516/3248 3024/5351/3025
f 3367/5699/3368 3735/6347/3736 3139/5350/3140
f 3731/6342/3732 3733/6344/3734 3736/6348/3737
f 3729/6345/3730 3496/6349/3497 3733/6344/3734
f 3729/6340/3730 3368/6339/3369 3496/6350/3497
f 3737/6351/3738 3022/5136/3023 3139/5350/3140
f 3735/6347/3736 3737/6351/3738 3139/5350/3140
f 3736/6348/3737 3733/6344/3734 3738/6352/3739
f 3733/6344/3734 3739/6353/3740 3738/6352/3739
f 3733/6344/3734 3496/6349/3497 3608/6354/3609
f 3733/6344/3734 3609/6355/3610 3739/6353/3740
f 3739/6353/3740 3609/6355/3610 3740/6356/3741
f 3733/6344/3734 3608/6354/3609 3609/6355/3610
f 2700/4584/2701 2811/4763/2812 3741/6357/3742
f 3730/6358/3731 3028/5145/3029 3366/5894/3367
f 3742/6359/3743 3743/6360/3744 3492/5901/3493
f 3743/6360/3744 3744/6361/3745 3492/5901/3493
f 3742/6359/3743 3492/5901/3493 3491/5900/3492
f 3744/6361/3745 3493/5902/3494 3492/5901/3493
f 3255/5527/3256 3372/5708/3373 3495/5908/3496
f 3745/6362/3746 3140/5352/3141 3612/6112/3613
f 3032/6363/3033 2402/6364/2402 3746/6365/3747
f 3745/6362/3746 3612/6112/3613 3747/6366/3748
f 3372/5708/3373 3613/6113/3614 3748/6367/3749
f 3145/5362/3146 3611/6111/3612 3749/6368/3750
f 3145/5362/3146 3749/6368/3750 3613/6369/3614
f 3750/6370/3751 1676/2809/1676 2910/4965/2911
f 3610/6110/3611 3254/5526/3255 3751/6371/3752
f 3752/6372/3753 3028/5145/3029 3730/6358/3731
f 3253/5525/3254 3023/5137/3024 3486/6373/3487
f 3752/6372/3753 3614/6114/3615 3028/5145/3029
f 3747/6366/3748 3612/6112/3613 3753/6374/3754
f 3751/6375/3752 3254/5709/3255 3754/6376/3755
f 3612/6112/3613 3252/5524/3253 3753/6374/3754
f 3614/6114/3615 3616/6119/3617 3259/5531/3260
f 3754/6376/3755 3254/5709/3255 3498/5914/3499
f 3252/5710/3253 3373/5711/3374 3753/6377/3754
f 3500/6122/3501 3755/6378/3756 3618/6123/3619
f 3755/6378/3756 3756/6379/3757 3618/6123/3619
f 3755/6378/3756 3501/5918/3502 3756/6379/3757
f 3755/6378/3756 3502/5919/3503 3501/5918/3502
f 3375/5920/3376 3374/5714/3375 3502/5919/3503
f 3503/5922/3504 3505/6380/3506 3619/6125/3620
f 3503/5922/3504 3376/6381/3377 3505/6380/3506
f 3757/6382/3758 3621/6128/3622 3147/5718/3148
f 3756/6379/3757 3620/6126/3621 3618/6123/3619
f 3501/5918/3502 3620/6126/3621 3756/6379/3757
f 3505/5926/3506 3625/6137/3626 3619/6383/3620
f 3619/6383/3620 3625/6137/3626 3624/6384/3625
f 3511/5936/3512 3618/6385/3619 3628/6142/3629
f 3618/6123/3619 3620/6126/3621 3628/6386/3629
f 3620/6387/3621 3627/6388/3628 3628/6142/3629
f 3758/6389/3759 3514/5943/3515 3628/6142/3629
f 3628/6142/3629 3627/6388/3628 3758/6389/3759
f 3627/6388/3628 3629/6390/3630 3758/6389/3759
f 3759/6391/3760 3165/6132/3166 3636/6160/3637
f 3760/6392/3761 3517/5947/3518 3516/5946/3517
f 3760/6392/3761 3516/5946/3517 3624/6136/3625
f 3624/6136/3625 3518/5948/3519 3760/6392/3761
f 3515/5944/3516 3761/6393/3762 3519/5950/3520
f 3631/6151/3632 3270/5551/3271 3517/5947/3518
f 3762/6394/3763 3394/6395/3395 2636/6396/2637
f 3762/6394/3763 2636/6396/2637 3158/6397/3159
f 3632/6154/3633 3633/6155/3634 3521/5955/3522
f 3273/5742/3274 3521/5956/3522 3389/5741/3390
f 3763/6398/3764 3273/5559/3274 3390/5743/3391
f 3764/6399/3765 3522/6400/3523 3519/5950/3520
f 3051/5192/3052 3392/5745/3393 3765/6401/3766
f 3765/6401/3766 3392/5745/3393 3766/6402/3767
f 3766/6402/3767 3392/5745/3393 3634/6156/3635
f 3386/5737/3387 3276/5562/3277 3767/6403/3768
f 3768/6404/3769 3398/5751/3399 3523/5958/3524
f 3769/6405/3770 3397/5961/3398 3635/6157/3636
f 3770/6406/3771 3395/5748/3396 3771/6407/3772
f 3771/6407/3772 3395/5748/3396 3160/5384/3161
f 3059/5400/3060 3772/6408/3773 2950/5401/2951
f 3772/6408/3773 3528/5969/3529 2950/5401/2951
f 3773/6409/3774 2104/3551/2104 1317/6410/1317
f 3276/5562/3277 3525/5963/3526 3767/6403/3768
f 3175/5409/3176 3174/5408/3175 3526/5967/3527
f 3768/6404/3769 3399/5752/3400 3398/5751/3399
f 3769/6405/3770 3400/5965/3401 3397/5961/3398
f 3160/5384/3161 3638/6162/3639 3771/6407/3772
f 3639/6163/3640 3162/5387/3163 3637/6411/3638
f 3524/5962/3525 3529/5973/3530 3774/6412/3775
f 3164/5391/3165 3527/5968/3528 3638/6162/3639
f 3775/6413/3776 2947/5028/2948 3065/5406/3066
f 3530/5974/3531 3776/6414/3777 3401/5754/3402
f 3777/6415/3778 2531/4264/2532 3279/5566/3280
f 3778/6416/3779 3531/5975/3532 3173/5405/3174
f 2531/4264/2532 3777/6415/3778 2730/4636/2731
f 2730/6417/2731 3779/6418/3780 3281/5758/3282
f 2730/6417/2731 3777/6419/3778 3779/6418/3780
f 3780/6420/3781 1541/2578/1541 3773/6409/3774
f 3773/6409/3774 1541/2578/1541 2104/3551/2104
f 3780/6420/3781 2953/5042/2954 1541/2578/1541
f 2856/6421/2857 1848/4278/1848 3176/5412/3177
f 3178/6173/3179 3644/6175/3645 3781/6422/3782
f 3178/5414/3179 3782/6423/3783 3287/5981/3288
f 3178/5414/3179 3781/6424/3782 3782/6423/3783
f 2858/4851/2859 3534/5983/3535 3535/6425/3536
f 3287/5579/3288 3782/6426/3783 2959/5052/2960
f 3534/5983/3535 3783/6427/3784 3535/6425/3536
f 3782/6426/3783 2960/5053/2961 2959/5052/2960
f 3646/6428/3647 3784/6429/3785 3645/6430/3646
f 3181/5419/3182 3785/6431/3786 3534/6188/3535
f 3181/5419/3182 3647/6189/3648 3785/6431/3786
f 3183/5423/3184 3537/5989/3538 3536/6432/3537
f 2960/5053/2961 3786/6433/3787 2962/5055/2963
f 3784/6434/3785 3648/6435/3649 3787/6436/3788
f 3784/6437/3785 3788/6438/3789 3648/6194/3649
f 3646/6184/3647 3653/6201/3654 3652/6439/3653
f 3410/5773/3411 3789/6440/3790 2864/4861/2865
f 3410/5773/3411 3411/5774/3412 3789/6440/3790
f 3648/6441/3649 3414/6442/3415 3787/6443/3788
f 3414/5779/3415 3539/5993/3540 3654/6203/3655
f 3652/6199/3653 3651/6198/3652 3788/6444/3789
f 3652/6439/3653 3653/6201/3654 3418/6200/3419
f 3648/6194/3649 3788/6438/3789 3650/6195/3651
f 3651/6205/3652 3664/6224/3665 3788/6438/3789
f 3651/6205/3652 3656/6207/3657 3664/6224/3665
f 2962/5055/2963 3786/6433/3787 2964/5057/2965
f 3790/6445/3791 3791/6446/3792 3792/6447/3793
f 3793/6448/3794 3660/6216/3661 3794/6449/3795
f 3792/6447/3793 3791/6446/3792 3795/6450/3796
f 3794/6449/3795 3667/6231/3668 3425/5792/3426
f 3794/6449/3795 3796/6451/3797 3667/6231/3668
f 3660/6216/3661 3659/6215/3660 3794/6449/3795
f 3660/6216/3661 3665/6452/3666 3299/5597/3300
f 3661/6219/3662 3797/6453/3798 3545/6220/3546
f 3795/6450/3796 3791/6446/3792 3797/6454/3798
f 3656/6207/3657 3544/6206/3545 3664/6224/3665
f 3412/5775/3413 3431/5803/3432 3537/5989/3538
f 3661/6217/3662 3302/5600/3303 3666/6226/3667
f 3545/6229/3546 3797/6454/3798 3798/6455/3799
f 3797/6454/3798 3791/6446/3792 3798/6455/3799
f 3788/6438/3789 3662/6222/3663 3650/6195/3651
f 3794/6449/3795 3549/6009/3550 3796/6451/3797
f 3659/6215/3660 3549/6009/3550 3794/6449/3795
f 3537/5989/3538 3431/5803/3432 3799/6456/3800
f 3545/6229/3546 3798/6455/3799 3547/6227/3548
f 3665/6225/3666 3800/6457/3801 3430/5802/3431
f 3538/6458/3539 3801/6459/3802 3657/6460/3658
f 3663/6223/3664 3802/6461/3803 3664/6224/3665
f 3663/6230/3664 3548/6008/3549 3802/6462/3803
f 3667/6231/3668 3796/6451/3797 3668/6232/3669
f 3079/5256/3080 3555/6016/3556 3670/6234/3671
f 3550/6463/3551 3295/6236/3296 3803/6464/3804
f 3671/6235/3672 3803/6464/3804 3295/6236/3296
f 3668/6232/3669 3804/6465/3805 3672/6239/3673
f 3796/6451/3797 3804/6465/3805 3668/6232/3669
f 3796/6451/3797 3673/6240/3674 3804/6465/3805
f 3549/6009/3550 3673/6240/3674 3796/6451/3797
f 3430/5802/3431 3800/6457/3801 3434/5809/3435
f 3547/6007/3548 3805/6466/3806 3674/6241/3675
f 3806/6467/3807 3805/6468/3806 3547/6227/3548
f 3672/6239/3673 3807/6469/3808 3433/5807/3434
f 3672/6239/3673 3804/6465/3805 3807/6469/3808
f 3673/6240/3674 3676/6244/3677 3804/6465/3805
f 3556/6017/3557 3676/6244/3677 3673/6240/3674
f 3185/5426/3186 3413/5785/3414 2974/5804/2975
f 3786/6433/3787 3203/5618/3204 2964/5057/2965
f 3674/6241/3675 3805/6466/3806 3808/6470/3809
f 3675/6242/3676 3206/6471/3207 3092/5272/3093
f 2978/5622/2979 3809/6472/3810 3200/5623/3201
f 3674/6241/3675 3808/6470/3809 3088/5267/3089
f 3431/6018/3432 3435/5810/3436 3678/6249/3679
f 3810/6473/3811 3557/6020/3558 3434/6019/3435
f 3088/6474/3089 3808/6475/3809 3443/6476/3444
f 2978/5074/2979 3559/6022/3560 3809/6477/3810
f 2761/4683/2762 2974/5068/2975 3680/6254/3681
f 3559/6022/3560 3562/6027/3563 3809/6477/3810
f 3678/6249/3679 3683/6478/3684 3811/6479/3812
f 3678/6480/3679 3558/6257/3559 3683/6259/3684
f 3561/6026/3562 3560/6025/3561 3812/6481/3813
f 3811/6482/3812 3813/6483/3814 3679/6253/3680
f 3811/6484/3812 3814/6485/3815 3813/6486/3814
f 3683/6259/3684 3814/6485/3815 3811/6484/3812
f 3563/6031/3564 3437/5815/3438 3314/5627/3315
f 3204/5457/3205 3314/5627/3315 3437/5815/3438
f 3206/5459/3207 3815/6487/3816 3207/5460/3208
f 3683/6259/3684 3684/6261/3685 3814/6485/3815
f 3679/6488/3680 3813/6489/3814 3681/6490/3682
f 3814/6485/3815 3816/6491/3817 3813/6486/3814
f 3814/6485/3815 3684/6261/3685 3816/6491/3817
f 3314/5627/3315 2675/4522/2676 3817/6492/3818
f 3812/6481/3813 3560/6025/3561 3441/6268/3442
f 2983/5080/2984 3203/5455/3204 3818/6493/3819
f 3562/6027/3563 2984/5083/2985 3819/6494/3820
f 3816/6491/3817 3684/6261/3685 3820/6495/3821
f 3813/6496/3814 3816/6497/3817 3820/6498/3821
f 3818/6493/3819 3568/6042/3569 2983/5080/2984
f 3813/6496/3814 3820/6498/3821 3681/6267/3682
f 3820/6498/3821 3569/6043/3570 3681/6267/3682
f 2243/3777/2243 3821/6499/3822 2976/5071/2977
f 2984/5083/2985 3209/5464/3210 3819/6494/3820
f 3819/6494/3820 3209/5464/3210 3822/6500/3823
f 3443/5827/3444 3823/6501/3824 3687/6270/3688
f 3209/5464/3210 3100/5288/3101 3822/6500/3823
f 3822/6500/3823 3100/5288/3101 3570/6045/3571
f 3098/5284/3099 3708/6502/3709 3690/6273/3691
f 3815/6487/3816 3692/6276/3693 3207/5460/3208
f 3444/6503/3445 3824/6504/3825 3825/6505/3826
f 3317/6048/3318 3824/6506/3825 3444/6507/3445
f 3689/6272/3690 3826/6508/3827 3317/6048/3318
f 3687/6270/3688 3826/6508/3827 3689/6272/3690
f 3576/6055/3577 3575/6054/3576 3698/6283/3699
f 3571/6049/3572 3572/6277/3573 3688/6271/3689
f 3439/5817/3440 3691/6275/3692 3211/5466/3212
f 3317/6048/3318 3826/6508/3827 3824/6506/3825
f 3691/6275/3692 3827/6509/3828 3210/6274/3211
f 3690/6273/3691 3708/6502/3709 3693/6278/3694
f 3450/5833/3451 3692/6276/3693 3697/6282/3698
f 3210/5465/3211 3827/6510/3828 3572/6051/3573
f 3824/6506/3825 3826/6508/3827 3707/6511/3708
f 3567/6050/3568 3695/6280/3696 3828/6512/3829
f 3708/6502/3709 3696/6281/3697 3693/6278/3694
f 3688/6271/3689 3572/6277/3573 3581/6513/3582
f 3572/6051/3573 3827/6510/3828 3581/6514/3582
f 3441/6515/3442 3107/5303/3108 3714/6317/3715
f 3827/6510/3828 3700/6516/3701 3581/6514/3582
f 3826/6508/3827 3829/6517/3830 3707/6511/3708
f 3828/6512/3829 3695/6280/3696 3701/6289/3702
f 3581/6513/3582 3699/6518/3700 3830/6519/3831
f 3714/6317/3715 3107/5303/3108 3470/5869/3471
f 3696/6281/3697 3708/6502/3709 3126/5485/3127
f 3829/6517/3830 3460/5850/3461 3707/6511/3708
f 3829/6517/3830 3587/6071/3588 3460/5850/3461
f 3829/6517/3830 3831/6520/3832 3587/6071/3588
f 3697/6284/3698 3832/6521/3833 3118/5316/3119
f 3585/6522/3586 3833/6523/3834 3704/6524/3705
f 3585/6522/3586 3834/6525/3835 3833/6523/3834
f 3706/6298/3707 3835/6526/3836 3707/6299/3708
f 3707/6511/3708 3460/5850/3461 3464/6070/3465
f 3699/6527/3700 3455/6528/3456 3836/6529/3837
f 3704/6294/3705 3833/6530/3834 3703/6293/3704
f 2784/4718/2785 3837/6531/3838 3324/5642/3325
f 3706/6298/3707 3467/5857/3468 3705/6297/3706
f 3831/6520/3832 3352/5868/3353 3587/6071/3588
f 3832/6521/3833 3234/5495/3235 3118/5316/3119
f 3459/5849/3460 2786/5848/2787 3710/6310/3711
f 3455/6528/3456 3592/6532/3593 3836/6529/3837
f 3324/6533/3325 3596/6087/3597 1780/6534/1780
f 3338/5863/3339 3591/6535/3592 3337/5660/3338
f 3591/6079/3592 3713/6314/3714 3838/6536/3839
f 3838/6536/3839 3713/6314/3714 3839/6537/3840
f 3714/6538/3715 3011/5118/3012 3840/6539/3841
f 3713/6314/3714 3717/6320/3718 3839/6537/3840
f 3713/6314/3714 3716/6319/3717 3717/6320/3718
f 3349/5676/3350 3238/5502/3239 3718/6322/3719
f 3595/6085/3596 3841/6540/3842 3718/6322/3719
f 3595/6085/3596 3719/6323/3720 3841/6540/3842
f 3840/6539/3841 3011/5118/3012 3601/6095/3602
f 3600/6094/3601 3842/6541/3843 979/3448/979
f 3244/5511/3245 3843/6542/3844 2897/4935/2898
f 3840/6539/3841 3601/6095/3602 3844/6543/3845
f 2799/4739/2800 2897/6544/2898 3843/6545/3844
f 3845/6546/3846 3133/5337/3134 2799/4739/2800
f 3480/6547/3481 3723/6331/3724 3134/6096/3135
f 3601/6095/3602 3481/5884/3482 3844/6543/3845
f 3133/5339/3134 3359/5688/3360 2601/5340/2602
f 3014/5123/3015 2690/5883/2691 3361/6548/3362
f 3481/5884/3482 3484/6335/3485 3844/6543/3845
f 3359/5688/3360 3846/6549/3847 3482/5885/3483
f 3846/6549/3847 3016/5127/3017 3482/5885/3483
f 3847/6550/3848 3726/6336/3727 3016/5127/3017
f 3245/5514/3246 3246/5693/3247 3848/6551/3849
f 3363/6552/3364 3849/6553/3850 3848/6551/3849
f 3246/5693/3247 3363/6552/3364 3848/6551/3849
f 3363/6552/3364 3850/6554/3851 3849/6553/3850
f 3851/6555/3852 3852/6556/3853 3728/6557/3729
f 3852/6556/3853 3853/6558/3854 3728/6557/3729
f 3854/6559/3855 3484/6560/3485 3495/6561/3496
f 3485/5891/3486 3603/6098/3604 3855/6562/3856
f 3728/6557/3729 3729/6563/3730 3851/6555/3852
f 3851/6555/3852 3729/6563/3730 3732/6564/3733
f 3853/6565/3854 3850/6566/3851 3728/6338/3729
f 3363/6099/3364 3141/5355/3142 3850/6566/3851
f 3734/6346/3735 3604/6101/3605 3247/5516/3248
f 3734/6346/3735 3856/6567/3857 3604/6101/3605
f 3856/6567/3857 3857/6568/3858 3604/6101/3605
f 3604/6101/3605 3857/6568/3858 3365/5696/3366
f 3732/6343/3733 3731/6342/3732 3851/6569/3852
f 3364/5695/3365 3249/6570/3250 2809/4957/2810
f 3850/6566/3851 3368/6339/3369 3728/6338/3729
f 3141/5355/3142 3368/6339/3369 3850/6566/3851
f 3727/6337/3728 3858/6571/3859 3486/5892/3487
f 3607/6106/3608 3140/5352/3141 3745/6362/3746
f 3738/6352/3739 3731/6342/3732 3736/6348/3737
f 2489/6102/2490 3605/6104/3606 3488/6572/3489
f 3024/5351/3025 3610/6573/3611 3734/6346/3735
f 3610/6573/3611 3859/6574/3860 3734/6346/3735
f 3860/6575/3861 3738/6352/3739 3739/6353/3740
f 3861/6576/3862 3022/5136/3023 3737/6351/3738
f 3862/6577/3863 3863/6578/3864 3860/6579/3861
f 3860/6579/3861 3740/6580/3741 3862/6577/3863
f 3739/6581/3740 3740/6580/3741 3860/6579/3861
f 3861/6576/3862 3030/5149/3031 3022/5136/3023
f 3864/6582/3865 3863/6578/3864 3865/6583/3866
f 3862/6577/3863 3865/6583/3866 3863/6578/3864
f 3862/6577/3863 3740/6580/3741 3865/6583/3866
f 3866/6584/3867 3864/6582/3865 3865/6583/3866
f 3495/6561/3496 3748/6585/3749 3867/6586/3868
f 3489/5897/3490 2402/6364/2402 1100/5898/1100
f 3489/5897/3490 3868/6587/3869 2402/6364/2402
f 3743/6360/3744 3742/6359/3743 3869/6588/3870
f 3869/6589/3870 3742/6590/3743 3491/5903/3492
f 3866/6584/3867 3870/6591/3871 3871/6592/3872
f 3865/6583/3866 3870/6591/3871 3866/6584/3867
f 3495/5908/3496 3372/5708/3373 3748/6367/3749
f 3748/6585/3749 3613/6369/3614 3749/6368/3750
f 3746/6365/3747 2402/6364/2402 3868/6587/3869
f 3870/6591/3871 3865/6583/3866 3740/6580/3741
f 3740/6593/3741 3609/6108/3610 3623/6594/3624
f 3611/6111/3612 3144/5361/3145 3249/5518/3250
f 3491/5903/3492 3369/5702/3370 3872/6595/3873
f 3859/6574/3860 3610/6573/3611 3751/6596/3752
f 2910/4965/2911 3873/6597/3874 3750/6370/3751
f 3874/6598/3875 3253/5525/3254 3486/6373/3487
f 3875/6599/3876 3752/6372/3753 3730/6358/3731
f 3875/6599/3876 3614/6114/3615 3752/6372/3753
f 3747/6366/3748 3753/6374/3754 3876/6600/3877
f 3609/6108/3610 3151/5372/3152 3623/6594/3624
f 3875/6599/3876 3616/6119/3617 3614/6114/3615
f 3875/6599/3876 3877/6601/3878 3616/6119/3617
f 3497/6602/3498 3878/6603/3879 3500/6122/3501
f 3877/6601/3878 3504/5924/3505 3616/6119/3617
f 3879/6604/3880 3373/6120/3374 3377/5717/3378
f 3880/6605/3881 3506/5927/3507 3499/5915/3500
f 3380/6606/3381 3615/6117/3616 2822/6116/2823
f 3878/6603/3879 3755/6378/3756 3500/6122/3501
f 3755/6378/3756 3375/5920/3376 3502/5919/3503
f 3377/5717/3378 3376/5716/3377 3503/6607/3504
f 3881/6608/3882 3147/5366/3148 3506/5927/3507
f 3881/6609/3882 3757/6382/3758 3147/5718/3148
f 3757/6382/3758 3263/5536/3264 3621/6128/3622
f 2177/3668/2177 3032/5155/3033 1317/4609/1317
f 3623/6133/3624 3165/6132/3166 3759/6391/3760
f 3032/6610/3033 3773/6409/3774 1317/6410/1317
f 3882/6611/3883 3515/5944/3516 3514/5943/3515
f 3883/6612/3884 3514/5943/3515 3758/6389/3759
f 3883/6613/3884 3758/6614/3759 3629/6144/3630
f 3884/6615/3885 3760/6392/3761 3518/5948/3519
f 3884/6615/3885 3518/5948/3519 3384/5729/3385
f 3636/6160/3637 3526/5967/3527 3759/6391/3760
f 3765/6616/3766 3268/5544/3269 3051/5945/3052
f 3884/6615/3885 3384/5729/3385 3630/6617/3631
f 3885/6618/3886 3158/6619/3159 3632/6154/3633
f 3632/6154/3633 3521/5955/3522 3273/6620/3274
f 3764/6399/3765 3519/5950/3520 3761/6393/3762
f 3886/6621/3887 3394/6395/3395 3762/6394/3763
f 3390/5743/3391 3395/5748/3396 3770/6406/3771
f 3764/6399/3765 3887/6622/3888 3522/6400/3523
f 3766/6402/3767 3634/6156/3635 3888/6623/3889
f 3386/5737/3387 3767/6403/3768 3889/6624/3890
f 3890/6625/3891 3635/6157/3636 3394/5960/3395
f 3637/6411/3638 3522/6400/3523 3887/6622/3888
f 3634/6156/3635 3524/5962/3525 3888/6623/3889
f 3768/6404/3769 3640/6164/3641 3399/5752/3400
f 3769/6405/3770 3891/6626/3892 3400/5965/3401
f 3892/6627/3893 3525/5963/3526 3401/5754/3402
f 3639/6163/3640 3775/6628/3776 3065/5233/3066
f 3640/6165/3641 3893/6629/3894 3173/5405/3174
f 3891/6626/3892 3279/6630/3280 3400/5965/3401
f 3527/5968/3528 3641/6167/3642 3894/6631/3895
f 2840/6632/2841 3067/6633/3068 3391/6634/3392
f 3775/6413/3776 3283/5570/3284 2947/5028/2948
f 3531/5975/3532 3778/6416/3779 3895/6635/3896
f 3531/5975/3532 3895/6635/3896 3530/6172/3531
f 3530/5974/3531 3895/6636/3896 3776/6414/3777
f 3781/6637/3782 3896/6638/3897 3782/6639/3783
f 3644/6176/3645 3532/5978/3533 3897/6640/3898
f 3896/6638/3897 3781/6637/3782 3898/6641/3899
f 3781/6637/3782 3644/6642/3645 3898/6641/3899
f 3532/5978/3533 3645/6643/3646 3897/6640/3898
f 3535/6183/3536 3899/6644/3900 3646/6184/3647
f 3783/6427/3784 3534/5983/3535 3785/6645/3786
f 3645/6643/3646 3787/6646/3788 3897/6640/3898
f 3646/6184/3647 3899/6644/3900 3653/6201/3654
f 3783/6427/3784 3899/6647/3900 3535/6425/3536
f 3787/6648/3788 3645/6649/3646 3784/6650/3785
f 3788/6444/3789 3784/6429/3785 3652/6199/3653
f 3652/6199/3653 3784/6429/3785 3646/6428/3647
f 3787/6646/3788 3414/6651/3415 3897/6640/3898
f 3658/6652/3659 3653/6653/3654 3899/6647/3900
f 3536/5988/3537 3785/6431/3786 3647/6189/3648
f 3414/6651/3415 3900/6654/3901 3897/6640/3898
f 3785/6431/3786 3536/5988/3537 3901/6655/3902
f 3536/6432/3537 3537/5989/3538 3901/6656/3902
f 3900/6654/3901 3902/6657/3903 3897/6640/3898
f 3654/6658/3655 3900/6654/3901 3414/6651/3415
f 3790/6445/3791 3902/6657/3903 3900/6654/3901
f 3425/6214/3426 3658/6213/3659 3794/6659/3795
f 3794/6659/3795 3658/6213/3659 3793/6660/3794
f 3795/6450/3796 3902/6657/3903 3792/6447/3793
f 3792/6447/3793 3902/6657/3903 3790/6445/3791
f 3900/6654/3901 3903/6661/3904 3790/6445/3791
f 3654/6658/3655 3904/6662/3905 3900/6654/3901
f 3665/6452/3666 3660/6216/3661 3905/6663/3906
f 3905/6664/3906 3906/6665/3907 3665/6666/3666
f 3902/6667/3903 3797/6453/3798 3661/6219/3662
f 3797/6454/3798 3902/6657/3903 3795/6450/3796
f 3904/6662/3905 3903/6661/3904 3900/6654/3901
f 3654/6203/3655 3655/6204/3656 3904/6668/3905
f 3537/5989/3538 3799/6456/3800 3901/6656/3902
f 3790/6445/3791 3903/6661/3904 3791/6446/3792
f 3788/6438/3789 3664/6224/3665 3907/6669/3908
f 2864/4861/2865 3908/6670/3909 2453/5433/2454
f 3791/6446/3792 3903/6661/3904 3798/6455/3799
f 2552/4294/2553 3422/5789/3423 3909/6671/3910
f 3798/6455/3799 3910/6672/3911 3547/6227/3548
f 3910/6672/3911 3798/6455/3799 3903/6661/3904
f 3904/6668/3905 3655/6204/3656 3911/6673/3912
f 3423/5790/3424 3911/6673/3912 3655/6204/3656
f 3788/6438/3789 3907/6669/3908 3662/6222/3663
f 3547/6227/3548 3910/6672/3911 3806/6467/3807
f 3423/5790/3424 3670/6234/3671 3911/6673/3912
f 3662/6222/3663 3912/6674/3913 3671/6238/3672
f 3662/6222/3663 3907/6669/3908 3912/6674/3913
f 3912/6674/3913 3907/6669/3908 3913/6675/3914
f 3913/6675/3914 3907/6669/3908 3664/6224/3665
f 3664/6224/3665 3802/6461/3803 3913/6675/3914
f 3802/6461/3803 3548/6676/3549 3913/6675/3914
f 3671/6238/3672 3914/6677/3915 3803/6678/3804
f 3671/6238/3672 3912/6674/3913 3914/6677/3915
f 3548/6008/3549 3551/6011/3552 3913/6679/3914
f 3807/6469/3808 3675/6243/3676 3433/5807/3434
f 3804/6465/3805 3676/6244/3677 3807/6469/3808
f 3799/6680/3800 3431/6018/3432 3678/6249/3679
f 3434/6019/3435 3800/6681/3801 3810/6473/3811
f 3915/6682/3916 3810/6473/3811 3800/6681/3801
f 3413/5785/3414 3916/6683/3917 2974/5804/2975
f 3413/6684/3414 3657/6460/3658 3801/6459/3802
f 3677/6246/3678 3312/6245/3313 3565/6251/3566
f 3538/6458/3539 3561/6026/3562 3801/6459/3802
f 3561/6026/3562 3917/6685/3918 3801/6459/3802
f 3679/6253/3680 3557/6020/3558 3810/6473/3811
f 3810/6473/3811 3811/6482/3812 3679/6253/3680
f 3561/6026/3562 3812/6481/3813 3917/6685/3918
f 3206/5459/3207 3918/6686/3919 3815/6487/3816
f 3098/6033/3099 3550/6010/3551 3803/6687/3804
f 3685/6263/3686 3919/6688/3920 3684/6262/3685
f 3920/6689/3921 3684/6690/3685 3919/6691/3920
f 3820/6498/3821 3684/6692/3685 3920/6693/3921
f 3820/6498/3821 3920/6693/3921 3569/6043/3570
f 3921/6694/3922 3568/6042/3569 3818/6493/3819
f 3568/6042/3569 3921/6694/3922 3442/5821/3443
f 3922/6695/3923 3708/6696/3709 3098/6697/3099
f 3923/6698/3924 3822/6500/3823 3570/6045/3571
f 2243/3777/2243 1264/6699/1264 3821/6499/3822
f 3442/5821/3443 3921/6694/3922 3924/6700/3925
f 3444/5823/3445 3825/6701/3826 3570/6045/3571
f 3924/6700/3925 3106/5834/3107 3442/5821/3443
f 3439/5817/3440 3925/6702/3926 3691/6275/3692
f 3826/6508/3827 3687/6270/3688 3829/6517/3830
f 3828/6512/3829 3926/6703/3927 3567/6050/3568
f 3824/6504/3825 3707/6299/3708 3825/6505/3826
f 3688/6271/3689 3830/6519/3831 3927/6704/3928
f 3688/6271/3689 3581/6513/3582 3830/6519/3831
f 3825/6505/3826 3707/6299/3708 3928/6705/3929
f 3691/6275/3692 3700/6706/3701 3827/6509/3828
f 3106/5301/3107 3924/6707/3925 3452/5840/3453
f 3829/6517/3830 3687/6270/3688 3831/6520/3832
f 3585/6522/3586 3700/6708/3701 3929/6709/3930
f 3452/5840/3453 3924/6707/3925 3453/5841/3454
f 3924/6707/3925 3930/6710/3931 3453/5841/3454
f 3928/6705/3929 3707/6299/3708 3835/6526/3836
f 3585/6522/3586 3929/6709/3930 3834/6525/3835
f 3929/6709/3930 3931/6711/3932 3834/6525/3835
f 3453/5841/3454 3930/6710/3931 3705/6296/3706
f 3930/6712/3931 3706/6298/3707 3705/6297/3706
f 3930/6712/3931 3835/6526/3836 3706/6298/3707
f 3834/6525/3835 3932/6713/3933 3833/6523/3834
f 3931/6711/3932 3932/6713/3933 3834/6525/3835
f 3833/6523/3834 3932/6713/3933 3703/6714/3704
f 3215/5474/3216 3933/6715/3934 3108/5304/3109
f 3708/6304/3709 3934/6716/3935 3131/5335/3132
f 3589/6307/3590 3474/5876/3475 3721/6717/3722
f 3710/6310/3711 3337/6309/3338 3935/6718/3936
f 3592/6080/3593 3711/6312/3712 3936/6719/3937
f 3337/6720/3338 3591/6721/3592 3838/6722/3839
f 3711/6312/3712 3712/6313/3713 3937/6723/3938
f 3838/6536/3839 3839/6537/3840 3938/6724/3939
f 3938/6724/3939 3839/6537/3840 3717/6320/3718
f 3234/5495/3235 3939/6725/3940 3356/5685/3357
f 3131/6329/3132 3934/6726/3935 3722/6327/3723
f 3720/6324/3721 3715/6318/3716 3940/6727/3941
f 3721/6326/3722 3479/6091/3480 3941/6728/3942
f 3722/6327/3723 3934/6726/3935 3599/6330/3600
f 979/3448/979 3842/6541/3843 3242/5508/3243
f 2799/4739/2800 3843/6545/3844 3845/6546/3846
f 3361/6548/3362 3942/6729/3943 3014/5123/3015
f 3359/5688/3360 3943/6730/3944 3846/6549/3847
f 3016/5127/3017 3846/6549/3847 3847/6550/3848
f 3848/6551/3849 3944/6731/3945 3245/5514/3246
f 3945/6732/3946 3848/6551/3849 3849/6553/3850
f 3852/6556/3853 3945/6732/3946 3853/6558/3854
f 3853/6558/3854 3945/6732/3946 3850/6554/3851
f 3849/6553/3850 3850/6554/3851 3945/6732/3946
f 2605/4947/2606 3946/6733/3947 3603/6098/3604
f 3485/5891/3486 3855/6562/3856 3947/6734/3948
f 3854/6559/3855 3495/6561/3496 3867/6586/3868
f 3485/5891/3486 3947/6734/3948 3727/6337/3728
f 3734/6346/3735 3948/6735/3949 3856/6567/3857
f 3948/6735/3949 3857/6568/3858 3856/6567/3857
f 3606/6105/3607 2905/4953/2906 3949/6736/3950
f 3606/6105/3607 3950/6737/3951 3730/6341/3731
f 3950/6737/3951 3951/6738/3952 3730/6341/3731
f 2700/4584/2701 3952/6739/3953 3487/6740/3488
f 3953/6741/3954 3730/6742/3731 3951/6743/3952
f 3954/6744/3955 3745/6745/3746 3955/6746/3956
f 3607/6747/3608 3745/6745/3746 3954/6744/3955
f 3486/5892/3487 3858/6571/3859 3956/6748/3957
f 3861/6576/3862 3957/6749/3958 3030/5149/3031
f 3743/6360/3744 3869/6588/3870 3958/6750/3959
f 3864/6582/3865 3959/6751/3960 3863/6578/3864
f 3866/6584/3867 3959/6751/3960 3864/6582/3865
f 3869/6589/3870 3491/5903/3492 3960/6752/3961
f 3866/6584/3867 3871/6592/3872 3959/6751/3960
f 3959/6751/3960 3870/6591/3871 3961/6753/3962
f 3871/6592/3872 3870/6591/3871 3959/6751/3960
f 3249/5518/3250 3749/6368/3750 3611/6111/3612
f 3953/6754/3954 3875/6599/3876 3730/6358/3731
f 3961/6755/3962 3962/6756/3963 3963/6757/3964
f 3870/6591/3871 3962/6758/3963 3961/6753/3962
f 1676/2809/1676 3750/6370/3751 2811/4763/2812
f 3745/6362/3746 3747/6366/3748 3964/6759/3965
f 3745/6362/3746 3964/6759/3965 3955/6760/3956
f 3965/6761/3966 3963/6757/3964 3962/6756/3963
f 3960/6752/3961 3491/5903/3492 3872/6595/3873
f 3962/6756/3963 3966/6762/3967 3965/6761/3966
f 3962/6758/3963 3870/6591/3871 3967/6763/3968
f 3494/5907/3495 3256/5528/3257 3257/5529/3258
f 3962/6758/3963 3967/6763/3968 3966/6764/3967
f 3870/6591/3871 3740/6580/3741 3967/6763/3968
f 3369/5713/3370 3617/6121/3618 3872/6765/3873
f 3623/6133/3624 3967/6766/3968 3740/6767/3741
f 3964/6759/3965 3747/6366/3748 3876/6600/3877
f 2910/4965/2911 1809/3034/1809 3615/6768/3616
f 3874/6598/3875 3497/5913/3498 3253/5525/3254
f 3876/6769/3877 3753/6770/3754 3964/6771/3965
f 3498/6772/3499 3968/6773/3969 3969/6774/3970
f 3754/6376/3755 3498/5914/3499 3969/6775/3970
f 3753/6776/3754 3879/6604/3880 3964/6777/3965
f 3753/6776/3754 3373/6120/3374 3879/6604/3880
f 3874/6598/3875 3878/6778/3879 3497/5913/3498
f 3498/6772/3499 3375/5920/3376 3968/6773/3969
f 3506/5927/3507 3880/6605/3881 3881/6608/3882
f 3503/6607/3504 3970/6779/3971 3377/5717/3378
f 3263/5536/3264 3971/6780/3972 3617/6121/3618
f 3381/5726/3382 3772/6408/3773 3059/5400/3060
f 3514/5943/3515 3883/6612/3884 3882/6611/3883
f 3883/6613/3884 3629/6144/3630 3268/6146/3269
f 3517/5947/3518 3760/6392/3761 3884/6615/3885
f 3882/6611/3883 3761/6393/3762 3515/5944/3516
f 3631/6150/3632 3972/6781/3973 3393/5746/3394
f 3517/5947/3518 3884/6615/3885 3631/6151/3632
f 3630/6617/3631 3973/6782/3974 3884/6615/3885
f 3158/6619/3159 3885/6618/3886 3762/6783/3763
f 3273/6620/3274 3885/6618/3886 3632/6154/3633
f 3273/5559/3274 3763/6398/3764 3885/6784/3886
f 3386/5737/3387 3974/6785/3975 3630/6147/3631
f 3974/6785/3975 3386/5737/3387 3889/6624/3890
f 3390/5743/3391 3770/6406/3771 3763/6398/3764
f 3393/5746/3394 3975/6786/3976 3523/5958/3524
f 3972/6781/3973 3975/6786/3976 3393/5746/3394
f 3886/6621/3887 3890/6787/3891 3394/6395/3395
f 3526/6788/3527 3174/6166/3175 3528/5969/3529
f 3523/5958/3524 3975/6786/3976 3768/6404/3769
f 3890/6625/3891 3769/6405/3770 3635/6157/3636
f 3767/6403/3768 3525/5963/3526 3892/6627/3893
f 3637/6411/3638 3976/6789/3977 3639/6163/3640
f 3977/6790/3978 3774/6791/3775 3529/6170/3530
f 3776/6414/3777 3892/6627/3893 3401/5754/3402
f 3891/6626/3892 3978/6792/3979 3279/6630/3280
f 3638/6162/3639 3527/5968/3528 3894/6631/3895
f 3643/6169/3644 3977/6790/3978 3529/6170/3530
f 3643/6169/3644 3283/5570/3284 3775/6413/3776
f 3893/6629/3894 3778/6416/3779 3173/5405/3174
f 3978/6793/3979 3777/6415/3778 3279/5566/3280
f 3641/6167/3642 3642/6168/3643 3894/6631/3895
f 3281/5758/3282 3779/6418/3780 3282/6171/3283
f 3779/6418/3780 3642/6794/3643 3282/6171/3283
f 3067/5239/3068 2855/4844/2856 3404/5760/3405
f 3644/6642/3645 3897/6795/3898 3898/6641/3899
f 3899/6647/3900 3783/6427/3784 3979/6796/3980
f 3783/6427/3784 3785/6645/3786 3979/6796/3980
f 3897/6795/3898 3896/6638/3897 3898/6641/3899
f 2960/5053/2961 3782/6426/3783 3896/6797/3897
f 3785/6798/3786 3905/6664/3906 3979/6799/3980
f 3897/6800/3898 3902/6801/3903 3896/6802/3897
f 3899/6647/3900 3793/6803/3794 3658/6652/3659
f 3899/6647/3900 3979/6796/3980 3793/6803/3794
f 3980/6804/3981 3981/6805/3982 2960/5053/2961
f 3979/6796/3980 3905/6806/3906 3793/6803/3794
f 2960/5053/2961 3981/6805/3982 3786/6433/3787
f 3785/6798/3786 3906/6665/3907 3905/6664/3906
f 3902/6801/3903 3661/6217/3662 3896/6802/3897
f 3905/6663/3906 3660/6216/3661 3793/6448/3794
f 3666/6226/3667 3669/6233/3670 3980/6807/3981
f 3896/6802/3897 3661/6217/3662 3666/6226/3667
f 2864/6808/2865 3982/6809/3983 3908/6810/3909
f 3901/6656/3902 3799/6456/3800 3785/6811/3786
f 3665/6666/3666 3906/6665/3907 3800/6812/3801
f 3785/6798/3786 3915/6813/3916 3906/6665/3907
f 3903/6661/3904 3983/6814/3984 3910/6672/3911
f 3904/6662/3905 3983/6814/3984 3903/6661/3904
f 3904/6668/3905 3911/6673/3912 3983/6815/3984
f 3911/6673/3912 3670/6234/3671 3983/6815/3984
f 3906/6665/3907 3915/6813/3916 3800/6812/3801
f 3785/6811/3786 3799/6456/3800 3915/6816/3916
f 3910/6672/3911 3984/6817/3985 3806/6467/3807
f 3913/6675/3914 3551/6818/3552 3985/6819/3986
f 3555/6016/3556 3554/6015/3555 3670/6234/3671
f 3676/6244/3677 3986/6820/3987 3807/6469/3808
f 3675/6243/3676 3918/6821/3919 3206/6822/3207
f 3986/6820/3987 3676/6244/3677 3677/6246/3678
f 3799/6680/3800 3811/6479/3812 3915/6823/3916
f 3200/5623/3201 3809/6472/3810 3987/6824/3988
f 3677/6246/3678 3565/6251/3566 3988/6825/3989
f 3413/6684/3414 3801/6459/3802 3916/6826/3917
f 3915/6682/3916 3811/6482/3812 3810/6473/3811
f 3678/6249/3679 3811/6479/3812 3799/6680/3800
f 2453/4147/2454 3989/6827/3990 1057/1735/1057
f 3786/6828/3787 3990/6829/3991 3203/5455/3204
f 3801/6459/3802 3917/6685/3918 3991/6830/3992
f 3422/6248/3423 2976/5071/2977 3909/6831/3910
f 2974/5068/2975 3992/6832/3993 3680/6254/3681
f 3805/6833/3806 3823/6834/3824 3443/6835/3444
f 3991/6830/3992 3917/6685/3918 3993/6836/3994
f 3990/6837/3991 3562/6027/3563 3819/6494/3820
f 3310/6838/3311 3440/6839/3441 3576/6840/3577
f 3917/6685/3918 3812/6481/3813 3993/6836/3994
f 2360/3980/2360 3095/5280/3096 2880/6841/2881
f 3203/5455/3204 3994/6842/3995 3818/6493/3819
f 3565/6034/3566 3438/5816/3439 3995/6843/3996
f 3818/6493/3819 3996/6844/3997 3921/6694/3922
f 3803/6687/3804 3922/6845/3923 3098/6033/3099
f 3438/5816/3439 3997/6846/3998 3995/6843/3996
f 3920/6693/3921 3998/6847/3999 3569/6043/3570
f 3569/6043/3570 3998/6847/3999 3439/5817/3440
f 2994/5297/2995 3999/6848/4000 2771/5629/2772
f 3812/6849/3813 3441/6515/3442 4000/6850/4001
f 3822/6500/3823 3923/6698/3924 3819/6494/3820
f 3997/6846/3998 3438/5816/3439 3927/6704/3928
f 3998/6847/3999 3925/6702/3926 3439/5817/3440
f 3554/6851/3555 3567/6050/3568 3926/6703/3927
f 3438/5816/3439 3688/6271/3689 3927/6704/3928
f 3441/6515/3442 3714/6317/3715 4000/6850/4001
f 3570/6045/3571 3825/6701/3826 3923/6698/3924
f 3815/6487/3816 4001/6852/4002 3692/6276/3693
f 3103/5298/3104 4002/6853/4003 3104/5299/3105
f 3687/6270/3688 3823/6501/3824 3831/6520/3832
f 4003/6854/4004 4004/6855/4005 3924/6707/3925
f 4001/6852/4002 3697/6282/3698 3692/6276/3693
f 4001/6852/4002 3832/6856/3833 3697/6282/3698
f 3925/6702/3926 4005/6857/4006 3691/6275/3692
f 3825/6505/3826 3835/6526/3836 3923/6858/3924
f 3825/6505/3826 3928/6705/3929 3835/6526/3836
f 3691/6275/3692 4005/6857/4006 3700/6706/3701
f 4004/6855/4005 3930/6710/3931 3924/6707/3925
f 3828/6859/3829 3589/6074/3590 3926/6860/3927
f 3927/6704/3928 3830/6519/3831 3699/6518/3700
f 3700/6708/3701 4005/6861/4006 3929/6709/3930
f 4005/6861/4006 4006/6862/4007 3929/6709/3930
f 4004/6863/4005 3835/6526/3836 3930/6712/3931
f 3828/6859/3829 3701/6295/3702 3589/6074/3590
f 3929/6709/3930 4006/6862/4007 3932/6713/3933
f 3932/6713/3933 3931/6711/3932 3929/6709/3930
f 2256/3798/2256 3104/5299/3105 3702/6292/3703
f 3699/6518/3700 3836/6864/3837 3927/6704/3928
f 3218/5847/3219 4007/6865/4008 3582/6866/3583
f 3109/5307/3110 3702/6291/3703 4008/6867/4009
f 3109/5307/3110 4008/6867/4009 3709/6306/3710
f 3218/5847/3219 3459/5849/3460 4007/6865/4008
f 3709/6306/3710 4009/6868/4010 2998/6305/2999
f 3708/6304/3709 4010/6869/4011 3934/6716/3935
f 4011/6870/4012 3352/5868/3353 3831/6520/3832
f 3939/6725/3940 3234/5495/3235 3832/6521/3833
f 3349/5676/3350 3718/6322/3719 3698/6290/3699
f 3711/6312/3712 3937/6723/3938 3936/6719/3937
f 3937/6723/3938 4012/6871/4013 3936/6719/3937
f 3712/6313/3713 4012/6871/4013 3937/6723/3938
f 3590/6078/3591 4013/6872/4014 3712/6313/3713
f 3712/6313/3713 4013/6872/4014 4012/6871/4013
f 3337/6720/3338 3838/6722/3839 3935/6873/3936
f 3698/6290/3699 3718/6322/3719 4014/6874/4015
f 3714/6317/3715 3840/6875/3841 4000/6850/4001
f 3935/6873/3936 3838/6722/3839 4015/6876/4016
f 4015/6876/4016 3838/6722/3839 4016/6877/4017
f 3838/6722/3839 3938/6878/3939 4016/6877/4017
f 3938/6724/3939 3717/6320/3718 4016/6879/4017
f 3718/6322/3719 3841/6540/3842 4014/6874/4015
f 3356/5685/3357 4017/6880/4018 3477/5879/3478
f 3841/6540/3842 4018/6881/4019 4014/6874/4015
f 3841/6540/3842 3719/6323/3720 4018/6881/4019
f 3597/6089/3598 3478/5880/3479 3720/6324/3721
f 3715/6318/3716 4019/6882/4020 3940/6727/3941
f 3721/6883/3722 3941/6884/3942 4020/6885/4021
f 3934/6726/3935 4010/6886/4011 3599/6330/3600
f 3941/6884/3942 4021/6887/4022 4020/6885/4021
f 3941/6884/3942 4022/6888/4023 4021/6887/4022
f 3479/6091/3480 4022/6889/4023 3941/6728/3942
f 3242/5510/3243 4023/6890/4024 3244/5511/3245
f 3840/6539/3841 3844/6543/3845 4024/6891/4025
f 3843/6545/3844 4025/6892/4026 3845/6546/3846
f 4025/6892/4026 4026/6893/4027 3845/6546/3846
f 4026/6893/4027 3133/5337/3134 3845/6546/3846
f 4026/6893/4027 4027/6894/4028 3133/5337/3134
f 4028/6895/4029 3724/6332/3725 3602/6097/3603
f 3723/6896/3724 3480/5882/3481 3725/6333/3726
f 3014/5123/3015 3725/6897/3726 2288/5124/2288
f 4027/6898/4028 4029/6899/4030 3133/5339/3134
f 3133/5339/3134 4029/6899/4030 3359/5688/3360
f 4030/6900/4031 3943/6730/3944 4029/6899/4030
f 3359/5688/3360 4029/6899/4030 3943/6730/3944
f 3847/6550/3848 3846/6549/3847 4030/6900/4031
f 4030/6900/4031 3846/6549/3847 3943/6730/3944
f 3484/6901/3485 4031/6902/4032 3844/6903/3845
f 3484/6560/3485 3854/6559/3855 4031/6904/4032
f 3362/5692/3363 3018/5132/3019 2694/4566/2695
f 3483/5887/3484 3245/5514/3246 3944/6731/3945
f 4032/6905/4033 4033/6906/4034 3364/5695/3365
f 3854/6559/3855 3867/6586/3868 4031/6904/4032
f 3364/5695/3365 4033/6906/4034 3249/6570/3250
f 2486/4383/2487 4034/6907/4035 2605/4384/2606
f 3851/6555/3852 3944/6731/3945 3852/6556/3853
f 3947/6734/3948 4035/6908/4036 3727/6337/3728
f 4033/6909/4034 3749/6368/3750 3249/5518/3250
f 3857/6568/3858 3949/6736/3950 3365/5696/3366
f 3365/5696/3366 3949/6736/3950 2905/4953/2906
f 3949/6736/3950 3950/6737/3951 3606/6105/3607
f 4036/6910/4037 3948/6735/3949 3734/6346/3735
f 4035/6908/4036 3858/6571/3859 3727/6337/3728
f 4035/6908/4036 3956/6748/3957 3858/6571/3859
f 3737/6351/3738 4037/6911/4038 3861/6576/3862
f 4037/6911/4038 3957/6749/3958 3861/6576/3862
f 3956/6912/3957 3874/6598/3875 3486/6373/3487
f 3860/6579/3861 3863/6578/3864 3959/6751/3960
f 3960/6752/3961 3958/6913/3959 3869/6589/3870
f 3958/6750/3959 4038/6914/4039 3743/6360/3744
f 4039/6915/4040 3859/6574/3860 3751/6596/3752
f 3744/6361/3745 3494/5907/3495 3493/5902/3494
f 3959/6916/3960 3963/6757/3964 4040/6917/4041
f 3961/6753/3962 3963/6918/3964 3959/6751/3960
f 3953/6919/3954 4041/6920/4042 3875/6921/3876
f 3963/6757/3964 3965/6761/3966 4040/6917/4041
f 4040/6922/4041 4042/6923/4043 4043/6924/4044
f 3965/6925/3966 4042/6923/4043 4040/6922/4041
f 3966/6926/3967 4042/6923/4043 3965/6925/3966
f 4044/6927/4045 4043/6924/4044 3966/6926/3967
f 4042/6923/4043 3966/6926/3967 4043/6924/4044
f 3494/5907/3495 4045/6928/4046 3256/5528/3257
f 3030/5156/3031 3957/6929/3958 3499/5915/3500
f 3256/5528/3257 4046/6930/4047 3381/6115/3382
f 3966/6926/3967 3967/6931/3968 4047/6932/4048
f 3872/6765/3873 3617/6121/3618 4048/6933/4049
f 3754/6934/3755 3969/6774/3970 3751/6935/3752
f 3967/6766/3968 3759/6391/3760 4047/6936/4048
f 3623/6133/3624 3759/6391/3760 3967/6766/3968
f 3964/6777/3965 3879/6604/3880 3970/6779/3971
f 3504/6937/3505 4049/6938/4050 3503/6939/3504
f 3504/5924/3505 3877/6601/3878 4049/6940/4050
f 4049/6938/4050 3970/6941/3971 3503/6939/3504
f 3377/5717/3378 3970/6779/3971 3879/6604/3880
f 3755/6378/3756 3878/6603/3879 3375/5920/3376
f 3263/5536/3264 3757/6382/3758 4050/6942/4051
f 3263/5536/3264 4050/6942/4051 3971/6780/3972
f 4051/6943/4052 3772/6408/3773 3381/5726/3382
f 3380/6606/3381 2833/6944/2834 3391/6945/3392
f 3759/6946/3760 3526/6788/3527 4052/6947/4053
f 4052/6947/4053 3528/5969/3529 3772/6408/3773
f 4052/6947/4053 3526/6788/3527 3528/5969/3529
f 3268/6146/3269 4053/6948/4054 3883/6613/3884
f 3268/6146/3269 3765/6949/3766 4053/6948/4054
f 3973/6950/3974 3630/6147/3631 3974/6785/3975
f 3762/6394/3763 4054/6951/4055 3886/6621/3887
f 3763/6398/3764 3770/6406/3771 4055/6952/4056
f 3761/6393/3762 3887/6622/3888 3764/6399/3765
f 3765/6401/3766 3766/6402/3767 4056/6953/4057
f 3766/6402/3767 3888/6623/3889 4056/6953/4057
f 3770/6406/3771 3771/6407/3772 4055/6952/4056
f 3767/6403/3768 4057/6954/4058 3889/6624/3890
f 3890/6625/3891 4058/6955/4059 3769/6405/3770
f 3637/6411/3638 3887/6622/3888 3976/6789/3977
f 3975/6786/3976 4059/6956/4060 3768/6404/3769
f 3767/6403/3768 3892/6627/3893 4057/6954/4058
f 3768/6404/3769 4059/6956/4060 3640/6164/3641
f 4059/6957/4060 3893/6629/3894 3640/6165/3641
f 3769/6405/3770 4058/6955/4059 3891/6626/3892
f 3771/6407/3772 3638/6162/3639 4060/6958/4061
f 3639/6163/3640 3976/6789/3977 3775/6628/3776
f 3524/5962/3525 3774/6412/3775 3888/6623/3889
f 3638/6162/3639 3894/6631/3895 4060/6958/4061
f 3776/6414/3777 4061/6959/4062 3892/6627/3893
f 3776/6414/3777 3895/6636/3896 4061/6959/4062
f 3777/6419/3778 4062/6960/4063 3779/6418/3780
f 3779/6418/3780 4063/6961/4064 3642/6794/3643
f 3642/6794/3643 4063/6961/4064 3894/6962/3895
f 3404/5760/3405 3285/5573/3286 4064/6963/4065
f 2960/5053/2961 3896/6797/3897 3980/6804/3981
f 3666/6226/3667 3980/6807/3981 3896/6802/3897
f 3909/6671/3910 3411/5774/3412 2552/4294/2553
f 3669/6964/3670 3200/5623/3201 3980/6804/3981
f 3980/6804/3981 3200/5623/3201 3981/6805/3982
f 3987/6824/3988 3786/6433/3787 3981/6805/3982
f 4065/6965/4066 3910/6672/3911 3983/6814/3984
f 4066/6966/4067 3983/6815/3984 3670/6234/3671
f 3914/6677/3915 3912/6674/3913 4067/6967/4068
f 4067/6967/4068 3912/6674/3913 4068/6968/4069
f 4068/6968/4069 3912/6674/3913 3913/6675/3914
f 4068/6968/4069 3913/6675/3914 3985/6819/3986
f 3985/6969/3986 3551/6970/3552 4069/6971/4070
f 3200/5623/3201 3987/6824/3988 3981/6805/3982
f 3922/6972/3923 3803/6678/3804 3914/6677/3915
f 3551/6970/3552 4070/6973/4071 4069/6971/4070
f 3551/6970/3552 3310/6974/3311 4070/6973/4071
f 3805/6468/3806 3806/6467/3807 3984/6817/3985
f 3675/6243/3676 4071/6975/4072 3918/6821/3919
f 4071/6975/4072 3675/6243/3676 3807/6469/3808
f 4072/6976/4073 3807/6469/3808 3986/6820/3987
f 4073/6977/4074 3918/6821/3919 4071/6975/4072
f 3677/6246/3678 3988/6825/3989 3986/6820/3987
f 4074/6978/4075 3918/6821/3919 4073/6977/4074
f 3805/6979/3806 3443/6476/3444 3808/6475/3809
f 3809/6477/3810 3990/6837/3991 3987/6980/3988
f 4075/6981/4076 3554/6982/3555 3926/6983/3927
f 4074/6984/4075 4076/6985/4077 3918/6986/3919
f 3992/6987/3993 2974/6988/2975 3916/6989/3917
f 3988/6825/3989 3565/6251/3566 3995/6990/3996
f 3809/6477/3810 3562/6027/3563 3990/6837/3991
f 3992/6832/3993 4077/6991/4078 3680/6254/3681
f 3916/6992/3917 4077/6991/4078 3992/6832/3993
f 3801/6459/3802 4077/6993/4078 3916/6826/3917
f 3801/6459/3802 3991/6830/3992 4077/6993/4078
f 3994/6842/3995 3203/5455/3204 3990/6829/3991
f 4077/6994/4078 3991/6995/3992 4078/6996/4079
f 3310/6974/3311 3576/6997/3577 4070/6973/4071
f 4070/6973/4071 3576/6997/3577 4079/6998/4080
f 3685/6263/3686 3563/6031/3564 3314/5627/3315
f 3991/6995/3992 3993/6999/3994 4078/6996/4079
f 3996/6844/3997 3818/6493/3819 3994/6842/3995
f 4080/7000/4081 3096/6044/3097 3564/7001/3565
f 4076/6985/4077 3815/7002/3816 3918/6986/3919
f 4081/7003/4082 3920/6689/3921 3919/6691/3920
f 4000/7004/4001 3993/7005/3994 3812/7006/3813
f 4003/7007/4004 3921/6694/3922 3996/6844/3997
f 3996/7008/3997 3819/6494/3820 4003/7009/4004
f 4082/7010/4083 3103/5298/3104 3096/6044/3097
f 4003/7007/4004 3924/6700/3925 3921/6694/3922
f 4082/7010/4083 4002/6853/4003 3103/5298/3104
f 3819/6494/3820 3923/6698/3924 4003/7009/4004
f 3995/7011/3996 3997/7012/3998 3927/7013/3928
f 4083/7014/4084 4001/6852/4002 3815/6487/3816
f 4003/6854/4004 3835/7015/3836 4004/6855/4005
f 3922/6695/3923 4084/7016/4085 3708/6696/3709
f 3925/6702/3926 4085/7017/4086 4005/6857/4006
f 4001/6852/4002 4086/7018/4087 3832/6856/3833
f 3923/6858/3924 3835/6526/3836 4003/7019/4004
f 4085/7020/4086 3932/6713/3933 4005/6861/4006
f 3823/6501/3824 4011/6870/4012 3831/6520/3832
f 3698/6290/3699 4014/6874/4015 3576/7021/3577
f 3932/6713/3933 4006/6862/4007 4005/6861/4006
f 4087/7022/4088 3702/6292/3703 3104/5299/3105
f 2997/5100/2998 3837/6531/3838 2784/4718/2785
f 3927/7023/3928 3836/6529/3837 4088/7024/4089
f 3590/6303/3591 3703/6293/3704 3932/7025/3933
f 3215/5474/3216 2998/5101/2999 4089/7026/4090
f 3939/6725/3940 3832/6521/3833 4090/7027/4091
f 3592/6532/3593 4088/7024/4089 3836/6529/3837
f 4091/7028/4092 2998/5101/2999 4009/7029/4010
f 3710/6310/3711 4007/6865/4008 3459/5849/3460
f 3592/6080/3593 3936/6719/3937 4092/7030/4093
f 4012/6871/4013 4092/7030/4093 3936/6719/3937
f 3710/6310/3711 3935/6718/3936 4015/7031/4016
f 4011/7032/4012 3715/6318/3716 3352/6082/3353
f 3721/6717/3722 4020/7033/4021 3589/6307/3590
f 4000/7034/4001 3840/7035/3841 4024/7036/4025
f 3939/6725/3940 4093/7037/4094 3356/5685/3357
f 4093/7037/4094 4017/6880/4018 3356/5685/3357
f 3717/6321/3718 3597/6089/3598 4094/7038/4095
f 4095/7039/4096 3715/6318/3716 4011/7032/4012
f 4014/6874/4015 4096/7040/4097 4097/7041/4098
f 4014/6874/4015 4018/6881/4019 4096/7040/4097
f 3477/5879/3478 4017/6880/4018 3719/6323/3720
f 4095/7039/4096 4019/6882/4020 3715/6318/3716
f 3720/6324/3721 4098/7042/4099 3597/6089/3598
f 3599/6330/3600 4010/6886/4011 4099/7043/4100
f 3600/6094/3601 3130/5506/3131 4100/7044/4101
f 3242/5508/3243 3842/6541/3843 4023/7045/4024
f 4101/7046/4102 4025/6892/4026 3843/6545/3844
f 4025/6892/4026 4101/7046/4102 4026/6893/4027
f 4024/6891/4025 3844/6543/3845 4102/7047/4103
f 4026/7048/4027 4101/7049/4102 4103/7050/4104
f 4026/7048/4027 4103/7050/4104 4027/6898/4028
f 4104/7051/4105 4105/7052/4106 4103/7050/4104
f 3725/6897/3726 3014/5123/3015 3942/6729/3943
f 3724/6332/3725 4028/6895/4029 3360/5689/3361
f 4027/6898/4028 4103/7050/4104 4029/6899/4030
f 3360/5689/3361 4028/6895/4029 3364/6334/3365
f 3364/6334/3365 4028/6895/4029 4032/7053/4033
f 4105/7052/4106 4106/7054/4107 4029/6899/4030
f 4029/6899/4030 4106/7054/4107 4030/6900/4031
f 4106/7054/4107 4107/7055/4108 3847/6550/3848
f 4030/6900/4031 4106/7054/4107 3847/6550/3848
f 3847/6550/3848 4108/7056/4109 3726/6336/3727
f 3847/6550/3848 4107/7055/4108 4108/7056/4109
f 4109/7057/4110 4033/7058/4034 4028/7059/4029
f 4033/7058/4034 4032/7060/4033 4028/7059/4029
f 2805/4749/2806 3018/5132/3019 4110/7061/4111
f 3852/6556/3853 3944/6731/3945 3945/6732/3946
f 3945/6732/3946 3944/6731/3945 3848/6551/3849
f 3603/6098/3604 3946/6733/3947 3855/6562/3856
f 4111/7062/4112 4112/7063/4113 4109/7064/4110
f 3867/7065/3868 4112/7063/4113 4111/7062/4112
f 3851/6569/3852 3731/6342/3732 4113/7066/4114
f 3851/6555/3852 4113/7067/4114 3944/6731/3945
f 4109/7064/4110 3749/7068/3750 4033/7069/4034
f 3867/6586/3868 3748/6585/3749 4112/7070/4113
f 4036/6910/4037 4114/7071/4115 3948/6735/3949
f 3948/6735/3949 4114/7071/4115 3857/6568/3858
f 4112/7063/4113 3749/7068/3750 4109/7064/4110
f 3734/6346/3735 4115/7072/4116 4036/6910/4037
f 3954/6744/3955 4116/7073/4117 4117/7074/4118
f 3954/6744/3955 4117/7074/4118 3607/6747/3608
f 3859/6574/3860 4039/6915/4040 4115/7072/4116
f 3734/6346/3735 3859/6574/3860 4115/7072/4116
f 3955/6746/3956 4116/7073/4117 3954/6744/3955
f 3860/6579/3861 4113/7075/4114 3738/7076/3739
f 3738/6352/3739 4113/7066/4114 3731/6342/3732
f 3748/6585/3749 3749/6368/3750 4112/7070/4113
f 3860/6579/3861 4118/7077/4119 4113/7075/4114
f 3737/6351/3738 4119/7078/4120 4037/6911/4038
f 4120/7079/4121 4121/7080/4122 4122/7081/4123
f 4120/7079/4121 4123/7082/4124 4121/7080/4122
f 4120/7079/4121 4124/7083/4125 4123/7082/4124
f 4122/7081/4123 4121/7080/4122 3960/6752/3961
f 4123/7082/4124 3960/6752/3961 4121/7080/4122
f 3960/6752/3961 4123/7082/4124 4124/7083/4125
f 3960/6752/3961 4124/7083/4125 3958/6913/3959
f 3958/6750/3959 4125/7084/4126 4038/6914/4039
f 3958/6750/3959 4124/7085/4125 4125/7084/4126
f 4038/6914/4039 4125/7084/4126 3743/6360/3744
f 3743/6360/3744 4126/7086/4127 3744/6361/3745
f 3964/6759/3965 3953/7087/3954 3955/6760/3956
f 3744/6361/3745 4127/7088/4128 3494/5907/3495
f 4127/7088/4128 4045/6928/4046 3494/5907/3495
f 4128/7089/4129 4040/6922/4041 4044/6927/4045
f 4040/6922/4041 4043/6924/4044 4044/6927/4045
f 4046/6930/4047 3256/5528/3257 4045/6928/4046
f 4129/7090/4130 4128/7089/4129 4130/7091/4131
f 4044/6927/4045 4130/7091/4131 4128/7089/4129
f 4044/6927/4045 3966/6926/3967 4130/7091/4131
f 3956/6912/3957 4131/7092/4132 3874/6598/3875
f 4132/7093/4133 4133/7094/4134 4046/6930/4047
f 3957/6929/3958 4134/7095/4135 3499/5915/3500
f 3960/6752/3961 3872/6595/3873 4048/7096/4049
f 3966/6926/3967 4047/6932/4048 4130/7091/4131
f 4134/7095/4135 3880/6605/3881 3499/5915/3500
f 4133/7094/4134 4051/7097/4052 4046/6930/4047
f 4046/6930/4047 4051/7097/4052 3381/6115/3382
f 3969/6774/3970 3968/6773/3969 4135/7098/4136
f 3875/6921/3876 4049/7099/4050 3877/7100/3878
f 4134/7095/4135 4136/7101/4137 3880/6605/3881
f 4048/6933/4049 4137/7102/4138 4138/7103/4139
f 4048/6933/4049 3617/6121/3618 4137/7102/4138
f 3874/7104/3875 4131/7105/4132 3878/6603/3879
f 3878/6603/3879 4131/7105/4132 4139/7106/4140
f 4139/7106/4140 4135/7098/4136 3375/5920/3376
f 3968/6773/3969 3375/5920/3376 4135/7098/4136
f 4136/7101/4137 3881/6608/3882 3880/6605/3881
f 4136/7107/4137 3757/6382/3758 3881/6609/3882
f 3971/6780/3972 4050/6942/4051 4138/7103/4139
f 4138/7103/4139 3617/6121/3618 3971/6780/3972
f 4137/7102/4138 3617/6121/3618 4138/7103/4139
f 4140/7108/4141 4052/6947/4053 4051/6943/4052
f 4140/7108/4141 4047/7109/4048 4052/6947/4053
f 4139/7106/4140 3375/5920/3376 3878/6603/3879
f 4047/7109/4048 3759/6946/3760 4052/6947/4053
f 4052/6947/4053 3772/6408/3773 4051/6943/4052
f 3631/6151/3632 3884/6615/3885 4141/7110/4142
f 3884/6615/3885 3973/6782/3974 4141/7110/4142
f 3762/7111/3763 3885/7112/3886 4142/7113/4143
f 3631/6151/3632 4141/7110/4142 3972/7114/3973
f 3763/6398/3764 4055/6952/4056 4143/7115/4144
f 3761/6393/3762 4144/7116/4145 3887/6622/3888
f 3972/6781/3973 4145/7117/4146 3975/6786/3976
f 4054/6951/4055 3890/6787/3891 3886/6621/3887
f 3975/6786/3976 4145/7117/4146 4059/6956/4060
f 3890/6787/3891 4146/7118/4147 4058/7119/4059
f 4055/6952/4056 3771/6407/3772 4060/6958/4061
f 4056/7120/4057 3774/6791/3775 3977/6790/3978
f 3888/6623/3889 3774/6412/3775 4056/6953/4057
f 4147/7121/4148 3775/6628/3776 3976/6789/3977
f 4060/7122/4061 3894/6962/3895 4148/7123/4149
f 3775/6413/3776 4149/7124/4150 3643/6169/3644
f 3778/6416/3779 4150/7125/4151 3895/6635/3896
f 4062/6960/4063 3777/6419/3778 3978/7126/3979
f 3779/6418/3780 4062/6960/4063 4063/6961/4064
f 4151/7127/4152 3176/5412/3177 2953/5042/2954
f 2738/4646/2739 4064/6963/4065 3285/5573/3286
f 3404/7128/3405 4064/7129/4065 4152/7130/4153
f 3789/6440/3790 3411/5774/3412 4153/7131/4154
f 4153/7131/4154 2864/4861/2865 3789/6440/3790
f 4065/6965/4066 3983/6814/3984 4066/7132/4067
f 3984/6817/3985 3910/6672/3911 4065/6965/4066
f 4066/6966/4067 3670/6234/3671 4075/7133/4076
f 3670/6234/3671 3554/6015/3555 4075/7133/4076
f 3914/6677/3915 4067/6967/4068 3922/6972/3923
f 4068/6968/4069 3985/6819/3986 4069/7134/4070
f 3807/6469/3808 4073/6977/4074 4071/6975/4072
f 4072/6976/4073 4073/6977/4074 3807/6469/3808
f 3986/6820/3987 4154/7135/4155 4072/6976/4073
f 3986/6820/3987 3988/6825/3989 4154/7135/4155
f 3987/6824/3988 3990/7136/3991 3786/6433/3787
f 4069/6971/4070 4070/6973/4071 4079/6998/4080
f 4074/6984/4075 4073/7137/4074 4076/6985/4077
f 3988/7138/3989 3995/7011/3996 4154/7139/4155
f 2976/5071/2977 4155/7140/4156 3909/6831/3910
f 4077/6991/4078 4156/7141/4157 3680/6254/3681
f 3990/6829/3991 3996/6844/3997 3994/6842/3995
f 3680/7142/3681 4156/7143/4157 3564/7144/3565
f 3564/7145/3565 4156/7146/4157 4080/7147/4081
f 4077/6991/4078 4078/7148/4079 4156/7141/4157
f 3990/6837/3991 3819/6494/3820 3996/7008/3997
f 3685/7149/3686 4157/7150/4158 3919/6691/3920
f 4078/7148/4079 4158/7151/4159 4156/7141/4157
f 3919/6691/3920 4157/7150/4158 4081/7003/4082
f 4156/7152/4157 4159/7153/4160 4080/7000/4081
f 4156/7152/4157 4158/7154/4159 4159/7153/4160
f 3920/6693/3921 4081/7155/4082 3998/6847/3999
f 4078/6996/4079 3993/6999/3994 4158/7156/4159
f 3815/7002/3816 4076/6985/4077 4083/7157/4084
f 4081/7155/4082 4160/7158/4161 3998/6847/3999
f 4157/7150/4158 4160/7159/4161 4081/7003/4082
f 3576/7160/3577 4014/7161/4015 4079/7162/4080
f 4154/7139/4155 3995/7011/3996 4161/7163/4162
f 3096/6044/3097 4002/6853/4003 4082/7010/4083
f 3096/6044/3097 4080/7000/4081 4002/6853/4003
f 3998/6847/3999 4160/7158/4161 3925/6702/3926
f 3995/7011/3996 3927/7013/3928 4161/7163/4162
f 3925/6702/3926 4160/7158/4161 4085/7017/4086
f 4080/7000/4081 4159/7153/4160 4002/6853/4003
f 3993/7005/3994 4162/7164/4163 4158/7165/4159
f 3993/7005/3994 4000/7004/4001 4162/7164/4163
f 4001/7166/4002 4083/7167/4084 4086/7168/4087
f 3104/5299/3105 4002/6853/4003 4087/7022/4088
f 4161/7163/4162 3927/7013/3928 4088/7169/4089
f 4086/7168/4087 4090/7170/4091 3832/7171/3833
f 2995/7172/2996 3108/5304/3109 3933/6715/3934
f 4014/7173/4015 4163/7174/4164 4079/7175/4080
f 3933/6715/3934 3215/5474/3216 4164/7176/4165
f 4084/7016/4085 4010/7177/4011 3708/6696/3709
f 2998/5101/2999 4091/7028/4092 4089/7026/4090
f 3702/6291/3703 4165/7178/4166 4008/6867/4009
f 4008/6867/4009 4009/6868/4010 3709/6306/3710
f 4008/6867/4009 4165/7178/4166 4009/6868/4010
f 4010/7179/4011 4084/7180/4085 4166/7181/4167
f 3939/7182/3940 4090/7183/4091 4167/7184/4168
f 3589/7185/3590 4020/7186/4021 4168/7187/4169
f 3592/6080/3593 4092/7030/4093 4169/7188/4170
f 4170/7189/4171 4162/7190/4163 4024/7191/4025
f 4000/7004/4001 4024/7192/4025 4162/7164/4163
f 4092/7030/4093 4171/7193/4172 4169/7188/4170
f 4092/7030/4093 4012/6871/4013 4171/7193/4172
f 4172/7194/4173 4016/7195/4017 3717/7196/3718
f 4014/6874/4015 4097/7041/4098 4163/7197/4164
f 3596/6087/3597 4173/7198/4174 3130/6088/3131
f 4097/7041/4098 4096/7040/4097 4174/7199/4175
f 4096/7040/4097 4018/6881/4019 4174/7199/4175
f 4166/7200/4167 4175/7201/4176 4010/6886/4011
f 4010/6886/4011 4175/7201/4176 4099/7043/4100
f 4163/7197/4164 4097/7041/4098 4176/7202/4177
f 4174/7199/4175 4176/7202/4177 4097/7041/4098
f 4174/7199/4175 4018/6881/4019 4176/7202/4177
f 3940/6727/3941 4098/7042/4099 3720/6324/3721
f 4019/6882/4020 4177/7203/4178 3940/6727/3941
f 4020/6885/4021 4178/7204/4179 4168/7205/4169
f 4020/6885/4021 4021/6887/4022 4178/7204/4179
f 4021/6887/4022 4022/6888/4023 4178/7204/4179
f 3479/6091/3480 3599/6093/3600 4022/6889/4023
f 4170/7189/4171 4024/7191/4025 4102/7206/4103
f 3843/6542/3844 3244/5511/3245 4179/7207/4180
f 4179/7207/4180 4180/7208/4181 3843/6542/3844
f 3843/6545/3844 4180/7209/4181 4101/7046/4102
f 4101/7049/4102 4104/7051/4105 4103/7050/4104
f 3723/6331/3724 4181/7210/4182 3602/6097/3603
f 4180/7211/4181 4104/7212/4105 4101/7213/4102
f 4182/7214/4183 4181/7215/4182 3723/7216/3724
f 4183/7217/4184 4184/7218/4185 4028/7219/4029
f 3723/7216/3724 3725/6897/3726 4182/7214/4183
f 4185/7220/4186 3942/7221/3943 3361/7222/3362
f 4184/7218/4185 4109/7223/4110 4028/7219/4029
f 4105/7052/4106 4029/6899/4030 4103/7050/4104
f 3844/6903/3845 4031/6902/4032 4102/7224/4103
f 4102/7224/4103 4031/6902/4032 4186/7225/4187
f 4187/7226/4188 4108/7056/4109 4105/7052/4106
f 4105/7052/4106 4108/7056/4109 4107/7055/4108
f 4105/7052/4106 4107/7055/4108 4106/7054/4107
f 4187/7226/4188 3726/6336/3727 4108/7056/4109
f 3362/5886/3363 2804/4746/2805 4188/7227/4189
f 2804/4746/2805 3726/6336/3727 4188/7227/4189
f 4189/7228/4190 3018/5132/3019 3362/5692/3363
f 4186/7225/4187 4031/6902/4032 3867/7065/3868
f 4186/7225/4187 3867/7065/3868 4111/7062/4112
f 4190/7229/4191 2605/4384/2606 4034/6907/4035
f 3855/6562/3856 4191/7230/4192 3947/6734/3948
f 3487/5893/3488 4192/7231/4193 2486/4577/2487
f 3947/6734/3948 4193/7232/4194 4035/6908/4036
f 3857/6568/3858 4114/7071/4115 3949/6736/3950
f 4115/7233/4116 4194/7234/4195 4195/7235/4196
f 3950/7236/3951 4196/7237/4197 3951/6743/3952
f 4117/7074/4118 4197/7238/4198 3607/6747/3608
f 3607/6747/3608 4197/7238/4198 3138/7239/3139
f 4035/6908/4036 4193/7232/4194 3956/6748/3957
f 4193/7232/4194 4198/7240/4199 3956/6748/3957
f 4115/7072/4116 4039/6915/4040 4194/7241/4195
f 3951/6743/3952 4196/7237/4197 3953/6741/3954
f 4116/7073/4117 3955/6746/3956 3953/6741/3954
f 3489/7242/3490 2174/3663/2174 3488/5895/3489
f 4039/6915/4040 3751/6596/3752 4194/7241/4195
f 3737/6351/3738 3735/6347/3736 4119/7078/4120
f 3735/7243/3736 4199/7244/4200 4119/7245/4120
f 4119/7245/4120 4199/7244/4200 4037/7246/4038
f 4199/7244/4200 4200/7247/4201 4037/7246/4038
f 4194/7241/4195 3751/6596/3752 4201/7248/4202
f 4202/7249/4203 4120/7079/4121 4122/7081/4123
f 4202/7249/4203 4203/7250/4204 4120/7079/4121
f 4203/7250/4204 4124/7083/4125 4120/7079/4121
f 4203/7251/4204 4125/7084/4126 4124/7085/4125
f 4200/7247/4201 3957/7252/3958 4037/7246/4038
f 3743/6360/3744 4125/7084/4126 4126/7086/4127
f 4126/7086/4127 4204/7253/4205 3744/6361/3745
f 4198/7254/4199 4131/7092/4132 3956/6912/3957
f 4198/7255/4199 4201/7256/4202 4131/7105/4132
f 3744/6361/3745 4204/7253/4205 4127/7088/4128
f 4204/7253/4205 4205/7257/4206 4127/7088/4128
f 3953/6919/3954 3964/6777/3965 4041/6920/4042
f 4045/6928/4046 4127/7088/4128 4205/7257/4206
f 4205/7257/4206 4206/7258/4207 4045/6928/4046
f 4205/7257/4206 4207/7259/4208 4206/7258/4207
f 4201/7256/4202 3751/6935/3752 3969/6774/3970
f 4045/6928/4046 4206/7258/4207 4046/6930/4047
f 4046/6930/4047 4206/7258/4207 4132/7093/4133
f 4207/7259/4208 4132/7093/4133 4206/7258/4207
f 4207/7259/4208 4208/7260/4209 4132/7093/4133
f 4208/7260/4209 4209/7261/4210 4132/7093/4133
f 4209/7261/4210 4208/7260/4209 4210/7262/4211
f 4208/7260/4209 4211/7263/4212 4210/7262/4211
f 4210/7262/4211 4129/7264/4130 4209/7261/4210
f 4211/7263/4212 4129/7264/4130 4210/7262/4211
f 4211/7263/4212 4212/7265/4213 4129/7264/4130
f 4128/7089/4129 4212/7266/4213 4040/6922/4041
f 4129/7264/4130 4212/7265/4213 4128/7267/4129
f 3960/6752/3961 4048/7096/4049 4213/7268/4214
f 4132/7093/4133 4209/7261/4210 4133/7094/4134
f 4129/7264/4130 4133/7094/4134 4209/7261/4210
f 4130/7091/4131 4047/6932/4048 4129/7090/4130
f 3957/7252/3958 4214/7269/4215 4134/7270/4135
f 4129/7264/4130 4140/7271/4141 4133/7094/4134
f 4129/7272/4130 4047/7109/4048 4140/7108/4141
f 4201/7256/4202 3969/6774/3970 4135/7098/4136
f 4140/7108/4141 4051/6943/4052 4133/7273/4134
f 3875/6921/3876 4041/6920/4042 4049/7099/4050
f 4049/7099/4050 4041/6920/4042 3970/6779/3971
f 3964/6777/3965 3970/6779/3971 4041/6920/4042
f 4214/7274/4215 4136/7107/4137 4134/7275/4135
f 4136/7107/4137 4215/7276/4216 3757/6382/3758
f 3757/6382/3758 4215/7276/4216 4050/6942/4051
f 3032/7277/3033 4216/7278/4217 3773/7279/3774
f 4217/7280/4218 3761/6393/3762 3882/6611/3883
f 4217/7281/4218 3882/7282/3883 3883/6613/3884
f 4217/7281/4218 3883/6613/3884 4218/7283/4219
f 4218/7283/4219 3883/6613/3884 4053/6948/4054
f 3973/6950/3974 3974/6785/3975 4219/7284/4220
f 4142/7113/4143 4054/7285/4055 3762/7111/3763
f 3885/7112/3886 3763/7286/3764 4143/7287/4144
f 4217/7280/4218 4144/7116/4145 3761/6393/3762
f 4220/7288/4221 4053/6948/4054 3765/6949/3766
f 3765/6949/3766 4056/7120/4057 4220/7288/4221
f 4219/7284/4220 3974/6785/3975 4221/7289/4222
f 4221/7289/4222 3974/6785/3975 3889/6624/3890
f 4222/7290/4223 3890/6787/3891 4054/6951/4055
f 4221/7289/4222 3889/6624/3890 4057/6954/4058
f 4222/7290/4223 4146/7118/4147 3890/6787/3891
f 3887/6622/3888 4144/7116/4145 3976/6789/3977
f 4146/7118/4147 4223/7291/4224 4058/7119/4059
f 4055/7292/4056 4060/7122/4061 4224/7293/4225
f 3976/6789/3977 4144/7116/4145 4147/7121/4148
f 4057/6954/4058 4061/6959/4062 4225/7294/4226
f 4057/6954/4058 3892/6627/3893 4061/6959/4062
f 4058/7119/4059 4223/7291/4224 3891/7295/3892
f 4224/7293/4225 4060/7122/4061 4148/7123/4149
f 4226/7296/4227 3775/6413/3776 4147/7297/4148
f 4227/7298/4228 3643/6169/3644 4149/7124/4150
f 4227/7298/4228 3977/6790/3978 3643/6169/3644
f 3891/7299/3892 4223/7300/4224 3978/7301/3979
f 4228/7302/4229 3778/6416/3779 3893/6629/3894
f 4228/7302/4229 4150/7125/4151 3778/6416/3779
f 4061/6959/4062 3895/6636/3896 4150/7303/4151
f 4148/7123/4149 3894/6962/3895 4229/7304/4230
f 4062/6960/4063 3978/7126/3979 4230/7305/4231
f 4230/7305/4231 4229/7304/4230 4062/6960/4063
f 4063/6961/4064 4229/7304/4230 3894/6962/3895
f 4062/6960/4063 4229/7304/4230 4063/6961/4064
f 3391/7306/3392 3067/7307/3068 4231/7308/4232
f 3982/7309/3983 2864/4861/2865 4153/7131/4154
f 4232/7310/4233 3411/7311/3412 3909/7312/3910
f 3984/6817/3985 4065/6965/4066 4233/7313/4234
f 4065/6965/4066 4066/7132/4067 4233/7313/4234
f 4234/7314/4235 3984/6817/3985 4233/7313/4234
f 4233/7315/4234 4066/6966/4067 4075/7133/4076
f 3984/6817/3985 4234/7314/4235 3805/6468/3806
f 4072/6976/4073 4154/7135/4155 4073/6977/4074
f 4069/7134/4070 4079/7316/4080 4068/6968/4069
f 3805/6468/3806 4234/7314/4235 3823/7317/3824
f 3989/7318/3990 4235/7319/4236 1057/7320/1057
f 4235/7321/4236 3095/5280/3096 1057/5456/1057
f 4073/6977/4074 4154/7135/4155 4076/7322/4077
f 4236/7323/4237 3685/6263/3686 3314/5627/3315
f 3566/6035/3567 3817/7324/3818 2675/4898/2676
f 3922/6972/3923 4067/6967/4068 4084/7325/4085
f 4067/6967/4068 4068/6968/4069 4084/7325/4085
f 4076/7326/4077 4154/7139/4155 4237/7327/4238
f 4075/6981/4076 3926/6983/3927 4238/7328/4239
f 4068/7329/4069 4079/7330/4080 4239/7331/4240
f 4076/7326/4077 4237/7327/4238 4083/7167/4084
f 4085/7017/4086 4160/7158/4161 4157/7332/4158
f 4154/7139/4155 4161/7163/4162 4237/7327/4238
f 4083/7167/4084 4237/7327/4238 4086/7168/4087
f 4240/7333/4241 4241/7334/4242 3926/7335/3927
f 3589/6074/3590 4240/7336/4241 3926/6860/3927
f 4002/6853/4003 4159/7153/4160 4087/7022/4088
f 4068/7329/4069 4239/7331/4240 4084/7337/4085
f 4161/7163/4162 4088/7169/4089 4237/7327/4238
f 4086/7168/4087 4237/7327/4238 4090/7170/4091
f 4087/7022/4088 4159/7153/4160 4242/7338/4243
f 4158/7154/4159 4243/7339/4244 4159/7153/4160
f 4162/7340/4163 4170/7341/4171 4158/7342/4159
f 3592/7343/3593 4090/7344/4091 4237/7345/4238
f 4088/7346/4089 3592/7347/3593 4237/7348/4238
f 4158/7349/4159 4170/7350/4171 4243/7351/4244
f 4164/7176/4165 3215/5474/3216 4089/7026/4090
f 3702/6291/3703 4242/7352/4243 4165/7178/4166
f 4087/7353/4088 4242/7352/4243 3702/6291/3703
f 4084/7180/4085 4239/7354/4240 4166/7181/4167
f 4079/7175/4080 4163/7174/4164 4239/7355/4240
f 4091/7028/4092 4009/7029/4010 4244/7356/4245
f 4159/7357/4160 4243/7358/4244 4242/7359/4243
f 4244/7356/4245 4009/7029/4010 4245/7360/4246
f 3823/6501/3824 4246/7361/4247 4011/6870/4012
f 3592/6080/3593 4169/7188/4170 4090/7362/4091
f 4165/7178/4166 4242/7352/4243 4009/6868/4010
f 4090/7183/4091 4247/7363/4248 4167/7184/4168
f 4169/7364/4170 4247/7363/4248 4090/7183/4091
f 4248/7365/4249 4171/7193/4172 4012/6871/4013
f 4249/7366/4250 3710/6310/3711 4015/7031/4016
f 4168/7367/4169 4240/7336/4241 3589/6074/3590
f 4250/7368/4251 4247/7363/4248 4169/7364/4170
f 4250/7368/4251 4169/7364/4170 4248/7369/4249
f 4248/7370/4249 4169/7371/4170 4251/7372/4252
f 4163/7373/4164 4166/7200/4167 4239/7374/4240
f 4252/7375/4253 4167/7184/4168 4247/7363/4248
f 4252/7375/4253 4247/7363/4248 4250/7368/4251
f 4093/7037/4094 3939/6725/3940 4167/7376/4168
f 4253/7377/4254 4242/7352/4243 4254/7378/4255
f 4011/7032/4012 4255/7379/4256 4095/7039/4096
f 4011/7032/4012 4246/7380/4247 4255/7379/4256
f 4243/7358/4244 4254/7381/4255 4242/7359/4243
f 4256/7382/4257 4173/7198/4174 3596/6087/3597
f 4243/7358/4244 4170/7189/4171 4254/7381/4255
f 4163/7373/4164 4175/7201/4176 4166/7200/4167
f 4163/7197/4164 4176/7202/4177 4175/7383/4176
f 4177/7203/4178 4098/7042/4099 3940/6727/3941
f 4095/7039/4096 4257/7384/4258 4019/6882/4020
f 4019/6882/4020 4257/7384/4258 4177/7203/4178
f 4095/7039/4096 4255/7379/4256 4257/7384/4258
f 4246/7385/4247 4168/7205/4169 4178/7204/4179
f 4258/7386/4259 4099/7043/4100 4175/7201/4176
f 4254/7381/4255 4170/7189/4171 4102/7206/4103
f 4177/7203/4178 4257/7384/4258 4259/7387/4260
f 4259/7388/4260 4178/7204/4179 4022/6888/4023
f 4100/7044/4101 3842/6541/3843 3600/6094/3601
f 4260/7389/4261 3244/7390/3245 4023/7391/4024
f 4180/7392/4181 3244/7390/3245 4260/7389/4261
f 3244/5511/3245 4180/7208/4181 4179/7207/4180
f 4181/7210/4182 4028/6895/4029 3602/6097/3603
f 4261/7393/4262 4183/7217/4184 4028/7219/4029
f 4262/7394/4263 4184/7218/4185 4183/7217/4184
f 4182/7214/4183 3725/6897/3726 3942/6729/3943
f 4254/7395/4255 4263/7396/4264 4184/7397/4185
f 4264/7398/4265 3942/6729/3943 4185/7399/4186
f 4102/7224/4103 4263/7400/4264 4254/7401/4255
f 4104/7051/4105 4265/7402/4266 4105/7052/4106
f 4102/7224/4103 4111/7062/4112 4263/7400/4264
f 4263/7400/4264 4109/7064/4110 4184/7403/4185
f 4186/7225/4187 4111/7062/4112 4102/7224/4103
f 4265/7402/4266 4266/7404/4267 4187/7226/4188
f 4187/7226/4188 4105/7052/4106 4265/7402/4266
f 4185/7405/4186 3361/5691/3362 3483/5887/3484
f 4111/7062/4112 4109/7064/4110 4263/7400/4264
f 4266/7404/4267 4188/7227/4189 3726/6336/3727
f 3726/6336/3727 4187/7226/4188 4266/7404/4267
f 3605/7406/3606 2053/4751/2053 2805/4749/2806
f 4191/7230/4192 4193/7232/4194 3947/6734/3948
f 4195/7235/4196 4267/7407/4268 4193/7232/4194
f 4195/7235/4196 4194/7234/4195 4267/7407/4268
f 4197/7238/4198 3367/7408/3368 3138/7239/3139
f 4193/7232/4194 4267/7407/4268 4198/7240/4199
f 4268/7409/4269 3953/6741/3954 4196/7237/4197
f 4116/7073/4117 3953/6741/3954 4268/7409/4269
f 4267/7407/4268 4194/7234/4195 4198/7240/4199
f 3735/7243/3736 4269/7410/4270 4199/7244/4200
f 4269/7410/4270 4200/7247/4201 4199/7244/4200
f 4269/7410/4270 4270/7411/4271 4200/7247/4201
f 4270/7411/4271 4271/7412/4272 4200/7247/4201
f 4272/7413/4273 4273/7414/4274 4274/7415/4275
f 4272/7413/4273 4203/7250/4204 4273/7414/4274
f 4273/7414/4274 4122/7081/4123 4274/7415/4275
f 4203/7250/4204 4122/7081/4123 4273/7414/4274
f 4203/7250/4204 4202/7249/4203 4122/7081/4123
f 4200/7247/4201 4271/7412/4272 3957/7252/3958
f 4274/7415/4275 4275/7416/4276 4271/7412/4272
f 4274/7415/4275 4122/7081/4123 4275/7416/4276
f 4271/7412/4272 4275/7416/4276 3957/7252/3958
f 4126/7086/4127 4205/7257/4206 4204/7253/4205
f 4276/7417/4277 3959/6916/3960 4040/6917/4041
f 4201/7248/4202 4198/7418/4199 4194/7241/4195
f 4122/7081/4123 4213/7268/4214 4275/7416/4276
f 4122/7081/4123 3960/6752/3961 4213/7268/4214
f 4275/7416/4276 4214/7269/4215 3957/7252/3958
f 4213/7268/4214 4277/7419/4278 4275/7416/4276
f 4048/7096/4049 4277/7419/4278 4213/7268/4214
f 4048/6933/4049 4138/7103/4139 4277/7420/4278
f 4214/7269/4215 4275/7416/4276 4215/7421/4216
f 4139/7106/4140 4131/7105/4132 4201/7256/4202
f 4139/7106/4140 4201/7256/4202 4135/7098/4136
f 4136/7107/4137 4214/7274/4215 4215/7276/4216
f 4275/7416/4276 4277/7419/4278 4215/7421/4216
f 4050/6942/4051 4277/7420/4278 4138/7103/4139
f 4050/6942/4051 4215/7276/4216 4277/7420/4278
f 3973/6782/3974 4219/7422/4220 4141/7110/4142
f 4142/7113/4143 3885/7112/3886 4278/7423/4279
f 3885/7112/3886 4143/7287/4144 4278/7423/4279
f 4053/6948/4054 4220/7288/4221 4218/7283/4219
f 4141/7110/4142 4145/7424/4146 3972/7114/3973
f 4141/7110/4142 4279/7425/4280 4145/7424/4146
f 4142/7113/4143 4222/7426/4223 4054/7285/4055
f 4142/7113/4143 4278/7423/4279 4222/7426/4223
f 4145/7424/4146 4280/7427/4281 4059/7428/4060
f 4221/7289/4222 4057/6954/4058 4225/7294/4226
f 4278/7423/4279 4143/7287/4144 4224/7293/4225
f 4143/7287/4144 4055/7292/4056 4224/7293/4225
f 4056/7120/4057 3977/6790/3978 4220/7288/4221
f 4280/7429/4281 3893/6629/3894 4059/6957/4060
f 4146/7430/4147 4222/7426/4223 4281/7431/4282
f 4146/7430/4147 4281/7431/4282 4223/7432/4224
f 4144/7433/4145 4226/7296/4227 4147/7297/4148
f 4226/7296/4227 4227/7298/4228 4149/7124/4150
f 4220/7288/4221 3977/6790/3978 4227/7298/4228
f 3893/6629/3894 4280/7429/4281 4228/7302/4229
f 4226/7296/4227 4149/7124/4150 3775/6413/3776
f 4225/7294/4226 4061/6959/4062 4150/7303/4151
f 4223/7300/4224 4230/7434/4231 3978/7301/3979
f 4281/7431/4282 4230/7305/4231 4223/7432/4224
f 4281/7431/4282 4282/7435/4283 4230/7305/4231
f 4224/7293/4225 4148/7123/4149 4282/7435/4283
f 4282/7435/4283 4229/7304/4230 4230/7305/4231
f 4282/7435/4283 4148/7123/4149 4229/7304/4230
f 3780/7436/3781 4283/7437/4284 2953/7438/2954
f 4284/7439/4285 2856/6421/2857 3176/5412/3177
f 3404/5760/3405 4285/7440/4286 3067/5239/3068
f 4285/7441/4286 3404/7128/3405 4152/7130/4153
f 4286/7442/4287 3982/7309/3983 4153/7131/4154
f 4153/7131/4154 3411/5774/3412 4286/7442/4287
f 3411/5774/3412 4232/7443/4233 4286/7442/4287
f 3908/6810/3909 4287/7444/4288 2453/7445/2454
f 4233/7313/4234 4075/7446/4076 4234/7314/4235
f 4075/6981/4076 4238/7328/4239 4234/7447/4235
f 4234/7314/4235 4238/7448/4239 3823/7317/3824
f 3314/5627/3315 3817/6492/3818 4236/7323/4237
f 2771/6037/2772 4288/7449/4289 3566/6038/3567
f 3685/7149/3686 4236/7450/4237 4157/7150/4158
f 4238/7451/4239 4241/7334/4242 3823/7452/3824
f 2880/4903/2881 3573/6052/3574 1890/3182/1890
f 4238/7451/4239 3926/7335/3927 4241/7334/4242
f 4157/7150/4158 4289/7453/4290 4290/7454/4291
f 4157/7150/4158 4290/7454/4291 4085/7455/4086
f 4241/7334/4242 4240/7333/4241 3823/7452/3824
f 4085/7020/4086 4290/7456/4291 3932/6713/3933
f 4091/7028/4092 4245/7360/4246 4089/7026/4090
f 4245/7360/4246 4091/7028/4092 4244/7356/4245
f 4240/7333/4241 4246/7457/4247 3823/7452/3824
f 4245/7458/4246 4009/6868/4010 4242/7352/4243
f 4242/7352/4243 4253/7377/4254 4245/7458/4246
f 4249/7459/4250 4015/7460/4016 4172/7194/4173
f 4252/7375/4253 4291/7461/4292 4167/7184/4168
f 4252/7375/4253 4250/7368/4251 4291/7461/4292
f 4093/7462/4094 4167/7184/4168 4292/7463/4293
f 4167/7184/4168 4291/7461/4292 4292/7463/4293
f 4017/6880/4018 4093/7037/4094 4292/7464/4293
f 4240/7465/4241 4168/7466/4169 4246/7467/4247
f 3717/7196/3718 4094/7468/4095 4172/7194/4173
f 4175/7201/4176 4176/7469/4177 4258/7386/4259
f 4255/7379/4256 4259/7387/4260 4257/7384/4258
f 4246/7380/4247 4259/7387/4260 4255/7379/4256
f 4246/7385/4247 4178/7204/4179 4259/7388/4260
f 4254/7470/4255 4293/7471/4294 4253/7472/4254
f 4254/7470/4255 4262/7473/4263 4293/7471/4294
f 4262/7474/4263 4254/7395/4255 4184/7397/4185
f 4023/7391/4024 4294/7475/4295 4260/7389/4261
f 4293/7476/4294 4262/7477/4263 4261/7478/4262
f 4294/7475/4295 4180/7392/4181 4260/7389/4261
f 4261/7478/4262 4028/6895/4029 4181/7210/4182
f 4262/7394/4263 4183/7217/4184 4261/7393/4262
f 4180/7211/4181 4295/7479/4296 4104/7212/4105
f 4295/7480/4296 4265/7402/4266 4104/7051/4105
f 4265/7402/4266 4296/7481/4297 4266/7404/4267
f 4296/7481/4297 4188/7227/4189 4266/7404/4267
f 4185/7405/4186 3483/5887/3484 4297/7482/4298
f 4189/7483/4190 3362/7484/3363 4298/7485/4299
f 2605/4947/2606 4190/7486/4191 3946/6733/3947
f 4193/7232/4194 4191/7230/4192 4195/7235/4196
f 4195/7235/4196 4299/7487/4300 4036/7488/4037
f 4195/7235/4196 4036/7488/4037 4115/7233/4116
f 3950/7236/3951 4300/7489/4301 4196/7237/4197
f 4196/7237/4197 4117/7074/4118 4268/7409/4269
f 4196/7237/4197 4300/7489/4301 4117/7074/4118
f 4268/7409/4269 4117/7074/4118 4116/7073/4117
f 4270/7411/4271 4269/7410/4270 4301/7490/4302
f 4270/7411/4271 4301/7490/4302 4271/7412/4272
f 4301/7490/4302 4274/7415/4275 4271/7412/4272
f 4274/7415/4275 4301/7490/4302 4272/7413/4273
f 4301/7490/4302 4203/7250/4204 4272/7413/4273
f 4203/7251/4204 4126/7086/4127 4125/7084/4126
f 4208/7260/4209 4302/7491/4303 4211/7263/4212
f 4302/7491/4303 4212/7265/4213 4211/7263/4212
f 4141/7110/4142 4303/7492/4304 4279/7425/4280
f 4141/7110/4142 4219/7422/4220 4303/7492/4304
f 4219/7284/4220 4221/7289/4222 4303/7493/4304
f 4217/7281/4218 4226/7296/4227 4144/7433/4145
f 4218/7283/4219 4226/7296/4227 4217/7281/4218
f 4218/7283/4219 4227/7298/4228 4226/7296/4227
f 4218/7283/4219 4220/7288/4221 4227/7298/4228
f 4279/7425/4280 4280/7427/4281 4145/7424/4146
f 4221/7289/4222 4225/7294/4226 4303/7493/4304
f 4278/7423/4279 4281/7431/4282 4222/7426/4223
f 4278/7423/4279 4304/7494/4305 4281/7431/4282
f 4224/7293/4225 4304/7494/4305 4278/7423/4279
f 4280/7429/4281 4279/7495/4280 4228/7302/4229
f 4303/7496/4304 4228/7302/4229 4279/7495/4280
f 4303/7496/4304 4150/7125/4151 4228/7302/4229
f 4150/7125/4151 4303/7496/4304 4225/7497/4226
f 4282/7435/4283 4281/7431/4282 4304/7494/4305
f 4224/7293/4225 4282/7435/4283 4304/7494/4305
f 4284/7439/4285 2738/7498/2739 2856/6421/2857
f 3821/6499/3822 4305/7499/4306 2976/5071/2977
f 2771/6037/2772 4306/7500/4307 4288/7449/4289
f 4236/7450/4237 4289/7453/4290 4157/7150/4158
f 3933/7501/3934 4307/7502/4308 2995/7503/2996
f 4089/7026/4090 4308/7504/4309 4164/7176/4165
f 4089/7026/4090 4245/7360/4246 4308/7504/4309
f 4012/6871/4013 4013/6872/4014 4248/7365/4249
f 4250/7368/4251 4248/7369/4249 4309/7505/4310
f 4245/7458/4246 4253/7377/4254 4310/7506/4311
f 4016/6877/4017 4172/7507/4173 4015/6876/4016
f 4292/7508/4293 4311/7509/4312 4017/7510/4018
f 4292/7463/4293 4291/7461/4292 4311/7511/4312
f 4018/6881/4019 3719/6323/3720 4017/6880/4018
f 4253/7472/4254 4293/7471/4294 4310/7512/4311
f 4258/7513/4259 4312/7514/4313 4099/7515/4100
f 3130/5506/3131 4173/7516/4174 4100/7044/4101
f 4023/7045/4024 3842/6541/3843 4313/7517/4314
f 4023/7045/4024 4313/7517/4314 4314/7518/4315
f 4314/7519/4315 4294/7475/4295 4023/7391/4024
f 4181/7210/4182 4293/7476/4294 4261/7478/4262
f 4294/7475/4295 4315/7520/4316 4180/7392/4181
f 4181/7215/4182 4182/7214/4183 4316/7521/4317
f 4315/7522/4316 4295/7479/4296 4180/7211/4181
f 3942/6729/3943 4316/7521/4317 4182/7214/4183
f 4316/7521/4317 3942/6729/3943 4264/7398/4265
f 4264/7398/4265 4185/7399/4186 4317/7523/4318
f 4265/7402/4266 4318/7524/4319 4296/7481/4297
f 4188/7227/4189 4318/7524/4319 4298/7525/4299
f 4296/7481/4297 4318/7524/4319 4188/7227/4189
f 4188/7227/4189 4298/7525/4299 3362/5886/3363
f 3483/5887/3484 3944/6731/3945 4297/7482/4298
f 4189/7228/4190 4110/7061/4111 3018/5132/3019
f 4110/7061/4111 3605/7406/3606 2805/4749/2806
f 4195/7235/4196 4191/7230/4192 4299/7487/4300
f 3950/7236/3951 4319/7526/4320 4300/7489/4301
f 4203/7251/4204 4301/7527/4302 4126/7086/4127
f 4207/7259/4208 4205/7257/4206 4320/7528/4321
f 4207/7259/4208 4320/7528/4321 4208/7260/4209
f 4321/7529/4322 4040/7530/4041 4212/7265/4213
f 3032/6363/3033 3746/6365/3747 4322/7531/4323
f 3780/7532/3781 3773/7279/3774 4216/7278/4217
f 3817/6492/3818 3566/7533/3567 4323/7534/4324
f 3817/6492/3818 4323/7534/4324 4236/7323/4237
f 2976/5071/2977 4305/7499/4306 4155/7140/4156
f 2995/5098/2996 4324/7535/4325 2994/5096/2995
f 3933/6715/3934 4164/7176/4165 4325/7536/4326
f 4164/7176/4165 4308/7504/4309 4325/7536/4326
f 3324/6533/3325 4326/7537/4327 3596/6087/3597
f 4248/7369/4249 4327/7538/4328 4309/7505/4310
f 4248/7369/4249 4013/7539/4014 4327/7538/4328
f 4250/7368/4251 4309/7505/4310 4291/7461/4292
f 4018/7540/4019 4017/7510/4018 4311/7509/4312
f 4258/7513/4259 4176/7541/4177 4312/7514/4313
f 4177/7203/4178 4328/7542/4329 4098/7042/4099
f 4259/7387/4260 4328/7542/4329 4177/7203/4178
f 3599/6093/3600 4329/7543/4330 4022/6889/4023
f 4099/7043/4100 4312/7544/4313 3599/6330/3600
f 4310/7512/4311 4293/7471/4294 4316/7545/4317
f 4330/7546/4331 4331/7547/4332 3842/6541/3843
f 3842/6541/3843 4331/7547/4332 4313/7517/4314
f 4313/7517/4314 4331/7547/4332 4314/7518/4315
f 4314/7519/4315 4315/7520/4316 4294/7475/4295
f 4293/7476/4294 4181/7210/4182 4316/7548/4317
f 4295/7480/4296 4318/7524/4319 4265/7402/4266
f 4318/7524/4319 4332/7549/4333 4298/7525/4299
f 4298/7485/4299 4332/7550/4333 4189/7483/4190
f 2486/4383/2487 4192/7551/4193 4034/6907/4035
f 4333/7552/4334 4114/7553/4115 4036/7554/4037
f 4114/7553/4115 4333/7552/4334 3949/7555/3950
f 3950/7236/3951 3949/7556/3950 4319/7526/4320
f 4117/7074/4118 4300/7489/4301 4197/7238/4198
f 2700/4584/2701 3741/6357/3742 3952/6739/3953
f 3615/6768/3616 3873/6597/3874 2910/4965/2911
f 4064/7129/4065 2738/7557/2739 4284/7558/4285
f 4232/7310/4233 3982/6809/3983 4286/7559/4287
f 4334/7560/4335 4325/7536/4326 4308/7504/4309
f 4308/7504/4309 4245/7360/4246 4334/7560/4335
f 4245/7360/4246 4310/7561/4311 4334/7560/4335
f 4310/7561/4311 4316/7562/4317 4334/7560/4335
f 4335/7563/4336 4256/7382/4257 3596/6087/3597
f 4336/7564/4337 4172/7194/4173 4094/7468/4095
f 4337/7565/4338 4018/7540/4019 4311/7509/4312
f 4173/7516/4174 4338/7566/4339 4100/7044/4101
f 4328/7542/4329 4259/7387/4260 4329/7567/4330
f 4329/7543/4330 4259/7568/4260 4022/6889/4023
f 4100/7044/4101 4330/7546/4331 3842/6541/3843
f 4331/7547/4332 4315/7569/4316 4314/7518/4315
f 4315/7570/4316 4339/7571/4340 4295/7572/4296
f 4340/7573/4341 4185/7574/4186 4297/7575/4298
f 4317/7576/4318 4185/7574/4186 4340/7573/4341
f 4339/7571/4340 4318/7577/4319 4295/7572/4296
f 4318/7577/4319 4341/7578/4342 4332/7550/4333
f 4342/7579/4343 4189/7483/4190 4332/7550/4333
f 4343/7580/4344 4189/7483/4190 4342/7579/4343
f 3946/6733/3947 4191/7230/4192 3855/6562/3856
f 4344/7581/4345 3944/6731/3945 4113/7067/4114
f 4299/7582/4300 4333/7552/4334 4036/7554/4037
f 4333/7552/4334 4319/7583/4320 3949/7555/3950
f 4126/7086/4127 4320/7528/4321 4205/7257/4206
f 4302/7491/4303 4321/7529/4322 4212/7265/4213
f 4216/7278/4217 4345/7584/4346 3780/7532/3781
f 3780/7532/3781 4345/7584/4346 4283/7585/4284
f 2953/7438/2954 4283/7437/4284 4151/7586/4152
f 4323/7587/4324 4346/7588/4347 4236/7450/4237
f 4323/7587/4324 3566/7589/3567 4346/7588/4347
f 3566/7590/3567 4288/7591/4289 4347/7592/4348
f 4290/7456/4291 3590/7593/3591 3932/6713/3933
f 4348/7594/4349 4307/7595/4308 3933/6715/3934
f 3933/6715/3934 4325/7536/4326 4348/7594/4349
f 4325/7536/4326 4334/7560/4335 4349/7596/4350
f 3710/6310/3711 4249/7366/4250 4007/6865/4008
f 4326/7537/4327 4335/7563/4336 3596/6087/3597
f 4172/7194/4173 4350/7597/4351 4249/7459/4250
f 4334/7560/4335 4316/7562/4317 4349/7596/4350
f 4176/7541/4177 4018/7540/4019 4337/7565/4338
f 3597/6089/3598 4098/7042/4099 4094/7038/4095
f 4351/7598/4352 4330/7546/4331 4100/7044/4101
f 4351/7598/4352 4331/7547/4332 4330/7546/4331
f 4341/7578/4342 4342/7579/4343 4332/7550/4333
f 4341/7578/4342 4343/7580/4344 4342/7579/4343
f 3944/6731/3945 4344/7581/4345 4352/7599/4353
f 4189/7483/4190 4343/7580/4344 4353/7600/4354
f 4353/7600/4354 4110/7601/4111 4189/7483/4190
f 4276/7602/4277 3860/6579/3861 3959/6751/3960
f 4208/7260/4209 4320/7528/4321 4302/7491/4303
f 4152/7130/4153 4064/7129/4065 4285/7441/4286
f 3909/7312/3910 4354/7603/4355 4232/7310/4233
f 3095/7604/3096 4355/7605/4356 2880/7606/2881
f 4155/7140/4156 4305/7499/4306 4356/7607/4357
f 4236/7450/4237 4346/7588/4347 4289/7453/4290
f 2994/5096/2995 4324/7535/4325 3999/7608/4000
f 2995/5098/2996 4357/7609/4358 4324/7535/4325
f 2995/5098/2996 4358/7610/4359 4357/7609/4358
f 2995/7503/2996 4359/7611/4360 4358/7612/4359
f 2997/5100/2998 2996/5099/2997 4360/7613/4361
f 2995/7503/2996 4307/7502/4308 4359/7611/4360
f 2997/5100/2998 4360/7613/4361 3837/6531/3838
f 4335/7563/4336 4361/7614/4362 4256/7382/4257
f 4362/7615/4363 4349/7596/4350 4363/7616/4364
f 4316/7562/4317 4363/7616/4364 4349/7596/4350
f 4173/7516/4174 4364/7617/4365 4338/7566/4339
f 4363/7616/4364 4316/7562/4317 4365/7618/4366
f 4100/7044/4101 4338/7566/4339 4366/7619/4367
f 4366/7619/4367 4351/7598/4352 4100/7044/4101
f 4351/7598/4352 4339/7620/4340 4331/7547/4332
f 4316/7562/4317 4264/7621/4265 4365/7618/4366
f 4315/7569/4316 4331/7547/4332 4339/7620/4340
f 4367/7622/4368 4318/7577/4319 4339/7571/4340
f 4367/7622/4368 4341/7578/4342 4318/7577/4319
f 4353/7600/4354 4343/7580/4344 4341/7578/4342
f 4110/7601/4111 4353/7600/4354 4368/7623/4369
f 4110/7624/4111 4368/7625/4369 3605/7626/3606
f 3946/6733/3947 4190/7486/4191 4369/7627/4370
f 3946/6733/3947 4369/7627/4370 4191/7230/4192
f 4370/7628/4371 4371/7629/4372 4191/7230/4192
f 4191/7230/4192 4371/7629/4372 4299/7487/4300
f 4299/7582/4300 4371/7630/4372 4333/7552/4334
f 4113/7075/4114 4372/7631/4373 4344/7632/4345
f 3605/6104/3606 4373/7633/4374 3488/6572/3489
f 4333/7634/4334 4374/7635/4375 4319/7636/4320
f 3367/5699/3368 4375/7637/4376 3735/6347/3736
f 2811/4763/2812 4376/7638/4377 3741/6357/3742
f 2811/4763/2812 3750/6370/3751 4376/7638/4377
f 3391/6945/3392 4377/7639/4378 3380/6606/3381
f 3032/7277/3033 4322/7640/4323 4216/7278/4217
f 4232/7310/4233 4378/7641/4379 3982/6809/3983
f 4232/7310/4233 4379/7642/4380 4378/7641/4379
f 4232/7310/4233 4354/7603/4355 4379/7642/4380
f 4290/7643/4291 4380/7644/4381 3590/7645/3591
f 1264/6063/1264 3582/6065/3583 3821/7646/3822
f 4307/7502/4308 4358/7612/4359 4359/7611/4360
f 4307/7502/4308 4381/7647/4382 4358/7612/4359
f 4307/7502/4308 4382/7648/4383 4381/7647/4382
f 4307/7502/4308 4348/7649/4349 4382/7648/4383
f 4325/7536/4326 4349/7596/4350 4348/7594/4349
f 4291/7461/4292 4309/7505/4310 4311/7511/4312
f 4362/7615/4363 4363/7616/4364 4383/7650/4384
f 4256/7382/4257 4361/7614/4362 4173/7198/4174
f 4098/7042/4099 4336/7651/4337 4094/7038/4095
f 4363/7616/4364 4365/7618/4366 4383/7650/4384
f 4364/7617/4365 4384/7652/4385 4338/7566/4339
f 4338/7566/4339 4384/7652/4385 4366/7619/4367
f 4384/7652/4385 4351/7598/4352 4366/7619/4367
f 4351/7598/4352 4384/7652/4385 4339/7620/4340
f 4264/7621/4265 4317/7653/4318 4365/7618/4366
f 4297/7482/4298 3944/6731/3945 4340/7654/4341
f 4367/7622/4368 4385/7655/4386 4341/7578/4342
f 4319/7636/4320 4374/7635/4375 4386/7656/4387
f 4300/7489/4301 4319/7526/4320 4386/7657/4387
f 3735/7243/3736 4375/7658/4376 4269/7410/4270
f 4301/7527/4302 4387/7659/4388 4126/7086/4127
f 4321/7660/4322 4276/7417/4277 4040/6917/4041
f 4302/7661/4303 4388/7662/4389 4321/7660/4322
f 3380/6606/3381 4377/7639/4378 3615/6117/3616
f 3391/6945/3392 4389/7663/4390 4377/7639/4378
f 4151/7586/4152 4284/7558/4285 3176/7664/3177
f 4284/7558/4285 4390/7665/4391 4064/7129/4065
f 3982/6809/3983 4391/7666/4392 4392/7667/4393
f 3982/6809/3983 4378/7641/4379 4391/7666/4392
f 4378/7641/4379 4379/7642/4380 4391/7666/4392
f 4287/7444/4288 3989/7668/3990 2453/7445/2454
f 4347/7669/4348 4288/7670/4289 4393/7671/4394
f 4346/7588/4347 4394/7672/4395 4289/7453/4290
f 2880/4903/2881 4395/7673/4396 3573/6052/3574
f 4358/7612/4359 4396/7674/4397 4357/7675/4358
f 4358/7612/4359 4397/7676/4398 4396/7674/4397
f 4358/7612/4359 4381/7647/4382 4397/7676/4398
f 4382/7648/4383 4398/7677/4399 4381/7647/4382
f 4382/7648/4383 4399/7678/4400 4398/7677/4399
f 4382/7648/4383 4348/7649/4349 4399/7678/4400
f 3837/7679/3838 4400/7680/4401 3324/7681/3325
f 3324/6533/3325 4400/7682/4401 4326/7537/4327
f 4348/7594/4349 4349/7596/4350 4362/7615/4363
f 4335/7563/4336 4326/7537/4327 4401/7683/4402
f 4311/7511/4312 4309/7505/4310 4402/7684/4403
f 4335/7563/4336 4403/7685/4404 4361/7614/4362
f 4361/7614/4362 4404/7686/4405 4173/7198/4174
f 4336/7564/4337 4405/7687/4406 4172/7194/4173
f 4311/7509/4312 4406/7688/4407 4337/7565/4338
f 4173/7198/4174 4404/7686/4405 4364/7689/4365
f 4336/7651/4337 4098/7042/4099 4328/7542/4329
f 3599/7690/3600 4312/7691/4313 4329/7692/4330
f 4176/7541/4177 4407/7693/4408 4312/7514/4313
f 4364/7617/4365 4408/7694/4409 4384/7652/4385
f 4408/7694/4409 4409/7695/4410 4384/7652/4385
f 4409/7695/4410 4410/7696/4411 4384/7652/4385
f 4410/7697/4411 4339/7571/4340 4384/7698/4385
f 4339/7571/4340 4410/7697/4411 4367/7622/4368
f 4410/7697/4411 4411/7699/4412 4367/7622/4368
f 4411/7699/4412 4385/7655/4386 4367/7622/4368
f 3944/6731/3945 4412/7700/4413 4340/7654/4341
f 3944/6731/3945 4352/7599/4353 4412/7700/4413
f 4353/7600/4354 4341/7578/4342 4385/7655/4386
f 4385/7701/4386 4413/7702/4414 4368/7625/4369
f 4368/7623/4369 4353/7600/4354 4385/7655/4386
f 4368/7625/4369 4413/7702/4414 4414/7703/4415
f 4191/7230/4192 4369/7627/4370 4370/7628/4371
f 3605/7626/3606 4414/7703/4415 4373/7704/4374
f 3605/7626/3606 4368/7625/4369 4414/7703/4415
f 3952/7705/3953 4192/7231/4193 3487/5893/3488
f 4300/7489/4301 4386/7657/4387 4415/7706/4416
f 4300/7489/4301 4415/7706/4416 4197/7238/4198
f 4197/7238/4198 4415/7706/4416 3367/7408/3368
f 4118/7077/4119 4416/7707/4417 4113/7075/4114
f 3860/6579/3861 4276/7602/4277 4118/7077/4119
f 4269/7410/4270 4387/7708/4388 4301/7490/4302
f 4320/7709/4321 4388/7662/4389 4302/7661/4303
f 3873/6597/3874 3615/6768/3616 4417/7710/4418
f 4377/7639/4378 4418/7711/4419 3615/6117/3616
f 4064/7129/4065 4419/7712/4420 4285/7441/4286
f 4379/7642/4380 4420/7713/4421 4391/7666/4392
f 4392/7667/4393 3908/6810/3909 3982/6809/3983
f 2880/7606/2881 4421/7714/4422 4395/7715/4396
f 3566/7589/3567 4393/7671/4394 4346/7588/4347
f 4347/7669/4348 4393/7671/4394 3566/7589/3567
f 2771/5629/2772 3999/6848/4000 4306/7716/4307
f 4357/7609/4358 4422/7717/4423 4324/7535/4325
f 4360/7718/4361 2996/7719/2997 4423/7720/4424
f 4357/7609/4358 4424/7721/4425 4422/7717/4423
f 4396/7722/4397 4424/7721/4425 4357/7609/4358
f 4396/7674/4397 4397/7676/4398 4425/7723/4426
f 4381/7647/4382 4398/7677/4399 4397/7676/4398
f 4360/7718/4361 4400/7680/4401 3837/7679/3838
f 4348/7724/4349 4362/7725/4363 4399/7726/4400
f 4311/7509/4312 4402/7727/4403 4406/7688/4407
f 4172/7194/4173 4405/7687/4406 4350/7597/4351
f 4364/7689/4365 4404/7686/4405 4408/7728/4409
f 4176/7541/4177 4337/7565/4338 4407/7693/4408
f 4365/7618/4366 4426/7729/4427 4383/7650/4384
f 4365/7730/4366 4317/7731/4318 4426/7732/4427
f 4317/7576/4318 4340/7573/4341 4412/7733/4413
f 4411/7734/4412 4427/7735/4428 4385/7701/4386
f 4427/7735/4428 4413/7702/4414 4385/7701/4386
f 4427/7735/4428 4414/7703/4415 4413/7702/4414
f 4034/6907/4035 4369/7736/4370 4190/7229/4191
f 4428/7737/4429 3488/6572/3489 4373/7633/4374
f 4376/7638/4377 3952/6739/3953 3741/6357/3742
f 4155/7738/4156 4429/7739/4430 3909/7312/3910
f 4235/7319/4236 4430/7740/4431 3095/7604/3096
f 4346/7588/4347 4393/7671/4394 4394/7672/4395
f 4289/7453/4290 4394/7672/4395 4290/7454/4291
f 4324/7535/4325 4431/7741/4432 3999/7608/4000
f 4422/7717/4423 4424/7721/4425 4324/7535/4325
f 4396/7674/4397 4425/7723/4426 4424/7742/4425
f 4398/7677/4399 4432/7743/4433 4397/7676/4398
f 4398/7677/4399 4433/7744/4434 4432/7743/4433
f 4398/7677/4399 4434/7745/4435 4433/7744/4434
f 4398/7677/4399 4399/7678/4400 4434/7745/4435
f 3582/6866/3583 4007/6865/4008 4435/7746/4436
f 4400/7682/4401 4401/7683/4402 4326/7537/4327
f 4007/6865/4008 4249/7366/4250 4435/7746/4436
f 4335/7563/4336 4401/7683/4402 4403/7685/4404
f 4361/7614/4362 4403/7685/4404 4436/7747/4437
f 4436/7747/4437 4404/7686/4405 4361/7614/4362
f 4362/7725/4363 4383/7748/4384 4437/7749/4438
f 4404/7686/4405 4436/7747/4437 4409/7750/4410
f 4404/7686/4405 4409/7750/4410 4408/7728/4409
f 4409/7750/4410 4438/7751/4439 4410/7752/4411
f 4439/7753/4440 4411/7734/4412 4410/7754/4411
f 4344/7632/4345 4440/7755/4441 4441/7756/4442
f 4439/7753/4440 4427/7735/4428 4411/7734/4412
f 4427/7735/4428 4442/7757/4443 4414/7703/4415
f 4344/7632/4345 4372/7631/4373 4440/7755/4441
f 4373/7704/4374 4414/7703/4415 4442/7757/4443
f 4333/7552/4334 4371/7630/4372 4374/7758/4375
f 4428/7759/4429 4373/7704/4374 4442/7757/4443
f 4428/7737/4429 4443/7760/4444 3488/6572/3489
f 4192/7761/4193 3952/7762/3953 4444/7763/4445
f 4113/7075/4114 4416/7707/4417 4372/7631/4373
f 3488/7764/3489 4445/7765/4446 3489/5897/3490
f 3367/5699/3368 4415/7766/4416 4375/7637/4376
f 4269/7410/4270 4375/7658/4376 4387/7708/4388
f 4387/7659/4388 4320/7528/4321 4126/7086/4127
f 3750/6370/3751 3873/6597/3874 4446/7767/4447
f 4446/7767/4447 3873/6597/3874 4417/7710/4418
f 4231/7768/4232 4389/7663/4390 3391/6945/3392
f 3909/7312/3910 4447/7769/4448 4354/7603/4355
f 3909/7312/3910 4429/7739/4430 4447/7769/4448
f 4356/7607/4357 4429/7770/4430 4155/7140/4156
f 4393/7671/4394 4288/7670/4289 4448/7771/4449
f 3573/6052/3574 4449/7772/4450 2996/5099/2997
f 4290/7454/4291 4394/7672/4395 4450/7773/4451
f 4324/7535/4325 4451/7774/4452 4431/7741/4432
f 4424/7721/4425 4451/7774/4452 4324/7535/4325
f 4432/7743/4433 4452/7775/4453 4397/7676/4398
f 3590/7776/3591 4380/7777/4381 4013/7778/4014
f 4403/7685/4404 4401/7683/4402 4453/7779/4454
f 4249/7366/4250 4350/7780/4351 4454/7781/4455
f 4403/7685/4404 4453/7779/4454 4436/7747/4437
f 4436/7747/4437 4438/7751/4439 4409/7750/4410
f 4312/7514/4313 4407/7693/4408 4455/7782/4456
f 4426/7783/4427 4456/7784/4457 4383/7748/4384
f 4410/7754/4411 4438/7785/4439 4439/7753/4440
f 4352/7786/4353 4441/7756/4442 4412/7787/4413
f 4439/7753/4440 4457/7788/4458 4442/7757/4443
f 4439/7753/4440 4442/7757/4443 4427/7735/4428
f 4034/7789/4035 4458/7790/4459 4369/7791/4370
f 4192/7551/4193 4459/7792/4460 4034/6907/4035
f 4460/7793/4461 4428/7759/4429 4442/7757/4443
f 4443/7794/4444 4428/7759/4429 4460/7793/4461
f 4416/7707/4417 4440/7755/4441 4372/7631/4373
f 4374/7635/4375 4461/7795/4462 4386/7656/4387
f 4445/7796/4446 3488/6572/3489 4462/7797/4463
f 4415/7798/4416 4463/7799/4464 4375/7800/4376
f 3750/6370/3751 4446/7767/4447 4376/7638/4377
f 4276/7417/4277 4321/7660/4322 4388/7662/4389
f 3067/7307/3068 4464/7801/4465 4231/7308/4232
f 4284/7558/4285 4465/7802/4466 4390/7665/4391
f 4064/7129/4065 4390/7665/4391 4419/7712/4420
f 4379/7642/4380 4354/7603/4355 4420/7713/4421
f 4235/7319/4236 3989/7318/3990 4430/7740/4431
f 4448/7771/4449 4466/7803/4467 4393/7671/4394
f 3999/6848/4000 4467/7804/4468 4306/7716/4307
f 3999/7805/4000 4431/7806/4432 4468/7807/4469
f 4431/7741/4432 4469/7808/4470 4468/7809/4469
f 4290/7643/4291 4450/7810/4451 4380/7644/4381
f 4431/7741/4432 4451/7774/4452 4469/7808/4470
f 4425/7723/4426 4470/7811/4471 4424/7742/4425
f 4397/7676/4398 4471/7812/4472 4425/7723/4426
f 4397/7676/4398 4452/7775/4453 4471/7812/4472
f 4432/7743/4433 4433/7744/4434 4472/7813/4473
f 4432/7743/4433 4472/7813/4473 4452/7775/4453
f 4360/7718/4361 4423/7720/4424 4400/7680/4401
f 4433/7744/4434 4434/7745/4435 4472/7813/4473
f 4380/7814/4381 4473/7815/4474 4013/7816/4014
f 4401/7817/4402 4400/7680/4401 4474/7818/4475
f 4401/7683/4402 4474/7819/4475 4475/7820/4476
f 4399/7726/4400 4437/7749/4438 4434/7821/4435
f 4309/7505/4310 4327/7538/4328 4402/7684/4403
f 4399/7726/4400 4362/7725/4363 4437/7749/4438
f 4475/7820/4476 4453/7779/4454 4401/7683/4402
f 4249/7366/4250 4476/7822/4477 4435/7746/4436
f 4406/7823/4407 4402/7824/4403 4477/7825/4478
f 4337/7565/4338 4406/7688/4407 4478/7826/4479
f 4437/7749/4438 4383/7748/4384 4456/7784/4457
f 4453/7779/4454 4479/7827/4480 4436/7747/4437
f 4478/7826/4479 4407/7693/4408 4337/7565/4338
f 4336/7651/4337 4480/7828/4481 4405/7829/4406
f 4336/7651/4337 4328/7542/4329 4480/7828/4481
f 4329/7830/4330 4312/7514/4313 4481/7831/4482
f 4426/7783/4427 4317/7576/4318 4412/7733/4413
f 4438/7785/4439 4482/7832/4483 4439/7753/4440
f 4352/7786/4353 4344/7632/4345 4441/7756/4442
f 4458/7833/4459 4483/7834/4484 4370/7628/4371
f 4370/7628/4371 4483/7834/4484 4484/7835/4485
f 4369/7627/4370 4458/7833/4459 4370/7628/4371
f 4457/7788/4458 4460/7793/4461 4442/7757/4443
f 4459/7792/4460 4458/7836/4459 4034/6907/4035
f 4192/7551/4193 4444/7837/4445 4459/7792/4460
f 3488/6572/3489 4460/7838/4461 4462/7797/4463
f 3488/6572/3489 4443/7760/4444 4460/7838/4461
f 4461/7795/4462 4463/7799/4464 4386/7656/4387
f 4386/7656/4387 4463/7799/4464 4415/7798/4416
f 4445/7765/4446 4485/7839/4486 3489/5897/3490
f 4375/7658/4376 4486/7840/4487 4387/7708/4388
f 4485/7839/4486 3868/6587/3869 3489/5897/3490
f 4446/7767/4447 4487/7841/4488 4376/7638/4377
f 4276/7417/4277 4388/7662/4389 4488/7842/4489
f 3067/7307/3068 4285/7441/4286 4464/7801/4465
f 4390/7665/4391 4489/7843/4490 4419/7712/4420
f 4391/7666/4392 4490/7844/4491 4392/7667/4393
f 4391/7666/4392 4420/7713/4421 4490/7844/4491
f 4355/7605/4356 4421/7714/4422 2880/7606/2881
f 4394/7672/4395 4393/7671/4394 4466/7803/4467
f 4491/7845/4492 4467/7846/4468 3999/7805/4000
f 3999/7805/4000 4468/7807/4469 4491/7845/4492
f 4469/7847/4470 4492/7848/4493 4468/7849/4469
f 4451/7850/4452 4493/7851/4494 4469/7852/4470
f 4424/7721/4425 4493/7853/4494 4451/7774/4452
f 4424/7721/4425 4494/7854/4495 4493/7853/4494
f 4424/7855/4425 4470/7856/4471 4494/7857/4495
f 4425/7723/4426 4495/7858/4496 4470/7811/4471
f 4471/7812/4472 4495/7858/4496 4425/7723/4426
f 4471/7812/4472 4452/7775/4453 4472/7813/4473
f 4472/7813/4473 4434/7745/4435 4496/7859/4497
f 4434/7745/4435 4497/7860/4498 4496/7859/4497
f 4013/7539/4014 4473/7861/4474 4327/7538/4328
f 4498/7862/4499 4435/7746/4436 4476/7822/4477
f 4476/7822/4477 4249/7366/4250 4454/7781/4455
f 4405/7687/4406 4454/7863/4455 4350/7597/4351
f 4479/7827/4480 4499/7864/4500 4436/7747/4437
f 4481/7865/4482 4328/7866/4329 4329/7867/4330
f 4499/7864/4500 4438/7751/4439 4436/7747/4437
f 4499/7864/4500 4482/7868/4483 4438/7751/4439
f 4439/7753/4440 4482/7832/4483 4457/7788/4458
f 4441/7756/4442 4440/7755/4441 4500/7869/4501
f 4501/7870/4502 4374/7635/4375 4371/7871/4372
f 4502/7872/4503 4375/7873/4376 4463/7874/4464
f 4416/7707/4417 4118/7077/4119 4503/7875/4504
f 4503/7876/4504 4118/7877/4119 4276/7417/4277
f 4504/7878/4505 4389/7879/4390 4231/7880/4232
f 4505/7881/4506 4345/7584/4346 4216/7278/4217
f 4420/7713/4421 4354/7603/4355 4506/7882/4507
f 4506/7882/4507 4354/7603/4355 4507/7883/4508
f 4395/7673/4396 4449/7772/4450 3573/6052/3574
f 4508/7884/4509 4394/7672/4395 4466/7803/4467
f 4468/7885/4469 4492/7886/4493 4493/7851/4494
f 4493/7851/4494 4492/7886/4493 4469/7852/4470
f 4508/7884/4509 4450/7773/4451 4394/7672/4395
f 4509/7887/4510 4494/7857/4495 4470/7856/4471
f 4510/7888/4511 4509/7887/4510 4470/7856/4471
f 4510/7889/4511 4470/7811/4471 4495/7858/4496
f 4511/7890/4512 4472/7891/4473 4512/7892/4513
f 4512/7892/4513 4472/7891/4473 4513/7893/4514
f 3821/7894/3822 3582/7895/3583 4514/7896/4515
f 4515/7897/4516 4496/7898/4497 4516/7899/4517
f 4513/7893/4514 4496/7898/4497 4515/7897/4516
f 4472/7891/4473 4496/7898/4497 4513/7893/4514
f 4515/7897/4516 4517/7900/4518 4518/7901/4519
f 4516/7899/4517 4517/7900/4518 4515/7897/4516
f 4496/7898/4497 4517/7900/4518 4516/7899/4517
f 4517/7900/4518 4496/7898/4497 4518/7901/4519
f 4514/7896/4515 3582/7895/3583 4519/7902/4520
f 4518/7901/4519 4497/7903/4498 4520/7904/4521
f 4518/7901/4519 4496/7898/4497 4497/7903/4498
f 4521/7905/4522 4474/7818/4475 4400/7680/4401
f 4520/7906/4521 4497/7907/4498 4522/7908/4523
f 4523/7909/4524 3582/7895/3583 4435/7910/4436
f 4523/7909/4524 4435/7910/4436 4498/7911/4499
f 4497/7912/4498 4434/7913/4435 4524/7914/4525
f 4521/7905/4522 4475/7915/4476 4474/7818/4475
f 4434/7821/4435 4437/7749/4438 4524/7916/4525
f 4475/7820/4476 4525/7917/4526 4453/7779/4454
f 4525/7917/4526 4479/7827/4480 4453/7779/4454
f 4406/7688/4407 4526/7918/4527 4478/7826/4479
f 4478/7826/4479 4455/7782/4456 4407/7693/4408
f 4480/7828/4481 4328/7542/4329 4527/7919/4528
f 4328/7866/4329 4528/7920/4529 4527/7921/4528
f 4426/7783/4427 4412/7733/4413 4441/7922/4442
f 4484/7835/4485 4371/7629/4372 4370/7628/4371
f 4529/7923/4530 4458/7836/4459 4459/7792/4460
f 4500/7869/4501 4440/7755/4441 4530/7924/4531
f 4501/7870/4502 4461/7795/4462 4374/7635/4375
f 4501/7870/4502 4463/7799/4464 4461/7795/4462
f 4460/7793/4461 4531/7925/4532 4462/7926/4463
f 4532/7927/4533 4533/7928/4534 3952/7762/3953
f 4444/7763/4445 3952/7762/3953 4533/7928/4534
f 4534/7929/4535 4462/7926/4463 4531/7925/4532
f 4534/7930/4535 4445/7931/4446 4462/7932/4463
f 4376/7933/4377 4532/7927/4533 3952/7762/3953
f 4502/7934/4503 4535/7935/4536 4375/7658/4376
f 4535/7935/4536 4486/7840/4487 4375/7658/4376
f 4387/7936/4388 4486/7937/4487 4320/7709/4321
f 4485/7839/4486 3746/6365/3747 3868/6587/3869
f 4488/7842/4489 4388/7662/4389 4320/7709/4321
f 4417/7710/4418 4536/7938/4537 4446/7767/4447
f 4430/7740/4431 4355/7605/4356 3095/7604/3096
f 4356/7939/4357 4305/7940/4306 4537/7941/4538
f 4288/7449/4289 4538/7942/4539 4448/7943/4449
f 4306/7500/4307 4538/7942/4539 4288/7449/4289
f 4539/7944/4540 4466/7803/4467 4448/7771/4449
f 4540/7945/4541 4306/7500/4307 4541/7946/4542
f 4306/7500/4307 4467/7947/4468 4541/7946/4542
f 4491/7845/4492 4542/7948/4543 4467/7846/4468
f 4468/7807/4469 4542/7948/4543 4491/7845/4492
f 4468/7807/4469 4493/7949/4494 4542/7948/4543
f 4543/7950/4544 4509/7887/4510 4544/7951/4545
f 4494/7857/4495 4509/7887/4510 4543/7950/4544
f 4509/7887/4510 4510/7888/4511 4544/7951/4545
f 4544/7951/4545 4545/7952/4546 4546/7953/4547
f 4510/7888/4511 4545/7952/4546 4544/7951/4545
f 4305/7940/4306 3821/7954/3822 4547/7955/4548
f 4510/7888/4511 4495/7956/4496 4548/7957/4549
f 4510/7888/4511 4548/7957/4549 4545/7952/4546
f 2996/7719/2997 4449/7958/4450 4423/7720/4424
f 4495/7858/4496 4471/7812/4472 4548/7959/4549
f 4548/7960/4549 4511/7890/4512 4549/7961/4550
f 4471/7812/4472 4472/7813/4473 4511/7962/4512
f 4548/7959/4549 4471/7812/4472 4511/7962/4512
f 4549/7961/4550 4511/7890/4512 4550/7963/4551
f 4511/7890/4512 4551/7964/4552 4550/7963/4551
f 4511/7890/4512 4512/7892/4513 4551/7964/4552
f 4551/7964/4552 4513/7893/4514 4515/7897/4516
f 4512/7892/4513 4513/7893/4514 4551/7964/4552
f 4515/7897/4516 4552/7965/4553 4551/7964/4552
f 4515/7897/4516 4553/7966/4554 4552/7965/4553
f 4521/7905/4522 4400/7680/4401 4423/7720/4424
f 4518/7901/4519 4520/7904/4521 4554/7967/4555
f 4518/7901/4519 4554/7967/4555 4515/7897/4516
f 4555/7968/4556 4553/7966/4554 4515/7897/4516
f 3582/7895/3583 4523/7909/4524 4519/7902/4520
f 4520/7906/4521 4522/7908/4523 4554/7969/4555
f 4554/7967/4555 4555/7968/4556 4515/7897/4516
f 4556/7970/4557 4557/7971/4558 4558/7972/4559
f 4556/7970/4557 4554/7969/4555 4497/7907/4498
f 4558/7972/4559 4554/7969/4555 4556/7970/4557
f 4497/7907/4498 4554/7969/4555 4522/7908/4523
f 4556/7970/4557 4559/7973/4560 4557/7971/4558
f 4557/7971/4558 4559/7973/4560 4560/7974/4561
f 4497/7907/4498 4559/7973/4560 4556/7970/4557
f 4559/7973/4560 4524/7975/4525 4560/7974/4561
f 4560/7974/4561 4524/7975/4525 4561/7976/4562
f 4497/7907/4498 4524/7975/4525 4559/7973/4560
f 4521/7905/4522 4525/7977/4526 4475/7915/4476
f 4524/7916/4525 4437/7749/4438 4562/7978/4563
f 4525/7977/4526 4563/7979/4564 4479/7980/4480
f 4437/7749/4438 4456/7784/4457 4564/7981/4565
f 4479/7827/4480 4565/7982/4566 4499/7864/4500
f 4478/7826/4479 4526/7918/4527 4455/7782/4456
f 4405/7687/4406 4480/7983/4481 4566/7984/4567
f 4481/7865/4482 4528/7920/4529 4328/7866/4329
f 4426/7783/4427 4441/7922/4442 4456/7784/4457
f 4484/7985/4485 4483/7986/4484 4567/7987/4568
f 4568/7988/4569 4569/7989/4570 4484/7990/4485
f 4458/7836/4459 4529/7923/4530 4483/7991/4484
f 4484/7992/4485 4569/7993/4570 4371/7994/4372
f 4459/7792/4460 4444/7837/4445 4529/7923/4530
f 4371/7871/4372 4569/7995/4570 4501/7870/4502
f 4570/7996/4571 4531/7925/4532 4460/7793/4461
f 4532/7927/4533 4376/7933/4377 4533/7928/4534
f 4571/7997/4572 4503/7876/4504 4276/7417/4277
f 4488/7842/4489 4571/7997/4572 4276/7417/4277
f 3746/6365/3747 4485/7839/4486 4572/7998/4573
f 4389/7663/4390 4573/7999/4574 4377/7639/4378
f 4345/7584/4346 4505/7881/4506 4283/7585/4284
f 4283/7437/4284 4505/8000/4506 4151/7586/4152
f 4306/7500/4307 4540/7945/4541 4538/7942/4539
f 4467/8001/4468 4574/8002/4575 4541/8003/4542
f 4542/7948/4543 4574/8004/4575 4467/7846/4468
f 4493/7949/4494 4574/8004/4575 4542/7948/4543
f 4423/7720/4424 4449/7958/4450 4575/8005/4576
f 4548/7960/4549 4549/7961/4550 4545/8006/4546
f 4549/7961/4550 4576/8007/4577 4545/8006/4546
f 4450/8008/4451 4473/8009/4474 4380/8010/4381
f 4550/7963/4551 4577/8011/4578 4576/8007/4577
f 4549/7961/4550 4550/7963/4551 4576/8007/4577
f 4550/7963/4551 4551/7964/4552 4577/8011/4578
f 4551/7964/4552 4578/8012/4579 4577/8011/4578
f 4551/7964/4552 4552/7965/4553 4578/8012/4579
f 4552/7965/4553 4553/7966/4554 4579/8013/4580
f 4553/7966/4554 4580/8014/4581 4579/8013/4580
f 4553/7966/4554 4555/7968/4556 4580/8014/4581
f 4554/7969/4555 4581/8015/4582 4555/8016/4556
f 4558/7972/4559 4581/8015/4582 4554/7969/4555
f 4581/8017/4582 4580/8014/4581 4555/7968/4556
f 4582/8018/4583 4525/7977/4526 4521/7905/4522
f 4560/7974/4561 4583/8019/4584 4558/7972/4559
f 4557/7971/4558 4560/7974/4561 4558/7972/4559
f 4558/7972/4559 4583/8019/4584 4581/8015/4582
f 4583/8019/4584 4584/8020/4585 4585/8021/4586
f 4560/7974/4561 4584/8020/4585 4583/8019/4584
f 4560/7974/4561 4561/7976/4562 4584/8020/4585
f 4583/8019/4584 4585/8021/4586 4581/8015/4582
f 4524/7975/4525 4586/8022/4587 4584/8020/4585
f 4524/7975/4525 4584/8020/4585 4561/7976/4562
f 4524/7975/4525 4587/8023/4588 4586/8022/4587
f 4587/8024/4588 4524/7916/4525 4562/7978/4563
f 4562/7978/4563 4437/7749/4438 4564/7981/4565
f 4565/8025/4566 4479/7980/4480 4563/7979/4564
f 4406/7688/4407 4588/8026/4589 4526/7918/4527
f 4564/7981/4565 4456/7784/4457 4589/8027/4590
f 4312/7514/4313 4455/7782/4456 4481/7831/4482
f 4565/8025/4566 4590/8028/4591 4499/8029/4500
f 4527/7921/4528 4591/8030/4592 4480/8031/4481
f 4441/7922/4442 4500/8032/4501 4456/7784/4457
f 4592/8033/4593 4568/8034/4569 4567/8035/4568
f 4567/8036/4568 4568/8037/4569 4484/8038/4485
f 4529/8039/4530 4567/7987/4568 4483/7986/4484
f 4444/7837/4445 4593/8040/4594 4529/7923/4530
f 4593/8041/4594 4444/7763/4445 4533/7928/4534
f 4501/7870/4502 4569/7995/4570 4594/8042/4595
f 4501/7870/4502 4594/8042/4595 4463/7799/4464
f 4463/8043/4464 4595/8044/4596 4502/8045/4503
f 4416/7707/4417 4503/7875/4504 4530/7924/4531
f 4416/7707/4417 4530/7924/4531 4440/7755/4441
f 4531/7925/4532 4485/8046/4486 4534/7929/4535
f 4445/8047/4446 4485/8048/4486 4596/8049/4597
f 4535/8050/4536 4597/8051/4598 4486/8052/4487
f 4535/8050/4536 4598/8053/4599 4597/8051/4598
f 4486/8052/4487 4597/8051/4598 4599/8054/4600
f 4486/7937/4487 4599/8055/4600 4320/7709/4321
f 4417/8056/4418 3615/6117/3616 4418/7711/4419
f 4600/8057/4601 4284/7558/4285 4151/7586/4152
f 4490/7844/4491 4601/8058/4602 4392/7667/4393
f 4490/7844/4491 4506/7882/4507 4601/8058/4602
f 4420/7713/4421 4506/7882/4507 4490/7844/4491
f 4506/7882/4507 4507/7883/4508 4602/8059/4603
f 4354/7603/4355 4603/8060/4604 4507/7883/4508
f 4287/7444/4288 4604/8061/4605 3989/7668/3990
f 4355/7605/4356 4605/8062/4606 4421/7714/4422
f 4421/7714/4422 4605/8062/4606 4395/7715/4396
f 4395/8063/4396 4605/8064/4606 4449/7958/4450
f 4543/8065/4544 4544/8066/4545 4606/8067/4607
f 4541/7946/4542 4607/8068/4608 4540/7945/4541
f 4541/8003/4542 4608/8069/4609 4607/8070/4608
f 4494/7854/4495 4543/8071/4544 4493/7853/4494
f 4574/8002/4575 4608/8069/4609 4541/8003/4542
f 4574/8002/4575 4493/8072/4494 4608/8069/4609
f 4466/8073/4467 4609/8074/4610 4508/8075/4509
f 3821/7894/3822 4514/7896/4515 4547/8076/4548
f 4578/8012/4579 4610/8077/4611 4577/8011/4578
f 4578/8012/4579 4552/7965/4553 4610/8077/4611
f 4552/7965/4553 4579/8013/4580 4610/8077/4611
f 4579/8013/4580 4611/8078/4612 4610/8077/4611
f 4579/8013/4580 4612/8079/4613 4611/8078/4612
f 4579/8013/4580 4580/8014/4581 4612/8079/4613
f 4423/7720/4424 4575/8005/4576 4582/8018/4583
f 4423/7720/4424 4582/8018/4583 4521/7905/4522
f 4581/8017/4582 4613/8080/4614 4580/8014/4581
f 4580/8014/4581 4613/8080/4614 4612/8079/4613
f 4586/8022/4587 4585/8021/4586 4584/8020/4585
f 4582/8018/4583 4563/7979/4564 4525/7977/4526
f 4586/8022/4587 4614/8081/4615 4585/8021/4586
f 4586/8022/4587 4587/8023/4588 4614/8081/4615
f 4587/8023/4588 4615/8082/4616 4614/8081/4615
f 4498/7862/4499 4476/7822/4477 4616/8083/4617
f 4587/8024/4588 4617/8084/4618 4615/8085/4616
f 4587/8024/4588 4562/7978/4563 4617/8084/4618
f 4617/8084/4618 4562/7978/4563 4618/8086/4619
f 4618/8086/4619 4562/7978/4563 4564/7981/4565
f 4454/7863/4455 4405/7687/4406 4566/7984/4567
f 4526/7918/4527 4588/8026/4589 4619/8087/4620
f 4566/8088/4567 4480/8089/4481 4620/8090/4621
f 4455/8091/4456 4621/8092/4622 4481/8093/4482
f 4528/8094/4529 4481/8093/4482 4621/8092/4622
f 4590/8095/4591 4482/7868/4483 4499/7864/4500
f 4527/7921/4528 4528/7920/4529 4591/8030/4592
f 4480/8031/4481 4591/8030/4592 4620/8096/4621
f 4456/7784/4457 4622/8097/4623 4589/8027/4590
f 4591/8030/4592 4623/8098/4624 4592/8099/4593
f 4456/7784/4457 4500/8032/4501 4622/8097/4623
f 4591/8030/4592 4592/8099/4593 4620/8096/4621
f 4592/8099/4593 4624/8100/4625 4620/8096/4621
f 4623/8101/4624 4625/8102/4626 4592/8103/4593
f 4625/8102/4626 4568/8104/4569 4592/8103/4593
f 4567/8105/4568 4624/8100/4625 4592/8099/4593
f 4624/8106/4625 4567/8107/4568 4626/8108/4627
f 4626/8108/4627 4567/8107/4568 4593/8040/4594
f 4529/7923/4530 4593/8040/4594 4567/8107/4568
f 4457/7788/4458 4482/7832/4483 4570/7996/4571
f 4457/7788/4458 4570/7996/4571 4460/7793/4461
f 4463/7799/4464 4594/8042/4595 4595/8109/4596
f 4502/8110/4503 4595/8111/4596 4535/8050/4536
f 4571/7997/4572 4627/8112/4628 4503/7876/4504
f 4446/7767/4447 4628/8113/4629 4487/7841/4488
f 4446/7767/4447 4629/8114/4630 4628/8113/4629
f 4418/7711/4419 4630/8115/4631 4417/8056/4418
f 4377/7639/4378 4631/8116/4632 4418/7711/4419
f 4377/7639/4378 4573/7999/4574 4631/8116/4632
f 4285/7441/4286 4632/8117/4633 4464/7801/4465
f 4392/7667/4393 4633/8118/4634 3908/6810/3909
f 4447/7769/4448 4603/8060/4604 4354/7603/4355
f 4447/7769/4448 4429/7739/4430 4603/8060/4604
f 4355/7605/4356 4634/8119/4635 4605/8062/4606
f 4606/8120/4607 4608/8121/4609 4543/8122/4544
f 4544/8066/4545 4635/8123/4636 4606/8067/4607
f 4544/8066/4545 4636/8124/4637 4635/8123/4636
f 4607/8068/4608 4637/8125/4638 4540/7945/4541
f 4540/7945/4541 4637/8125/4638 4638/8126/4639
f 4639/8127/4640 4637/8128/4638 4608/8069/4609
f 4607/8070/4608 4608/8069/4609 4637/8128/4638
f 4543/8071/4544 4608/8129/4609 4493/7853/4494
f 4544/7951/4545 4546/7953/4547 4636/8130/4637
f 4546/8131/4547 4640/8132/4641 4636/8124/4637
f 4545/8006/4546 4640/8133/4641 4546/8134/4547
f 4466/8073/4467 4641/8135/4642 4609/8074/4610
f 4545/8006/4546 4576/8007/4577 4640/8133/4641
f 4610/8077/4611 4611/8078/4612 4642/8136/4643
f 4612/8079/4613 4643/8137/4644 4611/8078/4612
f 4519/7902/4520 4523/7909/4524 4514/7896/4515
f 4581/8015/4582 4644/8138/4645 4613/8139/4614
f 4585/8021/4586 4644/8138/4645 4581/8015/4582
f 4498/7911/4499 4616/8140/4617 4523/7909/4524
f 4614/8081/4615 4645/8141/4646 4585/8021/4586
f 4585/8021/4586 4645/8141/4646 4644/8138/4645
f 4615/8082/4616 4646/8142/4647 4645/8141/4646
f 4615/8082/4616 4645/8141/4646 4614/8081/4615
f 4618/8143/4619 4647/8144/4648 4646/8142/4647
f 4617/8084/4618 4618/8086/4619 4646/8145/4647
f 4615/8085/4616 4617/8084/4618 4646/8145/4647
f 4618/8086/4619 4648/8146/4649 4647/8147/4648
f 4648/8146/4649 4618/8086/4619 4564/7981/4565
f 4477/8148/4478 4649/8149/4650 4406/7688/4407
f 4406/7688/4407 4649/8149/4650 4588/8026/4589
f 4566/8150/4567 4650/8151/4651 4454/8152/4455
f 4621/8153/4622 4455/7782/4456 4526/7918/4527
f 4528/7920/4529 4623/8098/4624 4591/8030/4592
f 4621/8092/4622 4623/8154/4624 4528/8094/4529
f 4500/7869/4501 4651/8155/4652 4622/8156/4623
f 4652/8157/4653 4570/7996/4571 4482/7832/4483
f 4625/8158/4626 4569/7989/4570 4568/7988/4569
f 4625/8158/4626 4653/8159/4654 4569/7989/4570
f 4500/7869/4501 4530/7924/4531 4651/8155/4652
f 4593/8041/4594 4533/7928/4534 4654/8160/4655
f 4653/8161/4654 4594/8042/4595 4569/7995/4570
f 4653/8161/4654 4595/8109/4596 4594/8042/4595
f 4654/8160/4655 4376/7933/4377 4487/8162/4488
f 4570/8163/4571 4485/8164/4486 4531/8165/4532
f 4320/7709/4321 4655/8166/4656 4488/7842/4489
f 4389/7663/4390 4504/8167/4505 4573/7999/4574
f 4656/8168/4657 4216/8169/4217 4322/8170/4323
f 4632/8117/4633 4285/7441/4286 4419/7712/4420
f 4465/7802/4466 4489/7843/4490 4390/7665/4391
f 3989/7318/3990 4604/8171/4605 4430/7740/4431
f 4608/8121/4609 4606/8120/4607 4639/8172/4640
f 4538/7942/4539 4540/7945/4541 4657/8173/4658
f 4658/8174/4659 4540/7945/4541 4638/8126/4639
f 4658/8174/4659 4637/8125/4638 4639/8175/4640
f 4658/8174/4659 4638/8126/4639 4637/8125/4638
f 4449/7958/4450 4659/8176/4660 4575/8005/4576
f 4508/8075/4509 4660/8177/4661 4450/8008/4451
f 4450/8008/4451 4660/8177/4661 4473/8009/4474
f 4610/8077/4611 4661/8178/4662 4577/8011/4578
f 4642/8136/4643 4661/8178/4662 4610/8077/4611
f 4612/8079/4613 4662/8179/4663 4643/8137/4644
f 4612/8079/4613 4613/8080/4614 4662/8179/4663
f 4644/8138/4645 4662/8180/4663 4613/8139/4614
f 4645/8141/4646 4663/8181/4664 4644/8138/4645
f 4646/8142/4647 4663/8181/4664 4645/8141/4646
f 4402/7824/4403 4664/8182/4665 4477/7825/4478
f 4647/8144/4648 4665/8183/4666 4646/8142/4647
f 4646/8142/4647 4665/8183/4666 4663/8181/4664
f 4616/8140/4617 4666/8184/4667 4523/7909/4524
f 4477/7825/4478 4664/8182/4665 4649/8185/4650
f 4648/8146/4649 4667/8186/4668 4647/8147/4648
f 4564/7981/4565 4667/8186/4668 4648/8146/4649
f 4616/8140/4617 4476/8187/4477 4666/8184/4667
f 4667/8186/4668 4668/8188/4669 4669/8189/4670
f 4667/8186/4668 4564/7981/4565 4668/8188/4669
f 4668/8188/4669 4564/7981/4565 4670/8190/4671
f 4454/7781/4455 4650/8191/4651 4476/7822/4477
f 4526/7918/4527 4619/8087/4620 4671/8192/4672
f 4565/8025/4566 4672/8193/4673 4590/8028/4591
f 4671/8192/4672 4621/8153/4622 4526/7918/4527
f 4566/8194/4567 4620/8195/4621 4673/8196/4674
f 4620/8195/4621 4624/8197/4625 4673/8196/4674
f 4621/8092/4622 4674/8198/4675 4623/8154/4624
f 4623/8199/4624 4674/8200/4675 4625/8201/4626
f 4624/8106/4625 4626/8108/4627 4673/8202/4674
f 4590/8203/4591 4652/8204/4653 4482/8205/4483
f 4530/7924/4531 4675/8206/4676 4651/8155/4652
f 4376/7933/4377 4654/8160/4655 4533/7928/4534
f 4487/8162/4488 4676/8207/4677 4654/8160/4655
f 4503/7876/4504 4677/8208/4678 4530/8209/4531
f 4597/8051/4598 4598/8053/4599 4599/8054/4600
f 4536/7938/4537 4629/8114/4630 4446/7767/4447
f 3746/6365/3747 4572/7998/4573 4678/8210/4679
f 3746/6365/3747 4678/8210/4679 4322/7531/4323
f 4322/8170/4323 4678/8211/4679 4656/8168/4657
f 4631/8116/4632 4630/8115/4631 4418/7711/4419
f 4505/8000/4506 4600/8057/4601 4151/7586/4152
f 4679/8212/4680 4465/7802/4466 4284/7558/4285
f 4419/7712/4420 4489/7843/4490 4632/8117/4633
f 4507/7883/4508 4603/8060/4604 4602/8059/4603
f 3908/6810/3909 4633/8118/4634 4287/7444/4288
f 4355/7605/4356 4430/7740/4431 4634/8119/4635
f 4448/7943/4449 4680/8213/4681 4539/8214/4540
f 4448/7943/4449 4538/7942/4539 4680/8213/4681
f 4540/7945/4541 4681/8215/4682 4657/8173/4658
f 4658/8174/4659 4681/8215/4682 4540/7945/4541
f 4305/7940/4306 4547/7955/4548 4537/7941/4538
f 4640/8133/4641 4576/8007/4577 4682/8216/4683
f 4577/8011/4578 4661/8178/4662 4683/8217/4684
f 4643/8137/4644 4642/8136/4643 4611/8078/4612
f 4644/8138/4645 4684/8218/4685 4662/8180/4663
f 4327/8219/4328 4664/8220/4665 4402/8221/4403
f 4685/8222/4686 4664/8220/4665 4327/8219/4328
f 4667/8223/4668 4686/8224/4687 4647/8144/4648
f 4647/8144/4648 4686/8224/4687 4665/8183/4666
f 4669/8189/4670 4686/8225/4687 4667/8186/4668
f 4668/8188/4669 4687/8226/4688 4686/8225/4687
f 4669/8189/4670 4668/8188/4669 4686/8225/4687
f 4687/8226/4688 4670/8190/4671 4688/8227/4689
f 4668/8188/4669 4670/8190/4671 4687/8226/4688
f 4688/8228/4689 4689/8229/4690 4690/8230/4691
f 4670/8190/4671 4689/8231/4690 4688/8227/4689
f 4670/8190/4671 4564/7981/4565 4689/8231/4690
f 4664/8182/4665 4588/8232/4589 4649/8185/4650
f 4564/7981/4565 4589/8027/4590 4689/8231/4690
f 4563/7979/4564 4672/8193/4673 4565/8025/4566
f 4589/8027/4590 4691/8233/4692 4689/8231/4690
f 4589/8027/4590 4622/8097/4623 4691/8233/4692
f 4673/8234/4674 4650/8151/4651 4566/8150/4567
f 4671/8192/4672 4674/8235/4675 4621/8153/4622
f 4622/8236/4623 4651/8237/4652 4692/8238/4693
f 4693/8239/4694 4625/8201/4626 4674/8200/4675
f 4673/8240/4674 4593/8241/4594 4694/8242/4695
f 4673/8202/4674 4626/8108/4627 4593/8040/4594
f 4593/8041/4594 4654/8160/4655 4694/8243/4695
f 4625/8158/4626 4693/8244/4694 4653/8159/4654
f 4595/8109/4596 4653/8161/4654 4695/8245/4696
f 4530/7924/4531 4696/8246/4697 4675/8206/4676
f 4654/8160/4655 4676/8207/4677 4697/8247/4698
f 4487/8248/4488 4698/8249/4699 4676/8250/4677
f 4698/8249/4699 4487/8248/4488 4628/8251/4629
f 4629/8114/4630 4699/8252/4700 4628/8113/4629
f 4417/8056/4418 4630/8115/4631 4536/8253/4537
f 4284/7558/4285 4600/8057/4601 4679/8212/4680
f 4632/8117/4633 4489/7843/4490 4700/8254/4701
f 4601/8058/4602 4701/8255/4702 4392/7667/4393
f 4506/7882/4507 4701/8255/4702 4601/8058/4602
f 4392/7667/4393 4701/8255/4702 4633/8118/4634
f 4606/8120/4607 4702/8256/4703 4639/8172/4640
f 4606/8120/4607 4703/8257/4704 4702/8256/4703
f 4606/8067/4607 4635/8123/4636 4703/8258/4704
f 4658/8174/4659 4639/8175/4640 4681/8215/4682
f 4538/7942/4539 4704/8259/4705 4680/8213/4681
f 4657/8173/4658 4704/8259/4705 4538/7942/4539
f 4657/8173/4658 4705/8260/4706 4704/8259/4705
f 4657/8173/4658 4681/8215/4682 4705/8260/4706
f 4706/8261/4707 4641/8135/4642 4466/8073/4467
f 4577/8011/4578 4683/8217/4684 4576/8007/4577
f 4473/8009/4474 4660/8177/4661 4707/8262/4708
f 4473/8009/4474 4707/8262/4708 4327/8219/4328
f 4662/8179/4663 4684/8263/4685 4643/8137/4644
f 4686/8224/4687 4663/8181/4664 4665/8183/4666
f 4686/8224/4687 4708/8264/4709 4663/8181/4664
f 4686/8224/4687 4687/8265/4688 4708/8264/4709
f 4687/8265/4688 4688/8266/4689 4708/8264/4709
f 4709/8267/4710 4688/8228/4689 4690/8230/4691
f 4664/8220/4665 4710/8268/4711 4588/8269/4589
f 4689/8229/4690 4709/8267/4710 4690/8230/4691
f 4709/8267/4710 4689/8229/4690 4691/8270/4692
f 4476/8271/4477 4650/8272/4651 4666/8273/4667
f 4674/8200/4675 4695/8274/4696 4693/8239/4694
f 4653/8275/4654 4693/8239/4694 4695/8274/4696
f 4535/8050/4536 4595/8111/4596 4711/8276/4712
f 4535/8050/4536 4711/8276/4712 4598/8053/4599
f 4570/8163/4571 4712/8277/4713 4485/8164/4486
f 4465/7802/4466 4700/8254/4701 4489/7843/4490
f 4633/8118/4634 4701/8255/4702 4713/8278/4714
f 4635/8123/4636 4636/8124/4637 4714/8279/4715
f 4605/8064/4606 4715/8280/4716 4449/7958/4450
f 4704/8259/4705 4705/8260/4706 4716/8281/4717
f 4716/8281/4717 4680/8213/4681 4704/8259/4705
f 4466/8282/4467 4539/8283/4540 4706/8284/4707
f 4717/8285/4718 4659/8176/4660 4449/7958/4450
f 4576/8007/4577 4683/8217/4684 4682/8216/4683
f 4609/8074/4610 4660/8177/4661 4508/8075/4509
f 4661/8178/4662 4642/8136/4643 4683/8217/4684
f 4685/8222/4686 4710/8268/4711 4664/8220/4665
f 4523/7909/4524 4666/8184/4667 4718/8286/4719
f 4709/8267/4710 4691/8270/4692 4719/8287/4720
f 4588/8288/4589 4720/8289/4721 4619/8290/4620
f 4691/8270/4692 4692/8238/4693 4719/8287/4720
f 4622/8236/4623 4692/8238/4693 4691/8270/4692
f 4619/8087/4620 4721/8291/4722 4671/8192/4672
f 4721/8291/4722 4674/8235/4675 4671/8192/4672
f 4650/8151/4651 4673/8234/4674 4722/8292/4723
f 4692/8293/4693 4675/8206/4676 4723/8294/4724
f 4651/8155/4652 4675/8206/4676 4692/8293/4693
f 4675/8206/4676 4696/8246/4697 4677/8295/4678
f 4677/8295/4678 4696/8246/4697 4530/7924/4531
f 4724/8296/4725 4599/8054/4600 4598/8053/4599
f 4599/8055/4600 4655/8166/4656 4320/7709/4321
f 4655/8166/4656 4571/7997/4572 4488/7842/4489
f 4712/8297/4713 4572/7998/4573 4485/7839/4486
f 4725/8298/4726 4536/8253/4537 4630/8115/4631
f 4726/8299/4727 4504/8300/4505 4231/8301/4232
f 4603/8060/4604 4506/7882/4507 4602/8059/4603
f 4430/7740/4431 4727/8302/4728 4634/8119/4635
f 4714/8279/4715 4636/8124/4637 4640/8132/4641
f 4705/8303/4706 4681/8304/4682 4728/8305/4729
f 4716/8281/4717 4705/8260/4706 4539/8214/4540
f 4539/8214/4540 4680/8213/4681 4716/8281/4717
f 4715/8280/4716 4717/8285/4718 4449/7958/4450
f 4537/7941/4538 4547/7955/4548 4729/8306/4730
f 4514/7896/4515 4729/8307/4730 4547/8076/4548
f 4523/7909/4524 4729/8307/4730 4514/7896/4515
f 4707/8262/4708 4685/8222/4686 4327/8219/4328
f 4730/8308/4731 4563/7979/4564 4582/8018/4583
f 4644/8138/4645 4663/8181/4664 4684/8218/4685
f 4709/8267/4710 4708/8309/4709 4688/8228/4689
f 4731/8310/4732 4708/8309/4709 4709/8267/4710
f 4731/8310/4732 4709/8267/4710 4732/8311/4733
f 4710/8268/4711 4720/8312/4721 4588/8269/4589
f 4719/8287/4720 4733/8313/4734 4709/8267/4710
f 4732/8311/4733 4709/8267/4710 4733/8313/4734
f 4732/8311/4733 4733/8313/4734 4719/8287/4720
f 4732/8311/4733 4719/8287/4720 4734/8314/4735
f 4734/8314/4735 4719/8287/4720 4735/8315/4736
f 4719/8287/4720 4692/8238/4693 4735/8315/4736
f 4720/8289/4721 4721/8316/4722 4619/8290/4620
f 4672/8317/4673 4736/8318/4737 4590/8203/4591
f 4721/8319/4722 4695/8274/4696 4674/8200/4675
f 4673/8234/4674 4694/8243/4695 4722/8292/4723
f 4736/8318/4737 4652/8204/4653 4590/8203/4591
f 4694/8243/4695 4654/8160/4655 4737/8320/4738
f 4675/8206/4676 4738/8321/4739 4723/8294/4724
f 4695/8322/4696 4739/8323/4740 4595/8111/4596
f 4739/8323/4740 4711/8276/4712 4595/8111/4596
f 4652/8204/4653 4736/8318/4737 4570/8163/4571
f 4698/8249/4699 4628/8251/4629 4699/8324/4700
f 4677/8208/4678 4503/7876/4504 4740/8325/4741
f 4570/8163/4571 4736/8318/4737 4712/8277/4713
f 4627/8112/4628 4571/7997/4572 4655/8166/4656
f 4712/8297/4713 4741/8326/4742 4572/7998/4573
f 4699/8252/4700 4629/8114/4630 4536/7938/4537
f 4633/8118/4634 4713/8278/4714 4287/7444/4288
f 4604/8171/4605 4742/8327/4743 4430/7740/4431
f 4429/8328/4430 4356/7939/4357 4743/8329/4744
f 4744/8330/4745 4681/8331/4682 4639/8172/4640
f 4356/7939/4357 4537/7941/4538 4743/8329/4744
f 4705/8303/4706 4728/8305/4729 4539/8332/4540
f 4683/8217/4684 4745/8333/4746 4682/8216/4683
f 4683/8217/4684 4642/8136/4643 4745/8333/4746
f 4609/8074/4610 4746/8334/4747 4660/8177/4661
f 4642/8136/4643 4643/8137/4644 4745/8333/4746
f 4643/8137/4644 4684/8263/4685 4747/8335/4748
f 4707/8262/4708 4748/8336/4749 4685/8222/4686
f 4684/8218/4685 4663/8181/4664 4749/8337/4750
f 4663/8181/4664 4708/8264/4709 4749/8337/4750
f 4685/8222/4686 4750/8338/4751 4710/8268/4711
f 4750/8338/4751 4720/8312/4721 4710/8268/4711
f 4731/8310/4732 4732/8311/4733 4734/8314/4735
f 4751/8339/4752 4752/8340/4753 4735/8315/4736
f 4752/8340/4753 4734/8314/4735 4735/8315/4736
f 4735/8315/4736 4692/8238/4693 4751/8339/4752
f 4692/8293/4693 4723/8294/4724 4753/8341/4754
f 4694/8243/4695 4737/8320/4738 4722/8292/4723
f 4737/8320/4738 4654/8160/4655 4697/8247/4698
f 4723/8294/4724 4738/8321/4739 4753/8341/4754
f 4738/8321/4739 4675/8206/4676 4754/8342/4755
f 4698/8249/4699 4755/8343/4756 4676/8250/4677
f 4711/8276/4712 4756/8344/4757 4598/8053/4599
f 4756/8344/4757 4724/8296/4725 4598/8053/4599
f 4675/8206/4676 4677/8295/4678 4740/8345/4741
f 4724/8296/4725 4757/8346/4758 4599/8054/4600
f 4627/8112/4628 4740/8325/4741 4503/7876/4504
f 4741/8326/4742 4678/8210/4679 4572/7998/4573
f 4506/7882/4507 4603/8060/4604 4701/8255/4702
f 4287/7444/4288 4713/8278/4714 4604/8061/4605
f 4604/8171/4605 4758/8347/4759 4742/8327/4743
f 4605/8348/4606 4634/8349/4635 4759/8350/4760
f 4702/8256/4703 4744/8330/4745 4639/8172/4640
f 4714/8279/4715 4760/8351/4761 4635/8123/4636
f 4635/8123/4636 4760/8351/4761 4703/8258/4704
f 4714/8279/4715 4761/8352/4762 4760/8351/4761
f 4640/8132/4641 4761/8352/4762 4714/8279/4715
f 4640/8353/4641 4762/8354/4763 4761/8355/4762
f 4640/8353/4641 4682/8356/4683 4762/8354/4763
f 4539/8332/4540 4763/8357/4764 4706/8358/4707
f 4609/8074/4610 4641/8135/4642 4746/8334/4747
f 4643/8137/4644 4747/8335/4748 4745/8333/4746
f 4659/8176/4660 4764/8359/4765 4575/8005/4576
f 4582/8018/4583 4575/8005/4576 4764/8359/4765
f 4582/8018/4583 4764/8359/4765 4730/8308/4731
f 4748/8336/4749 4750/8338/4751 4685/8222/4686
f 4731/8310/4732 4749/8360/4750 4708/8309/4709
f 4563/7979/4564 4765/8361/4766 4672/8193/4673
f 4752/8340/4753 4766/8362/4767 4734/8314/4735
f 4766/8362/4767 4731/8310/4732 4734/8314/4735
f 4767/8363/4768 4768/8364/4769 4751/8339/4752
f 4752/8340/4753 4751/8339/4752 4768/8364/4769
f 4768/8364/4769 4766/8362/4767 4752/8340/4753
f 4769/8365/4770 4751/8339/4752 4753/8366/4754
f 4692/8238/4693 4753/8366/4754 4751/8339/4752
f 4666/8367/4667 4650/8368/4651 4722/8369/4723
f 4697/8247/4698 4722/8292/4723 4737/8320/4738
f 4721/8316/4722 4739/8323/4740 4695/8322/4696
f 4676/8250/4677 4755/8343/4756 4697/8370/4698
f 4753/8341/4754 4738/8321/4739 4770/8371/4771
f 4771/8372/4772 4756/8344/4757 4711/8276/4712
f 4712/8277/4713 4772/8373/4773 4741/8374/4742
f 4699/8252/4700 4536/7938/4537 4725/8375/4726
f 4231/7308/4232 4464/7801/4465 4726/8376/4727
f 4700/8254/4701 4773/8377/4774 4632/8117/4633
f 4465/7802/4466 4773/8377/4774 4700/8254/4701
f 4430/7740/4431 4742/8327/4743 4727/8302/4728
f 4681/8331/4682 4744/8330/4745 4774/8378/4775
f 4605/8379/4606 4759/8380/4760 4715/8381/4716
f 4539/8332/4540 4775/8382/4776 4763/8357/4764
f 4706/8358/4707 4763/8357/4764 4776/8383/4777
f 4763/8357/4764 4777/8384/4778 4776/8383/4777
f 4682/8356/4683 4778/8385/4779 4762/8354/4763
f 4682/8216/4683 4745/8333/4746 4778/8386/4779
f 4659/8176/4660 4717/8285/4718 4764/8359/4765
f 4746/8334/4747 4707/8262/4708 4660/8177/4661
f 4707/8262/4708 4750/8338/4751 4748/8336/4749
f 4767/8363/4768 4779/8387/4780 4780/8388/4781
f 4780/8388/4781 4768/8364/4769 4767/8363/4768
f 4721/8316/4722 4781/8389/4782 4782/8390/4783
f 4767/8363/4768 4769/8365/4770 4779/8387/4780
f 4751/8339/4752 4769/8365/4770 4767/8363/4768
f 4721/8316/4722 4782/8390/4783 4771/8372/4772
f 4721/8316/4722 4771/8372/4772 4739/8323/4740
f 4711/8276/4712 4739/8323/4740 4771/8372/4772
f 4738/8321/4739 4754/8342/4755 4770/8371/4771
f 4783/8391/4784 4757/8346/4758 4724/8296/4725
f 4784/8392/4785 4785/8393/4786 4655/8166/4656
f 4655/8166/4656 4785/8393/4786 4627/8112/4628
f 4631/8116/4632 4786/8394/4787 4630/8115/4631
f 4600/8057/4601 4787/8395/4788 4679/8212/4680
f 4632/8117/4633 4788/8396/4789 4464/7801/4465
f 4701/8255/4702 4789/8397/4790 4713/8278/4714
f 4760/8351/4761 4761/8352/4762 4790/8398/4791
f 4728/8305/4729 4791/8399/4792 4539/8332/4540
f 4537/7941/4538 4792/8400/4793 4743/8329/4744
f 4729/8306/4730 4792/8400/4793 4537/7941/4538
f 4776/8383/4777 4793/8401/4794 4794/8402/4795
f 4706/8358/4707 4776/8383/4777 4794/8402/4795
f 4777/8384/4778 4793/8401/4794 4776/8383/4777
f 4794/8402/4795 4793/8401/4794 4706/8358/4707
f 4706/8358/4707 4793/8401/4794 4795/8403/4796
f 4778/8386/4779 4745/8333/4746 4747/8335/4748
f 4641/8135/4642 4706/8261/4707 4796/8404/4797
f 4706/8358/4707 4795/8403/4796 4797/8405/4798
f 4793/8401/4794 4798/8406/4799 4795/8403/4796
f 4795/8403/4796 4798/8406/4799 4799/8407/4800
f 4795/8408/4796 4799/8409/4800 4797/8410/4798
f 4796/8404/4797 4746/8334/4747 4641/8135/4642
f 4684/8218/4685 4800/8411/4801 4747/8412/4748
f 4749/8337/4750 4800/8411/4801 4684/8218/4685
f 4523/7909/4524 4801/8413/4802 4729/8307/4730
f 4730/8308/4731 4802/8414/4803 4563/7979/4564
f 4803/8415/4804 4804/8416/4805 4805/8417/4806
f 4523/7909/4524 4718/8286/4719 4801/8413/4802
f 4804/8416/4805 4806/8418/4807 4805/8417/4806
f 4804/8416/4805 4807/8419/4808 4806/8418/4807
f 4806/8418/4807 4807/8419/4808 4805/8417/4806
f 4563/7979/4564 4802/8414/4803 4765/8361/4766
f 4750/8338/4751 4781/8420/4782 4720/8312/4721
f 4749/8360/4750 4731/8310/4732 4808/8421/4809
f 4805/8417/4806 4779/8422/4780 4809/8423/4810
f 4807/8419/4808 4810/8424/4811 4805/8417/4806
f 4805/8417/4806 4810/8424/4811 4779/8422/4780
f 4807/8419/4808 4811/8425/4812 4810/8424/4811
f 4811/8425/4812 4780/8426/4781 4810/8424/4811
f 4810/8424/4811 4780/8426/4781 4779/8422/4780
f 4731/8310/4732 4766/8362/4767 4808/8421/4809
f 4780/8388/4781 4811/8427/4812 4768/8364/4769
f 4811/8427/4812 4766/8362/4767 4768/8364/4769
f 4720/8289/4721 4781/8389/4782 4721/8316/4722
f 4769/8365/4770 4753/8366/4754 4812/8428/4813
f 4722/8429/4723 4755/8343/4756 4666/8430/4667
f 4722/8429/4723 4697/8370/4698 4755/8343/4756
f 4756/8344/4757 4783/8391/4784 4724/8296/4725
f 4757/8346/4758 4813/8431/4814 4599/8054/4600
f 4599/8055/4600 4813/8432/4814 4655/8166/4656
f 4736/8318/4737 4772/8373/4773 4712/8277/4713
f 4678/8210/4679 4741/8326/4742 4814/8433/4815
f 4216/8434/4217 4815/8435/4816 4505/8436/4506
f 4701/8255/4702 4603/8060/4604 4816/8437/4817
f 4742/8327/4743 4758/8347/4759 4727/8302/4728
f 4681/8304/4682 4774/8438/4775 4728/8305/4729
f 4761/8352/4762 4817/8439/4818 4790/8398/4791
f 4539/8332/4540 4791/8399/4792 4775/8382/4776
f 4775/8382/4776 4818/8440/4819 4763/8357/4764
f 4798/8406/4799 4819/8441/4820 4799/8407/4800
f 4796/8404/4797 4706/8261/4707 4797/8442/4798
f 4799/8409/4800 4820/8443/4821 4797/8410/4798
f 4799/8409/4800 4819/8444/4820 4820/8443/4821
f 4796/8404/4797 4797/8442/4798 4821/8445/4822
f 4820/8443/4821 4822/8446/4823 4797/8410/4798
f 4796/8404/4797 4821/8445/4822 4746/8334/4747
f 4822/8446/4823 4823/8447/4824 4797/8410/4798
f 4822/8446/4823 4820/8443/4821 4824/8448/4825
f 4822/8446/4823 4824/8448/4825 4823/8447/4824
f 4797/8442/4798 4825/8449/4826 4821/8445/4822
f 4823/8447/4824 4825/8450/4826 4797/8410/4798
f 4823/8447/4824 4824/8448/4825 4825/8450/4826
f 4824/8448/4825 4826/8451/4827 4825/8450/4826
f 4826/8451/4827 4824/8448/4825 4827/8452/4828
f 4825/8450/4826 4826/8451/4827 4828/8453/4829
f 4827/8452/4828 4829/8454/4830 4826/8451/4827
f 4826/8451/4827 4803/8415/4804 4828/8453/4829
f 4829/8454/4830 4803/8415/4804 4826/8451/4827
f 4829/8454/4830 4827/8452/4828 4803/8415/4804
f 4707/8262/4708 4830/8455/4831 4750/8338/4751
f 4803/8415/4804 4827/8452/4828 4804/8416/4805
f 4750/8338/4751 4830/8455/4831 4831/8456/4832
f 4805/8417/4806 4828/8453/4829 4803/8415/4804
f 4805/8417/4806 4809/8423/4810 4828/8453/4829
f 4750/8338/4751 4831/8456/4832 4781/8420/4782
f 4779/8422/4780 4769/8457/4770 4809/8423/4810
f 4766/8362/4767 4811/8427/4812 4808/8421/4809
f 4781/8458/4782 4831/8459/4832 4782/8460/4783
f 4672/8317/4673 4765/8461/4766 4736/8318/4737
f 4765/8461/4766 4832/8462/4833 4736/8318/4737
f 4771/8372/4772 4782/8390/4783 4833/8463/4834
f 4833/8463/4834 4834/8464/4835 4771/8372/4772
f 4698/8249/4699 4835/8465/4836 4755/8343/4756
f 4771/8372/4772 4834/8464/4835 4836/8466/4837
f 4698/8249/4699 4699/8324/4700 4835/8465/4836
f 4771/8372/4772 4836/8466/4837 4756/8344/4757
f 4675/8206/4676 4740/8345/4741 4754/8342/4755
f 4756/8344/4757 4836/8466/4837 4783/8391/4784
f 4783/8391/4784 4837/8467/4838 4757/8346/4758
f 4785/8393/4786 4838/8468/4839 4627/8112/4628
f 4813/8432/4814 4784/8392/4785 4655/8166/4656
f 4772/8373/4773 4814/8469/4815 4741/8374/4742
f 4630/8115/4631 4839/8470/4840 4725/8298/4726
f 4656/8168/4657 4678/8211/4679 4840/8471/4841
f 4631/8116/4632 4573/7999/4574 4786/8394/4787
f 4679/8212/4680 4787/8395/4788 4465/7802/4466
f 4632/8117/4633 4773/8377/4774 4788/8396/4789
f 4429/8328/4430 4743/8329/4744 4841/8472/4842
f 4702/8256/4703 4842/8473/4843 4744/8330/4745
f 4702/8256/4703 4703/8257/4704 4842/8473/4843
f 4761/8355/4762 4762/8354/4763 4817/8474/4818
f 4743/8329/4744 4843/8475/4844 4841/8472/4842
f 4743/8329/4744 4792/8400/4793 4843/8475/4844
f 4763/8357/4764 4818/8440/4819 4777/8384/4778
f 4778/8385/4779 4747/8476/4748 4844/8477/4845
f 4747/8476/4748 4800/8478/4801 4844/8477/4845
f 4793/8401/4794 4845/8479/4846 4798/8406/4799
f 4798/8480/4799 4845/8481/4846 4819/8444/4820
f 4820/8443/4821 4846/8482/4847 4824/8448/4825
f 4800/8411/4801 4749/8337/4750 4847/8483/4848
f 4729/8306/4730 4801/8484/4802 4848/8485/4849
f 4825/8449/4826 4828/8486/4829 4821/8445/4822
f 4746/8334/4747 4821/8445/4822 4707/8262/4708
f 4821/8445/4822 4830/8455/4831 4707/8262/4708
f 4828/8486/4829 4809/8487/4810 4821/8445/4822
f 4831/8488/4832 4830/8489/4831 4849/8490/4850
f 4849/8490/4850 4850/8491/4851 4831/8488/4832
f 4812/8492/4813 4851/8493/4852 4769/8457/4770
f 4770/8371/4771 4812/8494/4813 4753/8341/4754
f 4833/8463/4834 4852/8495/4853 4834/8464/4835
f 4838/8468/4839 4740/8325/4741 4627/8112/4628
f 4757/8346/4758 4837/8467/4838 4813/8431/4814
f 4837/8496/4838 4784/8392/4785 4813/8432/4814
f 4785/8393/4786 4784/8392/4785 4838/8468/4839
f 4678/8211/4679 4814/8497/4815 4840/8471/4841
f 4573/7999/4574 4504/8167/4505 4853/8498/4854
f 4465/7802/4466 4788/8396/4789 4773/8377/4774
f 4429/7739/4430 4854/8499/4855 4603/8060/4604
f 4713/8278/4714 4855/8500/4856 4604/8061/4605
f 4703/8258/4704 4760/8351/4761 4856/8501/4857
f 4634/8502/4635 4727/8503/4728 4759/8504/4760
f 4774/8438/4775 4791/8399/4792 4728/8305/4729
f 4762/8354/4763 4778/8385/4779 4844/8477/4845
f 4818/8440/4819 4793/8401/4794 4777/8384/4778
f 4729/8306/4730 4843/8475/4844 4792/8400/4793
f 4845/8481/4846 4846/8482/4847 4819/8444/4820
f 4764/8359/4765 4717/8285/4718 4857/8505/4858
f 4819/8444/4820 4846/8482/4847 4820/8443/4821
f 4824/8448/4825 4858/8506/4859 4827/8452/4828
f 4827/8452/4828 4858/8506/4859 4804/8416/4805
f 4807/8419/4808 4804/8416/4805 4859/8507/4860
f 4808/8421/4809 4860/8508/4861 4749/8360/4750
f 4821/8509/4822 4809/8510/4810 4861/8511/4862
f 4807/8419/4808 4859/8507/4860 4811/8425/4812
f 4860/8512/4861 4808/8513/4809 4862/8514/4863
f 4830/8489/4831 4863/8515/4864 4849/8490/4850
f 4861/8516/4862 4809/8423/4810 4851/8493/4852
f 4811/8425/4812 4864/8517/4865 4808/8513/4809
f 4809/8423/4810 4769/8457/4770 4851/8493/4852
f 4850/8491/4851 4865/8518/4866 4831/8488/4832
f 4866/8519/4867 4867/8520/4868 4782/8460/4783
f 4782/8390/4783 4867/8521/4868 4833/8463/4834
f 4740/8325/4741 4868/8522/4869 4754/8523/4755
f 4699/8324/4700 4869/8524/4870 4835/8465/4836
f 4783/8391/4784 4836/8466/4837 4870/8525/4871
f 4783/8391/4784 4870/8525/4871 4837/8467/4838
f 4740/8325/4741 4838/8468/4839 4871/8526/4872
f 4837/8496/4838 4872/8527/4873 4784/8392/4785
f 4784/8392/4785 4873/8528/4874 4838/8468/4839
f 4699/8324/4700 4725/8529/4726 4869/8524/4870
f 4772/8373/4773 4874/8530/4875 4814/8469/4815
f 4656/8168/4657 4815/8531/4816 4216/8169/4217
f 4789/8397/4790 4701/8255/4702 4816/8437/4817
f 4855/8500/4856 4758/8532/4759 4604/8061/4605
f 4856/8501/4857 4842/8533/4843 4703/8258/4704
f 4760/8351/4761 4875/8534/4876 4856/8501/4857
f 4760/8351/4761 4790/8398/4791 4876/8535/4877
f 4774/8438/4775 4877/8536/4878 4791/8399/4792
f 4762/8354/4763 4878/8537/4879 4817/8474/4818
f 4762/8354/4763 4844/8477/4845 4878/8537/4879
f 4818/8440/4819 4775/8382/4776 4879/8538/4880
f 4800/8478/4801 4880/8539/4881 4844/8477/4845
f 4847/8540/4848 4880/8539/4881 4800/8478/4801
f 4749/8541/4750 4881/8542/4882 4847/8543/4848
f 4749/8360/4750 4860/8508/4861 4881/8544/4882
f 4858/8506/4859 4882/8545/4883 4804/8416/4805
f 4821/8509/4822 4861/8511/4862 4883/8546/4884
f 4859/8507/4860 4864/8517/4865 4811/8425/4812
f 4821/8509/4822 4863/8515/4864 4830/8489/4831
f 4821/8509/4822 4883/8546/4884 4863/8515/4864
f 4862/8514/4863 4808/8513/4809 4864/8517/4865
f 4861/8511/4862 4884/8547/4885 4883/8546/4884
f 4831/8459/4832 4865/8548/4866 4782/8460/4783
f 4865/8548/4866 4866/8519/4867 4782/8460/4783
f 4812/8492/4813 4885/8549/4886 4851/8493/4852
f 4812/8494/4813 4770/8371/4771 4886/8550/4887
f 4833/8463/4834 4867/8521/4868 4852/8495/4853
f 4852/8495/4853 4836/8466/4837 4834/8464/4835
f 4770/8551/4771 4754/8523/4755 4887/8552/4888
f 4754/8523/4755 4868/8522/4869 4888/8553/4889
f 4740/8325/4741 4871/8526/4872 4868/8522/4869
f 4837/8554/4838 4889/8555/4890 4872/8556/4873
f 4838/8468/4839 4890/8557/4891 4871/8526/4872
f 4872/8527/4873 4873/8528/4874 4784/8392/4785
f 4873/8528/4874 4890/8557/4891 4838/8468/4839
f 4786/8394/4787 4891/8558/4892 4630/8115/4631
f 4789/8397/4790 4855/8500/4856 4713/8278/4714
f 4603/8060/4604 4854/8499/4855 4816/8437/4817
f 4758/8559/4759 4855/8560/4856 4892/8561/4893
f 4841/8472/4842 4854/8562/4855 4429/8328/4430
f 4760/8351/4761 4876/8535/4877 4875/8534/4876
f 4817/8474/4818 4878/8537/4879 4790/8563/4791
f 4791/8399/4792 4893/8564/4894 4775/8382/4776
f 4775/8382/4776 4893/8564/4894 4879/8538/4880
f 4818/8440/4819 4845/8479/4846 4793/8401/4794
f 4843/8475/4844 4729/8306/4730 4848/8485/4849
f 4824/8448/4825 4846/8482/4847 4858/8506/4859
f 4804/8416/4805 4882/8545/4883 4859/8507/4860
f 4860/8512/4861 4862/8514/4863 4881/8565/4882
f 4863/8515/4864 4894/8566/4895 4849/8490/4850
f 4861/8511/4862 4895/8567/4896 4884/8547/4885
f 4861/8516/4862 4851/8493/4852 4896/8568/4897
f 4802/8569/4803 4832/8462/4833 4765/8461/4766
f 4849/8490/4850 4865/8518/4866 4850/8491/4851
f 4885/8549/4886 4812/8492/4813 4897/8570/4898
f 4718/8286/4719 4666/8184/4667 4898/8571/4899
f 4812/8494/4813 4899/8572/4900 4897/8573/4898
f 4899/8572/4900 4812/8494/4813 4886/8550/4887
f 4770/8551/4771 4887/8552/4888 4886/8574/4887
f 4754/8523/4755 4888/8553/4889 4887/8552/4888
f 4832/8462/4833 4900/8575/4901 4736/8318/4737
f 4868/8522/4869 4871/8526/4872 4888/8553/4889
f 4870/8576/4871 4889/8555/4890 4837/8554/4838
f 4890/8557/4891 4873/8528/4874 4901/8577/4902
f 4736/8318/4737 4874/8530/4875 4772/8373/4773
f 4725/8298/4726 4839/8470/4840 4902/8578/4903
f 4869/8524/4870 4725/8529/4726 4902/8579/4903
f 4839/8470/4840 4891/8558/4892 4902/8578/4903
f 4630/8115/4631 4891/8558/4892 4839/8470/4840
f 4505/8436/4506 4787/8580/4788 4600/8581/4601
f 4788/8582/4789 4903/8583/4904 4464/8584/4465
f 4904/8585/4905 4465/8586/4466 4787/8580/4788
f 4465/7802/4466 4905/8587/4906 4788/8396/4789
f 4875/8588/4876 4876/8589/4877 4906/8590/4907
f 4790/8563/4791 4878/8537/4879 4876/8589/4877
f 4877/8536/4878 4893/8564/4894 4791/8399/4792
f 4818/8440/4819 4907/8591/4908 4845/8479/4846
f 4880/8539/4881 4847/8540/4848 4908/8592/4909
f 4845/8481/4846 4907/8593/4908 4846/8482/4847
f 4846/8482/4847 4882/8545/4883 4858/8506/4859
f 4846/8482/4847 4909/8594/4910 4882/8545/4883
f 4764/8359/4765 4802/8414/4803 4730/8308/4731
f 4864/8517/4865 4859/8507/4860 4862/8514/4863
f 4883/8546/4884 4910/8595/4911 4863/8515/4864
f 4849/8490/4850 4894/8566/4895 4865/8518/4866
f 4896/8568/4897 4851/8493/4852 4885/8549/4886
f 4801/8413/4802 4718/8286/4719 4898/8571/4899
f 4666/8430/4667 4755/8343/4756 4898/8596/4899
f 4887/8552/4888 4888/8553/4889 4911/8597/4912
f 4852/8495/4853 4912/8598/4913 4870/8525/4871
f 4836/8466/4837 4852/8495/4853 4870/8525/4871
f 4871/8526/4872 4913/8599/4914 4888/8553/4889
f 4870/8576/4871 4914/8600/4915 4889/8555/4890
f 4872/8527/4873 4901/8577/4902 4873/8528/4874
f 4505/8436/4506 4815/8435/4816 4915/8601/4916
f 4726/8299/4727 4916/8602/4917 4504/8300/4505
f 4464/8584/4465 4903/8583/4904 4726/8603/4727
f 4854/8604/4855 4917/8605/4918 4816/8606/4817
f 4856/8607/4857 4875/8588/4876 4918/8608/4919
f 4758/8559/4759 4919/8609/4920 4727/8503/4728
f 4876/8589/4877 4878/8537/4879 4906/8590/4907
f 4727/8503/4728 4920/8610/4921 4759/8504/4760
f 4878/8537/4879 4844/8477/4845 4921/8611/4922
f 4879/8538/4880 4922/8612/4923 4818/8440/4819
f 4818/8440/4819 4922/8612/4923 4907/8591/4908
f 4717/8285/4718 4715/8280/4716 4857/8505/4858
f 4907/8593/4908 4909/8594/4910 4846/8482/4847
f 4881/8542/4882 4908/8613/4909 4847/8543/4848
f 4859/8507/4860 4881/8565/4882 4862/8514/4863
f 4863/8515/4864 4910/8595/4911 4894/8566/4895
f 4883/8546/4884 4895/8567/4896 4910/8595/4911
f 4884/8547/4885 4895/8567/4896 4883/8546/4884
f 4910/8595/4911 4923/8614/4924 4894/8566/4895
f 4861/8511/4862 4896/8615/4897 4895/8567/4896
f 4894/8566/4895 4924/8616/4925 4865/8518/4866
f 4899/8617/4900 4886/8618/4887 4897/8619/4898
f 4898/8596/4899 4755/8343/4756 4835/8465/4836
f 4897/8619/4898 4886/8618/4887 4925/8620/4926
f 4925/8620/4926 4886/8618/4887 4911/8621/4912
f 4887/8552/4888 4911/8597/4912 4886/8574/4887
f 4867/8521/4868 4912/8598/4913 4852/8495/4853
f 4912/8622/4913 4926/8623/4927 4870/8576/4871
f 4927/8624/4928 4914/8600/4915 4926/8623/4927
f 4870/8576/4871 4926/8623/4927 4914/8600/4915
f 4871/8526/4872 4928/8625/4929 4913/8599/4914
f 4871/8526/4872 4929/8626/4930 4928/8625/4929
f 4890/8557/4891 4929/8626/4930 4871/8526/4872
f 4889/8555/4890 4930/8627/4931 4872/8556/4873
f 4872/8556/4873 4930/8627/4931 4901/8628/4902
f 4890/8557/4891 4901/8577/4902 4929/8626/4930
f 4736/8318/4737 4900/8575/4901 4874/8530/4875
f 4814/8497/4815 4931/8629/4932 4840/8471/4841
f 4815/8435/4816 4932/8630/4933 4915/8601/4916
f 4465/8586/4466 4904/8585/4905 4905/8631/4906
f 4789/8632/4790 4933/8633/4934 4855/8560/4856
f 4744/8330/4745 4934/8634/4935 4774/8378/4775
f 4774/8378/4775 4934/8634/4935 4877/8635/4878
f 4875/8588/4876 4935/8636/4936 4918/8608/4919
f 4906/8590/4907 4936/8637/4937 4875/8588/4876
f 4906/8590/4907 4921/8611/4922 4936/8637/4937
f 4906/8590/4907 4878/8537/4879 4921/8611/4922
f 4727/8503/4728 4919/8609/4920 4920/8610/4921
f 4921/8611/4922 4844/8477/4845 4880/8539/4881
f 4893/8564/4894 4937/8638/4938 4879/8538/4880
f 4841/8472/4842 4843/8475/4844 4938/8639/4939
f 4879/8538/4880 4937/8638/4938 4922/8612/4923
f 4880/8539/4881 4908/8592/4909 4939/8640/4940
f 4939/8641/4940 4908/8613/4909 4881/8542/4882
f 4922/8612/4923 4940/8642/4941 4907/8591/4908
f 4940/8642/4941 4882/8643/4883 4907/8591/4908
f 4843/8475/4844 4848/8485/4849 4941/8644/4942
f 4882/8545/4883 4909/8594/4910 4907/8593/4908
f 4882/8545/4883 4881/8565/4882 4942/8645/4943
f 4882/8545/4883 4942/8645/4943 4859/8507/4860
f 4859/8507/4860 4942/8645/4943 4881/8565/4882
f 4895/8567/4896 4943/8646/4944 4910/8595/4911
f 4802/8569/4803 4944/8647/4945 4832/8462/4833
f 4894/8566/4895 4923/8614/4924 4924/8616/4925
f 4945/8648/4946 4896/8568/4897 4946/8649/4947
f 4865/8548/4866 4924/8650/4925 4866/8519/4867
f 4885/8549/4886 4946/8649/4947 4896/8568/4897
f 4885/8651/4886 4897/8619/4898 4946/8652/4947
f 4924/8650/4925 4867/8520/4868 4866/8519/4867
f 4946/8652/4947 4897/8619/4898 4947/8653/4948
f 4897/8619/4898 4925/8620/4926 4947/8653/4948
f 4867/8520/4868 4948/8654/4949 4912/8622/4913
f 4948/8654/4949 4927/8624/4928 4912/8622/4913
f 4911/8597/4912 4888/8553/4889 4949/8655/4950
f 4926/8623/4927 4912/8622/4913 4927/8624/4928
f 4914/8600/4915 4950/8656/4951 4889/8555/4890
f 4950/8656/4951 4930/8627/4931 4889/8555/4890
f 4786/8394/4787 4902/8578/4903 4891/8558/4892
f 4786/8394/4787 4573/7999/4574 4853/8498/4854
f 4840/8471/4841 4931/8629/4932 4656/8168/4657
f 4504/8657/4505 4916/8658/4917 4853/8659/4854
f 4951/8660/4952 4916/8661/4917 4726/8662/4727
f 4787/8580/4788 4952/8663/4953 4904/8585/4905
f 4788/8582/4789 4953/8664/4954 4903/8583/4904
f 4788/8582/4789 4905/8665/4906 4953/8664/4954
f 4816/8437/4817 4917/8666/4918 4789/8397/4790
f 4854/8604/4855 4841/8667/4842 4954/8668/4955
f 4856/8669/4857 4955/8670/4956 4842/8473/4843
f 4892/8561/4893 4956/8671/4957 4758/8559/4759
f 4856/8607/4857 4918/8608/4919 4957/8672/4958
f 4875/8588/4876 4936/8637/4937 4935/8636/4936
f 4758/8559/4759 4956/8671/4957 4919/8609/4920
f 4877/8536/4878 4958/8673/4959 4893/8564/4894
f 4936/8637/4937 4921/8611/4922 4959/8674/4960
f 4921/8611/4922 4880/8539/4881 4959/8674/4960
f 4893/8564/4894 4958/8673/4959 4960/8675/4961
f 4841/8667/4842 4938/8676/4939 4954/8668/4955
f 4959/8674/4960 4880/8539/4881 4939/8640/4940
f 4893/8564/4894 4960/8675/4961 4937/8638/4938
f 4960/8675/4961 4940/8642/4941 4937/8638/4938
f 4961/8677/4962 4939/8641/4940 4881/8542/4882
f 4937/8638/4938 4940/8642/4941 4922/8612/4923
f 4961/8677/4962 4881/8542/4882 4940/8678/4941
f 4881/8679/4882 4882/8643/4883 4940/8642/4941
f 4848/8485/4849 4801/8484/4802 4962/8680/4963
f 4962/8680/4963 4801/8484/4802 4898/8681/4899
f 4895/8567/4896 4896/8615/4897 4943/8646/4944
f 4910/8595/4911 4943/8646/4944 4923/8614/4924
f 4896/8615/4897 4945/8682/4946 4943/8646/4944
f 4943/8646/4944 4963/8683/4964 4923/8614/4924
f 4923/8684/4924 4963/8685/4964 4924/8650/4925
f 4943/8686/4944 4964/8687/4965 4963/8685/4964
f 4943/8646/4944 4965/8688/4966 4964/8689/4965
f 4943/8646/4944 4945/8682/4946 4965/8688/4966
f 4966/8690/4967 4963/8685/4964 4964/8687/4965
f 4963/8685/4964 4967/8691/4968 4924/8650/4925
f 4963/8685/4964 4966/8690/4967 4967/8691/4968
f 4945/8692/4946 4947/8653/4948 4965/8693/4966
f 4924/8650/4925 4967/8691/4968 4867/8520/4868
f 4968/8694/4969 4965/8693/4966 4947/8653/4948
f 4946/8652/4947 4947/8653/4948 4945/8692/4946
f 4966/8690/4967 4969/8695/4970 4967/8691/4968
f 4967/8691/4968 4969/8695/4970 4867/8520/4868
f 4867/8520/4868 4969/8695/4970 4970/8696/4971
f 4947/8653/4948 4925/8620/4926 4971/8697/4972
f 4972/8698/4973 4970/8696/4971 4969/8695/4970
f 4867/8520/4868 4970/8696/4971 4948/8654/4949
f 4971/8697/4972 4925/8620/4926 4911/8621/4912
f 4971/8697/4972 4911/8621/4912 4949/8699/4950
f 4970/8696/4971 4973/8700/4974 4948/8654/4949
f 4973/8700/4974 4927/8624/4928 4948/8654/4949
f 4928/8625/4929 4949/8655/4950 4888/8553/4889
f 4928/8625/4929 4888/8553/4889 4913/8599/4914
f 4927/8624/4928 4950/8656/4951 4914/8600/4915
f 4929/8626/4930 4974/8701/4975 4928/8625/4929
f 4975/8702/4976 4901/8628/4902 4930/8627/4931
f 4975/8703/4976 4929/8626/4930 4901/8577/4902
f 4853/8498/4854 4902/8578/4903 4786/8394/4787
f 4915/8601/4916 4787/8580/4788 4505/8436/4506
f 4953/8664/4954 4905/8665/4906 4904/8704/4905
f 4917/8605/4918 4854/8604/4855 4976/8705/4977
f 4934/8634/4935 4744/8330/4745 4955/8670/4956
f 4955/8670/4956 4744/8330/4745 4842/8473/4843
f 4977/8706/4978 4877/8635/4878 4934/8634/4935
f 4918/8608/4919 4935/8636/4936 4957/8672/4958
f 4935/8636/4936 4936/8637/4937 4957/8672/4958
f 4978/8707/4979 4958/8673/4959 4877/8536/4878
f 4977/8708/4978 4978/8707/4979 4877/8536/4878
f 4957/8672/4958 4959/8674/4960 4961/8709/4962
f 4936/8637/4937 4959/8674/4960 4957/8672/4958
f 4978/8707/4979 4960/8675/4961 4958/8673/4959
f 4939/8640/4940 4961/8709/4962 4959/8674/4960
f 4978/8707/4979 4979/8710/4980 4960/8675/4961
f 4960/8675/4961 4979/8710/4980 4940/8642/4941
f 4961/8677/4962 4940/8678/4941 4979/8711/4980
f 4843/8475/4844 4941/8644/4942 4938/8639/4939
f 4941/8644/4942 4848/8485/4849 4962/8680/4963
f 4964/8687/4965 4980/8712/4981 4966/8690/4967
f 4980/8712/4981 4969/8695/4970 4966/8690/4967
f 4968/8694/4969 4947/8653/4948 4981/8713/4982
f 4947/8653/4948 4971/8697/4972 4981/8713/4982
f 4970/8696/4971 4972/8698/4973 4973/8700/4974
f 4950/8656/4951 4982/8714/4983 4930/8627/4931
f 4974/8701/4975 4929/8626/4930 4975/8703/4976
f 4982/8714/4983 4975/8702/4976 4930/8627/4931
f 4869/8715/4870 4902/8716/4903 4983/8717/4984
f 4902/8716/4903 4853/8718/4854 4983/8717/4984
f 4931/8629/4932 4984/8719/4985 4656/8168/4657
f 4984/8719/4985 4815/8531/4816 4656/8168/4657
f 4915/8601/4916 4932/8630/4933 4787/8580/4788
f 4726/8603/4727 4903/8583/4904 4951/8720/4952
f 4917/8605/4918 4985/8721/4986 4789/8632/4790
f 4917/8605/4918 4976/8705/4977 4985/8721/4986
f 4985/8721/4986 4933/8633/4934 4789/8632/4790
f 4955/8670/4956 4986/8722/4987 4934/8634/4935
f 4955/8670/4956 4979/8723/4980 4986/8722/4987
f 4856/8669/4857 4987/8724/4988 4955/8670/4956
f 4934/8634/4935 4979/8723/4980 4977/8706/4978
f 4934/8634/4935 4986/8722/4987 4979/8723/4980
f 4856/8607/4857 4957/8672/4958 4987/8725/4988
f 4987/8725/4988 4957/8672/4958 4955/8726/4956
f 4977/8706/4978 4979/8723/4980 4978/8727/4979
f 4957/8672/4958 4961/8709/4962 4979/8728/4980
f 4964/8729/4965 4988/8730/4989 4980/8731/4981
f 4964/8729/4965 4965/8693/4966 4988/8730/4989
f 4965/8693/4966 4989/8732/4990 4988/8730/4989
f 4980/8712/4981 4990/8733/4991 4969/8695/4970
f 4989/8732/4990 4965/8693/4966 4968/8694/4969
f 4969/8695/4970 4990/8733/4991 4991/8734/4992
f 4991/8734/4992 4972/8698/4973 4969/8695/4970
f 4972/8698/4973 4992/8735/4993 4973/8700/4974
f 4971/8697/4972 4949/8699/4950 4993/8736/4994
f 4949/8699/4950 4994/8737/4995 4993/8736/4994
f 4973/8700/4974 4995/8738/4996 4927/8624/4928
f 4949/8699/4950 4928/8739/4929 4994/8737/4995
f 4927/8624/4928 4996/8740/4997 4950/8656/4951
f 4928/8739/4929 4974/8741/4975 4994/8737/4995
f 4950/8656/4951 4997/8742/4998 4982/8714/4983
f 4974/8741/4975 4975/8743/4976 4998/8744/4999
f 4982/8714/4983 4999/8745/5000 4975/8702/4976
f 4832/8462/4833 5000/8746/5001 4900/8575/4901
f 5000/8746/5001 4874/8530/4875 4900/8575/4901
f 5001/8747/5002 4952/8663/4953 4787/8580/4788
f 4903/8583/4904 4953/8664/4954 5002/8748/5003
f 4904/8704/4905 5003/8749/5004 4953/8664/4954
f 4955/8670/4956 4957/8750/4958 4979/8723/4980
f 5004/8751/5005 4759/8504/4760 4920/8610/4921
f 4938/8639/4939 4941/8644/4942 5005/8752/5006
f 4988/8753/4989 4990/8733/4991 4980/8712/4981
f 4989/8732/4990 4968/8694/4969 5006/8754/5007
f 4835/8755/4836 5007/8756/5008 4898/8757/4899
f 4968/8694/4969 4981/8713/4982 5006/8754/5007
f 4972/8698/4973 4991/8734/4992 4992/8735/4993
f 4981/8713/4982 4971/8697/4972 5008/8758/5009
f 4869/8715/4870 5007/8756/5008 4835/8755/4836
f 4992/8735/4993 4995/8738/4996 4973/8700/4974
f 4971/8697/4972 4993/8736/4994 5008/8758/5009
f 4995/8738/4996 4996/8740/4997 4927/8624/4928
f 4832/8759/4833 5009/8760/5010 5000/8761/5001
f 4950/8656/4951 4996/8740/4997 4997/8742/4998
f 4994/8737/4995 4974/8741/4975 4998/8744/4999
f 4982/8714/4983 4997/8742/4998 4999/8745/5000
f 4998/8762/4999 4975/8702/4976 4999/8745/5000
f 4874/8763/4875 4931/8629/4932 4814/8497/4815
f 4984/8719/4985 4931/8629/4932 4815/8531/4816
f 4815/8435/4816 5010/8764/5011 4932/8630/4933
f 4953/8664/4954 5003/8749/5004 5002/8748/5003
f 4759/8380/4760 5011/8765/5012 4715/8381/4716
f 4941/8644/4942 5012/8766/5013 5013/8767/5014
f 4988/8730/4989 5014/8768/5015 4990/8769/4991
f 4989/8732/4990 5014/8768/5015 4988/8730/4989
f 4989/8732/4990 5006/8754/5007 5014/8768/5015
f 4990/8733/4991 5015/8770/5016 4991/8734/4992
f 4991/8734/4992 5015/8770/5016 4992/8735/4993
f 5006/8754/5007 5008/8758/5009 5016/8771/5017
f 4981/8713/4982 5008/8758/5009 5006/8754/5007
f 4993/8736/4994 5016/8771/5017 5008/8758/5009
f 4992/8735/4993 5017/8772/5018 4995/8738/4996
f 4995/8738/4996 5017/8772/5018 4996/8740/4997
f 4996/8740/4997 5017/8772/5018 4997/8742/4998
f 5017/8772/5018 4999/8745/5000 4997/8742/4998
f 4994/8737/4995 4998/8744/4999 4993/8736/4994
f 4932/8630/4933 5010/8764/5011 5018/8773/5019
f 4985/8721/4986 5019/8774/5020 4933/8633/4934
f 4976/8705/4977 5019/8774/5020 4985/8721/4986
f 4941/8644/4942 4962/8680/4963 5012/8766/5013
f 5014/8768/5015 5020/8775/5021 4990/8769/4991
f 4990/8733/4991 5020/8776/5021 5015/8770/5016
f 5006/8754/5007 5016/8771/5017 5014/8768/5015
f 5020/8776/5021 5021/8777/5022 5015/8770/5016
f 5014/8768/5015 5016/8771/5017 5020/8775/5021
f 5015/8770/5016 5021/8777/5022 4992/8735/4993
f 5016/8771/5017 5022/8778/5023 5020/8775/5021
f 5016/8771/5017 5023/8779/5024 5022/8778/5023
f 5016/8771/5017 4993/8736/4994 5023/8779/5024
f 5021/8777/5022 5017/8772/5018 4992/8735/4993
f 5021/8777/5022 5022/8780/5023 5017/8772/5018
f 5022/8780/5023 5023/8781/5024 5017/8772/5018
f 4998/8744/4999 5023/8779/5024 4993/8736/4994
f 4998/8762/4999 5017/8772/5018 5023/8781/5024
f 4998/8762/4999 4999/8745/5000 5017/8772/5018
f 4983/8717/4984 4853/8718/4854 5024/8782/5025
f 4874/8783/4875 5025/8784/5026 4931/8785/4932
f 4815/8435/4816 4931/8786/4932 5026/8787/5027
f 4853/8659/4854 4916/8658/4917 5027/8788/5028
f 4933/8633/4934 4892/8561/4893 4855/8560/4856
f 4919/8609/4920 4956/8671/4957 5028/8789/5029
f 4759/8380/4760 5004/8790/5005 5011/8765/5012
f 4764/8791/4765 5029/8792/5030 4802/8793/4803
f 4802/8793/4803 5009/8794/5010 4944/8795/4945
f 5020/8776/5021 5022/8780/5023 5021/8777/5022
f 4944/8647/4945 5009/8796/5010 4832/8462/4833
f 4869/8715/4870 4983/8717/4984 5030/8797/5031
f 4853/8718/4854 5031/8798/5032 5024/8782/5025
f 4853/8718/4854 5027/8799/5028 5031/8798/5032
f 4815/8435/4816 5032/8800/5033 5010/8764/5011
f 5018/8773/5019 5033/8801/5034 4932/8630/4933
f 4951/8660/4952 5034/8802/5035 4916/8661/4917
f 4932/8630/4933 5033/8801/5034 4787/8580/4788
f 5002/8748/5003 5003/8749/5004 4951/8720/4952
f 5002/8748/5003 4951/8720/4952 4903/8583/4904
f 4919/8609/4920 5028/8789/5029 5004/8751/5005
f 4919/8609/4920 5004/8751/5005 4920/8610/4921
f 4898/8757/4899 5007/8756/5008 4962/8803/4963
f 5027/8804/5028 5035/8805/5036 5031/8806/5032
f 4916/8658/4917 5036/8807/5037 5027/8788/5028
f 4815/8435/4816 5026/8787/5027 5032/8800/5033
f 5010/8764/5011 5032/8800/5033 5018/8773/5019
f 4787/8580/4788 5033/8801/5034 5001/8747/5002
f 4952/8663/4953 5037/8808/5038 4904/8585/4905
f 4904/8704/4905 5037/8809/5038 5003/8749/5004
f 5019/8774/5020 5038/8810/5039 4933/8633/4934
f 4976/8705/4977 5038/8810/5039 5019/8774/5020
f 4954/8668/4955 5005/8811/5006 5039/8812/5040
f 5005/8752/5006 4954/8813/4955 4938/8639/4939
f 4941/8644/4942 5013/8767/5014 5005/8752/5006
f 4857/8814/4858 5029/8792/5030 4764/8791/4765
f 5012/8766/5013 4962/8680/4963 5040/8815/5041
f 4983/8717/4984 5024/8782/5025 5030/8797/5031
f 4874/8783/4875 5000/8761/5001 5025/8784/5026
f 4931/8816/4932 5041/8817/5042 5026/8818/5027
f 5032/8800/5033 5042/8819/5043 5018/8773/5019
f 5042/8819/5043 5043/8820/5044 5018/8773/5019
f 5018/8773/5019 5043/8820/5044 5033/8801/5034
f 4916/8658/4917 5034/8821/5035 5036/8807/5037
f 5003/8749/5004 5037/8809/5038 4951/8720/4952
f 4933/8633/4934 5038/8810/5039 5044/8822/5045
f 4976/8705/4977 5044/8822/5045 5038/8810/5039
f 4715/8823/4716 5029/8792/5030 4857/8814/4858
f 4962/8803/4963 5045/8824/5046 5040/8825/5041
f 4869/8715/4870 5030/8797/5031 5007/8756/5008
f 5000/8761/5001 5009/8760/5010 5046/8826/5047
f 5036/8807/5037 5035/8827/5036 5027/8788/5028
f 5026/8787/5027 5042/8819/5043 5032/8800/5033
f 4933/8633/4934 5047/8828/5048 4892/8561/4893
f 4854/8604/4855 5039/8812/5040 4976/8705/4977
f 4956/8671/4957 5048/8829/5049 5028/8789/5029
f 4715/8823/4716 5011/8830/5012 5029/8792/5030
f 4962/8803/4963 5007/8756/5008 5045/8824/5046
f 5007/8756/5008 5030/8797/5031 5045/8824/5046
f 5030/8797/5031 5024/8782/5025 5049/8831/5050
f 5031/8798/5032 5050/8832/5051 5024/8782/5025
f 5026/8787/5027 5051/8833/5052 5042/8819/5043
f 5001/8747/5002 5052/8834/5053 4952/8663/4953
f 5034/8802/5035 4951/8660/4952 5053/8835/5054
f 4952/8663/4953 5052/8834/5053 5037/8808/5038
f 4951/8660/4952 5037/8836/5038 5054/8837/5055
f 5044/8822/5045 5055/8838/5056 4933/8633/4934
f 4854/8604/4855 4954/8668/4955 5039/8812/5040
f 4956/8671/4957 4892/8561/4893 5048/8829/5049
f 4802/8793/4803 5056/8839/5057 5009/8794/5010
f 5045/8824/5046 5057/8840/5058 5040/8825/5041
f 5041/8841/5042 5051/8833/5052 5026/8787/5027
f 5042/8819/5043 5033/8801/5034 5043/8820/5044
f 5034/8802/5035 5053/8835/5054 5036/8842/5037
f 4951/8660/4952 5054/8837/5055 5053/8835/5054
f 5037/8836/5038 5058/8843/5059 5054/8837/5055
f 4976/8705/4977 5059/8844/5060 5044/8822/5045
f 5028/8789/5029 5060/8845/5061 5004/8751/5005
f 5024/8782/5025 5050/8832/5051 5049/8831/5050
f 5031/8806/5032 5035/8805/5036 5050/8846/5051
f 5042/8819/5043 5061/8847/5062 5033/8801/5034
f 5001/8747/5002 5033/8801/5034 5061/8847/5062
f 5001/8747/5002 5061/8847/5062 5052/8834/5053
f 5053/8835/5054 5062/8848/5063 5036/8842/5037
f 5055/8838/5056 5047/8828/5048 4933/8633/4934
f 5039/8812/5040 5059/8844/5060 4976/8705/4977
f 5048/8829/5049 5060/8845/5061 5028/8789/5029
f 5029/8792/5030 5056/8839/5057 4802/8793/4803
f 5045/8824/5046 5030/8797/5031 5057/8840/5058
f 5025/8784/5026 5041/8849/5042 4931/8785/4932
f 5051/8833/5052 5041/8841/5042 5042/8819/5043
f 5054/8837/5055 5058/8843/5059 5063/8850/5064
f 5054/8837/5055 5063/8850/5064 5062/8848/5063
f 5053/8835/5054 5054/8837/5055 5062/8848/5063
f 4892/8561/4893 5047/8828/5048 5048/8829/5049
f 5049/8831/5050 5057/8840/5058 5030/8797/5031
f 5035/8827/5036 5036/8807/5037 5062/8851/5063
f 5061/8847/5062 5064/8852/5065 5052/8834/5053
f 5052/8853/5053 5064/8854/5065 5037/8836/5038
f 5000/8761/5001 5065/8855/5066 5025/8784/5026
f 5066/8856/5067 5035/8805/5036 5062/8857/5063
f 5044/8822/5045 5067/8858/5068 5055/8838/5056
f 5059/8844/5060 5067/8858/5068 5044/8822/5045
f 5048/8859/5049 5068/8860/5069 5060/8861/5061
f 5035/8805/5036 5066/8856/5067 5050/8846/5051
f 5064/8854/5065 5063/8850/5064 5037/8836/5038
f 5037/8836/5038 5063/8850/5064 5058/8843/5059
f 5005/8811/5006 5013/8862/5014 5039/8812/5040
f 5011/8830/5012 5069/8863/5070 5029/8792/5030
f 5050/8846/5051 5070/8864/5071 5049/8865/5050
f 5067/8858/5068 5071/8866/5072 5055/8838/5056
f 5059/8844/5060 5071/8866/5072 5067/8858/5068
f 5029/8792/5030 5069/8863/5070 5072/8867/5073
f 5029/8792/5030 5072/8867/5073 5056/8839/5057
f 5073/8868/5074 5013/8869/5014 5074/8870/5075
f 5013/8869/5014 5012/8871/5013 5074/8870/5075
f 5012/8872/5013 5040/8825/5041 5075/8873/5076
f 5000/8761/5001 5046/8826/5047 5065/8855/5066
f 5063/8850/5064 5076/8874/5077 5062/8848/5063
f 5039/8875/5040 5013/8869/5014 5073/8868/5074
f 5011/8830/5012 5004/8876/5005 5069/8863/5070
f 5057/8840/5058 5075/8873/5076 5040/8825/5041
f 5070/8864/5071 5050/8846/5051 5066/8856/5067
f 5041/8849/5042 5077/8877/5078 5042/8878/5043
f 5042/8878/5043 5077/8877/5078 5061/8879/5062
f 5055/8838/5056 5071/8866/5072 5047/8828/5048
f 5060/8861/5061 5078/8880/5079 5004/8876/5005
f 5059/8844/5060 5079/8881/5080 5071/8866/5072
f 5039/8812/5040 5079/8881/5080 5059/8844/5060
f 5060/8861/5061 5068/8860/5069 5078/8880/5079
f 5077/8877/5078 5064/8882/5065 5061/8879/5062
f 5064/8854/5065 5076/8874/5077 5063/8850/5064
f 5004/8876/5005 5078/8880/5079 5069/8863/5070
f 5009/8760/5010 5080/8883/5081 5046/8826/5047
f 5057/8884/5058 5049/8865/5050 5081/8885/5082
f 5049/8865/5050 5070/8864/5071 5081/8885/5082
f 5066/8856/5067 5062/8857/5063 5082/8886/5083
f 5071/8866/5072 5079/8881/5080 5047/8828/5048
f 5047/8887/5048 5083/8888/5084 5048/8859/5049
f 5048/8859/5049 5083/8888/5084 5068/8860/5069
f 5075/8889/5076 5074/8870/5075 5012/8871/5013
f 5064/8882/5065 5084/8890/5085 5076/8891/5077
f 5062/8857/5063 5076/8892/5077 5082/8886/5083
f 5056/8839/5057 5072/8867/5073 5085/8893/5086
f 5075/8889/5076 5086/8894/5087 5074/8870/5075
f 5056/8895/5057 5080/8883/5081 5009/8760/5010
f 5081/8885/5082 5087/8896/5088 5057/8884/5058
f 5025/8784/5026 5077/8877/5078 5041/8849/5042
f 5077/8877/5078 5084/8890/5085 5064/8882/5065
f 5068/8860/5069 5088/8897/5089 5078/8880/5079
f 5069/8863/5070 5078/8880/5079 5072/8867/5073
f 5075/8898/5076 5057/8884/5058 5087/8896/5088
f 5089/8899/5090 5065/8855/5066 5046/8826/5047
f 5070/8864/5071 5066/8856/5067 5082/8886/5083
f 5039/8812/5040 5090/8900/5091 5079/8881/5080
f 5078/8880/5079 5091/8901/5092 5072/8867/5073
f 5056/8839/5057 5085/8893/5086 5080/8902/5081
f 5075/8898/5076 5087/8896/5088 5086/8903/5087
f 5080/8883/5081 5089/8899/5090 5046/8826/5047
f 5079/8904/5080 5092/8905/5093 5047/8887/5048
f 5072/8867/5073 5091/8901/5092 5085/8893/5086
f 5079/8904/5080 5090/8906/5091 5092/8905/5093
f 5039/8875/5040 5073/8868/5074 5090/8906/5091
f 5091/8901/5092 5088/8897/5089 5085/8893/5086
f 5088/8897/5089 5080/8902/5081 5085/8893/5086
f 5080/8883/5081 5093/8907/5094 5089/8899/5090
f 5081/8885/5082 5070/8864/5071 5094/8908/5095
f 5082/8886/5083 5076/8892/5077 5095/8909/5096
f 5092/8905/5093 5096/8910/5097 5047/8887/5048
f 5078/8880/5079 5088/8897/5089 5091/8901/5092
f 5074/8870/5075 5097/8911/5098 5073/8868/5074
f 5089/8899/5090 5093/8907/5094 5098/8912/5099
f 5089/8899/5090 5098/8912/5099 5065/8855/5066
f 5065/8855/5066 5098/8912/5099 5025/8784/5026
f 5082/8886/5083 5095/8909/5096 5070/8864/5071
f 5073/8868/5074 5099/8913/5100 5090/8906/5091
f 5083/8888/5084 5100/8914/5101 5068/8860/5069
f 5068/8860/5069 5100/8914/5101 5088/8897/5089
f 5088/8897/5089 5101/8915/5102 5080/8902/5081
f 5101/8916/5102 5102/8917/5103 5080/8883/5081
f 5102/8917/5103 5093/8907/5094 5080/8883/5081
f 5100/8914/5101 5101/8915/5102 5088/8897/5089
f 5101/8915/5102 5103/8918/5104 5102/8919/5103
f 5087/8896/5088 5081/8885/5082 5094/8908/5095
f 5025/8784/5026 5104/8920/5105 5077/8877/5078
f 5095/8909/5096 5105/8921/5106 5070/8864/5071
f 5092/8905/5093 5090/8906/5091 5106/8922/5107
f 5092/8905/5093 5106/8922/5107 5096/8910/5097
f 5090/8906/5091 5099/8913/5100 5107/8923/5108
f 5047/8887/5048 5096/8910/5097 5083/8888/5084
f 5100/8914/5101 5108/8924/5109 5101/8915/5102
f 5108/8924/5109 5103/8918/5104 5101/8915/5102
f 5102/8917/5103 5103/8925/5104 5093/8907/5094
f 5103/8925/5104 5109/8926/5110 5093/8907/5094
f 5093/8907/5094 5110/8927/5111 5098/8912/5099
f 5098/8912/5099 5104/8920/5105 5025/8784/5026
f 5104/8920/5105 5111/8928/5112 5077/8877/5078
f 5077/8877/5078 5111/8928/5112 5084/8890/5085
f 5084/8890/5085 5112/8929/5113 5076/8891/5077
f 5106/8922/5107 5090/8906/5091 5107/8923/5108
f 5096/8910/5097 5108/8924/5109 5083/8888/5084
f 5083/8888/5084 5108/8924/5109 5100/8914/5101
f 5074/8870/5075 5086/8894/5087 5097/8911/5098
f 5093/8907/5094 5113/8930/5114 5110/8927/5111
f 5095/8931/5096 5076/8891/5077 5112/8929/5113
f 5099/8913/5100 5073/8868/5074 5114/8932/5115
f 5093/8907/5094 5109/8926/5110 5113/8930/5114
f 5084/8890/5085 5111/8928/5112 5112/8929/5113
f 5095/8931/5096 5112/8929/5113 5115/8933/5116
f 5106/8922/5107 5107/8923/5108 5116/8934/5117
f 5106/8922/5107 5116/8934/5117 5096/8910/5097
f 5096/8910/5097 5117/8935/5118 5108/8924/5109
f 5108/8924/5109 5118/8936/5119 5103/8918/5104
f 5103/8925/5104 5119/8937/5120 5109/8926/5110
f 5087/8896/5088 5094/8908/5095 5086/8903/5087
f 5098/8912/5099 5110/8927/5111 5104/8920/5105
f 5116/8934/5117 5107/8923/5108 5120/8938/5121
f 5116/8934/5117 5120/8938/5121 5096/8910/5097
f 5073/8868/5074 5121/8939/5122 5114/8932/5115
f 5117/8935/5118 5122/8940/5123 5108/8924/5109
f 5122/8940/5123 5118/8936/5119 5108/8924/5109
f 5094/8908/5095 5070/8864/5071 5105/8921/5106
f 5110/8927/5111 5111/8928/5112 5104/8920/5105
f 5095/8909/5096 5115/8941/5116 5105/8921/5106
f 5111/8928/5112 5115/8933/5116 5112/8929/5113
f 5120/8938/5121 5107/8923/5108 5123/8942/5124
f 5120/8938/5121 5123/8942/5124 5096/8910/5097
f 5099/8913/5100 5123/8942/5124 5107/8923/5108
f 5096/8910/5097 5123/8942/5124 5117/8935/5118
f 5099/8913/5100 5114/8932/5115 5123/8942/5124
f 5117/8935/5118 5123/8942/5124 5122/8940/5123
f 5097/8911/5098 5121/8939/5122 5073/8868/5074
f 5103/8925/5104 5118/8943/5119 5119/8937/5120
f 5109/8926/5110 5119/8937/5120 5113/8930/5114
f 5111/8928/5112 5110/8927/5111 5124/8944/5125
f 5124/8944/5125 5115/8933/5116 5111/8928/5112
f 5114/8932/5115 5125/8945/5126 5123/8942/5124
f 5123/8942/5124 5125/8945/5126 5122/8940/5123
f 5125/8945/5126 5114/8932/5115 5121/8939/5122
f 5122/8940/5123 5126/8946/5127 5118/8936/5119
f 5086/8947/5087 5094/8948/5095 5127/8949/5128
f 5119/8937/5120 5118/8943/5119 5128/8950/5129
f 5119/8937/5120 5128/8950/5129 5113/8930/5114
f 5127/8949/5128 5094/8948/5095 5115/8933/5116
f 5127/8949/5128 5115/8933/5116 5128/8950/5129
f 5113/8930/5114 5128/8950/5129 5110/8927/5111
f 5105/8921/5106 5115/8941/5116 5094/8908/5095
f 5110/8927/5111 5128/8950/5129 5124/8944/5125
f 5124/8944/5125 5128/8950/5129 5115/8933/5116
f 5125/8945/5126 5129/8951/5130 5122/8940/5123
f 5125/8945/5126 5121/8939/5122 5129/8951/5130
f 5129/8951/5130 5126/8946/5127 5122/8940/5123
f 5129/8951/5130 5121/8939/5122 5126/8946/5127
f 5121/8939/5122 5097/8911/5098 5126/8946/5127
f 5097/8911/5098 5086/8894/5087 5126/8946/5127
f 5086/8947/5087 5127/8949/5128 5126/8952/5127
f 5126/8952/5127 5127/8949/5128 5118/8943/5119
f 5118/8943/5119 5127/8949/5128 5128/8950/5129
