# Blender 4.4.0
# www.blender.org
mtllib Meshy_AI_A_Low_Poly_fish_that__0528232740_texture.mtl
o Meshy_AI_A_Low_Poly_fish_that__0528232740_texture
v 0.039972 -0.079251 -0.403078
v 0.059458 -0.079763 -0.405055
v 0.052001 -0.082158 -0.402385
v 0.059753 -0.081350 -0.403550
v 0.063043 -0.079870 -0.403615
v 0.039810 -0.076488 -0.405016
v 0.047934 -0.074032 -0.405198
v 0.055972 -0.076908 -0.405794
v 0.059217 -0.074586 -0.405054
v 0.015976 -0.076210 -0.401912
v 0.023485 -0.071067 -0.401556
v 0.035870 -0.071352 -0.402498
v 0.043845 -0.071085 -0.403708
v 0.058720 -0.072350 -0.403440
v 0.062771 -0.082097 -0.397761
v 0.065645 -0.079619 -0.400769
v 0.015277 -0.079176 -0.399388
v 0.003690 -0.073936 -0.398149
v 0.066142 -0.075133 -0.399533
v 0.015230 -0.070920 -0.399972
v 0.006841 -0.063541 -0.390836
v 0.031063 -0.064676 -0.395805
v 0.039037 -0.065471 -0.396191
v 0.035316 -0.088991 -0.391850
v 0.047417 -0.086774 -0.396132
v 0.065669 -0.079755 -0.398360
v -0.013354 -0.078941 -0.388386
v 0.066255 -0.077652 -0.397392
v 0.003374 -0.070823 -0.396313
v 0.059047 -0.070655 -0.397608
v 0.014974 -0.092561 -0.379489
v -0.021832 -0.081522 -0.382444
v 0.058929 -0.080595 -0.391746
v -0.021474 -0.075965 -0.387106
v -0.025761 -0.073314 -0.385824
v -0.013063 -0.073412 -0.390610
v 0.058894 -0.078007 -0.391570
v 0.038547 -0.089067 -0.389223
v -0.022090 -0.062797 -0.382529
v 0.033901 -0.064297 -0.389531
v 0.018501 -0.061188 -0.388173
v 0.022392 -0.092329 -0.380533
v -0.001529 -0.093242 -0.371354
v -0.058930 -0.079490 -0.366917
v 0.043810 -0.080215 -0.374878
v -0.054481 -0.076346 -0.370404
v 0.055855 -0.078105 -0.387101
v 0.005952 -0.058941 -0.380317
v 0.049653 -0.074839 -0.381753
v -0.055049 -0.059062 -0.365681
v -0.018288 -0.059908 -0.379195
v -0.046066 -0.069576 -0.374256
v 0.039416 -0.075015 -0.370477
v -0.039042 -0.058691 -0.370894
v 0.009346 -0.060042 -0.373048
v 0.006178 -0.093582 -0.372103
v -0.018098 -0.091872 -0.366843
v 0.040919 -0.077837 -0.370633
v -0.051808 -0.056143 -0.359138
v -0.046912 -0.090088 -0.358165
v -0.067403 -0.082007 -0.360669
v -0.083685 -0.069070 -0.356038
v -0.007214 -0.057000 -0.355995
v -0.014438 -0.093379 -0.359835
v -0.088136 -0.079920 -0.353139
v -0.059688 -0.090402 -0.350501
v 0.025710 -0.075144 -0.353594
v -0.079287 -0.062329 -0.356546
v -0.063469 -0.057064 -0.358176
v -0.030885 -0.092909 -0.355270
v -0.011168 -0.091469 -0.339658
v -0.003250 -0.089260 -0.339938
v -0.084307 -0.082525 -0.352894
v -0.100954 -0.076625 -0.349763
v 0.030854 -0.077777 -0.358006
v -0.108447 -0.070080 -0.347124
v 0.004268 -0.069297 -0.336304
v -0.082485 -0.059099 -0.353215
v -0.071899 -0.057368 -0.354058
v -0.068364 -0.056030 -0.350985
v -0.015259 -0.055272 -0.347472
v -0.105148 -0.082231 -0.345550
v -0.100965 -0.079788 -0.348769
v 0.020808 -0.081350 -0.349271
v -0.109008 -0.079193 -0.347695
v -0.109103 -0.076816 -0.348498
v -0.105210 -0.062535 -0.345317
v -0.011994 -0.056903 -0.343939
v -0.116139 -0.078673 -0.342663
v -0.115691 -0.076476 -0.345210
v -0.115692 -0.070412 -0.341183
v -0.100639 -0.059260 -0.345194
v -0.060161 -0.054600 -0.342878
v -0.076184 -0.089665 -0.342267
v -0.113076 -0.081977 -0.338127
v 0.015447 -0.077339 -0.339033
v -0.110065 -0.062851 -0.341241
v -0.097062 -0.094196 -0.292766
v -0.119484 -0.076341 -0.337143
v -0.115872 -0.062746 -0.333249
v -0.108677 -0.059346 -0.337712
v -0.113149 -0.056626 -0.325635
v -0.027751 -0.053847 -0.326811
v -0.031550 -0.093845 -0.326771
v 0.007946 -0.082119 -0.332146
v -0.123520 -0.078970 -0.329264
v 0.013963 -0.078825 -0.336762
v -0.124938 -0.076529 -0.329175
v 0.010052 -0.075380 -0.332603
v 0.012336 -0.078257 -0.332635
v -0.136738 -0.070223 -0.304646
v -0.040224 -0.052313 -0.305990
v 0.006298 -0.078300 -0.324468
v -0.116577 -0.058517 -0.325340
v -0.032220 -0.053664 -0.314504
v 0.000361 -0.082784 -0.319209
v -0.129882 -0.078965 -0.316735
v -0.131865 -0.076011 -0.316707
v 0.001265 -0.075363 -0.320060
v -0.093475 -0.052245 -0.301415
v -0.036214 -0.093148 -0.293607
v 0.000764 -0.079369 -0.315836
v -0.012610 -0.064184 -0.319383
v -0.133750 -0.052622 -0.287895
v -0.068536 -0.095560 -0.301468
v -0.137844 -0.081649 -0.296623
v -0.009277 -0.075586 -0.298639
v -0.048984 -0.052210 -0.276993
v -0.006392 -0.082632 -0.302681
v -0.004486 -0.081338 -0.303011
v -0.136152 -0.076089 -0.307765
v -0.140401 -0.078866 -0.299748
v -0.140673 -0.076019 -0.301769
v -0.143853 -0.076796 -0.295526
v -0.006291 -0.079720 -0.298821
v -0.136948 -0.054685 -0.287836
v -0.011226 -0.082801 -0.290191
v -0.145699 -0.079085 -0.291877
v -0.149685 -0.076903 -0.287471
v -0.020444 -0.075534 -0.269331
v -0.056333 -0.051099 -0.280883
v -0.105620 -0.096048 -0.267996
v -0.016394 -0.084611 -0.281419
v -0.162479 -0.081756 -0.263162
v -0.164577 -0.074451 -0.262392
v -0.011846 -0.080683 -0.282049
v -0.032625 -0.062667 -0.273234
v -0.143465 -0.047318 -0.234839
v -0.134131 -0.088944 -0.267528
v -0.015291 -0.083000 -0.277816
v -0.142471 -0.050817 -0.271689
v -0.060999 -0.097088 -0.255905
v -0.159142 -0.079991 -0.270371
v -0.149347 -0.053546 -0.266889
v -0.165548 -0.078416 -0.262781
v -0.017944 -0.080860 -0.265215
v -0.045559 -0.055146 -0.260358
v -0.077289 -0.099603 -0.226655
v -0.021718 -0.083603 -0.255980
v -0.153905 -0.050903 -0.255433
v -0.069629 -0.097983 -0.214396
v -0.170247 -0.079250 -0.254040
v -0.027898 -0.078940 -0.227260
v -0.170882 -0.082287 -0.248966
v -0.022405 -0.082406 -0.252629
v -0.170341 -0.050574 -0.229576
v -0.154860 -0.049209 -0.250648
v -0.028990 -0.085809 -0.243650
v -0.173522 -0.080025 -0.249682
v -0.173750 -0.078669 -0.249034
v -0.022989 -0.078779 -0.252637
v -0.039196 -0.063183 -0.239675
v -0.162421 -0.050372 -0.242323
v -0.126275 -0.096107 -0.238804
v -0.025324 -0.083172 -0.243955
v -0.175055 -0.080842 -0.245991
v -0.024313 -0.081129 -0.244123
v -0.033228 -0.085716 -0.214616
v -0.178727 -0.082765 -0.235933
v -0.053688 -0.051973 -0.214382
v -0.061260 -0.048999 -0.189216
v -0.180156 -0.092967 -0.192851
v -0.186145 -0.080693 -0.227083
v -0.175746 -0.047289 -0.213565
v -0.058096 -0.050437 -0.189567
v -0.186271 -0.083351 -0.224941
v -0.026817 -0.081338 -0.231630
v -0.185829 -0.070295 -0.220842
v -0.126603 -0.101204 -0.189099
v -0.028250 -0.083463 -0.223195
v -0.190218 -0.080732 -0.219077
v -0.027452 -0.081394 -0.223337
v -0.050245 -0.054539 -0.214649
v -0.196264 -0.085922 -0.204737
v -0.195040 -0.083434 -0.211347
v -0.178576 -0.049210 -0.212873
v -0.127211 -0.043927 -0.167320
v -0.030583 -0.082936 -0.210751
v -0.194176 -0.077885 -0.211706
v -0.426094 0.047401 -0.210439
v -0.414490 0.044020 -0.210664
v -0.425968 0.040109 -0.210045
v -0.410323 0.051723 -0.210444
v -0.450841 0.061405 -0.210960
v -0.454059 0.068556 -0.211033
v -0.450245 0.068553 -0.212741
v -0.439170 0.065358 -0.213546
v -0.453676 0.071829 -0.211017
v -0.442586 0.072140 -0.214437
v -0.430104 0.080678 -0.213907
v -0.427453 0.069376 -0.212520
v -0.419252 0.085197 -0.213444
v -0.437703 0.083375 -0.210103
v -0.429415 0.084461 -0.213885
v -0.426361 0.084921 -0.214380
v -0.415880 0.092348 -0.211079
v -0.412249 0.085035 -0.209804
v -0.428686 0.094864 -0.210844
v -0.419064 0.095822 -0.210961
v -0.110159 -0.101382 -0.197507
v -0.198637 -0.081220 -0.207119
v 0.437881 0.022775 -0.208627
v 0.432139 0.026252 -0.206295
v 0.431945 0.029272 -0.205391
v -0.430123 0.032014 -0.207068
v -0.430749 0.024863 -0.204158
v -0.418758 0.028873 -0.205356
v -0.410940 0.036539 -0.207426
v -0.442399 0.048129 -0.204611
v -0.429543 0.043804 -0.209879
v -0.402887 0.044394 -0.207024
v -0.433455 0.047908 -0.207946
v -0.438131 0.053376 -0.208171
v -0.429899 0.051567 -0.208982
v -0.450520 0.053686 -0.205825
v -0.453670 0.061565 -0.209629
v -0.427412 0.061161 -0.209692
v -0.398294 0.064052 -0.207083
v -0.413950 0.063935 -0.208903
v -0.411203 0.077096 -0.207338
v -0.410471 0.072234 -0.207032
v -0.394493 0.075650 -0.203876
v -0.461890 0.072419 -0.204812
v -0.450535 0.083465 -0.206582
v -0.408208 0.080831 -0.206262
v -0.437742 0.091629 -0.204659
v -0.408116 0.088217 -0.205406
v -0.433220 0.099742 -0.202800
v -0.419259 0.099360 -0.208540
v -0.428694 0.099441 -0.207689
v -0.033688 -0.084560 -0.189612
v -0.208437 -0.083825 -0.196409
v -0.033392 -0.084032 -0.202288
v -0.032218 -0.081049 -0.202274
v 0.438737 0.016190 -0.203236
v 0.438839 0.009234 -0.198169
v 0.441525 0.020118 -0.205435
v 0.445186 0.020857 -0.203130
v -0.422903 0.016677 -0.195633
v 0.459379 0.021836 -0.190502
v -0.442537 0.024556 -0.203076
v -0.450568 0.031689 -0.203826
v -0.411020 0.028835 -0.203152
v 0.437933 0.029001 -0.205570
v -0.395166 0.040785 -0.201912
v -0.272642 0.039637 -0.203184
v -0.260538 0.039042 -0.202134
v -0.264467 0.036415 -0.202302
v -0.458052 0.032275 -0.201094
v -0.454676 0.047890 -0.202981
v -0.456977 0.052494 -0.202404
v -0.390930 0.056443 -0.204022
v -0.280206 0.039547 -0.202659
v -0.276300 0.042823 -0.202887
v -0.272640 0.042750 -0.202950
v -0.390871 0.064167 -0.204423
v -0.465943 0.069339 -0.201619
v -0.466325 0.084502 -0.202324
v -0.402967 0.084095 -0.203467
v -0.429628 0.101615 -0.203426
v -0.418828 0.103121 -0.201801
v -0.215991 -0.081723 -0.190763
v -0.034231 -0.078706 -0.189817
v -0.203707 -0.056444 -0.182724
v -0.191652 -0.046368 -0.187849
v -0.434894 0.017121 -0.197554
v 0.411833 0.024055 -0.194810
v -0.450196 0.021028 -0.197920
v -0.410925 0.020387 -0.195824
v -0.399108 0.028930 -0.197123
v 0.420015 0.026685 -0.200307
v -0.280665 0.024351 -0.196461
v 0.415896 0.029377 -0.196450
v -0.248281 0.036335 -0.199904
v -0.466110 0.032464 -0.195592
v -0.466035 0.043618 -0.198912
v 0.438179 0.049795 -0.190526
v -0.387310 0.040832 -0.195483
v -0.296647 0.039795 -0.198766
v -0.240750 0.037576 -0.198096
v -0.465933 0.051642 -0.197946
v -0.383029 0.052598 -0.195395
v -0.466319 0.061063 -0.198477
v -0.381763 0.064327 -0.195459
v -0.386648 0.071759 -0.199938
v -0.478478 0.068908 -0.194625
v -0.482481 0.072243 -0.191241
v -0.391101 0.083503 -0.198345
v -0.466330 0.091778 -0.199775
v -0.403139 0.093757 -0.198746
v -0.395142 0.095544 -0.193534
v -0.442255 0.112858 -0.195470
v -0.426851 0.107989 -0.199684
v -0.065698 -0.097507 -0.160017
v -0.085687 -0.101702 -0.151295
v -0.180751 -0.044849 -0.192824
v 0.469743 0.018787 -0.182256
v -0.457878 0.024001 -0.196070
v 0.403809 0.026648 -0.190180
v -0.389002 0.032964 -0.191419
v -0.479561 0.048991 -0.187007
v 0.431874 0.042083 -0.194897
v 0.441522 0.053791 -0.186117
v -0.325893 0.042688 -0.192644
v -0.482063 0.061071 -0.190625
v -0.244100 0.075368 -0.183002
v -0.276522 0.092592 -0.181926
v -0.382217 0.079797 -0.191460
v -0.474907 0.091726 -0.191346
v -0.466084 0.098604 -0.194373
v -0.445910 0.115607 -0.191159
v -0.430915 0.115125 -0.194385
v -0.048981 -0.091519 -0.146844
v -0.032817 -0.082745 -0.189857
v -0.038387 -0.078212 -0.164739
v -0.148133 -0.043260 -0.171146
v -0.442391 0.010683 -0.187754
v -0.453987 0.017253 -0.191443
v -0.434757 0.009972 -0.187608
v -0.414863 0.015132 -0.191277
v -0.403119 0.020181 -0.191317
v -0.392878 0.025277 -0.187674
v -0.321755 0.019743 -0.187130
v -0.288382 -0.009805 -0.182561
v -0.377275 0.036956 -0.181561
v -0.378994 0.044078 -0.185350
v -0.485395 0.075950 -0.187000
v -0.386082 0.087556 -0.191341
v -0.411769 0.111696 -0.190893
v -0.419220 0.118557 -0.186987
v -0.434741 0.121250 -0.187165
v -0.155907 -0.100560 -0.158461
v -0.225377 -0.086200 -0.175704
v -0.224335 -0.083780 -0.182649
v -0.281241 -0.001329 -0.185584
v -0.265255 0.007638 -0.183164
v -0.450082 0.011226 -0.183996
v -0.462410 0.020662 -0.187590
v -0.411061 0.011910 -0.183706
v -0.399364 0.018044 -0.183848
v -0.198360 0.003891 -0.165724
v -0.473123 0.032982 -0.187103
v -0.382326 0.032684 -0.181764
v 0.411190 0.050668 -0.173908
v -0.383463 0.037147 -0.186936
v -0.372475 0.043417 -0.182774
v -0.368526 0.050920 -0.181873
v 0.440888 0.064148 -0.178074
v -0.378084 0.056237 -0.187480
v -0.374743 0.055323 -0.182784
v -0.486451 0.068498 -0.187106
v -0.375669 0.067651 -0.181163
v -0.379902 0.084636 -0.183768
v -0.486488 0.079785 -0.183479
v -0.481798 0.092646 -0.179417
v -0.383629 0.092453 -0.183347
v -0.461931 0.108486 -0.187324
v -0.399413 0.110138 -0.183121
v -0.180732 -0.097069 -0.162540
v -0.197283 -0.094784 -0.164515
v -0.035360 -0.083691 -0.181112
v -0.189404 -0.042144 -0.179340
v -0.281001 -0.009943 -0.184152
v -0.261164 -0.002122 -0.179032
v -0.252589 0.003107 -0.177425
v 0.419192 -0.012680 -0.171510
v 0.391097 0.020417 -0.177998
v -0.461781 0.017751 -0.182868
v -0.471553 0.025143 -0.179694
v -0.173994 0.034737 -0.181056
v 0.477761 0.021805 -0.174152
v 0.391187 0.026477 -0.180684
v -0.387121 0.028826 -0.182996
v -0.186047 0.032815 -0.184585
v -0.487668 0.061135 -0.183292
v -0.377769 0.040494 -0.183377
v 0.398647 0.041377 -0.173638
v -0.373644 0.047569 -0.182578
v 0.423871 0.057757 -0.173782
v -0.488444 0.072054 -0.183475
v -0.473434 0.103492 -0.179395
v -0.391209 0.108046 -0.175456
v -0.446035 0.124362 -0.175499
v -0.411381 0.120297 -0.179283
v -0.438356 0.123224 -0.183274
v -0.426986 0.123174 -0.183206
v -0.229250 -0.086926 -0.170470
v -0.228204 -0.081891 -0.179374
v -0.034780 -0.081437 -0.181506
v -0.224921 -0.065792 -0.174056
v -0.221033 -0.056934 -0.173191
v -0.204257 -0.049696 -0.177922
v -0.196262 -0.042063 -0.177901
v -0.193112 -0.041593 -0.178694
v -0.173176 -0.041940 -0.175023
v -0.093997 -0.045707 -0.163038
v -0.321790 -0.022181 -0.174967
v -0.248261 -0.015079 -0.177846
v -0.222645 -0.031322 -0.175069
v 0.468009 -0.005077 -0.169510
v 0.450826 -0.017326 -0.171798
v -0.438580 0.007462 -0.180198
v -0.430800 0.007294 -0.180088
v -0.418896 0.007961 -0.176414
v -0.411114 0.010729 -0.180210
v -0.391150 0.023266 -0.179640
v -0.386207 0.025193 -0.178655
v 0.478315 0.018435 -0.174290
v -0.381458 0.027387 -0.177978
v 0.385916 0.025897 -0.177666
v -0.169304 0.032413 -0.178973
v 0.385784 0.029391 -0.176775
v -0.144534 0.034747 -0.171885
v -0.369236 0.063690 -0.178117
v -0.491386 0.068433 -0.176044
v -0.373135 0.067018 -0.178164
v -0.374813 0.071716 -0.178499
v -0.321855 0.108548 -0.166382
v -0.379630 0.094026 -0.171149
v -0.461783 0.117265 -0.171564
v -0.126966 -0.102641 -0.154333
v -0.034760 -0.081865 -0.177243
v -0.232501 -0.080850 -0.172604
v -0.201330 -0.040294 -0.175736
v -0.229778 -0.064992 -0.171207
v -0.062128 -0.048902 -0.173003
v -0.197967 -0.036587 -0.175190
v -0.193599 -0.037585 -0.175096
v -0.185722 -0.039470 -0.174335
v -0.202281 -0.032413 -0.175033
v -0.210740 -0.024449 -0.173269
v 0.439465 -0.025323 -0.166982
v 0.410802 -0.009151 -0.170671
v -0.224414 -0.001858 -0.168946
v -0.231893 -0.007315 -0.171393
v -0.438549 0.006802 -0.172707
v -0.388256 -0.009679 -0.165627
v 0.382053 0.011755 -0.171436
v 0.398425 0.003063 -0.171779
v -0.461856 0.015240 -0.172419
v -0.398887 0.016430 -0.175797
v -0.402669 0.012882 -0.170822
v -0.394380 0.017238 -0.174511
v -0.388563 0.015626 -0.172373
v 0.482898 0.014810 -0.170307
v -0.389869 0.020025 -0.174329
v 0.377384 0.026566 -0.177215
v -0.477359 0.029340 -0.172173
v -0.469969 0.021348 -0.172247
v -0.148694 0.032022 -0.172621
v 0.368092 0.029294 -0.170272
v 0.370365 0.026505 -0.173591
v 0.382197 0.045728 -0.167117
v -0.482276 0.036899 -0.171825
v 0.457379 0.050491 -0.173602
v -0.136048 0.071569 -0.159419
v 0.446479 0.067192 -0.174056
v -0.490554 0.057049 -0.172017
v -0.368037 0.091705 -0.165943
v 0.443826 0.078533 -0.168319
v 0.446921 0.074782 -0.171116
v -0.372038 0.075513 -0.173988
v -0.489497 0.083791 -0.171826
v -0.375249 0.079647 -0.174573
v -0.484612 0.095626 -0.167860
v -0.395631 0.114279 -0.171507
v -0.434572 0.128642 -0.171610
v -0.426970 0.128479 -0.171591
v -0.288775 -0.122040 -0.165023
v -0.288476 -0.084972 -0.170674
v -0.251958 -0.121597 -0.162733
v -0.233150 -0.083896 -0.169708
v -0.238566 -0.080520 -0.168740
v -0.233523 -0.073254 -0.170071
v -0.330028 -0.064060 -0.164764
v -0.045729 -0.070830 -0.155881
v -0.164954 -0.037078 -0.167969
v -0.164905 -0.040240 -0.170149
v 0.455215 -0.026656 -0.170749
v 0.447931 -0.022748 -0.169411
v 0.455252 -0.018455 -0.171191
v -0.202657 -0.012100 -0.165054
v 0.462579 -0.014233 -0.169297
v 0.410313 -0.013773 -0.169274
v 0.418498 -0.017110 -0.168981
v 0.398547 -0.017448 -0.167808
v 0.393423 -0.005499 -0.169073
v 0.386654 -0.000886 -0.168102
v -0.450054 0.010096 -0.164504
v -0.410695 0.009190 -0.169503
v -0.397195 0.012547 -0.169585
v 0.474983 0.034127 -0.169627
v -0.152787 0.028693 -0.172210
v -0.123609 0.031452 -0.166874
v 0.363088 0.026150 -0.165793
v 0.470787 0.047070 -0.168998
v 0.462709 0.051142 -0.170665
v 0.410829 0.060063 -0.169276
v 0.462149 0.067141 -0.167511
v -0.491653 0.060656 -0.168353
v 0.431773 0.075200 -0.166165
v 0.454793 0.078873 -0.165949
v -0.374884 0.087761 -0.169855
v -0.475480 0.107408 -0.167776
v -0.276687 0.175042 -0.146645
v -0.403455 0.120778 -0.167804
v -0.419253 0.126838 -0.171550
v -0.139146 -0.101433 -0.159597
v -0.239532 -0.092983 -0.166165
v -0.234619 -0.088266 -0.167494
v -0.230910 -0.092074 -0.165537
v -0.214156 -0.091805 -0.165866
v -0.038229 -0.084912 -0.160319
v -0.037147 -0.081182 -0.168703
v -0.062696 -0.050353 -0.159779
v -0.069718 -0.046008 -0.158809
v -0.066243 -0.047834 -0.159437
v -0.131527 -0.042765 -0.166161
v 0.448139 -0.038040 -0.165907
v 0.440007 -0.037667 -0.162353
v 0.448668 -0.034488 -0.167850
v 0.452993 -0.033740 -0.168764
v 0.450734 -0.037217 -0.166728
v 0.453567 -0.036234 -0.166335
v 0.426925 -0.033525 -0.162983
v -0.148296 -0.024754 -0.160765
v 0.406449 -0.021327 -0.168060
v 0.422539 -0.021792 -0.166969
v 0.398993 -0.020102 -0.166178
v 0.482511 0.003762 -0.163805
v -0.194256 -0.006907 -0.161430
v -0.404940 0.003312 -0.164984
v -0.160889 -0.001002 -0.155375
v -0.426228 0.006272 -0.162782
v -0.418448 0.007539 -0.167462
v -0.409780 0.006996 -0.165990
v -0.406025 0.008142 -0.166901
v -0.401030 0.007432 -0.166864
v -0.474174 0.025338 -0.164566
v 0.490917 0.021887 -0.162275
v 0.478427 0.042416 -0.165901
v -0.123896 0.042562 -0.162957
v -0.123710 0.055239 -0.160681
v -0.491016 0.056696 -0.161088
v -0.491884 0.076278 -0.168309
v 0.447278 0.086573 -0.161569
v -0.488936 0.087863 -0.164263
v -0.373594 0.092005 -0.165731
v -0.144203 0.113055 -0.148243
v -0.378991 0.095479 -0.166372
v -0.383409 0.101763 -0.167008
v -0.387054 0.107690 -0.163177
v -0.453865 0.124206 -0.163847
v -0.446148 0.127793 -0.163798
v -0.300681 -0.125023 -0.160881
v -0.289042 -0.128013 -0.161765
v -0.268717 -0.125709 -0.162465
v -0.227367 -0.124995 -0.158213
v -0.205863 -0.095816 -0.162623
v -0.197849 -0.100083 -0.160546
v -0.193418 -0.097770 -0.161465
v -0.325571 -0.121106 -0.156501
v -0.051671 -0.062756 -0.155276
v -0.114925 -0.042025 -0.161281
v 0.454095 -0.058201 -0.141286
v -0.079827 -0.028662 -0.152454
v 0.419363 -0.032596 -0.162133
v 0.391228 -0.017440 -0.162125
v 0.380344 -0.016767 -0.150023
v -0.437922 0.004184 -0.157244
v -0.417523 0.004229 -0.162796
v -0.442256 0.008410 -0.164135
v 0.506490 0.014331 -0.145607
v -0.457143 0.013541 -0.159928
v -0.463303 0.017357 -0.155139
v 0.344285 0.019124 -0.145225
v -0.482507 0.037088 -0.160824
v 0.486216 0.033990 -0.161867
v -0.488345 0.049093 -0.160765
v -0.115463 0.030596 -0.164402
v 0.475317 0.054405 -0.162291
v 0.374853 0.044965 -0.162167
v 0.382746 0.053009 -0.161981
v 0.394813 0.064305 -0.158117
v 0.461970 0.078822 -0.158312
v -0.377582 0.102594 -0.161015
v -0.482818 0.099565 -0.160653
v -0.376418 0.108051 -0.157869
v -0.382620 0.104686 -0.162124
v -0.465749 0.116699 -0.160057
v -0.394874 0.115568 -0.159497
v -0.189864 0.170528 -0.134435
v -0.415351 0.127033 -0.164166
v -0.438326 0.129708 -0.163905
v -0.426925 0.129910 -0.164012
v -0.317226 -0.124184 -0.157118
v -0.305127 -0.127894 -0.157655
v -0.260311 -0.127828 -0.158144
v -0.177309 -0.121587 -0.153109
v -0.177189 -0.104770 -0.156903
v -0.181051 -0.099874 -0.159277
v -0.172631 -0.099044 -0.160760
v -0.168681 -0.101986 -0.157327
v -0.037276 -0.082053 -0.156548
v -0.039412 -0.079081 -0.151817
v -0.090008 -0.041809 -0.156979
v -0.085752 -0.043442 -0.157613
v 0.436133 -0.047325 -0.149708
v -0.430657 -0.072289 -0.143995
v 0.390825 -0.020493 -0.158412
v -0.144379 -0.011910 -0.152488
v -0.140157 -0.006209 -0.150454
v -0.430009 0.003972 -0.159993
v -0.442108 0.006786 -0.158068
v -0.449986 0.009368 -0.158795
v -0.081575 0.024236 -0.155200
v -0.090322 0.030860 -0.158498
v -0.073258 0.030436 -0.155444
v 0.362695 0.040567 -0.150084
v -0.098788 0.047020 -0.153754
v 0.502620 0.033458 -0.137022
v -0.082765 0.064076 -0.147992
v 0.475076 0.070757 -0.146030
v -0.490952 0.080177 -0.160921
v 0.447659 0.098446 -0.148988
v 0.454334 0.106903 -0.136631
v -0.381493 0.108257 -0.157970
v -0.475627 0.107510 -0.156678
v -0.385852 0.109003 -0.157813
v -0.398944 0.118496 -0.154960
v -0.453774 0.124724 -0.156278
v -0.446051 0.128136 -0.156333
v -0.426945 0.129899 -0.156469
v -0.293527 -0.135896 -0.145832
v -0.325763 -0.124021 -0.153831
v -0.210437 -0.127738 -0.150779
v -0.210629 -0.125521 -0.154737
v -0.189595 -0.124469 -0.152482
v -0.139864 -0.108954 -0.149978
v -0.160570 -0.104384 -0.154863
v -0.143657 -0.103550 -0.153298
v -0.102213 -0.102708 -0.150422
v -0.073548 -0.100422 -0.146770
v -0.061678 -0.097083 -0.146907
v -0.038541 -0.084093 -0.146887
v -0.055287 -0.054935 -0.154027
v -0.066067 -0.046285 -0.155353
v -0.063716 -0.045391 -0.152859
v -0.069408 -0.041129 -0.153789
v -0.060976 -0.039383 -0.152230
v -0.064676 -0.035857 -0.152936
v -0.102457 -0.025412 -0.154557
v -0.135931 -0.017057 -0.152998
v -0.454768 0.007890 -0.153376
v -0.457780 0.012589 -0.153694
v -0.473565 0.026800 -0.155560
v -0.056485 0.027591 -0.153836
v -0.485655 0.045090 -0.155235
v -0.081906 0.050967 -0.148782
v -0.487228 0.048709 -0.155260
v -0.489825 0.060508 -0.156863
v -0.489211 0.072392 -0.151323
v -0.090282 0.076017 -0.148169
v -0.486617 0.087727 -0.152365
v -0.110848 0.125679 -0.138785
v 0.456989 0.106436 -0.133857
v -0.481709 0.095889 -0.146549
v -0.385528 0.112045 -0.155136
v -0.390610 0.115953 -0.153909
v -0.393319 0.119864 -0.150516
v -0.394296 0.116344 -0.154238
v -0.406710 0.123906 -0.150509
v -0.350853 0.166318 -0.135213
v -0.231491 0.170671 -0.141059
v -0.164901 -0.125284 -0.149382
v -0.148206 -0.125064 -0.146957
v -0.358964 -0.116717 -0.149046
v -0.375703 -0.109622 -0.147975
v -0.127457 -0.108331 -0.148238
v -0.118926 -0.104851 -0.149274
v -0.038542 -0.081019 -0.146076
v -0.042662 -0.074712 -0.150396
v -0.045313 -0.069696 -0.150303
v -0.044710 -0.065278 -0.149506
v -0.050187 -0.062133 -0.152227
v -0.044922 -0.061271 -0.148648
v -0.049681 -0.056792 -0.149568
v -0.044585 -0.056265 -0.148110
v -0.053596 -0.053069 -0.151803
v -0.048467 -0.047918 -0.150125
v 0.447970 -0.063674 -0.136958
v 0.485917 -0.037575 -0.121601
v -0.064567 -0.028966 -0.151145
v -0.006472 -0.028571 -0.148242
v 0.006058 -0.031467 -0.147868
v -0.068876 -0.025616 -0.148951
v -0.022971 -0.025643 -0.148199
v 0.383110 -0.020538 -0.149292
v -0.110842 -0.017215 -0.147207
v -0.129580 -0.011828 -0.148305
v -0.470888 -0.039177 -0.139960
v -0.115098 -0.005472 -0.145262
v -0.475514 0.019540 -0.148501
v -0.466488 0.015782 -0.151350
v -0.474257 0.024684 -0.151583
v 0.508165 0.017572 -0.141461
v 0.010401 0.024475 -0.149441
v -0.002117 0.027501 -0.150692
v 0.055946 0.027160 -0.149838
v 0.055936 0.024252 -0.148897
v 0.106036 0.027178 -0.148446
v 0.172527 0.024103 -0.144957
v 0.347557 0.024969 -0.145826
v -0.491198 0.044259 -0.148551
v -0.002160 0.030353 -0.150598
v -0.490237 0.055853 -0.149891
v -0.489934 0.052212 -0.150760
v -0.489320 0.056508 -0.153328
v 0.361362 0.057791 -0.124014
v -0.489351 0.064333 -0.150692
v 0.386957 0.065959 -0.146166
v 0.419941 0.088013 -0.141961
v -0.477836 0.101397 -0.146392
v -0.469606 0.110520 -0.147409
v -0.458249 0.119757 -0.147794
v -0.397774 0.121746 -0.148929
v -0.414935 0.126231 -0.151828
v -0.446130 0.125528 -0.142506
v -0.438404 0.128272 -0.148379
v -0.235247 -0.131766 -0.142259
v -0.151997 -0.127427 -0.145352
v -0.396478 -0.112144 -0.141569
v -0.081760 -0.125486 -0.134690
v -0.098290 -0.106389 -0.144789
v -0.085302 -0.103319 -0.145557
v -0.045572 -0.090661 -0.146489
v -0.039388 -0.073160 -0.145046
v -0.041455 -0.069023 -0.145862
v -0.036370 -0.068382 -0.144326
v -0.040945 -0.064216 -0.146570
v 0.072550 -0.028445 -0.143893
v 0.051861 -0.025067 -0.143686
v -0.073258 -0.016633 -0.139798
v -0.052195 -0.016918 -0.137661
v 0.501413 -0.016697 -0.121672
v -0.094398 -0.010866 -0.140866
v -0.085809 -0.005064 -0.140519
v 0.358239 -0.001878 -0.137513
v -0.060669 -0.005097 -0.137410
v 0.018552 0.004106 -0.134002
v 0.018609 -0.001851 -0.130980
v 0.189090 0.026869 -0.144552
v 0.176716 0.054855 -0.137460
v -0.069311 0.063683 -0.144324
v -0.495196 0.072159 -0.145213
v -0.489942 0.080116 -0.148187
v -0.044242 0.080279 -0.137624
v -0.487878 0.087582 -0.145398
v 0.474303 0.083145 -0.133578
v -0.485646 0.089141 -0.146714
v 0.448126 0.104308 -0.141483
v 0.451564 0.106845 -0.138128
v -0.473543 0.106303 -0.147329
v -0.465555 0.113871 -0.147521
v -0.417996 0.127285 -0.146637
v -0.410046 0.126849 -0.145606
v -0.426603 0.127998 -0.147208
v -0.371538 0.161789 -0.132284
v -0.143904 0.166351 -0.129975
v -0.295954 0.178081 -0.140947
v -0.252202 0.177988 -0.140936
v -0.093864 -0.129257 -0.134019
v -0.408888 -0.108270 -0.140207
v -0.085970 -0.108681 -0.141327
v -0.457718 -0.099910 -0.132205
v -0.073683 -0.103977 -0.140573
v -0.061487 -0.099387 -0.141080
v -0.048844 -0.093201 -0.141781
v -0.044621 -0.093186 -0.141380
v -0.037597 -0.086061 -0.141328
v -0.032556 -0.084253 -0.140144
v 0.089219 -0.059667 -0.136602
v -0.471133 -0.096555 -0.130731
v 0.385842 -0.041655 -0.113274
v 0.151445 -0.028015 -0.138248
v -0.002042 -0.017253 -0.138660
v 0.341859 0.016067 -0.140764
v 0.341512 0.020869 -0.141452
v 0.508460 0.014898 -0.141440
v 0.268046 0.024067 -0.137711
v 0.251493 0.026840 -0.139684
v 0.344993 0.031607 -0.132592
v 0.068634 0.096434 -0.127369
v -0.006381 0.079757 -0.134019
v -0.504017 0.088073 -0.138174
v -0.057170 0.138343 -0.127256
v -0.478783 0.107227 -0.140635
v -0.474140 0.107747 -0.143789
v -0.474592 0.110802 -0.140878
v -0.470074 0.111555 -0.144036
v -0.462141 0.119737 -0.141118
v -0.453947 0.122392 -0.142633
v -0.434157 0.128715 -0.142017
v -0.426055 0.130631 -0.141233
v -0.417870 0.132599 -0.140806
v -0.284458 0.182047 -0.141779
v -0.280942 0.182227 -0.141970
v -0.044546 -0.095935 -0.138558
v 0.043468 -0.109318 -0.127165
v 0.432639 -0.061096 -0.125394
v 0.163211 -0.059748 -0.131374
v 0.101814 -0.008254 -0.129392
v -0.077478 -0.011070 -0.138069
v -0.027156 -0.011664 -0.134749
v -0.002241 -0.007159 -0.132334
v -0.014783 -0.006463 -0.133044
v -0.549877 0.023378 -0.120931
v 0.051894 0.003431 -0.132097
v 0.147608 0.003951 -0.128047
v 0.337932 0.012617 -0.132720
v 0.337858 0.019213 -0.137663
v 0.510863 0.011650 -0.137073
v 0.512073 0.014841 -0.137229
v 0.234836 0.020697 -0.138576
v 0.305533 0.026958 -0.134286
v 0.350169 0.036517 -0.133311
v 0.247285 0.059147 -0.131497
v 0.353582 0.046056 -0.128631
v 0.354105 0.042037 -0.133184
v 0.366280 0.061866 -0.124278
v 0.399337 0.079618 -0.133982
v -0.492250 0.120390 -0.128608
v -0.463094 0.128224 -0.135614
v -0.442437 0.128309 -0.139985
v -0.408869 0.152310 -0.127676
v -0.227216 0.174186 -0.138156
v -0.194139 0.173537 -0.133016
v -0.239782 0.177547 -0.137894
v -0.077444 -0.128609 -0.131754
v -0.471224 -0.099667 -0.128640
v -0.010621 -0.113114 -0.129368
v 0.454381 -0.070517 -0.128790
v 0.085053 -0.088641 -0.129771
v 0.449183 -0.075085 -0.121300
v 0.218099 -0.030972 -0.132091
v 0.064260 -0.002157 -0.129177
v 0.122675 0.004207 -0.128816
v 0.268209 -0.000641 -0.118994
v 0.335487 0.019515 -0.132836
v 0.331659 0.023198 -0.131855
v 0.336458 0.025358 -0.133345
v -0.553739 0.051479 -0.123221
v 0.197698 0.145741 -0.110369
v 0.496688 0.054122 -0.125456
v 0.444967 0.105728 -0.134525
v 0.452022 0.108574 -0.131610
v 0.454793 0.108545 -0.131341
v -0.462929 0.130795 -0.132889
v -0.350600 0.169390 -0.133109
v -0.164842 0.169801 -0.131115
v -0.317428 0.177664 -0.133742
v -0.072888 -0.131885 -0.126373
v -0.060703 -0.130131 -0.128664
v -0.035692 -0.129911 -0.124612
v 0.051823 -0.117227 -0.123630
v -0.508029 -0.084268 -0.117129
v 0.461382 -0.071303 -0.120720
v 0.409588 -0.053250 -0.112765
v 0.263859 -0.027544 -0.127025
v 0.259765 -0.024124 -0.126995
v 0.209936 -0.007507 -0.120991
v 0.151460 -0.007707 -0.125893
v 0.366228 -0.020755 -0.122763
v 0.345849 -0.002148 -0.120850
v 0.336726 0.008565 -0.124832
v 0.101824 -0.002541 -0.127204
v 0.522878 0.016756 -0.121004
v 0.332238 0.015650 -0.127994
v 0.348220 0.044688 -0.127752
v 0.351718 0.054686 -0.124052
v 0.272254 0.096570 -0.119020
v 0.382314 0.073715 -0.120954
v -0.528812 0.091923 -0.124376
v 0.001863 0.117463 -0.123153
v 0.415714 0.091562 -0.126213
v -0.433795 0.146591 -0.124719
v -0.098250 0.166425 -0.125328
v -0.371247 0.165030 -0.129058
v -0.143793 0.169086 -0.127865
v -0.131302 0.169542 -0.126570
v -0.143704 0.170747 -0.125341
v -0.043925 -0.131671 -0.124374
v 0.026951 -0.136312 -0.112341
v -0.495608 -0.091302 -0.120643
v 0.164153 -0.092746 -0.123188
v 0.455496 -0.077861 -0.119654
v 0.272261 -0.101148 -0.113388
v 0.469885 -0.058871 -0.121719
v 0.280798 -0.016734 -0.123094
v 0.305600 -0.019925 -0.123031
v 0.247412 -0.012426 -0.121184
v 0.143443 -0.001811 -0.125678
v 0.172352 -0.001210 -0.123546
v 0.205798 -0.000956 -0.121298
v 0.356748 0.056409 -0.123758
v 0.486504 0.071178 -0.122855
v 0.477536 0.082528 -0.126837
v 0.473569 0.086895 -0.127029
v 0.466527 0.095446 -0.126759
v 0.039087 0.158030 -0.109607
v 0.427920 0.098181 -0.113791
v 0.461141 0.103511 -0.125791
v 0.444470 0.103951 -0.123321
v 0.458171 0.105348 -0.125947
v 0.456148 0.106896 -0.126770
v -0.520050 0.115571 -0.116122
v -0.069000 0.166065 -0.121608
v 0.453483 0.228177 -0.123310
v 0.452844 0.234340 -0.124329
v 0.454905 0.234321 -0.125356
v 0.454123 0.237648 -0.123500
v 0.193348 -0.125274 -0.110562
v 0.452929 -0.078234 -0.117962
v 0.461709 -0.078751 -0.115753
v 0.317926 -0.073825 -0.114787
v 0.359806 -0.030488 -0.116661
v 0.330464 -0.019699 -0.120082
v 0.347263 -0.019321 -0.118313
v 0.364824 -0.025640 -0.118547
v 0.352832 -0.013884 -0.118547
v 0.343429 -0.011494 -0.116077
v 0.343118 -0.015879 -0.118045
v 0.289035 -0.007261 -0.116644
v 0.247424 -0.006593 -0.118740
v 0.341152 0.002701 -0.121087
v 0.336147 0.005576 -0.120200
v 0.322278 -0.000796 -0.115007
v 0.331180 0.006190 -0.119894
v -0.608245 0.038951 -0.101634
v 0.372624 0.075185 -0.116558
v 0.369528 0.067900 -0.119927
v 0.464790 0.100502 -0.121237
v 0.462532 0.108260 -0.120369
v 0.235045 0.145540 -0.109117
v 0.458432 0.107480 -0.122004
v 0.456555 0.105413 -0.123327
v 0.460199 0.107054 -0.122756
v 0.461639 0.113363 -0.118511
v 0.151785 0.149553 -0.109792
v -0.002733 0.166006 -0.111996
v -0.449626 0.152535 -0.104421
v -0.043839 0.166047 -0.119011
v -0.076960 0.170193 -0.117160
v 0.457208 0.223809 -0.118636
v 0.455545 0.224287 -0.120533
v 0.450692 0.231306 -0.120879
v 0.457729 0.234794 -0.121196
v 0.450606 0.234542 -0.121064
v 0.457220 0.241547 -0.119935
v 0.454540 0.241228 -0.121621
v 0.453024 0.241387 -0.120774
v 0.072599 -0.133145 -0.112323
v 0.176781 -0.129018 -0.109683
v -0.512333 -0.087249 -0.112891
v 0.460258 -0.084338 -0.113460
v 0.465296 -0.067354 -0.117013
v 0.419832 -0.058643 -0.112734
v 0.467536 -0.062925 -0.117910
v 0.473503 -0.054262 -0.118889
v 0.402731 -0.050229 -0.112265
v -0.570201 -0.067551 -0.094491
v 0.372988 -0.033469 -0.114961
v 0.502306 -0.016494 -0.118559
v 0.349019 -0.009891 -0.117171
v 0.322348 -0.007106 -0.114627
v 0.340245 -0.006959 -0.114903
v 0.344956 -0.004895 -0.117005
v 0.504517 -0.012593 -0.115577
v 0.340566 -0.000527 -0.115526
v 0.335227 -0.000094 -0.115114
v 0.524697 0.018551 -0.115062
v 0.523495 0.015374 -0.118212
v 0.506719 0.042305 -0.117993
v 0.504739 0.045239 -0.115114
v -0.570439 0.067361 -0.112655
v 0.377377 0.074714 -0.117188
v 0.380969 0.077269 -0.115653
v 0.386098 0.078340 -0.115881
v 0.395138 0.082212 -0.116348
v 0.470091 0.087468 -0.118436
v 0.473451 0.083327 -0.119412
v 0.411318 0.091123 -0.113147
v -0.553757 0.107880 -0.101874
v 0.452547 0.104077 -0.118707
v 0.458022 0.107907 -0.118078
v 0.459314 0.118277 -0.116178
v 0.462538 0.126235 -0.117015
v 0.022630 0.161719 -0.109431
v -0.446184 0.165355 -0.080569
v -0.043960 0.168513 -0.116363
v -0.214698 0.179936 -0.109551
v -0.309283 0.190777 -0.096647
v 0.455371 0.212421 -0.114842
v 0.453072 0.219880 -0.117309
v 0.457462 0.215313 -0.114657
v 0.461105 0.206017 -0.108431
v 0.459451 0.238968 -0.117051
v 0.457984 0.252872 -0.110519
v 0.451291 -0.236107 -0.110868
v 0.454354 -0.235794 -0.109121
v 0.452928 -0.255231 -0.109931
v -0.160332 -0.149348 -0.088009
v -0.077048 -0.162475 -0.046492
v 0.213985 -0.131249 -0.104327
v 0.247384 -0.125567 -0.108338
v 0.461833 -0.105548 -0.112483
v 0.459657 -0.097639 -0.112000
v 0.462845 -0.101731 -0.112879
v 0.462054 -0.090018 -0.114355
v -0.520720 -0.086590 -0.108374
v 0.465932 -0.085370 -0.111965
v 0.458420 -0.083354 -0.112731
v 0.467133 -0.068034 -0.112690
v 0.469361 -0.060006 -0.113627
v 0.472304 -0.054557 -0.114712
v 0.381086 -0.042154 -0.111806
v 0.393101 -0.055361 -0.108399
v 0.398135 -0.049666 -0.111583
v 0.377046 -0.038035 -0.114233
v 0.516326 0.008002 -0.111927
v 0.520856 0.024554 -0.114284
v 0.477755 0.074844 -0.116195
v 0.474303 0.079417 -0.114684
v 0.393602 0.087457 -0.111015
v 0.479302 0.067376 -0.105195
v 0.398086 0.086780 -0.111529
v 0.453111 0.104507 -0.109926
v 0.251295 0.145257 -0.107152
v 0.458269 0.142970 -0.112519
v 0.461218 0.142881 -0.113667
v 0.464220 0.142882 -0.111702
v 0.461492 0.151301 -0.113572
v 0.458349 0.159938 -0.110897
v 0.462973 0.155270 -0.111819
v 0.460347 0.159684 -0.111779
v 0.461826 0.172178 -0.111213
v 0.460101 0.168122 -0.112285
v -0.379990 0.184839 -0.071562
v 0.460366 0.180215 -0.111139
v -0.193719 0.185237 -0.076037
v 0.456283 0.207133 -0.111530
v 0.454527 0.202503 -0.108007
v 0.454422 0.253389 -0.107646
v 0.458733 0.249040 -0.113787
v 0.449924 -0.260976 -0.104267
v 0.449327 -0.251325 -0.110001
v 0.452724 -0.259347 -0.108261
v 0.455430 -0.255580 -0.108039
v 0.446723 -0.251418 -0.107179
v 0.448149 -0.236000 -0.108015
v 0.451936 -0.231903 -0.109108
v 0.453053 -0.226745 -0.109238
v 0.449835 -0.223019 -0.108423
v 0.453250 -0.218925 -0.109348
v 0.454559 -0.222708 -0.108762
v 0.456481 -0.160095 -0.105775
v 0.458462 -0.147500 -0.107981
v 0.461542 -0.147307 -0.107306
v -0.297175 -0.159860 -0.087971
v 0.031203 -0.140836 -0.100746
v 0.060120 -0.137128 -0.108543
v 0.457903 -0.139590 -0.107984
v 0.462006 -0.130832 -0.107529
v 0.176843 -0.131059 -0.107797
v 0.459062 -0.131049 -0.107779
v 0.193466 -0.129261 -0.108020
v 0.209774 -0.129006 -0.108244
v 0.222650 -0.128171 -0.107260
v 0.272407 -0.129675 -0.104556
v 0.457859 -0.123419 -0.108733
v 0.461360 -0.122752 -0.110075
v 0.465047 -0.114130 -0.107082
v 0.458566 -0.119092 -0.107715
v 0.272309 -0.125731 -0.106646
v 0.461956 -0.113900 -0.109620
v 0.458628 -0.102005 -0.109635
v 0.454417 -0.114556 -0.098755
v 0.455787 -0.084602 -0.104562
v -0.528262 -0.083081 -0.107373
v 0.389050 -0.125799 -0.095486
v 0.453887 -0.078271 -0.110093
v 0.444994 -0.073961 -0.109050
v 0.448961 -0.076318 -0.110069
v 0.436621 -0.069134 -0.108704
v 0.410676 -0.058366 -0.107629
v 0.427633 -0.064813 -0.107870
v 0.471828 -0.055436 -0.109149
v 0.406608 -0.054004 -0.109863
v 0.401986 -0.054580 -0.108339
v 0.473411 -0.051433 -0.109718
v 0.477228 -0.041707 -0.106511
v 0.485592 -0.029672 -0.108133
v 0.503025 -0.007588 -0.108396
v 0.520075 0.018509 -0.107948
v -0.612949 0.035063 -0.100672
v 0.482449 0.062246 -0.109161
v 0.477198 0.071536 -0.110142
v 0.405648 0.096045 -0.107394
v 0.406589 0.090946 -0.110901
v 0.414800 0.096210 -0.107528
v 0.427413 0.099594 -0.108490
v 0.443683 0.103821 -0.109510
v -0.532197 0.114929 -0.108329
v 0.309723 0.145355 -0.100615
v 0.392930 0.141742 -0.094272
v 0.456722 0.155793 -0.108734
v 0.168249 0.149227 -0.109433
v 0.201678 0.149051 -0.108017
v 0.226517 0.147526 -0.107847
v 0.456317 0.164246 -0.108712
v 0.466405 0.168035 -0.104427
v 0.005445 0.165630 -0.109076
v 0.018272 0.162693 -0.108505
v -0.031415 0.170447 -0.109193
v 0.013951 0.166172 -0.104689
v 0.458003 0.180585 -0.110230
v 0.453505 0.193530 -0.104443
v 0.458662 0.189050 -0.109683
v 0.458024 0.202876 -0.110557
v 0.461365 0.250795 -0.109385
v 0.457566 -0.263434 -0.100369
v 0.446645 -0.227637 -0.100844
v 0.457079 -0.206513 -0.104381
v 0.450490 -0.210949 -0.105312
v 0.453694 -0.202770 -0.105923
v 0.454487 -0.189486 -0.104326
v 0.456749 -0.185281 -0.104958
v 0.454088 -0.177115 -0.103800
v 0.457756 -0.176923 -0.103746
v 0.455983 -0.172702 -0.104860
v 0.453792 -0.168543 -0.103843
v 0.457209 -0.168389 -0.104457
v 0.461768 -0.172261 -0.100689
v 0.454579 -0.139735 -0.104300
v -0.276986 -0.178827 -0.034036
v 0.255917 -0.130431 -0.104142
v 0.453750 -0.131813 -0.100503
v 0.314109 -0.129007 -0.101225
v 0.334725 -0.125686 -0.100884
v 0.453795 -0.080330 -0.103547
v 0.450804 -0.078235 -0.103998
v 0.431377 -0.071338 -0.104504
v 0.440271 -0.075116 -0.104179
v 0.439423 -0.078967 -0.102494
v 0.447728 -0.079070 -0.102793
v 0.435931 -0.070625 -0.106474
v 0.479910 -0.043154 -0.099945
v 0.519657 0.021414 -0.108216
v -0.612491 0.054664 -0.095214
v 0.487321 0.050177 -0.103535
v 0.486027 0.057654 -0.108182
v 0.481719 0.061125 -0.106328
v 0.426727 0.103896 -0.104201
v 0.431051 0.103515 -0.104267
v 0.435878 0.102906 -0.106739
v 0.430686 0.106498 -0.102668
v 0.435267 0.105532 -0.103355
v 0.452984 0.105734 -0.104627
v 0.455769 0.108680 -0.104618
v 0.456976 0.113830 -0.104808
v 0.457284 0.122544 -0.105149
v 0.263923 0.147415 -0.103877
v 0.185112 0.151209 -0.104507
v 0.101619 0.156643 -0.104589
v 0.051624 0.161139 -0.104491
v 0.454241 0.160044 -0.092948
v -0.014850 0.176144 -0.080071
v -0.223123 0.189577 -0.071828
v 0.460053 0.261522 -0.103376
v 0.454290 -0.269953 -0.096110
v 0.442520 -0.251467 -0.100058
v 0.460412 -0.214265 -0.096263
v 0.450542 -0.185790 -0.096784
v 0.450287 -0.130696 -0.093402
v 0.467015 -0.164133 -0.091959
v 0.297367 -0.131369 -0.099594
v 0.330650 -0.129128 -0.099270
v 0.367980 -0.128928 -0.095227
v 0.454078 -0.097423 -0.099916
v 0.434531 -0.125299 -0.092991
v 0.447858 -0.092976 -0.098713
v 0.453229 -0.084583 -0.101582
v -0.566369 -0.070847 -0.094680
v 0.481284 -0.034730 -0.101195
v 0.486712 -0.022144 -0.103196
v 0.484143 -0.025649 -0.102081
v 0.490760 -0.017354 -0.103975
v 0.491360 -0.008919 -0.099002
v 0.496048 0.003359 -0.095089
v 0.508278 0.011505 -0.100142
v 0.511747 0.018036 -0.100978
v 0.482707 0.059139 -0.101738
v -0.612983 0.087473 -0.079709
v 0.452519 0.107791 -0.101967
v 0.452856 0.112996 -0.099671
v 0.455710 0.139145 -0.096750
v 0.297402 0.147405 -0.099681
v 0.455244 0.147434 -0.096104
v 0.453975 0.155703 -0.092469
v 0.442443 0.227642 -0.100463
v 0.427799 0.238317 -0.067461
v 0.452144 0.262078 -0.092272
v 0.460309 0.269381 -0.095336
v 0.462487 0.269695 -0.094804
v 0.457737 -0.273058 -0.091477
v 0.460241 -0.260095 -0.092575
v 0.465316 -0.259839 -0.075835
v 0.441899 -0.240294 -0.092486
v -0.429844 -0.139152 -0.067071
v 0.347229 -0.131349 -0.095490
v 0.448902 -0.122278 -0.094296
v 0.443386 -0.121652 -0.093576
v -0.462483 -0.131876 -0.067217
v 0.480646 -0.118253 -0.079183
v 0.513576 -0.022223 -0.053998
v 0.485670 -0.025993 -0.096736
v 0.487219 -0.017706 -0.097971
v 0.488820 -0.013481 -0.097917
v -0.616888 -0.018027 -0.087823
v 0.812793 -0.001228 -0.094701
v 0.805215 0.014793 -0.100030
v 0.824545 -0.005432 -0.090160
v 0.828271 0.013305 -0.091173
v 0.824458 0.010174 -0.093433
v 0.786232 0.013847 -0.092145
v 0.805428 0.017979 -0.100152
v 0.805550 0.020580 -0.098979
v -0.692198 0.039459 -0.094462
v -0.692291 0.045910 -0.092414
v -0.646763 0.050353 -0.092806
v -0.638467 0.034810 -0.098796
v 0.489913 0.040726 -0.099144
v 0.487090 0.046287 -0.098309
v 0.485719 0.055165 -0.096524
v 0.453423 0.125938 -0.097341
v 0.447777 0.138063 -0.092115
v 0.453478 0.133741 -0.094526
v 0.477559 0.142865 -0.088375
v 0.454397 0.143140 -0.094002
v 0.334597 0.147452 -0.095341
v -0.289333 0.200704 -0.071803
v 0.467011 0.214003 -0.092213
v 0.463903 0.270585 -0.091837
v 0.455943 -0.273914 -0.091653
v 0.453518 -0.279003 -0.079626
v 0.431366 -0.255724 -0.075700
v 0.434398 -0.253795 -0.083412
v 0.277009 -0.140167 -0.080802
v 0.322419 -0.151521 -0.058473
v 0.475006 -0.122418 -0.087492
v 0.392959 -0.129938 -0.091521
v 0.438622 -0.127027 -0.090907
v 0.444092 -0.125432 -0.091955
v 0.444893 -0.131503 -0.087382
v 0.447031 -0.129494 -0.091026
v -0.586395 -0.066415 -0.086572
v -0.590618 -0.063136 -0.086360
v 0.490270 -0.014038 -0.092272
v 0.491422 -0.005215 -0.093831
v 0.493648 -0.000110 -0.094460
v 0.499222 0.011065 -0.094523
v 0.832151 0.006310 -0.088837
v 0.769929 0.005945 -0.083018
v 0.790295 0.020616 -0.091466
v 0.499415 0.021702 -0.095269
v 0.495821 0.014282 -0.090871
v 0.832778 0.023517 -0.082059
v 0.494317 0.029230 -0.095649
v 0.798230 0.037680 -0.078611
v 0.805777 0.036597 -0.082617
v 0.491059 0.033697 -0.094809
v 0.489838 0.038487 -0.093088
v -0.704292 0.039698 -0.091648
v -0.704349 0.042481 -0.091704
v 0.489511 0.042737 -0.092364
v 0.489139 0.097132 -0.079275
v -0.582881 0.103686 -0.087055
v -0.504605 0.148376 -0.063050
v 0.405396 0.145334 -0.090742
v 0.430585 0.144925 -0.089918
v 0.453117 0.146474 -0.091558
v 0.372217 0.148514 -0.091059
v 0.435717 0.234279 -0.087865
v 0.470022 0.247198 -0.083947
v 0.462092 0.278352 -0.083740
v 0.456200 -0.278668 -0.083759
v 0.441650 -0.202378 -0.067944
v 0.444535 -0.142800 -0.075430
v 0.805446 -0.029535 -0.083830
v 0.789812 -0.013466 -0.086799
v 0.817025 -0.025700 -0.085324
v 0.828186 -0.017576 -0.084302
v 0.494565 0.006667 -0.089968
v 0.770142 0.008352 -0.082425
v 0.836202 0.013170 -0.085363
v 0.493534 0.025833 -0.089820
v 0.492984 0.030162 -0.088640
v 0.498129 0.022369 -0.080205
v -0.741504 0.039773 -0.079886
v -0.758265 0.042578 -0.074868
v 0.493910 0.063843 -0.079242
v -0.691868 0.082232 -0.069616
v 0.443645 0.146406 -0.086661
v 0.443833 0.148897 -0.083637
v 0.449944 0.149926 -0.087187
v 0.260647 0.167601 -0.042192
v 0.368355 0.160632 -0.067806
v 0.252038 0.169510 -0.034213
v 0.184940 0.168785 -0.049099
v 0.449628 0.168666 -0.075830
v 0.465424 0.278403 -0.080024
v 0.458191 -0.279566 -0.079586
v 0.438237 -0.227735 -0.063945
v 0.440001 -0.131764 -0.082768
v -0.603628 -0.061976 -0.078994
v -0.613077 -0.054565 -0.078644
v -0.620796 -0.050308 -0.077527
v 0.786341 -0.017571 -0.082599
v 0.793547 -0.034056 -0.077534
v 0.824475 -0.029797 -0.079887
v 0.773334 -0.004955 -0.079797
v -0.671041 -0.033900 -0.073596
v 0.845421 -0.001799 -0.078623
v 0.497277 0.006182 -0.083428
v 0.496454 0.018086 -0.083739
v 0.833274 0.025666 -0.080971
v 0.841399 0.017612 -0.080601
v 0.820198 0.033065 -0.081802
v 0.816932 0.037806 -0.079931
v -0.629549 0.094839 -0.073035
v -0.608374 0.098995 -0.073833
v 0.450647 0.153582 -0.084280
v -0.442192 0.177834 -0.054700
v -0.052152 0.182147 -0.067633
v -0.148655 0.194031 -0.039105
v 0.458122 0.278292 -0.079725
v 0.467592 -0.234867 -0.075561
v -0.317638 -0.166572 -0.063098
v 0.477735 -0.193305 -0.062888
v 0.205839 -0.160777 -0.005332
v 0.118439 -0.157779 -0.030124
v 0.247999 -0.149766 -0.042512
v -0.562285 -0.088980 -0.059038
v 0.805500 -0.038882 -0.078122
v 0.813484 -0.042772 -0.076687
v 0.821435 -0.038761 -0.077400
v 0.777396 -0.013720 -0.078268
v 0.761700 -0.002109 -0.077406
v 0.768984 -0.000963 -0.080255
v -0.729099 -0.030283 -0.057411
v 0.757512 0.001452 -0.074727
v 0.865858 -0.009783 -0.071802
v 0.797764 0.042393 -0.075964
v -0.770801 0.003247 -0.058534
v 0.849931 0.034613 -0.076425
v 0.845279 0.046378 -0.075751
v 0.833705 0.051006 -0.076528
v -0.745910 0.066437 -0.065491
v -0.658565 0.086904 -0.072952
v -0.604095 0.102884 -0.072014
v 0.502112 0.161871 -0.037902
v 0.440330 0.161299 -0.063267
v 0.449993 0.153410 -0.079698
v 0.443578 0.152745 -0.077670
v 0.443435 0.185939 -0.067593
v 0.455614 -0.281956 -0.076885
v 0.441199 -0.141506 -0.070392
v 0.502279 -0.068223 -0.058011
v -0.620442 -0.056324 -0.071061
v 0.801747 -0.062755 -0.072243
v 0.789371 -0.054171 -0.073414
v 0.813325 -0.063021 -0.072665
v 0.836960 -0.046597 -0.075452
v 0.824810 -0.058102 -0.072959
v -0.646249 -0.042025 -0.075084
v 0.772666 -0.042718 -0.075530
v 0.784482 -0.047281 -0.075313
v 0.845177 -0.034557 -0.075491
v 0.761263 -0.034586 -0.072754
v 0.757622 -0.018306 -0.073607
v 0.639588 0.006317 -0.077363
v 0.642279 0.006210 -0.077313
v 0.642426 0.003505 -0.076084
v 0.649287 0.004207 -0.073671
v 0.649304 0.008703 -0.073103
v 0.639395 0.012338 -0.074044
v 0.761831 0.012999 -0.073411
v 0.861986 0.022334 -0.073798
v 0.871806 0.009785 -0.069661
v 0.506490 0.009968 -0.068331
v 0.785530 0.034061 -0.074982
v 0.853028 0.038778 -0.074544
v 0.789870 0.070033 -0.069947
v 0.821553 0.066450 -0.074228
v 0.832569 0.059014 -0.074539
v 0.813183 0.071016 -0.072396
v 0.817479 0.067000 -0.073105
v -0.658456 0.089970 -0.070322
v 0.339283 0.160597 -0.066477
v 0.444137 0.157137 -0.072286
v 0.449821 0.158586 -0.075154
v 0.494052 0.185338 -0.045978
v 0.483066 0.184489 -0.066904
v 0.446392 0.167225 -0.064003
v 0.445577 0.173063 -0.063361
v 0.489590 0.234489 -0.038532
v 0.441555 0.186000 -0.059605
v 0.427294 0.234872 -0.067632
v 0.439703 0.258019 -0.071347
v 0.457373 -0.286051 -0.070443
v 0.460742 -0.286989 -0.063204
v 0.469601 -0.255667 -0.063337
v -0.359128 -0.160976 -0.054860
v 0.440584 -0.155121 -0.059308
v 0.442223 -0.146971 -0.069043
v 0.260732 -0.144661 -0.064088
v 0.297710 -0.151426 -0.058568
v 0.363944 -0.157130 -0.045747
v 0.435856 -0.141082 -0.068644
v 0.790129 -0.057827 -0.070968
v 0.802410 -0.064820 -0.070782
v 0.812736 -0.066245 -0.070755
v 0.828565 -0.057901 -0.071128
v -0.637552 -0.049395 -0.070914
v 0.765568 -0.044081 -0.067408
v 0.840056 -0.047821 -0.071092
v 0.765467 -0.041638 -0.071204
v 0.848235 -0.037773 -0.070840
v 0.759949 -0.037815 -0.070550
v 0.865431 -0.013324 -0.070629
v 0.752836 -0.014261 -0.070289
v 0.753683 -0.002264 -0.071920
v 0.643157 -0.008114 -0.067539
v 0.649837 -0.004474 -0.069198
v 0.874007 -0.001887 -0.069007
v 0.512266 -0.001411 -0.060535
v 0.610965 0.012881 -0.061718
v 0.606613 0.010064 -0.061033
v 0.749485 0.017981 -0.064865
v 0.760784 0.017765 -0.071446
v 0.757670 0.046587 -0.065300
v 0.865108 0.025877 -0.070871
v 0.773003 0.059120 -0.069871
v 0.852769 0.042074 -0.071544
v 0.765418 0.054743 -0.068028
v 0.843422 0.053401 -0.071071
v 0.511055 0.022011 -0.059401
v 0.840219 0.057233 -0.067757
v 0.812959 0.074332 -0.070106
v 0.820588 0.069238 -0.070780
v -0.737842 0.073994 -0.062353
v 0.797816 0.074348 -0.069780
v 0.804878 0.075344 -0.069969
v -0.667500 0.087543 -0.070371
v -0.662776 0.087722 -0.070383
v 0.281037 0.167074 -0.046253
v 0.445598 0.161082 -0.069751
v 0.447484 0.163352 -0.071180
v -0.268778 0.203197 -0.050567
v 0.476724 0.238935 -0.067250
v 0.466425 0.282841 -0.067716
v 0.470917 0.271096 -0.071781
v 0.462105 0.289710 -0.062139
v 0.455920 -0.289688 -0.065713
v 0.467702 -0.267732 -0.063474
v 0.427195 -0.257963 -0.063033
v -0.156243 -0.171037 -0.033931
v 0.439928 -0.145892 -0.066606
v 0.495773 -0.163941 -0.038033
v 0.806069 -0.068145 -0.063889
v 0.812677 -0.067774 -0.067504
v 0.842461 -0.049804 -0.058928
v -0.700463 -0.036869 -0.062331
v 0.754977 -0.034286 -0.066593
v 0.856817 -0.030241 -0.062558
v 0.873755 -0.008189 -0.065800
v 0.882073 -0.001822 -0.064716
v 0.611173 0.007031 -0.062260
v 0.868714 0.024873 -0.063117
v 0.863151 0.032953 -0.063666
v -0.795717 0.060792 -0.053374
v 0.757774 0.051283 -0.062621
v 0.769569 0.059569 -0.067070
v 0.824072 0.068812 -0.067780
v 0.797850 0.077854 -0.063479
v 0.812274 0.075705 -0.067168
v 0.805258 0.078006 -0.067271
v -0.687763 0.085371 -0.066646
v -0.662778 0.092981 -0.062757
v -0.595969 0.119119 -0.043111
v -0.559507 0.135824 -0.038184
v 0.384954 0.170158 -0.050172
v 0.436377 0.202861 -0.059734
v 0.488532 0.246340 -0.038386
v 0.456700 -0.294053 -0.058394
v 0.429617 -0.274472 -0.041500
v 0.434889 -0.227968 -0.039032
v 0.441630 -0.177073 -0.059657
v -0.297184 -0.177543 -0.042401
v 0.018544 -0.162640 -0.034254
v 0.436366 -0.146700 -0.062348
v 0.829000 -0.062166 -0.054652
v 0.852706 -0.038670 -0.058387
v 0.865336 -0.021145 -0.061692
v -0.754159 -0.025160 -0.051692
v 0.631501 -0.020118 -0.053463
v 0.615104 -0.012308 -0.053273
v 0.650153 -0.014120 -0.061731
v 0.661690 -0.008604 -0.058710
v 0.880701 -0.012916 -0.057483
v 0.736559 -0.009790 -0.049660
v 0.674911 -0.005298 -0.050081
v 0.674893 0.013921 -0.055119
v 0.739029 0.009515 -0.057397
v 0.511994 0.009516 -0.062305
v 0.522052 0.006523 -0.061538
v 0.890150 -0.003360 -0.057614
v 0.670841 0.021106 -0.054569
v 0.643549 0.047444 -0.045178
v 0.749671 0.031035 -0.062143
v 0.864962 0.032972 -0.058523
v -0.820597 0.039663 -0.055519
v -0.721023 0.078883 -0.062788
v 0.804813 0.079942 -0.059704
v 0.030891 0.187087 -0.030002
v 0.101648 0.171555 -0.059132
v 0.426163 0.235647 -0.059946
v 0.426547 0.238749 -0.063308
v 0.423989 0.250339 -0.050643
v 0.453671 -0.295348 -0.054984
v 0.424440 -0.262499 -0.054519
v 0.438131 -0.218974 -0.051584
v 0.281481 -0.154405 -0.050270
v 0.297496 -0.161801 -0.040390
v -0.458481 -0.149849 -0.025890
v 0.430921 -0.150922 -0.053954
v 0.806803 -0.070649 -0.042657
v 0.824787 -0.066500 -0.049994
v 0.507717 -0.072341 -0.046266
v 0.519889 -0.033345 -0.039679
v 0.749302 -0.037545 -0.054658
v -0.729046 -0.032811 -0.054958
v 0.861850 -0.031805 -0.057250
v 0.735964 -0.025092 -0.043050
v 0.516200 -0.017909 -0.053259
v 0.517239 -0.005299 -0.057556
v 0.554825 -0.005150 -0.054512
v 0.736329 0.002918 -0.052941
v 0.554979 0.013244 -0.058665
v 0.558573 0.010694 -0.057713
v 0.594237 0.010349 -0.057871
v 0.597987 -0.004494 -0.050946
v 0.517987 0.012564 -0.060129
v 0.516955 0.016861 -0.057392
v 0.567010 0.013851 -0.055069
v 0.593996 0.012347 -0.056912
v 0.559052 0.016299 -0.056309
v 0.606572 0.015629 -0.057474
v 0.743600 0.017451 -0.058213
v -0.824868 -0.008523 -0.038643
v 0.740465 0.025256 -0.049571
v 0.853161 0.050845 -0.050141
v 0.751398 0.046105 -0.058455
v -0.816515 0.046146 -0.055438
v 0.757179 0.056193 -0.046951
v -0.779119 0.065595 -0.054516
v 0.443588 0.166897 -0.058807
v -0.193794 0.193281 -0.050004
v -0.168727 0.191064 -0.050492
v -0.227326 0.195486 -0.054726
v -0.321893 0.206669 -0.038370
v 0.455949 -0.297181 -0.054574
v 0.458029 -0.295893 -0.054546
v 0.421334 -0.260979 -0.047309
v 0.478543 -0.255346 -0.034387
v 0.486204 -0.213719 -0.038304
v 0.261735 -0.152933 -0.045742
v 0.277226 -0.157883 -0.043356
v 0.436465 -0.151769 -0.054139
v 0.253054 -0.150554 -0.042346
v 0.809796 -0.070116 -0.051553
v -0.633284 -0.082026 0.002292
v 0.813709 -0.069891 -0.050661
v 0.843749 -0.052977 -0.053564
v 0.848711 -0.045843 -0.055595
v 0.853704 -0.041900 -0.054920
v 0.850377 -0.051192 -0.051359
v 0.867086 -0.051767 -0.052601
v 0.862689 -0.038738 -0.054893
v 0.866611 -0.043608 -0.052774
v -0.741574 -0.028640 -0.052938
v 0.738528 -0.029648 -0.041983
v 0.639648 -0.030717 -0.045364
v 0.646871 -0.036295 -0.040635
v 0.649811 -0.032902 -0.043550
v 0.666992 -0.016445 -0.046641
v 0.670324 -0.009060 -0.051223
v 0.563343 -0.013352 -0.049127
v 0.589365 0.003407 -0.053427
v 0.709500 0.002328 -0.053143
v 0.725612 0.013847 -0.055130
v 0.730088 0.010572 -0.054356
v 0.730058 -0.001292 -0.050405
v 0.576063 0.013533 -0.053840
v 0.585010 0.013039 -0.054205
v 0.709682 0.014633 -0.055117
v 0.736112 0.010167 -0.055158
v 0.679677 0.002557 -0.050931
v 0.679903 0.017928 -0.053512
v 0.709434 0.021831 -0.054762
v 0.515818 0.025214 -0.053184
v 0.606256 0.029089 -0.037481
v 0.680147 0.021001 -0.052688
v 0.628031 0.035929 -0.045801
v 0.662164 0.033732 -0.050019
v 0.705596 0.025210 -0.053538
v 0.713101 0.025140 -0.053246
v 0.516911 0.033662 -0.049211
v 0.870006 0.046338 -0.045058
v 0.646774 0.045070 -0.047512
v 0.865566 0.037104 -0.053732
v 0.841187 0.060601 -0.046106
v 0.808124 0.080765 -0.046743
v -0.679272 0.095021 -0.046607
v 0.512361 0.097047 -0.037904
v 0.339385 0.173302 -0.037580
v 0.441237 0.167788 -0.054347
v 0.443814 0.172328 -0.055187
v 0.442135 0.177419 -0.050961
v 0.431881 0.214984 -0.043609
v -0.243718 0.200039 -0.049913
v 0.465285 0.295082 -0.042933
v 0.462700 0.292956 -0.054857
v 0.456327 -0.301244 -0.045837
v 0.491768 -0.184629 -0.037967
v 0.499612 -0.139018 -0.038140
v 0.838126 -0.063763 -0.048578
v 0.870274 -0.052036 -0.051737
v 0.882919 -0.089691 -0.048064
v 0.878674 -0.073562 -0.048725
v 0.798337 -0.070413 -0.034188
v 0.832798 -0.062527 -0.050575
v 0.833828 -0.064842 -0.048851
v 0.842182 -0.058800 -0.049871
v 0.875995 -0.048073 -0.045227
v -0.770678 -0.024335 -0.045549
v 0.697692 -0.029694 -0.049359
v 0.704694 -0.029907 -0.049841
v 0.701700 -0.034460 -0.045961
v 0.704799 -0.034412 -0.045914
v 0.686016 -0.025173 -0.047467
v 0.697371 -0.026370 -0.050611
v 0.516605 -0.025500 -0.049646
v 0.520562 -0.027476 -0.045298
v 0.521656 -0.021089 -0.050416
v 0.554916 -0.020687 -0.046923
v 0.602192 -0.020255 -0.038557
v 0.729594 -0.017778 -0.046903
v -0.800060 -0.016486 -0.041135
v 0.579789 -0.012833 -0.048714
v 0.676708 -0.013526 -0.048369
v 0.592787 -0.008028 -0.048341
v 0.735563 0.020780 -0.049126
v 0.675346 0.030101 -0.045358
v 0.729320 0.022549 -0.048974
v 0.885976 0.025290 -0.041691
v 0.521055 0.029213 -0.049325
v 0.680367 0.028796 -0.045912
v 0.709119 0.035872 -0.044606
v -0.800011 0.072836 -0.017630
v -0.625215 0.114781 -0.037504
v 0.505484 0.151104 -0.033941
v -0.558211 0.147012 -0.009301
v 0.442024 0.170944 -0.050109
v 0.435520 0.169245 -0.047374
v -0.451245 0.198135 0.002077
v -0.421713 0.202457 0.002400
v -0.227174 0.198712 -0.049055
v 0.420969 0.259170 -0.034446
v 0.457900 0.296675 -0.038406
v 0.421402 -0.263288 -0.046932
v 0.439416 -0.163708 -0.046862
v 0.314298 -0.161779 -0.041324
v 0.436832 -0.159759 -0.045675
v 0.843909 -0.155605 -0.042802
v 0.851788 -0.168104 -0.042784
v 0.886049 -0.094265 -0.046001
v 0.895830 -0.143755 -0.043678
v 0.835418 -0.130756 -0.043691
v 0.815425 -0.080827 -0.042393
v 0.818283 -0.075521 -0.044393
v 0.884335 -0.081822 -0.045434
v 0.814756 -0.071955 -0.045838
v 0.816630 -0.070467 -0.047764
v 0.821407 -0.071022 -0.045921
v 0.879684 -0.052422 -0.041232
v 0.720729 -0.028853 -0.045192
v 0.631599 -0.034537 -0.037268
v 0.729281 -0.025074 -0.043964
v 0.894282 -0.030234 -0.036994
v 0.525775 -0.025179 -0.046083
v 0.558708 -0.024395 -0.042014
v 0.562696 -0.022997 -0.041240
v 0.579534 -0.016336 -0.046047
v 0.673162 -0.019897 -0.044577
v 0.559057 0.031928 -0.044049
v 0.579684 0.031816 -0.036999
v 0.735535 0.025548 -0.045521
v 0.730119 0.034899 -0.036863
v 0.520091 0.037541 -0.044297
v -0.874834 0.045703 -0.037245
v 0.518615 0.054732 -0.037977
v 0.649616 0.052959 -0.037425
v -0.829078 0.054129 -0.045975
v 0.646250 0.051209 -0.041236
v 0.858779 0.054052 -0.044353
v 0.870468 0.051239 -0.043492
v 0.854050 0.053585 -0.044989
v -0.816584 0.060798 -0.042372
v 0.827959 0.069222 -0.046144
v 0.805436 0.082013 -0.042750
v 0.396866 0.179126 -0.029730
v 0.436732 0.171460 -0.045584
v 0.439900 0.175916 -0.046352
v -0.160812 0.195118 -0.043503
v -0.202106 0.199632 -0.045959
v -0.251923 0.203117 -0.047004
v -0.235261 0.203792 -0.046048
v -0.272098 0.207319 -0.042803
v -0.268308 0.205482 -0.045572
v -0.263968 0.207401 -0.044516
v -0.235172 0.208751 -0.044159
v 0.422042 0.251757 -0.043096
v 0.437441 -0.176141 -0.030075
v 0.490113 -0.201351 -0.034062
v 0.852870 -0.180114 -0.040722
v 0.876532 -0.230568 -0.038293
v 0.900833 -0.243331 -0.036869
v 0.911325 -0.185713 -0.039583
v 0.269129 -0.167254 -0.039665
v 0.272544 -0.163532 -0.040515
v 0.272836 -0.167605 -0.039771
v 0.903079 -0.156559 -0.041839
v 0.060129 -0.168579 -0.005284
v 0.261967 -0.158270 -0.041034
v 0.280595 -0.162477 -0.040176
v 0.434383 -0.161829 -0.041501
v 0.431410 -0.161509 -0.040415
v -0.392480 -0.161231 -0.034233
v 0.257781 -0.153483 -0.042278
v 0.368189 -0.161459 -0.039305
v 0.898723 -0.136091 -0.041259
v 0.832178 -0.134557 -0.041275
v 0.891823 -0.106981 -0.041481
v -0.500325 -0.140548 0.002158
v 0.819076 -0.101384 -0.040789
v 0.816135 -0.093081 -0.040303
v 0.803279 -0.073619 -0.033398
v 0.811587 -0.075088 -0.041129
v 0.889475 -0.060541 -0.028852
v 0.794711 -0.071744 -0.025464
v -0.700071 -0.063207 0.002749
v 0.748978 -0.042554 -0.038638
v 0.519050 -0.037807 -0.037547
v 0.643596 -0.041145 -0.033613
v 0.524298 -0.032543 -0.037161
v 0.729367 -0.028370 -0.041060
v 0.661312 -0.032742 -0.029021
v 0.667845 -0.020492 -0.041996
v 0.588434 -0.020459 -0.037449
v 0.906215 -0.006430 -0.038869
v -0.858052 -0.003151 -0.031949
v 0.610349 0.035126 -0.029263
v 0.735732 0.031947 -0.040216
v 0.736664 0.041675 -0.033826
v 0.525756 0.039183 -0.040848
v 0.559079 0.041063 -0.036892
v 0.567093 0.036845 -0.037108
v 0.680649 0.038349 -0.033212
v -0.907833 0.038449 -0.029211
v 0.887572 0.050675 -0.024568
v 0.732607 0.052571 -0.017134
v -0.849968 0.053894 -0.037799
v 0.640580 0.049254 -0.041433
v 0.643722 0.053676 -0.038130
v 0.867280 0.055261 -0.042893
v 0.846113 0.062783 -0.042367
v 0.879264 0.069111 -0.041024
v 0.841552 0.062032 -0.044136
v 0.837302 0.066903 -0.042407
v 0.846772 0.067953 -0.041438
v 0.829133 0.070224 -0.044132
v 0.833392 0.071100 -0.042453
v 0.838463 0.076329 -0.040918
v 0.855337 0.076654 -0.041541
v 0.825382 0.074695 -0.040420
v 0.828501 0.075772 -0.039962
v 0.882256 0.085704 -0.041890
v 0.884008 0.089857 -0.041134
v 0.816327 0.078693 -0.040829
v 0.821467 0.080342 -0.039347
v 0.812684 0.082380 -0.041055
v 0.882795 0.097765 -0.043087
v 0.797649 0.083927 -0.030576
v 0.818345 0.088655 -0.038725
v 0.839082 0.130566 -0.039085
v 0.889302 0.106533 -0.037900
v 0.892231 0.143211 -0.042468
v 0.892069 0.131415 -0.041689
v -0.600274 0.125547 -0.021959
v 0.895279 0.147679 -0.041617
v 0.899673 0.164272 -0.041635
v 0.264879 0.169275 -0.041025
v 0.276859 0.169966 -0.041281
v 0.252698 0.179833 0.002527
v 0.384489 0.179447 -0.033615
v 0.431626 0.173181 -0.036333
v 0.437331 0.174077 -0.041065
v -0.031356 0.202325 0.003001
v 0.438567 0.179879 -0.038197
v -0.181432 0.208646 -0.040061
v -0.267744 0.207462 -0.043637
v -0.276087 0.210671 -0.034249
v -0.266475 0.212042 -0.040989
v -0.259126 0.221287 -0.040416
v -0.242595 0.246020 -0.035216
v 0.490667 0.245890 -0.030465
v 0.429105 0.275978 -0.025488
v 0.457956 -0.307139 -0.033840
v 0.455458 -0.306948 -0.034090
v 0.416499 -0.267875 -0.029995
v 0.420570 -0.257891 -0.018407
v 0.897499 -0.271307 -0.034334
v 0.921332 -0.272176 -0.035507
v 0.890138 -0.267093 -0.033021
v 0.878436 -0.242246 -0.035008
v 0.924381 -0.239618 -0.035568
v 0.915948 -0.202155 -0.037559
v 0.915023 -0.189908 -0.037274
v 0.278386 -0.179002 -0.036786
v 0.277432 -0.175994 -0.038305
v 0.282580 -0.181523 -0.036909
v 0.289281 -0.184864 -0.037147
v 0.313578 -0.171697 -0.033525
v 0.266089 -0.166703 -0.038590
v 0.438530 -0.172227 -0.037358
v 0.839928 -0.167285 -0.033284
v 0.284518 -0.167932 -0.038230
v 0.309806 -0.166705 -0.036215
v 0.437687 -0.166764 -0.037729
v 0.401457 -0.173387 -0.024815
v 0.431802 -0.166401 -0.034002
v 0.258533 -0.158143 -0.037726
v 0.833396 -0.154091 -0.033219
v 0.497246 -0.163941 -0.034097
v 0.820693 -0.125761 -0.032983
v 0.897168 -0.082053 -0.024317
v 0.701843 -0.044431 -0.014613
v 0.650035 -0.047344 -0.025070
v 0.739009 -0.033377 -0.038270
v 0.735302 -0.030279 -0.037569
v 0.923061 -0.002686 -0.016431
v -0.870742 0.007127 -0.032899
v 0.588358 0.039298 -0.024853
v -0.908229 0.011418 -0.024218
v 0.614906 0.036282 -0.029731
v 0.705650 0.041381 -0.037392
v 0.713156 0.048790 -0.025564
v 0.522048 0.045900 -0.037076
v 0.737571 0.045517 -0.033027
v 0.877415 0.052234 -0.037373
v 0.778225 0.081571 0.002010
v 0.807288 0.086223 -0.029756
v 0.811320 0.086317 -0.037283
v 0.814732 0.087686 -0.038024
v -0.700155 0.102218 -0.001352
v 0.823998 0.104903 -0.037749
v 0.891546 0.106642 -0.033609
v 0.828841 0.121510 -0.033946
v 0.836699 0.133856 -0.037227
v 0.844358 0.146723 -0.038499
v 0.899628 0.148349 -0.037385
v 0.849273 0.167003 -0.034113
v 0.902297 0.164799 -0.039696
v 0.860608 0.184218 -0.037703
v 0.857065 0.179731 -0.037049
v 0.155719 0.187433 0.006199
v 0.351198 0.183265 -0.028415
v 0.318452 0.173647 -0.036684
v 0.910855 0.190068 -0.038790
v 0.281466 0.191509 -0.032203
v 0.351792 0.178618 -0.032867
v 0.915788 0.210322 -0.039529
v 0.868990 0.201322 -0.036154
v -0.154356 0.199256 -0.037184
v 0.432049 0.210382 -0.030887
v 0.490775 0.242702 -0.034073
v -0.165410 0.216961 -0.035127
v -0.293325 0.216708 -0.017626
v -0.270589 0.211334 -0.037604
v 0.893267 0.233477 -0.032096
v -0.261721 0.223031 -0.037337
v -0.218484 0.271107 -0.028064
v -0.177442 0.229869 -0.033844
v 0.924597 0.231218 -0.037007
v 0.923338 0.222937 -0.036615
v 0.929129 0.243687 -0.036894
v 0.936420 0.251910 -0.034831
v 0.934052 0.254466 -0.035274
v 0.462006 0.300990 -0.033871
v 0.933628 -0.284158 -0.031400
v 0.913710 -0.275038 -0.034794
v 0.478326 -0.288062 0.002488
v 0.898493 -0.274287 -0.032622
v 0.928735 -0.272636 -0.033979
v 0.941114 -0.288971 -0.029027
v 0.414769 -0.266266 -0.014348
v 0.381272 -0.246298 -0.032658
v 0.372801 -0.242811 -0.033192
v 0.380617 -0.243320 -0.033287
v 0.384975 -0.244523 -0.032099
v 0.386923 -0.247193 -0.031072
v 0.878883 -0.246232 -0.033035
v 0.360723 -0.241169 -0.031788
v 0.368282 -0.239297 -0.033061
v 0.347864 -0.234510 -0.032541
v 0.371934 -0.236472 -0.032123
v 0.427843 -0.240756 -0.018224
v 0.340576 -0.233008 -0.031785
v 0.347240 -0.227211 -0.032732
v 0.339173 -0.226575 -0.033165
v 0.870641 -0.233684 -0.029931
v 0.327454 -0.221677 -0.033813
v 0.434662 -0.210674 -0.022376
v 0.316131 -0.213549 -0.032823
v 0.322699 -0.214125 -0.034064
v 0.923322 -0.215040 -0.033405
v 0.314552 -0.209547 -0.034021
v 0.305950 -0.197740 -0.035324
v 0.283397 -0.185089 -0.034046
v 0.306278 -0.201401 -0.035183
v 0.297924 -0.192805 -0.035569
v 0.294280 -0.192327 -0.035226
v 0.330263 -0.175633 -0.029126
v 0.330939 -0.180668 -0.027756
v 0.322067 -0.171125 -0.032354
v 0.437396 -0.171042 -0.033971
v 0.376390 -0.174838 -0.024674
v 0.164203 -0.164248 0.002168
v 0.812555 -0.113304 -0.027926
v -0.566374 -0.110375 0.002366
v 0.752824 -0.054686 -0.005040
v 0.705242 -0.042415 -0.021720
v 0.529939 -0.036594 -0.028989
v 0.563088 -0.051369 -0.003779
v 0.575502 -0.028719 -0.029081
v 0.666760 -0.028582 -0.029321
v 0.672910 -0.028681 -0.029769
v 0.675172 0.048857 -0.016783
v 0.558751 0.049332 -0.028795
v 0.620010 0.051046 -0.008524
v 0.632067 0.049993 -0.029588
v -0.897136 0.044603 -0.029121
v 0.637647 0.078096 0.003496
v 0.527255 0.067297 -0.010025
v 0.509912 0.134498 -0.028859
v 0.820654 0.104443 -0.033377
v 0.257493 0.170589 -0.033703
v 0.911420 0.181836 -0.033549
v 0.266059 0.178689 -0.034380
v 0.343540 0.177916 -0.032318
v 0.426910 0.178279 -0.021477
v 0.854244 0.179403 -0.033553
v 0.862152 0.195822 -0.033339
v -0.140453 0.198162 -0.021486
v -0.149684 0.197114 -0.033728
v 0.922948 0.215095 -0.033376
v -0.162329 0.220977 -0.031904
v -0.269714 0.228711 -0.016966
v 0.882050 0.221423 -0.032522
v 0.886246 0.228848 -0.030832
v -0.241584 0.250415 -0.033279
v 0.910764 0.253419 -0.029474
v 0.941590 0.259097 -0.032708
v 0.942278 0.262602 -0.031768
v 0.949903 0.266896 -0.029350
v 0.419051 0.271863 -0.013759
v 0.481333 0.274910 -0.009623
v 0.930902 -0.287054 -0.029238
v 0.943061 -0.295516 -0.025410
v 0.466162 -0.316589 0.002468
v 0.890221 -0.271066 -0.029373
v 0.936746 -0.252698 -0.024658
v 0.361040 -0.243662 -0.029385
v 0.384700 -0.248894 -0.030332
v 0.390150 -0.246589 -0.028608
v 0.343741 -0.236816 -0.029580
v 0.386826 -0.241770 -0.028690
v 0.325237 -0.223936 -0.029714
v 0.370436 -0.221329 -0.020137
v 0.358744 -0.224543 -0.029434
v 0.362285 -0.219596 -0.024857
v 0.337697 -0.198230 -0.027768
v 0.921045 -0.194534 -0.029368
v 0.329657 -0.185665 -0.028184
v 0.342648 -0.179491 -0.025324
v -0.342462 -0.181740 0.001962
v -0.127418 -0.182079 0.002253
v 0.912277 -0.161235 -0.029362
v 0.823418 -0.138236 -0.029339
v -0.620600 -0.086469 0.002435
v 0.520555 -0.084705 -0.005165
v 0.647157 -0.048322 -0.024103
v 0.631548 -0.045588 -0.021002
v 0.676413 -0.035817 -0.013028
v 0.524127 -0.041603 -0.026163
v 0.593641 -0.036609 -0.012821
v 0.597804 -0.030772 -0.024893
v -0.816618 -0.031980 0.001928
v -0.887270 0.001979 -0.024934
v -0.916209 0.040766 -0.024597
v 0.579415 0.045823 -0.016875
v 0.731905 0.045342 -0.025081
v 0.523566 0.054220 -0.026247
v 0.530103 0.048809 -0.030068
v 0.810827 0.091500 -0.029727
v 0.842783 0.171036 -0.017165
v 0.504229 0.196827 -0.013567
v 0.846523 0.187551 -0.008856
v 0.926258 0.190225 -0.011767
v 0.274943 0.189010 -0.029551
v 0.047525 0.197071 0.003045
v 0.282363 0.195935 -0.029371
v 0.302633 0.224363 -0.014022
v 0.353879 0.196788 -0.022509
v 0.926862 0.219590 -0.029365
v -0.275151 0.212976 -0.029613
v -0.178255 0.254901 -0.028047
v 0.938071 0.236329 -0.024746
v -0.181582 0.279840 -0.023884
v 0.420418 0.260105 -0.030916
v -0.229626 0.267171 -0.028536
v 0.959410 0.278448 -0.021712
v 0.453532 -0.311832 -0.018033
v 0.945423 -0.292859 -0.026682
v 0.948356 -0.302464 -0.020881
v 0.957590 -0.305749 -0.020806
v 0.949061 -0.293656 -0.024990
v 0.414402 -0.274732 -0.013468
v 0.906138 -0.280669 -0.025233
v 0.952379 -0.282027 -0.018741
v 0.394380 -0.249913 -0.020550
v 0.348834 -0.240290 -0.026091
v 0.435976 -0.184745 -0.017986
v 0.349844 -0.189012 -0.019478
v 0.499537 -0.205354 0.002967
v 0.342149 -0.184570 -0.023697
v 0.350580 -0.183585 -0.021137
v 0.358808 -0.183009 -0.019118
v 0.434828 -0.174929 -0.025396
v 0.427167 -0.177873 -0.015365
v 0.433183 -0.178932 -0.017327
v 0.923460 -0.136250 0.002690
v -0.458781 -0.157470 -0.001444
v 0.244313 -0.161898 0.002213
v 0.792640 -0.075241 -0.017179
v 0.526294 -0.055022 -0.008971
v 0.735863 -0.036461 -0.026006
v 0.740115 -0.040910 -0.022271
v 0.666510 -0.037150 -0.016667
v 0.925036 0.012924 -0.004251
v -0.932963 0.034339 -0.021418
v -0.928815 0.037329 -0.021198
v 0.725888 0.045247 -0.024852
v 0.562223 0.054213 -0.020966
v -0.912398 0.046184 -0.013728
v 0.529711 0.054932 -0.020793
v 0.558744 0.058167 -0.016824
v 0.642963 0.080694 0.003139
v 0.889413 0.055709 -0.020629
v 0.897610 0.064534 -0.008327
v 0.802679 0.085972 -0.023735
v 0.803149 0.100173 -0.001406
v 0.431843 0.177569 -0.024373
v 0.434603 0.179403 -0.025698
v 0.354649 0.187446 -0.024509
v 0.358470 0.186651 -0.021885
v 0.363585 0.186097 -0.020837
v 0.847745 0.195558 -0.001600
v -0.145605 0.198809 -0.025352
v 0.299495 0.224180 -0.012503
v 0.433079 0.189455 -0.017834
v -0.146446 0.204077 -0.020972
v 0.937791 0.198912 0.002079
v -0.280212 0.213512 -0.025690
v -0.161870 0.246424 -0.020342
v 0.901124 0.249027 -0.025138
v -0.259424 0.261917 0.001807
v 0.898386 0.265738 0.002770
v 0.958588 0.275404 -0.023742
v 0.961846 0.275854 -0.022366
v -0.218001 0.279033 -0.025074
v -0.172607 0.304435 -0.017485
v 0.463205 0.306054 -0.020961
v 0.459532 -0.315390 -0.014318
v 0.461737 -0.314556 -0.013234
v 0.328885 -0.230662 -0.013925
v 0.936457 -0.231890 -0.016834
v 0.357756 -0.207833 -0.020159
v 0.353879 -0.193722 -0.017267
v -0.293203 -0.191773 0.001915
v 0.435786 -0.179781 -0.021640
v 0.101772 -0.167320 0.002024
v 0.837074 -0.171333 -0.025363
v 0.249797 -0.164580 0.002238
v 0.511025 -0.134775 -0.005191
v 0.914307 -0.090325 0.002549
v 0.528191 -0.052400 -0.008478
v 0.657276 -0.049688 -0.012665
v 0.896219 -0.059970 -0.020580
v 0.672125 -0.031912 -0.021038
v 0.909334 -0.046970 -0.008441
v 0.916399 -0.017384 -0.016856
v -0.916504 0.008716 -0.019939
v -0.933185 0.011350 -0.016593
v 0.725511 0.054943 -0.008583
v -0.855876 0.064714 0.002365
v 0.734565 0.055101 -0.001615
v -0.750131 0.090456 0.002877
v 0.522512 0.117129 0.002635
v 0.926701 0.168756 0.002324
v 0.258528 0.180357 -0.009418
v 0.434219 0.184004 -0.021590
v 0.400822 0.184545 -0.013340
v 0.367429 0.190453 -0.014407
v 0.858576 0.211279 -0.005150
v -0.342605 0.215972 0.002715
v -0.279656 0.214718 -0.021196
v -0.284402 0.217267 -0.013178
v -0.278938 0.217543 -0.017096
v 0.870303 0.216182 -0.021453
v 0.948151 0.229276 -0.007449
v 0.499928 0.221754 -0.013614
v -0.249048 0.267343 -0.008291
v 0.499362 0.241923 0.001840
v 0.973130 0.256961 -0.000207
v -0.162198 0.280467 -0.014002
v -0.216998 0.295052 -0.015728
v -0.173861 0.292737 -0.019487
v 0.421850 0.285333 0.002564
v -0.197132 0.303810 -0.015339
v 0.960286 -0.312132 -0.016482
v 0.965675 -0.309896 -0.015847
v 0.966322 -0.313246 -0.015181
v 0.931410 -0.297849 -0.012760
v 0.412392 -0.272462 -0.009638
v 0.874809 -0.262738 -0.009099
v 0.949764 -0.249158 -0.004205
v 0.399941 -0.245333 -0.012840
v 0.869826 -0.258607 -0.004468
v 0.859039 -0.245118 0.002353
v 0.430352 -0.223425 -0.001760
v 0.942424 -0.215505 0.003056
v 0.369976 -0.202838 -0.007274
v 0.358269 -0.188036 -0.015934
v 0.508013 -0.172106 0.010373
v 0.806449 -0.121485 -0.001301
v 0.787228 -0.074723 -0.008732
v 0.709459 -0.047105 -0.008689
v 0.579281 -0.042993 -0.004095
v -0.757594 -0.048273 0.002569
v -0.966427 0.026970 -0.012190
v -0.953595 0.033018 -0.015219
v -0.928932 0.040113 -0.017122
v 0.614442 0.048297 -0.008450
v 0.679905 0.054750 -0.004578
v 0.573778 0.052908 -0.008903
v 0.685421 0.057818 0.001832
v 0.901181 0.058772 -0.004329
v 0.551662 0.062720 -0.008708
v 0.525388 0.063036 -0.017102
v 0.649472 0.078589 0.002800
v 0.741199 0.060795 0.006403
v 0.794475 0.087604 -0.005466
v 0.533385 0.066490 0.005302
v 0.799015 0.089045 -0.009332
v 0.510166 0.180153 -0.001285
v 0.101632 0.192873 0.006205
v 0.362373 0.191414 -0.014709
v 0.362344 0.196508 -0.012229
v 0.360466 0.210019 -0.015675
v -0.140671 0.203826 -0.012458
v 0.363172 0.217898 -0.014629
v 0.429626 0.227058 -0.014514
v -0.142186 0.230233 -0.005788
v -0.150065 0.238356 -0.012275
v 0.974757 0.257575 0.001750
v 0.943890 0.287862 -0.004018
v -0.229392 0.303324 -0.000319
v 0.971129 0.287214 -0.016546
v -0.142252 0.302119 -0.002768
v -0.157014 0.317048 -0.012561
v -0.160395 0.316595 -0.013332
v 0.968275 -0.320215 -0.011668
v 0.974532 -0.321784 -0.010157
v 0.940653 -0.314770 0.006596
v 0.961482 -0.323931 -0.000387
v 0.463167 -0.316888 -0.004941
v 0.393270 -0.253287 -0.006283
v 0.396448 -0.252713 -0.006053
v 0.401539 -0.249571 -0.005468
v 0.418974 -0.257611 0.002087
v 0.403041 -0.240568 -0.004777
v 0.316131 -0.224293 0.002493
v 0.382633 -0.212014 -0.000033
v 0.938742 -0.202914 0.002518
v 0.836607 -0.196328 0.002612
v -0.227043 -0.188046 -0.001241
v 0.386975 -0.186675 0.001623
v 0.427919 -0.182384 -0.006054
v 0.435310 -0.184322 -0.013736
v 0.824864 -0.167964 -0.001006
v 0.930520 -0.168350 0.002299
v 0.821073 -0.156174 -0.005040
v 0.812986 -0.140891 0.001791
v 0.915789 -0.098691 0.002327
v 0.647245 -0.057562 -0.008290
v 0.533848 -0.052827 -0.003386
v 0.729992 -0.051086 0.002612
v 0.684811 -0.043293 0.003474
v 0.670339 -0.037597 -0.012438
v 0.917397 -0.038121 0.001414
v 0.926721 -0.017342 0.001433
v -0.895499 -0.008291 0.001938
v -0.974667 0.019204 -0.007508
v -0.978424 0.029179 -0.008385
v -0.953746 0.035442 -0.012449
v 0.579698 0.055536 0.002843
v 0.605897 0.056384 0.003422
v 0.562135 0.061166 -0.008881
v 0.713712 0.061314 -0.005982
v 0.528073 0.061923 -0.012445
v 0.918738 0.144472 0.001968
v 0.819198 0.137594 0.002030
v 0.422672 0.182063 -0.009242
v 0.427385 0.181511 -0.011566
v 0.430698 0.183194 -0.013195
v 0.391835 0.189695 -0.005849
v -0.127907 0.204107 -0.000682
v 0.343566 0.241812 -0.006305
v -0.282141 0.224815 -0.000558
v 0.307760 0.234219 -0.008134
v -0.146208 0.267924 -0.003448
v 0.419181 0.278829 -0.005205
v 0.984581 0.303233 -0.007232
v 0.987264 0.300444 -0.008510
v 0.465773 0.308492 -0.009351
v -0.184355 0.328255 -0.003076
v 0.979457 -0.329134 -0.006848
v 0.978331 -0.322584 -0.008530
v 0.457470 -0.316700 -0.005664
v 0.460724 -0.316024 -0.009466
v 0.980964 -0.299302 0.002243
v 0.412814 -0.276374 -0.002270
v 0.886546 -0.284203 -0.001230
v 0.880728 -0.278636 -0.001016
v 0.878860 -0.270844 -0.007839
v 0.964054 -0.267562 0.002101
v 0.485211 -0.267239 0.002777
v 0.870862 -0.266486 0.001812
v 0.373238 -0.250857 0.002293
v 0.403003 -0.246650 -0.005404
v 0.951509 -0.243246 0.002894
v 0.497649 -0.221898 0.010347
v 0.385070 -0.212448 0.003226
v 0.378563 -0.192756 -0.001832
v -0.210153 -0.187869 0.001861
v 0.379355 -0.187209 -0.004295
v 0.433709 -0.183655 -0.010186
v 0.434051 -0.188226 -0.006263
v -0.101878 -0.180077 0.001951
v 0.787371 -0.082399 0.002283
v 0.910587 -0.064523 0.002489
v 0.632165 -0.061340 0.002605
v 0.653978 -0.058303 -0.004067
v 0.607155 -0.048893 0.002131
v 0.588504 -0.040611 -0.004543
v 0.675537 -0.038039 -0.008585
v 0.933481 -0.002673 -0.001292
v -0.916089 -0.000610 0.002050
v -0.950033 0.010427 -0.008677
v -0.962160 0.013190 -0.007819
v -0.982637 0.026524 -0.007601
v -0.970360 0.032398 -0.008692
v 0.674077 0.059675 0.001654
v 0.698242 0.061535 0.002557
v 0.730295 0.053879 -0.009481
v 0.533013 0.061836 -0.008904
v 0.538926 0.060781 -0.008770
v -0.824991 0.072547 0.006289
v 0.911610 0.119478 0.002223
v 0.408143 0.185335 -0.002147
v 0.428956 0.184620 -0.008760
v 0.430240 0.188213 -0.004889
v 0.256331 0.181719 0.001993
v 0.366558 0.196578 -0.009415
v 0.379051 0.195161 -0.006207
v 0.374451 0.205970 -0.004641
v -0.133966 0.208321 -0.000101
v 0.382831 0.215461 -0.000314
v -0.133842 0.217642 0.001897
v 0.429001 0.205809 -0.001761
v -0.288374 0.221127 -0.000964
v -0.283650 0.219121 -0.008867
v 0.372108 0.227121 -0.011369
v 0.382817 0.230500 -0.007553
v 0.314934 0.240735 -0.005754
v 0.391120 0.240470 -0.007471
v 0.372929 0.262497 -0.002561
v 0.397162 0.251785 -0.007285
v 0.890515 0.258198 0.003012
v 0.418058 0.276249 -0.001920
v 0.916596 0.277298 0.002209
v 0.481165 0.283427 0.006350
v -0.141777 0.289534 0.000025
v 0.470458 0.312201 0.010792
v 0.460702 0.311735 -0.005036
v 0.463315 0.309621 -0.009062
v -0.144620 0.330011 -0.006192
v -0.147416 0.340924 -0.002429
v 0.983170 -0.330049 -0.005692
v 0.987888 -0.337680 -0.002064
v 0.998199 -0.338813 0.001178
v 0.411806 -0.273074 0.001823
v 0.413426 -0.268968 0.009795
v 0.399578 -0.251657 -0.002336
v 0.490648 -0.250914 0.009813
v 0.361087 -0.247691 0.002379
v 0.379835 -0.202438 0.000006
v 0.433218 -0.198145 -0.001810
v -0.014763 -0.174437 0.001797
v 0.831050 -0.183708 0.002395
v 0.512179 -0.134784 -0.001103
v 0.647410 -0.066279 0.003582
v 0.527457 -0.058251 -0.003853
v 0.702802 -0.053952 0.006036
v 0.690056 -0.045244 0.005644
v 0.679588 -0.041923 -0.000149
v -0.937465 0.006512 -0.001606
v -0.970554 0.011989 -0.001067
v -0.983184 0.015576 -0.000582
v -0.995652 0.021717 -0.002604
v -0.995155 0.025654 -0.003240
v -0.998080 0.028179 0.000712
v -0.982432 0.031309 -0.001422
v -0.965622 0.035551 -0.001939
v -0.920665 0.046217 -0.001732
v -0.891452 0.055211 0.002263
v 0.729178 0.056858 -0.001079
v 0.555608 0.066959 0.001709
v 0.785825 0.085246 0.001869
v 0.519329 0.134313 0.002513
v -0.582914 0.139608 0.002638
v 0.833352 0.166807 -0.001023
v -0.513413 0.169370 0.002336
v 0.429122 0.185965 -0.005387
v 0.382398 0.194335 -0.004580
v 0.934586 0.191032 0.002436
v 0.377928 0.200424 -0.003080
v 0.378878 0.205821 -0.001117
v 0.296002 0.224053 -0.001975
v 0.384975 0.228065 -0.004026
v 0.428644 0.222743 0.010492
v 0.952243 0.226315 -0.000168
v 0.943579 0.211545 0.002314
v 0.306228 0.236492 -0.001888
v 0.311671 0.240694 -0.004401
v 0.396280 0.245071 -0.004930
v 0.500996 0.234179 0.002121
v 0.327655 0.251889 0.000402
v 0.400314 0.252739 -0.005531
v 0.400400 0.266284 -0.004213
v 0.406966 0.263204 -0.000914
v 0.403879 0.263123 -0.003611
v 0.373055 0.267401 0.000182
v 0.421936 0.260932 -0.006524
v 0.939903 0.289605 0.002022
v 0.994952 0.304078 -0.004524
v 0.989039 0.286618 0.001395
v 0.956506 0.294294 -0.003113
v 0.980237 0.306421 -0.001346
v -0.137518 0.314409 -0.002166
v 0.992278 0.311595 -0.001073
v 0.994648 0.307944 -0.003733
v -0.212388 0.316985 -0.000143
v 0.466287 0.313588 0.003637
v 0.463132 0.311968 -0.004978
v -0.132783 0.331014 0.000685
v -0.136994 0.334100 -0.002640
v -0.175000 0.335700 -0.000146
v -0.163080 0.339678 -0.000293
v -0.140478 0.341363 -0.001942
v 0.992654 -0.342091 0.000264
v 0.981767 -0.336321 -0.000407
v 0.995254 -0.342023 0.000807
v 0.461736 -0.318896 -0.000970
v 0.460671 -0.319705 0.002236
v 0.911019 -0.299629 0.002730
v 0.901337 -0.294287 0.002743
v 0.412513 -0.275471 0.001490
v 0.956196 -0.252845 0.002940
v 0.403685 -0.246343 0.001225
v 0.404856 -0.243091 0.001705
v 0.404948 -0.240267 0.001607
v 0.328757 -0.233637 0.006225
v 0.401817 -0.234231 0.001816
v 0.943221 -0.223708 -0.000192
v 0.278711 -0.191506 0.002453
v 0.381575 -0.192109 0.000862
v 0.418099 -0.183344 0.001097
v 0.427571 -0.183492 0.001087
v 0.504599 -0.188702 0.010383
v 0.222602 -0.161603 0.002123
v 0.810660 -0.134117 0.002123
v 0.515612 -0.130546 0.010296
v 0.526208 -0.076367 0.009792
v 0.782822 -0.078235 0.006184
v 0.740235 -0.052519 0.005441
v 0.547899 -0.062177 0.006754
v 0.538998 -0.057621 0.003600
v 0.558849 -0.059578 0.004376
v 0.657963 -0.062036 0.003418
v 0.611244 -0.049997 -0.000643
v 0.674628 -0.049826 0.006687
v 0.709675 -0.055024 0.003564
v 0.739792 -0.052328 0.002907
v 0.583517 -0.048078 0.004193
v 0.678881 -0.044891 0.003810
v 0.597565 -0.045120 0.003291
v 0.926645 0.012751 -0.001018
v 0.932275 0.000594 0.001178
v -0.994986 0.017975 -0.000154
v -0.998369 0.020389 -0.000261
v 0.924627 0.016867 -0.000983
v -0.998866 0.024401 -0.000925
v 0.922735 0.021163 0.001601
v 0.910507 0.046072 -0.001014
v 0.914514 0.037708 0.001296
v 0.910519 0.046618 0.001183
v 0.904651 0.053971 -0.001713
v 0.570354 0.059241 0.002203
v 0.615502 0.058959 0.004041
v 0.679932 0.057038 0.001921
v 0.902403 0.058603 -0.001506
v 0.713109 0.066316 -0.000715
v 0.900991 0.063688 -0.001147
v 0.534055 0.066067 0.002707
v 0.538233 0.062342 -0.001382
v 0.543541 0.062761 0.001511
v 0.558553 0.066641 0.001733
v 0.706438 0.065154 0.002175
v 0.798022 0.091018 0.001176
v -0.700061 0.103919 0.010508
v -0.599851 0.132722 0.010484
v 0.838448 0.179027 0.001490
v 0.423447 0.183402 -0.001687
v 0.428933 0.187705 -0.001342
v 0.383538 0.194801 -0.001298
v 0.014288 0.201009 0.006494
v 0.381210 0.199075 -0.000771
v -0.297231 0.223031 0.006557
v 0.960450 0.236754 0.002147
v -0.138852 0.242740 0.001058
v 0.315184 0.244939 -0.000862
v 0.397688 0.245204 0.001284
v -0.140415 0.255025 0.001812
v 0.421594 0.263860 0.034671
v 0.340473 0.256727 0.000482
v -0.143073 0.268050 -0.000382
v 0.347954 0.260899 0.002599
v 0.360999 0.264335 0.001319
v 0.981143 0.269824 0.001740
v 0.393316 0.270088 0.000661
v 0.399569 0.269363 0.002470
v -0.240295 0.292167 0.003103
v 0.944036 0.290800 0.000384
v 0.947927 0.293421 0.002092
v -0.139640 0.298114 0.001057
v 0.952104 0.294037 0.002045
v 0.996468 0.302789 0.000560
v 0.960400 0.297981 0.001895
v -0.137476 0.306636 0.000486
v 0.997185 0.305729 -0.000373
v 0.996488 0.308292 0.001220
v -0.134655 0.322959 0.000700
v 0.989028 0.310666 0.001297
v 0.994126 0.311609 0.000511
v 0.463697 0.312682 -0.000900
v -0.198256 0.327282 0.002030
v -0.184245 0.331683 0.000101
v -0.137118 0.342084 0.000878
v -0.154920 0.341780 0.000110
v -0.150774 0.344114 -0.000063
v -0.137291 0.344822 0.001942
v 0.992275 -0.345121 0.005682
v 0.992724 -0.344654 0.003237
v 0.995306 -0.344830 0.003403
v 1.000000 -0.338849 0.004495
v 0.999413 -0.336246 0.004378
v 0.960929 -0.325184 0.005794
v 0.463243 -0.319577 0.005563
v 0.990210 -0.319974 0.004209
v 0.987209 -0.311777 0.002914
v 0.886736 -0.284687 0.001858
v 0.883350 -0.281919 0.001870
v 0.432172 -0.214973 0.009831
v 0.382264 -0.207502 0.002973
v 0.380669 -0.197406 0.002336
v -0.227108 -0.188522 0.001964
v 0.433025 -0.187853 0.001509
v -0.106063 -0.179512 0.002037
v -0.462515 -0.156639 0.001684
v 0.804387 -0.117985 0.001773
v 0.640061 -0.064783 0.006147
v 0.650542 -0.066116 0.003796
v 0.554802 -0.062510 0.008484
v 0.533110 -0.060034 0.006749
v 0.570661 -0.055949 0.006752
v 0.596598 -0.046234 0.006332
v 0.931411 -0.008772 0.001354
v -0.974721 0.012957 0.005161
v -0.995274 0.018176 0.003269
v -0.998448 0.019905 0.003123
v -1.000000 0.022853 0.001802
v -0.991676 0.030015 0.001567
v -0.979025 0.031358 0.005312
v 0.904230 0.053982 0.001294
v 0.728303 0.058265 0.002554
v 0.901064 0.063672 0.001364
v 0.537241 0.063589 0.002015
v 0.720019 0.064518 0.002681
v 0.901386 0.072606 0.001425
v 0.794519 0.087977 0.001630
v 0.519955 0.130141 0.005619
v 0.513538 0.163458 0.005422
v 0.386516 0.191584 0.000592
v 0.391887 0.188004 0.000491
v 0.428251 0.187992 0.005852
v 0.850033 0.199648 0.001231
v 0.381959 0.196129 0.002445
v 0.380700 0.206526 0.003687
v -0.127451 0.205647 0.005497
v -0.130688 0.207304 0.004092
v 0.382200 0.211205 0.003909
v -0.133638 0.213037 0.003396
v 0.385275 0.219044 0.002115
v 0.387341 0.228102 0.002237
v 0.866778 0.224032 0.001832
v 0.389656 0.232953 0.001980
v -0.269108 0.245077 0.001944
v -0.282312 0.226934 0.002789
v 0.319748 0.248731 0.002392
v 0.327766 0.253398 0.002733
v 0.402391 0.254306 0.001495
v 0.336674 0.256029 0.003179
v -0.142283 0.263675 0.001555
v 0.348782 0.261054 0.005459
v 0.356990 0.263585 0.002864
v -0.143120 0.280888 0.002949
v 0.369091 0.268171 0.002577
v -0.250550 0.274304 0.002198
v 0.381263 0.269150 0.004095
v 0.417971 0.279741 0.006105
v 0.993941 0.298805 0.001090
v -0.231934 0.302037 0.002720
v -0.228093 0.306399 0.002449
v -0.208519 0.320512 0.003630
v 0.463486 0.317679 0.007631
v -0.134059 0.330755 0.003789
v -0.188433 0.332180 0.003321
v -0.184179 0.332463 0.003157
v -0.179349 0.335022 0.002914
v -0.167141 0.339117 0.002955
v -0.154687 0.342553 0.003603
v -0.147412 0.345121 0.004761
v 0.994346 -0.344551 0.007242
v 0.460985 -0.317693 0.012902
v 0.988495 -0.320030 0.008516
v 0.465098 -0.316258 0.009508
v 0.972884 -0.290407 0.008444
v 0.889889 -0.286884 0.005118
v 0.474144 -0.296257 0.009557
v 0.486802 -0.263219 0.009720
v 0.972885 -0.286694 0.004746
v 0.365264 -0.249152 0.014209
v 0.395769 -0.249034 0.009354
v 0.862408 -0.242362 0.012987
v 0.336790 -0.238307 0.010077
v 0.398430 -0.240218 0.012393
v 0.421543 -0.260818 0.038562
v 0.386395 -0.216261 0.008758
v 0.940998 -0.215464 0.008853
v 0.320887 -0.227885 0.009894
v 0.311705 -0.220596 0.009788
v 0.845914 -0.208810 0.012594
v 0.381524 -0.207593 0.008537
v 0.380227 -0.198271 0.005119
v 0.381193 -0.192554 0.003752
v -0.210213 -0.185791 0.009295
v 0.382126 -0.190296 0.004346
v 0.388001 -0.184900 0.004040
v 0.397039 -0.183220 0.003803
v 0.427512 -0.181715 0.004081
v 0.430207 -0.182787 0.004484
v 0.831763 -0.183823 0.005284
v 0.937515 -0.202844 0.008906
v -0.583110 -0.102230 0.005354
v 0.795097 -0.083204 0.017049
v 0.913793 -0.090345 0.005412
v -0.637537 -0.079289 0.009129
v 0.908779 -0.069520 0.008852
v -0.678964 -0.069241 0.005794
v 0.647370 -0.067463 0.006159
v 0.650216 -0.067199 0.006720
v 0.530331 -0.062769 0.009512
v 0.539340 -0.059531 0.008009
v 0.562206 -0.059775 0.006970
v 0.709598 -0.055690 0.006105
v 0.583291 -0.049399 0.008157
v 0.734980 -0.050807 0.005232
v 0.601918 -0.046103 0.005594
v 0.678264 -0.046777 0.008200
v 0.683803 -0.044124 0.007618
v -0.814372 -0.032026 0.004967
v -0.884238 -0.011189 0.005226
v 0.928465 -0.005775 0.008057
v -0.928875 0.004391 0.005620
v -0.966528 0.011854 0.008788
v -0.998806 0.022749 0.004786
v 0.917244 0.029479 0.004074
v -0.998557 0.025453 0.004299
v -0.995414 0.028175 0.003832
v -0.991561 0.028399 0.004242
v -0.953858 0.037401 0.009277
v 0.897643 0.059360 0.007651
v 0.588682 0.055169 0.006027
v 0.734741 0.056269 0.006188
v 0.899386 0.064019 0.004480
v -0.862428 0.062096 0.009314
v 0.566209 0.061061 0.005071
v 0.610986 0.056572 0.008739
v 0.675019 0.052735 0.012773
v 0.716685 0.065728 0.005350
v 0.728820 0.056773 0.008712
v 0.537701 0.059743 0.007720
v 0.543057 0.061802 0.004549
v 0.548294 0.062911 0.004455
v 0.555964 0.066020 0.004670
v 0.899333 0.068834 0.004543
v 0.713734 0.066727 0.005331
v 0.630718 0.073873 0.006379
v 0.642800 0.081224 0.006247
v -0.779277 0.084574 0.009998
v 0.903420 0.098405 0.008802
v 0.908932 0.119394 0.008846
v -0.587230 0.137805 0.006249
v -0.513097 0.169278 0.005550
v 0.918803 0.152747 0.008797
v 0.926807 0.182294 0.012484
v 0.252580 0.179630 0.005803
v 0.837544 0.174965 0.004335
v 0.418255 0.181644 0.005352
v 0.423909 0.182732 0.004982
v 0.508724 0.188458 0.005269
v 0.382288 0.192109 0.003208
v 0.383765 0.186944 0.005560
v 0.936926 0.202889 0.008561
v 0.940463 0.207275 0.004917
v -0.430091 0.200949 0.005443
v 0.381283 0.208617 0.005565
v -0.334377 0.217679 0.006017
v 0.293148 0.219897 0.005686
v -0.288773 0.222833 0.007308
v -0.267865 0.245665 0.004865
v 0.310590 0.240493 0.005419
v 0.398505 0.249111 0.004276
v -0.140460 0.246836 0.004167
v 0.404013 0.263334 0.004327
v -0.146317 0.268008 0.007245
v 0.330871 0.253023 0.008565
v 0.340793 0.256888 0.008204
v -0.248463 0.276675 0.005278
v 0.977247 0.264903 0.004110
v 0.365287 0.265756 0.004982
v 0.399853 0.268523 0.003910
v 0.489544 0.262364 0.005376
v 0.889971 0.257646 0.009062
v 0.894659 0.262122 0.008964
v 0.396884 0.269247 0.003960
v -0.142543 0.289394 0.004035
v 0.915085 0.275653 0.004875
v 0.994747 0.305463 0.003509
v 0.948090 0.291760 0.004362
v -0.228622 0.305279 0.004624
v -0.140316 0.302312 0.003772
v 0.992193 0.310970 0.003769
v -0.196665 0.327677 0.004315
v -0.179554 0.334344 0.004584
v -0.137908 0.341861 0.004467
v -0.140842 0.345070 0.004655
v 0.998677 -0.339063 0.008445
v 0.981505 -0.334311 0.012632
v 0.915088 -0.300583 0.009013
v 0.898808 -0.270634 0.042222
v 0.384289 -0.251307 0.030209
v 0.387912 -0.250981 0.018421
v 0.957189 -0.257380 0.008964
v 0.348969 -0.242629 0.017992
v 0.378125 -0.193494 0.007544
v 0.379135 -0.189138 0.007110
v -0.110492 -0.177439 0.017749
v 0.379439 -0.184478 0.007632
v 0.433474 -0.183735 0.006442
v 0.922764 -0.169477 0.020974
v 0.815847 -0.125857 0.021250
v -0.616447 -0.075324 0.038108
v 0.548133 -0.062201 0.009416
v 0.653634 -0.064725 0.008989
v 0.532653 -0.059948 0.009491
v 0.749215 -0.057341 0.009502
v 0.669637 -0.053407 0.009076
v 0.706244 -0.054400 0.008849
v -0.712670 -0.054811 0.017012
v -0.791632 -0.019398 0.036537
v 0.916106 -0.026007 0.012478
v 0.926978 -0.002432 0.010395
v -0.916481 0.003207 0.012934
v -0.962361 0.012957 0.011952
v -0.987044 0.017412 0.007318
v -0.994996 0.020131 0.006029
v 0.895663 0.021163 0.037397
v -0.974613 0.028944 0.011464
v -0.966256 0.032009 0.012070
v 0.584312 0.054901 0.009149
v 0.605841 0.055261 0.008629
v 0.736082 0.056767 0.009388
v 0.649222 0.074155 0.013334
v 0.555815 0.052268 0.023759
v 0.632035 0.074525 0.009098
v 0.883529 0.081748 0.041799
v 0.642679 0.080805 0.009082
v 0.798757 0.086012 0.013075
v 0.804052 0.091630 0.012925
v -0.600041 0.132257 0.013748
v 0.516137 0.134354 0.012780
v -0.558185 0.148952 0.009276
v 0.819782 0.133636 0.008897
v 0.827504 0.146014 0.012961
v 0.505759 0.175992 0.016952
v 0.424052 0.177949 0.012921
v 0.427158 0.183174 0.009249
v 0.375948 0.179226 0.016823
v 0.378492 0.192680 0.006330
v 0.378675 0.187786 0.007061
v -0.002282 0.201977 0.009618
v 0.089120 0.186639 0.034220
v -0.126897 0.205006 0.009264
v -0.047926 0.203432 0.009644
v -0.293431 0.222912 0.009781
v 0.384466 0.231696 0.012126
v -0.279964 0.221089 0.012649
v -0.274747 0.220652 0.016992
v 0.395188 0.248183 0.007894
v 0.494761 0.234170 0.017166
v 0.961821 0.244760 0.007876
v 0.316595 0.244482 0.008657
v 0.424662 0.248090 0.026991
v -0.145051 0.255220 0.007727
v 0.399677 0.263204 0.006667
v 0.956802 0.269173 0.024701
v 0.938098 0.232104 0.024743
v 0.364542 0.262803 0.007576
v 0.396845 0.266462 0.005949
v 0.418826 0.274716 0.017493
v -0.240904 0.287288 0.008326
v 0.441523 0.300582 0.009699
v 0.974913 0.291610 0.015261
v -0.232717 0.297753 0.008079
v 0.979943 0.299574 0.010201
v 0.458298 0.315303 0.010797
v 0.987909 0.304806 0.007125
v 0.462612 0.319000 0.014484
v -0.188549 0.328453 0.006636
v -0.141033 0.334556 0.008203
v -0.147294 0.342540 0.007148
v 0.992809 -0.340803 0.011130
v 0.995215 -0.341332 0.010070
v 0.995103 -0.338938 0.011500
v 0.994784 -0.335822 0.011806
v 0.985851 -0.327240 0.017228
v 0.463459 -0.316851 0.013062
v 0.457485 -0.309975 0.025546
v 0.970958 -0.317461 0.025925
v 0.389760 -0.249364 0.021678
v 0.388116 -0.247325 0.029367
v 0.374300 -0.211702 0.017715
v 0.499204 -0.213662 0.013425
v 0.935089 -0.211180 0.016757
v 0.279592 -0.186613 0.025984
v 0.366085 -0.194504 0.017649
v 0.370638 -0.180437 0.012961
v 0.379778 -0.179481 0.009521
v 0.432171 -0.178620 0.009409
v 0.435789 -0.180229 0.013185
v 0.438465 -0.177092 0.021448
v -0.031451 -0.170719 0.021827
v 0.380242 -0.174497 0.013220
v 0.393237 -0.167515 0.020555
v 0.512607 -0.118157 0.021058
v 0.908424 -0.111119 0.025281
v 0.527826 -0.059312 0.016232
v 0.644089 -0.051382 0.033218
v 0.539226 -0.057283 0.011978
v 0.558421 -0.058692 0.012365
v 0.897456 -0.065317 0.029896
v 0.706361 -0.046971 0.021241
v 0.740041 -0.042336 0.020842
v 0.690000 -0.034007 0.025064
v 0.907019 -0.021815 0.029256
v -0.982808 0.022482 0.011077
v -0.883233 0.051519 0.021364
v 0.538234 0.053757 0.012775
v 0.720602 0.053799 0.020897
v 0.889169 0.060354 0.020995
v 0.713617 0.056479 0.019961
v 0.757072 0.064156 0.021695
v 0.761176 0.070724 0.009542
v 0.639901 0.073872 0.017693
v -0.670903 0.110698 0.017519
v 0.505145 0.121909 0.037674
v 0.854092 0.178874 0.033738
v 0.256438 0.173095 0.030568
v 0.428831 0.183943 0.013580
v 0.366089 0.188981 0.015108
v 0.370999 0.182859 0.013932
v 0.933163 0.206970 0.016670
v -0.142042 0.208364 0.016382
v -0.136448 0.203552 0.016578
v 0.379732 0.227200 0.015699
v -0.154458 0.238212 0.020651
v 0.295481 0.213402 0.025108
v 0.882214 0.220659 0.035881
v 0.383682 0.238781 0.014206
v 0.339699 0.252550 0.011134
v -0.245854 0.249604 0.029826
v 0.418547 0.272901 0.014753
v 0.418301 0.272235 0.018255
v 0.483527 0.271170 0.013275
v 0.479192 0.275424 0.021700
v -0.166247 0.267521 0.021528
v -0.170150 0.297430 0.021756
v 0.471622 0.287989 0.034313
v -0.217127 0.294318 0.019143
v -0.156797 0.320800 0.014961
v 0.465976 0.318133 0.014536
v -0.148226 0.334162 0.010287
v -0.144393 0.337872 0.008901
v 0.983095 -0.329502 0.018422
v 0.987805 -0.333371 0.015870
v 0.964442 -0.316699 0.025193
v 0.417493 -0.270684 0.021412
v 0.461752 -0.296171 0.046019
v 0.464575 -0.278590 0.059271
v 0.415377 -0.268793 0.017787
v 0.948344 -0.273791 0.026170
v 0.373297 -0.250496 0.022260
v 0.352747 -0.239153 0.033282
v 0.434312 -0.232416 0.043114
v 0.944742 -0.240569 0.016495
v 0.493764 -0.234370 0.013646
v 0.311939 -0.211977 0.033891
v 0.856300 -0.208822 0.033633
v 0.842108 -0.171585 0.037831
v -0.297625 -0.176238 0.050745
v 0.500029 -0.201342 0.017025
v 0.366921 -0.175760 0.016100
v 0.431314 -0.170126 0.018449
v 0.434807 -0.175479 0.016747
v 0.431144 -0.161496 0.028842
v 0.503906 -0.168167 0.020991
v -0.458531 -0.145672 0.038353
v 0.917645 -0.136101 0.016942
v 0.803373 -0.083734 0.029126
v 0.794960 -0.078306 0.025476
v 0.649912 -0.057202 0.025057
v 0.533688 -0.054121 0.015242
v 0.709626 -0.046012 0.025267
v 0.606576 -0.035811 0.024844
v 0.678489 -0.032856 0.029120
v -0.691607 -0.028896 0.073921
v 0.583625 -0.040316 0.020440
v 0.897647 -0.047148 0.029245
v 0.908665 -0.005727 0.037348
v -0.929190 0.012112 0.022821
v -0.953789 0.019486 0.018186
v -0.952717 0.029949 0.018971
v -0.945920 0.036588 0.016546
v 0.610175 0.044516 0.025152
v 0.676147 0.044241 0.028401
v 0.532940 0.053685 0.014886
v 0.528008 0.050246 0.023764
v 0.642352 0.073677 0.019217
v 0.801890 0.083031 0.026152
v 0.797581 0.080933 0.038939
v 0.803339 0.086433 0.017154
v 0.816068 0.085237 0.041651
v 0.910790 0.177549 0.037589
v 0.427173 0.168191 0.033773
v 0.428341 0.178798 0.017488
v 0.184875 0.177951 0.034307
v 0.270812 0.181743 0.037529
v 0.262176 0.175801 0.029902
v 0.280980 0.194870 0.033480
v -0.140244 0.199040 0.025350
v -0.280964 0.218941 0.016997
v 0.299134 0.216131 0.025307
v 0.315419 0.236724 0.016121
v 0.355223 0.209041 0.026382
v -0.233719 0.258087 0.033117
v 0.485647 0.238404 0.038307
v 0.946260 0.266820 0.030625
v 0.959388 0.282387 0.020731
v 0.971918 0.291089 0.015807
v 0.470950 0.308702 0.017854
v -0.213423 0.287162 0.024826
v 0.465843 0.315635 0.021362
v -0.164693 0.312992 0.018187
v 0.975974 -0.324602 0.022057
v 0.982604 -0.326253 0.019729
v 0.977500 -0.319624 0.022044
v 0.462758 -0.311954 0.021418
v 0.965006 -0.303220 0.024349
v 0.486337 -0.234555 0.029592
v 0.361283 -0.245558 0.025999
v 0.927971 -0.243685 0.037494
v 0.366336 -0.211769 0.023431
v 0.287276 -0.188856 0.037734
v 0.367501 -0.170758 0.018728
v 0.438238 -0.171826 0.022295
v 0.043446 -0.161994 0.034332
v 0.363829 -0.165608 0.024719
v 0.230905 -0.145915 0.059234
v -0.646650 -0.061642 0.042068
v 0.647109 -0.052879 0.032663
v 0.555527 -0.045464 0.026601
v 0.528070 -0.050297 0.020367
v 0.733829 -0.036538 0.029056
v 0.706354 -0.040794 0.032304
v 0.597233 -0.034461 0.024685
v -0.900860 0.008367 0.028426
v 0.555572 0.032654 0.045945
v 0.671063 0.042148 0.033335
v -0.858184 0.053242 0.033503
v 0.645680 0.071240 0.020629
v -0.816692 0.061817 0.042064
v 0.810312 0.087339 0.029663
v 0.516399 0.088622 0.029330
v -0.687710 0.094130 0.046330
v -0.521774 0.148341 0.050631
v 0.430234 0.180256 0.023044
v 0.362318 0.183517 0.017923
v 0.359194 0.184513 0.020391
v 0.362191 0.180345 0.020794
v 0.361605 0.189571 0.018917
v 0.353734 0.193675 0.028493
v 0.487723 0.234550 0.033947
v -0.140787 0.203097 0.018640
v -0.342555 0.203045 0.042432
v -0.289073 0.212004 0.042374
v -0.276411 0.214781 0.025331
v -0.154099 0.204641 0.033374
v 0.302210 0.213901 0.027734
v 0.898184 0.240600 0.032485
v 0.422264 0.259683 0.043191
v 0.962415 0.279325 0.022753
v -0.166236 0.284727 0.019493
v 0.464290 0.316774 0.020999
v 0.910504 -0.278484 0.041435
v 0.946741 -0.265449 0.024450
v 0.937930 -0.264989 0.032329
v 0.383443 -0.244682 0.033834
v 0.327475 -0.221189 0.037556
v 0.349982 -0.194416 0.026892
v 0.342105 -0.172587 0.027518
v -0.110402 -0.161259 0.062940
v 0.254077 -0.157323 0.033921
v 0.358568 -0.171625 0.020798
v -0.384027 -0.155314 0.067158
v 0.435844 -0.155817 0.037769
v 0.436768 -0.162816 0.029374
v 0.248943 -0.156766 0.025641
v 0.917405 -0.206734 0.041242
v 0.508919 -0.113990 0.029384
v 0.529392 -0.041729 0.026815
v 0.684487 -0.024007 0.036811
v -0.924727 0.037288 0.025155
v 0.533809 0.044898 0.024461
v 0.563139 0.045850 0.028865
v 0.656817 0.045101 0.041490
v 0.736085 0.043372 0.033489
v 0.713656 0.046673 0.032914
v 0.797982 0.077299 0.058871
v 0.497504 0.080326 0.065806
v 0.508212 0.117723 0.033521
v 0.890531 0.123144 0.046239
v -0.591690 0.123933 0.038028
v 0.841173 0.146842 0.037466
v 0.429972 0.175192 0.025052
v 0.362966 0.177558 0.025254
v 0.372285 0.162123 0.058785
v 0.356603 0.184263 0.024551
v 0.431071 0.189079 0.030480
v 0.356964 0.189741 0.024409
v 0.430348 0.201496 0.023408
v -0.251854 0.233311 0.037040
v 0.890033 0.236981 0.029632
v -0.162159 0.225456 0.031927
v 0.930885 0.252760 0.035934
v 0.957666 0.275856 0.025644
v -0.177282 0.296637 0.023697
v 0.462792 0.311070 0.029281
v 0.958878 -0.308798 0.029796
v 0.459691 -0.308803 0.029219
v 0.461557 -0.302615 0.037601
v 0.949187 -0.297975 0.034245
v 0.958077 -0.305549 0.030655
v 0.425019 -0.263027 0.050861
v 0.384016 -0.249720 0.033256
v 0.874205 -0.238005 0.037329
v 0.864492 -0.225371 0.033555
v 0.366913 -0.224276 0.028830
v 0.440556 -0.215300 0.051374
v 0.918362 -0.210914 0.041156
v 0.277809 -0.178643 0.042024
v -0.239457 -0.158968 0.079599
v 0.342575 -0.167059 0.028369
v 0.442084 -0.158525 0.039951
v 0.815361 -0.101051 0.037665
v 0.900353 -0.115201 0.041512
v 0.799082 -0.079027 0.029308
v 0.798070 -0.076113 0.033521
v 0.887039 -0.052491 0.045913
v 0.523738 -0.042478 0.030063
v 0.712797 -0.037013 0.037428
v 0.584393 -0.020016 0.040632
v 0.694016 -0.025118 0.041449
v 0.881449 -0.047815 0.053472
v -0.850189 0.000265 0.037815
v -0.904750 0.037824 0.032302
v 0.528944 0.040860 0.030970
v 0.534371 0.041192 0.028778
v 0.614929 0.043090 0.028946
v 0.878828 0.046296 0.041469
v 0.517937 0.038160 0.045869
v 0.757653 0.051510 0.054827
v 0.643226 0.053567 0.041433
v 0.769869 0.062684 0.051055
v 0.807238 0.083870 0.030047
v 0.884122 0.093882 0.045135
v -0.454396 0.186908 0.025560
v 0.431539 0.175643 0.030048
v 0.433843 0.171537 0.038698
v 0.358169 0.178340 0.027508
v 0.349576 0.184494 0.030570
v 0.861248 0.195684 0.029758
v -0.150466 0.204465 0.028823
v -0.144870 0.198558 0.029217
v 0.431193 0.210654 0.047577
v -0.271044 0.213998 0.029475
v -0.266583 0.211286 0.037513
v 0.425283 0.248108 0.043575
v -0.165495 0.229732 0.031991
v 0.948716 0.264424 0.030230
v -0.177938 0.263377 0.027540
v 0.953960 0.271580 0.027531
v 0.465493 0.303363 0.037821
v 0.937837 -0.292731 0.038364
v 0.922059 -0.283387 0.041251
v 0.928530 -0.273382 0.038962
v 0.937357 -0.289261 0.038825
v 0.889718 -0.262732 0.037392
v 0.373127 -0.245987 0.034451
v 0.383586 -0.247012 0.034645
v 0.485522 -0.188940 0.045691
v 0.447683 -0.194193 0.072108
v -0.322885 -0.173352 0.046786
v 0.330169 -0.167294 0.031970
v 0.334100 -0.164081 0.032554
v 0.334313 -0.161606 0.035113
v 0.114294 -0.152483 0.055141
v 0.248217 -0.151247 0.042442
v 0.897943 -0.117744 0.045371
v -0.504066 -0.112737 0.071340
v 0.504363 -0.113937 0.037647
v 0.807762 -0.078899 0.036920
v 0.769867 -0.050898 0.059234
v 0.643996 -0.041530 0.046084
v 0.745777 -0.035749 0.037936
v 0.555623 -0.008191 0.057275
v 0.733880 -0.027155 0.041066
v 0.739843 -0.026590 0.041198
v -0.824868 -0.004034 0.042886
v -0.878450 0.038665 0.039882
v -0.878981 0.041398 0.038235
v 0.730851 0.039250 0.037152
v 0.623936 0.038101 0.041361
v 0.806395 0.082272 0.034463
v 0.829126 0.125328 0.033544
v 0.430555 0.170179 0.033797
v 0.255781 0.162355 0.067316
v 0.350440 0.177038 0.032619
v 0.347265 0.179360 0.032572
v 0.434276 0.189296 0.043200
v -0.149814 0.199514 0.031055
v -0.147889 0.192327 0.042182
v 0.278412 0.189369 0.037024
v 0.284736 0.176940 0.040084
v 0.873199 0.208912 0.037281
v -0.272060 0.210620 0.035851
v 0.928374 0.242992 0.041524
v 0.935429 0.247769 0.036218
v -0.241958 0.245777 0.036289
v -0.214579 0.246606 0.036372
v 0.945357 0.263455 0.032001
v -0.222154 0.266906 0.032267
v 0.461391 0.298835 0.045474
v 0.459150 -0.303963 0.038388
v 0.453600 -0.298893 0.041959
v 0.945504 -0.296999 0.035878
v 0.376781 -0.245200 0.034785
v 0.364001 -0.239153 0.034938
v 0.352548 -0.237021 0.035493
v 0.347084 -0.231110 0.036802
v 0.915430 -0.214838 0.045029
v 0.312094 -0.209833 0.037211
v 0.331114 -0.221791 0.037855
v 0.307058 -0.204324 0.038504
v 0.318301 -0.209867 0.038793
v 0.316822 -0.167220 0.035896
v -0.281175 -0.175119 0.046451
v 0.848806 -0.176187 0.044632
v 0.363990 -0.150411 0.054528
v 0.439716 -0.145102 0.058507
v 0.193371 -0.148318 0.055155
v 0.253781 -0.153242 0.042223
v 0.485573 -0.134794 0.062391
v 0.797890 -0.068631 0.050729
v 0.761339 -0.045448 0.054924
v 0.647030 -0.036614 0.052984
v 0.706199 -0.033963 0.041178
v 0.519334 -0.030250 0.043367
v 0.525218 -0.025844 0.041179
v -0.825865 -0.000824 0.044812
v 0.580315 0.031522 0.045356
v 0.524613 0.036859 0.038280
v 0.671513 0.032794 0.046350
v 0.874229 0.051730 0.045600
v 0.881112 0.081689 0.045422
v 0.810495 0.081526 0.042389
v 0.811400 0.083538 0.038113
v 0.836652 0.130083 0.041043
v 0.852767 0.171201 0.037834
v 0.260978 0.170189 0.042458
v 0.269238 0.174451 0.043272
v 0.347015 0.173777 0.036947
v 0.338609 0.179601 0.034674
v 0.911430 0.190005 0.042165
v -0.010477 0.175538 0.083908
v -0.157857 0.200109 0.038565
v -0.152981 0.194688 0.039320
v -0.161431 0.204605 0.038760
v 0.457667 -0.301149 0.041255
v 0.898585 -0.267416 0.043960
v 0.890188 -0.255085 0.042070
v 0.885645 -0.246820 0.042117
v 0.425015 -0.256862 0.051628
v 0.873504 -0.230116 0.041202
v 0.319111 -0.213324 0.038235
v 0.857636 -0.202532 0.041049
v 0.314732 -0.209572 0.038811
v 0.297723 -0.193303 0.040965
v 0.285634 -0.184068 0.042099
v -0.176913 -0.163472 0.062950
v -0.010566 -0.156322 0.063170
v 0.266636 -0.168127 0.041916
v 0.288674 -0.163554 0.042495
v 0.313521 -0.162771 0.037836
v 0.309621 -0.159631 0.041194
v 0.839878 -0.151455 0.046081
v 0.829354 -0.133454 0.041596
v 0.814916 -0.075414 0.045727
v 0.808810 -0.074879 0.041249
v 0.493220 -0.097339 0.062507
v 0.889872 -0.090073 0.049957
v 0.885434 -0.056901 0.049952
v 0.619268 -0.015851 0.057157
v 0.526247 -0.012642 0.050659
v 0.679568 -0.004661 0.058236
v 0.893565 -0.002913 0.057915
v 0.609890 0.024077 0.051141
v 0.572095 0.024579 0.053817
v 0.729803 0.032378 0.044884
v 0.737169 0.037467 0.044244
v 0.733364 0.036960 0.041144
v -0.837327 0.055088 0.041527
v 0.777229 0.062002 0.071312
v -0.741208 0.073399 0.062800
v -0.620898 0.098618 0.074498
v 0.848196 0.155097 0.040686
v 0.898275 0.148330 0.045079
v 0.433119 0.166958 0.042514
v 0.437925 0.167417 0.051766
v 0.322505 0.171354 0.041321
v 0.330632 0.174377 0.037814
v 0.856975 0.175669 0.039407
v 0.076638 0.178752 0.063244
v 0.873185 0.204924 0.038596
v 0.487991 0.163529 0.054202
v 0.908394 0.193659 0.045420
v -0.268041 0.208121 0.041904
v -0.262901 0.211990 0.041443
v -0.253802 0.224902 0.040859
v -0.246726 0.233711 0.040080
v 0.902024 0.233417 0.038301
v 0.921658 0.234370 0.043729
v -0.230982 0.208621 0.047203
v 0.466875 0.283802 0.055055
v 0.463443 0.299176 0.045437
v 0.925295 -0.280753 0.041827
v 0.902131 -0.270612 0.044299
v 0.913408 -0.275983 0.043866
v 0.904716 -0.268914 0.044940
v 0.912535 -0.260425 0.042160
v 0.893602 -0.255664 0.043391
v 0.904747 -0.247623 0.043454
v 0.471189 -0.234893 0.063082
v 0.876810 -0.230624 0.042463
v 0.868418 -0.209633 0.043257
v 0.856034 -0.188824 0.044712
v 0.265569 -0.162657 0.046259
v 0.039408 -0.149723 0.075729
v 0.280460 -0.158663 0.045199
v 0.288998 -0.158051 0.044749
v 0.260571 -0.154258 0.049558
v 0.440868 -0.152845 0.045311
v 0.443195 -0.154892 0.046714
v 0.902325 -0.165058 0.048823
v 0.827621 -0.118215 0.045926
v -0.454438 -0.137765 0.063050
v 0.823772 -0.109804 0.045068
v 0.890572 -0.098339 0.050382
v 0.818009 -0.069636 0.053341
v 0.705890 -0.025295 0.049427
v 0.588926 -0.003990 0.058745
v 0.684718 -0.004782 0.058077
v -0.774945 -0.012525 0.054800
v 0.521525 0.032905 0.045512
v 0.525527 0.028062 0.048308
v 0.534892 0.020812 0.057900
v 0.614765 0.022761 0.053426
v 0.558992 0.024014 0.054844
v 0.736135 0.033269 0.044913
v 0.701033 0.024330 0.058928
v 0.646607 0.036981 0.057492
v -0.774843 0.065547 0.057686
v 0.813738 0.080431 0.046349
v 0.815287 0.082796 0.043047
v 0.818708 0.082782 0.044769
v 0.825838 0.084618 0.044369
v 0.831521 0.113496 0.043008
v 0.834499 0.080296 0.045100
v 0.883432 0.106330 0.047361
v 0.899725 0.160230 0.045984
v -0.495785 0.148381 0.075507
v 0.431948 0.160990 0.051523
v 0.435381 0.166608 0.046394
v 0.903475 0.173093 0.044644
v 0.409707 0.148136 0.087064
v 0.265400 0.170292 0.046282
v 0.269197 0.171883 0.045469
v 0.305740 0.169018 0.046104
v 0.906898 0.185499 0.044201
v 0.441698 0.163244 0.063063
v 0.043531 0.179733 0.067367
v -0.161192 0.195483 0.041955
v -0.206386 0.212921 0.043826
v -0.264792 0.203538 0.050428
v -0.263148 0.207206 0.045288
v -0.259542 0.208177 0.046014
v 0.425580 0.246857 0.062854
v 0.457726 0.294790 0.046485
v 0.465789 0.295306 0.046360
v 0.457026 -0.293142 0.054408
v 0.453561 -0.286787 0.063227
v 0.452407 -0.282798 0.066954
v 0.425373 -0.259519 0.055150
v 0.907960 -0.198111 0.048740
v 0.896884 -0.184954 0.050249
v 0.445164 -0.160229 0.051225
v 0.903605 -0.181356 0.049620
v 0.268374 -0.163337 0.046629
v 0.276526 -0.154151 0.049426
v 0.268513 -0.136965 0.088084
v 0.256882 -0.148743 0.054394
v 0.440597 -0.150225 0.050039
v 0.822710 -0.075597 0.048986
v 0.818999 -0.075968 0.047789
v 0.881808 -0.060791 0.054606
v 0.483590 -0.043102 0.095884
v 0.754428 -0.037158 0.054821
v -0.754085 -0.016497 0.059565
v 0.713119 -0.019924 0.052918
v 0.520455 -0.017140 0.049041
v 0.516523 -0.004510 0.056892
v 0.734297 -0.018079 0.048952
v 0.740341 -0.017522 0.050383
v 0.584432 -0.000799 0.061103
v 0.602095 -0.007405 0.057576
v -0.799967 -0.004785 0.050634
v 0.735310 0.025648 0.049301
v 0.736142 0.029339 0.046894
v 0.520244 0.028747 0.049558
v 0.554960 0.015984 0.065990
v 0.743702 0.038199 0.053929
v 0.743521 0.041235 0.050419
v 0.640031 0.032826 0.059673
v 0.869553 0.050911 0.050969
v 0.504222 0.030483 0.070814
v 0.871738 0.060393 0.048406
v 0.874156 0.066761 0.048587
v 0.845450 0.064351 0.050024
v 0.849807 0.064147 0.049216
v 0.842168 0.071468 0.046692
v 0.854451 0.062513 0.048621
v 0.878685 0.085466 0.048022
v 0.837769 0.070804 0.047688
v 0.841153 0.067162 0.049818
v 0.829381 0.074534 0.047235
v 0.816670 0.078016 0.050315
v 0.833773 0.075283 0.046159
v 0.825221 0.079360 0.045205
v 0.820878 0.078594 0.047026
v 0.805193 0.079718 0.055472
v 0.489434 0.059349 0.087840
v -0.185762 0.192536 0.049306
v -0.173068 0.189930 0.050109
v -0.260408 0.203454 0.049676
v -0.243311 0.203795 0.048665
v -0.227231 0.195760 0.053465
v 0.461759 0.294371 0.049532
v 0.462772 0.286774 0.062713
v 0.443482 -0.215474 0.072307
v 0.899736 -0.172718 0.050997
v 0.471162 -0.189142 0.070956
v 0.891534 -0.139518 0.053931
v 0.884025 -0.118588 0.056318
v 0.264533 -0.150473 0.053944
v 0.281015 -0.147346 0.062834
v 0.444776 -0.150181 0.054515
v 0.838770 -0.067764 0.053694
v 0.825462 -0.069534 0.053116
v 0.834166 -0.066782 0.053435
v 0.829707 -0.068822 0.052720
v 0.701093 -0.012600 0.057257
v 0.521524 -0.004998 0.055441
v 0.739170 -0.008706 0.057843
v -0.779023 0.039475 0.069627
v 0.877891 0.002021 0.073504
v 0.734176 0.017461 0.052850
v 0.740726 0.022004 0.053264
v 0.734751 0.021311 0.051362
v 0.521606 0.024466 0.054092
v 0.516002 0.029303 0.053887
v 0.592761 0.020582 0.055922
v 0.725025 0.024708 0.053332
v 0.741576 0.030465 0.052508
v 0.867394 0.041548 0.058438
v 0.643705 0.037124 0.057464
v 0.865717 0.049524 0.053266
v 0.867263 0.059546 0.049837
v 0.861664 0.051336 0.053712
v 0.845125 0.062516 0.055004
v 0.832554 0.069291 0.055216
v 0.812543 0.074037 0.067005
v 0.470627 0.188635 0.074908
v 0.436535 0.160553 0.054641
v 0.438118 0.162641 0.054056
v -0.450377 0.162506 0.083663
v 0.214034 0.163513 0.071505
v -0.210553 0.192782 0.053654
v -0.368572 0.185848 0.075647
v -0.248168 0.198292 0.054252
v -0.235202 0.199554 0.051003
v 0.427028 0.239793 0.068354
v 0.473656 0.214312 0.067109
v 0.429690 -0.258460 0.067273
v 0.462126 -0.275574 0.071582
v -0.052087 -0.140163 0.104596
v 0.446277 -0.149831 0.058206
v 0.882955 -0.093877 0.056371
v 0.875881 -0.081175 0.057142
v 0.824711 -0.065835 0.058692
v 0.828995 -0.065896 0.055244
v 0.837270 -0.061681 0.057287
v 0.845856 -0.057186 0.057046
v 0.841072 -0.058227 0.058245
v 0.878723 -0.064703 0.056942
v 0.874946 -0.043324 0.058514
v 0.647181 -0.029132 0.059128
v 0.746136 -0.009495 0.070431
v 0.729794 -0.009137 0.055171
v 0.736056 -0.005232 0.056845
v 0.893445 -0.006041 0.057910
v 0.547906 -0.000444 0.061133
v 0.735472 -0.002268 0.057053
v 0.725404 -0.002025 0.057680
v 0.740872 0.008336 0.057071
v 0.744558 0.017818 0.058198
v 0.605513 0.016883 0.056097
v 0.610735 0.016605 0.056981
v 0.708789 0.021381 0.060220
v 0.517031 0.017245 0.058761
v 0.562934 0.016121 0.061842
v 0.666731 0.024359 0.057575
v 0.671809 0.023503 0.056624
v 0.873834 0.025221 0.062682
v -0.795749 0.042557 0.064120
v 0.752539 0.041717 0.062250
v 0.852642 0.052963 0.071153
v 0.828841 0.066202 0.071463
v -0.704266 0.077763 0.074566
v 0.805062 0.077452 0.063424
v 0.490495 0.113571 0.066787
v -0.214686 0.190556 0.058973
v 0.429705 0.238580 0.079854
v 0.460523 0.286702 0.063348
v 0.457213 -0.286195 0.066059
v 0.428603 -0.255669 0.067747
v 0.431405 -0.249113 0.076253
v 0.422293 -0.132590 0.092491
v 0.445223 -0.144823 0.062679
v 0.449711 -0.146982 0.071755
v -0.433784 -0.136876 0.079583
v 0.813405 -0.066202 0.067612
v 0.832533 -0.058379 0.075798
v 0.832444 -0.061247 0.063538
v 0.840369 -0.056006 0.062953
v 0.844766 -0.054111 0.059681
v 0.847664 -0.048969 0.062843
v 0.858351 -0.042779 0.059506
v 0.857302 -0.037997 0.061617
v 0.761419 -0.034406 0.074924
v 0.766179 -0.041414 0.074811
v 0.882927 -0.013567 0.066186
v 0.658016 -0.013155 0.063520
v -0.754232 -0.013633 0.061481
v 0.606946 -0.001959 0.063023
v 0.705125 -0.009355 0.058856
v 0.886214 -0.006036 0.065901
v 0.697442 -0.005469 0.059686
v 0.705081 -0.001913 0.060299
v 0.741030 -0.005362 0.062541
v 0.516445 0.002714 0.059017
v 0.559233 0.007242 0.067546
v 0.597545 -0.001460 0.060711
v 0.679675 -0.001371 0.059420
v 0.742002 -0.002617 0.064699
v 0.522474 0.006718 0.059361
v 0.701164 0.021434 0.061096
v 0.517022 0.010251 0.059718
v 0.522941 0.013890 0.059976
v 0.601830 0.001222 0.061026
v 0.588403 0.013163 0.059200
v 0.588441 0.002297 0.061402
v 0.606532 0.004448 0.060878
v 0.676060 0.017695 0.060095
v 0.508877 0.018106 0.066402
v 0.671041 0.016678 0.060903
v 0.756663 0.017758 0.075241
v 0.753924 0.038245 0.066229
v 0.765899 0.046965 0.074366
v 0.773983 0.057739 0.074485
v -0.745931 0.070114 0.065839
v 0.844842 0.058300 0.071487
v 0.797932 0.074142 0.067163
v -0.675290 0.084132 0.074996
v 0.436485 0.156883 0.062855
v 0.359811 0.144963 0.095822
v 0.445280 0.181128 0.080162
v -0.085364 0.174582 0.092473
v -0.289445 0.196034 0.092550
v 0.472660 0.242812 0.075532
v 0.453857 0.270020 0.079765
v 0.457016 -0.206467 0.100875
v -0.293975 -0.156940 0.100738
v -0.297470 -0.166530 0.075639
v -0.637541 -0.045444 0.079782
v 0.770080 -0.047132 0.071425
v 0.856651 -0.033378 0.066375
v 0.865828 -0.021382 0.068050
v 0.646667 -0.017358 0.065798
v 0.639655 -0.016736 0.065314
v 0.495736 -0.001736 0.087676
v 0.555789 0.010364 0.068418
v 0.631390 0.005424 0.073726
v 0.661945 0.006200 0.068778
v 0.670269 0.009615 0.063890
v 0.555517 0.013192 0.068079
v 0.639792 0.016548 0.071712
v 0.650003 0.024759 0.065613
v 0.753700 0.014910 0.074430
v 0.643376 0.027798 0.064877
v 0.868491 0.029418 0.071057
v 0.493731 0.042945 0.085758
v -0.716670 0.074123 0.073254
v -0.596920 0.103332 0.078695
v 0.435458 0.152804 0.071964
v 0.441094 0.157638 0.067102
v 0.446223 0.154626 0.080379
v -0.392047 0.155712 0.137211
v 0.443271 0.194192 0.080096
v 0.457464 -0.282122 0.070487
v 0.458506 -0.275532 0.079294
v 0.450421 -0.168833 0.080594
v 0.085211 -0.135599 0.112870
v 0.468972 -0.141125 0.087508
v 0.235074 -0.131729 0.104518
v 0.444602 -0.140543 0.071135
v 0.801943 -0.061972 0.075745
v 0.781184 -0.053423 0.075328
v 0.775243 -0.049768 0.074803
v -0.679017 -0.033154 0.075134
v 0.485837 -0.030487 0.096495
v 0.849959 -0.037891 0.075191
v 0.842020 -0.049998 0.075448
v 0.862011 -0.017152 0.074672
v -0.720919 -0.021023 0.069201
v -0.716849 -0.014165 0.071148
v 0.627287 -0.000704 0.071404
v 0.645935 0.009734 0.076049
v 0.747662 -0.005935 0.074485
v 0.623693 0.001726 0.070582
v 0.558976 0.010172 0.068332
v 0.748801 0.001213 0.074961
v 0.867601 0.025701 0.074189
v 0.873796 0.017094 0.072000
v 0.856583 0.045581 0.074270
v 0.770080 0.054090 0.074521
v 0.785658 0.065555 0.073623
v 0.797595 0.070136 0.073054
v 0.825044 0.065965 0.074916
v 0.804954 0.073607 0.070137
v 0.441175 0.156003 0.071342
v 0.064236 0.165007 0.100473
v -0.214703 0.180095 0.096849
v -0.252459 0.186662 0.096749
v 0.462273 0.197888 0.087719
v 0.459977 0.281630 0.070396
v 0.455693 -0.279997 0.075014
v 0.454278 -0.274299 0.083455
v 0.437537 -0.252518 0.091978
v 0.458901 -0.259837 0.096609
v 0.437599 -0.243885 0.100765
v 0.452422 -0.164615 0.096380
v 0.301497 -0.129617 0.104535
v 0.449856 -0.142196 0.075845
v 0.444506 -0.136547 0.079743
v 0.813400 -0.061578 0.077687
v 0.793496 -0.057964 0.078322
v 0.753093 -0.017590 0.074660
v 0.748467 -0.009509 0.074645
v 0.869889 -0.005114 0.075687
v 0.642483 0.006804 0.076675
v 0.643001 0.009190 0.076683
v 0.861347 0.038235 0.074692
v -0.712390 0.042860 0.089829
v 0.853170 0.046027 0.076879
v 0.848759 0.053513 0.074924
v 0.836148 0.061285 0.075086
v 0.793442 0.067184 0.074171
v -0.289245 0.185716 0.130014
v 0.466446 0.263005 0.075913
v 0.459601 0.273457 0.080633
v 0.461077 0.277719 0.074242
v 0.452403 -0.231521 0.112333
v 0.448201 -0.211327 0.100990
v -0.268790 -0.147385 0.112936
v -0.354996 -0.129543 0.137976
v 0.347361 -0.129288 0.101308
v -0.574735 -0.066493 0.099533
v 0.471346 -0.071839 0.104207
v 0.805639 -0.059015 0.079722
v 0.825375 -0.058815 0.078635
v 0.785758 -0.053888 0.078476
v 0.837082 -0.051041 0.079627
v 0.785148 -0.051329 0.079231
v 0.773523 -0.046315 0.076434
v 0.768751 -0.039180 0.077011
v -0.658555 -0.037515 0.078675
v -0.679341 -0.029988 0.076938
v 0.493077 -0.005695 0.092800
v 0.849154 -0.034715 0.077997
v 0.756699 -0.022472 0.075722
v 0.751850 -0.010047 0.075859
v 0.769542 0.002216 0.077710
v 0.772870 -0.010170 0.077395
v -0.691817 -0.005391 0.080712
v 0.772714 0.026277 0.075393
v 0.773646 0.017141 0.079019
v 0.778242 0.025285 0.078332
v 0.496086 0.006461 0.088801
v 0.790058 0.037796 0.078714
v 0.789986 0.042976 0.077256
v 0.788864 0.051673 0.076809
v 0.772473 0.051551 0.076013
v 0.845367 0.050979 0.079329
v 0.784980 0.062738 0.075363
v 0.837629 0.058131 0.078432
v 0.825806 0.062692 0.078096
v -0.683877 0.078625 0.078731
v -0.654906 0.086647 0.077757
v -0.617125 0.095783 0.078424
v 0.466356 0.167679 0.087330
v 0.440007 0.148902 0.080206
v 0.438798 0.144839 0.087978
v 0.276235 0.143319 0.112238
v -0.139554 0.177056 0.089672
v 0.464863 0.191030 0.083246
v 0.461795 0.273989 0.079145
v 0.449894 -0.260610 0.100326
v 0.458540 -0.243752 0.096555
v 0.432937 -0.251241 0.084075
v 0.457437 -0.181173 0.099483
v -0.176956 -0.148509 0.096220
v 0.039469 -0.133286 0.121605
v 0.443612 -0.130409 0.095899
v 0.449858 -0.137128 0.085537
v 0.453425 -0.138669 0.096232
v -0.480034 -0.095529 0.133205
v -0.595425 -0.059242 0.092439
v 0.793216 -0.055490 0.079422
v 0.825486 -0.030634 0.080613
v 0.805386 -0.034961 0.080813
v -0.633717 -0.042639 0.083035
v 0.785084 -0.026978 0.079362
v 0.801653 -0.029897 0.081767
v 0.825122 -0.025625 0.082650
v 0.841282 -0.013517 0.081011
v 0.790420 -0.021390 0.081871
v 0.850673 -0.010158 0.079707
v 0.777687 -0.009468 0.079140
v 0.844759 -0.005142 0.082242
v 0.858516 -0.006173 0.079598
v 0.849197 0.002137 0.081836
v -0.687986 0.036168 0.096145
v 0.846769 0.021972 0.082053
v 0.782590 0.017003 0.089256
v 0.838544 0.038024 0.081966
v 0.790534 0.028860 0.087281
v 0.798257 0.041581 0.080594
v 0.801868 0.046107 0.079508
v 0.813957 0.047021 0.082142
v 0.833194 0.043504 0.081822
v 0.838050 0.054973 0.079997
v 0.809947 0.050464 0.079648
v 0.821770 0.050717 0.080409
v 0.821576 0.047433 0.082081
v -0.688055 0.074798 0.080753
v 0.444877 0.145458 0.087942
v 0.445846 0.150075 0.081922
v 0.448454 0.150775 0.088255
v 0.450550 0.180783 0.099503
v -0.350640 0.175559 0.117397
v 0.463250 0.250591 0.096436
v 0.457285 -0.266677 0.096103
v 0.437842 -0.246520 0.100419
v 0.453854 -0.181686 0.099694
v 0.457633 -0.168630 0.099288
v -0.297311 -0.152446 0.112409
v 0.193367 -0.131966 0.108492
v -0.618339 -0.050035 0.086555
v 0.813369 -0.029171 0.083166
v -0.629484 -0.034761 0.085549
v 0.798102 -0.025029 0.083595
v 0.813190 -0.021595 0.090359
v 0.824426 -0.021356 0.087552
v 0.798459 -0.020955 0.087824
v 0.832321 -0.012851 0.089268
v 0.778182 0.006384 0.087642
v 0.782452 0.003060 0.090662
v 0.843942 0.006293 0.086608
v 0.782267 0.013427 0.090828
v 0.837821 0.025497 0.091242
v 0.496555 0.014757 0.090361
v 0.494410 0.034274 0.090572
v 0.836070 0.033209 0.087832
v 0.493389 0.037856 0.089851
v 0.832488 0.041647 0.082806
v 0.828750 0.040850 0.086546
v 0.832195 0.037048 0.088080
v -0.692249 0.042706 0.096117
v 0.482307 0.071544 0.096506
v 0.486317 0.063212 0.092314
v -0.450327 0.139002 0.133122
v 0.164125 0.155310 0.104656
v 0.451460 0.160176 0.104003
v 0.456452 0.180384 0.099303
v 0.459544 0.267608 0.086944
v 0.451924 -0.172981 0.092819
v 0.280612 -0.130863 0.104135
v 0.417987 -0.130229 0.095549
v 0.449170 -0.133265 0.095518
v 0.462472 -0.117847 0.103890
v 0.487647 -0.022118 0.097577
v 0.805814 -0.021043 0.090365
v 0.790524 -0.008970 0.090189
v 0.493911 -0.000715 0.095140
v 0.839379 -0.001061 0.090166
v 0.498185 0.007281 0.095812
v 0.498973 0.014890 0.093584
v 0.839752 0.017896 0.092062
v 0.499120 0.038061 0.096744
v 0.516309 0.026452 0.102301
v 0.798189 0.029102 0.091936
v 0.806025 0.033203 0.092078
v 0.828906 0.033363 0.093253
v 0.494112 0.041981 0.093621
v 0.821662 0.037226 0.092059
v 0.492201 0.046104 0.094907
v 0.489631 0.050646 0.094900
v 0.488999 0.054888 0.093480
v -0.604572 0.058249 0.098339
v -0.539918 0.111203 0.112498
v 0.457096 0.142757 0.107071
v 0.469469 0.096170 0.108011
v 0.444342 0.141605 0.091791
v 0.448693 0.142291 0.095916
v 0.451508 0.147193 0.104796
v 0.247261 0.144469 0.116727
v -0.098161 0.165143 0.128878
v -0.035580 0.163778 0.120939
v 0.449814 0.194469 0.101196
v 0.455622 0.193870 0.099650
v 0.456644 0.206637 0.102063
v 0.445724 0.206918 0.103832
v 0.455186 -0.268036 0.095705
v 0.462005 -0.151543 0.096049
v 0.461575 -0.134792 0.100414
v -0.384076 -0.131948 0.117032
v -0.520470 -0.082704 0.120249
v -0.583939 -0.059279 0.099018
v 0.478056 -0.055345 0.100369
v 0.488419 -0.018008 0.098209
v 0.797907 -0.008381 0.093971
v 0.809469 -0.005546 0.096264
v 0.821245 -0.009379 0.094593
v 0.491515 -0.009194 0.099212
v 0.494594 -0.004936 0.100168
v 0.832969 0.002959 0.095572
v -0.612798 0.034684 0.106517
v 0.499227 -0.000075 0.100573
v 0.789864 0.006290 0.095816
v 0.786637 0.010021 0.094136
v 0.836635 0.010574 0.095521
v 0.837081 0.017867 0.094947
v 0.524020 0.023192 0.106778
v 0.786331 0.017106 0.092059
v 0.793749 0.013758 0.096495
v 0.805888 0.025436 0.095984
v 0.507871 0.041736 0.103157
v 0.488379 0.058039 0.098895
v 0.484649 0.062713 0.097822
v -0.599636 0.054466 0.101831
v -0.578495 0.099828 0.095363
v 0.478441 0.080005 0.101181
v -0.540896 0.107779 0.116003
v 0.444442 0.137852 0.094361
v 0.409709 0.141621 0.094671
v 0.388966 0.141583 0.096620
v 0.101369 0.153267 0.121748
v 0.018384 0.160826 0.117312
v -0.060165 0.164309 0.124819
v 0.456757 0.238551 0.117468
v 0.457929 0.250026 0.107867
v 0.458514 0.260719 0.094843
v 0.452798 -0.243199 0.113165
v 0.446144 -0.227993 0.112535
v 0.454832 -0.168822 0.099827
v 0.458635 -0.151703 0.098669
v 0.454219 -0.148238 0.098679
v 0.455526 -0.139307 0.099065
v 0.259966 -0.129897 0.108066
v 0.459436 -0.134710 0.102298
v 0.401346 -0.129392 0.096658
v 0.453137 -0.130481 0.098186
v 0.448194 -0.122302 0.098541
v 0.480221 -0.046971 0.101061
v 0.481051 -0.042364 0.102319
v 0.486193 -0.029894 0.103743
v 0.490414 -0.022803 0.104459
v 0.495037 -0.015647 0.104900
v 0.503406 -0.009083 0.108332
v 0.821493 -0.001548 0.096655
v 0.797521 0.002513 0.096852
v 0.809487 0.014198 0.098563
v 0.524437 0.020244 0.108425
v 0.825622 0.014263 0.097807
v 0.833083 0.021889 0.095904
v 0.821608 0.025937 0.096795
v 0.524829 0.026180 0.107464
v -0.663236 0.038777 0.099494
v 0.498775 0.057597 0.108156
v 0.485023 0.066354 0.103281
v 0.481424 0.070388 0.102359
v 0.444032 0.129992 0.096404
v 0.422866 0.103766 0.102537
v 0.449638 0.130202 0.099231
v 0.450668 0.139037 0.100329
v 0.313609 0.141467 0.107755
v 0.367648 0.140947 0.099187
v 0.453327 0.184843 0.100852
v -0.289007 0.182205 0.146065
v 0.455851 0.252051 0.107709
v 0.453759 -0.261473 0.103636
v 0.454842 -0.254608 0.108927
v 0.453954 -0.215060 0.108554
v 0.450028 -0.212028 0.105665
v 0.453481 -0.202915 0.103546
v 0.456110 -0.160478 0.100217
v 0.457893 -0.143119 0.099893
v -0.160411 -0.126911 0.145831
v 0.459450 -0.126945 0.103506
v 0.458172 -0.122383 0.102785
v -0.462789 -0.102334 0.137163
v 0.418114 -0.080617 0.105458
v 0.453058 -0.106030 0.101205
v 0.459885 -0.117806 0.104839
v 0.457521 -0.114274 0.104378
v 0.452154 -0.084011 0.104871
v 0.478172 -0.050559 0.106766
v 0.481261 -0.046292 0.107813
v 0.486376 -0.039118 0.108215
v 0.494458 -0.032441 0.112288
v 0.527208 0.022754 0.110662
v 0.517789 0.037215 0.108079
v 0.502778 0.055396 0.111316
v 0.480484 0.075066 0.107300
v 0.474434 0.087680 0.105036
v -0.570094 0.092101 0.105291
v -0.545295 0.104080 0.115501
v 0.439763 0.104561 0.103605
v 0.444316 0.108825 0.101999
v 0.431286 0.103225 0.103357
v 0.444606 0.106379 0.103501
v 0.447068 0.107968 0.104332
v 0.448874 0.112853 0.103837
v 0.414268 0.100442 0.103064
v 0.388897 0.087671 0.106723
v 0.450752 0.126061 0.103098
v 0.376271 0.079899 0.110224
v 0.214005 0.145139 0.121729
v 0.452773 0.163670 0.105109
v 0.453284 0.175124 0.102544
v 0.454927 0.155492 0.105714
v -0.160643 0.167403 0.133664
v -0.354764 0.165478 0.141093
v 0.452284 0.190141 0.101364
v 0.448591 0.203063 0.103631
v 0.453819 0.202782 0.104258
v 0.446040 0.223593 0.116233
v 0.448573 0.233715 0.120640
v 0.453190 0.241055 0.118599
v 0.449025 -0.250514 0.111587
v 0.445619 -0.242064 0.116295
v 0.450017 -0.215527 0.108930
v 0.452624 -0.211560 0.107721
v -0.031318 -0.128355 0.133335
v 0.006302 -0.131991 0.125082
v -0.417282 -0.111642 0.145367
v 0.251538 -0.125888 0.110736
v 0.235069 -0.129417 0.108952
v 0.280493 -0.128793 0.107097
v 0.301454 -0.122167 0.107167
v 0.461319 -0.102106 0.105546
v 0.359610 -0.072325 0.111116
v 0.460169 -0.088311 0.106629
v 0.466011 -0.089060 0.104718
v 0.462963 -0.088634 0.106339
v 0.439329 -0.079983 0.105530
v 0.457151 -0.083340 0.107389
v 0.465561 -0.081544 0.107799
v 0.397725 -0.057589 0.110954
v 0.426952 -0.074392 0.106742
v 0.448086 -0.078911 0.108145
v 0.452703 -0.079552 0.108449
v 0.414679 -0.067376 0.108316
v 0.436089 -0.075164 0.108052
v 0.468546 -0.071117 0.110043
v 0.473362 -0.063406 0.110889
v 0.482009 -0.051033 0.112235
v -0.533260 -0.018363 0.125018
v 0.508056 -0.008711 0.115337
v 0.526590 0.020050 0.111357
v 0.523130 0.032575 0.110718
v -0.586761 0.050553 0.110999
v -0.541125 0.100541 0.119551
v 0.478841 0.082594 0.115491
v 0.473645 0.087381 0.109810
v 0.393352 0.085434 0.107889
v 0.402584 0.088384 0.108142
v 0.401954 0.091526 0.105431
v 0.408257 0.090003 0.109710
v 0.406730 0.091032 0.106963
v 0.410642 0.095440 0.104850
v 0.415509 0.093559 0.109514
v 0.415078 0.094826 0.106974
v 0.427168 0.098675 0.110018
v 0.418852 0.099468 0.103793
v 0.423669 0.098874 0.105723
v 0.432053 0.101077 0.110303
v 0.444984 0.105064 0.110844
v 0.447986 0.107532 0.110605
v 0.461817 0.117610 0.108768
v 0.465648 0.100671 0.109743
v 0.450518 0.111873 0.108767
v 0.452945 0.117749 0.108937
v 0.363394 0.080090 0.112542
v 0.454325 0.130616 0.109127
v 0.453915 0.146618 0.107900
v 0.301102 0.141086 0.109725
v 0.055821 0.156839 0.119760
v -0.214676 0.172671 0.130237
v -0.252491 0.176156 0.141625
v 0.451810 0.198531 0.103529
v 0.452294 0.207481 0.107373
v 0.448739 0.219148 0.115717
v 0.454030 0.216003 0.112966
v 0.447451 0.231137 0.120194
v 0.449738 0.240795 0.116447
v 0.457464 0.245388 0.112064
v 0.451801 -0.253415 0.110844
v 0.449465 -0.224232 0.112098
v -0.173034 -0.126548 0.150197
v -0.114483 -0.127465 0.141607
v 0.155890 -0.129202 0.114997
v 0.460320 -0.082706 0.110283
v 0.444764 -0.075953 0.113527
v 0.456827 -0.080016 0.114020
v 0.460823 -0.080572 0.113209
v 0.464534 -0.077817 0.113907
v 0.427509 -0.070940 0.108337
v 0.432615 -0.070192 0.112137
v 0.470774 -0.070694 0.118447
v 0.389176 -0.055273 0.111517
v 0.423380 -0.066011 0.111964
v 0.402537 -0.058528 0.110941
v 0.489814 -0.042184 0.118337
v 0.499724 -0.025327 0.118328
v 0.519010 0.008069 0.117779
v 0.526696 0.019559 0.113897
v 0.525903 0.022338 0.117463
v -0.498955 0.043554 0.148377
v 0.523372 0.024993 0.120852
v 0.501864 0.057064 0.117637
v -0.558066 0.063386 0.120515
v 0.376915 0.077459 0.110912
v 0.382096 0.078425 0.111786
v 0.385462 0.082618 0.109252
v 0.390313 0.081018 0.113482
v 0.390254 0.082323 0.110290
v 0.394855 0.083924 0.113472
v 0.399207 0.086616 0.118213
v 0.470059 0.091324 0.114583
v 0.428973 0.102139 0.118372
v 0.465477 0.095488 0.113863
v 0.462965 0.100480 0.112829
v 0.461389 0.103550 0.114902
v 0.436120 0.104780 0.115585
v 0.444602 0.106821 0.114776
v 0.458890 0.113280 0.110770
v 0.448378 0.108084 0.113271
v 0.454365 0.112356 0.111276
v 0.455910 0.117846 0.110134
v 0.300934 0.138119 0.111246
v 0.280253 0.141079 0.113914
v -0.019069 0.162546 0.120667
v -0.308978 0.177678 0.145236
v 0.455542 0.247114 0.111771
v 0.449993 -0.245758 0.115189
v 0.448708 -0.238283 0.118581
v 0.445488 -0.239427 0.117176
v 0.450093 -0.236039 0.117293
v 0.448687 -0.232615 0.116012
v 0.105865 -0.132412 0.116437
v 0.068365 -0.132081 0.119751
v 0.453123 -0.079235 0.122122
v 0.459623 -0.081236 0.122260
v 0.462015 -0.079941 0.121842
v -0.520727 -0.080096 0.121636
v 0.402953 -0.053785 0.115301
v 0.398315 -0.054257 0.112663
v 0.372897 -0.040650 0.115065
v 0.389784 -0.050574 0.112966
v 0.364145 -0.038812 0.115437
v 0.381199 -0.046880 0.113693
v 0.385913 -0.045477 0.115426
v 0.382247 -0.041264 0.117301
v 0.340007 -0.011658 0.115593
v 0.339792 -0.006026 0.114422
v 0.330617 -0.006310 0.114248
v 0.335056 -0.000393 0.116193
v 0.340382 -0.000372 0.117012
v 0.342189 -0.005680 0.115321
v 0.524426 0.016163 0.117558
v 0.368787 0.067620 0.115210
v 0.374634 0.069804 0.116368
v 0.359910 0.063020 0.117658
v 0.382986 0.075451 0.116914
v 0.377711 0.074526 0.112656
v 0.478178 0.086756 0.123213
v 0.391058 0.081251 0.117969
v 0.467587 0.098931 0.126893
v 0.463709 0.099424 0.118919
v 0.454575 0.107194 0.115465
v 0.457941 0.104377 0.117892
v 0.458034 0.107907 0.113112
v 0.451024 0.106984 0.118159
v 0.444224 0.108315 0.122515
v -0.458643 0.132683 0.137165
v 0.255207 0.141432 0.118441
v 0.151783 0.147586 0.124392
v 0.118377 0.152683 0.120937
v 0.164428 0.144878 0.127589
v -0.002471 0.160809 0.119810
v 0.451013 0.220220 0.117409
v 0.455115 0.243882 0.116025
v 0.456806 0.241699 0.116069
v 0.447479 -0.242002 0.117836
v -0.056311 -0.128568 0.134213
v 0.085234 -0.129558 0.119948
v 0.284661 -0.076427 0.118421
v 0.463977 -0.075086 0.125231
v 0.492049 -0.033655 0.125342
v 0.373468 -0.037761 0.116373
v 0.364941 -0.034201 0.116577
v 0.352236 -0.022303 0.118521
v 0.369349 -0.033316 0.118600
v 0.354177 -0.020551 0.119861
v 0.344035 -0.015210 0.118049
v 0.339546 -0.016134 0.117617
v 0.351397 -0.017346 0.119803
v 0.322085 -0.016524 0.119151
v 0.326395 -0.012132 0.116055
v 0.345372 -0.010886 0.117044
v 0.348700 -0.009842 0.120145
v 0.288657 -0.006841 0.118784
v 0.346047 -0.005429 0.118705
v 0.506954 -0.008908 0.125556
v 0.309668 -0.000406 0.118143
v 0.341196 0.004120 0.120993
v 0.522738 0.019610 0.124094
v 0.361318 0.057875 0.119847
v 0.356485 0.054559 0.121001
v 0.366398 0.061820 0.120109
v 0.370902 0.062031 0.125813
v 0.369889 0.065938 0.116835
v 0.374942 0.067798 0.121488
v 0.378872 0.068325 0.129719
v 0.330316 0.059223 0.123163
v 0.407507 0.090013 0.121575
v 0.451589 0.109714 0.126842
v 0.454221 0.109229 0.127291
v 0.230317 0.141578 0.122618
v 0.014397 0.158234 0.121215
v -0.027309 0.161579 0.121929
v 0.449855 0.231095 0.121965
v 0.453462 0.231613 0.120126
v 0.454515 0.238570 0.120135
v 0.452154 0.237456 0.120741
v -0.218924 -0.124135 0.160192
v 0.022881 -0.131835 0.124116
v -0.388070 -0.116450 0.151063
v 0.026794 -0.129466 0.125611
v -0.441971 -0.107544 0.141246
v 0.164107 -0.097683 0.123357
v -0.499623 -0.087702 0.128195
v 0.197307 -0.055652 0.131872
v 0.455863 -0.077805 0.129148
v 0.459118 -0.078012 0.128736
v 0.455760 -0.075857 0.133187
v 0.444968 -0.060330 0.145543
v 0.292837 -0.023341 0.124422
v 0.284523 -0.044017 0.123186
v 0.354057 -0.016888 0.122211
v 0.288800 -0.019940 0.124446
v 0.255590 -0.000428 0.124647
v 0.247147 -0.006577 0.123681
v 0.341581 0.006555 0.125117
v 0.335666 0.013004 0.126951
v 0.522686 0.021735 0.124633
v 0.357851 0.049474 0.124589
v 0.362253 0.053569 0.124774
v 0.481552 0.082427 0.125553
v 0.238771 0.113681 0.126011
v -0.516540 0.108543 0.129318
v -0.500165 0.116092 0.132591
v 0.453545 0.106613 0.137318
v 0.213962 0.141757 0.124981
v 0.010305 0.146890 0.123072
v 0.051859 0.154457 0.122082
v 0.184827 0.144696 0.127310
v -0.035835 0.161657 0.123980
v -0.023264 0.158764 0.123583
v -0.122887 0.164617 0.132447
v -0.227289 0.171255 0.141407
v -0.147757 -0.124496 0.150549
v 0.051779 -0.059625 0.143072
v 0.147474 -0.059664 0.135607
v 0.481263 -0.046233 0.128908
v 0.458127 -0.074916 0.133089
v 0.364956 -0.012488 0.141486
v 0.251364 -0.016355 0.127547
v 0.209873 -0.007085 0.126854
v 0.214061 -0.000582 0.127952
v 0.326788 0.019854 0.133203
v 0.336500 0.014481 0.129282
v 0.351329 0.041111 0.128829
v 0.348429 0.041584 0.126752
v 0.344149 0.036979 0.127845
v 0.353192 0.045400 0.124951
v 0.491019 0.062709 0.128874
v 0.374763 0.062789 0.133710
v 0.280585 0.030233 0.135387
v -0.520653 0.100866 0.129850
v 0.459808 0.103529 0.133795
v 0.454660 0.108728 0.130407
v 0.184817 0.142376 0.128423
v -0.023382 0.130266 0.128881
v -0.006292 0.101112 0.130746
v 0.126875 0.080244 0.139394
v -0.060413 0.161962 0.127263
v -0.064453 0.161760 0.127010
v -0.281849 0.181007 0.145404
v -0.019066 -0.127840 0.132104
v -0.006702 -0.125750 0.131615
v 0.222223 -0.023381 0.133159
v 0.193166 -0.027047 0.136154
v 0.416589 -0.032286 0.162081
v 0.218169 -0.016688 0.131706
v 0.164161 -0.007550 0.129897
v 0.342865 0.022259 0.144859
v 0.503779 -0.000798 0.137266
v 0.147345 -0.008490 0.132337
v 0.159951 -0.001205 0.129940
v 0.130978 -0.001893 0.131360
v 0.135209 0.004098 0.134100
v 0.184647 0.016390 0.141753
v 0.260198 0.019241 0.138953
v 0.285115 0.019531 0.136404
v 0.331651 0.017135 0.132173
v 0.336538 0.016199 0.133094
v 0.340884 0.028388 0.132754
v 0.335481 0.027372 0.132091
v 0.349629 0.035241 0.133397
v 0.344704 0.033118 0.130724
v 0.382513 0.065623 0.138120
v 0.213919 0.092911 0.131837
v -0.500109 0.109063 0.135854
v 0.018901 0.088304 0.134694
v -0.031906 0.101392 0.134603
v -0.102233 0.162070 0.131451
v -0.089827 0.158505 0.131479
v -0.185442 0.167706 0.137226
v -0.297326 -0.139030 0.146203
v -0.309229 -0.132351 0.154483
v -0.031567 -0.125417 0.135362
v -0.023181 -0.096846 0.139688
v -0.462855 -0.100079 0.138983
v 0.457524 -0.066852 0.140595
v 0.454484 -0.069559 0.140837
v 0.458495 -0.046543 0.153461
v 0.381694 -0.016543 0.154551
v 0.172401 -0.016847 0.135878
v 0.085065 -0.003804 0.134266
v 0.035273 0.001838 0.135364
v 0.076770 0.002723 0.133784
v 0.106121 0.003675 0.133889
v 0.505439 0.014879 0.145318
v 0.043597 0.008365 0.138296
v 0.126428 0.020281 0.148436
v 0.164077 0.017398 0.144300
v 0.230554 0.019319 0.141613
v 0.280677 0.019606 0.136113
v 0.331847 0.021198 0.134086
v 0.337304 0.019780 0.136350
v 0.326635 0.022627 0.133702
v 0.337355 0.023130 0.136813
v 0.341437 0.023516 0.141261
v 0.454194 0.095263 0.149125
v -0.027453 0.084445 0.134871
v 0.448538 0.094368 0.149277
v 0.151727 0.072034 0.139711
v -0.491695 0.116440 0.135979
v -0.442160 0.139025 0.136743
v -0.131337 0.162197 0.134333
v -0.181335 0.166139 0.138904
v -0.217669 0.169460 0.141254
v -0.093875 -0.125842 0.141605
v -0.056745 -0.105147 0.141372
v -0.466865 -0.030939 0.147450
v 0.089125 -0.023202 0.145691
v 0.482527 0.003811 0.165699
v 0.134945 -0.016396 0.140254
v 0.093419 -0.016638 0.143692
v 0.370701 -0.008725 0.151290
v 0.039270 -0.016634 0.148309
v 0.060040 -0.016758 0.147881
v 0.022759 -0.004321 0.137899
v -0.011611 -0.003289 0.139748
v 0.001611 0.002615 0.137398
v -0.031536 0.003428 0.142324
v 0.080985 0.020028 0.148769
v 0.143376 0.016695 0.144835
v 0.180496 0.019630 0.144616
v 0.370605 0.046986 0.149948
v 0.184579 0.022988 0.144330
v -0.494080 0.074964 0.145477
v -0.043995 0.071641 0.138951
v -0.052755 0.072175 0.140353
v 0.390571 0.058198 0.153723
v 0.052063 0.067487 0.141629
v -0.073462 0.096748 0.143976
v -0.459083 0.124924 0.141994
v -0.434289 0.137158 0.139819
v -0.418228 0.128840 0.145360
v -0.106678 0.092290 0.150379
v -0.396500 0.149996 0.139857
v -0.367375 0.158214 0.142920
v -0.367121 0.161291 0.140947
v -0.210518 0.166421 0.141962
v -0.239680 0.172991 0.141235
v -0.285689 -0.128532 0.162371
v -0.127035 -0.125254 0.146213
v -0.107772 -0.124916 0.144525
v -0.371548 -0.120054 0.153565
v -0.127444 -0.121495 0.148863
v -0.421520 -0.108364 0.147323
v -0.090144 -0.109253 0.145181
v -0.433886 -0.105046 0.145957
v -0.077530 -0.104019 0.144614
v -0.057039 -0.098859 0.145819
v -0.052914 -0.100167 0.142631
v -0.040384 -0.096973 0.141043
v -0.046065 -0.094299 0.145548
v -0.041098 -0.092592 0.142517
v -0.045229 -0.091754 0.146839
v -0.042044 -0.088531 0.144993
v -0.036053 -0.088699 0.142351
v -0.446266 -0.030925 0.153556
v -0.055995 -0.016678 0.145070
v -0.035221 -0.007924 0.142633
v -0.052111 -0.006898 0.142025
v -0.052264 -0.001472 0.142163
v -0.081659 -0.001044 0.145705
v -0.031311 -0.002502 0.140880
v 0.002120 -0.016721 0.149568
v 0.355821 0.020190 0.157556
v -0.465980 0.012185 0.153427
v 0.022995 0.024530 0.152338
v 0.492363 0.014164 0.161860
v 0.201988 0.019485 0.143026
v 0.031175 0.042383 0.148537
v -0.060801 0.063194 0.143205
v -0.073674 0.059420 0.146392
v -0.491149 0.084361 0.144042
v -0.489458 0.083062 0.146579
v -0.073926 0.076758 0.147005
v 0.444519 0.087411 0.153764
v -0.487927 0.087616 0.146761
v -0.486766 0.092308 0.144336
v -0.483528 0.095608 0.147018
v -0.478714 0.104309 0.144376
v -0.473741 0.107315 0.148442
v -0.466187 0.115761 0.145480
v -0.462049 0.118416 0.146287
v -0.458769 0.119799 0.146083
v -0.454609 0.119664 0.146097
v -0.450316 0.122570 0.145539
v -0.445505 0.123196 0.146578
v -0.446626 0.124703 0.144305
v -0.438345 0.126450 0.145404
v -0.426259 0.128145 0.145601
v -0.325815 0.170758 0.146108
v -0.252397 0.173990 0.144555
v -0.156021 -0.124412 0.149597
v -0.404689 -0.112154 0.148758
v -0.404779 -0.109056 0.150643
v -0.114982 -0.108970 0.149295
v -0.098101 -0.103197 0.149551
v -0.090108 -0.103162 0.149674
v -0.086176 -0.103956 0.146706
v -0.085867 -0.101292 0.150683
v -0.053243 -0.096352 0.151547
v -0.046055 -0.092900 0.152003
v -0.043588 -0.090300 0.152742
v -0.043831 -0.086147 0.152003
v -0.042041 -0.081065 0.146229
v -0.044790 -0.082124 0.150870
v -0.041286 -0.076936 0.145713
v -0.045877 -0.077790 0.150593
v -0.045870 -0.073958 0.149984
v -0.045220 -0.068835 0.147871
v -0.047490 -0.069156 0.149781
v -0.045661 -0.064228 0.148877
v 0.454120 -0.050328 0.154986
v 0.447876 -0.054002 0.153784
v 0.055902 -0.039090 0.146674
v 0.453769 -0.029571 0.167636
v -0.102374 -0.016551 0.148455
v -0.081459 -0.024925 0.152630
v -0.060374 -0.028471 0.152808
v -0.035063 -0.024784 0.152246
v 0.051829 -0.019521 0.149310
v -0.106719 -0.010688 0.148038
v -0.081409 0.027929 0.160630
v -0.027136 0.024403 0.154199
v 0.130869 0.020381 0.147480
v 0.139232 0.020066 0.147833
v -0.486839 0.028387 0.150137
v 0.126503 0.023053 0.149318
v 0.001772 0.030344 0.153771
v 0.089075 0.027052 0.150884
v -0.495253 0.051276 0.149394
v -0.494572 0.055987 0.150096
v -0.494316 0.063996 0.150592
v -0.027250 0.030602 0.155535
v -0.086466 0.055386 0.150629
v -0.493767 0.067865 0.151835
v -0.492607 0.075858 0.152561
v -0.489671 0.085190 0.152983
v 0.451567 0.091044 0.152965
v -0.465855 0.115519 0.152508
v -0.454645 0.121043 0.153018
v -0.446338 0.123333 0.152755
v -0.430666 0.125012 0.151647
v -0.422848 0.124526 0.151109
v -0.410770 0.121713 0.150025
v -0.405624 0.121444 0.149053
v -0.401688 0.123129 0.148562
v -0.280933 0.167004 0.150693
v -0.285478 0.179400 0.147386
v -0.300646 -0.129712 0.162867
v -0.313401 -0.127975 0.161474
v -0.342517 -0.124175 0.157522
v -0.172946 -0.124418 0.154149
v -0.202093 -0.123888 0.157095
v -0.160714 -0.121431 0.153183
v -0.147896 -0.121417 0.152462
v -0.375830 -0.117382 0.154251
v -0.131510 -0.106463 0.152435
v -0.110605 -0.102841 0.153885
v -0.106180 -0.101224 0.159824
v -0.413283 -0.093196 0.152057
v -0.045606 -0.093508 0.156511
v -0.042453 -0.091489 0.157022
v -0.045257 -0.078362 0.156511
v -0.049805 -0.065917 0.155442
v -0.417739 -0.000774 0.165141
v -0.051082 -0.061324 0.154002
v -0.044541 -0.055702 0.150248
v -0.049819 -0.056371 0.151872
v -0.052276 -0.052284 0.153555
v 0.447154 -0.041873 0.162337
v -0.048861 -0.047564 0.152317
v -0.035545 -0.039112 0.153426
v 0.006046 -0.023480 0.151781
v 0.407024 -0.020522 0.169168
v 0.027055 -0.019923 0.150090
v -0.098473 -0.025095 0.155900
v 0.387537 -0.011883 0.166122
v -0.123941 -0.016540 0.152561
v -0.140114 -0.011007 0.153324
v -0.135765 -0.005178 0.153752
v -0.447315 -0.001074 0.156838
v -0.458424 0.003260 0.154279
v -0.482835 0.024510 0.151383
v -0.480222 0.025189 0.154541
v -0.035883 0.027750 0.157432
v 0.010284 0.027342 0.153708
v 0.089188 0.023936 0.150203
v -0.491254 0.040784 0.154425
v -0.490545 0.036840 0.152040
v -0.494284 0.043970 0.151655
v 0.359600 0.025829 0.161632
v -0.494228 0.052155 0.156312
v -0.086145 0.050376 0.152235
v -0.048130 0.028969 0.158225
v -0.086173 0.031197 0.161593
v 0.470622 0.046320 0.165956
v -0.495922 0.072098 0.161054
v -0.098791 0.071984 0.154816
v 0.459389 0.067453 0.163973
v 0.415316 0.065810 0.159869
v -0.492148 0.083751 0.157200
v -0.481553 0.103206 0.157271
v -0.398363 0.116201 0.152689
v -0.394266 0.112157 0.153839
v -0.399767 0.115271 0.154929
v -0.389693 0.112129 0.154053
v -0.380252 0.117171 0.152371
v -0.402616 0.120265 0.150272
v -0.406946 0.119486 0.155283
v -0.457498 0.123101 0.161033
v -0.442574 0.125894 0.157287
v -0.434678 0.128011 0.164674
v -0.181562 0.104636 0.157653
v -0.292921 0.163124 0.151113
v -0.334210 -0.121860 0.160548
v -0.173067 -0.121303 0.156275
v -0.189660 -0.121312 0.157590
v -0.164774 -0.104876 0.157208
v -0.143954 -0.104506 0.154927
v -0.131240 -0.103730 0.153775
v -0.396723 -0.084929 0.156260
v -0.156398 -0.102449 0.157551
v -0.143610 -0.100823 0.158575
v -0.036444 -0.088661 0.169520
v -0.040239 -0.075039 0.181875
v -0.054789 -0.053541 0.159061
v -0.054598 -0.048769 0.154676
v -0.056499 -0.049187 0.158905
v -0.053704 -0.044060 0.154302
v -0.058230 -0.044947 0.158200
v -0.057366 -0.040874 0.155410
v -0.061367 -0.041594 0.158001
v -0.081551 -0.038036 0.157229
v -0.060873 -0.036862 0.154227
v -0.086023 -0.035710 0.156723
v -0.131719 -0.022191 0.161199
v -0.156116 -0.012041 0.156857
v -0.156688 -0.005514 0.156840
v -0.449662 0.003366 0.156863
v -0.458124 0.008844 0.158548
v -0.450043 0.005401 0.158414
v -0.465166 0.013750 0.159897
v -0.470831 0.017435 0.160445
v -0.022651 0.027682 0.156248
v 0.358674 0.023014 0.161225
v -0.022661 0.030154 0.156408
v -0.496227 0.056402 0.161030
v -0.107243 0.046614 0.159581
v 0.375727 0.029482 0.173964
v -0.127567 0.071250 0.161539
v -0.123780 0.059340 0.164862
v 0.455072 0.075348 0.161892
v 0.439632 0.075682 0.161745
v -0.488386 0.095742 0.164768
v -0.385130 0.112419 0.153959
v -0.386484 0.107718 0.158057
v -0.382142 0.104302 0.157482
v -0.372979 0.094917 0.160934
v -0.395268 0.112200 0.160509
v -0.473144 0.114763 0.164742
v -0.399418 0.117583 0.172042
v -0.466166 0.119635 0.164776
v -0.415188 0.125147 0.164727
v -0.244043 0.129573 0.158872
v -0.305021 -0.128461 0.161777
v -0.321673 -0.125231 0.160861
v -0.260278 -0.125201 0.162850
v -0.268729 -0.124457 0.165292
v -0.223133 -0.122872 0.161886
v -0.197908 -0.105277 0.160614
v -0.189647 -0.102162 0.161117
v -0.181223 -0.100361 0.161669
v -0.155972 -0.099323 0.163216
v -0.038277 -0.090667 0.168892
v -0.058915 -0.046474 0.163512
v 0.431035 -0.037685 0.163093
v -0.098460 -0.038030 0.161438
v -0.094029 -0.039973 0.162618
v -0.107091 -0.028695 0.159884
v -0.160734 -0.016434 0.161822
v -0.156779 -0.024667 0.169710
v -0.190977 -0.012613 0.165068
v -0.190124 -0.005489 0.162987
v -0.447210 0.005235 0.163076
v -0.438149 0.002553 0.162196
v -0.127906 0.028465 0.172160
v 0.375106 0.008133 0.165642
v -0.454355 0.007525 0.176353
v -0.458693 0.009422 0.164633
v -0.098361 0.030686 0.164845
v 0.486603 0.014892 0.168068
v -0.488207 0.033198 0.172620
v -0.496515 0.052569 0.172499
v -0.119982 0.046916 0.164481
v 0.447418 0.079221 0.160493
v -0.377935 0.095412 0.161381
v -0.383558 0.099845 0.163410
v -0.481056 0.106755 0.164780
v -0.392398 0.110556 0.164605
v -0.446502 0.126624 0.164761
v -0.426922 0.127720 0.168381
v -0.293437 -0.128294 0.165116
v -0.313460 -0.125626 0.162962
v -0.281206 -0.124802 0.165403
v -0.268541 -0.121814 0.166773
v -0.289190 -0.097619 0.169181
v -0.218627 -0.101911 0.162392
v -0.209799 -0.100884 0.162109
v -0.201605 -0.099962 0.162830
v -0.189352 -0.099033 0.163991
v -0.213339 -0.096706 0.163314
v -0.209038 -0.095343 0.166429
v -0.201369 -0.096944 0.167148
v -0.217485 -0.081170 0.163569
v -0.217435 -0.093114 0.163097
v -0.212546 -0.092334 0.166470
v -0.214256 -0.089062 0.166299
v -0.297094 -0.055825 0.173520
v -0.213715 -0.077776 0.165774
v -0.212051 -0.072892 0.165320
v -0.217981 -0.068171 0.165026
v -0.376007 -0.026620 0.167828
v -0.054356 -0.052314 0.184966
v -0.115027 -0.037275 0.164540
v -0.114895 -0.039467 0.166414
v -0.106719 -0.038127 0.163668
v 0.418829 -0.029429 0.166105
v 0.427291 -0.021945 0.169242
v 0.465952 -0.013136 0.167146
v -0.434447 0.004163 0.167678
v -0.426159 0.003205 0.166412
v -0.421749 0.001914 0.165863
v -0.470133 0.015016 0.168742
v -0.478249 0.021279 0.172624
v 0.370207 0.023712 0.170145
v -0.115734 0.031166 0.169028
v 0.478510 0.020479 0.173762
v -0.492727 0.041039 0.168724
v 0.390635 0.044969 0.168303
v -0.497488 0.064211 0.172553
v 0.455852 0.058187 0.165049
v 0.450798 0.063018 0.163796
v -0.495220 0.079880 0.172413
v 0.431378 0.061403 0.169903
v 0.438483 0.066168 0.166966
v 0.442493 0.071354 0.163397
v -0.373806 0.085078 0.165759
v -0.376835 0.087563 0.166310
v -0.379775 0.092161 0.167526
v -0.368944 0.075087 0.169942
v -0.490593 0.091705 0.172229
v -0.480968 0.106625 0.172070
v -0.388005 0.107450 0.172469
v -0.202424 0.087740 0.168095
v -0.321827 0.092033 0.170759
v -0.458328 0.122963 0.171922
v -0.407246 0.121811 0.171899
v -0.446464 0.126388 0.171967
v -0.422974 0.126820 0.171755
v -0.289485 -0.125483 0.166709
v -0.188661 -0.094548 0.188496
v -0.210238 -0.091636 0.175795
v -0.212072 -0.089366 0.171531
v -0.209203 -0.069167 0.171099
v -0.211799 -0.068420 0.167497
v -0.289254 -0.051665 0.174582
v -0.212514 -0.064741 0.167035
v -0.207408 -0.061408 0.170017
v -0.209207 -0.047358 0.168956
v -0.205562 -0.052540 0.169735
v -0.252082 -0.014414 0.176304
v -0.226729 -0.022290 0.174063
v -0.056947 -0.052834 0.192728
v -0.131540 -0.037300 0.167775
v -0.131430 -0.040546 0.170426
v -0.118815 -0.041349 0.171130
v 0.409483 -0.019661 0.170056
v 0.432767 -0.017255 0.173419
v 0.413754 -0.018455 0.169665
v 0.418629 -0.014132 0.169959
v 0.398129 -0.013467 0.171221
v 0.453853 -0.021637 0.171816
v -0.375956 -0.001300 0.173119
v -0.206729 -0.012901 0.169649
v -0.206790 -0.005585 0.166593
v -0.219208 -0.000512 0.172091
v 0.470681 0.007154 0.172303
v -0.438622 0.004342 0.176465
v -0.418366 0.004935 0.171165
v 0.389502 -0.008870 0.169659
v 0.385868 0.001972 0.169615
v -0.409830 0.006262 0.170326
v -0.405163 0.003781 0.169318
v 0.483226 0.011278 0.169086
v -0.466231 0.012879 0.176402
v -0.177764 0.028644 0.186687
v 0.385546 0.011184 0.170232
v 0.374701 0.027223 0.173835
v 0.394915 0.036593 0.182053
v 0.411066 0.053188 0.170741
v 0.454342 0.053774 0.168653
v 0.459137 0.054644 0.166517
v 0.449611 0.057723 0.168745
v 0.459706 0.059066 0.165222
v -0.144419 0.050660 0.172881
v -0.374046 0.083316 0.168029
v -0.376762 0.083660 0.171457
v -0.374465 0.079395 0.170500
v -0.473923 0.113693 0.172049
v -0.276576 0.096090 0.177891
v -0.438690 0.126591 0.175578
v -0.081337 -0.099337 0.193433
v -0.056965 -0.096538 0.176738
v -0.033334 -0.090103 0.185284
v -0.211219 -0.089193 0.175980
v -0.034529 -0.083251 0.182406
v -0.203150 -0.053112 0.172350
v -0.203818 -0.048547 0.170564
v -0.205023 -0.038794 0.171959
v -0.198830 -0.044246 0.174180
v -0.199436 -0.039089 0.173802
v -0.156961 -0.037901 0.173770
v -0.152493 -0.040155 0.174512
v -0.144149 -0.037751 0.171068
v -0.139721 -0.042170 0.175185
v -0.164999 -0.028215 0.172862
v 0.446633 -0.021267 0.175318
v 0.439751 -0.013023 0.179706
v -0.206190 -0.017121 0.173968
v -0.218750 -0.015857 0.175026
v 0.409970 -0.006010 0.169702
v 0.414760 -0.005655 0.170359
v 0.419593 -0.005086 0.172376
v -0.227583 -0.006991 0.172873
v 0.389726 -0.002431 0.170886
v 0.405866 -0.001751 0.170228
v 0.445904 -0.005200 0.181251
v 0.410424 -0.001248 0.170790
v 0.397634 0.001874 0.170373
v -0.411490 0.009718 0.184155
v -0.422888 0.005418 0.180292
v -0.410854 0.008245 0.175435
v -0.402526 0.010981 0.174124
v -0.397589 0.011851 0.173744
v 0.398141 0.006934 0.170803
v -0.206716 0.028834 0.194128
v 0.390050 0.016014 0.173068
v 0.377970 0.024383 0.174371
v -0.489768 0.037076 0.180144
v 0.470170 0.033324 0.173324
v -0.496086 0.056469 0.180139
v 0.438220 0.048370 0.185798
v -0.374196 0.071324 0.174661
v -0.487208 0.091561 0.183713
v -0.380024 0.092238 0.176376
v -0.390164 0.107589 0.179672
v -0.399229 0.114986 0.179371
v -0.466258 0.116216 0.179521
v -0.407101 0.118919 0.179244
v -0.454400 0.121725 0.179502
v -0.419005 0.123204 0.179102
v -0.031803 -0.088429 0.185876
v -0.046570 -0.058893 0.198147
v -0.192381 -0.036647 0.182887
v -0.289336 -0.026447 0.178944
v -0.289074 -0.013750 0.182058
v -0.199980 -0.034907 0.175214
v -0.196072 -0.035906 0.178497
v -0.173255 -0.040043 0.179394
v -0.177961 -0.038252 0.178440
v -0.152205 -0.042518 0.179963
v -0.195725 -0.032397 0.177754
v -0.185917 -0.028733 0.176448
v -0.186298 -0.034024 0.180399
v -0.197696 -0.024212 0.176511
v -0.193491 -0.028394 0.177287
v -0.209993 -0.019661 0.175499
v -0.248108 -0.006031 0.176076
v 0.435894 0.008995 0.190208
v -0.446504 0.006890 0.184158
v 0.407090 0.028418 0.187624
v -0.403494 0.013320 0.179772
v -0.389255 0.018733 0.177653
v -0.394413 0.018896 0.178482
v -0.474680 0.020782 0.183998
v 0.394494 0.028065 0.182751
v -0.480873 0.025320 0.180224
v 0.461587 0.026489 0.185418
v -0.141416 0.031591 0.177105
v -0.152904 0.034540 0.181048
v -0.169260 0.034224 0.185630
v 0.426781 0.045091 0.186917
v -0.495761 0.072000 0.180079
v -0.369264 0.058724 0.177956
v -0.373088 0.063297 0.178708
v -0.374602 0.067519 0.179585
v -0.492587 0.079778 0.183852
v -0.317578 0.038594 0.195075
v -0.478822 0.099595 0.187280
v -0.474017 0.110285 0.179450
v -0.438923 0.123229 0.183449
v -0.204245 -0.091314 0.187700
v -0.208369 -0.088611 0.183630
v -0.203908 -0.077942 0.191789
v -0.198763 -0.057825 0.187737
v -0.077452 -0.047289 0.184191
v -0.186120 -0.036339 0.183407
v -0.177804 -0.040411 0.184636
v -0.192904 -0.033867 0.180022
v -0.273560 -0.005041 0.181463
v -0.265095 0.003881 0.183741
v -0.430794 0.008351 0.191998
v -0.458299 0.012054 0.188046
v 0.449374 0.026764 0.194387
v -0.403685 0.015789 0.188257
v -0.227359 0.028652 0.197419
v -0.395366 0.021357 0.183618
v -0.380958 0.028914 0.181872
v -0.386757 0.027974 0.182900
v -0.481085 0.029215 0.187871
v 0.390595 0.031211 0.181982
v 0.394706 0.033969 0.183437
v -0.491914 0.048641 0.187834
v -0.374343 0.054615 0.182843
v -0.369248 0.050652 0.182011
v -0.367676 0.042420 0.185825
v -0.375207 0.059816 0.183601
v -0.493934 0.060343 0.187881
v -0.223372 0.034387 0.197662
v -0.379366 0.083844 0.188272
v -0.487637 0.087639 0.187526
v -0.387424 0.091348 0.195929
v -0.466267 0.107718 0.190981
v -0.458296 0.118322 0.183304
v -0.410970 0.115400 0.187124
v -0.442510 0.118723 0.191056
v -0.204132 -0.087972 0.191518
v -0.185527 -0.037609 0.187978
v -0.272532 0.020330 0.196961
v -0.418936 0.011639 0.195918
v -0.466209 0.020309 0.195776
v -0.383327 0.033334 0.186773
v -0.177766 0.031521 0.187860
v -0.481955 0.036940 0.195566
v -0.377531 0.036434 0.184799
v -0.373132 0.040217 0.185608
v -0.378483 0.039545 0.186555
v -0.375282 0.043213 0.186483
v 0.415293 0.037193 0.190108
v -0.375400 0.051734 0.185866
v -0.376102 0.055903 0.188199
v -0.376660 0.064153 0.192383
v -0.490031 0.075867 0.191537
v -0.271870 0.038309 0.204098
v -0.399190 0.106269 0.191153
v -0.435204 0.118719 0.191020
v -0.172191 -0.090408 0.217146
v -0.032810 -0.089934 0.206210
v -0.031375 -0.088065 0.193583
v -0.202655 -0.084818 0.195430
v -0.199188 -0.070025 0.195666
v -0.049588 -0.055664 0.206060
v -0.110576 -0.047730 0.205538
v -0.442580 0.010783 0.195855
v -0.411359 0.012584 0.192146
v -0.243573 0.032251 0.202452
v -0.388084 0.037235 0.199690
v 0.431544 0.033323 0.198326
v -0.379130 0.044395 0.191650
v -0.378562 0.052325 0.196219
v 0.438296 0.030202 0.200450
v -0.379629 0.075760 0.196136
v -0.264173 0.035038 0.205517
v -0.418736 0.111496 0.194197
v -0.029548 -0.087786 0.206612
v -0.030637 -0.085162 0.198045
v -0.021909 -0.082458 0.223778
v -0.176352 -0.043486 0.204413
v -0.450352 0.013360 0.197216
v -0.399524 0.025164 0.199738
v 0.438000 0.027615 0.200235
v -0.470043 0.028966 0.201615
v -0.206749 0.031243 0.195009
v 0.429643 0.030994 0.198312
v -0.485934 0.048624 0.197749
v -0.481309 0.067668 0.206858
v -0.478277 0.079075 0.204110
v -0.466342 0.099782 0.196685
v -0.410835 0.103364 0.200666
v -0.453976 0.106087 0.199550
v -0.435217 0.111542 0.199289
v -0.045193 -0.094103 0.218618
v -0.438601 0.012921 0.200415
v -0.430818 0.014966 0.203496
v -0.415056 0.017533 0.203072
v 0.435371 0.028015 0.200202
v -0.256224 0.033782 0.204696
v -0.288341 0.035643 0.200204
v -0.481239 0.040829 0.199357
v -0.382835 0.044894 0.199793
v -0.252290 0.035039 0.204396
v -0.382348 0.060210 0.203658
v -0.382732 0.067950 0.203624
v -0.387679 0.083412 0.203632
v -0.391245 0.088016 0.203539
v -0.398799 0.091151 0.206261
v -0.443047 0.103505 0.208126
v -0.414153 0.100514 0.203516
v -0.179975 -0.045245 0.203778
v -0.454408 0.020398 0.204333
v -0.407411 0.025951 0.206647
v -0.271706 0.035202 0.204533
v -0.481361 0.060736 0.206886
v -0.462094 0.087906 0.212056
v -0.461616 0.093204 0.208000
v -0.450149 0.102667 0.207728
v -0.431979 0.099848 0.208702
v -0.423202 0.099687 0.204742
v -0.439638 0.099897 0.211442
v -0.146273 -0.091282 0.246689
v -0.183803 -0.083407 0.220496
v -0.025626 -0.086991 0.219039
v -0.181928 -0.080738 0.224185
v -0.023514 -0.084447 0.219677
v -0.177942 -0.062260 0.220368
v -0.089888 -0.050883 0.222479
v -0.151271 -0.047671 0.242770
v -0.438677 0.020877 0.208954
v -0.411126 0.028888 0.210977
v -0.462407 0.028800 0.207430
v -0.470154 0.040671 0.209160
v -0.395573 0.037349 0.206921
v -0.391235 0.048774 0.209680
v -0.391189 0.056457 0.211554
v -0.387421 0.064173 0.208889
v -0.467686 0.079498 0.211196
v -0.391107 0.082170 0.207056
v -0.417488 0.088554 0.209063
v -0.134389 -0.097765 0.234606
v -0.041972 -0.059302 0.219058
v -0.422713 0.028405 0.213345
v -0.446783 0.028720 0.213342
v -0.458462 0.036431 0.213848
v -0.410963 0.032430 0.212642
v -0.470825 0.052238 0.211723
v -0.474742 0.064182 0.212671
v -0.413455 0.055084 0.210199
v -0.413266 0.073075 0.208950
v -0.426563 0.050573 0.212844
v -0.408231 0.063976 0.210403
v -0.394806 0.072009 0.212914
v -0.417975 0.076666 0.208594
v -0.408312 0.068705 0.210238
v -0.474476 0.071464 0.211119
v -0.431500 0.067616 0.211430
v -0.435371 0.077126 0.210784
v -0.423208 0.089096 0.208948
v -0.404933 0.076632 0.213149
v -0.417066 0.084948 0.209427
v -0.412949 0.088214 0.210693
v -0.398364 0.079653 0.211797
v -0.410136 0.091595 0.209156
v -0.454196 0.095714 0.211978
v -0.446881 0.099623 0.211975
v -0.431746 0.092392 0.213140
v -0.016288 -0.081169 0.240580
v -0.166122 -0.048320 0.224979
v -0.426647 0.035725 0.215491
v -0.416055 0.035665 0.214602
v -0.405704 0.044060 0.214008
v -0.426489 0.042962 0.215742
v -0.462647 0.044073 0.214188
v -0.413636 0.046797 0.213236
v -0.398376 0.052460 0.214548
v -0.408361 0.051087 0.213599
v -0.404704 0.051788 0.215389
v -0.430862 0.050864 0.212397
v -0.435423 0.047067 0.213856
v -0.439035 0.048414 0.215169
v -0.459180 0.056282 0.215095
v -0.467418 0.055836 0.212975
v -0.431812 0.055916 0.211581
v -0.437963 0.056828 0.216779
v -0.394726 0.060147 0.213915
v -0.471700 0.064457 0.213669
v -0.462772 0.059935 0.212718
v -0.401103 0.059330 0.214844
v -0.457978 0.063761 0.216399
v -0.437718 0.063769 0.217284
v -0.457033 0.067576 0.215664
v -0.437555 0.067420 0.215122
v -0.438581 0.066404 0.217636
v -0.398025 0.072026 0.214010
v -0.457463 0.072431 0.215319
v -0.436832 0.071454 0.212050
v -0.441150 0.071327 0.216800
v -0.462546 0.080486 0.213239
v -0.454837 0.075038 0.215993
v -0.445678 0.075565 0.214996
v -0.440672 0.076252 0.213327
v -0.448057 0.080320 0.215334
v -0.432075 0.089407 0.213513
v -0.458467 0.088195 0.213597
v -0.451315 0.084827 0.215525
v -0.447116 0.096295 0.213436
v -0.109439 -0.099056 0.276358
v -0.021034 -0.086133 0.235529
v -0.173261 -0.073958 0.236920
v -0.451243 0.039654 0.215895
v -0.434752 0.039024 0.215476
v -0.454790 0.044203 0.215728
v -0.443678 0.044104 0.215985
v -0.453899 0.048649 0.216558
v -0.450479 0.050282 0.219904
v -0.444090 0.049936 0.218648
v -0.457657 0.052411 0.215551
v -0.453280 0.053443 0.220696
v -0.440964 0.054145 0.220650
v -0.456668 0.057152 0.217552
v -0.438221 0.060645 0.225461
v -0.456583 0.060858 0.221257
v -0.453225 0.063592 0.228580
v -0.437261 0.063778 0.222393
v -0.454949 0.067266 0.221319
v -0.440191 0.070118 0.222112
v -0.453444 0.070681 0.220753
v -0.448229 0.073819 0.218479
v -0.447054 0.071944 0.225416
v -0.163788 -0.047060 0.225303
v -0.447519 0.052427 0.225029
v -0.441296 0.055474 0.225155
v -0.452563 0.057828 0.228236
v -0.453986 0.067032 0.225234
v -0.441258 0.066816 0.229023
v -0.443991 0.069875 0.228626
v -0.448872 0.069733 0.228477
v -0.177062 -0.080150 0.232879
v -0.447259 0.054741 0.228364
v -0.439885 0.060681 0.228784
v -0.450131 0.066928 0.229717
v -0.168233 -0.082735 0.242058
v -0.033582 -0.059330 0.248307
v -0.443096 0.060950 0.231808
v -0.450091 0.060580 0.230918
v -0.444409 0.066588 0.231316
v -0.013982 -0.082072 0.247537
v -0.170570 -0.079711 0.241783
v -0.048346 -0.098285 0.297571
v -0.153222 -0.073820 0.274813
v -0.149163 -0.051424 0.258526
v -0.027926 -0.055404 0.289446
v -0.011964 -0.083271 0.256703
v -0.161882 -0.079585 0.258470
v -0.007171 -0.080021 0.269301
v -0.156461 -0.077087 0.270050
v -0.145953 -0.050761 0.262920
v -0.157871 -0.081523 0.262911
v -0.089586 -0.051925 0.284941
v -0.012017 -0.085676 0.268780
v -0.008345 -0.083580 0.269124
v -0.008100 -0.083657 0.272940
v -0.084683 -0.098338 0.321893
v -0.000029 -0.083019 0.294236
v -0.150124 -0.079476 0.279219
v -0.000736 -0.075974 0.298459
v -0.133668 -0.082020 0.302397
v 0.001188 -0.079638 0.294482
v -0.146103 -0.076502 0.287385
v -0.129526 -0.058401 0.300112
v -0.117411 -0.052590 0.309111
v -0.141303 -0.080956 0.292145
v -0.139844 -0.073962 0.299056
v -0.020830 -0.057788 0.298134
v -0.097755 -0.051925 0.313971
v -0.105556 -0.098489 0.288630
v 0.005277 -0.082447 0.310788
v -0.011355 -0.090710 0.335288
v -0.131010 -0.079140 0.312419
v 0.003801 -0.079577 0.302990
v -0.134834 -0.076382 0.308033
v 0.009409 -0.079928 0.315052
v 0.007301 -0.076055 0.315546
v -0.016190 -0.057167 0.318661
v -0.111657 -0.058405 0.329710
v -0.108150 -0.055110 0.330061
v -0.124181 -0.073945 0.325003
v -0.123851 -0.079393 0.324324
v 0.010757 -0.078805 0.320574
v -0.060311 -0.052759 0.351332
v 0.017101 -0.082125 0.340134
v -0.122084 -0.076452 0.328637
v 0.019939 -0.077372 0.336772
v 0.004399 -0.067964 0.335884
v -0.035820 -0.096419 0.351758
v -0.109114 -0.080021 0.345837
v 0.020503 -0.079967 0.340450
v -0.015318 -0.055631 0.347569
v -0.107622 -0.070414 0.345028
v -0.096592 -0.054414 0.342048
v -0.113703 -0.076831 0.341311
v -0.099691 -0.058544 0.345112
v -0.088120 -0.082410 0.356785
v -0.076126 -0.097121 0.333806
v 0.027738 -0.071964 0.357167
v 0.000335 -0.061892 0.352216
v 0.001410 -0.091169 0.360609
v 0.033106 -0.079763 0.357581
v -0.091947 -0.056312 0.349228
v -0.026507 -0.095519 0.367027
v -0.100074 -0.079620 0.352795
v -0.107743 -0.077163 0.348365
v 0.028698 -0.075194 0.353569
v -0.095882 -0.062135 0.350419
v -0.063894 -0.053894 0.358385
v -0.091725 -0.080162 0.357260
v 0.000697 -0.059167 0.368842
v -0.071596 -0.054956 0.357449
v -0.018332 -0.056279 0.379200
v -0.009721 -0.094553 0.375828
v 0.034288 -0.089655 0.385819
v 0.046369 -0.082345 0.378271
v -0.093748 -0.076888 0.356683
v 0.036663 -0.077316 0.361974
v 0.045465 -0.079458 0.373018
v 0.046164 -0.072903 0.374811
v -0.058740 -0.062345 0.368588
v -0.034504 -0.056170 0.374386
v 0.014356 -0.093897 0.384818
v 0.049398 -0.075661 0.375399
v -0.038219 -0.058692 0.375502
v -0.046488 -0.082481 0.377787
v -0.038494 -0.080229 0.383264
v -0.058601 -0.077538 0.374303
v -0.046385 -0.074161 0.379017
v 0.043262 -0.068254 0.381741
v 0.001690 -0.057716 0.384272
v 0.054673 -0.079077 0.379679
v 0.058562 -0.074684 0.379929
v 0.013724 -0.060145 0.385124
v -0.043071 -0.066053 0.377383
v 0.059434 -0.082399 0.389507
v 0.062984 -0.081925 0.389152
v 0.061422 -0.079258 0.383991
v 0.058804 -0.071750 0.382785
v 0.065667 -0.073782 0.386758
v -0.026030 -0.058758 0.380243
v -0.001238 -0.092967 0.382879
v -0.025843 -0.082721 0.386027
v -0.034334 -0.079846 0.383771
v 0.065981 -0.076342 0.386505
v 0.063097 -0.071060 0.389449
v 0.007389 -0.070572 0.399148
v 0.034636 -0.063878 0.393035
v 0.019271 -0.092591 0.391472
v 0.038435 -0.089729 0.392577
v 0.026546 -0.092337 0.392483
v 0.067129 -0.076636 0.389483
v -0.031196 -0.077082 0.385519
v 0.066182 -0.073103 0.389471
v -0.007705 -0.058959 0.386281
v 0.006569 -0.060549 0.390797
v -0.000878 -0.079808 0.398153
v -0.021714 -0.080104 0.389485
v 0.065645 -0.075160 0.393541
v 0.065248 -0.072333 0.392185
v 0.018632 -0.061111 0.392133
v 0.027020 -0.090874 0.395308
v 0.038524 -0.088546 0.395385
v 0.062304 -0.077986 0.395021
v -0.000806 -0.077416 0.398668
v 0.059026 -0.070122 0.395760
v 0.023361 -0.067284 0.401178
v 0.038972 -0.066200 0.399686
v 0.019328 -0.083284 0.400775
v 0.030852 -0.087392 0.398843
v 0.054922 -0.079283 0.399128
v 0.054756 -0.076212 0.400818
v 0.058352 -0.073796 0.398577
v 0.054585 -0.070960 0.398976
v 0.023281 -0.079719 0.403345
v 0.035060 -0.079697 0.403442
v 0.051263 -0.073705 0.402191
v 0.054661 -0.073491 0.401301
v 0.023637 -0.073689 0.404977
v 0.043004 -0.070601 0.403701
v 0.031294 -0.073571 0.405794
v 0.043063 -0.073025 0.404693
vn -0.0765 -0.6211 -0.7800
vn 0.1714 -0.3713 -0.9126
vn 0.0032 -0.7615 -0.6482
vn 0.1613 -0.8523 -0.4975
vn 0.5721 -0.3922 -0.7203
vn -0.0455 -0.1737 -0.9837
vn -0.0455 0.1696 -0.9845
vn 0.0052 -0.0542 -0.9985
vn 0.3321 0.3600 -0.8718
vn -0.2226 -0.1890 -0.9564
vn -0.1065 0.5126 -0.8520
vn -0.0814 0.5798 -0.8107
vn -0.0430 0.6092 -0.7919
vn 0.3037 0.7648 -0.5682
vn 0.4788 -0.8706 0.1131
vn 0.8243 -0.4154 -0.3846
vn -0.2164 -0.6909 -0.6898
vn -0.3458 -0.0070 -0.9383
vn 0.8605 0.5041 -0.0743
vn -0.1798 0.5245 -0.8322
vn -0.1383 0.8005 -0.5831
vn 0.0527 0.8701 -0.4901
vn 0.1144 0.9352 -0.3352
vn -0.0228 -0.9002 -0.4348
vn 0.1350 -0.9383 -0.3184
vn 0.8313 -0.5188 0.1995
vn -0.2963 -0.5995 -0.7435
vn 0.9026 0.0460 0.4280
vn -0.2695 0.5413 -0.7964
vn 0.4825 0.8614 0.1585
vn -0.0960 -0.9329 -0.3472
vn -0.2765 -0.7216 -0.6347
vn 0.6694 -0.4010 0.6254
vn -0.3629 -0.3719 -0.8544
vn -0.4169 0.0644 -0.9067
vn -0.3756 0.1293 -0.9177
vn 0.7194 0.2362 0.6532
vn 0.2606 -0.9592 0.1092
vn -0.2691 0.6461 -0.7143
vn 0.2728 0.9539 0.1255
vn 0.0692 0.9686 -0.2386
vn 0.1901 -0.9815 0.0241
vn -0.1348 -0.9467 -0.2925
vn -0.3645 -0.5125 -0.7775
vn 0.5868 -0.5952 0.5490
vn -0.4393 -0.1569 -0.8845
vn 0.7754 0.1105 0.6217
vn 0.0703 0.9857 -0.1533
vn 0.6451 0.5034 0.5748
vn -0.2915 0.6931 -0.6593
vn -0.1055 0.8981 -0.4269
vn -0.4459 0.2164 -0.8685
vn 0.6209 0.5407 0.5676
vn 0.0681 0.9711 -0.2288
vn 0.1859 0.9825 0.0118
vn 0.0476 -0.9988 -0.0132
vn -0.1579 -0.9248 -0.3461
vn -0.2641 -0.4995 0.8251
vn -0.0576 0.9739 -0.2194
vn -0.1939 -0.8955 -0.4006
vn -0.2790 -0.7406 -0.6113
vn -0.3792 0.0602 -0.9234
vn 0.3650 0.9172 0.1598
vn -0.0194 -0.9990 -0.0411
vn -0.3309 -0.3390 -0.8806
vn -0.1780 -0.9323 -0.3150
vn 0.6401 0.5695 0.5158
vn -0.3177 0.4116 -0.8542
vn -0.2028 0.8967 -0.3935
vn -0.0807 -0.9877 -0.1341
vn 0.2209 -0.9654 0.1384
vn 0.3171 -0.9185 0.2362
vn -0.2681 -0.6960 -0.6661
vn -0.2640 -0.1277 -0.9560
vn 0.7942 0.0795 0.6025
vn -0.4411 0.3069 -0.8434
vn 0.5288 0.7831 0.3273
vn -0.2461 0.7504 -0.6134
vn -0.2242 0.8841 -0.4101
vn -0.1039 0.9784 -0.1789
vn 0.1693 0.9854 0.0161
vn -0.2459 -0.8512 -0.4637
vn -0.2393 -0.4564 -0.8570
vn 0.5557 -0.7042 0.4420
vn -0.3609 -0.5507 -0.7527
vn -0.3323 -0.0737 -0.9403
vn -0.4707 0.5296 -0.7057
vn 0.4338 0.8826 0.1813
vn -0.6389 -0.6135 -0.4642
vn -0.6779 -0.1284 -0.7238
vn -0.7295 0.3973 -0.5568
vn -0.2995 0.7970 -0.5244
vn -0.0262 0.9955 -0.0914
vn -0.1729 -0.9596 -0.2220
vn -0.3434 -0.9037 -0.2559
vn 0.7907 0.2795 0.5447
vn -0.5901 0.5803 -0.5612
vn -0.1708 -0.9751 -0.1416
vn -0.8618 0.0133 -0.5071
vn -0.6808 0.5893 -0.4351
vn -0.4530 0.7968 -0.3998
vn -0.3089 0.9061 -0.2892
vn 0.1470 0.9891 0.0122
vn -0.1444 -0.9895 -0.0010
vn 0.5412 -0.7712 0.3352
vn -0.6463 -0.6674 -0.3700
vn 0.8123 -0.2220 0.5392
vn -0.8594 -0.0866 -0.5040
vn 0.6552 0.6459 0.3919
vn 0.8870 -0.0288 0.4608
vn -0.7954 0.3669 -0.4824
vn 0.1160 0.9932 0.0035
vn 0.8396 -0.0171 0.5430
vn -0.5857 0.7055 -0.3990
vn 0.2624 0.9615 0.0812
vn 0.6030 -0.7422 0.2923
vn -0.6671 -0.6497 -0.3646
vn -0.8760 -0.1263 -0.4654
vn 0.6827 0.5942 0.4253
vn -0.0212 0.9964 -0.0816
vn 0.2183 -0.9748 0.0469
vn 0.9067 -0.0420 0.4196
vn 0.5751 0.7700 0.2764
vn -0.2888 0.9256 -0.2447
vn -0.0079 -0.9978 -0.0655
vn -0.3798 -0.8881 -0.2590
vn 0.7398 0.6086 0.2867
vn 0.2676 0.9560 0.1203
vn 0.5199 -0.8118 0.2659
vn 0.8587 -0.2742 0.4330
vn -0.8592 -0.0503 -0.5092
vn -0.6640 -0.6155 -0.4246
vn -0.8558 -0.0336 -0.5163
vn -0.8253 -0.0830 -0.5585
vn 0.9461 0.1025 0.3073
vn -0.6368 0.6481 -0.4177
vn 0.7151 -0.6576 0.2369
vn -0.0931 0.9175 -0.3866
vn -0.7840 -0.4442 -0.4336
vn 0.7319 0.6368 0.2425
vn 0.0750 0.9972 -0.0038
vn -0.1172 -0.9876 -0.1043
vn 0.4683 -0.8741 0.1293
vn -0.5022 -0.7956 -0.3388
vn -0.8017 0.3188 -0.5056
vn 0.9429 -0.0590 0.3278
vn 0.6042 0.7773 0.1754
vn -0.0100 0.9976 -0.0691
vn -0.2580 -0.9471 -0.1909
vn 0.6808 -0.7015 0.2105
vn -0.2776 0.9288 -0.2456
vn 0.1275 -0.9917 -0.0154
vn -0.7848 -0.3278 -0.5260
vn -0.6722 0.6018 -0.4313
vn -0.8224 -0.1471 -0.5495
vn 0.9521 0.0948 0.2909
vn 0.4828 0.8738 0.0577
vn 0.0831 -0.9961 -0.0284
vn 0.7555 -0.6139 0.2288
vn -0.5467 0.7447 -0.3828
vn 0.2643 -0.9643 0.0137
vn -0.7885 -0.3089 -0.5319
vn 0.8721 0.4704 0.1350
vn -0.4517 -0.8336 -0.3179
vn 0.9543 -0.0855 0.2864
vn -0.6989 0.5887 -0.4062
vn -0.2975 0.9237 -0.2414
vn 0.4527 -0.8862 0.0979
vn -0.8958 -0.4412 -0.0541
vn -0.8837 0.0416 -0.4663
vn 0.9517 0.2063 0.2274
vn 0.7193 0.6857 0.1115
vn -0.6281 0.6697 -0.3962
vn -0.1783 -0.9744 -0.1372
vn 0.7611 -0.6220 0.1840
vn -0.7109 -0.5183 -0.4753
vn 0.9683 -0.1328 0.2117
vn 0.4707 -0.8779 0.0881
vn -0.4652 -0.8300 -0.3077
vn 0.4695 0.8825 0.0272
vn 0.2445 0.9695 -0.0183
vn -0.2019 -0.9636 -0.1751
vn -0.8641 -0.0595 -0.4997
vn -0.3260 0.9156 -0.2352
vn 0.5947 0.8015 0.0635
vn -0.6374 -0.6484 -0.4162
vn 0.9873 -0.0207 0.1573
vn -0.8052 0.3641 -0.4681
vn -0.0799 -0.9942 -0.0714
vn 0.7758 -0.6197 0.1188
vn -0.8517 0.0916 -0.5159
vn 0.9742 0.1077 0.1983
vn 0.6864 0.7220 0.0872
vn -0.3290 -0.8946 -0.3023
vn -0.7473 -0.3812 -0.5443
vn -0.6938 0.5889 -0.4145
vn 0.0811 0.9559 -0.2822
vn 0.9039 -0.3895 0.1768
vn -0.7963 0.2270 -0.5608
vn -0.1133 0.0990 -0.9886
vn 0.1217 -0.1611 -0.9794
vn -0.0788 -0.2194 -0.9725
vn 0.1519 0.0194 -0.9882
vn -0.2711 -0.3756 -0.8862
vn -0.5179 -0.0693 -0.8526
vn -0.2828 -0.0526 -0.9577
vn 0.0350 -0.2647 -0.9637
vn -0.4523 0.2517 -0.8556
vn -0.1367 0.1199 -0.9833
vn -0.1023 0.0335 -0.9942
vn 0.2551 -0.2239 -0.9406
vn 0.2859 -0.0146 -0.9582
vn -0.3353 0.4276 -0.8395
vn -0.2991 0.1693 -0.9391
vn -0.0014 0.0643 -0.9979
vn 0.4764 0.3344 -0.8132
vn 0.5651 -0.0084 -0.8249
vn -0.3313 0.4441 -0.8325
vn 0.2178 0.4522 -0.8649
vn -0.0098 -0.9987 -0.0504
vn -0.7180 -0.0131 -0.6960
vn 0.1021 -0.1143 -0.9882
vn -0.3811 0.0614 -0.9225
vn -0.2439 0.4547 -0.8566
vn -0.0809 -0.2825 -0.9558
vn 0.0210 -0.5303 -0.8475
vn 0.1356 -0.5052 -0.8523
vn 0.2676 -0.3791 -0.8858
vn -0.2010 -0.2389 -0.9500
vn -0.2894 -0.0653 -0.9550
vn 0.3697 -0.2258 -0.9013
vn -0.3038 -0.0183 -0.9526
vn -0.1242 -0.3404 -0.9320
vn -0.1380 0.0246 -0.9901
vn -0.2604 -0.4205 -0.8691
vn -0.5039 -0.3362 -0.7957
vn 0.1379 -0.1926 -0.9715
vn 0.1904 0.1203 -0.9743
vn 0.0707 0.1126 -0.9911
vn 0.3479 -0.0864 -0.9335
vn 0.2897 0.0552 -0.9555
vn 0.3687 0.2645 -0.8911
vn -0.5206 0.0692 -0.8510
vn -0.2535 0.3800 -0.8896
vn 0.5616 -0.1175 -0.8190
vn -0.2667 0.3903 -0.8812
vn 0.6137 0.2218 -0.7578
vn -0.3517 0.4900 -0.7976
vn 0.3627 0.7025 -0.6123
vn -0.3232 0.6815 -0.6566
vn 0.7087 -0.7018 0.0723
vn -0.5433 -0.6150 -0.5715
vn 0.9648 -0.2529 0.0717
vn 0.9753 -0.1642 0.1476
vn 0.4594 -0.5362 -0.7081
vn 0.0174 -0.6157 -0.7878
vn 0.4561 -0.4836 -0.7471
vn 0.6031 -0.1367 -0.7859
vn 0.1355 -0.7496 -0.6479
vn 0.6297 0.3112 -0.7118
vn -0.1723 -0.4930 -0.8528
vn -0.2677 -0.2186 -0.9384
vn 0.3041 -0.5457 -0.7808
vn 0.3127 0.4785 -0.8205
vn 0.5083 -0.3603 -0.7822
vn -0.0064 -0.1406 -0.9900
vn 0.1761 0.1813 -0.9675
vn 0.0822 -0.3237 -0.9426
vn -0.4215 -0.2816 -0.8620
vn -0.2885 -0.0949 -0.9528
vn -0.4586 -0.1732 -0.8716
vn 0.5370 -0.1243 -0.8344
vn -0.1691 -0.1104 -0.9794
vn -0.0948 0.2259 -0.9695
vn 0.0721 0.2502 -0.9655
vn 0.5175 0.0426 -0.8546
vn -0.5189 -0.2465 -0.8185
vn -0.4573 0.1938 -0.8680
vn 0.3909 0.3007 -0.8699
vn -0.2832 0.7163 -0.6378
vn 0.2962 0.6794 -0.6713
vn -0.6668 0.0701 -0.7419
vn 0.8715 0.4734 0.1284
vn -0.5774 0.4902 -0.6530
vn -0.5022 0.7338 -0.4575
vn -0.0325 -0.7348 -0.6775
vn -0.4900 -0.3885 -0.7804
vn -0.2974 -0.6351 -0.7129
vn 0.2866 -0.6789 -0.6760
vn 0.4724 -0.5449 -0.6927
vn -0.4749 0.0287 -0.8796
vn -0.0212 -0.4178 -0.9083
vn -0.4600 0.5020 -0.7324
vn 0.1998 -0.2526 -0.9467
vn -0.6359 -0.3874 -0.6675
vn -0.5424 -0.0611 -0.8379
vn 0.0117 0.6361 -0.7715
vn 0.6783 -0.3609 -0.6400
vn -0.2003 -0.1508 -0.9681
vn 0.2641 -0.0359 -0.9638
vn -0.5083 -0.0127 -0.8611
vn 0.7874 -0.1649 -0.5940
vn -0.4848 -0.2026 -0.8508
vn 0.8202 0.0317 -0.5713
vn 0.6667 0.1975 -0.7187
vn -0.5701 -0.0800 -0.8177
vn -0.6898 0.0963 -0.7176
vn 0.5279 0.3955 -0.7516
vn -0.4599 0.4017 -0.7919
vn 0.4626 0.4470 -0.7657
vn 0.5230 0.5262 -0.6705
vn -0.1982 0.5926 -0.7807
vn 0.0504 0.5710 -0.8194
vn 0.2817 -0.9588 -0.0366
vn 0.1104 -0.9826 -0.1496
vn -0.0829 0.9811 -0.1746
vn 0.6531 0.0160 -0.7571
vn -0.4877 -0.5673 -0.6636
vn -0.5690 0.1283 -0.8123
vn 0.6452 -0.5029 -0.5751
vn -0.6870 -0.2665 -0.6760
vn -0.3316 0.6216 -0.7097
vn 0.4449 0.5206 -0.7287
vn -0.1949 0.1722 -0.9656
vn -0.6952 -0.2453 -0.6757
vn 0.1942 0.3688 -0.9090
vn -0.0089 0.3879 -0.9217
vn 0.8171 0.2556 -0.5168
vn -0.6889 0.4304 -0.5833
vn -0.5193 0.5863 -0.6217
vn -0.3413 0.7317 -0.5900
vn 0.0671 0.6972 -0.7137
vn 0.3753 -0.8968 -0.2344
vn 0.9900 -0.0709 0.1219
vn 0.8607 0.5000 0.0959
vn 0.0939 0.9247 -0.3689
vn -0.1745 -0.8633 -0.4735
vn -0.4035 -0.7516 -0.5218
vn 0.0185 -0.8853 -0.4646
vn 0.2249 -0.8075 -0.5454
vn 0.4256 -0.7113 -0.5593
vn 0.5888 -0.6531 -0.4762
vn -0.1708 -0.2986 -0.9390
vn -0.1685 -0.1724 -0.9705
vn 0.1931 -0.3491 -0.9170
vn 0.6317 -0.2381 -0.7377
vn -0.7680 0.2228 -0.6005
vn 0.6775 0.4443 -0.5862
vn 0.3820 0.6576 -0.6494
vn 0.2681 0.7631 -0.5881
vn -0.0276 0.8171 -0.5758
vn -0.0871 -0.8699 -0.4855
vn -0.3617 -0.8656 -0.3462
vn -0.5829 -0.5714 -0.5777
vn 0.1659 -0.3021 -0.9387
vn 0.2741 -0.3934 -0.8776
vn -0.3571 -0.8907 -0.2811
vn -0.5874 -0.6691 -0.4553
vn 0.2983 -0.8730 -0.3859
vn 0.4931 -0.7912 -0.3618
vn 0.1837 -0.4757 -0.8602
vn -0.7547 -0.4376 -0.4889
vn 0.5540 -0.5121 -0.6564
vn -0.3612 0.5237 -0.7716
vn 0.7155 -0.4012 -0.5719
vn 0.0335 -0.0024 -0.9994
vn -0.0029 0.2265 -0.9740
vn -0.0800 0.6283 -0.7738
vn 0.7857 -0.1612 -0.5973
vn 0.6360 0.1278 -0.7611
vn -0.8073 -0.0494 -0.5881
vn 0.8091 0.2139 -0.5474
vn 0.8643 0.3142 -0.3927
vn -0.8422 0.3118 -0.4399
vn -0.7750 0.4944 -0.3935
vn 0.7478 0.4993 -0.4377
vn -0.5126 0.6894 -0.5118
vn 0.5343 0.6571 -0.5317
vn -0.0739 -0.9065 -0.4157
vn -0.1031 -0.8524 -0.5126
vn 0.5242 0.8344 -0.1700
vn 0.0414 0.8800 -0.4731
vn 0.0027 -0.1266 -0.9919
vn 0.2642 -0.0447 -0.9634
vn 0.2390 -0.3280 -0.9139
vn -0.2767 -0.5115 -0.8135
vn -0.4047 -0.3944 -0.8250
vn -0.5555 -0.7767 -0.2967
vn -0.7113 -0.6261 -0.3194
vn 0.2556 0.0495 -0.9655
vn 0.9034 0.2587 -0.3420
vn -0.5594 -0.1719 -0.8109
vn 0.6390 -0.6128 -0.4650
vn -0.8376 -0.2310 -0.4950
vn 0.2429 -0.4103 -0.8790
vn -0.3420 0.5055 -0.7922
vn 0.3409 0.0168 -0.9400
vn -0.3365 0.6180 -0.7105
vn -0.9048 0.1110 -0.4111
vn -0.6635 0.6294 -0.4044
vn 0.6872 0.6196 -0.3792
vn -0.3552 0.8634 -0.3583
vn 0.3942 0.8046 -0.4441
vn -0.1701 0.8700 -0.4629
vn 0.1344 0.8523 -0.5055
vn -0.3299 -0.7192 -0.6115
vn -0.7705 -0.1663 -0.6153
vn 0.9872 0.0698 0.1434
vn -0.5298 0.3089 -0.7899
vn -0.2982 0.1230 -0.9466
vn -0.4151 0.4201 -0.8070
vn -0.3251 0.5525 -0.7675
vn -0.1362 0.7687 -0.6250
vn 0.1077 0.8946 -0.4336
vn 0.0842 0.9425 -0.3235
vn -0.1592 -0.2320 -0.9596
vn 0.2230 0.1741 -0.9592
vn 0.0626 -0.0104 -0.9980
vn 0.4962 -0.3945 -0.7734
vn 0.1819 -0.4676 -0.8650
vn -0.1334 -0.9715 -0.1959
vn 0.0767 -0.9665 -0.2450
vn 0.1536 -0.9701 -0.1880
vn 0.3258 -0.9139 -0.2423
vn 0.5159 -0.7420 -0.4280
vn 0.4501 -0.7126 -0.5381
vn -0.6693 0.4365 -0.6013
vn 0.6903 0.1435 -0.7092
vn 0.1207 -0.4473 -0.8862
vn -0.2946 -0.0863 -0.9517
vn 0.2537 -0.4018 -0.8799
vn -0.2605 0.4043 -0.8767
vn 0.2650 0.0867 -0.9604
vn 0.6412 0.2486 -0.7260
vn -0.9700 0.0043 -0.2430
vn 0.4213 0.3257 -0.8464
vn 0.7178 0.2503 -0.6497
vn -0.1684 0.3873 -0.9065
vn 0.7660 0.5192 -0.3791
vn -0.5400 0.7860 -0.3009
vn 0.0553 -0.9244 -0.3775
vn 0.9745 -0.1418 0.1742
vn -0.7259 -0.0584 -0.6853
vn -0.1608 0.1922 -0.9681
vn -0.2065 -0.0137 -0.9783
vn 0.5096 0.8582 0.0612
vn 0.0105 0.2026 -0.9792
vn 0.1330 0.5027 -0.8542
vn 0.1837 0.6844 -0.7056
vn 0.1040 0.2583 -0.9605
vn 0.1601 0.3197 -0.9339
vn -0.0927 -0.4606 -0.8827
vn -0.1791 -0.3245 -0.9288
vn 0.2390 -0.1612 -0.9575
vn 0.3440 0.0580 -0.9372
vn -0.1545 -0.9879 -0.0144
vn -0.2025 -0.2313 -0.9516
vn -0.2462 -0.3562 -0.9014
vn -0.2699 -0.3520 -0.8962
vn -0.5184 -0.8520 -0.0728
vn 0.3259 -0.8862 -0.3294
vn 0.2471 -0.8070 -0.5364
vn 0.3012 -0.7778 -0.5516
vn -0.1371 -0.3652 -0.9208
vn 0.6567 -0.2081 -0.7249
vn 0.2884 -0.5694 -0.7698
vn -0.2996 0.0406 -0.9532
vn -0.7981 -0.5815 -0.1577
vn -0.6487 -0.7535 -0.1070
vn 0.2463 -0.2717 -0.9303
vn -0.6297 0.4265 -0.6493
vn -0.5588 0.0285 -0.8288
vn -0.3722 0.5101 -0.7754
vn -0.8669 -0.4567 -0.1996
vn 0.5285 0.3592 -0.7692
vn 0.2180 0.2727 -0.9371
vn 0.3656 0.4047 -0.8382
vn -0.9379 -0.2844 -0.1989
vn -0.0281 0.4418 -0.8967
vn -0.1526 0.6180 -0.7713
vn 0.0267 0.4379 -0.8986
vn -0.5967 0.6633 -0.4517
vn -0.9157 0.3260 -0.2350
vn 0.7313 0.3255 -0.5994
vn -0.8314 0.5190 -0.1985
vn 0.6073 0.7427 -0.2821
vn -0.0857 0.9517 -0.2950
vn 0.1139 0.9481 -0.2968
vn -0.0813 -0.3049 -0.9489
vn -0.0929 -0.1634 -0.9822
vn 0.0925 -0.4026 -0.9107
vn -0.5062 -0.4474 -0.7373
vn -0.1342 -0.1761 -0.9752
vn -0.3783 0.0766 -0.9225
vn -0.1934 -0.1755 -0.9653
vn 0.8307 0.5522 -0.0700
vn 0.1848 0.4528 -0.8723
vn 0.1796 0.6900 -0.7011
vn 0.2758 -0.3038 -0.9119
vn -0.2047 -0.2470 -0.9471
vn 0.1275 -0.0282 -0.9914
vn 0.2224 0.3563 -0.9075
vn 0.3066 -0.1226 -0.9439
vn -0.0506 -0.2270 -0.9726
vn -0.0779 -0.3893 -0.9178
vn -0.3298 -0.3639 -0.8711
vn -0.2212 -0.1971 -0.9551
vn -0.4442 -0.3766 -0.8130
vn -0.3499 -0.9348 -0.0615
vn 0.1894 -0.8983 -0.3965
vn 0.0086 -0.5960 -0.8029
vn 0.5279 0.2840 -0.8004
vn 0.2260 -0.4753 -0.8503
vn 0.2676 -0.1019 -0.9581
vn -0.7535 0.2323 -0.6151
vn 0.4226 0.2260 -0.8777
vn 0.3679 0.3073 -0.8776
vn -0.2906 0.5131 -0.8076
vn 0.5283 0.3590 -0.7694
vn -0.9930 -0.1125 -0.0361
vn -0.3087 0.6055 -0.7335
vn 0.4263 0.5393 -0.7262
vn 0.4525 0.4656 -0.7605
vn -0.7020 0.6901 -0.1758
vn -0.0016 0.4660 -0.8848
vn 0.4977 0.8431 -0.2035
vn 0.2775 0.9157 -0.2907
vn -0.0235 -0.9859 -0.1658
vn 0.1454 -0.2260 -0.9632
vn -0.1555 -0.3681 -0.9167
vn 0.0173 -0.4334 -0.9010
vn -0.0516 -0.7090 -0.7033
vn 0.8134 -0.5791 0.0540
vn 0.9822 0.0506 0.1812
vn 0.6673 0.7314 -0.1404
vn 0.2820 0.8872 -0.3650
vn 0.4710 0.8656 -0.1701
vn 0.1369 0.8138 -0.5648
vn -0.1878 -0.6141 -0.7666
vn -0.2601 -0.5686 -0.7804
vn -0.2962 -0.2986 -0.9073
vn 0.2935 -0.4135 -0.8619
vn 0.0819 -0.6204 -0.7800
vn 0.6694 -0.5192 -0.5314
vn -0.1186 -0.5736 -0.8105
vn 0.1637 0.4320 -0.8869
vn -0.1550 -0.4269 -0.8909
vn -0.5831 -0.4654 -0.6659
vn -0.4049 -0.6569 -0.6361
vn 0.6257 -0.4485 -0.6383
vn 0.2082 0.0831 -0.9745
vn -0.1723 -0.3361 -0.9259
vn 0.1910 -0.3326 -0.9235
vn -0.0954 -0.8852 -0.4554
vn 0.0504 -0.9502 -0.3077
vn -0.2546 -0.7415 -0.6208
vn 0.1880 -0.4843 -0.8545
vn -0.1824 -0.3238 -0.9284
vn -0.7277 -0.6824 0.0683
vn 0.7219 0.1819 -0.6677
vn 0.5990 0.2816 -0.7496
vn 0.3074 0.2364 -0.9217
vn 0.2678 0.1984 -0.9428
vn -0.9701 -0.1949 0.1448
vn -0.9914 0.1189 -0.0548
vn 0.0055 0.7112 -0.7030
vn -0.9278 0.3728 0.0146
vn 0.2536 0.5830 -0.7719
vn 0.1689 0.3142 -0.9342
vn 0.6176 0.5901 -0.5199
vn 0.7015 0.5795 -0.4149
vn 0.6175 0.7148 -0.3282
vn -0.4767 0.8647 -0.1586
vn -0.3273 0.9325 -0.1528
vn -0.2116 -0.4783 -0.8523
vn -0.0435 -0.7272 -0.6851
vn 0.0805 -0.6063 -0.7912
vn 0.1044 -0.5929 -0.7985
vn 0.3776 0.0969 -0.9209
vn 0.0750 -0.3893 -0.9181
vn 0.0530 -0.6163 -0.7857
vn -0.2468 -0.4113 -0.8774
vn 0.7741 0.5801 -0.2534
vn 0.1425 0.5962 -0.7901
vn 0.4454 -0.6434 -0.6226
vn 0.1333 0.3533 -0.9260
vn -0.2827 -0.7275 -0.6252
vn -0.5951 -0.5075 -0.6231
vn -0.6449 -0.5375 -0.5433
vn -0.2473 -0.5537 -0.7951
vn -0.1281 -0.7801 -0.6124
vn -0.2036 -0.9730 -0.1086
vn 0.7981 -0.1130 -0.5919
vn -0.5283 -0.8424 -0.1062
vn -0.5956 -0.7299 -0.3355
vn -0.7268 -0.1346 -0.6735
vn -0.8449 -0.5179 0.1341
vn 0.7310 0.3339 -0.5950
vn -0.9310 -0.3644 0.0207
vn 0.2352 -0.0888 -0.9679
vn 0.7061 0.4187 -0.5710
vn -0.6011 0.5807 -0.5490
vn -0.4949 0.6276 -0.6010
vn -0.4250 0.7016 -0.5720
vn 0.6705 0.5245 -0.5247
vn 0.3219 0.5274 -0.7863
vn -0.8273 0.5595 0.0505
vn -0.0407 0.4538 -0.8902
vn 0.4856 0.6594 -0.5739
vn -0.6180 0.7862 0.0045
vn 0.5396 0.8189 -0.1957
vn 0.1522 0.4836 -0.8620
vn 0.3323 0.9382 -0.0969
vn -0.1364 0.9876 -0.0776
vn 0.1158 0.9895 -0.0861
vn -0.2443 -0.5936 -0.7668
vn -0.2127 -0.7671 -0.6052
vn 0.0878 -0.8597 -0.5032
vn 0.1186 -0.3850 -0.9153
vn 0.0880 -0.3636 -0.9274
vn -0.0013 -0.5847 -0.8113
vn 0.0599 -0.5713 -0.8185
vn 0.0871 -0.6296 -0.7720
vn 0.9964 0.0545 0.0655
vn 0.8564 0.5147 -0.0410
vn 0.1650 0.5072 -0.8459
vn 0.1158 0.7355 -0.6676
vn -0.3202 -0.7547 -0.5727
vn -0.2095 -0.1892 -0.9593
vn -0.5052 -0.7077 -0.4939
vn 0.2232 0.3341 -0.9157
vn 0.2241 0.0164 -0.9744
vn -0.1169 -0.9443 -0.3076
vn -0.2458 -0.7294 -0.6384
vn -0.3562 -0.8743 -0.3298
vn 0.1424 -0.3577 -0.9229
vn 0.2139 0.0894 -0.9728
vn 0.1320 0.1169 -0.9843
vn -0.6849 0.5692 -0.4549
vn 0.2397 0.2398 -0.9408
vn 0.7607 0.4307 -0.4856
vn 0.2516 0.0950 -0.9632
vn 0.7506 0.4852 -0.4484
vn -0.9733 0.1718 0.1520
vn -0.0371 0.7572 -0.6521
vn 0.4004 0.7908 -0.4629
vn 0.1695 0.5652 -0.8073
vn -0.7172 0.6938 0.0647
vn 0.3287 0.7796 -0.5331
vn 0.4470 0.8481 -0.2843
vn -0.4894 0.8686 0.0775
vn -0.2795 0.9574 0.0724
vn 0.0894 0.9928 0.0793
vn -0.0025 -0.9152 -0.4030
vn -0.2465 -0.7855 -0.5677
vn 0.0608 -0.9059 -0.4190
vn 0.0948 -0.8248 -0.5574
vn 0.0907 -0.7048 -0.7036
vn 0.1029 -0.4035 -0.9092
vn 0.0672 -0.5679 -0.8204
vn 0.0654 -0.7733 -0.6307
vn 0.0825 -0.8885 -0.4515
vn 0.2156 -0.9307 -0.2954
vn 0.3404 -0.9150 -0.2164
vn 0.8510 -0.4586 -0.2560
vn 0.6476 0.4314 -0.6281
vn 0.3182 0.7225 -0.6138
vn 0.5875 0.1918 -0.7862
vn 0.1596 0.3702 -0.9151
vn 0.1718 -0.0095 -0.9851
vn 0.0906 0.1149 -0.9892
vn 0.1333 0.5329 -0.8356
vn 0.1863 0.5435 -0.8185
vn -0.3985 -0.4460 -0.8014
vn -0.3095 -0.3958 -0.8646
vn -0.7386 -0.6579 -0.1469
vn 0.0925 -0.0943 -0.9912
vn -0.8813 -0.4147 -0.2266
vn 0.1872 0.2262 -0.9559
vn -0.9399 -0.3388 -0.0425
vn -0.9722 -0.0993 0.2121
vn -0.9628 0.0728 -0.2604
vn 0.2130 0.1977 -0.9568
vn -0.9210 0.3842 0.0636
vn 0.1474 0.2779 -0.9492
vn 0.6534 0.7037 -0.2791
vn -0.8341 0.5124 -0.2043
vn 0.1818 0.5873 -0.7887
vn 0.3750 0.7949 -0.4770
vn 0.0614 0.6048 -0.7940
vn 0.2811 0.8496 -0.4463
vn 0.3499 0.9063 -0.2371
vn -0.2033 0.4893 -0.8481
vn 0.1539 0.4442 -0.8826
vn 0.0996 -0.6301 -0.7701
vn 0.1462 -0.4886 -0.8602
vn -0.2383 -0.4705 -0.8496
vn -0.2115 -0.2863 -0.9345
vn 0.1628 -0.5157 -0.8411
vn 0.0448 -0.5774 -0.8152
vn 0.9183 0.1601 -0.3619
vn 0.7617 0.5270 -0.3769
vn 0.9148 0.1699 -0.3664
vn 0.7091 0.1758 -0.6828
vn 0.6268 0.4605 -0.6285
vn 0.5338 0.1129 -0.8380
vn 0.4171 0.1852 -0.8898
vn 0.2579 -0.0599 -0.9643
vn 0.4483 0.1979 -0.8717
vn 0.1648 -0.0901 -0.9822
vn -0.1863 -0.7624 -0.6198
vn 0.7545 -0.5719 -0.3219
vn 0.0498 0.4152 -0.9084
vn 0.0681 0.3861 -0.9199
vn 0.0671 -0.0408 -0.9969
vn 0.0763 0.6728 -0.7358
vn 0.0323 0.5409 -0.8405
vn -0.5842 -0.6710 -0.4565
vn 0.1624 0.5999 -0.7834
vn 0.2148 0.2693 -0.9388
vn -0.3082 -0.1694 -0.9361
vn 0.1813 -0.2384 -0.9541
vn -0.3927 -0.2618 -0.8816
vn -0.4772 -0.4761 -0.7386
vn -0.5861 -0.4942 -0.6420
vn 0.7970 0.2961 -0.5265
vn 0.0224 -0.4612 -0.8870
vn 0.0449 -0.0766 -0.9961
vn 0.0244 -0.0051 -0.9997
vn 0.0248 -0.4777 -0.8782
vn 0.0317 -0.0390 -0.9987
vn 0.0434 -0.4197 -0.9066
vn -0.7187 0.4777 -0.5052
vn -0.5327 -0.1946 -0.8236
vn 0.0335 0.1817 -0.9828
vn -0.7868 -0.0030 -0.6172
vn -0.8977 -0.0545 -0.4373
vn -0.9338 -0.2489 -0.2569
vn -0.3674 0.3909 -0.8439
vn -0.9301 0.0230 -0.3667
vn -0.5273 0.7495 -0.4002
vn -0.4455 0.7921 -0.4172
vn -0.7770 0.5869 -0.2277
vn -0.6613 0.7444 -0.0920
vn -0.5277 0.8494 -0.0032
vn 0.0754 0.6771 -0.7320
vn 0.2410 0.9700 -0.0313
vn -0.3372 0.9248 -0.1762
vn -0.1490 0.9850 0.0874
vn 0.0635 -0.9295 -0.3634
vn 0.0772 -0.8324 -0.5488
vn -0.2356 -0.6826 -0.6918
vn 0.1506 -0.4535 -0.8784
vn 0.1454 -0.5954 -0.7902
vn 0.1682 -0.8256 -0.5385
vn 0.3463 -0.5806 -0.7369
vn 0.7710 -0.1201 -0.6254
vn 0.4622 0.2098 -0.8616
vn 0.2710 -0.1418 -0.9521
vn 0.5057 -0.0125 -0.8626
vn 0.0683 0.1271 -0.9895
vn 0.0388 0.4578 -0.8882
vn 0.1130 0.5658 -0.8168
vn 0.0453 0.5346 -0.8439
vn 0.7736 -0.5297 -0.3479
vn 0.1733 0.1415 -0.9746
vn 0.1416 -0.3267 -0.9345
vn -0.6320 -0.6212 -0.4633
vn 0.0881 -0.2728 -0.9580
vn 0.2458 -0.4896 -0.8366
vn 0.0668 -0.2100 -0.9754
vn 0.0678 -0.0093 -0.9977
vn 0.0448 0.2769 -0.9598
vn 0.1743 0.1381 -0.9750
vn -0.5340 0.1485 -0.8323
vn -0.8500 0.2629 -0.4565
vn 0.1354 0.2312 -0.9634
vn -0.6557 0.4413 -0.6127
vn 0.7492 0.5450 -0.3764
vn -0.7563 0.5805 -0.3018
vn -0.2387 0.8318 -0.5012
vn -0.0403 0.8928 -0.4486
vn -0.7177 0.6886 -0.1035
vn -0.6261 0.7722 -0.1082
vn 0.1511 0.9205 -0.3603
vn 0.0660 0.7551 -0.6523
vn 0.0253 0.9889 -0.1467
vn -0.2302 0.5830 -0.7792
vn 0.1132 0.4562 -0.8827
vn -0.2273 0.5108 -0.8291
vn 0.1551 0.6900 -0.7070
vn 0.0894 -0.7948 -0.6003
vn -0.2202 -0.4261 -0.8774
vn 0.1932 -0.4496 -0.8721
vn -0.2057 -0.3951 -0.8953
vn 0.2131 -0.6001 -0.7710
vn 0.2867 -0.7964 -0.5324
vn 0.2133 -0.8137 -0.5408
vn 0.3540 -0.7379 -0.5747
vn 0.4728 -0.6095 -0.6364
vn 0.2768 -0.2705 -0.9221
vn 0.0690 -0.2148 -0.9742
vn -0.3093 -0.3485 -0.8848
vn -0.3244 -0.6589 -0.6787
vn 0.0738 0.1790 -0.9811
vn 0.0139 0.5943 -0.8041
vn -0.6517 -0.4325 -0.6230
vn -0.7351 0.2405 -0.6339
vn 0.8552 0.0475 -0.5161
vn 0.0885 -0.3678 -0.9257
vn 0.0839 0.0118 -0.9964
vn -0.4693 0.5293 -0.7068
vn 0.0223 0.2944 -0.9554
vn 0.0542 0.2887 -0.9559
vn -0.3974 0.2886 -0.8711
vn 0.1449 0.2329 -0.9616
vn -0.4754 0.4633 -0.7479
vn -0.5625 0.6546 -0.5052
vn -0.4724 0.5116 -0.7177
vn -0.5985 0.4341 -0.6733
vn -0.4005 0.6816 -0.6124
vn -0.3541 0.8930 -0.2779
vn -0.2134 0.9560 -0.2013
vn -0.1445 0.8705 -0.4704
vn -0.0924 0.6577 -0.7475
vn -0.1269 0.7808 -0.6117
vn -0.0056 0.8525 -0.5227
vn 0.1961 -0.4641 -0.8638
vn 0.0758 -0.3059 -0.9491
vn -0.4923 -0.7558 -0.4317
vn 0.0746 -0.2092 -0.9750
vn 0.0535 0.4442 -0.8943
vn 0.1338 0.0914 -0.9868
vn 0.0405 0.3222 -0.9458
vn 0.0273 0.2875 -0.9574
vn 0.0787 -0.0131 -0.9968
vn -0.3514 -0.1920 -0.9163
vn 0.0366 -0.5211 -0.8527
vn 0.0426 -0.5502 -0.8339
vn -0.6666 -0.5430 -0.5107
vn -0.8337 0.1228 -0.5383
vn 0.7566 -0.4090 -0.5101
vn 0.8147 0.0046 -0.5798
vn 0.0558 -0.5489 -0.8341
vn 0.0682 0.0729 -0.9950
vn -0.6233 0.5334 -0.5718
vn 0.0750 0.2601 -0.9627
vn -0.4367 0.5783 -0.6891
vn -0.6826 0.4830 -0.5484
vn -0.4676 0.6704 -0.5761
vn -0.4905 0.8071 -0.3287
vn -0.3809 0.6153 -0.6902
vn -0.2518 0.6204 -0.7427
vn -0.1905 0.7109 -0.6770
vn -0.2251 0.6082 -0.7612
vn 0.1424 0.5517 -0.8218
vn 0.1243 0.8334 -0.5386
vn 0.1575 0.8855 -0.4371
vn 0.0958 -0.7144 -0.6931
vn -0.3215 -0.7129 -0.6232
vn 0.0822 -0.4070 -0.9097
vn 0.2947 -0.7132 -0.6360
vn 0.0665 -0.2610 -0.9630
vn -0.3947 -0.8248 -0.4048
vn 0.0957 -0.0212 -0.9952
vn 0.0524 0.0642 -0.9966
vn 0.0297 -0.5252 -0.8505
vn 0.0568 -0.4138 -0.9086
vn -0.6316 -0.3028 -0.7137
vn -0.2506 -0.4439 -0.8603
vn -0.2647 0.4406 -0.8578
vn -0.3866 0.0972 -0.9171
vn 0.0339 0.4108 -0.9111
vn 0.8012 0.5062 -0.3192
vn -0.3868 0.9069 -0.1672
vn -0.1569 0.9873 0.0231
vn 0.3178 0.9478 0.0247
vn -0.2840 0.7585 -0.5865
vn -0.2405 0.7666 -0.5954
vn 0.1130 0.7167 -0.6882
vn -0.2082 0.8745 -0.4380
vn 0.0258 -0.8955 -0.4443
vn 0.0936 -0.7076 -0.7004
vn 0.1131 -0.4815 -0.8691
vn 0.0623 -0.4346 -0.8985
vn -0.4186 -0.2981 -0.8579
vn 0.6720 -0.4920 -0.5535
vn -0.3931 -0.7660 -0.5087
vn 0.1123 0.0184 -0.9935
vn 0.0709 0.2909 -0.9541
vn 0.0629 0.2551 -0.9649
vn 0.0676 0.3299 -0.9416
vn -0.5366 -0.6153 -0.5774
vn -0.6071 -0.5881 -0.5343
vn -0.5042 -0.6745 -0.5393
vn 0.0454 0.0013 -0.9990
vn 0.9029 -0.0339 -0.4286
vn -0.7420 -0.4093 -0.5309
vn -0.3157 0.4522 -0.8342
vn -0.0183 0.3471 -0.9376
vn 0.0893 0.2723 -0.9580
vn -0.4176 0.7879 -0.4526
vn -0.4277 0.3765 -0.8218
vn 0.1005 0.2462 -0.9640
vn -0.4593 0.8697 -0.1807
vn -0.2696 0.8085 -0.5231
vn 0.1131 0.5510 -0.8268
vn -0.2648 0.8115 -0.5209
vn 0.0871 0.7283 -0.6798
vn 0.0651 0.8099 -0.5830
vn 0.0745 0.9241 -0.3749
vn 0.0831 -0.7470 -0.6596
vn 0.0341 -0.7781 -0.6272
vn -0.4343 -0.4908 -0.7553
vn 0.0641 -0.2743 -0.9595
vn 0.0814 -0.7405 -0.6671
vn 0.0833 -0.2325 -0.9690
vn 0.7624 -0.5483 -0.3436
vn 0.0371 0.4241 -0.9049
vn 0.0926 0.1716 -0.9808
vn 0.0479 0.4439 -0.8948
vn 0.0566 -0.1353 -0.9892
vn 0.0681 -0.1689 -0.9833
vn 0.0542 -0.3413 -0.9384
vn -0.1466 0.4427 -0.8846
vn 0.7864 0.6085 0.1062
vn 0.7732 0.6326 -0.0435
vn 0.7623 0.6472 -0.0006
vn 0.8454 0.5311 -0.0568
vn 0.0810 0.4857 -0.8704
vn -0.3650 0.9202 -0.1414
vn 0.7192 0.6072 -0.3377
vn -0.2387 0.9624 0.1293
vn 0.5396 0.7957 -0.2752
vn 0.3126 0.9288 0.1992
vn -0.4035 0.6422 -0.6518
vn 0.0940 0.5426 -0.8347
vn -0.2065 -0.4253 -0.8812
vn -0.6419 0.1172 -0.7578
vn 0.2290 0.0537 -0.9720
vn -0.2633 0.5106 -0.8185
vn 0.0374 -0.4312 -0.9015
vn -0.4149 -0.8565 -0.3070
vn 0.5258 -0.3301 -0.7839
vn 0.1064 -0.1829 -0.9774
vn 0.0401 -0.1923 -0.9805
vn 0.1055 0.1329 -0.9855
vn 0.0496 0.0242 -0.9985
vn -0.2111 -0.4420 -0.8718
vn -0.3272 -0.2370 -0.9148
vn -0.1621 0.2488 -0.9549
vn 0.0141 0.2713 -0.9624
vn 0.0599 0.2160 -0.9746
vn 0.0592 0.0626 -0.9963
vn -0.5761 -0.6947 -0.4306
vn -0.3049 -0.7065 -0.6386
vn 0.0360 -0.3326 -0.9424
vn -0.0977 -0.6313 -0.7693
vn -0.3644 0.1694 -0.9157
vn 0.0073 0.3201 -0.9474
vn 0.4185 0.3525 -0.8370
vn 0.8658 0.3184 -0.3861
vn 0.6623 0.4268 -0.6158
vn 0.0725 0.5122 -0.8558
vn 0.6217 0.4324 -0.6531
vn -0.2473 0.9542 0.1681
vn -0.8510 0.4631 0.2477
vn -0.3545 0.2061 -0.9121
vn 0.0363 0.5774 -0.8156
vn 0.1545 0.6804 -0.7163
vn -0.3038 0.8468 -0.4367
vn 0.1228 0.4943 -0.8605
vn 0.0624 0.9009 -0.4294
vn 0.6324 -0.3481 -0.6920
vn 0.4378 -0.4465 -0.7804
vn -0.8526 -0.1719 -0.4934
vn 0.8681 0.0015 -0.4964
vn -0.8550 0.1501 -0.4964
vn 0.6488 0.3768 -0.6611
vn -0.0272 0.5124 -0.8583
vn -0.5996 0.4647 -0.6516
vn 0.0450 -0.6578 -0.7518
vn 0.0663 -0.6282 -0.7752
vn -0.4586 -0.4086 -0.7891
vn -0.2978 -0.4100 -0.8621
vn 0.8213 -0.4499 -0.3509
vn -0.4126 -0.8185 -0.3999
vn 0.8918 -0.4485 -0.0595
vn 0.8268 -0.5578 0.0734
vn -0.3234 -0.7246 -0.6086
vn -0.3945 -0.3209 -0.8610
vn -0.1220 -0.4652 -0.8768
vn 0.8578 -0.5117 -0.0477
vn -0.4790 -0.2191 -0.8500
vn 0.0369 0.2304 -0.9724
vn -0.2106 0.0033 -0.9776
vn -0.2881 -0.5712 -0.7686
vn 0.8019 -0.5470 0.2404
vn -0.4038 -0.4599 -0.7909
vn -0.0947 -0.4026 -0.9105
vn 0.9917 0.0718 0.1066
vn 0.7967 -0.5655 -0.2132
vn 0.8272 0.5538 -0.0952
vn 0.7411 0.6052 0.2907
vn -0.4290 0.2832 -0.8578
vn -0.1982 0.6328 -0.7486
vn -0.0837 0.5683 -0.8185
vn -0.2600 0.7108 -0.6536
vn -0.3792 0.8086 -0.4499
vn 0.8773 0.4732 0.0801
vn 0.7474 0.5800 0.3241
vn -0.3446 0.8451 -0.4088
vn -0.4290 0.5637 -0.7059
vn -0.2474 0.9679 0.0453
vn -0.7314 0.6066 -0.3115
vn -0.8164 0.1181 -0.5653
vn 0.0818 0.1776 -0.9807
vn 0.1093 0.5854 -0.8033
vn -0.2976 0.8702 -0.3927
vn 0.0740 0.8689 -0.4894
vn 0.1101 0.9732 -0.2019
vn -0.1636 0.9452 -0.2825
vn -0.0229 -0.4413 -0.8971
vn -0.4378 -0.4557 -0.7750
vn 0.4036 -0.3303 -0.8533
vn 0.7923 -0.0399 -0.6088
vn 0.9085 0.0825 -0.4097
vn 0.0632 0.6831 -0.7276
vn -0.1186 0.1901 -0.9746
vn 0.7392 0.0609 -0.6708
vn 0.1725 -0.2367 -0.9562
vn 0.0459 -0.9292 -0.3668
vn 0.0341 -0.9383 -0.3441
vn 0.0469 -0.8961 -0.4413
vn 0.0464 -0.4328 -0.9003
vn -0.0568 -0.2169 -0.9745
vn -0.7197 -0.0769 -0.6900
vn 0.3249 -0.1175 -0.9384
vn -0.0027 -0.0221 -0.9998
vn -0.3967 -0.7381 -0.5458
vn 0.6589 -0.0975 -0.7459
vn -0.6133 -0.7370 -0.2841
vn 0.8325 -0.2184 -0.5092
vn 0.9113 -0.4014 -0.0913
vn 0.8594 -0.4911 0.1423
vn -0.0469 -0.3897 -0.9198
vn 0.0258 -0.2686 -0.9629
vn -0.1349 -0.4912 -0.8605
vn -0.5015 -0.5884 -0.6343
vn 0.7802 -0.5115 0.3601
vn 0.8109 0.5848 0.0209
vn 0.7351 0.5338 0.4179
vn 0.6027 -0.4837 -0.6346
vn -0.0050 0.4620 -0.8869
vn 0.9303 0.2937 -0.2196
vn -0.1478 0.6525 -0.7433
vn -0.4009 0.9048 -0.1436
vn 0.1121 0.4438 -0.8891
vn -0.6778 0.0656 -0.7323
vn 0.0909 0.1100 -0.9898
vn 0.7417 0.1030 -0.6627
vn 0.1183 0.0990 -0.9880
vn -0.7083 0.0739 -0.7021
vn 0.6516 0.1390 -0.7457
vn -0.1489 0.0607 -0.9870
vn 0.6649 0.1047 -0.7395
vn -0.1015 0.0216 -0.9946
vn -0.1986 0.9229 -0.3299
vn 0.2182 0.0892 -0.9718
vn 0.0763 0.9647 -0.2521
vn 0.0949 -0.4298 -0.8979
vn -0.7765 -0.2482 -0.5792
vn -0.5960 0.6101 -0.5220
vn 0.4223 0.5287 -0.7363
vn -0.6257 -0.5796 -0.5221
vn -0.4680 -0.1519 -0.8706
vn -0.0050 -0.5714 -0.8207
vn 0.7880 -0.1489 -0.5974
vn -0.7863 -0.1835 -0.5900
vn -0.7846 0.1316 -0.6059
vn -0.1722 0.1001 -0.9800
vn 0.0010 0.0092 -1.0000
vn -0.6750 0.0962 -0.7316
vn 0.0737 0.1635 -0.9838
vn 0.6954 -0.0182 -0.7184
vn -0.1506 -0.1259 -0.9805
vn -0.2426 -0.0724 -0.9674
vn 0.5834 -0.1151 -0.8040
vn -0.0335 -0.9220 -0.3858
vn 0.0243 -0.9408 -0.3381
vn 0.0500 -0.8799 -0.4725
vn -0.3627 0.0148 -0.9318
vn 0.2227 -0.0890 -0.9708
vn 0.7556 0.5251 -0.3916
vn -0.3984 -0.0899 -0.9128
vn 0.0411 -0.6200 -0.7835
vn 0.0329 -0.6718 -0.7400
vn 0.0576 -0.8505 -0.5228
vn 0.0450 -0.7228 -0.6896
vn -0.7041 0.0733 -0.7063
vn 0.2039 -0.0510 -0.9777
vn 0.7788 -0.1161 -0.6164
vn -0.7586 0.0728 -0.6475
vn 0.0722 -0.3663 -0.9277
vn 0.2829 -0.2108 -0.9357
vn -0.8488 -0.0769 -0.5231
vn -0.7475 -0.0599 -0.6616
vn -0.8520 -0.2316 -0.4696
vn -0.4166 -0.6056 -0.6780
vn 0.0821 -0.4397 -0.8944
vn -0.6166 -0.7797 -0.1091
vn -0.4719 -0.8191 -0.3262
vn -0.4387 -0.8849 -0.1567
vn -0.4458 -0.8046 -0.3923
vn -0.1741 -0.4836 -0.8578
vn -0.3423 -0.7132 -0.6116
vn 0.9107 -0.3041 -0.2796
vn -0.1446 -0.8403 -0.5225
vn -0.0797 -0.4477 -0.8906
vn 0.9173 -0.3922 -0.0683
vn 0.9134 -0.4016 -0.0664
vn 0.7645 -0.4805 0.4297
vn 0.6547 -0.4802 0.5838
vn 0.7574 -0.1277 0.6403
vn -0.2182 0.0193 -0.9757
vn 0.7282 0.5196 0.4470
vn 0.7736 -0.5161 -0.3676
vn -0.0281 0.4337 -0.9006
vn -0.3092 0.6013 -0.7368
vn -0.1191 0.6458 -0.7542
vn -0.2456 0.8323 -0.4970
vn -0.1710 0.9589 -0.2265
vn -0.3811 0.7839 -0.4902
vn 0.0862 0.5443 -0.8345
vn 0.0801 0.4179 -0.9050
vn -0.9381 -0.0003 -0.3462
vn 0.0294 0.7166 -0.6969
vn 0.0451 0.7971 -0.6022
vn 0.0531 0.7747 -0.6301
vn -0.8765 -0.0336 -0.4802
vn 0.8672 0.0913 -0.4896
vn 0.2151 0.8445 -0.4905
vn 0.1515 0.9259 -0.3461
vn 0.0356 0.9587 -0.2822
vn 0.1419 0.9063 -0.3982
vn -0.5285 0.1043 -0.8425
vn -0.9392 -0.0147 -0.3431
vn -0.5045 0.0157 -0.8633
vn 0.0708 -0.1322 -0.9887
vn 0.8162 0.2914 -0.4990
vn 0.8103 -0.3404 -0.4770
vn -0.9334 0.1272 -0.3355
vn 0.7531 0.0281 -0.6573
vn -0.8233 0.1631 -0.5436
vn -0.0142 0.1394 -0.9901
vn -0.5614 0.0542 -0.8258
vn 0.1975 0.0189 -0.9801
vn -0.5528 -0.0315 -0.8327
vn 0.3616 -0.0024 -0.9323
vn -0.0018 -0.0421 -0.9991
vn -0.6797 0.0015 -0.7335
vn 0.2759 -0.0501 -0.9599
vn 0.7809 -0.0789 -0.6196
vn -0.8334 0.0547 -0.5500
vn 0.0652 -0.9368 -0.3438
vn 0.0043 -0.8519 -0.5237
vn -0.8699 0.0924 -0.4845
vn 0.0703 -0.6228 -0.7792
vn 0.0970 -0.3758 -0.9216
vn -0.6262 -0.5273 -0.5743
vn -0.2235 -0.8156 -0.5338
vn -0.1551 -0.4520 -0.8784
vn -0.4439 -0.4326 -0.7847
vn -0.1058 -0.3688 -0.9235
vn -0.0995 -0.6024 -0.7920
vn -0.2596 -0.7187 -0.6451
vn 0.8567 -0.1846 -0.4816
vn 0.6994 0.3681 0.6127
vn -0.2788 0.3361 -0.8996
vn 0.8001 0.4257 0.4227
vn 0.6755 0.5550 0.4854
vn 0.8352 0.5082 0.2101
vn -0.0823 0.6362 -0.7671
vn -0.1662 0.6043 -0.7792
vn -0.2412 0.7938 -0.5583
vn -0.0085 0.4193 -0.9078
vn -0.0271 0.7181 -0.6954
vn -0.3837 0.8334 -0.3979
vn -0.8189 0.4199 -0.3912
vn -0.9146 0.1159 -0.3875
vn -0.9459 0.0405 -0.3218
vn 0.0711 0.8190 -0.5694
vn 0.0442 0.9267 -0.3732
vn 0.0701 0.8996 -0.4311
vn 0.0914 0.8711 -0.4824
vn -0.9755 -0.0245 -0.2188
vn 0.0786 0.9609 -0.2654
vn 0.1282 0.9566 -0.2618
vn 0.1399 0.6502 -0.7468
vn -0.2234 -0.7732 -0.5934
vn -0.8846 -0.1317 -0.4474
vn 0.9109 -0.0682 -0.4069
vn -0.9291 0.0487 -0.3665
vn -0.8090 -0.1480 -0.5689
vn 0.8894 -0.1144 -0.4426
vn 0.0450 -0.8555 -0.5159
vn 0.0907 -0.5857 -0.8054
vn 0.0826 -0.6229 -0.7779
vn -0.6139 -0.0808 -0.7852
vn 0.0512 -0.4846 -0.8732
vn -0.1204 -0.1854 -0.9753
vn -0.4473 -0.2436 -0.8606
vn -0.4121 -0.5098 -0.7552
vn 0.9166 -0.3346 -0.2187
vn 0.8159 -0.4682 0.3393
vn 0.8899 -0.4511 0.0676
vn 0.6787 -0.4577 0.5743
vn 0.8225 -0.3955 0.4088
vn 0.6860 -0.4147 0.5979
vn 0.5966 -0.3233 0.7345
vn 0.5819 0.0960 0.8076
vn 0.9174 0.3677 -0.1522
vn -0.2830 0.4612 -0.8409
vn -0.3161 0.5611 -0.7650
vn -0.4297 0.2690 -0.8619
vn -0.9349 0.0443 -0.3523
vn 0.0442 0.8547 -0.5172
vn -0.9471 0.0231 -0.3200
vn -0.9183 0.0498 -0.3926
vn -0.8937 -0.2349 -0.3822
vn -0.9070 0.2387 -0.3469
vn -0.7514 0.5305 -0.3924
vn -0.3279 0.7266 -0.6037
vn 0.4700 0.6239 -0.6244
vn 0.7415 -0.5011 -0.4463
vn 0.9560 -0.0340 -0.2915
vn 0.9398 -0.1576 -0.3033
vn -0.9322 0.2145 -0.2915
vn -0.2082 -0.8927 -0.3996
vn 0.0661 -0.7825 -0.6192
vn -0.3444 -0.1909 -0.9192
vn -0.0471 -0.2683 -0.9622
vn -0.2957 -0.8759 -0.3813
vn 0.8554 -0.1459 -0.4971
vn 0.7599 -0.2156 -0.6132
vn 0.8849 -0.2550 -0.3899
vn 0.9504 -0.3081 -0.0420
vn 0.9056 -0.4153 0.0858
vn -0.2660 -0.2408 -0.9334
vn 0.1302 -0.2772 -0.9519
vn -0.0430 -0.1315 -0.9904
vn 0.3768 -0.2545 -0.8907
vn 0.4932 0.2524 -0.8325
vn 0.3813 -0.0121 -0.9244
vn -0.4792 0.0778 -0.8743
vn -0.0058 0.2039 -0.9790
vn 0.0020 0.5349 -0.8449
vn -0.1384 -0.0102 -0.9903
vn -0.1237 0.4106 -0.9034
vn -0.0735 0.3757 -0.9238
vn -0.0977 0.0130 -0.9951
vn 0.8032 0.4233 0.4192
vn 0.9518 0.3047 0.0338
vn 0.9285 0.1925 -0.3174
vn -0.6664 0.1921 -0.7205
vn -0.1819 0.3253 -0.9279
vn -0.5511 0.2312 -0.8018
vn 0.8719 0.1135 -0.4764
vn -0.4949 -0.2026 -0.8450
vn 0.0313 0.8849 -0.4648
vn 0.0156 0.9607 -0.2773
vn 0.9253 0.0472 -0.3762
vn 0.8067 0.4139 -0.4218
vn -0.0631 -0.8112 -0.5814
vn -0.5058 -0.7523 -0.4222
vn -0.9231 -0.1585 -0.3504
vn -0.9036 -0.1445 -0.4033
vn -0.0564 -0.9211 -0.3853
vn 0.0181 -0.8787 -0.4769
vn 0.8616 -0.1346 -0.4894
vn 0.0646 -0.7816 -0.6204
vn 0.0037 -0.7580 -0.6522
vn -0.1697 -0.4610 -0.8710
vn -0.4114 -0.6769 -0.6103
vn -0.5878 -0.5614 -0.5825
vn -0.4157 -0.6910 -0.5914
vn -0.4280 -0.4089 -0.8060
vn 0.9094 -0.1145 -0.3998
vn 0.9700 -0.2428 0.0100
vn 0.8234 -0.3968 0.4056
vn 0.6145 -0.2431 0.7505
vn 0.5369 -0.0883 -0.8390
vn -0.5066 -0.0215 -0.8619
vn -0.4748 0.5215 -0.7089
vn 0.5767 0.3148 0.7539
vn 0.9276 0.0288 0.3726
vn 0.3540 0.4264 -0.8324
vn 0.7483 0.4637 0.4744
vn -0.0750 0.5465 -0.8341
vn -0.0621 0.7260 -0.6849
vn 0.8915 0.4094 0.1940
vn 0.9726 0.1558 -0.1727
vn -0.2608 -0.1787 -0.9487
vn -0.2433 0.2525 -0.9365
vn 0.9210 0.1877 -0.3413
vn 0.8662 0.1289 -0.4828
vn -0.4247 0.6504 -0.6298
vn -0.3660 0.8514 -0.3758
vn 0.0704 0.6237 -0.7785
vn 0.0470 0.6228 -0.7810
vn -0.7948 0.3127 -0.5202
vn 0.0490 0.8013 -0.5963
vn -0.9186 0.0230 -0.3946
vn 0.9438 0.0815 -0.3202
vn 0.0400 0.8396 -0.5417
vn -0.0059 -0.8986 -0.4387
vn -0.9774 0.0644 -0.2012
vn -0.8818 -0.2688 -0.3875
vn -0.1064 -0.4517 -0.8858
vn -0.3511 -0.3451 -0.8704
vn 0.1867 -0.4116 -0.8921
vn 0.4823 -0.3641 -0.7968
vn 0.9755 -0.2195 -0.0154
vn -0.5653 0.3681 -0.7382
vn 0.5791 0.1964 -0.7912
vn 0.9712 0.2295 0.0642
vn 0.9501 0.1955 -0.2433
vn 0.8756 0.0776 -0.4767
vn -0.2929 -0.1879 -0.9375
vn -0.2874 0.2158 -0.9332
vn 0.8692 0.1185 -0.4800
vn -0.2060 0.6780 -0.7056
vn -0.1090 0.6498 -0.7523
vn -0.2065 0.8098 -0.5492
vn -0.6507 0.4226 -0.6309
vn -0.1148 0.9172 -0.3816
vn -0.0193 0.8968 -0.4419
vn -0.0524 0.9474 -0.3157
vn 0.0584 0.9540 -0.2941
vn -0.9569 -0.0795 -0.2793
vn 0.8563 0.4427 -0.2660
vn 0.3409 -0.8205 -0.4588
vn -0.9584 0.2237 -0.1770
vn -0.2177 -0.8063 -0.5499
vn -0.4418 -0.7160 -0.5405
vn -0.4696 -0.6435 -0.6045
vn -0.3391 -0.4947 -0.8002
vn -0.4992 -0.4215 -0.7570
vn -0.1696 -0.2972 -0.9396
vn 0.2826 -0.3428 -0.8959
vn -0.3246 -0.3169 -0.8912
vn -0.2121 -0.4356 -0.8748
vn 0.3953 -0.1154 -0.9113
vn 0.8727 0.3296 -0.3602
vn 0.9350 0.0767 -0.3462
vn 0.2280 0.2794 -0.9327
vn 0.3878 0.1377 -0.9114
vn 0.3756 0.5453 -0.7494
vn 0.1039 0.4218 -0.9007
vn -0.1780 0.6392 -0.7482
vn -0.2766 0.5707 -0.7732
vn -0.8255 0.5087 -0.2446
vn -0.2615 0.8936 -0.3649
vn 0.0527 0.9617 -0.2689
vn 0.2082 0.9024 -0.3772
vn -0.6048 0.6865 -0.4037
vn 0.9235 -0.1003 -0.3703
vn -0.1767 -0.9167 -0.3583
vn 0.8939 -0.1231 -0.4310
vn 0.0332 -0.9702 -0.2399
vn 0.0515 -0.9597 -0.2762
vn -0.1308 -0.9284 -0.3479
vn -0.3863 -0.8549 -0.3463
vn -0.2452 -0.7164 -0.6532
vn 0.0070 -0.2953 -0.9554
vn 0.0602 -0.2406 -0.9687
vn -0.3606 -0.2995 -0.8833
vn -0.4427 -0.1168 -0.8890
vn -0.2620 -0.3264 -0.9082
vn -0.2884 -0.5266 -0.7997
vn -0.5865 0.1009 -0.8036
vn 0.4405 -0.1903 -0.8774
vn -0.2018 0.3392 -0.9188
vn -0.2658 -0.3470 -0.8994
vn 0.2788 0.1375 -0.9504
vn 0.3975 0.3754 -0.8373
vn 0.1182 0.1928 -0.9741
vn -0.2493 0.5312 -0.8098
vn -0.1819 0.5970 -0.7814
vn -0.3164 0.8024 -0.5060
vn 0.9036 0.1448 -0.4032
vn -0.3102 0.8046 -0.5064
vn -0.6857 0.6079 -0.4004
vn -0.2849 0.7748 -0.5644
vn -0.9417 -0.2163 -0.2578
vn -0.2671 -0.8219 -0.5032
vn -0.5484 -0.5082 -0.6641
vn 0.8543 -0.1585 -0.4950
vn -0.3809 -0.7783 -0.4991
vn -0.1652 -0.4470 -0.8791
vn -0.1679 -0.4078 -0.8975
vn 0.0566 -0.3884 -0.9197
vn 0.3530 -0.3928 -0.8492
vn 0.2625 -0.5153 -0.8158
vn -0.2102 -0.4880 -0.8472
vn -0.3073 -0.4157 -0.8560
vn -0.0330 -0.2451 -0.9689
vn 0.3942 -0.2466 -0.8853
vn -0.5090 -0.2146 -0.8336
vn -0.5260 -0.1396 -0.8389
vn -0.2182 -0.0325 -0.9754
vn 0.2075 0.0586 -0.9765
vn 0.0617 -0.5056 -0.8606
vn 0.4999 -0.1624 -0.8507
vn 0.4545 0.3286 -0.8279
vn -0.0586 0.5629 -0.8244
vn -0.4661 0.3335 -0.8195
vn 0.4261 0.0973 -0.8994
vn 0.5560 0.1843 -0.8105
vn 0.8179 0.0723 -0.5708
vn -0.1573 0.1012 -0.9823
vn 0.5392 0.3661 -0.7585
vn -0.3238 0.5466 -0.7722
vn 0.1389 0.5676 -0.8115
vn 0.3783 0.5711 -0.7285
vn 0.1210 0.4137 -0.9024
vn 0.0313 0.4089 -0.9120
vn -0.2563 0.7530 -0.6060
vn -0.0151 0.9171 -0.3983
vn -0.4937 0.6677 -0.5573
vn -0.7968 0.3197 -0.5127
vn 0.8747 0.1420 -0.4634
vn 0.8849 0.1236 -0.4490
vn -0.8854 0.2306 -0.4036
vn -0.9540 -0.1375 -0.2665
vn 0.8822 0.1216 -0.4549
vn -0.9451 -0.2574 -0.2013
vn -0.9613 -0.0853 -0.2621
vn -0.7852 0.4693 -0.4041
vn 0.3574 -0.7707 -0.5275
vn 0.8064 -0.4885 -0.3334
vn 0.9504 -0.1108 -0.2906
vn -0.1953 -0.9162 -0.3498
vn -0.9053 -0.2731 -0.3253
vn -0.6345 -0.5152 -0.5762
vn -0.1651 -0.9220 -0.3503
vn -0.0272 -0.8862 -0.4624
vn 0.0345 -0.8457 -0.5326
vn -0.1958 -0.7693 -0.6082
vn -0.4452 -0.7817 -0.4367
vn -0.2889 -0.8044 -0.5191
vn 0.1202 -0.7723 -0.6237
vn 0.5053 -0.6917 -0.5159
vn -0.2521 -0.6200 -0.7430
vn -0.5156 -0.7756 -0.3641
vn 0.6523 -0.6289 -0.4231
vn -0.4819 -0.6844 -0.5471
vn 0.6972 -0.5206 -0.4928
vn -0.6484 -0.5150 -0.5606
vn 0.6182 -0.4352 -0.6546
vn -0.7176 -0.1114 -0.6875
vn -0.6660 -0.0112 -0.7459
vn -0.0841 -0.6225 -0.7781
vn 0.3534 -0.4943 -0.7942
vn 0.4193 -0.0524 -0.9063
vn 0.5684 -0.1973 -0.7988
vn -0.3533 0.5121 -0.7829
vn -0.3102 0.2382 -0.9203
vn -0.6404 0.1947 -0.7429
vn -0.4015 0.2205 -0.8889
vn -0.6235 0.2514 -0.7403
vn 0.7194 0.3693 -0.5883
vn -0.3260 0.3851 -0.8634
vn 0.7052 0.5797 -0.4082
vn -0.4375 0.2432 -0.8657
vn 0.6138 0.6638 -0.4273
vn 0.7385 0.2111 -0.6404
vn 0.6012 0.7591 -0.2497
vn 0.2868 0.7672 -0.5737
vn 0.3581 0.7467 -0.5605
vn -0.2512 0.7285 -0.6373
vn -0.2475 0.6031 -0.7583
vn -0.0094 0.5954 -0.8034
vn -0.1444 0.7728 -0.6180
vn -0.1488 0.8500 -0.5053
vn -0.0452 0.8910 -0.4518
vn -0.6737 0.4934 -0.5502
vn -0.8787 0.1901 -0.4378
vn 0.1485 0.9105 -0.3860
vn 0.9207 0.0549 -0.3864
vn 0.7833 0.5549 -0.2802
vn 0.8994 0.3371 -0.2784
vn 0.0351 0.9083 -0.4169
vn -0.4146 -0.7956 -0.4416
vn 0.9181 -0.2576 -0.3013
vn -0.9365 -0.1229 -0.3283
vn 0.0560 -0.9330 -0.3554
vn -0.6449 -0.5978 -0.4762
vn 0.9011 -0.1538 -0.4053
vn -0.3114 -0.9325 -0.1831
vn 0.1501 -0.9362 -0.3178
vn 0.6395 -0.6683 -0.3801
vn -0.2569 -0.7348 -0.6278
vn -0.7274 -0.3964 -0.5601
vn 0.6833 -0.5480 -0.4825
vn 0.5417 -0.5630 -0.6242
vn 0.6089 -0.1151 -0.7849
vn -0.3962 -0.3832 -0.8344
vn 0.7526 0.4553 -0.4757
vn 0.7698 0.5659 -0.2953
vn -0.2718 0.6631 -0.6975
vn -0.6743 0.5564 -0.4856
vn -0.5327 0.7155 -0.4520
vn 0.5186 0.8042 -0.2904
vn -0.3381 0.8909 -0.3034
vn 0.3643 0.8874 -0.2827
vn 0.0633 0.8759 -0.4783
vn -0.2101 0.8593 -0.4664
vn -0.2241 0.8697 -0.4398
vn -0.2875 0.8818 -0.3738
vn -0.3506 0.8676 -0.3528
vn -0.0073 0.8779 -0.4787
vn -0.9384 -0.2985 -0.1741
vn 0.9250 0.2170 -0.3121
vn 0.1664 -0.8018 -0.5740
vn -0.6762 -0.6308 -0.3806
vn -0.9586 0.2410 -0.1514
vn -0.9905 0.0178 -0.1365
vn -0.0522 -0.9438 -0.3265
vn 0.0512 -0.9560 -0.2889
vn -0.4991 -0.6565 -0.5656
vn 0.4853 -0.7809 -0.3934
vn 0.5759 -0.5899 -0.5660
vn 0.5332 -0.4874 -0.6915
vn -0.2800 -0.5738 -0.7696
vn -0.2631 -0.6645 -0.6994
vn -0.3472 -0.5848 -0.7331
vn 0.2565 -0.6454 -0.7195
vn 0.5244 -0.4761 -0.7059
vn 0.4983 -0.4652 -0.7317
vn -0.4957 -0.2262 -0.8385
vn 0.3453 -0.2224 -0.9118
vn 0.4279 0.0122 -0.9038
vn -0.6834 0.0878 -0.7247
vn 0.4959 0.1101 -0.8614
vn 0.0987 0.0009 -0.9951
vn 0.6951 -0.0439 -0.7176
vn 0.3399 0.4574 -0.8218
vn -0.2489 0.6969 -0.6726
vn -0.7515 0.1900 -0.6318
vn 0.5862 0.6213 -0.5199
vn -0.2877 -0.0452 -0.9566
vn -0.2337 0.8216 -0.5199
vn 0.0893 0.9777 -0.1899
vn 0.0775 0.9487 -0.3065
vn 0.0901 0.9463 -0.3104
vn -0.9782 -0.1814 -0.1014
vn -0.9662 -0.0278 -0.2564
vn -0.8999 0.2594 -0.3505
vn -0.5812 -0.6892 -0.4327
vn -0.7307 -0.4983 -0.4667
vn -0.9849 0.1162 -0.1283
vn -0.1143 -0.8803 -0.4604
vn 0.0067 -0.6993 -0.7148
vn -0.2990 -0.8972 -0.3250
vn -0.0865 -0.8026 -0.5902
vn -0.3372 -0.8864 -0.3172
vn 0.2932 -0.7850 -0.5457
vn 0.8947 -0.1796 -0.4089
vn 0.6608 -0.4410 -0.6073
vn -0.7011 -0.6003 -0.3849
vn -0.2817 -0.7988 -0.5315
vn 0.2081 -0.4199 -0.8834
vn -0.3869 -0.5408 -0.7469
vn 0.3734 -0.3354 -0.8649
vn 0.1497 -0.3420 -0.9277
vn 0.1900 -0.3182 -0.9288
vn -0.4445 -0.2550 -0.8587
vn 0.1173 0.2076 -0.9712
vn 0.2556 -0.1391 -0.9567
vn -0.2950 -0.0160 -0.9554
vn -0.2197 -0.5183 -0.8265
vn 0.3139 0.5049 -0.8041
vn 0.2849 0.4379 -0.8527
vn 0.1911 -0.1161 -0.9747
vn -0.2021 0.6004 -0.7737
vn 0.1579 0.5134 -0.8435
vn -0.2837 0.6740 -0.6821
vn -0.7163 0.3621 -0.5965
vn -0.2505 -0.4194 -0.8725
vn -0.6922 0.3730 -0.6178
vn 0.5187 0.7286 -0.4473
vn -0.7579 0.3632 -0.5419
vn -0.2872 0.3637 -0.8861
vn -0.5043 0.8308 -0.2355
vn -0.2584 0.8565 -0.4467
vn -0.7916 0.4580 -0.4045
vn 0.1012 0.8306 -0.5477
vn 0.0312 0.9292 -0.3682
vn 0.1341 0.9155 -0.3792
vn -0.1471 0.9447 -0.2932
vn -0.0465 -0.8614 -0.5059
vn 0.7779 -0.5710 -0.2622
vn -0.8992 0.3639 -0.2428
vn 0.9380 -0.2208 -0.2672
vn 0.9228 -0.1694 -0.3461
vn -0.2905 -0.7934 -0.5349
vn -0.0686 -0.6912 -0.7194
vn -0.5061 -0.6860 -0.5227
vn -0.2054 -0.7770 -0.5950
vn -0.0606 -0.9858 -0.1568
vn -0.3156 -0.9453 -0.0825
vn 0.1762 -0.9265 -0.3326
vn 0.4554 -0.6100 -0.6485
vn 0.5484 -0.5298 -0.6470
vn 0.3177 -0.5286 -0.7872
vn 0.1705 -0.3624 -0.9163
vn 0.0798 -0.6489 -0.7567
vn 0.1251 -0.3286 -0.9362
vn 0.4916 -0.1105 -0.8638
vn -0.2926 -0.6610 -0.6910
vn -0.7640 -0.4990 -0.4090
vn -0.1830 -0.7199 -0.6696
vn 0.0469 -0.7659 -0.6413
vn 0.3509 -0.6973 -0.6250
vn 0.2518 -0.6631 -0.7049
vn 0.4127 -0.4718 -0.7791
vn 0.1448 -0.4469 -0.8828
vn -0.1261 -0.3153 -0.9406
vn 0.0032 -0.1446 -0.9895
vn 0.1066 0.1414 -0.9842
vn -0.0812 -0.3352 -0.9386
vn -0.0370 -0.2446 -0.9689
vn 0.0757 0.2621 -0.9621
vn -0.1044 0.3625 -0.9261
vn -0.0315 -0.0568 -0.9979
vn -0.3422 0.0844 -0.9358
vn 0.0676 -0.1740 -0.9824
vn 0.0987 0.0773 -0.9921
vn 0.0129 0.2144 -0.9767
vn 0.5156 0.3632 -0.7761
vn -0.2168 0.7978 -0.5626
vn 0.0312 0.4702 -0.8820
vn -0.4839 0.7370 -0.4719
vn 0.3664 0.6018 -0.7096
vn -0.0563 0.4893 -0.8703
vn 0.1649 0.5152 -0.8411
vn 0.5533 0.3763 -0.7431
vn 0.5172 0.4138 -0.7492
vn 0.1649 0.6613 -0.7318
vn 0.0791 0.7234 -0.6859
vn 0.4825 0.7586 -0.4379
vn 0.3223 0.9189 -0.2276
vn -0.2514 0.9155 -0.3140
vn 0.8978 0.1387 -0.4181
vn -0.0352 0.8185 -0.5735
vn -0.6195 0.6391 -0.4558
vn -0.9600 0.0836 -0.2671
vn -0.9557 -0.1142 -0.2713
vn -0.9701 -0.2396 -0.0397
vn 0.0893 0.8407 -0.5341
vn 0.7681 0.5944 -0.2382
vn 0.2668 0.8749 -0.4042
vn -0.0637 -0.9028 -0.4253
vn 0.9153 -0.1801 -0.3602
vn 0.9090 -0.1468 -0.3901
vn 0.0619 -0.2748 -0.9595
vn 0.4251 0.0029 -0.9051
vn 0.3505 0.0277 -0.9361
vn 0.6900 0.1768 -0.7019
vn -0.4219 -0.8565 -0.2972
vn 0.5149 -0.4738 -0.7144
vn 0.2488 -0.5984 -0.7616
vn 0.2623 -0.4822 -0.8359
vn 0.6640 -0.0884 -0.7425
vn -0.2740 -0.8018 -0.5311
vn -0.2368 -0.5596 -0.7942
vn 0.1015 -0.4256 -0.8992
vn -0.1498 -0.8316 -0.5348
vn 0.1468 -0.8267 -0.5432
vn -0.3774 -0.5778 -0.7237
vn -0.1240 -0.2293 -0.9654
vn 0.2672 -0.6509 -0.7106
vn 0.3296 -0.6787 -0.6563
vn 0.1736 -0.5727 -0.8012
vn 0.1763 -0.6056 -0.7760
vn -0.2028 -0.7130 -0.6712
vn 0.1309 -0.3064 -0.9429
vn -0.2756 -0.6791 -0.6803
vn 0.1153 -0.4797 -0.8698
vn -0.0861 -0.2986 -0.9505
vn 0.0656 -0.5432 -0.8370
vn -0.1731 0.5295 -0.8304
vn 0.2665 0.7056 -0.6566
vn 0.1991 0.5916 -0.7812
vn 0.6947 0.4061 -0.5936
vn 0.2344 0.5024 -0.8322
vn -0.0197 0.7221 -0.6915
vn 0.0626 0.7321 -0.6783
vn -0.2373 0.9337 -0.2682
vn -0.2417 0.9122 -0.3308
vn 0.9184 0.1445 -0.3684
vn -0.3721 0.8844 -0.2817
vn -0.7681 0.4090 -0.4927
vn -0.2237 0.8520 -0.4733
vn -0.2772 0.9608 0.0058
vn -0.1674 0.9733 -0.1572
vn 0.0961 0.7413 -0.6643
vn -0.9021 0.3151 -0.2947
vn -0.5654 0.7632 -0.3127
vn -0.8556 -0.3739 -0.3581
vn -0.9234 -0.2587 -0.2837
vn -0.0065 -0.7902 -0.6128
vn -0.6149 -0.5617 -0.5536
vn -0.3912 -0.1971 -0.8989
vn -0.1459 -0.1227 -0.9817
vn 0.7106 0.1149 -0.6942
vn 0.2584 0.0193 -0.9659
vn -0.2822 -0.1218 -0.9516
vn -0.5186 -0.1549 -0.8409
vn -0.2260 -0.3275 -0.9174
vn 0.7493 0.1821 -0.6367
vn -0.4363 -0.8115 -0.3888
vn 0.3209 -0.7558 -0.5707
vn -0.5654 -0.1521 -0.8106
vn 0.8056 0.1973 -0.5587
vn 0.3057 -0.5932 -0.7447
vn -0.3019 -0.7571 -0.5794
vn 0.2208 -0.5010 -0.8368
vn 0.6587 -0.3565 -0.6625
vn 0.1439 -0.7265 -0.6719
vn 0.2456 -0.7275 -0.6407
vn 0.2505 -0.7143 -0.6535
vn 0.1663 -0.6979 -0.6966
vn -0.2420 -0.5462 -0.8019
vn 0.1545 0.6132 -0.7747
vn 0.2661 0.7085 -0.6536
vn -0.2346 0.6309 -0.7396
vn 0.0155 0.7030 -0.7111
vn 0.5190 0.4370 -0.7346
vn -0.2827 0.5264 -0.8019
vn 0.8716 0.1959 -0.4494
vn 0.3478 0.7626 -0.5454
vn -0.2574 0.6651 -0.7009
vn 0.1482 0.7519 -0.6424
vn 0.1787 0.4986 -0.8482
vn 0.4097 0.1211 -0.9041
vn 0.1832 0.6825 -0.7076
vn -0.2498 0.8752 -0.4144
vn 0.4584 0.7956 -0.3960
vn -0.0040 0.9684 -0.2492
vn 0.1212 0.9343 -0.3351
vn -0.6903 0.5908 -0.4176
vn -0.8542 0.3093 -0.4179
vn 0.2775 0.5686 -0.7744
vn 0.0754 0.5279 -0.8459
vn 0.0594 0.6763 -0.7342
vn 0.0649 0.4912 -0.8686
vn -0.0413 0.8736 -0.4849
vn -0.1038 0.8566 -0.5054
vn -0.0730 0.5680 -0.8198
vn 0.0437 0.3005 -0.9528
vn -0.9908 -0.0435 -0.1279
vn -0.9316 -0.2413 -0.2717
vn 0.9283 -0.1727 -0.3294
vn -0.5281 -0.2816 -0.8011
vn -0.3683 -0.2182 -0.9037
vn 0.0288 -0.0613 -0.9977
vn 0.3718 0.0213 -0.9281
vn -0.1589 -0.8460 -0.5089
vn 0.4274 -0.5517 -0.7162
vn -0.0989 -0.2642 -0.9594
vn 0.5646 0.1050 -0.8187
vn 0.0600 -0.9710 -0.2316
vn -0.4047 -0.5517 -0.7293
vn 0.0486 -0.4304 -0.9013
vn -0.4369 -0.7070 -0.5561
vn -0.1707 -0.7762 -0.6070
vn -0.1918 -0.9327 -0.3054
vn -0.4454 -0.6577 -0.6074
vn 0.0263 -0.7790 -0.6265
vn 0.6727 0.1600 -0.7224
vn -0.5832 -0.2451 -0.7745
vn 0.8040 0.1538 -0.5744
vn -0.4107 -0.9118 0.0025
vn -0.5963 -0.2040 -0.7764
vn -0.6438 -0.1822 -0.7432
vn -0.6348 -0.5677 -0.5242
vn -0.5387 -0.4811 -0.6916
vn 0.7978 -0.0241 -0.6025
vn -0.5100 -0.7823 -0.3576
vn -0.2514 -0.9315 -0.2627
vn -0.5764 -0.7781 -0.2496
vn 0.8403 -0.3807 -0.3859
vn -0.1728 -0.8007 -0.5737
vn 0.4120 -0.6872 -0.5983
vn 0.1899 -0.7662 -0.6139
vn 0.5713 -0.6711 -0.4725
vn -0.0883 -0.7793 -0.6204
vn 0.0872 -0.7693 -0.6329
vn 0.7711 -0.0923 -0.6300
vn -0.2610 -0.6442 -0.7189
vn -0.1572 0.8574 -0.4901
vn -0.3668 0.5696 -0.7355
vn -0.6806 0.4555 -0.5739
vn 0.1877 0.6398 -0.7453
vn 0.1821 0.6604 -0.7285
vn 0.3202 0.6673 -0.6724
vn -0.0851 0.8364 -0.5415
vn -0.3112 0.1785 -0.9334
vn 0.7366 0.2723 -0.6191
vn -0.3912 0.8494 -0.3543
vn -0.2462 0.8499 -0.4660
vn -0.6832 0.3537 -0.6388
vn -0.1827 0.8042 -0.5655
vn 0.0553 0.1559 -0.9862
vn 0.2061 0.2945 -0.9332
vn 0.6064 -0.1568 -0.7796
vn 0.2714 0.6206 -0.7357
vn 0.2662 0.4100 -0.8724
vn -0.0431 0.1654 -0.9853
vn 0.2524 0.7130 -0.6542
vn 0.3384 0.1509 -0.9288
vn 0.0032 0.1918 -0.9814
vn -0.0561 0.0410 -0.9976
vn 0.1680 0.5872 -0.7918
vn -0.0652 0.3320 -0.9410
vn 0.4996 -0.1346 -0.8557
vn 0.7611 -0.1517 -0.6306
vn 0.3831 0.5992 -0.7030
vn 0.0818 0.1558 -0.9844
vn 0.2132 0.5884 -0.7800
vn 0.3277 -0.0428 -0.9438
vn -0.2834 0.9443 -0.1674
vn -0.1630 0.2334 -0.9586
vn -0.2910 0.1024 -0.9512
vn 0.8188 -0.1656 -0.5496
vn 0.1385 -0.0059 -0.9903
vn 0.6089 -0.1372 -0.7813
vn -0.3087 0.9132 -0.2660
vn 0.5613 -0.1324 -0.8170
vn 0.2921 -0.0650 -0.9542
vn -0.2291 0.6999 -0.6765
vn -0.0237 0.6626 -0.7486
vn -0.2240 0.9696 -0.0990
vn 0.0561 0.8976 -0.4373
vn -0.2637 0.8883 -0.3760
vn -0.7098 0.5550 -0.4337
vn 0.0442 0.9802 -0.1930
vn -0.9350 0.1706 -0.3108
vn 0.1021 0.3263 -0.9397
vn -0.2025 0.5957 -0.7773
vn -0.1233 0.9276 -0.3526
vn -0.6246 0.5417 -0.5625
vn -0.3832 0.4268 -0.8192
vn -0.2125 0.3589 -0.9089
vn 0.9235 0.3283 -0.1985
vn -0.6879 0.6155 -0.3847
vn 0.3426 -0.8471 -0.4063
vn -0.3591 -0.8519 -0.3811
vn -0.9368 -0.1934 -0.2916
vn -0.8826 0.4638 -0.0761
vn -0.2376 -0.3649 -0.9002
vn 0.0750 -0.1374 -0.9877
vn -0.5623 -0.4091 -0.7187
vn -0.6493 -0.3326 -0.6840
vn 0.4155 0.0427 -0.9086
vn 0.3752 -0.0000 -0.9270
vn 0.7233 0.1450 -0.6751
vn -0.5026 -0.6131 -0.6095
vn -0.3472 -0.3539 -0.8685
vn -0.3259 -0.5523 -0.7673
vn -0.1086 -0.2497 -0.9622
vn 0.1721 -0.2338 -0.9569
vn -0.6333 -0.6489 -0.4217
vn -0.9556 -0.1638 -0.2451
vn -0.7389 -0.3674 -0.5648
vn 0.0950 -0.2311 -0.9683
vn 0.0457 -0.5699 -0.8204
vn -0.7180 -0.4124 -0.5607
vn 0.0232 -0.8314 -0.5552
vn -0.2971 -0.7511 -0.5895
vn -0.5835 -0.6940 -0.4217
vn -0.7404 -0.3583 -0.5688
vn 0.9360 -0.1718 -0.3073
vn -0.7501 -0.2936 -0.5926
vn 0.8435 0.1679 -0.5103
vn -0.2182 -0.9238 -0.3145
vn 0.3607 -0.7633 -0.5360
vn -0.6752 -0.6434 -0.3608
vn -0.2707 -0.7804 -0.5637
vn 0.8128 0.0136 -0.5824
vn -0.2496 -0.3507 -0.9026
vn 0.0757 0.8164 -0.5725
vn -0.2694 -0.3480 -0.8980
vn -0.3730 0.8484 -0.3757
vn -0.0848 0.8212 -0.5643
vn 0.0610 0.8473 -0.5276
vn 0.6986 0.4568 -0.5507
vn -0.8028 0.3656 -0.4710
vn 0.6834 -0.4156 -0.6002
vn -0.4554 0.8894 0.0397
vn -0.5400 0.7544 -0.3732
vn -0.4517 0.6857 -0.5708
vn -0.3228 0.4582 -0.8282
vn -0.2506 0.9478 -0.1969
vn -0.6146 0.2763 -0.7388
vn 0.8768 -0.1648 -0.4517
vn -0.7565 0.3574 -0.5477
vn -0.6266 0.2462 -0.7395
vn -0.3784 0.1923 -0.9054
vn 0.7941 -0.2073 -0.5714
vn -0.7673 0.3424 -0.5422
vn 0.6980 -0.2032 -0.6866
vn -0.3323 0.2183 -0.9176
vn -0.2465 -0.0394 -0.9683
vn 0.0831 0.9962 -0.0272
vn 0.0614 0.5687 -0.8203
vn 0.1343 0.4697 -0.8726
vn 0.7282 -0.2261 -0.6470
vn -0.0973 0.4872 -0.8678
vn -0.0463 0.7740 -0.6315
vn 0.3233 -0.0378 -0.9456
vn -0.3987 0.3420 -0.8509
vn 0.5511 0.5441 -0.6327
vn -0.9878 -0.1297 -0.0862
vn 0.9347 0.1958 -0.2965
vn 0.2934 0.3559 -0.8873
vn -0.0350 0.9590 -0.2812
vn -0.5284 0.6929 -0.4907
vn -0.3350 0.3869 -0.8591
vn -0.6225 0.5175 -0.5870
vn -0.0081 0.2943 -0.9557
vn 0.1831 0.2484 -0.9512
vn 0.6047 -0.2096 -0.7684
vn 0.6610 -0.2237 -0.7163
vn 0.1025 0.0532 -0.9933
vn 0.4808 -0.1345 -0.8664
vn -0.0106 0.3095 -0.9509
vn -0.0510 0.9307 -0.3623
vn 0.0659 -0.3409 -0.9378
vn -0.0854 -0.3559 -0.9306
vn 0.9321 -0.3555 -0.0693
vn -0.3404 -0.7210 -0.6035
vn 0.2739 -0.0519 -0.9604
vn 0.2861 -0.1879 -0.9396
vn -0.9007 0.4302 -0.0608
vn -0.0057 -0.5031 -0.8642
vn -0.1148 -0.3128 -0.9429
vn 0.2136 0.2018 -0.9559
vn 0.4081 0.2285 -0.8839
vn 0.4695 -0.3736 -0.8000
vn -0.7649 -0.4067 -0.4995
vn -0.1924 -0.5184 -0.8332
vn -0.0164 0.0305 -0.9994
vn -0.1456 -0.3168 -0.9373
vn 0.2421 0.4266 -0.8714
vn -0.9419 0.3155 -0.1148
vn -0.3184 -0.5157 -0.7954
vn 0.0889 0.0942 -0.9916
vn 0.0178 -0.1237 -0.9922
vn -0.7713 -0.3738 -0.5151
vn -0.2429 -0.3612 -0.9003
vn -0.9822 0.1159 -0.1478
vn -0.3951 -0.5032 -0.7686
vn -0.0931 -0.1333 -0.9867
vn 0.7566 0.1498 -0.6365
vn -0.2807 -0.3169 -0.9060
vn 0.1028 0.0454 -0.9937
vn -0.5576 -0.6861 -0.4673
vn -0.0906 -0.2404 -0.9664
vn -0.0455 -0.1543 -0.9870
vn -0.2284 -0.9581 0.1728
vn 0.2286 -0.2506 -0.9407
vn 0.2806 -0.1095 -0.9536
vn 0.0904 -0.5124 -0.8540
vn -0.7452 -0.5712 -0.3441
vn 0.0985 -0.7807 -0.6170
vn 0.0441 -0.9990 0.0078
vn -0.8261 -0.3133 -0.4684
vn -0.4109 -0.9075 -0.0871
vn -0.4630 -0.8204 -0.3357
vn 0.0401 -0.9387 -0.3424
vn 0.2113 -0.7887 -0.5773
vn 0.2194 -0.7726 -0.5958
vn 0.1888 -0.8083 -0.5576
vn 0.2905 -0.8298 -0.4765
vn -0.2254 -0.8909 -0.3942
vn 0.3426 0.8072 -0.4807
vn 0.1955 0.7373 -0.6467
vn -0.5178 0.7007 -0.4907
vn -0.5886 0.6677 -0.4558
vn -0.2787 0.7877 -0.5495
vn -0.5248 0.8014 -0.2869
vn 0.8537 0.3202 -0.4107
vn 0.9372 0.1548 -0.3127
vn -0.7783 0.3873 -0.4942
vn -0.3484 0.8412 -0.4136
vn 0.8378 -0.2574 -0.4814
vn -0.5557 0.6468 -0.5223
vn 0.7672 -0.1818 -0.6151
vn -0.1459 0.9147 -0.3770
vn -0.7989 0.3625 -0.4800
vn -0.7125 0.4344 -0.5510
vn 0.3025 0.8700 -0.3895
vn 0.5605 0.7007 -0.4415
vn 0.7894 -0.2789 -0.5469
vn 0.5523 0.3435 -0.7596
vn -0.7327 0.5247 -0.4333
vn -0.5095 0.4538 -0.7311
vn -0.5862 0.5400 -0.6039
vn -0.4811 0.5101 -0.7130
vn -0.3791 0.5800 -0.7211
vn 0.2782 0.1159 -0.9535
vn -0.0444 0.4889 -0.8712
vn 0.3649 0.1451 -0.9197
vn -0.9160 0.2980 -0.2686
vn 0.8947 0.4015 -0.1958
vn -0.2064 -0.6769 -0.7065
vn -0.1715 -0.6469 -0.7431
vn 0.8051 -0.5898 -0.0620
vn -0.6090 -0.6266 -0.4863
vn 0.7668 0.2027 -0.6090
vn -0.2562 -0.8646 -0.4322
vn 0.0502 -0.8664 -0.4968
vn 0.7440 -0.0767 -0.6637
vn -0.3991 -0.7811 -0.4802
vn 0.5661 0.5464 -0.6172
vn -0.5624 -0.7211 -0.4047
vn 0.5196 0.5751 -0.6318
vn 0.2781 0.4066 -0.8702
vn 0.4630 0.4885 -0.7396
vn 0.3423 0.2384 -0.9088
vn 0.8560 0.2011 -0.4763
vn 0.2869 0.0442 -0.9569
vn 0.1925 -0.4115 -0.8908
vn -0.1968 -0.9804 -0.0095
vn 0.0702 -0.9961 -0.0543
vn 0.8403 0.2134 -0.4984
vn -0.8189 -0.3515 -0.4538
vn -0.3629 -0.9232 -0.1265
vn 0.9343 -0.1982 -0.2964
vn -0.0541 -0.8493 -0.5251
vn -0.2823 -0.8043 -0.5229
vn -0.0738 -0.9203 -0.3842
vn 0.5595 -0.6369 -0.5304
vn -0.1430 -0.8717 -0.4687
vn -0.2398 -0.7995 -0.5507
vn -0.2823 -0.9525 -0.1144
vn -0.2690 -0.7129 -0.6477
vn -0.3203 0.7032 -0.6347
vn 0.3331 0.8138 -0.4761
vn -0.3951 0.7164 -0.5750
vn 0.6863 0.5050 -0.5234
vn 0.1113 0.7592 -0.6413
vn -0.7603 0.5146 -0.3965
vn -0.8347 0.3839 -0.3948
vn 0.9516 0.1554 -0.2653
vn -0.8365 0.4131 -0.3600
vn 0.8274 -0.3150 -0.4650
vn -0.6042 0.6674 -0.4353
vn 0.0817 0.9551 -0.2848
vn -0.3661 0.6162 -0.6973
vn -0.1693 0.5299 -0.8310
vn 0.4101 0.2903 -0.8646
vn 0.7872 -0.3302 -0.5209
vn -0.4451 0.7836 -0.4335
vn 0.4947 0.2175 -0.8414
vn 0.7210 -0.3517 -0.5970
vn 0.2283 0.1893 -0.9550
vn -0.9964 -0.0415 -0.0736
vn -0.3474 0.4674 -0.8129
vn -0.0707 0.6002 -0.7967
vn -0.5371 -0.8093 -0.2377
vn 0.2294 -0.2982 -0.9265
vn -0.3585 -0.6726 -0.6473
vn 0.2161 -0.3036 -0.9280
vn 0.5244 0.1222 -0.8427
vn -0.7921 -0.5528 -0.2588
vn -0.3750 -0.8535 -0.3619
vn 0.6605 0.2638 -0.7030
vn 0.5899 -0.6853 -0.4271
vn -0.3815 -0.9000 -0.2107
vn -0.9779 -0.1213 -0.1702
vn 0.4097 -0.1343 -0.9023
vn 0.9493 -0.2013 -0.2415
vn 0.3341 -0.2925 -0.8960
vn 0.2170 -0.4623 -0.8598
vn 0.2842 -0.6833 -0.6725
vn -0.7396 -0.5483 -0.3903
vn -0.1283 -0.8715 -0.4734
vn -0.6164 -0.6548 -0.4375
vn 0.9773 0.2090 -0.0359
vn -0.2470 -0.9670 -0.0623
vn -0.2216 -0.9751 0.0077
vn -0.7621 -0.4824 -0.4318
vn 0.8405 -0.3480 -0.4152
vn -0.3115 -0.8559 -0.4128
vn -0.6384 -0.7516 -0.1661
vn 0.5154 -0.6904 -0.5077
vn 0.7773 0.3867 -0.4962
vn -0.2886 0.1452 -0.9464
vn -0.3217 0.6485 -0.6899
vn 0.1223 0.8154 -0.5659
vn 0.3731 0.7595 -0.5329
vn -0.2552 0.9278 -0.2721
vn 0.2780 0.7805 -0.5600
vn 0.1650 0.8470 -0.5053
vn -0.0767 0.9338 -0.3495
vn 0.8228 0.0203 -0.5680
vn 0.8853 -0.0120 -0.4649
vn -0.4950 0.8286 -0.2615
vn -0.8429 0.4347 -0.3171
vn -0.4092 0.7602 -0.5046
vn -0.7794 0.5179 -0.3525
vn 0.5679 0.3237 -0.7567
vn 0.4522 0.5532 -0.6996
vn 0.0702 0.8138 -0.5769
vn -0.8543 0.4838 -0.1900
vn 0.4708 0.7988 -0.3744
vn -0.5739 0.6567 -0.4892
vn -0.9663 -0.0640 -0.2492
vn 0.7140 0.4358 -0.5480
vn 0.9150 -0.3953 -0.0804
vn -0.0128 0.9592 -0.2823
vn 0.5914 0.2310 -0.7726
vn -0.5858 0.6169 -0.5255
vn -0.8345 0.5490 -0.0471
vn -0.5896 0.7894 -0.1711
vn 0.1915 0.4251 -0.8847
vn 0.5124 -0.0014 -0.8588
vn -0.1523 0.4332 -0.8883
vn 0.0515 0.2807 -0.9584
vn 0.0726 0.9285 -0.3642
vn 0.0639 -0.9487 -0.3096
vn 0.6351 -0.7106 -0.3029
vn -0.5565 -0.8148 -0.1626
vn 0.8451 0.2298 -0.4827
vn 0.5470 0.4179 -0.7254
vn 0.5102 0.0823 -0.8561
vn -0.0607 -0.9981 0.0068
vn -0.9292 0.1367 0.3433
vn 0.0581 -0.9983 0.0076
vn -0.7501 -0.4750 -0.4602
vn -0.5833 -0.8122 -0.0025
vn 0.9457 -0.1662 -0.2793
vn 0.9711 0.1792 -0.1580
vn 0.5976 -0.6002 -0.5316
vn 0.5730 -0.6491 -0.5003
vn 0.7439 -0.3776 -0.5514
vn 0.0782 -0.8927 -0.4439
vn 0.7620 -0.6313 -0.1445
vn 0.7986 -0.3440 -0.4938
vn -0.2527 -0.7149 -0.6520
vn -0.2505 -0.6016 -0.7585
vn 0.2273 0.8848 -0.4068
vn -0.2408 0.9666 -0.0883
vn -0.1325 0.9687 -0.2098
vn -0.2342 0.9506 -0.2036
vn 0.9662 0.1873 -0.1771
vn 0.9481 -0.3144 -0.0468
vn -0.6179 0.7484 -0.2413
vn -0.8818 0.2749 -0.3832
vn 0.1954 0.9329 -0.3026
vn 0.1811 0.7422 -0.6452
vn -0.8033 0.5458 -0.2384
vn -0.1567 0.9681 -0.1954
vn -0.2308 0.9010 -0.3672
vn -0.0520 0.9297 -0.3647
vn -0.5559 0.7077 -0.4361
vn -0.7241 0.5563 -0.4077
vn 0.7092 -0.4360 -0.5541
vn 0.9561 0.1789 -0.2320
vn -0.6969 0.4882 -0.5253
vn 0.9479 0.3066 0.0870
vn -0.1682 -0.9818 0.0882
vn 0.5150 0.0769 -0.8537
vn -0.3501 0.5407 -0.7649
vn 0.3840 0.0698 -0.9207
vn -0.7143 0.6993 -0.0267
vn -0.1522 0.4805 -0.8637
vn -0.1449 -0.6346 -0.7591
vn 0.5092 0.0078 -0.8606
vn 0.6389 -0.1367 -0.7571
vn -0.3541 -0.7872 -0.5050
vn -0.9891 -0.0599 -0.1345
vn -0.7961 -0.4231 -0.4328
vn 0.7884 0.3233 -0.5233
vn 0.8712 0.0248 -0.4903
vn -0.7549 -0.4627 -0.4649
vn -0.8903 -0.4542 -0.0313
vn -0.9792 0.2025 -0.0096
vn 0.9505 0.2868 -0.1194
vn 0.5985 0.1599 -0.7850
vn 0.4529 -0.3696 -0.8114
vn 0.9805 -0.1820 0.0742
vn -0.9008 -0.3535 -0.2523
vn -0.6056 -0.6998 -0.3789
vn 0.0385 -0.8966 -0.4412
vn 0.2863 -0.7821 -0.5535
vn -0.2582 -0.9659 -0.0186
vn -0.2691 -0.0857 -0.9593
vn -0.3008 0.4563 -0.8375
vn -0.2683 0.8456 -0.4616
vn -0.1957 0.8148 -0.5457
vn 0.1455 0.8770 -0.4580
vn 0.4728 0.7978 -0.3741
vn -0.1223 0.7819 -0.6112
vn 0.8256 0.3076 -0.4731
vn -0.0190 0.9131 -0.4072
vn 0.8307 0.3754 -0.4110
vn 0.4888 0.8655 -0.1095
vn -0.4906 0.8659 0.0979
vn -0.4547 0.8670 -0.2036
vn 0.8420 0.4833 0.2399
vn -0.6722 0.6842 -0.2826
vn 0.9862 0.1580 -0.0489
vn 0.0978 0.9948 -0.0270
vn 0.4270 0.5184 -0.7409
vn 0.6153 0.1976 -0.7631
vn 0.7908 -0.1752 -0.5865
vn 0.6742 0.5119 -0.5324
vn 0.3066 0.1177 -0.9445
vn -0.9894 -0.1436 -0.0215
vn 0.7665 0.1712 -0.6190
vn 0.6812 0.1858 -0.7081
vn 0.8485 -0.5254 0.0639
vn -0.3515 0.7534 -0.5558
vn -0.6089 0.5893 -0.5310
vn 0.1177 0.3993 -0.9092
vn 0.5955 -0.1437 -0.7904
vn 0.3302 0.1015 -0.9384
vn 0.0458 0.3190 -0.9466
vn -0.1606 -0.5991 -0.7844
vn 0.2537 -0.2519 -0.9339
vn -0.4699 -0.8827 -0.0120
vn -0.4779 -0.7926 -0.3786
vn 0.4751 -0.8184 -0.3233
vn 0.0476 -0.9980 -0.0416
vn 0.3262 -0.9411 -0.0884
vn 0.7597 -0.6183 -0.2014
vn -0.9244 0.3813 -0.0119
vn 0.8651 0.3123 -0.3926
vn -0.6259 -0.7744 -0.0926
vn 0.7582 0.2855 -0.5862
vn 0.9599 0.2437 -0.1382
vn -0.9044 -0.4238 -0.0498
vn 0.0777 -0.9704 -0.2287
vn 0.4474 -0.8918 -0.0668
vn -0.3139 -0.8842 -0.3458
vn -0.9421 -0.2646 -0.2058
vn -0.8831 -0.3952 -0.2530
vn 0.9600 0.2152 -0.1790
vn -0.8750 -0.3713 -0.3107
vn -0.9320 -0.3601 0.0402
vn 0.9657 0.1901 -0.1769
vn 0.0130 -0.8390 -0.5439
vn 0.2614 -0.7737 -0.5772
vn 0.0610 -0.9422 -0.3296
vn -0.0943 -0.9547 -0.2822
vn 0.4130 -0.7449 -0.5240
vn 0.9421 -0.3352 0.0047
vn 0.9025 -0.4305 -0.0119
vn -0.3187 -0.9470 -0.0405
vn -0.2731 -0.5060 -0.8181
vn -0.3758 0.5342 -0.7572
vn -0.2587 0.8484 -0.4618
vn 0.2385 0.9335 -0.2679
vn -0.1070 0.9729 -0.2052
vn 0.3697 0.8507 -0.3736
vn 0.0925 0.8111 -0.5776
vn 0.6518 0.5369 -0.5356
vn 0.9535 -0.2995 -0.0331
vn -0.9147 0.4029 -0.0322
vn -0.0681 0.9536 -0.2934
vn -0.3296 0.8474 -0.4162
vn -0.7535 0.5999 -0.2691
vn 0.3233 0.9347 -0.1476
vn 0.2388 0.9153 -0.3244
vn -0.0537 0.3633 -0.9301
vn -0.6416 0.6595 -0.3916
vn -0.4730 0.6495 -0.5953
vn 0.6623 0.0628 -0.7466
vn -0.8249 0.4919 -0.2787
vn -0.1051 0.6223 -0.7757
vn 0.4006 0.0849 -0.9123
vn 0.5409 0.7857 -0.3000
vn -0.2255 0.5751 -0.7864
vn -0.0029 -0.4843 -0.8749
vn 0.4988 0.0447 -0.8656
vn -0.4108 -0.8984 -0.1556
vn 0.1382 -0.9661 -0.2180
vn 0.8869 0.4304 -0.1677
vn -0.8373 -0.5448 -0.0461
vn -0.5703 -0.7736 -0.2761
vn -0.7443 -0.6270 -0.2299
vn -0.7571 -0.5216 -0.3933
vn 0.8785 0.4340 -0.1999
vn 0.9463 -0.2823 -0.1575
vn -0.8398 -0.5427 0.0156
vn -0.1824 -0.9817 -0.0553
vn 0.9318 -0.2411 -0.2714
vn 0.8280 0.3594 -0.4303
vn 0.9719 -0.2328 -0.0352
vn 0.8215 0.5383 -0.1879
vn 0.6036 -0.2144 -0.7679
vn 0.0436 -0.9989 -0.0145
vn 0.4665 -0.6027 -0.6474
vn -0.7028 -0.5605 -0.4381
vn -0.9262 -0.2894 -0.2416
vn 0.0370 -0.9993 0.0001
vn -0.8118 -0.5787 -0.0780
vn 0.9983 -0.0249 -0.0535
vn -0.3673 -0.8992 -0.2377
vn 0.3431 -0.7551 -0.5587
vn -0.3961 -0.9181 -0.0137
vn 0.0842 -0.8439 -0.5298
vn 0.1934 -0.8620 -0.4686
vn 0.9903 -0.0425 -0.1320
vn -0.3254 -0.9438 -0.0579
vn -0.1983 -0.8898 -0.4111
vn -0.2744 -0.7217 -0.6355
vn -0.3661 0.2240 -0.9032
vn -0.2807 0.8256 -0.4895
vn 0.5230 0.8523 0.0023
vn -0.2690 0.8744 -0.4037
vn 0.1216 0.9783 -0.1679
vn 0.4099 0.7879 -0.4595
vn -0.0227 0.9521 -0.3051
vn -0.2510 0.9649 -0.0775
vn 0.9700 -0.2415 -0.0264
vn 0.1901 0.9815 0.0242
vn -0.4920 0.7532 -0.4367
vn -0.9287 0.2740 -0.2500
vn -0.5838 0.8118 0.0103
vn 0.4563 0.3334 -0.8250
vn 0.3384 0.5956 -0.7285
vn 0.6030 -0.0977 -0.7918
vn 0.7554 0.4492 -0.4771
vn 0.7742 -0.3199 -0.5462
vn 0.9810 0.1709 -0.0921
vn -0.9963 -0.0134 -0.0854
vn -0.2053 0.9362 -0.2853
vn -0.2678 0.8837 -0.3840
vn 0.2428 -0.0117 -0.9700
vn 0.4900 -0.3847 -0.7822
vn -0.1068 0.5498 -0.8284
vn 0.5233 -0.3388 -0.7819
vn -0.1236 0.3826 -0.9156
vn 0.2678 0.0018 -0.9635
vn -0.7294 0.6496 -0.2146
vn -0.9982 0.0117 -0.0595
vn -0.4868 0.8643 -0.1265
vn 0.9322 0.3593 0.0447
vn 0.9175 -0.1506 -0.3681
vn 0.8585 0.5098 -0.0550
vn -0.3140 0.8844 -0.3454
vn 0.3286 0.8888 -0.3194
vn 0.2574 0.2202 -0.9409
vn -0.0295 0.4855 -0.8738
vn 0.2796 -0.2156 -0.9356
vn -0.0901 -0.5480 -0.8316
vn 0.7106 -0.1418 -0.6892
vn -0.9939 -0.0092 0.1101
vn -0.9748 0.1456 0.1692
vn 0.4780 -0.8699 0.1214
vn 0.9603 -0.2618 0.0967
vn -0.3132 -0.9480 -0.0565
vn 0.7551 0.0759 -0.6512
vn -0.9955 0.0576 -0.0757
vn 0.0662 -0.9978 -0.0089
vn -0.9121 -0.4036 -0.0722
vn 0.9586 -0.1215 -0.2574
vn -0.0667 -0.8620 -0.5024
vn 0.7961 -0.4380 -0.4176
vn -0.4348 -0.9005 -0.0082
vn -0.3650 -0.9274 0.0821
vn 0.1989 -0.8411 -0.5030
vn -0.2624 -0.9650 -0.0013
vn -0.2528 -0.9262 -0.2796
vn -0.2339 -0.8746 -0.4247
vn -0.3822 -0.3390 -0.8597
vn -0.4094 0.3104 -0.8579
vn -0.6429 0.7493 -0.1588
vn -0.2598 0.9339 -0.2455
vn -0.2418 0.9663 -0.0881
vn -0.2659 0.9551 -0.1310
vn -0.2627 0.9643 0.0342
vn 0.3595 0.8826 -0.3030
vn -0.0837 0.9965 -0.0076
vn -0.3851 0.9225 0.0251
vn 0.9786 0.2044 -0.0233
vn -0.4013 0.9069 -0.1288
vn -0.8655 0.4007 -0.3006
vn -0.4112 0.9109 -0.0343
vn -0.6866 0.6302 -0.3625
vn 0.4963 0.7654 -0.4097
vn 0.9288 -0.3674 -0.0491
vn 0.5281 0.3171 -0.7877
vn 0.7941 -0.0256 -0.6073
vn -0.7508 0.6555 -0.0814
vn 0.7718 -0.3772 -0.5120
vn -0.9973 -0.0730 -0.0058
vn 0.7231 -0.4843 -0.4926
vn 0.8657 -0.4878 -0.1125
vn -0.7276 0.6729 -0.1337
vn -0.5060 0.7034 -0.4992
vn 0.7798 -0.4783 -0.4040
vn 0.9763 0.1986 0.0858
vn -0.2476 0.6866 -0.6835
vn 0.7400 -0.2427 -0.6272
vn 0.2585 0.5960 -0.7602
vn 0.9698 0.2007 -0.1388
vn 0.5488 0.1778 -0.8168
vn -0.1268 0.7469 -0.6527
vn -0.9692 -0.2431 0.0391
vn -0.4343 0.8974 0.0774
vn 0.7197 -0.0774 -0.6900
vn 0.9037 -0.4250 0.0509
vn -0.3549 0.8007 -0.4826
vn -0.3720 0.8450 -0.3841
vn 0.6909 -0.1110 -0.7144
vn 0.0017 0.9159 -0.4015
vn 0.5441 0.4535 -0.7059
vn -0.4828 0.7279 -0.4868
vn 0.6052 0.7242 -0.3305
vn 0.2500 0.8979 -0.3624
vn 0.9713 0.0573 -0.2308
vn 0.5473 0.1380 -0.8255
vn -0.2637 0.7639 -0.5890
vn -0.2339 0.7898 -0.5670
vn 0.2587 0.4787 -0.8390
vn -0.0585 -0.6265 -0.7772
vn -0.4289 -0.7690 -0.4739
vn 0.4045 -0.4936 -0.7699
vn 0.2151 -0.9336 -0.2865
vn -0.2623 -0.9643 -0.0356
vn -0.4564 -0.8597 -0.2294
vn -0.4705 -0.8729 -0.1290
vn -0.8467 -0.5036 0.1716
vn 0.8852 0.4264 -0.1859
vn 0.8375 -0.5087 0.1994
vn 0.9751 -0.1533 0.1605
vn 0.9717 0.2116 0.1052
vn -0.5342 -0.8452 -0.0127
vn 0.8391 0.5423 0.0423
vn 0.8335 0.2732 -0.4802
vn -0.6751 -0.7372 -0.0276
vn 0.8192 -0.4127 -0.3983
vn 0.0384 -0.9477 0.3168
vn -0.3423 -0.9125 0.2239
vn 0.9774 -0.2014 -0.0642
vn 0.0062 -0.9965 0.0836
vn -0.9271 -0.3318 0.1746
vn 0.9776 -0.1803 0.1083
vn 0.9685 -0.2368 0.0767
vn -0.5881 -0.8085 0.0220
vn -0.3721 -0.9056 0.2034
vn -0.1149 -0.9319 -0.3441
vn -0.1556 -0.8868 -0.4353
vn 0.1830 -0.8018 -0.5689
vn 0.5356 -0.7924 -0.2919
vn -0.4984 -0.6960 -0.5168
vn 0.6112 -0.7696 -0.1849
vn -0.0594 -0.9114 -0.4072
vn -0.2017 -0.9557 -0.2142
vn 0.2918 -0.8338 -0.4687
vn 0.4187 -0.8046 -0.4211
vn -0.1367 -0.9325 -0.3342
vn 0.8928 0.4271 -0.1431
vn 0.9238 0.2584 0.2826
vn -0.3572 -0.8366 -0.4153
vn -0.7682 -0.4895 -0.4126
vn 0.7450 0.5408 -0.3904
vn -0.8005 0.0854 -0.5932
vn 0.8890 0.4294 0.1590
vn 0.8273 0.4453 -0.3425
vn 0.8778 0.4197 0.2308
vn 0.8425 0.4901 0.2234
vn 0.7745 0.6038 0.1888
vn 0.4466 0.8808 -0.1574
vn -0.4866 0.7849 -0.3836
vn 0.0986 0.9930 0.0646
vn 0.9121 0.3335 -0.2382
vn 0.0097 0.8953 -0.4453
vn 0.9614 0.2173 -0.1688
vn 0.4921 0.8645 -0.1023
vn 0.2198 0.9390 -0.2644
vn -0.1294 0.9862 0.1030
vn 0.3081 0.9512 0.0162
vn -0.3661 0.9258 -0.0945
vn -0.7690 0.6296 0.1110
vn -0.2447 0.9687 -0.0415
vn -0.3336 0.9425 -0.0226
vn -0.8898 0.4557 0.0251
vn -0.2894 0.9572 -0.0033
vn -0.6085 0.7905 -0.0697
vn 0.7232 0.6880 -0.0601
vn 0.0823 0.9901 -0.1133
vn 0.8653 0.4404 -0.2393
vn -0.0854 0.9953 -0.0460
vn 0.8298 -0.5579 0.0141
vn 0.9635 0.1682 -0.2084
vn -0.5525 0.7910 -0.2627
vn 0.8560 -0.5041 0.1145
vn 0.9857 0.1679 -0.0107
vn -0.9292 -0.3607 -0.0811
vn -0.2776 0.7390 -0.6138
vn 0.8696 0.0320 -0.4928
vn -0.3721 0.8965 -0.2404
vn -0.2503 0.8248 -0.5070
vn 0.9014 -0.4297 -0.0538
vn -0.0018 0.9676 -0.2524
vn 0.4078 0.9112 0.0581
vn -0.8086 0.5856 -0.0580
vn -0.3733 0.8850 -0.2783
vn -0.4060 0.9045 0.1305
vn 0.9757 -0.1889 -0.1107
vn -0.3077 0.9504 0.0454
vn 0.9214 -0.3321 0.2017
vn -0.3977 0.9089 0.1257
vn 0.9663 -0.2355 -0.1039
vn 0.9848 0.1211 -0.1244
vn 0.9087 0.3400 0.2421
vn 0.9757 -0.2175 0.0266
vn -0.3462 0.9325 0.1031
vn 0.4802 0.8771 0.0069
vn 0.1721 0.9321 -0.3188
vn -0.4668 0.8305 -0.3039
vn -0.3129 0.7886 -0.5294
vn 0.8805 0.3033 -0.3643
vn -0.2771 0.8279 -0.4877
vn -0.2546 0.8207 -0.5116
vn 0.7009 0.7056 -0.1038
vn -0.2023 -0.9761 0.0792
vn -0.4760 -0.7892 -0.3880
vn 0.4113 -0.8694 -0.2739
vn 0.9767 -0.2017 -0.0733
vn 0.9145 0.3962 -0.0815
vn -0.4773 -0.8786 -0.0153
vn 0.4319 -0.8822 0.1876
vn 0.8863 0.3939 0.2434
vn 0.8972 0.4333 -0.0851
vn -0.6002 -0.7997 -0.0148
vn -0.7164 -0.6849 0.1331
vn -0.9867 0.1034 0.1252
vn 0.9390 0.3186 -0.1298
vn 0.9969 -0.0711 0.0335
vn 0.1022 -0.9943 0.0299
vn -0.9265 -0.3408 0.1593
vn -0.0101 -0.7050 0.7091
vn -0.2492 -0.9639 0.0935
vn -0.9713 -0.1950 -0.1362
vn -0.3618 -0.9244 0.1211
vn 0.2457 -0.8473 -0.4708
vn 0.1586 -0.9821 0.1017
vn 0.3517 -0.8973 -0.2668
vn 0.4204 -0.9021 -0.0976
vn 0.1207 -0.9879 0.0969
vn 0.9206 -0.3763 0.1042
vn -0.2397 -0.9501 0.1998
vn -0.4029 -0.8767 0.2628
vn -0.7223 -0.6536 0.2260
vn -0.9731 -0.1866 -0.1354
vn -0.2585 0.9581 0.1236
vn -0.2394 0.9187 0.3142
vn 0.8208 0.5320 0.2081
vn 0.4590 0.8858 -0.0686
vn 0.7036 0.6954 0.1460
vn 0.4625 0.8813 0.0974
vn 0.5373 0.8317 -0.1400
vn 0.9784 -0.1662 0.1229
vn -0.4634 0.8750 0.1402
vn 0.9451 0.2153 0.2457
vn 0.9554 0.2111 0.2067
vn 0.5713 0.6464 0.5058
vn 0.2892 0.8510 0.4384
vn -0.9611 0.2714 0.0518
vn -0.8364 0.5279 0.1472
vn 0.8457 0.2408 0.4763
vn 0.9406 -0.0353 -0.3378
vn 0.2690 0.9622 -0.0431
vn 0.6124 0.7892 0.0467
vn 0.9526 -0.3029 -0.0297
vn 0.9434 0.2306 0.2385
vn 0.9585 -0.2794 0.0559
vn 0.9371 -0.3488 0.0151
vn -0.8217 0.5487 0.1542
vn 0.8445 -0.4751 -0.2473
vn -0.8055 0.5075 0.3060
vn -0.7178 0.6960 0.0180
vn -0.5235 0.8515 -0.0298
vn -0.3947 0.9106 -0.1226
vn 0.8226 -0.4190 0.3844
vn -0.3485 0.9353 -0.0611
vn 0.9476 0.1716 0.2696
vn -0.2842 0.8975 0.3372
vn -0.2458 0.9665 0.0740
vn 0.9476 -0.0772 0.3100
vn -0.2401 0.9707 0.0079
vn -0.8230 0.5447 -0.1615
vn -0.0795 0.9046 0.4188
vn -0.9186 0.3767 0.1195
vn 0.6136 -0.2362 0.7534
vn -0.7602 0.6454 -0.0751
vn -0.6501 0.7499 -0.1226
vn -0.5388 0.7805 0.3169
vn 0.0625 0.9400 -0.3354
vn 0.7875 0.0196 0.6160
vn -0.2567 0.9528 0.1623
vn -0.3416 0.9300 0.1357
vn -0.3888 0.9213 -0.0014
vn -0.2971 0.9445 0.1401
vn -0.3253 0.9195 0.2209
vn -0.1482 0.9265 0.3460
vn 0.2701 -0.8597 0.4335
vn -0.1538 -0.9344 0.3213
vn 0.7762 0.4146 0.4750
vn 0.7107 -0.6804 0.1787
vn 0.7530 0.3892 0.5305
vn -0.5892 -0.7704 0.2436
vn 0.9028 -0.3872 0.1871
vn 0.9413 -0.2982 0.1579
vn 0.7973 0.4268 0.4268
vn -0.2875 -0.9557 0.0627
vn 0.4632 -0.8572 0.2252
vn -0.7983 -0.4398 0.4114
vn -0.4716 -0.8748 0.1111
vn 0.8025 0.2414 0.5457
vn -0.9656 0.1663 0.1999
vn 0.7421 0.5018 0.4445
vn 0.8911 0.2803 0.3569
vn -0.5784 -0.7996 0.1617
vn -0.6403 -0.7566 0.1325
vn -0.8463 -0.3862 0.3668
vn 0.8178 0.3501 0.4567
vn 0.9484 0.1299 0.2891
vn 0.8711 -0.3420 0.3524
vn 0.0459 -0.9521 0.3023
vn 0.6337 -0.3664 0.6813
vn 0.2623 -0.7001 0.6641
vn 0.1049 -0.7126 0.6937
vn -0.2036 -0.7903 0.5779
vn -0.4604 -0.7897 0.4054
vn -0.8756 -0.3727 0.3072
vn 0.9121 0.2313 0.3384
vn -0.3850 -0.8810 0.2749
vn -0.7049 -0.5732 0.4178
vn 0.9427 0.1743 0.2846
vn -0.2934 -0.9096 0.2942
vn 0.8961 0.1766 0.4073
vn -0.2640 -0.9451 0.1926
vn -0.1211 -0.9926 0.0054
vn 0.2450 -0.9657 0.0863
vn 0.8608 -0.4903 0.1362
vn -0.1134 -0.9921 0.0539
vn 0.3912 -0.9191 -0.0475
vn 0.0017 -0.9967 0.0807
vn 0.3684 -0.9113 0.1836
vn -0.1139 -0.8559 0.5045
vn -0.1491 -0.9254 0.3485
vn 0.5749 -0.8055 0.1434
vn 0.1674 -0.9664 0.1952
vn -0.2629 -0.9004 0.3466
vn -0.2724 -0.9042 0.3290
vn 0.7974 -0.1826 0.5752
vn -0.2642 -0.9510 0.1608
vn -0.2842 -0.8552 0.4334
vn -0.7092 -0.0818 0.7002
vn 0.7655 0.3955 0.5076
vn -0.6786 0.4105 0.6091
vn -0.2115 0.7771 0.5928
vn -0.2628 0.7775 0.5713
vn -0.2723 0.9064 0.3228
vn 0.7951 0.2161 0.5667
vn -0.0218 0.9899 0.1400
vn -0.1805 0.9821 -0.0531
vn 0.8845 0.1120 0.4529
vn -0.2594 0.9341 0.2452
vn 0.3790 0.8515 0.3624
vn -0.3840 0.8458 0.3703
vn 0.3932 0.7923 0.4666
vn 0.3618 0.8953 0.2600
vn 0.2697 0.9016 0.3383
vn 0.3282 0.6905 0.6446
vn -0.0920 0.9359 0.3401
vn -0.2703 0.8260 0.4946
vn -0.0169 0.8791 0.4763
vn 0.9010 -0.1005 0.4220
vn 0.0313 0.9628 0.2684
vn -0.6424 0.7565 -0.1225
vn -0.0569 0.9982 0.0209
vn -0.2476 0.9642 0.0949
vn 0.8748 -0.2064 0.4382
vn 0.8840 -0.2301 0.4069
vn -0.3672 0.9289 0.0476
vn -0.3941 0.8968 0.2013
vn 0.8680 -0.2924 0.4013
vn 0.8466 -0.3011 0.4389
vn -0.1008 0.9753 0.1966
vn -0.8437 0.4129 0.3432
vn 0.0175 0.9286 0.3706
vn -0.4758 0.8299 0.2914
vn 0.9694 0.1270 0.2102
vn 0.5780 0.3361 0.7436
vn 0.3925 0.5599 0.7297
vn 0.8194 -0.3758 0.4327
vn 0.8440 -0.4714 0.2557
vn -0.1734 0.9557 0.2379
vn 0.9902 -0.1130 0.0818
vn -0.1544 0.9836 0.0928
vn -0.7285 0.6556 0.1985
vn -0.0844 0.9901 0.1126
vn -0.7672 0.4927 0.4107
vn -0.6821 0.6908 0.2399
vn 0.8343 -0.3585 0.4188
vn 0.8510 0.1300 0.5089
vn 0.7374 0.1736 0.6528
vn 0.7202 0.0754 0.6896
vn -0.3136 0.7755 0.5480
vn -0.2841 0.7913 0.5414
vn -0.7893 0.4620 0.4043
vn 0.7068 -0.3688 0.6037
vn -0.2208 0.8132 0.5384
vn 0.4752 0.6672 0.5737
vn 0.8485 0.3090 0.4297
vn -0.7209 0.6261 0.2971
vn -0.5574 0.7403 0.3759
vn 0.0784 0.8292 0.5534
vn 0.8199 -0.0948 0.5646
vn -0.4238 0.7847 0.4524
vn 0.6643 -0.0190 0.7473
vn -0.3564 0.7601 0.5433
vn -0.5852 0.6586 0.4730
vn 0.7078 -0.1279 0.6947
vn 0.1798 0.7473 0.6397
vn -0.4086 0.7481 0.5228
vn -0.3189 0.7744 0.5465
vn 0.6943 0.3022 0.6532
vn 0.2348 0.7922 0.5633
vn 0.8429 -0.1541 0.5155
vn -0.3861 -0.7472 0.5409
vn -0.4576 -0.8253 0.3309
vn -0.5649 -0.5778 0.5891
vn 0.2099 -0.9155 0.3432
vn 0.6257 -0.7536 0.2014
vn 0.8267 0.3623 0.4305
vn -0.4114 -0.8928 0.1837
vn 0.6995 0.0347 0.7138
vn 0.7142 -0.1122 0.6909
vn 0.0589 -0.9633 0.2619
vn 0.4349 -0.2478 0.8657
vn -0.6059 -0.5636 0.5615
vn 0.8391 0.2028 0.5047
vn -0.8502 -0.3282 0.4117
vn -0.3622 -0.8521 0.3779
vn -0.1343 -0.9131 0.3849
vn 0.4795 -0.8274 0.2925
vn 0.4816 -0.7790 0.4014
vn -0.5508 -0.7881 0.2747
vn 0.5775 -0.7735 0.2612
vn -0.2069 -0.8902 0.4059
vn -0.2520 -0.8680 0.4279
vn -0.2645 -0.8044 0.5320
vn 0.7414 -0.3967 0.5412
vn 0.8020 0.0725 0.5928
vn -0.2774 -0.8780 0.3902
vn -0.2248 -0.6975 0.6804
vn -0.2841 -0.6964 0.6590
vn -0.4071 -0.4546 0.7922
vn 0.7374 0.3904 0.5512
vn -0.3209 0.5871 0.7432
vn -0.2740 0.7535 0.5976
vn 0.0886 0.9493 0.3016
vn -0.1207 0.9128 0.3903
vn -0.3323 0.9046 0.2670
vn 0.5325 0.7287 0.4307
vn -0.1192 0.7781 0.6167
vn -0.5672 0.7625 0.3113
vn 0.8417 -0.1018 0.5303
vn 0.0033 0.9388 0.3443
vn -0.4547 0.8191 0.3498
vn -0.7710 0.4716 0.4279
vn -0.2944 0.9187 0.2632
vn 0.9039 0.1492 0.4010
vn -0.3612 0.8750 0.3223
vn -0.8955 0.3115 0.3179
vn -0.8266 0.3875 0.4082
vn 0.9008 0.1663 0.4012
vn -0.3451 0.8187 0.4590
vn -0.7681 0.5414 0.3419
vn 0.1557 0.8411 0.5180
vn 0.4883 0.3390 0.8041
vn 0.3892 0.3850 0.8368
vn 0.0419 0.9937 0.1044
vn 0.0857 0.9573 0.2763
vn 0.0613 0.9548 0.2908
vn 0.0225 0.9927 0.1187
vn -0.0030 0.9779 0.2089
vn 0.7570 -0.2589 0.5999
vn -0.2386 0.8439 0.4806
vn -0.5166 0.6668 0.5371
vn 0.6503 -0.2131 0.7292
vn 0.8996 0.2317 0.3702
vn 0.6826 -0.4305 0.5906
vn -0.5452 0.7141 0.4392
vn -0.9839 -0.1787 0.0034
vn 0.7261 0.1039 0.6796
vn 0.3299 0.2007 0.9224
vn 0.6402 -0.2555 0.7244
vn 0.6940 -0.3465 0.6311
vn -0.0917 0.5516 0.8291
vn 0.1051 0.4390 0.8923
vn -0.8065 0.4855 0.3373
vn -0.6821 0.4682 0.5616
vn -0.6472 0.7347 0.2033
vn 0.3931 0.1494 0.9073
vn -0.5682 0.5265 0.6324
vn -0.1780 0.6464 0.7420
vn -0.6558 0.7501 -0.0855
vn 0.2681 0.2881 0.9193
vn -0.2783 0.9515 0.1312
vn -0.2062 0.5698 0.7955
vn 0.4548 0.0768 0.8873
vn -0.0385 0.5491 0.8348
vn 0.0227 -0.5956 0.8030
vn 0.4440 -0.4100 0.7967
vn 0.3644 -0.3131 0.8771
vn 0.6737 0.2318 0.7017
vn 0.6499 0.1820 0.7379
vn 0.5484 -0.7779 0.3068
vn -0.4177 -0.8346 0.3592
vn 0.3260 -0.1168 0.9381
vn 0.5712 -0.7842 0.2424
vn 0.8312 -0.1411 0.5378
vn 0.6174 0.1531 0.7716
vn 0.9405 -0.2007 0.2744
vn 0.8181 0.2134 0.5341
vn -0.6658 -0.7081 0.2352
vn 0.5530 0.1943 0.8102
vn 0.4581 -0.1343 0.8787
vn 0.2556 -0.4887 0.8342
vn -0.5162 -0.6076 0.6037
vn -0.8059 -0.3979 0.4384
vn -0.9455 -0.0732 0.3174
vn 0.0670 -0.9612 0.2675
vn 0.0854 -0.6699 0.7375
vn 0.0225 -0.7903 0.6123
vn 0.8725 -0.1656 0.4598
vn 0.8762 0.1634 0.4534
vn 0.7652 -0.3379 0.5480
vn -0.3511 -0.7749 0.5256
vn -0.0713 -0.7725 0.6310
vn 0.2412 -0.7674 0.5941
vn 0.8769 0.0899 0.4722
vn -0.3135 -0.8350 0.4522
vn -0.3580 -0.7839 0.5073
vn -0.3764 -0.7727 0.5111
vn 0.8071 -0.3118 0.5014
vn -0.3078 -0.0516 0.9500
vn -0.2512 0.9060 0.3408
vn 0.0631 0.7197 0.6914
vn 0.2848 0.7991 0.5295
vn 0.8669 -0.0269 0.4978
vn 0.1098 0.8143 0.5700
vn -0.5171 0.7996 0.3055
vn -0.4760 0.8531 0.2136
vn -0.4362 0.7000 0.5655
vn -0.2537 0.9170 0.3077
vn 0.8653 0.1681 0.4722
vn -0.7741 0.4194 0.4742
vn -0.2542 0.9217 0.2931
vn -0.9382 0.2569 0.2320
vn 0.6279 0.1633 0.7609
vn 0.3769 0.5822 0.7204
vn 0.7770 -0.3158 0.5445
vn 0.6887 0.3838 0.6151
vn 0.6974 0.4424 0.5638
vn 0.5966 -0.1431 0.7896
vn 0.7566 0.1264 0.6415
vn -0.6142 0.6602 0.4322
vn -0.5659 0.4726 0.6756
vn 0.3471 0.0747 0.9348
vn -0.1511 0.5239 0.8383
vn -0.6185 0.5021 0.6045
vn -0.9392 -0.3333 -0.0827
vn -0.9799 -0.1878 0.0678
vn 0.8948 0.3236 0.3076
vn 0.9117 0.2986 0.2823
vn 0.4826 0.1650 0.8602
vn 0.3610 0.0141 0.9325
vn 0.9194 0.2863 0.2696
vn -0.3594 0.5123 0.7800
vn 0.3318 0.0856 0.9395
vn 0.5581 0.8272 0.0655
vn 0.1278 0.2556 0.9583
vn 0.2305 0.2964 0.9268
vn 0.1391 -0.4952 0.8576
vn 0.2845 -0.2978 0.9113
vn -0.2973 -0.6926 0.6572
vn -0.8060 -0.4817 0.3440
vn 0.6699 -0.6072 0.4273
vn 0.9156 -0.2800 0.2886
vn -0.9456 -0.2011 0.2556
vn 0.6646 0.2870 0.6899
vn -0.2110 -0.9646 0.1582
vn -0.3530 -0.7737 0.5261
vn -0.9345 0.3236 0.1486
vn 0.7489 0.2688 0.6057
vn 0.9141 -0.2399 0.3269
vn -0.5806 -0.7239 0.3726
vn -0.8139 -0.3823 0.4375
vn -0.8130 -0.3349 0.4763
vn -0.0134 -0.9452 0.3262
vn 0.8785 -0.1788 0.4431
vn 0.3058 -0.3914 0.8679
vn -0.2972 -0.7023 0.6468
vn -0.6942 -0.4917 0.5257
vn -0.0995 -0.7990 0.5930
vn 0.8754 -0.1539 0.4582
vn -0.3057 -0.8995 0.3123
vn 0.8864 0.1848 0.4244
vn -0.7238 -0.4350 0.5356
vn -0.5039 -0.7784 0.3744
vn 0.2526 -0.8197 0.5141
vn 0.2124 -0.6446 0.7344
vn -0.0372 -0.8624 0.5049
vn -0.2797 -0.7906 0.5446
vn 0.4684 -0.7031 0.5351
vn -0.2825 -0.5885 0.7575
vn 0.2411 -0.7443 0.6228
vn 0.8303 -0.1670 0.5317
vn 0.8232 -0.0864 0.5612
vn -0.2384 -0.5474 0.8022
vn -0.2692 -0.2477 0.9307
vn -0.3143 0.3454 0.8843
vn -0.3219 0.7628 0.5607
vn -0.0965 0.8084 0.5807
vn -0.0137 0.8704 0.4921
vn 0.4975 0.5737 0.6507
vn 0.6549 0.4875 0.5774
vn -0.0117 0.7807 0.6248
vn -0.2757 0.9344 0.2257
vn -0.1442 0.9767 0.1591
vn -0.5885 0.7013 0.4022
vn -0.5975 0.5094 0.6193
vn 0.7920 -0.2369 0.5627
vn -0.2588 0.8589 0.4420
vn -0.7833 0.4979 0.3721
vn 0.0826 0.9589 0.2716
vn -0.6607 0.5979 0.4539
vn -0.5498 0.7709 0.3215
vn -0.5896 0.6553 0.4722
vn 0.1898 0.8761 0.4432
vn -0.0800 0.8966 0.4355
vn -0.3947 0.6201 0.6780
vn -0.3509 0.6025 0.7168
vn 0.1916 0.2061 0.9596
vn -0.3938 0.4543 0.7990
vn 0.9254 0.1555 0.3455
vn -0.0375 0.4973 0.8668
vn -0.1856 0.6530 0.7343
vn -0.0303 0.5550 0.8313
vn 0.9617 0.2445 0.1235
vn -0.2013 0.4403 0.8750
vn 0.6415 0.6677 0.3778
vn 0.0689 0.2883 0.9551
vn -0.0075 -0.5225 0.8526
vn 0.4816 -0.0680 0.8738
vn 0.5593 0.4093 0.7208
vn 0.5065 -0.7354 0.4501
vn 0.6391 0.3358 0.6919
vn 0.8923 -0.1925 0.4084
vn -0.3313 -0.8993 0.2855
vn 0.5837 0.0993 0.8058
vn 0.5289 0.3505 0.7729
vn -0.5670 -0.7041 0.4274
vn 0.1746 -0.6158 0.7683
vn -0.8078 -0.3174 0.4968
vn 0.0656 -0.9582 0.2784
vn 0.1210 -0.7848 0.6078
vn 0.0104 -0.9581 0.2861
vn -0.2958 -0.8557 0.4245
vn 0.0506 -0.8182 0.5727
vn 0.0596 -0.6742 0.7361
vn 0.5426 -0.4568 0.7050
vn 0.1477 -0.8039 0.5762
vn -0.2755 -0.7884 0.5501
vn -0.0136 -0.8008 0.5988
vn -0.2406 -0.5463 0.8023
vn -0.0601 0.7670 0.6389
vn 0.3278 0.7882 0.5208
vn -0.2720 0.8293 0.4882
vn 0.4047 0.7080 0.5788
vn -0.2608 0.8542 0.4497
vn -0.5820 0.7194 0.3791
vn 0.8624 0.1760 0.4746
vn -0.2286 0.8943 0.3846
vn -0.3649 0.8591 0.3590
vn -0.9593 0.1624 0.2311
vn 0.4931 0.3000 0.8166
vn 0.7456 0.1964 0.6368
vn 0.4717 0.7038 0.5313
vn 0.6546 -0.1620 0.7384
vn 0.4770 -0.0200 0.8787
vn 0.9080 0.0898 0.4092
vn 0.4209 0.6429 0.6399
vn -0.1697 0.9296 0.3270
vn 0.0329 0.9484 0.3155
vn -0.0496 0.9061 0.4201
vn 0.6653 0.2865 0.6894
vn -0.0931 0.4324 0.8969
vn -0.3872 0.5681 0.7262
vn -0.9812 0.0916 0.1698
vn 0.3985 0.1812 0.8991
vn 0.4839 0.0630 0.8728
vn 0.0333 0.9132 0.4061
vn -0.3522 -0.6750 0.6483
vn 0.6598 0.3534 0.6632
vn 0.6099 0.1845 0.7707
vn 0.4819 0.3714 0.7936
vn -0.3650 -0.5729 0.7339
vn 0.4141 0.1816 0.8919
vn 0.3313 -0.0603 0.9416
vn 0.0385 -0.9252 0.3776
vn -0.6031 -0.7502 0.2710
vn 0.3287 -0.4930 0.8056
vn -0.2022 -0.9187 0.3393
vn -0.2162 -0.8171 0.5344
vn -0.4542 -0.6636 0.5945
vn -0.4520 -0.8521 0.2637
vn 0.7649 0.1625 0.6233
vn 0.8630 -0.1766 0.4734
vn 0.4026 -0.5656 0.7197
vn -0.0739 -0.7679 0.6363
vn -0.2883 0.6406 0.7117
vn 0.2971 0.7059 0.6430
vn 0.1495 0.7867 0.5989
vn 0.4441 0.6881 0.5738
vn -0.4326 0.7845 0.4443
vn 0.0527 0.7853 0.6169
vn -0.3154 0.9075 0.2774
vn 0.8649 0.1654 0.4739
vn 0.8816 0.1502 0.4474
vn 0.6367 -0.1616 0.7540
vn -0.3118 0.8682 0.3860
vn -0.7638 0.3413 0.5478
vn 0.2901 0.8243 0.4861
vn 0.0466 0.9129 0.4055
vn -0.0441 0.5431 0.8385
vn 0.7219 0.2634 0.6399
vn -0.9799 0.0089 0.1992
vn 0.7749 -0.0576 0.6294
vn -0.9929 -0.0258 0.1162
vn -0.6048 0.4676 0.6447
vn -0.5633 0.5431 0.6226
vn 0.5069 0.2796 0.8154
vn -0.1054 0.5123 0.8523
vn 0.2783 0.2680 0.9223
vn 0.1234 0.2084 0.9702
vn -0.2026 0.8109 0.5490
vn 0.0458 -0.3888 0.9202
vn 0.0786 -0.8805 0.4676
vn 0.6672 -0.5892 0.4557
vn 0.4493 0.0925 0.8886
vn 0.4278 0.0719 0.9010
vn -0.8440 -0.4338 0.3155
vn 0.2785 -0.6818 0.6765
vn -0.6946 -0.4254 0.5802
vn -0.7655 -0.4108 0.4953
vn 0.2630 0.3395 0.9031
vn -0.9628 0.2105 0.1693
vn 0.7904 0.0777 0.6076
vn -0.4266 -0.4441 0.7879
vn 0.0515 -0.9265 0.3729
vn 0.2078 -0.4102 0.8880
vn -0.8074 -0.4005 0.4333
vn -0.7906 -0.2700 0.5496
vn 0.8780 -0.0383 0.4772
vn -0.5389 -0.7011 0.4669
vn -0.3531 -0.8303 0.4311
vn 0.8457 0.1029 0.5237
vn 0.7416 -0.3385 0.5792
vn 0.1310 -0.7602 0.6363
vn 0.0695 -0.7113 0.6995
vn -0.4078 -0.6877 0.6007
vn 0.7187 -0.0773 0.6910
vn -0.2380 -0.6946 0.6789
vn -0.2860 0.3975 0.8719
vn 0.4189 0.6666 0.6166
vn 0.0338 0.7956 0.6048
vn -0.3211 0.7439 0.5861
vn 0.7528 0.3213 0.5746
vn 0.7823 0.3076 0.5416
vn -0.6218 0.7010 0.3492
vn -0.0779 0.7289 0.6801
vn -0.5526 0.7912 0.2621
vn -0.5717 0.7384 0.3577
vn 0.7524 -0.1681 0.6370
vn -0.2785 0.8812 0.3819
vn -0.8283 0.4278 0.3619
vn -0.8850 0.2800 0.3720
vn 0.4603 0.4494 0.7656
vn 0.6192 0.0507 0.7836
vn -0.7893 0.4568 0.4104
vn 0.6969 0.3737 0.6121
vn 0.4017 0.7469 0.5299
vn -0.9858 -0.1522 0.0711
vn -0.3650 0.7933 0.4873
vn -0.5081 0.7040 0.4962
vn -0.9814 -0.1913 0.0142
vn 0.2637 0.2555 0.9302
vn 0.5392 -0.0899 0.8373
vn 0.2734 0.1638 0.9479
vn 0.4529 0.0091 0.8915
vn 0.6463 0.5871 0.4874
vn -0.0196 -0.4171 0.9086
vn -0.1226 -0.4984 0.8582
vn 0.3851 0.1488 0.9108
vn 0.3369 0.0799 0.9381
vn -0.7050 -0.4589 0.5408
vn -0.1903 -0.6103 0.7690
vn 0.3654 -0.0729 0.9280
vn 0.8692 -0.1379 0.4749
vn -0.9779 0.1208 0.1706
vn -0.1637 -0.9430 0.2897
vn 0.2764 -0.3794 0.8830
vn 0.2739 -0.6313 0.7255
vn 0.1265 -0.7861 0.6051
vn 0.0458 -0.9589 0.2800
vn -0.1744 -0.9305 0.3221
vn 0.7726 0.1077 0.6257
vn -0.3829 -0.8515 0.3583
vn 0.8596 -0.1700 0.4818
vn -0.6043 -0.4550 0.6541
vn -0.5431 -0.7935 0.2745
vn -0.2778 -0.7442 0.6075
vn -0.7062 -0.5749 0.4132
vn -0.0071 -0.6082 0.7937
vn 0.1324 -0.7143 0.6872
vn -0.2929 -0.6929 0.6588
vn -0.2582 -0.6739 0.6922
vn -0.2691 0.1428 0.9525
vn -0.2647 0.5908 0.7622
vn -0.0796 0.7899 0.6080
vn -0.4540 0.6741 0.5826
vn -0.3002 0.9256 0.2307
vn -0.7908 0.3781 0.4813
vn -0.5744 0.6834 0.4506
vn 0.0385 0.9393 0.3408
vn 0.4007 0.5479 0.7344
vn 0.3362 0.3667 0.8675
vn -0.9701 -0.1032 0.2195
vn 0.4854 0.5733 0.6601
vn 0.0771 0.9100 0.4073
vn -0.2704 0.5063 0.8189
vn 0.0782 0.4802 0.8737
vn -0.5469 0.4416 0.7112
vn -0.0182 0.9179 0.3964
vn 0.2954 0.1692 0.9403
vn 0.5592 -0.0692 0.8262
vn -0.4046 0.4524 0.7948
vn 0.1194 0.2079 0.9708
vn 0.2537 0.1861 0.9492
vn -0.1097 0.3359 0.9355
vn -0.3537 0.7325 0.5817
vn 0.1057 -0.7902 0.6037
vn -0.5657 -0.7279 0.3876
vn -0.1519 -0.9354 0.3194
vn 0.0412 -0.0545 0.9977
vn 0.0394 0.0243 0.9989
vn -0.2416 -0.5181 0.8205
vn 0.0063 -0.1436 0.9896
vn 0.5283 0.0124 0.8490
vn -0.4814 -0.6271 0.6123
vn 0.0445 -0.0886 0.9951
vn -0.3956 -0.5362 0.7456
vn -0.0136 -0.0919 0.9957
vn 0.2070 -0.1382 0.9685
vn 0.1247 -0.9351 0.3318
vn -0.5689 -0.2676 0.7776
vn 0.0280 -0.9009 0.4330
vn -0.1893 -0.8695 0.4563
vn 0.0385 -0.9588 0.2815
vn -0.4709 -0.7795 0.4131
vn 0.8476 -0.1605 0.5058
vn -0.2725 -0.9042 0.3289
vn -0.6862 -0.6498 0.3268
vn 0.0726 -0.7078 0.7027
vn -0.2140 -0.7200 0.6602
vn 0.7293 -0.3161 0.6068
vn 0.4692 -0.5020 0.7265
vn -0.2630 -0.4077 0.8744
vn 0.0547 0.7636 0.6434
vn 0.5762 0.5369 0.6163
vn 0.1591 0.7631 0.6264
vn 0.7708 0.0342 0.6361
vn 0.7525 -0.1640 0.6378
vn -0.2628 0.8924 0.3669
vn -0.5053 0.7894 0.3485
vn -0.6752 0.3213 0.6640
vn -0.7128 0.3544 0.6052
vn -0.2732 0.9079 0.3180
vn -0.2755 0.6793 0.6802
vn 0.1242 0.7756 0.6189
vn 0.1187 0.3406 0.9327
vn 0.6996 -0.2367 0.6742
vn 0.0377 0.9385 0.3432
vn 0.7731 0.6064 0.1862
vn 0.2859 0.7851 0.5495
vn 0.3547 0.3314 0.8743
vn -0.0345 -0.7976 0.6021
vn -0.3804 -0.1939 0.9043
vn -0.5391 -0.2858 0.7923
vn -0.3618 -0.2121 0.9078
vn -0.9470 0.2683 0.1769
vn -0.5463 -0.2985 0.7826
vn -0.2287 -0.3012 0.9257
vn -0.6366 -0.3296 0.6972
vn -0.1039 -0.5608 0.8214
vn -0.1553 -0.2644 0.9518
vn -0.1819 -0.4089 0.8943
vn 0.0340 -0.9213 0.3873
vn 0.0379 -0.9404 0.3380
vn -0.6369 -0.6713 0.3791
vn 0.1964 -0.2076 0.9583
vn 0.1603 -0.4664 0.8699
vn 0.0835 -0.7326 0.6755
vn -0.5281 -0.2172 0.8209
vn -0.7900 -0.3179 0.5242
vn -0.5547 -0.4288 0.7131
vn -0.4243 -0.6574 0.6227
vn 0.8422 -0.1680 0.5123
vn 0.8178 0.1008 0.5666
vn 0.8175 0.1147 0.5644
vn -0.3569 -0.6508 0.6702
vn 0.0353 -0.5695 0.8213
vn 0.2297 -0.5108 0.8285
vn 0.7663 0.1844 0.6154
vn -0.0310 0.7066 0.7069
vn 0.0473 0.7104 0.7022
vn 0.0738 0.6710 0.7378
vn -0.6803 0.4893 0.5457
vn -0.7909 0.1309 0.5977
vn -0.2814 0.7591 0.5870
vn -0.5267 0.7735 0.3525
vn -0.2445 0.8646 0.4391
vn -0.2281 0.8040 0.5492
vn -0.4164 0.2186 0.8825
vn 0.7144 -0.1850 0.6748
vn -0.6532 0.6126 0.4450
vn -0.8925 0.1987 0.4050
vn 0.0406 0.7971 0.6025
vn 0.0671 0.5627 0.8239
vn -0.4713 0.2804 0.8362
vn 0.0741 0.9422 0.3268
vn -0.3110 0.2413 0.9193
vn 0.8481 0.1420 0.5105
vn 0.2425 -0.0544 0.9686
vn -0.3543 0.7604 0.5443
vn -0.5490 0.5512 0.6283
vn -0.5180 0.4245 0.7426
vn -0.2654 0.3564 0.8959
vn -0.3061 0.3973 0.8652
vn 0.0850 0.1336 0.9874
vn 0.0074 0.3473 0.9377
vn 0.9005 0.3080 0.3071
vn 0.2716 0.7330 0.6236
vn 0.1987 -0.0088 0.9800
vn -0.2927 -0.4023 0.8674
vn 0.0135 -0.2302 0.9731
vn -0.0156 0.0632 0.9979
vn 0.1677 0.0605 0.9840
vn -0.1995 -0.0308 0.9794
vn 0.0144 -0.0395 0.9991
vn 0.9198 -0.1173 0.3744
vn -0.2354 -0.1441 0.9612
vn -0.2087 -0.1558 0.9655
vn -0.3094 -0.1990 0.9299
vn -0.3620 -0.4754 0.8019
vn 0.0450 -0.9495 0.3105
vn 0.1525 -0.3984 0.9045
vn 0.0924 -0.5293 0.8434
vn -0.3495 -0.6731 0.6517
vn -0.4991 -0.7406 0.4500
vn -0.8587 -0.3838 0.3395
vn 0.6121 0.0910 0.7855
vn -0.4848 -0.1844 0.8550
vn -0.3108 -0.8819 0.3545
vn -0.6344 -0.1947 0.7481
vn 0.7274 0.1003 0.6788
vn -0.0544 -0.8562 0.5138
vn -0.2257 -0.6418 0.7329
vn -0.0954 -0.6726 0.7338
vn -0.1245 -0.5977 0.7920
vn -0.2871 -0.6568 0.6973
vn 0.5589 0.5518 0.6190
vn 0.1529 0.7689 0.6208
vn -0.0507 0.7592 0.6489
vn -0.2994 0.6628 0.6863
vn 0.1490 0.7245 0.6730
vn -0.5189 0.4163 0.7467
vn 0.0162 0.6812 0.7319
vn 0.2231 0.6600 0.7173
vn -0.2894 0.6723 0.6813
vn -0.0682 0.9157 0.3961
vn -0.2936 0.6881 0.6636
vn -0.1751 0.5291 0.8303
vn 0.0250 0.1181 0.9927
vn -0.3267 0.1703 0.9296
vn -0.0233 0.1523 0.9881
vn 0.1980 -0.0390 0.9794
vn 0.3454 -0.0376 0.9377
vn -0.3518 0.8495 0.3933
vn -0.2338 0.8551 0.4627
vn -0.8580 0.2251 0.4617
vn 0.8357 -0.1954 0.5133
vn 0.0565 0.8545 0.5163
vn -0.1900 0.8702 0.4545
vn -0.0156 0.5613 0.8275
vn 0.0538 0.8439 0.5338
vn 0.7651 -0.2415 0.5969
vn -0.9130 0.2174 0.3451
vn 0.0581 0.9381 0.3414
vn 0.2084 0.5446 0.8124
vn 0.0802 0.4548 0.8870
vn 0.1478 0.8975 0.4154
vn -0.2498 0.7057 0.6630
vn -0.2214 0.5196 0.8252
vn -0.9697 0.1042 0.2209
vn -0.5732 0.6757 0.4635
vn 0.7908 0.4374 0.4281
vn 0.0054 -0.8633 0.5047
vn -0.5621 -0.6919 0.4532
vn -0.5394 -0.7013 0.4661
vn -0.9492 -0.0293 0.3133
vn 0.3436 0.0039 0.9391
vn -0.0168 -0.1073 0.9941
vn -0.9726 -0.0279 0.2306
vn 0.4036 0.0202 0.9147
vn -0.0708 -0.0170 0.9973
vn 0.0445 -0.7406 0.6705
vn -0.0155 -0.9393 0.3427
vn -0.2752 -0.8426 0.4629
vn -0.4119 -0.7840 0.4644
vn -0.1729 -0.3481 0.9214
vn -0.3618 -0.3969 0.8435
vn 0.6608 0.0715 0.7471
vn 0.8647 -0.1987 0.4613
vn -0.7708 -0.5345 0.3467
vn -0.2738 -0.6640 0.6958
vn 0.1179 -0.5322 0.8383
vn 0.3202 -0.4647 0.8255
vn 0.5846 -0.2723 0.7642
vn 0.0251 -0.6267 0.7789
vn -0.4720 -0.6290 0.6177
vn 0.0567 -0.4979 0.8654
vn -0.1939 -0.6863 0.7010
vn -0.2699 -0.3630 0.8918
vn -0.3371 0.4298 0.8376
vn -0.4016 0.4894 0.7741
vn 0.4798 0.6073 0.6332
vn 0.0790 0.6742 0.7343
vn -0.7643 0.3335 0.5519
vn -0.7110 0.5675 0.4152
vn -0.3648 0.6129 0.7009
vn 0.5929 0.2533 0.7644
vn 0.8502 0.1589 0.5019
vn 0.3896 -0.0562 0.9193
vn 0.1544 -0.0206 0.9878
vn 0.2673 0.7559 0.5976
vn 0.2853 0.7010 0.6536
vn 0.0598 0.3122 0.9481
vn 0.1666 0.4021 0.9003
vn 0.3024 -0.0364 0.9525
vn 0.5418 0.6563 0.5252
vn 0.3612 0.6843 0.6335
vn 0.2292 0.5794 0.7821
vn 0.2954 0.8523 0.4316
vn 0.0695 0.3103 0.9481
vn 0.2163 0.3456 0.9131
vn 0.0543 0.8759 0.4795
vn -0.0180 0.9750 0.2215
vn 0.8874 0.2260 0.4017
vn 0.1540 0.6317 0.7598
vn 0.0829 0.8774 0.4726
vn 0.0500 0.7402 0.6705
vn 0.0135 0.5273 0.8496
vn 0.0875 0.6813 0.7268
vn -0.0411 0.8099 0.5851
vn 0.5615 0.6573 0.5026
vn -0.9591 0.2500 0.1326
vn 0.2824 -0.0056 0.9593
vn 0.8720 0.0020 0.4895
vn 0.4010 0.0231 0.9158
vn 0.1806 -0.0137 0.9835
vn -0.0917 -0.7919 0.6037
vn -0.0255 -0.9112 0.4113
vn -0.6361 -0.6934 0.3385
vn -0.1169 -0.2769 0.9538
vn 0.1192 -0.7156 0.6883
vn 0.0210 -0.5511 0.8342
vn 0.1957 -0.6254 0.7554
vn -0.1330 -0.5076 0.8513
vn 0.0681 -0.4242 0.9030
vn -0.6985 -0.4216 0.5783
vn -0.2833 -0.0840 0.9553
vn 0.5618 0.0532 0.8255
vn 0.0106 0.2580 0.9661
vn -0.5452 0.2209 0.8087
vn -0.0363 0.4397 0.8974
vn 0.1900 0.6436 0.7414
vn 0.6883 0.3804 0.6177
vn 0.0843 0.5534 0.8286
vn 0.2613 0.5386 0.8010
vn -0.7360 0.1603 0.6577
vn 0.7152 0.4857 0.5026
vn -0.1526 0.6622 0.7336
vn 0.2891 0.4891 0.8229
vn 0.1231 0.1689 0.9779
vn 0.5016 0.6404 0.5816
vn 0.4463 0.8273 0.3412
vn 0.4208 0.8626 0.2809
vn 0.2507 0.8729 0.4185
vn 0.8471 0.1111 0.5196
vn -0.4769 0.7347 0.4826
vn -0.7264 0.4165 0.5467
vn -0.2913 0.8727 0.3918
vn 0.0706 0.9403 0.3329
vn 0.1224 0.8075 0.5771
vn -0.2036 0.9170 0.3431
vn 0.1424 0.8520 0.5038
vn 0.0245 0.5589 0.8289
vn -0.9757 -0.1498 0.1599
vn 0.9135 -0.0302 0.4057
vn -0.7967 -0.5006 0.3387
vn 0.8751 -0.3713 0.3103
vn 0.0275 -0.9230 0.3837
vn -0.8251 -0.4057 0.3931
vn 0.3958 0.0279 0.9179
vn 0.0040 -0.0387 0.9992
vn 0.2815 -0.8781 0.3868
vn 0.1393 -0.9370 0.3203
vn 0.3058 -0.6734 0.6731
vn 0.1804 -0.3812 0.9067
vn 0.3844 -0.6852 0.6187
vn 0.3997 0.0158 0.9165
vn 0.2811 -0.2088 0.9367
vn 0.0701 -0.5970 0.7992
vn -0.8414 -0.3059 0.4454
vn 0.1084 -0.4045 0.9081
vn -0.4723 -0.2987 0.8293
vn 0.7645 -0.1567 0.6253
vn -0.1402 -0.4890 0.8610
vn -0.3779 0.0373 0.9251
vn 0.1336 -0.0844 0.9874
vn -0.6180 0.2513 0.7449
vn -0.7758 0.1876 0.6025
vn 0.0055 0.4373 0.8993
vn -0.2639 0.5123 0.8172
vn 0.1747 0.3638 0.9150
vn 0.3465 0.3107 0.8851
vn 0.2180 0.5842 0.7818
vn 0.3319 0.6095 0.7200
vn 0.0771 0.6405 0.7641
vn 0.7876 0.3936 0.4741
vn -0.2831 0.3159 0.9056
vn -0.6754 0.5236 0.5193
vn 0.6289 0.6715 0.3919
vn 0.3749 0.8618 0.3416
vn -0.2334 0.7284 0.6442
vn -0.0135 0.9322 0.3618
vn 0.8561 0.1772 0.4854
vn 0.1286 0.9234 0.3616
vn -0.9262 0.1338 0.3526
vn -0.2501 0.8130 0.5259
vn 0.1844 -0.7649 0.6171
vn -0.9518 -0.1471 0.2691
vn -0.9440 0.2778 0.1782
vn 0.0158 -0.8737 0.4862
vn -0.5863 -0.6902 0.4241
vn -0.9445 -0.2070 0.2551
vn -0.2468 -0.8905 0.3821
vn 0.0474 -0.9459 0.3210
vn 0.4295 -0.7759 0.4621
vn 0.4410 -0.8555 0.2715
vn 0.5870 -0.7153 0.3793
vn 0.5747 -0.5172 0.6342
vn 0.6508 -0.6076 0.4553
vn 0.1740 -0.2751 0.9455
vn 0.3824 -0.4475 0.8084
vn -0.6503 -0.3963 0.6481
vn -0.6248 -0.5073 0.5935
vn 0.5022 -0.2993 0.8113
vn 0.3478 -0.3970 0.8494
vn -0.2553 -0.4157 0.8729
vn -0.3148 -0.1903 0.9299
vn 0.0023 -0.3401 0.9404
vn 0.6770 -0.1195 0.7262
vn -0.0500 -0.2360 0.9705
vn 0.0471 -0.1158 0.9922
vn -0.8057 -0.2127 0.5528
vn 0.5058 -0.1640 0.8469
vn 0.1288 -0.1894 0.9734
vn -0.1225 -0.0500 0.9912
vn 0.1778 -0.2003 0.9635
vn -0.8345 0.0763 0.5457
vn -0.0766 -0.1938 0.9780
vn 0.0207 0.3052 0.9521
vn 0.3015 -0.0366 0.9528
vn -0.1656 0.0153 0.9861
vn -0.1044 0.2301 0.9675
vn 0.1361 0.2902 0.9473
vn 0.0954 0.0086 0.9954
vn -0.3036 0.3330 0.8927
vn 0.2520 -0.7237 0.6425
vn 0.7882 0.1162 0.6043
vn 0.1917 0.4324 0.8811
vn -0.4092 0.1912 0.8922
vn -0.7107 0.2831 0.6440
vn -0.4957 0.2627 0.8278
vn -0.4630 0.5665 0.6817
vn -0.2805 0.6652 0.6920
vn 0.4883 0.8019 0.3443
vn -0.2676 0.8555 0.4433
vn -0.2009 0.8151 0.5434
vn -0.4141 0.8149 0.4055
vn 0.0647 0.8381 0.5416
vn -0.9638 -0.0860 0.2523
vn 0.0311 0.9569 0.2887
vn 0.0404 0.9597 0.2780
vn 0.9361 0.0910 0.3398
vn -0.5860 0.6569 0.4744
vn 0.8433 0.0596 0.5342
vn 0.0897 -0.9274 0.3630
vn -0.1104 -0.9240 0.3660
vn -0.3287 -0.7103 0.6225
vn -0.6235 -0.7130 0.3208
vn 0.6978 -0.5142 0.4987
vn 0.4031 -0.4309 0.8074
vn 0.1216 -0.4389 0.8903
vn -0.2017 -0.5048 0.8393
vn 0.8939 -0.0028 0.4483
vn -0.1221 -0.1433 0.9821
vn -0.3426 0.1278 0.9307
vn 0.4095 -0.0337 0.9117
vn 0.4234 0.1797 0.8879
vn 0.1161 0.3825 0.9166
vn -0.2595 0.5146 0.8172
vn 0.2754 0.5382 0.7966
vn -0.6289 0.3540 0.6923
vn -0.0741 0.5822 0.8096
vn 0.8156 0.3400 0.4681
vn 0.9336 0.1523 0.3243
vn -0.2733 0.5935 0.7570
vn -0.3610 0.7063 0.6089
vn -0.1460 0.8903 0.4312
vn -0.6481 0.6253 0.4347
vn -0.8711 0.2384 0.4294
vn -0.2560 0.7537 0.6053
vn -0.9402 -0.2174 0.2622
vn 0.3101 -0.7941 0.5227
vn 0.5621 -0.6921 0.4528
vn -0.9861 -0.0261 0.1643
vn 0.0418 -0.9073 0.4184
vn 0.8372 -0.1414 0.5284
vn 0.0102 -0.8994 0.4371
vn -0.4695 -0.7844 0.4054
vn -0.1828 -0.8647 0.4677
vn -0.4686 -0.7491 0.4683
vn -0.5118 -0.6988 0.4997
vn -0.2963 -0.7037 0.6457
vn 0.9294 -0.2320 0.2871
vn 0.7366 -0.4597 0.4961
vn 0.6857 -0.5747 0.4468
vn 0.7316 -0.5188 0.4422
vn -0.2853 -0.4011 0.8705
vn -0.2467 -0.2202 0.9437
vn -0.2607 -0.3528 0.8986
vn 0.2878 0.1682 0.9428
vn -0.6396 -0.0156 0.7686
vn -0.3930 -0.0400 0.9187
vn 0.9128 0.3267 0.2451
vn -0.4444 0.0871 0.8916
vn 0.6027 0.2430 0.7601
vn 0.7953 0.3099 0.5209
vn 0.6645 0.5118 0.5446
vn -0.5598 0.4751 0.6789
vn -0.3384 0.8420 0.4201
vn 0.1402 0.3128 0.9394
vn 0.2347 0.7868 0.5708
vn -0.0186 0.7689 0.6391
vn -0.4222 0.8179 0.3909
vn 0.0666 0.9203 0.3855
vn 0.1159 0.9626 0.2448
vn 0.1848 0.9497 0.2529
vn 0.8802 -0.0439 0.4726
vn -0.1336 0.7788 0.6128
vn -0.0160 -0.8537 0.5205
vn -0.2423 -0.8347 0.4946
vn -0.7235 -0.5700 0.3895
vn 0.9362 -0.1369 0.3237
vn -0.9472 0.0966 0.3056
vn -0.9291 -0.0165 0.3694
vn 0.0341 -0.6756 0.7365
vn -0.8426 -0.4218 0.3350
vn -0.2332 -0.8968 0.3760
vn 0.0608 -0.7681 0.6374
vn -0.2814 -0.7128 0.6424
vn -0.6533 -0.3054 0.6927
vn -0.6434 -0.2323 0.7294
vn 0.4763 -0.2803 0.8334
vn 0.0500 -0.1978 0.9790
vn -0.0405 0.2528 0.9667
vn 0.6308 0.3573 0.6888
vn -0.2947 0.0778 0.9524
vn 0.4690 0.3227 0.8221
vn 0.5332 0.6222 0.5732
vn 0.3791 0.8005 0.4642
vn -0.0972 0.4054 0.9090
vn -0.0027 0.9700 0.2430
vn 0.9094 0.2824 0.3054
vn -0.1539 0.7860 0.5987
vn 0.2749 0.7472 0.6050
vn 0.8155 0.1381 0.5620
vn -0.9233 0.2697 0.2736
vn 0.1031 -0.9192 0.3800
vn -0.1911 -0.9063 0.3769
vn 0.0631 -0.6147 0.7862
vn -0.4302 -0.6891 0.5831
vn 0.8339 -0.2857 0.4722
vn -0.0530 -0.4350 0.8989
vn 0.1605 -0.6445 0.7476
vn -0.3816 -0.5459 0.7459
vn 0.3582 -0.3524 0.8646
vn -0.2579 -0.2281 0.9388
vn -0.4326 -0.4479 0.7824
vn -0.2955 -0.1826 0.9377
vn -0.2526 -0.5326 0.8078
vn -0.2297 -0.3691 0.9006
vn 0.9430 -0.2256 0.2447
vn 0.4316 -0.2434 0.8686
vn -0.3820 -0.1653 0.9092
vn -0.2415 -0.0682 0.9680
vn -0.3825 -0.0380 0.9232
vn -0.1957 -0.0589 0.9789
vn -0.2273 -0.2783 0.9332
vn -0.2246 0.1502 0.9628
vn -0.7258 0.2433 0.6434
vn -0.5069 0.4090 0.7588
vn 0.9817 -0.1040 0.1598
vn -0.4099 0.4193 0.8100
vn -0.2110 0.1260 0.9693
vn -0.0983 0.0923 0.9909
vn -0.1719 0.0151 0.9850
vn 0.3680 0.3166 0.8743
vn -0.1381 0.3556 0.9244
vn 0.3217 0.6203 0.7154
vn 0.0912 0.4981 0.8623
vn -0.1565 0.6465 0.7467
vn -0.1771 0.6861 0.7056
vn -0.1856 0.5492 0.8148
vn 0.8225 0.1566 0.5468
vn -0.2575 0.8024 0.5383
vn 0.0166 0.8449 0.5347
vn 0.0982 0.8421 0.5303
vn 0.0449 0.9638 0.2629
vn 0.8381 0.0329 0.5445
vn 0.6143 0.6005 0.5118
vn -0.6279 -0.6396 0.4435
vn 0.9390 0.0240 0.3430
vn -0.9263 -0.2031 0.3173
vn 0.7232 0.0360 0.6897
vn 0.0452 -0.9184 0.3931
vn 0.0488 -0.7991 0.5992
vn -0.1493 -0.6329 0.7597
vn -0.6769 -0.6782 0.2861
vn -0.8788 -0.2988 0.3720
vn -0.4082 -0.6813 0.6076
vn -0.4218 -0.7028 0.5729
vn -0.1088 -0.2233 0.9687
vn 0.1111 -0.1739 0.9785
vn -0.0437 -0.1512 0.9875
vn -0.2919 -0.3217 0.9007
vn -0.1859 -0.0813 0.9792
vn -0.1834 -0.4493 0.8744
vn 0.3010 -0.5141 0.8032
vn 0.3824 -0.3281 0.8638
vn -0.4117 -0.3143 0.8554
vn 0.1307 -0.1307 0.9828
vn -0.4689 -0.2593 0.8443
vn 0.4809 -0.2580 0.8380
vn 0.2370 -0.0767 0.9685
vn 0.4113 -0.0715 0.9087
vn -0.2012 -0.2203 0.9544
vn 0.5944 0.1256 0.7943
vn -0.6219 0.4189 0.6616
vn 0.3862 0.3034 0.8711
vn -0.5236 0.5366 0.6617
vn -0.3712 0.5644 0.7373
vn -0.1990 0.2884 0.9366
vn -0.1338 0.5758 0.8066
vn 0.2094 0.2955 0.9321
vn 0.1606 0.3043 0.9389
vn -0.1319 0.3110 0.9412
vn -0.0063 0.3111 0.9504
vn 0.0841 0.5722 0.8158
vn -0.1695 0.5122 0.8420
vn -0.4606 0.6946 0.5526
vn -0.6307 0.4841 0.6066
vn -0.9367 0.1854 0.2969
vn -0.8178 0.0159 0.5752
vn -0.2471 0.9134 0.3235
vn 0.8892 0.2023 0.4105
vn 0.6868 -0.5530 0.4718
vn -0.8413 -0.3477 0.4139
vn -0.9616 0.0790 0.2630
vn 0.5808 -0.0599 0.8119
vn -0.0866 -0.9267 0.3658
vn 0.0481 -0.8767 0.4786
vn -0.3848 -0.3513 0.8535
vn 0.1258 -0.6227 0.7723
vn -0.2643 -0.1980 0.9439
vn -0.3894 -0.5408 0.7456
vn 0.0798 -0.5437 0.8354
vn 0.3240 -0.5823 0.7456
vn -0.3831 -0.5293 0.7570
vn 0.4517 -0.4690 0.7589
vn -0.7139 -0.0615 0.6976
vn -0.5891 -0.2434 0.7705
vn 0.6469 -0.1533 0.7470
vn -0.6321 0.1955 0.7498
vn 0.6457 0.3308 0.6883
vn 0.8870 -0.0018 -0.4618
vn 0.9418 0.1189 -0.3144
vn 0.5851 0.4771 0.6558
vn 0.9564 0.2908 -0.0263
vn 0.5413 0.3716 0.7543
vn 0.3194 0.6633 0.6767
vn 0.5058 0.5857 0.6333
vn -0.2138 0.1492 0.9654
vn 0.9113 0.2717 0.3093
vn 0.8937 0.3079 0.3263
vn -0.3017 0.8100 0.5028
vn 0.0728 0.9259 0.3708
vn -0.8010 0.0044 0.5986
vn 0.7247 0.1148 0.6795
vn 0.2018 0.7227 0.6610
vn -0.9800 -0.0679 0.1872
vn 0.0804 -0.8674 0.4910
vn 0.0021 -0.5399 0.8417
vn -0.5254 -0.6044 0.5989
vn 0.5310 -0.1475 0.8344
vn 0.9688 -0.2474 -0.0166
vn -0.1361 -0.5150 0.8463
vn -0.4853 -0.4061 0.7743
vn 0.9315 -0.3017 -0.2033
vn 0.6333 -0.2587 0.7294
vn 0.7483 -0.3196 -0.5813
vn 0.6634 -0.1107 -0.7400
vn 0.8037 0.1374 0.5789
vn 0.5833 0.2683 -0.7666
vn 0.4775 0.1344 -0.8683
vn -0.3592 0.4967 0.7901
vn -0.2277 0.5564 0.7991
vn 0.3052 0.4655 0.8308
vn 0.6635 0.4678 -0.5839
vn 0.0280 0.5720 0.8198
vn 0.8493 0.3575 -0.3884
vn 0.8960 0.4416 -0.0456
vn 0.9618 0.2354 0.1400
vn -0.2610 0.4071 0.8753
vn -0.3820 0.7699 0.5111
vn 0.5653 0.1543 0.8103
vn 0.7743 0.3632 0.5182
vn -0.3114 0.6417 0.7009
vn -0.5984 0.5105 0.6175
vn -0.8902 0.0597 0.4515
vn 0.1047 0.8448 0.5248
vn 0.0911 0.7978 0.5960
vn 0.0843 0.8868 0.4544
vn -0.7624 -0.2704 0.5879
vn 0.8328 -0.0860 0.5468
vn 0.8461 -0.1972 0.4952
vn -0.7528 -0.3824 0.5357
vn -0.0774 -0.8510 0.5194
vn 0.7503 -0.1100 0.6519
vn 0.7156 -0.1844 0.6737
vn -0.2172 -0.8898 0.4013
vn -0.4219 -0.6723 0.6083
vn -0.4035 -0.3300 0.8534
vn 0.9161 -0.2977 0.2685
vn 0.9530 -0.2615 -0.1530
vn -0.2621 -0.3412 0.9027
vn -0.0313 -0.2412 0.9700
vn 0.1698 -0.3554 0.9192
vn 0.8538 -0.3708 -0.3653
vn 0.7173 -0.4216 -0.5548
vn 0.3772 -0.1960 0.9052
vn -0.2628 0.0792 0.9616
vn 0.5621 -0.4234 -0.7105
vn -0.3552 -0.1147 0.9277
vn -0.4943 0.0742 0.8661
vn 0.7459 -0.2744 0.6069
vn 0.5474 0.1372 0.8255
vn 0.6236 -0.1411 -0.7689
vn -0.4705 0.3645 0.8036
vn -0.2634 0.1727 0.9491
vn -0.1607 0.3261 0.9316
vn 0.5306 0.4360 -0.7269
vn 0.7838 0.4916 -0.3795
vn 0.8825 0.4701 -0.0157
vn -0.4031 0.4026 0.8219
vn -0.5268 0.4718 0.7070
vn 0.9184 0.2915 0.2674
vn -0.4287 0.5794 0.6931
vn -0.3679 0.3894 0.8444
vn 0.0653 0.6866 0.7241
vn 0.0767 0.5068 0.8587
vn 0.0239 0.6543 0.7559
vn 0.0570 0.8743 0.4820
vn 0.0583 0.8574 0.5113
vn 0.8271 0.1007 0.5530
vn 0.7245 0.4436 0.5276
vn 0.8120 0.3915 0.4328
vn 0.8393 -0.0570 0.5407
vn -0.7285 0.3704 0.5763
vn -0.4431 -0.0299 0.8960
vn 0.6092 -0.0728 0.7897
vn -0.6863 0.0467 0.7258
vn -0.6218 -0.0985 0.7770
vn 0.0432 -0.7487 0.6615
vn 0.0771 -0.2035 0.9760
vn 0.0700 -0.4132 0.9079
vn -0.4567 -0.1590 0.8753
vn -0.1951 -0.1857 0.9630
vn 0.9364 -0.2870 0.2019
vn 0.9509 -0.3071 -0.0382
vn 0.8371 -0.3520 -0.4186
vn 0.6594 -0.3016 -0.6887
vn 0.6209 -0.3104 -0.7199
vn 0.6551 -0.4044 -0.6382
vn 0.0983 -0.1816 0.9784
vn -0.1496 -0.1525 0.9769
vn -0.0400 0.0469 0.9981
vn 0.6610 -0.3751 -0.6499
vn 0.1022 0.0411 0.9939
vn 0.3412 0.2364 0.9098
vn 0.0474 0.2393 0.9698
vn 0.7490 0.2371 -0.6187
vn -0.1042 0.2048 0.9732
vn 0.6493 0.6151 -0.4473
vn 0.7414 0.5508 -0.3833
vn 0.8471 0.5304 -0.0348
vn -0.3115 0.2320 0.9215
vn -0.1530 0.4261 0.8917
vn -0.6753 0.2235 0.7029
vn -0.9112 0.1172 0.3950
vn 0.1554 0.5096 0.8462
vn 0.1094 0.4785 0.8712
vn 0.0988 -0.0319 0.9946
vn -0.0316 0.7788 0.6265
vn -0.0676 0.7578 0.6490
vn -0.0455 -0.7319 0.6799
vn 0.6881 -0.3172 0.6526
vn 0.6028 0.1984 0.7729
vn -0.7557 0.4246 0.4987
vn 0.0056 0.2196 0.9756
vn 0.0191 0.0136 0.9997
vn -0.0875 -0.0868 0.9924
vn 0.0679 -0.8836 0.4634
vn -0.0842 -0.1386 0.9868
vn -0.3973 -0.0941 0.9128
vn -0.3565 -0.7491 0.5583
vn 0.0260 -0.1914 0.9812
vn -0.3963 -0.1543 0.9051
vn 0.0406 -0.1102 0.9931
vn -0.4305 -0.1295 0.8933
vn -0.1956 -0.3583 0.9129
vn 0.8867 -0.4265 -0.1785
vn 0.7895 -0.4548 -0.4120
vn 0.7080 -0.3892 -0.5893
vn 0.7737 -0.4498 -0.4462
vn 0.9736 0.0479 -0.2234
vn 0.6443 0.5362 -0.5453
vn 0.6735 0.6896 -0.2663
vn 0.8463 0.4827 -0.2255
vn 0.8519 0.5183 -0.0751
vn -0.5137 0.3597 0.7789
vn -0.4840 0.4190 0.7682
vn -0.2188 0.7821 0.5835
vn -0.3060 0.3382 0.8900
vn -0.0668 0.7535 0.6541
vn -0.4195 0.7175 0.5561
vn -0.7250 0.5288 0.4414
vn -0.7439 0.2943 0.6000
vn -0.0358 0.3437 0.9384
vn 0.1256 0.2154 0.9684
vn -0.8043 0.1383 0.5780
vn 0.0604 0.2940 0.9539
vn 0.0904 0.8330 0.5459
vn -0.2794 0.1800 0.9432
vn -0.0232 0.1945 0.9806
vn 0.0932 0.1468 0.9848
vn 0.0908 0.8835 0.4596
vn -0.2627 0.8152 0.5162
vn -0.3553 -0.1729 0.9186
vn -0.3941 -0.3199 0.8616
vn 0.6276 -0.2568 0.7350
vn -0.7614 -0.2434 0.6009
vn -0.6739 0.2888 0.6800
vn -0.0338 0.6441 0.7642
vn -0.5515 -0.5631 0.6154
vn -0.6860 -0.3586 0.6331
vn -0.4693 0.4227 0.7753
vn 0.0310 0.4832 0.8750
vn 0.0444 -0.7701 0.6363
vn 0.0325 -0.8190 0.5728
vn -0.2097 -0.7911 0.5746
vn 0.0513 -0.3697 0.9277
vn -0.8648 0.1748 0.4707
vn 0.1352 -0.6031 0.7861
vn 0.0765 -0.2743 0.9586
vn 0.1622 -0.0809 0.9834
vn 0.0854 -0.1672 0.9822
vn -0.1510 -0.2736 0.9499
vn 0.4012 -0.1395 0.9053
vn 0.2964 -0.2583 0.9195
vn -0.0834 -0.3639 0.9277
vn -0.4263 -0.5741 0.6991
vn 0.6737 -0.3854 0.6305
vn -0.0594 -0.3480 0.9356
vn -0.1140 -0.3476 0.9307
vn -0.2240 -0.7977 0.5599
vn -0.2753 -0.8526 0.4442
vn -0.0964 -0.3969 0.9128
vn -0.2498 -0.6721 0.6970
vn 0.8554 -0.4887 0.1717
vn 0.8812 -0.4671 -0.0726
vn 0.7689 -0.4937 -0.4062
vn -0.3483 -0.1421 0.9265
vn 0.7835 -0.4757 -0.3998
vn 0.8553 -0.4117 -0.3146
vn 0.8391 0.5365 -0.0904
vn -0.4765 0.4739 0.7405
vn -0.4523 0.3150 0.8344
vn 0.7252 0.6219 -0.2954
vn 0.8373 0.5436 0.0583
vn 0.0453 0.7878 0.6142
vn -0.3158 0.8066 0.4996
vn -0.0970 0.4558 0.8848
vn -0.4075 0.8822 0.2359
vn -0.2251 0.7670 0.6009
vn 0.1583 0.3338 0.9293
vn -0.3948 0.9012 0.1787
vn -0.2331 0.7653 0.6000
vn -0.4480 0.8750 0.1833
vn -0.1759 0.5685 0.8036
vn -0.3276 0.8296 0.4522
vn -0.3150 0.9484 0.0358
vn -0.4632 0.8764 -0.1315
vn -0.8133 0.5399 -0.2168
vn 0.4632 0.1472 0.8739
vn 0.6685 0.2826 0.6879
vn -0.6996 0.5502 0.4559
vn -0.6558 0.1799 0.7332
vn 0.1736 0.2327 0.9569
vn -0.4207 0.0869 0.9030
vn -0.2446 0.1664 0.9552
vn 0.1391 0.4402 0.8870
vn 0.0464 0.8090 0.5859
vn 0.0926 0.9632 0.2523
vn 0.1964 0.8903 0.4108
vn -0.0878 -0.2774 0.9567
vn 0.1738 -0.5433 0.8213
vn -0.4521 -0.5035 0.7363
vn 0.6715 -0.3997 0.6240
vn -0.9538 0.1719 0.2463
vn -0.6227 0.5721 0.5338
vn 0.7636 0.4093 0.4995
vn -0.0221 -0.5513 0.8340
vn 0.0517 0.3083 0.9499
vn 0.0836 -0.8990 0.4298
vn 0.0437 -0.8837 0.4660
vn 0.0598 -0.5522 0.8316
vn -0.0469 -0.6898 0.7225
vn -0.3694 -0.9066 0.2042
vn -0.2545 -0.9578 0.1335
vn 0.2370 -0.9257 0.2948
vn 0.7364 -0.6544 0.1717
vn -0.3430 -0.5024 0.7937
vn -0.3849 -0.8023 0.4563
vn 0.8142 -0.5692 0.1143
vn -0.0214 -0.2302 0.9729
vn -0.3387 -0.7528 0.5644
vn -0.1501 -0.5359 0.8309
vn 0.8341 -0.5467 0.0738
vn 0.8655 -0.4980 0.0540
vn 0.8466 -0.5107 0.1501
vn 0.9346 -0.3496 0.0654
vn 0.9361 0.1856 0.2988
vn -0.5136 -0.0743 0.8548
vn 0.7924 0.4386 0.4240
vn 0.7641 0.6245 0.1616
vn -0.3793 0.2101 0.9011
vn 0.4886 0.5257 0.6963
vn -0.2771 0.7061 0.6517
vn -0.1445 0.5940 0.7913
vn -0.3867 0.8957 0.2194
vn -0.3522 0.6992 0.6221
vn -0.4674 0.8615 0.1982
vn -0.4901 0.8536 0.1765
vn 0.7406 0.6715 -0.0228
vn -0.4338 0.9005 0.0297
vn 0.7590 0.6318 0.1571
vn 0.8634 0.2977 0.4072
vn 0.7821 0.5189 0.3452
vn -0.3266 0.9137 -0.2419
vn -0.2724 0.9432 -0.1901
vn 0.2871 0.2665 0.9201
vn -0.2042 0.8439 0.4962
vn -0.2207 0.5356 0.8151
vn -0.2071 0.1217 0.9707
vn 0.1639 0.3124 0.9357
vn 0.1557 0.5656 0.8098
vn 0.0858 0.7743 0.6270
vn -0.2037 0.7542 0.6242
vn -0.1946 0.7583 -0.6222
vn 0.0838 -0.4169 0.9051
vn 0.1844 0.0710 0.9803
vn -0.6608 -0.0072 0.7505
vn 0.8168 -0.0837 0.5708
vn 0.0445 0.4515 0.8912
vn 0.0664 -0.7690 0.6358
vn 0.0729 -0.6993 0.7111
vn -0.3948 -0.9011 0.1794
vn 0.1520 -0.9630 0.2226
vn 0.5898 -0.7480 0.3043
vn -0.3902 -0.2926 0.8730
vn -0.3442 -0.7102 0.6142
vn -0.1327 -0.8174 0.5606
vn -0.0730 -0.2999 0.9512
vn -0.0906 -0.4129 0.9063
vn -0.0098 -0.2024 0.9793
vn -0.1507 -0.4096 0.8997
vn -0.2147 -0.5217 0.8257
vn -0.3351 -0.6587 0.6737
vn -0.1789 0.2925 0.9394
vn -0.1862 -0.0780 0.9794
vn 0.0569 -0.0540 0.9969
vn -0.0298 -0.5031 0.8637
vn -0.3755 -0.5046 0.7774
vn -0.5260 -0.1026 0.8443
vn 0.8620 -0.4541 0.2253
vn 0.0447 -0.5185 0.8539
vn -0.4182 0.7681 0.4849
vn 0.1521 0.3190 0.9355
vn -0.5446 0.7385 0.3975
vn -0.3801 0.5121 0.7703
vn 0.7427 0.6602 -0.1120
vn -0.5214 0.8270 0.2104
vn 0.7157 0.6946 0.0722
vn 0.7388 0.6566 -0.1520
vn 0.3492 0.6799 0.6448
vn 0.5044 0.8437 0.1837
vn 0.3036 0.4833 0.8211
vn 0.1056 0.9924 0.0634
vn -0.2685 0.9593 0.0874
vn -0.2897 0.6657 0.6877
vn 0.1559 0.4723 0.8675
vn -0.9751 -0.0218 0.2207
vn 0.0553 0.8987 0.4352
vn -0.0074 0.5217 0.8531
vn 0.0787 0.6370 0.7669
vn 0.1041 -0.4574 0.8831
vn 0.1541 0.7015 0.6958
vn 0.7808 0.2925 0.5521
vn -0.0508 -0.3542 0.9338
vn 0.0463 -0.8601 0.5080
vn 0.0752 -0.4125 0.9079
vn 0.1005 -0.1765 0.9792
vn 0.7028 -0.5477 0.4539
vn 0.7631 -0.4758 0.4373
vn -0.2088 -0.5160 0.8307
vn -0.2491 -0.2804 0.9270
vn -0.1175 -0.2073 0.9712
vn -0.3570 -0.6006 0.7154
vn -0.4666 -0.4617 0.7544
vn -0.2226 0.0663 0.9727
vn -0.0028 0.3214 0.9470
vn -0.4403 -0.2954 0.8479
vn 0.0713 0.4586 0.8858
vn 0.0558 0.4057 0.9123
vn -0.4807 0.0805 0.8732
vn -0.2169 0.1842 0.9587
vn 0.1211 0.0599 0.9908
vn -0.7067 -0.3379 0.6216
vn 0.7995 -0.4582 0.3885
vn 0.0773 -0.4045 0.9113
vn -0.3246 -0.7549 0.5699
vn 0.8441 -0.2504 0.4741
vn -0.2881 0.5091 0.8111
vn -0.1020 0.4204 0.9016
vn -0.4302 0.6523 0.6240
vn -0.6525 0.6803 0.3338
vn -0.5006 0.5580 0.6618
vn -0.6463 0.6846 0.3370
vn -0.5663 0.7433 0.3561
vn 0.1336 0.2134 0.9678
vn -0.4383 0.8115 0.3866
vn -0.0550 0.9982 0.0243
vn 0.3786 0.9226 -0.0736
vn 0.1416 0.4589 0.8771
vn 0.0470 0.5213 0.8521
vn 0.1087 0.6329 0.7666
vn -0.0993 -0.1229 0.9874
vn 0.6502 -0.1904 0.7355
vn 0.4785 0.3181 0.8185
vn -0.1723 0.3722 0.9120
vn 0.0898 -0.7861 0.6116
vn 0.0524 -0.6438 0.7634
vn -0.2467 -0.7424 0.6229
vn 0.0842 -0.4498 0.8891
vn -0.2745 -0.7547 0.5959
vn 0.0728 -0.2657 0.9613
vn -0.3807 -0.3532 0.8546
vn 0.0977 -0.1919 0.9765
vn -0.2412 -0.8672 0.4357
vn 0.3740 -0.7679 0.5200
vn -0.0664 -0.8384 0.5410
vn -0.4089 -0.7227 0.5573
vn 0.1253 0.0227 0.9919
vn 0.1560 -0.1338 0.9787
vn -0.7084 -0.4013 0.5807
vn 0.1218 0.2693 0.9553
vn 0.0918 -0.4521 0.8872
vn 0.0912 0.0693 0.9934
vn -0.6017 -0.5816 0.5474
vn -0.2294 -0.6947 0.6818
vn 0.8189 0.1713 0.5477
vn -0.5333 0.5690 0.6260
vn -0.5877 0.6661 0.4592
vn 0.7701 0.5562 0.3126
vn 0.1353 0.1629 0.9773
vn -0.4049 0.4389 0.8021
vn -0.3693 0.5961 0.7129
vn 0.0351 0.8445 0.5344
vn 0.1209 0.4363 0.8916
vn 0.0359 0.1568 0.9870
vn 0.0212 0.4305 0.9024
vn 0.0777 0.7223 0.6872
vn 0.1311 0.6398 0.7573
vn 0.0951 0.3859 0.9176
vn 0.0857 0.5914 0.8018
vn 0.1697 0.8372 0.5200
vn 0.0241 -0.7304 0.6826
vn 0.0819 -0.2244 0.9711
vn 0.0830 -0.2080 0.9746
vn 0.7007 -0.4744 0.5329
vn 0.4799 -0.6375 0.6027
vn -0.6320 -0.5588 0.5369
vn 0.1034 0.3606 0.9270
vn 0.0741 0.1474 0.9863
vn 0.0712 -0.3948 0.9160
vn -0.0125 -0.4332 0.9012
vn -0.0683 -0.8454 0.5298
vn -0.3954 0.6446 0.6544
vn -0.3979 0.5946 0.6986
vn -0.1940 0.4594 0.8668
vn -0.2816 0.5768 0.7669
vn 0.7128 0.4542 0.5345
vn -0.6218 0.6753 0.3967
vn 0.0953 0.1505 0.9840
vn -0.3987 0.2274 0.8884
vn 0.6443 0.6570 0.3914
vn 0.3428 0.9130 0.2210
vn 0.0755 0.2935 0.9530
vn 0.1060 0.1591 0.9816
vn 0.0406 0.1857 0.9818
vn 0.0094 0.1951 0.9807
vn 0.0650 0.5093 0.8581
vn 0.0039 0.7916 0.6110
vn 0.2147 0.7666 0.6052
vn 0.1129 -0.5835 0.8043
vn 0.1389 -0.3873 0.9114
vn 0.1132 0.0755 0.9907
vn 0.0934 0.0201 0.9954
vn -0.3838 -0.7165 0.5824
vn 0.0932 0.3935 0.9146
vn 0.0829 0.3205 0.9436
vn -0.7956 0.0875 0.5994
vn 0.7328 -0.4118 0.5417
vn 0.0669 0.4585 0.8862
vn 0.0638 -0.2716 0.9603
vn 0.0378 -0.0764 0.9964
vn 0.0242 -0.5569 0.8303
vn 0.0760 -0.5211 0.8501
vn 0.0968 -0.2444 0.9648
vn 0.0511 -0.2574 0.9650
vn -0.2899 -0.7033 0.6491
vn -0.1581 -0.8011 0.5773
vn -0.3558 0.6998 0.6194
vn -0.2018 0.5959 0.7773
vn -0.5903 0.6390 0.4932
vn -0.4590 0.5750 0.6772
vn -0.4607 0.7236 0.5139
vn 0.0928 0.1413 0.9856
vn -0.3385 0.2949 0.8936
vn -0.0296 0.2498 0.9679
vn 0.1707 0.1197 0.9780
vn 0.1043 0.4127 0.9049
vn 0.1017 0.3478 0.9320
vn 0.0729 0.8709 0.4860
vn 0.0127 -0.9156 0.4018
vn -0.1887 -0.8799 0.4362
vn 0.0983 -0.3840 0.9181
vn 0.0947 -0.2088 0.9734
vn -0.3270 -0.3838 0.8636
vn 0.7200 -0.4289 0.5455
vn 0.0758 -0.7281 0.6812
vn 0.6233 -0.4365 0.6488
vn -0.5046 -0.6863 0.5239
vn 0.0970 0.4280 0.8986
vn 0.0453 0.3652 0.9298
vn 0.0523 -0.0912 0.9945
vn 0.0232 -0.2392 0.9707
vn 0.0325 -0.4224 0.9058
vn 0.7702 -0.2485 0.5875
vn 0.0282 -0.5635 0.8256
vn 0.0709 -0.4688 0.8805
vn 0.0668 -0.4988 0.8642
vn 0.0702 -0.2544 0.9645
vn 0.0270 0.6478 0.7613
vn -0.2240 -0.4471 0.8660
vn -0.6302 -0.2939 0.7187
vn -0.0127 0.0817 0.9966
vn -0.6075 0.1885 0.7716
vn -0.6824 0.5273 0.5062
vn 0.3234 0.6407 0.6963
vn 0.0809 0.1942 0.9776
vn -0.2901 0.7088 0.6430
vn 0.0619 0.1481 0.9870
vn -0.3081 0.4598 0.8329
vn -0.2299 0.6660 0.7096
vn 0.0871 0.3664 0.9264
vn 0.1064 0.5892 0.8009
vn 0.1300 0.7340 0.6666
vn 0.0730 -0.7226 0.6874
vn 0.1604 -0.3124 0.9363
vn -0.2985 0.0289 0.9540
vn 0.0973 0.0325 0.9947
vn 0.5573 -0.4093 0.7224
vn 0.0835 0.4190 0.9041
vn 0.0874 0.4417 0.8929
vn -0.6273 -0.4884 0.6066
vn 0.0247 0.5411 0.8406
vn 0.0770 0.4515 0.8889
vn 0.0568 0.4973 0.8657
vn 0.0694 0.3325 0.9406
vn 0.0735 -0.1811 0.9807
vn 0.0807 -0.3705 0.9253
vn 0.0128 -0.5397 0.8417
vn 0.0318 -0.6487 0.7604
vn 0.0891 -0.2616 0.9611
vn -0.5786 0.6407 0.5047
vn 0.0960 -0.0640 0.9933
vn -0.7144 0.2577 0.6505
vn 0.0741 0.2569 0.9636
vn 0.2260 0.0663 0.9719
vn -0.4198 0.6957 0.5829
vn -0.0250 0.2668 0.9634
vn 0.1862 0.1949 0.9630
vn -0.2393 0.5372 0.8088
vn -0.1513 0.5068 0.8487
vn -0.0090 0.5477 0.8367
vn 0.1510 0.2771 0.9489
vn -0.3334 0.5267 0.7819
vn -0.1850 0.4059 0.8950
vn -0.2475 0.6449 0.7231
vn 0.1206 0.4069 0.9055
vn 0.0591 0.4558 0.8881
vn 0.1357 -0.8379 0.5286
vn 0.1098 -0.6671 0.7368
vn 0.1432 -0.5045 0.8515
vn -0.2219 -0.7636 0.6064
vn 0.1457 -0.3805 0.9132
vn -0.2115 -0.5412 0.8139
vn 0.1629 -0.3046 0.9384
vn -0.2449 -0.3841 0.8902
vn 0.1443 -0.5738 0.8062
vn 0.2749 -0.8050 0.5257
vn 0.2935 -0.5364 0.7913
vn 0.1798 -0.2656 0.9472
vn 0.5278 -0.6601 0.5346
vn 0.4007 -0.2933 0.8680
vn 0.7990 -0.5374 0.2698
vn 0.7091 -0.2928 0.6415
vn 0.1883 -0.1972 0.9621
vn -0.2688 -0.1287 0.9546
vn 0.0111 0.4252 0.9050
vn -0.0286 0.4031 0.9147
vn 0.0546 0.1413 0.9885
vn 0.0954 -0.2349 0.9673
vn 0.1278 -0.2695 0.9545
vn 0.0482 0.0108 0.9988
vn 0.0084 0.4662 0.8846
vn -0.6452 -0.3464 0.6810
vn -0.4891 -0.5090 0.7083
vn 0.0252 -0.4679 0.8834
vn 0.7475 -0.0996 0.6568
vn 0.0411 -0.3508 0.9355
vn 0.0146 0.2816 0.9594
vn 0.1274 0.2874 0.9493
vn 0.2090 0.2167 0.9536
vn -0.5172 0.2646 0.8139
vn -0.8967 0.3408 0.2823
vn 0.2782 0.0490 0.9593
vn -0.3292 0.6513 0.6837
vn -0.8828 0.4222 0.2058
vn -0.6103 0.3354 0.7177
vn -0.8411 0.5358 0.0738
vn -0.5249 0.4585 0.7171
vn -0.7084 0.7057 0.0122
vn -0.6414 0.7138 0.2813
vn -0.4730 0.7960 0.3777
vn -0.1912 0.8700 0.4546
vn -0.1906 0.9073 0.3748
vn -0.3477 0.7006 0.6231
vn -0.2637 0.9277 0.2643
vn -0.1695 0.5562 0.8136
vn -0.1706 0.7677 0.6176
vn -0.0370 0.7136 0.6996
vn -0.1839 0.4326 0.8827
vn 0.1716 0.5834 0.7939
vn -0.0392 -0.7645 0.6435
vn -0.2444 -0.5043 0.8282
vn -0.2079 -0.3490 0.9138
vn 0.1397 -0.4074 0.9025
vn 0.1186 -0.7604 0.6385
vn 0.1080 -0.5791 0.8081
vn 0.2503 -0.6436 0.7233
vn 0.1260 -0.9342 0.3338
vn 0.3009 -0.9471 0.1118
vn 0.6248 -0.7798 -0.0391
vn 0.8974 -0.4081 -0.1677
vn 0.9866 0.1624 0.0165
vn 0.7562 -0.0237 0.6539
vn 0.9025 0.2530 0.3485
vn 0.0698 -0.9976 0.0009
vn 0.9398 0.1377 0.3127
vn 0.8780 0.2159 0.4273
vn 0.4598 -0.0500 0.8866
vn 0.8395 0.1058 0.5329
vn 0.5099 -0.1399 0.8488
vn 0.3880 -0.5192 0.7615
vn -0.0248 -0.6411 0.7670
vn 0.0927 -0.1599 0.9828
vn 0.4295 -0.4592 0.7776
vn 0.1202 0.4227 0.8983
vn 0.0996 0.4484 0.8883
vn 0.0155 0.3435 0.9390
vn -0.0322 0.3354 0.9415
vn 0.0558 0.1500 0.9871
vn 0.1520 0.0200 0.9882
vn 0.1167 -0.3130 0.9425
vn 0.0763 -0.4354 0.8970
vn 0.0943 -0.3332 0.9381
vn 0.0238 -0.4426 0.8964
vn -0.6395 -0.5906 -0.4921
vn 0.0717 -0.0969 0.9927
vn 0.0626 0.2697 0.9609
vn 0.0273 -0.0019 0.9996
vn -0.6632 0.1200 0.7387
vn -0.7655 0.0043 0.6434
vn -0.9873 0.0928 0.1293
vn 0.0338 0.1717 0.9846
vn 0.2874 0.1563 0.9450
vn -0.9818 0.1644 -0.0949
vn -0.9599 0.2569 -0.1117
vn -0.9029 0.3141 -0.2936
vn 0.0426 0.6028 0.7967
vn -0.5712 0.8092 -0.1376
vn -0.3001 0.9270 -0.2249
vn -0.2359 0.9595 -0.1541
vn -0.0389 0.9948 0.0937
vn 0.1500 0.9577 0.2457
vn 0.1979 0.8451 0.4966
vn -0.1132 0.7709 0.6268
vn -0.0083 0.4282 0.9037
vn 0.0410 0.3137 0.9486
vn 0.1114 0.4007 0.9094
vn -0.1269 -0.7510 0.6480
vn -0.1531 -0.7257 0.6708
vn -0.1874 -0.7365 0.6500
vn 0.1219 -0.7360 0.6660
vn 0.1468 -0.6092 0.7793
vn 0.0707 -0.9216 0.3817
vn 0.0932 -0.3782 0.9210
vn -0.2079 -0.3909 0.8967
vn 0.1079 -0.3263 0.9391
vn 0.1020 -0.8704 0.4817
vn 0.0159 -0.9881 0.1532
vn -0.1832 -0.1613 0.9698
vn 0.4653 -0.8776 -0.1156
vn 0.7176 -0.6368 -0.2820
vn 0.9515 0.2760 -0.1359
vn 0.9260 0.3394 0.1654
vn -0.1753 -0.4071 0.8964
vn 0.8164 0.2294 0.5300
vn 0.2149 -0.1457 0.9657
vn 0.4490 0.1283 0.8843
vn 0.7821 -0.1951 0.5918
vn 0.0606 -0.5331 0.8439
vn 0.2463 -0.0785 0.9660
vn 0.0459 -0.1036 0.9936
vn 0.0352 0.1400 0.9895
vn -0.2934 -0.5996 0.7446
vn 0.0271 0.3459 0.9379
vn 0.1890 0.5386 0.8211
vn -0.5264 -0.5784 0.6232
vn 0.1674 0.5448 0.8217
vn 0.1972 0.0754 0.9775
vn 0.1679 -0.3348 0.9272
vn -0.3434 -0.2972 0.8910
vn -0.3090 -0.2758 0.9102
vn -0.6521 -0.7559 -0.0580
vn -0.6923 -0.6626 0.2857
vn 0.1171 -0.1080 0.9872
vn 0.0454 -0.1694 0.9845
vn 0.0178 -0.2891 0.9571
vn -0.8511 -0.4277 0.3046
vn -0.6816 -0.4411 0.5838
vn -0.6469 -0.1721 0.7429
vn -0.6516 0.3611 0.6671
vn -0.9968 -0.0785 -0.0174
vn 0.1895 0.3799 0.9054
vn 0.0792 0.2379 0.9681
vn 0.1961 0.2494 0.9483
vn 0.5439 0.4256 0.7232
vn -0.9749 0.1500 -0.1644
vn 0.2677 0.1542 0.9511
vn 0.3372 0.3386 0.8784
vn -0.3298 0.6668 0.6683
vn -0.9215 0.3229 -0.2157
vn -0.7619 0.5913 -0.2643
vn 0.4021 0.6552 0.6395
vn 0.1819 0.8421 0.5077
vn 0.5234 0.8168 0.2426
vn 0.0983 0.6747 0.7315
vn -0.0952 0.3095 0.9461
vn 0.4352 0.4825 0.7601
vn 0.3776 0.9196 0.1084
vn -0.3487 0.9175 -0.1914
vn 0.1751 0.8345 -0.5224
vn -0.0234 0.9967 -0.0774
vn 0.1471 0.3327 0.9315
vn -0.0575 0.2121 0.9756
vn -0.1547 -0.3246 0.9331
vn 0.1194 -0.3499 0.9292
vn 0.0933 -0.3236 0.9416
vn 0.0926 -0.4506 0.8879
vn 0.0907 -0.5789 0.8104
vn 0.0289 -0.6870 0.7261
vn -0.1566 -0.1492 0.9763
vn 0.1344 -0.7211 0.6797
vn 0.0244 -0.8708 0.4910
vn 0.9484 -0.0881 -0.3045
vn 0.8298 0.5109 -0.2246
vn 0.8574 0.2328 0.4590
vn 0.6265 0.2751 0.7293
vn 0.8637 0.3209 0.3887
vn 0.6521 0.4113 0.6368
vn 0.6714 0.4910 0.5551
vn 0.5770 0.5788 0.5763
vn 0.3476 0.7290 0.5896
vn 0.1266 0.6299 0.7663
vn 0.1275 0.3358 0.9332
vn 0.1821 0.4211 0.8885
vn 0.1765 0.7104 0.6813
vn 0.1750 0.3731 0.9111
vn 0.1765 -0.2787 0.9440
vn -0.5087 -0.4192 0.7520
vn -0.4920 -0.7835 0.3795
vn -0.4929 -0.7157 0.4948
vn -0.5374 -0.8341 0.1245
vn -0.6016 -0.7984 -0.0243
vn -0.0373 -0.3004 0.9531
vn -0.6464 -0.1297 0.7519
vn -0.0145 0.5124 0.8586
vn -0.9714 -0.0872 -0.2211
vn 0.3241 0.2900 0.9005
vn -0.5197 0.4016 0.7541
vn 0.1826 0.3370 0.9236
vn 0.2797 0.1990 0.9392
vn 0.2181 0.3859 0.8964
vn -0.1491 0.5371 0.8302
vn -0.8727 0.4716 -0.1265
vn 0.0361 0.4280 0.9030
vn 0.5241 0.6444 0.5568
vn 0.3392 0.5415 0.7692
vn 0.0750 0.4261 0.9015
vn 0.5365 0.8439 0.0057
vn -0.6356 0.7620 -0.1236
vn 0.5527 0.8294 0.0807
vn -0.5011 0.8619 -0.0778
vn 0.3209 0.9440 -0.0762
vn 0.1547 0.3480 0.9246
vn -0.2779 -0.8747 0.3971
vn -0.1932 -0.5140 0.8358
vn 0.0732 -0.6546 0.7524
vn 0.1046 -0.6458 0.7563
vn 0.0935 -0.4139 0.9055
vn 0.0626 -0.2655 0.9621
vn 0.1327 -0.5635 0.8154
vn 0.0372 -0.7314 0.6810
vn 0.0129 -0.9558 0.2936
vn 0.6618 -0.7278 -0.1799
vn 0.9073 0.4195 0.0273
vn -0.1757 -0.5538 0.8139
vn 0.2123 0.5889 0.7798
vn 0.1123 0.8721 0.4763
vn 0.2122 0.4012 0.8911
vn 0.1335 0.6970 0.7045
vn 0.1869 0.5173 0.8351
vn 0.2186 0.5097 0.8321
vn 0.2124 -0.1952 0.9575
vn -0.3200 -0.8968 0.3056
vn -0.7488 0.0978 0.6555
vn 0.2573 -0.3792 0.8888
vn -0.5861 -0.3755 0.7179
vn -0.3147 -0.9430 0.1081
vn -0.4891 -0.8722 -0.0018
vn 0.2341 -0.0096 0.9722
vn 0.6709 -0.0246 0.7412
vn -0.8136 -0.5803 0.0364
vn -0.9747 -0.2187 0.0464
vn 0.3370 0.2270 0.9137
vn -0.0080 0.4443 0.8958
vn 0.2848 0.3346 0.8983
vn 0.7240 0.5869 0.3624
vn -0.7624 0.6366 -0.1160
vn 0.6484 0.7610 -0.0200
vn -0.2094 0.9755 -0.0682
vn 0.0959 0.9950 0.0287
vn -0.0040 -0.7063 0.7080
vn -0.1593 -0.3505 0.9229
vn 0.1054 -0.7596 0.6418
vn 0.0534 -0.2265 0.9726
vn -0.0129 -0.1077 0.9941
vn 0.0662 -0.0786 0.9947
vn -0.0235 -0.3603 0.9326
vn -0.0548 -0.6070 0.7928
vn 0.0475 -0.7494 0.6604
vn -0.2422 -0.3518 0.9042
vn -0.3582 -0.7546 0.5498
vn -0.1361 -0.9117 0.3876
vn -0.2252 -0.0236 0.9740
vn -0.3675 -0.1313 0.9207
vn -0.6494 -0.5139 0.5605
vn -0.7865 -0.1152 0.6067
vn -0.0978 -0.1421 0.9850
vn -0.6548 0.2407 0.7165
vn -0.6235 -0.0522 0.7800
vn -0.0787 -0.1407 0.9869
vn -0.1442 -0.1693 0.9749
vn 0.6728 0.7392 0.0296
vn 0.1811 0.5247 0.8318
vn 0.2690 0.7422 0.6139
vn 0.1717 0.5187 0.8375
vn -0.1777 -0.5495 0.8164
vn -0.1416 -0.3915 0.9092
vn 0.3806 -0.2433 0.8921
vn -0.1335 -0.9698 0.2043
vn -0.0846 -0.8607 0.5020
vn -0.1090 -0.5216 0.8462
vn -0.5565 -0.8272 -0.0774
vn -0.6827 -0.7302 0.0281
vn -0.5368 -0.2419 0.8083
vn 0.2617 0.1827 0.9477
vn 0.5943 0.0764 0.8006
vn -0.9157 -0.4017 -0.0128
vn -0.4206 0.6866 0.5931
vn -0.9990 0.0257 0.0365
vn 0.0447 0.4710 0.8810
vn 0.1571 0.3826 0.9105
vn -0.9565 0.2889 0.0407
vn -0.2233 0.6745 0.7037
vn 0.1547 0.5480 0.8221
vn 0.1852 0.3559 0.9160
vn 0.4081 0.5086 0.7581
vn 0.6692 0.4334 0.6036
vn 0.8156 0.4774 0.3271
vn 0.1667 0.4425 0.8811
vn -0.8938 0.4347 0.1100
vn -0.7615 0.6233 0.1780
vn 0.7753 0.6289 0.0575
vn 0.1699 0.3887 0.9056
vn -0.1662 0.3681 0.9148
vn -0.3691 0.9151 0.1624
vn 0.4126 0.9019 0.1281
vn -0.1990 0.9646 0.1730
vn 0.1760 0.9608 0.2144
vn 0.0339 -0.3674 0.9295
vn -0.1565 -0.9703 0.1844
vn -0.7324 -0.6158 0.2904
vn -0.9426 0.0172 0.3335
vn -0.8719 0.1570 0.4637
vn -0.6589 -0.1716 0.7324
vn 0.0274 -0.1455 0.9890
vn -0.4693 0.0429 0.8820
vn -0.6928 0.2142 0.6886
vn -0.1852 -0.1521 0.9709
vn -0.6004 -0.1247 0.7900
vn 0.1107 -0.1141 0.9873
vn 0.0028 -0.1778 0.9841
vn 0.2103 0.9676 0.1394
vn 0.1888 0.4622 0.8664
vn 0.1084 0.7987 0.5919
vn 0.0579 0.9322 0.3574
vn -0.0342 -0.2598 0.9650
vn -0.3426 -0.4645 0.8166
vn 0.0582 0.0082 0.9983
vn -0.1347 -0.1531 0.9790
vn -0.1897 -0.3469 0.9185
vn 0.4632 -0.3673 0.8065
vn -0.1534 -0.2577 0.9540
vn 0.2181 0.5386 0.8138
vn 0.2387 -0.0375 0.9704
vn 0.1942 -0.4612 0.8658
vn 0.4294 -0.3409 0.8363
vn -0.0960 -0.9905 0.0987
vn 0.1037 -0.9070 0.4081
vn -0.4448 -0.3424 0.8276
vn -0.2821 -0.0857 0.9556
vn -0.1158 -0.8182 0.5631
vn -0.0938 -0.4953 0.8637
vn 0.4714 -0.3306 0.8176
vn -0.4920 -0.8598 0.1365
vn 0.2231 -0.4802 0.8483
vn -0.1342 -0.1892 0.9727
vn -0.5188 -0.0323 0.8543
vn -0.3987 0.5951 0.6978
vn -0.3067 0.7034 0.6412
vn 0.4038 0.5062 0.7620
vn 0.3035 0.2878 0.9083
vn 0.4165 0.5928 0.6893
vn 0.0688 0.2316 0.9704
vn 0.2455 0.3280 0.9122
vn 0.6806 0.4881 0.5464
vn 0.8731 0.3722 0.3149
vn 0.6947 0.6977 -0.1750
vn -0.6231 0.7614 0.1788
vn -0.0090 0.3876 0.9218
vn -0.0557 0.9558 0.2888
vn 0.0663 -0.9977 0.0156
vn 0.1903 -0.9817 0.0095
vn 0.5567 -0.8272 -0.0763
vn -0.9545 -0.1177 0.2739
vn 0.8629 0.4303 -0.2649
vn -0.7868 0.2203 0.5765
vn -0.4323 0.1020 0.8959
vn -0.2493 -0.2017 0.9472
vn -0.7463 0.1282 0.6532
vn -0.5376 -0.1463 0.8304
vn 0.1907 0.5691 0.7999
vn 0.2193 0.7871 0.5765
vn 0.1781 0.5285 0.8300
vn 0.0870 0.9157 0.3924
vn 0.1678 0.3401 0.9253
vn 0.1693 -0.4462 0.8788
vn -0.1290 -0.4574 0.8798
vn 0.1069 0.5791 0.8082
vn 0.1367 0.1227 0.9830
vn -0.0572 -0.0820 0.9950
vn -0.0942 -0.6581 0.7470
vn -0.3675 -0.3773 0.8501
vn 0.1873 0.1574 0.9696
vn -0.2288 -0.0344 0.9729
vn -0.0155 -0.1227 0.9923
vn 0.3738 -0.3608 0.8545
vn -0.2421 -0.3399 0.9088
vn 0.0370 -0.0419 0.9984
vn 0.3680 -0.8905 0.2673
vn 0.1404 -0.9680 0.2078
vn 0.2472 -0.9123 0.3266
vn 0.2737 -0.7644 0.5838
vn 0.0709 -0.5523 0.8306
vn -0.1863 -0.2909 0.9384
vn 0.1746 -0.4829 0.8581
vn -0.2786 -0.4547 0.8460
vn -0.3643 -0.4486 0.8161
vn -0.8550 -0.4657 0.2281
vn 0.5381 0.4499 0.7127
vn -0.9664 -0.1320 0.2204
vn 0.1895 0.6630 0.7242
vn 0.5404 0.5826 0.6071
vn -0.8000 0.4916 0.3440
vn 0.8946 0.4164 0.1622
vn 0.6931 0.6322 0.3463
vn 0.4934 0.7732 0.3984
vn -0.4876 0.7816 0.3890
vn 0.3622 0.8315 0.4212
vn -0.2830 0.8792 0.3834
vn 0.2149 0.8752 0.4335
vn 0.9797 -0.1550 -0.1276
vn 0.7452 0.6497 -0.1503
vn -0.5379 0.5638 0.6268
vn 0.1748 -0.2122 0.9615
vn 0.0194 -0.2836 0.9587
vn -0.7035 0.2044 0.6807
vn -0.7259 0.0248 0.6873
vn 0.1559 0.8878 0.4330
vn 0.3074 0.6897 0.6556
vn 0.1079 0.9591 0.2615
vn -0.5845 0.3642 0.7251
vn 0.1698 0.4309 0.8863
vn 0.2225 0.6796 0.6991
vn -0.0087 0.1890 0.9819
vn -0.1113 0.2730 0.9555
vn -0.0981 0.3704 0.9237
vn 0.1540 -0.1716 0.9731
vn -0.3466 -0.4603 0.8173
vn -0.1892 -0.9464 0.2619
vn -0.3538 -0.4334 0.8288
vn 0.4988 -0.7827 0.3723
vn 0.0470 -0.5105 0.8586
vn 0.2822 -0.7639 0.5803
vn -0.5974 -0.7417 0.3050
vn -0.3410 -0.3642 0.8666
vn -0.7360 -0.6517 0.1834
vn 0.5745 0.3355 0.7465
vn 0.2823 -0.2078 0.9366
vn 0.2806 0.0641 0.9577
vn 0.2474 0.1589 0.9558
vn -0.1941 0.6867 0.7005
vn -0.9582 0.1459 0.2459
vn 0.2604 0.4094 0.8744
vn 0.7179 0.3036 0.6265
vn 0.8985 0.2091 0.3860
vn -0.8955 0.3065 0.3227
vn -0.1733 0.0432 0.9839
vn -0.6309 0.5658 0.5308
vn -0.6178 0.6706 0.4106
vn -0.1053 0.9007 0.4215
vn -0.5129 -0.7665 0.3865
vn -0.8896 -0.2195 0.4005
vn -0.8732 0.1863 0.4503
vn -0.8445 0.3316 0.4206
vn 0.1118 0.9656 0.2346
vn 0.1970 0.8869 0.4179
vn 0.2727 0.9414 0.1986
vn -0.1453 0.6239 0.7679
vn 0.2308 -0.3685 0.9005
vn 0.2131 -0.4937 0.8431
vn 0.0291 -0.9248 0.3794
vn -0.3997 -0.8548 0.3310
vn 0.5314 0.0309 0.8466
vn 0.5495 -0.7675 0.3301
vn 0.1329 -0.5208 0.8433
vn 0.5544 -0.7373 0.3861
vn 0.0996 -0.4338 0.8955
vn 0.4141 -0.4986 0.7615
vn -0.7031 -0.5905 0.3962
vn -0.4533 -0.0194 0.8912
vn -0.4034 0.2891 0.8682
vn -0.8816 -0.2781 0.3814
vn 0.7604 0.4593 0.4591
vn 0.3397 0.3870 0.8572
vn -0.0702 0.3234 0.9437
vn 0.9007 0.1166 0.4185
vn -0.9068 -0.0233 0.4210
vn 0.1989 0.4121 0.8892
vn 0.8926 0.3479 0.2869
vn -0.7666 0.4266 0.4799
vn 0.7050 0.5310 0.4701
vn -0.4662 0.6268 0.6243
vn -0.3597 0.7875 0.5004
vn 0.2894 0.7624 0.5788
vn -0.1550 0.8063 0.5708
vn -0.5745 -0.5367 0.6179
vn 0.0897 0.9498 0.2996
vn -0.0171 -0.4827 0.8756
vn 0.2083 -0.8685 0.4497
vn -0.5184 -0.7081 0.4795
vn 0.5634 -0.5986 0.5695
vn 0.2414 -0.1321 0.9614
vn -0.7243 -0.4699 0.5046
vn 0.3212 -0.4231 0.8472
vn 0.0763 -0.2463 0.9662
vn 0.4551 -0.5312 0.7147
vn 0.6150 0.2304 0.7541
vn -0.3116 0.5339 0.7861
vn 0.7130 -0.1543 0.6840
vn 0.9511 0.0315 0.3073
vn 0.9507 0.0553 0.3050
vn -0.8274 0.2331 0.5109
vn -0.1256 0.2779 0.9524
vn 0.4575 0.6767 0.5768
vn 0.0948 0.8072 0.5826
vn -0.4185 -0.8304 0.3678
vn 0.4218 -0.9057 -0.0436
vn 0.9469 -0.3006 -0.1142
vn -0.8111 -0.1629 0.5617
vn -0.8129 0.2820 0.5095
vn 0.3889 0.9209 -0.0252
vn 0.0818 0.9898 0.1164
vn -0.1306 -0.8882 0.4404
vn 0.4051 -0.8282 0.3872
vn 0.2904 -0.0025 0.9569
vn 0.6716 -0.5219 0.5259
vn -0.1281 0.4930 0.8605
vn 0.7945 -0.2999 0.5280
vn 0.8881 -0.1677 0.4280
vn 0.2194 0.2843 0.9333
vn 0.8825 0.2337 0.4081
vn 0.0284 -0.0265 0.9992
vn 0.1987 0.7081 0.6775
vn 0.7205 -0.6715 -0.1731
vn 0.9543 -0.2017 -0.2205
vn 0.9583 0.0618 -0.2790
vn -0.1912 0.9319 0.3082
vn -0.2742 -0.8208 0.5012
vn 0.5625 -0.6512 0.5094
vn 0.1740 -0.2737 0.9459
vn -0.5717 -0.5584 0.6011
vn 0.2168 0.0180 0.9761
vn -0.3595 0.0532 0.9316
vn -0.7731 -0.2469 0.5842
vn -0.7296 0.1603 0.6648
vn -0.6307 0.4137 0.6566
vn -0.5092 0.5571 0.6560
vn 0.2255 0.6603 0.7163
vn -0.3833 0.6996 0.6031
vn 0.1190 0.7178 0.6860
vn 0.2459 -0.9689 -0.0280
vn -0.0386 -0.8496 0.5260
vn 0.0492 -0.7606 0.6473
vn 0.2889 -0.7183 0.6329
vn -0.2240 -0.1806 0.9577
vn 0.0813 -0.3250 0.9422
vn -0.2024 -0.3075 0.9298
vn -0.6846 -0.3583 0.6348
vn 0.8341 -0.4525 0.3154
vn 0.1185 0.6847 0.7191
vn 0.7966 -0.0532 0.6022
vn 0.7939 0.1264 0.5948
vn 0.6938 0.3667 0.6199
vn 0.5466 0.5327 0.6461
vn 0.3612 0.5425 0.7584
vn -0.0857 0.7113 0.6976
vn 0.0867 0.5718 0.8158
vn -0.5696 0.6097 0.5512
vn -0.3135 -0.6805 0.6623
vn 0.4389 -0.5905 0.6773
vn -0.1882 -0.1613 0.9688
vn -0.7156 -0.1190 0.6883
vn -0.5007 0.3766 0.7794
vn -0.5802 0.5642 0.5875
vn -0.2949 0.7637 0.5742
vn 0.3048 0.5596 0.7707
vn 0.2487 0.5014 0.8287
vn 0.1247 0.5428 0.8305
vn -0.3545 -0.9039 0.2395
vn -0.6652 -0.5452 0.5101
vn 0.6780 -0.7208 -0.1437
vn -0.8538 0.0018 0.5205
vn 0.8888 -0.4216 -0.1799
vn -0.7354 0.4268 0.5264
vn 0.0938 0.9953 0.0222
vn -0.1550 0.9740 0.1652
vn -0.0673 -0.6280 0.7753
vn 0.3029 -0.4981 0.8125
vn -0.4325 -0.5475 0.7164
vn -0.5447 -0.3319 0.7702
vn 0.5233 -0.4499 0.7237
vn 0.5764 -0.2812 0.7673
vn 0.5832 -0.1168 0.8039
vn 0.6374 0.0610 0.7682
vn -0.4684 0.3095 0.8276
vn 0.5439 0.3273 0.7727
vn -0.1299 0.2620 0.9563
vn -0.2242 -0.9654 0.1335
vn 0.7074 0.6819 -0.1859
vn 0.0998 -0.4473 0.8888
vn -0.1385 -0.4443 0.8851
vn -0.3083 -0.3371 0.8895
vn 0.2573 -0.3625 0.8958
vn -0.4100 -0.1476 0.9001
vn -0.4752 -0.0089 0.8798
vn -0.1082 0.2071 0.9723
vn -0.1777 -0.0230 0.9838
vn 0.0171 0.2382 0.9711
vn -0.3727 0.0725 0.9251
vn 0.4630 0.1875 0.8663
vn -0.0013 0.0228 0.9997
vn -0.4591 -0.0198 0.8882
vn -0.4885 0.2854 0.8245
vn 0.2873 0.1656 0.9434
vn 0.3271 -0.0654 0.9427
vn 0.2160 0.1387 0.9665
vn -0.1720 0.0845 0.9815
vn -0.2133 -0.0286 0.9766
vn -0.1541 0.2657 0.9517
vn 0.2621 0.3364 0.9045
vn 0.0860 0.4828 0.8715
vn -0.3798 0.5090 0.7725
vn -0.0954 0.6133 0.7841
vn 0.2990 0.2566 0.9191
vn 0.8917 0.3370 -0.3021
vn -0.6258 0.6343 0.4539
vn 0.0298 -0.1511 0.9881
vn 0.1388 -0.1900 0.9719
vn 0.0521 -0.0946 0.9942
vn 0.0124 0.1675 0.9858
vn -0.3401 -0.1480 0.9287
vn -0.0204 0.3248 0.9455
vn 0.2935 -0.1569 0.9430
vn -0.3467 0.1452 0.9267
vn -0.1903 0.0238 0.9814
vn 0.0342 0.2100 0.9771
vn 0.1593 0.1221 0.9796
vn 0.4426 -0.2162 0.8703
vn -0.5361 -0.0498 0.8427
vn -0.6607 0.5121 0.5488
vn 0.0203 0.0106 0.9997
vn 0.8168 -0.2045 0.5395
vn 0.3886 0.0099 0.9213
vn -0.1605 -0.0017 0.9870
vn -0.2788 0.0785 0.9571
vn -0.1205 0.0750 0.9899
vn -0.8328 0.2093 0.5125
vn 0.9193 0.1092 0.3780
vn -0.7802 0.0945 0.6184
vn 0.7114 0.3285 0.6212
vn 0.9067 0.3636 0.2136
vn 0.1475 0.1590 0.9762
vn -0.5489 0.1239 0.8266
vn 0.4716 0.3019 0.8285
vn 0.5981 0.6507 0.4678
vn -0.3174 0.1266 0.9398
vn -0.3116 0.3249 0.8929
vn 0.4325 0.3920 0.8119
vn 0.3735 0.1392 0.9171
vn 0.2530 0.2098 0.9444
vn 0.2940 -0.0598 0.9539
vn -0.2993 0.2533 0.9199
vn -0.0313 0.1112 0.9933
vn -0.0551 0.3052 0.9507
vn -0.1894 -0.9762 0.1052
vn 0.5899 -0.7913 -0.1609
vn -0.8232 0.2597 0.5048
vn -0.0846 -0.1354 0.9872
vn 0.0163 0.0931 0.9955
vn -0.1864 -0.1700 0.9677
vn 0.1412 -0.1747 0.9745
vn -0.5262 -0.1852 0.8300
vn -0.2675 -0.6600 0.7020
vn 0.3164 -0.5887 0.7438
vn -0.4737 -0.1206 0.8724
vn -0.6853 -0.5083 0.5215
vn 0.6823 -0.5785 0.4470
vn -0.6689 -0.4170 0.6154
vn 0.9261 -0.1936 0.3238
vn -0.9153 -0.0777 0.3952
vn -0.7619 0.1287 0.6348
vn 0.9915 0.0675 0.1111
vn -0.8868 0.2860 0.3630
vn 0.6938 0.6990 0.1731
vn -0.5511 0.6394 0.5361
vn 0.0975 0.7825 0.6149
vn -0.0585 0.9386 0.3400
vn -0.5741 0.6878 0.4442
vn 0.0079 -0.8485 0.5292
vn 0.6083 -0.6743 0.4187
vn -0.6564 -0.4258 0.6227
vn -0.8303 0.3816 0.4062
vn 0.7115 0.3867 0.5867
vn 0.2881 0.7522 0.5926
vn -0.3375 0.6641 0.6672
vn -0.8269 -0.1579 0.5398
vn -0.0038 -0.7057 0.7085
vn 0.7621 -0.2286 0.6058
vn -0.4332 0.4039 0.8058
vn -0.5741 -0.7239 0.3826
vn 0.6571 0.7290 -0.1919
vn 0.3237 -0.2157 0.9212
vn -0.3457 -0.1479 0.9266
vn 0.1154 0.3489 0.9300
vn 0.9151 -0.2772 -0.2928
vn -0.8228 -0.2585 0.5061
vn 0.1469 -0.9890 -0.0179
vn -0.8338 0.2860 0.4722
vn -0.6664 0.6496 0.3660
vn 0.2757 0.9581 -0.0775
vn 0.7749 -0.5957 -0.2116
vn -0.8271 -0.3604 0.4313
vn 0.9431 0.1821 -0.2781
vn -0.8715 -0.0958 0.4810
vn -0.5249 0.7826 0.3346
vn -0.5810 -0.7398 0.3394
vn 0.0525 0.9986 0.0101
vn 0.4223 -0.9012 -0.0973
vn 0.7785 -0.6096 -0.1496
vn 0.7328 -0.6480 -0.2077
vn -0.1913 -0.9655 0.1767
vn 0.6818 -0.7047 -0.1961
vn -0.7718 -0.4378 0.4613
vn 0.6904 0.6829 -0.2387
vn -0.4951 -0.8149 0.3013
vn 0.9328 0.1947 -0.3032
vn -0.8480 -0.1898 0.4949
vn -0.7003 0.5692 0.4309
vn -0.3503 0.9041 0.2447
vn -0.6542 -0.6600 0.3694
vn -0.8475 0.2279 0.4794
vn 0.5649 0.8097 -0.1590
vn -0.0138 0.9988 0.0462
vn -0.2879 -0.9446 0.1578
vn 0.5568 -0.8021 -0.2161
vn 0.2551 -0.9619 -0.0981
vn -0.7316 -0.5316 0.4267
vn 0.9288 0.1261 -0.3485
vn -0.8569 -0.1398 0.4961
vn 0.9295 -0.2897 -0.2281
vn 0.6874 0.6565 -0.3106
vn 0.4610 0.8777 -0.1309
vn -0.6923 0.5460 0.4719
vn -0.4972 0.7850 0.3696
vn -0.8107 0.2703 0.5193
vn -0.7023 -0.5577 0.4424
vn 0.9017 -0.1105 -0.4179
vn 0.0005 0.9976 0.0686
vn 0.4210 -0.8688 -0.2607
vn -0.8081 -0.0164 0.5889
vn 0.8338 0.2229 -0.5051
vn 0.5173 0.8233 -0.2337
vn 0.0755 -0.9971 0.0105
vn -0.5877 -0.6066 0.5354
vn 0.6190 -0.6656 -0.4169
vn 0.2153 0.9759 -0.0345
vn -0.6737 0.3921 0.6264
vn -0.2990 0.9008 0.3148
vn -0.8317 -0.0804 0.5494
vn -0.5778 0.5694 0.5848
vn -0.3146 -0.7859 0.5323
vn -0.2013 -0.9400 0.2754
vn 0.4738 0.8024 -0.3629
vn 0.5162 0.8451 -0.1389
vn 0.1966 -0.9661 -0.1676
vn 0.7506 -0.2743 -0.6011
vn -0.3570 0.6930 0.6263
vn -0.1217 -0.9440 0.3066
vn -0.4754 -0.4582 0.7511
vn -0.6463 0.0019 0.7631
vn 0.7168 0.5199 -0.4646
vn -0.4898 0.3902 0.7797
vn -0.1114 0.9518 0.2858
vn -0.4277 -0.4421 0.7884
vn 0.3470 0.9253 -0.1532
vn -0.2818 0.7698 0.5728
vn -0.0568 0.9467 0.3172
vn -0.0182 -0.9888 0.1484
vn 0.2696 -0.9373 -0.2208
vn 0.3798 -0.8314 -0.4056
vn -0.4697 0.0899 0.8782
vn 0.7298 0.2361 -0.6416
vn 0.6328 -0.5063 -0.5858
vn 0.4452 0.6943 -0.5654
vn -0.3874 0.4288 0.8161
vn -0.1756 0.8509 0.4951
vn 0.0645 -0.9978 0.0153
vn 0.5487 0.0907 -0.8311
vn -0.3102 0.5713 0.7599
vn -0.3009 -0.6795 0.6691
vn -0.2152 -0.5183 0.8277
vn -0.4380 0.0276 0.8986
vn -0.3864 0.2406 0.8904
vn 0.2548 0.9190 -0.3008
vn 0.0965 0.9792 0.1783
vn 0.4455 -0.5553 -0.7023
vn 0.5351 0.1474 -0.8318
vn 0.1917 0.9803 -0.0485
vn -0.3599 0.3811 0.8516
vn 0.2485 -0.9548 0.1629
vn 0.5221 -0.8524 0.0276
vn 0.5145 -0.5809 -0.6308
vn 0.3766 0.7897 -0.4843
vn 0.7394 0.4717 -0.4804
vn -0.2572 0.6234 0.7384
vn -0.1789 -0.8554 0.4861
vn -0.3403 -0.6564 0.6734
vn -0.2019 -0.6112 0.7652
vn 0.8093 -0.2566 -0.5284
vn 0.4007 0.9054 -0.1402
vn -0.2715 0.4296 0.8612
vn 0.2049 0.9783 0.0299
vn -0.1142 -0.8794 0.4622
vn 0.2779 -0.9539 0.1131
vn 0.1263 -0.9731 0.1926
vn 0.9650 -0.2615 0.0179
vn -0.3671 0.0489 0.9289
vn 0.8306 0.5526 -0.0683
vn -0.1427 0.7759 0.6145
vn -0.0225 0.8669 0.4980
vn -0.2778 -0.4602 0.8433
vn -0.3648 -0.2182 0.9052
vn 0.8007 -0.0360 0.5979
vn 0.7012 0.6304 0.3331
vn 0.0669 0.9499 0.3054
vn 0.0061 -0.8021 0.5971
vn 0.2536 -0.8115 0.5265
vn 0.5386 -0.5475 0.6404
vn -0.3491 0.1042 0.9313
vn 0.4221 0.7951 0.4354
vn -0.0817 0.6625 0.7446
vn 0.1420 0.8615 0.4875
vn -0.1628 -0.5728 0.8034
vn 0.0671 -0.6581 0.7499
vn 0.3541 -0.6210 0.6992
vn 0.3147 -0.3270 0.8911
vn 0.5602 0.2269 0.7967
vn 0.3341 0.6726 0.6603
vn -0.1064 -0.3907 0.9144
vn 0.1047 -0.4512 0.8863
vn 0.2560 0.1165 0.9596
vn 0.3942 0.2794 0.8755
vn -0.1470 0.1485 0.9779
vn 0.2003 0.5715 0.7958
vn -0.0339 0.2408 0.9700
vn 0.2230 0.0075 0.9748
vt 0.965729 0.815566
vt 0.956577 0.815842
vt 0.957351 0.814000
vt 0.954167 0.814651
vt 0.954454 0.816060
vt 0.967373 0.817485
vt 0.962970 0.819568
vt 0.959203 0.817550
vt 0.957789 0.818352
vt 0.789050 0.947878
vt 0.793692 0.947901
vt 0.799706 0.955663
vt 0.799283 0.951557
vt 0.802879 0.953693
vt 0.964790 0.822226
vt 0.957843 0.819660
vt 0.802173 0.963972
vt 0.805886 0.967572
vt 0.805845 0.971871
vt 0.950485 0.817204
vt 0.952516 0.817976
vt 0.785687 0.947409
vt 0.786430 0.943510
vt 0.798558 0.957441
vt 0.953573 0.819661
vt 0.791007 0.944781
vt 0.791207 0.936761
vt 0.798529 0.945113
vt 0.803101 0.947943
vt 0.964538 0.827892
vt 0.791225 0.961859
vt 0.797690 0.965030
vt 0.951260 0.818990
vt 0.782499 0.938222
vt 0.951496 0.820130
vt 0.787584 0.940845
vt 0.955834 0.823036
vt 0.778388 0.960951
vt 0.105588 0.610277
vt 0.104059 0.627317
vt 0.104059 0.604525
vt 0.946960 0.823004
vt 0.781903 0.643273
vt 0.785579 0.646535
vt 0.775065 0.648333
vt 0.024459 0.076163
vt 0.023833 0.073550
vt 0.026648 0.078830
vt 0.029803 0.086955
vt 0.949542 0.823847
vt 0.030609 0.084068
vt 0.791852 0.964308
vt 0.765093 0.951783
vt 0.026504 0.069250
vt 0.034490 0.082314
vt 0.964405 0.832381
vt 0.797349 0.937636
vt 0.801062 0.943401
vt 0.781026 0.963310
vt 0.788489 0.642397
vt 0.774756 0.631379
vt 0.783067 0.628330
vt 0.804502 0.649711
vt 0.802737 0.972968
vt 0.792554 0.973584
vt 0.005604 0.072244
vt 0.008878 0.069831
vt 0.949121 0.826222
vt 0.788432 0.926439
vt 0.799036 0.929669
vt 0.951629 0.829627
vt 0.010168 0.060849
vt 0.030004 0.066139
vt 0.034898 0.081895
vt 0.000327 0.178568
vt 0.000327 0.157434
vt 0.003106 0.170692
vt 0.012508 0.067098
vt 0.951024 0.836695
vt 0.018432 0.062862
vt 0.805886 0.929387
vt 0.040372 0.043477
vt 0.038809 0.037238
vt 0.040372 0.033207
vt 0.774227 0.961984
vt 0.793006 0.629597
vt 0.949747 0.834461
vt 0.947131 0.833307
vt 0.012744 0.056360
vt 0.038124 0.059280
vt 0.802774 0.640096
vt 0.809157 0.650110
vt 0.349956 0.878639
vt 0.363676 0.867748
vt 0.352542 0.885097
vt 0.526658 0.375399
vt 0.528194 0.391994
vt 0.526658 0.405272
vt 0.793760 0.624458
vt 0.778369 0.627122
vt 0.349882 0.875585
vt 0.349629 0.870122
vt 0.357965 0.862937
vt 0.967373 0.858680
vt 0.362205 0.882566
vt 0.532599 0.390995
vt 0.808576 0.642842
vt 0.943105 0.842798
vt 0.366753 0.870690
vt 0.367087 0.879448
vt 0.006559 0.059427
vt 0.805537 0.626992
vt 0.793658 0.613698
vt 0.638662 0.555349
vt 0.647715 0.550486
vt 0.633977 0.573722
vt 0.661250 0.554662
vt 0.344690 0.868087
vt 0.355362 0.863287
vt 0.364098 0.857190
vt 0.943012 0.839976
vt 0.369100 0.854861
vt 0.661478 0.559300
vt 0.647867 0.583413
vt 0.653777 0.568763
vt 0.369486 0.869541
vt 0.369147 0.875203
vt 0.370931 0.877391
vt 0.366127 0.883068
vt 0.024310 0.043760
vt 0.029620 0.046888
vt 0.789143 0.610842
vt 0.363892 0.851802
vt 0.363012 0.855752
vt 0.654847 0.564826
vt 0.648392 0.569085
vt 0.366107 0.852402
vt 0.366942 0.853240
vt 0.372353 0.857465
vt 0.661478 0.588498
vt 0.023829 0.039971
vt 0.036925 0.036740
vt 0.368337 0.848537
vt 0.368985 0.850208
vt 0.372600 0.850307
vt 0.373528 0.859918
vt 0.000066 0.054810
vt 0.002837 0.050642
vt 0.350533 0.859829
vt 0.366322 0.846088
vt 0.646445 0.575666
vt 0.374470 0.854635
vt 0.345818 0.838848
vt 0.370038 0.846751
vt 0.378374 0.851323
vt 0.377114 0.855739
vt 0.383585 0.853520
vt 0.015215 0.035907
vt 0.807835 0.613787
vt 0.641084 0.578632
vt 0.369215 0.842524
vt 0.645241 0.576573
vt 0.370383 0.842611
vt 0.645731 0.580281
vt 0.829177 0.659926
vt 0.644363 0.578923
vt 0.382867 0.836188
vt 0.005997 0.027538
vt 0.641224 0.583529
vt 0.383127 0.851509
vt 0.012270 0.030019
vt 0.792951 0.599557
vt 0.636637 0.585784
vt 0.368957 0.836878
vt 0.649056 0.960621
vt 0.643466 0.957222
vt 0.645042 0.955320
vt 0.641052 0.587625
vt 0.644502 0.948770
vt 0.398956 0.878387
vt 0.373740 0.882177
vt 0.814104 0.599072
vt 0.637826 0.588210
vt 0.028457 0.028214
vt 0.039665 0.028107
vt 0.887130 0.518238
vt 0.888794 0.539072
vt 0.885375 0.517775
vt 0.389994 0.899052
vt 0.000304 0.057916
vt 0.007764 0.093806
vt 0.000304 0.108694
vt 0.636741 0.968926
vt 0.639774 0.946812
vt 0.035893 0.017626
vt 0.005154 0.013860
vt 0.406825 0.852252
vt 0.801129 0.593074
vt 0.793602 0.596909
vt 0.799871 0.592267
vt 0.642980 0.951066
vt 0.041404 0.025542
vt 0.041917 0.019446
vt 0.706470 0.130141
vt 0.728055 0.106313
vt 0.732686 0.135252
vt 0.640631 0.946903
vt 0.641942 0.947452
vt 0.641306 0.944159
vt 0.040213 0.016522
vt 0.896989 0.529039
vt 0.890800 0.539183
vt 0.800768 0.590590
vt 0.041925 0.015748
vt 0.039764 0.011347
vt 0.640430 0.942658
vt 0.639752 0.939275
vt 0.029914 0.004064
vt 0.406825 0.895538
vt 0.714082 0.095336
vt 0.741559 0.105464
vt 0.812459 0.585758
vt 0.040240 0.006913
vt 0.751241 0.142886
vt 0.731532 0.137303
vt 0.636741 0.923865
vt 0.036427 0.008994
vt 0.019655 0.008008
vt 0.909463 0.636045
vt 0.933213 0.617339
vt 0.913375 0.659417
vt 0.000066 0.011432
vt 0.829177 0.606201
vt 0.747762 0.127831
vt 0.038369 0.006456
vt 0.891018 0.548095
vt 0.193446 0.698745
vt 0.196827 0.675854
vt 0.212729 0.698066
vt 0.747403 0.142748
vt 0.750801 0.147000
vt 0.895622 0.549725
vt 0.752654 0.145945
vt 0.033866 0.001413
vt 0.147417 0.696276
vt 0.149512 0.686905
vt 0.157560 0.693330
vt 0.885375 0.565839
vt 0.745614 0.081398
vt 0.177983 0.696399
vt 0.175392 0.695849
vt 0.172057 0.684254
vt 0.170835 0.690119
vt 0.913026 0.550315
vt 0.895417 0.556403
vt 0.190537 0.655307
vt 0.756340 0.148944
vt 0.164937 0.668688
vt 0.167186 0.692147
vt 0.933213 0.672348
vt 0.758200 0.147543
vt 0.170772 0.682295
vt 0.901914 0.570186
vt 0.143121 0.697838
vt 0.894430 0.559290
vt 0.196954 0.656267
vt 0.173335 0.676640
vt 0.758709 0.150369
vt 0.759521 0.151955
vt 0.167927 0.682478
vt 0.751050 0.162784
vt 0.154709 0.675867
vt 0.898317 0.563441
vt 0.758899 0.114100
vt 0.170564 0.676869
vt 0.760921 0.150902
vt 0.168562 0.677341
vt 0.170054 0.661272
vt 0.764418 0.151639
vt 0.143801 0.662951
vt 0.100132 0.675568
vt 0.136828 0.650212
vt 0.785700 0.139807
vt 0.765935 0.158339
vt 0.904135 0.579182
vt 0.139269 0.649409
vt 0.767379 0.157905
vt 0.167349 0.670837
vt 0.761687 0.164053
vt 0.766603 0.093708
vt 0.168131 0.666650
vt 0.768704 0.161433
vt 0.166664 0.666777
vt 0.146921 0.662108
vt 0.677212 0.892170
vt 0.669016 0.878734
vt 0.689284 0.893980
vt 0.883331 0.338968
vt 0.875503 0.343527
vt 0.885348 0.335498
vt 0.772540 0.167699
vt 0.879666 0.342826
vt 0.888791 0.359746
vt 0.879202 0.363910
vt 0.880844 0.349133
vt 0.888557 0.361686
vt 0.924566 0.687787
vt 0.897397 0.716771
vt 0.897397 0.663379
vt 0.167158 0.659959
vt 0.884524 0.341884
vt 0.966928 0.510345
vt 0.969231 0.504239
vt 0.970863 0.510587
vt 0.965256 0.501678
vt 0.291688 0.921596
vt 0.288980 0.918194
vt 0.291200 0.917528
vt 0.297596 0.917879
vt 0.288639 0.916399
vt 0.294722 0.914291
vt 0.300768 0.908530
vt 0.582768 0.963353
vt 0.578729 0.972084
vt 0.576649 0.966120
vt 0.573132 0.975096
vt 0.293964 0.907127
vt 0.583443 0.973070
vt 0.578607 0.974158
vt 0.576977 0.974602
vt 0.571522 0.979253
vt 0.568867 0.975106
vt 0.579211 0.979995
vt 0.573389 0.980986
vt 0.762626 0.083726
vt 0.817612 0.274298
vt 0.820928 0.277076
vt 0.817151 0.277501
vt 0.082695 0.829734
vt 0.079992 0.835554
vt 0.078263 0.835378
vt 0.975198 0.513400
vt 0.979474 0.513802
vt 0.977699 0.507180
vt 0.973755 0.502639
vt 0.966243 0.519815
vt 0.968731 0.512365
vt 0.969640 0.497685
vt 0.966165 0.514444
vt 0.297202 0.929062
vt 0.299479 0.924936
vt 0.302357 0.927858
vt 0.964419 0.512242
vt 0.962903 0.516553
vt 0.292117 0.926722
vt 0.290004 0.922018
vt 0.959350 0.510490
vt 0.575962 0.961476
vt 0.581106 0.956432
vt 0.959271 0.494334
vt 0.958479 0.503110
vt 0.567653 0.970744
vt 0.568786 0.963434
vt 0.954062 0.500849
vt 0.567025 0.968077
vt 0.953102 0.491446
vt 0.283061 0.917651
vt 0.286632 0.909568
vt 0.565985 0.972806
vt 0.291447 0.902257
vt 0.565859 0.977237
vt 0.291052 0.896978
vt 0.583840 0.983222
vt 0.573710 0.983283
vt 0.578828 0.983318
vt 0.166805 0.648164
vt 0.821606 0.274502
vt 0.829250 0.279017
vt 0.167688 0.655041
vt 0.165435 0.655756
vt 0.086368 0.827640
vt 0.089780 0.826472
vt 0.084204 0.825605
vt 0.084239 0.821302
vt 0.986006 0.509806
vt 0.078776 0.815630
vt 0.299839 0.942022
vt 0.294724 0.938944
vt 0.305895 0.936303
vt 0.979652 0.520177
vt 0.978503 0.502912
vt 0.078298 0.831798
vt 0.972681 0.493395
vt 0.095359 0.006325
vt 0.101648 0.003849
vt 0.100260 0.006081
vt 0.291221 0.939213
vt 0.290525 0.930670
vt 0.288062 0.928416
vt 0.963782 0.490455
vt 0.830705 0.700637
vt 0.832661 0.697367
vt 0.835622 0.699502
vt 0.835326 0.698325
vt 0.841599 0.700273
vt 0.959463 0.490082
vt 0.280916 0.920602
vt 0.558383 0.970554
vt 0.278009 0.912426
vt 0.562793 0.974599
vt 0.580942 0.984889
vt 0.572212 0.987068
vt 0.833746 0.282023
vt 0.163145 0.649610
vt 0.905234 0.344544
vt 0.903455 0.353625
vt 0.984846 0.516300
vt 0.247457 0.835469
vt 0.240952 0.830908
vt 0.247569 0.829316
vt 0.080910 0.846895
vt 0.295662 0.945635
vt 0.984540 0.502874
vt 0.979819 0.495826
vt 0.079293 0.842194
vt 0.095214 0.016615
vt 0.077629 0.844276
vt 0.091606 0.008237
vt 0.108589 0.002440
vt 0.285862 0.940997
vt 0.284385 0.934715
vt 0.065369 0.831423
vt 0.973746 0.488019
vt 0.821429 0.702542
vt 0.112241 0.000061
vt 0.282895 0.930488
vt 0.966597 0.484434
vt 0.094627 0.004439
vt 0.281307 0.925499
vt 0.960343 0.483235
vt 0.955349 0.486777
vt 0.273807 0.923537
vt 0.270580 0.922334
vt 0.556192 0.975603
vt 0.553328 0.969392
vt 0.276085 0.908609
vt 0.561700 0.980678
vt 0.556629 0.982022
vt 0.282714 0.891981
vt 0.291921 0.891011
vt 0.580402 0.989120
vt 0.175780 0.628050
vt 0.191237 0.617471
vt 0.900411 0.359665
vt 0.253602 0.832288
vt 0.256206 0.827403
vt 0.077904 0.808671
vt 0.291301 0.944647
vt 0.834227 0.705253
vt 0.080183 0.849840
vt 0.979504 0.489202
vt 0.274095 0.934954
vt 0.068975 0.835897
vt 0.062860 0.828624
vt 0.807271 0.695664
vt 0.271923 0.928165
vt 0.349632 0.408505
vt 0.363538 0.397368
vt 0.366330 0.423240
vt 0.837162 0.664895
vt 0.770357 0.681609
vt 0.770977 0.674246
vt 0.773815 0.683532
vt 0.269603 0.910173
vt 0.301618 0.148246
vt 0.290090 0.147862
vt 0.300625 0.143373
vt 0.803195 0.407602
vt 0.801085 0.404471
vt 0.807602 0.390967
vt 0.795016 0.405180
vt 0.794539 0.400239
vt 0.580828 0.992218
vt 0.212729 0.638279
vt 0.166962 0.626382
vt 0.165586 0.649341
vt 0.828657 0.297303
vt 0.158171 0.637345
vt 0.911334 0.378701
vt 0.875503 0.378956
vt 0.495332 0.724119
vt 0.495121 0.733281
vt 0.491271 0.726706
vt 0.248993 0.821653
vt 0.244913 0.822991
vt 0.235793 0.830308
vt 0.491034 0.721835
vt 0.235052 0.834720
vt 0.230006 0.834524
vt 0.985906 0.498203
vt 0.984192 0.491126
vt 0.075773 0.029904
vt 0.083484 0.012555
vt 0.099611 0.037077
vt 0.781471 0.694198
vt 0.973800 0.480729
vt 0.774432 0.688102
vt 0.780665 0.690846
vt 0.267334 0.920981
vt 0.765907 0.674772
vt 0.768617 0.669419
vt 0.551861 0.978378
vt 0.273122 0.904796
vt 0.564041 0.992218
vt 0.788254 0.398749
vt 0.788799 0.409412
vt 0.832283 0.238222
vt 0.829273 0.249747
vt 0.826296 0.244488
vt 0.796915 0.410345
vt 0.722036 0.878734
vt 0.699649 0.917662
vt 0.844363 0.278338
vt 0.840550 0.280808
vt 0.101218 0.030901
vt 0.108195 0.023364
vt 0.490337 0.732293
vt 0.486071 0.724572
vt 0.232006 0.826927
vt 0.226177 0.831483
vt 0.145184 0.012825
vt 0.223628 0.836745
vt 0.486529 0.716062
vt 0.480415 0.717109
vt 0.982494 0.483614
vt 0.807251 0.713841
vt 0.413036 0.683839
vt 0.406213 0.684457
vt 0.404781 0.668713
vt 0.279642 0.942749
vt 0.977152 0.483781
vt 0.784028 0.690808
vt 0.056457 0.846927
vt 0.784987 0.685984
vt 0.055460 0.829409
vt 0.778955 0.686020
vt 0.781378 0.684767
vt 0.267983 0.925103
vt 0.778148 0.678630
vt 0.773112 0.671317
vt 0.385443 0.417246
vt 0.264858 0.919205
vt 0.262118 0.911777
vt 0.765427 0.664706
vt 0.771431 0.666209
vt 0.297115 0.153884
vt 0.556113 0.991966
vt 0.783160 0.081398
vt 0.686188 0.913596
vt 0.842978 0.261461
vt 0.678218 0.910553
vt 0.164285 0.645457
vt 0.908552 0.355602
vt 0.103384 0.035245
vt 0.112563 0.027884
vt 0.116314 0.023624
vt 0.728866 0.141188
vt 0.720944 0.160353
vt 0.701778 0.147978
vt 0.093505 0.854021
vt 0.484620 0.727372
vt 0.478966 0.723122
vt 0.310553 0.038975
vt 0.306399 0.036951
vt 0.309593 0.002275
vt 0.286568 0.006857
vt 0.410621 0.687041
vt 0.398607 0.685319
vt 0.072625 0.805255
vt 0.398387 0.682972
vt 0.984016 0.486691
vt 0.978065 0.479451
vt 0.267439 0.929718
vt 0.781250 0.692508
vt 0.399243 0.673662
vt 0.783061 0.688529
vt 0.054966 0.839230
vt 0.286568 0.049689
vt 0.265314 0.923676
vt 0.308466 0.148509
vt 0.313198 0.155169
vt 0.304930 0.157062
vt 0.768208 0.656669
vt 0.549944 0.992064
vt 0.813649 0.405966
vt 0.804184 0.416667
vt 0.823517 0.252039
vt 0.818130 0.244833
vt 0.799120 0.413004
vt 0.793307 0.412865
vt 0.848490 0.278299
vt 0.843646 0.281732
vt 0.163479 0.645505
vt 0.843000 0.291847
vt 0.840812 0.297054
vt 0.830510 0.301525
vt 0.826588 0.306516
vt 0.823450 0.304346
vt 0.909805 0.351840
vt 0.909294 0.353606
vt 0.910040 0.364887
vt 0.912672 0.390542
vt 0.920360 0.704357
vt 0.085765 0.051839
vt 0.209623 0.807711
vt 0.202722 0.822204
vt 0.191892 0.822638
vt 0.748433 0.150341
vt 0.740546 0.157325
vt 0.121901 0.032358
vt 0.094719 0.801657
vt 0.493704 0.738265
vt 0.245343 0.818133
vt 0.241242 0.819611
vt 0.234180 0.820919
vt 0.231181 0.825032
vt 0.220490 0.833195
vt 0.217762 0.834495
vt 0.288363 0.000155
vt 0.074236 0.803509
vt 0.219073 0.837426
vt 0.215093 0.835761
vt 0.395654 0.684169
vt 0.986006 0.483041
vt 0.208204 0.869377
vt 0.205658 0.870551
vt 0.209623 0.863288
vt 0.394897 0.681034
vt 0.471591 0.512788
vt 0.474218 0.514605
vt 0.457921 0.514830
vt 0.781318 0.678478
vt 0.047470 0.343567
vt 0.042077 0.346331
vt 0.041774 0.341478
vt 0.779473 0.677370
vt 0.778380 0.674878
vt 0.808218 0.655622
vt 0.775444 0.662632
vt 0.296730 0.164290
vt 0.813649 0.416642
vt 0.785513 0.413202
vt 0.616990 0.026742
vt 0.614410 0.007357
vt 0.622892 0.001373
vt 0.163231 0.643183
vt 0.847603 0.283134
vt 0.829634 0.306980
vt 0.846301 0.293434
vt 0.842018 0.310866
vt 0.134294 0.646195
vt 0.828010 0.309484
vt 0.912320 0.353735
vt 0.913208 0.351389
vt 0.911576 0.357883
vt 0.829332 0.311337
vt 0.826008 0.309712
vt 0.187808 0.829946
vt 0.179838 0.828202
vt 0.734948 0.163349
vt 0.796696 0.729800
vt 0.715632 0.160017
vt 0.202074 0.835062
vt 0.200931 0.830590
vt 0.209620 0.819041
vt 0.132728 0.021428
vt 0.490029 0.741371
vt 0.243836 0.814200
vt 0.214025 0.813321
vt 0.214025 0.841599
vt 0.698821 0.155228
vt 0.707437 0.155903
vt 0.480327 0.731865
vt 0.223649 0.827577
vt 0.224347 0.822847
vt 0.221092 0.828323
vt 0.217590 0.827550
vt 0.076792 0.800360
vt 0.218687 0.830127
vt 0.390746 0.683106
vt 0.394819 0.689428
vt 0.473189 0.722233
vt 0.476712 0.727285
vt 0.460151 0.513206
vt 0.384592 0.682495
vt 0.386609 0.684134
vt 0.389376 0.671890
vt 0.470181 0.718128
vt 0.269643 0.944721
vt 0.059570 0.818118
vt 0.453446 0.536899
vt 0.053310 0.826011
vt 0.047407 0.350402
vt 0.781492 0.663627
vt 0.047433 0.828032
vt 0.049206 0.826010
vt 0.037778 0.339588
vt 0.778522 0.671145
vt 0.033288 0.344996
vt 0.777077 0.669818
vt 0.257888 0.918270
vt 0.314042 0.162059
vt 0.813348 0.250189
vt 0.811825 0.245649
vt 0.797798 0.420197
vt 0.793738 0.420106
vt 0.510042 0.032250
vt 0.502594 0.012786
vt 0.529112 0.024720
vt 0.849277 0.281247
vt 0.851993 0.283441
vt 0.144830 0.085559
vt 0.117614 0.075347
vt 0.848771 0.288107
vt 0.869549 0.278453
vt 0.869549 0.324528
vt 0.091564 0.075520
vt 0.152669 0.633131
vt 0.914580 0.369745
vt 0.912787 0.369254
vt 0.914799 0.348314
vt 0.743942 0.160461
vt 0.739248 0.160730
vt 0.742799 0.157444
vt 0.187141 0.840566
vt 0.746499 0.154912
vt 0.765427 0.717245
vt 0.716198 0.163047
vt 0.720894 0.162954
vt 0.711201 0.166790
vt 0.706722 0.161535
vt 0.281467 0.810544
vt 0.270565 0.805825
vt 0.276521 0.805668
vt 0.209530 0.829316
vt 0.200711 0.845987
vt 0.702747 0.160672
vt 0.481428 0.739735
vt 0.228253 0.819723
vt 0.221255 0.823443
vt 0.065208 0.806552
vt 0.462513 0.511580
vt 0.446724 0.512726
vt 0.381118 0.684023
vt 0.262815 0.934757
vt 0.058661 0.810128
vt 0.057720 0.815610
vt 0.402220 0.663192
vt 0.053118 0.846549
vt 0.049612 0.817042
vt 0.044819 0.351739
vt 0.047063 0.833871
vt 0.510860 0.541915
vt 0.044638 0.821719
vt 0.778038 0.665119
vt 0.318522 0.157327
vt 0.306143 0.164487
vt 0.411425 0.408094
vt 0.419299 0.452543
vt 0.816481 0.255336
vt 0.789540 0.419294
vt 0.825440 0.258917
vt 0.708787 0.936158
vt 0.700259 0.924928
vt 0.640201 0.025122
vt 0.854324 0.278490
vt 0.851108 0.279284
vt 0.851946 0.275378
vt 0.847652 0.269363
vt 0.161404 0.633774
vt 0.527643 0.000523
vt 0.529765 0.007291
vt 0.161328 0.639053
vt 0.898747 0.723589
vt 0.906181 0.719121
vt 0.913354 0.719131
vt 0.916171 0.716023
vt 0.913930 0.717807
vt 0.913628 0.388139
vt 0.741829 0.167562
vt 0.737531 0.169571
vt 0.741968 0.165477
vt 0.743923 0.164486
vt 0.743771 0.166571
vt 0.745035 0.165520
vt 0.729720 0.170781
vt 0.166478 0.852926
vt 0.164228 0.839742
vt 0.716489 0.167529
vt 0.723975 0.165091
vt 0.049314 0.062321
vt 0.711875 0.168506
vt 0.262091 0.800464
vt 0.284641 0.805925
vt 0.189333 0.845371
vt 0.224338 0.816216
vt 0.184708 0.859498
vt 0.081799 0.797417
vt 0.235413 0.811434
vt 0.231835 0.816545
vt 0.227028 0.817652
vt 0.225281 0.819036
vt 0.222485 0.819441
vt 0.690328 0.151123
vt 0.471189 0.726718
vt 0.068921 0.794761
vt 0.059421 0.804643
vt 0.446631 0.519922
vt 0.446720 0.527771
vt 0.257888 0.938299
vt 0.045761 0.356241
vt 0.036593 0.349032
vt 0.042430 0.826302
vt 0.029390 0.347749
vt 0.025978 0.343676
vt 0.778503 0.661157
vt 0.403229 0.215834
vt 0.380293 0.157159
vt 0.404496 0.153994
vt 0.776216 0.660220
vt 0.773727 0.658319
vt 0.771577 0.654924
vt 0.805772 0.249583
vt 0.809444 0.422375
vt 0.804883 0.423118
vt 0.504798 0.037180
vt 0.511349 0.035800
vt 0.521291 0.030271
vt 0.542832 0.021817
vt 0.609768 0.024765
vt 0.846813 0.263551
vt 0.846573 0.257279
vt 0.679417 0.913193
vt 0.843180 0.257946
vt 0.126382 0.094243
vt 0.107499 0.103404
vt 0.975137 0.565207
vt 0.962577 0.556422
vt 0.966050 0.547683
vt 0.970554 0.544411
vt 0.927001 0.687025
vt 0.925622 0.693909
vt 0.291279 0.803662
vt 0.289780 0.802877
vt 0.300070 0.787322
vt 0.916132 0.397508
vt 0.530606 0.670855
vt 0.533722 0.706660
vt 0.523903 0.690372
vt 0.726376 0.172714
vt 0.707124 0.169983
vt 0.699919 0.174705
vt 0.240073 0.805763
vt 0.230642 0.812957
vt 0.484381 0.742976
vt 0.244141 0.808901
vt 0.198191 0.872655
vt 0.068621 0.783231
vt 0.476195 0.737561
vt 0.470701 0.735716
vt 0.463783 0.494670
vt 0.367029 0.687102
vt 0.465054 0.721885
vt 0.061448 0.798249
vt 0.460800 0.716062
vt 0.441781 0.512649
vt 0.053260 0.807470
vt 0.384632 0.672346
vt 0.260280 0.942077
vt 0.388036 0.666874
vt 0.392774 0.658678
vt 0.042309 0.816655
vt 0.046897 0.854021
vt 0.777030 0.655917
vt 0.313245 0.166933
vt 0.777920 0.653258
vt 0.774164 0.655984
vt 0.300460 0.170799
vt 0.809229 0.255522
vt 0.384930 0.485880
vt 0.292476 0.169711
vt 0.821441 0.261293
vt 0.800446 0.424129
vt 0.794348 0.424641
vt 0.788985 0.423845
vt 0.112431 0.102955
vt 0.121018 0.099041
vt 0.119415 0.102088
vt 0.127607 0.097850
vt 0.526666 0.030558
vt 0.553060 0.002900
vt 0.568394 0.010324
vt 0.679675 0.928320
vt 0.677315 0.914860
vt 0.687210 0.919745
vt 0.685558 0.916098
vt 0.690022 0.916192
vt 0.691636 0.918919
vt 0.158986 0.632242
vt 0.974174 0.539605
vt 0.970326 0.536762
vt 0.924556 0.709327
vt 0.922156 0.710235
vt 0.738678 0.177840
vt 0.042791 0.105523
vt 0.523907 0.702061
vt 0.543148 0.680313
vt 0.215068 0.769976
vt 0.706611 0.173099
vt 0.172268 0.860112
vt 0.174578 0.864675
vt 0.236388 0.808672
vt 0.481907 0.745169
vt 0.478977 0.741858
vt 0.482931 0.747559
vt 0.429233 0.843697
vt 0.433536 0.822096
vt 0.447197 0.835162
vt 0.423473 0.508601
vt 0.428250 0.512577
vt 0.418917 0.512356
vt 0.375253 0.674197
vt 0.432826 0.522763
vt 0.054175 0.786439
vt 0.423993 0.532910
vt 0.041773 0.806046
vt 0.033275 0.352300
vt 0.034986 0.828789
vt 0.027364 0.817417
vt 0.214567 0.560426
vt 0.218940 0.542580
vt 0.218940 0.565207
vt 0.214891 0.550780
vt 0.021987 0.346083
vt 0.774067 0.653774
vt 0.347262 0.179191
vt 0.307767 0.171369
vt 0.803685 0.251937
vt 0.801635 0.250571
vt 0.809858 0.259233
vt 0.809782 0.426877
vt 0.805148 0.427583
vt 0.793989 0.429268
vt 0.127443 0.108400
vt 0.108059 0.105529
vt 0.553218 0.021611
vt 0.552021 0.019388
vt 0.562930 0.014967
vt 0.699569 0.929665
vt 0.694080 0.922017
vt 0.699365 0.927291
vt 0.607814 0.028834
vt 0.631072 0.026986
vt 0.106591 0.817140
vt 0.113949 0.817643
vt 0.114534 0.824261
vt 0.108251 0.805691
vt 0.111246 0.812136
vt 0.975137 0.534189
vt 0.972833 0.535410
vt 0.971060 0.532211
vt 0.961853 0.550779
vt 0.292847 0.803941
vt 0.916651 0.718475
vt 0.918102 0.719502
vt 0.957774 0.556203
vt 0.919452 0.718606
vt 0.525773 0.708804
vt 0.526705 0.712083
vt 0.523903 0.710603
vt 0.524451 0.712720
vt 0.527655 0.710920
vt 0.538655 0.698154
vt 0.544635 0.686761
vt 0.167164 0.862151
vt 0.474694 0.742693
vt 0.473426 0.739428
vt 0.465983 0.730186
vt 0.409708 0.511024
vt 0.459884 0.720301
vt 0.141255 0.076086
vt 0.137162 0.059779
vt 0.144407 0.059779
vt 0.423364 0.524804
vt 0.458712 0.718435
vt 0.257963 0.944169
vt 0.042939 0.357925
vt 0.048820 0.361246
vt 0.035713 0.358772
vt 0.427905 0.539452
vt 0.026104 0.353608
vt 0.372491 0.138743
vt 0.400197 0.127494
vt 0.607976 0.950931
vt 0.625296 0.955191
vt 0.625042 0.957392
vt 0.316360 0.174536
vt 0.320043 0.170754
vt 0.803022 0.254101
vt 0.798637 0.250393
vt 0.805532 0.256823
vt 0.805959 0.260376
vt 0.807345 0.257826
vt 0.293101 0.174180
vt 0.824441 0.268612
vt 0.812903 0.264621
vt 0.773188 0.278075
vt 0.797742 0.239258
vt 0.400589 0.469051
vt 0.576056 0.010598
vt 0.585042 0.007920
vt 0.089534 0.110062
vt 0.079426 0.110508
vt 0.692529 0.937871
vt 0.610439 0.032052
vt 0.617459 0.031413
vt 0.621858 0.029262
vt 0.969481 0.533384
vt 0.968624 0.539118
vt 0.967175 0.541802
vt 0.964650 0.542618
vt 0.964049 0.546456
vt 0.962131 0.543318
vt 0.960574 0.546844
vt 0.959218 0.544055
vt 0.959809 0.549937
vt 0.955453 0.547907
vt 0.748433 0.176277
vt 0.305172 0.786337
vt 0.953149 0.556068
vt 0.784007 0.379125
vt 0.782314 0.381110
vt 0.787147 0.372774
vt 0.280813 0.773141
vt 0.782442 0.385785
vt 0.777853 0.383408
vt 0.761063 0.363055
vt 0.759895 0.355980
vt 0.534628 0.711327
vt 0.778137 0.387559
vt 0.763162 0.370771
vt 0.702284 0.177239
vt 0.545917 0.698190
vt 0.168652 0.866400
vt 0.546749 0.689456
vt 0.461376 0.766339
vt 0.781306 0.415569
vt 0.788805 0.437880
vt 0.762528 0.414466
vt 0.464203 0.735882
vt 0.468805 0.737822
vt 0.464987 0.732545
vt 0.672438 0.493036
vt 0.683339 0.501063
vt 0.680664 0.501613
vt 0.375663 0.501236
vt 0.381961 0.503858
vt 0.764557 0.267641
vt 0.738955 0.260265
vt 0.738608 0.259337
vt 0.769703 0.273557
vt 0.728097 0.263952
vt 0.686506 0.078515
vt 0.696824 0.058674
vt 0.681616 0.100930
vt 0.367390 0.683461
vt 0.455478 0.722020
vt 0.381934 0.504817
vt 0.767945 0.276048
vt 0.049469 0.366577
vt 0.044194 0.362404
vt 0.046276 0.362352
vt 0.455662 0.717377
vt 0.044266 0.360584
vt 0.019604 0.001858
vt 0.021739 0.000027
vt 0.021739 0.004658
vt 0.367154 0.659821
vt 0.039844 0.360510
vt 0.385438 0.655965
vt 0.608018 0.963399
vt 0.032897 0.843624
vt 0.312726 0.175662
vt 0.305791 0.177212
vt 0.296819 0.178442
vt 0.807840 0.262534
vt 0.817227 0.266741
vt 0.806701 0.435395
vt 0.801510 0.432746
vt 0.770395 0.238222
vt 0.543073 0.032741
vt 0.583217 0.009515
vt 0.069450 0.117458
vt 0.606436 0.041582
vt 0.644398 0.040619
vt 0.633653 0.030521
vt 0.640864 0.028414
vt 0.116963 0.823328
vt 0.102954 0.801559
vt 0.107424 0.804209
vt 0.973243 0.525722
vt 0.966635 0.536273
vt 0.964474 0.539226
vt 0.962708 0.536652
vt 0.962186 0.540483
vt 0.788805 0.366836
vt 0.785746 0.358407
vt 0.482559 0.791911
vt 0.611149 0.731369
vt 0.605929 0.729630
vt 0.639649 0.720878
vt 0.630250 0.719330
vt 0.774970 0.394039
vt 0.766625 0.386835
vt 0.266274 0.772505
vt 0.551232 0.700836
vt 0.550355 0.692612
vt 0.549397 0.684573
vt 0.165549 0.871731
vt 0.773825 0.403076
vt 0.422121 0.831788
vt 0.749856 0.410400
vt 0.764398 0.395626
vt 0.765153 0.256640
vt 0.720417 0.385452
vt 0.733536 0.366792
vt 0.694502 0.051369
vt 0.687338 0.493443
vt 0.677921 0.056724
vt 0.416472 0.532477
vt 0.031597 0.362744
vt 0.029076 0.357815
vt 0.402849 0.541915
vt 0.395138 0.639280
vt 0.024554 0.357213
vt 0.615534 0.969570
vt 0.023665 0.355790
vt 0.019646 0.354176
vt 0.368187 0.934734
vt 0.365942 0.938902
vt 0.362607 0.938128
vt 0.360863 0.936746
vt 0.309068 0.176500
vt 0.302609 0.177632
vt 0.812740 0.430762
vt 0.816967 0.270168
vt 0.812961 0.268186
vt 0.795260 0.434268
vt 0.790709 0.434739
vt 0.789709 0.432976
vt 0.785315 0.279528
vt 0.348303 0.156275
vt 0.447726 0.422719
vt 0.428960 0.447115
vt 0.411371 0.463831
vt 0.604559 0.043477
vt 0.637860 0.043477
vt 0.062303 0.118624
vt 0.130432 0.818854
vt 0.122807 0.829177
vt 0.120583 0.823089
vt 0.035657 0.126819
vt 0.640747 0.032268
vt 0.117406 0.816845
vt 0.114269 0.810884
vt 0.110725 0.804623
vt 0.110101 0.802563
vt 0.104805 0.800082
vt 0.102821 0.798134
vt 0.967826 0.529025
vt 0.786561 0.351522
vt 0.654516 0.738597
vt 0.604971 0.773278
vt 0.028106 0.128458
vt 0.014453 0.099201
vt 0.709029 0.200072
vt 0.675453 0.714326
vt 0.750271 0.367524
vt 0.785485 0.405687
vt 0.778166 0.404913
vt 0.430802 0.821211
vt 0.767601 0.254928
vt 0.432802 0.819758
vt 0.682854 0.502301
vt 0.698783 0.017830
vt 0.696159 0.024574
vt 0.436227 0.822105
vt 0.362460 0.677186
vt 0.725235 0.296835
vt 0.770172 0.302789
vt 0.021786 0.366618
vt 0.365074 0.108367
vt 0.400541 0.100412
vt 0.321423 0.176494
vt 0.311736 0.179958
vt 0.379656 0.945450
vt 0.309233 0.178603
vt 0.308281 0.180867
vt 0.305813 0.179020
vt 0.299457 0.181455
vt 0.295421 0.182503
vt 0.292625 0.183817
vt 0.800452 0.436450
vt 0.796309 0.437514
vt 0.791345 0.438488
vt 0.815595 0.273610
vt 0.425583 0.452841
vt 0.424158 0.454458
vt 0.112369 0.801618
vt 0.107727 0.756153
vt 0.651853 0.770609
vt 0.511538 0.668018
vt 0.521063 0.662913
vt 0.519675 0.678559
vt 0.739574 0.195383
vt 0.254912 0.507451
vt 0.230509 0.478164
vt 0.240943 0.469984
vt 0.651461 0.698192
vt 0.687858 0.182628
vt 0.606373 0.723186
vt 0.772984 0.397124
vt 0.755886 0.380870
vt 0.745317 0.373005
vt 0.604971 0.718712
vt 0.642845 0.023292
vt 0.625050 0.001451
vt 0.642845 0.001252
vt 0.748593 0.377875
vt 0.047155 0.404980
vt 0.065485 0.364974
vt 0.749800 0.245508
vt 0.711315 0.074401
vt 0.427079 0.818891
vt 0.431000 0.818484
vt 0.684426 0.504788
vt 0.685265 0.503559
vt 0.707050 0.036020
vt 0.702695 0.001157
vt 0.362797 0.684254
vt 0.365030 0.673892
vt 0.684091 0.023873
vt 0.365146 0.667443
vt 0.366590 0.670501
vt 0.380328 0.541043
vt 0.369670 0.656772
vt 0.879743 0.454961
vt 0.856647 0.418952
vt 0.851608 0.391460
vt 0.892841 0.391460
vt 0.385287 0.644036
vt 0.014089 0.350778
vt 0.381980 0.953937
vt 0.003999 0.357957
vt 0.012575 0.348124
vt 0.310135 0.192543
vt 0.297875 0.187162
vt 0.290090 0.186927
vt 0.808855 0.436758
vt 0.804614 0.437262
vt 0.787245 0.453028
vt 0.400515 0.472458
vt 0.256206 0.911306
vt 0.245859 0.925114
vt 0.243178 0.923606
vt 0.406736 0.469048
vt 0.614895 0.000523
vt 0.040372 0.059005
vt 0.038121 0.052291
vt 0.040372 0.049752
vt 0.028786 0.130428
vt 0.120120 0.781924
vt 0.305895 0.779414
vt 0.266210 0.497025
vt 0.510129 0.657282
vt 0.745872 0.079099
vt 0.735686 0.078462
vt 0.748433 0.050771
vt 0.634056 0.702338
vt 0.612412 0.711892
vt 0.730675 0.220540
vt 0.725235 0.210529
vt 0.724373 0.020959
vt 0.430230 0.816360
vt 0.437362 0.773731
vt 0.434656 0.798202
vt 0.430825 0.812569
vt 0.433873 0.815292
vt 0.358838 0.682717
vt 0.344149 0.689428
vt 0.308512 0.687935
vt 0.030823 0.399238
vt 0.269013 0.340832
vt 0.284987 0.289078
vt 0.308578 0.340832
vt 0.529493 0.371386
vt 0.520721 0.375769
vt 0.520040 0.354841
vt 0.363141 0.942305
vt 0.359479 0.940202
vt 0.358567 0.938759
vt 0.358574 0.936469
vt 0.296766 0.189057
vt 0.810649 0.448008
vt 0.806380 0.284289
vt 0.454999 0.413606
vt 0.449091 0.424230
vt 0.347029 0.166835
vt 0.438870 0.439738
vt 0.387776 0.485539
vt 0.060390 0.543987
vt 0.057986 0.540378
vt 0.069562 0.545191
vt 0.051132 0.541719
vt 0.062665 0.546503
vt 0.037151 0.539665
vt 0.130432 0.792207
vt 0.284419 0.534152
vt 0.280765 0.512880
vt 0.284574 0.501507
vt 0.005658 0.132918
vt 0.304156 0.773676
vt 0.725084 0.202932
vt 0.748433 0.028312
vt 0.744055 0.030575
vt 0.729639 0.050542
vt 0.721907 0.072346
vt 0.694876 0.195333
vt 0.717795 0.088974
vt 0.408914 0.835023
vt 0.416201 0.823422
vt 0.422582 0.818324
vt 0.649765 0.695835
vt 0.681419 0.521138
vt 0.747391 0.236087
vt 0.738031 0.224869
vt 0.694340 0.506945
vt 0.412324 0.782774
vt 0.426178 0.814945
vt 0.362648 0.669781
vt 0.361994 0.662961
vt 0.695210 0.484289
vt 0.529493 0.345040
vt 0.315283 0.654203
vt 0.374150 0.647137
vt 0.015338 0.381118
vt 0.380694 0.074964
vt 0.404496 0.077960
vt 0.371373 0.956468
vt 0.794908 0.456575
vt 0.346872 0.130701
vt 0.784385 0.281904
vt 0.456766 0.415375
vt 0.346706 0.156533
vt 0.344966 0.149895
vt 0.218096 0.929010
vt 0.345354 0.156668
vt 0.041865 0.538866
vt 0.022388 0.548126
vt 0.002538 0.530733
vt 0.297715 0.510058
vt 0.014302 0.134311
vt 0.251204 0.462456
vt 0.722614 0.305455
vt 0.718179 0.303974
vt 0.726057 0.304134
vt 0.720779 0.309195
vt 0.305729 0.908368
vt 0.324553 0.845286
vt 0.343161 0.874420
vt 0.295712 0.773935
vt 0.399761 0.792600
vt 0.390525 0.784455
vt 0.392385 0.782306
vt 0.399959 0.805163
vt 0.733251 0.032612
vt 0.400075 0.775400
vt 0.096364 0.376559
vt 0.659097 0.680615
vt 0.714988 0.074753
vt 0.719400 0.064897
vt 0.712794 0.081611
vt 0.715723 0.087724
vt 0.724577 0.051482
vt 0.364547 0.660624
vt 0.614737 0.980660
vt 0.607976 0.987559
vt 0.616490 0.973712
vt 0.618817 0.971175
vt 0.622705 0.966768
vt 0.197366 0.275197
vt 0.210875 0.312168
vt 0.168361 0.318694
vt 0.360712 0.955795
vt 0.627206 0.962707
vt 0.357910 0.946183
vt 0.695163 0.351273
vt 0.693147 0.348966
vt 0.696087 0.349829
vt 0.694346 0.352629
vt 0.001992 0.374939
vt 0.174716 0.297257
vt 0.355859 0.939271
vt 0.000440 0.340921
vt 0.820314 0.287645
vt 0.347230 0.113962
vt 0.789953 0.761969
vt 0.792761 0.760705
vt 0.793191 0.761720
vt 0.795151 0.760886
vt 0.274895 0.445781
vt 0.305729 0.847639
vt 0.721507 0.299423
vt 0.718968 0.301346
vt 0.715688 0.308377
vt 0.376619 0.768718
vt 0.376619 0.820037
vt 0.401490 0.833061
vt 0.402797 0.817966
vt 0.406099 0.825231
vt 0.405712 0.834821
vt 0.410081 0.827097
vt 0.410375 0.821458
vt 0.407480 0.822528
vt 0.409004 0.794544
vt 0.727886 0.030827
vt 0.405235 0.774168
vt 0.418550 0.820342
vt 0.419814 0.817526
vt 0.416300 0.810223
vt 0.420382 0.814920
vt 0.026534 0.433439
vt 0.368122 0.647660
vt 0.369446 0.651508
vt 0.386659 0.633740
vt 0.626353 0.966708
vt 0.697651 0.352466
vt 0.695850 0.354272
vt 0.305763 0.290680
vt 0.697000 0.351245
vt 0.540108 0.958412
vt 0.538030 0.958386
vt 0.540665 0.956534
vt 0.534047 0.957991
vt 0.700188 0.351675
vt 0.259640 0.284868
vt 0.353080 0.077763
vt 0.808936 0.467383
vt 0.348768 0.099723
vt 0.342782 0.117852
vt 0.787637 0.765411
vt 0.787868 0.763986
vt 0.790147 0.759396
vt 0.793995 0.764149
vt 0.792570 0.759013
vt 0.797791 0.762482
vt 0.797220 0.760218
vt 0.797180 0.759483
vt 0.296847 0.491789
vt 0.282316 0.449613
vt 0.117544 0.402309
vt 0.112050 0.411211
vt 0.111308 0.407552
vt 0.090605 0.558843
vt 0.127327 0.611790
vt 0.069956 0.577638
vt 0.712720 0.306225
vt 0.721326 0.313144
vt 0.529493 0.657282
vt 0.726421 0.315723
vt 0.723538 0.315182
vt 0.292513 0.772180
vt 0.298426 0.771922
vt 0.720331 0.202277
vt 0.089254 0.438277
vt 0.701526 0.203123
vt 0.402645 0.839094
vt 0.694614 0.198256
vt 0.265969 0.770715
vt 0.411400 0.824404
vt 0.411916 0.810938
vt 0.412757 0.819855
vt 0.413819 0.822375
vt 0.685363 0.521230
vt 0.682800 0.521955
vt 0.415776 0.819539
vt 0.415997 0.816787
vt 0.697531 0.507172
vt 0.695409 0.507701
vt 0.697918 0.492354
vt 0.699556 0.490802
vt 0.019032 0.407596
vt 0.370735 0.647017
vt 0.371857 0.645113
vt 0.373793 0.643336
vt 0.373975 0.978449
vt 0.369773 0.971685
vt 0.371386 0.977182
vt 0.624534 0.972878
vt 0.621850 0.974767
vt 0.364699 0.964270
vt 0.917330 0.414200
vt 0.893731 0.425272
vt 0.893724 0.409984
vt 0.352881 0.943631
vt 0.540619 0.961020
vt 0.536878 0.960618
vt 0.353587 0.939923
vt 0.529525 0.958950
vt 0.324282 0.320069
vt 0.708393 0.350663
vt 0.528555 0.954582
vt 0.188275 0.272782
vt 0.821262 0.315212
vt 0.346321 0.099112
vt 0.404658 0.489625
vt 0.252510 0.941829
vt 0.453938 0.455646
vt 0.781001 0.766760
vt 0.784492 0.763790
vt 0.782457 0.767838
vt 0.778493 0.771911
vt 0.797029 0.766176
vt 0.804108 0.759698
vt 0.805209 0.556888
vt 0.805931 0.555148
vt 0.814033 0.561535
vt 0.594289 0.043454
vt 0.061553 0.492752
vt 0.291611 0.432121
vt 0.092481 0.539733
vt 0.127327 0.492539
vt 0.871102 0.454036
vt 0.859686 0.476699
vt 0.859686 0.426114
vt 0.698308 0.304546
vt 0.703924 0.304674
vt 0.701636 0.306235
vt 0.708795 0.306894
vt 0.110018 0.416097
vt 0.710866 0.309600
vt 0.713485 0.304755
vt 0.720035 0.315472
vt 0.723901 0.318091
vt 0.726689 0.317602
vt 0.732057 0.203633
vt 0.293228 0.769849
vt 0.296739 0.769626
vt 0.693023 0.236020
vt 0.707358 0.202798
vt 0.715847 0.206664
vt 0.716756 0.202816
vt 0.396079 0.844705
vt 0.704695 0.202529
vt 0.696330 0.206809
vt 0.263567 0.768893
vt 0.694453 0.513584
vt 0.698419 0.503740
vt 0.045575 0.018633
vt 0.045575 0.000428
vt 0.049689 0.008243
vt 0.851703 0.700390
vt 0.858013 0.712175
vt 0.845841 0.705108
vt 0.847214 0.698817
vt 0.850574 0.698132
vt 0.371995 0.979795
vt 0.366317 0.974468
vt 0.858912 0.694377
vt 0.366190 0.971667
vt 0.628870 0.983359
vt 0.349034 0.946527
vt 0.539394 0.966298
vt 0.314871 0.291278
vt 0.523211 0.946384
vt 0.576343 0.370488
vt 0.582107 0.378417
vt 0.581301 0.379575
vt 0.714467 0.356794
vt 0.713961 0.357405
vt 0.586010 0.380958
vt 0.580875 0.381460
vt 0.591708 0.380465
vt 0.587890 0.382318
vt 0.801227 0.147513
vt 0.793587 0.134913
vt 0.797329 0.120155
vt 0.353132 0.061287
vt 0.591014 0.381777
vt 0.596262 0.386051
vt 0.595048 0.383495
vt 0.486489 0.431861
vt 0.764707 0.774745
vt 0.760911 0.776800
vt 0.758392 0.776363
vt 0.330421 0.183080
vt 0.778155 0.768808
vt 0.775099 0.767406
vt 0.762130 0.645757
vt 0.764943 0.644699
vt 0.767550 0.652679
vt 0.767453 0.645447
vt 0.771043 0.648713
vt 0.801521 0.763066
vt 0.816147 0.566116
vt 0.811556 0.562298
vt 0.816880 0.563057
vt 0.815755 0.560094
vt 0.810592 0.564152
vt 0.803972 0.558710
vt 0.803186 0.555192
vt 0.801075 0.552942
vt 0.798425 0.554221
vt 0.797012 0.551425
vt 0.799441 0.550851
vt 0.747356 0.428629
vt 0.752702 0.433718
vt 0.751880 0.435464
vt 0.132361 0.142903
vt 0.305506 0.513484
vt 0.304040 0.498676
vt 0.756443 0.435687
vt 0.758629 0.439893
vt 0.209355 0.226704
vt 0.209355 0.205702
vt 0.210885 0.205953
vt 0.760178 0.438347
vt 0.282605 0.448481
vt 0.214282 0.215227
vt 0.211644 0.215249
vt 0.211680 0.224347
vt 0.561241 0.793968
vt 0.557751 0.772777
vt 0.561338 0.786529
vt 0.565144 0.763006
vt 0.762793 0.440845
vt 0.761960 0.441979
vt 0.555945 0.801227
vt 0.763304 0.446059
vt 0.764460 0.442883
vt 0.079294 0.549979
vt 0.764915 0.445730
vt 0.767686 0.449492
vt 0.773278 0.444127
vt 0.769099 0.439898
vt 0.700897 0.302976
vt 0.691540 0.300737
vt 0.692322 0.307633
vt 0.711004 0.300250
vt 0.106405 0.419015
vt 0.546127 0.917073
vt 0.579274 0.944970
vt 0.546127 0.967373
vt 0.715419 0.300562
vt 0.719217 0.295185
vt 0.717669 0.297642
vt 0.722431 0.290357
vt 0.726343 0.206318
vt 0.734237 0.207997
vt 0.729800 0.280089
vt 0.725261 0.284468
vt 0.724973 0.321771
vt 0.723255 0.204647
vt 0.720291 0.205878
vt 0.726726 0.320396
vt 0.726917 0.322104
vt 0.291679 0.766873
vt 0.286077 0.764415
vt 0.277829 0.764708
vt 0.262091 0.764148
vt 0.699738 0.511058
vt 0.027573 0.436703
vt 0.860404 0.700619
vt 0.855789 0.697919
vt 0.360626 0.969320
vt 0.364052 0.967477
vt 0.360080 0.964274
vt 0.357920 0.957480
vt 0.683415 0.473567
vt 0.673955 0.412644
vt 0.691495 0.478409
vt 0.351546 0.951125
vt 0.889189 0.415864
vt 0.708051 0.423678
vt 0.721549 0.468298
vt 0.696891 0.392820
vt 0.048136 0.953399
vt 0.032411 0.939011
vt 0.048136 0.908558
vt 0.915463 0.787252
vt 0.925069 0.758784
vt 0.922249 0.768364
vt 0.929602 0.759326
vt 0.268786 0.285719
vt 0.287404 0.287026
vt 0.301148 0.288929
vt 0.939423 0.759745
vt 0.934358 0.758264
vt 0.592121 0.389190
vt 0.352116 0.072859
vt 0.178692 0.270596
vt 0.185941 0.271772
vt 0.502320 0.397368
vt 0.345629 0.089851
vt 0.349621 0.068228
vt 0.755110 0.774666
vt 0.764098 0.773585
vt 0.760721 0.781564
vt 0.768631 0.768875
vt 0.769700 0.772219
vt 0.776216 0.770052
vt 0.803722 0.764062
vt 0.766811 0.642941
vt 0.821178 0.559987
vt 0.798029 0.560080
vt 0.790669 0.546976
vt 0.791667 0.552770
vt 0.788273 0.549486
vt 0.781654 0.547966
vt 0.779482 0.546920
vt 0.774433 0.548086
vt 0.775014 0.545705
vt 0.025901 0.003106
vt 0.027077 0.000627
vt 0.027950 0.003106
vt 0.741359 0.422140
vt 0.744763 0.424792
vt 0.742589 0.424135
vt 0.743439 0.426341
vt 0.741045 0.422783
vt 0.740347 0.427400
vt 0.757922 0.433132
vt 0.550143 0.101954
vt 0.513237 0.045813
vt 0.563948 0.793146
vt 0.556495 0.800683
vt 0.566772 0.771072
vt 0.762430 0.434352
vt 0.078504 0.548402
vt 0.051453 0.555314
vt 0.041097 0.561935
vt 0.696488 0.294452
vt 0.582613 0.948658
vt 0.713199 0.298477
vt 0.714822 0.297202
vt 0.721497 0.286439
vt 0.719090 0.291228
vt 0.717507 0.290424
vt 0.715164 0.295291
vt 0.721721 0.289743
vt 0.729756 0.273980
vt 0.728327 0.332034
vt 0.294108 0.766897
vt 0.286859 0.760440
vt 0.689530 0.522613
vt 0.701617 0.504979
vt 0.914361 0.454140
vt 0.923896 0.432758
vt 0.923351 0.455822
vt 0.708061 0.484440
vt 0.138196 0.130206
vt 0.133660 0.141302
vt 0.133660 0.128193
vt 0.861859 0.703425
vt 0.861736 0.699493
vt 0.354766 0.959707
vt 0.354145 0.957466
vt 0.353140 0.954843
vt 0.698496 0.483232
vt 0.352661 0.957913
vt 0.349670 0.956346
vt 0.545021 0.971713
vt 0.536961 0.968285
vt 0.534181 0.967653
vt 0.530820 0.967331
vt 0.582143 0.208071
vt 0.582143 0.203203
vt 0.588498 0.205300
vt 0.580715 0.511757
vt 0.563288 0.460817
vt 0.580735 0.502722
vt 0.583220 0.184579
vt 0.322117 0.289481
vt 0.278447 0.283755
vt 0.232300 0.277182
vt 0.204679 0.272642
vt 0.929641 0.753796
vt 0.183864 0.268644
vt 0.331469 0.078148
vt 0.239281 0.959973
vt 0.434553 0.503096
vt 0.761220 0.640504
vt 0.820904 0.569274
vt 0.808440 0.567775
vt 0.796274 0.542756
vt 0.777438 0.550817
vt 0.774239 0.542771
vt 0.050971 0.010869
vt 0.051638 0.006174
vt 0.054347 0.003466
vt 0.050966 0.001436
vt 0.764750 0.430885
vt 0.738669 0.434688
vt 0.107373 0.518199
vt 0.562660 0.742083
vt 0.565550 0.749584
vt 0.043723 0.558766
vt 0.025876 0.562943
vt 0.016368 0.574126
vt 0.875760 0.338764
vt 0.863463 0.361101
vt 0.865525 0.350262
vt 0.000201 0.141317
vt 0.705473 0.296430
vt 0.848471 0.381976
vt 0.875760 0.389434
vt 0.705248 0.278592
vt 0.709479 0.293441
vt 0.583840 0.953816
vt 0.711406 0.297807
vt 0.091817 0.437141
vt 0.281808 0.761093
vt 0.274290 0.761067
vt 0.276466 0.760791
vt 0.270763 0.761334
vt 0.267014 0.757321
vt 0.146092 0.008646
vt 0.144445 0.001380
vt 0.153035 0.008356
vt 0.699454 0.518860
vt 0.707148 0.504423
vt 0.923861 0.457406
vt 0.864500 0.699310
vt 0.867039 0.705573
vt 0.892500 0.451239
vt 0.535594 0.969807
vt 0.339269 0.957704
vt 0.539488 0.978859
vt 0.532434 0.971110
vt 0.527568 0.970967
vt 0.340291 0.979758
vt 0.915463 0.737118
vt 0.920499 0.744348
vt 0.340832 0.288855
vt 0.707370 0.416721
vt 0.922537 0.747994
vt 0.014299 0.444614
vt 0.019326 0.443861
vt 0.020800 0.445644
vt 0.782845 0.751376
vt 0.780963 0.729629
vt 0.735996 0.657156
vt 0.753807 0.641792
vt 0.756880 0.636956
vt 0.757786 0.635896
vt 0.827452 0.560487
vt 0.000341 0.048136
vt 0.000341 0.035728
vt 0.001553 0.039179
vt 0.820852 0.554323
vt 0.823707 0.545618
vt 0.800549 0.567980
vt 0.860903 0.273204
vt 0.860293 0.266703
vt 0.864470 0.276392
vt 0.060338 0.164346
vt 0.567389 0.725135
vt 0.035660 0.560390
vt 0.867267 0.333063
vt 0.865446 0.340905
vt 0.843406 0.395323
vt 0.841507 0.387936
vt 0.844147 0.389118
vt 0.846276 0.386419
vt 0.849258 0.399061
vt 0.038853 0.167936
vt 0.684305 0.321765
vt 0.272098 0.729849
vt 0.276845 0.757697
vt 0.272330 0.757756
vt 0.269997 0.757236
vt 0.053871 0.451855
vt 0.697913 0.526388
vt 0.279833 0.964315
vt 0.289784 0.968510
vt 0.271688 0.966768
vt 0.275952 0.976300
vt 0.277406 0.973364
vt 0.296612 0.971620
vt 0.289408 0.970972
vt 0.289114 0.972665
vt 0.375769 0.551420
vt 0.373050 0.554825
vt 0.364984 0.533425
vt 0.369918 0.527969
vt 0.921919 0.469499
vt 0.534152 0.584243
vt 0.529002 0.587649
vt 0.512865 0.584243
vt 0.532739 0.586739
vt 0.914197 0.470488
vt 0.868902 0.700996
vt 0.870859 0.706760
vt 0.526091 0.975437
vt 0.282441 0.566724
vt 0.295026 0.594709
vt 0.274157 0.594709
vt 0.523211 0.982901
vt 0.920834 0.738540
vt 0.918838 0.738501
vt 0.915968 0.733707
vt 0.523217 0.977911
vt 0.576343 0.395955
vt 0.921351 0.744032
vt 0.714541 0.436352
vt 0.749716 0.767544
vt 0.458335 0.475256
vt 0.785366 0.780548
vt 0.757178 0.633739
vt 0.983511 0.912335
vt 0.976203 0.912216
vt 0.986455 0.910888
vt 0.984055 0.913083
vt 0.990243 0.906046
vt 0.806479 0.581076
vt 0.805665 0.576711
vt 0.000349 0.523732
vt 0.580303 0.760316
vt 0.591560 0.737341
vt 0.748045 0.455335
vt 0.858780 0.361648
vt 0.845166 0.382343
vt 0.844974 0.385248
vt 0.840587 0.384778
vt 0.842148 0.385983
vt 0.750197 0.461417
vt 0.085265 0.447461
vt 0.465875 0.261502
vt 0.472853 0.240067
vt 0.474259 0.265013
vt 0.270427 0.753987
vt 0.265374 0.754162
vt 0.151158 0.009675
vt 0.149382 0.011619
vt 0.021738 0.449627
vt 0.702290 0.523307
vt 0.271562 0.974237
vt 0.922343 0.009829
vt 0.910871 0.025628
vt 0.915716 0.015995
vt 0.296422 0.974819
vt 0.708061 0.522391
vt 0.704459 0.525285
vt 0.276223 0.984061
vt 0.518126 0.590865
vt 0.523333 0.590614
vt 0.298131 0.985289
vt 0.294108 0.984065
vt 0.526401 0.590859
vt 0.529298 0.591313
vt 0.554453 0.649837
vt 0.556045 0.642143
vt 0.559103 0.642249
vt 0.557529 0.651656
vt 0.531516 0.590332
vt 0.875249 0.707509
vt 0.846221 0.679751
vt 0.869946 0.676098
vt 0.889189 0.439757
vt 0.547275 0.493336
vt 0.287992 0.571767
vt 0.726177 0.474205
vt 0.294286 0.584338
vt 0.012261 0.437866
vt 0.015634 0.441487
vt 0.722277 0.456015
vt 0.783770 0.741824
vt 0.771770 0.631831
vt 0.773294 0.645864
vt 0.751063 0.630779
vt 0.978632 0.913829
vt 0.775822 0.567816
vt 0.526309 0.078132
vt 0.765239 0.418859
vt 0.831021 0.384009
vt 0.475942 0.265743
vt 0.467906 0.266257
vt 0.273064 0.948756
vt 0.287456 0.949915
vt 0.268395 0.955315
vt 0.265029 0.962710
vt 0.154791 0.009843
vt 0.145111 0.015240
vt 0.298131 0.949994
vt 0.157592 0.006220
vt 0.909792 0.024460
vt 0.159935 0.006581
vt 0.271662 0.979758
vt 0.914658 0.013043
vt 0.516218 0.596000
vt 0.522031 0.594145
vt 0.524907 0.594603
vt 0.521465 0.600213
vt 0.566455 0.621429
vt 0.572756 0.613020
vt 0.876392 0.694112
vt 0.876727 0.710091
vt 0.887317 0.718677
vt 0.582228 0.653220
vt 0.693147 0.378875
vt 0.717378 0.372891
vt 0.015133 0.427660
vt 0.017635 0.434993
vt 0.736011 0.493780
vt 0.012261 0.413634
vt 0.019865 0.434794
vt 0.018782 0.439063
vt 0.976690 0.698210
vt 0.976690 0.734458
vt 0.957914 0.699489
vt 0.735859 0.450151
vt 0.320190 0.247814
vt 0.282321 0.251573
vt 0.749716 0.758331
vt 0.804333 0.781578
vt 0.751973 0.628411
vt 0.976848 0.915912
vt 0.976422 0.894311
vt 0.788185 0.578507
vt 0.838555 0.382048
vt 0.459881 0.259689
vt 0.459952 0.252150
vt 0.459289 0.247482
vt 0.854324 0.894330
vt 0.857127 0.896482
vt 0.848273 0.898504
vt 0.851800 0.904240
vt 0.850445 0.915572
vt 0.852430 0.910591
vt 0.855905 0.914855
vt 0.913598 0.028090
vt 0.919262 0.025929
vt 0.288723 0.946675
vt 0.470992 0.186705
vt 0.479805 0.208069
vt 0.447876 0.222206
vt 0.262400 0.975716
vt 0.514093 0.655267
vt 0.159806 0.009895
vt 0.518993 0.599020
vt 0.513753 0.602016
vt 0.276168 0.985536
vt 0.269854 0.984670
vt 0.285249 0.985660
vt 0.288374 0.987559
vt 0.350720 0.553398
vt 0.893337 0.462104
vt 0.578841 0.557693
vt 0.571587 0.556100
vt 0.575482 0.540204
vt 0.021365 0.439172
vt 0.439433 0.964268
vt 0.435412 0.958991
vt 0.439433 0.922967
vt 0.141302 0.982901
vt 0.125127 0.982901
vt 0.127060 0.946794
vt 0.319025 0.095591
vt 0.082768 0.690005
vt 0.108694 0.729800
vt 0.070166 0.717205
vt 0.752582 0.798570
vt 0.748443 0.631258
vt 0.815477 0.536914
vt 0.124321 0.158965
vt 0.916217 0.314682
vt 0.909420 0.293165
vt 0.922343 0.273915
vt 0.358512 0.439481
vt 0.351144 0.484942
vt 0.598033 0.778392
vt 0.108685 0.451855
vt 0.156829 0.415427
vt 0.846300 0.905366
vt 0.843072 0.909919
vt 0.845136 0.914329
vt 0.854973 0.890813
vt 0.258209 0.961377
vt 0.003695 0.005483
vt 0.006211 0.000642
vt 0.006211 0.010869
vt 0.909361 0.033359
vt 0.911610 0.028853
vt 0.916157 0.029741
vt 0.521419 0.626322
vt 0.905000 0.031976
vt 0.977224 0.956074
vt 0.964085 0.954189
vt 0.960962 0.942348
vt 0.903239 0.000742
vt 0.547183 0.604192
vt 0.963843 0.931290
vt 0.956765 0.938049
vt 0.423859 0.946962
vt 0.430116 0.957556
vt 0.415301 0.953731
vt 0.414621 0.947447
vt 0.009317 0.164593
vt 0.003413 0.161534
vt 0.008211 0.161776
vt 0.140924 0.034491
vt 0.150618 0.032149
vt 0.146416 0.037266
vt 0.418757 0.959120
vt 0.584589 0.628944
vt 0.361146 0.573109
vt 0.353186 0.566964
vt 0.568275 0.554361
vt 0.510860 0.607132
vt 0.490498 0.589708
vt 0.510860 0.563671
vt 0.725142 0.968191
vt 0.711717 0.968926
vt 0.711717 0.928766
vt 0.023961 0.438065
vt 0.024844 0.435877
vt 0.694284 0.826425
vt 0.688577 0.824039
vt 0.693055 0.824014
vt 0.294824 0.140964
vt 0.256206 0.961162
vt 0.756509 0.749754
vt 0.975040 0.914714
vt 0.886322 0.273823
vt 0.900660 0.295127
vt 0.829629 0.381240
vt 0.738574 0.492227
vt 0.707308 0.346644
vt 0.729800 0.369558
vt 0.454086 0.250997
vt 0.830113 0.904405
vt 0.834655 0.897570
vt 0.831022 0.911348
vt 0.839590 0.922476
vt 0.832924 0.917235
vt 0.452941 0.234190
vt 0.840033 0.887315
vt 0.838304 0.893608
vt 0.846370 0.927508
vt 0.916316 0.049234
vt 0.922343 0.051570
vt 0.853137 0.878719
vt 0.159935 0.040372
vt 0.910811 0.042039
vt 0.857127 0.937871
vt 0.004522 0.580422
vt 0.006211 0.591190
vt 0.004522 0.605579
vt 0.956765 0.968926
vt 0.796533 0.184107
vt 0.794996 0.184246
vt 0.794484 0.182658
vt 0.790568 0.184099
vt 0.791158 0.186845
vt 0.797693 0.188255
vt 0.902577 0.025142
vt 0.971842 0.936163
vt 0.978562 0.942978
vt 0.518081 0.610237
vt 0.902116 0.008533
vt 0.009317 0.149112
vt 0.965495 0.928591
vt 0.412549 0.948367
vt 0.895946 0.726694
vt 0.449209 0.897017
vt 0.464937 0.890763
vt 0.456192 0.901185
vt 0.419954 0.969741
vt 0.416624 0.962819
vt 0.140924 0.018410
vt 0.421459 0.971570
vt 0.145309 0.017929
vt 0.580735 0.582093
vt 0.578468 0.581874
vt 0.575970 0.565809
vt 0.732349 0.434610
vt 0.695703 0.823115
vt 0.702265 0.835219
vt 0.697269 0.826595
vt 0.698493 0.830326
vt 0.695690 0.830284
vt 0.693979 0.834365
vt 0.887430 0.120624
vt 0.876960 0.153724
vt 0.876131 0.127432
vt 0.699409 0.837580
vt 0.698636 0.840626
vt 0.780308 0.802874
vt 0.803477 0.807438
vt 0.754584 0.744572
vt 0.779541 0.730660
vt 0.739475 0.645174
vt 0.972281 0.917397
vt 0.990665 0.914777
vt 0.969204 0.920960
vt 0.236020 0.327468
vt 0.230294 0.340965
vt 0.219114 0.334742
vt 0.827557 0.538208
vt 0.891969 0.316678
vt 0.864872 0.248046
vt 0.101937 0.166770
vt 0.887574 0.262360
vt 0.887351 0.269497
vt 0.588935 0.769224
vt 0.594307 0.751125
vt 0.833732 0.336441
vt 0.826624 0.382047
vt 0.829216 0.378547
vt 0.831789 0.897210
vt 0.828467 0.904832
vt 0.828865 0.911289
vt 0.832092 0.919708
vt 0.451800 0.240077
vt 0.833902 0.883092
vt 0.837293 0.924255
vt 0.836073 0.883430
vt 0.842842 0.930210
vt 0.834758 0.880512
vt 0.836938 0.880695
vt 0.762684 0.082297
vt 0.755854 0.073801
vt 0.764491 0.079010
vt 0.915394 0.051797
vt 0.907194 0.041611
vt 0.987435 0.966167
vt 0.979092 0.956785
vt 0.903902 0.035540
vt 0.792569 0.174317
vt 0.789476 0.177918
vt 0.980669 0.949613
vt 0.846959 0.580299
vt 0.837245 0.583108
vt 0.831403 0.577127
vt 0.819483 0.043620
vt 0.802247 0.045568
vt 0.821633 0.041635
vt 0.800934 0.041949
vt 0.892943 0.029384
vt 0.899579 0.024417
vt 0.885434 0.016482
vt 0.974718 0.934072
vt 0.886957 0.005097
vt 0.410192 0.950743
vt 0.404460 0.942252
vt 0.447404 0.878620
vt 0.452472 0.882091
vt 0.455407 0.885872
vt 0.411565 0.957755
vt 0.849043 0.612339
vt 0.832341 0.590367
vt 0.472664 0.900938
vt 0.411272 0.961649
vt 0.474318 0.899855
vt 0.472564 0.903224
vt 0.474230 0.903710
vt 0.419573 0.971980
vt 0.591405 0.634536
vt 0.470288 0.894278
vt 0.472723 0.896955
vt 0.353064 0.569502
vt 0.351580 0.568303
vt 0.349975 0.566466
vt 0.763095 0.111493
vt 0.627317 0.597815
vt 0.601935 0.571815
vt 0.611368 0.566871
vt 0.698614 0.832765
vt 0.697232 0.833460
vt 0.694172 0.845822
vt 0.020016 0.729800
vt 0.027132 0.716845
vt 0.053328 0.719669
vt 0.776383 0.620369
vt 0.748639 0.622100
vt 0.755995 0.622952
vt 0.743227 0.621194
vt 0.970319 0.917446
vt 0.222991 0.344413
vt 0.227931 0.348525
vt 0.968838 0.893048
vt 0.105963 0.485656
vt 0.596676 0.715650
vt 0.889160 0.268739
vt 0.826369 0.380553
vt 0.769365 0.499501
vt 0.772546 0.457456
vt 0.785930 0.489657
vt 0.824617 0.908117
vt 0.826572 0.911739
vt 0.832430 0.929943
vt 0.436224 0.214310
vt 0.586882 0.968821
vt 0.595210 0.968950
vt 0.592060 0.972031
vt 0.266080 0.817681
vt 0.251207 0.787407
vt 0.261376 0.802362
vt 0.763545 0.072102
vt 0.826941 0.565754
vt 0.850916 0.580015
vt 0.911635 0.052702
vt 0.982685 0.952855
vt 0.985229 0.948180
vt 0.818860 0.040159
vt 0.978996 0.933528
vt 0.401764 0.946987
vt 0.590153 0.606854
vt 0.449793 0.876970
vt 0.455714 0.882797
vt 0.416914 0.972379
vt 0.473457 0.892216
vt 0.475743 0.898888
vt 0.422695 0.975553
vt 0.474280 0.895909
vt 0.585596 0.654716
vt 0.358598 0.573753
vt 0.348823 0.572239
vt 0.549299 0.549080
vt 0.540343 0.527628
vt 0.736011 0.400202
vt 0.699391 0.561186
vt 0.673899 0.568911
vt 0.684774 0.557083
vt 0.762800 0.736359
vt 0.800933 0.790643
vt 0.767972 0.605060
vt 0.967078 0.919266
vt 0.956781 0.901965
vt 0.804714 0.588456
vt 0.780687 0.590051
vt 0.878355 0.254275
vt 0.138136 0.169338
vt 0.537992 0.102657
vt 0.610213 0.071739
vt 0.335250 0.527925
vt 0.616448 0.801227
vt 0.824967 0.379414
vt 0.454665 0.289073
vt 0.824004 0.923542
vt 0.767974 0.072096
vt 0.759539 0.068152
vt 0.984390 0.959194
vt 0.524246 0.611236
vt 0.808943 0.023129
vt 0.817830 0.028066
vt 0.800497 0.031986
vt 0.788686 0.170565
vt 0.781734 0.176401
vt 0.988919 0.953384
vt 0.893397 0.048470
vt 0.773696 0.180087
vt 0.774838 0.192257
vt 0.890064 0.037307
vt 0.832676 0.583185
vt 0.826832 0.582513
vt 0.990665 0.946433
vt 0.777145 0.196642
vt 0.813287 0.195066
vt 0.793619 0.214558
vt 0.886419 0.025377
vt 0.398323 0.947556
vt 0.400346 0.942953
vt 0.578998 0.589969
vt 0.951736 0.652831
vt 0.941602 0.659288
vt 0.942662 0.656504
vt 0.594121 0.643713
vt 0.477944 0.893402
vt 0.572797 0.582287
vt 0.699588 0.594709
vt 0.261497 0.036332
vt 0.233922 0.030260
vt 0.251344 0.008552
vt 0.235858 0.250744
vt 0.271872 0.000781
vt 0.876178 0.095160
vt 0.778674 0.725692
vt 0.781105 0.726304
vt 0.733393 0.657385
vt 0.726352 0.649664
vt 0.963622 0.919321
vt 0.962098 0.893046
vt 0.864380 0.234908
vt 0.598935 0.758474
vt 0.388937 0.708807
vt 0.397196 0.720670
vt 0.386734 0.721277
vt 0.891288 0.266445
vt 0.049247 0.190592
vt 0.136643 0.887151
vt 0.131131 0.895448
vt 0.093444 0.891790
vt 0.813519 0.909625
vt 0.820322 0.921079
vt 0.110246 0.527416
vt 0.110246 0.555890
vt 0.103248 0.552991
vt 0.939220 0.248603
vt 0.933855 0.240580
vt 0.945635 0.223478
vt 0.837592 0.936160
vt 0.595737 0.961621
vt 0.267733 0.817459
vt 0.765425 0.068247
vt 0.894921 0.058814
vt 0.825891 0.568406
vt 0.828046 0.575138
vt 0.941783 0.258651
vt 0.940966 0.266041
vt 0.939136 0.251918
vt 0.920606 0.266800
vt 0.889561 0.042772
vt 0.924763 0.276658
vt 0.903459 0.227004
vt 0.903109 0.220261
vt 0.905603 0.221764
vt 0.828772 0.041206
vt 0.827536 0.032355
vt 0.829570 0.585627
vt 0.944190 0.268318
vt 0.945544 0.270978
vt 0.908919 0.219131
vt 0.923703 0.216054
vt 0.923477 0.214996
vt 0.928115 0.218120
vt 0.828914 0.587420
vt 0.903588 0.218588
vt 0.829165 0.041338
vt 0.822929 0.045097
vt 0.888925 0.032512
vt 0.546262 0.577377
vt 0.882023 0.031700
vt 0.398689 0.960026
vt 0.946652 0.659766
vt 0.581037 0.592221
vt 0.455611 0.868777
vt 0.593271 0.615129
vt 0.899163 0.129238
vt 0.702203 0.839386
vt 0.309695 0.045867
vt 0.063284 0.703815
vt 0.075592 0.699095
vt 0.047909 0.711952
vt 0.484504 0.469726
vt 0.963994 0.920687
vt 0.964749 0.921525
vt 0.960847 0.889554
vt 0.236020 0.360242
vt 0.213807 0.358234
vt 0.811085 0.512795
vt 0.829177 0.512795
vt 0.780670 0.582100
vt 0.922343 0.332292
vt 0.600103 0.769496
vt 0.390509 0.729087
vt 0.394153 0.729985
vt 0.135617 0.890994
vt 0.133424 0.895985
vt 0.136590 0.895363
vt 0.600065 0.773827
vt 0.818448 0.911905
vt 0.418022 0.266944
vt 0.818384 0.914403
vt 0.828751 0.931576
vt 0.832771 0.934405
vt 0.770004 0.070860
vt 0.771322 0.074152
vt 0.774142 0.071259
vt 0.775332 0.062194
vt 0.768937 0.065704
vt 0.771045 0.062086
vt 0.263205 0.824131
vt 0.602725 0.954886
vt 0.258072 0.829974
vt 0.805806 0.014964
vt 0.797542 0.026649
vt 0.802606 0.010182
vt 0.800510 0.012322
vt 0.788299 0.017908
vt 0.776323 0.171280
vt 0.775762 0.177339
vt 0.916866 0.271654
vt 0.915042 0.262355
vt 0.915905 0.231310
vt 0.921782 0.221139
vt 0.926253 0.223612
vt 0.878204 0.048921
vt 0.882377 0.040094
vt 0.884798 0.040589
vt 0.887619 0.046728
vt 0.912718 0.217367
vt 0.918013 0.214370
vt 0.756669 0.184051
vt 0.756425 0.190655
vt 0.748772 0.188077
vt 0.887817 0.038128
vt 0.771572 0.185289
vt 0.771776 0.194717
vt 0.755955 0.194596
vt 0.594468 0.356592
vt 0.594709 0.361081
vt 0.590224 0.359663
vt 0.925047 0.279498
vt 0.828795 0.057246
vt 0.771503 0.196655
vt 0.816783 0.061778
vt 0.803286 0.213853
vt 0.782112 0.204699
vt 0.757603 0.196816
vt 0.753633 0.196227
vt 0.975958 0.658573
vt 0.969915 0.651449
vt 0.978243 0.656875
vt 0.585555 0.362011
vt 0.391966 0.942403
vt 0.791606 0.211853
vt 0.395281 0.950137
vt 0.401400 0.968394
vt 0.478164 0.903279
vt 0.484651 0.891779
vt 0.358585 0.583034
vt 0.895946 0.663483
vt 0.695009 0.536068
vt 0.677182 0.545239
vt 0.668230 0.517112
vt 0.704573 0.840974
vt 0.702587 0.843094
vt 0.703594 0.847211
vt 0.696896 0.849699
vt 0.700056 0.869340
vt 0.692140 0.859788
vt 0.039158 0.712725
vt 0.688577 0.878074
vt 0.774701 0.602548
vt 0.731087 0.658261
vt 0.737666 0.610816
vt 0.740394 0.617781
vt 0.960657 0.924116
vt 0.784065 0.500671
vt 0.787650 0.475841
vt 0.780811 0.077840
vt 0.776606 0.059927
vt 0.798122 0.053884
vt 0.789068 0.055708
vt 0.808738 0.904335
vt 0.822287 0.926108
vt 0.820319 0.925689
vt 0.821617 0.929111
vt 0.824602 0.931202
vt 0.828974 0.935483
vt 0.416508 0.199243
vt 0.774546 0.055098
vt 0.257056 0.839536
vt 0.068521 0.866670
vt 0.073992 0.866594
vt 0.069855 0.870494
vt 0.071712 0.870380
vt 0.061692 0.865023
vt 0.068546 0.864568
vt 0.753065 0.058728
vt 0.936691 0.246803
vt 0.933972 0.245087
vt 0.933724 0.249766
vt 0.605579 0.955397
vt 0.917365 0.255492
vt 0.827234 0.020895
vt 0.072687 0.850428
vt 0.087561 0.854972
vt 0.086453 0.865374
vt 0.534505 0.588378
vt 0.762165 0.168789
vt 0.922543 0.229915
vt 0.770923 0.174561
vt 0.925610 0.225427
vt 0.881704 0.034902
vt 0.773233 0.204002
vt 0.966776 0.656816
vt 0.878753 0.036306
vt 0.480680 0.906803
vt 0.490487 0.917027
vt 0.474545 0.918733
vt 0.586157 0.358440
vt 0.770502 0.202886
vt 0.753281 0.203592
vt 0.042848 0.001468
vt 0.043477 0.004958
vt 0.042848 0.012422
vt 0.825891 0.633529
vt 0.608797 0.598017
vt 0.550752 0.565328
vt 0.630423 0.531065
vt 0.630423 0.574524
vt 0.624747 0.571020
vt 0.366412 0.891872
vt 0.373287 0.910035
vt 0.336209 0.884207
vt 0.705367 0.843884
vt 0.709220 0.842791
vt 0.799101 0.070514
vt 0.801227 0.104457
vt 0.643496 0.206510
vt 0.678158 0.196215
vt 0.684499 0.232177
vt 0.046941 0.708308
vt 0.718806 0.643443
vt 0.731658 0.615848
vt 0.567629 0.338971
vt 0.568408 0.337934
vt 0.571806 0.340784
vt 0.888747 0.253981
vt 0.396814 0.712019
vt 0.389328 0.689888
vt 0.891288 0.254936
vt 0.389002 0.736962
vt 0.132764 0.902259
vt 0.095915 0.751789
vt 0.081780 0.785940
vt 0.093498 0.746232
vt 0.954711 0.340194
vt 0.976690 0.316096
vt 0.976690 0.357136
vt 0.107414 0.831159
vt 0.107881 0.834446
vt 0.099424 0.860661
vt 0.101763 0.764123
vt 0.100528 0.804333
vt 0.866179 0.673900
vt 0.866397 0.653463
vt 0.869955 0.650270
vt 0.878866 0.654013
vt 0.794757 0.052918
vt 0.814958 0.915743
vt 0.871137 0.643182
vt 0.869813 0.645281
vt 0.867518 0.641196
vt 0.817201 0.916631
vt 0.812994 0.918810
vt 0.817111 0.919203
vt 0.777219 0.052103
vt 0.079896 0.870110
vt 0.811644 0.011290
vt 0.084082 0.870289
vt 0.763634 0.043524
vt 0.930888 0.247033
vt 0.913685 0.252395
vt 0.458619 0.907122
vt 0.444812 0.904572
vt 0.459997 0.902810
vt 0.251207 0.854021
vt 0.912018 0.254299
vt 0.906748 0.260729
vt 0.059864 0.858109
vt 0.892365 0.058914
vt 0.891558 0.054797
vt 0.924846 0.232545
vt 0.773339 0.172535
vt 0.770728 0.167769
vt 0.830841 0.030461
vt 0.899585 0.206443
vt 0.911973 0.200830
vt 0.962872 0.658693
vt 0.963653 0.655495
vt 0.960127 0.656492
vt 0.889890 0.220920
vt 0.963953 0.665926
vt 0.573670 0.341078
vt 0.976164 0.664147
vt 0.581697 0.361547
vt 0.591014 0.566670
vt 0.134561 0.071427
vt 0.134561 0.058074
vt 0.136643 0.068110
vt 0.118898 0.546619
vt 0.118784 0.552678
vt 0.113701 0.550449
vt 0.787641 0.218501
vt 0.586266 0.586803
vt 0.573670 0.368006
vt 0.790774 0.217595
vt 0.122139 0.548695
vt 0.122210 0.553993
vt 0.120835 0.546639
vt 0.396643 0.962372
vt 0.589579 0.592989
vt 0.404659 0.976367
vt 0.411116 0.986006
vt 0.485036 0.888217
vt 0.366888 0.572007
vt 0.322077 0.577324
vt 0.731576 0.840385
vt 0.709030 0.845113
vt 0.706646 0.847424
vt 0.075465 0.693162
vt 0.057671 0.701378
vt 0.033890 0.711922
vt 0.041178 0.707042
vt 0.022846 0.714968
vt 0.025436 0.714508
vt 0.026353 0.711794
vt 0.039013 0.704697
vt 0.721751 0.648379
vt 0.562855 0.345717
vt 0.890051 0.242390
vt 0.773744 0.514214
vt 0.782031 0.510683
vt 0.098568 0.743766
vt 0.121116 0.724240
vt 0.936615 0.148098
vt 0.944082 0.111289
vt 0.944082 0.161488
vt 0.045727 0.724240
vt 0.215220 0.989112
vt 0.227319 0.950271
vt 0.232898 0.967557
vt 0.008385 0.484896
vt 0.398382 0.733472
vt 0.397945 0.731318
vt 0.399759 0.731557
vt 0.066818 0.770705
vt 0.098852 0.866153
vt 0.092242 0.873131
vt 0.363027 0.512481
vt 0.392338 0.737718
vt 0.397553 0.728211
vt 0.131017 0.904595
vt 0.134275 0.903812
vt 0.129271 0.904466
vt 0.085518 0.181090
vt 0.390117 0.740537
vt 0.095483 0.896521
vt 0.388779 0.744077
vt 0.103717 0.857556
vt 0.043535 0.759580
vt 0.042541 0.745610
vt 0.045512 0.744091
vt 0.109035 0.841682
vt 0.445470 0.337496
vt 0.479805 0.340832
vt 0.039734 0.727856
vt 0.862353 0.657868
vt 0.854831 0.720416
vt 0.863338 0.757386
vt 0.856355 0.756267
vt 0.863117 0.653464
vt 0.111902 0.829834
vt 0.862559 0.639990
vt 0.866624 0.647483
vt 0.782322 0.043351
vt 0.863327 0.636308
vt 0.858422 0.634205
vt 0.878409 0.610333
vt 0.386269 0.243034
vt 0.593755 0.953069
vt 0.933935 0.237910
vt 0.805414 0.005905
vt 0.930572 0.241275
vt 0.083671 0.872287
vt 0.892603 0.061018
vt 0.793172 0.004992
vt 0.051352 0.867966
vt 0.053709 0.865170
vt 0.774926 0.168227
vt 0.930107 0.234468
vt 0.834907 0.021803
vt 0.449950 0.917070
vt 0.014020 0.275528
vt 0.028302 0.288685
vt 0.000158 0.304342
vt 0.929318 0.198254
vt 0.830279 0.063079
vt 0.961780 0.663141
vt 0.959582 0.669185
vt 0.578498 0.359497
vt 0.880287 0.198883
vt 0.897378 0.200462
vt 0.879350 0.204118
vt 0.903419 0.200234
vt 0.767274 0.211753
vt 0.709354 0.814707
vt 0.726637 0.817181
vt 0.740144 0.832283
vt 0.488094 0.930042
vt 0.960156 0.681109
vt 0.738167 0.811392
vt 0.748433 0.809795
vt 0.795173 0.217936
vt 0.792376 0.218627
vt 0.124839 0.551494
vt 0.212729 0.777905
vt 0.203497 0.785700
vt 0.211493 0.773450
vt 0.122532 0.541330
vt 0.128157 0.560307
vt 0.400135 0.969659
vt 0.397825 0.969166
vt 0.400071 0.973527
vt 0.396235 0.971663
vt 0.402545 0.977273
vt 0.400782 0.976806
vt 0.397268 0.980662
vt 0.123880 0.539912
vt 0.130158 0.543960
vt 0.403570 0.980925
vt 0.401914 0.980243
vt 0.123676 0.534100
vt 0.135103 0.564832
vt 0.136249 0.566801
vt 0.491801 0.895903
vt 0.489312 0.892910
vt 0.401324 0.983180
vt 0.391966 0.982559
vt 0.488197 0.890229
vt 0.140406 0.567076
vt 0.486487 0.880337
vt 0.490812 0.893671
vt 0.492132 0.889524
vt 0.509307 0.903710
vt 0.138064 0.528692
vt 0.158305 0.540602
vt 0.141329 0.575140
vt 0.158382 0.582405
vt 0.540363 0.139749
vt 0.513901 0.139749
vt 0.540359 0.109274
vt 0.152747 0.580058
vt 0.537265 0.552530
vt 0.183108 0.618780
vt 0.184219 0.614351
vt 0.186148 0.611938
vt 0.187933 0.601151
vt 0.161873 0.627318
vt 0.602946 0.569184
vt 0.608143 0.564645
vt 0.148836 0.065477
vt 0.145501 0.046417
vt 0.186509 0.039427
vt 0.708932 0.560436
vt 0.714435 0.847206
vt 0.710186 0.847396
vt 0.282167 0.075634
vt 0.710387 0.851403
vt 0.064998 0.690113
vt 0.024844 0.713128
vt 0.018113 0.713786
vt 0.022597 0.711251
vt 0.022258 0.704811
vt 0.022658 0.689295
vt 0.766506 0.599833
vt 0.714972 0.629375
vt 0.566095 0.364560
vt 0.560287 0.366763
vt 0.552965 0.368234
vt 0.956781 0.930107
vt 0.553001 0.366838
vt 0.557823 0.336535
vt 0.555734 0.327965
vt 0.577611 0.340104
vt 0.187467 0.033129
vt 0.173766 0.024444
vt 0.194622 0.023714
vt 0.163984 0.038819
vt 0.470052 0.027530
vt 0.470556 0.041658
vt 0.466879 0.046917
vt 0.178661 0.013402
vt 0.163984 0.000822
vt 0.233557 0.976557
vt 0.234253 0.969591
vt 0.405365 0.730398
vt 0.404126 0.729779
vt 0.407637 0.728721
vt 0.409027 0.725850
vt 0.404063 0.714009
vt 0.399147 0.734970
vt 0.888866 0.246889
vt 0.046584 0.766231
vt 0.038825 0.766436
vt 0.236371 0.959150
vt 0.400611 0.726223
vt 0.400211 0.713885
vt 0.131505 0.907923
vt 0.132574 0.910599
vt 0.929655 0.762376
vt 0.933897 0.763323
vt 0.926274 0.788872
vt 0.112093 0.910733
vt 0.128488 0.909271
vt 0.393659 0.739867
vt 0.036864 0.757163
vt 0.788837 0.489377
vt 0.034577 0.740130
vt 0.125175 0.833693
vt 0.070395 0.887577
vt 0.305895 0.824716
vt 0.929646 0.431615
vt 0.926199 0.432431
vt 0.933353 0.422006
vt 0.601142 0.952437
vt 0.895105 0.062111
vt 0.603738 0.951757
vt 0.773412 0.157493
vt 0.900459 0.258313
vt 0.452351 0.932497
vt 0.869719 0.777757
vt 0.891288 0.753970
vt 0.877225 0.785084
vt 0.916970 0.191128
vt 0.703407 0.827618
vt 0.828067 0.064528
vt 0.809999 0.219931
vt 0.752641 0.208873
vt 0.972503 0.676484
vt 0.525650 0.159591
vt 0.533939 0.160836
vt 0.531828 0.163797
vt 0.042129 0.059005
vt 0.042129 0.052748
vt 0.045030 0.056533
vt 0.958116 0.670851
vt 0.493780 0.918721
vt 0.492715 0.923217
vt 0.453412 0.847356
vt 0.119838 0.556901
vt 0.538301 0.476699
vt 0.544075 0.434557
vt 0.549844 0.457645
vt 0.486085 0.859800
vt 0.401758 0.985167
vt 0.612696 0.655267
vt 0.491077 0.882682
vt 0.490644 0.887332
vt 0.491654 0.888470
vt 0.351231 0.611040
vt 0.880418 0.815842
vt 0.874523 0.820475
vt 0.863727 0.822023
vt 0.140209 0.577693
vt 0.869761 0.827418
vt 0.861393 0.823606
vt 0.853022 0.820123
vt 0.189340 0.611556
vt 0.842853 0.824779
vt 0.189793 0.600131
vt 0.616188 0.292748
vt 0.622659 0.260985
vt 0.622659 0.299684
vt 0.832084 0.823521
vt 0.160099 0.606573
vt 0.162350 0.595209
vt 0.834366 0.824635
vt 0.228117 0.016486
vt 0.204987 0.065856
vt 0.627317 0.531252
vt 0.704497 0.535930
vt 0.687012 0.527863
vt 0.192568 0.585555
vt 0.594463 0.565220
vt 0.703447 0.540792
vt 0.712937 0.568658
vt 0.190456 0.574009
vt 0.167039 0.583022
vt 0.822996 0.824832
vt 0.624981 0.241125
vt 0.080046 0.687367
vt 0.709750 0.868724
vt 0.876131 0.089908
vt 0.072334 0.682170
vt 0.007190 0.719877
vt 0.020000 0.711883
vt 0.170654 0.565945
vt 0.018127 0.705146
vt 0.031401 0.669885
vt 0.064636 0.677320
vt 0.189461 0.563507
vt 0.191998 0.566514
vt 0.187740 0.557431
vt 0.578021 0.426917
vt 0.584211 0.427328
vt 0.567140 0.431860
vt 0.584480 0.425398
vt 0.732195 0.610654
vt 0.600502 0.245344
vt 0.606098 0.253406
vt 0.596053 0.246267
vt 0.572466 0.371119
vt 0.577629 0.381235
vt 0.539965 0.390259
vt 0.467206 0.021330
vt 0.467681 0.019293
vt 0.463249 0.015556
vt 0.604558 0.246469
vt 0.609779 0.256964
vt 0.550710 0.331394
vt 0.566657 0.396172
vt 0.195296 0.026704
vt 0.197201 0.020239
vt 0.606105 0.228000
vt 0.192407 0.942250
vt 0.194926 0.938255
vt 0.193959 0.942137
vt 0.192541 0.944480
vt 0.190859 0.944935
vt 0.472411 0.041017
vt 0.196019 0.932865
vt 0.197940 0.936557
vt 0.575224 0.318509
vt 0.202099 0.927968
vt 0.199571 0.939032
vt 0.561361 0.319310
vt 0.969588 0.803056
vt 0.967083 0.798221
vt 0.969576 0.798985
vt 0.966235 0.803127
vt 0.207263 0.928922
vt 0.476576 0.050896
vt 0.963741 0.807617
vt 0.865529 0.226182
vt 0.878922 0.226010
vt 0.955953 0.809317
vt 0.957780 0.806550
vt 0.459354 0.082297
vt 0.248443 0.989112
vt 0.240328 0.980458
vt 0.954376 0.809305
vt 0.947481 0.808514
vt 0.428478 0.717286
vt 0.411701 0.729542
vt 0.418737 0.719616
vt 0.416575 0.718485
vt 0.426176 0.716712
vt 0.413102 0.721549
vt 0.412158 0.723658
vt 0.066769 0.774234
vt 0.407196 0.705493
vt 0.409239 0.704316
vt 0.404471 0.709682
vt 0.131473 0.911652
vt 0.132503 0.915762
vt 0.933298 0.788345
vt 0.945439 0.768265
vt 0.096682 0.908647
vt 0.229474 0.523607
vt 0.278745 0.535864
vt 0.255630 0.541147
vt 0.029900 0.733513
vt 0.425635 0.306239
vt 0.850134 0.658592
vt 0.586882 0.935849
vt 0.072541 0.883450
vt 0.925296 0.238546
vt 0.900459 0.233963
vt 0.922447 0.423879
vt 0.902145 0.253136
vt 0.048003 0.877358
vt 0.051020 0.876408
vt 0.053890 0.876361
vt 0.007720 0.264248
vt 0.848892 0.779046
vt 0.769353 0.222555
vt 0.896595 0.194581
vt 0.809123 0.227698
vt 0.802547 0.223614
vt 0.977504 0.669329
vt 0.715772 0.811153
vt 0.804445 0.237573
vt 0.565207 0.450220
vt 0.542446 0.413605
vt 0.499724 0.887699
vt 0.500149 0.889814
vt 0.157828 0.587793
vt 0.962854 0.883708
vt 0.959469 0.885842
vt 0.959559 0.881330
vt 0.599032 0.570892
vt 0.195368 0.590424
vt 0.967735 0.880864
vt 0.965547 0.885550
vt 0.699667 0.536819
vt 0.722754 0.851937
vt 0.835447 0.826863
vt 0.826591 0.828038
vt 0.595698 0.570933
vt 0.282964 0.136079
vt 0.082555 0.686666
vt 0.087496 0.680771
vt 0.194129 0.569914
vt 0.073651 0.678760
vt 0.689772 0.809186
vt 0.694991 0.820756
vt 0.690565 0.822813
vt 0.854978 0.465021
vt 0.855712 0.447593
vt 0.857127 0.460555
vt 0.856633 0.438783
vt 0.854867 0.442994
vt 0.688970 0.888182
vt 0.769519 0.601640
vt 0.561686 0.413954
vt 0.021396 0.687464
vt 0.576452 0.414761
vt 0.589260 0.427204
vt 0.591119 0.426343
vt 0.595746 0.428432
vt 0.710272 0.636809
vt 0.746000 0.589463
vt 0.604251 0.255115
vt 0.610173 0.261220
vt 0.459381 0.004755
vt 0.532568 0.374732
vt 0.473023 0.023274
vt 0.337967 0.174892
vt 0.360834 0.193203
vt 0.349146 0.192104
vt 0.192860 0.932383
vt 0.190157 0.943931
vt 0.190044 0.946832
vt 0.200636 0.925382
vt 0.193474 0.946807
vt 0.202449 0.924228
vt 0.971285 0.802672
vt 0.965690 0.810193
vt 0.207875 0.944925
vt 0.208660 0.935691
vt 0.368006 0.204964
vt 0.435721 0.715767
vt 0.968031 0.786153
vt 0.969245 0.790433
vt 0.952631 0.790961
vt 0.238594 0.972363
vt 0.944748 0.790743
vt 0.941744 0.789354
vt 0.938313 0.787131
vt 0.943272 0.782981
vt 0.117475 0.197978
vt 0.090389 0.464185
vt 0.242984 0.962756
vt 0.032410 0.746473
vt 0.109872 0.873831
vt 0.097231 0.880058
vt 0.388788 0.747596
vt 0.414489 0.275401
vt 0.832161 0.752806
vt 0.849031 0.776283
vt 0.934331 0.429049
vt 0.935206 0.422296
vt 0.942984 0.427058
vt 0.936772 0.435220
vt 0.055627 0.885937
vt 0.927535 0.235486
vt 0.814612 0.000691
vt 0.119003 0.197201
vt 0.119003 0.180519
vt 0.127327 0.192126
vt 0.831470 0.011883
vt 0.835388 0.005070
vt 0.032253 0.254741
vt 0.000158 0.249210
vt 0.860875 0.782821
vt 0.705672 0.808115
vt 0.910696 0.187268
vt 0.962105 0.674456
vt 0.746052 0.214940
vt 0.529822 0.166127
vt 0.539980 0.165682
vt 0.538709 0.169366
vt 0.882231 0.194283
vt 0.494020 0.884118
vt 0.875578 0.821016
vt 0.538330 0.404979
vt 0.843033 0.836588
vt 0.728850 0.500358
vt 0.750933 0.489711
vt 0.731093 0.506647
vt 0.834788 0.841209
vt 0.209391 0.583793
vt 0.977439 0.878482
vt 0.982204 0.880238
vt 0.284156 0.026956
vt 0.266609 0.061972
vt 0.982623 0.877360
vt 0.878866 0.537257
vt 0.849140 0.522331
vt 0.871951 0.497025
vt 0.993770 0.863433
vt 0.983279 0.889735
vt 0.196732 0.565643
vt 0.015789 0.713697
vt 0.060775 0.664711
vt 0.579185 0.436360
vt 0.050944 0.652042
vt 0.716787 0.643782
vt 0.024600 0.673701
vt 0.605214 0.426511
vt 0.543683 0.365872
vt 0.611736 0.259818
vt 0.612354 0.266236
vt 0.617258 0.268609
vt 0.615789 0.334698
vt 0.608795 0.342167
vt 0.609132 0.340061
vt 0.606674 0.344926
vt 0.547840 0.336150
vt 0.467363 0.014591
vt 0.602372 0.336662
vt 0.586264 0.346267
vt 0.186082 0.949745
vt 0.195804 0.926374
vt 0.210449 0.939419
vt 0.891151 0.234146
vt 0.950717 0.781591
vt 0.801591 0.519706
vt 0.946468 0.784287
vt 0.948024 0.779951
vt 0.949865 0.775322
vt 0.127810 0.922357
vt 0.129187 0.916643
vt 0.122321 0.919644
vt 0.125727 0.919976
vt 0.099639 0.888182
vt 0.135317 0.874198
vt 0.205292 0.243236
vt 0.178954 0.220771
vt 0.191460 0.213739
vt 0.387275 0.776383
vt 0.405611 0.763124
vt 0.852361 0.634399
vt 0.797857 0.043660
vt 0.830933 0.768588
vt 0.841091 0.776383
vt 0.601287 0.945173
vt 0.597350 0.943712
vt 0.923871 0.415807
vt 0.089971 0.874713
vt 0.462655 0.942185
vt 0.698412 0.817556
vt 0.131985 0.110246
vt 0.130447 0.107842
vt 0.131985 0.095392
vt 0.701584 0.806316
vt 0.930107 0.191912
vt 0.965399 0.674848
vt 0.898894 0.188356
vt 0.707446 0.801162
vt 0.544911 0.167639
vt 0.548941 0.186715
vt 0.541508 0.186465
vt 0.795503 0.234512
vt 0.198860 0.762788
vt 0.188897 0.802410
vt 0.188689 0.798962
vt 0.211176 0.799173
vt 0.115129 0.568889
vt 0.115582 0.577748
vt 0.491961 0.877846
vt 0.305336 0.582071
vt 0.508594 0.888507
vt 0.501907 0.871024
vt 0.719408 0.852112
vt 0.717626 0.853234
vt 0.707587 0.537727
vt 0.709339 0.540493
vt 0.712336 0.544621
vt 0.726695 0.493675
vt 0.711288 0.535148
vt 0.830661 0.844957
vt 0.084748 0.681966
vt 0.992570 0.862278
vt 0.719897 0.860078
vt 0.084145 0.678921
vt 0.218033 0.577211
vt 0.680036 0.812550
vt 0.685392 0.816157
vt 0.688038 0.820939
vt 0.687629 0.817982
vt 0.195478 0.556216
vt 0.072366 0.664372
vt 0.714678 0.666137
vt 0.853286 0.429265
vt 0.728419 0.934765
vt 0.734060 0.907354
vt 0.742846 0.924765
vt 0.837669 0.421247
vt 0.857127 0.424455
vt 0.603140 0.427721
vt 0.604517 0.431016
vt 0.760763 0.920122
vt 0.764469 0.917327
vt 0.782594 0.934765
vt 0.753308 0.919043
vt 0.404778 0.116457
vt 0.404778 0.084283
vt 0.413036 0.096845
vt 0.727779 0.605203
vt 0.541137 0.369439
vt 0.540814 0.370841
vt 0.972032 0.812097
vt 0.571705 0.305665
vt 0.352962 0.203903
vt 0.769365 0.537257
vt 0.961910 0.781779
vt 0.954057 0.780333
vt 0.145184 0.194314
vt 0.128223 0.919555
vt 0.364044 0.493911
vt 0.032768 0.767281
vt 0.406672 0.758367
vt 0.833071 0.725649
vt 0.135831 0.847361
vt 0.851870 0.609354
vt 0.652162 0.431508
vt 0.651303 0.435494
vt 0.638454 0.427412
vt 0.829194 0.769873
vt 0.932060 0.413491
vt 0.781540 0.036975
vt 0.050202 0.885440
vt 0.053443 0.881479
vt 0.753065 0.032404
vt 0.774852 0.025879
vt 0.760346 0.019076
vt 0.442505 0.933464
vt 0.844255 0.781783
vt 0.834580 0.782320
vt 0.484603 0.225729
vt 0.496934 0.224033
vt 0.486293 0.234468
vt 0.963542 0.686373
vt 0.489731 0.932881
vt 0.732447 0.784132
vt 0.463043 0.841588
vt 0.628870 0.611506
vt 0.721926 0.552689
vt 0.731574 0.517198
vt 0.744128 0.533602
vt 0.522576 0.534122
vt 0.217928 0.596648
vt 0.336209 0.942529
vt 0.964634 0.869487
vt 0.718911 0.856226
vt 0.900604 0.105495
vt 0.720677 0.568286
vt 0.716084 0.547219
vt 0.460395 0.156829
vt 0.442627 0.130086
vt 0.452669 0.125955
vt 0.836625 0.468837
vt 0.838800 0.458624
vt 0.646567 0.255945
vt 0.684658 0.813402
vt 0.681831 0.809356
vt 0.684315 0.810763
vt 0.848535 0.453254
vt 0.581399 0.447924
vt 0.567722 0.436563
vt 0.696788 0.789621
vt 0.776383 0.588810
vt 0.741746 0.908758
vt 0.765774 0.577946
vt 0.603639 0.448317
vt 0.867510 0.092042
vt 0.862838 0.103353
vt 0.854327 0.087945
vt 0.089726 0.648038
vt 0.092275 0.646879
vt 0.092481 0.650035
vt 0.767325 0.907164
vt 0.870190 0.097027
vt 0.705614 0.618595
vt 0.774880 0.909759
vt 0.554627 0.160679
vt 0.557443 0.175446
vt 0.554627 0.169414
vt 0.751289 0.965218
vt 0.762751 0.974653
vt 0.755908 0.982613
vt 0.336225 0.254484
vt 0.339984 0.253318
vt 0.339833 0.254968
vt 0.334625 0.250475
vt 0.618001 0.273087
vt 0.618001 0.329386
vt 0.601660 0.265758
vt 0.546537 0.333110
vt 0.483793 0.035637
vt 0.582670 0.333130
vt 0.186872 0.955448
vt 0.339133 0.201405
vt 0.200829 0.916287
vt 0.486719 0.038714
vt 0.492989 0.047186
vt 0.558793 0.306229
vt 0.217321 0.942686
vt 0.554167 0.867611
vt 0.558996 0.880066
vt 0.541116 0.870747
vt 0.881627 0.212545
vt 0.962325 0.772122
vt 0.952556 0.776328
vt 0.813650 0.502574
vt 0.173955 0.196923
vt 0.212729 0.202338
vt 0.848829 0.708968
vt 0.013811 0.735480
vt 0.847873 0.630433
vt 0.074875 0.890702
vt 0.622443 0.464277
vt 0.619355 0.453744
vt 0.623677 0.445642
vt 0.019468 0.226457
vt 0.492277 0.208024
vt 0.496798 0.212771
vt 0.498792 0.225082
vt 0.501256 0.223518
vt 0.503096 0.228501
vt 0.701580 0.805286
vt 0.835388 0.076086
vt 0.813650 0.227169
vt 0.762742 0.226569
vt 0.083849 0.001524
vt 0.083849 0.010869
vt 0.077160 0.010145
vt 0.757936 0.229232
vt 0.486036 0.945086
vt 0.552739 0.180073
vt 0.546586 0.188320
vt 0.546151 0.161732
vt 0.558465 0.456991
vt 0.561347 0.452607
vt 0.778551 0.237573
vt 0.188424 0.795817
vt 0.208785 0.791273
vt 0.471249 0.840956
vt 0.494061 0.868004
vt 0.733397 0.558077
vt 0.495156 0.871678
vt 0.754986 0.501161
vt 0.244879 0.061542
vt 0.725899 0.579911
vt 0.714081 0.542051
vt 0.875786 0.491486
vt 0.876329 0.488697
vt 0.878866 0.489453
vt 0.892810 0.093733
vt 0.872053 0.488164
vt 0.865305 0.489465
vt 0.297013 0.651380
vt 0.298661 0.647425
vt 0.301081 0.649017
vt 0.860818 0.487260
vt 0.485551 0.489859
vt 0.714581 0.879057
vt 0.212231 0.560414
vt 0.305241 0.655090
vt 0.311390 0.651649
vt 0.315212 0.647128
vt 0.603465 0.449759
vt 0.847748 0.096809
vt 0.606780 0.412538
vt 0.760035 0.896517
vt 0.099989 0.650262
vt 0.870656 0.114589
vt 0.553678 0.186332
vt 0.760499 0.992543
vt 0.954626 0.971482
vt 0.951534 0.975625
vt 0.949901 0.974693
vt 0.340757 0.258593
vt 0.343670 0.259685
vt 0.323976 0.259452
vt 0.335076 0.262826
vt 0.535466 0.370804
vt 0.603296 0.280857
vt 0.590380 0.251286
vt 0.179096 0.950100
vt 0.180724 0.952882
vt 0.183218 0.956853
vt 0.546125 0.321829
vt 0.187665 0.960921
vt 0.359549 0.620630
vt 0.375769 0.616387
vt 0.370494 0.625324
vt 0.209563 0.959656
vt 0.552905 0.890200
vt 0.538389 0.877078
vt 0.016079 0.780841
vt 0.551218 0.124998
vt 0.916738 0.157091
vt 0.934765 0.127091
vt 0.934765 0.178568
vt 0.583353 0.107040
vt 0.096914 0.926690
vt 0.120142 0.925612
vt 0.125850 0.923586
vt 0.189139 0.261466
vt 0.015990 0.763770
vt 0.536765 0.895105
vt 0.535561 0.911474
vt 0.018448 0.756126
vt 0.012128 0.747747
vt 0.135319 0.852256
vt 0.940454 0.413498
vt 0.633211 0.429192
vt 0.087172 0.894822
vt 0.093166 0.879479
vt 0.059028 0.895376
vt 0.052577 0.887191
vt 0.771026 0.016743
vt 0.448417 0.942495
vt 0.853156 0.797204
vt 0.485359 0.205792
vt 0.639988 0.197932
vt 0.645951 0.188727
vt 0.645455 0.196165
vt 0.499366 0.213101
vt 0.511465 0.316722
vt 0.511976 0.334791
vt 0.508183 0.326856
vt 0.912609 0.177517
vt 0.929070 0.174206
vt 0.021165 0.586591
vt 0.012825 0.588776
vt 0.006999 0.576901
vt 0.966941 0.639599
vt 0.962469 0.634052
vt 0.967094 0.629380
vt 0.970050 0.690150
vt 0.548159 0.161319
vt 0.965266 0.606413
vt 0.968024 0.607668
vt 0.966551 0.609140
vt 0.215266 0.610989
vt 0.880254 0.840638
vt 0.864298 0.848200
vt 0.728592 0.856458
vt 0.725755 0.857076
vt 0.723736 0.858092
vt 0.723112 0.562087
vt 0.288909 0.652694
vt 0.844129 0.495364
vt 0.682370 0.800953
vt 0.849084 0.523447
vt 0.842905 0.518476
vt 0.703710 0.656887
vt 0.854281 0.112938
vt 0.706421 0.634038
vt 0.968903 0.754843
vt 0.988151 0.768619
vt 0.968854 0.767856
vt 0.110263 0.653466
vt 0.091186 0.666596
vt 0.110704 0.650809
vt 0.955889 0.961564
vt 0.940238 0.966676
vt 0.724722 0.599427
vt 0.771788 0.987192
vt 0.345429 0.264590
vt 0.345561 0.260608
vt 0.536216 0.367706
vt 0.538152 0.369730
vt 0.352478 0.249665
vt 0.461299 0.000559
vt 0.541910 0.332881
vt 0.490877 0.022522
vt 0.489767 0.025527
vt 0.484564 0.028823
vt 0.592857 0.324395
vt 0.611276 0.316625
vt 0.545286 0.401197
vt 0.488884 0.034008
vt 0.175500 0.939243
vt 0.184552 0.958305
vt 0.337967 0.206518
vt 0.800993 0.530080
vt 0.208137 0.962110
vt 0.444300 0.736226
vt 0.041945 0.801227
vt 0.217188 0.955615
vt 0.959552 0.764509
vt 0.540363 0.394233
vt 0.528274 0.427010
vt 0.522737 0.421544
vt 0.956286 0.763293
vt 0.092999 0.922541
vt 0.124158 0.924518
vt 0.125066 0.927398
vt 0.076102 0.464328
vt 0.830148 0.654448
vt 0.839919 0.631108
vt 0.129259 0.823235
vt 0.142796 0.834548
vt 0.950994 0.412764
vt 0.938163 0.409618
vt 0.003205 0.202835
vt 0.960897 0.424866
vt 0.961162 0.437880
vt 0.134955 0.144929
vt 0.139749 0.141533
vt 0.139749 0.158382
vt 0.616814 0.455952
vt 0.054956 0.888579
vt 0.762196 0.008104
vt 0.454372 0.942936
vt 0.306341 0.925357
vt 0.320345 0.933729
vt 0.309812 0.937871
vt 0.480537 0.211409
vt 0.478766 0.218196
vt 0.644965 0.200637
vt 0.639787 0.200694
vt 0.639584 0.194607
vt 0.503096 0.207325
vt 0.761863 0.229745
vt 0.749689 0.230918
vt 0.960939 0.685503
vt 0.958155 0.689626
vt 0.551281 0.160029
vt 0.552785 0.159591
vt 0.968186 0.615363
vt 0.966968 0.623035
vt 0.962378 0.611011
vt 0.963671 0.627665
vt 0.551448 0.189438
vt 0.490313 0.942081
vt 0.968209 0.612053
vt 0.176617 0.758160
vt 0.138786 0.600337
vt 0.211577 0.621899
vt 0.960377 0.863884
vt 0.726695 0.569654
vt 0.737564 0.856071
vt 0.726181 0.859587
vt 0.726820 0.862572
vt 0.403719 0.612002
vt 0.398153 0.617805
vt 0.401381 0.608272
vt 0.962800 0.863231
vt 0.872611 0.485943
vt 0.876035 0.481742
vt 0.403719 0.631976
vt 0.397563 0.625867
vt 0.256506 0.618148
vt 0.869066 0.480985
vt 0.292233 0.656238
vt 0.865127 0.476799
vt 0.296863 0.658458
vt 0.726190 0.872702
vt 0.617109 0.260024
vt 0.676562 0.803951
vt 0.681146 0.806319
vt 0.855205 0.482722
vt 0.118828 0.963180
vt 0.112245 0.959852
vt 0.117969 0.953654
vt 0.840925 0.513314
vt 0.105935 0.961783
vt 0.123990 0.979757
vt 0.102168 0.979796
vt 0.099580 0.965199
vt 0.835875 0.427925
vt 0.841470 0.103053
vt 0.705607 0.635870
vt 0.841004 0.410133
vt 0.476378 0.263694
vt 0.480390 0.259800
vt 0.480319 0.262288
vt 0.747800 0.574948
vt 0.594559 0.401306
vt 0.865511 0.117468
vt 0.722794 0.589031
vt 0.720596 0.600473
vt 0.723375 0.600560
vt 0.944333 0.982600
vt 0.945314 0.989211
vt 0.886449 0.962757
vt 0.884000 0.962766
vt 0.879793 0.960215
vt 0.888182 0.965055
vt 0.876543 0.964762
vt 0.882992 0.983132
vt 0.540931 0.330079
vt 0.538679 0.325286
vt 0.181475 0.956998
vt 0.546209 0.411465
vt 0.176214 0.931390
vt 0.213403 0.961827
vt 0.136643 0.943465
vt 0.127625 0.933095
vt 0.217967 0.962425
vt 0.314673 0.333731
vt 0.314954 0.363645
vt 0.296556 0.360903
vt 0.945332 0.744676
vt 0.964268 0.723428
vt 0.964268 0.765514
vt 0.015195 0.773351
vt 0.220748 0.542618
vt 0.830464 0.725143
vt 0.821392 0.706778
vt 0.784118 0.023316
vt 0.944954 0.406446
vt 0.827382 0.766733
vt 0.072323 0.898955
vt 0.062888 0.896995
vt 0.922403 0.412906
vt 0.056383 0.893004
vt 0.841618 0.796274
vt 0.316394 0.928428
vt 0.495332 0.542208
vt 0.488930 0.552350
vt 0.490840 0.546534
vt 0.485316 0.547735
vt 0.481717 0.552498
vt 0.474330 0.552332
vt 0.639804 0.209132
vt 0.638230 0.207681
vt 0.636069 0.208346
vt 0.635732 0.200071
vt 0.634185 0.191278
vt 0.637977 0.186542
vt 0.520309 0.333153
vt 0.973606 0.640400
vt 0.962378 0.642845
vt 0.712936 0.785894
vt 0.006999 0.604026
vt 0.012832 0.592221
vt 0.029068 0.602385
vt 0.961177 0.690458
vt 0.974792 0.625583
vt 0.180920 0.774108
vt 0.179244 0.781956
vt 0.748433 0.778901
vt 0.452849 0.804246
vt 0.453231 0.808939
vt 0.449538 0.814238
vt 0.364667 0.617364
vt 0.748092 0.524896
vt 0.518447 0.549929
vt 0.846872 0.846209
vt 0.360556 0.930793
vt 0.727395 0.861185
vt 0.396570 0.623531
vt 0.755693 0.476838
vt 0.218384 0.582284
vt 0.873121 0.479022
vt 0.394981 0.627329
vt 0.870194 0.477160
vt 0.991607 0.854484
vt 0.111410 0.956720
vt 0.171824 0.424807
vt 0.180211 0.431658
vt 0.167845 0.434719
vt 0.582275 0.452761
vt 0.573289 0.456134
vt 0.843105 0.527248
vt 0.839275 0.520400
vt 0.839453 0.515347
vt 0.102594 0.961249
vt 0.770110 0.578512
vt 0.836412 0.503975
vt 0.835160 0.107613
vt 0.098420 0.963849
vt 0.822386 0.490128
vt 0.091316 0.968965
vt 0.091923 0.964175
vt 0.092613 0.966043
vt 0.639581 0.142499
vt 0.636415 0.141416
vt 0.639740 0.128111
vt 0.705753 0.643040
vt 0.607319 0.408443
vt 0.204053 0.899682
vt 0.211959 0.915657
vt 0.205723 0.922337
vt 0.485163 0.260963
vt 0.472632 0.271734
vt 0.114379 0.655158
vt 0.108308 0.662309
vt 0.976168 0.757563
vt 0.988711 0.761756
vt 0.936350 0.973719
vt 0.994524 0.763162
vt 0.117322 0.651568
vt 0.115970 0.653648
vt 0.769494 0.891210
vt 0.719010 0.596577
vt 0.720993 0.599591
vt 0.772585 0.965218
vt 0.934774 0.983399
vt 0.939870 0.984346
vt 0.771926 0.994056
vt 0.957543 0.988908
vt 0.952200 0.991130
vt 0.941593 0.988229
vt 0.876374 0.961089
vt 0.880553 0.956771
vt 0.876589 0.961987
vt 0.344846 0.270178
vt 0.532836 0.368114
vt 0.531681 0.366572
vt 0.588076 0.270126
vt 0.582788 0.266990
vt 0.582618 0.244110
vt 0.494531 0.016352
vt 0.540384 0.331365
vt 0.584140 0.327599
vt 0.182812 0.960719
vt 0.185067 0.962555
vt 0.045030 0.065216
vt 0.040258 0.063042
vt 0.045030 0.059473
vt 0.186465 0.963782
vt 0.553691 0.426234
vt 0.375769 0.638187
vt 0.359750 0.627146
vt 0.190359 0.965180
vt 0.548523 0.857947
vt 0.544712 0.867729
vt 0.496885 0.064236
vt 0.421771 0.747519
vt 0.218940 0.965056
vt 0.959933 0.762376
vt 0.092639 0.926291
vt 0.114984 0.931129
vt 0.120299 0.929063
vt 0.012422 0.383040
vt 0.011010 0.395358
vt 0.008197 0.388365
vt 0.027416 0.464185
vt 0.288253 0.539715
vt 0.300375 0.539345
vt 0.012031 0.743323
vt 0.824131 0.727964
vt 0.823540 0.757509
vt 0.437605 0.210840
vt 0.444091 0.189635
vt 0.444091 0.217387
vt 0.635440 0.424639
vt 0.622978 0.431169
vt 0.628227 0.428403
vt 0.621291 0.438047
vt 0.939001 0.404217
vt 0.958261 0.424177
vt 0.928151 0.399250
vt 0.076863 0.897129
vt 0.595295 0.928477
vt 0.090965 0.898587
vt 0.616656 0.452865
vt 0.923554 0.401185
vt 0.172403 0.188620
vt 0.171391 0.181554
vt 0.177165 0.190990
vt 0.167028 0.190990
vt 0.166969 0.177826
vt 0.056037 0.895797
vt 0.891288 0.816755
vt 0.330552 0.936490
vt 0.460610 0.944325
vt 0.454907 0.945040
vt 0.475668 0.554121
vt 0.473530 0.554332
vt 0.462340 0.944526
vt 0.638360 0.212046
vt 0.637314 0.210041
vt 0.464811 0.947176
vt 0.520700 0.313532
vt 0.478258 0.947506
vt 0.474931 0.949899
vt 0.479592 0.950135
vt 0.704330 0.797873
vt 0.599952 0.114619
vt 0.606962 0.102187
vt 0.618001 0.119563
vt 0.483635 0.947350
vt 0.974172 0.634878
vt 0.021795 0.590493
vt 0.106701 0.563394
vt 0.108504 0.566263
vt 0.103542 0.565995
vt 0.108505 0.569261
vt 0.486269 0.946602
vt 0.970768 0.694138
vt 0.488918 0.945701
vt 0.975512 0.611788
vt 0.973228 0.614971
vt 0.975220 0.618037
vt 0.974592 0.627353
vt 0.978243 0.695541
vt 0.973303 0.695639
vt 0.977065 0.611135
vt 0.186488 0.740327
vt 0.497863 0.867787
vt 0.457714 0.201860
vt 0.457714 0.172628
vt 0.464277 0.173884
vt 0.517581 0.558852
vt 0.840177 0.847710
vt 0.159251 0.409680
vt 0.166896 0.413338
vt 0.163080 0.414712
vt 0.168853 0.416188
vt 0.167349 0.417632
vt 0.166343 0.416879
vt 0.730906 0.859807
vt 0.394509 0.622655
vt 0.763718 0.473911
vt 0.497793 0.936309
vt 0.495633 0.954951
vt 0.495633 0.910857
vt 0.393580 0.625201
vt 0.873820 0.477003
vt 0.219417 0.569561
vt 0.669784 0.803857
vt 0.589751 0.452650
vt 0.307884 0.657766
vt 0.836658 0.514287
vt 0.840362 0.114501
vt 0.100888 0.958135
vt 0.847034 0.116115
vt 0.868919 0.735826
vt 0.898166 0.751011
vt 0.871373 0.748493
vt 0.830214 0.501303
vt 0.853989 0.115586
vt 0.635885 0.154758
vt 0.636505 0.148145
vt 0.639127 0.158382
vt 0.092228 0.667628
vt 0.099192 0.665977
vt 0.079191 0.000134
vt 0.071198 0.021739
vt 0.070011 0.000134
vt 0.635175 0.131228
vt 0.085260 0.964694
vt 0.087756 0.963841
vt 0.750780 0.896736
vt 0.968854 0.752383
vt 0.970888 0.752982
vt 0.973376 0.752847
vt 0.936441 0.961564
vt 0.937229 0.965163
vt 0.975411 0.753373
vt 0.115444 0.657646
vt 0.980217 0.755048
vt 0.935355 0.968689
vt 0.116434 0.656514
vt 0.117589 0.655755
vt 0.933702 0.979330
vt 0.975832 0.005764
vt 0.982562 0.001511
vt 0.979965 0.008031
vt 0.993758 0.761175
vt 0.118027 0.653201
vt 0.719613 0.598601
vt 0.983521 0.007845
vt 0.981882 0.008683
vt 0.782405 0.973856
vt 0.779226 0.984394
vt 0.773191 0.989371
vt 0.939049 0.988755
vt 0.948127 0.991318
vt 0.945462 0.991610
vt 0.939539 0.990182
vt 0.871925 0.961328
vt 0.873991 0.961596
vt 0.874334 0.962190
vt 0.874593 0.964837
vt 0.874719 0.965717
vt 0.333334 0.266756
vt 0.805101 0.096228
vt 0.803429 0.096075
vt 0.806343 0.094618
vt 0.804230 0.093257
vt 0.877054 0.973061
vt 0.879914 0.977133
vt 0.492674 0.022238
vt 0.492431 0.023980
vt 0.131909 0.944082
vt 0.210140 0.962380
vt 0.214870 0.964362
vt 0.317244 0.334391
vt 0.123028 0.931185
vt 0.136643 0.464462
vt 0.532566 0.477671
vt 0.532992 0.468337
vt 0.533394 0.479493
vt 0.376546 0.534152
vt 0.176757 0.218759
vt 0.011818 0.733542
vt 0.839000 0.629057
vt 0.949341 0.407666
vt 0.943543 0.405462
vt 0.435252 0.188661
vt 0.620231 0.434781
vt 0.628621 0.423161
vt 0.618373 0.444297
vt 0.172886 0.180404
vt 0.178568 0.185243
vt 0.451937 0.943888
vt 0.486157 0.555610
vt 0.475594 0.555952
vt 0.473871 0.556157
vt 0.635836 0.212674
vt 0.635620 0.210882
vt 0.634956 0.205028
vt 0.631836 0.199604
vt 0.484490 0.948899
vt 0.961241 0.692656
vt 0.488814 0.947028
vt 0.975258 0.614186
vt 0.965123 0.162738
vt 0.967292 0.155593
vt 0.967824 0.159196
vt 0.492952 0.947257
vt 0.453494 0.814015
vt 0.453489 0.816614
vt 0.113701 0.584060
vt 0.349038 0.621897
vt 0.296758 0.599168
vt 0.749109 0.527960
vt 0.448477 0.844705
vt 0.450882 0.822046
vt 0.384092 0.908547
vt 0.755162 0.510935
vt 0.393715 0.619923
vt 0.394537 0.616320
vt 0.172741 0.415193
vt 0.828500 0.846799
vt 0.391914 0.623268
vt 0.393488 0.627910
vt 0.872121 0.471761
vt 0.869073 0.475453
vt 0.286731 0.655454
vt 0.289730 0.658290
vt 0.121450 0.949925
vt 0.118698 0.949963
vt 0.295835 0.659485
vt 0.115222 0.952460
vt 0.835154 0.466286
vt 0.110539 0.953838
vt 0.835431 0.450303
vt 0.663612 0.822966
vt 0.107946 0.954867
vt 0.689439 0.793686
vt 0.680525 0.799003
vt 0.835614 0.509962
vt 0.835605 0.503825
vt 0.096352 0.960373
vt 0.020708 0.306282
vt 0.025047 0.306145
vt 0.024064 0.307005
vt 0.021146 0.304209
vt 0.851855 0.117028
vt 0.018305 0.302978
vt 0.019333 0.302254
vt 0.635539 0.150153
vt 0.859885 0.119409
vt 0.635211 0.143581
vt 0.740514 0.901891
vt 0.633974 0.137426
vt 0.483992 0.256914
vt 0.114008 0.659274
vt 0.757669 0.894974
vt 0.760721 0.893979
vt 0.770152 0.887227
vt 0.976853 0.011618
vt 0.984454 0.010482
vt 0.984454 0.035714
vt 0.119481 0.651369
vt 0.963961 0.455912
vt 0.964267 0.451988
vt 0.965525 0.451471
vt 0.782594 0.979228
vt 0.776178 0.989451
vt 0.774159 0.990399
vt 0.773257 0.992877
vt 0.773098 0.998429
vt 0.954401 0.993350
vt 0.947749 0.993252
vt 0.942606 0.993495
vt 0.871977 0.962633
vt 0.346407 0.277420
vt 0.810159 0.094824
vt 0.816349 0.125774
vt 0.874724 0.975978
vt 0.803835 0.078269
vt 0.808125 0.093095
vt 0.885014 0.991511
vt 0.370871 0.828382
vt 0.374217 0.835221
vt 0.368361 0.830472
vt 0.807517 0.082500
vt 0.806676 0.065417
vt 0.371033 0.825520
vt 0.603025 0.318398
vt 0.933794 0.369559
vt 0.935643 0.363584
vt 0.939744 0.370746
vt 0.176398 0.957431
vt 0.952449 0.349064
vt 0.954124 0.351193
vt 0.950228 0.353764
vt 0.370979 0.813408
vt 0.366147 0.799162
vt 0.373617 0.799525
vt 0.175500 0.919389
vt 0.179991 0.915533
vt 0.957840 0.351127
vt 0.960857 0.351065
vt 0.960233 0.356370
vt 0.030322 0.965799
vt 0.005446 0.951335
vt 0.024994 0.947150
vt 0.965227 0.353117
vt 0.972032 0.363681
vt 0.352478 0.520325
vt 0.350074 0.534713
vt 0.347136 0.532762
vt 0.537489 0.869628
vt 0.551752 0.853021
vt 0.957572 0.266881
vt 0.965523 0.266305
vt 0.962710 0.269615
vt 0.374217 0.773391
vt 0.367418 0.780143
vt 0.441147 0.740453
vt 0.349873 0.537723
vt 0.347008 0.538258
vt 0.350435 0.542797
vt 0.352354 0.543188
vt 0.352042 0.545952
vt 0.217756 0.967373
vt 0.523258 0.427482
vt 0.323925 0.327787
vt 0.092452 0.927699
vt 0.093584 0.927993
vt 0.096635 0.928502
vt 0.102140 0.930331
vt 0.120099 0.930645
vt 0.121050 0.931487
vt 0.013538 0.774096
vt 0.534126 0.876917
vt 0.488920 0.310564
vt 0.487385 0.301072
vt 0.488922 0.270208
vt 0.482295 0.329034
vt 0.001178 0.715421
vt 0.138247 0.847257
vt 0.483690 0.344891
vt 0.480220 0.342848
vt 0.830148 0.631812
vt 0.143895 0.838105
vt 0.465985 0.366603
vt 0.456863 0.373866
vt 0.945761 0.405168
vt 0.944649 0.404026
vt 0.821392 0.764751
vt 0.627980 0.419908
vt 0.626078 0.426529
vt 0.619351 0.439294
vt 0.001115 0.191134
vt 0.076309 0.898828
vt 0.594622 0.927328
vt 0.615901 0.451239
vt 0.088858 0.900141
vt 0.087737 0.898182
vt 0.829953 0.035791
vt 0.829829 0.033902
vt 0.836950 0.033675
vt 0.046538 0.056326
vt 0.048136 0.059809
vt 0.046538 0.062111
vt 0.837194 0.032455
vt 0.839798 0.033439
vt 0.053820 0.898005
vt 0.055535 0.897776
vt 0.058499 0.898346
vt 0.032608 0.252820
vt 0.619340 0.878903
vt 0.634228 0.850446
vt 0.636634 0.851374
vt 0.624622 0.877767
vt 0.451713 0.948261
vt 0.610281 0.883337
vt 0.604849 0.888117
vt 0.314206 0.923842
vt 0.331234 0.931051
vt 0.490457 0.556901
vt 0.633699 0.211019
vt 0.468863 0.950346
vt 0.633314 0.209303
vt 0.634005 0.207551
vt 0.633292 0.205961
vt 0.526388 0.318817
vt 0.625209 0.188403
vt 0.488184 0.951210
vt 0.600729 0.109381
vt 0.960613 0.166791
vt 0.962557 0.163336
vt 0.962977 0.167016
vt 0.452873 0.776065
vt 0.453244 0.780449
vt 0.448477 0.775863
vt 0.489373 0.948493
vt 0.728679 0.780146
vt 0.977014 0.633111
vt 0.606085 0.098216
vt 0.608044 0.096825
vt 0.111799 0.559331
vt 0.970151 0.158871
vt 0.965866 0.166112
vt 0.979174 0.614295
vt 0.977279 0.617667
vt 0.977480 0.620785
vt 0.976503 0.626428
vt 0.491350 0.948422
vt 0.966846 0.152860
vt 0.969593 0.155889
vt 0.029503 0.598875
vt 0.186703 0.806565
vt 0.186988 0.799544
vt 0.175531 0.740775
vt 0.120650 0.597901
vt 0.137460 0.611790
vt 0.135418 0.601952
vt 0.517276 0.552587
vt 0.386639 0.910192
vt 0.361321 0.934268
vt 0.220984 0.606864
vt 0.224513 0.589033
vt 0.959469 0.862408
vt 0.841964 0.849946
vt 0.149331 0.067360
vt 0.152624 0.402988
vt 0.168478 0.409400
vt 0.170784 0.411737
vt 0.760013 0.498059
vt 0.391041 0.621223
vt 0.389414 0.618610
vt 0.222432 0.575779
vt 0.220608 0.572707
vt 0.277143 0.068545
vt 0.449307 0.124181
vt 0.023851 0.003106
vt 0.023851 0.000363
vt 0.024844 0.001850
vt 0.689428 0.231112
vt 0.643563 0.259987
vt 0.432719 0.405272
vt 0.415410 0.380412
vt 0.434581 0.400433
vt 0.223350 0.558858
vt 0.625902 0.271229
vt 0.673509 0.800032
vt 0.688074 0.791375
vt 0.834848 0.519557
vt 0.099446 0.956253
vt 0.310679 0.659144
vt 0.842272 0.116742
vt 0.092502 0.959956
vt 0.851845 0.122851
vt 0.022392 0.309686
vt 0.017196 0.307300
vt 0.727266 0.908136
vt 0.740730 0.899542
vt 0.096832 0.669456
vt 0.634113 0.154381
vt 0.634127 0.145755
vt 0.088359 0.962090
vt 0.756867 0.575646
vt 0.832605 0.428178
vt 0.833690 0.422997
vt 0.086448 0.961970
vt 0.632750 0.129634
vt 0.865462 0.119617
vt 0.594277 0.399397
vt 0.118672 0.659594
vt 0.868337 0.118251
vt 0.973340 0.751107
vt 0.759472 0.893072
vt 0.971446 0.467545
vt 0.972017 0.464195
vt 0.977340 0.468935
vt 0.969152 0.464367
vt 0.996014 0.759505
vt 0.119563 0.654189
vt 0.781092 0.987091
vt 0.773830 0.993019
vt 0.937229 0.990320
vt 0.933265 0.984086
vt 0.961162 0.995323
vt 0.940093 0.991874
vt 0.872278 0.965979
vt 0.337937 0.277485
vt 0.588359 0.274311
vt 0.888182 0.992218
vt 0.603830 0.315599
vt 0.345861 0.822262
vt 0.803429 0.067673
vt 0.002053 0.058690
vt 0.003106 0.057758
vt 0.003106 0.063663
vt 0.806396 0.059190
vt 0.033858 0.949353
vt 0.942626 0.349059
vt 0.950821 0.363742
vt 0.948825 0.358429
vt 0.585090 0.323479
vt 0.938146 0.381419
vt 0.932639 0.385822
vt 0.625024 0.465141
vt 0.624304 0.459249
vt 0.630423 0.467383
vt 0.958360 0.271734
vt 0.549250 0.848813
vt 0.010137 0.788370
vt 0.002423 0.111434
vt 0.007764 0.102334
vt 0.005503 0.121116
vt 0.349670 0.545894
vt 0.830411 0.976670
vt 0.827745 0.975973
vt 0.829513 0.974470
vt 0.352478 0.547225
vt 0.523536 0.477929
vt 0.829128 0.971835
vt 0.964608 0.104647
vt 0.963567 0.108523
vt 0.959704 0.106315
vt 0.121864 0.933054
vt 0.540363 0.523610
vt 0.518841 0.889621
vt 0.002597 0.741087
vt 0.503537 0.338072
vt 0.513279 0.845518
vt 0.509799 0.849040
vt 0.506939 0.840645
vt 0.621530 0.430823
vt 0.942177 0.402189
vt 0.626914 0.422644
vt 0.538007 0.846011
vt 0.541915 0.850268
vt 0.932009 0.398424
vt 0.073788 0.900410
vt 0.018555 0.202374
vt 0.926100 0.397853
vt 0.386639 0.690634
vt 0.365367 0.716672
vt 0.348657 0.718340
vt 0.621692 0.220233
vt 0.627184 0.214552
vt 0.630423 0.228196
vt 0.443624 0.956504
vt 0.453096 0.950298
vt 0.759959 0.000958
vt 0.612820 0.888255
vt 0.330724 0.928289
vt 0.479765 0.557851
vt 0.475622 0.557654
vt 0.679444 0.011550
vt 0.678106 0.031766
vt 0.660863 0.034387
vt 0.632813 0.212729
vt 0.627618 0.199701
vt 0.625209 0.195926
vt 0.526388 0.344714
vt 0.592278 0.119563
vt 0.597833 0.110356
vt 0.604440 0.100572
vt 0.963076 0.168329
vt 0.180202 0.796882
vt 0.167492 0.783369
vt 0.111799 0.585393
vt 0.454711 0.776732
vt 0.984161 0.629041
vt 0.964386 0.149109
vt 0.960388 0.143569
vt 0.185306 0.805847
vt 0.187012 0.820589
vt 0.183703 0.823113
vt 0.653897 0.071482
vt 0.673473 0.067790
vt 0.675352 0.070714
vt 0.173957 0.773028
vt 0.185469 0.799537
vt 0.460242 0.815426
vt 0.460206 0.819653
vt 0.203187 0.732829
vt 0.516351 0.558719
vt 0.753990 0.526674
vt 0.501818 0.552149
vt 0.864683 0.854378
vt 0.378909 0.922742
vt 0.857379 0.859320
vt 0.764157 0.506792
vt 0.174371 0.407663
vt 0.173827 0.412111
vt 0.380722 0.616700
vt 0.152840 0.389922
vt 0.388538 0.622286
vt 0.386392 0.619810
vt 0.284075 0.070562
vt 0.238979 0.086807
vt 0.000718 0.002127
vt 0.001553 0.007950
vt 0.000718 0.009317
vt 0.285222 0.656961
vt 0.256572 0.626732
vt 0.499276 0.901569
vt 0.499475 0.927039
vt 0.119479 0.948128
vt 0.654279 0.814084
vt 0.670096 0.800888
vt 0.840109 0.531412
vt 0.106561 0.949128
vt 0.673927 0.794088
vt 0.672845 0.789785
vt 0.098566 0.953869
vt 0.772730 0.573068
vt 0.594478 0.455487
vt 0.833652 0.512309
vt 0.896081 0.741807
vt 0.832708 0.504542
vt 0.845019 0.121893
vt 0.090977 0.958053
vt 0.606592 0.466884
vt 0.583699 0.469408
vt 0.089726 0.683217
vt 0.632009 0.146539
vt 0.630998 0.158382
vt 0.087813 0.958763
vt 0.630992 0.129985
vt 0.839284 0.410865
vt 0.486631 0.249988
vt 0.746694 0.894385
vt 0.498438 0.264262
vt 0.990192 0.744496
vt 0.997941 0.734341
vt 0.998429 0.756988
vt 0.754020 0.892186
vt 0.990666 0.750803
vt 0.976605 0.024284
vt 0.975327 0.013900
vt 0.994377 0.754975
vt 0.973003 0.009951
vt 0.591855 0.216635
vt 0.595024 0.219875
vt 0.590234 0.218802
vt 0.591121 0.215257
vt 0.776836 0.992378
vt 0.966560 0.445265
vt 0.969397 0.447873
vt 0.941462 0.995301
vt 0.869124 0.965526
vt 0.870684 0.965027
vt 0.864235 0.965884
vt 0.870318 0.966458
vt 0.870513 0.967877
vt 0.869063 0.972534
vt 0.809979 0.093572
vt 0.817419 0.096025
vt 0.865330 0.983309
vt 0.575528 0.264445
vt 0.951518 0.359849
vt 0.953716 0.364324
vt 0.339965 0.537892
vt 0.007764 0.116677
vt 0.531690 0.870885
vt 0.432402 0.765185
vt 0.340636 0.548126
vt 0.833118 0.967045
vt 0.001141 0.376753
vt 0.828802 0.969840
vt 0.963995 0.101727
vt 0.937541 0.106497
vt 0.933837 0.106635
vt 0.934676 0.103366
vt 0.931687 0.102764
vt 0.934540 0.110156
vt 0.929085 0.098417
vt 0.526710 0.516481
vt 0.963474 0.098297
vt 0.955842 0.093192
vt 0.954582 0.106104
vt 0.942905 0.108029
vt 0.010084 0.421835
vt 0.008774 0.450302
vt 0.005571 0.428165
vt 0.145960 0.860104
vt 0.616081 0.173628
vt 0.624418 0.184984
vt 0.620608 0.193808
vt 0.627259 0.411539
vt 0.624647 0.417767
vt 0.955873 0.398839
vt 0.624253 0.425077
vt 0.616798 0.436117
vt 0.621946 0.197583
vt 0.608486 0.191654
vt 0.070888 0.907709
vt 0.407538 0.890706
vt 0.408957 0.889663
vt 0.412343 0.898991
vt 0.058596 0.906114
vt 0.610151 0.216259
vt 0.313185 0.915474
vt 0.491911 0.559664
vt 0.480800 0.562128
vt 0.626294 0.207490
vt 0.678833 0.037098
vt 0.677622 0.042758
vt 0.691376 0.758189
vt 0.717581 0.774846
vt 0.983012 0.613585
vt 0.975301 0.166234
vt 0.493746 0.956504
vt 0.978700 0.161900
vt 0.462885 0.788312
vt 0.456140 0.792680
vt 0.179689 0.802401
vt 0.375769 0.640332
vt 0.333358 0.623031
vt 0.297082 0.601121
vt 0.767469 0.536165
vt 0.834068 0.866857
vt 0.414438 0.378772
vt 0.418948 0.366493
vt 0.176370 0.412982
vt 0.002786 0.894609
vt 0.011060 0.894892
vt 0.008053 0.898081
vt 0.380224 0.618629
vt 0.381018 0.623567
vt 0.228433 0.574952
vt 0.289518 0.666878
vt 0.286218 0.665007
vt 0.108617 0.945803
vt 0.125774 0.946512
vt 0.301715 0.674443
vt 0.829021 0.534280
vt 0.181807 0.447197
vt 0.815622 0.446417
vt 0.889290 0.656767
vt 0.878790 0.647645
vt 0.898126 0.651230
vt 0.100131 0.947212
vt 0.015956 0.311052
vt 0.003054 0.305465
vt 0.687922 0.767522
vt 0.703403 0.776200
vt 0.085260 0.942746
vt 0.483636 0.250983
vt 0.484797 0.249257
vt 0.215365 0.922343
vt 0.219511 0.917497
vt 0.221315 0.911677
vt 0.981559 0.735118
vt 0.854390 0.137297
vt 0.990665 0.460954
vt 0.222077 0.900345
vt 0.753374 0.881579
vt 0.774415 0.881249
vt 0.979116 0.450996
vt 0.973365 0.008416
vt 0.990665 0.433650
vt 0.968601 0.441453
vt 0.984397 0.433423
vt 0.972592 0.446658
vt 0.970006 0.445423
vt 0.866307 0.972157
vt 0.868008 0.969818
vt 0.323976 0.278731
vt 0.608506 0.296848
vt 0.825772 0.121886
vt 0.826087 0.083830
vt 0.832283 0.074842
vt 0.035540 0.955360
vt 0.035714 0.944813
vt 0.034118 0.953934
vt 0.585666 0.309388
vt 0.944556 0.368202
vt 0.630423 0.445428
vt 0.014736 0.974179
vt 0.538380 0.855890
vt 0.236020 0.001323
vt 0.225718 0.014406
vt 0.228604 0.007467
vt 0.221517 0.017080
vt 0.000986 0.958697
vt 0.964579 0.253738
vt 0.921811 0.119563
vt 0.553569 0.118598
vt 0.574724 0.111411
vt 0.570947 0.129750
vt 0.348347 0.381199
vt 0.316009 0.394368
vt 0.840439 0.972430
vt 0.001213 0.383545
vt 0.832602 0.963009
vt 0.971040 0.097315
vt 0.934769 0.096436
vt 0.932407 0.099267
vt 0.934377 0.088916
vt 0.002743 0.400517
vt 0.154684 0.221658
vt 0.140253 0.874858
vt 0.143851 0.888182
vt 0.493942 0.854021
vt 0.501724 0.834907
vt 0.507840 0.834850
vt 0.943453 0.394061
vt 0.539755 0.746444
vt 0.541929 0.750710
vt 0.537527 0.748876
vt 0.623309 0.422643
vt 0.860784 0.021751
vt 0.868750 0.033987
vt 0.841654 0.031016
vt 0.072801 0.911446
vt 0.413089 0.887851
vt 0.847033 0.042832
vt 0.922403 0.386490
vt 0.351973 0.780732
vt 0.383921 0.763226
vt 0.834061 0.042433
vt 0.050809 0.905370
vt 0.608389 0.202098
vt 0.665908 0.013022
vt 0.680112 0.000798
vt 0.611740 0.896468
vt 0.495332 0.565282
vt 0.493349 0.571418
vt 0.480948 0.568085
vt 0.483936 0.571289
vt 0.952794 0.116366
vt 0.945948 0.116122
vt 0.948620 0.108899
vt 0.949669 0.120855
vt 0.947424 0.156829
vt 0.596955 0.092612
vt 0.157276 0.786460
vt 0.170736 0.777444
vt 0.984709 0.610727
vt 0.989112 0.606381
vt 0.984454 0.148304
vt 0.665159 0.059098
vt 0.178221 0.801532
vt 0.467900 0.816005
vt 0.474864 0.811783
vt 0.462763 0.817749
vt 0.880418 0.880082
vt 0.240324 0.594669
vt 0.181722 0.397154
vt 0.178653 0.408092
vt 0.187843 0.086342
vt 0.431877 0.367771
vt 0.423738 0.367842
vt 0.438218 0.376308
vt 0.282816 0.669115
vt 0.441992 0.389338
vt 0.770172 0.473707
vt 0.670884 0.793137
vt 0.827467 0.531810
vt 0.830417 0.516663
vt 0.312083 0.663366
vt 0.116965 0.933104
vt 0.728813 0.884369
vt 0.733329 0.876544
vt 0.483734 0.239941
vt 0.875516 0.641620
vt 0.901305 0.639943
vt 0.242228 0.919579
vt 0.614895 0.389299
vt 0.612128 0.409223
vt 0.973285 0.734560
vt 0.980624 0.740072
vt 0.987231 0.745432
vt 0.208401 0.898123
vt 0.599368 0.242202
vt 0.203131 0.895017
vt 0.206586 0.892031
vt 0.969913 0.007436
vt 0.984304 0.452857
vt 0.863738 0.978718
vt 0.331187 0.282603
vt 0.867036 0.974306
vt 0.866852 0.979211
vt 0.814086 0.091299
vt 0.870156 0.991096
vt 0.603527 0.303433
vt 0.816530 0.051732
vt 0.943925 0.376576
vt 0.324556 0.825494
vt 0.312059 0.844705
vt 0.310972 0.833087
vt 0.946767 0.384009
vt 0.221517 0.000680
vt 0.334611 0.539602
vt 0.443418 0.769650
vt 0.001178 0.794312
vt 0.970372 0.094219
vt 0.930288 0.095696
vt 0.549227 0.143469
vt 0.161027 0.574523
vt 0.161027 0.531890
vt 0.173910 0.538947
vt 0.972032 0.089574
vt 0.294701 0.572493
vt 0.483645 0.846371
vt 0.496563 0.360036
vt 0.877416 0.023100
vt 0.870463 0.033649
vt 0.953063 0.394052
vt 0.472785 0.388374
vt 0.545021 0.758446
vt 0.544157 0.765325
vt 0.533629 0.763905
vt 0.534226 0.746771
vt 0.541328 0.753687
vt 0.545021 0.781924
vt 0.537167 0.782705
vt 0.088616 0.913026
vt 0.067963 0.913026
vt 0.409851 0.904623
vt 0.841473 0.043361
vt 0.607976 0.228257
vt 0.821413 0.843450
vt 0.812885 0.897499
vt 0.804015 0.835101
vt 0.627781 0.893469
vt 0.324791 0.912315
vt 0.333845 0.922469
vt 0.893972 0.607999
vt 0.870988 0.597490
vt 0.876956 0.591192
vt 0.156895 0.790224
vt 0.803352 0.829962
vt 0.812268 0.825652
vt 0.808872 0.835129
vt 0.176284 0.800292
vt 0.150974 0.760812
vt 0.469963 0.821240
vt 0.751568 0.552310
vt 0.327799 0.642845
vt 0.477690 0.822566
vt 0.664492 0.671927
vt 0.698285 0.698256
vt 0.669675 0.698745
vt 0.634570 0.922477
vt 0.632653 0.915246
vt 0.635081 0.913166
vt 0.013337 0.898352
vt 0.015580 0.898028
vt 0.014240 0.900536
vt 0.005941 0.901178
vt 0.180172 0.410075
vt 0.014321 0.895085
vt 0.000619 0.889203
vt 0.021398 0.893695
vt 0.929739 0.877856
vt 0.920217 0.876158
vt 0.920217 0.843694
vt 0.883511 0.775206
vt 0.902157 0.772227
vt 0.892186 0.794842
vt 0.286616 0.668049
vt 0.628933 0.803240
vt 0.654215 0.787067
vt 0.667537 0.787823
vt 0.285782 0.678257
vt 0.569443 0.465082
vt 0.825450 0.529816
vt 0.027950 0.335397
vt 0.837614 0.132063
vt 0.816783 0.426417
vt 0.498438 0.240541
vt 0.983641 0.739660
vt 0.866211 0.132136
vt 0.872655 0.136208
vt 0.750504 0.876279
vt 0.577350 0.227641
vt 0.970001 0.008079
vt 0.571600 0.288500
vt 0.580562 0.311859
vt 0.576485 0.306700
vt 0.326521 0.837219
vt 0.953546 0.368789
vt 0.946725 0.263206
vt 0.953918 0.251935
vt 0.968457 0.380597
vt 0.846348 0.979795
vt 0.849335 0.968108
vt 0.845153 0.954176
vt 0.495247 0.477100
vt 0.326991 0.546253
vt 0.307324 0.556434
vt 0.303663 0.538485
vt 0.831587 0.960398
vt 0.836194 0.958412
vt 0.144025 0.266186
vt 0.832186 0.955336
vt 0.931370 0.083207
vt 0.931168 0.089317
vt 0.303803 0.552272
vt 0.507969 0.898687
vt 0.513997 0.868952
vt 0.001141 0.430803
vt 0.615901 0.382957
vt 0.878866 0.022846
vt 0.873447 0.030802
vt 0.527780 0.747541
vt 0.539310 0.808464
vt 0.551238 0.805226
vt 0.562019 0.815320
vt 0.582302 0.809481
vt 0.586137 0.803536
vt 0.586027 0.805645
vt 0.564805 0.802464
vt 0.568511 0.820241
vt 0.572537 0.811296
vt 0.954127 0.132816
vt 0.886147 0.591596
vt 0.880807 0.589286
vt 0.884803 0.588010
vt 0.880392 0.638187
vt 0.870988 0.625322
vt 0.881905 0.613301
vt 0.987055 0.634264
vt 0.982208 0.641057
vt 0.158659 0.799931
vt 0.153018 0.767322
vt 0.584310 0.546028
vt 0.583880 0.561077
vt 0.581000 0.562101
vt 0.984454 0.166481
vt 0.486016 0.809965
vt 0.671863 0.086213
vt 0.770172 0.565207
vt 0.763114 0.538584
vt 0.246591 0.627318
vt 0.504569 0.566309
vt 0.654494 0.697775
vt 0.851240 0.871745
vt 0.014229 0.903479
vt 0.015300 0.924482
vt 0.632581 0.918338
vt 0.018079 0.898519
vt 0.184580 0.413832
vt 0.018273 0.895492
vt 0.183909 0.420122
vt 0.902714 0.642833
vt 0.914579 0.675453
vt 0.000298 0.335397
vt 0.677706 0.770227
vt 0.819582 0.436912
vt 0.835160 0.141878
vt 0.818011 0.403776
vt 0.980754 0.737006
vt 0.610267 0.467747
vt 0.614895 0.467527
vt 0.603667 0.473153
vt 0.581038 0.241090
vt 0.573595 0.242231
vt 0.578220 0.237791
vt 0.966693 0.014164
vt 0.206069 0.891376
vt 0.203003 0.890235
vt 0.211224 0.888995
vt 0.325347 0.282249
vt 0.864705 0.990317
vt 0.862930 0.985615
vt 0.819376 0.095140
vt 0.822025 0.086951
vt 0.594191 0.298055
vt 0.600949 0.298726
vt 0.865749 0.991846
vt 0.755628 0.347894
vt 0.737130 0.357136
vt 0.737130 0.331004
vt 0.343654 0.829948
vt 0.363789 0.843994
vt 0.786331 0.289236
vt 0.771314 0.317984
vt 0.774056 0.285694
vt 0.950925 0.367320
vt 0.349454 0.799090
vt 0.352127 0.790451
vt 0.960956 0.379273
vt 0.215050 0.709910
vt 0.209694 0.720344
vt 0.198866 0.701518
vt 0.354013 0.781380
vt 0.453357 0.753121
vt 0.972032 0.391982
vt 0.516219 0.867465
vt 0.325686 0.555526
vt 0.332621 0.551267
vt 0.362145 0.346892
vt 0.843518 0.951587
vt 0.606381 0.525898
vt 0.577573 0.537057
vt 0.595960 0.491654
vt 0.927393 0.083401
vt 0.490063 0.834430
vt 0.608789 0.167631
vt 0.505092 0.833255
vt 0.505533 0.830226
vt 0.599456 0.197724
vt 0.527000 0.744127
vt 0.595236 0.802464
vt 0.587083 0.812045
vt 0.520256 0.780814
vt 0.837272 0.057522
vt 0.576239 0.820466
vt 0.595856 0.199995
vt 0.804015 0.864198
vt 0.958057 0.113737
vt 0.958057 0.143983
vt 0.673419 0.056051
vt 0.889252 0.589689
vt 0.890754 0.592981
vt 0.878314 0.606110
vt 0.169970 0.827122
vt 0.172586 0.829924
vt 0.142962 0.770960
vt 0.650811 0.052049
vt 0.969306 0.213426
vt 0.958494 0.220493
vt 0.977842 0.201374
vt 0.597755 0.558208
vt 0.600920 0.538644
vt 0.165621 0.808939
vt 0.827624 0.841599
vt 0.929765 0.035446
vt 0.943091 0.024412
vt 0.931924 0.052794
vt 0.470587 0.818576
vt 0.673823 0.098934
vt 0.652149 0.078896
vt 0.650410 0.095045
vt 0.680112 0.113586
vt 0.695706 0.683922
vt 0.630946 0.920097
vt 0.628501 0.925086
vt 0.017975 0.902276
vt 0.023159 0.899100
vt 0.624747 0.913635
vt 0.825210 0.863408
vt 0.285897 0.674698
vt 0.282070 0.673121
vt 0.659962 0.275188
vt 0.443971 0.391262
vt 0.899434 0.790048
vt 0.194096 0.431576
vt 0.667391 0.783988
vt 0.664887 0.779032
vt 0.295714 0.682614
vt 0.905451 0.750216
vt 0.905081 0.723600
vt 0.309441 0.697320
vt 0.296611 0.685102
vt 0.602699 0.471500
vt 0.860927 0.141298
vt 0.607376 0.469357
vt 0.872096 0.141847
vt 0.217716 0.890132
vt 0.602633 0.297804
vt 0.587340 0.295479
vt 0.577609 0.292047
vt 0.575833 0.298810
vt 0.585667 0.296507
vt 0.348393 0.815292
vt 0.949639 0.373257
vt 0.952322 0.368143
vt 0.525054 0.850618
vt 0.030134 0.832882
vt 0.030832 0.840022
vt 0.015909 0.852115
vt 0.798122 0.872656
vt 0.798122 0.910283
vt 0.780124 0.885954
vt 0.035732 0.858132
vt 0.341622 0.390543
vt 0.777464 0.887291
vt 0.849123 0.948811
vt 0.847017 0.947893
vt 0.846715 0.946064
vt 0.229494 0.572971
vt 0.303845 0.562159
vt 0.630423 0.119582
vt 0.627548 0.163947
vt 0.608316 0.164666
vt 0.131243 0.194133
vt 0.523282 0.268147
vt 0.112639 0.042957
vt 0.117437 0.045818
vt 0.120414 0.050158
vt 0.499743 0.829741
vt 0.529388 0.815844
vt 0.869219 0.042331
vt 0.420280 0.905378
vt 0.507831 0.766471
vt 0.413088 0.912125
vt 0.416918 0.911220
vt 0.329678 0.712362
vt 0.323300 0.703849
vt 0.333845 0.885629
vt 0.790668 0.813702
vt 0.766197 0.813408
vt 0.804177 0.811242
vt 0.806295 0.812988
vt 0.780925 0.815861
vt 0.976733 0.211631
vt 0.581000 0.542676
vt 0.774075 0.818298
vt 0.975482 0.178568
vt 0.162569 0.823039
vt 0.920483 0.036408
vt 0.472991 0.817436
vt 0.862818 0.872674
vt 0.972032 0.023316
vt 0.972032 0.065216
vt 0.951269 0.042553
vt 0.631826 0.922890
vt 0.419384 0.349759
vt 0.022215 0.902624
vt 0.024637 0.902052
vt 0.886817 0.802151
vt 0.888686 0.799392
vt 0.618558 0.917640
vt 0.622244 0.905728
vt 0.282930 0.676060
vt 0.275827 0.680536
vt 0.613693 0.907632
vt 0.438316 0.371529
vt 0.445575 0.388591
vt 0.443240 0.363345
vt 0.462724 0.399620
vt 0.814772 0.454370
vt 0.818657 0.464024
vt 0.663425 0.781940
vt 0.587983 0.480979
vt 0.591668 0.476805
vt 0.685022 0.764015
vt 0.594218 0.479551
vt 0.589580 0.498438
vt 0.690655 0.761030
vt 0.966913 0.290367
vt 0.966913 0.274087
vt 0.989451 0.278133
vt 0.856470 0.153724
vt 0.607181 0.380203
vt 0.601655 0.473373
vt 0.967708 0.255406
vt 0.900048 0.753618
vt 0.895779 0.751009
vt 0.739957 0.874350
vt 0.993770 0.265864
vt 0.988531 0.254204
vt 0.221531 0.886797
vt 0.824322 0.095998
vt 0.826607 0.099309
vt 0.592075 0.297292
vt 0.951464 0.371300
vt 0.950833 0.378766
vt 0.948328 0.384763
vt 0.949539 0.389016
vt 0.947906 0.397508
vt 0.514733 0.864241
vt 0.965205 0.251943
vt 0.945266 0.248956
vt 0.944246 0.233970
vt 0.954340 0.249671
vt 0.453893 0.760453
vt 0.970479 0.252184
vt 0.963097 0.248979
vt 0.970479 0.226327
vt 0.954701 0.223318
vt 0.344919 0.369329
vt 0.576517 0.127314
vt 0.854021 0.945368
vt 0.520459 0.291224
vt 0.520820 0.283485
vt 0.524835 0.281966
vt 0.970747 0.070968
vt 0.928381 0.070361
vt 0.855053 0.570558
vt 0.885077 0.552789
vt 0.853527 0.591604
vt 0.307099 0.561600
vt 0.017520 0.883680
vt 0.046583 0.884283
vt 0.037495 0.889735
vt 0.509036 0.820177
vt 0.535415 0.817566
vt 0.871583 0.045792
vt 0.434617 0.902220
vt 0.543253 0.828158
vt 0.583810 0.816097
vt 0.516823 0.741143
vt 0.516816 0.746602
vt 0.596053 0.810345
vt 0.709614 0.077797
vt 0.687647 0.114905
vt 0.701238 0.089177
vt 0.636634 0.909921
vt 0.709614 0.114579
vt 0.893783 0.621562
vt 0.978496 0.205942
vt 0.149459 0.793308
vt 0.648449 0.055082
vt 0.651899 0.071328
vt 0.477737 0.818987
vt 0.475297 0.820103
vt 0.858451 0.877062
vt 0.838480 0.871121
vt 0.423293 0.361460
vt 0.431017 0.362850
vt 0.167267 0.365290
vt 0.145681 0.101354
vt 0.024663 0.907331
vt 0.029508 0.904164
vt 0.889173 0.806528
vt 0.245134 0.588897
vt 0.429591 0.123269
vt 0.543468 0.922574
vt 0.902157 0.833835
vt 0.815569 0.473594
vt 0.283486 0.681565
vt 0.280470 0.680836
vt 0.213090 0.642665
vt 0.285534 0.683602
vt 0.917685 0.723413
vt 0.727446 0.874472
vt 0.204356 0.873406
vt 0.824659 0.087426
vt 0.344578 0.820546
vt 0.033357 0.971025
vt 0.344702 0.811759
vt 0.345062 0.806502
vt 0.334073 0.833306
vt 0.030742 0.972761
vt 0.346921 0.795006
vt 0.960836 0.250794
vt 0.348827 0.781333
vt 0.965095 0.250646
vt 0.133181 0.114905
vt 0.133181 0.100963
vt 0.136643 0.105204
vt 0.451817 0.765544
vt 0.580224 0.113923
vt 0.339061 0.552209
vt 0.330993 0.554954
vt 0.457280 0.757433
vt 0.461172 0.776383
vt 0.486427 0.442248
vt 0.498067 0.528717
vt 0.317479 0.557995
vt 0.520938 0.307448
vt 0.522818 0.293488
vt 0.524835 0.296172
vt 0.827745 0.939330
vt 0.570291 0.142076
vt 0.562125 0.148679
vt 0.549617 0.155671
vt 0.497486 0.822755
vt 0.500696 0.825402
vt 0.136643 0.018868
vt 0.136643 0.057452
vt 0.599605 0.177805
vt 0.597432 0.194965
vt 0.860072 0.061295
vt 0.508754 0.749287
vt 0.568859 0.836444
vt 0.654713 0.016023
vt 0.897847 0.637182
vt 0.899091 0.617318
vt 0.407851 0.644248
vt 0.413659 0.656564
vt 0.407851 0.654686
vt 0.584565 0.540154
vt 0.582244 0.540764
vt 0.818897 0.831255
vt 0.141424 0.767791
vt 0.135602 0.776156
vt 0.929224 0.023572
vt 0.958494 0.178854
vt 0.147890 0.716568
vt 0.158044 0.694554
vt 0.290401 0.634402
vt 0.846487 0.873227
vt 0.245872 0.609959
vt 0.629137 0.927392
vt 0.623823 0.929779
vt 0.454440 0.344575
vt 0.458486 0.342153
vt 0.038420 0.906023
vt 0.033387 0.904852
vt 0.836156 0.873685
vt 0.462724 0.340898
vt 0.240859 0.109700
vt 0.821376 0.877513
vt 0.952297 0.869532
vt 0.813399 0.456163
vt 0.249963 0.586967
vt 0.270472 0.588207
vt 0.270623 0.589600
vt 0.661888 0.777843
vt 0.664809 0.775155
vt 0.250942 0.562521
vt 0.672399 0.770280
vt 0.678076 0.766379
vt 0.811987 0.434208
vt 0.253356 0.567012
vt 0.265626 0.569404
vt 0.669242 0.963641
vt 0.651688 0.979795
vt 0.651688 0.940491
vt 0.268448 0.566061
vt 0.692951 0.749238
vt 0.231714 0.891897
vt 0.222064 0.888062
vt 0.749020 0.327084
vt 0.577565 0.294388
vt 0.344048 0.823355
vt 0.340803 0.828178
vt 0.340876 0.833953
vt 0.571199 0.291005
vt 0.342473 0.823069
vt 0.336613 0.834595
vt 0.336895 0.821707
vt 0.342959 0.812874
vt 0.336749 0.812407
vt 0.319392 0.815212
vt 0.788805 0.307095
vt 0.344855 0.796982
vt 0.342807 0.788423
vt 0.962967 0.563832
vt 0.970427 0.569921
vt 0.964601 0.572621
vt 0.960604 0.579432
vt 0.581284 0.119878
vt 0.447474 0.771119
vt 0.169273 0.276840
vt 0.315823 0.561578
vt 0.343938 0.570333
vt 0.328193 0.566195
vt 0.601111 0.555890
vt 0.630491 0.524932
vt 0.322695 0.566947
vt 0.326891 0.569257
vt 0.338008 0.572971
vt 0.597802 0.653955
vt 0.594524 0.657246
vt 0.588313 0.655122
vt 0.928237 0.078912
vt 0.926340 0.078871
vt 0.612485 0.139060
vt 0.561536 0.157270
vt 0.138985 0.222457
vt 0.558984 0.159604
vt 0.599962 0.173461
vt 0.484025 0.832181
vt 0.498284 0.816714
vt 0.510936 0.392315
vt 0.584972 0.822074
vt 0.844854 0.069795
vt 0.572206 0.835449
vt 0.337401 0.735268
vt 0.326391 0.711932
vt 0.979849 0.201933
vt 0.982624 0.203744
vt 0.893893 0.575582
vt 0.153479 0.829173
vt 0.155074 0.832912
vt 0.900755 0.611448
vt 0.582994 0.538274
vt 0.411599 0.659344
vt 0.427203 0.645707
vt 0.154454 0.809868
vt 0.145595 0.740182
vt 0.480269 0.820441
vt 0.478219 0.821734
vt 0.479404 0.823511
vt 0.480170 0.827433
vt 0.466625 0.836732
vt 0.616989 0.073416
vt 0.622536 0.070766
vt 0.616454 0.087725
vt 0.458896 0.842666
vt 0.649092 0.085492
vt 0.281486 0.607350
vt 0.247216 0.600239
vt 0.865491 0.881971
vt 0.649320 0.114905
vt 0.614413 0.109346
vt 0.673793 0.655279
vt 0.956504 0.895946
vt 0.628238 0.932895
vt 0.627035 0.928677
vt 0.246410 0.596202
vt 0.194096 0.366647
vt 0.428011 0.360240
vt 0.430889 0.360871
vt 0.447313 0.350994
vt 0.277945 0.607287
vt 0.247373 0.590514
vt 0.619877 0.936030
vt 0.259831 0.112560
vt 0.281890 0.685195
vt 0.296778 0.701850
vt 0.658582 0.773116
vt 0.661775 0.774393
vt 0.662817 0.770895
vt 0.664855 0.754286
vt 0.130340 0.520783
vt 0.115257 0.540363
vt 0.134617 0.507325
vt 0.685451 0.744044
vt 0.909643 0.756333
vt 0.229873 0.860029
vt 0.223089 0.884547
vt 0.225243 0.889814
vt 0.758595 0.324874
vt 0.763467 0.328685
vt 0.830952 0.083439
vt 0.766833 0.330443
vt 0.032522 0.973493
vt 0.996156 0.563832
vt 0.987265 0.587009
vt 0.996876 0.582123
vt 0.015693 0.825131
vt 0.978255 0.591260
vt 0.205765 0.736848
vt 0.507969 0.864510
vt 0.776457 0.905072
vt 0.356927 0.310817
vt 0.980807 0.594339
vt 0.990919 0.591453
vt 0.981268 0.602473
vt 0.317406 0.561942
vt 0.607915 0.128222
vt 0.921811 0.079911
vt 0.853527 0.526415
vt 0.319029 0.568849
vt 0.852315 0.935481
vt 0.571092 0.661197
vt 0.586987 0.656341
vt 0.580847 0.675790
vt 0.591454 0.660226
vt 0.928197 0.075896
vt 0.480109 0.834211
vt 0.494796 0.819224
vt 0.495895 0.821020
vt 0.594441 0.192622
vt 0.406129 0.141565
vt 0.414738 0.099467
vt 0.440042 0.145790
vt 0.430805 0.907463
vt 0.341422 0.746818
vt 0.588113 0.824647
vt 0.510600 0.745293
vt 0.503047 0.746298
vt 0.596207 0.816915
vt 0.415063 0.918489
vt 0.419106 0.917596
vt 0.506142 0.785708
vt 0.504249 0.782786
vt 0.851477 0.066895
vt 0.329660 0.724100
vt 0.415529 0.660781
vt 0.413484 0.660285
vt 0.954721 0.624525
vt 0.956677 0.626753
vt 0.954245 0.627252
vt 0.950248 0.618406
vt 0.964268 0.622895
vt 0.941951 0.607936
vt 0.957420 0.606947
vt 0.957878 0.629555
vt 0.588919 0.535709
vt 0.590008 0.537702
vt 0.152144 0.814120
vt 0.644197 0.055207
vt 0.984454 0.186449
vt 0.646192 0.059623
vt 0.647454 0.062918
vt 0.628237 0.062091
vt 0.630961 0.061933
vt 0.627361 0.065885
vt 0.634558 0.061117
vt 0.649187 0.073319
vt 0.624292 0.065811
vt 0.625860 0.063554
vt 0.619008 0.068129
vt 0.610555 0.070250
vt 0.621951 0.068146
vt 0.616851 0.070621
vt 0.614081 0.070685
vt 0.666119 0.420723
vt 0.661865 0.428529
vt 0.657687 0.423866
vt 0.654872 0.425327
vt 0.655417 0.421928
vt 0.653452 0.423051
vt 0.612332 0.072182
vt 0.585164 0.874639
vt 0.611790 0.874001
vt 0.572205 0.881468
vt 0.533921 0.952689
vt 0.149956 0.523827
vt 0.155118 0.525680
vt 0.157496 0.535691
vt 0.280286 0.692175
vt 0.659775 0.772147
vt 0.657342 0.767927
vt 0.143300 0.510068
vt 0.133161 0.502184
vt 0.126216 0.503301
vt 0.922285 0.294724
vt 0.929684 0.312340
vt 0.918417 0.312125
vt 0.225331 0.886981
vt 0.233173 0.886853
vt 0.215295 0.729902
vt 0.978933 0.597118
vt 0.611445 0.131592
vt 0.608679 0.134730
vt 0.000436 0.856950
vt 0.603148 0.152372
vt 0.601083 0.662232
vt 0.947187 0.812253
vt 0.940355 0.843152
vt 0.940355 0.794239
vt 0.597374 0.163534
vt 0.595098 0.661525
vt 0.601018 0.669719
vt 0.925417 0.073916
vt 0.004658 0.128880
vt 0.000670 0.128176
vt 0.004541 0.123722
vt 0.567860 0.179931
vt 0.486523 0.816053
vt 0.494683 0.815737
vt 0.841827 0.198784
vt 0.844678 0.191064
vt 0.842634 0.200647
vt 0.492792 0.815198
vt 0.490689 0.814745
vt 0.511649 0.708391
vt 0.582420 0.829583
vt 0.503135 0.748276
vt 0.420685 0.923521
vt 0.307247 0.742516
vt 0.129257 0.625271
vt 0.117990 0.632952
vt 0.108987 0.603150
vt 0.731146 0.965934
vt 0.735389 0.964582
vt 0.733247 0.966981
vt 0.735496 0.968420
vt 0.951269 0.626396
vt 0.952776 0.630543
vt 0.902052 0.627111
vt 0.421262 0.657339
vt 0.418269 0.661401
vt 0.412573 0.664240
vt 0.739548 0.968392
vt 0.298381 0.690634
vt 0.584364 0.849851
vt 0.595821 0.869549
vt 0.574661 0.864047
vt 0.409287 0.666137
vt 0.640183 0.051633
vt 0.154560 0.811354
vt 0.640808 0.055102
vt 0.125848 0.784095
vt 0.643107 0.059254
vt 0.637842 0.055805
vt 0.627990 0.060057
vt 0.620413 0.063716
vt 0.656294 0.435167
vt 0.666137 0.430281
vt 0.955408 0.849196
vt 0.625059 0.933904
vt 0.623818 0.932928
vt 0.635081 0.954951
vt 0.700232 0.658503
vt 0.168880 0.106559
vt 0.147928 0.513952
vt 0.683952 0.283570
vt 0.136210 0.497794
vt 0.137809 0.504913
vt 0.655007 0.767550
vt 0.129780 0.498339
vt 0.933087 0.309845
vt 0.917429 0.968443
vt 0.928554 0.957794
vt 0.928554 0.981348
vt 0.035714 0.979565
vt 0.775306 0.323561
vt 0.339034 0.416141
vt 0.474895 0.508423
vt 0.137495 0.885297
vt 0.149066 0.911862
vt 0.137495 0.936318
vt 0.636634 0.676748
vt 0.003490 0.121755
vt 0.924198 0.072049
vt 0.593830 0.178058
vt 0.588679 0.182814
vt 0.495297 0.812699
vt 0.493095 0.813351
vt 0.840109 0.196894
vt 0.841758 0.196400
vt 0.836992 0.196576
vt 0.839224 0.203033
vt 0.860232 0.208626
vt 0.840605 0.208449
vt 0.839113 0.206060
vt 0.592237 0.190705
vt 0.593480 0.201549
vt 0.874978 0.051519
vt 0.545069 0.833913
vt 0.429503 0.924934
vt 0.596262 0.829861
vt 0.415181 0.924538
vt 0.408811 0.926871
vt 0.419119 0.925589
vt 0.847763 0.249966
vt 0.851380 0.229919
vt 0.860232 0.257759
vt 0.502800 0.763207
vt 0.108987 0.645951
vt 0.118599 0.634227
vt 0.418817 0.927253
vt 0.417190 0.939188
vt 0.414803 0.928723
vt 0.724981 0.963013
vt 0.729076 0.959951
vt 0.735344 0.960693
vt 0.150480 0.835334
vt 0.149453 0.840350
vt 0.149949 0.832801
vt 0.723246 0.976690
vt 0.946472 0.628483
vt 0.906815 0.609814
vt 0.905487 0.614996
vt 0.428563 0.650701
vt 0.730862 0.971618
vt 0.570109 0.856787
vt 0.572278 0.855892
vt 0.951076 0.640796
vt 0.144879 0.800106
vt 0.745040 0.967587
vt 0.639494 0.046694
vt 0.827624 0.771771
vt 0.595359 0.532497
vt 0.627762 0.053022
vt 0.413348 0.603332
vt 0.418053 0.607911
vt 0.414437 0.615612
vt 0.410392 0.609302
vt 0.614199 0.059835
vt 0.330739 0.051241
vt 0.317806 0.033740
vt 0.330739 0.017946
vt 0.661346 0.432977
vt 0.813270 0.970479
vt 0.813270 0.923711
vt 0.830730 0.963605
vt 0.622394 0.668177
vt 0.000619 0.947187
vt 0.150299 0.509673
vt 0.925475 0.281417
vt 0.939984 0.310547
vt 0.914579 0.619540
vt 0.232982 0.885339
vt 0.766450 0.326983
vt 0.759421 0.318604
vt 0.034531 0.979975
vt 0.029977 0.986006
vt 0.260038 0.783226
vt 0.232104 0.788805
vt 0.250610 0.766059
vt 0.628602 0.484659
vt 0.311678 0.222863
vt 0.262942 0.236049
vt 0.269860 0.211894
vt 0.925084 0.068365
vt 0.259979 0.238285
vt 0.253723 0.234339
vt 0.260217 0.235621
vt 0.129934 0.234578
vt 0.216995 0.205262
vt 0.196840 0.188287
vt 0.210472 0.187123
vt 0.503358 0.809126
vt 0.495470 0.801616
vt 0.835110 0.202285
vt 0.828216 0.204847
vt 0.836250 0.207674
vt 0.838462 0.209917
vt 0.836831 0.213543
vt 0.841354 0.219527
vt 0.848185 0.226710
vt 0.839151 0.221715
vt 0.442468 0.914961
vt 0.534394 0.806693
vt 0.538660 0.805684
vt 0.843386 0.242166
vt 0.554974 0.839067
vt 0.338511 0.746678
vt 0.855033 0.071219
vt 0.584287 0.831401
vt 0.124193 0.631865
vt 0.127627 0.634436
vt 0.579767 0.834385
vt 0.584131 0.835478
vt 0.423346 0.925779
vt 0.500394 0.745471
vt 0.498117 0.769593
vt 0.503080 0.789373
vt 0.849696 0.071690
vt 0.569499 0.838244
vt 0.594820 0.834987
vt 0.424632 0.927398
vt 0.498024 0.750819
vt 0.934825 0.632166
vt 0.938817 0.628400
vt 0.938505 0.631753
vt 0.582950 0.847793
vt 0.421378 0.932011
vt 0.942285 0.629814
vt 0.587012 0.846431
vt 0.943638 0.625552
vt 0.501414 0.791525
vt 0.496833 0.786071
vt 0.502258 0.784700
vt 0.145546 0.841599
vt 0.145789 0.839075
vt 0.493728 0.795016
vt 0.572398 0.849811
vt 0.726010 0.953696
vt 0.945602 0.635754
vt 0.493189 0.789698
vt 0.407538 0.942529
vt 0.122690 0.612729
vt 0.493867 0.773124
vt 0.570089 0.851203
vt 0.741897 0.950564
vt 0.749501 0.960026
vt 0.304134 0.734480
vt 0.750517 0.963122
vt 0.757027 0.955290
vt 0.756351 0.966126
vt 0.129075 0.743704
vt 0.925851 0.022993
vt 0.145204 0.719581
vt 0.413486 0.626470
vt 0.405463 0.623531
vt 0.665713 0.435001
vt 0.312444 0.018083
vt 0.601010 0.888347
vt 0.624169 0.938236
vt 0.028480 0.944033
vt 0.606080 0.936206
vt 0.232563 0.685899
vt 0.628933 0.774226
vt 0.128557 0.491081
vt 0.141074 0.467402
vt 0.905784 0.979822
vt 0.897433 0.966448
vt 0.245175 0.880693
vt 0.765017 0.350001
vt 0.225367 0.754121
vt 0.377846 0.379327
vt 0.364414 0.381624
vt 0.000671 0.114315
vt 0.518894 0.366663
vt 0.530923 0.809159
vt 0.835884 0.224154
vt 0.837599 0.232376
vt 0.877540 0.060625
vt 0.872658 0.061441
vt 0.547984 0.840254
vt 0.935264 0.633252
vt 0.934622 0.648090
vt 0.852237 0.073147
vt 0.496230 0.768194
vt 0.854418 0.074983
vt 0.868682 0.075955
vt 0.563753 0.847440
vt 0.567970 0.847315
vt 0.936611 0.608886
vt 0.855040 0.083274
vt 0.939149 0.608647
vt 0.938110 0.604270
vt 0.934622 0.605629
vt 0.939183 0.601819
vt 0.142962 0.818193
vt 0.560256 0.860683
vt 0.739406 0.951200
vt 0.145622 0.810496
vt 0.147987 0.813284
vt 0.625003 0.472904
vt 0.627317 0.482910
vt 0.620145 0.476502
vt 0.565237 0.864738
vt 0.567917 0.875235
vt 0.411003 0.632243
vt 0.941003 0.019754
vt 0.320451 0.040485
vt 0.648707 0.161279
vt 0.648393 0.170221
vt 0.624078 0.170119
vt 0.623681 0.944313
vt 0.620922 0.940181
vt 0.615759 0.946075
vt 0.415290 0.091298
vt 0.425948 0.049553
vt 0.458338 0.067355
vt 0.378354 0.581412
vt 0.383834 0.586324
vt 0.368291 0.600920
vt 0.947432 0.286183
vt 0.917685 0.760226
vt 0.255338 0.898393
vt 0.769908 0.327713
vt 0.776573 0.329158
vt 0.225076 0.774058
vt 0.786208 0.919386
vt 0.658196 0.498977
vt 0.000436 0.885305
vt 0.558533 0.680352
vt 0.556460 0.652434
vt 0.258279 0.230022
vt 0.233969 0.213759
vt 0.510697 0.805364
vt 0.523655 0.807041
vt 0.527601 0.807279
vt 0.516235 0.387520
vt 0.812097 0.934327
vt 0.812097 0.970479
vt 0.805174 0.936138
vt 0.829099 0.220573
vt 0.828904 0.212173
vt 0.830003 0.232762
vt 0.345042 0.765679
vt 0.340381 0.768687
vt 0.866863 0.072440
vt 0.554743 0.854364
vt 0.138468 0.635697
vt 0.725158 0.947478
vt 0.728561 0.947597
vt 0.864597 0.073710
vt 0.936496 0.607483
vt 0.731938 0.949412
vt 0.617802 0.474989
vt 0.619267 0.469243
vt 0.617376 0.460823
vt 0.411279 0.636310
vt 0.401550 0.639177
vt 0.759898 0.956701
vt 0.922770 0.023222
vt 0.932534 0.019147
vt 0.938950 0.015051
vt 0.418839 0.615571
vt 0.147222 0.703718
vt 0.660875 0.436978
vt 0.651854 0.442538
vt 0.666137 0.438759
vt 0.620237 0.942706
vt 0.048136 0.906130
vt 0.246822 0.132811
vt 0.174428 0.503188
vt 0.156654 0.484335
vt 0.923103 0.951729
vt 0.237569 0.884718
vt 0.772390 0.329954
vt 0.777590 0.333362
vt 0.779978 0.349943
vt 0.268629 0.748194
vt 0.255544 0.740163
vt 0.241408 0.710837
vt 0.242473 0.724819
vt 0.240172 0.711410
vt 0.237825 0.729709
vt 0.249727 0.247533
vt 0.241736 0.234111
vt 0.599395 0.693946
vt 0.253808 0.229696
vt 0.257323 0.224539
vt 0.504750 0.802408
vt 0.516274 0.804877
vt 0.435296 0.923084
vt 0.041925 0.082244
vt 0.041925 0.099377
vt 0.037550 0.083598
vt 0.725001 0.940935
vt 0.727349 0.945694
vt 0.135182 0.627797
vt 0.876214 0.075127
vt 0.878866 0.076213
vt 0.876810 0.076346
vt 0.875153 0.080777
vt 0.552894 0.854688
vt 0.878356 0.086955
vt 0.557611 0.863700
vt 0.953756 0.650609
vt 0.617376 0.482759
vt 0.308772 0.776739
vt 0.409446 0.640344
vt 0.415287 0.636160
vt 0.414000 0.630870
vt 0.416337 0.621595
vt 0.935553 0.015338
vt 0.641776 0.120786
vt 0.655427 0.130173
vt 0.118918 0.445034
vt 0.160043 0.454988
vt 0.915946 0.781041
vt 0.247679 0.889244
vt 0.244924 0.883494
vt 0.240466 0.884803
vt 0.237448 0.715700
vt 0.237097 0.744973
vt 0.222694 0.744967
vt 0.382879 0.362015
vt 0.786719 0.928554
vt 0.140071 0.305479
vt 0.102268 0.284034
vt 0.356918 0.276357
vt 0.393058 0.250164
vt 0.312805 0.194801
vt 0.340056 0.187123
vt 0.448316 0.629449
vt 0.504893 0.608291
vt 0.479823 0.641840
vt 0.430807 0.161211
vt 0.509762 0.801777
vt 0.824738 0.203055
vt 0.821170 0.198853
vt 0.521507 0.804863
vt 0.825658 0.210355
vt 0.522767 0.803773
vt 0.529509 0.805892
vt 0.534021 0.804184
vt 0.435679 0.657030
vt 0.426601 0.654989
vt 0.447477 0.655753
vt 0.515984 0.390670
vt 0.523282 0.398528
vt 0.891379 0.307279
vt 0.888289 0.340056
vt 0.878972 0.312248
vt 0.826747 0.222294
vt 0.976690 0.805954
vt 0.976690 0.840046
vt 0.966289 0.827505
vt 0.445644 0.913323
vt 0.438656 0.921534
vt 0.728234 0.943902
vt 0.723748 0.937798
vt 0.739537 0.939066
vt 0.734829 0.934003
vt 0.829488 0.237662
vt 0.141302 0.632122
vt 0.028581 0.096517
vt 0.333851 0.782594
vt 0.750929 0.945088
vt 0.747423 0.940521
vt 0.752313 0.941684
vt 0.946005 0.945395
vt 0.936012 0.938786
vt 0.947531 0.925601
vt 0.761223 0.940200
vt 0.763729 0.942352
vt 0.404507 0.645951
vt 0.767066 0.947149
vt 0.926426 0.013046
vt 0.922751 0.020943
vt 0.919247 0.022117
vt 0.417320 0.630954
vt 0.930245 0.018455
vt 0.418037 0.624412
vt 0.420943 0.617672
vt 0.944065 0.013742
vt 0.944082 0.000031
vt 0.418496 0.607153
vt 0.660955 0.128239
vt 0.665720 0.117311
vt 0.656102 0.142048
vt 0.653447 0.160213
vt 0.624965 0.626930
vt 0.932009 0.228257
vt 0.932009 0.184710
vt 0.941604 0.194621
vt 0.619229 0.948246
vt 0.341732 0.301427
vt 0.338494 0.297471
vt 0.347336 0.300182
vt 0.415956 0.323010
vt 0.190070 0.540363
vt 0.937210 0.182122
vt 0.939134 0.177736
vt 0.244616 0.884635
vt 0.259707 0.727312
vt 0.249142 0.731468
vt 0.247209 0.748499
vt 0.239863 0.719886
vt 0.215203 0.761934
vt 0.377430 0.312993
vt 0.658849 0.526002
vt 0.635819 0.551321
vt 0.645242 0.442109
vt 0.256048 0.213822
vt 0.253021 0.223020
vt 0.248450 0.219864
vt 0.092585 0.208378
vt 0.466900 0.647105
vt 0.502660 0.798178
vt 0.517361 0.803537
vt 0.813878 0.198564
vt 0.813825 0.216526
vt 0.513127 0.784409
vt 0.517683 0.790929
vt 0.449143 0.657829
vt 0.531680 0.793470
vt 0.422507 0.659906
vt 0.521156 0.789073
vt 0.041410 0.209370
vt 0.039470 0.210539
vt 0.040258 0.198088
vt 0.049689 0.217387
vt 0.541915 0.796903
vt 0.519587 0.405272
vt 0.064283 0.914551
vt 0.053989 0.919156
vt 0.049631 0.909039
vt 0.065495 0.918770
vt 0.001166 0.035714
vt 0.001166 0.017600
vt 0.003106 0.022864
vt 0.815803 0.229479
vt 0.056190 0.920878
vt 0.983855 0.966718
vt 0.983694 0.970600
vt 0.981674 0.969570
vt 0.995323 0.963618
vt 0.984338 0.973082
vt 0.991418 0.974762
vt 0.141223 0.627081
vt 0.736332 0.932024
vt 0.977740 0.975627
vt 0.988518 0.991469
vt 0.422305 0.677341
vt 0.422367 0.703739
vt 0.410016 0.703038
vt 0.943664 0.950574
vt 0.966885 0.996876
vt 0.971102 0.981360
vt 0.977963 0.995910
vt 0.750947 0.933968
vt 0.427474 0.643227
vt 0.425212 0.634263
vt 0.759027 0.935841
vt 0.919247 0.000093
vt 0.925459 0.004121
vt 0.922528 0.006053
vt 0.928307 0.005765
vt 0.924090 0.008699
vt 0.049864 0.957439
vt 0.049631 0.954265
vt 0.055439 0.961162
vt 0.426141 0.629635
vt 0.419426 0.626399
vt 0.125848 0.698795
vt 0.432666 0.620697
vt 0.432397 0.617837
vt 0.435716 0.616223
vt 0.427679 0.621707
vt 0.429510 0.623524
vt 0.932833 0.002645
vt 0.664111 0.127294
vt 0.673173 0.113551
vt 0.347016 0.303479
vt 0.342478 0.304694
vt 0.616310 0.948662
vt 0.613755 0.950414
vt 0.682955 0.304599
vt 0.679022 0.349127
vt 0.645716 0.320711
vt 0.249644 0.700941
vt 0.385278 0.572654
vt 0.689295 0.309000
vt 0.893472 0.520431
vt 0.920790 0.497890
vt 0.920790 0.555890
vt 0.889676 0.965227
vt 0.890627 0.955115
vt 0.259061 0.882379
vt 0.785563 0.337372
vt 0.239468 0.729155
vt 0.210092 0.751322
vt 0.198866 0.744756
vt 0.212164 0.766773
vt 0.384627 0.382213
vt 0.217364 0.238607
vt 0.236002 0.231911
vt 0.403960 0.409535
vt 0.677006 0.458753
vt 0.535612 0.661380
vt 0.456773 0.653399
vt 0.038333 0.202438
vt 0.518679 0.785861
vt 0.452691 0.663783
vt 0.524968 0.787887
vt 0.530816 0.789185
vt 0.033483 0.204950
vt 0.034381 0.196965
vt 0.035202 0.211683
vt 0.525896 0.785019
vt 0.030483 0.217387
vt 0.086027 0.923847
vt 0.092555 0.932636
vt 0.085961 0.932540
vt 0.946676 0.952602
vt 0.930543 0.962715
vt 0.093166 0.937543
vt 0.744875 0.933349
vt 0.744778 0.929905
vt 0.975984 0.972601
vt 0.749436 0.932542
vt 0.966885 0.972642
vt 0.948301 0.941311
vt 0.950060 0.930925
vt 0.429807 0.635293
vt 0.433362 0.639106
vt 0.950667 0.928100
vt 0.427332 0.630562
vt 0.430183 0.629604
vt 0.430542 0.632474
vt 0.692534 0.120212
vt 0.688721 0.130568
vt 0.573833 0.890511
vt 0.571795 0.884864
vt 0.346264 0.284782
vt 0.345593 0.306867
vt 0.704956 0.630930
vt 0.130875 0.126082
vt 0.198268 0.131748
vt 0.378016 0.563409
vt 0.948375 0.185706
vt 0.248807 0.881381
vt 0.237067 0.240891
vt 0.236776 0.236944
vt 0.582735 0.687492
vt 0.270025 0.209817
vt 0.252384 0.216183
vt 0.242805 0.206345
vt 0.886675 0.308004
vt 0.524176 0.783087
vt 0.030528 0.201864
vt 0.083432 0.926727
vt 0.077406 0.925034
vt 0.069808 0.922036
vt 0.063368 0.926562
vt 0.056552 0.930422
vt 0.948691 0.950660
vt 0.087972 0.939704
vt 0.977645 0.967737
vt 0.950544 0.946413
vt 0.951713 0.942108
vt 0.970585 0.971891
vt 0.954715 0.928768
vt 0.702931 0.967619
vt 0.694103 0.977019
vt 0.690971 0.966366
vt 0.760073 0.929727
vt 0.766287 0.928881
vt 0.055407 0.947217
vt 0.057871 0.951312
vt 0.434560 0.633106
vt 0.952149 0.925923
vt 0.441964 0.623830
vt 0.435668 0.628492
vt 0.952019 0.923273
vt 0.566025 0.878927
vt 0.567216 0.881172
vt 0.568979 0.882171
vt 0.671251 0.178835
vt 0.657704 0.619256
vt 0.611790 0.923708
vt 0.588269 0.927001
vt 0.576417 0.907588
vt 0.350064 0.302623
vt 0.351119 0.306203
vt 0.368291 0.566995
vt 0.372697 0.558493
vt 0.147183 0.130407
vt 0.956504 0.205536
vt 0.220570 0.701850
vt 0.704599 0.760855
vt 0.728004 0.738251
vt 0.746388 0.756342
vt 0.960592 0.281254
vt 0.959305 0.288640
vt 0.922005 0.945133
vt 0.926356 0.950435
vt 0.916284 0.945758
vt 0.958997 0.296330
vt 0.784730 0.337685
vt 0.255869 0.733764
vt 0.788409 0.337644
vt 0.232461 0.240271
vt 0.237793 0.221305
vt 0.243642 0.213772
vt 0.112568 0.266010
vt 0.507613 0.633198
vt 0.475552 0.646369
vt 0.436511 0.152587
vt 0.884111 0.308337
vt 0.067079 0.929096
vt 0.073567 0.923921
vt 0.072330 0.933013
vt 0.079082 0.933092
vt 0.880441 0.309396
vt 0.878504 0.309938
vt 0.083216 0.941325
vt 0.458557 0.714272
vt 0.952235 0.954445
vt 0.953536 0.951339
vt 0.059684 0.934550
vt 0.749108 0.928881
vt 0.971536 0.966071
vt 0.969890 0.968749
vt 0.439372 0.645951
vt 0.436762 0.642077
vt 0.437898 0.641084
vt 0.688996 0.961977
vt 0.704944 0.963231
vt 0.752133 0.931443
vt 0.059217 0.939089
vt 0.054293 0.938170
vt 0.056939 0.935179
vt 0.062689 0.947506
vt 0.066359 0.957718
vt 0.686113 0.974593
vt 0.958723 0.924176
vt 0.954233 0.915760
vt 0.951884 0.920228
vt 0.567834 0.885300
vt 0.570232 0.887219
vt 0.674034 0.184472
vt 0.646014 0.183490
vt 0.575202 0.896269
vt 0.633919 0.618996
vt 0.656340 0.616563
vt 0.352886 0.303385
vt 0.352334 0.286087
vt 0.354031 0.275086
vt 0.631955 0.315960
vt 0.630373 0.304599
vt 0.226163 0.149019
vt 0.269356 0.144965
vt 0.281820 0.131416
vt 0.714164 0.739315
vt 0.947109 0.178273
vt 0.898223 0.941880
vt 0.891943 0.949362
vt 0.886463 0.952583
vt 0.883018 0.954370
vt 0.243484 0.742202
vt 0.233266 0.741963
vt 0.235850 0.234408
vt 0.240272 0.222737
vt 0.244423 0.223606
vt 0.246638 0.218493
vt 0.571604 0.686857
vt 0.245521 0.214179
vt 0.280158 0.206268
vt 0.250191 0.212900
vt 0.252624 0.208694
vt 0.521729 0.617442
vt 0.411086 0.170281
vt 0.439889 0.149792
vt 0.441918 0.148512
vt 0.894484 0.305343
vt 0.892945 0.303191
vt 0.888353 0.304081
vt 0.884572 0.305012
vt 0.880969 0.305649
vt 0.877268 0.303641
vt 0.077713 0.937250
vt 0.959609 0.957787
vt 0.064330 0.934626
vt 0.067846 0.943002
vt 0.689383 0.960084
vt 0.704956 0.950465
vt 0.075905 0.946355
vt 0.082291 0.946726
vt 0.439074 0.639364
vt 0.444091 0.642922
vt 0.078074 0.951795
vt 0.069853 0.952101
vt 0.687421 0.962750
vt 0.440637 0.633452
vt 0.419501 0.706163
vt 0.434200 0.709711
vt 0.689154 0.147208
vt 0.682324 0.176382
vt 0.959609 0.914130
vt 0.569384 0.890463
vt 0.571465 0.892246
vt 0.923450 0.354719
vt 0.921124 0.358620
vt 0.920865 0.335771
vt 0.926666 0.356767
vt 0.925385 0.361746
vt 0.354031 0.307448
vt 0.661460 0.338256
vt 0.640899 0.321801
vt 0.925754 0.366840
vt 0.918963 0.367898
vt 0.961627 0.283526
vt 0.963977 0.280682
vt 0.964268 0.285521
vt 0.152890 0.425727
vt 0.167728 0.450648
vt 0.259312 0.874409
vt 0.890762 0.949041
vt 0.251334 0.735246
vt 0.255955 0.735381
vt 0.249229 0.738964
vt 0.227963 0.748970
vt 0.224058 0.747933
vt 0.220487 0.752364
vt 0.225022 0.249995
vt 0.231277 0.238918
vt 0.239130 0.228510
vt 0.243933 0.219148
vt 0.412572 0.310334
vt 0.245502 0.209944
vt 0.246509 0.207357
vt 0.092582 0.218938
vt 0.269361 0.190822
vt 0.245048 0.200350
vt 0.243686 0.205741
vt 0.243055 0.203879
vt 0.406129 0.186114
vt 0.412053 0.178938
vt 0.423012 0.177971
vt 0.423591 0.195607
vt 0.440166 0.153975
vt 0.442308 0.151631
vt 0.891534 0.299380
vt 0.895739 0.299576
vt 0.887427 0.296555
vt 0.687212 0.959997
vt 0.684077 0.968327
vt 0.678392 0.978751
vt 0.679282 0.981348
vt 0.562242 0.886655
vt 0.570746 0.895431
vt 0.575143 0.901318
vt 0.649181 0.189882
vt 0.636880 0.613942
vt 0.652934 0.615074
vt 0.928670 0.341174
vt 0.928950 0.344767
vt 0.925362 0.337820
vt 0.930000 0.343803
vt 0.930882 0.345205
vt 0.931019 0.348180
vt 0.203642 0.975612
vt 0.212729 0.998281
vt 0.187737 0.969643
vt 0.916226 0.331293
vt 0.929610 0.355630
vt 0.182457 0.965888
vt 0.615511 0.342716
vt 0.182244 0.999982
vt 0.169566 0.136506
vt 0.380116 0.563951
vt 0.384442 0.568857
vt 0.930374 0.366420
vt 0.921399 0.385086
vt 0.925806 0.371940
vt 0.378325 0.559581
vt 0.388192 0.569802
vt 0.206515 0.510962
vt 0.222570 0.536168
vt 0.444046 0.033994
vt 0.456693 0.043888
vt 0.388103 0.572954
vt 0.960992 0.286672
vt 0.960000 0.292644
vt 0.962497 0.290677
vt 0.964130 0.291766
vt 0.962516 0.307243
vt 0.963764 0.313365
vt 0.944755 0.332292
vt 0.963043 0.318238
vt 0.958553 0.324388
vt 0.245674 0.737656
vt 0.240660 0.738016
vt 0.227137 0.746902
vt 0.225698 0.749333
vt 0.498927 0.979795
vt 0.519127 0.945973
vt 0.527941 0.964840
vt 0.669282 0.544229
vt 0.092210 0.247495
vt 0.563512 0.695123
vt 0.562202 0.686724
vt 0.582531 0.690696
vt 0.597864 0.695858
vt 0.616535 0.706998
vt 0.239001 0.199979
vt 0.649134 0.272434
vt 0.669242 0.289101
vt 0.649134 0.315212
vt 0.411501 0.174862
vt 0.423250 0.171894
vt 0.416497 0.171324
vt 0.422926 0.167374
vt 0.423335 0.169817
vt 0.424751 0.184808
vt 0.425313 0.173881
vt 0.427164 0.167477
vt 0.948393 0.439911
vt 0.965821 0.439911
vt 0.953729 0.487569
vt 0.426790 0.191069
vt 0.426307 0.179647
vt 0.426461 0.176896
vt 0.938049 0.717188
vt 0.921913 0.717474
vt 0.928441 0.714139
vt 0.426920 0.198754
vt 0.427273 0.186099
vt 0.432781 0.164465
vt 0.436798 0.160553
vt 0.897565 0.296613
vt 0.442833 0.155107
vt 0.506434 0.661794
vt 0.874969 0.297824
vt 0.687910 0.958628
vt 0.698121 0.945431
vt 0.683564 0.964410
vt 0.681673 0.188818
vt 0.692534 0.215834
vt 0.568812 0.900372
vt 0.622394 0.598785
vt 0.654620 0.611948
vt 0.572779 0.902676
vt 0.190389 0.969102
vt 0.195117 0.970014
vt 0.195637 0.971727
vt 0.198669 0.970333
vt 0.198118 0.971527
vt 0.200987 0.973388
vt 0.202907 0.970554
vt 0.203181 0.971899
vt 0.207288 0.969827
vt 0.205033 0.972784
vt 0.206455 0.971604
vt 0.207369 0.973277
vt 0.209820 0.968939
vt 0.210655 0.971186
vt 0.929928 0.335365
vt 0.933761 0.342961
vt 0.934114 0.345038
vt 0.579749 0.916586
vt 0.575698 0.910646
vt 0.934199 0.348087
vt 0.933791 0.351759
vt 0.620462 0.348180
vt 0.931707 0.359332
vt 0.927851 0.367254
vt 0.667307 0.342788
vt 0.923572 0.373506
vt 0.398179 0.067434
vt 0.923386 0.375410
vt 0.251015 0.145222
vt 0.693019 0.741974
vt 0.187579 0.492570
vt 0.175363 0.469648
vt 0.961271 0.290178
vt 0.961953 0.293633
vt 0.909557 0.937166
vt 0.919842 0.936717
vt 0.916441 0.941453
vt 0.910568 0.940655
vt 0.906928 0.934976
vt 0.902552 0.935696
vt 0.900932 0.935398
vt 0.960890 0.316901
vt 0.894176 0.944589
vt 0.247572 0.738265
vt 0.232078 0.744655
vt 0.407391 0.316108
vt 0.415365 0.287994
vt 0.498927 0.938813
vt 0.947187 0.898680
vt 0.943152 0.919565
vt 0.928503 0.948740
vt 0.427342 0.171632
vt 0.429528 0.181801
vt 0.429521 0.174403
vt 0.429603 0.171592
vt 0.431363 0.169160
vt 0.428132 0.191479
vt 0.430087 0.188339
vt 0.438044 0.165404
vt 0.947992 0.737564
vt 0.942798 0.720238
vt 0.946754 0.049689
vt 0.946754 0.000520
vt 0.959610 0.019342
vt 0.430209 0.193887
vt 0.018633 0.003289
vt 0.015762 0.007764
vt 0.015762 0.000337
vt 0.936434 0.715599
vt 0.927286 0.709923
vt 0.450595 0.154376
vt 0.894047 0.292277
vt 0.883065 0.292049
vt 0.701854 0.936440
vt 0.689442 0.951212
vt 0.686803 0.957783
vt 0.684310 0.957923
vt 0.521729 0.706242
vt 0.681690 0.958194
vt 0.674529 0.976968
vt 0.034161 0.051241
vt 0.032238 0.048102
vt 0.034161 0.045672
vt 0.657218 0.593931
vt 0.650075 0.586061
vt 0.613856 0.343824
vt 0.612525 0.342606
vt 0.611881 0.340919
vt 0.155556 0.177748
vt 0.156715 0.176668
vt 0.158843 0.177733
vt 0.158229 0.181651
vt 0.158506 0.175081
vt 0.164593 0.177041
vt 0.154250 0.175136
vt 0.190876 0.967436
vt 0.193965 0.966209
vt 0.571460 0.905917
vt 0.208591 0.966192
vt 0.572637 0.908673
vt 0.573629 0.911274
vt 0.573277 0.913402
vt 0.211692 0.965888
vt 0.934379 0.337799
vt 0.936203 0.342632
vt 0.576219 0.916481
vt 0.936395 0.345189
vt 0.936170 0.349357
vt 0.934977 0.352795
vt 0.937121 0.351179
vt 0.937437 0.354050
vt 0.664094 0.347369
vt 0.674889 0.349890
vt 0.736997 0.736160
vt 0.757750 0.733016
vt 0.000616 0.545745
vt 0.005154 0.573349
vt 0.000616 0.583840
vt 0.894978 0.939017
vt 0.895166 0.942469
vt 0.243455 0.739701
vt 0.239770 0.740859
vt 0.239422 0.739024
vt 0.238476 0.742064
vt 0.236285 0.742453
vt 0.666281 0.494183
vt 0.663005 0.511059
vt 0.673611 0.474203
vt 0.433636 0.177270
vt 0.434259 0.173909
vt 0.434930 0.172304
vt 0.507862 0.634364
vt 0.939770 0.712931
vt 0.940071 0.715845
vt 0.954256 0.723399
vt 0.944809 0.718434
vt 0.957826 0.727402
vt 0.949150 0.721206
vt 0.948738 0.718534
vt 0.952049 0.718646
vt 0.616468 0.811157
vt 0.616092 0.813964
vt 0.613208 0.813909
vt 0.613665 0.817871
vt 0.616931 0.816930
vt 0.617373 0.814100
vt 0.686362 0.955333
vt 0.610965 0.351728
vt 0.610799 0.348415
vt 0.612981 0.356178
vt 0.610095 0.344386
vt 0.612565 0.345328
vt 0.566421 0.903782
vt 0.554879 0.891761
vt 0.155515 0.183501
vt 0.153261 0.178387
vt 0.150954 0.173650
vt 0.567614 0.912608
vt 0.571335 0.912362
vt 0.572997 0.917654
vt 0.572106 0.915980
vt 0.574099 0.915761
vt 0.939475 0.344500
vt 0.941793 0.346325
vt 0.939431 0.347416
vt 0.939780 0.339066
vt 0.701721 0.623955
vt 0.686866 0.355422
vt 0.692534 0.355015
vt 0.190028 0.144283
vt 0.216360 0.146919
vt 0.192721 0.149943
vt 0.746091 0.734128
vt 0.908024 0.937989
vt 0.896019 0.942316
vt 0.896644 0.942325
vt 0.240958 0.739235
vt 0.939648 0.572996
vt 0.957250 0.576161
vt 0.959609 0.608684
vt 0.957412 0.562286
vt 0.668747 0.505798
vt 0.587746 0.717233
vt 0.677459 0.826145
vt 0.639094 0.852327
vt 0.638251 0.827987
vt 0.439659 0.169790
vt 0.689858 0.842790
vt 0.888617 0.286825
vt 0.955588 0.722952
vt 0.644889 0.425458
vt 0.645539 0.423406
vt 0.653680 0.420751
vt 0.643378 0.422282
vt 0.959609 0.721873
vt 0.641820 0.424877
vt 0.690981 0.855707
vt 0.653370 0.418723
vt 0.623982 0.806044
vt 0.620359 0.808531
vt 0.618446 0.807678
vt 0.626267 0.806580
vt 0.624097 0.808026
vt 0.611246 0.808113
vt 0.611621 0.811710
vt 0.619658 0.810870
vt 0.622142 0.811538
vt 0.596089 0.589884
vt 0.592407 0.591972
vt 0.592407 0.572440
vt 0.620198 0.813546
vt 0.689939 0.940362
vt 0.602332 0.806035
vt 0.977913 0.312961
vt 0.961535 0.326081
vt 0.968022 0.316733
vt 0.618682 0.819231
vt 0.681859 0.954784
vt 0.686991 0.200828
vt 0.611598 0.359169
vt 0.612986 0.363361
vt 0.610072 0.355861
vt 0.607057 0.354933
vt 0.610116 0.352230
vt 0.608245 0.350325
vt 0.604782 0.350308
vt 0.150773 0.189830
vt 0.625603 0.369239
vt 0.513966 0.399544
vt 0.511845 0.403901
vt 0.500936 0.407174
vt 0.495399 0.415877
vt 0.934590 0.334355
vt 0.943924 0.341543
vt 0.944901 0.342571
vt 0.157874 0.136635
vt 0.143547 0.133048
vt 0.755066 0.730878
vt 0.271026 0.148153
vt 0.732319 0.736138
vt 0.901998 0.936968
vt 0.901611 0.939079
vt 0.898242 0.939005
vt 0.964268 0.316090
vt 0.415102 0.341561
vt 0.664272 0.534832
vt 0.090955 0.266363
vt 0.663631 0.531883
vt 0.090855 0.232044
vt 0.516116 0.065893
vt 0.527831 0.084346
vt 0.480320 0.086051
vt 0.928503 0.897019
vt 0.535612 0.726695
vt 0.041532 0.957066
vt 0.044096 0.968885
vt 0.044468 0.981632
vt 0.198311 0.442308
vt 0.187152 0.402281
vt 0.218320 0.421621
vt 0.046116 0.981764
vt 0.437880 0.176834
vt 0.438243 0.174662
vt 0.440074 0.177917
vt 0.928263 0.686592
vt 0.911474 0.277519
vt 0.079191 0.993770
vt 0.664105 0.872775
vt 0.652664 0.866732
vt 0.875539 0.284580
vt 0.616458 0.785832
vt 0.625901 0.808438
vt 0.600896 0.588815
vt 0.600080 0.573271
vt 0.601628 0.575787
vt 0.604026 0.594709
vt 0.983882 0.297978
vt 0.988811 0.296867
vt 0.620670 0.821449
vt 0.619133 0.826356
vt 0.605121 0.828210
vt 0.680794 0.955719
vt 0.609522 0.364214
vt 0.609301 0.360819
vt 0.145893 0.171607
vt 0.564642 0.905301
vt 0.689562 0.372963
vt 0.670101 0.611620
vt 0.567798 0.920028
vt 0.680083 0.614234
vt 0.949211 0.338459
vt 0.148647 0.152002
vt 0.167477 0.140264
vt 0.272719 0.154760
vt 0.252423 0.148199
vt 0.180759 0.148290
vt 0.727469 0.736249
vt 0.734224 0.733953
vt 0.217472 0.521973
vt 0.185634 0.481014
vt 0.898615 0.937761
vt 0.621471 0.326081
vt 0.612458 0.306416
vt 0.621547 0.317974
vt 0.461604 0.087104
vt 0.484966 0.124975
vt 0.224429 0.443315
vt 0.453408 0.179528
vt 0.440583 0.176562
vt 0.894069 0.280917
vt 0.654168 0.406511
vt 0.655267 0.418379
vt 0.990665 0.300816
vt 0.987605 0.318514
vt 0.239004 0.393403
vt 0.223226 0.376105
vt 0.229445 0.373921
vt 0.242200 0.389537
vt 0.231476 0.370376
vt 0.617948 0.833911
vt 0.620622 0.827121
vt 0.608891 0.370523
vt 0.610747 0.370667
vt 0.610795 0.375461
vt 0.610455 0.367606
vt 0.668197 0.979117
vt 0.603765 0.354679
vt 0.638907 0.400614
vt 0.036553 0.063642
vt 0.041925 0.074752
vt 0.036553 0.082297
vt 0.667614 0.607484
vt 0.564545 0.917573
vt 0.566408 0.920260
vt 0.946522 0.341580
vt 0.180459 0.150189
vt 0.732479 0.717886
vt 0.740414 0.700763
vt 0.752227 0.725581
vt 0.284156 0.175695
vt 0.205924 0.185425
vt 0.713698 0.737479
vt 0.711487 0.737877
vt 0.460395 0.024603
vt 0.169169 0.454351
vt 0.512896 0.942464
vt 0.509169 0.938309
vt 0.677006 0.549729
vt 0.471108 0.992218
vt 0.465214 0.977982
vt 0.473023 0.971409
vt 0.638251 0.891288
vt 0.226602 0.394432
vt 0.234048 0.411887
vt 0.954384 0.686636
vt 0.663778 0.875675
vt 0.231196 0.394399
vt 0.212097 0.361514
vt 0.254217 0.413382
vt 0.641292 0.812387
vt 0.630472 0.832854
vt 0.873125 0.277519
vt 0.260380 0.419877
vt 0.259158 0.412392
vt 0.269886 0.423360
vt 0.271288 0.419447
vt 0.263712 0.393553
vt 0.682477 0.939067
vt 0.972553 0.290288
vt 0.961535 0.298198
vt 0.602332 0.848279
vt 0.619495 0.830828
vt 0.622011 0.829141
vt 0.606688 0.378076
vt 0.605892 0.378938
vt 0.607130 0.374428
vt 0.608355 0.376106
vt 0.600616 0.351806
vt 0.145893 0.192543
vt 0.155601 0.170633
vt 0.679546 0.608935
vt 0.266692 0.182976
vt 0.951091 0.340915
vt 0.726030 0.702062
vt 0.690395 0.740167
vt 0.697018 0.737348
vt 0.679122 0.742969
vt 0.201545 0.496284
vt 0.400767 0.381625
vt 0.407577 0.388928
vt 0.959609 0.562254
vt 0.519914 0.944152
vt 0.057541 0.012609
vt 0.058903 0.000158
vt 0.068322 0.020391
vt 0.048110 0.019201
vt 0.452857 0.105747
vt 0.090873 0.217938
vt 0.092722 0.196410
vt 0.444783 0.179979
vt 0.467585 0.970909
vt 0.458805 0.971459
vt 0.452832 0.953287
vt 0.469098 0.959126
vt 0.641820 0.402663
vt 0.245505 0.414124
vt 0.285177 0.440638
vt 0.495625 0.175470
vt 0.510725 0.158692
vt 0.511041 0.164453
vt 0.523538 0.156944
vt 0.283095 0.430558
vt 0.674540 0.942377
vt 0.500808 0.177266
vt 0.283948 0.415572
vt 0.270289 0.402001
vt 0.242255 0.359534
vt 0.251699 0.371390
vt 0.239903 0.342895
vt 0.240568 0.345874
vt 0.620481 0.833075
vt 0.624262 0.831714
vt 0.618707 0.835885
vt 0.624130 0.833624
vt 0.627543 0.842101
vt 0.602755 0.854021
vt 0.624310 0.836776
vt 0.628008 0.834005
vt 0.627711 0.837847
vt 0.602800 0.379278
vt 0.254342 0.247896
vt 0.322031 0.233137
vt 0.288217 0.249995
vt 0.243553 0.344924
vt 0.288400 0.355313
vt 0.692040 0.393914
vt 0.555786 0.900702
vt 0.557939 0.922438
vt 0.727705 0.692435
vt 0.753635 0.691911
vt 0.508158 0.427619
vt 0.189792 0.187382
vt 0.956303 0.332225
vt 0.685039 0.613259
vt 0.391848 0.066498
vt 0.400879 0.062135
vt 0.216231 0.515972
vt 0.204067 0.494936
vt 0.224062 0.528117
vt 0.189581 0.484890
vt 0.042107 0.049706
vt 0.041836 0.027127
vt 0.044724 0.042412
vt 0.066621 0.032123
vt 0.463131 0.968701
vt 0.053210 0.202749
vt 0.529493 0.110016
vt 0.079191 0.954056
vt 0.258884 0.441605
vt 0.484463 0.305895
vt 0.465962 0.303334
vt 0.484463 0.274035
vt 0.256507 0.427961
vt 0.464509 0.274706
vt 0.273999 0.443315
vt 0.827426 0.140282
vt 0.838907 0.120312
vt 0.834177 0.139541
vt 0.485147 0.160117
vt 0.493658 0.151701
vt 0.489365 0.173841
vt 0.536627 0.195789
vt 0.543699 0.189924
vt 0.537630 0.206467
vt 0.474366 0.188379
vt 0.482405 0.189997
vt 0.518161 0.180962
vt 0.302780 0.431337
vt 0.276773 0.410499
vt 0.266332 0.395157
vt 0.597435 0.364543
vt 0.267576 0.392179
vt 0.325848 0.246728
vt 0.018633 0.156799
vt 0.018633 0.195649
vt 0.001347 0.181311
vt 0.297767 0.389099
vt 0.680714 0.592939
vt 0.717697 0.686028
vt 0.712789 0.686717
vt 0.714113 0.233010
vt 0.722637 0.211174
vt 0.721765 0.227415
vt 0.247777 0.195649
vt 0.563340 0.921440
vt 0.701313 0.701305
vt 0.701871 0.619188
vt 0.402434 0.057617
vt 0.408551 0.047691
vt 0.682635 0.700529
vt 0.674188 0.741967
vt 0.421850 0.046118
vt 0.433968 0.035893
vt 0.436844 0.037463
vt 0.193154 0.485284
vt 0.180870 0.475351
vt 0.408209 0.374052
vt 0.617732 0.309418
vt 0.610929 0.303019
vt 0.045376 0.048225
vt 0.091310 0.277220
vt 0.048067 0.055900
vt 0.088938 0.242631
vt 0.060884 0.043455
vt 0.086956 0.236661
vt 0.067668 0.039557
vt 0.899537 0.086695
vt 0.904679 0.085896
vt 0.902811 0.098257
vt 0.901932 0.083700
vt 0.899852 0.076847
vt 0.894803 0.068273
vt 0.905127 0.078753
vt 0.902378 0.075629
vt 0.906581 0.077717
vt 0.905110 0.075138
vt 0.901487 0.069928
vt 0.725142 0.877741
vt 0.706513 0.925868
vt 0.702163 0.918419
vt 0.025533 0.171066
vt 0.058331 0.214392
vt 0.510417 0.140320
vt 0.523780 0.148042
vt 0.510849 0.144575
vt 0.516157 0.207127
vt 0.529485 0.203178
vt 0.522868 0.209610
vt 0.527084 0.212594
vt 0.518660 0.225205
vt 0.533450 0.204262
vt 0.472765 0.174067
vt 0.007088 0.099377
vt 0.016526 0.083510
vt 0.026397 0.085991
vt 0.859284 0.967373
vt 0.859284 0.916404
vt 0.897499 0.932780
vt 0.892393 0.273287
vt 0.892393 0.222317
vt 0.897499 0.248261
vt 0.499535 0.191782
vt 0.278470 0.724744
vt 0.289057 0.719608
vt 0.280236 0.734458
vt 0.260436 0.384807
vt 0.636397 0.839482
vt 0.279498 0.609797
vt 0.279498 0.631976
vt 0.260958 0.611512
vt 0.566571 0.236200
vt 0.572167 0.233387
vt 0.562233 0.241658
vt 0.574028 0.228042
vt 0.757750 0.664614
vt 0.910621 0.607475
vt 0.916332 0.607768
vt 0.928400 0.618001
vt 0.915796 0.605940
vt 0.700660 0.690152
vt 0.751658 0.838283
vt 0.741255 0.813785
vt 0.764306 0.812898
vt 0.918545 0.605651
vt 0.921448 0.606729
vt 0.923677 0.604614
vt 0.929458 0.604523
vt 0.931602 0.601057
vt 0.938298 0.600345
vt 0.691397 0.606652
vt 0.698998 0.612863
vt 0.904692 0.840687
vt 0.907306 0.844495
vt 0.901941 0.840474
vt 0.906653 0.840920
vt 0.908882 0.840336
vt 0.911621 0.841253
vt 0.914292 0.840609
vt 0.913939 0.842203
vt 0.908712 0.849363
vt 0.918602 0.841516
vt 0.395420 0.055194
vt 0.402743 0.050479
vt 0.256983 0.511073
vt 0.453898 0.024375
vt 0.178077 0.469383
vt 0.622571 0.321895
vt 0.620100 0.308142
vt 0.090512 0.255090
vt 0.088214 0.253963
vt 0.060284 0.053324
vt 0.065025 0.047264
vt 0.068322 0.044799
vt 0.068140 0.042879
vt 0.904521 0.105655
vt 0.903583 0.103621
vt 0.906481 0.103454
vt 0.909065 0.083528
vt 0.909844 0.078819
vt 0.910928 0.076731
vt 0.910546 0.074017
vt 0.906975 0.072318
vt 0.909789 0.071674
vt 0.907319 0.070971
vt 0.909532 0.068872
vt 0.909325 0.066564
vt 0.908236 0.063514
vt 0.909474 0.063639
vt 0.908991 0.061117
vt 0.471443 0.963023
vt 0.841599 0.194096
vt 0.837261 0.193587
vt 0.829046 0.174137
vt 0.486615 0.140525
vt 0.145077 0.313659
vt 0.145077 0.280391
vt 0.152982 0.304269
vt 0.841599 0.152031
vt 0.830045 0.152016
vt 0.163917 0.879684
vt 0.154779 0.884358
vt 0.143957 0.877021
vt 0.898220 0.485873
vt 0.893325 0.476492
vt 0.901850 0.480468
vt 0.487254 0.152645
vt 0.506116 0.234018
vt 0.504529 0.230990
vt 0.521463 0.196518
vt 0.531436 0.185556
vt 0.541748 0.238696
vt 0.550554 0.210141
vt 0.282590 0.413634
vt 0.279162 0.409481
vt 0.668197 0.934103
vt 0.329863 0.201301
vt 0.327096 0.219965
vt 0.286281 0.414720
vt 0.598863 0.379180
vt 0.559585 0.195592
vt 0.574131 0.185556
vt 0.582287 0.219812
vt 0.304177 0.425379
vt 0.312704 0.394377
vt 0.337576 0.433323
vt 0.325741 0.235961
vt 0.326673 0.237468
vt 0.327754 0.241484
vt 0.554165 0.212759
vt 0.346267 0.424554
vt 0.569544 0.246562
vt 0.554765 0.249081
vt 0.904053 0.605179
vt 0.906208 0.604224
vt 0.910774 0.603287
vt 0.916274 0.602088
vt 0.513966 0.427998
vt 0.959610 0.331293
vt 0.957870 0.334237
vt 0.936890 0.596551
vt 0.902945 0.836707
vt 0.909255 0.837222
vt 0.914097 0.836942
vt 0.922907 0.838032
vt 0.397440 0.050533
vt 0.402448 0.045435
vt 0.406496 0.041827
vt 0.408759 0.040467
vt 0.408422 0.037641
vt 0.175909 0.451636
vt 0.166249 0.433304
vt 0.169901 0.451508
vt 0.010869 0.564943
vt 0.409279 0.381864
vt 0.412545 0.388949
vt 0.415365 0.403385
vt 0.090735 0.292954
vt 0.661800 0.930936
vt 0.660637 0.928881
vt 0.667472 0.918261
vt 0.659630 0.937612
vt 0.656822 0.933684
vt 0.657593 0.938668
vt 0.623807 0.317644
vt 0.653575 0.937860
vt 0.089259 0.274460
vt 0.627317 0.303019
vt 0.020164 0.160414
vt 0.024844 0.168667
vt 0.020164 0.180121
vt 0.132208 0.091415
vt 0.136373 0.088798
vt 0.134768 0.100551
vt 0.064469 0.053208
vt 0.145373 0.155527
vt 0.141828 0.149063
vt 0.145960 0.148167
vt 0.141828 0.161488
vt 0.902745 0.109357
vt 0.079112 0.249190
vt 0.912823 0.078926
vt 0.913353 0.076579
vt 0.912353 0.068361
vt 0.911969 0.061099
vt 0.030921 0.236099
vt 0.911708 0.058268
vt 0.879445 0.494941
vt 0.882082 0.491365
vt 0.882380 0.496098
vt 0.908884 0.056623
vt 0.883487 0.493251
vt 0.885928 0.492942
vt 0.480012 0.964413
vt 0.476658 0.969070
vt 0.886693 0.489978
vt 0.725142 0.931660
vt 0.800861 0.874634
vt 0.810544 0.924061
vt 0.800861 0.928554
vt 0.452857 0.170972
vt 0.471861 0.168208
vt 0.823702 0.165699
vt 0.908368 0.488694
vt 0.479780 0.162231
vt 0.166255 0.885952
vt 0.823300 0.152829
vt 0.175087 0.876528
vt 0.173709 0.869239
vt 0.183235 0.875043
vt 0.497443 0.233333
vt 0.505553 0.251815
vt 0.508225 0.252830
vt 0.909953 0.133242
vt 0.907698 0.126696
vt 0.927001 0.133901
vt 0.902734 0.122259
vt 0.296578 0.722992
vt 0.328725 0.216005
vt 0.151590 0.934285
vt 0.141063 0.935983
vt 0.140014 0.933943
vt 0.550973 0.217228
vt 0.559450 0.192428
vt 0.493396 0.197097
vt 0.521783 0.183325
vt 0.303123 0.426212
vt 0.330920 0.215632
vt 0.522428 0.185305
vt 0.328270 0.229420
vt 0.327069 0.226550
vt 0.325985 0.232030
vt 0.502945 0.205742
vt 0.490809 0.199580
vt 0.589311 0.375069
vt 0.329542 0.236034
vt 0.553257 0.246830
vt 0.550337 0.224239
vt 0.542839 0.241164
vt 0.264297 0.698110
vt 0.289607 0.697836
vt 0.262992 0.727058
vt 0.726021 0.237622
vt 0.335106 0.246068
vt 0.328977 0.244617
vt 0.743358 0.844030
vt 0.766448 0.865218
vt 0.741255 0.871470
vt 0.559941 0.257927
vt 0.758195 0.851726
vt 0.907779 0.598474
vt 0.578391 0.252452
vt 0.765761 0.826984
vt 0.914612 0.599675
vt 0.567848 0.265880
vt 0.925387 0.597468
vt 0.404447 0.034420
vt 0.403669 0.032089
vt 0.402290 0.034203
vt 0.404605 0.029130
vt 0.410365 0.026219
vt 0.405707 0.036994
vt 0.402927 0.038610
vt 0.908916 0.832387
vt 0.916595 0.834409
vt 0.921812 0.831245
vt 0.229623 0.478184
vt 0.953005 0.134432
vt 0.959609 0.175779
vt 0.951289 0.158652
vt 0.951289 0.181674
vt 0.174616 0.446122
vt 0.088343 0.297526
vt 0.673385 0.910286
vt 0.659477 0.927111
vt 0.663020 0.919146
vt 0.649632 0.924324
vt 0.643752 0.940976
vt 0.370763 0.214297
vt 0.372203 0.221282
vt 0.372334 0.232915
vt 0.372456 0.214183
vt 0.136456 0.100318
vt 0.072886 0.259275
vt 0.373727 0.228272
vt 0.375088 0.221253
vt 0.139749 0.086252
vt 0.139749 0.107141
vt 0.918913 0.072490
vt 0.923896 0.061148
vt 0.887775 0.495406
vt 0.881181 0.498523
vt 0.888982 0.492325
vt 0.890277 0.493950
vt 0.890699 0.490652
vt 0.892671 0.493007
vt 0.882849 0.483297
vt 0.480253 0.956151
vt 0.893101 0.490452
vt 0.895133 0.492805
vt 0.905021 0.493119
vt 0.895008 0.488824
vt 0.908079 0.492927
vt 0.876259 0.461450
vt 0.156421 0.889731
vt 0.179819 0.884352
vt 0.882372 0.456442
vt 0.192703 0.880000
vt 0.185370 0.872640
vt 0.196332 0.876975
vt 0.164504 0.934999
vt 0.162052 0.936292
vt 0.157989 0.933306
vt 0.156441 0.936868
vt 0.161251 0.937474
vt 0.151775 0.937982
vt 0.148077 0.938555
vt 0.553167 0.208565
vt 0.014686 0.081101
vt 0.014759 0.079435
vt 0.554388 0.209014
vt 0.333245 0.237984
vt 0.545419 0.255460
vt 0.720996 0.254633
vt 0.553528 0.271474
vt 0.548137 0.266961
vt 0.755088 0.847343
vt 0.759295 0.839024
vt 0.746757 0.842082
vt 0.509362 0.430116
vt 0.921207 0.594418
vt 0.406432 0.026572
vt 0.402562 0.026193
vt 0.402492 0.023646
vt 0.401442 0.018064
vt 0.483510 0.604608
vt 0.477147 0.600604
vt 0.487828 0.606624
vt 0.400590 0.030675
vt 0.931776 0.590749
vt 0.394313 0.031423
vt 0.903914 0.829936
vt 0.927158 0.838948
vt 0.394588 0.040451
vt 0.439223 0.000165
vt 0.199826 0.459247
vt 0.411170 0.384018
vt 0.304239 0.842325
vt 0.303239 0.837922
vt 0.303878 0.827017
vt 0.304107 0.856839
vt 0.303113 0.869899
vt 0.301807 0.865527
vt 0.304342 0.891288
vt 0.301960 0.831334
vt 0.673901 0.908315
vt 0.658298 0.908690
vt 0.654313 0.911348
vt 0.650984 0.914250
vt 0.641744 0.923070
vt 0.377322 0.228480
vt 0.377322 0.200743
vt 0.918337 0.073994
vt 0.892410 0.495938
vt 0.829064 0.182281
vt 0.485154 0.964454
vt 0.162007 0.894274
vt 0.160115 0.896276
vt 0.154067 0.891940
vt 0.145988 0.896786
vt 0.168941 0.890715
vt 0.196062 0.884290
vt 0.190921 0.889418
vt 0.794737 0.370138
vt 0.795348 0.382951
vt 0.791160 0.385086
vt 0.791034 0.365203
vt 0.787069 0.384295
vt 0.901508 0.134607
vt 0.907834 0.131334
vt 0.905703 0.137988
vt 0.502806 0.258592
vt 0.530110 0.264738
vt 0.815810 0.143122
vt 0.159313 0.946548
vt 0.156252 0.940278
vt 0.162948 0.938954
vt 0.537555 0.248753
vt 0.293150 0.717217
vt 0.339390 0.223604
vt 0.583832 0.370546
vt 0.340565 0.235839
vt 0.542607 0.262304
vt 0.755249 0.842453
vt 0.478758 0.602993
vt 0.481471 0.604998
vt 0.561174 0.303964
vt 0.925602 0.592689
vt 0.399202 0.022317
vt 0.398786 0.028231
vt 0.936197 0.589142
vt 0.489121 0.594842
vt 0.466949 0.545736
vt 0.914618 0.830152
vt 0.389803 0.042458
vt 0.925869 0.829046
vt 0.304265 0.849082
vt 0.302831 0.852785
vt 0.302803 0.842287
vt 0.304342 0.846666
vt 0.301793 0.859076
vt 0.298633 0.865377
vt 0.297171 0.888941
vt 0.287009 0.853575
vt 0.664342 0.899406
vt 0.286171 0.890299
vt 0.660783 0.902530
vt 0.657113 0.905232
vt 0.652249 0.909850
vt 0.661001 0.899831
vt 0.657751 0.900232
vt 0.654656 0.903669
vt 0.275424 0.889906
vt 0.663061 0.896788
vt 0.662950 0.892596
vt 0.659382 0.897853
vt 0.660320 0.895951
vt 0.265729 0.847615
vt 0.662075 0.891124
vt 0.663094 0.888832
vt 0.039638 0.307384
vt 0.150228 0.617084
vt 0.152530 0.617414
vt 0.148567 0.620659
vt 0.037766 0.263496
vt 0.890474 0.507801
vt 0.170579 0.897185
vt 0.169456 0.898678
vt 0.165985 0.896293
vt 0.826189 0.174265
vt 0.826121 0.190865
vt 0.820644 0.176695
vt 0.150212 0.292857
vt 0.909182 0.150668
vt 0.904592 0.141691
vt 0.170149 0.941095
vt 0.906338 0.146153
vt 0.907376 0.148567
vt 0.149444 0.943142
vt 0.143894 0.945552
vt 0.807437 0.138404
vt 0.812818 0.129211
vt 0.335745 0.208668
vt 0.341461 0.213970
vt 0.533657 0.260963
vt 0.007089 0.078185
vt 0.296578 0.711886
vt 0.337072 0.229123
vt 0.713198 0.245093
vt 0.699585 0.235588
vt 0.341578 0.241993
vt 0.763187 0.851438
vt 0.762098 0.847672
vt 0.342987 0.249995
vt 0.768833 0.836919
vt 0.765543 0.840833
vt 0.761352 0.841618
vt 0.910772 0.591417
vt 0.472793 0.607696
vt 0.474908 0.607205
vt 0.478425 0.605898
vt 0.466007 0.610292
vt 0.918017 0.590518
vt 0.924040 0.588800
vt 0.487166 0.609909
vt 0.230921 0.464606
vt 0.394820 0.024960
vt 0.463208 0.539886
vt 0.452106 0.586060
vt 0.908909 0.826338
vt 0.392908 0.034544
vt 0.915731 0.826829
vt 0.928855 0.826664
vt 0.932477 0.831212
vt 0.301419 0.854747
vt 0.641744 0.898619
vt 0.655234 0.895235
vt 0.658157 0.894538
vt 0.145454 0.621106
vt 0.150184 0.613043
vt 0.151675 0.614904
vt 0.268768 0.889192
vt 0.263187 0.851471
vt 0.153794 0.614876
vt 0.155064 0.611586
vt 0.159779 0.621106
vt 0.159935 0.609936
vt 0.829177 0.352337
vt 0.823806 0.354249
vt 0.820816 0.352115
vt 0.811298 0.308679
vt 0.827407 0.344639
vt 0.798149 0.332846
vt 0.804626 0.346585
vt 0.891678 0.511460
vt 0.179188 0.897885
vt 0.179008 0.900041
vt 0.172115 0.901596
vt 0.822568 0.166996
vt 0.815974 0.178899
vt 0.821063 0.169017
vt 0.817932 0.171063
vt 0.802663 0.384629
vt 0.820926 0.159590
vt 0.155537 0.300296
vt 0.912518 0.174591
vt 0.927001 0.172153
vt 0.799110 0.359220
vt 0.794753 0.357556
vt 0.793485 0.349577
vt 0.154421 0.281905
vt 0.168162 0.946085
vt 0.899202 0.140483
vt 0.904497 0.151290
vt 0.820308 0.153961
vt 0.815016 0.150316
vt 0.905337 0.156146
vt 0.907380 0.158417
vt 0.782741 0.878866
vt 0.779651 0.876044
vt 0.784548 0.875405
vt 0.152252 0.947145
vt 0.295659 0.718495
vt 0.123112 0.387898
vt 0.145960 0.374940
vt 0.145960 0.403908
vt 0.809955 0.148399
vt 0.582977 0.373841
vt 0.583212 0.371682
vt 0.709134 0.254410
vt 0.701718 0.243894
vt 0.766183 0.852063
vt 0.764472 0.854693
vt 0.765793 0.848641
vt 0.761925 0.853259
vt 0.689511 0.241678
vt 0.540570 0.275308
vt 0.923578 0.559686
vt 0.925826 0.558922
vt 0.925285 0.561540
vt 0.926121 0.565250
vt 0.922269 0.558836
vt 0.923023 0.556831
vt 0.923932 0.553944
vt 0.929706 0.587016
vt 0.939424 0.583626
vt 0.433285 0.568652
vt 0.433487 0.539566
vt 0.389280 0.037785
vt 0.920071 0.824903
vt 0.908079 0.116457
vt 0.923896 0.106035
vt 0.920690 0.086854
vt 0.852285 0.190379
vt 0.860247 0.186471
vt 0.849257 0.196855
vt 0.656616 0.893681
vt 0.852589 0.187400
vt 0.853717 0.179292
vt 0.859347 0.183074
vt 0.658347 0.885062
vt 0.159429 0.608227
vt 0.876259 0.513691
vt 0.824574 0.356091
vt 0.821447 0.355662
vt 0.816244 0.357484
vt 0.820383 0.359057
vt 0.817662 0.360137
vt 0.192937 0.897132
vt 0.190422 0.899236
vt 0.185612 0.897885
vt 0.183681 0.901699
vt 0.197201 0.892116
vt 0.486016 0.954012
vt 0.811699 0.183227
vt 0.483585 0.953287
vt 0.803110 0.358133
vt 0.800747 0.350939
vt 0.814546 0.164847
vt 0.813790 0.167459
vt 0.812254 0.169923
vt 0.796057 0.346858
vt 0.816544 0.153263
vt 0.812839 0.161732
vt 0.164593 0.294249
vt 0.811446 0.163980
vt 0.812287 0.156703
vt 0.897141 0.156074
vt 0.898836 0.149691
vt 0.902174 0.156002
vt 0.902707 0.161007
vt 0.903140 0.163692
vt 0.809114 0.155924
vt 0.978124 0.149066
vt 0.965898 0.127525
vt 0.986006 0.132304
vt 0.960476 0.140455
vt 0.805464 0.150455
vt 0.780810 0.871731
vt 0.121955 0.406825
vt 0.726695 0.258608
vt 0.722587 0.262870
vt 0.722573 0.256920
vt 0.579861 0.370494
vt 0.343309 0.226139
vt 0.774919 0.865585
vt 0.345439 0.237803
vt 0.777485 0.845854
vt 0.930350 0.564314
vt 0.546408 0.311586
vt 0.917704 0.583642
vt 0.928723 0.554085
vt 0.407221 0.542188
vt 0.479347 0.611400
vt 0.390918 0.024627
vt 0.390135 0.029463
vt 0.932259 0.581233
vt 0.388569 0.032223
vt 0.903949 0.821204
vt 0.911133 0.822110
vt 0.930999 0.821713
vt 0.937871 0.825158
vt 0.861033 0.185171
vt 0.843876 0.168877
vt 0.853323 0.167045
vt 0.817515 0.365218
vt 0.041208 0.309893
vt 0.029430 0.315548
vt 0.025533 0.315988
vt 0.815373 0.360487
vt 0.816699 0.362839
vt 0.142308 0.047524
vt 0.141206 0.037898
vt 0.144407 0.049465
vt 0.404861 0.866850
vt 0.408942 0.877951
vt 0.404092 0.876508
vt 0.405736 0.878803
vt 0.190525 0.902227
vt 0.814726 0.363069
vt 0.815515 0.372681
vt 0.810874 0.368882
vt 0.814635 0.368332
vt 0.812306 0.384158
vt 0.807987 0.362118
vt 0.812774 0.363591
vt 0.807341 0.380346
vt 0.813171 0.189482
vt 0.804552 0.355857
vt 0.793585 0.335157
vt 0.323703 0.150896
vt 0.327634 0.148744
vt 0.326224 0.160120
vt 0.377852 0.050811
vt 0.370664 0.002127
vt 0.385086 0.001682
vt 0.798898 0.179479
vt 0.163851 0.950630
vt 0.794086 0.161265
vt 0.899369 0.161176
vt 0.899699 0.169237
vt 0.898773 0.166417
vt 0.146050 0.951776
vt 0.798540 0.149350
vt 0.708300 0.264117
vt 0.714212 0.261166
vt 0.719603 0.268636
vt 0.348513 0.212865
vt 0.345250 0.217325
vt 0.722724 0.254508
vt 0.783136 0.863519
vt 0.528426 0.270048
vt 0.529325 0.275121
vt 0.528225 0.282104
vt 0.693865 0.254313
vt 0.347075 0.246159
vt 0.933821 0.571418
vt 0.933854 0.568166
vt 0.933415 0.565731
vt 0.905828 0.587467
vt 0.910331 0.584683
vt 0.428772 0.611423
vt 0.488119 0.613343
vt 0.921748 0.579363
vt 0.926998 0.583193
vt 0.937810 0.820067
vt 0.919815 0.820169
vt 0.648233 0.894038
vt 0.862307 0.199057
vt 0.652421 0.891923
vt 0.145614 0.600546
vt 0.157662 0.597948
vt 0.152937 0.910231
vt 0.898862 0.506044
vt 0.816712 0.368265
vt 0.818279 0.372776
vt 0.141206 0.051241
vt 0.406873 0.863537
vt 0.815071 0.364997
vt 0.795115 0.314312
vt 0.381215 0.071427
vt 0.374183 0.060038
vt 0.385086 0.049886
vt 0.791514 0.324386
vt 0.321553 0.156999
vt 0.130432 0.096272
vt 0.124834 0.085912
vt 0.130432 0.081749
vt 0.787069 0.328810
vt 0.891205 0.146712
vt 0.893782 0.137045
vt 0.156947 0.953362
vt 0.802780 0.869588
vt 0.789065 0.859830
vt 0.894359 0.161479
vt 0.967679 0.118338
vt 0.895907 0.165867
vt 0.894439 0.175041
vt 0.893875 0.171702
vt 0.349346 0.220023
vt 0.520561 0.280596
vt 0.713291 0.258470
vt 0.710056 0.257274
vt 0.349139 0.233053
vt 0.336950 0.978243
vt 0.333571 0.975506
vt 0.336374 0.973463
vt 0.340250 0.006387
vt 0.345226 0.007661
vt 0.335227 0.005995
vt 0.332544 0.978153
vt 0.347168 0.036093
vt 0.325081 0.005368
vt 0.937293 0.568411
vt 0.350689 0.239617
vt 0.385970 0.584479
vt 0.934518 0.555452
vt 0.915230 0.581686
vt 0.936996 0.548627
vt 0.924981 0.545076
vt 0.928725 0.575257
vt 0.902835 0.813383
vt 0.908683 0.819534
vt 0.922269 0.534334
vt 0.927053 0.532511
vt 0.923100 0.539026
vt 0.917591 0.815375
vt 0.935348 0.815445
vt 0.647738 0.891363
vt 0.651190 0.885490
vt 0.141850 0.606922
vt 0.828709 0.362362
vt 0.819038 0.369043
vt 0.369439 0.065155
vt 0.357625 0.061132
vt 0.889997 0.153944
vt 0.370339 0.609781
vt 0.402289 0.602920
vt 0.394092 0.613343
vt 0.151384 0.958566
vt 0.353018 0.000050
vt 0.890529 0.174289
vt 0.024844 0.197911
vt 0.024844 0.218940
vt 0.023112 0.197869
vt 0.353713 0.224905
vt 0.890580 0.178186
vt 0.889220 0.181221
vt 0.022012 0.202881
vt 0.888483 0.178268
vt 0.346539 0.004650
vt 0.344836 0.003398
vt 0.699807 0.257274
vt 0.332601 0.972428
vt 0.334327 0.968214
vt 0.330765 0.974232
vt 0.780954 0.840093
vt 0.940521 0.569114
vt 0.940579 0.564616
vt 0.355124 0.247883
vt 0.407777 0.594159
vt 0.907976 0.580080
vt 0.930988 0.539886
vt 0.921634 0.815194
vt 0.374217 0.460608
vt 0.374217 0.478698
vt 0.369415 0.459858
vt 0.871927 0.183007
vt 0.865492 0.182957
vt 0.646403 0.889197
vt 0.358774 0.453081
vt 0.363128 0.460647
vt 0.356795 0.458296
vt 0.149314 0.595523
vt 0.198722 0.009471
vt 0.200258 0.001498
vt 0.201725 0.021739
vt 0.844254 0.164944
vt 0.854277 0.161863
vt 0.174189 0.917780
vt 0.172357 0.955346
vt 0.165728 0.957521
vt 0.893051 0.157692
vt 0.391594 0.593704
vt 0.974937 0.109637
vt 0.885874 0.175851
vt 0.206538 0.652535
vt 0.208071 0.647638
vt 0.208071 0.678559
vt 0.694853 0.263072
vt 0.888843 0.183226
vt 0.890598 0.179947
vt 0.524090 0.312882
vt 0.330248 0.967610
vt 0.326952 0.971218
vt 0.789472 0.852376
vt 0.940141 0.557834
vt 0.403046 0.593125
vt 0.930741 0.810799
vt 0.012422 0.922651
vt 0.000200 0.942529
vt 0.000200 0.897617
vt 0.871056 0.179965
vt 0.867491 0.179263
vt 0.875898 0.169925
vt 0.825282 0.375858
vt 0.161260 0.958538
vt 0.886903 0.166464
vt 0.327634 0.181674
vt 0.790832 0.852250
vt 0.359166 0.218034
vt 0.147024 0.962757
vt 0.204814 0.652362
vt 0.204815 0.669036
vt 0.206238 0.669184
vt 0.696792 0.264148
vt 0.325831 0.961595
vt 0.688785 0.267076
vt 0.355892 0.231881
vt 0.327461 0.977903
vt 0.364927 0.241919
vt 0.904053 0.569702
vt 0.908813 0.571268
vt 0.924577 0.571467
vt 0.931873 0.528826
vt 0.936758 0.533933
vt 0.909783 0.808274
vt 0.921334 0.809137
vt 0.880418 0.187755
vt 0.356419 0.463052
vt 0.143957 0.928205
vt 0.892777 0.518624
vt 0.167707 0.960460
vt 0.171964 0.962658
vt 0.883878 0.148452
vt 0.885447 0.157386
vt 0.691135 0.277849
vt 0.688785 0.288814
vt 0.691354 0.268895
vt 0.689432 0.269144
vt 0.398304 0.592673
vt 0.348542 0.052676
vt 0.964530 0.126995
vt 0.356555 0.226852
vt 0.414015 0.601498
vt 0.325316 0.966546
vt 0.396427 0.591479
vt 0.321540 0.974075
vt 0.947666 0.563579
vt 0.946093 0.559143
vt 0.942686 0.551041
vt 0.942066 0.547949
vt 0.943008 0.543379
vt 0.901941 0.807922
vt 0.915459 0.802888
vt 0.940141 0.533957
vt 0.825931 0.374011
vt 0.417756 0.860922
vt 0.157716 0.963531
vt 0.882441 0.163450
vt 0.406615 0.595378
vt 0.383118 0.595944
vt 0.960476 0.108723
vt 0.961655 0.120807
vt 0.364075 0.237632
vt 0.917585 0.562425
vt 0.903215 0.796985
vt 0.904202 0.800556
vt 0.911505 0.803212
vt 0.923002 0.800798
vt 0.942090 0.529392
vt 0.917314 0.800378
vt 0.874316 0.209623
vt 0.966598 0.426160
vt 0.969673 0.404437
vt 0.976690 0.387224
vt 0.363815 0.477030
vt 0.874867 0.174812
vt 0.361830 0.478524
vt 0.874505 0.173129
vt 0.218940 0.001498
vt 0.213646 0.013702
vt 0.171075 0.930107
vt 0.442538 0.867606
vt 0.166089 0.966976
vt 0.320011 0.950209
vt 0.316591 0.950282
vt 0.320856 0.943912
vt 0.150960 0.966305
vt 0.143881 0.969772
vt 0.881542 0.172739
vt 0.364790 0.225017
vt 0.320972 0.958915
vt 0.318100 0.966454
vt 0.316165 0.970199
vt 0.317192 0.974879
vt 0.320138 0.977960
vt 0.950390 0.558608
vt 0.911903 0.563708
vt 0.945167 0.549957
vt 0.947502 0.534091
vt 0.944938 0.525025
vt 0.924504 0.467160
vt 0.947187 0.432279
vt 0.947187 0.472041
vt 0.860614 0.157764
vt 0.434153 0.990665
vt 0.437404 0.980297
vt 0.440859 0.990551
vt 0.315996 0.936921
vt 0.311886 0.946080
vt 0.158484 0.971637
vt 0.447184 0.988522
vt 0.150776 0.972221
vt 0.315198 0.951836
vt 0.368640 0.231110
vt 0.369398 0.238562
vt 0.444339 0.963639
vt 0.447615 0.955838
vt 0.447282 0.969455
vt 0.304427 0.965175
vt 0.305252 0.971132
vt 0.301300 0.975176
vt 0.311623 0.977432
vt 0.451013 0.955397
vt 0.304490 0.973536
vt 0.370241 0.242277
vt 0.951467 0.552111
vt 0.630876 0.300682
vt 0.621628 0.302789
vt 0.628387 0.295324
vt 0.371227 0.245668
vt 0.376382 0.244401
vt 0.956966 0.539670
vt 0.948038 0.531027
vt 0.957254 0.529836
vt 0.957569 0.542824
vt 0.953452 0.546329
vt 0.952696 0.538149
vt 0.949382 0.538039
vt 0.949211 0.547212
vt 0.946876 0.538325
vt 0.908908 0.799315
vt 0.913293 0.800206
vt 0.922672 0.796002
vt 0.949255 0.526879
vt 0.976690 0.427011
vt 0.880418 0.163676
vt 0.416979 0.858789
vt 0.430795 0.862191
vt 0.443504 0.978844
vt 0.311849 0.951373
vt 0.313315 0.958414
vt 0.305056 0.950852
vt 0.146504 0.974411
vt 0.308829 0.958191
vt 0.313098 0.966684
vt 0.140014 0.975059
vt 0.308149 0.964015
vt 0.310081 0.965071
vt 0.444217 0.973995
vt 0.449271 0.971620
vt 0.450329 0.974950
vt 0.452472 0.975575
vt 0.441963 0.967050
vt 0.027263 0.200307
vt 0.028040 0.194508
vt 0.028973 0.198665
vt 0.451379 0.970210
vt 0.455367 0.971983
vt 0.313388 0.971338
vt 0.371397 0.238589
vt 0.003106 0.038498
vt 0.002635 0.041925
vt 0.002635 0.035686
vt 0.077638 0.038323
vt 0.076915 0.043697
vt 0.071465 0.041406
vt 0.030320 0.196800
vt 0.310225 0.969931
vt 0.032410 0.193059
vt 0.454098 0.965135
vt 0.638434 0.302789
vt 0.636127 0.299523
vt 0.035617 0.192717
vt 0.634092 0.298182
vt 0.635744 0.297976
vt 0.305649 0.978243
vt 0.309890 0.976900
vt 0.077638 0.049077
vt 0.075611 0.050703
vt 0.631429 0.296933
vt 0.634359 0.294696
vt 0.070093 0.051241
vt 0.378875 0.245020
vt 0.036727 0.046063
vt 0.038819 0.046475
vt 0.036550 0.051241
vt 0.633290 0.291145
vt 0.631164 0.293339
vt 0.055955 0.009317
vt 0.055955 0.000891
vt 0.057452 0.003643
vt 0.631903 0.288418
vt 0.951037 0.526533
vt 0.959487 0.527519
vt 0.952753 0.550793
vt 0.638297 0.278378
vt 0.636287 0.280901
vt 0.632495 0.278828
vt 0.636738 0.286530
vt 0.631278 0.280742
vt 0.630866 0.285396
vt 0.959610 0.520026
vt 0.905226 0.796124
vt 0.922520 0.794333
vt 0.913120 0.798196
vt 0.948740 0.474445
vt 0.948740 0.523282
vt 0.903904 0.471844
vt 0.880128 0.168253
vt 0.357576 0.484463
vt 0.428393 0.851956
vt 0.429872 0.895642
vt 0.153365 0.975912
vt 0.453360 0.984439
vt 0.437811 0.976739
vt 0.447514 0.978151
vt 0.459619 0.987500
vt 0.456489 0.984565
vt 0.452612 0.979456
vt 0.021714 0.192266
vt 0.023623 0.191823
vt 0.021333 0.195675
vt 0.023413 0.189121
vt 0.455460 0.977388
vt 0.457885 0.980051
vt 0.145920 0.979795
vt 0.026046 0.189907
vt 0.025583 0.193869
vt 0.456675 0.974493
vt 0.028195 0.192521
vt 0.640905 0.297934
vt 0.641641 0.302782
vt 0.030529 0.190928
vt 0.032451 0.186663
vt 0.638901 0.298533
vt 0.035762 0.189642
vt 0.637665 0.295093
vt 0.036947 0.193633
vt 0.038494 0.042770
vt 0.036550 0.041616
vt 0.639389 0.289239
vt 0.635898 0.290557
vt 0.639780 0.292108
vt 0.908717 0.792933
vt 0.928030 0.505743
vt 0.439440 0.848408
vt 0.413162 0.841138
vt 0.431231 0.863617
vt 0.459619 0.977584
vt 0.024363 0.185501
vt 0.021333 0.182146
vt 0.024267 0.181986
vt 0.029100 0.186679
vt 0.022766 0.179381
vt 0.034690 0.187661
vt 0.641982 0.294886
vt 0.037266 0.188563
vt 0.641795 0.293783
vt 0.642061 0.291341
vt 0.962945 0.400500
vt 0.959188 0.407649
vt 0.960916 0.402354
vt 0.955131 0.409901
vt 0.026447 0.184457
vt 0.027892 0.179640
vt 0.641899 0.296047
vt 0.644199 0.298988
vt 0.033984 0.184577
vt 0.643921 0.290442
vt 0.959327 0.414900
vt 0.214286 0.236200
vt 0.215834 0.253101
vt 0.199710 0.253101
vt 0.862834 0.144818
vt 0.442538 0.903710
vt 0.029907 0.181095
vt 0.030425 0.184780
vt 0.644398 0.295605
vt 0.643807 0.293585
vt 0.906103 0.931660
vt 0.902584 0.920661
vt 0.907364 0.924180
vt 0.957627 0.413602
vt 0.902798 0.924601
vt 0.040835 0.322771
vt 0.074228 0.301235
vt 0.046720 0.341978
vt 0.125429 0.352369
vt 0.138400 0.355483
vt 0.137287 0.377322
vt 0.212729 0.371697
vt 0.198710 0.330280
vt 0.210423 0.353521
vt 0.142013 0.363251
vt 0.902753 0.915850
vt 0.116044 0.370740
vt 0.120881 0.362417
vt 0.118925 0.371650
vt 0.899080 0.909779
vt 0.123196 0.375149
vt 0.123043 0.355438
vt 0.139400 0.352528
vt 0.102584 0.369290
vt 0.092847 0.341376
vt 0.110227 0.365196
vt 0.119825 0.359277
vt 0.167031 0.331778
vt 0.179156 0.359664
vt 0.906158 0.910324
vt 0.925449 0.930851
vt 0.887271 0.924918
vt 0.902315 0.909360
vt 0.902190 0.907155
vt 0.095795 0.312914
vt 0.899628 0.896885
vt 0.925449 0.881212
vt 0.121035 0.349882
vt 0.894886 0.892563
vt 0.114301 0.336697
vt 0.897599 0.895331
vt 0.122481 0.344059
vt 0.135955 0.333160
vt 0.142540 0.326897
vt 0.118101 0.343495
vt 0.123184 0.336708
vt 0.877008 0.901152
vt 0.880542 0.898242
vt 0.153020 0.322082
vt 0.094955 0.334529
vt 0.899894 0.886458
vt 0.905516 0.871643
vt 0.117449 0.331220
vt 0.897028 0.890096
vt 0.120334 0.331248
vt 0.000842 0.695639
vt 0.005764 0.691095
vt 0.006264 0.694703
vt 0.894127 0.884611
vt 0.003330 0.689494
vt 0.878285 0.889934
vt 0.132529 0.315924
vt 0.135142 0.315072
vt 0.121610 0.320880
vt 0.117860 0.323358
vt 0.007079 0.688164
vt 0.165154 0.301235
vt 0.000230 0.609370
vt 0.032564 0.615804
vt 0.001602 0.636561
vt 0.015452 0.680728
vt 0.120091 0.319628
vt 0.012062 0.679467
vt 0.887886 0.879524
vt 0.002128 0.677052
vt 0.102381 0.599141
vt 0.098665 0.632024
vt 0.086422 0.618760
vt 0.118970 0.309123
vt 0.014441 0.678826
vt 0.013536 0.641719
vt 0.016640 0.651044
vt 0.000496 0.655134
vt 0.027169 0.640157
vt 0.124779 0.308451
vt 0.133221 0.305321
vt 0.079934 0.590206
vt 0.114905 0.634221
vt 0.104977 0.644874
vt 0.120802 0.311682
vt 0.130904 0.305265
vt 0.060175 0.602262
vt 0.056555 0.589785
vt 0.077697 0.598232
vt 0.015597 0.667767
vt 0.024722 0.649413
vt 0.029268 0.579785
vt 0.039039 0.595612
vt 0.090822 0.641992
vt 0.020186 0.669359
vt 0.042469 0.594536
vt 0.041712 0.598932
vt 0.079220 0.626934
vt 0.056580 0.594537
vt 0.120174 0.306678
vt 0.118984 0.303071
vt 0.016696 0.670398
vt 0.128460 0.301863
vt 0.045311 0.597076
vt 0.037884 0.613993
vt 0.058006 0.601426
vt 0.000842 0.658310
vt 0.040587 0.609992
vt 0.042956 0.639256
vt 0.080384 0.638626
vt 0.622659 0.417862
vt 0.607686 0.440986
vt 0.607413 0.417862
vt 0.005312 0.534554
vt 0.013975 0.559930
vt 0.005312 0.562101
vt 0.055562 0.599850
vt 0.053285 0.589458
vt 0.012422 0.003165
vt 0.012209 0.007348
vt 0.009492 0.001370
vt 0.009492 0.007764
vt 0.031294 0.650758
vt 0.366453 0.599368
vt 0.365805 0.586112
vt 0.366453 0.575100
vt 0.387963 0.948740
vt 0.392688 0.927697
vt 0.394712 0.925545
vt 0.533832 0.558073
vt 0.528970 0.563026
vt 0.534325 0.555140
vt 0.538810 0.556208
vt 0.531279 0.566585
vt 0.047295 0.618355
vt 0.042481 0.628767
vt 0.083014 0.649862
vt 0.881481 0.819182
vt 0.891971 0.832056
vt 0.884449 0.832886
vt 0.529011 0.566134
vt 0.045342 0.627645
vt 0.063560 0.624763
vt 0.062331 0.629810
vt 0.058861 0.619609
vt 0.057564 0.626555
vt 0.534034 0.570699
vt 0.040219 0.650367
vt 0.389976 0.922573
vt 0.523005 0.566221
vt 0.524442 0.569329
vt 0.898700 0.881971
vt 0.889519 0.865905
vt 0.902157 0.868107
vt 0.050922 0.628033
vt 0.883939 0.876109
vt 0.392325 0.916464
vt 0.404601 0.922137
vt 0.390479 0.915413
vt 0.520640 0.569884
vt 0.517604 0.570639
vt 0.525311 0.571535
vt 0.521938 0.573828
vt 0.045645 0.636192
vt 0.036049 0.655267
vt 0.078587 0.646844
vt 0.067002 0.635911
vt 0.063579 0.631986
vt 0.520977 0.572970
vt 0.523793 0.575496
vt 0.060082 0.655052
vt 0.896979 0.861542
vt 0.884609 0.836772
vt 0.882097 0.827142
vt 0.893997 0.836101
vt 0.888733 0.837249
vt 0.403850 0.917644
vt 0.519945 0.574308
vt 0.061543 0.634162
vt 0.521865 0.575310
vt 0.538810 0.578035
vt 0.046102 0.646463
vt 0.044793 0.654236
vt 0.066863 0.650236
vt 0.077036 0.655267
vt 0.065001 0.638891
vt 0.387963 0.912231
vt 0.389035 0.910815
vt 0.520672 0.577227
vt 0.522511 0.576883
vt 0.882833 0.866350
vt 0.889172 0.862132
vt 0.882988 0.870094
vt 0.889591 0.839166
vt 0.894262 0.837842
vt 0.403856 0.915852
vt 0.391561 0.912107
vt 0.065620 0.650855
vt 0.388136 0.909303
vt 0.390671 0.906557
vt 0.525217 0.579645
vt 0.876389 0.868006
vt 0.889021 0.855978
vt 0.879933 0.856234
vt 0.536186 0.582287
vt 0.896679 0.856710
vt 0.886865 0.844930
vt 0.876389 0.847748
vt 0.892480 0.841556
vt 0.395693 0.910609
vt 0.408377 0.912945
vt 0.395057 0.908547
vt 0.392630 0.908171
vt 0.393788 0.905768
vt 0.399222 0.900280
vt 0.889231 0.847270
vt 0.895294 0.845725
vt 0.405438 0.907652
vt 0.876459 0.849898
vt 0.396672 0.906528
vt 0.394829 0.907169
vt 0.889286 0.851167
vt 0.399448 0.903277
vt 0.901103 0.852921
vt 0.894104 0.850226
vt 0.898245 0.846776
vt 0.400703 0.904630
vt 0.402620 0.899300
s 1
usemtl Material.002
f 1/1/1 2/2/2 3/3/3
f 2/2/2 4/4/4 3/3/3
f 2/2/2 5/5/5 4/4/4
f 1/1/1 6/6/6 7/7/7
f 1/1/1 7/7/7 8/8/8
f 1/1/1 8/8/8 2/2/2
f 8/8/8 7/7/7 9/9/9
f 8/8/8 9/9/9 2/2/2
f 2/2/2 9/9/9 5/5/5
f 10/10/10 11/11/11 6/12/6
f 6/12/6 11/11/11 12/13/12
f 12/13/12 13/14/13 6/12/6
f 7/7/7 6/6/6 13/15/13
f 7/7/7 13/15/13 9/9/9
f 9/9/9 13/15/13 14/16/14
f 3/17/3 4/18/4 15/19/15
f 4/4/4 5/5/5 15/20/15
f 5/5/5 16/21/16 15/20/15
f 17/22/17 18/23/18 10/10/10
f 10/10/10 1/24/1 17/22/17
f 6/12/6 1/24/1 10/10/10
f 5/5/5 19/25/19 16/21/16
f 9/9/9 19/25/19 5/5/5
f 18/23/18 20/26/20 10/10/10
f 10/10/10 20/26/20 11/11/11
f 9/9/9 14/16/14 19/25/19
f 20/26/20 21/27/21 11/11/11
f 11/11/11 21/27/21 22/28/22
f 11/11/11 23/29/23 12/13/12
f 11/11/11 22/28/22 23/29/23
f 12/13/12 23/29/23 13/14/13
f 13/15/13 23/30/23 14/16/14
f 1/24/1 24/31/24 17/22/17
f 3/17/3 24/31/24 1/24/1
f 3/17/3 25/32/25 24/31/24
f 15/19/15 25/32/25 3/17/3
f 15/20/15 16/21/16 26/33/26
f 18/23/18 17/22/17 27/34/27
f 16/21/16 19/25/19 26/33/26
f 19/25/19 28/35/28 26/33/26
f 29/36/29 20/26/20 18/23/18
f 14/16/14 30/37/30 19/25/19
f 29/36/29 21/27/21 20/26/20
f 23/30/23 30/37/30 14/16/14
f 17/22/17 24/31/24 31/38/31
f 27/39/27 17/40/17 32/41/32
f 26/33/26 33/42/33 15/20/15
f 27/43/27 34/44/34 18/45/18
f 26/33/26 28/35/28 33/42/33
f 34/46/34 35/47/35 36/48/36
f 34/46/34 36/48/36 18/49/18
f 19/25/19 37/50/37 28/35/28
f 36/48/36 35/47/35 29/51/29
f 36/48/36 29/51/29 18/49/18
f 30/37/30 37/50/37 19/25/19
f 25/32/25 38/52/38 24/31/24
f 17/22/17 31/38/31 32/53/32
f 25/32/25 15/19/15 38/52/38
f 28/35/28 37/50/37 33/42/33
f 29/51/29 39/54/39 21/55/21
f 23/30/23 40/56/40 30/37/30
f 21/27/21 41/57/41 22/28/22
f 22/28/22 41/57/41 40/58/40
f 22/28/22 40/58/40 23/29/23
f 24/31/24 42/59/42 31/38/31
f 32/60/32 31/61/31 43/62/43
f 27/43/27 32/60/32 44/63/44
f 15/19/15 33/64/33 45/65/45
f 44/66/44 46/67/46 34/46/34
f 27/43/27 44/63/44 34/44/34
f 37/50/37 47/68/47 33/42/33
f 46/67/46 35/47/35 34/46/34
f 35/47/35 39/54/39 29/51/29
f 21/27/21 39/69/39 41/57/41
f 41/57/41 48/70/48 40/58/40
f 24/31/24 38/52/38 42/59/42
f 15/19/15 45/65/45 38/52/38
f 47/68/47 37/50/37 49/71/49
f 37/50/37 30/37/30 49/71/49
f 50/72/50 39/54/39 35/47/35
f 39/54/39 51/73/51 41/74/41
f 41/75/41 51/76/51 48/77/48
f 35/47/35 46/67/46 52/78/52
f 30/37/30 53/79/53 49/71/49
f 50/72/50 54/80/54 39/54/39
f 48/70/48 55/81/55 40/58/40
f 31/82/31 56/83/56 43/84/43
f 31/38/31 42/59/42 56/85/56
f 43/62/43 57/86/57 32/60/32
f 33/42/33 47/68/47 58/87/58
f 33/42/33 58/87/58 45/88/45
f 49/71/49 53/79/53 58/87/58
f 47/68/47 49/71/49 58/87/58
f 30/37/30 40/56/40 53/79/53
f 35/47/35 52/78/52 50/72/50
f 39/54/39 54/80/54 59/89/59
f 39/54/39 59/89/59 51/73/51
f 51/73/51 59/89/59 48/90/48
f 57/86/57 60/91/60 32/60/32
f 32/60/32 61/92/61 44/63/44
f 46/93/46 62/94/62 52/95/52
f 40/96/40 55/97/55 63/98/63
f 43/62/43 64/99/64 57/86/57
f 43/62/43 56/100/56 64/99/64
f 38/52/38 45/65/45 42/59/42
f 32/60/32 60/91/60 61/92/61
f 44/101/44 61/102/61 65/103/65
f 44/101/44 65/103/65 46/93/46
f 65/103/65 62/94/62 46/93/46
f 58/87/58 53/79/53 45/88/45
f 40/56/40 63/104/63 53/79/53
f 52/95/52 62/94/62 50/105/50
f 50/72/50 59/89/59 54/80/54
f 48/106/48 63/98/63 55/97/55
f 61/92/61 60/91/60 66/107/66
f 53/79/53 67/108/67 45/88/45
f 62/94/62 68/109/68 50/105/50
f 50/105/50 68/109/68 69/110/69
f 50/72/50 69/111/69 59/89/59
f 60/91/60 70/112/70 66/107/66
f 57/86/57 70/112/70 60/91/60
f 57/86/57 64/99/64 70/112/70
f 56/100/56 71/113/71 64/99/64
f 56/114/56 42/115/42 72/116/72
f 42/115/42 45/117/45 72/116/72
f 61/102/61 66/118/66 73/119/73
f 61/102/61 73/119/73 65/103/65
f 65/103/65 74/120/74 62/94/62
f 45/88/45 67/108/67 75/121/75
f 62/94/62 74/120/74 76/122/76
f 53/123/53 77/124/77 67/125/67
f 76/122/76 68/109/68 62/94/62
f 68/109/68 78/126/78 79/127/79
f 79/127/79 69/110/69 68/109/68
f 69/110/69 79/127/79 80/128/80
f 80/128/80 59/129/59 69/110/69
f 48/90/48 81/130/81 63/131/63
f 59/89/59 81/130/81 48/90/48
f 56/100/56 72/132/72 71/113/71
f 73/119/73 66/118/66 82/133/82
f 82/133/82 83/134/83 65/103/65
f 73/119/73 82/133/82 65/103/65
f 45/117/45 75/135/75 84/136/84
f 83/134/83 85/137/85 86/138/86
f 83/134/83 86/138/86 74/120/74
f 83/134/83 74/120/74 65/103/65
f 86/138/86 76/122/76 74/120/74
f 76/122/76 87/139/87 68/109/68
f 63/140/63 77/124/77 53/123/53
f 87/139/87 78/126/78 68/109/68
f 63/131/63 88/141/88 77/142/77
f 78/126/78 80/128/80 79/127/79
f 45/117/45 84/136/84 72/116/72
f 89/143/89 85/137/85 82/133/82
f 83/134/83 82/133/82 85/137/85
f 89/143/89 90/144/90 86/138/86
f 89/143/89 86/138/86 85/137/85
f 90/144/90 91/145/91 76/122/76
f 90/144/90 76/122/76 86/138/86
f 91/145/91 87/139/87 76/122/76
f 92/146/92 78/126/78 87/139/87
f 78/126/78 92/146/92 80/128/80
f 80/147/80 93/148/93 59/89/59
f 66/118/66 94/149/94 82/133/82
f 95/150/95 89/143/89 82/133/82
f 75/135/75 67/125/67 96/151/96
f 77/124/77 96/151/96 67/125/67
f 87/139/87 91/145/91 97/152/97
f 87/139/87 97/152/97 92/146/92
f 81/130/81 88/141/88 63/131/63
f 59/89/59 93/148/93 81/130/81
f 94/149/94 66/118/66 98/153/98
f 90/144/90 89/143/89 99/154/99
f 75/135/75 96/151/96 84/136/84
f 99/154/99 91/145/91 90/144/90
f 91/145/91 100/155/100 97/152/97
f 97/152/97 101/156/101 92/146/92
f 92/146/92 101/156/101 102/157/102
f 92/146/92 102/157/102 80/128/80
f 81/130/81 93/148/93 103/158/103
f 64/99/64 104/159/104 70/112/70
f 64/99/64 71/113/71 104/159/104
f 94/149/94 98/153/98 82/133/82
f 84/136/84 105/160/105 72/116/72
f 89/143/89 95/150/95 106/161/106
f 84/136/84 107/162/107 105/160/105
f 99/154/99 106/161/106 108/163/108
f 89/143/89 106/161/106 99/154/99
f 84/136/84 96/151/96 107/162/107
f 99/154/99 108/163/108 91/145/91
f 96/151/96 109/164/109 107/162/107
f 96/151/96 77/124/77 109/164/109
f 97/152/97 100/155/100 101/156/101
f 81/130/81 103/158/103 88/141/88
f 66/107/66 70/112/70 98/165/98
f 98/153/98 95/150/95 82/133/82
f 107/162/107 110/166/110 105/160/105
f 109/164/109 110/166/110 107/162/107
f 108/163/108 111/167/111 91/145/91
f 91/145/91 111/167/111 100/155/100
f 101/156/101 100/155/100 102/157/102
f 93/148/93 112/168/112 103/158/103
f 110/166/110 113/169/113 105/160/105
f 100/155/100 114/170/114 102/157/102
f 88/141/88 103/158/103 115/171/115
f 72/132/72 116/172/116 71/113/71
f 105/160/105 116/173/116 72/116/72
f 106/161/106 95/150/95 117/174/117
f 113/169/113 116/173/116 105/160/105
f 108/175/108 117/176/117 118/177/118
f 106/161/106 117/174/117 108/163/108
f 109/164/109 119/178/119 113/169/113
f 110/166/110 109/164/109 113/169/113
f 108/175/108 118/177/118 111/179/111
f 109/164/109 77/124/77 119/178/119
f 80/128/80 120/180/120 93/181/93
f 104/159/104 71/113/71 121/182/121
f 116/173/116 113/169/113 122/183/122
f 119/178/119 122/183/122 113/169/113
f 77/142/77 123/184/123 119/185/119
f 100/155/100 111/167/111 114/170/114
f 77/142/77 88/141/88 123/184/123
f 114/186/114 124/187/124 102/188/102
f 93/181/93 120/180/120 112/189/112
f 112/168/112 115/171/115 103/158/103
f 70/190/70 125/191/125 98/192/98
f 95/193/95 126/194/126 117/176/117
f 119/185/119 123/184/123 127/195/127
f 88/141/88 115/171/115 128/196/128
f 102/157/102 124/197/124 80/128/80
f 71/113/71 116/172/116 129/198/129
f 116/172/116 122/199/122 130/200/130
f 118/177/118 117/176/117 131/201/131
f 122/202/122 119/185/119 130/203/130
f 118/177/118 131/201/131 111/179/111
f 88/141/88 128/196/128 123/184/123
f 124/197/124 120/180/120 80/128/80
f 95/204/95 98/205/98 126/206/126
f 71/113/71 129/198/129 121/182/121
f 117/176/117 126/194/126 132/207/132
f 130/200/130 129/198/129 116/172/116
f 131/201/131 132/207/132 133/208/133
f 117/176/117 132/207/132 131/201/131
f 130/203/130 119/185/119 127/195/127
f 131/201/131 133/208/133 111/179/111
f 133/208/133 132/207/132 134/209/134
f 127/195/127 135/210/135 130/203/130
f 111/211/111 136/212/136 114/186/114
f 114/186/114 136/212/136 124/187/124
f 129/198/129 130/200/130 135/213/135
f 133/208/133 134/209/134 111/179/111
f 112/168/112 128/196/128 115/171/115
f 104/159/104 121/182/121 70/112/70
f 129/214/129 135/210/135 137/215/137
f 138/216/138 139/217/139 134/209/134
f 138/216/138 134/209/134 132/207/132
f 134/209/134 139/217/139 111/179/111
f 123/184/123 140/218/140 127/195/127
f 120/180/120 141/219/141 112/189/112
f 98/205/98 125/220/125 142/221/142
f 129/198/129 143/222/143 121/182/121
f 129/214/129 137/215/137 143/223/143
f 126/206/126 144/224/144 132/225/132
f 138/216/138 132/207/132 139/217/139
f 139/217/139 132/207/132 145/226/145
f 127/195/127 140/218/140 146/227/146
f 127/195/127 146/227/146 135/210/135
f 139/217/139 145/226/145 111/179/111
f 140/218/140 123/184/123 147/228/147
f 128/196/128 147/228/147 123/184/123
f 124/229/124 148/230/148 120/231/120
f 112/168/112 141/232/141 128/196/128
f 70/112/70 121/182/121 125/233/125
f 98/205/98 149/234/149 126/206/126
f 137/215/137 150/235/150 143/223/143
f 137/215/137 146/227/146 150/235/150
f 137/215/137 135/210/135 146/227/146
f 136/212/136 151/236/151 124/187/124
f 121/237/121 152/238/152 125/239/125
f 132/225/132 144/224/144 153/240/153
f 132/225/132 153/240/153 145/241/145
f 111/211/111 154/242/154 136/212/136
f 136/212/136 154/242/154 151/236/151
f 149/234/149 144/224/144 126/206/126
f 145/241/145 153/240/153 155/243/155
f 150/235/150 146/227/146 156/244/156
f 146/227/146 140/218/140 156/244/156
f 128/245/128 157/246/157 147/247/147
f 151/236/151 148/248/148 124/187/124
f 125/220/125 158/249/158 142/221/142
f 143/250/143 150/251/150 159/252/159
f 153/240/153 144/224/144 155/243/155
f 150/251/150 156/253/156 159/252/159
f 111/211/111 145/254/145 154/242/154
f 154/242/154 160/255/160 151/236/151
f 121/237/121 143/250/143 161/256/161
f 155/243/155 162/257/162 145/241/145
f 147/247/147 163/258/163 140/259/140
f 148/230/148 141/260/141 120/231/120
f 144/224/144 149/234/149 164/261/164
f 155/243/155 164/261/164 162/257/162
f 144/224/144 164/261/164 155/243/155
f 156/253/156 165/262/165 159/252/159
f 145/254/145 166/263/166 154/242/154
f 141/264/141 157/246/157 128/245/128
f 160/255/160 167/265/167 151/236/151
f 125/239/125 152/238/152 158/266/158
f 121/237/121 161/256/161 152/238/152
f 143/250/143 168/267/168 161/256/161
f 143/250/143 159/252/159 168/267/168
f 162/257/162 164/261/164 169/268/169
f 169/268/169 170/269/170 162/257/162
f 156/253/156 171/270/171 165/262/165
f 162/257/162 170/269/170 145/241/145
f 140/259/140 171/270/171 156/253/156
f 140/259/140 163/258/163 171/270/171
f 145/241/145 170/269/170 166/271/166
f 147/247/147 172/272/172 163/258/163
f 154/242/154 166/263/166 173/273/173
f 154/242/154 173/273/173 160/255/160
f 160/255/160 173/273/173 167/265/167
f 142/221/142 174/274/174 98/205/98
f 165/262/165 175/275/175 159/252/159
f 164/261/164 176/276/176 170/269/170
f 169/268/169 164/261/164 170/269/170
f 165/262/165 177/277/177 175/275/175
f 171/270/171 177/277/177 165/262/165
f 147/247/147 157/246/157 172/272/172
f 168/267/168 178/278/178 161/256/161
f 159/252/159 175/275/175 168/267/168
f 164/261/164 179/279/179 176/276/176
f 171/270/171 163/258/163 177/277/177
f 141/264/141 180/280/180 157/246/157
f 167/265/167 148/248/148 151/236/151
f 149/234/149 179/279/179 164/261/164
f 148/281/148 181/282/181 141/264/141
f 152/238/152 161/256/161 158/266/158
f 149/234/149 174/274/174 182/283/182
f 98/205/98 174/274/174 149/234/149
f 179/279/179 183/284/183 176/276/176
f 176/276/176 183/284/183 170/269/170
f 173/273/173 184/285/184 167/265/167
f 181/282/181 185/286/185 141/264/141
f 186/287/186 183/284/183 179/279/179
f 175/275/175 177/277/177 187/288/187
f 177/277/177 163/258/163 187/288/187
f 170/269/170 183/284/183 188/289/188
f 170/269/170 188/289/188 166/271/166
f 166/263/166 184/285/184 173/273/173
f 141/264/141 185/286/185 180/280/180
f 184/285/184 148/248/148 167/265/167
f 142/221/142 189/290/189 174/274/174
f 149/234/149 182/283/182 179/279/179
f 168/267/168 190/291/190 178/278/178
f 168/267/168 175/275/175 190/291/190
f 175/275/175 187/288/187 190/291/190
f 183/284/183 186/287/186 191/292/191
f 187/288/187 192/293/192 190/291/190
f 187/288/187 163/258/163 192/293/192
f 183/284/183 191/292/191 188/289/188
f 172/272/172 193/294/193 163/258/163
f 172/272/172 157/246/157 193/294/193
f 180/280/180 193/294/193 157/246/157
f 194/295/194 179/296/179 182/297/182
f 195/298/195 186/299/186 194/300/194
f 194/301/194 186/287/186 179/279/179
f 195/298/195 191/302/191 186/299/186
f 196/303/196 166/304/166 188/305/188
f 196/303/196 184/306/184 166/304/166
f 197/307/197 181/308/181 148/309/148
f 178/278/178 190/291/190 198/310/198
f 190/291/190 192/293/192 198/310/198
f 195/298/195 199/311/199 191/302/191
f 191/302/191 199/311/199 188/305/188
f 200/312/200 201/313/201 202/314/202
f 200/312/200 203/315/203 201/313/201
f 204/316/204 205/317/205 206/318/206
f 204/316/204 206/318/206 207/319/207
f 205/317/205 208/320/208 206/318/206
f 206/318/206 209/321/209 207/319/207
f 206/318/206 208/320/208 209/321/209
f 207/319/207 209/321/209 210/322/210
f 207/323/207 210/324/210 211/325/211
f 211/325/211 210/324/210 212/326/212
f 209/321/209 213/327/213 210/322/210
f 210/324/210 213/328/213 214/329/214
f 210/324/210 214/329/214 215/330/215
f 210/324/210 215/330/215 212/326/212
f 212/326/212 216/331/216 217/332/217
f 213/328/213 218/333/218 214/329/214
f 214/329/214 218/333/218 215/330/215
f 215/330/215 219/334/219 212/326/212
f 215/330/215 218/333/218 219/334/219
f 212/326/212 219/334/219 216/331/216
f 158/249/158 220/335/220 142/221/142
f 195/336/195 221/337/221 199/338/199
f 192/293/192 163/258/163 198/310/198
f 222/339/222 223/340/223 224/341/224
f 225/342/225 202/314/202 226/343/226
f 226/343/226 202/314/202 227/344/227
f 227/344/227 201/313/201 228/345/228
f 202/314/202 201/313/201 227/344/227
f 225/342/225 229/346/229 230/347/230
f 200/312/200 202/314/202 230/347/230
f 225/342/225 230/347/230 202/314/202
f 228/345/228 201/313/201 231/348/231
f 230/347/230 229/346/229 232/349/232
f 229/350/229 233/351/233 232/352/232
f 232/349/232 234/353/234 230/347/230
f 232/349/232 233/354/233 234/353/234
f 230/347/230 234/353/234 200/312/200
f 201/313/201 203/315/203 231/348/231
f 204/316/204 235/355/235 236/356/236
f 233/351/233 235/355/235 204/316/204
f 204/316/204 207/319/207 233/351/233
f 233/354/233 237/357/237 234/353/234
f 207/323/207 237/358/237 233/359/233
f 200/312/200 234/353/234 203/315/203
f 203/315/203 238/360/238 231/348/231
f 234/353/234 239/361/239 203/315/203
f 236/356/236 205/317/205 204/316/204
f 207/323/207 211/325/211 237/358/237
f 234/353/234 237/357/237 239/361/239
f 211/325/211 240/362/240 237/358/237
f 237/358/237 240/362/240 239/363/239
f 239/361/239 241/364/241 203/315/203
f 211/325/211 212/326/212 240/362/240
f 239/363/239 240/362/240 241/365/241
f 241/364/241 242/366/242 203/315/203
f 203/315/203 242/366/242 238/360/238
f 243/367/243 208/320/208 205/317/205
f 212/326/212 217/332/217 240/362/240
f 243/367/243 244/368/244 208/320/208
f 217/332/217 245/369/245 240/362/240
f 208/320/208 244/368/244 209/321/209
f 209/321/209 244/368/244 213/327/213
f 244/368/244 246/370/246 213/327/213
f 217/332/217 247/371/247 245/369/245
f 246/370/246 248/372/248 213/327/213
f 213/328/213 248/373/248 218/333/218
f 217/332/217 216/331/216 247/371/247
f 219/334/219 249/374/249 216/331/216
f 218/333/218 248/373/248 250/375/250
f 218/333/218 249/374/249 219/334/219
f 250/375/250 249/374/249 218/333/218
f 178/278/178 251/376/251 161/256/161
f 195/336/195 194/377/194 252/378/252
f 178/278/178 253/379/253 251/376/251
f 178/278/178 198/310/198 253/379/253
f 195/336/195 252/378/252 221/337/221
f 198/310/198 254/380/254 253/379/253
f 163/258/163 254/380/254 198/310/198
f 222/339/222 255/381/255 256/382/256
f 222/339/222 257/383/257 255/381/255
f 255/381/255 257/383/257 258/384/258
f 226/343/226 227/344/227 259/385/259
f 222/339/222 258/384/258 257/383/257
f 258/384/258 222/339/222 260/386/260
f 261/387/261 262/388/262 225/389/225
f 226/343/226 261/390/261 225/342/225
f 228/345/228 263/391/263 227/344/227
f 224/341/224 264/392/264 222/339/222
f 222/339/222 264/392/264 260/386/260
f 228/345/228 265/393/265 263/391/263
f 266/394/266 267/395/267 268/396/268
f 262/388/262 269/397/269 270/398/270
f 269/397/269 271/399/271 270/398/270
f 225/389/225 262/388/262 229/350/229
f 228/345/228 231/348/231 265/393/265
f 265/393/265 231/348/231 272/400/272
f 273/401/273 274/402/274 266/403/266
f 266/403/266 274/402/274 275/404/275
f 266/403/266 275/404/275 267/405/267
f 262/388/262 270/398/270 229/350/229
f 270/398/270 271/399/271 235/355/235
f 233/351/233 229/350/229 270/398/270
f 233/351/233 270/398/270 235/355/235
f 235/355/235 271/399/271 236/356/236
f 231/348/231 238/360/238 272/400/272
f 238/360/238 276/406/276 272/400/272
f 236/356/236 271/399/271 277/407/277
f 236/356/236 277/407/277 205/317/205
f 238/360/238 242/366/242 276/406/276
f 277/407/277 243/367/243 205/317/205
f 240/362/240 242/408/242 241/365/241
f 243/367/243 278/409/278 244/368/244
f 245/369/245 279/410/279 240/362/240
f 240/362/240 279/410/279 242/408/242
f 245/369/245 247/371/247 279/410/279
f 244/368/244 248/372/248 246/370/246
f 250/375/250 248/373/248 280/411/280
f 250/375/250 281/412/281 249/374/249
f 250/375/250 280/411/280 281/412/281
f 142/221/142 220/335/220 189/290/189
f 252/378/252 282/413/282 221/337/221
f 221/337/221 282/413/282 199/338/199
f 163/258/163 283/414/283 254/380/254
f 188/305/188 199/311/199 284/415/284
f 163/258/163 193/294/193 283/414/283
f 285/416/285 196/303/196 188/305/188
f 185/286/185 193/294/193 180/280/180
f 255/381/255 258/384/258 256/382/256
f 261/390/261 226/343/226 286/417/286
f 226/418/226 259/419/259 286/420/286
f 287/421/287 222/339/222 256/382/256
f 262/388/262 288/422/288 269/397/269
f 261/387/261 288/422/288 262/388/262
f 263/391/263 289/423/289 227/344/227
f 263/391/263 290/424/290 289/423/289
f 222/339/222 287/421/287 223/340/223
f 287/421/287 291/425/291 223/340/223
f 292/426/292 266/394/266 268/396/268
f 291/425/291 224/341/224 223/340/223
f 291/425/291 293/427/293 224/341/224
f 263/391/263 265/393/265 290/424/290
f 273/428/273 266/394/266 292/426/292
f 294/429/294 268/396/268 267/395/267
f 295/430/295 296/431/296 269/397/269
f 224/341/224 297/432/297 264/392/264
f 269/397/269 296/431/296 271/399/271
f 272/400/272 298/433/298 265/393/265
f 299/434/299 274/402/274 273/401/273
f 267/395/267 300/435/300 294/429/294
f 296/431/296 301/436/301 271/399/271
f 272/400/272 302/437/302 298/433/298
f 267/395/267 275/438/275 300/435/300
f 301/436/301 303/439/303 271/399/271
f 272/400/272 304/440/304 302/437/302
f 303/439/303 277/407/277 271/399/271
f 276/406/276 304/440/304 272/400/272
f 276/406/276 305/441/305 304/440/304
f 277/407/277 306/442/306 243/367/243
f 276/406/276 242/366/242 305/441/305
f 243/367/243 306/442/306 278/409/278
f 306/442/306 307/443/307 278/409/278
f 242/408/242 308/444/308 305/445/305
f 279/410/279 308/444/308 242/408/242
f 244/368/244 278/409/278 309/446/309
f 247/371/247 310/447/310 279/410/279
f 308/444/308 310/447/310 311/448/311
f 279/410/279 310/447/310 308/444/308
f 244/368/244 309/446/309 248/372/248
f 247/371/247 216/331/216 310/447/310
f 249/374/249 281/412/281 216/331/216
f 216/331/216 281/412/281 310/447/310
f 309/446/309 312/449/312 248/372/248
f 248/372/248 312/449/312 313/450/313
f 248/373/248 313/451/313 280/411/280
f 280/411/280 313/451/313 281/412/281
f 158/266/158 314/452/314 315/453/315
f 158/266/158 161/256/161 314/452/314
f 188/305/188 284/415/284 285/416/285
f 196/303/196 285/416/285 184/306/184
f 184/306/184 285/416/285 316/454/316
f 261/455/261 286/420/286 288/456/288
f 227/344/227 289/423/289 259/385/259
f 258/384/258 260/386/260 317/457/317
f 318/458/318 295/430/295 269/397/269
f 288/422/288 318/458/318 269/397/269
f 292/459/292 299/434/299 273/401/273
f 287/421/287 319/460/319 291/425/291
f 319/460/319 293/427/293 291/425/291
f 265/393/265 298/433/298 320/461/320
f 265/393/265 320/461/320 290/424/290
f 295/430/295 321/462/321 296/431/296
f 293/427/293 322/463/322 224/341/224
f 264/392/264 297/432/297 323/464/323
f 264/392/264 323/464/323 260/386/260
f 299/434/299 324/465/324 274/402/274
f 322/463/322 297/432/297 224/341/224
f 321/462/321 301/436/301 296/431/296
f 301/436/301 325/466/325 303/439/303
f 300/467/300 275/468/275 326/469/326
f 277/407/277 303/439/303 325/466/325
f 274/402/274 327/470/327 275/404/275
f 277/407/277 325/466/325 306/442/306
f 305/471/305 328/472/328 304/473/304
f 307/443/307 329/474/329 278/409/278
f 329/474/329 309/446/309 278/409/278
f 330/475/330 331/476/331 309/477/309
f 281/412/281 311/448/311 310/447/310
f 331/478/331 312/479/312 309/480/309
f 312/479/312 332/481/332 313/482/313
f 313/451/313 332/483/332 281/412/281
f 158/266/158 315/453/315 220/484/220
f 251/376/251 333/485/333 161/256/161
f 253/379/253 334/486/334 251/376/251
f 253/379/253 254/380/254 334/486/334
f 254/380/254 283/414/283 334/486/334
f 199/338/199 282/413/282 284/487/284
f 193/294/193 335/488/335 283/414/283
f 184/306/184 336/489/336 148/490/148
f 288/491/288 337/492/337 338/493/338
f 288/456/288 286/420/286 337/494/337
f 286/420/286 339/495/339 337/494/337
f 259/419/259 339/495/339 286/420/286
f 259/419/259 340/496/340 339/495/339
f 318/497/318 288/491/288 338/493/338
f 289/498/289 340/496/340 259/419/259
f 289/498/289 341/499/341 340/496/340
f 289/423/289 290/424/290 341/500/341
f 290/424/290 342/501/342 341/500/341
f 343/502/343 299/503/299 344/504/344
f 292/426/292 344/504/344 299/503/299
f 290/424/290 320/461/320 342/501/342
f 294/429/294 292/426/292 268/396/268
f 345/505/345 324/465/324 299/434/299
f 321/462/321 325/466/325 301/436/301
f 298/433/298 302/437/302 346/506/346
f 302/507/302 304/473/304 346/508/346
f 306/442/306 325/466/325 307/443/307
f 307/443/307 347/509/347 329/474/329
f 305/471/305 308/510/308 328/472/328
f 308/510/308 348/511/348 328/472/328
f 308/444/308 311/448/311 348/512/348
f 309/446/309 329/474/329 330/513/330
f 281/412/281 349/514/349 311/448/311
f 281/515/281 332/481/332 350/516/350
f 281/517/281 350/518/350 349/519/349
f 312/479/312 331/478/331 351/520/351
f 312/479/312 351/520/351 332/481/332
f 174/521/174 352/522/352 182/297/182
f 252/378/252 194/377/194 353/523/353
f 252/378/252 354/524/354 282/413/282
f 193/294/193 185/286/185 335/488/335
f 184/306/184 316/454/316 336/489/336
f 344/504/344 292/426/292 355/525/355
f 292/426/292 356/526/356 355/525/355
f 338/493/338 357/527/357 358/528/358
f 337/492/337 357/527/357 338/493/338
f 340/496/340 341/499/341 359/529/359
f 338/493/338 358/528/358 318/497/318
f 341/499/341 360/530/360 359/529/359
f 294/429/294 361/531/361 292/426/292
f 341/499/341 342/532/342 360/530/360
f 295/533/295 358/528/358 362/534/362
f 318/497/318 358/528/358 295/533/295
f 320/461/320 363/535/363 342/501/342
f 343/536/343 345/505/345 299/434/299
f 293/537/293 319/538/319 364/539/364
f 295/430/295 362/540/362 321/462/321
f 298/433/298 365/541/365 363/535/363
f 320/461/320 298/433/298 363/535/363
f 298/433/298 346/506/346 365/541/365
f 345/505/345 366/542/366 324/465/324
f 293/427/293 364/543/364 322/463/322
f 366/542/366 367/544/367 324/465/324
f 364/543/364 368/545/368 322/463/322
f 322/463/322 368/545/368 297/432/297
f 304/473/304 369/546/369 346/508/346
f 297/432/297 368/545/368 323/464/323
f 304/473/304 370/547/370 369/546/369
f 325/466/325 321/462/321 371/548/371
f 325/466/325 371/548/371 307/443/307
f 304/473/304 372/549/372 370/547/370
f 371/548/371 347/509/347 307/443/307
f 304/473/304 328/472/328 373/550/373
f 304/473/304 373/550/373 372/549/372
f 275/468/275 327/551/327 326/469/326
f 324/465/324 327/470/327 274/402/274
f 347/509/347 374/552/374 329/474/329
f 329/474/329 374/552/374 375/553/375
f 311/554/311 376/555/376 348/511/348
f 330/475/330 377/556/377 331/476/331
f 349/514/349 378/557/378 311/448/311
f 332/481/332 351/520/351 350/516/350
f 174/274/174 189/290/189 352/558/352
f 182/297/182 352/522/352 379/559/379
f 161/256/161 333/485/333 314/452/314
f 194/377/194 380/560/380 353/523/353
f 182/297/182 380/561/380 194/295/194
f 251/376/251 334/486/334 381/562/381
f 285/416/285 382/563/382 316/454/316
f 355/525/355 383/564/383 344/504/344
f 355/525/355 384/565/384 383/564/383
f 355/525/355 385/566/385 384/565/384
f 256/567/256 386/568/386 387/569/387
f 355/525/355 356/526/356 385/566/385
f 340/496/340 359/529/359 339/495/339
f 287/421/287 256/382/256 387/570/387
f 358/528/358 357/527/357 388/571/388
f 356/526/356 292/426/292 385/566/385
f 292/426/292 361/531/361 385/566/385
f 358/528/358 388/571/388 389/572/389
f 294/573/294 300/574/300 361/575/361
f 390/576/390 361/575/361 300/574/300
f 287/577/287 387/578/387 319/538/319
f 260/386/260 391/579/391 317/457/317
f 358/528/358 389/572/389 362/534/362
f 319/538/319 387/578/387 392/580/392
f 342/501/342 363/535/363 393/581/393
f 363/535/363 365/541/365 345/582/345
f 321/462/321 362/540/362 395/583/394
f 346/508/346 396/584/395 345/505/345
f 365/541/365 346/506/346 345/582/345
f 319/538/319 397/585/396 364/539/364
f 396/584/395 366/542/366 345/505/345
f 396/584/395 346/508/346 366/542/366
f 369/546/369 398/586/397 346/508/346
f 346/508/346 398/586/397 366/542/366
f 366/542/366 398/586/397 367/544/367
f 369/546/369 370/547/370 398/586/397
f 398/586/397 370/547/370 367/544/367
f 364/543/364 399/587/398 368/545/368
f 321/462/321 395/583/394 371/548/371
f 300/574/300 326/588/326 390/576/390
f 395/583/394 400/589/399 371/548/371
f 371/548/371 400/589/399 347/509/347
f 347/509/347 400/589/399 374/552/374
f 373/550/373 328/472/328 376/555/376
f 348/511/348 376/555/376 328/472/328
f 329/590/329 375/591/375 401/592/400
f 329/590/329 401/592/400 330/475/330
f 376/555/376 311/554/311 402/593/401
f 311/448/311 378/557/378 402/594/401
f 330/475/330 401/592/400 377/556/377
f 331/478/331 377/595/377 403/596/402
f 349/519/349 404/597/403 378/598/378
f 349/519/349 350/518/350 404/597/403
f 331/478/331 405/599/404 351/520/351
f 405/599/404 406/600/405 351/520/351
f 351/520/351 406/600/405 350/516/350
f 353/523/353 380/560/380 407/601/406
f 354/524/354 353/523/353 408/602/407
f 252/378/252 353/523/353 354/524/354
f 354/524/354 408/602/407 282/413/282
f 381/562/381 334/486/334 409/603/408
f 283/414/283 335/488/335 409/603/408
f 334/486/334 283/414/283 409/603/408
f 282/413/282 408/602/407 410/604/409
f 282/413/282 410/604/409 284/487/284
f 410/604/409 411/605/410 284/487/284
f 411/605/410 412/606/411 284/487/284
f 412/606/411 413/607/412 284/487/284
f 284/487/284 413/607/412 285/608/285
f 285/416/285 413/609/412 414/610/413
f 285/416/285 414/610/413 382/563/382
f 316/454/316 415/611/414 336/489/336
f 148/490/148 336/489/336 197/612/197
f 197/307/197 416/613/415 181/308/181
f 316/454/316 382/563/382 415/611/414
f 344/504/344 383/564/383 417/614/416
f 383/615/383 418/616/417 419/617/418
f 417/614/416 343/502/343 344/504/344
f 256/567/256 420/618/419 421/619/420
f 383/564/383 384/565/384 418/620/417
f 256/382/256 258/384/258 420/621/419
f 337/492/337 422/622/421 357/527/357
f 339/495/339 422/623/421 337/494/337
f 339/495/339 423/624/422 422/623/421
f 359/529/359 424/625/423 339/495/339
f 339/495/339 424/625/423 423/624/422
f 359/529/359 425/626/424 424/625/423
f 359/529/359 360/530/360 425/626/424
f 342/532/342 426/627/425 360/530/360
f 342/532/342 427/628/426 426/627/425
f 390/576/390 394/629/427 361/575/361
f 317/457/317 391/579/391 428/630/428
f 342/532/342 393/631/393 427/628/426
f 393/631/393 429/632/429 427/628/426
f 387/578/387 430/633/430 392/580/392
f 393/581/393 363/535/363 429/634/429
f 429/634/429 363/535/363 345/582/345
f 390/635/390 431/636/431 394/637/427
f 430/633/430 432/638/432 392/580/392
f 392/580/392 432/638/432 319/538/319
f 431/639/431 390/640/390 433/641/433
f 432/638/432 397/585/396 319/538/319
f 260/386/260 323/464/323 391/579/391
f 370/547/370 434/642/434 367/544/367
f 370/547/370 372/549/372 434/642/434
f 395/643/394 435/644/435 400/645/399
f 434/642/434 372/549/372 436/646/436
f 372/549/372 437/647/437 436/646/436
f 367/544/367 438/648/438 324/465/324
f 372/549/372 373/550/373 437/647/437
f 438/648/438 327/470/327 324/465/324
f 376/555/376 439/649/439 373/550/373
f 402/593/401 439/649/439 376/555/376
f 440/650/440 377/556/377 401/592/400
f 440/651/440 403/596/402 377/595/377
f 403/596/402 405/599/404 331/478/331
f 404/652/403 350/516/350 406/600/405
f 441/653/441 189/654/189 220/655/220
f 251/376/251 381/562/381 442/656/442
f 442/656/442 381/562/381 409/603/408
f 442/656/442 409/603/408 335/488/335
f 443/657/443 410/604/409 408/602/407
f 412/606/411 411/605/410 444/658/444
f 445/659/445 419/660/418 411/605/410
f 411/605/410 419/660/418 444/658/444
f 412/606/411 444/658/444 413/607/412
f 185/286/185 181/282/181 446/661/446
f 444/658/444 447/662/447 413/607/412
f 413/609/412 448/663/448 414/610/413
f 413/609/412 447/664/447 448/663/448
f 448/663/448 382/563/382 414/610/413
f 449/665/449 382/563/382 448/663/448
f 449/665/449 415/611/414 382/563/382
f 444/658/444 419/660/418 450/666/450
f 450/666/450 447/662/447 444/658/444
f 450/666/450 448/667/448 447/662/447
f 419/617/418 451/668/451 450/669/450
f 418/616/417 451/668/451 419/617/418
f 452/670/452 386/568/386 256/567/256
f 452/670/452 256/567/256 421/619/420
f 343/536/343 417/671/416 345/505/345
f 453/672/453 387/569/387 386/568/386
f 418/616/417 454/673/454 455/674/455
f 418/616/417 384/675/384 454/673/454
f 384/565/384 385/566/385 454/676/454
f 456/677/456 357/527/357 422/622/421
f 456/678/456 422/623/421 423/624/422
f 457/679/457 429/632/429 345/680/345
f 458/681/458 387/569/387 459/682/459
f 357/527/357 460/683/460 388/571/388
f 461/684/461 425/626/424 360/530/360
f 462/685/462 425/626/424 461/684/461
f 461/684/461 360/530/360 463/686/463
f 457/679/457 464/687/464 429/632/429
f 465/688/465 258/384/258 317/457/317
f 460/683/460 389/572/389 388/571/388
f 463/686/463 360/530/360 466/689/466
f 464/687/464 466/689/466 429/632/429
f 465/688/465 317/457/317 428/630/428
f 360/530/360 426/627/425 466/689/466
f 466/689/466 426/627/425 427/628/426
f 427/628/426 429/632/429 466/689/466
f 467/690/467 430/633/430 458/691/458
f 458/691/458 430/633/430 387/578/387
f 468/692/468 362/534/362 389/572/389
f 468/692/468 389/572/389 469/693/469
f 431/639/431 433/641/433 470/694/470
f 471/695/471 467/690/467 472/696/472
f 467/690/467 432/638/432 430/633/430
f 473/697/473 432/638/432 467/690/467
f 468/692/468 474/698/474 362/534/362
f 474/699/474 395/583/394 362/540/362
f 397/585/396 432/638/432 473/697/473
f 323/464/323 475/700/475 391/579/391
f 433/641/433 390/640/390 476/701/476
f 475/700/475 323/464/323 477/702/477
f 478/703/478 435/644/435 395/643/394
f 477/702/477 323/464/323 368/545/368
f 437/647/437 479/704/479 434/642/434
f 436/646/436 437/647/437 434/642/434
f 434/642/434 479/704/479 367/544/367
f 480/705/480 481/706/481 477/702/477
f 477/702/477 368/545/368 480/705/480
f 435/644/435 374/707/374 400/645/399
f 479/704/479 437/647/437 482/708/482
f 367/544/367 479/704/479 438/648/438
f 483/709/483 374/707/374 435/644/435
f 437/647/437 373/550/373 484/710/484
f 482/708/482 437/647/437 484/710/484
f 483/711/483 375/553/375 374/552/374
f 439/649/439 484/710/484 373/550/373
f 485/712/485 401/592/400 375/591/375
f 378/598/378 486/713/486 402/714/401
f 378/598/378 404/597/403 486/713/486
f 403/596/402 487/715/487 405/599/404
f 405/599/404 488/716/488 406/600/405
f 182/297/182 379/559/379 380/561/380
f 489/717/489 490/718/490 491/719/491
f 407/601/406 492/720/492 408/602/407
f 407/601/406 408/602/407 353/523/353
f 492/720/492 493/721/493 443/657/443
f 492/720/492 443/657/443 408/602/407
f 491/722/491 490/723/490 383/564/383
f 493/721/493 494/724/494 443/657/443
f 443/657/443 494/724/494 410/604/409
f 491/725/491 383/726/383 493/721/493
f 493/721/493 445/659/445 494/724/494
f 494/724/494 445/659/445 410/604/409
f 493/721/493 383/726/383 445/659/445
f 383/726/383 419/660/418 445/659/445
f 445/659/445 411/605/410 410/604/409
f 490/723/490 495/727/495 383/564/383
f 496/728/496 335/488/335 185/286/185
f 495/727/495 417/614/416 383/564/383
f 449/665/449 497/729/497 415/611/414
f 448/663/448 497/729/497 449/665/449
f 497/729/497 498/730/498 415/611/414
f 415/611/414 498/730/498 336/489/336
f 450/731/450 497/729/497 448/663/448
f 499/732/499 500/733/500 501/734/501
f 451/668/451 502/735/502 450/669/450
f 500/733/500 421/619/420 501/734/501
f 501/734/501 503/736/503 499/732/499
f 501/734/501 421/619/420 503/736/503
f 457/737/457 345/505/345 417/671/416
f 504/738/504 453/672/453 505/739/505
f 505/739/505 453/672/453 386/568/386
f 418/616/417 455/674/455 451/668/451
f 506/740/506 507/741/507 453/672/453
f 421/742/420 420/743/419 503/744/503
f 507/741/507 459/682/459 453/672/453
f 453/672/453 459/682/459 387/569/387
f 454/673/454 385/745/385 361/746/361
f 507/741/507 508/747/508 459/682/459
f 357/527/357 456/677/456 509/748/509
f 424/625/423 425/626/424 510/749/510
f 508/747/508 458/681/458 459/682/459
f 258/384/258 465/688/465 420/621/419
f 509/748/509 460/683/460 357/527/357
f 425/626/424 462/685/462 510/749/510
f 462/685/462 461/684/461 511/750/511
f 511/750/511 461/684/461 463/686/463
f 511/750/511 463/686/463 464/687/464
f 472/696/472 467/690/467 458/691/458
f 469/693/469 389/572/389 460/683/460
f 463/686/463 466/689/466 464/687/464
f 394/637/427 431/636/431 361/746/361
f 428/630/428 391/579/391 512/751/512
f 431/639/431 470/694/470 513/752/513
f 513/752/513 470/694/470 514/753/514
f 515/754/515 471/695/471 472/696/472
f 470/694/470 433/641/433 514/753/514
f 471/695/471 473/697/473 467/690/467
f 474/699/474 478/755/478 395/583/394
f 391/579/391 475/700/475 512/751/512
f 475/700/475 516/756/516 512/751/512
f 475/700/475 517/757/517 516/756/516
f 397/585/396 518/758/518 364/539/364
f 364/543/364 518/759/518 399/587/398
f 475/700/475 477/702/477 517/757/517
f 517/757/517 519/760/519 516/756/516
f 478/703/478 520/761/520 435/644/435
f 518/759/518 521/762/521 399/587/398
f 477/702/477 519/760/519 517/757/517
f 477/702/477 481/706/481 519/760/519
f 399/587/398 480/705/480 368/545/368
f 399/587/398 521/762/521 480/705/480
f 390/640/390 326/763/326 476/701/476
f 481/706/481 522/764/522 519/760/519
f 479/704/479 482/708/482 484/710/484
f 484/710/484 523/765/523 479/704/479
f 484/710/484 439/649/439 523/765/523
f 485/712/485 375/591/375 483/766/483
f 485/712/485 524/767/524 401/592/400
f 401/592/400 524/767/524 440/650/440
f 438/768/438 525/769/525 327/551/327
f 404/597/403 526/770/526 486/713/486
f 488/716/488 527/771/527 406/600/405
f 406/600/405 527/771/527 404/652/403
f 404/597/403 527/772/527 526/770/526
f 405/599/404 487/715/487 488/716/488
f 352/522/352 189/773/189 528/774/528
f 441/653/441 220/655/220 315/775/315
f 529/776/529 530/777/530 531/778/531
f 407/601/406 531/778/531 530/777/530
f 407/601/406 532/779/532 531/778/531
f 380/560/380 532/779/532 407/601/406
f 251/376/251 533/780/533 333/485/333
f 491/719/491 493/781/493 529/782/529
f 492/720/492 530/777/530 493/721/493
f 529/776/529 493/721/493 530/777/530
f 407/601/406 530/777/530 492/720/492
f 251/376/251 534/783/534 533/780/533
f 251/376/251 442/656/442 534/783/534
f 442/656/442 335/488/335 534/783/534
f 185/784/185 446/785/446 535/786/535
f 536/787/536 537/788/537 181/308/181
f 181/308/181 537/788/537 446/785/446
f 336/489/336 538/789/538 197/612/197
f 181/308/181 416/613/415 536/787/536
f 498/730/498 497/729/497 336/489/336
f 336/489/336 497/729/497 538/789/538
f 539/790/539 540/791/540 541/792/541
f 542/793/542 543/794/543 539/790/539
f 539/790/539 541/792/541 542/793/542
f 542/793/542 544/795/544 543/794/543
f 542/793/542 541/792/541 499/732/499
f 499/732/499 544/795/544 542/793/542
f 540/791/540 545/796/545 452/670/452
f 540/791/540 500/733/500 541/792/541
f 540/791/540 452/670/452 500/733/500
f 541/792/541 500/733/500 499/732/499
f 450/669/450 546/797/546 497/798/497
f 547/799/547 548/800/548 545/796/545
f 545/796/545 548/800/548 386/568/386
f 386/568/386 452/670/452 545/796/545
f 421/619/420 500/733/500 452/670/452
f 417/614/416 495/727/495 457/801/457
f 450/669/450 502/735/502 546/797/546
f 549/802/549 506/740/506 547/799/547
f 505/739/505 547/799/547 504/738/504
f 386/568/386 548/800/548 505/739/505
f 505/739/505 548/800/548 547/799/547
f 504/738/504 547/799/547 506/740/506
f 504/738/504 506/740/506 453/672/453
f 503/744/503 550/803/550 499/804/499
f 503/744/503 420/743/419 550/803/550
f 451/668/451 455/674/455 502/735/502
f 502/735/502 455/674/455 551/805/551
f 507/741/507 506/740/506 508/747/508
f 457/679/457 552/806/552 464/687/464
f 455/674/455 454/673/454 551/805/551
f 454/673/454 361/746/361 553/807/553
f 420/621/419 465/688/465 550/808/550
f 423/624/422 554/809/554 456/678/456
f 424/625/423 555/810/555 423/624/422
f 510/749/510 555/810/555 424/625/423
f 510/749/510 556/811/556 555/810/555
f 510/749/510 557/812/557 552/806/552
f 552/806/552 556/811/556 510/749/510
f 552/806/552 557/812/557 558/813/558
f 552/806/552 558/813/558 464/687/464
f 508/747/508 472/814/472 458/681/458
f 462/685/462 557/812/557 510/749/510
f 462/685/462 558/813/558 557/812/557
f 511/750/511 558/813/558 462/685/462
f 511/750/511 464/687/464 558/813/558
f 469/693/469 559/815/559 468/692/468
f 512/751/512 560/816/560 428/630/428
f 512/751/512 561/817/561 560/816/560
f 433/641/433 562/818/562 514/753/514
f 433/641/433 563/819/563 562/818/562
f 516/756/516 561/817/561 512/751/512
f 478/755/478 474/699/474 564/820/564
f 397/585/396 473/697/473 518/758/518
f 478/703/478 564/821/564 520/761/520
f 433/641/433 476/701/476 563/819/563
f 516/756/516 519/760/519 561/817/561
f 520/761/520 565/822/565 435/644/435
f 435/644/435 565/822/565 483/709/483
f 481/706/481 480/705/480 566/823/566
f 481/706/481 566/823/566 522/764/522
f 565/822/565 567/824/567 483/709/483
f 483/709/483 567/824/567 485/825/485
f 523/765/523 439/649/439 568/826/568
f 523/765/523 568/826/568 479/704/479
f 326/827/326 569/828/569 476/829/476
f 439/649/439 570/830/570 568/826/568
f 439/649/439 571/831/571 570/830/570
f 402/593/401 571/831/571 439/649/439
f 402/593/401 572/832/572 571/831/571
f 402/714/401 486/713/486 572/833/572
f 440/651/440 573/834/573 403/596/402
f 403/596/402 573/834/573 574/835/574
f 403/596/402 574/835/574 487/715/487
f 575/836/575 489/717/489 576/837/576
f 489/717/489 577/838/577 576/837/576
f 491/719/491 577/838/577 489/717/489
f 578/839/578 491/719/491 529/782/529
f 441/653/441 528/840/528 189/654/189
f 579/841/579 380/560/380 580/842/580
f 379/559/379 581/843/581 380/561/380
f 380/560/380 581/844/581 580/842/580
f 489/845/489 582/846/582 490/723/490
f 531/778/531 580/842/580 529/776/529
f 532/779/532 580/842/580 531/778/531
f 532/779/532 579/841/579 580/842/580
f 380/560/380 579/841/579 532/779/532
f 490/723/490 582/846/582 495/727/495
f 185/847/185 535/848/535 583/849/583
f 496/850/496 185/847/185 583/849/583
f 537/788/537 535/786/535 446/785/446
f 197/307/197 538/851/538 584/852/584
f 197/307/197 584/852/584 416/613/415
f 543/853/543 544/854/544 585/855/585
f 497/729/497 584/856/584 538/789/538
f 497/857/497 586/858/586 584/859/584
f 545/796/545 587/860/587 547/799/547
f 549/802/549 547/799/547 587/860/587
f 506/740/506 549/802/549 588/861/588
f 506/740/506 588/861/588 508/747/508
f 588/861/588 589/862/589 508/747/508
f 454/673/454 553/807/553 551/805/551
f 590/863/590 591/864/591 552/806/552
f 456/677/456 592/865/592 509/748/509
f 456/678/456 554/809/554 592/866/592
f 555/810/555 554/809/554 423/624/422
f 591/864/591 554/809/554 555/810/555
f 556/811/556 591/864/591 555/810/555
f 556/811/556 552/806/552 591/864/591
f 508/747/508 589/862/589 472/814/472
f 431/636/431 553/807/553 361/746/361
f 431/636/431 513/867/513 553/807/553
f 465/688/465 593/868/593 550/808/550
f 460/683/460 594/869/594 595/870/595
f 460/683/460 595/870/595 469/693/469
f 469/693/469 595/870/595 559/815/559
f 513/752/513 514/753/514 553/871/553
f 465/688/465 428/630/428 560/816/560
f 472/696/472 596/872/596 515/754/515
f 468/692/468 559/815/559 597/873/597
f 468/692/468 597/873/597 474/698/474
f 561/817/561 598/874/598 560/816/560
f 474/698/474 597/873/597 599/875/599
f 514/753/514 562/818/562 600/876/600
f 561/817/561 601/877/601 598/874/598
f 471/695/471 602/878/602 473/697/473
f 474/699/474 599/879/599 564/820/564
f 602/878/602 603/880/603 473/697/473
f 473/697/473 603/880/603 518/758/518
f 603/880/603 604/881/604 518/758/518
f 561/817/561 519/760/519 601/877/601
f 519/760/519 605/882/605 601/877/601
f 520/761/520 564/821/564 565/822/565
f 518/759/518 604/883/604 521/762/521
f 519/760/519 522/764/522 605/882/605
f 480/705/480 521/762/521 566/823/566
f 570/830/570 571/831/571 606/884/606
f 570/830/570 606/884/606 568/826/568
f 485/712/485 607/885/607 524/767/524
f 568/826/568 606/884/606 608/886/608
f 571/831/571 572/832/572 609/887/609
f 571/831/571 609/887/609 606/884/606
f 524/767/524 607/885/607 610/888/610
f 572/833/572 486/713/486 611/889/611
f 524/767/524 610/888/610 440/650/440
f 326/469/326 327/551/327 612/890/612
f 440/650/440 610/888/610 573/891/573
f 486/713/486 526/770/526 611/889/611
f 527/772/527 613/892/613 526/770/526
f 487/715/487 574/835/574 614/893/614
f 487/715/487 615/894/615 488/716/488
f 487/715/487 614/893/614 615/894/615
f 527/771/527 488/716/488 613/895/613
f 488/716/488 615/894/615 613/895/613
f 616/896/616 575/897/575 617/898/617
f 576/899/576 617/898/617 575/897/575
f 577/838/577 618/900/618 576/837/576
f 491/719/491 618/900/618 577/838/577
f 491/719/491 578/839/578 618/900/618
f 616/896/616 582/846/582 575/897/575
f 489/845/489 575/897/575 582/846/582
f 578/839/578 580/901/580 619/902/619
f 529/782/529 580/901/580 578/839/578
f 619/903/619 580/904/580 620/905/620
f 580/904/580 621/906/621 620/905/620
f 620/905/620 621/906/621 622/907/622
f 352/522/352 623/908/623 622/907/622
f 620/905/620 622/907/622 623/908/623
f 581/843/581 621/906/621 580/904/580
f 379/559/379 621/906/621 581/843/581
f 379/559/379 622/907/622 621/906/621
f 352/522/352 622/907/622 379/559/379
f 534/783/534 624/909/624 533/780/533
f 534/783/534 335/488/335 624/909/624
f 335/910/335 496/850/496 625/911/625
f 584/852/584 626/912/626 416/613/415
f 626/912/626 627/913/627 416/613/415
f 416/613/415 627/913/627 536/787/536
f 545/796/545 628/914/628 587/860/587
f 540/791/540 628/914/628 545/796/545
f 629/915/629 457/801/457 495/727/495
f 584/859/584 586/858/586 626/916/626
f 544/854/544 499/804/499 585/855/585
f 497/857/497 546/917/546 586/858/586
f 629/918/629 590/863/590 457/679/457
f 549/802/549 630/919/630 588/861/588
f 457/679/457 590/863/590 552/806/552
f 502/735/502 631/920/631 546/797/546
f 551/805/551 632/921/632 502/735/502
f 502/735/502 632/921/632 631/920/631
f 553/807/553 632/921/632 551/805/551
f 590/863/590 633/922/633 591/864/591
f 509/748/509 634/923/634 635/924/635
f 592/865/592 634/923/634 509/748/509
f 592/865/592 590/925/590 634/923/634
f 554/809/554 633/922/633 590/863/590
f 592/866/592 554/809/554 590/863/590
f 554/809/554 591/864/591 633/922/633
f 460/683/460 509/748/509 594/869/594
f 635/924/635 594/869/594 509/748/509
f 589/926/589 596/927/596 472/928/472
f 465/688/465 560/816/560 593/868/593
f 600/876/600 553/871/553 514/753/514
f 600/876/600 636/929/636 553/871/553
f 600/876/600 637/930/637 636/929/636
f 636/929/636 637/930/637 638/931/638
f 471/695/471 515/754/515 639/932/639
f 471/695/471 639/932/639 602/878/602
f 562/818/562 640/933/640 600/876/600
f 598/874/598 601/877/601 641/934/641
f 563/819/563 640/933/640 562/818/562
f 563/819/563 642/935/642 640/933/640
f 601/877/601 605/882/605 643/936/643
f 564/821/564 644/937/644 565/822/565
f 565/822/565 644/937/644 567/824/567
f 521/762/521 604/883/604 645/938/645
f 522/764/522 646/939/646 605/882/605
f 521/762/521 645/938/645 566/823/566
f 566/940/566 646/941/646 522/942/522
f 566/940/566 645/943/645 646/941/646
f 567/824/567 607/944/607 485/825/485
f 572/832/572 647/945/647 609/887/609
f 609/887/609 647/945/647 606/884/606
f 647/945/647 608/886/608 606/884/606
f 568/826/568 608/886/608 479/704/479
f 326/827/326 612/946/612 569/828/569
f 607/885/607 648/947/648 610/888/610
f 572/833/572 611/889/611 649/948/649
f 572/833/572 649/948/649 647/949/647
f 526/770/526 650/950/650 611/889/611
f 573/834/573 651/951/651 574/835/574
f 574/835/574 651/951/651 652/952/652
f 574/835/574 652/952/652 614/893/614
f 614/893/614 653/953/653 615/894/615
f 615/894/615 653/953/653 613/895/613
f 576/899/576 654/954/654 617/898/617
f 616/896/616 617/898/617 655/955/655
f 578/839/578 656/956/656 618/900/618
f 578/839/578 657/957/657 656/956/656
f 582/846/582 616/896/616 655/955/655
f 657/957/657 578/839/578 658/958/658
f 619/902/619 658/958/658 578/839/578
f 619/903/619 620/905/620 659/959/659
f 659/959/659 620/905/620 660/960/660
f 660/960/660 661/961/661 659/959/659
f 623/908/623 660/960/660 620/905/620
f 352/522/352 660/960/660 623/908/623
f 528/774/528 660/960/660 352/522/352
f 528/774/528 661/961/661 660/960/660
f 528/840/528 441/653/441 661/962/661
f 315/775/315 662/963/662 441/653/441
f 314/964/314 663/965/663 315/966/315
f 314/964/314 333/967/333 664/968/664
f 533/969/533 624/970/624 665/971/665
f 335/910/335 625/911/625 624/970/624
f 535/848/535 666/972/666 583/849/583
f 539/790/539 628/914/628 540/791/540
f 543/853/543 585/855/585 539/973/539
f 537/788/537 667/974/667 668/975/668
f 537/788/537 668/975/668 535/786/535
f 535/848/535 668/976/668 666/972/666
f 627/913/627 669/977/669 536/787/536
f 626/912/626 669/977/669 627/913/627
f 536/787/536 667/974/667 537/788/537
f 536/787/536 669/977/669 667/974/667
f 669/978/669 670/979/670 667/980/667
f 667/980/667 670/979/670 668/981/668
f 626/916/626 586/858/586 669/978/669
f 669/978/669 586/858/586 671/982/671
f 669/978/669 671/982/671 670/979/670
f 546/917/546 672/983/672 586/858/586
f 546/917/546 673/984/673 672/983/672
f 588/861/588 630/919/630 589/862/589
f 546/797/546 631/920/631 673/985/673
f 674/986/674 635/924/635 590/925/590
f 634/923/634 590/925/590 635/924/635
f 674/986/674 675/987/675 594/869/594
f 674/986/674 594/869/594 635/924/635
f 675/987/675 595/870/595 594/869/594
f 595/870/595 676/988/676 559/815/559
f 676/988/676 597/873/597 559/815/559
f 636/929/636 638/931/638 677/989/677
f 676/988/676 678/990/678 597/873/597
f 641/991/641 560/992/560 598/993/598
f 678/990/678 599/875/599 597/873/597
f 600/876/600 679/994/679 637/930/637
f 637/930/637 679/994/679 638/931/638
f 679/994/679 677/989/677 638/931/638
f 600/876/600 640/933/640 679/994/679
f 678/990/678 680/995/680 599/875/599
f 680/996/680 564/820/564 599/879/599
f 641/934/641 601/877/601 643/936/643
f 681/997/681 564/821/564 680/998/680
f 681/997/681 682/999/682 564/821/564
f 683/1000/683 642/935/642 563/819/563
f 476/701/476 683/1000/683 563/819/563
f 682/999/682 644/937/644 564/821/564
f 644/937/644 684/1001/684 567/824/567
f 685/1002/685 683/1003/683 476/829/476
f 605/1004/605 646/1005/646 686/1006/686
f 684/1001/684 607/944/607 567/824/567
f 687/1007/687 607/885/607 684/1008/684
f 611/889/611 688/1009/688 649/948/649
f 649/948/649 608/1010/608 647/949/647
f 688/1009/688 608/1010/608 649/948/649
f 611/889/611 689/1011/689 688/1009/688
f 690/1012/690 688/1009/688 689/1011/689
f 690/1012/690 608/1010/608 688/1009/688
f 650/950/650 691/1013/691 611/889/611
f 689/1011/689 611/889/611 691/1013/691
f 651/1014/651 573/891/573 610/888/610
f 653/1015/653 692/1016/692 613/892/613
f 692/1016/692 526/770/526 613/892/613
f 650/950/650 526/770/526 692/1016/692
f 693/1017/693 479/1018/479 608/1010/608
f 653/953/653 614/893/614 652/952/652
f 694/1019/694 612/890/612 327/551/327
f 656/956/656 657/957/657 658/958/658
f 656/956/656 658/958/658 695/1020/695
f 695/1020/695 658/958/658 619/902/619
f 695/1020/695 619/902/619 696/1021/696
f 697/1022/697 582/846/582 655/955/655
f 697/1022/697 698/1023/698 582/846/582
f 619/903/619 659/959/659 696/1024/696
f 441/653/441 659/1025/659 661/962/661
f 699/1026/699 659/1025/659 441/653/441
f 699/1026/699 441/653/441 700/1027/700
f 441/653/441 662/963/662 700/1027/700
f 582/846/582 698/1023/698 495/727/495
f 664/968/664 663/965/663 314/964/314
f 665/971/665 624/970/624 701/1028/701
f 701/1028/701 624/970/624 625/911/625
f 495/727/495 698/1023/698 629/915/629
f 625/911/625 496/850/496 702/1029/702
f 702/1029/702 496/850/496 703/1030/703
f 703/1030/703 496/850/496 704/1031/704
f 583/849/583 704/1031/704 496/850/496
f 583/849/583 705/1032/705 704/1031/704
f 706/1033/706 704/1031/704 705/1032/705
f 666/972/666 707/1034/707 705/1032/705
f 583/849/583 666/972/666 705/1032/705
f 706/1033/706 705/1032/705 708/1035/708
f 708/1035/708 705/1032/705 707/1034/707
f 666/972/666 709/1036/709 707/1034/707
f 709/1036/709 710/1037/710 707/1034/707
f 708/1035/708 707/1034/707 710/1037/710
f 711/1038/711 628/914/628 539/790/539
f 711/1039/711 539/973/539 585/855/585
f 668/976/668 709/1036/709 666/972/666
f 668/976/668 710/1037/710 709/1036/709
f 670/1040/670 710/1037/710 668/976/668
f 670/1041/670 671/1042/671 710/1043/710
f 712/1044/712 585/855/585 499/804/499
f 586/1045/586 713/1046/713 671/1042/671
f 671/1042/671 713/1046/713 714/1047/714
f 714/1047/714 715/1048/715 671/1042/671
f 672/983/672 716/1049/716 586/858/586
f 716/1050/716 713/1046/713 586/1045/586
f 717/1051/717 713/1046/713 716/1050/716
f 717/1051/717 714/1047/714 713/1046/713
f 718/1052/718 589/862/589 630/919/630
f 719/1053/719 672/983/672 673/984/673
f 631/920/631 720/1054/720 673/985/673
f 673/984/673 720/1055/720 719/1053/719
f 721/1056/721 674/986/674 590/925/590
f 631/920/631 632/921/632 720/1054/720
f 722/1057/722 553/1058/553 636/1059/636
f 723/1060/723 724/1061/724 674/986/674
f 674/986/674 724/1061/724 595/870/595
f 674/986/674 595/870/595 675/987/675
f 724/1061/724 725/1062/725 595/870/595
f 723/1060/723 725/1062/725 724/1061/724
f 725/1062/725 676/988/676 595/870/595
f 560/1063/560 726/1064/726 593/1065/593
f 727/1066/727 677/989/677 728/1067/728
f 727/1068/727 729/1069/729 730/1070/730
f 727/1068/727 728/1071/728 729/1069/729
f 729/1069/729 731/1072/731 730/1070/730
f 731/1073/731 732/1074/732 730/1075/730
f 596/872/596 733/1076/733 515/754/515
f 725/1062/725 723/1060/723 734/1077/734
f 725/1062/725 734/1077/734 676/988/676
f 728/1067/728 677/989/677 735/1078/735
f 728/1071/728 735/1079/735 729/1069/729
f 733/1076/733 639/932/639 515/754/515
f 676/988/676 734/1077/734 678/990/678
f 734/1080/734 736/1081/736 737/1082/737
f 678/990/678 737/1083/737 680/995/680
f 734/1077/734 737/1083/737 678/990/678
f 737/1082/737 736/1081/736 738/1084/738
f 680/998/680 738/1084/738 681/997/681
f 737/1085/737 738/1086/738 680/1087/680
f 602/878/602 739/1088/739 603/880/603
f 738/1084/738 736/1081/736 681/997/681
f 640/933/640 642/935/642 679/994/679
f 736/1081/736 740/1089/740 681/997/681
f 740/1089/740 682/999/682 681/997/681
f 603/880/603 741/1090/741 604/881/604
f 644/937/644 682/999/682 684/1001/684
f 643/1091/643 605/1004/605 686/1006/686
f 604/883/604 742/1092/742 645/938/645
f 743/1093/743 607/885/607 687/1007/687
f 476/829/476 569/828/569 685/1002/685
f 743/1093/743 648/947/648 607/885/607
f 744/1094/744 610/888/610 648/947/648
f 650/950/650 690/1012/690 691/1013/691
f 691/1013/691 690/1012/690 689/1011/689
f 610/888/610 745/1095/745 651/1014/651
f 650/950/650 692/1016/692 746/1096/746
f 650/950/650 746/1096/746 690/1012/690
f 692/1016/692 653/1015/653 747/1097/747
f 748/1098/748 749/1099/749 652/952/652
f 652/952/652 749/1099/749 653/953/653
f 479/1018/479 693/1017/693 438/1100/438
f 327/551/327 525/769/525 694/1019/694
f 618/900/618 656/956/656 750/1101/750
f 656/956/656 695/1020/695 751/1102/751
f 695/1020/695 696/1021/696 751/1102/751
f 752/1103/752 697/1022/697 655/955/655
f 752/1103/752 698/1023/698 697/1022/697
f 659/1025/659 699/1026/699 696/1104/696
f 753/1105/753 699/1026/699 754/1106/754
f 699/1026/699 700/1027/700 662/963/662
f 699/1026/699 662/963/662 754/1106/754
f 662/963/662 755/1107/755 754/1106/754
f 662/963/662 315/775/315 755/1107/755
f 755/1108/755 315/966/315 663/965/663
f 333/967/333 665/1109/665 756/1110/756
f 665/971/665 333/1111/333 533/969/533
f 702/1029/702 757/1112/757 625/911/625
f 625/911/625 757/1112/757 701/1028/701
f 702/1029/702 703/1030/703 758/1113/758
f 702/1029/702 759/1114/759 757/1112/757
f 702/1029/702 758/1113/758 759/1114/759
f 758/1113/758 704/1031/704 760/1115/760
f 703/1030/703 704/1031/704 758/1113/758
f 758/1113/758 760/1115/760 759/1114/759
f 760/1115/760 706/1033/706 708/1035/708
f 704/1031/704 706/1033/706 760/1115/760
f 760/1115/760 708/1035/708 759/1114/759
f 708/1116/708 710/1043/710 715/1048/715
f 710/1043/710 671/1042/671 715/1048/715
f 708/1116/708 715/1048/715 759/1117/759
f 629/1118/629 721/1056/721 590/925/590
f 715/1119/715 714/1120/714 761/1121/761
f 761/1121/761 714/1120/714 762/1122/762
f 763/1123/763 764/1124/764 716/1050/716
f 716/1050/716 764/1124/764 717/1051/717
f 550/803/550 765/1125/765 499/804/499
f 672/983/672 719/1053/719 716/1049/716
f 720/1055/720 766/1126/766 719/1053/719
f 674/986/674 721/1056/721 723/1060/723
f 720/1055/720 722/1127/722 766/1126/766
f 632/1128/632 722/1127/722 720/1055/720
f 632/921/632 553/807/553 722/1129/722
f 636/1059/636 767/1130/767 722/1057/722
f 589/926/589 768/1131/768 596/927/596
f 636/1059/636 677/1132/677 769/1133/769
f 727/1068/727 730/1070/730 770/1134/770
f 727/1135/727 771/1136/771 677/1132/677
f 732/1074/732 731/1073/731 772/1137/772
f 726/1064/726 560/1063/560 641/1138/641
f 731/1073/731 773/1139/773 772/1137/772
f 679/994/679 774/1140/774 677/989/677
f 679/994/679 642/935/642 774/1140/774
f 736/1081/736 775/1141/775 740/1089/740
f 740/1089/740 775/1141/775 682/999/682
f 682/999/682 775/1141/775 776/1142/776
f 682/999/682 776/1142/776 684/1001/684
f 642/935/642 683/1000/683 777/1143/777
f 604/881/604 741/1090/741 742/1144/742
f 775/1141/775 778/1145/778 776/1142/776
f 776/1142/776 778/1145/778 684/1001/684
f 643/1091/643 686/1006/686 779/1146/779
f 684/1001/684 778/1145/778 780/1147/780
f 684/1001/684 780/1147/780 687/1148/687
f 645/1149/645 781/1150/781 782/1151/782
f 645/1149/645 782/1151/782 646/1152/646
f 743/1093/743 783/1153/783 648/947/648
f 648/947/648 783/1153/783 744/1094/744
f 744/1094/744 784/1154/784 610/888/610
f 610/888/610 784/1154/784 745/1095/745
f 745/1155/745 748/1098/748 651/951/651
f 651/951/651 748/1098/748 652/952/652
f 747/1097/747 785/1156/785 786/1157/786
f 747/1097/747 786/1157/786 692/1016/692
f 692/1016/692 786/1157/786 746/1096/746
f 653/953/653 749/1099/749 787/1158/787
f 653/953/653 787/1158/787 785/1159/785
f 747/1160/747 653/953/653 785/1159/785
f 788/1161/788 690/1012/690 746/1096/746
f 569/828/569 612/946/612 789/1162/789
f 608/1010/608 690/1012/690 788/1161/788
f 693/1163/693 790/1164/790 438/768/438
f 438/768/438 790/1164/790 525/769/525
f 525/769/525 791/1165/791 694/1019/694
f 617/898/617 654/954/654 655/955/655
f 618/900/618 750/1101/750 576/837/576
f 751/1166/751 696/1104/696 792/1167/792
f 696/1104/696 753/1105/753 792/1167/792
f 696/1104/696 699/1026/699 753/1105/753
f 793/1168/793 698/1023/698 752/1103/752
f 753/1169/753 754/1170/754 794/1171/794
f 793/1168/793 795/1172/795 698/1023/698
f 755/1107/755 794/1173/794 754/1106/754
f 794/1171/794 755/1108/755 796/1174/796
f 663/965/663 796/1174/796 755/1108/755
f 663/965/663 797/1175/797 796/1174/796
f 664/968/664 797/1175/797 663/965/663
f 664/968/664 798/1176/798 797/1175/797
f 664/968/664 333/967/333 798/1176/798
f 756/1110/756 799/1177/799 333/967/333
f 333/967/333 799/1177/799 798/1176/798
f 795/1172/795 629/915/629 698/1023/698
f 665/1109/665 799/1177/799 756/1110/756
f 665/1109/665 800/1178/800 799/1177/799
f 665/1109/665 801/1179/801 800/1178/800
f 665/971/665 701/1028/701 801/1180/801
f 701/1028/701 757/1112/757 801/1180/801
f 757/1112/757 759/1114/759 801/1180/801
f 715/1048/715 801/1181/801 759/1117/759
f 715/1119/715 802/1182/802 801/1183/801
f 715/1119/715 761/1121/761 802/1182/802
f 629/915/629 803/1184/803 721/1185/721
f 549/802/549 587/860/587 804/1186/804
f 802/1182/802 761/1121/761 805/1187/805
f 630/919/630 804/1186/804 718/1052/718
f 549/802/549 804/1186/804 630/919/630
f 761/1121/761 762/1122/762 805/1187/805
f 717/1051/717 806/1188/806 714/1047/714
f 719/1189/719 763/1123/763 716/1050/716
f 766/1190/766 763/1123/763 719/1189/719
f 722/1057/722 767/1130/767 766/1190/766
f 768/1131/768 807/1191/807 596/927/596
f 727/1068/727 770/1134/770 771/1192/771
f 596/927/596 807/1191/807 808/1193/808
f 593/1065/593 726/1064/726 809/1194/809
f 732/1074/732 772/1137/772 810/1195/810
f 810/1195/810 772/1137/772 811/1196/811
f 596/927/596 808/1193/808 733/1197/733
f 639/932/639 733/1076/733 812/1198/812
f 735/1079/735 813/1199/813 729/1069/729
f 602/878/602 639/932/639 739/1088/739
f 735/1079/735 814/1200/814 813/1199/813
f 642/935/642 777/1143/777 774/1140/774
f 775/1141/775 815/1201/815 778/1145/778
f 683/1003/683 816/1202/816 777/1203/777
f 780/1147/780 778/1145/778 687/1148/687
f 687/1007/687 778/1204/778 817/1205/817
f 687/1007/687 817/1205/817 743/1093/743
f 645/1149/645 742/1206/742 781/1150/781
f 683/1003/683 685/1002/685 816/1202/816
f 783/1153/783 817/1205/817 818/1207/818
f 783/1153/783 743/1093/743 817/1205/817
f 817/1205/817 819/1208/819 818/1207/818
f 744/1094/744 819/1208/819 820/1209/820
f 744/1094/744 818/1207/818 819/1208/819
f 783/1153/783 818/1207/818 744/1094/744
f 784/1154/784 819/1208/819 821/1210/821
f 784/1154/784 820/1209/820 819/1208/819
f 744/1094/744 820/1209/820 784/1154/784
f 784/1154/784 821/1210/821 745/1095/745
f 745/1095/745 821/1210/821 822/1211/822
f 745/1095/745 822/1211/822 748/1212/748
f 748/1098/748 823/1213/823 749/1099/749
f 749/1099/749 824/1214/824 787/1158/787
f 749/1099/749 823/1213/823 824/1214/824
f 787/1158/787 824/1214/824 825/1215/825
f 787/1158/787 825/1215/825 785/1159/785
f 785/1156/785 825/1216/825 786/1157/786
f 746/1096/746 786/1157/786 788/1161/788
f 786/1157/786 825/1216/825 788/1161/788
f 788/1161/788 693/1017/693 608/1010/608
f 525/769/525 790/1164/790 826/1217/826
f 525/769/525 826/1217/826 827/1218/827
f 525/769/525 827/1218/827 791/1165/791
f 794/1171/794 796/1174/796 753/1169/753
f 797/1175/797 828/1219/828 796/1174/796
f 797/1175/797 798/1176/798 828/1219/828
f 799/1177/799 828/1219/828 798/1176/798
f 795/1172/795 803/1184/803 629/915/629
f 800/1178/800 801/1179/801 799/1177/799
f 799/1177/799 801/1179/801 828/1219/828
f 829/1220/829 828/1219/828 801/1179/801
f 829/1221/829 801/1183/801 802/1182/802
f 711/1222/711 830/1223/830 628/1224/628
f 830/1225/830 587/860/587 628/914/628
f 802/1226/802 805/1227/805 831/1228/831
f 832/1229/832 805/1187/805 762/1122/762
f 768/1230/768 589/862/589 718/1052/718
f 764/1124/764 806/1188/806 717/1051/717
f 806/1231/806 762/1122/762 714/1120/714
f 766/1190/766 833/1232/833 763/1123/763
f 763/1123/763 833/1232/833 764/1124/764
f 764/1124/764 833/1232/833 834/1233/834
f 834/1233/834 806/1188/806 764/1124/764
f 835/1234/835 806/1188/806 834/1233/834
f 835/1235/835 762/1122/762 806/1231/806
f 765/1236/765 550/1237/550 593/1238/593
f 766/1190/766 767/1130/767 833/1232/833
f 833/1232/833 767/1130/767 769/1133/769
f 833/1232/833 769/1133/769 834/1233/834
f 834/1233/834 769/1133/769 836/1239/836
f 769/1133/769 767/1130/767 636/1059/636
f 677/1132/677 771/1136/771 769/1133/769
f 837/1240/837 734/1080/734 723/1241/723
f 730/1070/730 838/1242/838 770/1134/770
f 730/1075/730 732/1074/732 839/1243/839
f 840/1244/840 841/1245/841 807/1191/807
f 842/1246/842 809/1194/809 843/1247/843
f 593/1065/593 809/1194/809 842/1246/842
f 841/1245/841 808/1193/808 807/1191/807
f 809/1194/809 726/1064/726 843/1247/843
f 732/1074/732 810/1195/810 844/1248/844
f 810/1195/810 811/1196/811 845/1249/845
f 808/1250/808 812/1198/812 733/1076/733
f 846/1251/846 639/932/639 812/1198/812
f 847/1252/847 811/1196/811 772/1137/772
f 848/1253/848 639/932/639 849/1254/849
f 773/1139/773 847/1252/847 772/1137/772
f 677/989/677 814/1255/814 735/1078/735
f 739/1088/739 850/1256/850 603/880/603
f 850/1256/850 741/1090/741 603/880/603
f 777/1143/777 814/1255/814 677/989/677
f 773/1257/773 731/1258/731 729/1259/729
f 813/1260/813 773/1257/773 729/1259/729
f 774/1140/774 777/1143/777 677/989/677
f 851/1261/851 742/1144/742 741/1090/741
f 778/1145/778 815/1201/815 817/1262/817
f 851/1263/851 781/1150/781 742/1206/742
f 852/1264/852 819/1265/819 817/1262/817
f 852/1266/852 821/1210/821 819/1208/819
f 853/1267/853 821/1210/821 852/1266/852
f 822/1211/822 821/1210/821 854/1268/854
f 822/1269/822 854/1270/854 748/1098/748
f 748/1098/748 854/1270/854 823/1213/823
f 853/1267/853 854/1268/854 821/1210/821
f 823/1213/823 854/1270/854 824/1214/824
f 824/1214/824 854/1270/854 825/1215/825
f 789/1162/789 685/1002/685 569/828/569
f 855/1271/855 825/1215/825 854/1270/854
f 856/1272/856 694/1019/694 791/1165/791
f 856/1272/856 612/890/612 694/1019/694
f 856/1273/856 857/1274/857 612/1275/612
f 858/1276/858 856/1272/856 791/1165/791
f 751/1102/751 792/1277/792 656/956/656
f 792/1278/792 753/1279/753 859/1280/859
f 860/1281/860 793/1168/793 752/1103/752
f 753/1169/753 796/1174/796 828/1219/828
f 860/1281/860 795/1172/795 793/1168/793
f 861/1282/861 828/1219/828 829/1220/829
f 711/1039/711 585/855/585 862/1283/862
f 863/1284/863 802/1226/802 831/1228/831
f 864/1285/864 830/1223/830 711/1222/711
f 831/1286/831 805/1287/805 865/1288/865
f 834/1233/834 836/1239/836 835/1234/835
f 835/1235/835 866/1289/866 762/1122/762
f 762/1122/762 866/1289/866 832/1229/832
f 836/1239/836 769/1133/769 771/1136/771
f 836/1239/836 771/1136/771 835/1234/835
f 835/1235/835 771/1290/771 866/1289/866
f 770/1134/770 838/1242/838 771/1192/771
f 768/1131/768 840/1244/840 807/1191/807
f 838/1242/838 730/1070/730 867/1291/867
f 867/1291/867 730/1070/730 839/1292/839
f 844/1248/844 810/1195/810 868/1293/868
f 840/1244/840 869/1294/869 841/1245/841
f 810/1295/810 845/1296/845 870/1297/870
f 870/1297/870 808/1193/808 869/1294/869
f 841/1245/841 869/1294/869 808/1193/808
f 870/1297/870 845/1296/845 871/1298/871
f 870/1297/870 871/1298/871 808/1193/808
f 871/1299/871 812/1198/812 808/1250/808
f 811/1196/811 847/1252/847 845/1249/845
f 845/1300/845 847/1301/847 871/1299/871
f 639/932/639 846/1251/846 849/1254/849
f 734/1080/734 872/1302/872 736/1081/736
f 872/1302/872 775/1141/775 736/1081/736
f 848/1253/848 739/1088/739 639/932/639
f 773/1303/773 873/1304/873 847/1305/847
f 643/1306/643 779/1307/779 874/1308/874
f 852/1264/852 817/1262/817 815/1201/815
f 851/1263/851 875/1309/875 781/1150/781
f 875/1309/875 876/1310/876 781/1150/781
f 876/1310/876 782/1151/782 781/1150/781
f 646/1152/646 782/1151/782 877/1311/877
f 782/1151/782 876/1310/876 877/1311/877
f 646/1152/646 877/1311/877 686/1312/686
f 852/1266/852 878/1313/878 853/1267/853
f 853/1267/853 878/1313/878 854/1268/854
f 878/1314/878 855/1271/855 854/1270/854
f 855/1315/855 788/1161/788 825/1216/825
f 693/1163/693 788/1316/788 879/1317/879
f 789/1162/789 612/946/612 880/1318/880
f 693/1163/693 879/1317/879 790/1164/790
f 790/1164/790 879/1317/879 881/1319/881
f 856/1272/856 858/1276/858 857/1320/857
f 826/1217/826 790/1164/790 881/1319/881
f 791/1165/791 827/1218/827 858/1276/858
f 656/956/656 792/1277/792 750/1101/750
f 859/1321/859 882/1322/882 792/1323/792
f 859/1321/859 883/1324/883 882/1322/882
f 753/1325/753 883/1324/883 859/1321/859
f 883/1324/883 753/1325/753 884/1326/884
f 828/1219/828 884/1327/884 753/1169/753
f 884/1327/884 828/1219/828 861/1282/861
f 861/1328/861 829/1329/829 885/1330/885
f 860/1281/860 803/1184/803 795/1172/795
f 802/1226/802 863/1284/863 829/1329/829
f 721/1185/721 803/1184/803 886/1331/886
f 862/1283/862 585/855/585 887/1332/887
f 587/860/587 830/1225/830 888/1333/888
f 865/1288/865 805/1287/805 889/1334/889
f 805/1287/805 890/1335/890 889/1334/889
f 499/804/499 765/1125/765 712/1044/712
f 805/1287/805 891/1336/891 890/1335/890
f 805/1287/805 892/1337/892 891/1336/891
f 718/1052/718 893/1338/893 768/1230/768
f 832/1339/832 892/1337/892 805/1287/805
f 768/1131/768 893/1340/893 894/1341/894
f 768/1131/768 894/1341/894 895/1342/895
f 832/1229/832 866/1289/866 896/1343/896
f 895/1342/895 840/1244/840 768/1131/768
f 765/1344/765 593/1065/593 842/1246/842
f 838/1242/838 866/1345/866 771/1192/771
f 866/1345/866 838/1242/838 867/1291/867
f 866/1345/866 867/1291/867 896/1346/896
f 844/1248/844 839/1243/839 732/1074/732
f 842/1246/842 843/1247/843 897/1347/897
f 810/1295/810 870/1297/870 868/1348/868
f 840/1244/840 870/1297/870 869/1294/869
f 898/1349/898 870/1297/870 840/1244/840
f 871/1299/871 899/1350/899 812/1198/812
f 812/1198/812 899/1350/899 846/1251/846
f 871/1299/871 900/1351/900 899/1350/899
f 846/1251/846 899/1350/899 849/1254/849
f 641/1138/641 874/1352/874 897/1347/897
f 849/1254/849 899/1350/899 848/1253/848
f 643/1306/643 874/1308/874 641/1353/641
f 871/1299/871 847/1301/847 901/1354/901
f 741/1090/741 850/1256/850 902/1355/902
f 741/1090/741 902/1355/902 851/1261/851
f 872/1302/872 815/1201/815 775/1141/775
f 815/1201/815 903/1356/903 852/1264/852
f 777/1203/777 904/1357/904 814/1358/814
f 851/1263/851 905/1359/905 875/1309/875
f 777/1203/777 816/1202/816 904/1357/904
f 878/1314/878 906/1360/906 855/1271/855
f 685/1002/685 907/1361/907 816/1202/816
f 789/1162/789 907/1361/907 685/1002/685
f 908/1362/908 788/1161/788 855/1315/855
f 908/1363/908 879/1317/879 788/1316/788
f 880/1318/880 909/1364/909 789/1162/789
f 789/1162/789 909/1364/909 910/1365/910
f 612/1275/612 857/1274/857 911/1366/911
f 612/946/612 911/1367/911 880/1318/880
f 883/1324/883 912/1368/912 882/1322/882
f 884/1326/884 912/1368/912 883/1324/883
f 861/1369/861 913/1370/913 884/1326/884
f 861/1328/861 885/1330/885 913/1371/913
f 860/1281/860 914/1372/914 803/1184/803
f 914/1372/914 886/1331/886 803/1184/803
f 831/1228/831 915/1373/915 863/1284/863
f 862/1374/862 916/1375/916 711/1376/711
f 862/1374/862 887/1377/887 916/1375/916
f 917/1378/917 831/1379/831 865/1380/865
f 585/855/585 918/1381/918 887/1332/887
f 585/855/585 712/1044/712 918/1381/918
f 919/1382/919 889/1383/889 890/1384/890
f 920/1385/920 889/1383/889 919/1382/919
f 921/1386/921 890/1335/890 891/1336/891
f 919/1382/919 890/1384/890 921/1387/921
f 837/1240/837 723/1241/723 721/1388/721
f 896/1343/896 922/1389/922 832/1229/832
f 832/1339/832 922/1390/922 892/1337/892
f 892/1337/892 922/1390/922 923/1391/923
f 867/1392/867 922/1390/922 896/1393/896
f 839/1243/839 922/1390/922 867/1392/867
f 839/1243/839 923/1391/923 922/1390/922
f 923/1391/923 839/1243/839 924/1394/924
f 765/1344/765 842/1246/842 897/1347/897
f 844/1248/844 924/1394/924 839/1243/839
f 895/1342/895 898/1349/898 840/1244/840
f 726/1064/726 641/1138/641 843/1247/843
f 897/1347/897 843/1247/843 641/1138/641
f 899/1350/899 900/1351/900 848/1253/848
f 871/1299/871 901/1354/901 900/1351/900
f 848/1253/848 900/1351/900 925/1395/925
f 848/1253/848 925/1395/925 739/1088/739
f 926/1396/926 874/1397/874 927/1398/927
f 874/1397/874 779/1146/779 927/1398/927
f 927/1398/927 779/1146/779 928/1399/928
f 929/1400/929 928/1399/928 779/1146/779
f 930/1401/930 813/1402/813 814/1403/814
f 931/1404/931 875/1309/875 905/1359/905
f 932/1405/932 779/1146/779 686/1006/686
f 929/1400/929 779/1146/779 932/1405/932
f 931/1404/931 933/1406/933 875/1309/875
f 933/1406/933 876/1310/876 875/1309/875
f 934/1407/934 686/1408/686 935/1409/935
f 932/1410/932 686/1408/686 934/1407/934
f 903/1356/903 936/1411/936 852/1264/852
f 930/1401/930 814/1403/814 904/1412/904
f 935/1413/935 877/1311/877 876/1310/876
f 935/1413/935 686/1312/686 877/1311/877
f 936/1411/936 878/1414/878 852/1264/852
f 906/1415/906 908/1362/908 855/1315/855
f 907/1361/907 937/1416/937 816/1202/816
f 907/1361/907 789/1162/789 910/1365/910
f 909/1364/909 880/1318/880 911/1367/911
f 911/1367/911 910/1365/910 909/1364/909
f 938/1417/938 939/1418/939 940/1419/940
f 941/1420/941 940/1419/940 939/1418/939
f 885/1330/885 829/1329/829 863/1284/863
f 885/1330/885 863/1284/863 942/1421/942
f 863/1284/863 915/1373/915 942/1421/942
f 831/1379/831 917/1378/917 915/1422/915
f 864/1423/864 711/1376/711 943/1424/943
f 943/1424/943 711/1376/711 916/1375/916
f 944/1425/944 916/1375/916 887/1377/887
f 865/1426/865 889/1383/889 945/1427/945
f 945/1427/945 889/1383/889 946/1428/946
f 893/1338/893 718/1052/718 804/1186/804
f 889/1383/889 920/1385/920 947/1429/947
f 889/1383/889 947/1429/947 946/1428/946
f 946/1428/946 947/1429/947 948/1430/948
f 949/1431/949 950/1432/950 893/1340/893
f 919/1382/919 951/1433/951 920/1385/920
f 920/1385/920 951/1433/951 947/1429/947
f 947/1429/947 951/1433/951 952/1434/952
f 947/1429/947 952/1434/952 948/1430/948
f 919/1382/919 921/1387/921 953/1435/953
f 919/1382/919 953/1435/953 951/1433/951
f 893/1340/893 950/1432/950 894/1341/894
f 891/1336/891 954/1436/954 921/1386/921
f 921/1387/921 954/1437/954 953/1435/953
f 892/1337/892 924/1394/924 891/1336/891
f 892/1337/892 923/1391/923 924/1394/924
f 891/1336/891 924/1394/924 868/1293/868
f 891/1336/891 868/1293/868 954/1436/954
f 895/1342/895 894/1341/894 955/1438/955
f 924/1394/924 844/1248/844 868/1293/868
f 895/1342/895 955/1438/955 956/1439/956
f 957/1440/957 868/1348/868 870/1297/870
f 898/1349/898 895/1342/895 958/1441/958
f 958/1441/958 895/1342/895 956/1439/956
f 957/1440/957 870/1297/870 958/1441/958
f 958/1441/958 870/1297/870 898/1349/898
f 837/1240/837 959/1442/959 734/1080/734
f 959/1442/959 872/1302/872 734/1080/734
f 900/1351/900 960/1443/960 925/1395/925
f 739/1088/739 925/1395/925 850/1256/850
f 901/1354/901 960/1443/960 900/1351/900
f 925/1395/925 960/1443/960 850/1256/850
f 850/1256/850 960/1443/960 961/1444/961
f 959/1442/959 815/1201/815 872/1302/872
f 850/1256/850 961/1444/961 902/1355/902
f 905/1445/905 851/1261/851 902/1355/902
f 927/1398/927 928/1399/928 926/1396/926
f 932/1405/932 962/1446/962 929/1400/929
f 932/1410/932 963/1447/963 962/1448/962
f 847/1305/847 873/1304/873 964/1449/964
f 965/1450/965 934/1407/934 935/1409/935
f 966/1451/966 967/1452/967 935/1453/935
f 934/1407/934 963/1447/963 932/1410/932
f 965/1450/965 963/1447/963 934/1407/934
f 935/1453/935 967/1452/967 968/1454/968
f 935/1409/935 968/1455/968 965/1450/965
f 965/1450/965 968/1455/968 963/1447/963
f 813/1402/813 969/1456/969 773/1303/773
f 773/1303/773 969/1456/969 873/1304/873
f 816/1202/816 970/1457/970 904/1357/904
f 971/1458/971 906/1360/906 878/1314/878
f 816/1202/816 972/1459/972 970/1457/970
f 937/1416/937 972/1459/972 816/1202/816
f 907/1361/907 973/1460/973 937/1416/937
f 907/1361/907 910/1365/910 973/1460/973
f 938/1417/938 974/1461/974 975/1462/975
f 938/1417/938 976/1463/976 939/1418/939
f 938/1417/938 940/1419/940 974/1461/974
f 940/1419/940 977/1464/977 974/1461/974
f 976/1463/976 978/1465/978 939/1418/939
f 978/1465/978 941/1420/941 939/1418/939
f 940/1419/940 941/1420/941 979/1466/979
f 940/1419/940 979/1466/979 977/1464/977
f 941/1420/941 978/1465/978 980/1467/980
f 978/1465/978 981/1468/981 980/1467/980
f 941/1420/941 980/1467/980 979/1466/979
f 884/1326/884 913/1370/913 912/1368/912
f 913/1371/913 885/1330/885 982/1469/982
f 885/1330/885 942/1421/942 983/1470/983
f 914/1471/914 984/1472/984 886/1473/886
f 917/1474/917 865/1475/865 945/1476/945
f 916/1375/916 944/1425/944 985/1477/985
f 944/1425/944 887/1377/887 986/1478/986
f 987/1479/987 830/1223/830 864/1285/864
f 887/1377/887 918/1480/918 986/1478/986
f 986/1478/986 918/1480/918 988/1481/988
f 918/1381/918 989/1482/989 988/1483/988
f 587/860/587 990/1484/990 804/1186/804
f 918/1381/918 712/1044/712 989/1482/989
f 721/1388/721 886/1473/886 991/1485/991
f 804/1186/804 992/1486/992 893/1338/893
f 946/1428/946 949/1431/949 992/1487/992
f 893/1338/893 992/1486/992 949/1488/949
f 946/1428/946 950/1432/950 949/1431/949
f 712/1044/712 765/1125/765 993/1489/993
f 946/1428/946 948/1430/948 950/1432/950
f 952/1434/952 994/1490/994 948/1430/948
f 952/1434/952 951/1433/951 994/1490/994
f 950/1432/950 994/1490/994 894/1341/894
f 948/1430/948 994/1490/994 950/1432/950
f 951/1433/951 953/1435/953 995/1491/995
f 951/1433/951 995/1491/995 996/1492/996
f 951/1433/951 996/1492/996 997/1493/997
f 894/1341/894 994/1490/994 997/1493/997
f 951/1433/951 997/1493/997 994/1490/994
f 765/1344/765 998/1494/998 993/1495/993
f 868/1348/868 953/1435/953 954/1437/954
f 953/1435/953 868/1348/868 957/1440/957
f 953/1435/953 957/1440/957 995/1491/995
f 894/1341/894 999/1496/999 955/1438/955
f 894/1341/894 996/1492/996 999/1496/999
f 894/1341/894 997/1493/997 996/1492/996
f 765/1344/765 897/1347/897 998/1494/998
f 957/1440/957 958/1441/958 1000/1497/1000
f 956/1439/956 1000/1497/1000 958/1441/958
f 955/1438/955 1000/1497/1000 956/1439/956
f 955/1438/955 999/1496/999 1000/1497/1000
f 897/1347/897 1001/1498/1001 1002/1499/1002
f 874/1352/874 1003/1500/1003 897/1347/897
f 874/1352/874 1004/1501/1004 1003/1500/1003
f 815/1201/815 959/1442/959 1005/1502/1005
f 961/1444/961 1006/1503/1006 902/1355/902
f 961/1444/961 960/1443/960 1006/1503/1006
f 960/1443/960 1007/1504/1007 1006/1503/1006
f 902/1355/902 1006/1503/1006 1007/1504/1007
f 902/1355/902 1007/1504/1007 1008/1505/1008
f 902/1506/902 1009/1507/1009 905/1359/905
f 902/1506/902 1008/1508/1008 1009/1507/1009
f 928/1399/928 1010/1509/1010 1011/1510/1011
f 929/1400/929 1010/1509/1010 928/1399/928
f 926/1396/926 928/1399/928 1011/1510/1011
f 905/1359/905 1009/1507/1009 1012/1511/1012
f 929/1400/929 962/1446/962 1010/1509/1010
f 931/1404/931 905/1359/905 1012/1511/1012
f 903/1512/903 1013/1513/1013 936/1514/936
f 876/1310/876 1014/1515/1014 935/1413/935
f 876/1310/876 933/1406/933 1014/1515/1014
f 966/1451/966 1014/1516/1014 1015/1517/1015
f 935/1413/935 1014/1515/1014 966/1518/966
f 966/1451/966 1015/1517/1015 967/1452/967
f 968/1454/968 1015/1517/1015 1016/1519/1016
f 967/1452/967 1015/1517/1015 968/1454/968
f 963/1447/963 968/1455/968 962/1448/962
f 847/1305/847 964/1449/964 901/1520/901
f 962/1448/962 968/1455/968 1017/1521/1017
f 968/1454/968 1016/1519/1016 1017/1522/1017
f 930/1401/930 969/1456/969 813/1402/813
f 904/1412/904 1018/1523/1018 930/1401/930
f 906/1415/906 1019/1524/1019 908/1362/908
f 973/1460/973 1020/1525/1020 937/1416/937
f 937/1416/937 1020/1525/1020 972/1459/972
f 858/1276/858 1021/1526/1021 857/1320/857
f 857/1274/857 1021/1527/1021 911/1366/911
f 881/1319/881 1022/1528/1022 826/1217/826
f 1023/1529/1023 1024/1530/1024 1025/1531/1025
f 938/1417/938 1024/1530/1024 976/1463/976
f 975/1462/975 1024/1530/1024 938/1417/938
f 975/1462/975 974/1461/974 1024/1530/1024
f 1024/1530/1024 974/1461/974 1025/1531/1025
f 974/1461/974 1026/1532/1026 1025/1531/1025
f 974/1461/974 977/1464/977 1026/1532/1026
f 979/1466/979 1027/1533/1027 977/1464/977
f 981/1468/981 1028/1534/1028 980/1467/980
f 980/1467/980 1028/1534/1028 979/1466/979
f 1029/1535/1029 1030/1536/1030 1031/1537/1031
f 792/1277/792 1032/1538/1032 750/1101/750
f 882/1322/882 1033/1539/1033 792/1323/792
f 912/1368/912 913/1370/913 882/1322/882
f 983/1470/983 1034/1540/1034 982/1469/982
f 983/1470/983 982/1469/982 885/1330/885
f 1035/1541/1035 915/1542/915 917/1474/917
f 942/1543/942 915/1544/915 1035/1545/1035
f 1036/1546/1036 1037/1547/1037 1038/1548/1038
f 1037/1547/1037 1039/1549/1039 1038/1548/1038
f 914/1471/914 1040/1550/1040 984/1472/984
f 1037/1547/1037 985/1477/985 1039/1549/1039
f 1039/1549/1039 1041/1551/1041 1038/1548/1038
f 1039/1549/1039 985/1477/985 1041/1551/1041
f 916/1375/916 1042/1552/1042 943/1424/943
f 916/1375/916 985/1477/985 1042/1552/1042
f 944/1425/944 1041/1551/1041 985/1477/985
f 944/1425/944 1043/1553/1043 1041/1551/1041
f 944/1425/944 986/1478/986 1043/1553/1043
f 986/1478/986 988/1481/988 1043/1553/1043
f 988/1481/988 1044/1554/1044 1043/1553/1043
f 988/1481/988 989/1555/989 1044/1554/1044
f 830/1225/830 987/1556/987 888/1333/888
f 989/1482/989 1045/1557/1045 1044/1558/1044
f 587/860/587 888/1333/888 990/1484/990
f 945/1559/945 1046/1560/1046 1047/1561/1047
f 804/1186/804 990/1484/990 1048/1562/1048
f 946/1428/946 1046/1563/1046 945/1427/945
f 804/1186/804 1046/1560/1046 1049/1564/1049
f 992/1486/992 1046/1560/1046 946/1565/946
f 992/1486/992 1049/1564/1049 1046/1560/1046
f 804/1186/804 1049/1564/1049 992/1486/992
f 712/1044/712 993/1489/993 989/1482/989
f 993/1489/993 998/1566/998 989/1482/989
f 991/1485/991 837/1240/837 721/1388/721
f 995/1491/995 1000/1497/1000 996/1492/996
f 995/1491/995 957/1440/957 1000/1497/1000
f 996/1492/996 1000/1497/1000 999/1496/999
f 897/1347/897 1050/1567/1050 998/1494/998
f 897/1347/897 1002/1499/1002 1050/1567/1050
f 1002/1499/1002 1001/1498/1001 1050/1567/1050
f 1001/1498/1001 897/1347/897 1051/1568/1051
f 897/1347/897 1004/1501/1004 1051/1568/1051
f 897/1347/897 1003/1500/1003 1004/1501/1004
f 926/1569/926 1004/1570/1004 874/1571/874
f 1052/1572/1052 1004/1573/1004 926/1574/926
f 1005/1502/1005 903/1356/903 815/1201/815
f 1011/1575/1011 1053/1576/1053 1052/1572/1052
f 926/1574/926 1011/1575/1011 1052/1572/1052
f 1008/1508/1008 1007/1577/1007 1054/1578/1054
f 1008/1508/1008 1054/1578/1054 1009/1507/1009
f 1011/1575/1011 1055/1579/1055 1053/1576/1053
f 960/1443/960 901/1354/901 1007/1504/1007
f 1009/1507/1009 1054/1578/1054 1056/1580/1056
f 1010/1509/1010 1055/1581/1055 1011/1510/1011
f 1009/1507/1009 1056/1580/1056 1012/1511/1012
f 1010/1509/1010 962/1446/962 1055/1581/1055
f 933/1406/933 1057/1582/1057 1014/1515/1014
f 1014/1516/1014 1057/1583/1057 1015/1517/1015
f 901/1520/901 964/1449/964 1058/1584/1058
f 1016/1519/1016 1059/1585/1059 1017/1522/1017
f 1017/1586/1017 1059/1587/1059 1060/1588/1060
f 1060/1589/1060 1061/1590/1061 1017/1521/1017
f 1059/1587/1059 1062/1591/1062 1060/1588/1060
f 1062/1591/1062 1061/1592/1061 1060/1588/1060
f 1059/1587/1059 1063/1593/1063 1062/1591/1062
f 1064/1594/1064 1061/1592/1061 1062/1591/1062
f 906/1595/906 971/1596/971 1019/1597/1019
f 904/1357/904 970/1457/970 1018/1598/1018
f 1063/1593/1063 1065/1599/1065 1062/1591/1062
f 1062/1591/1062 1065/1599/1065 1064/1594/1064
f 1065/1599/1065 1066/1600/1066 1064/1594/1064
f 1065/1599/1065 1067/1601/1067 1066/1600/1066
f 972/1459/972 1020/1525/1020 970/1457/970
f 1068/1602/1068 879/1317/879 908/1363/908
f 1069/1603/1069 1066/1604/1066 1067/1605/1067
f 1070/1606/1070 910/1365/910 911/1367/911
f 1021/1526/1021 858/1276/858 827/1218/827
f 1071/1607/1071 1072/1608/1072 1023/1529/1023
f 1071/1607/1071 1023/1529/1023 1025/1531/1025
f 1072/1608/1072 1024/1530/1024 1023/1529/1023
f 1072/1608/1072 976/1463/976 1024/1530/1024
f 1073/1609/1073 1028/1610/1028 981/1611/981
f 1028/1610/1028 1074/1612/1074 979/1613/979
f 1027/1533/1027 979/1466/979 1074/1614/1074
f 1075/1615/1075 1076/1616/1076 1077/1617/1077
f 1076/1616/1076 1031/1537/1031 1077/1617/1077
f 1077/1617/1077 1031/1537/1031 1078/1618/1078
f 1078/1618/1078 1031/1537/1031 1030/1536/1030
f 1079/1619/1079 1029/1535/1029 1076/1616/1076
f 1076/1616/1076 1029/1535/1029 1031/1537/1031
f 1080/1620/1080 1029/1535/1029 1079/1619/1079
f 1029/1535/1029 1080/1620/1080 1081/1621/1081
f 1029/1535/1029 1081/1621/1081 1030/1536/1030
f 1082/1622/1082 1081/1621/1081 1080/1620/1080
f 1080/1620/1080 1083/1623/1083 1082/1622/1082
f 1030/1536/1030 1081/1621/1081 1082/1622/1082
f 1084/1624/1084 1082/1622/1082 1083/1623/1083
f 1085/1625/1085 1082/1622/1082 1084/1624/1084
f 1086/1626/1086 1087/1627/1087 1088/1628/1088
f 655/955/655 654/954/654 1089/1629/1089
f 1090/1630/1090 913/1371/913 1091/1631/1091
f 1087/1627/1087 1092/1632/1092 1088/1628/1088
f 982/1469/982 1091/1631/1091 913/1371/913
f 982/1469/982 1034/1540/1034 1091/1631/1091
f 1092/1632/1092 1093/1633/1093 1088/1628/1088
f 1034/1634/1034 983/1635/983 1094/1636/1094
f 1092/1632/1092 1095/1637/1095 1093/1633/1093
f 1094/1638/1094 983/1470/983 942/1421/942
f 1094/1636/1094 942/1639/942 1096/1640/1096
f 942/1639/942 1097/1641/1097 1096/1640/1096
f 1097/1642/1097 1035/1643/1035 1098/1644/1098
f 1098/1644/1098 1035/1643/1035 1099/1645/1099
f 1095/1637/1095 1100/1646/1100 1101/1647/1101
f 1095/1637/1095 1101/1647/1101 1093/1633/1093
f 1035/1643/1035 1097/1642/1097 942/1648/942
f 1093/1633/1093 1101/1647/1101 1102/1649/1102
f 1103/1650/1103 1101/1647/1101 1100/1646/1100
f 917/1474/917 1104/1651/1104 1035/1541/1035
f 1103/1650/1103 1105/1652/1105 1101/1647/1101
f 1102/1649/1102 1101/1647/1101 1105/1652/1105
f 1036/1653/1036 1105/1652/1105 1103/1650/1103
f 1102/1649/1102 1105/1652/1105 1036/1653/1036
f 1106/1654/1106 1103/1650/1103 1107/1655/1107
f 1106/1656/1106 1037/1547/1037 1036/1546/1036
f 1106/1656/1106 1036/1546/1036 1103/1657/1103
f 1036/1546/1036 1038/1548/1038 1102/1658/1102
f 1106/1656/1106 985/1477/985 1037/1547/1037
f 1108/1659/1108 985/1477/985 1106/1656/1106
f 1040/1550/1040 1109/1660/1109 886/1473/886
f 1040/1550/1040 886/1473/886 984/1472/984
f 945/1661/945 1047/1662/1047 1110/1663/1110
f 1042/1552/1042 985/1477/985 1108/1659/1108
f 1108/1659/1108 1111/1664/1111 1042/1552/1042
f 1111/1664/1111 943/1424/943 1042/1552/1042
f 1109/1660/1109 991/1485/991 886/1473/886
f 1112/1665/1112 943/1424/943 1113/1666/1113
f 1113/1666/1113 943/1424/943 1111/1664/1111
f 1112/1665/1112 1114/1667/1114 943/1424/943
f 1114/1667/1114 864/1423/864 943/1424/943
f 1115/1668/1115 987/1556/987 1116/1669/1116
f 1114/1667/1114 987/1670/987 864/1423/864
f 1116/1671/1116 987/1670/987 1114/1667/1114
f 1043/1553/1043 1044/1554/1044 1117/1672/1117
f 888/1333/888 1115/1668/1115 1118/1673/1118
f 1119/1674/1119 1118/1673/1118 1115/1668/1115
f 987/1556/987 1115/1668/1115 888/1333/888
f 1044/1554/1044 1045/1675/1045 1117/1672/1117
f 990/1484/990 1119/1674/1119 1048/1562/1048
f 1048/1562/1048 1119/1674/1119 1047/1561/1047
f 888/1333/888 1119/1674/1119 990/1484/990
f 888/1333/888 1118/1673/1118 1119/1674/1119
f 1117/1672/1117 1045/1675/1045 1120/1676/1120
f 1120/1677/1120 1045/1557/1045 989/1482/989
f 1048/1562/1048 1046/1560/1046 804/1186/804
f 1048/1562/1048 1047/1561/1047 1046/1560/1046
f 1120/1677/1120 989/1482/989 1121/1678/1121
f 989/1482/989 998/1566/998 1122/1679/1122
f 1122/1679/1122 998/1566/998 1123/1680/1123
f 1050/1567/1050 1001/1498/1001 1124/1681/1124
f 837/1240/837 1125/1682/1125 959/1442/959
f 1126/1683/1126 1004/1573/1004 1052/1572/1052
f 1126/1683/1126 1052/1572/1052 1127/1684/1127
f 1127/1684/1127 1052/1572/1052 1055/1579/1055
f 1052/1572/1052 1053/1576/1053 1055/1579/1055
f 1056/1580/1056 1054/1578/1054 1128/1685/1128
f 1056/1580/1056 1129/1686/1129 1012/1511/1012
f 1128/1685/1128 1129/1686/1129 1056/1580/1056
f 1012/1511/1012 1129/1686/1129 1128/1685/1128
f 1128/1685/1128 1130/1687/1130 1012/1511/1012
f 1130/1687/1130 1131/1688/1131 1012/1511/1012
f 1131/1688/1131 931/1404/931 1012/1511/1012
f 1007/1689/1007 901/1690/901 1054/1691/1054
f 1131/1688/1131 1132/1692/1132 931/1404/931
f 1132/1692/1132 933/1406/933 931/1404/931
f 1132/1692/1132 1057/1582/1057 933/1406/933
f 1133/1693/1133 936/1514/936 1013/1513/1013
f 901/1690/901 1134/1694/1134 1135/1695/1135
f 962/1448/962 1017/1521/1017 1061/1590/1061
f 901/1690/901 1058/1696/1058 1134/1694/1134
f 971/1697/971 878/1698/878 936/1699/936
f 1016/1700/1016 1136/1701/1136 1059/1702/1059
f 1136/1701/1136 1063/1703/1063 1059/1702/1059
f 969/1456/969 1137/1704/1137 873/1304/873
f 873/1304/873 1137/1704/1137 1138/1705/1138
f 1138/1705/1138 964/1449/964 873/1304/873
f 1139/1706/1139 964/1449/964 1138/1705/1138
f 1136/1701/1136 1067/1707/1067 1063/1703/1063
f 1140/1708/1140 1067/1707/1067 1136/1701/1136
f 1063/1593/1063 1067/1601/1067 1065/1599/1065
f 1064/1594/1064 1066/1600/1066 1141/1709/1141
f 970/1457/970 1142/1710/1142 1018/1598/1018
f 1142/1711/1142 1143/1712/1143 1018/1523/1018
f 1019/1713/1019 1068/1602/1068 908/1363/908
f 1144/1714/1144 970/1457/970 1020/1525/1020
f 1145/1715/1145 970/1457/970 1144/1714/1144
f 1145/1715/1145 1142/1710/1142 970/1457/970
f 1069/1603/1069 1067/1605/1067 1140/1716/1140
f 1069/1603/1069 1140/1716/1140 1146/1717/1146
f 1069/1603/1069 1141/1718/1141 1066/1604/1066
f 1146/1717/1146 1147/1719/1147 1069/1603/1069
f 1147/1719/1147 1148/1720/1148 1069/1603/1069
f 1069/1603/1069 1026/1532/1026 1141/1718/1141
f 1069/1603/1069 1148/1720/1148 1026/1532/1026
f 1147/1719/1147 1072/1608/1072 1148/1720/1148
f 1148/1720/1148 1072/1608/1072 1149/1721/1149
f 1148/1720/1148 1149/1721/1149 1026/1532/1026
f 1149/1721/1149 1072/1608/1072 1071/1607/1071
f 1071/1607/1071 1026/1532/1026 1149/1721/1149
f 1071/1607/1071 1025/1531/1025 1026/1532/1026
f 1026/1532/1026 977/1464/977 1027/1533/1027
f 1027/1533/1027 1074/1614/1074 1150/1722/1150
f 1074/1612/1074 1028/1610/1028 1150/1723/1150
f 1077/1617/1077 1078/1618/1078 1151/1724/1151
f 1075/1615/1075 1079/1619/1079 1076/1616/1076
f 1080/1620/1080 1152/1725/1152 1083/1623/1083
f 1030/1536/1030 1082/1622/1082 1085/1625/1085
f 1085/1625/1085 1084/1624/1084 1153/1726/1153
f 1083/1623/1083 1154/1727/1154 1084/1624/1084
f 1154/1727/1154 1155/1728/1155 1084/1624/1084
f 1084/1624/1084 1155/1728/1155 1153/1726/1153
f 1155/1728/1155 1154/1727/1154 1156/1729/1156
f 1155/1728/1155 1156/1729/1156 1153/1726/1153
f 1156/1729/1156 1157/1730/1157 1153/1726/1153
f 1156/1729/1156 1158/1731/1158 1157/1730/1157
f 1158/1731/1158 1159/1732/1159 1157/1730/1157
f 1158/1733/1158 1160/1734/1160 1159/1735/1159
f 1158/1736/1158 1161/1737/1161 1160/1738/1160
f 1161/1737/1161 1162/1739/1162 1160/1738/1160
f 1160/1738/1160 1162/1739/1162 1159/1740/1159
f 1161/1737/1161 1086/1626/1086 1162/1739/1162
f 1086/1626/1086 1163/1741/1163 1162/1739/1162
f 1161/1737/1161 1164/1742/1164 1086/1626/1086
f 1086/1626/1086 1088/1628/1088 1163/1741/1163
f 576/837/576 1165/1743/1165 654/1744/654
f 1086/1626/1086 1164/1742/1164 1087/1627/1087
f 882/1322/882 913/1370/913 1033/1539/1033
f 1087/1627/1087 1164/1742/1164 1092/1632/1092
f 1088/1628/1088 1093/1633/1093 1102/1649/1102
f 1094/1636/1094 1096/1640/1096 1034/1634/1034
f 1097/1642/1097 1034/1745/1034 1096/1746/1096
f 1098/1644/1098 1034/1745/1034 1097/1642/1097
f 1098/1644/1098 1166/1747/1166 1034/1745/1034
f 1098/1644/1098 1099/1645/1099 1166/1747/1166
f 1164/1742/1164 1095/1637/1095 1092/1632/1092
f 1164/1742/1164 1167/1748/1167 1095/1637/1095
f 1099/1749/1099 1035/1541/1035 1104/1651/1104
f 1099/1749/1099 1104/1651/1104 1168/1750/1168
f 1095/1637/1095 1167/1748/1167 1100/1646/1100
f 1168/1750/1168 1104/1651/1104 1169/1751/1169
f 917/1474/917 1169/1751/1169 1104/1651/1104
f 1100/1646/1100 1167/1748/1167 1103/1650/1103
f 1169/1751/1169 917/1474/917 945/1476/945
f 1102/1658/1102 1038/1548/1038 1041/1551/1041
f 1107/1752/1107 1108/1659/1108 1106/1656/1106
f 1047/1662/1047 1119/1753/1119 1110/1663/1110
f 1111/1664/1111 1170/1754/1170 1171/1755/1171
f 1108/1659/1108 1170/1754/1170 1111/1664/1111
f 1172/1756/1172 1173/1757/1173 1174/1758/1174
f 1173/1757/1173 1112/1665/1112 1174/1758/1174
f 1174/1758/1174 1112/1665/1112 1175/1759/1175
f 1113/1666/1113 1175/1759/1175 1112/1665/1112
f 1171/1755/1171 1113/1666/1113 1111/1664/1111
f 1171/1755/1171 1175/1759/1175 1113/1666/1113
f 1176/1760/1176 1114/1667/1114 1112/1665/1112
f 1173/1757/1173 1176/1760/1176 1112/1665/1112
f 1172/1756/1172 1176/1760/1176 1173/1757/1173
f 1172/1756/1172 1114/1667/1114 1176/1760/1176
f 1115/1761/1115 1116/1671/1116 1172/1756/1172
f 1172/1756/1172 1116/1671/1116 1114/1667/1114
f 1043/1553/1043 1117/1672/1117 1177/1762/1177
f 1117/1763/1117 1120/1677/1120 1177/1764/1177
f 1120/1677/1120 1121/1678/1121 1177/1764/1177
f 1121/1678/1121 989/1482/989 1122/1679/1122
f 998/1494/998 1050/1567/1050 1123/1765/1123
f 1001/1498/1001 1178/1766/1178 1124/1681/1124
f 1001/1498/1001 1051/1568/1051 1178/1766/1178
f 1051/1568/1051 1004/1501/1004 1178/1766/1178
f 1179/1767/1179 1005/1768/1005 959/1769/959
f 1178/1766/1178 1004/1501/1004 1180/1770/1180
f 1180/1771/1180 1004/1772/1004 1181/1773/1181
f 1181/1774/1181 1126/1683/1126 1182/1775/1182
f 1181/1774/1181 1004/1573/1004 1126/1683/1126
f 1179/1767/1179 903/1512/903 1005/1768/1005
f 1126/1683/1126 1055/1579/1055 1182/1775/1182
f 1126/1683/1126 1127/1684/1127 1055/1579/1055
f 1130/1687/1130 1183/1776/1183 1131/1688/1131
f 1128/1685/1128 1183/1776/1183 1130/1687/1130
f 1183/1776/1183 1184/1777/1184 1131/1688/1131
f 1131/1688/1131 1185/1778/1185 1132/1692/1132
f 1184/1777/1184 1185/1778/1185 1131/1688/1131
f 901/1690/901 1128/1779/1128 1054/1691/1054
f 1183/1776/1183 1186/1780/1186 1184/1777/1184
f 1184/1777/1184 1186/1780/1186 1185/1778/1185
f 1185/1778/1185 1186/1780/1186 1187/1781/1187
f 1185/1778/1185 1187/1781/1187 1132/1692/1132
f 1132/1692/1132 1187/1781/1187 1057/1582/1057
f 1057/1583/1057 1187/1782/1187 1188/1783/1188
f 1188/1783/1188 1015/1517/1015 1057/1583/1057
f 1188/1783/1188 1189/1784/1189 1015/1517/1015
f 1015/1517/1015 1189/1784/1189 1016/1519/1016
f 1189/1784/1189 1190/1785/1190 1016/1519/1016
f 901/1690/901 1135/1695/1135 1128/1779/1128
f 1190/1786/1190 1191/1787/1191 1016/1788/1016
f 1133/1789/1133 971/1790/971 936/1791/936
f 1016/1788/1016 1191/1787/1191 1136/1792/1136
f 1064/1594/1064 1141/1709/1141 1061/1592/1061
f 1139/1706/1139 1192/1793/1192 964/1449/964
f 1192/1793/1192 1058/1584/1058 964/1449/964
f 969/1456/969 1193/1794/1193 1137/1704/1137
f 1137/1704/1137 1193/1794/1193 1138/1705/1138
f 930/1401/930 1194/1795/1194 969/1456/969
f 1018/1523/1018 1195/1796/1195 930/1401/930
f 1136/1701/1136 1196/1797/1196 1140/1708/1140
f 1142/1711/1142 1145/1798/1145 1143/1712/1143
f 1145/1798/1145 1018/1523/1018 1143/1712/1143
f 1018/1523/1018 1145/1798/1145 1195/1796/1195
f 1197/1799/1197 1145/1715/1145 1144/1714/1144
f 1140/1716/1140 1147/1719/1147 1146/1717/1146
f 1021/1527/1021 1070/1800/1070 911/1366/911
f 827/1218/827 826/1217/826 1198/1801/1198
f 1073/1609/1073 1199/1802/1199 1028/1610/1028
f 1028/1610/1028 1199/1802/1199 1150/1723/1150
f 1077/1617/1077 1200/1803/1200 1075/1615/1075
f 1075/1615/1075 1201/1804/1201 1079/1619/1079
f 1079/1619/1079 1201/1804/1201 1080/1620/1080
f 1201/1804/1201 1152/1725/1152 1080/1620/1080
f 1152/1725/1152 1154/1727/1154 1083/1623/1083
f 1153/1726/1153 1202/1805/1202 1085/1625/1085
f 1154/1727/1154 1203/1806/1203 1156/1729/1156
f 1156/1729/1156 1203/1806/1203 1158/1731/1158
f 1157/1730/1157 1163/1807/1163 1153/1726/1153
f 1157/1808/1157 1159/1809/1159 1163/1810/1163
f 1159/1809/1159 1162/1811/1162 1163/1810/1163
f 1161/1737/1161 1204/1812/1204 1164/1742/1164
f 1163/1741/1163 1088/1628/1088 1205/1813/1205
f 792/1323/792 1033/1539/1033 1032/1814/1032
f 1204/1812/1204 1167/1748/1167 1164/1742/1164
f 1168/1815/1168 1206/1816/1206 1099/1645/1099
f 1168/1750/1168 1169/1751/1169 1207/1817/1207
f 1207/1817/1207 1169/1751/1169 1208/1818/1208
f 1110/1819/1110 1169/1751/1169 945/1476/945
f 1169/1820/1169 1110/1821/1110 1208/1822/1208
f 1167/1748/1167 1107/1655/1107 1103/1650/1103
f 914/1372/914 860/1281/860 1040/1823/1040
f 1107/1752/1107 1209/1824/1209 1108/1659/1108
f 1210/1825/1210 1110/1821/1110 1115/1826/1115
f 1210/1827/1210 1115/1761/1115 1211/1828/1211
f 1115/1829/1115 1110/1663/1110 1119/1753/1119
f 1211/1828/1211 1212/1830/1212 1209/1824/1209
f 1209/1824/1209 1212/1830/1212 1108/1659/1108
f 1211/1828/1211 1115/1761/1115 1172/1756/1172
f 1211/1828/1211 1175/1759/1175 1212/1830/1212
f 1174/1758/1174 1211/1828/1211 1172/1756/1172
f 1175/1759/1175 1211/1828/1211 1174/1758/1174
f 1170/1754/1170 1175/1759/1175 1171/1755/1171
f 1170/1754/1170 1212/1830/1212 1175/1759/1175
f 1108/1659/1108 1212/1830/1212 1170/1754/1170
f 1213/1831/1213 991/1485/991 1109/1660/1109
f 1121/1678/1121 1214/1832/1214 1177/1764/1177
f 1122/1679/1122 1214/1832/1214 1121/1678/1121
f 1215/1833/1215 1216/1834/1216 1122/1679/1122
f 1122/1679/1122 1216/1834/1216 1214/1832/1214
f 1122/1679/1122 1217/1835/1217 1215/1833/1215
f 1122/1679/1122 1123/1680/1123 1217/1835/1217
f 1217/1835/1217 1123/1680/1123 1218/1836/1218
f 1218/1837/1218 1123/1838/1123 1219/1839/1219
f 1124/1681/1124 1220/1840/1220 1123/1765/1123
f 1124/1681/1124 1123/1765/1123 1050/1567/1050
f 1124/1681/1124 1221/1841/1221 1220/1840/1220
f 1178/1766/1178 1221/1841/1221 1124/1681/1124
f 1178/1766/1178 1180/1770/1180 1221/1841/1221
f 1125/1842/1125 1179/1767/1179 959/1769/959
f 1181/1774/1181 1222/1843/1222 1180/1844/1180
f 1182/1775/1182 1222/1843/1222 1181/1774/1181
f 1182/1775/1182 1055/1579/1055 1222/1843/1222
f 1223/1845/1223 903/1512/903 1179/1767/1179
f 1187/1782/1187 1224/1846/1224 1188/1783/1188
f 1186/1780/1186 1224/1847/1224 1187/1781/1187
f 1188/1783/1188 1224/1846/1224 1189/1784/1189
f 1128/1685/1128 1186/1780/1186 1183/1776/1183
f 1186/1848/1186 1225/1849/1225 1224/1846/1224
f 1189/1784/1189 1225/1849/1225 1190/1785/1190
f 1224/1846/1224 1225/1849/1225 1189/1784/1189
f 1190/1785/1190 1225/1849/1225 1191/1850/1191
f 1128/1685/1128 1135/1851/1135 1186/1780/1186
f 1191/1852/1191 1226/1853/1226 1136/1701/1136
f 1192/1793/1192 1227/1854/1227 1058/1584/1058
f 1058/1696/1058 1227/1855/1227 1134/1694/1134
f 1226/1853/1226 1228/1856/1228 1136/1701/1136
f 1139/1706/1139 1138/1705/1138 1192/1793/1192
f 1136/1701/1136 1228/1856/1228 1196/1797/1196
f 1228/1857/1228 1229/1858/1229 1196/1859/1196
f 969/1456/969 1194/1795/1194 1193/1794/1193
f 1195/1796/1195 1194/1795/1194 930/1401/930
f 1072/1608/1072 1230/1860/1230 976/1463/976
f 976/1463/976 1230/1860/1230 978/1465/978
f 978/1465/978 1231/1861/1231 981/1468/981
f 1231/1862/1231 1232/1863/1232 981/1611/981
f 981/1611/981 1232/1863/1232 1073/1609/1073
f 1199/1802/1199 1073/1609/1073 1233/1864/1233
f 1199/1802/1199 1233/1864/1233 1234/1865/1234
f 1199/1802/1199 1234/1865/1234 1150/1723/1150
f 1077/1617/1077 1151/1724/1151 1235/1866/1235
f 1077/1867/1077 1235/1868/1235 1200/1869/1200
f 1151/1724/1151 1078/1618/1078 1236/1870/1236
f 1078/1618/1078 1030/1536/1030 1237/1871/1237
f 1201/1804/1201 1238/1872/1238 1152/1725/1152
f 1030/1536/1030 1085/1625/1085 1237/1871/1237
f 1238/1872/1238 1154/1727/1154 1152/1725/1152
f 1158/1873/1158 1203/1874/1203 1161/1875/1161
f 750/1101/750 1032/1538/1032 576/837/576
f 752/1103/752 655/955/655 1239/1876/1239
f 1168/1815/1168 1240/1877/1240 1206/1816/1206
f 1168/1750/1168 1207/1817/1207 1240/1878/1240
f 1207/1879/1207 1208/1822/1208 1240/1880/1240
f 1107/1881/1107 1204/1882/1204 1241/1883/1241
f 1167/1748/1167 1204/1812/1204 1107/1655/1107
f 1242/1884/1242 1211/1885/1211 1241/1883/1241
f 1210/1825/1210 1211/1885/1211 1242/1884/1242
f 1241/1883/1241 1211/1885/1211 1107/1881/1107
f 860/1281/860 1243/1886/1243 1040/1823/1040
f 1041/1551/1041 1244/1887/1244 1102/1658/1102
f 1107/1752/1107 1211/1828/1211 1209/1824/1209
f 1109/1660/1109 1040/1550/1040 1213/1831/1213
f 1043/1553/1043 1177/1762/1177 1041/1551/1041
f 1214/1832/1214 1245/1888/1245 1177/1764/1177
f 1214/1832/1214 1246/1889/1246 1245/1888/1245
f 1214/1832/1214 1216/1834/1216 1246/1889/1246
f 1216/1834/1216 1215/1833/1215 1246/1889/1246
f 1215/1833/1215 1247/1890/1247 1246/1889/1246
f 1217/1835/1217 1247/1890/1247 1215/1833/1215
f 1247/1890/1247 1217/1835/1217 1248/1891/1248
f 1217/1835/1217 1218/1836/1218 1248/1891/1248
f 837/1240/837 1249/1892/1249 1125/1682/1125
f 1123/1765/1123 1220/1840/1220 1219/1893/1219
f 1250/1894/1250 1251/1895/1251 1252/1896/1252
f 1251/1895/1251 1253/1897/1253 1254/1898/1254
f 1251/1895/1251 1255/1899/1255 1256/1900/1256
f 1251/1895/1251 1256/1900/1256 1253/1897/1253
f 1256/1900/1256 1257/1901/1257 1253/1897/1253
f 1258/1902/1258 1259/1903/1259 1260/1904/1260
f 1258/1902/1258 1260/1904/1260 1261/1905/1261
f 1261/1906/1261 1179/1767/1179 1125/1842/1125
f 1180/1907/1180 1262/1908/1262 1221/1909/1221
f 1180/1907/1180 1263/1910/1263 1262/1908/1262
f 1260/1911/1260 1179/1767/1179 1261/1906/1261
f 1180/1844/1180 1264/1912/1264 1263/1913/1263
f 1180/1844/1180 1222/1843/1222 1264/1912/1264
f 903/1512/903 1223/1845/1223 1013/1513/1013
f 1225/1849/1225 1265/1914/1265 1191/1850/1191
f 1135/1915/1135 1266/1916/1266 1186/1917/1186
f 1186/1848/1186 1266/1918/1266 1225/1849/1225
f 1225/1849/1225 1266/1918/1266 1265/1914/1265
f 1266/1919/1266 1267/1920/1267 1265/1921/1265
f 1191/1850/1191 1265/1914/1265 1267/1922/1267
f 1267/1920/1267 1226/1853/1226 1191/1852/1191
f 1141/1709/1141 1268/1923/1268 1061/1592/1061
f 1269/1924/1269 1228/1856/1228 1226/1853/1226
f 1227/1855/1227 1270/1925/1270 1134/1694/1134
f 1140/1716/1140 1196/1926/1196 1147/1719/1147
f 879/1317/879 1068/1602/1068 881/1319/881
f 826/1217/826 1271/1927/1271 1198/1801/1198
f 1022/1528/1022 1271/1927/1271 826/1217/826
f 1027/1533/1027 1272/1928/1272 1026/1532/1026
f 1073/1609/1073 1232/1863/1232 1233/1864/1233
f 1234/1865/1234 1273/1929/1273 1150/1723/1150
f 1274/1930/1274 1275/1931/1275 1200/1932/1200
f 1200/1932/1200 1235/1933/1235 1274/1930/1274
f 1200/1932/1200 1275/1931/1275 1075/1934/1075
f 1201/1804/1201 1276/1935/1276 1277/1936/1277
f 1075/1615/1075 1276/1935/1276 1201/1804/1201
f 1236/1870/1236 1078/1618/1078 1237/1871/1237
f 1277/1936/1277 1238/1872/1238 1201/1804/1201
f 913/1370/913 1090/1937/1090 1033/1539/1033
f 1099/1645/1099 1278/1938/1278 1166/1747/1166
f 1099/1645/1099 1279/1939/1279 1278/1938/1278
f 1099/1645/1099 1206/1816/1206 1279/1939/1279
f 1205/1813/1205 1088/1628/1088 1280/1940/1280
f 1208/1822/1208 1281/1941/1281 1240/1880/1240
f 1208/1822/1208 1110/1821/1110 1281/1941/1281
f 1110/1821/1110 1282/1942/1282 1281/1941/1281
f 1102/1649/1102 1280/1940/1280 1088/1628/1088
f 1210/1825/1210 1282/1942/1282 1110/1821/1110
f 1210/1825/1210 1283/1943/1283 1282/1942/1282
f 1283/1943/1283 1284/1944/1284 1282/1942/1282
f 1285/1945/1285 1284/1944/1284 1283/1943/1283
f 1285/1945/1285 1283/1943/1283 1204/1882/1204
f 1204/1882/1204 1283/1943/1283 1241/1883/1241
f 1242/1884/1242 1283/1943/1283 1210/1825/1210
f 1242/1884/1242 1241/1883/1241 1283/1943/1283
f 1102/1649/1102 1244/1946/1244 1280/1940/1280
f 1213/1831/1213 1040/1550/1040 1286/1947/1286
f 1287/1948/1287 1249/1949/1249 991/1950/991
f 991/1485/991 1249/1892/1249 837/1240/837
f 1246/1889/1246 1247/1890/1247 1245/1888/1245
f 1247/1890/1247 1248/1891/1248 1288/1951/1288
f 1248/1891/1248 1218/1836/1218 1288/1951/1288
f 1218/1836/1218 1289/1952/1289 1288/1951/1288
f 1218/1837/1218 1290/1953/1290 1289/1954/1289
f 1219/1839/1219 1290/1953/1290 1218/1837/1218
f 1261/1955/1261 1125/1682/1125 1249/1892/1249
f 1220/1840/1220 1291/1956/1291 1219/1893/1219
f 1251/1895/1251 1254/1898/1254 1252/1896/1252
f 1252/1896/1252 1254/1898/1254 1292/1957/1292
f 1251/1958/1251 1293/1959/1293 1255/1960/1255
f 1254/1898/1254 1253/1897/1253 1292/1957/1292
f 1255/1899/1255 1294/1961/1294 1256/1900/1256
f 1221/1841/1221 1295/1962/1295 1296/1963/1296
f 1256/1900/1256 1294/1961/1294 1257/1901/1257
f 1257/1901/1257 1297/1964/1297 1253/1897/1253
f 1295/1965/1295 1262/1908/1262 1298/1966/1298
f 1221/1909/1221 1262/1908/1262 1295/1965/1295
f 1294/1961/1294 1299/1967/1299 1257/1901/1257
f 1257/1901/1257 1299/1967/1299 1300/1968/1300
f 1298/1966/1298 1262/1908/1262 1301/1969/1301
f 1262/1908/1262 1302/1970/1302 1301/1969/1301
f 1258/1971/1258 1303/1972/1303 1304/1973/1304
f 1258/1971/1258 1304/1973/1304 1259/1974/1259
f 1262/1908/1262 1305/1975/1305 1302/1970/1302
f 1262/1908/1262 1263/1910/1263 1305/1975/1305
f 1263/1913/1263 1264/1912/1264 1305/1976/1305
f 962/1977/962 1306/1978/1306 1055/1579/1055
f 1013/1513/1013 1223/1845/1223 1307/1979/1307
f 1307/1979/1307 1133/1693/1133 1013/1513/1013
f 1133/1789/1133 1308/1980/1308 971/1790/971
f 1135/1915/1135 1309/1981/1309 1266/1916/1266
f 1266/1919/1266 1269/1924/1269 1267/1920/1267
f 1267/1920/1267 1269/1924/1269 1226/1853/1226
f 1134/1694/1134 1309/1982/1309 1135/1695/1135
f 1309/1981/1309 1310/1983/1310 1266/1916/1266
f 1266/1984/1266 1311/1985/1311 1228/1857/1228
f 1228/1856/1228 1269/1924/1269 1266/1919/1266
f 1270/1925/1270 1312/1986/1312 1134/1694/1134
f 1134/1694/1134 1312/1986/1312 1309/1982/1309
f 1228/1857/1228 1311/1985/1311 1229/1858/1229
f 1020/1525/1020 1197/1799/1197 1144/1714/1144
f 1141/1718/1141 1026/1532/1026 1272/1928/1272
f 978/1465/978 1230/1860/1230 1313/1987/1313
f 1150/1723/1150 1314/1988/1314 1027/1989/1027
f 1150/1723/1150 1273/1929/1273 1314/1988/1314
f 1233/1864/1233 1315/1990/1315 1234/1865/1234
f 1234/1865/1234 1315/1990/1315 1273/1929/1273
f 1274/1930/1274 1316/1991/1316 1275/1931/1275
f 1274/1930/1274 1235/1933/1235 1316/1991/1316
f 1236/1870/1236 1237/1871/1237 1151/1724/1151
f 1154/1727/1154 1317/1992/1317 1203/1806/1203
f 654/1744/654 1165/1743/1165 1089/1993/1089
f 1161/1737/1161 1318/1994/1318 1204/1812/1204
f 1285/1945/1285 1318/1995/1318 1284/1944/1284
f 1204/1882/1204 1318/1995/1318 1285/1945/1285
f 1213/1996/1213 1286/1997/1286 991/1950/991
f 991/1950/991 1286/1997/1286 1287/1948/1287
f 1247/1890/1247 1288/1951/1288 1245/1888/1245
f 1251/1895/1251 1319/1998/1319 1320/1999/1320
f 1250/1894/1250 1319/1998/1319 1251/1895/1251
f 1250/1894/1250 1321/2000/1321 1319/1998/1319
f 1252/1896/1252 1321/2000/1321 1250/1894/1250
f 1321/2000/1321 1252/1896/1252 1322/2001/1322
f 1289/1954/1289 1323/2002/1323 1288/2003/1288
f 1289/1954/1289 1290/1953/1290 1323/2002/1323
f 1320/1999/1320 1293/2004/1293 1251/1895/1251
f 1219/1839/1219 1323/2002/1323 1290/1953/1290
f 1252/1896/1252 1292/1957/1292 1322/2001/1322
f 1291/2005/1291 1323/2002/1323 1219/1839/1219
f 1293/1959/1293 1324/2006/1324 1255/1960/1255
f 1291/2005/1291 1296/2007/1296 1323/2002/1323
f 1220/1840/1220 1221/1841/1221 1291/1956/1291
f 1221/1841/1221 1296/1963/1296 1291/1956/1291
f 1253/1897/1253 1325/2008/1325 1292/1957/1292
f 1255/1960/1255 1324/2006/1324 1294/2009/1294
f 1296/2010/1296 1295/1965/1295 1326/2011/1326
f 1298/1966/1298 1327/2012/1327 1326/2011/1326
f 1295/1965/1295 1298/1966/1298 1326/2011/1326
f 1298/1966/1298 1301/1969/1301 1327/2012/1327
f 1302/1970/1302 1327/2012/1327 1301/1969/1301
f 1302/1970/1302 1328/2013/1328 1327/2012/1327
f 1329/2014/1329 1304/1973/1304 1303/1972/1303
f 1329/2014/1329 1330/2015/1330 1304/1973/1304
f 1305/1976/1305 1331/2016/1331 1302/2017/1302
f 1302/2017/1302 1331/2016/1331 1328/2018/1328
f 1304/1973/1304 1332/2019/1332 1259/1974/1259
f 1264/1912/1264 1331/2016/1331 1305/1976/1305
f 1264/1912/1264 1222/1843/1222 1331/2016/1331
f 962/1448/962 1061/1590/1061 1306/2020/1306
f 1061/1590/1061 1268/2021/1268 1306/2020/1306
f 1310/2022/1310 1333/2023/1333 1266/1984/1266
f 1312/1986/1312 1334/2024/1334 1309/1982/1309
f 1309/2025/1309 1334/2026/1334 1310/2022/1310
f 1333/2023/1333 1335/2027/1335 1266/1984/1266
f 1311/1985/1311 1266/1984/1266 1335/2027/1335
f 1311/1985/1311 1335/2027/1335 1229/1858/1229
f 1192/2028/1192 1336/2029/1336 1227/2030/1227
f 1312/1986/1312 1270/1925/1270 1337/2031/1337
f 1193/1794/1193 1338/2032/1338 1138/1705/1138
f 1138/1705/1138 1338/2032/1338 1192/1793/1192
f 1193/1794/1193 1194/1795/1194 1339/2033/1339
f 1196/1926/1196 1340/2034/1340 1147/1719/1147
f 1068/1602/1068 1022/1528/1022 881/1319/881
f 827/1218/827 1198/1801/1198 1021/1526/1021
f 1147/1719/1147 1340/2034/1340 1072/1608/1072
f 1313/1987/1313 1231/1861/1231 978/1465/978
f 1027/1533/1027 1314/2035/1314 1272/1928/1272
f 1273/1929/1273 1315/1990/1315 1341/2036/1341
f 1235/1933/1235 1342/2037/1342 1316/1991/1316
f 1275/1931/1275 1276/2038/1276 1075/1934/1075
f 1277/1936/1277 1343/2039/1343 1238/1872/1238
f 1318/1995/1318 1344/2040/1344 1284/1944/1284
f 1282/1942/1282 1284/1944/1284 1344/2040/1344
f 1286/1997/1286 1345/2041/1345 1287/1948/1287
f 1345/2041/1345 1346/2042/1346 1287/1948/1287
f 1346/2042/1346 1347/2043/1347 1287/1948/1287
f 1249/1949/1249 1287/1948/1287 1347/2043/1347
f 1348/2044/1348 1320/2045/1320 1349/2046/1349
f 1349/2046/1349 1320/2045/1320 1319/2047/1319
f 1350/2048/1350 1321/2049/1321 1322/2050/1322
f 1351/2051/1351 1293/1959/1293 1348/2052/1348
f 1320/1999/1320 1348/2053/1348 1293/2004/1293
f 1258/2054/1258 1261/2055/1261 1352/2056/1352
f 1322/2001/1322 1292/1957/1292 1353/2057/1353
f 1292/1957/1292 1325/2008/1325 1353/2057/1353
f 1258/1971/1258 1352/2058/1352 1303/1972/1303
f 1323/2002/1323 1296/2007/1296 1354/2059/1354
f 1296/2010/1296 1355/2060/1355 1354/2061/1354
f 1253/1897/1253 1297/1964/1297 1325/2008/1325
f 1297/1964/1297 1356/2062/1356 1325/2008/1325
f 1325/2008/1325 1356/2062/1356 1357/2063/1357
f 1296/2010/1296 1326/2011/1326 1355/2060/1355
f 1326/2011/1326 1328/2013/1328 1355/2060/1355
f 1327/2012/1327 1328/2013/1328 1326/2011/1326
f 1257/1901/1257 1358/2064/1358 1297/1964/1297
f 1257/1901/1257 1359/2065/1359 1358/2064/1358
f 1300/1968/1300 1359/2065/1359 1257/1901/1257
f 1260/1904/1260 1259/1903/1259 1360/2066/1360
f 1223/1845/1223 1179/1767/1179 1260/1911/1260
f 1222/1843/1222 1055/1579/1055 1331/2016/1331
f 1260/1911/1260 1360/2067/1360 1223/1845/1223
f 1223/2068/1223 1361/2069/1361 1307/2070/1307
f 1310/2022/1310 1334/2026/1334 1333/2023/1333
f 1333/2023/1333 1334/2026/1334 1335/2027/1335
f 1335/2027/1335 1334/2026/1334 1362/2071/1362
f 1335/2027/1335 1362/2071/1362 1229/1858/1229
f 1338/2072/1338 1336/2073/1336 1192/2074/1192
f 1229/1858/1229 1362/2071/1362 1196/1859/1196
f 1019/2075/1019 1363/2076/1363 1068/2077/1068
f 1020/1525/1020 1364/2078/1364 1197/1799/1197
f 1365/2079/1365 910/2080/910 1070/2081/1070
f 1141/1718/1141 1272/1928/1272 1268/2082/1268
f 1232/1863/1232 1366/2083/1366 1233/1864/1233
f 1233/1864/1233 1366/2083/1366 1315/1990/1315
f 1316/1991/1316 1342/2037/1342 1275/1931/1275
f 1277/1936/1277 1276/1935/1276 1343/2039/1343
f 1085/1625/1085 1367/2084/1367 1237/1871/1237
f 1089/1629/1089 1368/2085/1368 655/955/655
f 576/837/576 1032/1538/1032 1165/1743/1165
f 1369/2086/1369 1205/2087/1205 1280/2088/1280
f 1370/2089/1370 1371/2090/1371 1091/1631/1091
f 1372/2091/1372 1034/1745/1034 1166/1747/1166
f 1239/1876/1239 860/1281/860 752/1103/752
f 1373/2092/1373 1040/1550/1040 1243/2093/1243
f 1374/2094/1374 1321/2049/1321 1375/2095/1375
f 1374/2094/1374 1349/2046/1349 1319/2047/1319
f 1374/2094/1374 1319/2047/1319 1321/2049/1321
f 1375/2095/1375 1350/2048/1350 1376/2096/1376
f 1375/2095/1375 1321/2049/1321 1350/2048/1350
f 1249/1949/1249 1347/2043/1347 1261/2055/1261
f 1349/2046/1349 1377/2097/1377 1348/2044/1348
f 1322/2001/1322 1353/2057/1353 1350/2098/1350
f 1377/2099/1377 1351/2100/1351 1348/2101/1348
f 1378/2102/1378 1379/2103/1379 1377/2104/1377
f 1377/2104/1377 1379/2103/1379 1351/2051/1351
f 1378/2102/1378 1293/1959/1293 1379/2103/1379
f 1293/1959/1293 1351/2051/1351 1379/2103/1379
f 1303/1972/1303 1352/2058/1352 1380/2105/1380
f 1381/2106/1381 1324/2006/1324 1293/1959/1293
f 1325/2008/1325 1357/2063/1357 1353/2057/1353
f 1382/2107/1382 1353/2108/1353 1357/2109/1357
f 1328/2013/1328 1354/2061/1354 1355/2060/1355
f 1383/2110/1383 1294/2009/1294 1324/2006/1324
f 1329/2014/1329 1303/1972/1303 1384/2111/1384
f 1385/2112/1385 1357/2109/1357 1356/2113/1356
f 1358/2064/1358 1356/2062/1356 1297/1964/1297
f 1358/2064/1358 1359/2065/1359 1356/2062/1356
f 1356/2114/1356 1359/2115/1359 1386/2116/1386
f 1385/2117/1385 1356/2114/1356 1386/2116/1386
f 1383/2118/1383 1300/2119/1300 1299/2120/1299
f 1383/2121/1383 1359/2122/1359 1300/2123/1300
f 1386/2116/1386 1359/2115/1359 1387/2124/1387
f 1330/2015/1330 1388/2125/1388 1304/1973/1304
f 1388/2125/1388 1332/2019/1332 1304/1973/1304
f 1332/2126/1332 1389/2127/1389 1259/1903/1259
f 1389/2127/1389 1360/2066/1360 1259/1903/1259
f 1307/2070/1307 1361/2069/1361 1390/2128/1390
f 1390/2128/1390 1133/1789/1133 1307/2070/1307
f 1306/2129/1306 1268/2130/1268 1391/2131/1391
f 1392/2132/1392 1334/2133/1334 1312/2134/1312
f 1393/2135/1393 1362/2071/1362 1334/2026/1334
f 1394/2136/1394 1393/2135/1393 1334/2026/1334
f 1393/2137/1393 1196/2138/1196 1362/2139/1362
f 973/1460/973 910/1365/910 1365/2140/1365
f 1070/1800/1070 1021/1527/1021 1198/2141/1198
f 1395/2142/1395 1072/1608/1072 1340/2034/1340
f 1072/1608/1072 1395/2142/1395 1230/1860/1230
f 1275/1931/1275 1342/2037/1342 1396/2143/1396
f 1238/1872/1238 1343/2039/1343 1154/1727/1154
f 1343/2039/1343 1317/1992/1317 1154/1727/1154
f 1085/1625/1085 1202/1805/1202 1367/2084/1367
f 1202/1805/1202 1153/1726/1153 1163/1807/1163
f 1318/2144/1318 1161/1875/1161 1203/1874/1203
f 1163/2145/1163 1205/2087/1205 1369/2086/1369
f 1397/2146/1397 1344/2040/1344 1318/1995/1318
f 1280/1940/1280 1244/1946/1244 1369/2147/1369
f 1041/1551/1041 1177/1762/1177 1398/2148/1398
f 1177/1762/1177 1245/2149/1245 1398/2148/1398
f 1399/2150/1399 1346/2042/1346 1345/2041/1345
f 1400/2151/1400 1401/2152/1401 1375/2095/1375
f 1400/2151/1400 1375/2095/1375 1402/2153/1402
f 1402/2153/1402 1403/2154/1403 1404/2155/1404
f 1402/2153/1402 1375/2095/1375 1403/2154/1403
f 1399/2150/1399 1405/2156/1405 1347/2043/1347
f 1399/2150/1399 1347/2043/1347 1346/2042/1346
f 1401/2152/1401 1406/2157/1406 1407/2158/1407
f 1407/2158/1407 1349/2046/1349 1401/2152/1401
f 1401/2152/1401 1349/2046/1349 1375/2095/1375
f 1375/2095/1375 1376/2096/1376 1403/2154/1403
f 1349/2046/1349 1374/2094/1374 1375/2095/1375
f 1352/2056/1352 1261/2055/1261 1405/2156/1405
f 1405/2156/1405 1261/2055/1261 1347/2043/1347
f 1406/2157/1406 1349/2046/1349 1407/2158/1407
f 1403/2154/1403 1376/2096/1376 1408/2159/1408
f 1376/2096/1376 1350/2048/1350 1408/2159/1408
f 1409/2160/1409 1378/2102/1378 1406/2161/1406
f 1378/2162/1378 1349/2046/1349 1406/2157/1406
f 1288/2003/1288 1323/2002/1323 1245/2163/1245
f 1409/2160/1409 1410/2164/1410 1378/2102/1378
f 1350/2048/1350 1382/2165/1382 1408/2159/1408
f 1378/2166/1378 1377/2167/1377 1349/2168/1349
f 1350/2169/1350 1353/2108/1353 1382/2107/1382
f 1410/2164/1410 1381/2106/1381 1378/2102/1378
f 1381/2106/1381 1293/1959/1293 1378/2102/1378
f 1384/2111/1384 1303/1972/1303 1380/2105/1380
f 1411/2170/1411 1412/2171/1412 1413/2172/1413
f 1413/2172/1413 1412/2171/1412 1414/2173/1414
f 1412/2171/1412 1415/2174/1415 1414/2173/1414
f 1411/2170/1411 1416/2175/1416 1412/2171/1412
f 1412/2171/1412 1416/2175/1416 1415/2174/1415
f 1381/2106/1381 1417/2176/1417 1324/2006/1324
f 1357/2109/1357 1418/2177/1418 1419/2178/1419
f 1354/2061/1354 1328/2013/1328 1420/2179/1420
f 1417/2176/1417 1383/2110/1383 1324/2006/1324
f 1357/2109/1357 1385/2112/1385 1418/2177/1418
f 1417/2176/1417 1421/2180/1421 1383/2110/1383
f 1383/2118/1383 1299/2120/1299 1294/2181/1294
f 1418/2177/1418 1385/2112/1385 1422/2182/1422
f 1385/2117/1385 1386/2116/1386 1422/2183/1422
f 1420/2184/1420 1328/2018/1328 1331/2016/1331
f 1421/2185/1421 1423/2186/1423 1383/2187/1383
f 1359/2115/1359 1424/2188/1424 1387/2124/1387
f 1387/2124/1387 1425/2189/1425 1386/2116/1386
f 1359/2122/1359 1383/2121/1383 1426/2190/1426
f 1387/2124/1387 1424/2188/1424 1425/2189/1425
f 1359/2115/1359 1427/2191/1427 1424/2188/1424
f 1359/2122/1359 1426/2190/1426 1427/2192/1427
f 1389/2193/1389 1428/2194/1428 1360/2195/1360
f 1223/2068/1223 1360/2195/1360 1361/2069/1361
f 1227/1855/1227 1429/2196/1429 1270/1925/1270
f 1429/2196/1429 1337/2031/1337 1270/1925/1270
f 1334/2197/1334 1392/2198/1392 1394/2199/1394
f 1394/2199/1394 1392/2198/1392 1430/2200/1430
f 1430/2200/1430 1431/2201/1431 1394/2199/1394
f 1394/2199/1394 1431/2201/1431 1393/2137/1393
f 1393/2137/1393 1431/2201/1431 1196/2138/1196
f 1431/2201/1431 1340/2202/1340 1196/2138/1196
f 1432/2203/1432 1268/2204/1268 1433/2205/1433
f 1340/2202/1340 1434/2206/1434 1435/2207/1435
f 1433/2208/1433 1268/2082/1268 1272/1928/1272
f 1433/2208/1433 1272/1928/1272 1436/2209/1436
f 1395/2142/1395 1437/2210/1437 1230/1860/1230
f 1230/1860/1230 1438/2211/1438 1313/1987/1313
f 1439/2212/1439 1232/1863/1232 1231/1862/1231
f 1439/2212/1439 1366/2083/1366 1232/1863/1232
f 1440/2213/1440 1275/1931/1275 1396/2143/1396
f 1396/2143/1396 1342/2037/1342 1440/2213/1440
f 1235/1933/1235 1151/2214/1151 1441/2215/1441
f 1151/2216/1151 1237/2217/1237 1441/2218/1441
f 1442/2219/1442 1237/1871/1237 1367/2084/1367
f 1163/2145/1163 1369/2086/1369 1202/2220/1202
f 1317/2221/1317 1318/2144/1318 1203/1874/1203
f 1443/2222/1443 1239/1876/1239 655/955/655
f 1444/2223/1444 1445/2224/1445 1318/2144/1318
f 1034/1540/1034 1370/2089/1370 1091/1631/1091
f 1278/1938/1278 1446/2225/1446 1166/1747/1166
f 1279/1939/1279 1447/2226/1447 1278/1938/1278
f 1240/1877/1240 1279/1939/1279 1206/1816/1206
f 1281/1941/1281 1448/2227/1448 1240/1880/1240
f 1282/1942/1282 1448/2227/1448 1281/1941/1281
f 1445/2228/1445 1397/2146/1397 1318/1995/1318
f 1344/2040/1344 1397/2146/1397 1449/2229/1449
f 1244/1887/1244 1041/1551/1041 1398/2148/1398
f 1450/2230/1450 1400/2151/1400 1451/2231/1451
f 1451/2231/1451 1400/2151/1400 1452/2232/1452
f 1452/2232/1452 1400/2151/1400 1402/2153/1402
f 1402/2153/1402 1404/2155/1404 1452/2232/1452
f 1400/2151/1400 1450/2230/1450 1401/2152/1401
f 1452/2232/1452 1404/2155/1404 1453/2233/1453
f 1405/2156/1405 1399/2150/1399 1454/2234/1454
f 1450/2230/1450 1455/2235/1455 1406/2157/1406
f 1401/2152/1401 1450/2230/1450 1406/2157/1406
f 1404/2155/1404 1403/2154/1403 1456/2236/1456
f 1404/2155/1404 1456/2236/1456 1453/2233/1453
f 1406/2157/1406 1455/2235/1455 1457/2237/1457
f 1403/2154/1403 1458/2238/1458 1456/2236/1456
f 1457/2237/1457 1459/2239/1459 1406/2157/1406
f 1403/2154/1403 1408/2159/1408 1458/2238/1458
f 1406/2157/1406 1459/2239/1459 1409/2240/1409
f 1408/2241/1408 1460/2242/1460 1458/2243/1458
f 1459/2244/1459 1410/2164/1410 1409/2160/1409
f 1459/2244/1459 1461/2245/1461 1410/2164/1410
f 1408/2246/1408 1382/2107/1382 1460/2247/1460
f 1410/2164/1410 1462/2248/1462 1381/2106/1381
f 1461/2245/1461 1462/2248/1462 1410/2164/1410
f 1411/2170/1411 1413/2172/1413 1463/2249/1463
f 1463/2249/1463 1413/2172/1413 1464/2250/1464
f 1413/2172/1413 1414/2173/1414 1464/2250/1464
f 1382/2107/1382 1419/2178/1419 1465/2251/1465
f 1382/2107/1382 1357/2109/1357 1419/2178/1419
f 1354/2252/1354 1420/2253/1420 1466/2254/1466
f 1467/2255/1467 1416/2256/1416 1468/2257/1468
f 1468/2257/1468 1416/2256/1416 1411/2258/1411
f 1381/2106/1381 1469/2259/1469 1470/2260/1470
f 1381/2106/1381 1470/2260/1470 1417/2176/1417
f 1470/2260/1470 1469/2259/1469 1471/2261/1471
f 1419/2178/1419 1418/2177/1418 1472/2262/1472
f 1417/2176/1417 1470/2260/1470 1421/2180/1421
f 1418/2177/1418 1422/2182/1422 1472/2262/1472
f 1470/2260/1470 1473/2263/1473 1421/2180/1421
f 1422/2183/1422 1474/2264/1474 1472/2265/1472
f 1471/2261/1471 1473/2263/1473 1470/2260/1470
f 1471/2266/1471 1475/2267/1475 1473/2268/1473
f 1422/2183/1422 1386/2116/1386 1476/2269/1476
f 1422/2183/1422 1476/2269/1476 1474/2264/1474
f 1420/2253/1420 1331/2270/1331 1477/2271/1477
f 1421/2185/1421 1473/2268/1473 1423/2186/1423
f 1386/2116/1386 1425/2189/1425 1476/2269/1476
f 1424/2188/1424 1476/2269/1476 1425/2189/1425
f 1423/2186/1423 1426/2272/1426 1383/2187/1383
f 1424/2188/1424 1478/2273/1478 1476/2269/1476
f 1426/2272/1426 1479/2274/1479 1427/2275/1427
f 1427/2275/1427 1479/2274/1479 1480/2276/1480
f 1427/2191/1427 1480/2277/1480 1424/2188/1424
f 1481/2278/1481 1332/2019/1332 1388/2125/1388
f 1423/2186/1423 1482/2279/1482 1426/2272/1426
f 1426/2272/1426 1482/2279/1482 1483/2280/1483
f 1426/2272/1426 1483/2280/1483 1479/2274/1479
f 1332/2126/1332 1484/2281/1484 1389/2127/1389
f 1484/2281/1484 1485/2282/1485 1389/2127/1389
f 1389/2127/1389 1485/2282/1485 1428/2283/1428
f 1055/1579/1055 1306/1978/1306 1331/2016/1331
f 1360/2195/1360 1390/2128/1390 1361/2069/1361
f 971/1596/971 1308/2284/1308 1019/1597/1019
f 1227/2285/1227 1336/2286/1336 1486/2287/1486
f 1392/2198/1392 1487/2288/1487 1430/2200/1430
f 1431/2201/1431 1430/2200/1430 1487/2288/1487
f 1487/2288/1487 1488/2289/1488 1431/2201/1431
f 1431/2201/1431 1488/2289/1488 1340/2202/1340
f 1488/2289/1488 1434/2206/1434 1340/2202/1340
f 1020/1525/1020 973/1460/973 1364/2078/1364
f 1340/2202/1340 1435/2207/1435 1395/2290/1395
f 1271/2291/1271 1489/2292/1489 1198/2293/1198
f 1314/1988/1314 1273/1929/1273 1490/2294/1490
f 1341/2036/1341 1491/2295/1491 1273/1929/1273
f 1273/1929/1273 1491/2295/1491 1492/2296/1492
f 1315/1990/1315 1491/2295/1491 1341/2036/1341
f 1315/1990/1315 1366/2083/1366 1493/2297/1493
f 1315/1990/1315 1493/2297/1493 1491/2295/1491
f 1440/2213/1440 1494/2298/1494 1275/1931/1275
f 1440/2213/1440 1342/2037/1342 1441/2215/1441
f 1342/2037/1342 1235/1933/1235 1441/2215/1441
f 1237/2217/1237 1495/2299/1495 1441/2218/1441
f 1237/2217/1237 1442/2300/1442 1495/2299/1495
f 1276/2038/1276 1275/1931/1275 1496/2301/1496
f 655/955/655 1368/2085/1368 1443/2222/1443
f 1033/1539/1033 1497/2302/1497 1032/1814/1032
f 1240/1877/1240 1448/2303/1448 1279/1939/1279
f 1444/2223/1444 1498/2304/1498 1445/2224/1445
f 1282/1942/1282 1449/2229/1449 1448/2227/1448
f 1282/1942/1282 1344/2040/1344 1449/2229/1449
f 1498/2305/1498 1449/2229/1449 1445/2228/1445
f 1445/2228/1445 1449/2229/1449 1397/2146/1397
f 1239/1876/1239 1243/1886/1243 860/1281/860
f 1369/2306/1369 1244/2307/1244 1499/2308/1499
f 1040/1550/1040 1373/2092/1373 1286/1947/1286
f 1452/2232/1452 1500/2309/1500 1451/2231/1451
f 1452/2232/1452 1501/2310/1501 1500/2309/1500
f 1452/2232/1452 1453/2233/1453 1501/2310/1501
f 1456/2236/1456 1502/2311/1502 1453/2233/1453
f 1454/2234/1454 1503/2312/1503 1405/2156/1405
f 1455/2313/1455 1504/2314/1504 1459/2315/1459
f 1457/2237/1457 1455/2235/1455 1459/2239/1459
f 1380/2316/1380 1352/2317/1352 1503/2318/1503
f 1352/2056/1352 1405/2156/1405 1503/2312/1503
f 1460/2242/1460 1505/2319/1505 1458/2243/1458
f 1245/2320/1245 1323/2321/1323 1466/2254/1466
f 1459/2244/1459 1504/2322/1504 1461/2245/1461
f 1460/2247/1460 1382/2107/1382 1506/2323/1506
f 1506/2323/1506 1382/2107/1382 1507/2324/1507
f 1507/2324/1507 1382/2107/1382 1465/2251/1465
f 1465/2251/1465 1419/2178/1419 1507/2324/1507
f 1411/2258/1411 1508/2325/1508 1468/2257/1468
f 1419/2178/1419 1472/2262/1472 1509/2326/1509
f 1510/2327/1510 1472/2265/1472 1474/2264/1474
f 1511/2328/1511 1388/2125/1388 1330/2015/1330
f 1512/2329/1512 1513/2330/1513 1475/2267/1475
f 1473/2268/1473 1475/2267/1475 1513/2330/1513
f 1513/2330/1513 1423/2186/1423 1473/2268/1473
f 1514/2331/1514 1424/2188/1424 1480/2277/1480
f 1514/2331/1514 1478/2273/1478 1424/2188/1424
f 1515/2332/1515 1423/2186/1423 1513/2330/1513
f 1515/2332/1515 1482/2279/1482 1423/2186/1423
f 1480/2276/1480 1479/2274/1479 1516/2333/1516
f 1514/2331/1514 1480/2277/1480 1516/2334/1516
f 1515/2332/1515 1517/2335/1517 1482/2279/1482
f 1517/2335/1517 1483/2280/1483 1482/2279/1482
f 1516/2333/1516 1483/2280/1483 1517/2335/1517
f 1516/2333/1516 1479/2274/1479 1483/2280/1483
f 1518/2336/1518 1332/2019/1332 1481/2278/1481
f 1518/2337/1518 1484/2281/1484 1332/2126/1332
f 1484/2281/1484 1519/2338/1519 1485/2282/1485
f 1519/2338/1519 1428/2283/1428 1485/2282/1485
f 1390/2128/1390 1520/2339/1520 1133/1789/1133
f 1521/2340/1521 1308/1980/1308 1133/1789/1133
f 1486/2341/1486 1429/2196/1429 1227/1855/1227
f 1522/2342/1522 1312/2343/1312 1337/2344/1337
f 1392/2198/1392 1434/2206/1434 1487/2288/1487
f 1434/2206/1434 1488/2289/1488 1487/2288/1487
f 1365/2140/1365 1364/2078/1364 973/1460/973
f 1523/2345/1523 1438/2211/1438 1230/1860/1230
f 1436/2209/1436 1272/1928/1272 1490/2346/1490
f 1272/1928/1272 1314/2035/1314 1490/2346/1490
f 1438/2211/1438 1231/1861/1231 1313/1987/1313
f 1490/2294/1490 1273/1929/1273 1524/2347/1524
f 1275/1931/1275 1494/2298/1494 1525/2348/1525
f 1525/2348/1525 1494/2298/1494 1440/2213/1440
f 1525/2348/1525 1440/2213/1440 1441/2215/1441
f 1526/2349/1526 1496/2301/1496 1275/1931/1275
f 1496/2350/1496 1343/2039/1343 1276/1935/1276
f 1496/2350/1496 1527/2351/1527 1343/2039/1343
f 1318/2144/1318 1317/2221/1317 1528/2352/1528
f 1368/2085/1368 1089/1629/1089 1529/2353/1529
f 1529/2354/1529 1089/1993/1089 1165/1743/1165
f 1165/1743/1165 1032/1538/1032 1497/2355/1497
f 1091/1631/1091 1530/2356/1530 1090/1630/1090
f 1370/2357/1370 1034/1745/1034 1372/2091/1372
f 1531/2358/1531 1449/2229/1449 1498/2305/1498
f 1373/2359/1373 1345/2041/1345 1286/1997/1286
f 1532/2360/1532 1453/2233/1453 1502/2311/1502
f 1399/2150/1399 1503/2312/1503 1454/2234/1454
f 1502/2311/1502 1456/2236/1456 1458/2238/1458
f 1533/2361/1533 1458/2243/1458 1505/2319/1505
f 1460/2242/1460 1534/2362/1534 1505/2319/1505
f 1534/2363/1534 1460/2247/1460 1506/2323/1506
f 1535/2364/1535 1384/2111/1384 1380/2105/1380
f 1323/2321/1323 1354/2252/1354 1466/2254/1466
f 1411/2258/1411 1536/2365/1536 1537/2366/1537
f 1463/2367/1463 1536/2365/1536 1411/2258/1411
f 1463/2249/1463 1464/2250/1464 1538/2368/1538
f 1464/2250/1464 1539/2369/1539 1538/2368/1538
f 1506/2323/1506 1507/2324/1507 1540/2370/1540
f 1537/2366/1537 1508/2325/1508 1411/2258/1411
f 1461/2245/1461 1541/2371/1541 1462/2248/1462
f 1464/2250/1464 1414/2173/1414 1542/2372/1542
f 1414/2173/1414 1543/2373/1543 1542/2372/1542
f 1541/2371/1541 1544/2374/1544 1462/2248/1462
f 1466/2254/1466 1420/2253/1420 1545/2375/1545
f 1466/2254/1466 1545/2375/1545 1546/2376/1546
f 1544/2374/1544 1381/2106/1381 1462/2248/1462
f 1507/2324/1507 1419/2178/1419 1547/2377/1547
f 1419/2178/1419 1509/2326/1509 1547/2377/1547
f 1545/2375/1545 1420/2253/1420 1477/2271/1477
f 1414/2173/1414 1415/2174/1415 1548/2378/1548
f 1467/2379/1467 1549/2380/1549 1416/2175/1416
f 1469/2259/1469 1550/2381/1550 1471/2261/1471
f 1472/2265/1472 1551/2382/1551 1509/2383/1509
f 1472/2265/1472 1510/2327/1510 1551/2382/1551
f 1552/2384/1552 1330/2015/1330 1329/2014/1329
f 1550/2385/1550 1512/2386/1512 1471/2387/1471
f 1471/2266/1471 1512/2329/1512 1475/2267/1475
f 1474/2264/1474 1476/2269/1476 1510/2327/1510
f 1511/2328/1511 1481/2278/1481 1388/2125/1388
f 1553/2388/1553 1518/2336/1518 1481/2278/1481
f 1515/2332/1515 1554/2389/1554 1517/2335/1517
f 1517/2335/1517 1554/2389/1554 1516/2333/1516
f 1519/2338/1519 1484/2281/1484 1518/2337/1518
f 1428/2194/1428 1519/2390/1519 1360/2195/1360
f 1360/2195/1360 1519/2390/1519 1390/2128/1390
f 1312/2343/1312 1522/2342/1522 1392/2391/1392
f 1555/2392/1555 1556/2393/1556 1195/2394/1195
f 1195/1796/1195 1556/2395/1556 1194/1795/1194
f 1195/2394/1195 1145/2396/1145 1555/2392/1555
f 1437/2210/1437 1523/2345/1523 1230/1860/1230
f 1433/2205/1433 1436/2397/1436 1432/2203/1432
f 1523/2345/1523 1557/2398/1557 1438/2211/1438
f 1438/2211/1438 1557/2398/1557 1231/1861/1231
f 1557/2398/1557 1558/2399/1558 1231/1861/1231
f 1231/1862/1231 1558/2400/1558 1559/2401/1559
f 1273/1929/1273 1492/2296/1492 1524/2347/1524
f 1560/2402/1560 1526/2349/1526 1275/1931/1275
f 1526/2349/1526 1561/2403/1561 1496/2301/1496
f 1562/2404/1562 1528/2352/1528 1317/2221/1317
f 1528/2352/1528 1444/2223/1444 1318/2144/1318
f 1446/2225/1446 1278/1938/1278 1563/2405/1563
f 1278/1938/1278 1447/2226/1447 1563/2405/1563
f 1279/2406/1279 1564/2407/1564 1447/2408/1447
f 1531/2409/1531 1498/2304/1498 1444/2223/1444
f 1443/2222/1443 1565/2410/1565 1239/1876/1239
f 1449/2411/1449 1566/2412/1566 1448/2413/1448
f 1500/2309/1500 1567/2414/1567 1451/2231/1451
f 1501/2310/1501 1532/2360/1532 1568/2415/1568
f 1501/2310/1501 1453/2233/1453 1532/2360/1532
f 1455/2235/1455 1450/2230/1450 1451/2231/1451
f 1245/2416/1245 1569/2417/1569 1398/2418/1398
f 1245/2419/1245 1570/2420/1570 1569/2421/1569
f 1502/2311/1502 1458/2238/1458 1533/2422/1533
f 1455/2313/1455 1571/2423/1571 1504/2314/1504
f 1503/2318/1503 1572/2424/1572 1380/2316/1380
f 1533/2361/1533 1505/2319/1505 1573/2425/1573
f 1505/2319/1505 1534/2362/1534 1573/2425/1573
f 1504/2322/1504 1574/2426/1574 1541/2371/1541
f 1466/2254/1466 1575/2427/1575 1245/2320/1245
f 1504/2322/1504 1541/2371/1541 1461/2245/1461
f 1506/2323/1506 1540/2370/1540 1534/2363/1534
f 1466/2254/1466 1576/2428/1576 1575/2427/1575
f 1464/2250/1464 1542/2372/1542 1539/2369/1539
f 1540/2370/1540 1507/2324/1507 1547/2377/1547
f 1576/2429/1576 1546/2430/1546 1575/2431/1575
f 1546/2376/1546 1576/2428/1576 1466/2254/1466
f 1575/2431/1575 1546/2430/1546 1577/2432/1577
f 1541/2371/1541 1578/2433/1578 1544/2374/1544
f 1577/2432/1577 1546/2430/1546 1579/2434/1579
f 1577/2435/1577 1579/2436/1579 1580/2437/1580
f 1581/2438/1581 1508/2325/1508 1582/2439/1582
f 1581/2438/1581 1468/2257/1468 1508/2325/1508
f 1545/2375/1545 1583/2440/1583 1546/2376/1546
f 1583/2441/1583 1584/2442/1584 1546/2430/1546
f 1546/2430/1546 1584/2442/1584 1579/2434/1579
f 1579/2436/1579 1585/2443/1585 1580/2437/1580
f 1581/2444/1581 1586/2445/1586 1468/2446/1468
f 1381/2106/1381 1544/2374/1544 1469/2259/1469
f 1545/2375/1545 1584/2447/1584 1583/2440/1583
f 1545/2375/1545 1477/2271/1477 1584/2447/1584
f 1579/2436/1579 1587/2448/1587 1585/2443/1585
f 1468/2257/1468 1586/2449/1586 1588/2450/1588
f 1467/2255/1467 1468/2257/1468 1588/2450/1588
f 1414/2173/1414 1548/2378/1548 1543/2373/1543
f 1544/2374/1544 1589/2451/1589 1469/2259/1469
f 1590/2452/1590 1329/2014/1329 1384/2111/1384
f 1552/2384/1552 1329/2014/1329 1590/2452/1590
f 1469/2259/1469 1591/2453/1591 1550/2381/1550
f 1510/2327/1510 1592/2454/1592 1551/2382/1551
f 1550/2385/1550 1593/2455/1593 1512/2386/1512
f 1594/2456/1594 1511/2328/1511 1330/2015/1330
f 1510/2327/1510 1476/2269/1476 1592/2454/1592
f 1512/2329/1512 1595/2457/1595 1513/2330/1513
f 1511/2328/1511 1596/2458/1596 1481/2278/1481
f 1268/2204/1268 1432/2203/1432 1391/2459/1391
f 1434/2206/1434 1392/2198/1392 1597/2460/1597
f 1434/2206/1434 1597/2460/1597 1435/2207/1435
f 1197/1799/1197 1555/2461/1555 1145/1715/1145
f 1598/2462/1598 1599/2463/1599 1070/2081/1070
f 1070/2081/1070 1599/2463/1599 1365/2079/1365
f 1198/2293/1198 1600/2464/1600 1598/2462/1598
f 1198/2293/1198 1598/2462/1598 1070/2081/1070
f 1601/2465/1601 1022/1528/1022 1068/1602/1068
f 1022/1528/1022 1601/2465/1601 1271/1927/1271
f 1559/2401/1559 1439/2212/1439 1231/1862/1231
f 1525/2348/1525 1602/2466/1602 1560/2402/1560
f 1525/2348/1525 1603/2467/1603 1602/2466/1602
f 1525/2348/1525 1560/2402/1560 1275/1931/1275
f 1525/2348/1525 1441/2215/1441 1603/2467/1603
f 1496/2301/1496 1561/2403/1561 1604/2468/1604
f 1442/2300/1442 1367/2469/1367 1605/2470/1605
f 1367/2084/1367 1606/2471/1606 1605/2472/1605
f 1343/2039/1343 1562/2473/1562 1317/1992/1317
f 1367/2084/1367 1202/1805/1202 1606/2471/1606
f 1202/2220/1202 1369/2086/1369 1606/2474/1606
f 1446/2225/1446 1563/2405/1563 1607/2475/1607
f 1563/2476/1563 1447/2408/1447 1608/2477/1608
f 1531/2478/1531 1566/2412/1566 1449/2411/1449
f 1531/2478/1531 1609/2479/1609 1566/2412/1566
f 1531/2478/1531 1444/2480/1444 1609/2479/1609
f 1446/2225/1446 1610/2481/1610 1166/1747/1166
f 1166/1747/1166 1610/2481/1610 1372/2091/1372
f 1500/2309/1500 1611/2482/1611 1567/2414/1567
f 1500/2309/1500 1501/2310/1501 1611/2482/1611
f 1345/2041/1345 1612/2483/1612 1399/2150/1399
f 1373/2359/1373 1612/2483/1612 1345/2041/1345
f 1501/2310/1501 1568/2415/1568 1613/2484/1613
f 1502/2311/1502 1614/2485/1614 1532/2360/1532
f 1502/2311/1502 1615/2486/1615 1614/2485/1614
f 1533/2422/1533 1615/2486/1615 1502/2311/1502
f 1533/2361/1533 1616/2487/1616 1615/2488/1615
f 1615/2488/1615 1616/2487/1616 1617/2489/1617
f 1618/2490/1618 1617/2489/1617 1619/2491/1619
f 1618/2490/1618 1619/2491/1619 1620/2492/1620
f 1533/2361/1533 1619/2491/1619 1616/2487/1616
f 1616/2487/1616 1619/2491/1619 1617/2489/1617
f 1573/2425/1573 1619/2491/1619 1533/2361/1533
f 1619/2491/1619 1534/2362/1534 1620/2492/1620
f 1619/2491/1619 1573/2425/1573 1534/2362/1534
f 1572/2424/1572 1621/2493/1621 1380/2316/1380
f 1504/2314/1504 1571/2423/1571 1622/2494/1622
f 1621/2493/1621 1535/2495/1535 1380/2316/1380
f 1536/2365/1536 1463/2367/1463 1623/2496/1623
f 1463/2367/1463 1538/2497/1538 1624/2498/1624
f 1624/2498/1624 1538/2497/1538 1625/2499/1625
f 1626/2500/1626 1625/2499/1625 1538/2497/1538
f 1626/2501/1626 1538/2368/1538 1539/2369/1539
f 1627/2502/1627 1539/2369/1539 1542/2372/1542
f 1577/2432/1577 1580/2503/1580 1628/2504/1628
f 1582/2439/1582 1508/2325/1508 1537/2366/1537
f 1628/2505/1628 1580/2437/1580 1585/2443/1585
f 1629/2506/1629 1581/2444/1581 1582/2507/1582
f 1630/2508/1630 1631/2509/1631 1632/2510/1632
f 1633/2511/1633 1630/2508/1630 1632/2510/1632
f 1634/2512/1634 1635/2513/1635 1629/2506/1629
f 1629/2506/1629 1635/2513/1635 1581/2444/1581
f 1630/2514/1630 1636/2515/1636 1631/2516/1631
f 1632/2510/1632 1637/2517/1637 1578/2433/1578
f 1578/2433/1578 1637/2517/1637 1544/2374/1544
f 1635/2513/1635 1586/2445/1586 1581/2444/1581
f 1638/2518/1638 1543/2373/1543 1639/2519/1639
f 1630/2514/1630 1639/2519/1639 1636/2515/1636
f 1637/2517/1637 1632/2510/1632 1631/2509/1631
f 1634/2512/1634 1585/2443/1585 1587/2448/1587
f 1543/2373/1543 1548/2378/1548 1639/2519/1639
f 1639/2519/1639 1640/2520/1640 1636/2515/1636
f 1636/2515/1636 1640/2520/1640 1631/2516/1631
f 1637/2517/1637 1591/2453/1591 1544/2374/1544
f 1544/2374/1544 1591/2453/1591 1589/2451/1589
f 1584/2521/1584 1477/2522/1477 1641/2523/1641
f 1584/2442/1584 1587/2524/1587 1579/2434/1579
f 1588/2450/1588 1586/2449/1586 1642/2525/1642
f 1643/2526/1643 1639/2519/1639 1548/2378/1548
f 1639/2519/1639 1643/2526/1643 1640/2520/1640
f 1591/2453/1591 1469/2259/1469 1589/2451/1589
f 1644/2527/1644 1467/2255/1467 1588/2450/1588
f 1644/2528/1644 1549/2380/1549 1467/2379/1467
f 1645/2529/1645 1548/2378/1548 1415/2174/1415
f 1640/2520/1640 1646/2530/1646 1647/2531/1647
f 1647/2532/1647 1631/2533/1631 1640/2534/1640
f 1641/2523/1641 1477/2522/1477 1648/2535/1648
f 1509/2383/1509 1551/2382/1551 1649/2536/1649
f 1650/2537/1650 1416/2175/1416 1549/2380/1549
f 1650/2537/1650 1415/2174/1415 1416/2175/1416
f 1552/2384/1552 1594/2456/1594 1330/2015/1330
f 1651/2538/1651 1551/2382/1551 1592/2454/1592
f 1652/2539/1652 1476/2269/1476 1478/2273/1478
f 1592/2454/1592 1476/2269/1476 1652/2539/1652
f 1514/2540/1514 1516/2333/1516 1653/2541/1653
f 1596/2458/1596 1553/2388/1553 1481/2278/1481
f 1654/2542/1654 1519/2338/1519 1518/2337/1518
f 1331/2016/1331 1306/1978/1306 1655/2543/1655
f 1520/2339/1520 1521/2340/1521 1133/1789/1133
f 1656/2544/1656 1429/2545/1429 1486/2546/1486
f 1657/2547/1657 1597/2460/1597 1392/2198/1392
f 1657/2547/1657 1658/2548/1658 1597/2460/1597
f 1658/2548/1658 1435/2207/1435 1597/2460/1597
f 1658/2548/1658 1395/2290/1395 1435/2207/1435
f 1658/2548/1658 1659/2549/1659 1395/2290/1395
f 1659/2549/1659 1437/2550/1437 1395/2290/1395
f 1364/2078/1364 1555/2461/1555 1197/1799/1197
f 1437/2550/1437 1660/2551/1660 1523/2552/1523
f 1600/2464/1600 1198/2293/1198 1661/2553/1661
f 1660/2551/1660 1557/2554/1557 1523/2552/1523
f 1489/2292/1489 1661/2553/1661 1198/2293/1198
f 1436/2555/1436 1490/2294/1490 1524/2347/1524
f 1558/2400/1558 1557/2556/1557 1559/2401/1559
f 1662/2557/1662 1491/2295/1491 1493/2297/1493
f 1662/2557/1662 1493/2297/1493 1663/2558/1663
f 1664/2559/1664 1560/2402/1560 1602/2466/1602
f 1664/2559/1664 1602/2466/1602 1603/2467/1603
f 1527/2351/1527 1562/2473/1562 1343/2039/1343
f 1443/2222/1443 1368/2085/1368 1529/2353/1529
f 1499/2308/1499 1665/2560/1665 1369/2306/1369
f 1608/2477/1608 1447/2408/1447 1564/2407/1564
f 1610/2481/1610 1446/2225/1446 1607/2475/1607
f 1666/2561/1666 1499/2308/1499 1244/2307/1244
f 1613/2484/1613 1611/2482/1611 1501/2310/1501
f 1667/2562/1667 1668/2563/1668 1669/2564/1669
f 1668/2563/1668 1670/2565/1670 1669/2564/1669
f 1455/2235/1455 1451/2231/1451 1671/2566/1671
f 1532/2360/1532 1672/2567/1672 1673/2568/1673
f 1568/2415/1568 1532/2360/1532 1673/2568/1673
f 1673/2568/1673 1672/2567/1672 1667/2569/1667
f 1667/2569/1667 1672/2567/1672 1674/2570/1674
f 1667/2569/1667 1674/2570/1674 1617/2571/1617
f 1614/2485/1614 1672/2567/1672 1532/2360/1532
f 1614/2485/1614 1674/2570/1674 1672/2567/1672
f 1674/2570/1674 1614/2485/1614 1617/2571/1617
f 1667/2562/1667 1617/2489/1617 1668/2563/1668
f 1612/2483/1612 1572/2572/1572 1503/2312/1503
f 1614/2485/1614 1615/2486/1615 1617/2571/1617
f 1668/2563/1668 1617/2489/1617 1618/2490/1618
f 1618/2490/1618 1620/2492/1620 1668/2563/1668
f 1675/2573/1675 1668/2563/1668 1620/2492/1620
f 1676/2574/1676 1621/2493/1621 1572/2424/1572
f 1677/2575/1677 1678/2576/1678 1679/2577/1679
f 1679/2577/1679 1678/2576/1678 1680/2578/1680
f 1676/2574/1676 1535/2495/1535 1621/2493/1621
f 1463/2367/1463 1624/2498/1624 1623/2496/1623
f 1681/2579/1681 1682/2580/1682 1677/2575/1677
f 1677/2575/1677 1682/2580/1682 1678/2576/1678
f 1540/2581/1540 1620/2492/1620 1534/2362/1534
f 1245/2419/1245 1575/2431/1575 1683/2582/1683
f 1245/2419/1245 1683/2582/1683 1570/2420/1570
f 1684/2583/1684 1683/2582/1683 1685/2584/1685
f 1685/2584/1685 1683/2582/1683 1575/2431/1575
f 1574/2585/1574 1504/2314/1504 1622/2494/1622
f 1685/2584/1685 1575/2431/1575 1686/2586/1686
f 1536/2365/1536 1687/2587/1687 1537/2366/1537
f 1682/2580/1682 1630/2588/1630 1678/2576/1678
f 1678/2576/1678 1633/2589/1633 1688/2590/1688
f 1689/2591/1689 1384/2111/1384 1535/2364/1535
f 1575/2431/1575 1577/2432/1577 1686/2586/1686
f 1686/2586/1686 1577/2432/1577 1628/2504/1628
f 1539/2369/1539 1627/2502/1627 1626/2501/1626
f 1682/2592/1682 1638/2518/1638 1630/2514/1630
f 1690/2593/1690 1628/2505/1628 1629/2506/1629
f 1582/2439/1582 1537/2366/1537 1687/2587/1687
f 1691/2594/1691 1638/2518/1638 1682/2592/1682
f 1690/2593/1690 1629/2506/1629 1692/2595/1692
f 1627/2502/1627 1542/2372/1542 1691/2594/1691
f 1691/2594/1691 1542/2372/1542 1638/2518/1638
f 1678/2576/1678 1630/2588/1630 1633/2589/1633
f 1692/2595/1692 1629/2506/1629 1582/2507/1582
f 1628/2505/1628 1585/2443/1585 1634/2512/1634
f 1628/2505/1628 1634/2512/1634 1629/2506/1629
f 1543/2373/1543 1638/2518/1638 1542/2372/1542
f 1541/2371/1541 1633/2511/1633 1578/2433/1578
f 1638/2518/1638 1639/2519/1639 1630/2514/1630
f 1633/2511/1633 1632/2510/1632 1578/2433/1578
f 1631/2509/1631 1693/2596/1693 1637/2517/1637
f 1637/2517/1637 1693/2596/1693 1591/2453/1591
f 1645/2529/1645 1694/2597/1694 1548/2378/1548
f 1694/2597/1694 1643/2526/1643 1548/2378/1548
f 1643/2526/1643 1646/2530/1646 1640/2520/1640
f 1647/2532/1647 1695/2598/1695 1631/2533/1631
f 1631/2509/1631 1695/2599/1695 1693/2596/1693
f 1509/2600/1509 1649/2601/1649 1696/2602/1696
f 1641/2523/1641 1697/2603/1697 1584/2521/1584
f 1641/2523/1641 1648/2535/1648 1697/2603/1697
f 1698/2604/1698 1646/2530/1646 1643/2526/1643
f 1646/2530/1646 1699/2605/1699 1647/2531/1647
f 1551/2606/1551 1651/2607/1651 1649/2608/1649
f 1650/2537/1650 1645/2529/1645 1415/2174/1415
f 1652/2539/1652 1478/2273/1478 1514/2331/1514
f 1477/2271/1477 1331/2270/1331 1655/2609/1655
f 1596/2458/1596 1700/2610/1700 1553/2388/1553
f 1516/2333/1516 1554/2389/1554 1653/2541/1653
f 1519/2390/1519 1701/2611/1701 1390/2128/1390
f 1306/2612/1306 1391/2613/1391 1702/2614/1702
f 1521/2615/1521 1703/2616/1703 1308/2617/1308
f 1704/2618/1704 1657/2547/1657 1705/2619/1705
f 1392/2198/1392 1705/2619/1705 1657/2547/1657
f 1704/2618/1704 1658/2548/1658 1657/2547/1657
f 1704/2618/1704 1659/2549/1659 1658/2548/1658
f 1308/2284/1308 1706/2620/1706 1019/1597/1019
f 1019/1597/1019 1706/2620/1706 1363/2621/1363
f 1068/2622/1068 1363/2623/1363 1707/2624/1707
f 1437/2550/1437 1659/2549/1659 1660/2551/1660
f 1598/2462/1598 1600/2464/1600 1708/2625/1708
f 1600/2464/1600 1661/2553/1661 1708/2625/1708
f 1709/2626/1709 1439/2212/1439 1559/2401/1559
f 1709/2626/1709 1366/2083/1366 1439/2212/1439
f 1366/2083/1366 1710/2627/1710 1493/2297/1493
f 1664/2559/1664 1603/2467/1603 1441/2215/1441
f 1711/2628/1711 1604/2629/1604 1561/2630/1561
f 1495/2299/1495 1442/2300/1442 1605/2470/1605
f 1528/2352/1528 1712/2631/1712 1444/2223/1444
f 1564/2407/1564 1279/2406/1279 1713/2632/1713
f 1279/2406/1279 1448/2633/1448 1713/2632/1713
f 1714/2634/1714 1444/2223/1444 1712/2631/1712
f 1563/2476/1563 1608/2477/1608 1607/2635/1607
f 1566/2412/1566 1609/2479/1609 1714/2636/1714
f 1714/2636/1714 1609/2479/1609 1444/2480/1444
f 1243/1886/1243 1239/1876/1239 1565/2410/1565
f 1715/2637/1715 1669/2638/1669 1716/2639/1716
f 1244/2640/1244 1398/2641/1398 1666/2642/1666
f 1669/2643/1669 1717/2644/1717 1718/2645/1718
f 1719/2646/1719 1667/2647/1667 1715/2637/1715
f 1715/2637/1715 1667/2647/1667 1669/2638/1669
f 1719/2648/1719 1720/2649/1720 1721/2650/1721
f 1721/2650/1721 1667/2651/1667 1719/2648/1719
f 1670/2565/1670 1722/2652/1722 1669/2564/1669
f 1613/2484/1613 1723/2653/1723 1611/2482/1611
f 1611/2654/1611 1723/2655/1723 1567/2656/1567
f 1613/2484/1613 1724/2657/1724 1721/2658/1721
f 1721/2658/1721 1723/2653/1723 1613/2484/1613
f 1721/2658/1721 1724/2657/1724 1725/2659/1725
f 1451/2231/1451 1567/2414/1567 1671/2566/1671
f 1724/2657/1724 1613/2484/1613 1725/2659/1725
f 1725/2659/1725 1613/2484/1613 1568/2415/1568
f 1725/2659/1725 1568/2415/1568 1721/2658/1721
f 1568/2415/1568 1673/2568/1673 1721/2658/1721
f 1721/2658/1721 1673/2568/1673 1667/2569/1667
f 1399/2150/1399 1612/2483/1612 1503/2312/1503
f 1670/2565/1670 1668/2563/1668 1726/2660/1726
f 1668/2563/1668 1675/2573/1675 1726/2660/1726
f 1678/2576/1678 1727/2661/1727 1680/2578/1680
f 1570/2420/1570 1683/2582/1683 1684/2583/1684
f 1623/2496/1623 1728/2662/1728 1536/2365/1536
f 1679/2577/1679 1681/2579/1681 1677/2575/1677
f 1727/2661/1727 1678/2576/1678 1729/2663/1729
f 1620/2492/1620 1540/2581/1540 1730/2664/1730
f 1685/2584/1685 1731/2665/1731 1684/2583/1684
f 1686/2586/1686 1731/2665/1731 1685/2584/1685
f 1686/2586/1686 1732/2666/1732 1731/2665/1731
f 1547/2667/1547 1730/2668/1730 1540/2669/1540
f 1535/2495/1535 1676/2574/1676 1689/2670/1689
f 1686/2586/1686 1628/2504/1628 1733/2671/1733
f 1628/2504/1628 1734/2672/1734 1733/2671/1733
f 1682/2580/1682 1681/2579/1681 1691/2673/1691
f 1678/2576/1678 1688/2590/1688 1729/2663/1729
f 1729/2674/1729 1541/2371/1541 1574/2426/1574
f 1729/2674/1729 1688/2675/1688 1541/2371/1541
f 1690/2593/1690 1734/2676/1734 1628/2505/1628
f 1734/2676/1734 1690/2593/1690 1692/2595/1692
f 1627/2502/1627 1735/2677/1735 1626/2501/1626
f 1691/2594/1691 1681/2678/1681 1735/2677/1735
f 1691/2594/1691 1735/2677/1735 1627/2502/1627
f 1582/2439/1582 1687/2587/1687 1692/2679/1692
f 1688/2675/1688 1633/2511/1633 1541/2371/1541
f 1384/2111/1384 1689/2591/1689 1590/2452/1590
f 1547/2667/1547 1509/2600/1509 1696/2602/1696
f 1587/2448/1587 1736/2680/1736 1634/2512/1634
f 1736/2680/1736 1737/2681/1737 1634/2512/1634
f 1634/2512/1634 1737/2681/1737 1635/2513/1635
f 1695/2598/1695 1738/2682/1738 1693/2683/1693
f 1693/2683/1693 1738/2682/1738 1591/2684/1591
f 1584/2685/1584 1736/2680/1736 1587/2448/1587
f 1588/2450/1588 1642/2525/1642 1644/2527/1644
f 1694/2597/1694 1698/2604/1698 1643/2526/1643
f 1647/2532/1647 1739/2686/1739 1695/2598/1695
f 1695/2598/1695 1739/2686/1739 1738/2682/1738
f 1584/2521/1584 1697/2603/1697 1736/2687/1736
f 1646/2530/1646 1698/2604/1698 1699/2605/1699
f 1647/2532/1647 1699/2688/1699 1739/2686/1739
f 1648/2535/1648 1740/2689/1740 1697/2603/1697
f 1552/2384/1552 1741/2690/1741 1594/2456/1594
f 1648/2691/1648 1742/2692/1742 1740/2693/1740
f 1592/2694/1592 1649/2695/1649 1651/2696/1651
f 1650/2537/1650 1743/2697/1743 1645/2529/1645
f 1645/2529/1645 1743/2697/1743 1694/2597/1694
f 1741/2690/1741 1744/2698/1744 1594/2456/1594
f 1648/2535/1648 1477/2522/1477 1742/2699/1742
f 1650/2537/1650 1549/2380/1549 1745/2700/1745
f 1650/2537/1650 1745/2700/1745 1743/2697/1743
f 1592/2694/1592 1746/2701/1746 1649/2695/1649
f 1746/2701/1746 1747/2702/1747 1649/2695/1649
f 1594/2456/1594 1744/2698/1744 1511/2328/1511
f 1592/2694/1592 1748/2703/1748 1746/2701/1746
f 1652/2539/1652 1748/2704/1748 1592/2454/1592
f 1511/2328/1511 1744/2698/1744 1749/2705/1749
f 1511/2328/1511 1749/2705/1749 1596/2458/1596
f 1750/2706/1750 1652/2539/1652 1514/2331/1514
f 1514/2331/1514 1653/2707/1653 1750/2706/1750
f 1751/2708/1751 1653/2541/1653 1554/2389/1554
f 1654/2542/1654 1518/2337/1518 1553/2709/1553
f 1654/2542/1654 1701/2710/1701 1519/2338/1519
f 1429/2545/1429 1656/2544/1656 1337/2344/1337
f 1337/2344/1337 1656/2544/1656 1522/2342/1522
f 1392/2198/1392 1752/2711/1752 1705/2619/1705
f 1704/2618/1704 1705/2619/1705 1753/2712/1753
f 1753/2712/1753 1754/2713/1754 1704/2618/1704
f 1704/2618/1704 1754/2713/1754 1659/2549/1659
f 1598/2462/1598 1755/2714/1755 1599/2463/1599
f 1708/2625/1708 1756/2715/1756 1598/2462/1598
f 1756/2715/1756 1755/2714/1755 1598/2462/1598
f 1489/2292/1489 1757/2716/1757 1661/2553/1661
f 1757/2716/1757 1758/2717/1758 1661/2553/1661
f 1661/2553/1661 1758/2717/1758 1708/2625/1708
f 1708/2625/1708 1758/2717/1758 1756/2715/1756
f 1271/2291/1271 1759/2718/1759 1489/2292/1489
f 1759/2718/1759 1760/2719/1760 1489/2292/1489
f 1489/2292/1489 1760/2719/1760 1761/2720/1761
f 1489/2292/1489 1761/2720/1761 1757/2716/1757
f 1757/2716/1757 1761/2720/1761 1762/2721/1762
f 1757/2716/1757 1762/2721/1762 1758/2717/1758
f 1557/2556/1557 1763/2722/1763 1559/2401/1559
f 1526/2723/1526 1711/2628/1711 1561/2630/1561
f 1764/2724/1764 1528/2352/1528 1562/2404/1562
f 1606/2725/1606 1369/2306/1369 1765/2726/1765
f 1369/2306/1369 1665/2560/1665 1765/2726/1765
f 1766/2727/1766 1716/2639/1716 1767/2728/1767
f 1767/2729/1767 1716/2730/1716 1768/2731/1768
f 1716/2639/1716 1669/2638/1669 1768/2732/1768
f 1768/2733/1768 1718/2734/1718 1769/2735/1769
f 1715/2637/1715 1716/2639/1716 1766/2727/1766
f 1033/1539/1033 1090/1937/1090 1530/2736/1530
f 1770/2737/1770 1771/2738/1771 1772/2739/1772
f 1669/2638/1669 1718/2740/1718 1768/2732/1768
f 1718/2645/1718 1773/2741/1773 1769/2742/1769
f 1774/2743/1774 1530/2356/1530 1091/1631/1091
f 1775/2744/1775 1608/2477/1608 1770/2737/1770
f 1770/2737/1770 1608/2477/1608 1771/2738/1771
f 1776/2745/1776 1771/2738/1771 1608/2477/1608
f 1776/2745/1776 1608/2477/1608 1564/2407/1564
f 1777/2746/1777 1714/2636/1714 1712/2747/1712
f 1778/2748/1778 1714/2636/1714 1777/2746/1777
f 1778/2748/1778 1566/2412/1566 1714/2636/1714
f 1779/2749/1779 1565/2410/1565 1443/2222/1443
f 1774/2743/1774 1091/1631/1091 1371/2090/1371
f 1780/2750/1780 1607/2635/1607 1775/2744/1775
f 1607/2635/1607 1608/2477/1608 1775/2744/1775
f 1566/2412/1566 1781/2751/1781 1448/2413/1448
f 1780/2750/1780 1610/2752/1610 1607/2635/1607
f 1718/2645/1718 1782/2753/1782 1773/2741/1773
f 1715/2754/1715 1783/2755/1783 1719/2756/1719
f 1784/2757/1784 1782/2753/1782 1718/2645/1718
f 1785/2758/1785 1373/2359/1373 1243/2759/1243
f 1783/2755/1783 1786/2760/1786 1719/2756/1719
f 1719/2648/1719 1786/2761/1786 1720/2649/1720
f 1784/2757/1784 1718/2645/1718 1717/2644/1717
f 1666/2762/1666 1398/2763/1398 1569/2764/1569
f 1787/2765/1787 1720/2649/1720 1786/2761/1786
f 1784/2757/1784 1717/2644/1717 1722/2766/1722
f 1788/2767/1788 1720/2649/1720 1787/2765/1787
f 1717/2644/1717 1669/2643/1669 1722/2766/1722
f 1789/2768/1789 1721/2650/1721 1720/2649/1720
f 1789/2768/1789 1723/2655/1723 1721/2650/1721
f 1789/2768/1789 1567/2656/1567 1723/2655/1723
f 1722/2652/1722 1670/2565/1670 1790/2769/1790
f 1671/2770/1671 1791/2771/1791 1455/2772/1455
f 1790/2769/1790 1670/2565/1670 1726/2660/1726
f 1792/2773/1792 1572/2572/1572 1612/2483/1612
f 1793/2774/1793 1571/2423/1571 1455/2313/1455
f 1569/2421/1569 1570/2420/1570 1794/2775/1794
f 1795/2776/1795 1623/2496/1623 1624/2498/1624
f 1730/2664/1730 1675/2573/1675 1620/2492/1620
f 1570/2420/1570 1684/2583/1684 1796/2777/1796
f 1680/2578/1680 1727/2661/1727 1797/2778/1797
f 1796/2777/1796 1684/2583/1684 1731/2665/1731
f 1728/2662/1728 1687/2587/1687 1536/2365/1536
f 1727/2661/1727 1729/2663/1729 1797/2778/1797
f 1797/2779/1797 1729/2674/1729 1574/2426/1574
f 1732/2666/1732 1686/2586/1686 1733/2671/1733
f 1798/2780/1798 1625/2499/1625 1626/2500/1626
f 1679/2577/1679 1799/2781/1799 1735/2782/1735
f 1679/2577/1679 1735/2782/1735 1681/2579/1681
f 1799/2783/1799 1626/2501/1626 1735/2677/1735
f 1800/2784/1800 1734/2676/1734 1692/2595/1692
f 1800/2785/1800 1692/2679/1692 1687/2587/1687
f 1547/2667/1547 1801/2786/1801 1730/2668/1730
f 1590/2787/1590 1802/2788/1802 1552/2789/1552
f 1635/2513/1635 1642/2790/1642 1586/2445/1586
f 1803/2791/1803 1644/2527/1644 1642/2525/1642
f 1804/2792/1804 1738/2682/1738 1739/2686/1739
f 1804/2792/1804 1591/2684/1591 1738/2682/1738
f 1804/2792/1804 1805/2793/1805 1591/2684/1591
f 1805/2793/1805 1550/2385/1550 1591/2684/1591
f 1740/2689/1740 1806/2794/1806 1697/2603/1697
f 1806/2795/1806 1807/2796/1807 1697/2797/1697
f 1807/2796/1807 1736/2680/1736 1697/2797/1697
f 1808/2798/1808 1736/2680/1736 1807/2796/1807
f 1699/2605/1699 1698/2604/1698 1809/2799/1809
f 1805/2793/1805 1593/2455/1593 1550/2385/1550
f 1810/2800/1810 1741/2801/1741 1552/2802/1552
f 1696/2602/1696 1649/2601/1649 1811/2803/1811
f 1512/2386/1512 1593/2455/1593 1812/2804/1812
f 1813/2805/1813 1744/2806/1744 1741/2801/1741
f 1814/2807/1814 1815/2808/1815 1549/2380/1549
f 1815/2808/1815 1745/2700/1745 1549/2380/1549
f 1746/2701/1746 1816/2809/1816 1747/2702/1747
f 1744/2810/1744 1813/2811/1813 1749/2812/1749
f 1748/2703/1748 1817/2813/1817 1746/2701/1746
f 1746/2701/1746 1817/2813/1817 1816/2809/1816
f 1747/2702/1747 1816/2809/1816 1818/2814/1818
f 1819/2815/1819 1817/2816/1817 1652/2539/1652
f 1652/2539/1652 1817/2816/1817 1748/2704/1748
f 1750/2706/1750 1820/2817/1820 1652/2539/1652
f 1652/2539/1652 1820/2817/1820 1819/2815/1819
f 1820/2817/1820 1821/2818/1821 1819/2815/1819
f 1819/2815/1819 1821/2818/1821 1817/2816/1817
f 1700/2610/1700 1596/2458/1596 1749/2705/1749
f 1822/2819/1822 1823/2820/1823 1750/2706/1750
f 1750/2706/1750 1823/2820/1823 1820/2817/1820
f 1823/2820/1823 1824/2821/1824 1820/2817/1820
f 1820/2817/1820 1824/2821/1824 1821/2818/1821
f 1817/2813/1817 1821/2822/1821 1825/2823/1825
f 1817/2813/1817 1825/2823/1825 1816/2809/1816
f 1750/2706/1750 1653/2707/1653 1826/2824/1826
f 1826/2824/1826 1827/2825/1827 1750/2706/1750
f 1750/2706/1750 1827/2825/1827 1822/2819/1822
f 1822/2819/1822 1824/2821/1824 1823/2820/1823
f 1822/2819/1822 1827/2825/1827 1824/2821/1824
f 1824/2826/1824 1825/2823/1825 1821/2822/1821
f 1816/2809/1816 1828/2827/1828 1818/2814/1818
f 1818/2814/1818 1828/2827/1828 1829/2828/1829
f 1826/2829/1826 1653/2541/1653 1830/2830/1830
f 1827/2825/1827 1831/2831/1831 1824/2821/1824
f 1824/2821/1824 1831/2831/1831 1825/2832/1825
f 1832/2833/1832 1653/2541/1653 1751/2708/1751
f 1830/2830/1830 1653/2541/1653 1832/2833/1832
f 1816/2809/1816 1833/2834/1833 1828/2827/1828
f 1515/2332/1515 1834/2835/1834 1554/2389/1554
f 1834/2835/1834 1751/2708/1751 1554/2389/1554
f 1831/2836/1831 1835/2837/1835 1836/2838/1836
f 1831/2839/1831 1836/2840/1836 1825/2823/1825
f 1816/2809/1816 1825/2823/1825 1836/2840/1836
f 1836/2840/1836 1833/2834/1833 1816/2809/1816
f 1829/2828/1829 1828/2827/1828 1833/2834/1833
f 1829/2828/1829 1833/2834/1833 1837/2841/1837
f 1833/2834/1833 1836/2840/1836 1838/2842/1838
f 1655/2843/1655 1306/2844/1306 1702/2845/1702
f 1701/2611/1701 1520/2339/1520 1390/2128/1390
f 1833/2834/1833 1838/2842/1838 1839/2846/1839
f 1840/2847/1840 1521/2340/1521 1520/2339/1520
f 1839/2848/1839 1838/2849/1838 1841/2850/1841
f 1838/2849/1838 1842/2851/1842 1841/2850/1841
f 1836/2852/1836 1842/2851/1842 1838/2849/1838
f 1339/2033/1339 1338/2032/1338 1193/1794/1193
f 1843/2853/1843 1486/2287/1486 1336/2286/1336
f 1844/2854/1844 1486/2287/1486 1843/2853/1843
f 1845/2855/1845 1338/2856/1338 1339/2857/1339
f 1846/2858/1846 1392/2391/1392 1522/2342/1522
f 1752/2711/1752 1847/2859/1847 1705/2619/1705
f 1848/2860/1848 1753/2712/1753 1705/2619/1705
f 1848/2860/1848 1754/2713/1754 1753/2712/1753
f 1849/2861/1849 1555/2461/1555 1364/2078/1364
f 1850/2862/1850 1660/2551/1660 1659/2549/1659
f 1365/2079/1365 1599/2463/1599 1755/2714/1755
f 1756/2715/1756 1851/2863/1851 1755/2714/1755
f 1759/2718/1759 1852/2864/1852 1760/2719/1760
f 1760/2719/1760 1852/2864/1852 1761/2720/1761
f 1756/2715/1756 1758/2717/1758 1851/2863/1851
f 1853/2865/1853 1759/2718/1759 1271/2291/1271
f 1759/2718/1759 1854/2866/1854 1852/2864/1852
f 1761/2720/1761 1852/2864/1852 1855/2867/1855
f 1762/2721/1762 1851/2863/1851 1758/2717/1758
f 1761/2720/1761 1855/2867/1855 1856/2868/1856
f 1761/2720/1761 1856/2868/1856 1762/2721/1762
f 1559/2401/1559 1763/2722/1763 1709/2626/1709
f 1524/2347/1524 1492/2296/1492 1857/2869/1857
f 1858/2870/1858 1366/2083/1366 1709/2626/1709
f 1492/2296/1492 1491/2295/1491 1857/2869/1857
f 1366/2083/1366 1858/2870/1858 1710/2627/1710
f 1560/2871/1560 1664/2872/1664 1859/2873/1859
f 1664/2559/1664 1441/2215/1441 1859/2874/1859
f 1560/2871/1560 1860/2875/1860 1526/2723/1526
f 1860/2875/1860 1861/2876/1861 1526/2723/1526
f 1526/2723/1526 1861/2876/1861 1711/2628/1711
f 1604/2629/1604 1862/2877/1862 1496/2878/1496
f 1863/2879/1863 1768/2880/1768 1864/2881/1864
f 1863/2879/1863 1767/2882/1767 1768/2880/1768
f 1865/2883/1865 1866/2884/1866 1767/2885/1767
f 1768/2880/1768 1867/2886/1867 1864/2881/1864
f 1867/2886/1867 1768/2880/1768 1868/2887/1868
f 1768/2733/1768 1769/2735/1769 1868/2888/1868
f 1868/2888/1868 1769/2735/1769 1869/2889/1869
f 1870/2890/1870 1871/2891/1871 1872/2892/1872
f 1872/2892/1872 1871/2891/1871 1873/2893/1873
f 1873/2893/1873 1871/2891/1871 1874/2894/1874
f 1870/2890/1870 1875/2895/1875 1772/2739/1772
f 1870/2890/1870 1772/2739/1772 1871/2891/1871
f 1764/2724/1764 1876/2896/1876 1528/2352/1528
f 1715/2754/1715 1766/2897/1766 1877/2898/1877
f 1769/2735/1769 1773/2899/1773 1869/2889/1869
f 1875/2895/1875 1770/2737/1770 1772/2739/1772
f 1772/2739/1772 1771/2738/1771 1871/2891/1871
f 1871/2891/1871 1771/2738/1771 1878/2900/1878
f 1871/2891/1871 1878/2900/1878 1874/2894/1874
f 1874/2894/1874 1878/2900/1878 1879/2901/1879
f 1880/2902/1880 1712/2747/1712 1876/2903/1876
f 1528/2352/1528 1876/2896/1876 1712/2631/1712
f 1875/2895/1875 1775/2744/1775 1770/2737/1770
f 1771/2738/1771 1776/2745/1776 1878/2900/1878
f 1878/2900/1878 1776/2745/1776 1564/2407/1564
f 1878/2900/1878 1564/2407/1564 1879/2901/1879
f 1713/2632/1713 1879/2901/1879 1564/2407/1564
f 1448/2633/1448 1879/2901/1879 1713/2632/1713
f 1448/2904/1448 1781/2905/1781 1879/2906/1879
f 1781/2751/1781 1778/2748/1778 1881/2907/1881
f 1880/2902/1880 1882/2908/1882 1778/2748/1778
f 1880/2902/1880 1778/2748/1778 1777/2746/1777
f 1880/2902/1880 1777/2746/1777 1712/2747/1712
f 1875/2895/1875 1883/2909/1883 1775/2744/1775
f 1781/2751/1781 1566/2412/1566 1778/2748/1778
f 1883/2909/1883 1610/2752/1610 1780/2750/1780
f 1883/2909/1883 1780/2750/1780 1775/2744/1775
f 1877/2898/1877 1884/2910/1884 1715/2754/1715
f 1885/2911/1885 1499/2308/1499 1666/2561/1666
f 1715/2754/1715 1884/2910/1884 1783/2755/1783
f 1783/2755/1783 1886/2912/1886 1786/2760/1786
f 1722/2766/1722 1887/2913/1887 1784/2757/1784
f 1787/2765/1787 1786/2761/1786 1788/2767/1788
f 1788/2767/1788 1789/2768/1789 1720/2649/1720
f 1789/2768/1789 1788/2767/1788 1567/2656/1567
f 1726/2660/1726 1675/2573/1675 1790/2769/1790
f 1675/2573/1675 1730/2664/1730 1790/2769/1790
f 1679/2577/1679 1680/2578/1680 1888/2914/1888
f 1792/2915/1792 1676/2574/1676 1572/2424/1572
f 1794/2775/1794 1570/2420/1570 1796/2777/1796
f 1728/2662/1728 1623/2496/1623 1795/2776/1795
f 1624/2916/1624 1625/2917/1625 1889/2918/1889
f 1890/2919/1890 1622/2494/1622 1571/2423/1571
f 1797/2779/1797 1574/2426/1574 1891/2920/1891
f 1890/2919/1890 1891/2921/1891 1574/2585/1574
f 1574/2585/1574 1622/2494/1622 1890/2919/1890
f 1626/2501/1626 1799/2783/1799 1798/2922/1798
f 1734/2672/1734 1800/2923/1800 1733/2671/1733
f 1801/2786/1801 1547/2667/1547 1892/2924/1892
f 1893/2925/1893 1552/2926/1552 1802/2927/1802
f 1737/2681/1737 1894/2928/1894 1635/2513/1635
f 1894/2928/1894 1642/2790/1642 1635/2513/1635
f 1895/2929/1895 1810/2800/1810 1552/2802/1552
f 1808/2798/1808 1737/2681/1737 1736/2680/1736
f 1896/2930/1896 1644/2527/1644 1803/2791/1803
f 1694/2597/1694 1809/2799/1809 1698/2604/1698
f 1804/2792/1804 1739/2686/1739 1805/2793/1805
f 1644/2528/1644 1896/2931/1896 1549/2380/1549
f 1809/2799/1809 1897/2932/1897 1699/2605/1699
f 1739/2686/1739 1699/2688/1699 1898/2933/1898
f 1740/2934/1740 1742/2935/1742 1899/2936/1899
f 1740/2937/1740 1899/2938/1899 1806/2939/1806
f 1593/2455/1593 1805/2793/1805 1900/2940/1900
f 1593/2455/1593 1900/2940/1900 1812/2804/1812
f 1811/2803/1811 1747/2941/1747 1901/2942/1901
f 1649/2601/1649 1747/2941/1747 1811/2803/1811
f 1812/2943/1812 1595/2457/1595 1512/2329/1512
f 1747/2702/1747 1818/2814/1818 1901/2944/1901
f 1477/2945/1477 1655/2946/1655 1742/2947/1742
f 1901/2944/1901 1818/2814/1818 1829/2828/1829
f 1513/2330/1513 1902/2948/1902 1515/2332/1515
f 1830/2949/1830 1831/2831/1831 1826/2824/1826
f 1826/2824/1826 1831/2831/1831 1827/2825/1827
f 1700/2610/1700 1654/2950/1654 1553/2388/1553
f 1830/2830/1830 1832/2833/1832 1835/2837/1835
f 1830/2830/1830 1835/2837/1835 1831/2836/1831
f 1834/2835/1834 1903/2951/1903 1751/2708/1751
f 1751/2708/1751 1904/2952/1904 1832/2833/1832
f 1751/2708/1751 1903/2951/1903 1904/2952/1904
f 1832/2833/1832 1904/2952/1904 1905/2953/1905
f 1832/2833/1832 1905/2953/1905 1835/2837/1835
f 1654/2542/1654 1906/2954/1906 1701/2710/1701
f 1835/2955/1835 1907/2956/1907 1836/2957/1836
f 1837/2841/1837 1839/2846/1839 1908/2958/1908
f 1907/2956/1907 1909/2959/1909 1836/2957/1836
f 1833/2834/1833 1839/2846/1839 1837/2841/1837
f 1909/2959/1909 1910/2960/1910 1836/2957/1836
f 1910/2960/1910 1911/2961/1911 1836/2957/1836
f 1839/2848/1839 1841/2850/1841 1912/2962/1912
f 1910/2960/1910 1913/2963/1913 1911/2961/1911
f 1841/2850/1841 1842/2851/1842 1912/2962/1912
f 1842/2851/1842 1914/2964/1914 1912/2962/1912
f 1911/2965/1911 1842/2966/1842 1836/2967/1836
f 1911/2961/1911 1913/2963/1913 1915/2968/1915
f 1911/2969/1911 1915/2970/1915 1842/2851/1842
f 1916/2971/1916 1915/2968/1915 1913/2963/1913
f 1194/2972/1194 1917/2973/1917 1339/2857/1339
f 1844/2854/1844 1918/2974/1918 1486/2287/1486
f 1918/2975/1918 1919/2976/1919 1486/2546/1486
f 1486/2546/1486 1919/2976/1919 1656/2544/1656
f 1705/2619/1705 1847/2859/1847 1848/2860/1848
f 1914/2964/1914 1842/2851/1842 1920/2977/1920
f 1843/2853/1843 1921/2978/1921 1844/2854/1844
f 1656/2544/1656 1922/2979/1922 1522/2342/1522
f 1846/2858/1846 1752/2980/1752 1392/2391/1392
f 1848/2860/1848 1847/2859/1847 1850/2862/1850
f 1848/2860/1848 1850/2862/1850 1754/2713/1754
f 1850/2862/1850 1659/2549/1659 1754/2713/1754
f 1842/2851/1842 1923/2981/1923 1920/2977/1920
f 1915/2970/1915 1924/2982/1924 1842/2851/1842
f 1916/2971/1916 1924/2983/1924 1915/2968/1915
f 1924/2982/1924 1923/2981/1923 1842/2851/1842
f 1068/2622/1068 1707/2624/1707 1601/2984/1601
f 1755/2714/1755 1925/2985/1925 1365/2079/1365
f 1850/2862/1850 1926/2986/1926 1660/2551/1660
f 1432/2203/1432 1927/2987/1927 1391/2459/1391
f 1851/2863/1851 1928/2988/1928 1755/2714/1755
f 1755/2714/1755 1928/2988/1928 1925/2985/1925
f 1929/2989/1929 1853/2865/1853 1271/2291/1271
f 1759/2718/1759 1853/2865/1853 1930/2990/1930
f 1759/2718/1759 1930/2990/1930 1854/2866/1854
f 1436/2397/1436 1927/2987/1927 1432/2203/1432
f 1931/2991/1931 1923/2981/1923 1924/2982/1924
f 1854/2866/1854 1930/2990/1930 1932/2992/1932
f 1854/2866/1854 1932/2992/1932 1852/2864/1852
f 1852/2864/1852 1932/2992/1932 1855/2867/1855
f 1762/2721/1762 1933/2993/1933 1851/2863/1851
f 1851/2863/1851 1933/2993/1933 1934/2994/1934
f 1923/2981/1923 1935/2995/1935 1936/2996/1936
f 1923/2981/1923 1937/2997/1937 1935/2995/1935
f 1937/2997/1937 1936/2996/1936 1935/2995/1935
f 1932/2992/1932 1856/2868/1856 1855/2867/1855
f 1856/2868/1856 1933/2993/1933 1762/2721/1762
f 1923/2981/1923 1931/2991/1931 1937/2997/1937
f 1937/2998/1937 1938/2999/1938 1936/3000/1936
f 1937/2998/1937 1939/3001/1939 1938/2999/1938
f 1857/2869/1857 1491/2295/1491 1662/2557/1662
f 1710/2627/1710 1940/3002/1940 1663/2558/1663
f 1493/2297/1493 1710/2627/1710 1663/2558/1663
f 1663/2558/1663 1940/3002/1940 1662/2557/1662
f 1560/2871/1560 1859/2873/1859 1860/2875/1860
f 1864/3003/1864 1941/3004/1941 1942/3005/1942
f 1441/3006/1441 1495/3007/1495 1943/3008/1943
f 1865/2883/1865 1863/3009/1863 1944/3010/1944
f 1944/3010/1944 1863/3009/1863 1942/3011/1942
f 1864/3003/1864 1945/3012/1945 1941/3004/1941
f 1941/3004/1941 1945/3012/1945 1946/3013/1946
f 1711/2628/1711 1861/2876/1861 1604/2629/1604
f 1861/2876/1861 1947/3014/1947 1604/2629/1604
f 1495/3007/1495 1605/3015/1605 1943/3008/1943
f 1863/2879/1863 1864/2881/1864 1942/3016/1942
f 1864/2881/1864 1867/2886/1867 1945/3017/1945
f 1945/3012/1945 1867/3018/1867 1946/3013/1946
f 1863/3009/1863 1865/2883/1865 1767/2885/1767
f 1948/3019/1948 1949/3020/1949 1950/3021/1950
f 1948/3019/1948 1951/3022/1951 1952/3023/1952
f 1948/3019/1948 1950/3021/1950 1951/3022/1951
f 1865/2883/1865 1953/3024/1953 1866/2884/1866
f 1954/3025/1954 1955/3026/1955 1949/3020/1949
f 1949/3020/1949 1955/3026/1955 1950/3021/1950
f 1496/2878/1496 1862/2877/1862 1527/3027/1527
f 1954/3025/1954 1956/3028/1956 1955/3026/1955
f 1955/3026/1955 1957/3029/1957 1950/3021/1950
f 1862/2877/1862 1958/3030/1958 1527/3027/1527
f 1959/3031/1959 1960/3032/1960 1956/3033/1956
f 1959/3031/1959 1961/3034/1961 1960/3032/1960
f 1956/3028/1956 1960/3035/1960 1955/3026/1955
f 1767/2885/1767 1866/2884/1866 1962/3036/1962
f 1959/3031/1959 1963/3037/1963 1961/3034/1961
f 1955/3026/1955 1960/3035/1960 1957/3029/1957
f 1527/3038/1527 1964/3039/1964 1562/2404/1562
f 1965/3040/1965 1966/3041/1966 1963/3037/1963
f 1963/3037/1963 1966/3041/1966 1961/3034/1961
f 1767/2885/1767 1962/3036/1962 1877/3042/1877
f 1867/3043/1867 1868/2888/1868 1967/3044/1967
f 1965/3040/1965 1968/3045/1968 1966/3041/1966
f 1966/3041/1966 1969/3046/1969 1961/3034/1961
f 1961/3034/1961 1969/3046/1969 1960/3032/1960
f 1968/3045/1968 1969/3046/1969 1966/3041/1966
f 1965/3047/1965 1970/3048/1970 1971/3049/1971
f 1965/3047/1965 1969/3050/1969 1968/3051/1968
f 1965/3047/1965 1971/3049/1971 1969/3050/1969
f 1868/2888/1868 1869/2889/1869 1967/3044/1967
f 1970/3048/1970 1972/3052/1972 1971/3049/1971
f 1970/3048/1970 1973/3053/1973 1972/3052/1972
f 1971/3049/1971 1972/3052/1972 1969/3050/1969
f 1873/2893/1873 1973/3053/1973 1970/3048/1970
f 1873/2893/1873 1972/3052/1972 1973/3053/1973
f 1767/3054/1767 1877/2898/1877 1766/2897/1766
f 1873/2893/1873 1970/3048/1970 1872/2892/1872
f 1870/2890/1870 1872/2892/1872 1970/3048/1970
f 1873/2893/1873 1874/2894/1874 1972/3052/1972
f 1972/3052/1972 1974/3055/1974 1969/3050/1969
f 1972/3052/1972 1874/2894/1874 1974/3055/1974
f 1969/3050/1969 1974/3055/1974 1975/3056/1975
f 1974/3055/1974 1874/2894/1874 1976/3057/1976
f 1977/3058/1977 1876/2903/1876 1764/3059/1764
f 1879/2901/1879 1976/3057/1976 1874/2894/1874
f 1879/2906/1879 1781/2905/1781 1976/3060/1976
f 1976/3060/1976 1781/2905/1781 1978/3061/1978
f 1977/3058/1977 1882/2908/1882 1876/2903/1876
f 1882/2908/1882 1880/2902/1880 1876/2903/1876
f 1978/3062/1978 1781/2751/1781 1881/2907/1881
f 1881/2907/1881 1778/2748/1778 1882/2908/1882
f 1371/3063/1371 1370/3064/1370 1979/3065/1979
f 1886/2912/1886 1783/2755/1783 1884/2910/1884
f 1886/2912/1886 1980/3066/1980 1786/2760/1786
f 1981/3067/1981 1373/2359/1373 1785/2758/1785
f 1980/3068/1980 1788/2767/1788 1786/2761/1786
f 1671/2770/1671 1567/2656/1567 1788/2767/1788
f 1793/2774/1793 1455/2313/1455 1982/3069/1982
f 1983/3070/1983 1888/2914/1888 1680/2578/1680
f 1890/2919/1890 1571/2423/1571 1793/2774/1793
f 1983/3070/1983 1680/2578/1680 1797/2778/1797
f 1731/2665/1731 1984/3071/1984 1796/2777/1796
f 1985/3072/1985 1732/2666/1732 1733/2671/1733
f 1889/2918/1889 1625/2917/1625 1798/3073/1798
f 1986/3074/1986 1733/2671/1733 1800/2923/1800
f 1798/3075/1798 1799/2781/1799 1987/3076/1987
f 1987/3076/1987 1799/2781/1799 1988/3077/1988
f 1988/3077/1988 1799/2781/1799 1679/2577/1679
f 1689/3078/1689 1802/2788/1802 1590/2787/1590
f 1552/2926/1552 1893/2925/1893 1895/3079/1895
f 1989/3080/1989 1809/2799/1809 1694/2597/1694
f 1808/2798/1808 1807/2796/1807 1990/3081/1990
f 1991/3082/1991 1992/3083/1992 1896/2931/1896
f 1992/3083/1992 1549/2380/1549 1896/2931/1896
f 1898/2933/1898 1699/2688/1699 1897/3084/1897
f 1992/3083/1992 1814/2807/1814 1549/2380/1549
f 1993/3085/1993 1813/2805/1813 1741/2801/1741
f 1994/3086/1994 1815/2808/1815 1814/2807/1814
f 1901/2944/1901 1829/2828/1829 1837/2841/1837
f 1902/2948/1902 1834/2835/1834 1515/2332/1515
f 1995/3087/1995 1655/2946/1655 1996/3088/1996
f 1904/2952/1904 1997/3089/1997 1905/2953/1905
f 1997/3089/1997 1835/2837/1835 1905/2953/1905
f 1997/3089/1997 1907/3090/1907 1835/2837/1835
f 1839/2846/1839 1912/3091/1912 1908/2958/1908
f 1909/2959/1909 1913/2963/1913 1910/2960/1910
f 1998/3092/1998 1336/3093/1336 1338/3094/1338
f 1998/3095/1998 1843/2853/1843 1336/2286/1336
f 1914/2964/1914 1920/2977/1920 1999/3096/1999
f 1556/2393/1556 1917/2973/1917 1194/2972/1194
f 1998/3092/1998 2000/3097/2000 1843/3098/1843
f 1918/2975/1918 1656/2544/1656 1919/2976/1919
f 1918/2975/1918 2001/3099/2001 1656/2544/1656
f 2001/3099/2001 1922/2979/1922 1656/2544/1656
f 2002/3100/2002 1847/2859/1847 1752/2711/1752
f 1913/2963/1913 2003/3101/2003 1916/2971/1916
f 1846/2858/1846 1522/2342/1522 1922/2979/1922
f 2004/3102/2004 1916/2971/1916 2003/3101/2003
f 1921/2978/1921 1843/2853/1843 2000/3103/2000
f 2005/3104/2005 1364/2078/1364 1365/2140/1365
f 2004/3102/2004 1924/2983/1924 1916/2971/1916
f 2006/3105/2006 1365/2079/1365 1925/2985/1925
f 2005/3106/2005 1365/2079/1365 2006/3105/2006
f 1920/2977/1920 1923/2981/1923 2007/3107/2007
f 1925/2985/1925 1928/2988/1928 2008/3108/2008
f 2009/3109/2009 1932/3110/1932 1930/3111/1930
f 2004/3112/2004 2010/3113/2010 1924/3114/1924
f 1924/3114/1924 2010/3113/2010 1931/3115/1931
f 2007/3107/2007 1923/2981/1923 1936/2996/1936
f 1851/2863/1851 1934/2994/1934 1928/2988/1928
f 2010/3113/2010 2011/3116/2011 1931/3115/1931
f 1934/2994/1934 2008/3108/2008 1928/2988/1928
f 1660/2551/1660 1763/3117/1763 1557/2554/1557
f 1436/2555/1436 1524/2347/1524 1927/3118/1927
f 1931/3119/1931 1939/3001/1939 1937/2998/1937
f 1932/2992/1932 2012/3120/2012 1856/2868/1856
f 1857/2869/1857 1927/3118/1927 1524/2347/1524
f 2013/3121/2013 1939/3001/1939 1931/3119/1931
f 1939/3001/1939 2014/3122/2014 1938/2999/1938
f 2013/3121/2013 2015/3123/2015 1939/3001/1939
f 1938/2999/1938 2014/3122/2014 2016/3124/2016
f 2015/3123/2015 2014/3122/2014 1939/3001/1939
f 2016/3124/2016 2014/3122/2014 2015/3123/2015
f 1709/2626/1709 2017/3125/2017 1858/2870/1858
f 2018/3126/2018 1857/2869/1857 1662/2557/1662
f 2019/3127/2019 1946/3013/1946 2020/3128/2020
f 2019/3127/2019 1942/3005/1942 1941/3004/1941
f 1941/3004/1941 1946/3013/1946 2019/3127/2019
f 2019/3129/2019 1944/3010/1944 1942/3011/1942
f 2021/3130/2021 1441/3006/1441 1943/3008/1943
f 1944/3010/1944 2022/3131/2022 1865/2883/1865
f 2022/3131/2022 1962/3036/1962 1865/2883/1865
f 1947/3014/1947 1862/2877/1862 1604/2629/1604
f 1946/3132/1946 1867/3133/1867 2023/3134/2023
f 2024/3135/2024 1948/3019/1948 2025/3136/2025
f 1952/3023/1952 2025/3136/2025 1948/3019/1948
f 2024/3135/2024 1954/3025/1954 1949/3020/1949
f 2024/3135/2024 1949/3020/1949 1948/3019/1948
f 2026/3137/2026 1952/3023/1952 1951/3022/1951
f 2027/3138/2027 1956/3028/1956 2024/3135/2024
f 1954/3025/1954 2024/3135/2024 1956/3028/1956
f 2026/3137/2026 1951/3022/1951 2028/3139/2028
f 2027/3138/2027 1959/3140/1959 1956/3028/1956
f 2028/3139/2028 1951/3022/1951 1950/3021/1950
f 1953/3024/1953 1962/3036/1962 1866/2884/1866
f 2027/3141/2027 2029/3142/2029 1963/3037/1963
f 2027/3141/2027 1963/3037/1963 1959/3031/1959
f 2030/3143/2030 1950/3021/1950 1957/3029/1957
f 2028/3139/2028 1950/3021/1950 2030/3143/2030
f 1960/3035/1960 2031/3144/2031 1957/3029/1957
f 2029/3142/2029 1965/3040/1965 1963/3037/1963
f 2023/3134/2023 1867/3133/1867 1967/3145/1967
f 2029/3146/2029 1970/3048/1970 1965/3047/1965
f 2032/3147/2032 2031/3148/2031 2033/3149/2033
f 2033/3149/2033 2031/3148/2031 1960/3032/1960
f 1969/3046/1969 2033/3149/2033 1960/3032/1960
f 1967/3044/1967 1869/2889/1869 2034/3150/2034
f 1969/3046/1969 2035/3151/2035 2033/3149/2033
f 1969/3046/1969 1975/3152/1975 2035/3151/2035
f 1875/2895/1875 1870/2890/1870 1970/3048/1970
f 1974/3153/1974 1976/3060/1976 2036/3154/2036
f 2036/3154/2036 1976/3060/1976 1978/3061/1978
f 1882/2908/1882 1977/3058/1977 1764/3059/1764
f 1779/2749/1779 1443/2222/1443 2037/3155/2037
f 2038/3156/2038 1497/2302/1497 1033/1539/1033
f 1665/2560/1665 1499/2308/1499 1885/2911/1885
f 2034/3150/2034 1869/2889/1869 2039/3157/2039
f 1877/2898/1877 2040/3158/2040 1884/2910/1884
f 1773/2741/1773 2039/3159/2039 1869/3160/1869
f 1372/3161/1372 1610/2752/1610 1883/2909/1883
f 1884/2910/1884 2040/3158/2040 1886/2912/1886
f 1981/3067/1981 2041/3162/2041 1373/2359/1373
f 2042/3163/2042 1569/2764/1569 1794/3164/1794
f 1671/2770/1671 1788/2767/1788 1791/2771/1791
f 1795/3165/1795 1624/2916/1624 2043/3166/2043
f 2043/3166/2043 1624/2916/1624 1889/2918/1889
f 2044/3167/2044 1728/3168/1728 1795/3165/1795
f 2045/3169/2045 1679/2577/1679 1888/2914/1888
f 1794/2775/1794 1796/2777/1796 2046/3170/2046
f 2046/3170/2046 1796/2777/1796 1984/3071/1984
f 1732/2666/1732 1984/3071/1984 1731/2665/1731
f 1733/2671/1733 1986/3074/1986 1985/3072/1985
f 1687/2587/1687 1728/2662/1728 2044/3171/2044
f 1988/3077/1988 1679/2577/1679 2045/3169/2045
f 1800/3172/1800 2047/3173/2047 1986/3174/1986
f 1800/2785/1800 2048/3175/2048 2047/3176/2047
f 1800/2785/1800 1687/2587/1687 2048/3175/2048
f 1802/2788/1802 1689/3078/1689 2049/3177/2049
f 1689/3078/1689 1676/3178/1676 2049/3177/2049
f 1802/2927/1802 2050/3179/2050 1893/2925/1893
f 2050/3179/2050 1895/3079/1895 1893/2925/1893
f 1547/2667/1547 1696/2602/1696 1892/2924/1892
f 1810/2800/1810 2051/3180/2051 1741/2801/1741
f 1737/2681/1737 1808/2798/1808 2052/3181/2052
f 1737/2681/1737 2052/3181/2052 1894/2928/1894
f 2053/3182/2053 1805/2793/1805 1739/2686/1739
f 2051/3180/2051 1993/3085/1993 1741/2801/1741
f 1898/3183/1898 1897/2932/1897 1809/2799/1809
f 2053/3182/2053 1900/2940/1900 1805/2793/1805
f 1806/3184/1806 1899/2936/1899 2054/3185/2054
f 2054/3185/2054 2055/3186/2055 1806/3184/1806
f 1806/2795/1806 2055/3187/2055 1807/2796/1807
f 2055/3187/2055 1990/3081/1990 1807/2796/1807
f 2053/3182/2053 1812/2804/1812 1900/2940/1900
f 1899/2936/1899 1742/2935/1742 2054/3185/2054
f 1743/2697/1743 1989/3080/1989 1694/2597/1694
f 1814/2807/1814 1992/3083/1992 1994/3086/1994
f 1595/2457/1595 1902/2948/1902 1513/2330/1513
f 1903/2951/1903 2056/3188/2056 1904/2952/1904
f 1904/2952/1904 2056/3188/2056 1997/3089/1997
f 1997/3189/1997 1909/2959/1909 1907/2956/1907
f 1655/2946/1655 1702/3190/1702 1996/3088/1996
f 1701/2611/1701 1840/2847/1840 1520/2339/1520
f 2057/3191/2057 1913/2963/1913 1909/2959/1909
f 1914/2964/1914 1999/3096/1999 1912/2962/1912
f 1391/3192/1391 2058/3193/2058 1702/3194/1702
f 2001/3099/2001 1918/2975/1918 1922/2979/1922
f 1913/2963/1913 2059/3195/2059 2003/3101/2003
f 2059/3195/2059 2004/3102/2004 2003/3101/2003
f 1999/3096/1999 1920/2977/1920 2060/3196/2060
f 2061/3197/2061 1921/3198/1921 2000/3097/2000
f 1849/3199/1849 2062/3200/2062 1555/2392/1555
f 2061/3197/2061 2063/3201/2063 1921/3198/1921
f 1844/3202/1844 2064/3203/2064 2065/3204/2065
f 1921/3198/1921 2064/3205/2064 1844/3206/1844
f 1925/2985/1925 2005/3106/2005 2006/3105/2006
f 1920/2977/1920 2007/3107/2007 2066/3207/2066
f 1853/2865/1853 2067/3208/2067 1930/2990/1930
f 2011/3116/2011 2010/3113/2010 2004/3112/2004
f 2007/3107/2007 1936/2996/1936 2066/3207/2066
f 1934/2994/1934 2068/3209/2068 2008/3108/2008
f 1938/2999/1938 2016/3124/2016 2069/3210/2069
f 1933/2993/1933 2070/3211/2070 1934/2994/1934
f 1934/2994/1934 2070/3211/2070 2068/3209/2068
f 1763/2722/1763 2071/3212/2071 1709/2626/1709
f 2012/3120/2012 2072/3213/2072 1856/2868/1856
f 1856/2868/1856 2072/3213/2072 1933/2993/1933
f 2015/3123/2015 2073/3214/2073 2016/3124/2016
f 1860/2875/1860 1859/2873/1859 2074/3215/2074
f 2020/3128/2020 2075/3216/2075 2076/3217/2076
f 2077/3218/2077 2076/3217/2076 2075/3216/2075
f 2077/3219/2077 2075/3220/2075 2078/3221/2078
f 1946/3013/1946 2075/3216/2075 2020/3128/2020
f 2075/3220/2075 1946/3222/1946 2078/3221/2078
f 2079/3223/2079 1861/2876/1861 1860/2875/1860
f 2080/3224/2080 1944/3010/1944 2019/3129/2019
f 1946/3222/1946 2081/3225/2081 2078/3221/2078
f 1946/3222/1946 2023/3226/2023 2081/3225/2081
f 1953/3024/1953 1865/2883/1865 1962/3036/1962
f 1952/3023/1952 2082/3227/2082 2025/3136/2025
f 1952/3023/1952 2026/3137/2026 2082/3227/2082
f 2083/3228/2083 2027/3138/2027 2024/3135/2024
f 2031/3144/2031 2032/3229/2032 1957/3029/1957
f 1957/3029/1957 2032/3229/2032 2030/3143/2030
f 1964/3039/1964 2084/3230/2084 1562/2404/1562
f 1562/2404/1562 2084/3230/2084 1764/2724/1764
f 2033/3149/2033 2035/3151/2035 2085/3231/2085
f 1765/2726/1765 1665/2560/1665 2086/3232/2086
f 2035/3151/2035 2087/3233/2087 2085/3231/2085
f 2035/3151/2035 2036/3154/2036 2087/3233/2087
f 1975/3152/1975 2036/3154/2036 2035/3151/2035
f 2087/3233/2087 2036/3154/2036 2088/3234/2088
f 1974/3153/1974 2036/3154/2036 1975/3152/1975
f 1978/3061/1978 2088/3234/2088 2036/3154/2036
f 1978/3061/1978 2089/3235/2089 2088/3234/2088
f 2084/3236/2084 2090/3237/2090 1764/3059/1764
f 1882/2908/1882 2091/3238/2091 1881/2907/1881
f 1882/2908/1882 2092/3239/2092 2091/3238/2091
f 1764/3059/1764 2090/3237/2090 1882/2908/1882
f 1882/2908/1882 2090/3237/2090 2092/3239/2092
f 1530/2736/1530 2038/3156/2038 1033/1539/1033
f 2034/3240/2034 2039/3159/2039 2093/3241/2093
f 1779/3242/1779 2094/3243/2094 1565/3244/1565
f 1370/3245/1370 1372/3161/1372 2095/3246/2095
f 2039/3159/2039 1773/2741/1773 1782/2753/1782
f 1886/2912/1886 2040/3158/2040 1980/3066/1980
f 1980/3068/1980 2096/3247/2096 1788/2767/1788
f 1887/3248/1887 1722/2652/1722 1790/2769/1790
f 1794/3164/1794 2097/3249/2097 2042/3163/2042
f 1794/3164/1794 2046/3250/2046 2097/3249/2097
f 1795/3165/1795 2043/3166/2043 2044/3167/2044
f 1890/2919/1890 2098/3251/2098 1891/2921/1891
f 1890/2919/1890 2099/3252/2099 2098/3251/2098
f 1793/2774/1793 2099/3252/2099 1890/2919/1890
f 1732/2666/1732 1985/3072/1985 1984/3071/1984
f 1889/2918/1889 1798/3073/1798 2100/3253/2100
f 1797/2778/1797 1891/3254/1891 1983/3070/1983
f 1687/2587/1687 2044/3171/2044 2048/3175/2048
f 1892/2924/1892 1696/2602/1696 2101/3255/2101
f 1895/2929/1895 2102/3256/2102 1810/2800/1810
f 2102/3257/2102 2103/3258/2103 1810/3259/1810
f 2103/3260/2103 2051/3180/2051 1810/2800/1810
f 1642/2790/1642 1894/2928/1894 1803/3261/1803
f 1898/2933/1898 2104/3262/2104 1739/2686/1739
f 2104/3262/2104 2053/3182/2053 1739/2686/1739
f 1990/3081/1990 2105/3263/2105 1808/2798/1808
f 1993/3085/1993 2106/3264/2106 1813/2805/1813
f 2055/3186/2055 2054/3185/2054 2107/3265/2107
f 2055/3186/2055 2107/3265/2107 2108/3266/2108
f 2055/3186/2055 2108/3266/2108 1990/3267/1990
f 1815/2808/1815 2109/3268/2109 1745/2700/1745
f 1745/2700/1745 2109/3268/2109 1743/2697/1743
f 1749/2812/1749 1813/2811/1813 1700/3269/1700
f 1994/3270/1994 2109/3271/2109 1815/3272/1815
f 1901/2944/1901 1837/2841/1837 2110/3273/2110
f 1837/2841/1837 2111/3274/2111 2110/3273/2110
f 1655/2946/1655 1995/3087/1995 1742/2947/1742
f 1902/2948/1902 2112/3275/2112 1834/2835/1834
f 1834/2835/1834 2112/3275/2112 1903/2951/1903
f 1903/2951/1903 2112/3275/2112 2056/3188/2056
f 1906/2954/1906 1840/3276/1840 1701/2710/1701
f 1909/3277/1909 1997/3089/1997 2113/3278/2113
f 1913/2963/1913 2057/3191/2057 2059/3195/2059
f 1339/2857/1339 1917/2973/1917 1845/2855/1845
f 1847/2859/1847 2002/3100/2002 2114/3279/2114
f 1847/2859/1847 2114/3279/2114 1850/2862/1850
f 1850/2862/1850 2114/3279/2114 2115/3280/2115
f 1918/2975/1918 2116/3281/2116 1922/2979/1922
f 1922/2979/1922 2116/3281/2116 2117/3282/2117
f 1922/2979/1922 2117/3282/2117 2118/3283/2118
f 1922/2979/1922 2118/3283/2118 1846/2858/1846
f 1844/3284/1844 2065/3285/2065 1918/2975/1918
f 2116/3281/2116 1918/2975/1918 2065/3285/2065
f 2059/3195/2059 2119/3286/2119 2004/3102/2004
f 1925/2985/1925 2120/3287/2120 2005/3106/2005
f 2063/3201/2063 2061/3197/2061 2121/3288/2121
f 2063/3201/2063 2121/3288/2121 1921/3198/1921
f 1850/2862/1850 2122/3289/2122 1926/2986/1926
f 1925/2985/1925 2123/3290/2123 2120/3287/2120
f 1920/2977/1920 2066/3207/2066 2124/3291/2124
f 1929/3292/1929 2125/3293/2125 1853/3294/1853
f 1853/3294/1853 2125/3293/2125 2067/3295/2067
f 1930/3111/1930 2067/3295/2067 2009/3109/2009
f 1925/2985/1925 2008/3108/2008 2123/3290/2123
f 2066/3207/2066 1936/2996/1936 2069/3296/2069
f 1936/3000/1936 1938/2999/1938 2069/3210/2069
f 2068/3209/2068 2126/3297/2126 2008/3108/2008
f 2071/3212/2071 1763/2722/1763 1660/3298/1660
f 2011/3116/2011 2127/3299/2127 1931/3115/1931
f 1932/3300/1932 2128/3301/2128 2012/3302/2012
f 2127/3299/2127 2129/3303/2129 2013/3304/2013
f 1931/3115/1931 2127/3299/2127 2013/3304/2013
f 1709/2626/1709 2071/3212/2071 2017/3125/2017
f 2015/3123/2015 2013/3121/2013 2073/3214/2073
f 2073/3214/2073 2130/3305/2130 2016/3124/2016
f 2016/3124/2016 2130/3305/2130 2131/3306/2131
f 1933/3307/1933 2132/3308/2132 2133/3309/2133
f 2072/3310/2072 2132/3308/2132 1933/3307/1933
f 1933/3311/1933 2133/3312/2133 2070/3313/2070
f 1940/3002/1940 2134/3314/2134 1662/2557/1662
f 1940/3002/1940 1710/2627/1710 2134/3314/2134
f 1859/2873/1859 2135/3315/2135 2074/3215/2074
f 1859/2873/1859 2136/3316/2136 2135/3315/2135
f 1859/2873/1859 1441/3006/1441 2136/3316/2136
f 1441/3006/1441 2021/3130/2021 2136/3316/2136
f 1860/2875/1860 2074/3215/2074 2079/3223/2079
f 2080/3224/2080 2022/3131/2022 1944/3010/1944
f 2027/3141/2027 2137/3317/2137 2029/3142/2029
f 1958/3030/1958 1964/3318/1964 1527/3027/1527
f 2023/3134/2023 1967/3145/1967 2138/3319/2138
f 1606/2725/1606 1765/2726/1765 1605/3320/1605
f 2033/3149/2033 2139/3321/2139 2032/3147/2032
f 2033/3149/2033 2140/3322/2140 2139/3321/2139
f 2033/3149/2033 2085/3231/2085 2140/3322/2140
f 2085/3231/2085 2087/3233/2087 2088/3234/2088
f 2085/3231/2085 2088/3234/2088 2089/3235/2089
f 1529/2353/1529 2141/3323/2141 1443/2222/1443
f 2090/3237/2090 2142/3324/2142 2092/3239/2092
f 2084/3236/2084 2142/3324/2142 2090/3237/2090
f 1774/2743/1774 1371/2090/1371 2143/3325/2143
f 1877/2898/1877 2144/3326/2144 2040/3158/2040
f 1883/2909/1883 2145/3327/2145 1372/3161/1372
f 1666/2762/1666 1569/2764/1569 2146/3328/2146
f 1782/2753/1782 1784/2757/1784 2147/3329/2147
f 1373/2359/1373 2041/3162/2041 1612/2483/1612
f 1788/2767/1788 2096/3247/2096 1791/2771/1791
f 1455/2772/1455 1791/2771/1791 1982/3330/1982
f 2046/3331/2046 1984/3332/1984 2148/3333/2148
f 2046/3250/2046 2148/3334/2148 2097/3249/2097
f 1793/2774/1793 1982/3069/1982 2099/3252/2099
f 1889/2918/1889 2100/3253/2100 2149/3335/2149
f 1790/2769/1790 1730/2664/1730 2150/3336/2150
f 1798/3075/1798 1987/3076/1987 2100/3337/2100
f 1987/3076/1987 2151/3338/2151 2100/3337/2100
f 1987/3076/1987 1988/3077/1988 2151/3338/2151
f 1988/3077/1988 2045/3169/2045 2151/3338/2151
f 1730/2664/1730 1801/3339/1801 2152/3340/2152
f 1801/3339/1801 2153/3341/2153 2152/3340/2152
f 1801/2786/1801 1892/2924/1892 2153/3342/2153
f 2050/3179/2050 2154/3343/2154 1895/3079/1895
f 2154/3343/2154 2155/3344/2155 1895/3079/1895
f 2155/3345/2155 2102/3346/2102 1895/3347/1895
f 1696/2602/1696 1811/2803/1811 2101/3255/2101
f 2051/3180/2051 2106/3264/2106 1993/3085/1993
f 1808/2798/1808 2105/3263/2105 2052/3181/2052
f 2104/3262/2104 1898/2933/1898 2156/3348/2156
f 2104/3262/2104 2156/3348/2156 2053/3182/2053
f 1901/2942/1901 2110/3349/2110 1811/2803/1811
f 1813/2805/1813 2106/3264/2106 2157/3350/2157
f 1595/2457/1595 1812/2943/1812 2158/3351/2158
f 1654/2950/1654 1700/2610/1700 2159/3352/2159
f 1995/3353/1995 1996/3354/1996 2160/3355/2160
f 2056/3188/2056 2112/3275/2112 2113/3278/2113
f 1521/2340/1521 1840/2847/1840 1703/3356/1703
f 1999/3096/1999 2060/3196/2060 2161/3357/2161
f 1308/2617/1308 1703/2616/1703 1706/3358/1706
f 1998/3092/1998 1338/3094/1338 2162/3359/2162
f 2000/3097/2000 1998/3092/1998 2162/3359/2162
f 2114/3279/2114 2002/3100/2002 2163/3360/2163
f 2114/3279/2114 2163/3360/2163 2115/3280/2115
f 2115/3280/2115 2163/3360/2163 1850/2862/1850
f 1391/2459/1391 1927/2987/1927 2058/3361/2058
f 2062/3200/2062 1556/2393/1556 1555/2392/1555
f 2000/3097/2000 2162/3359/2162 2061/3197/2061
f 1752/2980/1752 1846/2858/1846 2164/3362/2164
f 2116/3281/2116 2065/3285/2065 2117/3282/2117
f 2118/3283/2118 2165/3363/2165 1846/2858/1846
f 1363/3364/1363 1706/3365/1706 1707/3366/1707
f 2119/3367/2119 2166/3368/2166 2004/3112/2004
f 1601/2984/1601 1707/2624/1707 2167/3369/2167
f 2120/3287/2120 2123/3290/2123 2005/3106/2005
f 2121/3288/2121 2064/3205/2064 1921/3198/1921
f 1929/3292/1929 2168/3370/2168 2125/3293/2125
f 1929/3292/1929 2169/3371/2169 2168/3370/2168
f 2125/3293/2125 2168/3370/2168 2067/3295/2067
f 2067/3295/2067 2168/3370/2168 2170/3372/2170
f 2067/3295/2067 2170/3372/2170 2009/3109/2009
f 2004/3112/2004 2171/3373/2171 2011/3116/2011
f 2069/3210/2069 2172/3374/2172 2066/3375/2066
f 2008/3108/2008 2126/3297/2126 2123/3290/2123
f 2009/3109/2009 2128/3376/2128 1932/3110/1932
f 1927/3118/1927 1857/2869/1857 2173/3377/2173
f 2128/3301/2128 2174/3378/2174 2012/3302/2012
f 1857/2869/1857 2018/3126/2018 2175/3379/2175
f 2016/3124/2016 2131/3306/2131 2176/3380/2176
f 2070/3381/2070 2177/3382/2177 2068/3383/2068
f 2130/3384/2130 2073/3385/2073 2131/3386/2131
f 2072/3310/2072 2178/3387/2178 2132/3308/2132
f 2070/3381/2070 2179/3388/2179 2177/3382/2177
f 1858/2870/1858 2180/3389/2180 1710/2627/1710
f 2132/3308/2132 2178/3387/2178 2181/3390/2181
f 2070/3391/2070 2133/3392/2133 2179/3393/2179
f 2132/3394/2132 2181/3395/2181 2133/3396/2133
f 2182/3397/2182 2183/3398/2183 2184/3399/2184
f 2182/3397/2182 2077/3400/2077 2183/3398/2183
f 2077/3218/2077 2182/3401/2182 2076/3217/2076
f 2077/3219/2077 2078/3221/2078 2183/3402/2183
f 2020/3128/2020 2185/3403/2185 2019/3127/2019
f 2078/3221/2078 2081/3225/2081 2183/3402/2183
f 1861/2876/1861 2079/3223/2079 2186/3404/2186
f 1962/3036/1962 2022/3131/2022 2187/3405/2187
f 2023/3226/2023 2188/3406/2188 2081/3225/2081
f 2026/3137/2026 2189/3407/2189 2082/3227/2082
f 2023/3134/2023 2138/3319/2138 2188/3408/2188
f 2026/3137/2026 2028/3139/2028 2189/3407/2189
f 2027/3138/2027 2083/3228/2083 2137/3409/2137
f 1962/3036/1962 2190/3410/2190 2191/3411/2191
f 1958/3030/1958 2192/3412/2192 1964/3318/1964
f 2030/3143/2030 2032/3229/2032 2139/3413/2139
f 2138/3414/2138 1967/3415/1967 2193/3416/2193
f 1964/3039/1964 2192/3417/2192 2084/3230/2084
f 2139/3321/2139 2140/3322/2140 2194/3418/2194
f 2140/3322/2140 2085/3231/2085 2195/3419/2195
f 2089/3235/2089 2195/3419/2195 2085/3231/2085
f 2142/3324/2142 2084/3236/2084 2092/3239/2092
f 1665/2560/1665 2196/3420/2196 2086/3232/2086
f 1970/3048/1970 1883/2909/1883 1875/2895/1875
f 1565/3244/1565 1785/3421/1785 1243/3422/1243
f 1885/3423/1885 1666/2762/1666 2146/3328/2146
f 1980/3066/1980 2040/3158/2040 2197/3424/2197
f 1782/2753/1782 2147/3329/2147 2039/3159/2039
f 1569/2764/1569 2042/3163/2042 2146/3328/2146
f 1791/2771/1791 2096/3247/2096 2198/3425/2198
f 1983/3070/1983 1891/3254/1891 2199/3426/2199
f 1986/3427/1986 2200/3428/2200 1985/3429/1985
f 2044/3171/2044 2047/3176/2047 2048/3175/2048
f 1730/2664/1730 2152/3340/2152 2150/3336/2150
f 2201/3430/2201 2049/3177/2049 1676/3178/1676
f 2102/3346/2102 2155/3345/2155 2202/3431/2202
f 2202/3431/2202 2203/3432/2203 2102/3346/2102
f 2102/3346/2102 2203/3432/2203 2103/3433/2103
f 2103/3433/2103 2204/3434/2204 2051/3435/2051
f 2051/3180/2051 2204/3436/2204 2106/3264/2106
f 1803/2791/1803 2205/3437/2205 1896/2930/1896
f 1896/2931/1896 2205/3438/2205 1991/3082/1991
f 1989/3080/1989 2206/3439/2206 1809/2799/1809
f 2105/3440/2105 2207/3441/2207 2052/3442/2052
f 1809/2799/1809 2206/3439/2206 2208/3443/2208
f 1809/2799/1809 2208/3443/2208 1898/3183/1898
f 2053/3182/2053 2156/3348/2156 1812/2804/1812
f 1811/2803/1811 2110/3349/2110 2209/3444/2209
f 2107/3265/2107 2210/3445/2210 2108/3266/2108
f 1990/3267/1990 2108/3266/2108 2105/3446/2105
f 2054/3185/2054 2211/3447/2211 2107/3265/2107
f 2054/3448/2054 1742/2947/1742 2211/3449/2211
f 1743/2697/1743 2212/3450/2212 1989/3080/1989
f 1742/2947/1742 1995/3087/1995 2211/3449/2211
f 2109/3271/2109 2212/3451/2212 1743/3452/1743
f 1595/2457/1595 2158/3351/2158 2213/3453/2213
f 1595/2457/1595 2213/3453/2213 1902/2948/1902
f 1902/2948/1902 2214/3454/2214 2112/3275/2112
f 1995/3353/1995 2160/3355/2160 2215/3455/2215
f 1837/2841/1837 1908/2958/1908 2111/3274/2111
f 2112/3275/2112 2216/3456/2216 2113/3278/2113
f 1702/3194/1702 2058/3193/2058 2217/3457/2217
f 2218/3458/2218 1917/2973/1917 1556/2393/1556
f 2002/3459/2002 1752/2980/1752 2164/3362/2164
f 2163/3360/2163 2122/3289/2122 1850/2862/1850
f 2219/3460/2219 2117/3282/2117 2065/3285/2065
f 2219/3460/2219 2118/3283/2118 2117/3282/2117
f 2219/3461/2219 2165/3462/2165 2118/3463/2118
f 2058/3361/2058 1927/2987/1927 2173/3464/2173
f 2162/3359/2162 2121/3288/2121 2061/3197/2061
f 2219/3461/2219 2065/3204/2065 2220/3465/2220
f 2220/3465/2220 2065/3204/2065 2221/3466/2221
f 2222/3467/2222 2005/3468/2005 2123/3469/2123
f 2065/3204/2065 2223/3470/2223 2221/3466/2221
f 1601/2465/1601 1929/3471/1929 1271/1927/1271
f 2166/3368/2166 2171/3373/2171 2004/3112/2004
f 2170/3372/2170 2168/3370/2168 2169/3371/2169
f 2224/3472/2224 1660/2551/1660 1926/2986/1926
f 2124/3291/2124 2066/3207/2066 2172/3473/2172
f 2225/3474/2225 2123/3469/2123 2226/3475/2226
f 2226/3475/2226 2123/3469/2123 2126/3476/2126
f 2171/3373/2171 2127/3299/2127 2011/3116/2011
f 2016/3124/2016 2227/3477/2227 2069/3210/2069
f 2068/3383/2068 2177/3382/2177 2126/3478/2126
f 2174/3378/2174 2072/3310/2072 2012/3302/2012
f 2228/3479/2228 2073/3214/2073 2013/3121/2013
f 2178/3387/2178 2072/3310/2072 2229/3480/2229
f 2073/3385/2073 2230/3481/2230 2131/3386/2131
f 2177/3382/2177 2179/3388/2179 2231/3482/2231
f 2133/3392/2133 2232/3483/2232 2179/3393/2179
f 2233/3484/2233 2133/3396/2133 2181/3395/2181
f 2133/3485/2133 2233/3486/2233 2232/3487/2232
f 2234/3488/2234 2183/3398/2183 2235/3489/2235
f 2236/3490/2236 2182/3397/2182 2237/3491/2237
f 2237/3491/2237 2182/3397/2182 2234/3488/2234
f 2234/3488/2234 2182/3397/2182 2184/3399/2184
f 2184/3399/2184 2183/3398/2183 2234/3488/2234
f 2136/3316/2136 2021/3130/2021 2238/3492/2238
f 2236/3493/2236 2076/3217/2076 2182/3401/2182
f 2185/3403/2185 2080/3494/2080 2019/3127/2019
f 2186/3404/2186 1947/3014/1947 1861/2876/1861
f 2239/3495/2239 2025/3136/2025 2082/3227/2082
f 2239/3495/2239 2082/3227/2082 2240/3496/2240
f 2240/3496/2240 2082/3227/2082 2241/3497/2241
f 2241/3497/2241 2082/3227/2082 2189/3407/2189
f 2242/3498/2242 1958/3030/1958 1862/2877/1862
f 2189/3407/2189 2028/3139/2028 2243/3499/2243
f 2244/3500/2244 2029/3501/2029 2137/3502/2137
f 2030/3143/2030 2139/3413/2139 2245/3503/2245
f 1967/3415/1967 2034/3504/2034 2246/3505/2246
f 1877/2898/1877 2247/3506/2247 2144/3326/2144
f 2141/3507/2141 1529/2354/1529 1165/1743/1165
f 2037/3508/2037 1443/3509/1443 2141/3510/2141
f 2248/3511/2248 1165/1743/1165 1497/2355/1497
f 2249/3512/2249 1978/3062/1978 2250/3513/2250
f 1978/3062/1978 1881/2907/1881 2250/3513/2250
f 1881/2907/1881 2091/3238/2091 2250/3513/2250
f 2250/3513/2250 2091/3238/2091 2092/3239/2092
f 2251/3514/2251 2092/3239/2092 2084/3236/2084
f 2094/3243/2094 1779/3242/1779 2037/3515/2037
f 2144/3326/2144 2252/3516/2252 2040/3158/2040
f 2253/3517/2253 2034/3504/2034 2093/3518/2093
f 2254/3519/2254 2255/3520/2255 2040/3158/2040
f 2255/3520/2255 2197/3424/2197 2040/3158/2040
f 2039/3159/2039 2147/3329/2147 2256/3521/2256
f 2147/3329/2147 1784/2757/1784 1887/2913/1887
f 2257/3522/2257 2044/3167/2044 2043/3166/2043
f 1888/2914/1888 1983/3070/1983 2199/3426/2199
f 2258/3523/2258 1984/3332/1984 1985/3429/1985
f 2259/3524/2259 2199/3426/2199 1891/3254/1891
f 2259/3524/2259 1891/3254/1891 2098/3525/2098
f 1982/3069/1982 2098/3251/2098 2099/3252/2099
f 2260/3526/2260 2045/3169/2045 1888/2914/1888
f 2100/3337/2100 2151/3338/2151 2261/3527/2261
f 2045/3169/2045 2261/3527/2261 2151/3338/2151
f 2152/3340/2152 2153/3341/2153 2262/3528/2262
f 2153/3342/2153 1892/2924/1892 2263/3529/2263
f 2264/3530/2264 2154/3343/2154 2050/3179/2050
f 2264/3530/2264 2155/3344/2155 2154/3343/2154
f 2265/3531/2265 2202/3431/2202 2155/3345/2155
f 2266/3532/2266 2203/3533/2203 2202/3534/2202
f 2267/3535/2267 2103/3433/2103 2203/3432/2203
f 2267/3535/2267 2204/3434/2204 2103/3433/2103
f 2267/3536/2267 2106/3537/2106 2204/3538/2204
f 1894/2928/1894 2052/3181/2052 2268/3539/2268
f 2269/3540/2269 1803/3261/1803 1894/2928/1894
f 2269/3541/2269 2205/3542/2205 1803/3543/1803
f 2207/3544/2207 2105/3545/2105 2270/3546/2270
f 2271/3547/2271 2156/3348/2156 1898/2933/1898
f 2272/3548/2272 2107/3265/2107 2211/3447/2211
f 2211/3549/2211 1995/3550/1995 2272/3551/2272
f 2214/3454/2214 2216/3456/2216 2112/3275/2112
f 2113/3278/2113 1997/3089/1997 2056/3188/2056
f 1912/2962/1912 1999/3096/1999 2273/3552/2273
f 2113/3553/2113 2274/3554/2274 1909/2959/1909
f 1996/3354/1996 1702/3194/1702 2217/3457/2217
f 2275/3555/2275 2276/3556/2276 2002/3100/2002
f 2276/3556/2276 2163/3360/2163 2002/3100/2002
f 2276/3556/2276 2277/3557/2277 2163/3360/2163
f 2163/3360/2163 2277/3557/2277 2122/3289/2122
f 1846/2858/1846 2278/3558/2278 2164/3362/2164
f 2219/3461/2219 2220/3465/2220 2165/3462/2165
f 2279/3559/2279 2005/3468/2005 2222/3467/2222
f 2005/3104/2005 1849/2861/1849 1364/2078/1364
f 2221/3466/2221 2223/3470/2223 2220/3465/2220
f 2280/3560/2280 2223/3470/2223 2065/3204/2065
f 2065/3204/2065 2064/3203/2064 2280/3560/2280
f 2170/3372/2170 2281/3561/2281 2009/3109/2009
f 2121/3562/2121 2282/3563/2282 2064/3203/2064
f 1660/3298/1660 2224/3564/2224 2071/3212/2071
f 2126/3478/2126 2177/3382/2177 2283/3565/2283
f 2176/3380/2176 2227/3477/2227 2016/3124/2016
f 2017/3125/2017 2284/3566/2284 1858/2870/1858
f 2072/3310/2072 2174/3378/2174 2229/3480/2229
f 2228/3567/2228 2285/3568/2285 2073/3569/2073
f 2131/3386/2131 2286/3570/2286 2176/3571/2176
f 2131/3386/2131 2230/3481/2230 2286/3570/2286
f 2073/3385/2073 2285/3572/2285 2230/3481/2230
f 2230/3481/2230 2285/3572/2285 2286/3570/2286
f 2179/3573/2179 2232/3487/2232 2231/3574/2231
f 1662/2557/1662 2134/3314/2134 2287/3575/2287
f 2181/3395/2181 2288/3576/2288 2233/3484/2233
f 2234/3488/2234 2235/3489/2235 2289/3577/2289
f 2235/3489/2235 2290/3578/2290 2289/3577/2289
f 2291/3579/2291 2135/3315/2135 2292/3580/2292
f 2235/3489/2235 2183/3398/2183 2290/3578/2290
f 2074/3215/2074 2135/3315/2135 2291/3579/2291
f 2135/3315/2135 2136/3316/2136 2292/3580/2292
f 2292/3580/2292 2136/3316/2136 2238/3492/2238
f 2076/3217/2076 2236/3493/2236 2020/3128/2020
f 2291/3579/2291 2079/3223/2079 2074/3215/2074
f 2290/3578/2290 2183/3398/2183 2293/3581/2293
f 2022/3131/2022 2080/3224/2080 2185/3582/2185
f 2291/3579/2291 2294/3583/2294 2079/3223/2079
f 2294/3583/2294 2186/3404/2186 2079/3223/2079
f 2295/3584/2295 2296/3585/2296 2022/3131/2022
f 2296/3585/2296 2297/3586/2297 2022/3131/2022
f 2081/3225/2081 2298/3587/2298 2293/3588/2293
f 1943/3008/1943 1605/3015/1605 2299/3589/2299
f 2022/3131/2022 2297/3586/2297 2300/3590/2300
f 2081/3225/2081 2188/3406/2188 2298/3587/2298
f 2022/3131/2022 2300/3590/2300 2187/3405/2187
f 2025/3136/2025 2239/3495/2239 2024/3135/2024
f 2024/3135/2024 2239/3495/2239 2301/3591/2301
f 2241/3497/2241 2189/3407/2189 2302/3592/2302
f 2192/3412/2192 1958/3030/1958 2242/3498/2242
f 2188/3408/2188 2138/3319/2138 2303/3593/2303
f 2304/3594/2304 1605/3320/1605 1765/2726/1765
f 2305/3595/2305 2028/3139/2028 2030/3143/2030
f 2029/3146/2029 2244/3596/2244 1970/3048/1970
f 2030/3143/2030 2245/3503/2245 2305/3595/2305
f 1765/2726/1765 2086/3232/2086 2304/3594/2304
f 2247/3506/2247 1877/2898/1877 1962/3597/1962
f 2139/3413/2139 2194/3598/2194 2245/3503/2245
f 2140/3322/2140 2306/3599/2306 2194/3418/2194
f 2140/3322/2140 2195/3419/2195 2306/3599/2306
f 1497/3600/1497 2307/3601/2307 2248/3602/2248
f 2089/3235/2089 1978/3061/1978 2308/3603/2308
f 2089/3235/2089 2308/3603/2308 2195/3419/2195
f 1978/3062/1978 2249/3512/2249 2308/3604/2308
f 2309/3605/2309 2251/3514/2251 2310/3606/2310
f 2084/3236/2084 2310/3606/2310 2251/3514/2251
f 2309/3605/2309 2250/3513/2250 2092/3239/2092
f 2309/3605/2309 2092/3239/2092 2251/3514/2251
f 2038/3156/2038 1530/2736/1530 2311/3607/2311
f 2034/3504/2034 2253/3517/2253 2246/3505/2246
f 1665/2560/1665 1885/2911/1885 2196/3420/2196
f 1785/3421/1785 1565/3244/1565 2094/3243/2094
f 2039/3159/2039 2256/3521/2256 2093/3241/2093
f 2197/3608/2197 2096/3247/2096 1980/3068/1980
f 2312/3609/2312 2198/3425/2198 2096/3247/2096
f 1887/2913/1887 1790/3610/1790 2313/3611/2313
f 2198/3425/2198 1982/3330/1982 1791/2771/1791
f 2044/3167/2044 2257/3522/2257 2314/3612/2314
f 2257/3522/2257 2043/3166/2043 2315/3613/2315
f 2043/3166/2043 1889/2918/1889 2315/3613/2315
f 2149/3335/2149 2315/3613/2315 1889/2918/1889
f 1792/3614/1792 2201/3430/2201 1676/3178/1676
f 2148/3333/2148 1984/3332/1984 2258/3523/2258
f 2316/3615/2316 2047/3616/2047 2044/3167/2044
f 2047/3617/2047 2317/3618/2317 1986/3619/1986
f 1986/3427/1986 2317/3620/2317 2200/3428/2200
f 2261/3527/2261 2045/3169/2045 2318/3621/2318
f 2262/3528/2262 2153/3341/2153 2263/3622/2263
f 2263/3529/2263 1892/2924/1892 2319/3623/2319
f 2320/3624/2320 2321/3625/2321 2155/3626/2155
f 1892/2924/1892 2101/3255/2101 2319/3623/2319
f 2322/3627/2322 2155/3345/2155 2321/3628/2321
f 2322/3627/2322 2265/3531/2265 2155/3345/2155
f 2265/3629/2265 2323/3630/2323 2202/3534/2202
f 2323/3630/2323 2266/3532/2266 2202/3534/2202
f 2324/3631/2324 2203/3533/2203 2266/3532/2266
f 2324/3632/2324 2267/3535/2267 2203/3432/2203
f 2101/3255/2101 1811/2803/1811 2209/3444/2209
f 1989/3080/1989 2325/3633/2325 2206/3439/2206
f 2208/3443/2208 2326/3634/2326 1898/3183/1898
f 2156/3348/2156 2327/3635/2327 1812/2804/1812
f 1812/2804/1812 2327/3635/2327 2158/3636/2158
f 2272/3548/2272 2328/3637/2328 2107/3265/2107
f 2328/3637/2328 2329/3638/2329 2107/3265/2107
f 2329/3639/2329 2210/3640/2210 2107/3641/2107
f 2210/3640/2210 2270/3546/2270 2108/3642/2108
f 2270/3643/2270 2105/3446/2105 2108/3266/2108
f 2110/3349/2110 2111/3644/2111 2209/3444/2209
f 2272/3551/2272 1995/3550/1995 2328/3645/2328
f 1813/2811/1813 2330/3646/2330 1700/3269/1700
f 2111/3274/2111 1908/2958/1908 2331/3647/2331
f 1908/2958/1908 1912/3091/1912 2331/3647/2331
f 1912/2962/1912 2273/3552/2273 2331/3648/2331
f 2274/3554/2274 2057/3191/2057 1909/2959/1909
f 1338/3094/1338 1845/3649/1845 2162/3359/2162
f 2164/3362/2164 2332/3650/2332 2002/3459/2002
f 2002/3100/2002 2332/3651/2332 2275/3555/2275
f 2276/3556/2276 2275/3555/2275 2333/3652/2333
f 2276/3556/2276 2333/3652/2333 2277/3557/2277
f 2333/3652/2333 2334/3653/2334 2277/3557/2277
f 2277/3557/2277 2334/3653/2334 2122/3289/2122
f 1556/2393/1556 2062/3200/2062 2218/3458/2218
f 2164/3654/2164 2278/3655/2278 2332/3656/2332
f 2122/3289/2122 2334/3653/2334 1926/2986/1926
f 2162/3359/2162 2335/3657/2335 2121/3288/2121
f 2220/3465/2220 2336/3658/2336 2165/3462/2165
f 2336/3658/2336 2337/3659/2337 2165/3462/2165
f 2165/3363/2165 2278/3558/2278 1846/2858/1846
f 2165/3660/2165 2337/3661/2337 2278/3655/2278
f 1920/2977/1920 2124/3291/2124 2060/3196/2060
f 2279/3559/2279 1849/3662/1849 2005/3468/2005
f 2220/3465/2220 2338/3663/2338 2336/3658/2336
f 2222/3467/2222 2339/3664/2339 2279/3559/2279
f 2220/3465/2220 2340/3665/2340 2338/3663/2338
f 2220/3465/2220 2223/3470/2223 2340/3665/2340
f 2123/3469/2123 2341/3666/2341 2222/3467/2222
f 1926/2986/1926 2342/3667/2342 2224/3472/2224
f 1601/2984/1601 2167/3369/2167 1929/3668/1929
f 1929/3292/1929 2343/3669/2343 2344/3670/2344
f 1929/3292/1929 2344/3670/2344 2169/3371/2169
f 2169/3371/2169 2344/3670/2344 2170/3372/2170
f 2123/3469/2123 2225/3474/2225 2341/3666/2341
f 2223/3470/2223 2345/3671/2345 2340/3665/2340
f 2345/3672/2345 2346/3673/2346 2340/3674/2340
f 2170/3372/2170 2344/3670/2344 2281/3561/2281
f 2282/3563/2282 2347/3675/2347 2064/3203/2064
f 2280/3560/2280 2345/3671/2345 2223/3470/2223
f 2346/3673/2346 2345/3672/2345 2348/3676/2348
f 1857/2869/1857 2175/3379/2175 2173/3377/2173
f 2345/3672/2345 2280/3677/2280 2349/3678/2349
f 2345/3672/2345 2350/3679/2350 2348/3676/2348
f 2171/3373/2171 2351/3680/2351 2127/3299/2127
f 2283/3565/2283 2226/3681/2226 2126/3478/2126
f 2127/3299/2127 2351/3680/2351 2129/3303/2129
f 2071/3212/2071 2352/3682/2352 2017/3125/2017
f 2013/3304/2013 2129/3303/2129 2353/3683/2353
f 2017/3684/2017 2352/3685/2352 2284/3686/2284
f 2175/3379/2175 2018/3126/2018 2354/3687/2354
f 2013/3121/2013 2353/3688/2353 2228/3479/2228
f 2177/3382/2177 2355/3689/2355 2283/3565/2283
f 2177/3382/2177 2231/3482/2231 2355/3689/2355
f 2018/3126/2018 1662/2557/1662 2356/3690/2356
f 1662/2557/1662 2287/3575/2287 2356/3690/2356
f 1710/2627/1710 2180/3389/2180 2134/3314/2134
f 2134/3314/2134 2357/3691/2357 2358/3692/2358
f 2134/3314/2134 2358/3692/2358 2287/3575/2287
f 2233/3486/2233 2359/3693/2359 2232/3487/2232
f 2233/3486/2233 2360/3694/2360 2359/3693/2359
f 2289/3695/2289 2361/3696/2361 2362/3697/2362
f 2289/3695/2289 2290/3698/2290 2361/3696/2361
f 2290/3698/2290 2363/3699/2363 2361/3696/2361
f 2292/3580/2292 2238/3492/2238 2291/3579/2291
f 2020/3128/2020 2236/3493/2236 2185/3403/2185
f 2290/3698/2290 2293/3700/2293 2363/3699/2363
f 2183/3402/2183 2081/3225/2081 2293/3588/2293
f 2186/3404/2186 2364/3701/2364 1947/3014/1947
f 2364/3701/2364 2365/3702/2365 1947/3014/1947
f 1947/3014/1947 2365/3702/2365 1862/2877/1862
f 2240/3496/2240 2241/3497/2241 2366/3703/2366
f 1862/2877/1862 2365/3702/2365 2242/3498/2242
f 1605/3015/1605 2367/3704/2367 2299/3589/2299
f 2024/3135/2024 2368/3705/2368 2083/3228/2083
f 2189/3407/2189 2243/3499/2243 2302/3592/2302
f 2194/3598/2194 2369/3706/2369 2245/3503/2245
f 2192/3707/2192 2370/3708/2370 2084/3236/2084
f 2194/3598/2194 2306/3709/2306 2369/3706/2369
f 1967/3415/1967 2246/3505/2246 2193/3416/2193
f 2248/3710/2248 2141/3711/2141 1165/3712/1165
f 2195/3419/2195 2308/3603/2308 2306/3599/2306
f 2084/3236/2084 2370/3708/2370 2310/3606/2310
f 2309/3605/2309 2310/3606/2310 2250/3513/2250
f 1530/3713/1530 1774/3714/1774 2371/3715/2371
f 2252/3516/2252 2144/3326/2144 2372/3716/2372
f 1970/3048/1970 2145/3327/2145 1883/2909/1883
f 1371/3063/1371 1979/3065/1979 2143/3717/2143
f 1885/3423/1885 2373/3718/2373 2196/3719/2196
f 1372/3161/1372 2145/3327/2145 2095/3246/2095
f 2252/3516/2252 2254/3519/2254 2040/3158/2040
f 1885/3423/1885 2146/3328/2146 2373/3718/2373
f 1887/2913/1887 2313/3611/2313 2147/3329/2147
f 1790/2769/1790 2150/3336/2150 2313/3720/2313
f 2257/3522/2257 2374/3721/2374 2314/3612/2314
f 2257/3522/2257 2315/3613/2315 2374/3721/2374
f 2097/3249/2097 2148/3334/2148 2375/3722/2375
f 1888/2914/1888 2376/3723/2376 2377/3724/2377
f 1888/2914/1888 2199/3426/2199 2376/3723/2376
f 2100/3253/2100 2261/3725/2261 2149/3335/2149
f 1888/2914/1888 2377/3724/2377 2260/3526/2260
f 2318/3621/2318 2378/3726/2378 2261/3527/2261
f 2318/3621/2318 2045/3169/2045 2378/3726/2378
f 2045/3169/2045 2260/3526/2260 2378/3726/2378
f 2264/3530/2264 2320/3727/2320 2155/3344/2155
f 2320/3624/2320 2379/3728/2379 2321/3625/2321
f 2321/3729/2321 2380/3730/2380 2322/3731/2322
f 2265/3732/2265 2380/3730/2380 2381/3733/2381
f 2322/3731/2322 2380/3730/2380 2265/3732/2265
f 2382/3734/2382 2265/3732/2265 2381/3733/2381
f 2382/3735/2382 2383/3736/2383 2323/3630/2323
f 2323/3630/2323 2265/3629/2265 2382/3735/2382
f 2384/3737/2384 2323/3630/2323 2383/3736/2383
f 2266/3532/2266 2323/3630/2323 2385/3738/2385
f 2266/3532/2266 2385/3738/2385 2324/3631/2324
f 2324/3631/2324 2385/3738/2385 2386/3739/2386
f 2324/3631/2324 2386/3739/2386 2267/3740/2267
f 2106/3537/2106 2267/3536/2267 2387/3741/2387
f 2207/3544/2207 2268/3742/2268 2052/3743/2052
f 2106/3264/2106 2388/3744/2388 2157/3350/2157
f 2327/3635/2327 2156/3348/2156 2158/3636/2158
f 1992/3745/1992 1991/3746/1991 1994/3747/1994
f 2271/3547/2271 2389/3748/2389 2156/3348/2156
f 2210/3640/2210 2329/3639/2329 2390/3749/2390
f 1989/3750/1989 2212/3451/2212 2325/3751/2325
f 1813/2805/1813 2157/3350/2157 2330/3752/2330
f 1902/3753/1902 2391/3754/2391 2214/3755/2214
f 1654/2542/1654 2159/3756/2159 1906/2954/1906
f 1996/3354/1996 2392/3757/2392 2160/3355/2160
f 1840/2847/1840 2393/3758/2393 1703/3356/1703
f 1996/3354/1996 2217/3457/2217 2392/3757/2392
f 2057/3191/2057 2274/3554/2274 2394/3759/2394
f 1703/2616/1703 2395/3760/2395 1706/3358/1706
f 2275/3555/2275 2396/3761/2396 2333/3652/2333
f 2333/3652/2333 2396/3761/2396 2334/3653/2334
f 2337/3661/2337 2397/3762/2397 2278/3655/2278
f 2058/3193/2058 2173/3763/2173 2217/3457/2217
f 2060/3196/2060 2124/3291/2124 2398/3764/2398
f 2337/3659/2337 2336/3658/2336 2399/3765/2399
f 2337/3661/2337 2399/3766/2399 2397/3762/2397
f 2336/3658/2336 2338/3663/2338 2399/3765/2399
f 2338/3663/2338 2400/3767/2400 2399/3765/2399
f 2340/3665/2340 2400/3767/2400 2338/3663/2338
f 2341/3666/2341 2339/3664/2339 2222/3467/2222
f 2335/3657/2335 2401/3768/2401 2121/3288/2121
f 2346/3673/2346 2402/3769/2402 2340/3674/2340
f 2342/3770/2342 2403/3771/2403 2224/3772/2224
f 2172/3374/2172 2404/3773/2404 2405/3774/2405
f 2121/3562/2121 2401/3775/2401 2406/3776/2406
f 2121/3562/2121 2406/3776/2406 2282/3563/2282
f 2346/3673/2346 2348/3676/2348 2402/3769/2402
f 2282/3563/2282 2406/3776/2406 2407/3777/2407
f 2282/3563/2282 2407/3777/2407 2347/3675/2347
f 2348/3676/2348 2408/3778/2408 2402/3769/2402
f 2173/3377/2173 2175/3379/2175 2409/3779/2409
f 2009/3109/2009 2281/3561/2281 2128/3376/2128
f 2347/3675/2347 2410/3780/2410 2064/3203/2064
f 2226/3681/2226 2283/3565/2283 2225/3781/2225
f 2407/3777/2407 2410/3780/2410 2347/3675/2347
f 2064/3203/2064 2410/3780/2410 2280/3560/2280
f 2348/3676/2348 2411/3782/2411 2408/3778/2408
f 2348/3676/2348 2350/3679/2350 2411/3782/2411
f 2410/3780/2410 2349/3783/2349 2280/3560/2280
f 2345/3672/2345 2349/3678/2349 2350/3679/2350
f 2350/3679/2350 2349/3678/2349 2412/3784/2412
f 2350/3679/2350 2413/3785/2413 2411/3782/2411
f 2412/3784/2412 2414/3786/2414 2350/3679/2350
f 2350/3679/2350 2414/3786/2414 2413/3785/2413
f 2349/3787/2349 2415/3788/2415 2412/3789/2412
f 2071/3212/2071 2416/3790/2416 2352/3682/2352
f 2353/3688/2353 2417/3791/2417 2228/3479/2228
f 2356/3792/2356 2354/3793/2354 2018/3794/2018
f 2284/3686/2284 2180/3795/2180 1858/3796/1858
f 2286/3570/2286 2418/3797/2418 2419/3798/2419
f 2286/3570/2286 2419/3798/2419 2176/3571/2176
f 2285/3568/2285 2420/3799/2420 2421/3800/2421
f 2228/3567/2228 2420/3799/2420 2285/3568/2285
f 2231/3574/2231 2232/3487/2232 2422/3801/2422
f 2285/3568/2285 2421/3800/2421 2423/3802/2423
f 2285/3572/2285 2423/3803/2423 2286/3570/2286
f 2286/3570/2286 2423/3803/2423 2424/3804/2424
f 2286/3570/2286 2424/3804/2424 2418/3797/2418
f 2178/3387/2178 2229/3480/2229 2425/3805/2425
f 2134/3314/2134 2180/3389/2180 2357/3691/2357
f 2358/3692/2358 2426/3806/2426 2287/3575/2287
f 2358/3692/2358 2357/3691/2357 2427/3807/2427
f 2358/3692/2358 2427/3807/2427 2426/3806/2426
f 2181/3395/2181 2178/3808/2178 2288/3576/2288
f 2232/3487/2232 2428/3809/2428 2422/3801/2422
f 2359/3693/2359 2429/3810/2429 2232/3487/2232
f 2429/3810/2429 2428/3809/2428 2232/3487/2232
f 2288/3576/2288 2430/3811/2430 2233/3484/2233
f 2233/3486/2233 2430/3812/2430 2431/3813/2431
f 2431/3813/2431 2360/3694/2360 2233/3486/2233
f 2359/3693/2359 2360/3694/2360 2432/3814/2432
f 2359/3693/2359 2432/3814/2432 2429/3810/2429
f 2433/3815/2433 2434/3816/2434 2362/3697/2362
f 2433/3815/2433 2362/3697/2362 2435/3817/2435
f 2289/3695/2289 2362/3697/2362 2434/3816/2434
f 2361/3696/2361 2435/3817/2435 2362/3697/2362
f 2361/3696/2361 2363/3699/2363 2435/3817/2435
f 2289/3577/2289 2434/3818/2434 2234/3488/2234
f 2234/3488/2234 2434/3818/2434 2237/3491/2237
f 2238/3492/2238 2436/3819/2436 2291/3579/2291
f 2291/3579/2291 2436/3819/2436 2437/3820/2437
f 2185/3403/2185 2438/3821/2438 2439/3822/2439
f 2022/3823/2022 2185/3403/2185 2439/3822/2439
f 2022/3131/2022 2439/3824/2439 2295/3584/2295
f 2291/3579/2291 2440/3825/2440 2294/3583/2294
f 2297/3586/2297 2296/3585/2296 2300/3590/2300
f 2294/3583/2294 2364/3701/2364 2186/3404/2186
f 2298/3587/2298 2188/3406/2188 2441/3826/2441
f 1962/3036/1962 2300/3590/2300 2190/3410/2190
f 2187/3405/2187 2300/3590/2300 1962/3036/1962
f 2240/3496/2240 2366/3703/2366 2239/3495/2239
f 2301/3591/2301 2368/3705/2368 2024/3135/2024
f 2302/3592/2302 2442/3827/2442 2241/3497/2241
f 2302/3592/2302 2443/3828/2443 2442/3827/2442
f 2188/3829/2188 2303/3830/2303 2441/3831/2441
f 2302/3592/2302 2243/3499/2243 2443/3828/2443
f 2243/3499/2243 2444/3832/2444 2443/3828/2443
f 1605/3015/1605 2304/3833/2304 2367/3704/2367
f 2083/3834/2083 2445/3835/2445 2137/3502/2137
f 2243/3499/2243 2446/3836/2446 2444/3832/2444
f 2445/3835/2445 2244/3500/2244 2137/3502/2137
f 2243/3499/2243 2028/3139/2028 2305/3595/2305
f 2243/3499/2243 2305/3595/2305 2446/3836/2446
f 2303/3837/2303 2138/3414/2138 2447/3838/2447
f 1962/3036/1962 2191/3411/2191 2247/3839/2247
f 2138/3414/2138 2193/3416/2193 2447/3838/2447
f 1970/3048/1970 2244/3596/2244 2448/3840/2448
f 2449/3841/2449 2369/3706/2369 2306/3709/2306
f 2449/3842/2449 2306/3599/2306 2308/3603/2308
f 2308/3604/2308 2249/3512/2249 2449/3843/2449
f 2144/3326/2144 2247/3506/2247 2372/3716/2372
f 2250/3513/2250 2450/3844/2450 2249/3512/2249
f 2250/3513/2250 2451/3845/2451 2450/3844/2450
f 2250/3513/2250 2310/3606/2310 2451/3845/2451
f 2086/3846/2086 2196/3847/2196 2452/3848/2452
f 1530/2736/1530 2371/3849/2371 2311/3607/2311
f 1370/3064/1370 2453/3850/2453 1979/3065/1979
f 2095/3851/2095 2453/3850/2453 1370/3064/1370
f 2255/3520/2255 2454/3852/2454 2197/3424/2197
f 2146/3328/2146 2042/3163/2042 2455/3853/2455
f 2096/3247/2096 2197/3608/2197 2312/3609/2312
f 2042/3163/2042 2375/3722/2375 2456/3854/2456
f 2042/3163/2042 2097/3249/2097 2375/3722/2375
f 1982/3855/1982 2457/3856/2457 2458/3857/2458
f 2375/3858/2375 2148/3333/2148 2258/3523/2258
f 2258/3523/2258 2459/3859/2459 2460/3860/2460
f 1985/3429/1985 2461/3861/2461 2258/3523/2258
f 2258/3523/2258 2461/3861/2461 2459/3859/2459
f 2315/3613/2315 2149/3335/2149 2462/3862/2462
f 2150/3336/2150 2262/3528/2262 2313/3720/2313
f 2044/3167/2044 2314/3612/2314 2463/3863/2463
f 2149/3335/2149 2464/3864/2464 2462/3862/2462
f 2199/3426/2199 2259/3524/2259 2465/3865/2465
f 1982/3069/1982 2466/3866/2466 2098/3251/2098
f 2098/3525/2098 2466/3867/2466 2259/3524/2259
f 2152/3340/2152 2262/3528/2262 2150/3336/2150
f 2200/3428/2200 2467/3868/2467 1985/3429/1985
f 2044/3167/2044 2463/3863/2463 2316/3615/2316
f 2149/3335/2149 2468/3869/2468 2464/3864/2464
f 2317/3870/2317 2469/3871/2469 2200/3872/2200
f 2047/3873/2047 2469/3871/2469 2317/3870/2317
f 2047/3873/2047 2316/3874/2316 2469/3871/2469
f 2149/3335/2149 2261/3725/2261 2468/3869/2468
f 2261/3527/2261 2378/3726/2378 2468/3875/2468
f 2049/3876/2049 2264/3530/2264 1802/2927/1802
f 1802/2927/1802 2264/3530/2264 2050/3179/2050
f 2321/3625/2321 2379/3728/2379 2380/3877/2380
f 2319/3623/2319 2470/3878/2470 2471/3879/2471
f 2319/3623/2319 2101/3255/2101 2470/3878/2470
f 2382/3734/2382 2472/3880/2472 2473/3881/2473
f 2382/3734/2382 2381/3733/2381 2472/3880/2472
f 2101/3255/2101 2474/3882/2474 2470/3878/2470
f 2473/3883/2473 2475/3884/2475 2382/3735/2382
f 2382/3735/2382 2475/3884/2475 2383/3736/2383
f 2383/3736/2383 2475/3884/2475 2384/3737/2384
f 2101/3255/2101 2476/3885/2476 2474/3882/2474
f 2384/3737/2384 2385/3738/2385 2323/3630/2323
f 2386/3886/2386 2387/3741/2387 2267/3536/2267
f 2209/3444/2209 2477/3887/2477 2101/3255/2101
f 2101/3255/2101 2477/3887/2477 2478/3888/2478
f 2479/3889/2479 2477/3887/2477 2209/3444/2209
f 2106/3264/2106 2387/3890/2387 2388/3744/2388
f 2268/3891/2268 2269/3892/2269 1894/3893/1894
f 2209/3444/2209 2480/3894/2480 2479/3889/2479
f 2207/3544/2207 2481/3895/2481 2268/3742/2268
f 2205/3542/2205 2269/3541/2269 2482/3896/2482
f 1991/3746/1991 2205/3542/2205 2482/3896/2482
f 2325/3897/2325 2483/3898/2483 2206/3899/2206
f 2206/3899/2206 2483/3898/2483 2208/3900/2208
f 2389/3748/2389 2158/3636/2158 2156/3348/2156
f 2209/3444/2209 2484/3901/2484 2480/3894/2480
f 2207/3544/2207 2270/3546/2270 2481/3895/2481
f 2271/3547/2271 2485/3902/2485 2389/3748/2389
f 2209/3444/2209 2111/3644/2111 2486/3903/2486
f 2209/3444/2209 2486/3903/2486 2484/3901/2484
f 1995/3550/1995 2487/3904/2487 2328/3645/2328
f 2328/3645/2328 2488/3905/2488 2329/3639/2329
f 2328/3645/2328 2487/3904/2487 2488/3905/2488
f 2329/3639/2329 2488/3905/2488 2489/3906/2489
f 2329/3639/2329 2489/3906/2489 2390/3749/2390
f 2270/3546/2270 2490/3907/2490 2481/3895/2481
f 1898/2933/1898 2326/3908/2326 2491/3909/2491
f 1898/2933/1898 2491/3909/2491 2271/3547/2271
f 2491/3909/2491 2485/3902/2485 2271/3547/2271
f 1995/3550/1995 2215/3910/2215 2487/3904/2487
f 2210/3640/2210 2390/3749/2390 2270/3546/2270
f 2270/3546/2270 2390/3749/2390 2490/3907/2490
f 2330/3646/2330 2159/3911/2159 1700/3269/1700
f 2216/3456/2216 2214/3454/2214 2492/3912/2492
f 2159/3913/2159 2493/3914/2493 1906/3915/1906
f 2494/3916/2494 2393/3758/2393 1840/2847/1840
f 1999/3096/1999 2161/3357/2161 2273/3552/2273
f 2057/3191/2057 2495/3917/2495 2059/3195/2059
f 2332/3918/2332 2496/3919/2496 2275/3920/2275
f 2496/3919/2496 2497/3921/2497 2334/3922/2334
f 2396/3923/2396 2496/3919/2496 2334/3922/2334
f 2275/3555/2275 2496/3924/2496 2396/3761/2396
f 2059/3195/2059 2495/3917/2495 2119/3286/2119
f 2397/3762/2397 2498/3925/2498 2278/3655/2278
f 2173/3763/2173 2409/3926/2409 2217/3457/2217
f 2499/3927/2499 2062/3928/2062 1849/3929/1849
f 2397/3762/2397 2399/3766/2399 2500/3930/2500
f 2397/3762/2397 2500/3930/2500 2498/3925/2498
f 2399/3765/2399 2400/3767/2400 2500/3931/2500
f 2334/3653/2334 2342/3667/2342 1926/2986/1926
f 2124/3291/2124 2172/3473/2172 2405/3932/2405
f 1929/3292/1929 2501/3933/2501 2343/3669/2343
f 2344/3670/2344 2343/3669/2343 2281/3561/2281
f 2166/3368/2166 2351/3680/2351 2171/3373/2171
f 2172/3374/2172 2502/3934/2502 2404/3773/2404
f 2341/3666/2341 2225/3474/2225 2503/3935/2503
f 2407/3777/2407 2406/3776/2406 2504/3936/2504
f 2069/3210/2069 2227/3477/2227 2172/3374/2172
f 2503/3937/2503 2225/3781/2225 2283/3565/2283
f 2411/3782/2411 2505/3938/2505 2408/3778/2408
f 2071/3212/2071 2224/3564/2224 2416/3790/2416
f 2503/3937/2503 2283/3565/2283 2506/3939/2506
f 2407/3777/2407 2504/3936/2504 2410/3780/2410
f 2411/3782/2411 2413/3785/2413 2505/3938/2505
f 2224/3940/2224 2507/3941/2507 2416/3942/2416
f 2410/3780/2410 2508/3943/2508 2349/3783/2349
f 2283/3565/2283 2509/3944/2509 2506/3939/2506
f 2510/3945/2510 2511/3946/2511 2508/3947/2508
f 2508/3947/2508 2511/3946/2511 2349/3787/2349
f 2227/3948/2227 2176/3571/2176 2512/3949/2512
f 2511/3946/2511 2415/3788/2415 2349/3787/2349
f 2412/3784/2412 2413/3785/2413 2414/3786/2414
f 2416/3950/2416 2507/3951/2507 2352/3952/2352
f 2415/3788/2415 2513/3953/2513 2412/3789/2412
f 2513/3954/2513 2514/3955/2514 2412/3784/2412
f 2412/3784/2412 2514/3955/2514 2413/3785/2413
f 2176/3571/2176 2419/3798/2419 2512/3949/2512
f 2283/3565/2283 2355/3689/2355 2509/3944/2509
f 2515/3956/2515 2229/3480/2229 2174/3378/2174
f 2417/3957/2417 2516/3958/2516 2228/3567/2228
f 2516/3958/2516 2517/3959/2517 2228/3567/2228
f 2355/3960/2355 2231/3574/2231 2518/3961/2518
f 2519/3962/2519 2420/3799/2420 2517/3959/2517
f 2517/3959/2517 2420/3799/2420 2228/3567/2228
f 2419/3798/2419 2418/3797/2418 2520/3963/2520
f 2420/3799/2420 2521/3964/2521 2421/3800/2421
f 2518/3961/2518 2231/3574/2231 2522/3965/2522
f 2231/3574/2231 2422/3801/2422 2522/3965/2522
f 2520/3963/2520 2418/3797/2418 2523/3966/2523
f 2523/3966/2523 2418/3797/2418 2524/3967/2524
f 2418/3797/2418 2424/3804/2424 2524/3967/2524
f 2522/3965/2522 2422/3801/2422 2525/3968/2525
f 2356/3969/2356 2287/3970/2287 2426/3971/2426
f 2526/3972/2526 2423/3802/2423 2421/3800/2421
f 2527/3973/2527 2424/3804/2424 2423/3803/2423
f 2524/3967/2524 2424/3804/2424 2527/3973/2527
f 2528/3974/2528 2427/3807/2427 2357/3691/2357
f 2426/3971/2426 2427/3975/2427 2528/3976/2528
f 2525/3968/2525 2422/3801/2422 2428/3809/2428
f 2425/3977/2425 2288/3576/2288 2178/3808/2178
f 2529/3978/2529 2288/3576/2288 2425/3977/2425
f 2530/3979/2530 2288/3576/2288 2529/3978/2529
f 2530/3979/2530 2430/3811/2430 2288/3576/2288
f 2428/3809/2428 2429/3810/2429 2531/3980/2531
f 2531/3980/2531 2429/3810/2429 2432/3814/2432
f 2532/3981/2532 2360/3694/2360 2431/3813/2431
f 2533/3982/2533 2360/3694/2360 2532/3981/2532
f 2533/3982/2533 2432/3814/2432 2360/3694/2360
f 2534/3983/2534 2432/3814/2432 2533/3982/2533
f 2531/3980/2531 2432/3814/2432 2534/3983/2534
f 2434/3816/2434 2433/3815/2433 2535/3984/2535
f 2536/3985/2536 2535/3984/2535 2433/3815/2433
f 2536/3985/2536 2433/3815/2433 2435/3817/2435
f 2536/3985/2536 2435/3817/2435 2537/3986/2537
f 2537/3986/2537 2435/3817/2435 2538/3987/2538
f 2435/3817/2435 2363/3699/2363 2538/3987/2538
f 2538/3987/2538 2363/3699/2363 2539/3988/2539
f 2540/3989/2540 2237/3491/2237 2434/3818/2434
f 2437/3990/2437 2436/3991/2436 2541/3992/2541
f 2236/3490/2236 2237/3491/2237 2540/3989/2540
f 2541/3992/2541 2436/3991/2436 2021/3993/2021
f 2436/3819/2436 2238/3492/2238 2021/3130/2021
f 2539/3988/2539 2363/3699/2363 2542/3994/2542
f 2542/3994/2542 2363/3699/2363 2543/3995/2543
f 2438/3821/2438 2185/3403/2185 2236/3493/2236
f 2363/3699/2363 2293/3700/2293 2543/3995/2543
f 2437/3820/2437 2440/3825/2440 2291/3579/2291
f 2544/3996/2544 2295/3584/2295 2439/3824/2439
f 2544/3996/2544 2545/3997/2545 2295/3584/2295
f 2545/3997/2545 2296/3585/2296 2295/3584/2295
f 2440/3825/2440 2364/3701/2364 2294/3583/2294
f 2545/3997/2545 2300/3590/2300 2296/3585/2296
f 2366/3703/2366 2241/3497/2241 2442/3827/2442
f 2300/3590/2300 2191/3411/2191 2190/3410/2190
f 2303/3837/2303 2447/3838/2447 2193/3416/2193
f 2546/3998/2546 2370/3708/2370 2192/3707/2192
f 2305/3595/2305 2245/3503/2245 2547/3999/2547
f 2245/3503/2245 2369/3706/2369 2547/3999/2547
f 2547/3999/2547 2369/3706/2369 2548/4000/2548
f 2548/4000/2548 2369/3706/2369 2449/3841/2449
f 2549/4001/2549 2141/3711/2141 2248/3710/2248
f 2550/4002/2550 2310/3606/2310 2370/3708/2370
f 2307/4003/2307 1497/2302/1497 2038/3156/2038
f 2550/4002/2550 2451/3845/2451 2310/3606/2310
f 2551/4004/2551 2038/4005/2038 2311/4006/2311
f 2448/3840/2448 2145/3327/2145 1970/3048/1970
f 2371/4007/2371 1774/2743/1774 2143/3325/2143
f 2372/3716/2372 2255/3520/2255 2252/3516/2252
f 2255/3520/2255 2254/3519/2254 2252/3516/2252
f 1785/3421/1785 2094/3243/2094 2552/4008/2552
f 2373/3718/2373 2146/3328/2146 2455/3853/2455
f 2454/3852/2454 2553/4009/2553 2197/3424/2197
f 2457/4010/2457 2198/3425/2198 2312/3609/2312
f 2554/4011/2554 2314/3612/2314 2374/3721/2374
f 2374/3721/2374 2315/3613/2315 2555/4012/2555
f 2555/4012/2555 2315/3613/2315 2462/3862/2462
f 2198/4013/2198 2457/3856/2457 1982/3855/1982
f 2459/3859/2459 2461/3861/2461 2556/4014/2556
f 2375/3858/2375 2258/3523/2258 2557/4015/2557
f 2557/4015/2557 2258/3523/2258 2460/3860/2460
f 2461/3861/2461 1985/3429/1985 2558/4016/2558
f 2558/4016/2558 1985/3429/1985 2467/3868/2467
f 2314/3612/2314 2316/3615/2316 2463/3863/2463
f 2376/3723/2376 2199/3426/2199 2465/3865/2465
f 2200/3872/2200 2469/3871/2469 2559/4017/2559
f 2467/4018/2467 2200/3872/2200 2559/4017/2559
f 2468/3875/2468 2378/3726/2378 2260/3526/2260
f 2263/3529/2263 2319/3623/2319 2560/4019/2560
f 2560/4019/2560 2319/3623/2319 2471/3879/2471
f 2561/4020/2561 2472/3880/2472 2381/3733/2381
f 2561/4020/2561 2381/3733/2381 2380/3730/2380
f 2562/4021/2562 2473/3881/2473 2472/3880/2472
f 2562/4021/2562 2563/4022/2563 2473/3881/2473
f 2470/3878/2470 2474/3882/2474 2471/3879/2471
f 2563/4023/2563 2475/3884/2475 2473/3883/2473
f 2563/4023/2563 2564/4024/2564 2475/3884/2475
f 2471/3879/2471 2474/3882/2474 2476/3885/2476
f 2384/3737/2384 2475/3884/2475 2564/4024/2564
f 2565/4025/2565 2385/3738/2385 2384/3737/2384
f 2478/3888/2478 2476/3885/2476 2101/3255/2101
f 2566/4026/2566 2386/3739/2386 2385/3738/2385
f 2478/3888/2478 2477/3887/2477 2479/3889/2479
f 2479/3889/2479 2480/3894/2480 2567/4027/2567
f 2480/3894/2480 2484/3901/2484 2567/4027/2567
f 2568/4028/2568 2389/3748/2389 2485/3902/2485
f 2567/4027/2567 2484/3901/2484 2486/3903/2486
f 2567/4027/2567 2486/3903/2486 2569/4029/2569
f 2570/4030/2570 2488/3905/2488 2487/3904/2487
f 2570/4030/2570 2489/3906/2489 2488/3905/2488
f 2568/4031/2568 2485/4032/2485 2571/4033/2571
f 1991/3746/1991 2482/3896/2482 1994/3747/1994
f 2486/3903/2486 2111/3644/2111 2572/4034/2572
f 2573/4035/2573 2214/3755/2214 2391/3754/2391
f 2573/4035/2573 2492/4036/2492 2214/3755/2214
f 2572/4037/2572 2111/3274/2111 2331/3647/2331
f 2492/3912/2492 2113/3278/2113 2216/3456/2216
f 2493/4038/2493 1840/3276/1840 1906/2954/1906
f 2493/4038/2493 2494/4039/2494 1840/3276/1840
f 2160/3355/2160 2392/3757/2392 2574/4040/2574
f 2274/4041/2274 2113/4042/2113 2492/4036/2492
f 2393/4043/2393 2395/3760/2395 1703/2616/1703
f 2392/3757/2392 2217/3457/2217 2575/4044/2575
f 2495/3917/2495 2394/3759/2394 2274/3554/2274
f 2495/3917/2495 2057/3191/2057 2394/3759/2394
f 2161/3357/2161 2060/3196/2060 2398/3764/2398
f 2335/3657/2335 2162/3359/2162 1845/3649/1845
f 2576/4045/2576 2577/4046/2577 2278/3655/2278
f 2332/3656/2332 2278/3655/2278 2577/4046/2577
f 2497/3921/2497 2578/4047/2578 2334/3922/2334
f 2576/4045/2576 2278/3655/2278 2498/3925/2498
f 2578/4047/2578 2342/3770/2342 2334/3922/2334
f 2579/4048/2579 2119/3286/2119 2495/3917/2495
f 2498/3925/2498 2500/3930/2500 2580/4049/2580
f 2500/3930/2500 2400/4050/2400 2580/4049/2580
f 2580/4051/2580 2400/3767/2400 2581/4052/2581
f 2582/4053/2582 2279/3559/2279 2583/4054/2583
f 2583/4054/2583 2279/3559/2279 2339/3664/2339
f 2582/4053/2582 1849/3662/1849 2279/3559/2279
f 2581/4052/2581 2400/3767/2400 2340/3665/2340
f 2581/4055/2581 2340/3674/2340 2584/4056/2584
f 2339/3664/2339 2341/3666/2341 2585/4057/2585
f 2583/4054/2583 2339/3664/2339 2585/4057/2585
f 2584/4056/2584 2340/3674/2340 2586/4058/2586
f 2579/4059/2579 2166/3368/2166 2119/3367/2119
f 2340/3674/2340 2402/3769/2402 2586/4058/2586
f 2586/4058/2586 2402/3769/2402 2587/4060/2587
f 2588/4061/2588 2166/3368/2166 2579/4059/2579
f 2405/3774/2405 2404/3773/2404 2502/3934/2502
f 2501/3933/2501 1929/3292/1929 2167/4062/2167
f 2587/4060/2587 2402/3769/2402 2589/4063/2589
f 2588/4061/2588 2351/3680/2351 2166/3368/2166
f 2590/4064/2590 2281/3561/2281 2591/4065/2591
f 2589/4063/2589 2402/3769/2402 2505/3938/2505
f 2505/3938/2505 2402/3769/2402 2408/3778/2408
f 2502/3934/2502 2172/3374/2172 2227/3477/2227
f 2590/4064/2590 2128/3376/2128 2281/3561/2281
f 2592/4066/2592 2410/3780/2410 2504/3936/2504
f 2592/4066/2592 2593/4067/2593 2410/3780/2410
f 2505/3938/2505 2413/3785/2413 2594/4068/2594
f 2595/4069/2595 2410/4070/2410 2593/4071/2593
f 2595/4069/2595 2508/4072/2508 2410/4070/2410
f 2506/3939/2506 2509/3944/2509 2596/4073/2596
f 2595/4069/2595 2597/4074/2597 2508/4072/2508
f 2597/4074/2597 2510/4075/2510 2508/4072/2508
f 2510/3945/2510 2598/4076/2598 2511/3946/2511
f 2596/4073/2596 2509/3944/2509 2599/4077/2599
f 2600/4078/2600 2415/3788/2415 2511/3946/2511
f 2601/4079/2601 2174/3378/2174 2128/3301/2128
f 2602/4080/2602 2513/3953/2513 2415/3788/2415
f 2599/4077/2599 2509/3944/2509 2355/3689/2355
f 2352/3685/2352 2603/4081/2603 2284/3686/2284
f 2515/3956/2515 2174/3378/2174 2601/4079/2601
f 2180/3795/2180 2284/3686/2284 2603/4081/2603
f 2419/3798/2419 2520/3963/2520 2604/4082/2604
f 2605/4083/2605 2229/3480/2229 2515/3956/2515
f 2519/3962/2519 2521/3964/2521 2420/3799/2420
f 2521/3964/2521 2526/3972/2526 2421/3800/2421
f 2229/3480/2229 2605/4083/2605 2606/4084/2606
f 2606/4084/2606 2425/3805/2425 2229/3480/2229
f 2606/4084/2606 2607/4085/2607 2425/3805/2425
f 2608/4086/2608 2357/4087/2357 2180/4088/2180
f 2608/4086/2608 2426/3971/2426 2528/3976/2528
f 2526/4089/2526 2527/3973/2527 2423/3803/2423
f 2525/4090/2525 2428/4091/2428 2609/4092/2609
f 2607/4093/2607 2529/3978/2529 2425/3977/2425
f 2529/3978/2529 2610/4094/2610 2530/3979/2530
f 2530/3979/2530 2610/4094/2610 2611/4095/2611
f 2530/3979/2530 2611/4095/2611 2612/4096/2612
f 2530/3979/2530 2612/4096/2612 2430/3811/2430
f 2612/4096/2612 2613/4097/2613 2430/3811/2430
f 2430/3812/2430 2613/4098/2613 2431/3813/2431
f 2431/3813/2431 2613/4098/2613 2614/4099/2614
f 2431/3813/2431 2614/4099/2614 2532/3981/2532
f 2614/4099/2614 2615/4100/2615 2533/3982/2533
f 2532/3981/2532 2614/4099/2614 2533/3982/2533
f 2533/3982/2533 2615/4100/2615 2534/3983/2534
f 2537/3986/2537 2616/4101/2616 2536/3985/2536
f 2536/3985/2536 2616/4101/2616 2535/3984/2535
f 2537/3986/2537 2538/3987/2538 2616/4101/2616
f 2535/4102/2535 2540/3989/2540 2434/3818/2434
f 2437/3990/2437 2617/4103/2617 2440/4104/2440
f 2543/3995/2543 2618/4105/2618 2542/3994/2542
f 2021/3993/2021 1943/4106/1943 2619/4107/2619
f 2293/3700/2293 2618/4105/2618 2543/3995/2543
f 2293/3700/2293 2620/4108/2620 2618/4105/2618
f 2544/4109/2544 2439/4110/2439 2621/4111/2621
f 2622/4112/2622 1943/4106/1943 2623/4113/2623
f 2544/4109/2544 2621/4111/2621 2545/4114/2545
f 2293/3588/2293 2298/3587/2298 2624/4115/2624
f 2368/4116/2368 2301/4117/2301 2625/4118/2625
f 2366/3703/2366 2626/4119/2626 2239/3495/2239
f 2366/4120/2366 2442/4121/2442 2626/4122/2626
f 2300/4123/2300 2627/4124/2627 2191/4125/2191
f 2083/3228/2083 2628/4126/2628 2445/4127/2445
f 2368/3705/2368 2628/4126/2628 2083/3228/2083
f 2443/4128/2443 2444/4129/2444 2629/4130/2629
f 2630/4131/2630 2192/4132/2192 2242/4133/2242
f 2444/4129/2444 2446/4134/2446 2629/4130/2629
f 2446/4134/2446 2631/4135/2631 2629/4130/2629
f 2446/4136/2446 2305/4137/2305 2631/4138/2631
f 2303/3837/2303 2632/4139/2632 2441/4140/2441
f 2633/4141/2633 2634/4142/2634 2244/4143/2244
f 2247/4144/2247 2191/4125/2191 2635/4145/2635
f 2632/4139/2632 2303/3837/2303 2193/3416/2193
f 2634/4146/2634 2448/3840/2448 2244/3596/2244
f 2305/4137/2305 2547/4147/2547 2631/4138/2631
f 2631/4138/2631 2547/4147/2547 2636/4148/2636
f 2546/3998/2546 2550/4002/2550 2370/3708/2370
f 2636/4148/2636 2547/4147/2547 2637/4149/2637
f 2547/4147/2547 2548/4150/2548 2637/4149/2637
f 2637/4149/2637 2548/4150/2548 2638/4151/2638
f 2548/4000/2548 2449/3841/2449 2638/4152/2638
f 2307/3601/2307 2639/4153/2639 2248/3602/2248
f 2248/3710/2248 2639/4154/2639 2549/4001/2549
f 2638/4155/2638 2249/3512/2249 2640/4156/2640
f 2638/4155/2638 2449/3843/2449 2249/3512/2249
f 2249/3512/2249 2641/4157/2641 2640/4156/2640
f 2249/3512/2249 2642/4158/2642 2641/4157/2641
f 2450/3844/2450 2642/4158/2642 2249/3512/2249
f 2450/3844/2450 2451/3845/2451 2643/4159/2643
f 2451/3845/2451 2644/4160/2644 2643/4159/2643
f 2550/4002/2550 2644/4160/2644 2451/3845/2451
f 2247/3506/2247 2645/4161/2645 2372/3716/2372
f 2246/3505/2246 2253/3517/2253 2646/4162/2646
f 2253/3517/2253 2093/3518/2093 2646/4162/2646
f 2196/3719/2196 2373/3718/2373 2455/3853/2455
f 2647/4163/2647 1981/4164/1981 1785/4165/1785
f 1981/4164/1981 2647/4163/2647 2041/4166/2041
f 2455/3853/2455 2042/3163/2042 2456/3854/2456
f 2197/3424/2197 2553/4009/2553 2648/4167/2648
f 2256/3521/2256 2147/3329/2147 2649/4168/2649
f 2041/4166/2041 2650/4169/2650 1612/4170/1612
f 2647/4163/2647 2650/4169/2650 2041/4166/2041
f 2648/4171/2648 2312/3609/2312 2197/3608/2197
f 2147/3329/2147 2651/4172/2651 2649/4168/2649
f 2650/4169/2650 2652/4173/2652 1612/4170/1612
f 2147/3329/2147 2313/3611/2313 2651/4172/2651
f 2652/4173/2652 1792/4174/1792 1612/4170/1612
f 2554/4011/2554 2374/3721/2374 2653/4175/2653
f 2555/4012/2555 2654/4176/2654 2374/3721/2374
f 2374/3721/2374 2654/4176/2654 2653/4175/2653
f 2456/3854/2456 2375/3722/2375 2655/4177/2655
f 2555/4012/2555 2462/3862/2462 2654/4176/2654
f 2375/3858/2375 2557/4015/2557 2655/4178/2655
f 2656/4179/2656 2557/4015/2557 2460/3860/2460
f 2656/4179/2656 2460/3860/2460 2459/3859/2459
f 2556/4014/2556 2461/3861/2461 2657/4180/2657
f 2657/4180/2657 2461/3861/2461 2558/4016/2558
f 1792/3614/1792 2652/4181/2652 2201/3430/2201
f 2376/3723/2376 2465/3865/2465 2658/4182/2658
f 2259/3524/2259 2658/4182/2658 2465/3865/2465
f 2466/3866/2466 1982/3069/1982 2458/4183/2458
f 2558/4016/2558 2467/3868/2467 2659/4184/2659
f 2458/4185/2458 2259/3524/2259 2466/3867/2466
f 2458/4185/2458 2660/4186/2660 2259/3524/2259
f 2659/4187/2659 2467/4188/2467 2559/4189/2559
f 2316/4190/2316 2661/4191/2661 2469/4192/2469
f 2469/4193/2469 2661/4194/2661 2559/4189/2559
f 2464/4195/2464 2468/3875/2468 2662/4196/2662
f 2662/4196/2662 2468/3875/2468 2663/4197/2663
f 2201/3430/2201 2664/4198/2664 2049/3177/2049
f 2468/3875/2468 2260/3526/2260 2663/4197/2663
f 2663/4197/2663 2260/3526/2260 2377/3724/2377
f 2264/4199/2264 2049/4200/2049 2664/4201/2664
f 2664/4201/2664 2665/4202/2665 2264/4199/2264
f 2263/3529/2263 2560/4019/2560 2666/4203/2666
f 2264/4199/2264 2665/4202/2665 2320/4204/2320
f 2320/4204/2320 2665/4202/2665 2667/4205/2667
f 2320/3624/2320 2667/4206/2667 2379/3728/2379
f 2379/3728/2379 2668/4207/2668 2380/3877/2380
f 2379/3728/2379 2667/4206/2667 2668/4207/2668
f 2380/3730/2380 2668/4208/2668 2561/4020/2561
f 2472/3880/2472 2561/4020/2561 2562/4021/2562
f 2563/4023/2563 2669/4209/2669 2564/4024/2564
f 2471/3879/2471 2476/3885/2476 2670/4210/2670
f 2669/4209/2669 2671/4211/2671 2564/4024/2564
f 2671/4211/2671 2384/3737/2384 2564/4024/2564
f 2671/4211/2671 2672/4212/2672 2384/3737/2384
f 2476/3885/2476 2478/3888/2478 2670/4210/2670
f 2384/3737/2384 2673/4213/2673 2565/4025/2565
f 2672/4212/2672 2673/4213/2673 2384/3737/2384
f 2565/4025/2565 2566/4026/2566 2385/3738/2385
f 2386/3886/2386 2674/4214/2674 2387/3741/2387
f 2566/4026/2566 2674/4215/2674 2386/3739/2386
f 2567/4027/2567 2675/4216/2675 2479/3889/2479
f 2268/3891/2268 2676/4217/2676 2269/3892/2269
f 2158/4218/2158 2389/4219/2389 2677/4220/2677
f 2677/4221/2677 2213/4222/2213 2158/4223/2158
f 2567/4027/2567 2678/4224/2678 2675/4216/2675
f 2157/3350/2157 2388/3744/2388 2679/4225/2679
f 2481/3895/2481 2680/4226/2680 2268/3742/2268
f 2681/4227/2681 2482/4228/2482 2269/3892/2269
f 2682/4229/2682 2483/3898/2483 2325/3897/2325
f 2683/4230/2683 2684/4231/2684 2568/4031/2568
f 2677/4220/2677 2389/4219/2389 2568/4031/2568
f 2677/4220/2677 2568/4031/2568 2684/4231/2684
f 2567/4027/2567 2569/4029/2569 2678/4224/2678
f 2679/4225/2679 2330/3752/2330 2157/3350/2157
f 2570/4030/2570 2215/3910/2215 2685/4232/2685
f 2570/4030/2570 2487/3904/2487 2215/3910/2215
f 2570/4030/2570 2686/4233/2686 2489/3906/2489
f 2570/4030/2570 2685/4232/2685 2686/4233/2686
f 2489/3906/2489 2687/4234/2687 2390/3749/2390
f 2489/3906/2489 2686/4233/2686 2687/4234/2687
f 2490/3907/2490 2688/4235/2688 2680/4226/2680
f 2680/4226/2680 2481/3895/2481 2490/3907/2490
f 2568/4031/2568 2571/4033/2571 2683/4230/2683
f 2569/4029/2569 2486/3903/2486 2678/4224/2678
f 2678/4224/2678 2486/3903/2486 2689/4236/2689
f 2687/4234/2687 2688/4235/2688 2390/3749/2390
f 2688/4235/2688 2490/3907/2490 2390/3749/2390
f 2491/4237/2491 2690/4238/2690 2485/4032/2485
f 2485/4032/2485 2683/4230/2683 2571/4033/2571
f 2485/4032/2485 2690/4238/2690 2683/4230/2683
f 2486/3903/2486 2572/4034/2572 2689/4236/2689
f 2691/4239/2691 1994/3747/1994 2482/3896/2482
f 2691/4240/2691 2692/4241/2692 1994/3270/1994
f 1994/3270/1994 2692/4241/2692 2109/3271/2109
f 2212/3451/2212 2109/3271/2109 2692/4241/2692
f 2330/3646/2330 2693/4242/2693 2159/3911/2159
f 2572/4037/2572 2331/3647/2331 2694/4243/2694
f 2331/3647/2331 2273/4244/2273 2695/4245/2695
f 2696/4246/2696 2393/3758/2393 2494/3916/2494
f 2393/4043/2393 2696/4247/2696 2395/3760/2395
f 2696/4247/2696 2697/4248/2697 2395/3760/2395
f 2698/4249/2698 2161/3357/2161 2699/4250/2699
f 2697/4248/2697 1706/3358/1706 2395/3760/2395
f 2700/4251/2700 2335/3657/2335 1845/3649/1845
f 2579/4048/2579 2495/3917/2495 2701/4252/2701
f 1917/2973/1917 2700/4253/2700 1845/2855/1845
f 2332/3918/2332 2577/4254/2577 2702/4255/2702
f 2332/3918/2332 2702/4255/2702 2496/3919/2496
f 2496/3919/2496 2702/4255/2702 2703/4256/2703
f 2703/4256/2703 2497/3921/2497 2496/3919/2496
f 2703/4256/2703 2578/4047/2578 2497/3921/2497
f 2217/3457/2217 2409/3926/2409 2704/4257/2704
f 2705/4258/2705 2706/4259/2706 2576/4045/2576
f 2577/4046/2577 2576/4045/2576 2706/4259/2706
f 2576/4045/2576 2498/3925/2498 2580/4049/2580
f 2576/4045/2576 2580/4049/2580 2705/4258/2705
f 2398/3764/2398 2124/3291/2124 2707/4260/2707
f 2707/4260/2707 2124/3291/2124 2708/4261/2708
f 2062/3200/2062 2499/4262/2499 2218/3458/2218
f 2578/4047/2578 2403/3771/2403 2342/3770/2342
f 2405/3932/2405 2708/4261/2708 2124/3291/2124
f 1706/3365/1706 2709/4263/2709 1707/3366/1707
f 2581/4264/2581 2584/4265/2584 2710/4266/2710
f 1707/2624/1707 2709/4267/2709 2711/4268/2711
f 2401/4269/2401 2335/4270/2335 2712/4271/2712
f 1707/2624/1707 2711/4268/2711 2167/3369/2167
f 2584/4056/2584 2586/4058/2586 2587/4060/2587
f 2405/3932/2405 2502/4272/2502 2708/4261/2708
f 2167/3369/2167 2711/4268/2711 2501/4273/2501
f 2713/4274/2713 2343/3669/2343 2501/3933/2501
f 2713/4274/2713 2281/3561/2281 2343/3669/2343
f 2713/4274/2713 2591/4065/2591 2281/3561/2281
f 2714/4275/2714 2590/4064/2590 2591/4065/2591
f 2715/4276/2715 2406/3776/2406 2401/3775/2401
f 2587/4060/2587 2589/4063/2589 2716/4277/2716
f 2341/3666/2341 2503/3935/2503 2717/4278/2717
f 2505/3938/2505 2716/4277/2716 2589/4063/2589
f 2406/3776/2406 2715/4276/2715 2504/3936/2504
f 2715/4276/2715 2592/4066/2592 2504/3936/2504
f 2503/3937/2503 2506/3939/2506 2717/4279/2717
f 2590/4064/2590 2714/4275/2714 2128/3376/2128
f 2594/4068/2594 2718/4280/2718 2505/3938/2505
f 2716/4277/2716 2505/3938/2505 2718/4280/2718
f 2717/4279/2717 2506/3939/2506 2719/4281/2719
f 2593/4071/2593 2720/4282/2720 2595/4069/2595
f 2595/4069/2595 2720/4282/2720 2721/4283/2721
f 2594/4068/2594 2413/3785/2413 2718/4280/2718
f 2714/4284/2714 2722/4285/2722 2128/3301/2128
f 2719/4281/2719 2506/3939/2506 2596/4073/2596
f 2721/4283/2721 2597/4074/2597 2595/4069/2595
f 2227/3948/2227 2512/3949/2512 2723/4286/2723
f 2510/3945/2510 2597/4287/2597 2598/4076/2598
f 2598/4076/2598 2724/4288/2724 2511/3946/2511
f 2514/3955/2514 2725/4289/2725 2718/4280/2718
f 2413/3785/2413 2514/3955/2514 2718/4280/2718
f 2175/3379/2175 2354/3687/2354 2726/4290/2726
f 2727/4291/2727 2129/3303/2129 2351/3680/2351
f 2727/4291/2727 2728/4292/2728 2129/3303/2129
f 2511/3946/2511 2724/4288/2724 2600/4078/2600
f 2600/4078/2600 2602/4080/2602 2415/3788/2415
f 2514/3955/2514 2729/4293/2729 2725/4289/2725
f 2129/3303/2129 2728/4292/2728 2353/3683/2353
f 2722/4285/2722 2601/4079/2601 2128/3301/2128
f 2729/4294/2729 2513/3953/2513 2602/4080/2602
f 2729/4293/2729 2514/3955/2514 2513/3954/2513
f 2419/3798/2419 2723/4286/2723 2512/3949/2512
f 2601/4079/2601 2722/4285/2722 2515/3956/2515
f 2355/3689/2355 2730/4295/2730 2599/4077/2599
f 2353/3688/2353 2731/4296/2731 2417/3791/2417
f 2419/3798/2419 2732/4297/2732 2723/4286/2723
f 2355/3689/2355 2518/4298/2518 2730/4295/2730
f 2419/3798/2419 2604/4082/2604 2732/4297/2732
f 2417/3957/2417 2733/4299/2733 2516/3958/2516
f 2516/3958/2516 2733/4299/2733 2517/3959/2517
f 2517/3959/2517 2733/4299/2733 2519/3962/2519
f 2515/3956/2515 2734/4300/2734 2605/4083/2605
f 2518/4301/2518 2735/4302/2735 2730/4303/2730
f 2519/3962/2519 2733/4299/2733 2521/3964/2521
f 2604/4082/2604 2520/3963/2520 2732/4297/2732
f 2518/4301/2518 2522/4304/2522 2735/4302/2735
f 2521/3964/2521 2736/4305/2736 2526/3972/2526
f 2523/3966/2523 2732/4297/2732 2520/3963/2520
f 2605/4083/2605 2734/4300/2734 2606/4084/2606
f 2606/4084/2606 2734/4300/2734 2607/4085/2607
f 2524/3967/2524 2732/4297/2732 2523/3966/2523
f 2524/3967/2524 2736/4306/2736 2732/4297/2732
f 2522/4304/2522 2525/4090/2525 2735/4302/2735
f 2527/3973/2527 2736/4306/2736 2524/3967/2524
f 2357/4087/2357 2608/4086/2608 2528/3976/2528
f 2356/3969/2356 2426/3971/2426 2608/4086/2608
f 2526/4089/2526 2736/4306/2736 2527/3973/2527
f 2525/4090/2525 2609/4092/2609 2735/4302/2735
f 2607/4093/2607 2737/4307/2737 2529/3978/2529
f 2529/3978/2529 2737/4307/2737 2610/4094/2610
f 2611/4095/2611 2738/4308/2738 2612/4096/2612
f 2531/3980/2531 2739/4309/2739 2609/4310/2609
f 2428/3809/2428 2531/3980/2531 2609/4310/2609
f 2612/4096/2612 2738/4308/2738 2613/4097/2613
f 2613/4098/2613 2738/4311/2738 2614/4099/2614
f 2534/3983/2534 2740/4312/2740 2739/4309/2739
f 2534/3983/2534 2739/4309/2739 2531/3980/2531
f 2615/4100/2615 2740/4312/2740 2534/3983/2534
f 2538/3987/2538 2741/4313/2741 2616/4101/2616
f 2538/3987/2538 2539/3988/2539 2741/4313/2741
f 2540/3989/2540 2742/4314/2742 2236/3490/2236
f 2541/3992/2541 2617/4103/2617 2437/3990/2437
f 2541/3992/2541 2021/3993/2021 2617/4103/2617
f 2021/3993/2021 2619/4107/2619 2617/4103/2617
f 2542/3994/2542 2618/4105/2618 2741/4313/2741
f 2542/3994/2542 2741/4313/2741 2539/3988/2539
f 2236/3493/2236 2743/4315/2743 2438/3821/2438
f 2619/4107/2619 1943/4106/1943 2622/4112/2622
f 2438/3821/2438 2743/4315/2743 2439/3822/2439
f 2624/4316/2624 2620/4108/2620 2293/3700/2293
f 2624/4115/2624 2298/3587/2298 2620/4317/2620
f 2621/4111/2621 2744/4318/2744 2545/4114/2545
f 2545/4114/2545 2744/4318/2744 2300/4123/2300
f 1943/4106/1943 2299/4319/2299 2623/4113/2623
f 2364/4320/2364 2440/4321/2440 2365/4322/2365
f 2299/4319/2299 2367/4323/2367 2623/4113/2623
f 2242/4133/2242 2365/4324/2365 2630/4131/2630
f 2239/4325/2239 2745/4326/2745 2301/4117/2301
f 2239/4325/2239 2746/4327/2746 2745/4326/2745
f 2239/4325/2239 2626/4122/2626 2746/4327/2746
f 2441/3826/2441 2747/4328/2747 2298/3587/2298
f 2368/4116/2368 2748/4329/2748 2628/4330/2628
f 2445/4331/2445 2628/4332/2628 2633/4333/2633
f 2445/4334/2445 2633/4141/2633 2244/4143/2244
f 2441/4140/2441 2632/4139/2632 2747/4335/2747
f 2635/4336/2635 2645/4161/2645 2247/3506/2247
f 2193/3416/2193 2246/3505/2246 2632/4139/2632
f 2086/4337/2086 2452/4338/2452 2304/4339/2304
f 2646/4162/2646 2632/4139/2632 2246/3505/2246
f 2145/3327/2145 2448/3840/2448 2634/4146/2634
f 2749/4340/2749 2636/4148/2636 2637/4149/2637
f 2749/4340/2749 2637/4149/2637 2638/4151/2638
f 2749/4341/2749 2640/4342/2640 2750/4343/2750
f 2749/4340/2749 2638/4151/2638 2640/4344/2640
f 2751/4345/2751 2307/3601/2307 2038/4005/2038
f 2750/4343/2750 2640/4342/2640 2752/4346/2752
f 2752/4347/2752 2640/4348/2640 2641/4349/2641
f 2550/4002/2550 2753/4350/2753 2644/4160/2644
f 2751/4345/2751 2038/4005/2038 2551/4004/2551
f 2751/4345/2751 2551/4004/2551 2311/4006/2311
f 2644/4160/2644 2753/4350/2753 2643/4159/2643
f 2751/4345/2751 2311/4006/2311 2371/4351/2371
f 2646/4162/2646 2093/3518/2093 2754/4352/2754
f 2755/4353/2755 2454/3852/2454 2255/3520/2255
f 2093/3241/2093 2256/3521/2256 2649/4168/2649
f 2756/4354/2756 2650/4169/2650 2647/4163/2647
f 2457/4355/2457 2312/4356/2312 2648/4357/2648
f 2757/4358/2757 2656/4179/2656 2459/3859/2459
f 2757/4358/2757 2459/3859/2459 2556/4014/2556
f 2758/4359/2758 2654/4176/2654 2462/3862/2462
f 2759/4360/2759 2655/4178/2655 2557/4015/2557
f 2759/4360/2759 2557/4015/2557 2656/4179/2656
f 2316/3615/2316 2314/3612/2314 2554/4011/2554
f 2760/4361/2760 2458/4362/2458 2457/4355/2457
f 2758/4359/2758 2462/3862/2462 2761/4363/2761
f 2761/4363/2761 2462/3862/2462 2464/3864/2464
f 2762/4364/2762 2376/3723/2376 2658/4182/2658
f 2763/4365/2763 2664/4198/2664 2201/3430/2201
f 2763/4365/2763 2201/3430/2201 2652/4181/2652
f 2658/4182/2658 2259/3524/2259 2660/4186/2660
f 2761/4363/2761 2464/3864/2464 2662/4366/2662
f 2665/4367/2665 2664/4368/2664 2764/4369/2764
f 2765/4370/2765 2262/4371/2262 2666/4372/2666
f 2765/4373/2765 2666/4203/2666 2766/4374/2766
f 2263/3622/2263 2666/4375/2666 2262/3528/2262
f 2665/4202/2665 2767/4376/2767 2667/4205/2667
f 2666/4203/2666 2560/4019/2560 2471/3879/2471
f 2768/4377/2768 2668/4207/2668 2667/4206/2667
f 2769/4378/2769 2562/4021/2562 2561/4020/2561
f 2766/4374/2766 2471/3879/2471 2670/4210/2670
f 2562/4021/2562 2770/4379/2770 2563/4022/2563
f 2770/4379/2770 2562/4021/2562 2769/4378/2769
f 2766/4380/2766 2670/4381/2670 2771/4382/2771
f 2669/4209/2669 2563/4023/2563 2770/4383/2770
f 2672/4212/2672 2671/4211/2671 2673/4213/2673
f 2772/4384/2772 2565/4025/2565 2673/4213/2673
f 2772/4384/2772 2566/4026/2566 2565/4025/2565
f 2772/4384/2772 2773/4385/2773 2566/4026/2566
f 2773/4385/2773 2674/4215/2674 2566/4026/2566
f 2674/4214/2674 2388/4386/2388 2387/3741/2387
f 2680/4387/2680 2774/4388/2774 2268/3891/2268
f 2774/4388/2774 2676/4217/2676 2268/3891/2268
f 2774/4388/2774 2775/4389/2775 2676/4217/2676
f 2775/4389/2775 2269/3892/2269 2676/4217/2676
f 2775/4389/2775 2681/4227/2681 2269/3892/2269
f 2684/4231/2684 2776/4390/2776 2677/4220/2677
f 2777/4391/2777 2682/4392/2682 2325/3751/2325
f 2483/3898/2483 2690/4393/2690 2208/3900/2208
f 2776/4394/2776 2213/4222/2213 2677/4221/2677
f 2675/4216/2675 2678/4224/2678 2689/4236/2689
f 2778/4395/2778 2688/4235/2688 2687/4234/2687
f 2690/4238/2690 2326/4396/2326 2208/4397/2208
f 2690/4238/2690 2491/4237/2491 2326/4396/2326
f 2779/4398/2779 2482/4399/2482 2681/4400/2681
f 2776/4394/2776 1902/3753/1902 2213/4222/2213
f 2780/4401/2780 2689/4402/2689 2572/4403/2572
f 2679/4404/2679 2693/4242/2693 2330/3646/2330
f 2779/4398/2779 2691/4240/2691 2482/4399/2482
f 2781/4405/2781 2325/3751/2325 2212/3451/2212
f 2781/4405/2781 2777/4391/2777 2325/3751/2325
f 2781/4405/2781 2692/4241/2692 2691/4240/2691
f 2779/4398/2779 2781/4405/2781 2691/4240/2691
f 2781/4405/2781 2212/3451/2212 2692/4241/2692
f 2782/4406/2782 2492/4036/2492 2573/4035/2573
f 2783/4407/2783 2492/4036/2492 2782/4406/2782
f 2693/4242/2693 2493/4408/2493 2159/3911/2159
f 2215/3455/2215 2160/3355/2160 2574/4040/2574
f 2694/4243/2694 2331/3647/2331 2695/4245/2695
f 2784/4409/2784 2696/4246/2696 2494/3916/2494
f 2574/4040/2574 2392/3757/2392 2785/4410/2785
f 2784/4409/2784 2786/4411/2786 2696/4246/2696
f 2698/4249/2698 2273/3552/2273 2161/3357/2161
f 2392/3757/2392 2575/4044/2575 2785/4410/2785
f 2274/3554/2274 2787/4412/2787 2495/3917/2495
f 2786/4413/2786 2697/4248/2697 2696/4247/2696
f 2788/4414/2788 2701/4252/2701 2495/3917/2495
f 2575/4044/2575 2217/3457/2217 2789/4415/2789
f 2217/3457/2217 2704/4257/2704 2789/4415/2789
f 2790/4416/2790 2703/4256/2703 2702/4255/2702
f 2790/4416/2790 2791/4417/2791 2703/4256/2703
f 2699/4250/2699 2161/3357/2161 2398/3764/2398
f 2792/4418/2792 2577/4046/2577 2706/4259/2706
f 2792/4419/2792 2702/4255/2702 2577/4254/2577
f 2791/4417/2791 2578/4047/2578 2703/4256/2703
f 2793/4420/2793 2706/4259/2706 2705/4258/2705
f 2794/4421/2794 2706/4259/2706 2793/4420/2793
f 2793/4420/2793 2705/4258/2705 2580/4049/2580
f 2795/4422/2795 2796/4423/2796 2499/4262/2499
f 2580/4424/2580 2581/4425/2581 2710/4426/2710
f 2583/4054/2583 2797/4427/2797 2582/4053/2582
f 2797/4427/2797 1849/3662/1849 2582/4053/2582
f 2797/4427/2797 2798/4428/2798 1849/3662/1849
f 2798/4429/2798 2499/3927/2499 1849/3929/1849
f 2798/4429/2798 2795/4430/2795 2499/3927/2499
f 2710/4431/2710 2584/4056/2584 2587/4060/2587
f 2711/4432/2711 2799/4433/2799 2501/3933/2501
f 2585/4057/2585 2341/3666/2341 2717/4278/2717
f 2715/4276/2715 2401/3775/2401 2712/4434/2712
f 2710/4431/2710 2587/4060/2587 2800/4435/2800
f 2799/4433/2799 2713/4274/2713 2501/3933/2501
f 2801/4436/2801 2802/4437/2802 2591/4065/2591
f 2713/4274/2713 2801/4436/2801 2591/4065/2591
f 2802/4437/2802 2714/4275/2714 2591/4065/2591
f 2587/4060/2587 2716/4277/2716 2800/4435/2800
f 2800/4435/2800 2716/4277/2716 2803/4438/2803
f 2409/3779/2409 2175/3379/2175 2804/4439/2804
f 2727/4291/2727 2351/3680/2351 2588/4061/2588
f 2805/4440/2805 2502/3934/2502 2227/3477/2227
f 2806/4441/2806 2592/4066/2592 2715/4276/2715
f 2807/4442/2807 2507/3941/2507 2224/3940/2224
f 2806/4441/2806 2593/4067/2593 2592/4066/2592
f 2806/4441/2806 2720/4443/2720 2593/4067/2593
f 2716/4277/2716 2718/4280/2718 2803/4438/2803
f 2808/4444/2808 2717/4279/2717 2719/4281/2719
f 2803/4438/2803 2718/4280/2718 2809/4445/2809
f 2227/3477/2227 2810/4446/2810 2811/4447/2811
f 2227/3948/2227 2723/4286/2723 2810/4448/2810
f 2812/4449/2812 2597/4287/2597 2721/4450/2721
f 2812/4449/2812 2598/4076/2598 2597/4287/2597
f 2812/4449/2812 2724/4288/2724 2598/4076/2598
f 2812/4449/2812 2600/4078/2600 2724/4288/2724
f 2725/4289/2725 2813/4451/2813 2809/4445/2809
f 2718/4280/2718 2725/4289/2725 2809/4445/2809
f 2596/4073/2596 2599/4077/2599 2719/4281/2719
f 2600/4078/2600 2812/4449/2812 2602/4080/2602
f 2813/4452/2813 2729/4294/2729 2602/4080/2602
f 2602/4080/2602 2812/4449/2812 2813/4452/2813
f 2729/4293/2729 2813/4451/2813 2725/4289/2725
f 2728/4292/2728 2731/4453/2731 2353/3683/2353
f 2719/4281/2719 2599/4077/2599 2730/4295/2730
f 2814/4454/2814 2180/3795/2180 2603/4081/2603
f 2815/4455/2815 2515/3956/2515 2722/4285/2722
f 2814/4454/2814 2816/4456/2816 2180/3795/2180
f 2817/4457/2817 2723/4458/2723 2732/4459/2732
f 2815/4455/2815 2818/4460/2818 2515/3956/2515
f 2818/4460/2818 2734/4300/2734 2515/3956/2515
f 2733/4299/2733 2819/4461/2819 2521/3964/2521
f 2816/4462/2816 2608/4086/2608 2180/4088/2180
f 2820/4463/2820 2608/4086/2608 2816/4462/2816
f 2819/4461/2819 2736/4305/2736 2521/3964/2521
f 2817/4457/2817 2732/4459/2732 2821/4464/2821
f 2818/4460/2818 2607/4085/2607 2734/4300/2734
f 2821/4464/2821 2736/4305/2736 2819/4461/2819
f 2736/4305/2736 2821/4464/2821 2732/4459/2732
f 2820/4463/2820 2822/4465/2822 2608/4086/2608
f 2610/4466/2610 2737/4467/2737 2823/4468/2823
f 2610/4466/2610 2823/4468/2823 2611/4469/2611
f 2823/4470/2823 2738/4308/2738 2611/4095/2611
f 2609/4092/2609 2739/4471/2739 2824/4472/2824
f 2738/4311/2738 2825/4473/2825 2614/4099/2614
f 2614/4099/2614 2825/4473/2825 2615/4100/2615
f 2825/4473/2825 2740/4312/2740 2615/4100/2615
f 2825/4473/2825 2739/4309/2739 2740/4312/2740
f 2616/4101/2616 2826/4474/2826 2535/3984/2535
f 2616/4101/2616 2827/4475/2827 2826/4474/2826
f 2616/4101/2616 2741/4313/2741 2827/4475/2827
f 2742/4476/2742 2535/3984/2535 2826/4474/2826
f 2826/4474/2826 2741/4313/2741 2828/4477/2828
f 2826/4474/2826 2827/4475/2827 2741/4313/2741
f 2540/3989/2540 2535/4102/2535 2742/4314/2742
f 2828/4477/2828 2741/4313/2741 2829/4478/2829
f 2829/4478/2829 2741/4313/2741 2830/4479/2830
f 2831/4480/2831 2617/4103/2617 2619/4107/2619
f 2830/4479/2830 2741/4313/2741 2618/4105/2618
f 2617/4103/2617 2832/4481/2832 2440/4104/2440
f 2833/4482/2833 2618/4105/2618 2620/4108/2620
f 2743/4315/2743 2621/4483/2621 2439/3822/2439
f 2620/4317/2620 2298/3587/2298 2747/4328/2747
f 2834/4484/2834 2746/4327/2746 2626/4122/2626
f 2748/4329/2748 2368/4116/2368 2625/4118/2625
f 2834/4484/2834 2626/4122/2626 2442/4121/2442
f 2835/4485/2835 2442/4121/2442 2443/4128/2443
f 2835/4485/2835 2443/4128/2443 2629/4130/2629
f 2631/4138/2631 2636/4148/2636 2836/4486/2836
f 2304/4339/2304 2452/4338/2452 2837/4487/2837
f 2646/4162/2646 2838/4488/2838 2632/4139/2632
f 2145/3327/2145 2634/4146/2634 2839/4489/2839
f 2840/4490/2840 2636/4148/2636 2749/4340/2749
f 2141/3711/2141 2549/4001/2549 2639/4154/2639
f 2750/4343/2750 2752/4346/2752 2749/4341/2749
f 2749/4341/2749 2752/4346/2752 2841/4491/2841
f 2452/3848/2452 2196/3847/2196 2837/4492/2837
f 2752/4346/2752 2842/4493/2842 2841/4491/2841
f 2752/4347/2752 2641/4349/2641 2842/4494/2842
f 2643/4495/2643 2753/4496/2753 2843/4497/2843
f 2753/4496/2753 2844/4498/2844 2843/4497/2843
f 2550/4499/2550 2844/4498/2844 2753/4496/2753
f 2550/4499/2550 2845/4500/2845 2844/4498/2844
f 2846/4501/2846 2751/4345/2751 2371/4351/2371
f 2641/4349/2641 2847/4502/2847 2842/4494/2842
f 2641/4349/2641 2848/4503/2848 2847/4502/2847
f 2642/4504/2642 2848/4503/2848 2641/4349/2641
f 2450/4505/2450 2848/4503/2848 2642/4504/2642
f 2450/4505/2450 2643/4495/2643 2848/4503/2848
f 2372/3716/2372 2645/4161/2645 2255/3520/2255
f 2455/4506/2455 2456/4507/2456 2849/4508/2849
f 2454/3852/2454 2755/4353/2755 2553/4009/2553
f 2093/3241/2093 2649/4168/2649 2850/4509/2850
f 2850/4510/2850 2649/4511/2649 2651/4512/2651
f 2456/4513/2456 2655/4178/2655 2851/4514/2851
f 2653/4175/2653 2852/4515/2852 2554/4011/2554
f 2655/4178/2655 2759/4360/2759 2851/4514/2851
f 2759/4360/2759 2656/4179/2656 2853/4516/2853
f 2656/4179/2656 2757/4358/2757 2853/4516/2853
f 2556/4014/2556 2854/4517/2854 2757/4358/2757
f 2854/4517/2854 2657/4180/2657 2659/4184/2659
f 2556/4014/2556 2657/4180/2657 2854/4517/2854
f 2657/4180/2657 2558/4016/2558 2659/4184/2659
f 2651/4512/2651 2313/4518/2313 2855/4519/2855
f 2762/4364/2762 2658/4182/2658 2856/4520/2856
f 2660/4521/2660 2458/4522/2458 2857/4523/2857
f 2377/3724/2377 2376/3723/2376 2858/4524/2858
f 2313/4518/2313 2262/4371/2262 2859/4525/2859
f 2666/4203/2666 2471/3879/2471 2766/4374/2766
f 2667/4206/2667 2767/4526/2767 2768/4377/2768
f 2769/4378/2769 2561/4020/2561 2768/4527/2768
f 2668/4208/2668 2768/4527/2768 2561/4020/2561
f 2769/4378/2769 2860/4528/2860 2770/4379/2770
f 2768/4527/2768 2860/4528/2860 2769/4378/2769
f 2770/4383/2770 2860/4529/2860 2669/4209/2669
f 2669/4209/2669 2860/4529/2860 2671/4211/2671
f 2771/4382/2771 2670/4381/2670 2478/4530/2478
f 2671/4211/2671 2772/4384/2772 2673/4213/2673
f 2671/4211/2671 2860/4529/2860 2772/4384/2772
f 2478/4530/2478 2479/4531/2479 2771/4382/2771
f 2674/4532/2674 2861/4533/2861 2388/3744/2388
f 2388/3744/2388 2861/4533/2861 2679/4225/2679
f 2685/4232/2685 2215/3910/2215 2862/4534/2862
f 2862/4534/2862 2687/4234/2687 2685/4232/2685
f 2687/4234/2687 2686/4233/2686 2685/4232/2685
f 2680/4226/2680 2688/4235/2688 2778/4395/2778
f 2863/4535/2863 2684/4231/2684 2683/4230/2683
f 2675/4216/2675 2689/4236/2689 2864/4536/2864
f 2865/4537/2865 2683/4230/2683 2690/4238/2690
f 2866/4538/2866 2867/4539/2867 2776/4394/2776
f 2776/4394/2776 2867/4539/2867 1902/3753/1902
f 2868/4540/2868 2781/4405/2781 2779/4398/2779
f 2573/4035/2573 2391/3754/2391 2782/4406/2782
f 2693/4541/2693 2869/4542/2869 2493/4038/2493
f 2274/4041/2274 2492/4036/2492 2783/4407/2783
f 2493/4038/2493 2784/4543/2784 2494/4039/2494
f 2574/4040/2574 2785/4410/2785 2870/4544/2870
f 2495/3917/2495 2787/4412/2787 2788/4414/2788
f 2785/4410/2785 2575/4044/2575 2789/4415/2789
f 2579/4048/2579 2701/4252/2701 2871/4545/2871
f 2700/4546/2700 2872/4547/2872 2335/4270/2335
f 2790/4416/2790 2873/4548/2873 2791/4417/2791
f 2794/4549/2794 2874/4550/2874 2875/4551/2875
f 2792/4418/2792 2794/4421/2794 2875/4552/2875
f 2792/4418/2792 2706/4259/2706 2794/4421/2794
f 2791/4417/2791 2873/4548/2873 2578/4047/2578
f 2794/4421/2794 2793/4420/2793 2874/4553/2874
f 2873/4548/2873 2403/3771/2403 2578/4047/2578
f 2398/3764/2398 2707/4260/2707 2699/4250/2699
f 2874/4553/2874 2793/4420/2793 2580/4049/2580
f 2499/4262/2499 2796/4423/2796 2218/3458/2218
f 2707/4260/2707 2876/4554/2876 2699/4250/2699
f 2877/4555/2877 2878/4556/2878 2583/4054/2583
f 2877/4555/2877 2583/4054/2583 2585/4057/2585
f 2710/4431/2710 2879/4557/2879 2580/4558/2580
f 2585/4057/2585 2880/4559/2880 2877/4555/2877
f 2879/4557/2879 2710/4431/2710 2800/4435/2800
f 2502/4272/2502 2707/4260/2707 2708/4261/2708
f 2712/4434/2712 2881/4560/2881 2715/4276/2715
f 2811/4447/2811 2502/3934/2502 2805/4440/2805
f 2403/3771/2403 2807/4561/2807 2224/3772/2224
f 2588/4061/2588 2882/4562/2882 2727/4291/2727
f 2175/4563/2175 2726/4564/2726 2804/4565/2804
f 2227/3477/2227 2811/4447/2811 2805/4440/2805
f 2803/4438/2803 2809/4445/2809 2883/4566/2883
f 2884/4567/2884 2812/4568/2812 2721/4283/2721
f 2809/4445/2809 2813/4451/2813 2883/4566/2883
f 2714/4275/2714 2885/4569/2885 2722/4570/2722
f 2883/4566/2883 2813/4451/2813 2812/4571/2812
f 2352/3685/2352 2886/4572/2886 2603/4081/2603
f 2886/4572/2886 2887/4573/2887 2603/4081/2603
f 2726/4574/2726 2354/3793/2354 2888/4575/2888
f 2888/4575/2888 2354/3793/2354 2889/4576/2889
f 2723/4458/2723 2817/4457/2817 2810/4577/2810
f 2890/4578/2890 2719/4281/2719 2730/4295/2730
f 2887/4573/2887 2814/4454/2814 2603/4081/2603
f 2354/3793/2354 2356/3792/2356 2889/4576/2889
f 2730/4303/2730 2735/4302/2735 2891/4579/2891
f 2889/4576/2889 2356/3792/2356 2892/4580/2892
f 2818/4460/2818 2893/4581/2893 2607/4085/2607
f 2893/4581/2893 2737/4582/2737 2607/4085/2607
f 2735/4302/2735 2609/4092/2609 2894/4583/2894
f 2895/4584/2895 2608/4086/2608 2822/4465/2822
f 2356/3969/2356 2608/4086/2608 2895/4584/2895
f 2823/4585/2823 2825/4586/2825 2738/4587/2738
f 2609/4092/2609 2824/4472/2824 2894/4583/2894
f 2894/4583/2894 2824/4472/2824 2896/4588/2896
f 2824/4472/2824 2897/4589/2897 2896/4588/2896
f 2896/4588/2896 2897/4589/2897 2825/4586/2825
f 2824/4472/2824 2739/4471/2739 2897/4589/2897
f 2739/4471/2739 2825/4586/2825 2897/4589/2897
f 2826/4474/2826 2898/4590/2898 2742/4476/2742
f 2826/4474/2826 2899/4591/2899 2898/4590/2898
f 2828/4477/2828 2829/4478/2829 2826/4474/2826
f 2826/4474/2826 2829/4478/2829 2899/4591/2899
f 2829/4478/2829 2830/4479/2830 2899/4591/2899
f 2236/3490/2236 2742/4314/2742 2900/4592/2900
f 2236/3493/2236 2900/4593/2900 2743/4315/2743
f 2440/4104/2440 2832/4481/2832 2901/4594/2901
f 2619/4107/2619 2622/4112/2622 2902/4595/2902
f 2623/4113/2623 2903/4596/2903 2622/4112/2622
f 2901/4597/2901 2365/4324/2365 2440/4598/2440
f 2901/4597/2901 2904/4599/2904 2365/4324/2365
f 2905/4600/2905 2620/4317/2620 2747/4328/2747
f 2301/4117/2301 2906/4601/2906 2625/4118/2625
f 2301/4117/2301 2745/4326/2745 2906/4601/2906
f 2628/4332/2628 2907/4602/2907 2633/4333/2633
f 2630/4131/2630 2908/4603/2908 2192/4132/2192
f 2191/4125/2191 2627/4124/2627 2635/4145/2635
f 2747/4335/2747 2632/4139/2632 2909/4604/2909
f 2629/4130/2629 2631/4135/2631 2835/4485/2835
f 2367/4605/2367 2304/4606/2304 2910/4607/2910
f 2910/4607/2910 2304/4606/2304 2837/4608/2837
f 2192/4132/2192 2908/4603/2908 2546/4609/2546
f 2633/4141/2633 2911/4610/2911 2634/4142/2634
f 2754/4352/2754 2838/4488/2838 2646/4162/2646
f 2836/4486/2836 2636/4148/2636 2840/4490/2840
f 2550/4499/2550 2546/4611/2546 2845/4500/2845
f 2645/4612/2645 2912/4613/2912 2913/4614/2913
f 2141/3711/2141 2914/4615/2914 2037/4616/2037
f 2749/4341/2749 2841/4491/2841 2840/4617/2840
f 2196/3847/2196 2915/4618/2915 2837/4492/2837
f 2842/4493/2842 2916/4619/2916 2841/4491/2841
f 2842/4494/2842 2847/4502/2847 2916/4620/2916
f 2643/4495/2643 2843/4497/2843 2917/4621/2917
f 2843/4497/2843 2918/4622/2918 2917/4621/2917
f 2844/4498/2844 2918/4622/2918 2843/4497/2843
f 2844/4498/2844 2845/4500/2845 2918/4622/2918
f 2643/4495/2643 2919/4623/2919 2848/4503/2848
f 2643/4495/2643 2917/4621/2917 2919/4623/2919
f 2920/4624/2920 2196/3847/2196 2849/4508/2849
f 2094/3243/2094 2921/4625/2921 2552/4008/2552
f 2755/4353/2755 2255/3520/2255 2645/4161/2645
f 2093/3241/2093 2922/4626/2922 2754/4627/2754
f 2922/4626/2922 2093/3241/2093 2850/4509/2850
f 2648/4357/2648 2553/4628/2553 2923/4629/2923
f 2457/4355/2457 2648/4357/2648 2924/4630/2924
f 2760/4361/2760 2457/4355/2457 2924/4630/2924
f 2758/4359/2758 2761/4363/2761 2925/4631/2925
f 2851/4632/2851 2759/4633/2759 2926/4634/2926
f 2926/4635/2926 2759/4360/2759 2853/4516/2853
f 2554/4636/2554 2852/4637/2852 2316/4638/2316
f 2856/4520/2856 2376/3723/2376 2762/4364/2762
f 2927/4639/2927 2856/4520/2856 2658/4182/2658
f 2927/4639/2927 2658/4182/2658 2660/4186/2660
f 2760/4640/2760 2857/4523/2857 2458/4522/2458
f 2928/4641/2928 2316/4638/2316 2852/4637/2852
f 2761/4363/2761 2662/4366/2662 2929/4642/2929
f 2930/4643/2930 2664/4368/2664 2763/4644/2763
f 2931/4645/2931 2659/4187/2659 2559/4189/2559
f 2928/4641/2928 2661/4194/2661 2316/4638/2316
f 2929/4646/2929 2662/4196/2662 2663/4197/2663
f 2932/4647/2932 2313/4518/2313 2859/4525/2859
f 2663/4197/2663 2377/3724/2377 2858/4524/2858
f 2933/4648/2933 2765/4649/2765 2766/4380/2766
f 2767/4376/2767 2665/4202/2665 2934/4650/2934
f 2768/4527/2768 2935/4651/2935 2860/4528/2860
f 2860/4528/2860 2936/4652/2936 2772/4653/2772
f 2772/4653/2772 2936/4652/2936 2773/4654/2773
f 2936/4655/2936 2674/4656/2674 2773/4657/2773
f 2936/4655/2936 2937/4658/2937 2674/4656/2674
f 2937/4658/2937 2861/4659/2861 2674/4656/2674
f 2938/4660/2938 2775/4389/2775 2774/4388/2774
f 2939/4661/2939 2483/4662/2483 2682/4392/2682
f 2940/4663/2940 2215/3910/2215 2941/4664/2941
f 2940/4663/2940 2862/4534/2862 2215/3910/2215
f 2483/4665/2483 2865/4537/2865 2690/4238/2690
f 2864/4666/2864 2689/4402/2689 2780/4401/2780
f 2868/4540/2868 2942/4667/2942 2781/4405/2781
f 2867/4539/2867 2391/3754/2391 1902/3753/1902
f 2943/4668/2943 2782/4406/2782 2391/3754/2391
f 2944/4669/2944 2943/4668/2943 2391/3754/2391
f 2943/4668/2943 2945/4670/2945 2782/4406/2782
f 2945/4670/2945 2783/4407/2783 2782/4406/2782
f 2869/4542/2869 2784/4543/2784 2493/4038/2493
f 2274/3554/2274 2946/4671/2946 2787/4412/2787
f 2788/4414/2788 2871/4545/2871 2701/4252/2701
f 2947/4672/2947 2698/4249/2698 2699/4250/2699
f 2948/4673/2948 2790/4416/2790 2702/4255/2702
f 2948/4673/2948 2949/4674/2949 2790/4416/2790
f 2949/4674/2949 2873/4548/2873 2790/4416/2790
f 2950/4675/2950 2700/4253/2700 1917/2973/1917
f 2951/4676/2951 2335/4270/2335 2952/4677/2952
f 2953/4678/2953 2335/4270/2335 2951/4676/2951
f 2954/4679/2954 2583/4054/2583 2878/4556/2878
f 2583/4054/2583 2954/4679/2954 2797/4427/2797
f 2335/4270/2335 2881/4680/2881 2712/4271/2712
f 2804/4681/2804 2704/4257/2704 2409/3926/2409
f 2707/4260/2707 2502/4272/2502 2876/4554/2876
f 2955/4682/2955 2713/4274/2713 2799/4433/2799
f 2955/4682/2955 2801/4436/2801 2713/4274/2713
f 2955/4682/2955 2802/4437/2802 2801/4436/2801
f 2579/4059/2579 2882/4562/2882 2588/4061/2588
f 2881/4560/2881 2956/4683/2956 2715/4276/2715
f 2800/4435/2800 2883/4566/2883 2879/4557/2879
f 2956/4683/2956 2957/4684/2957 2715/4276/2715
f 2957/4684/2957 2806/4441/2806 2715/4276/2715
f 2800/4435/2800 2803/4438/2803 2883/4566/2883
f 2585/4057/2585 2717/4278/2717 2808/4685/2808
f 2585/4057/2585 2808/4685/2808 2880/4559/2880
f 2806/4441/2806 2957/4684/2957 2720/4443/2720
f 2883/4566/2883 2812/4571/2812 2958/4686/2958
f 2885/4687/2885 2959/4688/2959 2722/4285/2722
f 2507/4689/2507 2886/4572/2886 2352/3685/2352
f 2507/4689/2507 2887/4573/2887 2886/4572/2886
f 2726/4564/2726 2888/4690/2888 2960/4691/2960
f 2959/4688/2959 2815/4455/2815 2722/4285/2722
f 2960/4692/2960 2888/4575/2888 2889/4576/2889
f 2731/4296/2731 2961/4693/2961 2417/3791/2417
f 2815/4455/2815 2893/4581/2893 2818/4460/2818
f 2961/4693/2961 2733/4694/2733 2417/3791/2417
f 2961/4695/2961 2962/4696/2962 2733/4299/2733
f 2733/4299/2733 2962/4696/2962 2819/4461/2819
f 2819/4461/2819 2962/4696/2962 2963/4697/2963
f 2963/4697/2963 2817/4457/2817 2819/4461/2819
f 2817/4457/2817 2821/4464/2821 2819/4461/2819
f 2892/4580/2892 2356/3792/2356 2964/4698/2964
f 2965/4699/2965 2823/4468/2823 2737/4467/2737
f 2735/4302/2735 2894/4583/2894 2891/4579/2891
f 2964/4698/2964 2895/4700/2895 2966/4701/2966
f 2964/4698/2964 2356/3792/2356 2895/4700/2895
f 2822/4465/2822 2966/4702/2966 2895/4584/2895
f 2967/4703/2967 2825/4586/2825 2823/4585/2823
f 2894/4583/2894 2896/4588/2896 2967/4703/2967
f 2967/4703/2967 2896/4588/2896 2825/4586/2825
f 2968/4704/2968 2742/4476/2742 2898/4590/2898
f 2900/4592/2900 2742/4314/2742 2968/4705/2968
f 2968/4704/2968 2898/4590/2898 2969/4706/2969
f 2969/4706/2969 2898/4590/2898 2830/4479/2830
f 2898/4590/2898 2899/4591/2899 2830/4479/2830
f 2969/4706/2969 2830/4479/2830 2970/4707/2970
f 2832/4481/2832 2617/4103/2617 2831/4480/2831
f 2832/4481/2832 2831/4480/2831 2971/4708/2971
f 2971/4708/2971 2831/4480/2831 2619/4107/2619
f 2970/4707/2970 2830/4479/2830 2618/4105/2618
f 2971/4708/2971 2619/4107/2619 2902/4595/2902
f 2618/4105/2618 2833/4482/2833 2970/4707/2970
f 2833/4482/2833 2620/4108/2620 2972/4709/2972
f 2972/4710/2972 2620/4317/2620 2905/4600/2905
f 2630/4131/2630 2365/4324/2365 2904/4599/2904
f 2973/4711/2973 2623/4113/2623 2367/4323/2367
f 2974/4712/2974 2748/4329/2748 2625/4118/2625
f 2974/4712/2974 2625/4118/2625 2906/4601/2906
f 2834/4484/2834 2442/4121/2442 2835/4485/2835
f 2975/4713/2975 2747/4714/2747 2909/4715/2909
f 2907/4716/2907 2628/4330/2628 2748/4329/2748
f 2367/4605/2367 2910/4607/2910 2973/4717/2973
f 2976/4718/2976 2631/4138/2631 2836/4486/2836
f 2977/4719/2977 2839/4489/2839 2634/4146/2634
f 2635/4336/2635 2912/4720/2912 2645/4161/2645
f 2976/4718/2976 2836/4486/2836 2840/4490/2840
f 2916/4620/2916 2847/4502/2847 2978/4721/2978
f 2979/4722/2979 2917/4621/2917 2918/4622/2918
f 2845/4500/2845 2979/4722/2979 2918/4622/2918
f 2913/4614/2913 2755/4723/2755 2645/4612/2645
f 2980/4724/2980 2846/4725/2846 2371/4726/2371
f 2981/4727/2981 2978/4721/2978 2847/4502/2847
f 2981/4727/2981 2847/4502/2847 2848/4503/2848
f 2920/4624/2920 2915/4618/2915 2196/3847/2196
f 2453/3850/2453 2095/3851/2095 2982/4728/2982
f 2196/3847/2196 2455/4506/2455 2849/4508/2849
f 2755/4729/2755 2923/4629/2923 2553/4628/2553
f 2652/4173/2652 2650/4169/2650 2983/4730/2983
f 2653/4731/2653 2984/4732/2984 2852/4637/2852
f 2653/4175/2653 2654/4176/2654 2984/4733/2984
f 2983/4730/2983 2763/4734/2763 2652/4173/2652
f 2758/4359/2758 2925/4631/2925 2654/4176/2654
f 2757/4735/2757 2854/4736/2854 2985/4737/2985
f 2855/4519/2855 2313/4518/2313 2932/4647/2932
f 2851/4632/2851 2926/4634/2926 2986/4738/2986
f 2853/4739/2853 2985/4737/2985 2926/4634/2926
f 2757/4735/2757 2985/4737/2985 2853/4739/2853
f 2854/4736/2854 2659/4740/2659 2931/4741/2931
f 2660/4186/2660 2987/4742/2987 2927/4639/2927
f 2376/3723/2376 2988/4743/2988 2858/4524/2858
f 2660/4521/2660 2857/4523/2857 2987/4744/2987
f 2559/4189/2559 2989/4745/2989 2931/4645/2931
f 2661/4194/2661 2989/4745/2989 2559/4189/2559
f 2661/4194/2661 2928/4641/2928 2989/4745/2989
f 2930/4643/2930 2764/4369/2764 2664/4368/2664
f 2765/4370/2765 2933/4746/2933 2262/4371/2262
f 2665/4747/2665 2764/4748/2764 2990/4749/2990
f 2665/4202/2665 2990/4750/2990 2934/4650/2934
f 2768/4377/2768 2767/4526/2767 2934/4751/2934
f 2768/4377/2768 2934/4751/2934 2935/4752/2935
f 2935/4651/2935 2936/4652/2936 2860/4528/2860
f 2991/4753/2991 2687/4754/2687 2862/4755/2862
f 2939/4661/2939 2682/4392/2682 2992/4756/2992
f 2861/4757/2861 2993/4758/2993 2679/4759/2679
f 2777/4391/2777 2994/4760/2994 2682/4392/2682
f 2995/4761/2995 2693/4242/2693 2679/4404/2679
f 2994/4760/2994 2781/4405/2781 2942/4667/2942
f 2994/4760/2994 2777/4391/2777 2781/4405/2781
f 2943/4668/2943 2996/4762/2996 2945/4670/2945
f 2215/3455/2215 2574/4040/2574 2997/4763/2997
f 2996/4762/2996 2783/4407/2783 2945/4670/2945
f 2693/4541/2693 2998/4764/2998 2869/4542/2869
f 2783/4407/2783 2946/4765/2946 2274/4041/2274
f 2946/4671/2946 2788/4414/2788 2787/4412/2787
f 2999/4766/2999 1706/4767/1706 2697/4768/2697
f 2792/4419/2792 2948/4673/2948 2702/4255/2702
f 2948/4769/2948 3000/4770/3000 2949/4771/2949
f 2699/4250/2699 2876/4554/2876 2947/4672/2947
f 3001/4772/3001 3002/4773/3002 3003/4774/3003
f 3001/4772/3001 2792/4775/2792 2875/4551/2875
f 3003/4774/3003 2792/4775/2792 3001/4772/3001
f 2949/4674/2949 3000/4776/3000 2873/4548/2873
f 1917/2973/1917 2796/4423/2796 2950/4675/2950
f 3001/4772/3001 3004/4777/3004 3002/4773/3002
f 2875/4551/2875 2874/4550/2874 3004/4777/3004
f 2875/4551/2875 3004/4777/3004 3001/4772/3001
f 2796/4423/2796 1917/2973/1917 2218/3458/2218
f 2580/4778/2580 3005/4779/3005 3004/4777/3004
f 3004/4777/3004 2874/4550/2874 2580/4778/2580
f 2789/4780/2789 2704/4781/2704 3006/4782/3006
f 2580/4783/2580 2879/4784/2879 3005/4785/3005
f 3007/4786/3007 2878/4556/2878 2877/4555/2877
f 2954/4679/2954 2878/4556/2878 3007/4786/3007
f 3008/4787/3008 3009/4788/3009 2711/4432/2711
f 2711/4432/2711 3009/4788/3009 2799/4433/2799
f 2955/4682/2955 3010/4789/3010 2802/4437/2802
f 2877/4555/2877 2880/4559/2880 3011/4790/3011
f 2876/4791/2876 2502/3934/2502 2811/4447/2811
f 2879/4557/2879 2883/4566/2883 2958/4686/2958
f 3012/4792/3012 2957/4684/2957 2956/4683/2956
f 3012/4792/3012 2720/4443/2720 2957/4684/2957
f 3012/4793/3012 2721/4283/2721 2720/4282/2720
f 3012/4793/3012 2884/4567/2884 2721/4283/2721
f 2812/4568/2812 2884/4567/2884 3012/4793/3012
f 2880/4794/2880 2808/4444/2808 2719/4281/2719
f 2726/4564/2726 2960/4691/2960 2804/4565/2804
f 2727/4291/2727 3013/4795/3013 2728/4292/2728
f 2507/4689/2507 2814/4454/2814 2887/4573/2887
f 2814/4454/2814 3014/4796/3014 2816/4456/2816
f 3015/4797/3015 2963/4697/2963 2962/4696/2962
f 2817/4457/2817 2963/4697/2963 3015/4797/3015
f 3016/4798/3016 2730/4295/2730 2891/4799/2891
f 2965/4800/2965 2737/4582/2737 2893/4581/2893
f 2965/4699/2965 2967/4801/2967 2823/4468/2823
f 2891/4579/2891 2894/4583/2894 2967/4703/2967
f 2822/4465/2822 3017/4802/3017 2966/4702/2966
f 2968/4704/2968 2969/4706/2969 2970/4707/2970
f 2968/4704/2968 2970/4707/2970 2833/4482/2833
f 2900/4593/2900 3018/4803/3018 2743/4315/2743
f 2905/4600/2905 2747/4328/2747 3019/4804/3019
f 3019/4804/3019 2747/4328/2747 3020/4805/3020
f 2747/4714/2747 2975/4713/2975 3020/4806/3020
f 2746/4327/2746 2834/4484/2834 2745/4326/2745
f 2748/4329/2748 2974/4712/2974 2907/4716/2907
f 2835/4485/2835 2631/4135/2631 3021/4807/3021
f 2633/4141/2633 2907/4808/2907 3022/4809/3022
f 2632/4139/2632 2838/4488/2838 2909/4604/2909
f 2631/4135/2631 2976/4810/2976 3021/4807/3021
f 2976/4811/2976 2840/4617/2840 3023/4812/3023
f 2840/4617/2840 2841/4491/2841 3024/4813/3024
f 2307/3601/2307 2751/4345/2751 3025/4814/3025
f 3024/4813/3024 2841/4491/2841 2916/4619/2916
f 2839/4815/2839 3026/4816/3026 2145/4817/2145
f 2916/4619/2916 2978/4818/2978 3027/4819/3027
f 2037/3515/2037 3028/4820/3028 2094/3243/2094
f 2978/4818/2978 2981/4821/2981 3027/4819/3027
f 2848/4503/2848 2919/4623/2919 3029/4822/3029
f 2917/4621/2917 3030/4823/3030 2919/4623/2919
f 2979/4722/2979 3030/4823/3030 2917/4621/2917
f 2095/3851/2095 2145/4817/2145 3031/4824/3031
f 2145/4817/2145 3026/4816/3026 3031/4824/3031
f 2453/3850/2453 2982/4728/2982 1979/3065/1979
f 2754/4352/2754 2922/4825/2922 3032/4826/3032
f 2849/4508/2849 2456/4507/2456 3033/4827/3033
f 2456/4513/2456 2851/4514/2851 3033/4828/3033
f 2984/4732/2984 2654/4829/2654 2925/4830/2925
f 3034/4831/3034 2986/4738/2986 2926/4634/2926
f 2925/4832/2925 2761/4833/2761 2929/4834/2929
f 2988/4743/2988 2376/3723/2376 2856/4520/2856
f 2988/4835/2988 2856/4836/2856 2927/4837/2927
f 2929/4834/2929 2663/4838/2663 3035/4839/3035
f 3035/4839/3035 2663/4838/2663 2858/4840/2858
f 2937/4658/2937 2936/4655/2936 3036/4841/3036
f 3037/4842/3037 2940/4843/2940 2941/4844/2941
f 3037/4842/3037 2862/4755/2862 2940/4843/2940
f 2938/4845/2938 2774/4846/2774 3038/4847/3038
f 2938/4660/2938 2681/4227/2681 2775/4389/2775
f 3038/4848/3038 2680/4226/2680 2778/4395/2778
f 3038/4848/3038 2774/4849/2774 2680/4226/2680
f 2992/4756/2992 2682/4392/2682 3039/4850/3039
f 2939/4661/2939 2865/4851/2865 2483/4662/2483
f 3040/4852/3040 2776/4853/2776 2684/4854/2684
f 3041/4855/3041 2683/4230/2683 2865/4537/2865
f 3041/4855/3041 2863/4535/2863 2683/4230/2683
f 2994/4760/2994 3039/4850/3039 2682/4392/2682
f 2866/4538/2866 3042/4856/3042 2867/4539/2867
f 2867/4539/2867 3042/4856/3042 2391/3754/2391
f 3042/4856/3042 2944/4669/2944 2391/3754/2391
f 2694/4857/2694 2780/4401/2780 2572/4403/2572
f 3043/4858/3043 2574/4040/2574 3044/4859/3044
f 3044/4859/3044 2574/4040/2574 2870/4544/2870
f 3045/4860/3045 2273/3552/2273 2698/4249/2698
f 2784/4409/2784 3046/4861/3046 2786/4411/2786
f 2870/4544/2870 2785/4410/2785 2789/4415/2789
f 2999/4766/2999 2697/4768/2697 2786/4862/2786
f 3047/4863/3047 2871/4545/2871 2788/4414/2788
f 2952/4677/2952 2335/4270/2335 2872/4547/2872
f 3049/4864/3048 3050/4865/3049 2792/4775/2792
f 3048/4866/3050 3000/4770/3000 2948/4769/2948
f 3051/4867/3051 3003/4774/3003 3002/4773/3002
f 3049/4864/3048 3003/4774/3003 3051/4867/3051
f 3049/4864/3048 2792/4775/2792 3003/4774/3003
f 3052/4868/3052 2873/4548/2873 3000/4776/3000
f 3002/4773/3002 3004/4777/3004 3053/4869/3053
f 3051/4867/3051 3002/4773/3002 3053/4869/3053
f 3005/4779/3005 3053/4869/3053 3004/4777/3004
f 3054/4870/3054 2403/3771/2403 2873/4548/2873
f 2953/4678/2953 2881/4680/2881 2335/4270/2335
f 3006/4871/3006 2704/4872/2704 2804/4565/2804
f 2799/4433/2799 3010/4789/3010 2955/4682/2955
f 2812/4568/2812 3012/4793/3012 2958/4873/2958
f 2802/4437/2802 3055/4874/3055 2714/4275/2714
f 3055/4874/3055 2885/4569/2885 2714/4275/2714
f 3056/4875/3056 2727/4291/2727 2882/4562/2882
f 2880/4794/2880 2719/4281/2719 3057/4876/3057
f 2719/4281/2719 2890/4578/2890 3057/4876/3057
f 3013/4795/3013 3058/4877/3058 2728/4292/2728
f 3058/4877/3058 2731/4453/2731 2728/4292/2728
f 3016/4798/3016 2890/4578/2890 2730/4295/2730
f 2960/4692/2960 2889/4576/2889 2892/4580/2892
f 2810/4577/2810 3015/4797/3015 3059/4878/3059
f 2810/4577/2810 2817/4457/2817 3015/4797/3015
f 3059/4879/3059 2962/4880/2962 2961/4881/2961
f 3059/4878/3059 3015/4797/3015 2962/4696/2962
f 3060/4882/3060 3016/4883/3016 2891/4884/2891
f 2967/4801/2967 2965/4699/2965 3060/4882/3060
f 2967/4801/2967 3060/4882/3060 2891/4884/2891
f 3061/4885/3061 2820/4463/2820 2816/4462/2816
f 3017/4886/3017 2822/4887/2822 3061/4888/3061
f 3061/4885/3061 2822/4465/2822 2820/4463/2820
f 2968/4705/2968 2833/4889/2833 2900/4592/2900
f 2833/4482/2833 3062/4890/3062 2900/4891/2900
f 3063/4892/3063 2832/4481/2832 2971/4708/2971
f 3063/4892/3063 2971/4708/2971 3064/4893/3064
f 3064/4893/3064 2971/4708/2971 2902/4595/2902
f 3065/4894/3065 3066/4895/3066 2972/4710/2972
f 2833/4482/2833 2972/4709/2972 3066/4896/3066
f 3067/4897/3067 2901/4898/2901 2832/4899/2832
f 2972/4710/2972 2905/4600/2905 3065/4894/3065
f 3018/4900/3018 2621/4111/2621 2743/4901/2743
f 3020/4805/3020 3065/4894/3065 2905/4600/2905
f 2901/4597/2901 2630/4131/2630 2904/4599/2904
f 3020/4805/3020 2905/4600/2905 3019/4804/3019
f 2973/4902/2973 2903/4903/2903 2623/4904/2623
f 2974/4712/2974 2906/4601/2906 3068/4905/3068
f 3068/4905/3068 2906/4601/2906 2745/4326/2745
f 2835/4485/2835 2745/4326/2745 2834/4484/2834
f 3069/4906/3069 3070/4907/3070 2627/4124/2627
f 3069/4906/3069 2627/4124/2627 2300/4123/2300
f 2911/4610/2911 2633/4141/2633 3022/4809/3022
f 2976/4810/2976 3071/4908/3071 3021/4807/3021
f 3070/4907/3070 2635/4145/2635 2627/4124/2627
f 2908/4909/2908 3072/4910/3072 2546/4911/2546
f 3070/4907/3070 2912/4912/2912 2635/4145/2635
f 2977/4719/2977 2634/4146/2634 2911/4913/2911
f 3071/4908/3071 2976/4810/2976 3023/4914/3023
f 3073/4915/3073 2754/4352/2754 3032/4826/3032
f 2838/4488/2838 2754/4352/2754 3073/4915/3073
f 3074/4916/3074 2839/4815/2839 2977/4917/2977
f 2840/4617/2840 3024/4813/3024 3023/4812/3023
f 2141/3711/2141 2639/4154/2639 3075/4918/3075
f 2639/4153/2639 2307/3601/2307 3025/4814/3025
f 2916/4619/2916 3027/4819/3027 3024/4813/3024
f 3027/4819/3027 2981/4821/2981 3024/4813/3024
f 3024/4813/3024 2981/4821/2981 3076/4919/3076
f 2980/4920/2980 2371/4921/2371 2143/4922/2143
f 3029/4822/3029 2981/4727/2981 2848/4503/2848
f 3077/4923/3077 3030/4823/3030 2979/4722/2979
f 2921/4625/2921 1785/3421/1785 2552/4008/2552
f 3078/4924/3078 2923/4629/2923 2755/4729/2755
f 3079/4925/3079 2850/4510/2850 2651/4512/2651
f 3079/4925/3079 2651/4512/2651 2855/4519/2855
f 2924/4630/2924 2648/4357/2648 3080/4926/3080
f 3080/4926/3080 2648/4357/2648 2923/4629/2923
f 3081/4927/3081 2924/4630/2924 3080/4926/3080
f 2756/4354/2756 2983/4730/2983 2650/4169/2650
f 2855/4519/2855 2932/4647/2932 3082/4928/3082
f 2986/4738/2986 3034/4831/3034 3083/4929/3083
f 2854/4736/2854 2931/4741/2931 2985/4737/2985
f 2927/4837/2927 2987/4930/2987 3084/4931/3084
f 2931/4741/2931 3085/4932/3085 2985/4737/2985
f 2931/4645/2931 2989/4745/2989 3085/4933/3085
f 2988/4835/2988 3086/4934/3086 2858/4840/2858
f 2859/4525/2859 3087/4935/3087 2932/4647/2932
f 2990/4749/2990 2764/4748/2764 3088/4936/3088
f 2935/4937/2935 3089/4938/3089 2936/4655/2936
f 3089/4938/3089 3036/4841/3036 2936/4655/2936
f 2479/4531/2479 2675/4939/2675 2771/4382/2771
f 2941/4844/2941 3090/4940/3090 3037/4842/3037
f 3090/4940/3090 3091/4941/3091 3037/4842/3037
f 3037/4842/3037 3091/4941/3091 2862/4755/2862
f 2862/4755/2862 3091/4941/3091 2991/4753/2991
f 2991/4753/2991 2778/4942/2778 2687/4754/2687
f 3092/4943/3092 2681/4400/2681 2938/4944/2938
f 3041/4945/3041 2865/4851/2865 2939/4661/2939
f 2675/4939/2675 2864/4666/2864 3093/4946/3093
f 2941/4947/2941 2215/4948/2215 3094/4949/3094
f 2776/4853/2776 3040/4852/3040 2866/4950/2866
f 3040/4852/3040 3095/4951/3095 2866/4950/2866
f 2681/4400/2681 3096/4952/3096 2779/4398/2779
f 2993/4758/2993 2995/4953/2995 2679/4759/2679
f 3097/4954/3097 3042/4955/3042 2866/4956/2866
f 2943/4668/2943 3098/4957/3098 2996/4762/2996
f 2695/4958/2695 3099/4959/3099 2694/4857/2694
f 3045/4960/3045 2695/4958/2695 2273/4961/2273
f 2999/4766/2999 3100/4962/3100 1706/4767/1706
f 2948/4769/2948 3101/4963/3101 3048/4866/3050
f 3048/4866/3050 3101/4963/3101 3000/4770/3000
f 3101/4963/3101 3102/4964/3102 3000/4770/3000
f 3103/4965/3103 3051/4867/3051 3104/4966/3104
f 3049/4864/3048 3051/4867/3051 3103/4965/3103
f 3000/4770/3000 3102/4964/3102 3052/4967/3052
f 3051/4867/3051 3053/4869/3053 3005/4779/3005
f 2871/4545/2871 3105/4968/3105 2579/4048/2579
f 2873/4548/2873 3052/4868/3052 3054/4870/3054
f 3007/4786/3007 3106/4969/3106 3107/4970/3107
f 3107/4970/3107 2954/4679/2954 3007/4786/3007
f 2709/4267/2709 3008/4971/3008 2711/4268/2711
f 3106/4969/3106 2877/4555/2877 3011/4790/3011
f 3007/4786/3007 2877/4555/2877 3106/4969/3106
f 2953/4678/2953 2956/4972/2956 2881/4680/2881
f 3005/4785/3005 2879/4784/2879 2958/4973/2958
f 3054/4870/3054 3108/4974/3108 2403/3771/2403
f 3009/4788/3009 3010/4789/3010 2799/4433/2799
f 3010/4789/3010 3109/4975/3109 2802/4437/2802
f 3109/4975/3109 3110/4976/3110 2802/4437/2802
f 3011/4790/3011 2880/4559/2880 3057/4977/3057
f 3111/4978/3111 2807/4442/2807 2403/4979/2403
f 3056/4875/3056 3013/4795/3013 2727/4291/2727
f 3057/4977/3057 2890/4980/2890 3112/4981/3112
f 3113/4982/3113 2811/4447/2811 2810/4446/2810
f 2959/4688/2959 2893/4581/2893 2815/4455/2815
f 2890/4578/2890 3016/4798/3016 3114/4983/3114
f 3113/4982/3113 2810/4446/2810 3115/4984/3115
f 2810/4446/2810 3059/4879/3059 3115/4984/3115
f 3115/4984/3115 3059/4879/3059 2961/4881/2961
f 3114/4983/3114 3016/4798/3016 3060/4985/3060
f 2892/4580/2892 2964/4698/2964 3116/4986/3116
f 2964/4698/2964 2966/4701/2966 3116/4986/3116
f 2966/4701/2966 3017/4886/3017 3061/4888/3061
f 2900/4593/2900 3062/4987/3062 3117/4988/3117
f 3062/4987/3062 3066/4895/3066 3117/4988/3117
f 2833/4482/2833 3066/4896/3066 3062/4890/3062
f 3117/4988/3117 3066/4895/3066 3065/4894/3065
f 2900/4593/2900 3117/4988/3117 3118/4989/3118
f 2622/4112/2622 2903/4596/2903 2902/4595/2902
f 3065/4894/3065 3119/4990/3119 3120/4991/3120
f 3065/4894/3065 3020/4805/3020 3119/4990/3119
f 2744/4318/2744 3121/4992/3121 2300/4123/2300
f 2745/4326/2745 2835/4485/2835 3068/4905/3068
f 2300/4123/2300 3121/4992/3121 3069/4906/3069
f 3068/4905/3068 3122/4993/3122 2974/4712/2974
f 3068/4905/3068 2835/4485/2835 3123/4994/3123
f 2907/4716/2907 2974/4712/2974 3122/4993/3122
f 2835/4485/2835 3021/4807/3021 3123/4994/3123
f 2909/4604/2909 2838/4488/2838 2975/4995/2975
f 2910/4607/2910 2837/4608/2837 2973/4717/2973
f 2837/4996/2837 2915/4997/2915 3124/4998/3124
f 2546/4999/2546 3125/5000/3125 2845/5001/2845
f 2920/5002/2920 3124/4998/3124 2915/4997/2915
f 2037/4616/2037 2914/4615/2914 3126/5003/3126
f 2845/5001/2845 3125/5000/3125 2979/5004/2979
f 2839/4815/2839 3074/4916/3074 3026/4816/3026
f 3024/4813/3024 3076/4919/3076 3127/5005/3127
f 3076/4919/3076 3128/5006/3128 3127/5005/3127
f 3076/4919/3076 3129/5007/3129 3128/5006/3128
f 3076/4919/3076 2981/4821/2981 3129/5007/3129
f 1979/3065/1979 3130/5008/3130 2143/3717/2143
f 2919/4623/2919 3030/4823/3030 3029/4822/3029
f 2094/3243/2094 3028/4820/3028 2921/4625/2921
f 3031/4824/3031 3131/5009/3131 2095/3851/2095
f 3026/4816/3026 3131/5009/3131 3031/4824/3031
f 3032/5010/3032 2922/5011/2922 3132/5012/3132
f 2921/4625/2921 3133/5013/3133 1785/3421/1785
f 2922/5011/2922 2850/4510/2850 3132/5012/3132
f 3133/5014/3133 2647/4163/2647 1785/4165/1785
f 2849/5015/2849 3033/5016/3033 3134/5017/3134
f 2923/4629/2923 3135/5018/3135 3080/4926/3080
f 3135/5018/3135 3081/4927/3081 3080/4926/3080
f 2760/4361/2760 2924/4630/2924 3136/5019/3136
f 2851/4632/2851 2986/4738/2986 3083/4929/3083
f 2852/4637/2852 3137/5020/3137 2928/4641/2928
f 2857/4523/2857 2760/4640/2760 3138/5021/3138
f 2985/4737/2985 3139/5022/3139 2926/4634/2926
f 2857/4523/2857 3140/5023/3140 2987/4744/2987
f 2857/4523/2857 3141/5024/3141 3140/5023/3140
f 3138/5021/3138 3141/5024/3141 2857/4523/2857
f 3085/4933/3085 2989/4745/2989 2928/4641/2928
f 2859/4525/2859 2262/4371/2262 2933/4746/2933
f 2764/4369/2764 3142/5025/3142 3088/5026/3088
f 2934/4751/2934 3143/5027/3143 2935/4752/2935
f 3089/5028/3089 2935/5029/2935 3143/5030/3143
f 3089/5028/3089 3144/5031/3144 3036/5032/3036
f 3144/5031/3144 2993/4758/2993 3036/5032/3036
f 3094/4949/3094 3090/5033/3090 2941/4947/2941
f 2991/4753/2991 3038/4847/3038 2778/4942/2778
f 3145/5034/3145 3040/4852/3040 2684/4854/2684
f 2771/4382/2771 2675/4939/2675 3093/4946/3093
f 2993/4758/2993 2937/5035/2937 3036/5032/3036
f 2993/4758/2993 2861/4757/2861 2937/5035/2937
f 3145/5036/3145 2863/4535/2863 3041/4855/3041
f 3145/5036/3145 2684/4231/2684 2863/4535/2863
f 3146/5037/3146 3096/4952/3096 2681/4400/2681
f 3096/4952/3096 2868/4540/2868 2779/4398/2779
f 3097/4954/3097 2866/4956/2866 3095/5038/3095
f 3147/5039/3147 3098/4957/3098 2943/4668/2943
f 2944/4669/2944 3147/5039/3147 2943/4668/2943
f 3147/5039/3147 2996/4762/2996 3098/4957/3098
f 2574/4040/2574 3043/4858/3043 2997/4763/2997
f 2870/4544/2870 3043/4858/3043 3044/4859/3044
f 3148/5040/3148 2788/4414/2788 2946/4671/2946
f 3046/5041/3046 2999/5042/2999 2786/5043/2786
f 2947/4672/2947 3045/4860/3045 2698/4249/2698
f 3149/5044/3149 3101/4963/3101 2948/4769/2948
f 3149/5044/3149 3102/4964/3102 3101/4963/3101
f 3150/5045/3150 2872/4547/2872 2700/4546/2700
f 3151/5046/3151 3103/4965/3103 3152/5047/3152
f 3151/5046/3151 3049/4864/3048 3103/4965/3103
f 3152/5048/3152 3104/5049/3104 2958/4973/2958
f 3103/4965/3103 3104/4966/3104 3152/5047/3152
f 2958/4973/2958 3104/5049/3104 3005/4785/3005
f 3104/4966/3104 3051/4867/3051 3005/4779/3005
f 3153/5050/3153 3054/5051/3054 3052/4967/3052
f 3154/5052/3154 3155/5053/3155 3107/4970/3107
f 3155/5053/3155 2954/4679/2954 3107/4970/3107
f 3155/5053/3155 2797/4427/2797 2954/4679/2954
f 3154/5052/3154 3106/4969/3106 3011/4790/3011
f 3107/4970/3107 3106/4969/3106 3154/5052/3154
f 3153/5050/3153 3108/5054/3108 3054/5051/3054
f 2953/4678/2953 3156/5055/3156 2956/4972/2956
f 2956/4972/2956 3156/5055/3156 3012/5056/3012
f 3157/5057/3157 2958/5058/2958 3012/5056/3012
f 3158/5059/3158 2579/4059/2579 3105/5060/3105
f 3159/5061/3159 3109/4975/3109 3010/4789/3010
f 3159/5061/3159 3110/4976/3110 3109/4975/3109
f 2882/4562/2882 2579/4059/2579 3158/5059/3158
f 3110/4976/3110 3055/4874/3055 2802/4437/2802
f 3160/5062/3160 2876/4791/2876 3161/5063/3161
f 3161/5063/3161 2876/4791/2876 2811/4447/2811
f 3006/4871/3006 2804/4565/2804 2960/4691/2960
f 3055/4874/3055 3162/5064/3162 2885/4569/2885
f 3161/5063/3161 2811/4447/2811 3113/4982/3113
f 3160/5062/3160 3058/5065/3058 3013/5066/3013
f 3111/4978/3111 2507/3941/2507 2807/4442/2807
f 3162/5064/3162 2959/5067/2959 2885/4569/2885
f 3112/5068/3112 3114/5069/3114 3163/5070/3163
f 2890/4578/2890 3114/4983/3114 3112/5071/3112
f 2731/4296/2731 3058/5072/3058 2961/4693/2961
f 3164/5073/3164 3113/4982/3113 2961/4881/2961
f 3114/5069/3114 3060/5074/3060 3163/5070/3163
f 2507/3941/2507 3014/5075/3014 2814/5076/2814
f 3113/4982/3113 3115/4984/3115 2961/4881/2961
f 3165/5077/3165 2965/4800/2965 2959/4688/2959
f 2959/4688/2959 2965/4800/2965 2893/4581/2893
f 3163/5070/3163 3060/5074/3060 3165/5078/3165
f 3165/5078/3165 3060/5074/3060 2965/5079/2965
f 3166/5080/3166 3116/4986/3116 3061/4888/3061
f 3116/4986/3116 2966/4701/2966 3061/4888/3061
f 3167/5081/3167 2832/4481/2832 3063/4892/3063
f 3168/5082/3168 2832/4481/2832 3167/5081/3167
f 3167/5081/3167 3063/4892/3063 3064/4893/3064
f 3169/5083/3169 3117/4988/3117 3065/4894/3065
f 3118/4989/3118 3018/4803/3018 2900/4593/2900
f 3169/5083/3169 3065/4894/3065 3120/4991/3120
f 3068/4905/3068 3170/5084/3170 3122/4993/3122
f 3068/4905/3068 3123/4994/3123 3170/5084/3170
f 3123/4994/3123 3021/4807/3021 3170/5084/3170
f 3122/4993/3122 3171/5085/3171 2907/4716/2907
f 2907/4716/2907 3171/5085/3171 3172/5086/3172
f 3170/5084/3170 3171/5085/3171 3122/4993/3122
f 3021/4807/3021 3171/5085/3171 3170/5084/3170
f 3173/5087/3173 3022/5088/3022 2907/4716/2907
f 3172/5086/3172 3173/5087/3173 2907/4716/2907
f 3172/5086/3172 3171/5085/3171 3173/5087/3173
f 3071/4908/3071 3171/5085/3171 3021/4807/3021
f 3071/4908/3071 3173/5087/3173 3171/5085/3171
f 2975/4995/2975 2838/4488/2838 3174/5089/3174
f 3022/4809/3022 3175/5090/3175 2911/4610/2911
f 3071/4908/3071 3023/4914/3023 3173/5087/3173
f 3173/5091/3173 3023/5092/3023 3176/5093/3176
f 3174/5089/3174 2838/4488/2838 3073/4915/3073
f 3177/5094/3177 2977/4719/2977 2911/4913/2911
f 3175/5090/3175 3177/5095/3177 2911/4610/2911
f 3178/5096/3178 3176/5093/3176 3179/5097/3179
f 3176/5093/3176 3024/5098/3024 3179/5097/3179
f 3023/5092/3023 3024/5098/3024 3176/5093/3176
f 3180/5099/3180 2141/3711/2141 3075/4918/3075
f 2912/4613/2912 3181/5100/3181 2913/4614/2913
f 3024/4813/3024 3127/5005/3127 3179/5101/3179
f 3179/5102/3179 3127/5103/3127 3129/5104/3129
f 3127/5005/3127 3128/5006/3128 3129/5007/3129
f 3182/5105/3182 3029/4822/3029 3183/5106/3183
f 3077/4923/3077 3029/4822/3029 3030/4823/3030
f 3184/5107/3184 1979/5108/1979 2982/5109/2982
f 3185/5110/3185 3131/5009/3131 3026/4816/3026
f 3186/5111/3186 2849/5112/2849 3134/5113/3134
f 3135/5018/3135 2923/4629/2923 3078/4924/3078
f 3187/5114/3187 2924/4630/2924 3081/4927/3081
f 3188/5115/3188 2760/4361/2760 3136/5019/3136
f 2984/4732/2984 2925/4830/2925 3189/5116/3189
f 3138/5021/3138 2760/4640/2760 3188/5117/3188
f 2925/4832/2925 2929/4834/2929 3189/5118/3189
f 3084/4931/3084 2988/4835/2988 2927/4837/2927
f 3190/5119/3190 2988/4835/2988 3084/4931/3084
f 3191/5120/3191 3083/4929/3083 3192/5121/3192
f 3083/4929/3083 3034/4831/3034 3192/5121/3192
f 3190/5119/3190 3086/4934/3086 2988/4835/2988
f 3140/5122/3140 3084/4931/3084 2987/4930/2987
f 3035/4839/3035 2858/4840/2858 3086/4934/3086
f 3193/5123/3193 2990/5124/2990 3088/5125/3088
f 2990/4750/2990 3143/5126/3143 2934/4650/2934
f 3143/5127/3143 2990/5124/2990 3193/5123/3193
f 3144/5031/3144 3089/5028/3089 3143/5030/3143
f 3038/4847/3038 3194/5128/3194 2938/4845/2938
f 3094/4949/3094 3195/5129/3195 3090/5033/3090
f 3092/4943/3092 3146/5037/3146 2681/4400/2681
f 2939/4661/2939 2992/4756/2992 3196/5130/3196
f 3196/5130/3196 3041/4945/3041 2939/4661/2939
f 3093/4946/3093 2864/4666/2864 3197/5131/3197
f 3096/4952/3096 2942/4667/2942 2868/4540/2868
f 2780/4401/2780 3198/5132/3198 2864/4666/2864
f 3043/4858/3043 2215/3455/2215 2997/4763/2997
f 3199/5133/3199 3147/5039/3147 2944/4669/2944
f 3147/5039/3147 3200/5134/3200 2996/4762/2996
f 3199/5133/3199 3200/5134/3200 3147/5039/3147
f 3200/5134/3200 2946/4765/2946 2996/4762/2996
f 2946/4765/2946 2783/4407/2783 2996/4762/2996
f 2695/4958/2695 3045/4960/3045 3099/4959/3099
f 3148/5040/3148 3201/5135/3201 2788/4414/2788
f 3201/5135/3201 3047/4863/3047 2788/4414/2788
f 2948/4769/2948 3102/4964/3102 3149/5044/3149
f 3047/4863/3047 3202/5136/3202 2871/4545/2871
f 2872/4547/2872 3203/5137/3203 2952/4677/2952
f 3203/5137/3203 3204/5138/3204 2952/4677/2952
f 3050/5139/3049 2948/4673/2948 2792/4419/2792
f 2700/4253/2700 2950/4675/2950 3150/5140/3150
f 3204/5138/3204 2951/4676/2951 2952/4677/2952
f 3205/5141/3205 3152/5047/3152 3206/5142/3206
f 3205/5141/3205 3151/5046/3151 3152/5047/3152
f 3049/4864/3048 3151/5046/3151 3205/5141/3205
f 3152/5048/3152 2958/4973/2958 3206/5143/3206
f 3102/4964/3102 3153/5050/3153 3052/4967/3052
f 2947/4672/2947 2876/4554/2876 3207/5144/3207
f 3100/5145/3100 2709/4263/2709 1706/3365/1706
f 2798/4429/2798 3208/5146/3208 2795/4430/2795
f 2951/4676/2951 3156/5055/3156 2953/4678/2953
f 2958/4973/2958 3157/5147/3157 3206/5143/3206
f 2871/5148/2871 3158/5059/3158 3105/5060/3105
f 3209/5149/3209 3210/5150/3210 3154/5052/3154
f 3210/5150/3210 3155/5053/3155 3154/5052/3154
f 3208/5151/3208 2797/4427/2797 3155/5053/3155
f 2798/4428/2798 2797/4427/2797 3208/5151/3208
f 3157/5057/3157 3012/5056/3012 3156/5055/3156
f 3209/5149/3209 3154/5052/3154 3011/4790/3011
f 3011/4790/3011 3211/5152/3211 3209/5149/3209
f 3010/4789/3010 3009/4788/3009 3159/5061/3159
f 3211/5152/3211 3057/4977/3057 3112/4981/3112
f 3211/5152/3211 3011/4790/3011 3057/4977/3057
f 2403/4979/2403 3108/5153/3108 3111/4978/3111
f 2882/4562/2882 3013/4795/3013 3056/4875/3056
f 3161/5063/3161 3164/5073/3164 3058/5065/3058
f 3161/5063/3161 3113/4982/3113 3164/5073/3164
f 3162/5154/3162 3165/5077/3165 2959/4688/2959
f 3058/5065/3058 3164/5073/3164 2961/4881/2961
f 3166/5080/3166 3061/4888/3061 2816/5155/2816
f 3167/5081/3167 3212/5156/3212 3168/5082/3168
f 3064/4893/3064 3212/5156/3212 3167/5081/3167
f 3169/5083/3169 3120/4991/3120 3117/4988/3117
f 3117/4988/3117 3120/4991/3120 3118/4989/3118
f 3018/4900/3018 2744/4318/2744 2621/4111/2621
f 2744/4318/2744 3213/5157/3213 3121/4992/3121
f 2901/4597/2901 3067/5158/3067 2630/4131/2630
f 3213/5157/3213 3214/5159/3214 3121/4992/3121
f 3121/4992/3121 3215/5160/3215 3069/4906/3069
f 3214/5159/3214 3215/5160/3215 3121/4992/3121
f 3119/5161/3119 3020/4806/3020 2975/4713/2975
f 3216/5162/3216 2908/4603/2908 2630/4131/2630
f 3215/5160/3215 3217/5163/3217 3069/4906/3069
f 3069/4906/3069 3217/5163/3217 3070/4907/3070
f 3022/4809/3022 3173/5091/3173 3176/5093/3176
f 3022/4809/3022 3176/5093/3176 3218/5164/3218
f 3070/4907/3070 3217/5163/3217 3219/5165/3219
f 3022/4809/3022 3218/5164/3218 3175/5090/3175
f 3218/5164/3218 3178/5096/3178 3175/5090/3175
f 3175/5090/3175 3178/5096/3178 3220/5166/3220
f 3218/5164/3218 3176/5093/3176 3178/5096/3178
f 3070/5167/3070 3219/5168/3219 2912/5169/2912
f 3175/5090/3175 3220/5166/3220 3177/5095/3177
f 3220/5166/3220 3178/5096/3178 3177/5095/3177
f 3177/5094/3177 3221/5170/3221 2977/4719/2977
f 2912/4613/2912 3219/5171/3219 3181/5100/3181
f 3221/5172/3221 3222/5173/3222 2977/4917/2977
f 2977/4917/2977 3222/5173/3222 3074/4916/3074
f 2914/4615/2914 2141/3711/2141 3180/5099/3180
f 3178/5174/3178 3179/5175/3179 3221/5170/3221
f 2639/4153/2639 3025/4814/3025 3223/5176/3223
f 2751/4345/2751 3224/5177/3224 3025/4814/3025
f 3074/4916/3074 3225/5178/3225 3026/4816/3026
f 3226/5179/3226 3179/5102/3179 3227/5180/3227
f 3179/5102/3179 3129/5104/3129 3227/5180/3227
f 3225/5178/3225 3185/5110/3185 3026/4816/3026
f 3227/5180/3227 3228/5181/3228 3226/5179/3226
f 3129/5104/3129 3228/5181/3228 3227/5180/3227
f 2981/4821/2981 3182/5182/3182 3129/5007/3129
f 2981/4727/2981 3029/4822/3029 3182/5105/3182
f 2095/3851/2095 3131/5009/3131 2982/4728/2982
f 2913/4614/2913 3229/5183/3229 2755/4723/2755
f 3229/5183/3229 3230/5184/3230 2755/4723/2755
f 2850/4510/2850 3079/4925/3079 3132/5012/3132
f 3230/5184/3230 3078/5185/3078 2755/4723/2755
f 2756/4354/2756 2647/4163/2647 3133/5014/3133
f 3078/4924/3078 3231/5186/3231 3135/5018/3135
f 3135/5018/3135 3232/5187/3232 3081/4927/3081
f 3033/5016/3033 2851/5188/2851 3233/5189/3233
f 3234/5190/3234 2855/4519/2855 3082/4928/3082
f 3234/5190/3234 3082/4928/3082 3235/5191/3235
f 2984/4732/2984 3189/5116/3189 2852/4637/2852
f 2852/4637/2852 3189/5116/3189 3137/5020/3137
f 3137/5020/3137 3236/5192/3236 2928/4641/2928
f 2926/4634/2926 3237/5193/3237 3034/4831/3034
f 3139/5022/3139 3237/5193/3237 2926/4634/2926
f 3035/4839/3035 3238/5194/3238 2929/4834/2929
f 3239/5195/3239 2933/4648/2933 2766/4380/2766
f 3194/5128/3194 3240/5196/3240 2938/4845/2938
f 3241/5197/3241 3038/4847/3038 2991/4753/2991
f 3041/5198/3041 3242/5199/3242 3145/5200/3145
f 3145/5034/3145 3243/5201/3243 3040/4852/3040
f 3145/5034/3145 3244/5202/3244 3243/5201/3243
f 3144/5031/3144 3245/5203/3245 2993/4758/2993
f 2942/4667/2942 3096/4952/3096 2994/4760/2994
f 2864/4666/2864 3198/5132/3198 3197/5131/3197
f 3245/5204/3245 2995/4761/2995 2993/5205/2993
f 3097/4954/3097 3246/5206/3246 3042/4955/3042
f 2215/4948/2215 3043/5207/3043 3094/4949/3094
f 2693/4242/2693 3247/5208/3247 2998/5209/2998
f 3200/5134/3200 3199/5133/3199 2946/4765/2946
f 2694/4857/2694 3198/5132/3198 2780/4401/2780
f 2694/4857/2694 3099/4959/3099 3198/5132/3198
f 2869/4542/2869 3248/5210/3248 2784/4543/2784
f 2946/4671/2946 3201/5135/3201 3148/5040/3148
f 3201/5135/3201 3249/5211/3249 3047/4863/3047
f 3045/4860/3045 2947/4672/2947 3250/5212/3250
f 2948/4769/2948 3251/5213/3251 3102/4964/3102
f 3251/5213/3251 3252/5214/3252 3102/4964/3102
f 3047/4863/3047 3249/5211/3249 3202/5136/3202
f 3253/5215/3253 3254/5216/3254 3157/5057/3157
f 3253/5217/3253 3205/5141/3205 3254/5218/3254
f 3202/5136/3202 3249/5211/3249 3255/5219/3255
f 3254/5216/3254 3206/5220/3206 3157/5057/3157
f 3206/5142/3206 3254/5218/3254 3205/5141/3205
f 3256/5221/3256 2950/4675/2950 2796/4423/2796
f 3204/5138/3204 3156/5055/3156 2951/4676/2951
f 3202/5136/3202 3257/5222/3257 2871/4545/2871
f 3202/5136/3202 3255/5219/3255 3257/5222/3257
f 3255/5219/3255 3249/5211/3249 3257/5222/3257
f 3258/5223/3258 2789/4780/2789 3006/4782/3006
f 2871/5148/2871 3257/5224/3257 3158/5059/3158
f 3210/5150/3210 3209/5149/3209 3211/5152/3211
f 3259/5225/3259 3158/5226/3158 3257/5227/3257
f 3260/5228/3260 3110/4976/3110 3159/5061/3159
f 3261/5229/3261 3110/4976/3110 3260/5228/3260
f 3207/5144/3207 2876/4554/2876 3160/5230/3160
f 3261/5229/3261 3262/5231/3262 3110/4976/3110
f 3262/5231/3262 3055/4874/3055 3110/4976/3110
f 3262/5231/3262 3263/5232/3263 3055/4874/3055
f 2882/4562/2882 3158/5059/3158 3264/5233/3264
f 3158/5226/3158 3265/5234/3265 3264/5235/3264
f 2882/4562/2882 3264/5233/3264 3013/4795/3013
f 3163/5236/3163 3266/5237/3266 3112/5238/3112
f 3055/4874/3055 3263/5232/3263 3162/5064/3162
f 3013/5239/3013 3264/5235/3264 3160/5230/3160
f 3165/5240/3165 3162/5064/3162 3263/5232/3263
f 3161/5063/3161 3058/5065/3058 3160/5062/3160
f 2892/4580/2892 3116/4986/3116 3267/5241/3267
f 3268/5242/3268 3116/4986/3116 3166/5080/3166
f 3212/5156/3212 3064/4893/3064 2902/4595/2902
f 3168/5243/3168 3067/4897/3067 2832/4899/2832
f 3120/4991/3120 3269/5244/3269 3118/4989/3118
f 3270/5245/3270 2744/4318/2744 3018/4900/3018
f 3270/5245/3270 3018/4900/3018 3271/5246/3271
f 3118/5247/3118 3271/5246/3271 3018/4900/3018
f 3118/4989/3118 3269/5244/3269 3271/5248/3271
f 3119/4990/3119 3269/5244/3269 3120/4991/3120
f 3270/5245/3270 3271/5246/3271 3272/5249/3272
f 3270/5245/3270 3213/5157/3213 2744/4318/2744
f 3119/5161/3119 3271/5246/3271 3269/5250/3269
f 3271/5246/3271 2975/4713/2975 3273/5251/3273
f 3271/5246/3271 3119/5161/3119 2975/4713/2975
f 3213/5157/3213 3274/5252/3274 3214/5159/3214
f 3273/5251/3273 3275/5253/3275 3213/5157/3213
f 3214/5159/3214 3274/5252/3274 3215/5160/3215
f 3213/5157/3213 3275/5253/3275 3274/5252/3274
f 3273/5251/3273 3174/5254/3174 3275/5253/3275
f 2975/4713/2975 3174/5254/3174 3273/5251/3273
f 2903/4903/2903 2973/4902/2973 3276/5255/3276
f 3215/5160/3215 3277/5256/3277 3217/5163/3217
f 3274/5252/3274 3275/5253/3275 3215/5160/3215
f 3215/5160/3215 3275/5253/3275 3277/5256/3277
f 3275/5253/3275 3278/5257/3278 3277/5256/3277
f 3217/5258/3217 3278/5259/3278 3219/5260/3219
f 3277/5256/3277 3278/5257/3278 3217/5163/3217
f 3174/5089/3174 3073/4915/3073 3032/4826/3032
f 3279/5261/3279 3219/5260/3219 3278/5259/3278
f 3177/5094/3177 3178/5174/3178 3221/5170/3221
f 3219/5171/3219 3279/5262/3279 3181/5100/3181
f 3221/5170/3221 3179/5175/3179 3222/5263/3222
f 3222/5173/3222 3225/5178/3225 3074/4916/3074
f 3028/4820/3028 2037/3515/2037 3126/5264/3126
f 3280/5265/3280 3225/5178/3225 3222/5173/3222
f 3179/5266/3179 3226/5267/3226 3222/5173/3222
f 3229/5183/3229 2913/4614/2913 3181/5100/3181
f 2751/4345/2751 2846/4501/2846 3224/5177/3224
f 2846/5268/2846 2980/4920/2980 3281/5269/3281
f 3222/5173/3222 3226/5267/3226 3282/5270/3282
f 3280/5265/3280 3185/5110/3185 3225/5178/3225
f 3282/5270/3282 3226/5267/3226 3283/5271/3283
f 3283/5271/3283 3226/5267/3226 3228/5272/3228
f 3280/5273/3280 3284/5274/3284 3185/5275/3185
f 3029/4822/3029 3077/4923/3077 3285/5276/3285
f 3286/5277/3286 3285/5276/3285 3077/4923/3077
f 3287/5278/3287 3032/5010/3032 3132/5012/3132
f 3288/5279/3288 3230/5184/3230 3229/5183/3229
f 3133/5013/3133 2921/4625/2921 3289/5280/3289
f 3288/5279/3288 3290/5281/3290 3230/5184/3230
f 3291/5282/3291 3132/5012/3132 3079/4925/3079
f 3290/5281/3290 3078/5185/3078 3230/5184/3230
f 3291/5282/3291 3079/4925/3079 2855/4519/2855
f 3290/5283/3290 3231/5186/3231 3078/4924/3078
f 3231/5186/3231 3232/5187/3232 3135/5018/3135
f 3292/5284/3292 3081/4927/3081 3232/5187/3232
f 3231/5186/3231 3292/5284/3292 3232/5187/3232
f 2930/5285/2930 2763/4734/2763 2983/4730/2983
f 3293/5286/3293 3190/5119/3190 3084/4931/3084
f 3237/5193/3237 3192/5121/3192 3034/4831/3034
f 2985/4737/2985 3085/4932/3085 3139/5022/3139
f 3294/5287/3294 3085/4933/3085 2928/4641/2928
f 3238/5194/3238 3035/4839/3035 3295/5288/3295
f 3295/5288/3295 3035/4839/3035 3086/4934/3086
f 3142/5025/3142 2764/4369/2764 3296/5289/3296
f 2933/4746/2933 3087/4935/3087 2859/4525/2859
f 3142/5025/3142 3193/5290/3193 3088/5026/3088
f 2766/4380/2766 2771/4382/2771 3239/5195/3239
f 3297/5291/3297 3298/5292/3298 3195/5129/3195
f 3298/5292/3298 3090/5033/3090 3195/5129/3195
f 3299/5293/3299 3091/4941/3091 3090/4940/3090
f 3300/5294/3300 3092/4943/3092 2938/4944/2938
f 3240/5295/3240 3300/5294/3300 2938/4944/2938
f 3195/5129/3195 3094/4949/3094 3297/5291/3297
f 2991/4753/2991 3301/5296/3301 3241/5197/3241
f 3241/5197/3241 3194/5128/3194 3038/4847/3038
f 3302/5297/3302 3243/5201/3243 3244/5202/3244
f 3302/5297/3302 3244/5202/3244 3145/5034/3145
f 3242/5199/3242 3302/5298/3302 3145/5200/3145
f 3196/5130/3196 2992/4756/2992 3039/4850/3039
f 3303/5299/3303 3242/5199/3242 3041/5198/3041
f 3304/5300/3304 2994/4760/2994 3096/4952/3096
f 3304/5300/3304 3039/4850/3039 2994/4760/2994
f 3245/5204/3245 3305/5301/3305 2995/4761/2995
f 3247/5208/3247 2693/4242/2693 2995/4761/2995
f 3306/5302/3306 3199/5133/3199 2944/4669/2944
f 3306/5302/3306 3307/5303/3307 3199/5133/3199
f 3306/5302/3306 3308/5304/3308 3307/5303/3307
f 3199/5133/3199 3307/5303/3307 2946/4765/2946
f 2946/4765/2946 3307/5303/3307 3308/5304/3308
f 3309/5305/3309 3310/5306/3310 3308/5304/3308
f 3309/5307/3309 3311/5308/3311 3310/5309/3310
f 3308/5304/3308 3310/5306/3310 2946/4765/2946
f 3248/5210/3248 2869/4542/2869 2998/4764/2998
f 2946/4765/2946 3310/5306/3310 3201/5310/3201
f 3312/5311/3312 3099/4959/3099 3045/4960/3045
f 3248/5210/3248 3046/5312/3046 2784/4543/2784
f 3045/4860/3045 3250/5212/3250 3313/5313/3313
f 3201/5135/3201 3310/5314/3310 3249/5211/3249
f 3310/5309/3310 3313/5315/3313 3249/5316/3249
f 3250/5212/3250 2947/4672/2947 3313/5313/3313
f 3314/5317/3314 3100/4962/3100 2999/4766/2999
f 2870/5318/2870 2789/4780/2789 3258/5223/3258
f 3315/5319/3315 3251/5213/3251 2948/4769/2948
f 3315/5319/3315 3316/5320/3316 3251/5213/3251
f 3313/5313/3313 2947/4672/2947 3317/5321/3317
f 2948/4673/2948 3050/5139/3049 3318/5322/3318
f 3316/5320/3316 3252/5214/3252 3251/5213/3251
f 3319/5323/3319 3204/5138/3204 3203/5137/3203
f 3319/5323/3319 3320/5324/3320 3204/5138/3204
f 3204/5138/3204 3320/5324/3320 3157/5057/3157
f 3320/5324/3320 3321/5325/3321 3157/5057/3157
f 3321/5325/3321 3253/5215/3253 3157/5057/3157
f 3049/4864/3048 3205/5141/3205 3050/4865/3049
f 3157/5057/3157 3156/5055/3156 3204/5138/3204
f 3313/5313/3313 3257/5227/3257 3249/5326/3249
f 3313/5313/3313 3259/5225/3259 3257/5227/3257
f 2947/4672/2947 3322/5327/3322 3317/5321/3317
f 2947/4672/2947 3207/5144/3207 3322/5327/3322
f 3252/5214/3252 3153/5050/3153 3102/4964/3102
f 3252/5214/3252 3323/5328/3323 3153/5050/3153
f 3322/5327/3322 3207/5144/3207 3259/5225/3259
f 2795/4422/2795 3324/5329/3324 2796/4423/2796
f 3155/5053/3155 3210/5150/3210 3325/5330/3325
f 3210/5150/3210 3211/5152/3211 3325/5330/3325
f 3259/5225/3259 3207/5144/3207 3265/5234/3265
f 3325/5330/3325 3211/5152/3211 3326/5331/3326
f 3159/5061/3159 3009/4788/3009 3327/5332/3327
f 3327/5332/3327 3260/5228/3260 3159/5061/3159
f 3328/5333/3328 3261/5229/3261 3260/5228/3260
f 3327/5332/3327 3328/5333/3328 3260/5228/3260
f 3328/5333/3328 3329/5334/3329 3261/5229/3261
f 3207/5144/3207 3160/5230/3160 3265/5234/3265
f 3329/5334/3329 3262/5231/3262 3261/5229/3261
f 3211/5152/3211 3112/4981/3112 3326/5331/3326
f 3259/5225/3259 3265/5234/3265 3158/5226/3158
f 3266/5335/3266 3165/5240/3165 3263/5232/3263
f 3326/5336/3326 3112/5337/3112 3266/5338/3266
f 3262/5231/3262 3329/5334/3329 3263/5232/3263
f 3165/5240/3165 3266/5335/3266 3163/5339/3163
f 3265/5234/3265 3160/5230/3160 3264/5235/3264
f 3111/4978/3111 3330/5340/3330 2507/3941/2507
f 2507/3941/2507 3330/5340/3330 3014/5075/3014
f 3014/5341/3014 3331/5342/3331 2816/5155/2816
f 2816/5155/2816 3331/5342/3331 3166/5080/3166
f 3116/4986/3116 3268/5242/3268 3332/5343/3332
f 3267/5241/3267 3116/4986/3116 3332/5343/3332
f 3168/5243/3168 3333/5344/3333 3334/5345/3334
f 3168/5082/3168 3212/5156/3212 3333/5346/3333
f 3212/5156/3212 2902/4595/2902 3333/5346/3333
f 3067/4897/3067 3168/5243/3168 3335/5347/3335
f 3270/5245/3270 3272/5249/3272 3213/5157/3213
f 3271/5246/3271 3273/5251/3273 3272/5249/3272
f 3067/5158/3067 3336/5348/3336 2630/4131/2630
f 3273/5251/3273 3213/5157/3213 3272/5249/3272
f 2630/4131/2630 3336/5348/3336 3216/5162/3216
f 3275/5349/3275 3337/5350/3337 3278/5259/3278
f 3275/5349/3275 3174/5351/3174 3337/5350/3337
f 2973/5352/2973 2837/4996/2837 3124/4998/3124
f 3337/5350/3337 3338/5353/3338 3278/5259/3278
f 3072/4910/3072 3125/5354/3125 2546/4911/2546
f 3279/5261/3279 3278/5259/3278 3338/5353/3338
f 3174/5089/3174 3032/4826/3032 3337/5355/3337
f 3125/5000/3125 3339/5356/3339 2979/5004/2979
f 2639/4154/2639 3223/5357/3223 3075/4918/3075
f 3340/5358/3340 3032/5359/3032 3287/5360/3287
f 3280/5265/3280 3222/5173/3222 3341/5361/3341
f 3279/5262/3279 3229/5183/3229 3181/5100/3181
f 3279/5262/3279 3338/5362/3338 3229/5183/3229
f 3222/5173/3222 3282/5270/3282 3341/5361/3341
f 3341/5361/3341 3282/5270/3282 3280/5265/3280
f 2979/4722/2979 3339/5363/3339 3077/4923/3077
f 3130/5364/3130 1979/5108/1979 3184/5107/3184
f 3282/5270/3282 3342/5365/3342 3280/5265/3280
f 3283/5271/3283 3342/5365/3342 3282/5270/3282
f 3228/5272/3228 3342/5365/3342 3283/5271/3283
f 3129/5007/3129 3182/5182/3182 3228/5366/3228
f 3077/4923/3077 3339/5363/3339 3286/5277/3286
f 2982/5367/2982 3131/5368/3131 3343/5369/3343
f 3185/5275/3185 3344/5370/3344 3131/5368/3131
f 3185/5275/3185 3284/5274/3284 3344/5370/3344
f 3285/5276/3285 3345/5371/3345 3029/4822/3029
f 3029/4822/3029 3345/5371/3345 3183/5106/3183
f 3286/5277/3286 3345/5371/3345 3285/5276/3285
f 3028/4820/3028 3289/5280/3289 2921/4625/2921
f 3288/5372/3288 3346/5373/3346 3290/5283/3290
f 2855/4519/2855 3234/5190/3234 3291/5282/3291
f 3290/5283/3290 3347/5374/3347 3231/5186/3231
f 3290/5283/3290 3346/5373/3346 3347/5374/3347
f 3081/4927/3081 3292/5284/3292 3187/5114/3187
f 3347/5374/3347 3292/5284/3292 3231/5186/3231
f 3347/5374/3347 3346/5373/3346 3292/5284/3292
f 3234/5190/3234 3235/5191/3235 3348/5375/3348
f 3233/5376/3233 2851/5377/2851 3349/5378/3349
f 3136/5019/3136 2924/4630/2924 3187/5114/3187
f 3082/4928/3082 2932/4647/2932 3087/4935/3087
f 3235/5191/3235 3082/4928/3082 3087/4935/3087
f 3188/5117/3188 3350/5379/3350 3138/5021/3138
f 2764/4369/2764 2930/4643/2930 3351/5380/3351
f 3084/4931/3084 3352/5381/3352 3293/5286/3293
f 3353/5382/3353 3354/5383/3354 3191/5120/3191
f 3191/5120/3191 3192/5121/3192 3353/5382/3353
f 2929/4834/2929 3238/5194/3238 3189/5118/3189
f 3084/4931/3084 3355/5384/3355 3352/5381/3352
f 3084/4931/3084 3140/5122/3140 3355/5384/3355
f 3140/5023/3140 3141/5024/3141 3355/5385/3355
f 3138/5021/3138 3356/5386/3356 3141/5024/3141
f 2764/4369/2764 3351/5380/3351 3296/5289/3296
f 3192/5121/3192 3237/5193/3237 3353/5382/3353
f 3141/5024/3141 3356/5386/3356 3355/5385/3355
f 3085/4932/3085 3294/5387/3294 3357/5388/3357
f 2928/4641/2928 3358/5389/3358 3294/5287/3294
f 3296/5289/3296 3359/5390/3359 3142/5025/3142
f 3359/5390/3359 3193/5290/3193 3142/5025/3142
f 2771/4382/2771 3093/4946/3093 3239/5195/3239
f 3242/5199/3242 3360/5391/3360 3361/5392/3361
f 3298/5393/3298 3297/5394/3297 3362/5395/3362
f 3299/5396/3299 3090/5397/3090 3298/5393/3298
f 3363/5398/3363 3091/5399/3091 3299/5396/3299
f 3242/5199/3242 3361/5392/3361 3302/5298/3302
f 3297/5394/3297 3094/5400/3094 3362/5395/3362
f 3302/5297/3302 3364/5401/3364 3243/5201/3243
f 3364/5401/3364 3040/4852/3040 3243/5201/3243
f 3364/5401/3364 3365/5402/3365 3040/4852/3040
f 3146/5037/3146 3366/5403/3366 3096/4952/3096
f 3365/5402/3365 3095/4951/3095 3040/4852/3040
f 3093/4946/3093 3197/5131/3197 3367/5404/3367
f 3368/5405/3368 3094/4949/3094 3043/5207/3043
f 3367/5404/3367 3197/5131/3197 3369/5406/3369
f 3197/5131/3197 3370/5407/3370 3369/5406/3369
f 3371/5408/3371 3372/5409/3372 3373/5410/3373
f 3374/5411/3374 3373/5410/3373 3372/5409/3372
f 3374/5411/3374 3375/5412/3375 3373/5410/3373
f 3370/5407/3370 3197/5131/3197 3198/5132/3198
f 3376/5413/3376 3377/5414/3377 3373/5410/3373
f 3371/5408/3371 3373/5410/3373 3377/5414/3377
f 3378/5415/3378 3379/5416/3379 3377/5414/3377
f 3377/5414/3377 3380/5417/3380 3378/5415/3378
f 3376/5413/3376 3380/5417/3380 3377/5414/3377
f 3376/5413/3376 3311/5308/3311 3380/5417/3380
f 3373/5410/3373 3311/5308/3311 3376/5413/3376
f 3198/5132/3198 3375/5412/3375 3370/5407/3370
f 3379/5416/3379 3381/5418/3381 3382/5419/3382
f 3378/5415/3378 3381/5418/3381 3379/5416/3379
f 3378/5415/3378 3311/5308/3311 3381/5418/3381
f 3380/5417/3380 3311/5308/3311 3378/5415/3378
f 3373/5410/3373 3375/5412/3375 3311/5308/3311
f 2944/5420/2944 3383/5421/3383 3306/5422/3306
f 3379/5423/3379 3308/5424/3308 3306/5422/3306
f 3382/5425/3382 3308/5424/3308 3379/5423/3379
f 3381/5418/3381 3309/5307/3309 3382/5419/3382
f 3382/5419/3382 3309/5307/3309 3308/5426/3308
f 3311/5308/3311 3309/5307/3309 3381/5418/3381
f 3198/5132/3198 3099/4959/3099 3375/5412/3375
f 3375/5412/3375 3312/5311/3312 3311/5308/3311
f 3099/4959/3099 3312/5311/3312 3375/5412/3375
f 3310/5309/3310 3311/5308/3311 3312/5311/3312
f 3043/5427/3043 2870/5428/2870 3384/5429/3384
f 3312/5311/3312 3045/4960/3045 3313/5315/3313
f 3312/5311/3312 3313/5315/3313 3310/5309/3310
f 3252/5214/3252 3316/5320/3316 3315/5319/3315
f 3150/5045/3150 3203/5137/3203 2872/4547/2872
f 3320/5324/3320 3319/5323/3319 3321/5325/3321
f 3313/5313/3313 3317/5321/3317 3259/5225/3259
f 3317/5321/3317 3322/5327/3322 3259/5225/3259
f 2795/4430/2795 3208/5146/3208 3324/5430/3324
f 3385/5431/3385 3386/5432/3386 3325/5433/3325
f 3325/5330/3325 3386/5434/3386 3155/5053/3155
f 3385/5431/3385 3325/5433/3325 3326/5336/3326
f 3328/5333/3328 3387/5435/3387 3329/5334/3329
f 3327/5332/3327 3387/5435/3387 3328/5333/3328
f 3388/5436/3388 3329/5334/3329 3387/5435/3387
f 3385/5431/3385 3326/5336/3326 3389/5437/3389
f 3388/5438/3388 3266/5338/3266 3329/5439/3329
f 3389/5437/3389 3326/5336/3326 3266/5338/3266
f 3266/5335/3266 3263/5232/3263 3329/5334/3329
f 3108/5440/3108 3330/5441/3330 3111/5442/3111
f 3390/5443/3390 3391/5444/3391 3332/5343/3332
f 3332/5343/3332 3391/5444/3391 3267/5241/3267
f 3331/5342/3331 3390/5443/3390 3166/5080/3166
f 3166/5080/3166 3390/5443/3390 3268/5242/3268
f 3268/5242/3268 3390/5443/3390 3332/5343/3332
f 3168/5243/3168 3334/5345/3334 3335/5347/3335
f 2908/4909/2908 3392/5445/3392 3072/4910/3072
f 3337/5350/3337 3340/5358/3340 3338/5353/3338
f 3337/5350/3337 3032/5359/3032 3340/5358/3340
f 3338/5353/3338 3340/5358/3340 3393/5446/3393
f 3340/5447/3340 3287/5278/3287 3393/5448/3393
f 2920/5002/2920 2849/5112/2849 3124/4998/3124
f 2849/5112/2849 3394/5449/3394 3124/4998/3124
f 3186/5111/3186 3394/5449/3394 2849/5112/2849
f 3338/5362/3338 3393/5448/3393 3395/5450/3395
f 3281/5269/3281 2980/4920/2980 2143/4922/2143
f 3280/5273/3280 3342/5451/3342 3284/5274/3284
f 3228/5452/3228 3182/5453/3182 3342/5454/3342
f 3229/5183/3229 3338/5362/3338 3396/5455/3396
f 3393/5448/3393 3287/5278/3287 3395/5450/3395
f 3284/5274/3284 3397/5456/3397 3344/5370/3344
f 3342/5451/3342 3397/5456/3397 3284/5274/3284
f 3342/5451/3342 3398/5457/3398 3397/5456/3397
f 3286/5277/3286 3399/5458/3399 3345/5371/3345
f 3286/5459/3286 3339/5460/3339 3399/5461/3399
f 3344/5370/3344 3343/5369/3343 3131/5368/3131
f 3287/5278/3287 3132/5012/3132 3395/5450/3395
f 3396/5455/3396 3288/5279/3288 3229/5183/3229
f 3233/5189/3233 3134/5017/3134 3033/5016/3033
f 3400/5462/3400 3288/5279/3288 3396/5455/3396
f 3291/5282/3291 3234/5190/3234 3348/5375/3348
f 3288/5372/3288 3400/5463/3400 3346/5373/3346
f 3292/5284/3292 3346/5373/3346 3401/5464/3401
f 3402/5465/3402 3346/5466/3346 3400/5467/3400
f 3401/5464/3401 3346/5373/3346 3403/5468/3403
f 3402/5469/3402 3403/5468/3403 3346/5373/3346
f 3349/5470/3349 2851/4632/2851 3191/5120/3191
f 3191/5120/3191 2851/4632/2851 3083/4929/3083
f 3348/5375/3348 3235/5191/3235 3087/4935/3087
f 3236/5192/3236 3137/5020/3137 3189/5116/3189
f 3293/5286/3293 3404/5471/3404 3190/5119/3190
f 3293/5286/3293 3352/5381/3352 3404/5471/3404
f 3404/5471/3404 3086/4934/3086 3190/5119/3190
f 3354/5383/3354 3353/5382/3353 3405/5472/3405
f 3353/5382/3353 3237/5193/3237 3405/5472/3405
f 3139/5022/3139 3085/4932/3085 3357/5388/3357
f 3404/5471/3404 3295/5288/3295 3086/4934/3086
f 3406/5473/3406 3355/5385/3355 3356/5386/3356
f 3359/5390/3359 3407/5474/3407 3193/5290/3193
f 3408/5475/3408 3239/5476/3239 3093/5477/3093
f 3409/5478/3409 3410/5479/3410 3411/5480/3411
f 3360/5481/3360 3411/5480/3411 3410/5479/3410
f 3412/5482/3412 3362/5395/3362 3413/5483/3413
f 3412/5482/3412 3298/5393/3298 3362/5395/3362
f 3412/5482/3412 3299/5396/3299 3298/5393/3298
f 3241/5197/3241 3414/5484/3414 3194/5128/3194
f 3194/5128/3194 3414/5484/3414 3240/5196/3240
f 3415/5485/3415 3411/5486/3411 3242/5199/3242
f 3242/5199/3242 3411/5486/3411 3360/5391/3360
f 3416/5487/3416 3361/5392/3361 3360/5391/3360
f 3360/5481/3360 3410/5479/3410 3416/5488/3416
f 3407/5474/3407 3143/5489/3143 3193/5290/3193
f 3413/5483/3413 3362/5395/3362 3094/5400/3094
f 3300/5294/3300 3146/5037/3146 3092/4943/3092
f 3303/5490/3303 3041/5491/3041 3196/5492/3196
f 3416/5487/3416 3364/5493/3364 3302/5298/3302
f 3416/5487/3416 3302/5298/3302 3361/5392/3361
f 3093/4946/3093 3367/5404/3367 3417/5494/3417
f 3366/5403/3366 3418/5495/3418 3096/4952/3096
f 3304/5300/3304 3096/4952/3096 3418/5495/3418
f 3417/5494/3417 3367/5404/3367 3419/5496/3419
f 3245/5204/3245 3144/5497/3144 3305/5301/3305
f 3367/5404/3367 3420/5498/3420 3419/5496/3419
f 3421/5499/3421 3374/5411/3374 3422/5500/3422
f 3421/5499/3421 3419/5496/3419 3374/5411/3374
f 3419/5496/3419 3420/5498/3420 3374/5411/3374
f 3367/5404/3367 3369/5406/3369 3420/5498/3420
f 3369/5406/3369 3370/5407/3370 3375/5412/3375
f 3369/5406/3369 3375/5412/3375 3420/5498/3420
f 3423/5501/3423 3422/5500/3422 3371/5408/3371
f 3422/5500/3422 3372/5409/3372 3371/5408/3371
f 3374/5411/3374 3372/5409/3372 3422/5500/3422
f 3420/5498/3420 3375/5412/3375 3374/5411/3374
f 3305/5301/3305 3247/5208/3247 2995/4761/2995
f 3371/5408/3371 3377/5414/3377 3423/5501/3423
f 3379/5416/3379 3423/5501/3423 3377/5414/3377
f 3424/5502/3424 3379/5423/3379 3306/5422/3306
f 3383/5421/3383 2944/5420/2944 3042/5503/3042
f 3425/5504/3425 2870/5318/2870 3258/5223/3258
f 3426/5505/3426 3427/5506/3427 3315/5319/3315
f 3318/5507/3318 3315/5319/3315 2948/4769/2948
f 3427/5506/3427 3252/5214/3252 3315/5319/3315
f 3428/5508/3428 3100/4962/3100 3314/5317/3314
f 3429/5509/3429 3150/5140/3150 2950/4675/2950
f 3150/5045/3150 3319/5323/3319 3203/5137/3203
f 3050/4865/3049 3205/5141/3205 3253/5217/3253
f 3425/5504/3425 3258/5223/3258 3006/4782/3006
f 3386/5432/3386 3385/5431/3385 3389/5437/3389
f 3430/5510/3430 3386/5432/3386 3389/5437/3389
f 3008/4971/3008 2709/4267/2709 3431/5511/3431
f 3432/5512/3432 3389/5437/3389 3433/5513/3433
f 3327/5332/3327 3432/5514/3432 3387/5435/3387
f 3432/5512/3432 3388/5438/3388 3387/5515/3387
f 3388/5438/3388 3432/5512/3432 3433/5513/3433
f 3388/5438/3388 3433/5513/3433 3266/5338/3266
f 3266/5338/3266 3433/5513/3433 3389/5437/3389
f 3434/5516/3434 3330/5441/3330 3108/5440/3108
f 3435/5517/3435 3425/5518/3425 3006/5519/3006
f 2892/4580/2892 3267/5241/3267 2960/4692/2960
f 3436/5520/3436 3336/5348/3336 3067/5158/3067
f 3437/5521/3437 2903/4903/2903 3276/5255/3276
f 3028/5522/3028 3126/5003/3126 2914/4615/2914
f 3438/5523/3438 3025/4814/3025 3224/5177/3224
f 3281/5524/3281 3224/5525/3224 2846/5526/2846
f 3398/5457/3398 3344/5370/3344 3397/5456/3397
f 3398/5457/3398 3342/5451/3342 3182/5527/3182
f 3339/5460/3339 3439/5528/3439 3399/5461/3399
f 3439/5529/3439 3345/5371/3345 3399/5458/3399
f 3183/5106/3183 3345/5371/3345 3439/5529/3439
f 3338/5362/3338 3395/5450/3395 3396/5455/3396
f 3132/5012/3132 3291/5282/3291 3395/5450/3395
f 3396/5455/3396 3395/5450/3395 3291/5282/3291
f 3396/5455/3396 3291/5282/3291 3440/5530/3440
f 3396/5455/3396 3440/5530/3440 3441/5531/3441
f 3396/5455/3396 3441/5531/3441 3400/5462/3400
f 3291/5282/3291 3348/5375/3348 3440/5530/3440
f 3401/5464/3401 3442/5532/3442 3292/5284/3292
f 3442/5532/3442 3403/5468/3403 3443/5533/3443
f 3401/5464/3401 3403/5468/3403 3442/5532/3442
f 3443/5534/3443 3403/5535/3403 3402/5465/3402
f 3402/5465/3402 3442/5536/3442 3443/5534/3443
f 3402/5465/3402 3444/5537/3444 3442/5536/3442
f 3402/5465/3402 3400/5467/3400 3444/5537/3444
f 3441/5538/3441 3445/5539/3445 3400/5467/3400
f 3400/5467/3400 3446/5540/3446 3444/5537/3444
f 3400/5467/3400 3445/5539/3445 3446/5540/3446
f 3447/5541/3447 3348/5375/3348 3448/5542/3448
f 3348/5375/3348 3087/4935/3087 3448/5542/3448
f 3189/5116/3189 3449/5543/3449 3236/5192/3236
f 3189/5118/3189 3238/5194/3238 3449/5544/3449
f 3138/5021/3138 3450/5545/3450 3356/5386/3356
f 3352/5381/3352 3451/5546/3451 3404/5471/3404
f 3355/5385/3355 3451/5547/3451 3352/5548/3352
f 3236/5192/3236 3358/5389/3358 2928/4641/2928
f 3355/5385/3355 3452/5549/3452 3451/5547/3451
f 3355/5385/3355 3406/5473/3406 3452/5549/3452
f 3453/5550/3453 3087/5551/3087 2933/5552/2933
f 3237/5193/3237 3454/5553/3454 3405/5472/3405
f 3237/5193/3237 3139/5022/3139 3454/5553/3454
f 2933/5554/2933 3239/5476/3239 3453/5555/3453
f 3455/5556/3455 3409/5557/3409 3456/5558/3456
f 3455/5559/3455 3457/5560/3457 3409/5478/3409
f 3457/5560/3457 3410/5479/3410 3409/5478/3409
f 3410/5479/3410 3457/5560/3457 3458/5561/3458
f 3459/5562/3459 3240/5295/3240 3414/5563/3414
f 3460/5564/3460 3240/5295/3240 3459/5562/3459
f 3409/5478/3409 3411/5480/3411 3461/5565/3461
f 3462/5566/3462 3412/5482/3412 3413/5483/3413
f 3363/5567/3363 2991/4753/2991 3091/4941/3091
f 3463/5568/3463 3241/5197/3241 3301/5296/3301
f 3414/5484/3414 3241/5197/3241 3463/5568/3463
f 3460/5564/3460 3300/5294/3300 3240/5295/3240
f 3461/5569/3461 3415/5485/3415 3303/5299/3303
f 3411/5480/3411 3415/5570/3415 3461/5565/3461
f 3464/5571/3464 3465/5572/3465 3196/5492/3196
f 3465/5572/3465 3303/5490/3303 3196/5492/3196
f 3415/5485/3415 3242/5199/3242 3303/5299/3303
f 3458/5561/3458 3416/5488/3416 3410/5479/3410
f 3413/5483/3413 3094/5400/3094 3368/5573/3368
f 3300/5294/3300 3366/5403/3366 3146/5037/3146
f 3464/5574/3464 3039/4850/3039 3304/5300/3304
f 3196/5130/3196 3039/4850/3039 3464/5574/3464
f 3458/5561/3458 3364/5575/3364 3416/5488/3416
f 3466/5576/3466 3093/4946/3093 3417/5494/3417
f 3143/5030/3143 3467/5577/3467 3144/5031/3144
f 3468/5578/3468 3095/4951/3095 3365/5402/3365
f 3417/5494/3417 3419/5496/3419 3421/5499/3421
f 3469/5579/3469 3421/5499/3421 3422/5500/3422
f 3379/5580/3379 3424/5581/3424 3470/5582/3470
f 3379/5580/3379 3470/5582/3470 3423/5583/3423
f 3422/5500/3422 3423/5501/3423 3470/5584/3470
f 3247/5585/3247 3471/5586/3471 2998/5587/2998
f 3306/5422/3306 3383/5421/3383 3472/5588/3472
f 2870/5589/2870 3425/5590/3425 3473/5591/3473
f 3046/5592/3046 3314/5317/3314 2999/4766/2999
f 3253/5217/3253 3318/5593/3318 3050/4865/3049
f 3427/5506/3427 3323/5328/3323 3252/5214/3252
f 2796/4423/2796 3324/5329/3324 3256/5221/3256
f 3432/5512/3432 3474/5594/3474 3389/5437/3389
f 3389/5437/3389 3474/5594/3474 3430/5510/3430
f 3474/5594/3474 3386/5432/3386 3430/5510/3430
f 3108/5440/3108 3153/5595/3153 3475/5596/3475
f 3475/5596/3475 3434/5516/3434 3108/5440/3108
f 3006/4871/3006 2960/4691/2960 3435/5597/3435
f 3476/5598/3476 3390/5443/3390 3331/5342/3331
f 3333/5344/3333 3477/5599/3477 3334/5345/3334
f 3333/5344/3333 2902/5600/2902 3477/5599/3477
f 3436/5520/3436 3216/5162/3216 3336/5348/3336
f 3436/5520/3436 3478/5601/3478 3216/5162/3216
f 3216/5162/3216 3478/5601/3478 3479/5602/3479
f 3479/5602/3479 2908/4603/2908 3216/5162/3216
f 2973/5603/2973 3124/5604/3124 3276/5605/3276
f 3392/5445/3392 3125/5354/3125 3072/4910/3072
f 2143/4922/2143 3130/5606/3130 3281/5269/3281
f 3182/5607/3182 3183/5608/3183 3480/5609/3480
f 3439/5529/3439 3481/5610/3481 3183/5106/3183
f 3439/5611/3439 3482/5612/3482 3481/5613/3481
f 3028/4820/3028 3483/5614/3483 3289/5280/3289
f 3186/5615/3186 3134/5616/3134 3233/5617/3233
f 3440/5530/3440 3447/5541/3447 3441/5531/3441
f 3440/5530/3440 3348/5375/3348 3447/5541/3447
f 3292/5284/3292 3484/5618/3484 3187/5114/3187
f 3442/5532/3442 3485/5619/3485 3292/5284/3292
f 3442/5536/3442 3486/5620/3486 3485/5621/3485
f 3442/5536/3442 3444/5537/3444 3486/5620/3486
f 3444/5537/3444 3487/5622/3487 3486/5620/3486
f 3446/5540/3446 3487/5622/3487 3444/5537/3444
f 3447/5541/3447 3448/5542/3448 3441/5531/3441
f 3445/5539/3445 3488/5623/3488 3487/5622/3487
f 3445/5539/3445 3487/5622/3487 3446/5540/3446
f 3487/5622/3487 3488/5623/3488 3489/5624/3489
f 3441/5538/3441 3490/5625/3490 3445/5539/3445
f 3441/5538/3441 3448/5626/3448 3490/5625/3490
f 3488/5623/3488 3490/5625/3490 3489/5624/3489
f 3488/5623/3488 3445/5539/3445 3490/5625/3490
f 3490/5625/3490 3491/5627/3491 3489/5624/3489
f 3188/5117/3188 3492/5628/3492 3350/5379/3350
f 3188/5115/3188 3493/5629/3493 3492/5630/3492
f 3087/5551/3087 3494/5631/3494 3448/5626/3448
f 3492/5628/3492 3450/5545/3450 3350/5379/3350
f 3138/5021/3138 3350/5379/3350 3450/5545/3450
f 3449/5544/3449 3238/5194/3238 3495/5632/3495
f 3087/5551/3087 3453/5550/3453 3494/5631/3494
f 3351/5380/3351 3496/5633/3496 3296/5289/3296
f 3449/5543/3449 3497/5634/3497 3236/5192/3236
f 3296/5289/3296 3496/5633/3496 3359/5390/3359
f 3236/5192/3236 3497/5634/3497 3358/5389/3358
f 3404/5471/3404 3451/5546/3451 3498/5635/3498
f 3356/5386/3356 3450/5545/3450 3406/5473/3406
f 3453/5555/3453 3499/5636/3499 3494/5637/3494
f 3358/5389/3358 3497/5634/3497 3294/5287/3294
f 3404/5471/3404 3500/5638/3500 3295/5288/3295
f 3498/5635/3498 3501/5639/3501 3404/5471/3404
f 3404/5471/3404 3501/5639/3501 3500/5638/3500
f 3498/5635/3498 3451/5546/3451 3501/5639/3501
f 3450/5545/3450 3502/5640/3502 3406/5473/3406
f 3406/5473/3406 3502/5640/3502 3452/5549/3452
f 3354/5383/3354 3405/5472/3405 3503/5641/3503
f 3139/5022/3139 3504/5642/3504 3454/5553/3454
f 3357/5388/3357 3504/5642/3504 3139/5022/3139
f 3357/5388/3357 3294/5387/3294 3505/5643/3505
f 3497/5634/3497 3505/5644/3505 3294/5287/3294
f 3295/5288/3295 3506/5645/3506 3238/5194/3238
f 3295/5288/3295 3500/5638/3500 3506/5645/3506
f 3451/5546/3451 3456/5646/3456 3501/5639/3501
f 3452/5549/3452 3455/5556/3455 3451/5547/3451
f 3452/5549/3452 3507/5647/3507 3455/5556/3455
f 3452/5549/3452 3502/5640/3502 3507/5647/3507
f 3453/5555/3453 3239/5476/3239 3499/5636/3499
f 3454/5553/3454 3508/5648/3508 3405/5472/3405
f 3455/5556/3455 3456/5558/3456 3451/5547/3451
f 3405/5649/3405 3508/5650/3508 3503/5651/3503
f 3500/5638/3500 3509/5652/3509 3506/5645/3506
f 3501/5639/3501 3509/5652/3509 3500/5638/3500
f 3455/5556/3455 3507/5647/3507 3457/5653/3457
f 3503/5651/3503 3508/5650/3508 3510/5654/3510
f 3456/5646/3456 3461/5655/3461 3501/5639/3501
f 3501/5639/3501 3461/5655/3461 3509/5652/3509
f 3508/5650/3508 3511/5656/3511 3510/5654/3510
f 3512/5657/3512 3513/5658/3513 3514/5659/3514
f 3459/5562/3459 3512/5660/3512 3515/5661/3515
f 3459/5662/3459 3513/5658/3513 3512/5657/3512
f 3515/5661/3515 3460/5564/3460 3459/5562/3459
f 3506/5645/3506 3509/5652/3509 3516/5663/3516
f 3507/5664/3507 3458/5561/3458 3457/5560/3457
f 3510/5654/3510 3462/5566/3462 3517/5665/3517
f 3511/5656/3511 3462/5566/3462 3510/5654/3510
f 3414/5666/3414 3513/5658/3513 3459/5662/3459
f 3409/5557/3409 3461/5667/3461 3456/5558/3456
f 3093/5477/3093 3466/5668/3466 3408/5475/3408
f 3462/5566/3462 3299/5396/3299 3412/5482/3412
f 3363/5398/3363 3299/5396/3299 3462/5566/3462
f 3414/5666/3414 3463/5669/3463 3513/5658/3513
f 3516/5663/3516 3509/5652/3509 3518/5670/3518
f 3413/5483/3413 3517/5665/3517 3462/5566/3462
f 2991/4753/2991 3363/5567/3363 3301/5296/3301
f 3464/5571/3464 3518/5670/3518 3465/5572/3465
f 3465/5572/3465 3518/5670/3518 3509/5652/3509
f 3303/5490/3303 3465/5572/3465 3509/5652/3509
f 3461/5655/3461 3303/5490/3303 3509/5652/3509
f 3413/5483/3413 3368/5573/3368 3517/5665/3517
f 3458/5561/3458 3519/5671/3519 3364/5575/3364
f 3519/5671/3519 3520/5672/3520 3364/5575/3364
f 3407/5474/3407 3467/5673/3467 3143/5489/3143
f 3365/5402/3365 3364/5401/3364 3468/5578/3468
f 3468/5674/3468 3521/5675/3521 3095/5676/3095
f 3305/5301/3305 3144/5497/3144 3467/5677/3467
f 3095/5038/3095 3522/5678/3522 3097/4954/3097
f 3097/4954/3097 3522/5678/3522 3246/5206/3246
f 3305/5301/3305 3523/5679/3523 3247/5208/3247
f 3470/5582/3470 3524/5680/3524 3422/5681/3422
f 3042/5503/3042 3525/5682/3525 3383/5421/3383
f 3525/5682/3525 3472/5588/3472 3383/5421/3383
f 3306/5422/3306 3472/5588/3472 3424/5502/3424
f 2998/5587/2998 3471/5586/3471 3526/5683/3526
f 3384/5429/3384 2870/5428/2870 3473/5684/3473
f 3426/5505/3426 3315/5319/3315 3527/5685/3527
f 3426/5505/3426 3527/5685/3527 3427/5506/3427
f 3527/5685/3527 3323/5328/3323 3427/5506/3427
f 3253/5217/3253 3528/5686/3528 3318/5593/3318
f 3323/5328/3323 3529/5687/3529 3153/5050/3153
f 3530/5688/3530 3208/5151/3208 3155/5053/3155
f 3009/4788/3009 3531/5689/3531 3327/5332/3327
f 3432/5512/3432 3327/5690/3327 3531/5691/3531
f 2960/5692/2960 3532/5693/3532 3435/5517/3435
f 3331/5342/3331 3014/5341/3014 3533/5694/3533
f 3390/5443/3390 3476/5598/3476 3391/5444/3391
f 2902/5600/2902 3437/5521/3437 3477/5599/3477
f 2902/5600/2902 2903/4903/2903 3437/5521/3437
f 3067/4897/3067 3335/5347/3335 3436/5695/3436
f 3276/5605/3276 3124/5604/3124 3534/5696/3534
f 2914/4615/2914 3535/5697/3535 3536/5698/3536
f 2914/4615/2914 3180/5099/3180 3535/5697/3535
f 3028/5522/3028 2914/4615/2914 3536/5698/3536
f 3339/5460/3339 3482/5699/3482 3439/5528/3439
f 2983/4730/2983 2756/4354/2756 3537/5700/3537
f 3136/5019/3136 3538/5701/3538 3188/5115/3188
f 3491/5627/3491 3539/5702/3539 3489/5624/3489
f 3539/5702/3539 3491/5627/3491 3540/5703/3540
f 3490/5625/3490 3448/5626/3448 3491/5627/3491
f 3491/5627/3491 3448/5626/3448 3540/5703/3540
f 3449/5543/3449 3541/5704/3541 3542/5705/3542
f 3449/5544/3449 3495/5632/3495 3541/5706/3541
f 3449/5543/3449 3542/5705/3542 3497/5634/3497
f 3238/5194/3238 3506/5645/3506 3495/5632/3495
f 3496/5633/3496 3407/5474/3407 3359/5390/3359
f 3502/5640/3502 3450/5545/3450 3507/5647/3507
f 3354/5707/3354 3503/5651/3503 3543/5708/3543
f 3505/5643/3505 3514/5659/3514 3357/5388/3357
f 3505/5643/3505 3512/5657/3512 3514/5659/3514
f 3505/5644/3505 3497/5634/3497 3512/5709/3512
f 3239/5476/3239 3408/5475/3408 3499/5636/3499
f 3503/5651/3503 3517/5665/3517 3543/5708/3543
f 3454/5553/3454 3544/5710/3544 3508/5648/3508
f 3504/5642/3504 3544/5710/3544 3454/5553/3454
f 3357/5388/3357 3514/5659/3514 3504/5642/3504
f 3512/5709/3512 3497/5634/3497 3515/5711/3515
f 3497/5634/3497 3545/5712/3545 3515/5711/3515
f 3546/5713/3546 3506/5645/3506 3547/5714/3547
f 3503/5651/3503 3510/5654/3510 3517/5665/3517
f 3544/5715/3544 3511/5656/3511 3508/5650/3508
f 3514/5659/3514 3513/5658/3513 3504/5642/3504
f 3545/5712/3545 3460/5716/3460 3515/5711/3515
f 3544/5715/3544 3548/5717/3548 3511/5656/3511
f 3516/5663/3516 3547/5714/3547 3506/5645/3506
f 3462/5566/3462 3511/5656/3511 3363/5398/3363
f 3363/5398/3363 3511/5656/3511 3548/5717/3548
f 3463/5718/3463 3363/5398/3363 3548/5717/3548
f 3504/5719/3504 3463/5718/3463 3548/5717/3548
f 3463/5669/3463 3504/5642/3504 3513/5658/3513
f 3518/5670/3518 3547/5714/3547 3516/5663/3516
f 3301/5720/3301 3363/5398/3363 3463/5718/3463
f 3300/5294/3300 3460/5564/3460 3549/5721/3549
f 3300/5294/3300 3549/5721/3549 3366/5403/3366
f 3518/5670/3518 3464/5571/3464 3550/5722/3550
f 3551/5723/3551 3519/5671/3519 3458/5561/3458
f 3304/5300/3304 3550/5724/3550 3464/5574/3464
f 3366/5403/3366 3552/5725/3552 3418/5495/3418
f 3418/5495/3418 3552/5725/3552 3304/5300/3304
f 3466/5726/3466 3417/5727/3417 3553/5728/3553
f 3364/5575/3364 3520/5672/3520 3468/5674/3468
f 3468/5674/3468 3520/5672/3520 3521/5675/3521
f 3421/5499/3421 3469/5579/3469 3417/5494/3417
f 3368/5729/3368 3043/5427/3043 3554/5730/3554
f 3422/5681/3422 3524/5680/3524 3469/5731/3469
f 3246/5206/3246 3525/5732/3525 3042/4955/3042
f 3471/5586/3471 3247/5585/3247 3555/5733/3555
f 3248/5734/3248 3556/5735/3556 3046/5736/3046
f 3315/5319/3315 3557/5737/3557 3527/5685/3527
f 3527/5685/3527 3557/5737/3557 3558/5738/3558
f 3527/5685/3527 3558/5738/3558 3323/5328/3323
f 3323/5328/3323 3559/5739/3559 3529/5687/3529
f 3100/5145/3100 3428/5740/3428 2709/4263/2709
f 2709/4263/2709 3560/5741/3560 3431/5742/3431
f 3155/5053/3155 3386/5434/3386 3530/5688/3530
f 3529/5743/3529 3561/5744/3561 3153/5745/3153
f 3153/5595/3153 3561/5746/3561 3475/5596/3475
f 3008/4787/3008 3531/5689/3531 3009/4788/3009
f 3330/5340/3330 3475/5747/3475 3014/5075/3014
f 2960/4692/2960 3267/5241/3267 3532/5748/3532
f 3334/5345/3334 3562/5749/3562 3335/5347/3335
f 3477/5599/3477 3562/5749/3562 3334/5345/3334
f 3477/5599/3477 3437/5521/3437 3562/5749/3562
f 3437/5521/3437 3563/5750/3563 3562/5749/3562
f 3124/5604/3124 3394/5751/3394 3534/5696/3534
f 3125/5000/3125 3564/5752/3564 3339/5356/3339
f 3130/5606/3130 3565/5753/3565 3281/5269/3281
f 3566/5754/3566 3394/5449/3394 3186/5111/3186
f 2982/5367/2982 3567/5755/3567 3184/5756/3184
f 3183/5608/3183 3481/5613/3481 3568/5757/3568
f 3481/5613/3481 3482/5612/3482 3568/5757/3568
f 3186/5615/3186 3233/5617/3233 3566/5758/3566
f 3187/5114/3187 3484/5618/3484 3569/5759/3569
f 3292/5284/3292 3485/5619/3485 3484/5618/3484
f 3487/5622/3487 3485/5621/3485 3486/5620/3486
f 3187/5114/3187 3570/5760/3570 3136/5019/3136
f 3136/5019/3136 3570/5760/3570 3571/5761/3571
f 2983/4730/2983 3537/5700/3537 3572/5762/3572
f 3136/5019/3136 3571/5761/3571 3538/5701/3538
f 3349/5763/3349 3191/5764/3191 3573/5765/3573
f 3538/5701/3538 3493/5629/3493 3188/5115/3188
f 3489/5624/3489 3574/5766/3574 3575/5767/3575
f 3489/5624/3489 3539/5702/3539 3574/5766/3574
f 2983/4730/2983 3572/5762/3572 2930/5285/2930
f 3540/5703/3540 3576/5768/3576 3539/5702/3539
f 3539/5702/3539 3576/5768/3576 3574/5766/3574
f 2930/4643/2930 3577/5769/3577 3351/5380/3351
f 3577/5769/3577 3578/5770/3578 3351/5380/3351
f 3448/5626/3448 3494/5631/3494 3540/5703/3540
f 3497/5634/3497 3542/5705/3542 3579/5771/3579
f 3541/5706/3541 3495/5632/3495 3580/5772/3580
f 3494/5637/3494 3408/5475/3408 3540/5773/3540
f 3351/5380/3351 3578/5770/3578 3496/5633/3496
f 3495/5632/3495 3506/5645/3506 3580/5772/3580
f 3494/5637/3494 3499/5636/3499 3408/5475/3408
f 3496/5633/3496 3578/5770/3578 3407/5474/3407
f 3450/5774/3450 3581/5775/3581 3507/5664/3507
f 3579/5771/3579 3582/5776/3582 3497/5634/3497
f 3546/5713/3546 3580/5772/3580 3506/5645/3506
f 3497/5634/3497 3582/5776/3582 3545/5712/3545
f 3504/5719/3504 3583/5777/3583 3544/5715/3544
f 3507/5664/3507 3584/5778/3584 3458/5561/3458
f 3584/5778/3584 3551/5723/3551 3458/5561/3458
f 3548/5717/3548 3544/5715/3544 3583/5777/3583
f 3548/5717/3548 3583/5777/3583 3504/5719/3504
f 3546/5713/3546 3518/5670/3518 3580/5772/3580
f 3547/5714/3547 3518/5670/3518 3546/5713/3546
f 3580/5772/3580 3518/5670/3518 3550/5722/3550
f 3549/5721/3549 3552/5725/3552 3366/5403/3366
f 3466/5726/3466 3585/5779/3585 3586/5780/3586
f 3408/5781/3408 3466/5726/3466 3586/5780/3586
f 3304/5300/3304 3552/5725/3552 3550/5724/3550
f 3553/5728/3553 3585/5779/3585 3466/5726/3466
f 3519/5671/3519 3521/5675/3521 3520/5672/3520
f 3469/5731/3469 3587/5782/3587 3417/5783/3417
f 3095/5676/3095 3521/5675/3521 3588/5784/3588
f 3095/5038/3095 3588/5785/3588 3522/5678/3522
f 3043/5427/3043 3384/5429/3384 3554/5730/3554
f 3246/5206/3246 3589/5786/3589 3590/5787/3590
f 3470/5582/3470 3424/5581/3424 3591/5788/3591
f 3523/5679/3523 3555/5789/3555 3247/5208/3247
f 3246/5206/3246 3590/5787/3590 3525/5732/3525
f 3592/5790/3592 3591/5791/3591 3424/5502/3424
f 3525/5682/3525 3590/5792/3590 3472/5588/3472
f 3472/5588/3472 3590/5792/3590 3592/5790/3592
f 3472/5588/3472 3592/5790/3592 3424/5502/3424
f 3557/5737/3557 3593/5793/3593 3558/5738/3558
f 3321/5794/3321 3528/5686/3528 3253/5217/3253
f 3558/5738/3558 3559/5739/3559 3323/5328/3323
f 2950/4675/2950 3256/5221/3256 3429/5509/3429
f 3428/5740/3428 3560/5741/3560 2709/4263/2709
f 3324/5329/3324 3594/5795/3594 3256/5221/3256
f 3474/5594/3474 3595/5796/3595 3386/5432/3386
f 3531/5691/3531 3596/5797/3596 3432/5512/3432
f 3425/5518/3425 3435/5517/3435 3597/5798/3597
f 3331/5342/3331 3533/5694/3533 3476/5598/3476
f 3533/5694/3533 3598/5799/3598 3476/5598/3476
f 3476/5598/3476 3598/5799/3598 3391/5444/3391
f 3562/5749/3562 3599/5800/3599 3335/5347/3335
f 3335/5347/3335 3599/5800/3599 3600/5801/3600
f 3562/5749/3562 3563/5750/3563 3599/5800/3599
f 3436/5695/3436 3335/5347/3335 3601/5802/3601
f 3437/5803/3437 3276/5605/3276 3602/5804/3602
f 3436/5805/3436 3601/5806/3601 3478/5807/3478
f 2908/4909/2908 3603/5808/3603 3392/5445/3392
f 3339/5809/3339 3604/5810/3604 3482/5612/3482
f 3182/5527/3182 3605/5811/3605 3398/5457/3398
f 3482/5612/3482 3606/5812/3606 3568/5757/3568
f 3568/5757/3568 3607/5813/3607 3183/5608/3183
f 3606/5812/3606 3607/5813/3607 3568/5757/3568
f 3484/5618/3484 3608/5814/3608 3569/5759/3569
f 3484/5618/3484 3485/5619/3485 3608/5814/3608
f 3187/5114/3187 3609/5815/3609 3570/5760/3570
f 3187/5114/3187 3569/5759/3569 3609/5815/3609
f 3487/5622/3487 3489/5624/3489 3485/5621/3485
f 3489/5624/3489 3575/5767/3575 3485/5621/3485
f 3538/5701/3538 3571/5761/3571 3493/5629/3493
f 3450/5545/3450 3492/5628/3492 3610/5816/3610
f 3577/5817/3577 2930/5818/2930 3578/5819/3578
f 3450/5774/3450 3610/5820/3610 3611/5821/3611
f 3540/5773/3540 3408/5475/3408 3612/5822/3612
f 3450/5774/3450 3611/5821/3611 3581/5775/3581
f 3542/5705/3542 3613/5823/3613 3579/5771/3579
f 3541/5704/3541 3613/5823/3613 3542/5705/3542
f 3580/5824/3580 3613/5823/3613 3541/5704/3541
f 3581/5775/3581 3584/5778/3584 3507/5664/3507
f 3582/5776/3582 3579/5771/3579 3545/5712/3545
f 3614/5825/3614 3549/5826/3549 3545/5712/3545
f 3460/5716/3460 3545/5712/3545 3549/5826/3549
f 3614/5827/3614 3580/5772/3580 3550/5722/3550
f 3552/5828/3552 3549/5826/3549 3614/5825/3614
f 3552/5829/3552 3614/5827/3614 3550/5722/3550
f 3586/5780/3586 3585/5779/3585 3408/5781/3408
f 3368/5573/3368 3554/5830/3554 3517/5665/3517
f 3553/5728/3553 3615/5831/3615 3585/5779/3585
f 3417/5727/3417 3615/5831/3615 3553/5728/3553
f 3616/5832/3616 3467/5673/3467 3407/5474/3407
f 3615/5833/3615 3587/5782/3587 3617/5834/3617
f 3417/5783/3417 3587/5782/3587 3615/5833/3615
f 3305/5301/3305 3467/5677/3467 3523/5679/3523
f 3469/5731/3469 3618/5835/3618 3617/5834/3617
f 3587/5782/3587 3469/5731/3469 3617/5834/3617
f 3555/5789/3555 3523/5679/3523 3467/5677/3467
f 3524/5680/3524 3618/5835/3618 3469/5731/3469
f 3246/5206/3246 3522/5678/3522 3589/5786/3589
f 3524/5680/3524 3470/5582/3470 3619/5836/3619
f 3589/5786/3589 3620/5837/3620 3590/5787/3590
f 3470/5582/3470 3591/5788/3591 3619/5836/3619
f 2998/5838/2998 3526/5839/3526 3248/5734/3248
f 3315/5319/3315 3318/5507/3318 3557/5737/3557
f 3593/5793/3593 3559/5739/3559 3558/5738/3558
f 3319/5323/3319 3150/5045/3150 3321/5325/3321
f 3432/5512/3432 3596/5797/3596 3474/5594/3474
f 3008/5840/3008 3621/5841/3621 3531/5691/3531
f 3434/5516/3434 3475/5596/3475 3330/5441/3330
f 3014/5075/3014 3475/5747/3475 3533/5842/3533
f 3267/5241/3267 3622/5843/3622 3532/5748/3532
f 3623/5844/3623 3624/5845/3624 3533/5694/3533
f 3391/5444/3391 3624/5845/3624 3267/5241/3267
f 3533/5694/3533 3624/5845/3624 3598/5799/3598
f 3598/5799/3598 3624/5845/3624 3391/5444/3391
f 3479/5846/3479 3603/5808/3603 2908/4909/2908
f 3276/5605/3276 3534/5696/3534 3625/5847/3625
f 3392/5445/3392 3626/5848/3626 3125/5354/3125
f 3180/5099/3180 3075/4918/3075 3627/5849/3627
f 3339/5356/3339 3564/5752/3564 3604/5850/3604
f 3536/5851/3536 3628/5852/3628 3028/4820/3028
f 3025/5853/3025 3438/5854/3438 3223/5357/3223
f 3567/5755/3567 2982/5367/2982 3343/5369/3343
f 3398/5457/3398 3343/5369/3343 3344/5370/3344
f 3182/5607/3182 3629/5855/3629 3605/5856/3605
f 3629/5855/3629 3182/5607/3182 3480/5609/3480
f 2756/5857/2756 3133/5858/3133 3630/5859/3630
f 3349/5378/3349 3631/5860/3631 3233/5376/3233
f 3569/5759/3569 3632/5861/3632 3609/5815/3609
f 3608/5814/3608 3632/5861/3632 3569/5759/3569
f 3485/5621/3485 3633/5862/3633 3608/5863/3608
f 3609/5815/3609 3634/5864/3634 3570/5760/3570
f 3485/5621/3485 3635/5865/3635 3633/5862/3633
f 3485/5621/3485 3575/5767/3575 3635/5865/3635
f 3570/5760/3570 3636/5866/3636 3571/5761/3571
f 3634/5864/3634 3636/5866/3636 3570/5760/3570
f 3636/5866/3636 3637/5867/3637 3571/5761/3571
f 3571/5761/3571 3637/5867/3637 3493/5629/3493
f 3637/5867/3637 3638/5868/3638 3493/5629/3493
f 3638/5868/3638 3637/5867/3637 3636/5866/3636
f 3639/5869/3639 3572/5870/3572 3537/5871/3537
f 3638/5868/3638 3492/5630/3492 3493/5629/3493
f 3575/5767/3575 3574/5766/3574 3635/5865/3635
f 3640/5872/3640 3572/5762/3572 3639/5873/3639
f 3573/5874/3573 3191/5875/3191 3641/5876/3641
f 3635/5865/3635 3574/5766/3574 3642/5877/3642
f 3572/5762/3572 3640/5872/3640 2930/5285/2930
f 3641/5878/3641 3191/5879/3191 3354/5880/3354
f 3638/5881/3638 3643/5882/3643 3492/5628/3492
f 3576/5768/3576 3642/5877/3642 3574/5766/3574
f 3492/5628/3492 3643/5882/3643 3610/5816/3610
f 3610/5820/3610 3644/5883/3644 3611/5821/3611
f 3643/5884/3643 3644/5883/3644 3610/5820/3610
f 3643/5884/3643 3645/5885/3645 3644/5883/3644
f 3643/5884/3643 3646/5886/3646 3645/5885/3645
f 3642/5877/3642 3576/5768/3576 3612/5887/3612
f 3576/5888/3576 3540/5773/3540 3612/5822/3612
f 3647/5889/3647 3578/5819/3578 2930/5818/2930
f 3611/5821/3611 3644/5883/3644 3581/5775/3581
f 3644/5883/3644 3519/5671/3519 3581/5775/3581
f 3581/5775/3581 3519/5671/3519 3584/5778/3584
f 3644/5883/3644 3645/5885/3645 3519/5671/3519
f 3616/5832/3616 3407/5474/3407 3647/5890/3647
f 3579/5771/3579 3613/5823/3613 3545/5712/3545
f 3613/5823/3613 3614/5825/3614 3545/5712/3545
f 3613/5823/3613 3580/5824/3580 3614/5825/3614
f 3584/5778/3584 3519/5671/3519 3551/5723/3551
f 3645/5885/3645 3648/5891/3648 3519/5671/3519
f 3649/5892/3649 3648/5891/3648 3645/5885/3645
f 3519/5671/3519 3648/5891/3648 3521/5675/3521
f 3650/5893/3650 3648/5891/3648 3649/5892/3649
f 3651/5894/3651 3517/5895/3517 3554/5896/3554
f 3650/5893/3650 3652/5897/3652 3648/5891/3648
f 3652/5897/3652 3653/5898/3653 3648/5891/3648
f 3615/5833/3615 3617/5834/3617 3585/5899/3585
f 3648/5891/3648 3654/5900/3654 3521/5675/3521
f 3648/5891/3648 3653/5898/3653 3654/5900/3654
f 3654/5901/3654 3655/5902/3655 3521/5903/3521
f 3521/5903/3521 3655/5902/3655 3588/5785/3588
f 3617/5834/3617 3618/5835/3618 3656/5904/3656
f 3588/5785/3588 3655/5902/3655 3522/5678/3522
f 3655/5902/3655 3657/5905/3657 3522/5678/3522
f 3654/5901/3654 3657/5905/3657 3655/5902/3655
f 3656/5904/3656 3618/5835/3618 3658/5906/3658
f 3654/5901/3654 3620/5837/3620 3657/5905/3657
f 3658/5906/3658 3619/5836/3619 3659/5907/3659
f 3658/5906/3658 3524/5680/3524 3619/5836/3619
f 3618/5835/3618 3524/5680/3524 3658/5906/3658
f 3522/5678/3522 3657/5905/3657 3589/5786/3589
f 3589/5786/3589 3657/5905/3657 3620/5837/3620
f 3591/5788/3591 3659/5907/3659 3619/5836/3619
f 3590/5787/3590 3620/5837/3620 3592/5908/3592
f 3592/5908/3592 3620/5837/3620 3659/5909/3659
f 3592/5910/3592 3659/5907/3659 3591/5788/3591
f 3660/5911/3660 3526/5839/3526 3471/5912/3471
f 3660/5911/3660 3661/5913/3661 3526/5839/3526
f 3661/5913/3661 3248/5734/3248 3526/5839/3526
f 3661/5913/3661 3662/5914/3662 3248/5734/3248
f 3662/5914/3662 3556/5735/3556 3248/5734/3248
f 3556/5915/3556 3314/5317/3314 3046/5592/3046
f 3473/5916/3473 3425/5917/3425 3663/5918/3663
f 3664/5919/3664 3593/5793/3593 3557/5737/3557
f 3664/5920/3664 3557/5921/3557 3665/5922/3665
f 3559/5739/3559 3593/5793/3593 3664/5919/3664
f 3666/5923/3666 3321/5325/3321 3150/5045/3150
f 3595/5796/3595 3667/5924/3667 3386/5432/3386
f 3595/5796/3595 3474/5594/3474 3596/5797/3596
f 3668/5925/3668 3425/5917/3425 3597/5926/3597
f 3622/5843/3622 3267/5241/3267 3669/5927/3669
f 3669/5927/3669 3624/5845/3624 3623/5844/3623
f 3669/5927/3669 3267/5241/3267 3624/5845/3624
f 3600/5801/3600 3599/5800/3599 3563/5750/3563
f 3600/5801/3600 3601/5802/3601 3335/5347/3335
f 3600/5928/3600 3670/5929/3670 3601/5806/3601
f 3602/5804/3602 3276/5605/3276 3671/5930/3671
f 3672/5931/3672 3478/5807/3478 3601/5806/3601
f 3672/5931/3672 3479/5846/3479 3478/5807/3478
f 3671/5930/3671 3276/5605/3276 3625/5847/3625
f 3394/5751/3394 3673/5932/3673 3534/5696/3534
f 3674/5933/3674 3075/4918/3075 3223/5357/3223
f 3674/5933/3674 3223/5357/3223 3438/5854/3438
f 3675/5934/3675 3224/5935/3224 3281/5269/3281
f 3565/5753/3565 3130/5606/3130 3184/5936/3184
f 3480/5609/3480 3183/5608/3183 3676/5937/3676
f 3677/5938/3677 3607/5813/3607 3606/5812/3606
f 3677/5938/3677 3606/5812/3606 3678/5939/3678
f 3676/5937/3676 3183/5608/3183 3607/5813/3607
f 3289/5280/3289 3679/5940/3679 3133/5013/3133
f 3537/5871/3537 2756/5857/2756 3680/5941/3680
f 3608/5814/3608 3633/5942/3633 3632/5861/3632
f 3609/5815/3609 3681/5943/3681 3634/5864/3634
f 3609/5815/3609 3632/5861/3632 3681/5943/3681
f 3633/5862/3633 3635/5865/3635 3632/5944/3632
f 3681/5943/3681 3636/5866/3636 3634/5864/3634
f 3681/5943/3681 3632/5861/3632 3636/5866/3636
f 3682/5945/3682 3632/5944/3632 3635/5865/3635
f 3632/5861/3632 3682/5946/3682 3683/5947/3683
f 3635/5865/3635 3642/5877/3642 3682/5945/3682
f 3537/5871/3537 3684/5948/3684 3639/5869/3639
f 3636/5866/3636 3685/5949/3685 3638/5868/3638
f 3632/5861/3632 3683/5947/3683 3636/5866/3636
f 3639/5869/3639 3684/5948/3684 3640/5950/3640
f 3636/5866/3636 3683/5947/3683 3685/5949/3685
f 3683/5947/3683 3686/5951/3686 3685/5949/3685
f 3682/5952/3682 3687/5953/3687 3683/5954/3683
f 3682/5952/3682 3688/5955/3688 3687/5953/3687
f 3638/5868/3638 3685/5949/3685 3643/5956/3643
f 3640/5872/3640 3647/5957/3647 2930/5285/2930
f 3685/5958/3685 3646/5959/3646 3643/5960/3643
f 3685/5958/3685 3689/5961/3689 3646/5959/3646
f 3682/5962/3682 3690/5963/3690 3688/5964/3688
f 3642/5877/3642 3690/5965/3690 3682/5945/3682
f 3646/5959/3646 3689/5961/3689 3691/5966/3691
f 3688/5967/3688 3690/5968/3690 3692/5969/3692
f 3642/5970/3642 3693/5971/3693 3690/5968/3690
f 3612/5972/3612 3693/5971/3693 3642/5970/3642
f 3612/5822/3612 3408/5475/3408 3693/5973/3693
f 3646/5886/3646 3691/5974/3691 3645/5885/3645
f 3692/5969/3692 3690/5968/3690 3694/5975/3694
f 3693/5971/3693 3694/5975/3694 3690/5968/3690
f 3578/5770/3578 3647/5890/3647 3407/5474/3407
f 3693/5971/3693 3408/5976/3408 3694/5975/3694
f 3647/5977/3647 3695/5978/3695 3616/5979/3616
f 3543/5980/3543 3517/5895/3517 3651/5894/3651
f 3408/5976/3408 3617/5981/3617 3694/5975/3694
f 3694/5975/3694 3617/5981/3617 3696/5982/3696
f 3408/5976/3408 3585/5983/3585 3617/5981/3617
f 3649/5892/3649 3697/5984/3697 3650/5893/3650
f 3696/5985/3696 3617/5834/3617 3698/5986/3698
f 3697/5984/3697 3652/5897/3652 3650/5893/3650
f 3697/5984/3697 3699/5987/3699 3652/5897/3652
f 3699/5988/3699 3700/5989/3700 3652/5990/3652
f 3700/5989/3700 3701/5991/3701 3652/5990/3652
f 3652/5990/3652 3701/5991/3701 3653/5992/3653
f 3701/5993/3701 3700/5994/3700 3702/5995/3702
f 3703/5996/3703 3698/5986/3698 3704/5997/3704
f 3616/5998/3616 3555/5789/3555 3467/5677/3467
f 3653/5992/3653 3701/5991/3701 3654/5901/3654
f 3702/5999/3702 3705/6000/3705 3701/6001/3701
f 3705/6000/3705 3702/5999/3702 3706/6002/3706
f 3702/5999/3702 3707/6003/3707 3706/6002/3706
f 3703/5996/3703 3706/6002/3706 3707/6003/3707
f 3703/5996/3703 3704/5997/3704 3706/6002/3706
f 3698/5986/3698 3656/5904/3656 3704/5997/3704
f 3617/5834/3617 3656/5904/3656 3698/5986/3698
f 3654/5901/3654 3701/5991/3701 3620/5837/3620
f 3706/6002/3706 3704/5997/3704 3659/5907/3659
f 3701/5991/3701 3705/6004/3705 3620/5837/3620
f 3706/6002/3706 3659/5907/3659 3705/6000/3705
f 3704/5997/3704 3658/5906/3658 3659/5907/3659
f 3656/5904/3656 3658/5906/3658 3704/5997/3704
f 3705/6004/3705 3659/5909/3659 3620/5837/3620
f 3708/6005/3708 3471/5912/3471 3555/6006/3555
f 3708/6005/3708 3660/5911/3660 3471/5912/3471
f 3662/5914/3662 3661/5913/3661 3708/6005/3708
f 3708/6005/3708 3661/5913/3661 3660/5911/3660
f 3664/5920/3664 3709/6007/3709 3710/6008/3710
f 3665/5922/3665 3709/6007/3709 3664/5920/3664
f 3664/5919/3664 3710/6009/3710 3559/5739/3559
f 3710/6009/3710 3711/6010/3711 3559/5739/3559
f 3321/6011/3321 3666/6012/3666 3528/6013/3528
f 3559/5739/3559 3711/6010/3711 3529/5687/3529
f 3386/5434/3386 3667/6014/3667 3530/5688/3530
f 3529/5743/3529 3712/6015/3712 3561/5744/3561
f 3431/5511/3431 3713/6016/3713 3008/4971/3008
f 3713/6017/3713 3621/6018/3621 3008/6019/3008
f 3532/5693/3532 3622/6020/3622 3714/6021/3714
f 3714/6022/3714 3622/5843/3622 3669/5927/3669
f 3563/5750/3563 3715/6023/3715 3600/5801/3600
f 3563/5750/3563 3437/5521/3437 3715/6023/3715
f 3601/5806/3601 3716/6024/3716 3672/5931/3672
f 3672/5931/3672 3716/6024/3716 3479/5846/3479
f 3626/5848/3626 3717/6025/3717 3125/5354/3125
f 3717/6025/3717 3564/6026/3564 3125/5354/3125
f 3673/5932/3673 3394/5751/3394 3718/6027/3718
f 3536/5698/3536 3535/5697/3535 3719/6028/3719
f 3394/6029/3394 3566/5758/3566 3718/6030/3718
f 3536/5698/3536 3719/6028/3719 3628/6031/3628
f 3482/5612/3482 3604/5810/3604 3606/5812/3606
f 3720/6032/3720 3565/5753/3565 3184/5936/3184
f 3606/5812/3606 3604/5810/3604 3678/5939/3678
f 3184/5756/3184 3567/5755/3567 3720/6033/3720
f 3680/5941/3680 2756/5857/2756 3630/5859/3630
f 3680/5941/3680 3721/6034/3721 3537/5871/3537
f 3537/5871/3537 3721/6034/3721 3684/5948/3684
f 3683/5954/3683 3687/5953/3687 3722/6035/3722
f 3683/5947/3683 3722/6036/3722 3686/5951/3686
f 3684/5948/3684 3723/6037/3723 3640/5950/3640
f 3685/5949/3685 3724/6038/3724 3689/6039/3689
f 3685/5949/3685 3686/5951/3686 3724/6038/3724
f 3722/6035/3722 3725/6040/3725 3686/6041/3686
f 3687/5953/3687 3726/6042/3726 3725/6040/3725
f 3687/5953/3687 3725/6040/3725 3722/6035/3722
f 3689/6039/3689 3724/6038/3724 3727/6043/3727
f 3686/5951/3686 3727/6043/3727 3724/6038/3724
f 3640/5950/3640 3723/6037/3723 3647/5977/3647
f 3687/5953/3687 3728/6044/3728 3726/6042/3726
f 3687/6045/3687 3688/6046/3688 3728/6047/3728
f 3641/6048/3641 3354/6049/3354 3543/5980/3543
f 3688/6046/3688 3692/6050/3692 3728/6047/3728
f 3691/5974/3691 3729/6051/3729 3645/5885/3645
f 3730/6052/3730 3729/6051/3729 3691/5974/3691
f 3694/5975/3694 3731/6053/3731 3692/5969/3692
f 3645/5885/3645 3729/6051/3729 3649/5892/3649
f 3729/6051/3729 3732/6054/3732 3649/5892/3649
f 3732/6054/3732 3697/5984/3697 3649/5892/3649
f 3694/5975/3694 3696/5982/3696 3733/6055/3733
f 3651/5894/3651 3554/5896/3554 3734/6056/3734
f 3554/5896/3554 3735/6057/3735 3734/6056/3734
f 3698/5986/3698 3736/6058/3736 3733/6059/3733
f 3696/5985/3696 3698/5986/3698 3733/6059/3733
f 3554/5896/3554 3737/6060/3737 3735/6057/3735
f 3698/5986/3698 3738/6061/3738 3736/6058/3736
f 3739/6062/3739 3740/6063/3740 3738/6061/3738
f 3703/5996/3703 3738/6061/3738 3698/5986/3698
f 3707/6003/3707 3739/6062/3739 3703/5996/3703
f 3703/5996/3703 3739/6062/3739 3738/6061/3738
f 3616/6064/3616 3741/6065/3741 3555/6006/3555
f 3741/6065/3741 3708/6005/3708 3555/6006/3555
f 3662/5914/3662 3708/6005/3708 3741/6065/3741
f 3742/6066/3742 3743/6067/3743 3384/5429/3384
f 3384/5429/3384 3473/5684/3473 3742/6066/3742
f 3318/6068/3318 3665/5922/3665 3557/5921/3557
f 3710/6008/3710 3709/6007/3709 3711/6069/3711
f 3314/5317/3314 3744/6070/3744 3428/5508/3428
f 3150/5140/3150 3429/5509/3429 3666/6071/3666
f 3745/6072/3745 3429/5509/3429 3256/5221/3256
f 3529/5743/3529 3746/6073/3746 3712/6015/3712
f 3425/5917/3425 3747/6074/3747 3663/5918/3663
f 3623/5844/3623 3748/6075/3748 3669/5927/3669
f 3716/6024/3716 3603/5808/3603 3479/5846/3479
f 3564/6076/3564 3749/6077/3749 3604/5810/3604
f 3343/5369/3343 3750/6078/3750 3567/5755/3567
f 3343/5369/3343 3398/5457/3398 3750/6078/3750
f 3480/5609/3480 3676/5937/3676 3751/6079/3751
f 3677/5938/3677 3752/6080/3752 3607/5813/3607
f 3607/5813/3607 3752/6080/3752 3676/5937/3676
f 3677/5938/3677 3678/5939/3678 3752/6080/3752
f 3566/5758/3566 3233/5617/3233 3753/6081/3753
f 3684/5948/3684 3721/6034/3721 3723/6037/3723
f 3641/5876/3641 3754/6082/3754 3573/5874/3573
f 3686/5951/3686 3755/6083/3755 3727/6043/3727
f 3725/6040/3725 3755/6084/3755 3686/6041/3686
f 3726/6085/3726 3728/6047/3728 3725/6086/3725
f 3689/5961/3689 3727/6087/3727 3756/6088/3756
f 3689/5961/3689 3756/6088/3756 3691/5966/3691
f 3691/5966/3691 3756/6088/3756 3730/6089/3730
f 3641/6048/3641 3543/5980/3543 3757/6090/3757
f 3692/6050/3692 3758/6091/3758 3728/6047/3728
f 3543/5980/3543 3651/5894/3651 3757/6090/3757
f 3692/5969/3692 3731/6053/3731 3758/6092/3758
f 3651/5894/3651 3759/6093/3759 3757/6090/3757
f 3734/6056/3734 3760/6094/3760 3759/6093/3759
f 3651/5894/3651 3734/6056/3734 3759/6093/3759
f 3729/6051/3729 3730/6052/3730 3732/6054/3732
f 3694/5975/3694 3761/6095/3761 3731/6053/3731
f 3731/6053/3731 3761/6095/3761 3758/6092/3758
f 3694/5975/3694 3733/6055/3733 3761/6095/3761
f 3734/6056/3734 3735/6057/3735 3760/6094/3760
f 3735/6057/3735 3762/6096/3762 3760/6094/3760
f 3760/6097/3760 3762/6098/3762 3763/6099/3763
f 3699/5987/3699 3764/6100/3764 3700/6101/3700
f 3735/6057/3735 3737/6060/3737 3762/6096/3762
f 3764/6102/3764 3765/6103/3765 3700/5994/3700
f 3740/6063/3740 3766/6104/3766 3736/6058/3736
f 3738/6061/3738 3740/6063/3740 3736/6058/3736
f 3767/6105/3767 3762/6096/3762 3737/6060/3737
f 3700/5994/3700 3765/6103/3765 3702/5995/3702
f 3702/5999/3702 3765/6106/3765 3768/6107/3768
f 3739/6062/3739 3768/6107/3768 3766/6104/3766
f 3739/6062/3739 3766/6104/3766 3740/6063/3740
f 3767/6105/3767 3769/6108/3769 3762/6096/3762
f 3737/6060/3737 3769/6108/3769 3767/6105/3767
f 3737/6060/3737 3554/5896/3554 3769/6108/3769
f 3702/5999/3702 3768/6107/3768 3707/6003/3707
f 3707/6003/3707 3768/6107/3768 3739/6062/3739
f 3554/5730/3554 3384/5429/3384 3769/6109/3769
f 3384/5429/3384 3770/6110/3770 3769/6109/3769
f 3384/5429/3384 3771/6111/3771 3770/6110/3770
f 3384/5429/3384 3743/6067/3743 3771/6111/3771
f 3662/5914/3662 3772/6112/3772 3556/5735/3556
f 3556/5915/3556 3773/6113/3773 3314/5317/3314
f 3663/6114/3663 3774/6115/3774 3775/6116/3775
f 3665/5922/3665 3776/6117/3776 3709/6007/3709
f 3776/6117/3776 3777/6118/3777 3709/6007/3709
f 3318/6068/3318 3776/6117/3776 3665/5922/3665
f 3709/6007/3709 3777/6118/3777 3711/6069/3711
f 3711/6119/3711 3778/6120/3778 3529/5743/3529
f 3429/5509/3429 3779/6121/3779 3666/6071/3666
f 3529/5743/3529 3778/6120/3778 3746/6073/3746
f 3747/6074/3747 3774/6122/3774 3663/5918/3663
f 3530/5688/3530 3667/6014/3667 3780/6123/3780
f 3530/6124/3530 3781/6125/3781 3208/6126/3208
f 3668/5925/3668 3747/6074/3747 3425/5917/3425
f 3712/6127/3712 3782/6128/3782 3561/5746/3561
f 3597/5798/3597 3783/6129/3783 3668/6130/3668
f 3784/6131/3784 3783/6129/3783 3597/5798/3597
f 3785/6132/3785 3475/5596/3475 3561/5746/3561
f 3597/5798/3597 3435/5517/3435 3784/6131/3784
f 3532/5693/3532 3784/6131/3784 3435/5517/3435
f 3748/6075/3748 3623/5844/3623 3533/5694/3533
f 3714/6022/3714 3669/5927/3669 3748/6075/3748
f 3786/6133/3786 3600/5801/3600 3715/6023/3715
f 3670/5929/3670 3600/5928/3600 3786/6134/3786
f 3715/6023/3715 3437/5521/3437 3602/6135/3602
f 3670/5929/3670 3716/6024/3716 3601/5806/3601
f 3749/6077/3749 3564/6076/3564 3717/6136/3717
f 3718/6030/3718 3566/5758/3566 3787/6137/3787
f 3566/5758/3566 3788/6138/3788 3787/6137/3787
f 3789/6139/3789 3483/5614/3483 3028/4820/3028
f 3750/6078/3750 3398/5457/3398 3605/5811/3605
f 3790/6140/3790 3630/5859/3630 3133/5858/3133
f 3791/6141/3791 3721/6034/3721 3680/5941/3680
f 3631/5860/3631 3349/5378/3349 3792/6142/3792
f 3791/6141/3791 3723/6037/3723 3721/6034/3721
f 3793/6143/3793 3754/6082/3754 3641/5876/3641
f 3727/6087/3727 3794/6144/3794 3756/6088/3756
f 3727/6087/3727 3755/6145/3755 3794/6144/3794
f 3795/6146/3795 3755/6145/3755 3725/6086/3725
f 3795/6146/3795 3725/6086/3725 3796/6147/3796
f 3728/6047/3728 3796/6147/3796 3725/6086/3725
f 3793/6143/3793 3641/5876/3641 3797/6148/3797
f 3794/6144/3794 3755/6145/3755 3795/6146/3795
f 3797/6148/3797 3641/5876/3641 3798/6149/3798
f 3796/6147/3796 3728/6047/3728 3799/6150/3799
f 3723/6037/3723 3800/6151/3800 3647/5977/3647
f 3641/6048/3641 3757/6090/3757 3798/6152/3798
f 3798/6152/3798 3757/6090/3757 3801/6153/3801
f 3756/6088/3756 3802/6154/3802 3730/6089/3730
f 3728/6047/3728 3758/6091/3758 3799/6150/3799
f 3757/6090/3757 3759/6093/3759 3801/6153/3801
f 3730/6052/3730 3803/6155/3803 3732/6054/3732
f 3799/6156/3799 3758/6092/3758 3761/6095/3761
f 3799/6156/3799 3761/6095/3761 3804/6157/3804
f 3804/6158/3804 3761/6159/3761 3805/6160/3805
f 3760/6097/3760 3806/6161/3806 3759/6162/3759
f 3732/6054/3732 3803/6155/3803 3807/6163/3807
f 3808/6164/3808 3807/6165/3807 3803/6166/3803
f 3732/6054/3732 3807/6163/3807 3697/5984/3697
f 3733/6059/3733 3805/6160/3805 3761/6159/3761
f 3697/5984/3697 3807/6163/3807 3699/5987/3699
f 3699/5987/3699 3807/6163/3807 3764/6100/3764
f 3807/6165/3807 3808/6164/3808 3764/6102/3764
f 3808/6164/3808 3809/6167/3809 3764/6102/3764
f 3805/6160/3805 3733/6059/3733 3766/6104/3766
f 3809/6167/3809 3765/6103/3765 3764/6102/3764
f 3736/6058/3736 3766/6104/3766 3733/6059/3733
f 3809/6167/3809 3768/6168/3768 3765/6103/3765
f 3762/6098/3762 3810/6169/3810 3763/6099/3763
f 3810/6170/3810 3762/6096/3762 3811/6171/3811
f 3811/6171/3811 3762/6096/3762 3770/6172/3770
f 3769/6108/3769 3770/6172/3770 3762/6096/3762
f 3770/6110/3770 3771/6111/3771 3811/6173/3811
f 3771/6111/3771 3743/6067/3743 3811/6173/3811
f 3811/6173/3811 3743/6067/3743 3812/6174/3812
f 3812/6174/3812 3743/6067/3743 3742/6066/3742
f 3556/5735/3556 3772/6112/3772 3813/6175/3813
f 3813/6175/3813 3814/6176/3814 3556/5735/3556
f 3742/6066/3742 3473/5684/3473 3815/6177/3815
f 3815/6177/3815 3473/5684/3473 3663/6114/3663
f 3814/6178/3814 3816/6179/3816 3556/5915/3556
f 3817/6180/3817 3777/6118/3777 3776/6117/3776
f 3818/6181/3818 3318/6068/3318 3819/6182/3819
f 3776/6117/3776 3318/6068/3318 3818/6181/3818
f 3819/6183/3819 3318/6184/3318 3528/6013/3528
f 3256/5221/3256 3594/5795/3594 3820/6185/3820
f 3821/6186/3821 3324/5329/3324 3208/6187/3208
f 3822/6188/3822 3781/6125/3781 3530/6124/3530
f 3747/6074/3747 3668/5925/3668 3783/6189/3783
f 3532/5693/3532 3823/6190/3823 3784/6131/3784
f 3824/6191/3824 3714/6021/3714 3825/6192/3825
f 3714/6021/3714 3748/6193/3748 3825/6192/3825
f 3671/5930/3671 3625/5847/3625 3826/6194/3826
f 3603/5808/3603 3827/6195/3827 3392/5445/3392
f 3717/6136/3717 3828/6196/3828 3749/6077/3749
f 3749/6077/3749 3828/6196/3828 3604/5810/3604
f 3787/6137/3787 3829/6197/3829 3718/6030/3718
f 3535/5697/3535 3180/5099/3180 3627/5849/3627
f 3828/6196/3828 3830/6198/3830 3604/5810/3604
f 3830/6198/3830 3678/5939/3678 3604/5810/3604
f 3829/6197/3829 3787/6137/3787 3788/6138/3788
f 3281/5269/3281 3565/5753/3565 3675/5934/3675
f 3678/5939/3678 3830/6198/3830 3831/6199/3831
f 3567/5755/3567 3750/6078/3750 3832/6200/3832
f 3831/6199/3831 3752/6080/3752 3678/5939/3678
f 3831/6199/3831 3833/6201/3833 3752/6080/3752
f 3480/5609/3480 3834/6202/3834 3629/5855/3629
f 3480/5609/3480 3751/6079/3751 3834/6202/3834
f 3833/6201/3833 3835/6203/3835 3752/6080/3752
f 3752/6080/3752 3835/6203/3835 3676/5937/3676
f 3676/5937/3676 3836/6204/3836 3751/6079/3751
f 3566/5758/3566 3753/6081/3753 3788/6138/3788
f 3679/6205/3679 3790/6140/3790 3133/5858/3133
f 3753/6206/3753 3233/5376/3233 3631/5860/3631
f 3630/5859/3630 3791/6141/3791 3680/5941/3680
f 3792/6142/3792 3349/5378/3349 3837/6207/3837
f 3349/5378/3349 3838/6208/3838 3837/6207/3837
f 3349/6209/3349 3573/5874/3573 3838/6210/3838
f 3838/6210/3838 3573/5874/3573 3839/6211/3839
f 3573/5874/3573 3754/6082/3754 3839/6211/3839
f 3839/6211/3839 3754/6082/3754 3840/6212/3840
f 3754/6082/3754 3793/6143/3793 3840/6212/3840
f 3840/6212/3840 3793/6143/3793 3841/6213/3841
f 3841/6213/3841 3797/6148/3797 3798/6149/3798
f 3793/6143/3793 3797/6148/3797 3841/6213/3841
f 3798/6149/3798 3842/6214/3842 3841/6213/3841
f 3796/6147/3796 3799/6150/3799 3843/6215/3843
f 3798/6152/3798 3801/6153/3801 3842/6216/3842
f 3756/6088/3756 3794/6144/3794 3802/6154/3802
f 3795/6146/3795 3844/6217/3844 3794/6144/3794
f 3796/6147/3796 3843/6215/3843 3795/6146/3795
f 3801/6153/3801 3759/6093/3759 3842/6216/3842
f 3794/6144/3794 3844/6217/3844 3802/6154/3802
f 3795/6146/3795 3845/6218/3845 3844/6217/3844
f 3843/6215/3843 3845/6218/3845 3795/6146/3795
f 3759/6162/3759 3846/6219/3846 3842/6220/3842
f 3843/6215/3843 3847/6221/3847 3845/6218/3845
f 3799/6150/3799 3847/6221/3847 3843/6215/3843
f 3802/6154/3802 3803/6166/3803 3730/6089/3730
f 3844/6217/3844 3808/6164/3808 3802/6154/3802
f 3844/6217/3844 3845/6218/3845 3808/6164/3808
f 3799/6150/3799 3804/6222/3804 3847/6221/3847
f 3802/6154/3802 3808/6164/3808 3803/6166/3803
f 3804/6158/3804 3848/6223/3848 3847/6224/3847
f 3804/6158/3804 3805/6160/3805 3848/6223/3848
f 3759/6162/3759 3806/6161/3806 3846/6219/3846
f 3847/6221/3847 3848/6225/3848 3845/6218/3845
f 3647/5977/3647 3800/6151/3800 3695/5978/3695
f 3845/6218/3845 3809/6167/3809 3808/6164/3808
f 3845/6218/3845 3849/6226/3849 3809/6167/3809
f 3845/6218/3845 3848/6225/3848 3849/6226/3849
f 3806/6161/3806 3760/6097/3760 3763/6099/3763
f 3806/6161/3806 3763/6099/3763 3850/6227/3850
f 3805/6160/3805 3766/6104/3766 3848/6223/3848
f 3848/6223/3848 3766/6104/3766 3849/6228/3849
f 3763/6099/3763 3810/6169/3810 3850/6227/3850
f 3849/6226/3849 3768/6168/3768 3809/6167/3809
f 3849/6228/3849 3766/6104/3766 3768/6107/3768
f 3695/5978/3695 3741/6229/3741 3616/5979/3616
f 3695/5978/3695 3851/6230/3851 3741/6229/3741
f 3851/6231/3851 3662/5914/3662 3741/6065/3741
f 3800/6232/3800 3662/5914/3662 3851/6231/3851
f 3800/6232/3800 3772/6112/3772 3662/5914/3662
f 3811/6171/3811 3852/6233/3852 3810/6170/3810
f 3812/6174/3812 3853/6234/3853 3811/6173/3811
f 3812/6174/3812 3742/6066/3742 3853/6234/3853
f 3853/6234/3853 3742/6066/3742 3854/6235/3854
f 3854/6235/3854 3742/6066/3742 3815/6177/3815
f 3775/6116/3775 3815/6177/3815 3663/6114/3663
f 3855/6236/3855 3817/6237/3817 3856/6238/3856
f 3855/6236/3855 3857/6239/3857 3858/6240/3858
f 3855/6236/3855 3858/6240/3858 3817/6237/3817
f 3817/6180/3817 3818/6181/3818 3819/6182/3819
f 3817/6180/3817 3776/6117/3776 3818/6181/3818
f 3817/6180/3817 3858/6241/3858 3777/6118/3777
f 3859/6242/3859 3860/6243/3860 3528/6013/3528
f 3860/6243/3860 3819/6183/3819 3528/6013/3528
f 3777/6118/3777 3858/6241/3858 3711/6069/3711
f 3858/6240/3858 3778/6244/3778 3711/6245/3711
f 3666/6012/3666 3859/6242/3859 3528/6013/3528
f 3861/6246/3861 3747/6247/3747 3783/6248/3783
f 3713/6249/3713 3862/6250/3862 3621/5841/3621
f 3782/6128/3782 3785/6132/3785 3561/5746/3561
f 3533/5694/3533 3863/6251/3863 3748/6075/3748
f 3825/6192/3825 3863/6252/3863 3824/6191/3824
f 3748/6193/3748 3863/6252/3863 3825/6192/3825
f 3786/6134/3786 3864/6253/3864 3670/5929/3670
f 3786/6134/3786 3715/6254/3715 3864/6253/3864
f 3602/5804/3602 3865/6255/3865 3715/6254/3715
f 3602/5804/3602 3671/5930/3671 3865/6255/3865
f 3671/5930/3671 3826/6194/3826 3865/6255/3865
f 3392/5445/3392 3827/6195/3827 3626/5848/3626
f 3625/5847/3625 3534/5696/3534 3866/6256/3866
f 3867/6257/3867 3868/6258/3868 3626/5848/3626
f 3626/5848/3626 3868/6258/3868 3717/6025/3717
f 3534/5696/3534 3673/5932/3673 3868/6258/3868
f 3868/6259/3868 3828/6196/3828 3717/6136/3717
f 3868/6259/3868 3673/6260/3673 3828/6196/3828
f 3673/6260/3673 3718/6030/3718 3828/6196/3828
f 3828/6196/3828 3718/6030/3718 3869/6261/3869
f 3828/6196/3828 3869/6261/3869 3830/6198/3830
f 3718/6030/3718 3829/6197/3829 3869/6261/3869
f 3869/6261/3869 3870/6262/3870 3830/6198/3830
f 3869/6261/3869 3829/6197/3829 3870/6262/3870
f 3438/5854/3438 3871/6263/3871 3674/5933/3674
f 3788/6138/3788 3870/6262/3870 3829/6197/3829
f 3870/6262/3870 3833/6201/3833 3831/6199/3831
f 3830/6198/3830 3870/6262/3870 3831/6199/3831
f 3870/6262/3870 3788/6138/3788 3833/6201/3833
f 3833/6201/3833 3872/6264/3872 3835/6203/3835
f 3788/6138/3788 3872/6264/3872 3833/6201/3833
f 3676/5937/3676 3835/6203/3835 3836/6204/3836
f 3835/6203/3835 3873/6265/3873 3836/6204/3836
f 3835/6203/3835 3872/6264/3872 3873/6265/3873
f 3788/6138/3788 3753/6081/3753 3872/6264/3872
f 3289/5280/3289 3874/6266/3874 3679/5940/3679
f 3629/5855/3629 3834/6202/3834 3875/6267/3875
f 3873/6265/3873 3876/6268/3876 3836/6204/3836
f 3873/6265/3873 3877/6269/3877 3878/6270/3878
f 3873/6265/3873 3878/6270/3878 3876/6268/3876
f 3751/6079/3751 3875/6267/3875 3834/6202/3834
f 3751/6079/3751 3836/6204/3836 3875/6267/3875
f 3836/6271/3836 3876/6272/3876 3879/6273/3879
f 3836/6271/3836 3879/6273/3879 3875/6274/3875
f 3792/6142/3792 3880/6275/3880 3631/5860/3631
f 3792/6142/3792 3837/6207/3837 3880/6275/3880
f 3837/6207/3837 3881/6276/3881 3880/6275/3880
f 3838/6210/3838 3882/6277/3882 3881/6278/3881
f 3837/6207/3837 3838/6208/3838 3881/6276/3881
f 3838/6210/3838 3839/6211/3839 3882/6277/3882
f 3839/6211/3839 3883/6279/3883 3882/6277/3882
f 3839/6211/3839 3842/6214/3842 3883/6279/3883
f 3839/6211/3839 3840/6212/3840 3842/6214/3842
f 3840/6212/3840 3841/6213/3841 3842/6214/3842
f 3806/6161/3806 3884/6280/3884 3846/6219/3846
f 3806/6161/3806 3850/6227/3850 3884/6280/3884
f 3850/6227/3850 3810/6169/3810 3885/6281/3885
f 3695/5978/3695 3800/6151/3800 3851/6230/3851
f 3800/6232/3800 3813/6175/3813 3772/6112/3772
f 3810/6169/3810 3886/6282/3886 3885/6281/3885
f 3810/6169/3810 3852/6283/3852 3886/6282/3886
f 3811/6173/3811 3853/6234/3853 3852/6284/3852
f 3854/6235/3854 3815/6177/3815 3887/6285/3887
f 3854/6235/3854 3887/6285/3887 3853/6234/3853
f 3815/6177/3815 3888/6286/3888 3887/6285/3887
f 3813/6175/3813 3889/6287/3889 3814/6176/3814
f 3815/6177/3815 3775/6116/3775 3888/6286/3888
f 3889/6288/3889 3890/6289/3890 3814/6178/3814
f 3814/6178/3814 3890/6289/3890 3816/6179/3816
f 3891/6290/3891 3892/6291/3892 3893/6292/3893
f 3893/6292/3893 3892/6291/3892 3856/6238/3856
f 3891/6290/3891 3894/6293/3894 3892/6291/3892
f 3894/6293/3894 3895/6294/3895 3892/6291/3892
f 3556/5915/3556 3816/6179/3816 3773/6113/3773
f 3892/6291/3892 3895/6294/3895 3896/6295/3896
f 3892/6291/3892 3896/6295/3896 3855/6236/3855
f 3897/6296/3897 3817/6297/3817 3898/6298/3898
f 3856/6238/3856 3817/6237/3817 3897/6299/3897
f 3892/6291/3892 3855/6236/3855 3856/6238/3856
f 3896/6295/3896 3899/6300/3899 3855/6236/3855
f 3855/6236/3855 3899/6300/3899 3857/6239/3857
f 3817/6297/3817 3900/6301/3900 3898/6298/3898
f 3819/6183/3819 3860/6243/3860 3900/6302/3900
f 3819/6303/3819 3900/6301/3900 3817/6297/3817
f 3857/6239/3857 3899/6300/3899 3858/6240/3858
f 3858/6240/3858 3899/6300/3899 3778/6244/3778
f 3429/5509/3429 3901/6304/3901 3779/6121/3779
f 3745/6072/3745 3901/6304/3901 3429/5509/3429
f 3746/6073/3746 3902/6305/3902 3903/6306/3903
f 3774/6307/3774 3747/6308/3747 3904/6309/3904
f 3904/6310/3904 3747/6311/3747 3903/6306/3903
f 3905/6312/3905 3780/6313/3780 3667/5924/3667
f 3746/6073/3746 3903/6306/3903 3712/6015/3712
f 3431/5742/3431 3906/6314/3906 3713/6315/3713
f 3903/6306/3903 3861/6316/3861 3712/6015/3712
f 3747/6311/3747 3861/6316/3861 3903/6306/3903
f 3712/6127/3712 3861/6246/3861 3782/6128/3782
f 3861/6246/3861 3907/6317/3907 3782/6128/3782
f 3782/6128/3782 3907/6317/3907 3908/6318/3908
f 3861/6246/3861 3909/6319/3909 3907/6317/3907
f 3783/6248/3783 3909/6319/3909 3861/6246/3861
f 3782/6128/3782 3908/6318/3908 3785/6132/3785
f 3784/6320/3784 3909/6319/3909 3783/6248/3783
f 3475/5596/3475 3910/6321/3910 3911/6322/3911
f 3714/6021/3714 3824/6191/3824 3532/5693/3532
f 3533/6323/3533 3912/6324/3912 3863/6325/3863
f 3864/6253/3864 3913/6326/3913 3670/5929/3670
f 3715/6254/3715 3865/6255/3865 3864/6253/3864
f 3670/5929/3670 3913/6326/3913 3914/6327/3914
f 3670/5929/3670 3914/6327/3914 3716/6024/3716
f 3716/6024/3716 3914/6327/3914 3603/5808/3603
f 3827/6195/3827 3915/6328/3915 3626/5848/3626
f 3626/5848/3626 3915/6328/3915 3867/6257/3867
f 3915/6328/3915 3916/6329/3916 3867/6257/3867
f 3534/5696/3534 3916/6329/3916 3866/6256/3866
f 3916/6329/3916 3868/6258/3868 3867/6257/3867
f 3534/5696/3534 3868/6258/3868 3916/6329/3916
f 3224/6330/3224 3917/6331/3917 3438/6332/3438
f 3675/5934/3675 3918/6333/3918 3224/5935/3224
f 3789/6139/3789 3919/6334/3919 3483/5614/3483
f 3567/5755/3567 3920/6335/3920 3720/6033/3720
f 3567/5755/3567 3832/6200/3832 3921/6336/3921
f 3750/6078/3750 3922/6337/3922 3832/6200/3832
f 3750/6078/3750 3923/6338/3923 3922/6337/3922
f 3605/5811/3605 3923/6338/3923 3750/6078/3750
f 3629/6339/3629 3923/6338/3923 3605/5811/3605
f 3872/6264/3872 3753/6081/3753 3873/6265/3873
f 3289/5280/3289 3483/5614/3483 3874/6266/3874
f 3873/6265/3873 3753/6081/3753 3877/6269/3877
f 3877/6269/3877 3753/6081/3753 3878/6270/3878
f 3753/6081/3753 3924/6340/3924 3878/6270/3878
f 3923/6341/3923 3629/6342/3629 3925/6343/3925
f 3878/6344/3878 3926/6345/3926 3879/6273/3879
f 3876/6272/3876 3878/6344/3878 3879/6273/3879
f 3924/6346/3924 3926/6345/3926 3878/6344/3878
f 3753/6206/3753 3927/6347/3927 3924/6346/3924
f 3753/6206/3753 3631/5860/3631 3927/6347/3927
f 3924/6346/3924 3928/6348/3928 3926/6345/3926
f 3924/6346/3924 3927/6347/3927 3928/6348/3928
f 3875/6274/3875 3879/6273/3879 3929/6349/3929
f 3926/6345/3926 3930/6350/3930 3879/6273/3879
f 3927/6347/3927 3931/6351/3931 3928/6348/3928
f 3927/6347/3927 3631/5860/3631 3931/6351/3931
f 3875/6352/3875 3932/6353/3932 3629/6354/3629
f 3875/6274/3875 3929/6349/3929 3933/6355/3933
f 3879/6273/3879 3934/6356/3934 3929/6349/3929
f 3879/6273/3879 3935/6357/3935 3934/6356/3934
f 3930/6350/3930 3935/6357/3935 3879/6273/3879
f 3932/6358/3932 3875/6359/3875 3936/6360/3936
f 3875/6274/3875 3933/6355/3933 3936/6361/3936
f 3929/6349/3929 3937/6362/3937 3933/6355/3933
f 3929/6349/3929 3934/6356/3934 3937/6362/3937
f 3931/6351/3931 3631/5860/3631 3938/6363/3938
f 3631/5860/3631 3939/6364/3939 3938/6363/3938
f 3631/5860/3631 3880/6275/3880 3939/6364/3939
f 3881/6278/3881 3882/6277/3882 3940/6365/3940
f 3880/6275/3880 3881/6276/3881 3940/6366/3940
f 3882/6277/3882 3883/6279/3883 3940/6365/3940
f 3791/6141/3791 3941/6367/3941 3723/6037/3723
f 3842/6214/3842 3942/6368/3942 3883/6279/3883
f 3842/6220/3842 3943/6369/3943 3942/6370/3942
f 3842/6220/3842 3846/6219/3846 3943/6369/3943
f 3846/6219/3846 3884/6280/3884 3943/6369/3943
f 3850/6227/3850 3944/6371/3944 3884/6280/3884
f 3885/6281/3885 3944/6371/3944 3850/6227/3850
f 3885/6281/3885 3886/6282/3886 3944/6371/3944
f 3800/6232/3800 3945/6372/3945 3813/6175/3813
f 3945/6372/3945 3946/6373/3946 3813/6175/3813
f 3853/6234/3853 3887/6285/3887 3947/6374/3947
f 3853/6234/3853 3947/6374/3947 3852/6284/3852
f 3813/6375/3813 3946/6376/3946 3889/6288/3889
f 3888/6286/3888 3948/6377/3948 3887/6285/3887
f 3949/6378/3949 3950/6379/3950 3898/6298/3898
f 3898/6298/3898 3950/6379/3950 3951/6380/3951
f 3951/6380/3951 3952/6381/3952 3953/6382/3953
f 3950/6379/3950 3952/6381/3952 3951/6380/3951
f 3775/6116/3775 3948/6377/3948 3888/6286/3888
f 3953/6382/3953 3897/6296/3897 3951/6380/3951
f 3951/6380/3951 3897/6296/3897 3898/6298/3898
f 3952/6381/3952 3954/6383/3954 3953/6382/3953
f 3953/6382/3953 3954/6383/3954 3897/6296/3897
f 3954/6383/3954 3955/6384/3955 3956/6385/3956
f 3952/6381/3952 3955/6384/3955 3954/6383/3954
f 3956/6385/3956 3897/6296/3897 3954/6383/3954
f 3955/6384/3955 3957/6386/3957 3956/6385/3956
f 3957/6386/3957 3958/6387/3958 3956/6385/3956
f 3956/6385/3956 3958/6387/3958 3897/6296/3897
f 3958/6387/3958 3957/6386/3957 3959/6388/3959
f 3856/6389/3856 3897/6296/3897 3958/6387/3958
f 3856/6389/3856 3958/6387/3958 3959/6388/3959
f 3959/6388/3959 3957/6386/3957 3856/6389/3856
f 3856/6389/3856 3960/6390/3960 3893/6391/3893
f 3856/6389/3856 3957/6386/3957 3960/6390/3960
f 3893/6292/3893 3960/6392/3960 3891/6290/3891
f 3891/6290/3891 3961/6393/3961 3894/6293/3894
f 3891/6290/3891 3960/6392/3960 3961/6393/3961
f 3894/6293/3894 3961/6393/3961 3895/6294/3895
f 3895/6294/3895 3961/6393/3961 3962/6394/3962
f 3775/6116/3775 3963/6395/3963 3964/6396/3964
f 3896/6295/3896 3962/6394/3962 3965/6397/3965
f 3895/6294/3895 3962/6394/3962 3896/6295/3896
f 3896/6295/3896 3965/6397/3965 3966/6398/3966
f 3896/6295/3896 3966/6398/3966 3899/6300/3899
f 3775/6116/3775 3774/6115/3774 3963/6395/3963
f 3314/5317/3314 3773/6113/3773 3744/6070/3744
f 3900/6302/3900 3859/6242/3859 3967/6399/3967
f 3966/6398/3966 3968/6400/3968 3899/6300/3899
f 3900/6302/3900 3860/6243/3860 3859/6242/3859
f 3968/6400/3968 3778/6244/3778 3899/6300/3899
f 3968/6400/3968 3969/6401/3969 3778/6244/3778
f 3970/6402/3970 3859/6242/3859 3666/6012/3666
f 3969/6401/3969 3904/6309/3904 3778/6244/3778
f 3969/6401/3969 3774/6307/3774 3904/6309/3904
f 3904/6309/3904 3746/6403/3746 3778/6244/3778
f 3744/6404/3744 3560/5741/3560 3428/5740/3428
f 3820/6185/3820 3745/6072/3745 3256/5221/3256
f 3746/6403/3746 3904/6309/3904 3902/6405/3902
f 3820/6185/3820 3594/5795/3594 3971/6406/3971
f 3902/6305/3902 3904/6310/3904 3903/6306/3903
f 3822/6188/3822 3530/6124/3530 3780/6407/3780
f 3972/6408/3972 3905/6312/3905 3595/5796/3595
f 3905/6312/3905 3667/5924/3667 3595/5796/3595
f 3595/5796/3595 3596/5797/3596 3973/6409/3973
f 3531/5691/3531 3621/5841/3621 3596/5797/3596
f 3621/5841/3621 3973/6409/3973 3596/5797/3596
f 3907/6317/3907 3974/6410/3974 3908/6318/3908
f 3907/6317/3907 3909/6319/3909 3974/6410/3974
f 3974/6410/3974 3975/6411/3975 3908/6318/3908
f 3909/6319/3909 3975/6411/3975 3974/6410/3974
f 3975/6411/3975 3785/6132/3785 3908/6318/3908
f 3909/6319/3909 3784/6320/3784 3975/6411/3975
f 3976/6412/3976 3785/6413/3785 3975/6414/3975
f 3975/6414/3975 3784/6131/3784 3977/6415/3977
f 3976/6412/3976 3910/6416/3910 3785/6413/3785
f 3910/6321/3910 3475/5596/3475 3785/6132/3785
f 3978/6417/3978 3911/6418/3911 3910/6416/3910
f 3911/6322/3911 3979/6419/3979 3475/5596/3475
f 3979/6419/3979 3533/6323/3533 3475/5596/3475
f 3980/6420/3980 3532/5693/3532 3824/6191/3824
f 3981/6421/3981 3913/6326/3913 3864/6253/3864
f 3981/6421/3981 3864/6253/3864 3865/6255/3865
f 3981/6421/3981 3865/6255/3865 3826/6194/3826
f 3982/6422/3982 3625/5847/3625 3866/6256/3866
f 3982/6422/3982 3915/6328/3915 3827/6195/3827
f 3982/6422/3982 3866/6256/3866 3915/6328/3915
f 3915/6328/3915 3866/6256/3866 3916/6329/3916
f 3983/6423/3983 3075/4918/3075 3674/5933/3674
f 3789/6139/3789 3028/4820/3028 3628/5852/3628
f 3871/6263/3871 3438/5854/3438 3984/6424/3984
f 3917/6331/3917 3224/6330/3224 3918/6425/3918
f 3985/6426/3985 3720/6427/3720 3920/6428/3920
f 3567/5755/3567 3921/6336/3921 3920/6335/3920
f 3920/6335/3920 3921/6336/3921 3832/6200/3832
f 3832/6200/3832 3922/6337/3922 3920/6335/3920
f 3923/6338/3923 3920/6335/3920 3922/6337/3922
f 3926/6345/3926 3986/6429/3986 3930/6350/3930
f 3926/6345/3926 3928/6348/3928 3986/6429/3986
f 3928/6348/3928 3931/6351/3931 3986/6429/3986
f 3987/6430/3987 3934/6356/3934 3988/6431/3988
f 3988/6431/3988 3934/6356/3934 3935/6357/3935
f 3988/6431/3988 3935/6357/3935 3930/6350/3930
f 3989/6432/3989 3930/6350/3930 3986/6429/3986
f 3988/6431/3988 3930/6350/3930 3989/6432/3989
f 3989/6432/3989 3931/6351/3931 3990/6433/3990
f 3989/6432/3989 3986/6429/3986 3931/6351/3931
f 3987/6430/3987 3937/6362/3937 3934/6356/3934
f 3790/6140/3790 3791/6141/3791 3630/5859/3630
f 3933/6355/3933 3991/6434/3991 3936/6361/3936
f 3933/6355/3933 3937/6362/3937 3992/6435/3992
f 3992/6435/3992 3991/6434/3991 3933/6355/3933
f 3987/6430/3987 3992/6435/3992 3937/6362/3937
f 3990/6433/3990 3938/6363/3938 3993/6436/3993
f 3990/6433/3990 3931/6351/3931 3938/6363/3938
f 3925/6437/3925 3932/6358/3932 3994/6438/3994
f 3629/6439/3629 3932/6440/3932 3925/6441/3925
f 3995/6442/3995 3991/6434/3991 3992/6435/3992
f 3995/6443/3995 3936/6444/3936 3991/6445/3991
f 3993/6436/3993 3938/6363/3938 3939/6364/3939
f 3996/6446/3996 3932/6358/3932 3936/6360/3936
f 3996/6446/3996 3936/6360/3936 3995/6447/3995
f 3939/6364/3939 3880/6275/3880 3940/6366/3940
f 3939/6364/3939 3940/6366/3940 3993/6436/3993
f 3993/6436/3993 3940/6366/3940 3997/6448/3997
f 3997/6449/3997 3940/6365/3940 3883/6279/3883
f 3883/6279/3883 3942/6368/3942 3998/6450/3998
f 3998/6451/3998 3942/6370/3942 3999/6452/3999
f 3999/6452/3999 3942/6370/3942 3943/6369/3943
f 4000/6453/4000 3943/6369/3943 3884/6280/3884
f 4000/6453/4000 3884/6280/3884 4001/6454/4001
f 3723/6037/3723 4002/6455/4002 3800/6151/3800
f 4001/6454/4001 3884/6280/3884 4003/6456/4003
f 3884/6280/3884 3944/6371/3944 4003/6456/4003
f 3944/6371/3944 3886/6282/3886 4004/6457/4004
f 4004/6458/4004 3886/6459/3886 3852/6460/3852
f 4005/6461/4005 3946/6376/3946 3945/6462/3945
f 4006/6463/4006 4007/6464/4007 3900/6302/3900
f 4007/6464/4007 4008/6465/4008 3900/6302/3900
f 4009/6466/4009 4010/6467/4010 4008/6468/4008
f 4007/6469/4007 4009/6466/4009 4008/6468/4008
f 3887/6285/3887 3948/6377/3948 3947/6374/3947
f 4008/6468/4008 3898/6470/3898 3900/6471/3900
f 4010/6467/4010 3898/6470/3898 4008/6468/4008
f 4009/6466/4009 4011/6472/4011 4010/6467/4010
f 4011/6472/4011 3898/6470/3898 4010/6467/4010
f 4011/6473/4011 3949/6378/3949 3898/6298/3898
f 4011/6473/4011 3950/6379/3950 3949/6378/3949
f 4012/6474/4012 3950/6379/3950 4011/6473/4011
f 3947/6374/3947 3948/6377/3948 4013/6475/4013
f 3946/6376/3946 3890/6289/3890 3889/6288/3889
f 4012/6474/4012 3952/6381/3952 3950/6379/3950
f 4013/6475/4013 3948/6377/3948 3775/6116/3775
f 4012/6474/4012 4014/6476/4014 3952/6381/3952
f 4014/6476/4014 3955/6384/3955 3952/6381/3952
f 4013/6475/4013 3775/6116/3775 4015/6477/4015
f 4014/6476/4014 3957/6386/3957 3955/6384/3955
f 4015/6477/4015 3964/6396/3964 4016/6478/4016
f 3775/6116/3775 3964/6396/3964 4015/6477/4015
f 4014/6476/4014 3960/6390/3960 3957/6386/3957
f 4016/6478/4016 3964/6396/3964 4017/6479/4017
f 4014/6476/4014 4018/6480/4018 3960/6390/3960
f 4018/6481/4018 4019/6482/4019 3961/6393/3961
f 4018/6481/4018 3961/6393/3961 3960/6392/3960
f 3961/6393/3961 4019/6482/4019 3962/6394/3962
f 4017/6479/4017 3964/6396/3964 4020/6483/4020
f 4020/6483/4020 3964/6396/3964 3963/6395/3963
f 4019/6482/4019 3965/6397/3965 3962/6394/3962
f 4019/6482/4019 4021/6484/4021 3965/6397/3965
f 4021/6484/4021 4022/6485/4022 3965/6397/3965
f 4022/6485/4022 3966/6398/3966 3965/6397/3965
f 4022/6485/4022 4023/6486/4023 3966/6398/3966
f 4022/6485/4022 4020/6487/4020 4023/6486/4023
f 3774/6307/3774 4020/6487/4020 3963/6488/3963
f 3966/6398/3966 4023/6486/4023 3968/6400/3968
f 4023/6486/4023 4020/6487/4020 3968/6400/3968
f 4020/6487/4020 3774/6307/3774 3968/6400/3968
f 4024/6489/4024 3859/6242/3859 3970/6402/3970
f 3774/6307/3774 3969/6401/3969 3968/6400/3968
f 4025/6490/4025 3970/6402/3970 3666/6012/3666
f 3324/5329/3324 3821/6186/3821 3594/5795/3594
f 3781/6125/3781 4026/6491/4026 3208/6126/3208
f 3821/6492/3821 3208/6126/3208 4026/6491/4026
f 3713/6493/3713 4027/6494/4027 3862/6495/3862
f 3977/6415/3977 3784/6131/3784 3823/6190/3823
f 3532/5693/3532 3980/6420/3980 3823/6190/3823
f 3979/6419/3979 3912/6324/3912 3533/6323/3533
f 3980/6420/3980 3824/6191/3824 3912/6496/3912
f 3980/6420/3980 3912/6496/3912 4028/6497/4028
f 3824/6191/3824 3863/6252/3863 3912/6496/3912
f 3913/6326/3913 3981/6421/3981 4029/6498/4029
f 3981/6421/3981 3826/6194/3826 4029/6498/4029
f 4029/6498/4029 3826/6194/3826 4030/6499/4030
f 3914/6327/3914 4031/6500/4031 3603/5808/3603
f 4031/6500/4031 3827/6195/3827 3603/5808/3603
f 3826/6194/3826 3625/5847/3625 4030/6499/4030
f 4030/6499/4030 3625/5847/3625 4032/6501/4032
f 3625/5847/3625 4033/6502/4033 4032/6501/4032
f 4033/6502/4033 3625/5847/3625 3982/6422/3982
f 3075/4918/3075 3983/6423/3983 3627/5849/3627
f 3674/5933/3674 3871/6263/3871 3983/6423/3983
f 3565/5753/3565 4034/6503/4034 4035/6504/4035
f 3565/5753/3565 3985/6505/3985 4034/6503/4034
f 3565/5753/3565 3720/6032/3720 3985/6505/3985
f 3988/6431/3988 4036/6506/4036 3987/6430/3987
f 3989/6432/3989 4037/6507/4037 3988/6431/3988
f 3989/6432/3989 4038/6508/4038 4037/6507/4037
f 3989/6432/3989 3990/6433/3990 4038/6508/4038
f 4038/6508/4038 3990/6433/3990 3993/6436/3993
f 3790/6140/3790 4039/6509/4039 3791/6141/3791
f 3996/6446/3996 3995/6447/3995 4040/6510/4040
f 3994/6438/3994 3932/6358/3932 4041/6511/4041
f 3996/6446/3996 4040/6510/4040 3932/6358/3932
f 3932/6358/3932 4040/6510/4040 4041/6511/4041
f 3925/6437/3925 3994/6438/3994 4042/6512/4042
f 3994/6438/3994 4040/6510/4040 4043/6513/4043
f 3994/6438/3994 4041/6511/4041 4040/6510/4040
f 3925/6437/3925 4042/6512/4042 4044/6514/4044
f 3994/6438/3994 4045/6515/4045 4042/6512/4042
f 3994/6438/3994 4046/6516/4046 4045/6515/4045
f 3994/6438/3994 4043/6513/4043 4046/6516/4046
f 4040/6510/4040 4046/6516/4046 4043/6513/4043
f 4045/6515/4045 4047/6517/4047 4042/6512/4042
f 4046/6516/4046 4047/6517/4047 4045/6515/4045
f 3997/6449/3997 3883/6279/3883 3998/6450/3998
f 4048/6518/4048 4049/6519/4049 4050/6520/4050
f 4049/6519/4049 4051/6521/4051 4050/6520/4050
f 4049/6519/4049 4052/6522/4052 4051/6521/4051
f 4053/6523/4053 4052/6522/4052 4049/6519/4049
f 3941/6367/3941 4002/6455/4002 3723/6037/3723
f 3943/6369/3943 4054/6524/4054 3999/6452/3999
f 3943/6369/3943 4000/6453/4000 4054/6524/4054
f 4055/6525/4055 4056/6526/4056 4057/6527/4057
f 4057/6527/4057 3900/6302/3900 3967/6399/3967
f 4058/6528/4058 4059/6529/4059 4056/6526/4056
f 4056/6526/4056 4059/6529/4059 4057/6527/4057
f 3852/6284/3852 3947/6374/3947 4060/6530/4060
f 4004/6531/4004 3852/6284/3852 4060/6530/4060
f 4059/6529/4059 4006/6463/4006 3900/6302/3900
f 4059/6529/4059 3900/6302/3900 4057/6527/4057
f 4059/6529/4059 4058/6528/4058 4006/6463/4006
f 4058/6528/4058 4007/6464/4007 4006/6463/4006
f 4058/6532/4058 4061/6533/4061 4007/6469/4007
f 4007/6469/4007 4061/6533/4061 4009/6466/4009
f 4009/6466/4009 4061/6533/4061 4011/6472/4011
f 4061/6533/4061 4012/6534/4012 4011/6472/4011
f 3947/6374/3947 4013/6475/4013 4060/6530/4060
f 4060/6530/4060 4013/6475/4013 4062/6535/4062
f 4013/6475/4013 4015/6477/4015 4062/6535/4062
f 3967/6399/3967 3859/6242/3859 4024/6489/4024
f 4015/6477/4015 4063/6536/4063 4062/6535/4062
f 4015/6477/4015 4016/6478/4016 4063/6536/4063
f 4063/6536/4063 4016/6478/4016 4017/6479/4017
f 4064/6537/4064 4065/6538/4065 4066/6539/4066
f 4067/6540/4067 4065/6541/4065 4064/6542/4064
f 4063/6536/4063 4066/6539/4066 4065/6538/4065
f 4017/6479/4017 4066/6539/4066 4063/6536/4063
f 4017/6479/4017 4020/6483/4020 4066/6539/4066
f 4018/6481/4018 4068/6543/4068 4019/6482/4019
f 4019/6482/4019 4067/6540/4067 4021/6484/4021
f 4019/6482/4019 4068/6543/4068 4067/6540/4067
f 4021/6484/4021 4067/6540/4067 4022/6485/4022
f 4064/6542/4064 4022/6485/4022 4067/6540/4067
f 4066/6539/4066 4020/6483/4020 4064/6537/4064
f 4064/6542/4064 4020/6487/4020 4022/6485/4022
f 3773/6113/3773 4069/6544/4069 3744/6070/3744
f 3970/6402/3970 4025/6490/4025 4024/6489/4024
f 4025/6490/4025 4070/6545/4070 4024/6489/4024
f 3779/6546/3779 4070/6545/4070 3666/6012/3666
f 3666/6012/3666 4070/6545/4070 4025/6490/4025
f 3745/6072/3745 4071/6547/4071 3901/6304/3901
f 3820/6185/3820 4072/6548/4072 3745/6072/3745
f 3745/6072/3745 4072/6548/4072 4073/6549/4073
f 4026/6491/4026 4074/6550/4074 3821/6492/3821
f 3594/5795/3594 3821/6186/3821 3971/6406/3971
f 3560/5741/3560 3906/6314/3906 3431/5742/3431
f 3975/6414/3975 4075/6551/4075 3976/6412/3976
f 3975/6414/3975 3977/6415/3977 4075/6551/4075
f 3980/6420/3980 4076/6552/4076 4077/6553/4077
f 3823/6190/3823 3980/6420/3980 4077/6553/4077
f 4028/6497/4028 3912/6496/3912 4076/6552/4076
f 3980/6420/3980 4028/6497/4028 4076/6552/4076
f 3913/6326/3913 4078/6554/4078 3914/6327/3914
f 3913/6326/3913 4029/6498/4029 4030/6499/4030
f 3913/6326/3913 4030/6499/4030 4078/6554/4078
f 3914/6327/3914 4078/6554/4078 4030/6499/4030
f 3914/6327/3914 4030/6499/4030 4031/6500/4031
f 4031/6500/4031 4030/6499/4030 3827/6195/3827
f 4030/6499/4030 4033/6502/4033 3827/6195/3827
f 4030/6499/4030 4032/6501/4032 4033/6502/4033
f 3827/6195/3827 4033/6502/4033 3982/6422/3982
f 3438/6555/3438 4079/6556/4079 3984/6557/3984
f 3438/6555/3438 3917/6558/3917 4079/6556/4079
f 3565/5753/3565 4035/6504/4035 3675/5934/3675
f 4034/6503/4034 4080/6559/4080 4035/6504/4035
f 4034/6503/4034 3985/6505/3985 4080/6559/4080
f 3920/6335/3920 3923/6338/3923 4081/6560/4081
f 3925/6561/3925 4081/6562/4081 3923/6563/3923
f 3988/6431/3988 4037/6507/4037 4036/6506/4036
f 3987/6430/3987 4036/6506/4036 3992/6435/3992
f 3993/6436/3993 3997/6448/3997 4082/6564/4082
f 3925/6561/3925 4044/6565/4044 4081/6562/4081
f 4046/6516/4046 4040/6510/4040 4047/6517/4047
f 3998/6450/3998 4083/6566/4083 3997/6449/3997
f 3791/6141/3791 4039/6509/4039 3941/6367/3941
f 4042/6512/4042 4084/6567/4084 4044/6514/4044
f 4042/6512/4042 4047/6517/4047 4084/6567/4084
f 4044/6568/4044 4085/6569/4085 4086/6570/4086
f 4044/6568/4044 4087/6571/4087 4085/6569/4085
f 4084/6567/4084 4047/6517/4047 4087/6572/4087
f 4044/6568/4044 4084/6573/4084 4087/6571/4087
f 4044/6565/4044 4086/6574/4086 4081/6562/4081
f 4085/6569/4085 4088/6575/4088 4086/6570/4086
f 4087/6571/4087 4088/6575/4088 4085/6569/4085
f 4086/6576/4086 4089/6577/4089 4090/6578/4090
f 4086/6576/4086 4088/6579/4088 4091/6580/4091
f 4086/6576/4086 4091/6580/4091 4089/6577/4089
f 4092/6581/4092 4090/6578/4090 4048/6518/4048
f 4048/6518/4048 4093/6582/4093 4092/6581/4092
f 4089/6577/4089 4094/6583/4094 4090/6578/4090
f 4090/6578/4090 4094/6583/4094 4048/6518/4048
f 4089/6577/4089 4091/6580/4091 4095/6584/4095
f 4089/6577/4089 4095/6584/4095 4094/6583/4094
f 4093/6585/4093 4050/6586/4050 4096/6587/4096
f 4050/6520/4050 4093/6582/4093 4048/6518/4048
f 4049/6519/4049 4048/6518/4048 4053/6523/4053
f 4053/6523/4053 4048/6518/4048 4097/6588/4097
f 4048/6518/4048 4094/6583/4094 4097/6588/4097
f 4094/6583/4094 4095/6584/4095 4097/6588/4097
f 3998/6451/3998 3999/6452/3999 4098/6589/4098
f 4050/6520/4050 4051/6521/4051 4096/6590/4096
f 4096/6591/4096 4051/6592/4051 4099/6593/4099
f 4053/6523/4053 4100/6594/4100 4052/6522/4052
f 4053/6523/4053 4097/6588/4097 4100/6594/4100
f 4052/6522/4052 4100/6594/4100 4051/6521/4051
f 4054/6524/4054 4101/6595/4101 3999/6452/3999
f 4054/6524/4054 4000/6453/4000 4101/6595/4101
f 4000/6453/4000 4001/6454/4001 4101/6595/4101
f 4004/6457/4004 4003/6456/4003 3944/6371/3944
f 3800/6232/3800 4005/6596/4005 3945/6372/3945
f 4102/6597/4102 4057/6527/4057 4103/6598/4103
f 4102/6597/4102 4104/6599/4104 4057/6527/4057
f 4057/6527/4057 3967/6399/3967 4103/6598/4103
f 4105/6600/4105 4106/6601/4106 4104/6599/4104
f 4104/6599/4104 4106/6601/4106 4057/6527/4057
f 4055/6525/4055 4057/6527/4057 4106/6601/4106
f 4106/6601/4106 4105/6600/4105 4107/6602/4107
f 4106/6601/4106 4107/6602/4107 4055/6525/4055
f 4055/6525/4055 4107/6602/4107 4056/6526/4056
f 4056/6526/4056 4107/6602/4107 4108/6603/4108
f 4056/6526/4056 4108/6603/4108 4058/6528/4058
f 4058/6532/4058 4108/6604/4108 4061/6533/4061
f 4061/6533/4061 4108/6604/4108 4012/6534/4012
f 3967/6399/3967 4024/6489/4024 4109/6605/4109
f 4012/6606/4012 4110/6607/4110 4014/6608/4014
f 4014/6608/4014 4110/6607/4110 4068/6609/4068
f 3816/6179/3816 3890/6289/3890 3946/6376/3946
f 4014/6610/4014 4068/6543/4068 4018/6481/4018
f 4063/6536/4063 4065/6538/4065 4062/6535/4062
f 4068/6543/4068 4111/6611/4111 4067/6540/4067
f 4067/6540/4067 4111/6611/4111 4112/6612/4112
f 4067/6540/4067 4112/6612/4112 4065/6541/4065
f 4113/6613/4113 4070/6614/4070 3779/6121/3779
f 4073/6549/4073 4071/6547/4071 3745/6072/3745
f 4074/6550/4074 4114/6615/4114 3821/6492/3821
f 3821/6186/3821 4114/6616/4114 3971/6406/3971
f 3781/6125/3781 4115/6617/4115 4026/6491/4026
f 3976/6412/3976 4075/6551/4075 3910/6416/3910
f 3910/6416/3910 4075/6551/4075 4116/6618/4116
f 4075/6551/4075 3977/6415/3977 4117/6619/4117
f 3910/6416/3910 4116/6618/4116 3978/6417/3978
f 3977/6415/3977 3823/6190/3823 4117/6619/4117
f 3823/6190/3823 4118/6620/4118 4117/6619/4117
f 3979/6419/3979 4119/6621/4119 3912/6324/3912
f 3979/6419/3979 3911/6322/3911 4119/6621/4119
f 3823/6190/3823 3912/6496/3912 4118/6620/4118
f 4077/6553/4077 3912/6496/3912 3823/6190/3823
f 4077/6553/4077 4076/6552/4076 3912/6496/3912
f 3983/6423/3983 4120/6622/4120 3627/5849/3627
f 3918/6333/3918 3675/5934/3675 4121/6623/4121
f 3789/6139/3789 4122/6624/4122 3919/6334/3919
f 3789/6139/3789 3628/5852/3628 4122/6624/4122
f 4035/6504/4035 4080/6559/4080 3675/5934/3675
f 3675/5934/3675 4080/6559/4080 4123/6625/4123
f 3919/6334/3919 4124/6626/4124 3483/5614/3483
f 3874/6266/3874 3483/5614/3483 4124/6626/4124
f 3985/6627/3985 4125/6628/4125 4080/6629/4080
f 3985/6426/3985 3920/6428/3920 4125/6630/4125
f 3920/6335/3920 4081/6560/4081 4125/6631/4125
f 3679/6632/3679 4126/6633/4126 3790/6634/3790
f 4125/6635/4125 4081/6636/4081 4127/6637/4127
f 3790/6634/3790 4126/6633/4126 4039/6638/4039
f 4037/6507/4037 4128/6639/4128 4036/6506/4036
f 4082/6564/4082 4129/6640/4129 4037/6507/4037
f 4038/6508/4038 4082/6564/4082 4037/6507/4037
f 4036/6506/4036 4130/6641/4130 3992/6435/3992
f 4038/6508/4038 3993/6436/3993 4082/6564/4082
f 3995/6447/3995 4131/6642/4131 4040/6510/4040
f 3997/6449/3997 4083/6566/4083 4082/6643/4082
f 4039/6638/4039 4126/6633/4126 3941/6644/3941
f 4081/6562/4081 4132/6645/4132 4133/6646/4133
f 4081/6562/4081 4086/6574/4086 4132/6645/4132
f 3998/6450/3998 4098/6647/4098 4083/6566/4083
f 4090/6578/4090 4132/6648/4132 4086/6576/4086
f 4088/6579/4088 4134/6649/4134 4091/6580/4091
f 4092/6650/4092 4135/6651/4135 4132/6652/4132
f 4092/6650/4092 4132/6652/4132 4090/6653/4090
f 4092/6650/4092 4093/6585/4093 4135/6651/4135
f 4091/6580/4091 4134/6649/4134 4095/6584/4095
f 4096/6587/4096 4135/6651/4135 4093/6585/4093
f 4095/6584/4095 4134/6649/4134 4097/6588/4097
f 4096/6591/4096 4136/6654/4136 4137/6655/4137
f 4096/6591/4096 4099/6593/4099 4136/6654/4136
f 4100/6594/4100 4097/6588/4097 4138/6656/4138
f 4051/6521/4051 4139/6657/4139 4099/6658/4099
f 4051/6521/4051 4138/6656/4138 4139/6657/4139
f 4051/6521/4051 4100/6594/4100 4138/6656/4138
f 4101/6595/4101 4001/6454/4001 4140/6659/4140
f 4001/6454/4001 4003/6456/4003 4140/6659/4140
f 4141/6660/4141 4142/6661/4142 4103/6598/4103
f 4102/6597/4102 4103/6598/4103 4142/6661/4142
f 4102/6597/4102 4142/6661/4142 4104/6599/4104
f 4104/6599/4104 4142/6661/4142 4105/6600/4105
f 3967/6399/3967 4109/6605/4109 4103/6598/4103
f 4107/6602/4107 4105/6600/4105 4108/6603/4108
f 4012/6534/4012 4108/6604/4108 4110/6662/4110
f 4060/6530/4060 4143/6663/4143 4004/6531/4004
f 4060/6530/4060 4062/6535/4062 4143/6663/4143
f 4070/6545/4070 4144/6664/4144 4024/6489/4024
f 3946/6376/3946 4145/6665/4145 3816/6179/3816
f 4062/6535/4062 4065/6538/4065 4112/6666/4112
f 3816/6179/3816 4145/6665/4145 3773/6113/3773
f 4145/6665/4145 4146/6667/4146 3773/6113/3773
f 4068/6543/4068 4147/6668/4147 4111/6611/4111
f 3773/6113/3773 4146/6667/4146 4069/6544/4069
f 4144/6669/4144 4070/6614/4070 4113/6613/4113
f 4148/6670/4148 4113/6613/4113 3901/6304/3901
f 3901/6304/3901 4113/6613/4113 3779/6121/3779
f 4149/6671/4149 4150/6672/4150 4114/6616/4114
f 4071/6547/4071 4151/6673/4151 3901/6304/3901
f 3820/6185/3820 4073/6549/4073 4072/6548/4072
f 4150/6672/4150 3971/6406/3971 4114/6616/4114
f 3971/6406/3971 4150/6672/4150 3820/6185/3820
f 4152/6674/4152 4153/6675/4153 4115/6617/4115
f 4115/6617/4115 4153/6675/4153 4026/6491/4026
f 4153/6675/4153 4074/6550/4074 4026/6491/4026
f 4074/6550/4074 4153/6675/4153 4114/6615/4114
f 3822/6188/3822 4152/6674/4152 3781/6125/3781
f 3781/6125/3781 4152/6674/4152 4115/6617/4115
f 3905/6312/3905 4154/6676/4154 3780/6313/3780
f 3595/5796/3595 4155/6677/4155 3972/6408/3972
f 3595/5796/3595 3973/6409/3973 4155/6677/4155
f 4075/6551/4075 4117/6619/4117 4116/6618/4116
f 3978/6417/3978 4116/6618/4116 3911/6418/3911
f 4117/6619/4117 4118/6620/4118 4116/6618/4116
f 3911/6418/3911 4116/6618/4116 4119/6678/4119
f 4119/6678/4119 4116/6618/4116 4118/6620/4118
f 4118/6620/4118 3912/6496/3912 4119/6678/4119
f 3871/6679/3871 3984/6680/3984 4156/6681/4156
f 3918/6333/3918 4121/6623/4121 4123/6625/4123
f 4121/6623/4121 3675/5934/3675 4123/6625/4123
f 4123/6682/4123 4080/6629/4080 4157/6683/4157
f 4125/6628/4125 4157/6683/4157 4080/6629/4080
f 4128/6639/4128 4037/6507/4037 4129/6640/4129
f 4125/6635/4125 4127/6637/4127 4158/6684/4158
f 4036/6506/4036 4128/6639/4128 4130/6641/4130
f 3992/6435/3992 4130/6641/4130 3995/6442/3995
f 4082/6564/4082 4159/6685/4159 4160/6686/4160
f 4082/6643/4082 4083/6566/4083 4159/6687/4159
f 4088/6575/4088 4161/6688/4161 4134/6689/4134
f 4096/6591/4096 4162/6690/4162 4135/6691/4135
f 4163/6692/4163 4162/6693/4162 4137/6694/4137
f 4137/6655/4137 4162/6690/4162 4096/6591/4096
f 4137/6694/4137 4164/6695/4164 4163/6692/4163
f 4137/6694/4137 4136/6696/4136 4164/6695/4164
f 4097/6588/4097 4134/6649/4134 4138/6656/4138
f 4099/6658/4099 4139/6657/4139 4165/6697/4165
f 4138/6656/4138 4166/6698/4166 4139/6657/4139
f 3999/6452/3999 4101/6595/4101 4098/6589/4098
f 4167/6699/4167 4168/6700/4168 4169/6701/4169
f 4169/6701/4169 4168/6700/4168 4103/6598/4103
f 4167/6699/4167 4170/6702/4170 4168/6700/4168
f 4168/6700/4168 4170/6702/4170 4103/6598/4103
f 4141/6660/4141 4170/6702/4170 4167/6699/4167
f 4103/6598/4103 4170/6702/4170 4141/6660/4141
f 4004/6457/4004 4171/6703/4171 4140/6659/4140
f 4003/6456/4003 4004/6457/4004 4140/6659/4140
f 4142/6661/4142 4172/6704/4172 4105/6600/4105
f 4109/6605/4109 4024/6489/4024 4173/6705/4173
f 4143/6706/4143 4171/6707/4171 4004/6708/4004
f 4024/6489/4024 4144/6664/4144 4173/6705/4173
f 4005/6461/4005 4174/6709/4174 3946/6376/3946
f 4062/6535/4062 4175/6710/4175 4143/6663/4143
f 3946/6376/3946 4174/6709/4174 4145/6665/4145
f 4062/6535/4062 4176/6711/4176 4175/6710/4175
f 4112/6666/4112 4176/6711/4176 4062/6535/4062
f 4111/6611/4111 4176/6712/4176 4112/6612/4112
f 4144/6669/4144 4148/6670/4148 4177/6713/4177
f 4144/6669/4144 4113/6613/4113 4148/6670/4148
f 4178/6714/4178 4179/6715/4179 4149/6716/4149
f 4150/6672/4150 4149/6671/4149 4179/6717/4179
f 3820/6185/3820 4180/6718/4180 4073/6549/4073
f 4178/6714/4178 4153/6675/4153 4181/6719/4181
f 4149/6716/4149 4153/6675/4153 4178/6714/4178
f 4177/6713/4177 4151/6673/4151 4073/6549/4073
f 4177/6713/4177 3901/6304/3901 4151/6673/4151
f 4148/6670/4148 3901/6304/3901 4177/6713/4177
f 4114/6615/4114 4153/6675/4153 4149/6716/4149
f 4071/6547/4071 4073/6549/4073 4151/6673/4151
f 4181/6719/4181 4152/6674/4152 3822/6188/3822
f 4152/6674/4152 4181/6719/4181 4153/6675/4153
f 3780/6407/3780 4182/6720/4182 3822/6188/3822
f 3822/6188/3822 4182/6720/4182 4181/6719/4181
f 3713/6315/3713 3906/6314/3906 4027/6721/4027
f 3621/5841/3621 4183/6722/4183 3973/6409/3973
f 3917/6331/3917 3918/6425/3918 4184/6723/4184
f 3918/6425/3918 4185/6724/4185 4184/6723/4184
f 3918/6333/3918 4123/6625/4123 4185/6725/4185
f 4129/6640/4129 4160/6686/4160 4128/6639/4128
f 4128/6639/4128 4160/6686/4160 4130/6641/4130
f 4129/6640/4129 4082/6564/4082 4160/6686/4160
f 3995/6726/3995 4130/6727/4130 4131/6728/4131
f 4081/6562/4081 4133/6646/4133 4186/6729/4186
f 4081/6636/4081 4186/6730/4186 4187/6731/4187
f 4133/6646/4133 4132/6645/4132 4186/6729/4186
f 4047/6517/4047 4188/6732/4188 4087/6572/4087
f 4132/6645/4132 4135/6733/4135 4186/6729/4186
f 4189/6734/4189 4186/6730/4186 4162/6693/4162
f 4162/6693/4162 4186/6730/4186 4135/6735/4135
f 4189/6734/4189 4163/6692/4163 4190/6736/4190
f 4163/6692/4163 4189/6734/4189 4162/6693/4162
f 4134/6649/4134 4161/6737/4161 4191/6738/4191
f 4098/6647/4098 4192/6739/4192 4083/6566/4083
f 4193/6740/4193 4194/6741/4194 4195/6742/4195
f 4190/6736/4190 4194/6741/4194 4193/6740/4193
f 4190/6736/4190 4164/6695/4164 4194/6741/4194
f 4163/6692/4163 4164/6695/4164 4190/6736/4190
f 4194/6741/4194 4196/6743/4196 4195/6742/4195
f 4164/6695/4164 4197/6744/4197 4194/6741/4194
f 4134/6649/4134 4191/6738/4191 4138/6656/4138
f 4098/6589/4098 4101/6595/4101 4192/6745/4192
f 4136/6654/4136 4099/6593/4099 4198/6746/4198
f 4099/6593/4099 4199/6747/4199 4198/6746/4198
f 4099/6658/4099 4165/6697/4165 4199/6748/4199
f 4139/6657/4139 4200/6749/4200 4165/6697/4165
f 4139/6657/4139 4201/6750/4201 4200/6749/4200
f 4139/6657/4139 4166/6698/4166 4201/6750/4201
f 4202/6751/4202 4169/6701/4169 4203/6752/4203
f 4204/6753/4204 4205/6754/4205 4202/6751/4202
f 4202/6751/4202 4205/6754/4205 4169/6701/4169
f 4169/6701/4169 4205/6754/4205 4204/6753/4204
f 4169/6701/4169 4204/6753/4204 4167/6699/4167
f 4109/6605/4109 4173/6705/4173 4103/6598/4103
f 4142/6661/4142 4141/6660/4141 4172/6704/4172
f 4105/6600/4105 4172/6704/4172 4108/6603/4108
f 4108/6603/4108 4172/6704/4172 4206/6755/4206
f 4108/6604/4108 4206/6756/4206 4110/6662/4110
f 4207/6757/4207 4144/6669/4144 4177/6713/4177
f 4208/6758/4208 4145/6665/4145 4174/6709/4174
f 4209/6759/4209 4150/6672/4150 4179/6717/4179
f 4176/6712/4176 4147/6668/4147 4175/6760/4175
f 4179/6715/4179 4178/6714/4178 4210/6761/4210
f 4111/6611/4111 4147/6668/4147 4176/6712/4176
f 3780/6407/3780 4211/6762/4211 4212/6763/4212
f 4182/6720/4182 3780/6407/3780 4212/6763/4212
f 4182/6720/4182 4212/6763/4212 4181/6719/4181
f 4154/6764/4154 4211/6762/4211 3780/6407/3780
f 3905/6312/3905 3972/6408/3972 4213/6765/4213
f 3621/5841/3621 3862/6250/3862 4183/6722/4183
f 3719/6028/3719 3535/5697/3535 4214/6766/4214
f 3628/6031/3628 3719/6028/3719 4215/6767/4215
f 4079/6556/4079 3917/6558/3917 4216/6768/4216
f 3917/6331/3917 4184/6723/4184 4216/6769/4216
f 4184/6723/4184 4185/6724/4185 4216/6769/4216
f 4185/6770/4185 4123/6771/4123 4217/6772/4217
f 4185/6770/4185 4217/6772/4217 4216/6773/4216
f 4123/6682/4123 4157/6683/4157 4217/6774/4217
f 3874/6266/3874 4218/6775/4218 3679/5940/3679
f 3679/5940/3679 4218/6775/4218 4126/6776/4126
f 4160/6686/4160 4219/6777/4219 4130/6641/4130
f 4131/6728/4131 4130/6727/4130 4220/6778/4220
f 4158/6684/4158 4127/6637/4127 4187/6731/4187
f 4160/6779/4160 4159/6780/4159 4221/6781/4221
f 4127/6637/4127 4081/6636/4081 4187/6731/4187
f 4040/6510/4040 4131/6642/4131 4188/6732/4188
f 4047/6517/4047 4040/6510/4040 4188/6732/4188
f 4222/6782/4222 4088/6575/4088 4087/6571/4087
f 4186/6730/4186 4223/6783/4223 4187/6731/4187
f 4161/6688/4161 4088/6575/4088 4222/6782/4222
f 4083/6566/4083 4192/6739/4192 4159/6687/4159
f 4189/6734/4189 4223/6783/4223 4186/6730/4186
f 4190/6736/4190 4223/6783/4223 4189/6734/4189
f 4193/6740/4193 4195/6742/4195 4224/6784/4224
f 4225/6785/4225 4224/6786/4224 4226/6787/4226
f 4224/6786/4224 4227/6788/4227 4226/6787/4226
f 4195/6742/4195 4227/6789/4227 4224/6784/4224
f 4195/6742/4195 4196/6743/4196 4227/6789/4227
f 4192/6745/4192 4101/6595/4101 4228/6790/4228
f 4226/6787/4226 4229/6791/4229 4225/6785/4225
f 4226/6787/4226 4227/6788/4227 4229/6791/4229
f 4196/6743/4196 4230/6792/4230 4227/6789/4227
f 4194/6741/4194 4231/6793/4231 4196/6743/4196
f 4138/6656/4138 4191/6738/4191 4166/6698/4166
f 4136/6696/4136 4198/6794/4198 4232/6795/4232
f 4166/6698/4166 4191/6738/4191 4201/6750/4201
f 4199/6796/4199 4233/6797/4233 4198/6794/4198
f 4165/6697/4165 4200/6749/4200 4234/6798/4234
f 4200/6749/4200 4201/6750/4201 4234/6798/4234
f 4201/6750/4201 4235/6799/4235 4234/6798/4234
f 4201/6750/4201 4191/6738/4191 4235/6799/4235
f 4165/6697/4165 4236/6800/4236 4199/6748/4199
f 4165/6697/4165 4234/6798/4234 4236/6800/4236
f 4235/6799/4235 4237/6801/4237 4234/6798/4234
f 4236/6800/4236 4169/6802/4169 4173/6803/4173
f 4234/6798/4234 4237/6801/4237 4236/6800/4236
f 4169/6802/4169 4236/6800/4236 4203/6804/4203
f 4203/6804/4203 4236/6800/4236 4237/6801/4237
f 4237/6801/4237 4238/6805/4238 4203/6804/4203
f 4203/6804/4203 4238/6805/4238 4202/6806/4202
f 4202/6751/4202 4238/6807/4238 4204/6753/4204
f 4103/6598/4103 4173/6705/4173 4169/6701/4169
f 4167/6699/4167 4204/6753/4204 4141/6660/4141
f 3800/6808/3800 4002/6809/4002 4005/6810/4005
f 4232/6795/4232 4173/6811/4173 4207/6812/4207
f 4144/6664/4144 4207/6813/4207 4173/6705/4173
f 4171/6814/4171 4143/6663/4143 4239/6815/4239
f 4179/6715/4179 4240/6816/4240 4209/6817/4209
f 4240/6816/4240 4179/6715/4179 4210/6761/4210
f 4241/6818/4241 4068/6609/4068 4110/6607/4110
f 4242/6819/4242 4207/6757/4207 4177/6713/4177
f 4241/6820/4241 4147/6668/4147 4068/6543/4068
f 4150/6672/4150 4209/6759/4209 3820/6185/3820
f 4177/6713/4177 4180/6718/4180 4242/6819/4242
f 4208/6758/4208 4146/6667/4146 4145/6665/4145
f 4208/6758/4208 4243/6821/4243 4146/6667/4146
f 4243/6821/4243 4069/6544/4069 4146/6667/4146
f 4210/6761/4210 4178/6714/4178 4181/6719/4181
f 4177/6713/4177 4073/6549/4073 4180/6718/4180
f 4069/6822/4069 4244/6823/4244 3744/6404/3744
f 4244/6823/4244 3560/5741/3560 3744/6404/3744
f 4245/6824/4245 3905/6312/3905 4246/6825/4246
f 4245/6824/4245 4154/6676/4154 3905/6312/3905
f 4154/6676/4154 4245/6824/4245 4211/6826/4211
f 4246/6825/4246 3905/6312/3905 4213/6765/4213
f 4247/6827/4247 3972/6408/3972 4155/6677/4155
f 4213/6765/4213 3972/6408/3972 4247/6827/4247
f 3984/6828/3984 4079/6829/4079 4248/6830/4248
f 4079/6829/4079 4216/6773/4216 4248/6830/4248
f 4249/6831/4249 4216/6773/4216 4217/6772/4217
f 4218/6775/4218 3874/6266/3874 4124/6626/4124
f 4130/6727/4130 4219/6832/4219 4220/6778/4220
f 4218/6775/4218 4250/6833/4250 4126/6776/4126
f 4125/6628/4125 4158/6834/4158 4157/6683/4157
f 4160/6779/4160 4221/6781/4221 4219/6832/4219
f 4126/6633/4126 4250/6835/4250 3941/6644/3941
f 4187/6731/4187 4251/6836/4251 4158/6684/4158
f 4221/6837/4221 4159/6838/4159 4252/6839/4252
f 4187/6731/4187 4223/6783/4223 4253/6840/4253
f 4159/6838/4159 4192/6841/4192 4252/6839/4252
f 4254/6842/4254 4253/6840/4253 4193/6740/4193
f 4193/6740/4193 4253/6840/4253 4190/6736/4190
f 4190/6736/4190 4253/6840/4253 4223/6783/4223
f 4254/6842/4254 4193/6740/4193 4224/6784/4224
f 4255/6843/4255 4191/6844/4191 4161/6845/4161
f 4256/6846/4256 4257/6847/4257 4258/6848/4258
f 4224/6786/4224 4258/6848/4258 4257/6847/4257
f 4259/6849/4259 4260/6850/4260 4261/6851/4261
f 4259/6852/4259 4225/6785/4225 4260/6853/4260
f 4258/6848/4258 4225/6785/4225 4259/6852/4259
f 4225/6785/4225 4258/6848/4258 4224/6786/4224
f 4260/6853/4260 4225/6785/4225 4229/6791/4229
f 4262/6854/4262 4229/6791/4229 4227/6788/4227
f 4230/6792/4230 4262/6855/4262 4227/6789/4227
f 4230/6792/4230 4196/6743/4196 4263/6856/4263
f 4231/6793/4231 4194/6741/4194 4264/6857/4264
f 4264/6857/4264 4194/6741/4194 4197/6744/4197
f 4164/6695/4164 4136/6696/4136 4197/6744/4197
f 4197/6744/4197 4136/6696/4136 4232/6795/4232
f 4233/6797/4233 4173/6811/4173 4198/6794/4198
f 4199/6796/4199 4173/6811/4173 4233/6797/4233
f 4199/6748/4199 4236/6800/4236 4173/6803/4173
f 4238/6805/4238 4237/6801/4237 4235/6799/4235
f 4191/6738/4191 4238/6805/4238 4235/6799/4235
f 4198/6794/4198 4173/6811/4173 4232/6795/4232
f 4265/6858/4265 4141/6660/4141 4204/6753/4204
f 4232/6795/4232 4207/6812/4207 4266/6859/4266
f 4265/6858/4265 4172/6704/4172 4141/6660/4141
f 4002/6809/4002 4267/6860/4267 4005/6810/4005
f 4005/6861/4005 4267/6862/4267 4174/6863/4174
f 4207/6812/4207 4242/6864/4242 4266/6859/4266
f 4267/6865/4267 4208/6758/4208 4174/6709/4174
f 4268/6866/4268 4240/6816/4240 4269/6867/4269
f 4270/6868/4270 4110/6869/4110 4206/6870/4206
f 4209/6759/4209 4271/6871/4271 3820/6185/3820
f 4210/6761/4210 4269/6867/4269 4240/6816/4240
f 3820/6185/3820 4271/6871/4271 4180/6718/4180
f 4175/6710/4175 4147/6872/4147 4239/6815/4239
f 4272/6873/4272 4210/6761/4210 4181/6719/4181
f 4273/6874/4273 4069/6544/4069 4243/6821/4243
f 4181/6719/4181 4212/6763/4212 4272/6873/4272
f 4069/6822/4069 4274/6875/4274 4244/6823/4244
f 4275/6876/4275 3560/5741/3560 4274/6875/4274
f 4274/6875/4274 3560/5741/3560 4244/6823/4244
f 4276/6877/4276 4212/6763/4212 4211/6762/4211
f 4276/6877/4276 4211/6762/4211 4245/6878/4245
f 4277/6879/4277 4278/6880/4278 3560/5741/3560
f 4278/6880/4278 4279/6881/4279 3560/5741/3560
f 3560/5741/3560 4279/6881/4279 3906/6314/3906
f 4280/6882/4280 4213/6765/4213 4247/6827/4247
f 4246/6825/4246 4213/6765/4213 4280/6882/4280
f 4281/6883/4281 4155/6677/4155 3973/6409/3973
f 3719/6028/3719 4214/6766/4214 4215/6767/4215
f 3535/5697/3535 4282/6884/4282 4214/6766/4214
f 4282/6884/4282 3535/5697/3535 3627/5849/3627
f 4156/6681/4156 3984/6680/3984 4283/6885/4283
f 3984/6680/3984 4284/6886/4284 4283/6885/4283
f 4284/6887/4284 3984/6828/3984 4248/6830/4248
f 3628/5852/3628 4285/6888/4285 4122/6624/4122
f 4284/6887/4284 4248/6830/4248 4286/6889/4286
f 4248/6830/4248 4216/6773/4216 4286/6889/4286
f 4124/6626/4124 3919/6334/3919 4287/6890/4287
f 4216/6773/4216 4288/6891/4288 4286/6889/4286
f 4216/6773/4216 4249/6831/4249 4288/6891/4288
f 4287/6890/4287 4289/6892/4289 4124/6626/4124
f 4288/6891/4288 4249/6831/4249 4290/6893/4290
f 4124/6626/4124 4289/6892/4289 4218/6775/4218
f 4249/6894/4249 4291/6895/4291 4290/6896/4290
f 4249/6894/4249 4292/6897/4292 4291/6895/4291
f 4249/6894/4249 4293/6898/4293 4292/6897/4292
f 4249/6894/4249 4217/6899/4217 4293/6898/4293
f 4292/6897/4292 4294/6900/4294 4291/6895/4291
f 4292/6897/4292 4293/6898/4293 4294/6900/4294
f 4294/6900/4294 4295/6901/4295 4296/6902/4296
f 4294/6900/4294 4293/6898/4293 4295/6901/4295
f 4293/6898/4293 4217/6899/4217 4295/6901/4295
f 4295/6901/4295 4297/6903/4297 4296/6902/4296
f 4295/6901/4295 4298/6904/4298 4297/6903/4297
f 4295/6901/4295 4217/6899/4217 4298/6904/4298
f 4157/6905/4157 4298/6906/4298 4217/6907/4217
f 4187/6731/4187 4253/6840/4253 4251/6836/4251
f 3941/6908/3941 4250/6833/4250 4299/6909/4299
f 4251/6910/4251 4253/6911/4253 4254/6912/4254
f 4254/6912/4254 4224/6786/4224 4257/6847/4257
f 4300/6913/4300 4301/6914/4301 4302/6915/4302
f 4302/6915/4302 4303/6916/4303 4304/6917/4304
f 4302/6915/4302 4305/6918/4305 4303/6916/4303
f 4301/6914/4301 4305/6918/4305 4302/6915/4302
f 4301/6914/4301 4259/6849/4259 4305/6918/4305
f 4256/6846/4256 4259/6852/4259 4306/6919/4306
f 4256/6846/4256 4258/6848/4258 4259/6852/4259
f 4303/6916/4303 4261/6851/4261 4304/6917/4304
f 4305/6918/4305 4261/6851/4261 4303/6916/4303
f 4259/6849/4259 4261/6851/4261 4305/6918/4305
f 4255/6920/4255 4307/6921/4307 4191/6922/4191
f 4299/6923/4299 4002/6924/4002 3941/6925/3941
f 4002/6926/4002 4299/6927/4299 4308/6928/4308
f 4260/6853/4260 4229/6791/4229 4309/6929/4309
f 4228/6930/4228 4310/6931/4310 4192/6932/4192
f 4262/6854/4262 4309/6929/4309 4229/6791/4229
f 4196/6743/4196 4231/6793/4231 4263/6856/4263
f 4197/6744/4197 4232/6795/4232 4311/6933/4311
f 4311/6933/4311 4266/6859/4266 4197/6744/4197
f 4311/6933/4311 4232/6795/4232 4266/6859/4266
f 4238/6805/4238 4191/6738/4191 4204/6934/4204
f 4271/6935/4271 4209/6936/4209 4312/6937/4312
f 4313/6938/4313 4269/6939/4269 4314/6940/4314
f 4268/6941/4268 4269/6939/4269 4313/6938/4313
f 4312/6942/4312 4209/6817/4209 4240/6816/4240
f 4267/6943/4267 4315/6944/4315 4208/6945/4208
f 4267/6943/4267 4316/6946/4316 4315/6944/4315
f 4143/6663/4143 4175/6710/4175 4239/6815/4239
f 4269/6867/4269 4210/6761/4210 4317/6947/4317
f 4318/6948/4318 4110/6949/4110 4270/6950/4270
f 4316/6946/4316 4319/6951/4319 4315/6944/4315
f 4319/6951/4319 4320/6952/4320 4315/6944/4315
f 4315/6944/4315 4320/6952/4320 4208/6945/4208
f 4319/6951/4319 4321/6953/4321 4320/6952/4320
f 4321/6953/4321 4322/6954/4322 4320/6952/4320
f 4321/6953/4321 4323/6955/4323 4322/6954/4322
f 4208/6945/4208 4320/6952/4320 4322/6954/4322
f 4323/6955/4323 4324/6956/4324 4322/6954/4322
f 4208/6758/4208 4322/6957/4322 4243/6821/4243
f 4243/6821/4243 4322/6957/4322 4273/6874/4273
f 4324/6958/4324 4273/6874/4273 4322/6957/4322
f 4325/6959/4325 4273/6960/4273 4324/6961/4324
f 4325/6959/4325 4326/6962/4326 4273/6960/4273
f 4326/6962/4326 4327/6963/4327 4273/6960/4273
f 4327/6963/4327 4328/6964/4328 4273/6960/4273
f 4273/6960/4273 4329/6965/4329 4330/6966/4330
f 4328/6964/4328 4329/6965/4329 4273/6960/4273
f 4069/6967/4069 4273/6960/4273 4331/6968/4331
f 4330/6966/4330 4331/6968/4331 4273/6960/4273
f 4330/6966/4330 4329/6965/4329 4331/6968/4331
f 4069/6822/4069 4331/6969/4331 4274/6875/4274
f 4332/6970/4332 4274/6875/4274 4331/6969/4331
f 4332/6970/4332 4275/6876/4275 4274/6875/4274
f 3560/5741/3560 4275/6876/4275 4277/6879/4277
f 4245/6824/4245 4246/6825/4246 4276/6971/4276
f 3906/6314/3906 4279/6881/4279 4333/6972/4333
f 4280/6882/4280 4155/6677/4155 4334/6973/4334
f 4280/6882/4280 4247/6827/4247 4155/6677/4155
f 3906/6314/3906 4333/6972/4333 4027/6721/4027
f 4281/6883/4281 3973/6409/3973 4334/6973/4334
f 4281/6883/4281 4334/6973/4334 4155/6677/4155
f 4183/6722/4183 4334/6973/4334 3973/6409/3973
f 3871/6679/3871 4156/6681/4156 4335/6974/4335
f 4283/6885/4283 4284/6886/4284 4286/6975/4286
f 3919/6334/3919 4122/6624/4122 4336/6976/4336
f 3919/6334/3919 4337/6977/4337 4287/6890/4287
f 4336/6976/4336 4337/6977/4337 3919/6334/3919
f 4286/6889/4286 4288/6891/4288 4338/6978/4338
f 4288/6891/4288 4339/6979/4339 4338/6978/4338
f 4288/6891/4288 4340/6980/4340 4339/6979/4339
f 4288/6891/4288 4341/6981/4341 4340/6980/4340
f 4288/6891/4288 4290/6893/4290 4341/6981/4341
f 4340/6982/4340 4341/6983/4341 4342/6984/4342
f 4290/6896/4290 4342/6984/4342 4341/6983/4341
f 4290/6896/4290 4343/6985/4343 4342/6984/4342
f 4291/6895/4291 4343/6985/4343 4290/6896/4290
f 4294/6900/4294 4343/6985/4343 4291/6895/4291
f 4294/6900/4294 4344/6986/4344 4343/6985/4343
f 4294/6900/4294 4296/6902/4296 4344/6986/4344
f 4296/6902/4296 4345/6987/4345 4344/6986/4344
f 4297/6903/4297 4345/6987/4345 4296/6902/4296
f 4297/6903/4297 4346/6988/4346 4345/6987/4345
f 4297/6903/4297 4347/6989/4347 4346/6988/4346
f 4346/6988/4346 4347/6989/4347 4348/6990/4348
f 4297/6903/4297 4298/6904/4298 4347/6989/4347
f 4347/6989/4347 4349/6991/4349 4348/6990/4348
f 4348/6990/4348 4349/6991/4349 4350/6992/4350
f 4347/6989/4347 4298/6904/4298 4349/6991/4349
f 4349/6991/4349 4298/6904/4298 4350/6992/4350
f 4350/6992/4350 4298/6904/4298 4351/6993/4351
f 4289/6892/4289 4299/6909/4299 4218/6775/4218
f 4352/6994/4352 4353/6995/4353 4351/6993/4351
f 4298/6904/4298 4352/6994/4352 4351/6993/4351
f 4352/6994/4352 4354/6996/4354 4353/6995/4353
f 4352/6994/4352 4298/6904/4298 4354/6996/4354
f 4218/6775/4218 4299/6909/4299 4250/6833/4250
f 4219/6832/4219 4355/6997/4355 4220/6778/4220
f 4131/6998/4131 4356/6999/4356 4188/7000/4188
f 4157/6683/4157 4251/6910/4251 4357/7001/4357
f 4157/6683/4157 4158/6834/4158 4251/6910/4251
f 4221/7002/4221 4252/7003/4252 4358/7004/4358
f 4087/7005/4087 4188/7000/4188 4222/7006/4222
f 4359/7007/4359 4360/7008/4360 4300/7009/4300
f 4361/7010/4361 4362/7011/4362 4300/7012/4300
f 4251/6910/4251 4257/6847/4257 4363/7013/4363
f 4257/6847/4257 4251/6910/4251 4254/6912/4254
f 4300/6913/4300 4364/7014/4364 4359/7015/4359
f 4302/6915/4302 4364/7014/4364 4300/6913/4300
f 4301/6914/4301 4300/6913/4300 4362/7016/4362
f 4362/7016/4362 4306/7017/4306 4301/6914/4301
f 4259/6849/4259 4301/6914/4301 4306/7017/4306
f 4302/6915/4302 4304/6917/4304 4364/7014/4364
f 4304/6917/4304 4261/6851/4261 4365/7018/4365
f 4261/6851/4261 4260/6850/4260 4366/7019/4366
f 4263/6856/4263 4367/7020/4367 4230/6792/4230
f 4263/6856/4263 4368/7021/4368 4367/7020/4367
f 4263/6856/4263 4231/6793/4231 4368/7021/4368
f 4228/6790/4228 4101/6595/4101 4140/6659/4140
f 4228/6790/4228 4140/6659/4140 4310/7022/4310
f 4308/7023/4308 4369/7024/4369 4002/6809/4002
f 4368/7021/4368 4370/7025/4370 4367/7020/4367
f 4368/7021/4368 4266/6859/4266 4370/7025/4370
f 4231/6793/4231 4266/6859/4266 4368/7021/4368
f 4264/6857/4264 4266/6859/4266 4231/6793/4231
f 4197/6744/4197 4266/6859/4266 4264/6857/4264
f 4204/6753/4204 4191/7026/4191 4265/6858/4265
f 4370/7025/4370 4266/6859/4266 4242/6864/4242
f 4371/7027/4371 4312/7028/4312 4240/7029/4240
f 4372/7030/4372 4180/7031/4180 4312/7032/4312
f 4372/7030/4372 4242/6864/4242 4180/7031/4180
f 4002/6809/4002 4373/7033/4373 4374/7034/4374
f 4002/6809/4002 4374/7034/4374 4375/7035/4375
f 4268/6941/4268 4376/7036/4376 4240/7029/4240
f 4271/7037/4271 4312/7032/4312 4180/7031/4180
f 4172/6704/4172 4265/6858/4265 4206/6755/4206
f 4002/6809/4002 4375/7035/4375 4267/6860/4267
f 4314/6940/4314 4317/7038/4317 4377/7039/4377
f 4375/7040/4375 4378/7041/4378 4267/6943/4267
f 4378/7041/4378 4379/7042/4379 4267/6943/4267
f 4314/6940/4314 4269/6939/4269 4317/7038/4317
f 4267/6943/4267 4379/7042/4379 4316/6946/4316
f 4316/6946/4316 4379/7042/4379 4380/7043/4380
f 4316/6946/4316 4380/7043/4380 4319/6951/4319
f 4210/6761/4210 4272/6873/4272 4317/6947/4317
f 4110/6607/4110 4318/7044/4318 4241/6818/4241
f 4319/6951/4319 4380/7043/4380 4321/6953/4321
f 4241/6820/4241 4381/7045/4381 4147/6668/4147
f 4147/6668/4147 4381/7045/4381 4239/7046/4239
f 4323/6955/4323 4382/7047/4382 4324/6956/4324
f 4272/6873/4272 4212/6763/4212 4276/6877/4276
f 4324/6961/4324 4382/7048/4382 4325/6959/4325
f 4325/6959/4325 4382/7048/4382 4383/7049/4383
f 4325/6959/4325 4383/7049/4383 4326/6962/4326
f 4326/6962/4326 4383/7049/4383 4327/6963/4327
f 4327/6963/4327 4384/7050/4384 4328/6964/4328
f 4327/6963/4327 4383/7049/4383 4384/7050/4384
f 4328/6964/4328 4384/7050/4384 4329/6965/4329
f 4329/6965/4329 4384/7050/4384 4331/6968/4331
f 4331/6968/4331 4384/7050/4384 4385/7051/4385
f 4331/6969/4331 4385/7052/4385 4332/6970/4332
f 4332/6970/4332 4386/7053/4386 4275/6876/4275
f 4385/7052/4385 4386/7053/4386 4332/6970/4332
f 4387/7054/4387 4275/6876/4275 4386/7053/4386
f 4387/7054/4387 4388/7055/4388 4275/6876/4275
f 4275/6876/4275 4388/7055/4388 4277/6879/4277
f 4277/6879/4277 4388/7055/4388 4389/7056/4389
f 4277/6879/4277 4389/7056/4389 4278/6880/4278
f 4278/6880/4278 4333/6972/4333 4279/6881/4279
f 4334/6973/4334 4183/6722/4183 4390/7057/4390
f 3862/6250/3862 4333/7058/4333 4391/7059/4391
f 3862/6495/3862 4027/6494/4027 4333/7060/4333
f 4183/6722/4183 3862/6250/3862 4391/7059/4391
f 4214/6766/4214 4392/7061/4392 4215/6767/4215
f 3628/6031/3628 4393/7062/4393 4394/7063/4394
f 3628/5852/3628 4394/7064/4394 4285/6888/4285
f 3983/7065/3983 4395/7066/4395 4396/7067/4396
f 3871/7068/3871 4395/7066/4395 3983/7065/3983
f 3871/7068/3871 4397/7069/4397 4395/7066/4395
f 4335/7070/4335 4397/7069/4397 3871/7068/3871
f 4156/6681/4156 4398/7071/4398 4335/6974/4335
f 4335/7070/4335 4398/7072/4398 4397/7069/4397
f 4283/6885/4283 4286/6975/4286 4156/6681/4156
f 4156/6681/4156 4286/6975/4286 4398/7071/4398
f 4285/6888/4285 4399/7073/4399 4122/6624/4122
f 4286/6975/4286 4338/7074/4338 4398/7071/4398
f 4122/6624/4122 4337/6977/4337 4336/6976/4336
f 4122/6624/4122 4399/7073/4399 4337/6977/4337
f 4338/7075/4338 4400/7076/4400 4398/7077/4398
f 4338/7078/4338 4401/7079/4401 4400/7080/4400
f 4338/6978/4338 4339/6979/4339 4401/7081/4401
f 4287/6890/4287 4337/6977/4337 4289/6892/4289
f 4339/7082/4339 4402/7083/4402 4401/7084/4401
f 4339/7082/4339 4342/7085/4342 4402/7083/4402
f 4340/6982/4340 4342/6984/4342 4339/7086/4339
f 4337/6977/4337 4403/7087/4403 4289/6892/4289
f 4344/6986/4344 4404/7088/4404 4343/6985/4343
f 4344/6986/4344 4345/6987/4345 4404/7088/4404
f 4345/6987/4345 4405/7089/4405 4404/7088/4404
f 4348/6990/4348 4350/6992/4350 4346/6988/4346
f 4350/6992/4350 4406/7090/4406 4346/6988/4346
f 4350/6992/4350 4351/6993/4351 4406/7090/4406
f 4351/6993/4351 4407/7091/4407 4406/7090/4406
f 4353/6995/4353 4407/7091/4407 4351/6993/4351
f 4354/6996/4354 4407/7091/4407 4353/6995/4353
f 4289/6892/4289 4408/7092/4408 4299/6909/4299
f 4354/6996/4354 4409/7093/4409 4407/7091/4407
f 4354/7094/4354 4410/7095/4410 4409/7096/4409
f 4354/6996/4354 4298/6904/4298 4410/7097/4410
f 4409/7096/4409 4411/7098/4411 4412/7099/4412
f 4409/7096/4409 4410/7095/4410 4411/7098/4411
f 4220/6778/4220 4413/7100/4413 4356/7101/4356
f 4220/6778/4220 4355/6997/4355 4413/7100/4413
f 4411/7098/4411 4414/7102/4414 4412/7099/4412
f 4411/7098/4411 4410/7095/4410 4414/7102/4414
f 4410/7103/4410 4298/6906/4298 4157/6905/4157
f 4220/6778/4220 4356/7101/4356 4131/6728/4131
f 4355/6997/4355 4219/6832/4219 4221/6781/4221
f 4157/7104/4157 4415/7105/4415 4410/7106/4410
f 4357/7001/4357 4415/7107/4415 4157/6683/4157
f 4363/7013/4363 4416/7108/4416 4415/7107/4415
f 4357/7001/4357 4363/7013/4363 4415/7107/4415
f 4357/7001/4357 4251/6910/4251 4363/7013/4363
f 4417/7109/4417 4222/7006/4222 4188/7000/4188
f 4300/7012/4300 4360/7110/4360 4361/7010/4361
f 4416/7108/4416 4418/7111/4418 4306/6919/4306
f 4363/7013/4363 4418/7111/4418 4416/7108/4416
f 4359/7007/4359 4419/7112/4419 4360/7008/4360
f 4306/6919/4306 4418/7111/4418 4256/6846/4256
f 4363/7013/4363 4256/6846/4256 4418/7111/4418
f 4256/6846/4256 4363/7013/4363 4257/6847/4257
f 4222/7006/4222 4420/7113/4420 4161/6845/4161
f 4421/7114/4421 4364/7115/4364 4422/7116/4422
f 4359/7015/4359 4364/7014/4364 4421/7117/4421
f 4161/6845/4161 4420/7113/4420 4255/6843/4255
f 4422/7118/4422 4364/7014/4364 4423/7119/4423
f 4424/7120/4424 4425/7121/4425 4299/7122/4299
f 4364/7014/4364 4304/6917/4304 4423/7119/4423
f 4425/7121/4425 4308/7123/4308 4299/7122/4299
f 4304/6917/4304 4365/7018/4365 4423/7119/4423
f 4310/6931/4310 4252/7124/4252 4192/6932/4192
f 4308/7023/4308 4426/7125/4426 4369/7024/4369
f 4308/7126/4308 4427/7127/4427 4426/7128/4426
f 4261/6851/4261 4428/7129/4428 4365/7018/4365
f 4261/6851/4261 4366/7019/4366 4428/7129/4428
f 4366/7019/4366 4260/6850/4260 4429/7130/4429
f 4260/6853/4260 4309/6929/4309 4429/7131/4429
f 4262/6854/4262 4430/7132/4430 4309/6929/4309
f 4230/6792/4230 4430/7133/4430 4262/6855/4262
f 4230/6792/4230 4370/7025/4370 4430/7133/4430
f 4230/6792/4230 4367/7020/4367 4370/7025/4370
f 4369/7024/4369 4426/7125/4426 4427/7134/4427
f 4309/6929/4309 4372/7135/4372 4429/7131/4429
f 4430/7132/4430 4372/7135/4372 4309/6929/4309
f 4430/7133/4430 4370/7025/4370 4372/7030/4372
f 4427/7134/4427 4431/7136/4431 4369/7024/4369
f 4369/7024/4369 4432/7137/4432 4002/6809/4002
f 4369/7024/4369 4431/7136/4431 4432/7137/4432
f 4002/6809/4002 4431/7136/4431 4433/7138/4433
f 4002/6809/4002 4432/7137/4432 4431/7136/4431
f 4429/7131/4429 4312/7139/4312 4371/7140/4371
f 4242/6864/4242 4372/7030/4372 4370/7025/4370
f 4312/7139/4312 4429/7131/4429 4372/7135/4372
f 4191/7026/4191 4434/7141/4434 4265/6858/4265
f 4433/7138/4433 4435/7142/4435 4002/6809/4002
f 4433/7138/4433 4431/7136/4431 4435/7142/4435
f 4436/7143/4436 4437/7144/4437 4313/6938/4313
f 4438/7145/4438 4437/7144/4437 4436/7143/4436
f 4240/7029/4240 4376/7036/4376 4371/7027/4371
f 4171/7146/4171 4439/7147/4439 4140/7148/4140
f 4002/6809/4002 4435/7142/4435 4373/7033/4373
f 4313/6938/4313 4437/7144/4437 4268/6941/4268
f 4268/6941/4268 4437/7144/4437 4376/7036/4376
f 4373/7033/4373 4435/7142/4435 4374/7034/4374
f 4314/6940/4314 4377/7039/4377 4436/7143/4436
f 4314/6940/4314 4436/7143/4436 4313/6938/4313
f 4374/7034/4374 4435/7142/4435 4375/7035/4375
f 4265/7149/4265 4270/6868/4270 4206/6870/4206
f 4435/7142/4435 4440/7150/4440 4375/7035/4375
f 4375/7035/4375 4440/7150/4440 4378/7151/4378
f 4239/7152/4239 4439/7153/4439 4171/7154/4171
f 4377/7039/4377 4317/7038/4317 4441/7155/4441
f 4239/7152/4239 4442/7156/4442 4439/7153/4439
f 4378/7041/4378 4440/7157/4440 4379/7042/4379
f 4441/7155/4441 4317/7038/4317 4272/7158/4272
f 4270/6950/4270 4443/7159/4443 4318/6948/4318
f 4379/7042/4379 4444/7160/4444 4380/7043/4380
f 4441/7155/4441 4272/7158/4272 4276/7161/4276
f 4380/7043/4380 4444/7160/4444 4321/6953/4321
f 4444/7160/4444 4445/7162/4445 4321/6953/4321
f 4321/6953/4321 4445/7162/4445 4323/6955/4323
f 4446/7163/4446 4447/7164/4447 4389/7056/4389
f 4448/7165/4448 4447/7164/4447 4446/7163/4446
f 4447/7164/4447 4449/7166/4449 4389/7056/4389
f 4449/7166/4449 4450/7167/4450 4389/7056/4389
f 4448/7165/4448 4451/7168/4451 4452/7169/4452
f 4446/7163/4446 4451/7168/4451 4448/7165/4448
f 4446/7163/4446 4389/7056/4389 4451/7168/4451
f 4383/7049/4383 4382/7048/4382 4453/7170/4453
f 4383/7049/4383 4453/7170/4453 4384/7050/4384
f 4386/7053/4386 4452/7169/4452 4387/7054/4387
f 4387/7054/4387 4452/7169/4452 4388/7055/4388
f 4389/7056/4389 4452/7169/4452 4451/7168/4451
f 4388/7055/4388 4452/7169/4452 4389/7056/4389
f 4384/7050/4384 4453/7170/4453 4454/7171/4454
f 4384/7050/4384 4454/7171/4454 4455/7172/4455
f 4384/7050/4384 4455/7172/4455 4385/7051/4385
f 4280/6882/4280 4456/7173/4456 4246/6825/4246
f 4278/7174/4278 4457/7175/4457 4333/7176/4333
f 4280/6882/4280 4334/6973/4334 4456/7173/4456
f 4457/7175/4457 4391/7177/4391 4333/7176/4333
f 4457/7178/4457 4390/7057/4390 4391/7059/4391
f 4183/6722/4183 4391/7059/4391 4390/7057/4390
f 4214/6766/4214 4282/6884/4282 4392/7061/4392
f 3628/6031/3628 4215/6767/4215 4393/7062/4393
f 3627/5849/3627 4120/6622/4120 4282/6884/4282
f 4285/6888/4285 4394/7064/4394 4458/7179/4458
f 3983/7065/3983 4396/7067/4396 4120/7180/4120
f 4396/7067/4396 4459/7181/4459 4460/7182/4460
f 4395/7066/4395 4459/7181/4459 4396/7067/4396
f 4395/7066/4395 4397/7069/4397 4459/7181/4459
f 4285/6888/4285 4458/7179/4458 4399/7073/4399
f 4397/7069/4397 4398/7072/4398 4459/7181/4459
f 4398/7072/4398 4461/7183/4461 4459/7181/4459
f 4398/7072/4398 4400/7184/4400 4461/7183/4461
f 4337/6977/4337 4399/7073/4399 4403/7087/4403
f 4400/7185/4400 4462/7186/4462 4461/7187/4461
f 4400/7185/4400 4463/7188/4463 4462/7186/4462
f 4400/7080/4400 4401/7079/4401 4463/7189/4463
f 4399/7073/4399 4458/7179/4458 4464/7190/4464
f 4462/7186/4462 4465/7191/4465 4461/7187/4461
f 4462/7186/4462 4466/7192/4466 4465/7191/4465
f 4463/7188/4463 4466/7192/4466 4462/7186/4462
f 4463/7189/4463 4402/7193/4402 4466/7194/4466
f 4401/7079/4401 4402/7193/4402 4463/7189/4463
f 4399/7073/4399 4464/7190/4464 4403/7087/4403
f 4345/6987/4345 4467/7195/4467 4405/7089/4405
f 4345/6987/4345 4346/6988/4346 4467/7195/4467
f 4346/6988/4346 4468/7196/4468 4467/7195/4467
f 4346/6988/4346 4406/7090/4406 4468/7196/4468
f 4406/7090/4406 4407/7091/4407 4468/7196/4468
f 4403/7087/4403 4408/7092/4408 4289/6892/4289
f 4403/7087/4403 4464/7190/4464 4408/7092/4408
f 4409/7096/4409 4469/7197/4469 4407/7198/4407
f 4409/7096/4409 4412/7099/4412 4469/7197/4469
f 4470/7199/4470 4471/7200/4471 4469/7197/4469
f 4414/7102/4414 4470/7199/4470 4469/7197/4469
f 4414/7102/4414 4469/7197/4469 4412/7099/4412
f 4470/7199/4470 4472/7201/4472 4471/7200/4471
f 4471/7200/4471 4472/7201/4472 4473/7202/4473
f 4470/7199/4470 4414/7102/4414 4472/7201/4472
f 4410/7095/4410 4415/7203/4415 4414/7102/4414
f 4221/6781/4221 4358/7204/4358 4355/6997/4355
f 4474/7205/4474 4475/7206/4475 4473/7202/4473
f 4472/7201/4472 4474/7205/4474 4473/7202/4473
f 4476/7207/4476 4475/7206/4475 4477/7208/4477
f 4474/7205/4474 4477/7208/4477 4475/7206/4475
f 4472/7201/4472 4477/7208/4477 4474/7205/4474
f 4414/7102/4414 4477/7208/4477 4472/7201/4472
f 4414/7102/4414 4415/7203/4415 4477/7208/4477
f 4476/7207/4476 4477/7208/4477 4478/7209/4478
f 4477/7208/4477 4360/7110/4360 4478/7209/4478
f 4361/7010/4361 4360/7110/4360 4477/7208/4477
f 4415/7203/4415 4416/7210/4416 4477/7208/4477
f 4360/7008/4360 4419/7112/4419 4478/7211/4478
f 4361/7010/4361 4477/7208/4477 4362/7011/4362
f 4416/7210/4416 4362/7011/4362 4477/7208/4477
f 4421/7114/4421 4479/7212/4479 4419/7112/4419
f 4421/7114/4421 4419/7112/4419 4359/7007/4359
f 4306/7213/4306 4362/7011/4362 4416/7210/4416
f 4421/7114/4421 4422/7116/4422 4480/7214/4480
f 4423/7215/4423 4481/7216/4481 4480/7214/4480
f 4423/7215/4423 4480/7214/4480 4422/7116/4422
f 4424/7217/4424 4482/7218/4482 4425/7219/4425
f 4425/7219/4425 4483/7220/4483 4308/7126/4308
f 4482/7218/4482 4483/7220/4483 4425/7219/4425
f 4482/7218/4482 4484/7221/4484 4483/7220/4483
f 4483/7220/4483 4485/7222/4485 4308/7126/4308
f 4308/7126/4308 4485/7222/4485 4486/7223/4486
f 4308/7126/4308 4486/7223/4486 4427/7127/4427
f 4366/7019/4366 4429/7130/4429 4487/7224/4487
f 4307/6921/4307 4488/7225/4488 4191/6922/4191
f 4191/6922/4191 4488/7225/4488 4434/7226/4434
f 4487/7224/4487 4489/7227/4489 4376/7036/4376
f 4366/7019/4366 4487/7224/4487 4376/7036/4376
f 4429/7130/4429 4371/7027/4371 4487/7224/4487
f 4371/7027/4371 4489/7227/4489 4487/7224/4487
f 4371/7027/4371 4376/7036/4376 4489/7227/4489
f 4435/7142/4435 4431/7136/4431 4490/7228/4490
f 4436/7143/4436 4377/7039/4377 4491/7229/4491
f 4492/7230/4492 4270/6868/4270 4265/7149/4265
f 4435/7142/4435 4490/7228/4490 4440/7150/4440
f 4441/7155/4441 4493/7231/4493 4494/7232/4494
f 4379/7042/4379 4440/7157/4440 4444/7160/4444
f 4276/7161/4276 4493/7231/4493 4441/7155/4441
f 4239/7152/4239 4495/7233/4495 4442/7156/4442
f 4496/7234/4496 4381/7235/4381 4318/6948/4318
f 4239/7152/4239 4381/7235/4381 4495/7233/4495
f 4318/7044/4318 4381/7236/4381 4241/6818/4241
f 4444/7160/4444 4497/7237/4497 4445/7162/4445
f 4498/7238/4498 4499/7239/4499 4500/7240/4500
f 4498/7238/4498 4501/7241/4501 4450/7167/4450
f 4500/7242/4500 4501/7243/4501 4498/7244/4498
f 4449/7166/4449 4499/7239/4499 4498/7238/4498
f 4449/7166/4449 4502/7245/4502 4499/7239/4499
f 4246/6825/4246 4456/7173/4456 4276/6971/4276
f 4382/7047/4382 4323/6955/4323 4503/7246/4503
f 4504/7247/4504 4502/7245/4502 4448/7165/4448
f 4448/7165/4448 4502/7245/4502 4447/7164/4447
f 4447/7164/4447 4502/7245/4502 4449/7166/4449
f 4449/7166/4449 4498/7238/4498 4450/7167/4450
f 4448/7165/4448 4452/7169/4452 4504/7247/4504
f 4389/7056/4389 4450/7167/4450 4278/6880/4278
f 4382/7048/4382 4505/7248/4505 4453/7170/4453
f 4385/7051/4385 4455/7172/4455 4386/7249/4386
f 4386/7053/4386 4506/7250/4506 4452/7169/4452
f 4450/7167/4450 4457/7251/4457 4278/6880/4278
f 4334/6973/4334 4507/7252/4507 4456/7173/4456
f 4215/6767/4215 4508/7253/4508 4393/7062/4393
f 4215/6767/4215 4392/7061/4392 4508/7253/4508
f 4393/7254/4393 4509/7255/4509 4394/7256/4394
f 4282/7257/4282 4510/7258/4510 4511/7259/4511
f 4120/7260/4120 4510/7258/4510 4282/7257/4282
f 4509/7255/4509 4458/7261/4458 4394/7256/4394
f 4120/7180/4120 4460/7182/4460 4512/7262/4512
f 4396/7067/4396 4460/7182/4460 4120/7180/4120
f 4459/7181/4459 4461/7183/4461 4460/7182/4460
f 4460/7182/4460 4461/7183/4461 4513/7263/4513
f 4461/7183/4461 4514/7264/4514 4513/7263/4513
f 4461/7183/4461 4515/7265/4515 4514/7264/4514
f 4461/7183/4461 4516/7266/4516 4515/7265/4515
f 4465/7191/4465 4516/7267/4516 4461/7187/4461
f 4466/7192/4466 4516/7267/4516 4465/7191/4465
f 4466/7192/4466 4402/7268/4402 4516/7267/4516
f 4405/7089/4405 4517/7269/4517 4404/7088/4404
f 4405/7089/4405 4467/7195/4467 4517/7269/4517
f 4469/7197/4469 4518/7270/4518 4407/7198/4407
f 4471/7200/4471 4518/7270/4518 4469/7197/4469
f 4473/7202/4473 4518/7270/4518 4471/7200/4471
f 4356/6999/4356 4519/7271/4519 4188/7000/4188
f 4413/7100/4413 4519/7272/4519 4356/7101/4356
f 4473/7202/4473 4475/7206/4475 4518/7270/4518
f 4355/6997/4355 4358/7204/4358 4413/7100/4413
f 4520/7273/4520 4521/7274/4521 4476/7275/4476
f 4476/7275/4476 4521/7274/4521 4475/7276/4475
f 4520/7273/4520 4478/7211/4478 4522/7277/4522
f 4478/7211/4478 4520/7273/4520 4476/7275/4476
f 4478/7211/4478 4419/7112/4419 4522/7277/4522
f 4523/7278/4523 4524/7279/4524 4480/7214/4480
f 4524/7279/4524 4479/7212/4479 4480/7214/4480
f 4480/7214/4480 4479/7212/4479 4421/7114/4421
f 4417/7109/4417 4420/7113/4420 4222/7006/4222
f 4525/7280/4525 4523/7281/4523 4480/7282/4480
f 4480/7282/4480 4526/7283/4526 4525/7280/4525
f 4481/7284/4481 4526/7283/4526 4480/7282/4480
f 4424/7120/4424 4527/7285/4527 4482/7286/4482
f 4424/7120/4424 4528/7287/4528 4527/7285/4527
f 4481/7288/4481 4423/7119/4423 4529/7289/4529
f 4420/7113/4420 4530/7290/4530 4255/6843/4255
f 4483/7220/4483 4531/7291/4531 4532/7292/4532
f 4484/7221/4484 4527/7293/4527 4483/7220/4483
f 4483/7220/4483 4527/7293/4527 4531/7291/4531
f 4482/7218/4482 4527/7293/4527 4484/7221/4484
f 4485/7222/4485 4532/7292/4532 4486/7223/4486
f 4483/7220/4483 4532/7292/4532 4485/7222/4485
f 4423/7119/4423 4365/7018/4365 4533/7294/4533
f 4140/7148/4140 4534/7295/4534 4310/6931/4310
f 4533/7294/4533 4365/7018/4365 4438/7145/4438
f 4428/7129/4428 4437/7144/4437 4365/7018/4365
f 4427/7134/4427 4535/7296/4535 4431/7136/4431
f 4437/7144/4437 4438/7145/4438 4365/7018/4365
f 4366/7019/4366 4376/7036/4376 4428/7129/4428
f 4428/7129/4428 4376/7036/4376 4437/7144/4437
f 4434/7141/4434 4492/7297/4492 4265/6858/4265
f 4431/7136/4431 4536/7298/4536 4490/7228/4490
f 4491/7229/4491 4377/7039/4377 4537/7299/4537
f 4377/7039/4377 4441/7155/4441 4537/7299/4537
f 4440/7157/4440 4497/7237/4497 4444/7160/4444
f 4443/7159/4443 4496/7234/4496 4318/6948/4318
f 4381/7235/4381 4496/7234/4496 4538/7300/4538
f 4495/7233/4495 4381/7235/4381 4538/7300/4538
f 4539/7301/4539 4501/7243/4501 4540/7302/4540
f 4493/7231/4493 4276/7161/4276 4456/7303/4456
f 4497/7237/4497 4541/7304/4541 4445/7162/4445
f 4500/7242/4500 4540/7302/4540 4501/7243/4501
f 4445/7162/4445 4541/7304/4541 4323/6955/4323
f 4499/7239/4499 4540/7305/4540 4500/7240/4500
f 4323/6955/4323 4541/7304/4541 4503/7246/4503
f 4499/7239/4499 4542/7306/4542 4540/7305/4540
f 4502/7245/4502 4542/7306/4542 4499/7239/4499
f 4502/7245/4502 4504/7247/4504 4542/7306/4542
f 4503/7246/4503 4505/7307/4505 4382/7047/4382
f 4450/7308/4450 4501/7243/4501 4457/7309/4457
f 4453/7170/4453 4543/7310/4543 4454/7171/4454
f 4386/7053/4386 4544/7311/4544 4506/7250/4506
f 4454/7171/4454 4543/7310/4543 4455/7172/4455
f 4455/7172/4455 4544/7312/4544 4386/7249/4386
f 4334/6973/4334 4390/7057/4390 4507/7252/4507
f 4392/7313/4392 4282/7257/4282 4545/7314/4545
f 4393/7254/4393 4546/7315/4546 4509/7255/4509
f 4508/7316/4508 4546/7315/4546 4393/7254/4393
f 4508/7316/4508 4392/7313/4392 4546/7315/4546
f 4545/7314/4545 4546/7315/4546 4392/7313/4392
f 4511/7259/4511 4547/7317/4547 4282/7257/4282
f 4509/7255/4509 4546/7315/4546 4458/7261/4458
f 4510/7258/4510 4548/7318/4548 4511/7259/4511
f 4510/7258/4510 4512/7319/4512 4548/7318/4548
f 4510/7258/4510 4120/7260/4120 4512/7319/4512
f 4458/7261/4458 4546/7315/4546 4549/7320/4549
f 4512/7262/4512 4513/7263/4513 4550/7321/4550
f 4460/7182/4460 4513/7263/4513 4512/7262/4512
f 4512/7319/4512 4550/7322/4550 4548/7318/4548
f 4513/7263/4513 4551/7323/4551 4550/7321/4550
f 4513/7263/4513 4552/7324/4552 4551/7323/4551
f 4513/7263/4513 4514/7264/4514 4553/7325/4553
f 4513/7263/4513 4553/7325/4553 4552/7324/4552
f 4514/7264/4514 4515/7265/4515 4553/7325/4553
f 4515/7265/4515 4516/7266/4516 4553/7325/4553
f 4551/7323/4551 4554/7326/4554 4550/7321/4550
f 4551/7323/4551 4555/7327/4555 4554/7326/4554
f 4552/7324/4552 4555/7327/4555 4551/7323/4551
f 4552/7324/4552 4556/7328/4556 4555/7327/4555
f 4553/7325/4553 4556/7328/4556 4552/7324/4552
f 4553/7325/4553 4516/7266/4516 4556/7328/4556
f 4548/7318/4548 4550/7322/4550 4557/7329/4557
f 4550/7321/4550 4558/7330/4558 4557/7331/4557
f 4554/7326/4554 4559/7332/4559 4558/7330/4558
f 4550/7321/4550 4554/7326/4554 4558/7330/4558
f 4555/7327/4555 4559/7332/4559 4554/7326/4554
f 4558/7330/4558 4559/7332/4559 4560/7333/4560
f 4549/7320/4549 4561/7334/4561 4458/7261/4458
f 4558/7330/4558 4560/7333/4560 4557/7331/4557
f 4557/7331/4557 4560/7333/4560 4562/7335/4562
f 4557/7331/4557 4562/7335/4562 4563/7336/4563
f 4458/7179/4458 4561/7337/4561 4464/7190/4464
f 4563/7338/4563 4564/7339/4564 4557/7340/4557
f 4464/7190/4464 4561/7337/4561 4565/7341/4565
f 4518/7270/4518 4566/7342/4566 4407/7198/4407
f 4464/7190/4464 4565/7341/4565 4408/7092/4408
f 4518/7270/4518 4475/7206/4475 4566/7342/4566
f 4567/7343/4567 4568/7344/4568 4569/7345/4569
f 4568/7344/4568 4521/7274/4521 4569/7345/4569
f 4569/7345/4569 4521/7274/4521 4520/7273/4520
f 4188/7000/4188 4519/7271/4519 4570/7346/4570
f 4413/7347/4413 4571/7348/4571 4519/7271/4519
f 4522/7277/4522 4567/7343/4567 4569/7345/4569
f 4520/7273/4520 4522/7277/4522 4569/7345/4569
f 4188/7000/4188 4570/7346/4570 4417/7109/4417
f 4522/7277/4522 4419/7112/4419 4524/7279/4524
f 4479/7212/4479 4524/7279/4524 4419/7112/4419
f 4252/7003/4252 4572/7349/4572 4358/7004/4358
f 4299/7122/4299 4408/7350/4408 4424/7120/4424
f 4528/7287/4528 4573/7351/4573 4527/7285/4527
f 4527/7293/4527 4573/7352/4573 4531/7291/4531
f 4424/7120/4424 4573/7351/4573 4528/7287/4528
f 4424/7120/4424 4574/7353/4574 4573/7351/4573
f 4408/7350/4408 4574/7353/4574 4424/7120/4424
f 4408/7350/4408 4575/7354/4575 4574/7353/4574
f 4486/7223/4486 4532/7292/4532 4576/7355/4576
f 4310/6931/4310 4534/7295/4534 4252/7124/4252
f 4423/7119/4423 4533/7294/4533 4529/7289/4529
f 4486/7223/4486 4576/7355/4576 4577/7356/4577
f 4255/6843/4255 4578/7357/4578 4307/7358/4307
f 4255/6843/4255 4530/7290/4530 4578/7357/4578
f 4486/7359/4486 4577/7360/4577 4427/7134/4427
f 4533/7294/4533 4579/7361/4579 4529/7289/4529
f 4307/6921/4307 4578/7362/4578 4488/7225/4488
f 4140/7148/4140 4580/7363/4580 4534/7295/4534
f 4427/7134/4427 4577/7360/4577 4535/7296/4535
f 4140/7148/4140 4439/7147/4439 4580/7363/4580
f 4431/7136/4431 4535/7296/4535 4581/7364/4581
f 4436/7143/4436 4533/7294/4533 4438/7145/4438
f 4436/7143/4436 4491/7229/4491 4533/7294/4533
f 4581/7364/4581 4536/7298/4536 4431/7136/4431
f 4492/7230/4492 4582/7365/4582 4270/6868/4270
f 4582/7365/4582 4443/7366/4443 4270/6868/4270
f 4536/7298/4536 4583/7367/4583 4490/7228/4490
f 4537/7299/4537 4441/7155/4441 4494/7232/4494
f 4490/7228/4490 4583/7367/4583 4440/7150/4440
f 4584/7368/4584 4442/7156/4442 4585/7369/4585
f 4583/7367/4583 4586/7370/4586 4440/7150/4440
f 4587/7371/4587 4588/7372/4588 4496/7234/4496
f 4588/7372/4588 4589/7373/4589 4496/7234/4496
f 4589/7373/4589 4585/7369/4585 4538/7300/4538
f 4442/7156/4442 4495/7233/4495 4585/7369/4585
f 4443/7159/4443 4587/7371/4587 4496/7234/4496
f 4589/7373/4589 4538/7300/4538 4496/7234/4496
f 4585/7369/4585 4495/7233/4495 4538/7300/4538
f 4440/7157/4440 4586/7374/4586 4497/7237/4497
f 4590/7375/4590 4501/7243/4501 4591/7376/4591
f 4591/7376/4591 4501/7243/4501 4592/7377/4592
f 4590/7375/4590 4593/7378/4593 4501/7243/4501
f 4539/7301/4539 4592/7377/4592 4501/7243/4501
f 4594/7379/4594 4595/7380/4595 4497/7237/4497
f 4539/7301/4539 4540/7302/4540 4592/7377/4592
f 4540/7302/4540 4596/7381/4596 4592/7377/4592
f 4497/7237/4497 4595/7380/4595 4541/7304/4541
f 4456/7173/4456 4507/7252/4507 4597/7382/4597
f 4541/7304/4541 4595/7380/4595 4503/7246/4503
f 4540/7305/4540 4542/7306/4542 4596/7383/4596
f 4542/7306/4542 4504/7247/4504 4596/7383/4596
f 4501/7243/4501 4390/7384/4390 4457/7309/4457
f 4598/7385/4598 4390/7384/4390 4501/7243/4501
f 4505/7248/4505 4599/7386/4599 4453/7170/4453
f 4452/7169/4452 4506/7250/4506 4504/7247/4504
f 4506/7250/4506 4600/7387/4600 4504/7247/4504
f 4453/7170/4453 4601/7388/4601 4543/7310/4543
f 4453/7170/4453 4599/7386/4599 4601/7388/4601
f 4544/7312/4544 4602/7389/4602 4506/7390/4506
f 4543/7310/4543 4601/7388/4601 4455/7172/4455
f 4545/7314/4545 4603/7391/4603 4546/7315/4546
f 4545/7314/4545 4282/7257/4282 4547/7317/4547
f 4545/7314/4545 4547/7317/4547 4603/7391/4603
f 4547/7317/4547 4548/7318/4548 4603/7391/4603
f 4547/7317/4547 4511/7259/4511 4548/7318/4548
f 4546/7315/4546 4603/7391/4603 4549/7320/4549
f 4548/7318/4548 4557/7329/4557 4603/7391/4603
f 4603/7391/4603 4557/7329/4557 4549/7320/4549
f 4516/7266/4516 4604/7392/4604 4556/7328/4556
f 4559/7332/4559 4555/7327/4555 4605/7393/4605
f 4559/7332/4559 4605/7393/4605 4560/7333/4560
f 4605/7393/4605 4606/7394/4606 4560/7333/4560
f 4560/7333/4560 4606/7394/4606 4562/7335/4562
f 4562/7335/4562 4606/7394/4606 4563/7336/4563
f 4563/7338/4563 4606/7395/4606 4607/7396/4607
f 4563/7338/4563 4608/7397/4608 4564/7339/4564
f 4563/7338/4563 4607/7396/4607 4608/7397/4608
f 4557/7329/4557 4564/7398/4564 4609/7399/4609
f 4608/7397/4608 4610/7400/4610 4564/7339/4564
f 4608/7397/4608 4607/7396/4607 4610/7400/4610
f 4610/7400/4610 4607/7396/4607 4611/7401/4611
f 4610/7400/4610 4612/7402/4612 4564/7339/4564
f 4611/7401/4611 4613/7403/4613 4610/7400/4610
f 4610/7404/4610 4613/7405/4613 4612/7406/4612
f 4609/7407/4609 4564/7408/4564 4614/7409/4614
f 4614/7409/4614 4564/7408/4564 4615/7410/4615
f 4564/7408/4564 4612/7406/4612 4615/7410/4615
f 4566/7342/4566 4475/7206/4475 4616/7411/4616
f 4617/7412/4617 4618/7413/4618 4567/7343/4567
f 4618/7413/4618 4619/7414/4619 4567/7343/4567
f 4567/7343/4567 4619/7414/4619 4568/7344/4568
f 4568/7344/4568 4619/7414/4619 4521/7274/4521
f 4522/7277/4522 4617/7412/4617 4567/7343/4567
f 4570/7346/4570 4519/7271/4519 4571/7348/4571
f 4617/7412/4617 4522/7277/4522 4524/7279/4524
f 4570/7346/4570 4620/7415/4620 4417/7109/4417
f 4570/7346/4570 4571/7348/4571 4620/7415/4620
f 4413/7347/4413 4621/7416/4621 4571/7348/4571
f 4571/7348/4571 4622/7417/4622 4620/7415/4620
f 4571/7348/4571 4623/7418/4623 4622/7417/4622
f 4525/7280/4525 4524/7419/4524 4523/7281/4523
f 4417/7109/4417 4624/7420/4624 4420/7113/4420
f 4572/7349/4572 4625/7421/4625 4358/7004/4358
f 4626/7422/4626 4408/7350/4408 4565/7423/4565
f 4525/7280/4525 4627/7424/4627 4524/7419/4524
f 4526/7283/4526 4628/7425/4628 4627/7424/4627
f 4525/7280/4525 4526/7283/4526 4627/7424/4627
f 4526/7283/4526 4629/7426/4629 4628/7425/4628
f 4572/7349/4572 4252/7003/4252 4630/7427/4630
f 4573/7352/4573 4631/7428/4631 4531/7291/4531
f 4574/7353/4574 4631/7429/4631 4573/7351/4573
f 4574/7353/4574 4632/7430/4632 4631/7429/4631
f 4575/7354/4575 4632/7430/4632 4574/7353/4574
f 4408/7350/4408 4632/7430/4632 4575/7354/4575
f 4420/7113/4420 4633/7431/4633 4530/7290/4530
f 4530/7290/4530 4633/7431/4633 4634/7432/4634
f 4632/7430/4632 4408/7350/4408 4635/7433/4635
f 4636/7434/4636 4635/7433/4635 4408/7350/4408
f 4252/7435/4252 4637/7436/4637 4630/7437/4630
f 4576/7355/4576 4532/7292/4532 4638/7438/4638
f 4252/7124/4252 4534/7295/4534 4637/7439/4637
f 4481/7440/4481 4529/7441/4529 4639/7442/4639
f 4634/7432/4634 4640/7443/4640 4578/7357/4578
f 4530/7290/4530 4634/7432/4634 4578/7357/4578
f 4637/7439/4637 4534/7295/4534 4580/7363/4580
f 4488/7225/4488 4578/7362/4578 4434/7226/4434
f 4578/7444/4578 4641/7445/4641 4434/7141/4434
f 4492/7297/4492 4434/7141/4434 4641/7445/4641
f 4533/7294/4533 4537/7299/4537 4579/7361/4579
f 4491/7229/4491 4537/7299/4537 4533/7294/4533
f 4492/7230/4492 4642/7446/4642 4582/7365/4582
f 4443/7366/4443 4582/7365/4582 4643/7447/4643
f 4644/7448/4644 4439/7153/4439 4645/7449/4645
f 4584/7368/4584 4646/7450/4646 4644/7448/4644
f 4584/7368/4584 4644/7448/4644 4647/7451/4647
f 4644/7448/4644 4645/7449/4645 4647/7451/4647
f 4439/7153/4439 4647/7451/4647 4645/7449/4645
f 4643/7447/4643 4587/7452/4587 4443/7366/4443
f 4588/7372/4588 4646/7450/4646 4585/7369/4585
f 4584/7368/4584 4585/7369/4585 4646/7450/4646
f 4584/7368/4584 4647/7451/4647 4442/7156/4442
f 4442/7156/4442 4647/7451/4647 4439/7153/4439
f 4585/7369/4585 4589/7373/4589 4588/7372/4588
f 4493/7231/4493 4456/7303/4456 4648/7453/4648
f 4649/7454/4649 4650/7455/4650 4651/7456/4651
f 4593/7457/4593 4649/7454/4649 4651/7456/4651
f 4497/7237/4497 4586/7374/4586 4594/7379/4594
f 4590/7458/4590 4650/7455/4650 4649/7454/4649
f 4591/7459/4591 4650/7455/4650 4590/7458/4590
f 4591/7459/4591 4592/7460/4592 4650/7455/4650
f 4590/7458/4590 4649/7454/4649 4593/7457/4593
f 4595/7380/4595 4652/7461/4652 4503/7246/4503
f 4503/7246/4503 4652/7461/4652 4505/7307/4505
f 4505/7307/4505 4652/7461/4652 4599/7462/4599
f 4390/7384/4390 4598/7385/4598 4653/7463/4653
f 4390/7384/4390 4653/7463/4653 4507/7464/4507
f 4506/7250/4506 4602/7465/4602 4600/7387/4600
f 4601/7388/4601 4654/7466/4654 4455/7172/4455
f 4455/7172/4455 4654/7466/4654 4544/7312/4544
f 4544/7312/4544 4654/7466/4654 4602/7389/4602
f 4402/7467/4402 4342/6984/4342 4655/7468/4655
f 4342/6984/4342 4343/6985/4343 4655/7468/4655
f 4343/6985/4343 4404/7088/4404 4656/7469/4656
f 4517/7470/4517 4657/7471/4657 4404/7472/4404
f 4605/7393/4605 4658/7473/4658 4606/7394/4606
f 4517/7470/4517 4467/7474/4467 4657/7471/4657
f 4467/7474/4467 4468/7475/4468 4659/7476/4659
f 4549/7320/4549 4609/7399/4609 4561/7334/4561
f 4609/7399/4609 4549/7320/4549 4557/7329/4557
f 4606/7394/4606 4658/7473/4658 4607/7477/4607
f 4607/7396/4607 4660/7478/4660 4611/7401/4611
f 4407/7198/4407 4566/7342/4566 4468/7479/4468
f 4611/7401/4611 4660/7478/4660 4613/7403/4613
f 4613/7405/4613 4660/7480/4660 4612/7406/4612
f 4612/7406/4612 4660/7480/4660 4661/7481/4661
f 4661/7481/4661 4662/7482/4662 4612/7406/4612
f 4661/7481/4661 4660/7480/4660 4663/7483/4663
f 4661/7481/4661 4663/7483/4663 4662/7482/4662
f 4663/7483/4663 4664/7484/4664 4662/7482/4662
f 4665/7485/4665 4666/7486/4666 4667/7487/4667
f 4666/7486/4666 4668/7488/4668 4667/7487/4667
f 4617/7412/4617 4667/7487/4667 4618/7413/4618
f 4618/7413/4618 4667/7487/4667 4668/7488/4668
f 4618/7413/4618 4668/7488/4668 4619/7414/4619
f 4667/7487/4667 4524/7279/4524 4665/7485/4665
f 4617/7412/4617 4524/7279/4524 4667/7487/4667
f 4665/7485/4665 4524/7279/4524 4669/7489/4669
f 4413/7100/4413 4358/7204/4358 4670/7490/4670
f 4413/7347/4413 4671/7491/4671 4621/7416/4621
f 4358/7204/4358 4625/7492/4625 4670/7490/4670
f 4571/7348/4571 4621/7416/4621 4623/7418/4623
f 4627/7424/4627 4672/7493/4672 4524/7419/4524
f 4417/7109/4417 4620/7415/4620 4624/7420/4624
f 4673/7494/4673 4672/7493/4672 4627/7424/4627
f 4420/7113/4420 4624/7420/4624 4633/7431/4633
f 4620/7415/4620 4674/7495/4674 4624/7420/4624
f 4622/7417/4622 4675/7496/4675 4620/7415/4620
f 4620/7415/4620 4675/7496/4675 4674/7495/4674
f 4622/7417/4622 4623/7418/4623 4675/7496/4675
f 4623/7418/4623 4621/7416/4621 4676/7497/4676
f 4673/7494/4673 4628/7425/4628 4677/7498/4677
f 4628/7425/4628 4673/7494/4673 4627/7424/4627
f 4633/7431/4633 4624/7420/4624 4678/7499/4678
f 4624/7420/4624 4674/7495/4674 4679/7500/4679
f 4623/7418/4623 4676/7497/4676 4675/7496/4675
f 4572/7349/4572 4630/7427/4630 4625/7421/4625
f 4630/7427/4630 4680/7501/4680 4625/7421/4625
f 4408/7350/4408 4626/7422/4626 4636/7434/4636
f 4628/7425/4628 4629/7426/4629 4677/7498/4677
f 4674/7495/4674 4681/7502/4681 4679/7500/4679
f 4675/7496/4675 4676/7497/4676 4674/7495/4674
f 4674/7495/4674 4676/7497/4676 4681/7502/4681
f 4633/7431/4633 4678/7499/4678 4634/7432/4634
f 4624/7420/4624 4682/7503/4682 4678/7499/4678
f 4679/7500/4679 4682/7503/4682 4624/7420/4624
f 4679/7500/4679 4681/7502/4681 4682/7503/4682
f 4632/7430/4632 4683/7504/4683 4684/7505/4684
f 4635/7433/4635 4685/7506/4685 4632/7430/4632
f 4632/7430/4632 4685/7506/4685 4683/7504/4683
f 4636/7434/4636 4685/7506/4685 4635/7433/4635
f 4636/7434/4636 4686/7507/4686 4685/7506/4685
f 4636/7434/4636 4687/7508/4687 4686/7507/4686
f 4678/7499/4678 4688/7509/4688 4634/7432/4634
f 4682/7503/4682 4688/7509/4688 4678/7499/4678
f 4682/7503/4682 4681/7502/4681 4688/7509/4688
f 4532/7292/4532 4531/7291/4531 4638/7438/4638
f 4526/7510/4526 4689/7511/4689 4629/7512/4629
f 4526/7510/4526 4639/7513/4639 4689/7511/4689
f 4688/7509/4688 4640/7443/4640 4634/7432/4634
f 4688/7509/4688 4690/7514/4690 4640/7443/4640
f 4630/7437/4630 4637/7436/4637 4580/7515/4580
f 4481/7440/4481 4639/7442/4639 4526/7516/4526
f 4576/7355/4576 4638/7438/4638 4577/7356/4577
f 4640/7443/4640 4690/7514/4690 4578/7357/4578
f 4578/7517/4578 4690/7518/4690 4691/7519/4691
f 4578/7444/4578 4691/7520/4691 4641/7445/4641
f 4692/7521/4692 4535/7296/4535 4577/7360/4577
f 4439/7153/4439 4693/7522/4693 4580/7515/4580
f 4692/7521/4692 4581/7364/4581 4535/7296/4535
f 4579/7361/4579 4537/7299/4537 4648/7453/4648
f 4693/7522/4693 4439/7153/4439 4644/7448/4644
f 4537/7299/4537 4494/7232/4494 4648/7453/4648
f 4694/7523/4694 4583/7367/4583 4536/7298/4536
f 4493/7231/4493 4648/7453/4648 4494/7232/4494
f 4695/7524/4695 4646/7450/4646 4588/7372/4588
f 4696/7525/4696 4593/7457/4593 4650/7455/4650
f 4650/7455/4650 4593/7457/4593 4651/7456/4651
f 4456/7303/4456 4597/7526/4597 4648/7453/4648
f 4598/7385/4598 4501/7243/4501 4593/7378/4593
f 4697/7527/4697 4594/7379/4594 4586/7374/4586
f 4592/7460/4592 4698/7528/4698 4650/7455/4650
f 4597/7529/4597 4507/7464/4507 4653/7463/4653
f 4592/7377/4592 4596/7381/4596 4698/7530/4698
f 4699/7531/4699 4504/7247/4504 4700/7532/4700
f 4699/7531/4699 4596/7383/4596 4504/7247/4504
f 4701/7533/4701 4599/7462/4599 4652/7461/4652
f 4702/7534/4702 4504/7247/4504 4600/7387/4600
f 4700/7532/4700 4504/7247/4504 4702/7534/4702
f 4701/7535/4701 4703/7536/4703 4599/7386/4599
f 4703/7536/4703 4601/7388/4601 4599/7386/4599
f 4704/7537/4704 4600/7538/4600 4602/7389/4602
f 4656/7469/4656 4655/7468/4655 4343/6985/4343
f 4705/7539/4705 4657/7471/4657 4467/7474/4467
f 4705/7539/4705 4467/7474/4467 4659/7476/4659
f 4468/7475/4468 4566/7540/4566 4706/7541/4706
f 4660/7480/4660 4707/7542/4707 4663/7483/4663
f 4609/7543/4609 4708/7544/4708 4561/7337/4561
f 4707/7542/4707 4664/7484/4664 4663/7483/4663
f 4561/7337/4561 4709/7545/4709 4565/7341/4565
f 4664/7484/4664 4710/7546/4710 4662/7482/4662
f 4711/7547/4711 4664/7484/4664 4707/7542/4707
f 4711/7547/4711 4710/7546/4710 4664/7484/4664
f 4712/7548/4712 4665/7549/4665 4713/7550/4713
f 4712/7551/4712 4714/7552/4714 4665/7553/4665
f 4714/7552/4714 4666/7554/4666 4665/7553/4665
f 4714/7555/4714 4668/7488/4668 4666/7486/4666
f 4715/7556/4715 4710/7546/4710 4711/7547/4711
f 4713/7557/4713 4716/7558/4716 4717/7559/4717
f 4713/7557/4713 4665/7560/4665 4716/7558/4716
f 4614/7409/4614 4615/7410/4615 4673/7494/4673
f 4612/7406/4612 4662/7482/4662 4615/7410/4615
f 4662/7482/4662 4718/7561/4718 4615/7410/4615
f 4710/7546/4710 4719/7562/4719 4662/7482/4662
f 4662/7482/4662 4719/7562/4719 4718/7561/4718
f 4715/7556/4715 4719/7562/4719 4710/7546/4710
f 4669/7563/4669 4716/7558/4716 4665/7560/4665
f 4716/7558/4716 4718/7561/4718 4719/7562/4719
f 4716/7558/4716 4524/7419/4524 4718/7561/4718
f 4524/7419/4524 4716/7558/4716 4669/7563/4669
f 4413/7347/4413 4670/7564/4670 4671/7491/4671
f 4718/7561/4718 4720/7565/4720 4615/7410/4615
f 4718/7561/4718 4672/7493/4672 4720/7565/4720
f 4524/7419/4524 4672/7493/4672 4718/7561/4718
f 4720/7565/4720 4672/7493/4672 4615/7410/4615
f 4615/7410/4615 4672/7493/4672 4673/7494/4673
f 4673/7494/4673 4721/7566/4721 4614/7409/4614
f 4670/7567/4670 4625/7568/4625 4680/7569/4680
f 4709/7570/4709 4626/7571/4626 4565/7572/4565
f 4673/7494/4673 4677/7498/4677 4721/7566/4721
f 4677/7498/4677 4629/7426/4629 4721/7566/4721
f 4676/7497/4676 4621/7416/4621 4722/7573/4722
f 4723/7574/4723 4531/7291/4531 4631/7428/4631
f 4684/7505/4684 4631/7429/4631 4632/7430/4632
f 4724/7575/4724 4676/7497/4676 4722/7573/4722
f 4683/7504/4683 4685/7506/4685 4686/7507/4686
f 4636/7434/4636 4626/7422/4626 4687/7508/4687
f 4681/7502/4681 4676/7497/4676 4724/7575/4724
f 4683/7504/4683 4686/7507/4686 4725/7576/4725
f 4725/7576/4725 4686/7507/4686 4687/7508/4687
f 4626/7422/4626 4726/7577/4726 4687/7508/4687
f 4725/7576/4725 4687/7508/4687 4727/7578/4727
f 4687/7508/4687 4726/7577/4726 4727/7578/4727
f 4724/7575/4724 4688/7509/4688 4681/7502/4681
f 4728/7579/4728 4577/7356/4577 4638/7438/4638
f 4729/7580/4729 4690/7514/4690 4688/7509/4688
f 4724/7581/4724 4729/7582/4729 4688/7583/4688
f 4728/7584/4728 4730/7585/4730 4577/7360/4577
f 4729/7582/4729 4691/7519/4691 4690/7518/4690
f 4641/7586/4641 4691/7519/4691 4729/7582/4729
f 4731/7587/4731 4580/7515/4580 4693/7522/4693
f 4577/7360/4577 4730/7585/4730 4692/7521/4692
f 4529/7289/4529 4579/7361/4579 4732/7588/4732
f 4729/7582/4729 4492/7230/4492 4641/7586/4641
f 4581/7364/4581 4692/7521/4692 4536/7298/4536
f 4579/7361/4579 4648/7453/4648 4733/7589/4733
f 4733/7589/4733 4648/7453/4648 4734/7590/4734
f 4642/7446/4642 4643/7447/4643 4582/7365/4582
f 4642/7446/4642 4735/7591/4735 4643/7447/4643
f 4735/7591/4735 4587/7452/4587 4643/7447/4643
f 4646/7450/4646 4695/7524/4695 4644/7448/4644
f 4587/7371/4587 4695/7524/4695 4588/7372/4588
f 4694/7523/4694 4736/7592/4736 4583/7367/4583
f 4737/7593/4737 4593/7457/4593 4738/7594/4738
f 4738/7594/4738 4593/7457/4593 4739/7595/4739
f 4583/7367/4583 4736/7592/4736 4586/7370/4586
f 4593/7457/4593 4696/7525/4696 4739/7595/4739
f 4696/7525/4696 4650/7455/4650 4739/7595/4739
f 4736/7596/4736 4740/7597/4740 4586/7374/4586
f 4593/7378/4593 4741/7598/4741 4598/7385/4598
f 4741/7598/4741 4653/7463/4653 4598/7385/4598
f 4594/7379/4594 4697/7527/4697 4595/7380/4595
f 4698/7530/4698 4596/7381/4596 4699/7599/4699
f 4742/7600/4742 4595/7380/4595 4697/7527/4697
f 4595/7380/4595 4743/7601/4743 4652/7461/4652
f 4742/7600/4742 4743/7601/4743 4595/7380/4595
f 4652/7461/4652 4743/7601/4743 4701/7533/4701
f 4702/7602/4702 4600/7538/4600 4704/7537/4704
f 4703/7536/4703 4654/7466/4654 4601/7388/4601
f 4654/7466/4654 4744/7603/4744 4602/7389/4602
f 4602/7389/4602 4744/7603/4744 4704/7537/4704
f 4556/7328/4556 4745/7604/4745 4555/7327/4555
f 4555/7327/4555 4745/7604/4745 4605/7393/4605
f 4404/7472/4404 4657/7471/4657 4656/7605/4656
f 4745/7604/4745 4746/7606/4746 4605/7393/4605
f 4605/7393/4605 4746/7606/4746 4658/7473/4658
f 4607/7396/4607 4747/7607/4747 4660/7478/4660
f 4468/7475/4468 4706/7541/4706 4659/7476/4659
f 4748/7608/4748 4660/7478/4660 4747/7607/4747
f 4749/7609/4749 4475/7276/4475 4521/7274/4521
f 4749/7610/4749 4616/7411/4616 4475/7206/4475
f 4713/7557/4713 4750/7611/4750 4751/7612/4751
f 4713/7550/4713 4751/7613/4751 4712/7548/4712
f 4712/7551/4712 4751/7614/4751 4714/7552/4714
f 4707/7542/4707 4752/7615/4752 4715/7556/4715
f 4711/7547/4711 4707/7542/4707 4715/7556/4715
f 4752/7615/4752 4750/7611/4750 4717/7559/4717
f 4707/7542/4707 4750/7611/4750 4752/7615/4752
f 4713/7557/4713 4717/7559/4717 4750/7611/4750
f 4715/7556/4715 4752/7615/4752 4719/7562/4719
f 4752/7615/4752 4716/7558/4716 4719/7562/4719
f 4717/7559/4717 4716/7558/4716 4752/7615/4752
f 4708/7544/4708 4709/7545/4709 4561/7337/4561
f 4609/7407/4609 4614/7409/4614 4708/7616/4708
f 4614/7617/4614 4753/7618/4753 4708/7619/4708
f 4614/7409/4614 4721/7566/4721 4753/7620/4753
f 4671/7621/4671 4670/7567/4670 4680/7569/4680
f 4721/7622/4721 4754/7623/4754 4753/7624/4753
f 4721/7566/4721 4629/7426/4629 4754/7625/4754
f 4671/7491/4671 4722/7573/4722 4621/7416/4621
f 4631/7429/4631 4755/7626/4755 4723/7627/4723
f 4755/7626/4755 4631/7429/4631 4684/7505/4684
f 4531/7291/4531 4723/7574/4723 4756/7628/4756
f 4680/7629/4680 4630/7437/4630 4757/7630/4757
f 4531/7291/4531 4756/7628/4756 4638/7438/4638
f 4683/7504/4683 4725/7576/4725 4758/7631/4758
f 4629/7512/4629 4689/7511/4689 4759/7632/4759
f 4630/7437/4630 4580/7515/4580 4757/7630/4757
f 4725/7576/4725 4727/7578/4727 4758/7631/4758
f 4727/7578/4727 4760/7633/4760 4758/7631/4758
f 4727/7578/4727 4726/7577/4726 4760/7633/4760
f 4726/7577/4726 4761/7634/4761 4760/7633/4760
f 4626/7422/4626 4761/7634/4761 4726/7577/4726
f 4761/7634/4761 4762/7635/4762 4760/7633/4760
f 4692/7521/4692 4730/7585/4730 4763/7636/4763
f 4529/7289/4529 4732/7588/4732 4639/7637/4639
f 4729/7582/4729 4764/7638/4764 4492/7230/4492
f 4732/7588/4732 4579/7361/4579 4733/7589/4733
f 4492/7230/4492 4764/7638/4764 4765/7639/4765
f 4693/7522/4693 4644/7448/4644 4731/7587/4731
f 4492/7230/4492 4765/7639/4765 4642/7446/4642
f 4692/7521/4692 4766/7640/4766 4536/7298/4536
f 4766/7640/4766 4694/7523/4694 4536/7298/4536
f 4737/7641/4737 4767/7642/4767 4768/7643/4768
f 4768/7644/4768 4769/7645/4769 4737/7646/4737
f 4737/7641/4737 4770/7647/4770 4767/7642/4767
f 4737/7646/4737 4741/7648/4741 4593/7649/4593
f 4738/7594/4738 4770/7650/4770 4737/7593/4737
f 4738/7594/4738 4739/7595/4739 4770/7650/4770
f 4694/7523/4694 4771/7651/4771 4736/7592/4736
f 4772/7652/4772 4597/7529/4597 4653/7463/4653
f 4650/7455/4650 4773/7653/4773 4739/7595/4739
f 4697/7527/4697 4740/7597/4740 4774/7654/4774
f 4586/7374/4586 4740/7597/4740 4697/7527/4697
f 4650/7455/4650 4698/7528/4698 4773/7653/4773
f 4698/7528/4698 4775/7655/4775 4773/7653/4773
f 4699/7656/4699 4775/7655/4775 4698/7528/4698
f 4743/7601/4743 4776/7657/4776 4701/7533/4701
f 4776/7658/4776 4777/7659/4777 4701/7535/4701
f 4701/7535/4701 4777/7659/4777 4703/7536/4703
f 4702/7660/4702 4778/7661/4778 4700/7662/4700
f 4703/7536/4703 4779/7663/4779 4654/7466/4654
f 4779/7663/4779 4744/7603/4744 4654/7466/4654
f 4704/7537/4704 4778/7664/4778 4702/7602/4702
f 4556/7328/4556 4604/7392/4604 4745/7604/4745
f 4745/7604/4745 4780/7665/4780 4746/7606/4746
f 4658/7473/4658 4746/7606/4746 4747/7666/4747
f 4658/7667/4658 4747/7607/4747 4607/7396/4607
f 4748/7668/4748 4707/7542/4707 4660/7480/4660
f 4750/7611/4750 4781/7669/4781 4751/7612/4751
f 4707/7542/4707 4781/7669/4781 4750/7611/4750
f 4708/7619/4708 4753/7618/4753 4709/7570/4709
f 4753/7618/4753 4754/7670/4754 4709/7570/4709
f 4709/7570/4709 4754/7670/4754 4782/7671/4782
f 4683/7504/4683 4783/7672/4783 4684/7505/4684
f 4629/7673/4629 4782/7674/4782 4754/7675/4754
f 4728/7579/4728 4638/7438/4638 4784/7676/4784
f 4756/7628/4756 4784/7676/4784 4638/7438/4638
f 4728/7584/4728 4763/7636/4763 4730/7585/4730
f 4626/7571/4626 4709/7570/4709 4761/7677/4761
f 4580/7515/4580 4731/7587/4731 4757/7630/4757
f 4761/7634/4761 4785/7678/4785 4762/7635/4762
f 4639/7679/4639 4732/7680/4732 4786/7681/4786
f 4729/7582/4729 4724/7581/4724 4764/7638/4764
f 4763/7636/4763 4787/7682/4787 4692/7521/4692
f 4785/7678/4785 4761/7634/4761 4788/7683/4788
f 4761/7634/4761 4789/7684/4789 4788/7683/4788
f 4732/7680/4732 4734/7685/4734 4786/7681/4786
f 4732/7588/4732 4733/7589/4733 4734/7590/4734
f 4788/7683/4788 4790/7686/4790 4785/7678/4785
f 4788/7683/4788 4789/7684/4789 4790/7686/4790
f 4787/7682/4787 4766/7640/4766 4692/7521/4692
f 4789/7687/4789 4769/7645/4769 4791/7688/4791
f 4648/7453/4648 4597/7526/4597 4734/7590/4734
f 4642/7446/4642 4792/7689/4792 4735/7591/4735
f 4766/7640/4766 4771/7651/4771 4694/7523/4694
f 4768/7644/4768 4791/7688/4791 4769/7645/4769
f 4768/7643/4768 4793/7690/4793 4791/7691/4791
f 4767/7642/4767 4794/7692/4794 4768/7643/4768
f 4768/7643/4768 4794/7692/4794 4793/7690/4793
f 4769/7645/4769 4741/7648/4741 4737/7646/4737
f 4587/7371/4587 4735/7693/4735 4695/7524/4695
f 4767/7642/4767 4770/7647/4770 4794/7692/4794
f 4770/7650/4770 4739/7595/4739 4794/7694/4794
f 4739/7595/4739 4795/7695/4795 4794/7694/4794
f 4771/7651/4771 4796/7696/4796 4736/7592/4736
f 4797/7697/4797 4653/7463/4653 4741/7598/4741
f 4736/7596/4736 4796/7698/4796 4740/7597/4740
f 4740/7597/4740 4796/7698/4796 4774/7654/4774
f 4774/7654/4774 4742/7600/4742 4697/7527/4697
f 4743/7601/4743 4742/7600/4742 4776/7657/4776
f 4699/7656/4699 4798/7699/4798 4775/7655/4775
f 4700/7662/4700 4798/7699/4798 4699/7656/4699
f 4700/7662/4700 4778/7661/4778 4798/7699/4798
f 4777/7659/4777 4779/7663/4779 4703/7536/4703
f 4744/7603/4744 4799/7700/4799 4704/7537/4704
f 4704/7537/4704 4799/7700/4799 4778/7664/4778
f 4604/7701/4604 4800/7702/4800 4745/7703/4745
f 4657/7471/4657 4801/7704/4801 4656/7605/4656
f 4657/7471/4657 4705/7539/4705 4801/7704/4801
f 4705/7539/4705 4802/7705/4802 4801/7704/4801
f 4780/7665/4780 4803/7706/4803 4746/7606/4746
f 4746/7707/4746 4803/7708/4803 4747/7709/4747
f 4705/7539/4705 4659/7476/4659 4802/7705/4802
f 4747/7607/4747 4804/7710/4804 4748/7608/4748
f 4748/7711/4748 4804/7712/4804 4707/7713/4707
f 4616/7714/4616 4805/7715/4805 4566/7540/4566
f 4619/7414/4619 4668/7488/4668 4806/7716/4806
f 4619/7414/4619 4749/7609/4749 4521/7274/4521
f 4723/7574/4723 4755/7717/4755 4807/7718/4807
f 4684/7505/4684 4783/7672/4783 4755/7626/4755
f 4683/7504/4683 4808/7719/4808 4783/7672/4783
f 4683/7504/4683 4758/7631/4758 4808/7719/4808
f 4629/7673/4629 4809/7720/4809 4782/7674/4782
f 4629/7512/4629 4759/7632/4759 4809/7721/4809
f 4760/7633/4760 4762/7635/4762 4758/7631/4758
f 4709/7570/4709 4782/7671/4782 4741/7648/4741
f 4761/7677/4761 4709/7570/4709 4741/7648/4741
f 4785/7678/4785 4810/7722/4810 4762/7635/4762
f 4761/7677/4761 4741/7648/4741 4789/7687/4789
f 4786/7723/4786 4734/7724/4734 4772/7725/4772
f 4764/7638/4764 4811/7726/4811 4765/7639/4765
f 4790/7686/4790 4812/7727/4812 4810/7722/4810
f 4790/7686/4790 4810/7722/4810 4785/7678/4785
f 4790/7686/4790 4789/7684/4789 4812/7727/4812
f 4642/7446/4642 4765/7639/4765 4811/7726/4811
f 4811/7726/4811 4792/7689/4792 4642/7446/4642
f 4789/7684/4789 4791/7728/4791 4812/7727/4812
f 4741/7648/4741 4769/7645/4769 4789/7687/4789
f 4597/7526/4597 4772/7729/4772 4734/7590/4734
f 4791/7691/4791 4793/7690/4793 4812/7730/4812
f 4793/7690/4793 4813/7731/4813 4812/7730/4812
f 4793/7690/4793 4794/7692/4794 4813/7731/4813
f 4644/7448/4644 4695/7524/4695 4814/7732/4814
f 4739/7595/4739 4815/7733/4815 4795/7695/4795
f 4797/7697/4797 4816/7734/4816 4653/7463/4653
f 4653/7463/4653 4816/7734/4816 4772/7652/4772
f 4739/7595/4739 4773/7653/4773 4815/7733/4815
f 4773/7653/4773 4775/7655/4775 4815/7733/4815
f 4799/7700/4799 4817/7735/4817 4778/7664/4778
f 4776/7658/4776 4779/7663/4779 4777/7659/4777
f 4744/7603/4744 4779/7663/4779 4799/7700/4799
f 4402/7736/4402 4655/7737/4655 4516/7738/4516
f 4802/7705/4802 4818/7739/4818 4801/7704/4801
f 4802/7705/4802 4819/7740/4819 4818/7739/4818
f 4802/7705/4802 4659/7476/4659 4819/7740/4819
f 4659/7476/4659 4820/7741/4820 4819/7740/4819
f 4619/7414/4619 4806/7716/4806 4749/7609/4749
f 4781/7669/4781 4821/7742/4821 4751/7612/4751
f 4781/7669/4781 4707/7542/4707 4821/7742/4821
f 4756/7628/4756 4723/7574/4723 4822/7743/4822
f 4723/7574/4723 4807/7718/4807 4822/7743/4822
f 4784/7676/4784 4756/7628/4756 4822/7743/4822
f 4758/7631/4758 4823/7744/4823 4808/7719/4808
f 4680/7569/4680 4824/7745/4824 4671/7621/4671
f 4680/7629/4680 4757/7630/4757 4824/7746/4824
f 4728/7584/4728 4825/7747/4825 4763/7636/4763
f 4784/7676/4784 4825/7748/4825 4728/7579/4728
f 4762/7635/4762 4823/7744/4823 4758/7631/4758
f 4825/7747/4825 4787/7682/4787 4763/7636/4763
f 4639/7749/4639 4786/7723/4786 4689/7750/4689
f 4689/7750/4689 4786/7723/4786 4826/7751/4826
f 4724/7581/4724 4827/7752/4827 4764/7638/4764
f 4731/7587/4731 4814/7732/4814 4757/7630/4757
f 4786/7723/4786 4772/7725/4772 4826/7751/4826
f 4764/7638/4764 4827/7752/4827 4811/7726/4811
f 4731/7587/4731 4644/7448/4644 4814/7732/4814
f 4812/7730/4812 4813/7731/4813 4810/7753/4810
f 4792/7689/4792 4811/7726/4811 4735/7591/4735
f 4811/7726/4811 4814/7754/4814 4735/7591/4735
f 4787/7682/4787 4828/7755/4828 4766/7640/4766
f 4695/7524/4695 4735/7693/4735 4814/7732/4814
f 4766/7640/4766 4828/7755/4828 4771/7651/4771
f 4794/7692/4794 4795/7756/4795 4813/7731/4813
f 4771/7651/4771 4829/7757/4829 4796/7696/4796
f 4796/7698/4796 4829/7758/4829 4774/7654/4774
f 4774/7654/4774 4829/7758/4829 4830/7759/4830
f 4774/7654/4774 4830/7759/4830 4742/7600/4742
f 4831/7760/4831 4776/7657/4776 4742/7600/4742
f 4817/7761/4817 4832/7762/4832 4778/7661/4778
f 4798/7699/4798 4778/7661/4778 4832/7762/4832
f 4776/7658/4776 4833/7763/4833 4779/7663/4779
f 4799/7700/4799 4834/7764/4834 4817/7735/4817
f 4779/7663/4779 4834/7764/4834 4799/7700/4799
f 4801/7704/4801 4835/7765/4835 4656/7605/4656
f 4745/7604/4745 4803/7706/4803 4780/7665/4780
f 4803/7708/4803 4804/7766/4804 4747/7709/4747
f 4659/7476/4659 4706/7541/4706 4820/7741/4820
f 4706/7541/4706 4566/7540/4566 4805/7715/4805
f 4749/7609/4749 4806/7716/4806 4805/7767/4805
f 4749/7610/4749 4805/7768/4805 4616/7411/4616
f 4822/7743/4822 4807/7718/4807 4836/7769/4836
f 4755/7717/4755 4837/7770/4837 4807/7718/4807
f 4807/7718/4807 4837/7770/4837 4836/7769/4836
f 4755/7626/4755 4783/7672/4783 4837/7771/4837
f 4808/7719/4808 4838/7772/4838 4783/7672/4783
f 4823/7744/4823 4838/7772/4838 4808/7719/4808
f 4722/7773/4722 4671/7774/4671 4839/7775/4839
f 4671/7774/4671 4824/7776/4824 4839/7775/4839
f 4782/7674/4782 4809/7720/4809 4840/7777/4840
f 4722/7773/4722 4839/7775/4839 4724/7581/4724
f 4762/7635/4762 4810/7722/4810 4823/7744/4823
f 4782/7671/4782 4841/7778/4841 4741/7648/4741
f 4724/7581/4724 4839/7775/4839 4827/7752/4827
f 4824/7746/4824 4757/7630/4757 4814/7732/4814
f 4689/7511/4689 4826/7779/4826 4759/7632/4759
f 4825/7747/4825 4842/7780/4842 4787/7682/4787
f 4841/7781/4841 4797/7697/4797 4741/7598/4741
f 4787/7682/4787 4842/7780/4842 4828/7755/4828
f 4810/7753/4810 4813/7731/4813 4843/7782/4843
f 4844/7783/4844 4772/7652/4772 4816/7734/4816
f 4813/7731/4813 4795/7756/4795 4845/7784/4845
f 4815/7733/4815 4845/7785/4845 4795/7695/4795
f 4815/7733/4815 4846/7786/4846 4845/7785/4845
f 4775/7655/4775 4847/7787/4847 4815/7733/4815
f 4847/7787/4847 4775/7655/4775 4848/7788/4848
f 4830/7759/4830 4831/7760/4831 4742/7600/4742
f 4849/7789/4849 4848/7788/4848 4798/7699/4798
f 4798/7699/4798 4848/7788/4848 4775/7655/4775
f 4776/7658/4776 4831/7790/4831 4833/7763/4833
f 4832/7762/4832 4849/7789/4849 4798/7699/4798
f 4833/7763/4833 4850/7791/4850 4779/7663/4779
f 4817/7761/4817 4851/7792/4851 4832/7762/4832
f 4779/7663/4779 4850/7791/4850 4834/7764/4834
f 4707/7542/4707 4852/7793/4852 4821/7742/4821
f 4714/7555/4714 4806/7716/4806 4668/7488/4668
f 4751/7614/4751 4821/7794/4821 4714/7552/4714
f 4836/7769/4836 4853/7795/4853 4822/7743/4822
f 4783/7672/4783 4838/7772/4838 4837/7771/4837
f 4822/7743/4822 4853/7795/4853 4784/7676/4784
f 4838/7772/4838 4823/7744/4823 4854/7796/4854
f 4853/7795/4853 4825/7748/4825 4784/7676/4784
f 4782/7674/4782 4855/7797/4855 4841/7781/4841
f 4782/7674/4782 4816/7734/4816 4855/7797/4855
f 4782/7674/4782 4840/7777/4840 4816/7734/4816
f 4809/7720/4809 4844/7783/4844 4840/7777/4840
f 4759/7798/4759 4844/7783/4844 4809/7720/4809
f 4759/7632/4759 4826/7779/4826 4844/7799/4844
f 4839/7775/4839 4814/7754/4814 4827/7752/4827
f 4824/7776/4824 4814/7754/4814 4839/7775/4839
f 4826/7779/4826 4772/7800/4772 4844/7799/4844
f 4811/7726/4811 4827/7752/4827 4814/7754/4814
f 4843/7782/4843 4813/7731/4813 4845/7784/4845
f 4828/7755/4828 4856/7801/4856 4771/7651/4771
f 4771/7651/4771 4856/7801/4856 4829/7757/4829
f 4815/7733/4815 4847/7787/4847 4846/7786/4846
f 4830/7759/4830 4857/7802/4857 4831/7760/4831
f 4857/7803/4857 4858/7804/4858 4831/7790/4831
f 4831/7790/4831 4858/7804/4858 4833/7763/4833
f 4858/7804/4858 4859/7805/4859 4833/7763/4833
f 4817/7735/4817 4834/7764/4834 4860/7806/4860
f 4817/7761/4817 4861/7807/4861 4851/7792/4851
f 4850/7791/4850 4862/7808/4862 4834/7764/4834
f 4656/7605/4656 4835/7765/4835 4655/7809/4655
f 4863/7810/4863 4800/7811/4800 4604/7812/4604
f 4800/7702/4800 4864/7813/4864 4745/7703/4745
f 4818/7739/4818 4865/7814/4865 4801/7704/4801
f 4745/7703/4745 4866/7815/4866 4803/7708/4803
f 4819/7740/4819 4867/7816/4867 4818/7739/4818
f 4803/7708/4803 4866/7815/4866 4804/7766/4804
f 4819/7740/4819 4820/7741/4820 4867/7816/4867
f 4804/7712/4804 4868/7817/4868 4707/7713/4707
f 4707/7713/4707 4868/7817/4868 4852/7818/4852
f 4806/7716/4806 4869/7819/4869 4805/7767/4805
f 4714/7552/4714 4821/7794/4821 4870/7820/4870
f 4853/7795/4853 4836/7769/4836 4871/7821/4871
f 4836/7769/4836 4837/7770/4837 4871/7821/4871
f 4854/7822/4854 4872/7823/4872 4838/7824/4838
f 4853/7795/4853 4873/7825/4873 4825/7748/4825
f 4825/7748/4825 4873/7825/4873 4874/7826/4874
f 4823/7744/4823 4875/7827/4875 4854/7796/4854
f 4825/7747/4825 4874/7828/4874 4842/7780/4842
f 4823/7744/4823 4810/7722/4810 4875/7827/4875
f 4810/7753/4810 4843/7782/4843 4875/7829/4875
f 4841/7781/4841 4855/7797/4855 4797/7697/4797
f 4816/7734/4816 4797/7697/4797 4855/7797/4855
f 4816/7734/4816 4840/7777/4840 4844/7783/4844
f 4842/7780/4842 4874/7828/4874 4828/7755/4828
f 4843/7782/4843 4876/7830/4876 4875/7829/4875
f 4845/7784/4845 4877/7831/4877 4843/7782/4843
f 4828/7755/4828 4874/7828/4874 4856/7801/4856
f 4845/7784/4845 4878/7832/4878 4877/7831/4877
f 4845/7784/4845 4846/7833/4846 4878/7832/4878
f 4846/7786/4846 4847/7787/4847 4878/7834/4878
f 4830/7759/4830 4879/7835/4879 4857/7802/4857
f 4847/7787/4847 4848/7788/4848 4880/7836/4880
f 4861/7807/4861 4881/7837/4881 4851/7792/4851
f 4832/7762/4832 4851/7792/4851 4849/7789/4849
f 4817/7761/4817 4860/7838/4860 4861/7807/4861
f 4833/7763/4833 4859/7805/4859 4850/7791/4850
f 4516/7839/4516 4882/7840/4882 4604/7841/4604
f 4864/7813/4864 4866/7815/4866 4745/7703/4745
f 4818/7739/4818 4867/7816/4867 4865/7814/4865
f 4706/7541/4706 4883/7842/4883 4820/7741/4820
f 4837/7843/4837 4884/7844/4884 4871/7845/4871
f 4837/7846/4837 4838/7824/4838 4884/7847/4884
f 4853/7795/4853 4871/7821/4871 4885/7848/4885
f 4871/7845/4871 4884/7844/4884 4885/7849/4885
f 4838/7824/4838 4872/7823/4872 4884/7847/4884
f 4853/7795/4853 4885/7848/4885 4873/7825/4873
f 4874/7826/4874 4873/7825/4873 4886/7850/4886
f 4885/7848/4885 4886/7850/4886 4873/7825/4873
f 4854/7822/4854 4875/7829/4875 4872/7823/4872
f 4872/7823/4872 4875/7829/4875 4887/7851/4887
f 4887/7851/4887 4875/7829/4875 4876/7830/4876
f 4843/7782/4843 4877/7831/4877 4876/7830/4876
f 4874/7828/4874 4888/7852/4888 4856/7801/4856
f 4888/7852/4888 4889/7853/4889 4856/7801/4856
f 4890/7854/4890 4891/7855/4891 4892/7856/4892
f 4890/7857/4890 4893/7858/4893 4891/7859/4891
f 4878/7832/4878 4894/7860/4894 4877/7831/4877
f 4856/7801/4856 4889/7853/4889 4829/7757/4829
f 4892/7856/4892 4891/7855/4891 4895/7861/4895
f 4893/7858/4893 4896/7862/4896 4891/7859/4891
f 4889/7853/4889 4897/7863/4897 4829/7757/4829
f 4878/7834/4878 4847/7787/4847 4894/7864/4894
f 4898/7865/4898 4895/7866/4895 4899/7867/4899
f 4829/7757/4829 4897/7863/4897 4830/7868/4830
f 4830/7868/4830 4897/7863/4897 4879/7869/4879
f 4895/7870/4895 4900/7871/4900 4899/7872/4899
f 4891/7873/4891 4901/7874/4901 4902/7875/4902
f 4895/7870/4895 4891/7873/4891 4902/7875/4902
f 4895/7870/4895 4902/7875/4902 4900/7871/4900
f 4902/7875/4902 4901/7874/4901 4903/7876/4903
f 4894/7864/4894 4880/7836/4880 4904/7877/4904
f 4847/7787/4847 4880/7836/4880 4894/7864/4894
f 4902/7875/4902 4881/7837/4881 4900/7871/4900
f 4902/7875/4902 4903/7876/4903 4881/7837/4881
f 4904/7877/4904 4849/7789/4849 4905/7878/4905
f 4848/7788/4848 4849/7789/4849 4880/7836/4880
f 4880/7836/4880 4849/7789/4849 4904/7877/4904
f 4857/7803/4857 4906/7879/4906 4858/7804/4858
f 4861/7807/4861 4900/7871/4900 4881/7837/4881
f 4851/7792/4851 4881/7837/4881 4903/7876/4903
f 4851/7792/4851 4903/7876/4903 4905/7878/4905
f 4851/7792/4851 4905/7878/4905 4849/7789/4849
f 4858/7804/4858 4906/7879/4906 4859/7805/4859
f 4906/7879/4906 4907/7880/4907 4859/7805/4859
f 4908/7881/4908 4860/7806/4860 4862/7808/4862
f 4861/7807/4861 4860/7838/4860 4908/7882/4908
f 4900/7871/4900 4861/7807/4861 4908/7882/4908
f 4859/7805/4859 4862/7808/4862 4850/7791/4850
f 4907/7880/4907 4862/7808/4862 4859/7805/4859
f 4834/7764/4834 4862/7808/4862 4860/7806/4860
f 4604/7812/4604 4882/7883/4882 4863/7810/4863
f 4820/7741/4820 4883/7842/4883 4909/7884/4909
f 4706/7541/4706 4805/7715/4805 4883/7842/4883
f 4852/7885/4852 4910/7886/4910 4821/7794/4821
f 4884/7844/4884 4911/7887/4911 4885/7849/4885
f 4872/7823/4872 4912/7888/4912 4884/7847/4884
f 4872/7823/4872 4887/7851/4887 4912/7888/4912
f 4912/7888/4912 4913/7889/4913 4914/7890/4914
f 4912/7888/4912 4887/7851/4887 4913/7889/4913
f 4886/7850/4886 4915/7891/4915 4874/7826/4874
f 4914/7890/4914 4913/7889/4913 4916/7892/4916
f 4887/7851/4887 4917/7893/4917 4913/7889/4913
f 4915/7891/4915 4888/7894/4888 4874/7826/4874
f 4913/7889/4913 4918/7895/4918 4916/7892/4916
f 4913/7889/4913 4919/7896/4919 4918/7895/4918
f 4913/7889/4913 4917/7893/4917 4919/7896/4919
f 4876/7830/4876 4917/7893/4917 4887/7851/4887
f 4914/7897/4914 4920/7898/4920 4921/7899/4921
f 4921/7899/4921 4920/7898/4920 4922/7900/4922
f 4914/7897/4914 4892/7856/4892 4920/7898/4920
f 4914/7897/4914 4916/7901/4916 4892/7856/4892
f 4916/7892/4916 4918/7895/4918 4890/7857/4890
f 4888/7902/4888 4923/7903/4923 4924/7904/4924
f 4922/7900/4922 4925/7905/4925 4926/7906/4926
f 4922/7900/4922 4920/7898/4920 4925/7905/4925
f 4892/7856/4892 4916/7901/4916 4890/7854/4890
f 4876/7830/4876 4877/7831/4877 4917/7893/4917
f 4917/7893/4917 4877/7831/4877 4927/7907/4927
f 4888/7852/4888 4928/7908/4928 4889/7853/4889
f 4924/7909/4924 4929/7910/4929 4888/7911/4888
f 4888/7912/4888 4929/7913/4929 4928/7914/4928
f 4923/7903/4923 4929/7915/4929 4924/7904/4924
f 4890/7857/4890 4918/7895/4918 4893/7858/4893
f 4919/7896/4919 4930/7916/4930 4918/7895/4918
f 4918/7895/4918 4930/7916/4930 4893/7858/4893
f 4929/7915/4929 4923/7903/4923 4931/7917/4931
f 4925/7905/4925 4898/7918/4898 4926/7906/4926
f 4926/7919/4926 4898/7865/4898 4932/7920/4932
f 4920/7898/4920 4898/7918/4898 4925/7905/4925
f 4892/7856/4892 4898/7918/4898 4920/7898/4920
f 4877/7831/4877 4894/7860/4894 4927/7907/4927
f 4889/7853/4889 4928/7908/4928 4897/7863/4897
f 4929/7915/4929 4931/7917/4931 4933/7921/4933
f 4932/7920/4932 4934/7922/4934 4935/7923/4935
f 4898/7865/4898 4934/7922/4934 4932/7920/4932
f 4895/7861/4895 4898/7918/4898 4892/7856/4892
f 4893/7858/4893 4901/7924/4901 4896/7862/4896
f 4893/7858/4893 4930/7916/4930 4901/7924/4901
f 4927/7907/4927 4894/7860/4894 4936/7925/4936
f 4933/7926/4933 4937/7927/4937 4929/7913/4929
f 4934/7922/4934 4938/7928/4938 4935/7923/4935
f 4935/7923/4935 4938/7928/4938 4939/7929/4939
f 4898/7865/4898 4938/7928/4938 4934/7922/4934
f 4930/7916/4930 4936/7925/4936 4901/7924/4901
f 4929/7913/4929 4940/7930/4940 4928/7914/4928
f 4928/7908/4928 4940/7931/4940 4897/7863/4897
f 4937/7932/4937 4941/7933/4941 4940/7934/4940
f 4929/7913/4929 4937/7927/4937 4940/7930/4940
f 4942/7935/4942 4939/7929/4939 4943/7936/4943
f 4938/7928/4938 4943/7936/4943 4939/7929/4939
f 4899/7867/4899 4943/7936/4943 4938/7928/4938
f 4898/7865/4898 4899/7867/4899 4938/7928/4938
f 4896/7862/4896 4901/7924/4901 4891/7859/4891
f 4897/7937/4897 4940/7938/4940 4879/7939/4879
f 4942/7935/4942 4943/7936/4943 4944/7940/4944
f 4899/7872/4899 4945/7941/4945 4943/7942/4943
f 4899/7872/4899 4900/7871/4900 4945/7941/4945
f 4894/7864/4894 4904/7877/4904 4936/7943/4936
f 4879/7944/4879 4940/7945/4940 4857/7946/4857
f 4941/7947/4941 4946/7948/4946 4940/7945/4940
f 4940/7945/4940 4946/7948/4946 4857/7946/4857
f 4944/7940/4944 4943/7936/4943 4947/7949/4947
f 4904/7877/4904 4901/7874/4901 4936/7943/4936
f 4904/7877/4904 4903/7876/4903 4901/7874/4901
f 4943/7942/4943 4945/7941/4945 4947/7950/4947
f 4905/7878/4905 4903/7876/4903 4904/7877/4904
f 4857/7803/4857 4946/7951/4946 4906/7879/4906
f 4945/7952/4945 4908/7881/4908 4948/7953/4948
f 4900/7871/4900 4908/7882/4908 4945/7941/4945
f 4906/7879/4906 4946/7951/4946 4948/7953/4948
f 4906/7879/4906 4948/7953/4948 4907/7880/4907
f 4948/7953/4948 4862/7808/4862 4907/7880/4907
f 4908/7881/4908 4862/7808/4862 4948/7953/4948
f 4655/7954/4655 4949/7955/4949 4516/7956/4516
f 4801/7704/4801 4865/7814/4865 4950/7957/4950
f 4867/7816/4867 4820/7741/4820 4865/7814/4865
f 4866/7815/4866 4951/7958/4951 4804/7766/4804
f 4868/7959/4868 4910/7886/4910 4852/7885/4852
f 4714/7552/4714 4870/7820/4870 4806/7960/4806
f 4885/7848/4885 4952/7961/4952 4886/7850/4886
f 4885/7849/4885 4911/7887/4911 4952/7962/4952
f 4911/7887/4911 4884/7844/4884 4912/7963/4912
f 4911/7887/4911 4953/7964/4953 4952/7962/4952
f 4911/7887/4911 4914/7897/4914 4953/7964/4953
f 4912/7963/4912 4914/7897/4914 4911/7887/4911
f 4886/7850/4886 4952/7961/4952 4915/7891/4915
f 4915/7965/4915 4952/7962/4952 4954/7966/4954
f 4952/7962/4952 4955/7967/4955 4954/7966/4954
f 4953/7964/4953 4955/7967/4955 4952/7962/4952
f 4921/7899/4921 4955/7967/4955 4953/7964/4953
f 4921/7899/4921 4953/7964/4953 4914/7897/4914
f 4954/7968/4954 4956/7969/4956 4915/7970/4915
f 4954/7968/4954 4957/7971/4957 4956/7969/4956
f 4955/7967/4955 4958/7972/4958 4957/7973/4957
f 4954/7966/4954 4955/7967/4955 4957/7973/4957
f 4955/7967/4955 4922/7900/4922 4958/7972/4958
f 4921/7899/4921 4922/7900/4922 4955/7967/4955
f 4915/7891/4915 4959/7974/4959 4888/7894/4888
f 4956/7969/4956 4960/7975/4960 4959/7976/4959
f 4915/7970/4915 4956/7969/4956 4959/7976/4959
f 4957/7971/4957 4960/7975/4960 4956/7969/4956
f 4922/7900/4922 4961/7977/4961 4958/7972/4958
f 4922/7900/4922 4926/7906/4926 4961/7977/4961
f 4959/7976/4959 4962/7978/4962 4923/7903/4923
f 4888/7902/4888 4959/7976/4959 4923/7903/4923
f 4959/7976/4959 4960/7975/4960 4962/7978/4962
f 4926/7919/4926 4963/7979/4963 4961/7980/4961
f 4917/7893/4917 4927/7907/4927 4919/7896/4919
f 4962/7978/4962 4964/7981/4964 4923/7903/4923
f 4919/7896/4919 4927/7907/4927 4930/7916/4930
f 4923/7903/4923 4964/7981/4964 4931/7917/4931
f 4964/7981/4964 4965/7982/4965 4931/7917/4931
f 4926/7919/4926 4932/7920/4932 4963/7979/4963
f 4932/7920/4932 4966/7983/4966 4963/7979/4963
f 4936/7925/4936 4930/7916/4930 4927/7907/4927
f 4931/7917/4931 4965/7982/4965 4933/7921/4933
f 4933/7921/4933 4965/7982/4965 4967/7984/4967
f 4932/7920/4932 4935/7923/4935 4966/7983/4966
f 4935/7923/4935 4968/7985/4968 4966/7983/4966
f 4933/7921/4933 4967/7984/4967 4937/7986/4937
f 4969/7987/4969 4937/7932/4937 4967/7988/4967
f 4935/7923/4935 4939/7929/4939 4968/7985/4968
f 4969/7987/4969 4941/7933/4941 4937/7932/4937
f 4969/7989/4969 4970/7990/4970 4941/7947/4941
f 4942/7935/4942 4970/7990/4970 4939/7929/4939
f 4970/7990/4970 4971/7991/4971 4939/7929/4939
f 4971/7991/4971 4968/7985/4968 4939/7929/4939
f 4970/7990/4970 4944/7940/4944 4941/7947/4941
f 4942/7935/4942 4944/7940/4944 4970/7990/4970
f 4941/7947/4941 4947/7949/4947 4946/7948/4946
f 4944/7940/4944 4947/7949/4947 4941/7947/4941
f 4947/7992/4947 4945/7952/4945 4948/7953/4948
f 4946/7951/4946 4947/7992/4947 4948/7953/4948
f 4949/7955/4949 4882/7993/4882 4516/7956/4516
f 4950/7957/4950 4835/7765/4835 4801/7704/4801
f 4950/7957/4950 4865/7814/4865 4820/7741/4820
f 4951/7994/4951 4868/7959/4868 4804/7995/4804
f 4972/7996/4972 4821/7794/4821 4910/7886/4910
f 4972/7996/4972 4870/7820/4870 4821/7794/4821
f 4973/7997/4973 4957/7973/4957 4958/7972/4958
f 4973/7998/4973 4961/7999/4961 4974/8000/4974
f 4973/7997/4973 4958/7972/4958 4961/7977/4961
f 4975/8001/4975 4962/7978/4962 4960/7975/4960
f 4957/7971/4957 4975/8001/4975 4960/7975/4960
f 4974/8000/4974 4961/7999/4961 4963/8002/4963
f 4975/8001/4975 4964/7981/4964 4962/7978/4962
f 4965/7982/4965 4976/8003/4976 4967/7984/4967
f 4966/7983/4966 4968/7985/4968 4977/8004/4977
f 4969/8005/4969 4967/7984/4967 4976/8003/4976
f 4978/8006/4978 4977/8004/4977 4968/7985/4968
f 4969/7989/4969 4979/8007/4979 4970/7990/4970
f 4979/8007/4979 4971/7991/4971 4970/7990/4970
f 4978/8006/4978 4968/7985/4968 4971/7991/4971
f 4864/8008/4864 4980/8009/4980 4866/8010/4866
f 4866/8010/4866 4980/8009/4980 4951/8011/4951
f 4957/7971/4957 4981/8012/4981 4975/8001/4975
f 4957/7971/4957 4973/7998/4973 4981/8012/4981
f 4973/7998/4973 4974/8000/4974 4981/8012/4981
f 4981/8012/4981 4974/8000/4974 4982/8013/4982
f 4982/8014/4982 4974/8015/4974 4963/7979/4963
f 4975/8001/4975 4965/7982/4965 4964/7981/4964
f 4963/7979/4963 4966/7983/4966 4982/8014/4982
f 4982/8014/4982 4966/7983/4966 4977/8004/4977
f 4965/7982/4965 4983/8016/4983 4976/8003/4976
f 4969/8005/4969 4976/8003/4976 4983/8016/4983
f 4969/7989/4969 4983/8017/4983 4979/8007/4979
f 4971/7991/4971 4979/8007/4979 4978/8006/4978
f 4863/7810/4863 4984/8018/4984 4800/7811/4800
f 4800/7811/4800 4984/8018/4984 4864/8008/4864
f 4864/8008/4864 4984/8018/4984 4980/8009/4980
f 4883/8019/4883 4985/8020/4985 4909/8021/4909
f 4951/7994/4951 4910/7886/4910 4868/7959/4868
f 4883/7842/4883 4805/7715/4805 4985/8022/4985
f 4806/7960/4806 4870/7820/4870 4869/8023/4869
f 4981/8012/4981 4982/8013/4982 4986/8024/4986
f 4981/8012/4981 4986/8024/4986 4987/8025/4987
f 4975/8001/4975 4981/8012/4981 4987/8025/4987
f 4975/8001/4975 4987/8025/4987 4965/7982/4965
f 4982/8014/4982 4977/8004/4977 4986/8026/4986
f 4965/7982/4965 4987/8025/4987 4983/8016/4983
f 4986/8026/4986 4988/8027/4988 4983/8017/4983
f 4987/8025/4987 4986/8024/4986 4983/8016/4983
f 4977/8004/4977 4988/8027/4988 4986/8026/4986
f 4978/8006/4978 4983/8017/4983 4988/8027/4988
f 4979/8007/4979 4983/8017/4983 4978/8006/4978
f 4977/8004/4977 4978/8006/4978 4988/8027/4988
f 4820/8028/4820 4989/8029/4989 4950/8030/4950
f 4984/8018/4984 4990/8031/4990 4980/8009/4980
f 4820/8028/4820 4909/8032/4909 4989/8029/4989
f 4990/8031/4990 4951/8011/4951 4980/8009/4980
f 4972/7996/4972 4910/7886/4910 4870/7820/4870
f 4835/8033/4835 4991/8034/4991 4655/8035/4655
f 4992/8036/4992 4993/8037/4993 4910/8038/4910
f 4805/8039/4805 4994/8040/4994 4985/8041/4985
f 4910/8038/4910 4993/8037/4993 4870/8042/4870
f 4989/8029/4989 4995/8043/4995 4950/8030/4950
f 4984/8044/4984 4996/8045/4996 4990/8046/4990
f 4989/8029/4989 4997/8047/4997 4995/8043/4995
f 4990/8046/4990 4996/8045/4996 4951/8048/4951
f 4996/8045/4996 4998/8049/4998 4951/8048/4951
f 4989/8029/4989 4909/8032/4909 4997/8047/4997
f 4951/8048/4951 4992/8036/4992 4910/8038/4910
f 4993/8037/4993 4999/8050/4999 4870/8042/4870
f 4882/8051/4882 4949/8052/4949 4863/8053/4863
f 4863/8053/4863 5000/8054/5000 4984/8044/4984
f 4870/8042/4870 5001/8055/5001 4869/8056/4869
f 4950/8030/4950 5002/8057/5002 4835/8058/4835
f 4950/8030/4950 4995/8043/4995 5002/8057/5002
f 5000/8054/5000 4996/8045/4996 4984/8044/4984
f 4998/8049/4998 4992/8036/4992 4951/8048/4951
f 4909/8032/4909 4985/8059/4985 4997/8047/4997
f 4995/8043/4995 5003/8060/5003 5002/8057/5002
f 4995/8043/4995 4997/8047/4997 5003/8060/5003
f 4869/8056/4869 4994/8040/4994 4805/8039/4805
f 5003/8060/5003 5004/8061/5004 5002/8057/5002
f 5003/8060/5003 4997/8047/4997 5004/8061/5004
f 4869/8056/4869 5001/8055/5001 4994/8040/4994
f 4949/8052/4949 4655/8035/4655 5005/8062/5005
f 4835/8058/4835 5006/8063/5006 4991/8064/4991
f 4835/8058/4835 5002/8057/5002 5006/8063/5006
f 5000/8054/5000 5007/8065/5007 4996/8045/4996
f 5007/8065/5007 4998/8049/4998 4996/8045/4996
f 4997/8047/4997 4985/8059/4985 5008/8066/5008
f 4863/8053/4863 4949/8052/4949 5009/8067/5009
f 5004/8061/5004 5006/8063/5006 5002/8057/5002
f 5004/8061/5004 4997/8047/4997 5006/8063/5006
f 4997/8047/4997 5010/8068/5010 5006/8063/5006
f 5007/8065/5007 5011/8069/5011 4998/8049/4998
f 4998/8049/4998 5011/8069/5011 4992/8036/4992
f 4997/8047/4997 5008/8066/5008 5010/8068/5010
f 4993/8037/4993 5012/8070/5012 4999/8050/4999
f 4870/8042/4870 4999/8050/4999 5013/8071/5013
f 4655/8035/4655 4991/8034/4991 5005/8062/5005
f 4863/8053/4863 5014/8072/5014 5000/8054/5000
f 5000/8054/5000 5014/8072/5014 5007/8065/5007
f 4992/8036/4992 5015/8073/5015 4993/8037/4993
f 4985/8059/4985 4994/8074/4994 5016/8075/5016
f 4999/8050/4999 5012/8070/5012 5013/8071/5013
f 4870/8042/4870 5017/8076/5017 5001/8055/5001
f 4949/8052/4949 5005/8062/5005 5018/8077/5018
f 4949/8052/4949 5018/8077/5018 5009/8067/5009
f 4863/8053/4863 5009/8067/5009 5014/8072/5014
f 5007/8065/5007 5014/8072/5014 5011/8069/5011
f 4992/8036/4992 5011/8069/5011 5015/8073/5015
f 4870/8042/4870 5013/8071/5013 5017/8076/5017
f 5006/8063/5006 5019/8078/5019 4991/8064/4991
f 4985/8059/4985 5016/8075/5016 5008/8066/5008
f 5018/8077/5018 5005/8062/5005 5009/8067/5009
f 4991/8064/4991 5019/8078/5019 5020/8079/5020
f 5014/8072/5014 5009/8067/5009 5021/8080/5021
f 5014/8072/5014 5021/8080/5021 5011/8069/5011
f 4993/8037/4993 5015/8073/5015 5012/8070/5012
f 5010/8068/5010 5008/8066/5008 5022/8081/5022
f 5006/8063/5006 5010/8068/5010 5019/8078/5019
f 5010/8068/5010 5022/8081/5022 5019/8078/5019
f 5021/8080/5021 5023/8082/5023 5011/8069/5011
f 5011/8069/5011 5023/8082/5023 5015/8073/5015
f 5022/8083/5022 5024/8084/5024 5019/8085/5019
f 5008/8066/5008 5025/8086/5025 5022/8081/5022
f 5022/8083/5022 5025/8087/5025 5024/8084/5024
f 5016/8075/5016 5026/8088/5026 5008/8066/5008
f 5012/8070/5012 5027/8089/5027 5028/8090/5028
f 5016/8075/5016 4994/8074/4994 5026/8088/5026
f 5012/8070/5012 5028/8090/5028 5013/8071/5013
f 5012/8070/5012 5015/8073/5015 5027/8089/5027
f 5015/8073/5015 5029/8091/5029 5027/8089/5027
f 5021/8080/5021 5009/8067/5009 5030/8092/5030
f 5024/8084/5024 5031/8093/5031 5019/8085/5019
f 5021/8080/5021 5030/8092/5030 5023/8082/5023
f 5024/8084/5024 5025/8087/5025 5031/8093/5031
f 5023/8082/5023 5029/8091/5029 5015/8073/5015
f 5017/8076/5017 5032/8094/5032 5001/8055/5001
f 5001/8095/5001 5032/8096/5032 4994/8097/4994
f 5031/8093/5031 5033/8098/5033 5019/8085/5019
f 5030/8092/5030 5034/8099/5034 5023/8082/5023
f 5023/8082/5023 5034/8099/5034 5029/8091/5029
f 5025/8087/5025 5035/8100/5035 5031/8093/5031
f 5008/8066/5008 5036/8101/5036 5025/8086/5025
f 5025/8087/5025 5036/8102/5036 5035/8100/5035
f 5013/8071/5013 5032/8094/5032 5017/8076/5017
f 4991/8103/4991 5020/8104/5020 5037/8105/5037
f 5038/8106/5038 5030/8092/5030 5009/8067/5009
f 5033/8098/5033 5031/8093/5031 5039/8107/5039
f 5031/8093/5031 5035/8100/5035 5039/8107/5039
f 5026/8108/5026 5036/8109/5036 5008/8110/5008
f 4994/8097/4994 5032/8096/5032 5040/8111/5040
f 5009/8067/5009 5005/8062/5005 5038/8106/5038
f 5030/8092/5030 5038/8106/5038 5034/8099/5034
f 5034/8099/5034 5038/8106/5038 5029/8091/5029
f 5029/8091/5029 5041/8112/5041 5027/8089/5027
f 5028/8090/5028 5042/8113/5042 5013/8071/5013
f 4991/8103/4991 5037/8105/5037 5005/8114/5005
f 5019/8115/5019 5033/8116/5033 5020/8104/5020
f 5029/8091/5029 5038/8106/5038 5043/8117/5043
f 5029/8091/5029 5043/8117/5043 5041/8112/5041
f 5027/8089/5027 5044/8118/5044 5028/8090/5028
f 5044/8118/5044 5042/8113/5042 5028/8090/5028
f 5040/8111/5040 5026/8108/5026 4994/8097/4994
f 5005/8114/5005 5045/8119/5045 5038/8120/5038
f 5005/8114/5005 5046/8121/5046 5045/8119/5045
f 5035/8100/5035 5036/8102/5036 5047/8122/5047
f 5027/8089/5027 5041/8112/5041 5044/8118/5044
f 5026/8108/5026 5048/8123/5048 5036/8109/5036
f 5013/8124/5013 5042/8125/5042 5032/8096/5032
f 5005/8114/5005 5037/8105/5037 5046/8121/5046
f 5033/8116/5033 5049/8126/5049 5020/8104/5020
f 5039/8107/5039 5050/8127/5050 5033/8098/5033
f 5039/8107/5039 5035/8100/5035 5050/8127/5050
f 5044/8128/5044 5051/8129/5051 5042/8125/5042
f 5026/8108/5026 5040/8111/5040 5048/8123/5048
f 5046/8121/5046 5052/8130/5052 5045/8119/5045
f 5020/8104/5020 5049/8126/5049 5037/8105/5037
f 5038/8120/5038 5045/8119/5045 5053/8131/5053
f 5038/8106/5038 5054/8132/5054 5043/8117/5043
f 5038/8106/5038 5053/8133/5053 5054/8132/5054
f 5043/8117/5043 5054/8132/5054 5041/8112/5041
f 5050/8127/5050 5035/8100/5035 5055/8134/5055
f 5041/8112/5041 5054/8132/5054 5056/8135/5056
f 5035/8100/5035 5047/8122/5047 5055/8134/5055
f 5041/8112/5041 5056/8135/5056 5044/8118/5044
f 5044/8128/5044 5056/8136/5056 5051/8129/5051
f 5032/8096/5032 5042/8125/5042 5057/8137/5057
f 5037/8105/5037 5052/8130/5052 5046/8121/5046
f 5053/8131/5053 5045/8119/5045 5058/8138/5058
f 5036/8102/5036 5059/8139/5059 5047/8122/5047
f 5056/8136/5056 5060/8140/5060 5051/8129/5051
f 5051/8129/5051 5060/8140/5060 5042/8125/5042
f 5042/8125/5042 5060/8140/5060 5057/8137/5057
f 5032/8096/5032 5061/8141/5061 5040/8111/5040
f 5037/8105/5037 5062/8142/5062 5052/8130/5052
f 5037/8105/5037 5049/8126/5049 5062/8142/5062
f 5033/8143/5033 5063/8144/5063 5049/8145/5049
f 5033/8146/5033 5064/8147/5064 5063/8148/5063
f 5058/8138/5058 5065/8149/5065 5053/8131/5053
f 5053/8131/5053 5065/8149/5065 5054/8150/5054
f 5050/8151/5050 5055/8152/5055 5066/8153/5066
f 5055/8152/5055 5047/8154/5047 5066/8153/5066
f 5054/8150/5054 5065/8149/5065 5056/8136/5056
f 5040/8111/5040 5059/8155/5059 5048/8123/5048
f 5033/8156/5033 5050/8157/5050 5067/8158/5067
f 5033/8159/5033 5067/8160/5067 5064/8161/5064
f 5066/8162/5066 5067/8163/5067 5050/8164/5050
f 5066/8162/5066 5047/8165/5047 5068/8166/5068
f 5069/8167/5069 5056/8136/5056 5065/8149/5065
f 5036/8109/5036 5048/8123/5048 5059/8155/5059
f 5057/8137/5057 5060/8140/5060 5070/8168/5070
f 5057/8137/5057 5061/8141/5061 5032/8096/5032
f 5057/8137/5057 5070/8168/5070 5061/8141/5061
f 5049/8126/5049 5071/8169/5071 5062/8142/5062
f 5049/8170/5049 5063/8171/5063 5071/8172/5071
f 5066/8162/5066 5072/8173/5072 5067/8163/5067
f 5066/8162/5066 5068/8166/5068 5072/8173/5072
f 5056/8136/5056 5069/8167/5069 5060/8140/5060
f 5060/8140/5060 5069/8167/5069 5073/8174/5073
f 5052/8130/5052 5074/8175/5074 5045/8119/5045
f 5045/8119/5045 5075/8176/5075 5058/8138/5058
f 5058/8138/5058 5076/8177/5076 5065/8149/5065
f 5058/8138/5058 5075/8176/5075 5076/8177/5076
f 5076/8177/5076 5077/8178/5077 5065/8149/5065
f 5065/8149/5065 5077/8178/5077 5069/8167/5069
f 5047/8165/5047 5078/8179/5078 5068/8166/5068
f 5060/8140/5060 5073/8174/5073 5070/8168/5070
f 5061/8141/5061 5079/8180/5079 5040/8111/5040
f 5045/8119/5045 5074/8175/5074 5075/8176/5075
f 5067/8160/5067 5080/8181/5080 5064/8161/5064
f 5067/8163/5067 5072/8173/5072 5080/8182/5080
f 5072/8173/5072 5081/8183/5081 5080/8182/5080
f 5072/8173/5072 5068/8166/5068 5081/8183/5081
f 5047/8184/5047 5082/8185/5082 5078/8186/5078
f 5069/8167/5069 5083/8187/5083 5073/8174/5073
f 5059/8188/5059 5082/8185/5082 5047/8184/5047
f 5040/8111/5040 5079/8180/5079 5059/8155/5059
f 5064/8161/5064 5084/8189/5084 5063/8190/5063
f 5080/8181/5080 5085/8191/5085 5064/8161/5064
f 5080/8182/5080 5086/8192/5086 5085/8193/5085
f 5080/8182/5080 5081/8183/5081 5086/8192/5086
f 5068/8166/5068 5087/8194/5087 5081/8183/5081
f 5081/8183/5081 5087/8194/5087 5088/8195/5088
f 5077/8178/5077 5083/8187/5083 5069/8167/5069
f 5068/8166/5068 5078/8179/5078 5087/8194/5087
f 5073/8174/5073 5089/8196/5089 5070/8168/5070
f 5089/8196/5089 5061/8141/5061 5070/8168/5070
f 5079/8180/5079 5082/8197/5082 5059/8155/5059
f 5052/8130/5052 5062/8142/5062 5090/8198/5090
f 5071/8169/5071 5090/8198/5090 5062/8142/5062
f 5090/8198/5090 5091/8199/5091 5052/8130/5052
f 5052/8130/5052 5092/8200/5092 5074/8175/5074
f 5052/8130/5052 5091/8199/5091 5092/8200/5092
f 5064/8161/5064 5085/8191/5085 5084/8189/5084
f 5092/8200/5092 5075/8176/5075 5074/8175/5074
f 5081/8183/5081 5093/8201/5093 5086/8192/5086
f 5076/8177/5076 5075/8176/5075 5077/8178/5077
f 5081/8183/5081 5088/8195/5088 5093/8201/5093
f 5087/8194/5087 5078/8179/5078 5094/8202/5094
f 5087/8194/5087 5094/8202/5094 5088/8195/5088
f 5095/8203/5095 5089/8196/5089 5083/8187/5083
f 5078/8186/5078 5082/8185/5082 5096/8204/5096
f 5073/8174/5073 5083/8187/5083 5089/8196/5089
f 5071/8172/5071 5097/8205/5097 5090/8206/5090
f 5063/8171/5063 5098/8207/5098 5071/8172/5071
f 5071/8172/5071 5098/8207/5098 5099/8208/5099
f 5063/8190/5063 5084/8189/5084 5098/8209/5098
f 5086/8192/5086 5100/8210/5100 5085/8193/5085
f 5092/8200/5092 5101/8211/5101 5075/8176/5075
f 5075/8176/5075 5101/8211/5101 5077/8178/5077
f 5086/8192/5086 5093/8201/5093 5100/8210/5100
f 5093/8201/5093 5088/8195/5088 5100/8210/5100
f 5088/8195/5088 5102/8212/5102 5100/8210/5100
f 5083/8187/5083 5077/8178/5077 5095/8203/5095
f 5078/8179/5078 5096/8213/5096 5094/8202/5094
f 5088/8195/5088 5094/8202/5094 5102/8212/5102
f 5095/8203/5095 5103/8214/5103 5089/8196/5089
f 5089/8196/5089 5103/8214/5103 5061/8141/5061
f 5061/8141/5061 5104/8215/5104 5079/8180/5079
f 5061/8141/5061 5103/8214/5103 5104/8215/5104
f 5071/8172/5071 5099/8208/5099 5097/8205/5097
f 5090/8198/5090 5105/8216/5105 5091/8199/5091
f 5097/8217/5097 5105/8216/5105 5090/8198/5090
f 5092/8200/5092 5091/8199/5091 5106/8218/5106
f 5105/8216/5105 5106/8218/5106 5091/8199/5091
f 5106/8218/5106 5101/8211/5101 5092/8200/5092
f 5100/8219/5100 5107/8220/5107 5085/8191/5085
f 5106/8218/5106 5095/8203/5095 5101/8211/5101
f 5101/8211/5101 5095/8203/5095 5077/8178/5077
f 5100/8210/5100 5102/8212/5102 5107/8221/5107
f 5102/8212/5102 5108/8222/5108 5107/8221/5107
f 5102/8212/5102 5094/8202/5094 5108/8222/5108
f 5104/8223/5104 5109/8224/5109 5082/8185/5082
f 5082/8185/5082 5109/8224/5109 5096/8204/5096
f 5079/8225/5079 5104/8223/5104 5082/8185/5082
f 5097/8205/5097 5099/8208/5099 5110/8226/5110
f 5099/8208/5099 5098/8207/5098 5110/8226/5110
f 5098/8207/5098 5111/8227/5111 5110/8226/5110
f 5098/8209/5098 5084/8189/5084 5111/8228/5111
f 5084/8189/5084 5112/8229/5112 5111/8228/5111
f 5085/8191/5085 5112/8229/5112 5084/8189/5084
f 5107/8220/5107 5112/8229/5112 5085/8191/5085
f 5113/8230/5113 5095/8203/5095 5106/8218/5106
f 5108/8231/5108 5114/8232/5114 5107/8220/5107
f 5108/8222/5108 5094/8202/5094 5114/8233/5114
f 5103/8234/5103 5115/8235/5115 5104/8223/5104
f 5095/8236/5095 5115/8235/5115 5103/8234/5103
f 5096/8213/5096 5116/8237/5116 5114/8233/5114
f 5094/8202/5094 5096/8213/5096 5114/8233/5114
f 5104/8223/5104 5115/8235/5115 5109/8224/5109
f 5096/8204/5096 5109/8224/5109 5116/8238/5116
f 5097/8205/5097 5117/8239/5117 5105/8240/5105
f 5110/8226/5110 5117/8239/5117 5097/8205/5097
f 5110/8226/5110 5118/8241/5118 5117/8239/5117
f 5110/8226/5110 5111/8227/5111 5118/8241/5118
f 5111/8228/5111 5119/8242/5119 5118/8243/5118
f 5112/8229/5112 5119/8242/5119 5111/8228/5111
f 5105/8216/5105 5113/8230/5113 5106/8218/5106
f 5112/8229/5112 5120/8244/5120 5119/8242/5119
f 5112/8229/5112 5107/8220/5107 5120/8244/5120
f 5120/8244/5120 5107/8220/5107 5121/8245/5121
f 5114/8232/5114 5122/8246/5122 5121/8245/5121
f 5107/8220/5107 5114/8232/5114 5121/8245/5121
f 5116/8247/5116 5122/8246/5122 5114/8232/5114
f 5115/8235/5115 5116/8238/5116 5109/8224/5109
f 5117/8239/5117 5118/8241/5118 5123/8248/5123
f 5105/8240/5105 5117/8239/5117 5123/8248/5123
f 5118/8241/5118 5124/8249/5124 5123/8248/5123
f 5118/8243/5118 5119/8242/5119 5124/8250/5124
f 5123/8248/5123 5113/8251/5113 5105/8240/5105
f 5119/8242/5119 5120/8244/5120 5125/8252/5125
f 5125/8252/5125 5120/8244/5120 5126/8253/5126
f 5120/8244/5120 5121/8245/5121 5126/8253/5126
f 5113/8251/5113 5127/8254/5127 5095/8236/5095
f 5126/8253/5126 5122/8246/5122 5125/8252/5125
f 5121/8245/5121 5122/8246/5122 5126/8253/5126
f 5095/8236/5095 5127/8254/5127 5115/8235/5115
f 5116/8247/5116 5128/8255/5128 5122/8246/5122
f 5116/8238/5116 5115/8235/5115 5128/8256/5128
f 5123/8248/5123 5127/8254/5127 5113/8251/5113
f 5124/8249/5124 5129/8257/5129 5123/8248/5123
f 5123/8248/5123 5129/8257/5129 5127/8254/5127
f 5119/8242/5119 5125/8252/5125 5124/8250/5124
f 5124/8249/5124 5130/8258/5130 5129/8257/5129
f 5125/8252/5125 5130/8259/5130 5124/8250/5124
f 5129/8257/5129 5128/8256/5128 5127/8254/5127
f 5128/8255/5128 5129/8260/5129 5130/8259/5130
f 5122/8246/5122 5128/8255/5128 5130/8259/5130
f 5122/8246/5122 5130/8259/5130 5125/8252/5125
f 5115/8235/5115 5127/8254/5127 5128/8256/5128
